observation_id,subject_kind,subject_id,axis,measure,flow_type,basis,value,value_low,value_high,unit,currency,own_status,indicator_code,line_id,method,method_version,recorded_at,status,supersedes,notes
crs-marker-mitigation-oecd-crs-energy-vnm-2020-q-2026-09-28-md-19693191,line,oecd-crs-energy-vnm-2020-q-2026-09-28-md-19693191,,marker,,,0,,,,,0,mitigation,oecd-crs-energy-vnm-2020-q-2026-09-28-md-19693191,oecd_crs_energy_microdata,1,2026-09-28,accepted,,
crs-marker-adaptation-oecd-crs-energy-vnm-2020-q-2026-09-28-md-19693191,line,oecd-crs-energy-vnm-2020-q-2026-09-28-md-19693191,,marker,,,0,,,,,0,adaptation,oecd-crs-energy-vnm-2020-q-2026-09-28-md-19693191,oecd_crs_energy_microdata,1,2026-09-28,accepted,,
crs-marker-desertification-oecd-crs-energy-vnm-2020-q-2026-09-28-md-19693191,line,oecd-crs-energy-vnm-2020-q-2026-09-28-md-19693191,,marker,,,0,,,,,0,desertification,oecd-crs-energy-vnm-2020-q-2026-09-28-md-19693191,oecd_crs_energy_microdata,1,2026-09-28,accepted,,
crs-flow-oecd-crs-energy-vnm-2020-q-2026-09-28-md-19693192,line,oecd-crs-energy-vnm-2020-q-2026-09-28-md-19693192,money,flow,disbursement,unknown,22081543,,,USD,USD,,,oecd-crs-energy-vnm-2020-q-2026-09-28-md-19693192,oecd_crs_energy_microdata,1,2026-09-28,accepted,,"OECD Q value already in 2024 constant USD; UNIT_MULT applied, no FX or deflator rate applied"
crs-marker-biodiversity-oecd-crs-energy-vnm-2020-q-2026-09-28-md-19693192,line,oecd-crs-energy-vnm-2020-q-2026-09-28-md-19693192,,marker,,,0,,,,,0,biodiversity,oecd-crs-energy-vnm-2020-q-2026-09-28-md-19693192,oecd_crs_energy_microdata,1,2026-09-28,accepted,,
crs-marker-mitigation-oecd-crs-energy-vnm-2020-q-2026-09-28-md-19693192,line,oecd-crs-energy-vnm-2020-q-2026-09-28-md-19693192,,marker,,,1,,,,,1,mitigation,oecd-crs-energy-vnm-2020-q-2026-09-28-md-19693192,oecd_crs_energy_microdata,1,2026-09-28,accepted,,
crs-marker-adaptation-oecd-crs-energy-vnm-2020-q-2026-09-28-md-19693192,line,oecd-crs-energy-vnm-2020-q-2026-09-28-md-19693192,,marker,,,0,,,,,0,adaptation,oecd-crs-energy-vnm-2020-q-2026-09-28-md-19693192,oecd_crs_energy_microdata,1,2026-09-28,accepted,,
crs-marker-desertification-oecd-crs-energy-vnm-2020-q-2026-09-28-md-19693192,line,oecd-crs-energy-vnm-2020-q-2026-09-28-md-19693192,,marker,,,0,,,,,0,desertification,oecd-crs-energy-vnm-2020-q-2026-09-28-md-19693192,oecd_crs_energy_microdata,1,2026-09-28,accepted,,
crs-flow-oecd-crs-energy-vnm-2020-q-2026-09-28-md-19683488,line,oecd-crs-energy-vnm-2020-q-2026-09-28-md-19683488,money,flow,disbursement,unknown,1665235,,,USD,USD,,,oecd-crs-energy-vnm-2020-q-2026-09-28-md-19683488,oecd_crs_energy_microdata,1,2026-09-28,accepted,,"OECD Q value already in 2024 constant USD; UNIT_MULT applied, no FX or deflator rate applied"
crs-marker-biodiversity-oecd-crs-energy-vnm-2020-q-2026-09-28-md-19683488,line,oecd-crs-energy-vnm-2020-q-2026-09-28-md-19683488,,marker,,,0,,,,,0,biodiversity,oecd-crs-energy-vnm-2020-q-2026-09-28-md-19683488,oecd_crs_energy_microdata,1,2026-09-28,accepted,,
crs-marker-mitigation-oecd-crs-energy-vnm-2020-q-2026-09-28-md-19683488,line,oecd-crs-energy-vnm-2020-q-2026-09-28-md-19683488,,marker,,,0,,,,,0,mitigation,oecd-crs-energy-vnm-2020-q-2026-09-28-md-19683488,oecd_crs_energy_microdata,1,2026-09-28,accepted,,
crs-marker-adaptation-oecd-crs-energy-vnm-2020-q-2026-09-28-md-19683488,line,oecd-crs-energy-vnm-2020-q-2026-09-28-md-19683488,,marker,,,0,,,,,0,adaptation,oecd-crs-energy-vnm-2020-q-2026-09-28-md-19683488,oecd_crs_energy_microdata,1,2026-09-28,accepted,,
crs-marker-desertification-oecd-crs-energy-vnm-2020-q-2026-09-28-md-19683488,line,oecd-crs-energy-vnm-2020-q-2026-09-28-md-19683488,,marker,,,0,,,,,0,desertification,oecd-crs-energy-vnm-2020-q-2026-09-28-md-19683488,oecd_crs_energy_microdata,1,2026-09-28,accepted,,
crs-flow-oecd-crs-energy-vnm-2020-q-2026-09-28-md-19694034,line,oecd-crs-energy-vnm-2020-q-2026-09-28-md-19694034,money,flow,disbursement,unknown,3,,,USD,USD,,,oecd-crs-energy-vnm-2020-q-2026-09-28-md-19694034,oecd_crs_energy_microdata,1,2026-09-28,accepted,,"OECD Q value already in 2024 constant USD; UNIT_MULT applied, no FX or deflator rate applied"
crs-marker-biodiversity-oecd-crs-energy-vnm-2020-q-2026-09-28-md-19694034,line,oecd-crs-energy-vnm-2020-q-2026-09-28-md-19694034,,marker,,,0,,,,,0,biodiversity,oecd-crs-energy-vnm-2020-q-2026-09-28-md-19694034,oecd_crs_energy_microdata,1,2026-09-28,accepted,,
crs-marker-mitigation-oecd-crs-energy-vnm-2020-q-2026-09-28-md-19694034,line,oecd-crs-energy-vnm-2020-q-2026-09-28-md-19694034,,marker,,,2,,,,,2,mitigation,oecd-crs-energy-vnm-2020-q-2026-09-28-md-19694034,oecd_crs_energy_microdata,1,2026-09-28,accepted,,
crs-marker-adaptation-oecd-crs-energy-vnm-2020-q-2026-09-28-md-19694034,line,oecd-crs-energy-vnm-2020-q-2026-09-28-md-19694034,,marker,,,0,,,,,0,adaptation,oecd-crs-energy-vnm-2020-q-2026-09-28-md-19694034,oecd_crs_energy_microdata,1,2026-09-28,accepted,,
crs-marker-desertification-oecd-crs-energy-vnm-2020-q-2026-09-28-md-19694034,line,oecd-crs-energy-vnm-2020-q-2026-09-28-md-19694034,,marker,,,0,,,,,0,desertification,oecd-crs-energy-vnm-2020-q-2026-09-28-md-19694034,oecd_crs_energy_microdata,1,2026-09-28,accepted,,
crs-flow-oecd-crs-energy-vnm-2020-q-2026-09-28-md-19696304,line,oecd-crs-energy-vnm-2020-q-2026-09-28-md-19696304,money,flow,disbursement,unknown,456090,,,USD,USD,,,oecd-crs-energy-vnm-2020-q-2026-09-28-md-19696304,oecd_crs_energy_microdata,1,2026-09-28,accepted,,"OECD Q value already in 2024 constant USD; UNIT_MULT applied, no FX or deflator rate applied"
crs-marker-biodiversity-oecd-crs-energy-vnm-2020-q-2026-09-28-md-19696304,line,oecd-crs-energy-vnm-2020-q-2026-09-28-md-19696304,,marker,,,0,,,,,0,biodiversity,oecd-crs-energy-vnm-2020-q-2026-09-28-md-19696304,oecd_crs_energy_microdata,1,2026-09-28,accepted,,
crs-marker-mitigation-oecd-crs-energy-vnm-2020-q-2026-09-28-md-19696304,line,oecd-crs-energy-vnm-2020-q-2026-09-28-md-19696304,,marker,,,0,,,,,0,mitigation,oecd-crs-energy-vnm-2020-q-2026-09-28-md-19696304,oecd_crs_energy_microdata,1,2026-09-28,accepted,,
crs-marker-adaptation-oecd-crs-energy-vnm-2020-q-2026-09-28-md-19696304,line,oecd-crs-energy-vnm-2020-q-2026-09-28-md-19696304,,marker,,,0,,,,,0,adaptation,oecd-crs-energy-vnm-2020-q-2026-09-28-md-19696304,oecd_crs_energy_microdata,1,2026-09-28,accepted,,
crs-marker-desertification-oecd-crs-energy-vnm-2020-q-2026-09-28-md-19696304,line,oecd-crs-energy-vnm-2020-q-2026-09-28-md-19696304,,marker,,,0,,,,,0,desertification,oecd-crs-energy-vnm-2020-q-2026-09-28-md-19696304,oecd_crs_energy_microdata,1,2026-09-28,accepted,,
crs-flow-oecd-crs-energy-vnm-2020-q-2026-09-28-md-19694413,line,oecd-crs-energy-vnm-2020-q-2026-09-28-md-19694413,money,flow,disbursement,unknown,1030908,,,USD,USD,,,oecd-crs-energy-vnm-2020-q-2026-09-28-md-19694413,oecd_crs_energy_microdata,1,2026-09-28,accepted,,"OECD Q value already in 2024 constant USD; UNIT_MULT applied, no FX or deflator rate applied"
crs-marker-biodiversity-oecd-crs-energy-vnm-2020-q-2026-09-28-md-19694413,line,oecd-crs-energy-vnm-2020-q-2026-09-28-md-19694413,,marker,,,0,,,,,0,biodiversity,oecd-crs-energy-vnm-2020-q-2026-09-28-md-19694413,oecd_crs_energy_microdata,1,2026-09-28,accepted,,
crs-marker-mitigation-oecd-crs-energy-vnm-2020-q-2026-09-28-md-19694413,line,oecd-crs-energy-vnm-2020-q-2026-09-28-md-19694413,,marker,,,0,,,,,0,mitigation,oecd-crs-energy-vnm-2020-q-2026-09-28-md-19694413,oecd_crs_energy_microdata,1,2026-09-28,accepted,,
crs-marker-adaptation-oecd-crs-energy-vnm-2020-q-2026-09-28-md-19694413,line,oecd-crs-energy-vnm-2020-q-2026-09-28-md-19694413,,marker,,,0,,,,,0,adaptation,oecd-crs-energy-vnm-2020-q-2026-09-28-md-19694413,oecd_crs_energy_microdata,1,2026-09-28,accepted,,
crs-marker-desertification-oecd-crs-energy-vnm-2020-q-2026-09-28-md-19694413,line,oecd-crs-energy-vnm-2020-q-2026-09-28-md-19694413,,marker,,,0,,,,,0,desertification,oecd-crs-energy-vnm-2020-q-2026-09-28-md-19694413,oecd_crs_energy_microdata,1,2026-09-28,accepted,,
crs-flow-oecd-crs-energy-vnm-2020-q-2026-09-28-md-19241139,line,oecd-crs-energy-vnm-2020-q-2026-09-28-md-19241139,money,flow,commitment,unknown,164564,,,USD,USD,,,oecd-crs-energy-vnm-2020-q-2026-09-28-md-19241139,oecd_crs_energy_microdata,1,2026-09-28,accepted,,"OECD Q value already in 2024 constant USD; UNIT_MULT applied, no FX or deflator rate applied"
crs-marker-biodiversity-oecd-crs-energy-vnm-2020-q-2026-09-28-md-19241139,line,oecd-crs-energy-vnm-2020-q-2026-09-28-md-19241139,,marker,,,0,,,,,0,biodiversity,oecd-crs-energy-vnm-2020-q-2026-09-28-md-19241139,oecd_crs_energy_microdata,1,2026-09-28,accepted,,
crs-marker-mitigation-oecd-crs-energy-vnm-2020-q-2026-09-28-md-19241139,line,oecd-crs-energy-vnm-2020-q-2026-09-28-md-19241139,,marker,,,0,,,,,0,mitigation,oecd-crs-energy-vnm-2020-q-2026-09-28-md-19241139,oecd_crs_energy_microdata,1,2026-09-28,accepted,,
crs-marker-adaptation-oecd-crs-energy-vnm-2020-q-2026-09-28-md-19241139,line,oecd-crs-energy-vnm-2020-q-2026-09-28-md-19241139,,marker,,,0,,,,,0,adaptation,oecd-crs-energy-vnm-2020-q-2026-09-28-md-19241139,oecd_crs_energy_microdata,1,2026-09-28,accepted,,
crs-marker-desertification-oecd-crs-energy-vnm-2020-q-2026-09-28-md-19241139,line,oecd-crs-energy-vnm-2020-q-2026-09-28-md-19241139,,marker,,,0,,,,,0,desertification,oecd-crs-energy-vnm-2020-q-2026-09-28-md-19241139,oecd_crs_energy_microdata,1,2026-09-28,accepted,,
crs-flow-oecd-crs-energy-vnm-2020-q-2026-09-28-md-19790934,line,oecd-crs-energy-vnm-2020-q-2026-09-28-md-19790934,money,flow,disbursement,unknown,123376,,,USD,USD,,,oecd-crs-energy-vnm-2020-q-2026-09-28-md-19790934,oecd_crs_energy_microdata,1,2026-09-28,accepted,,"OECD Q value already in 2024 constant USD; UNIT_MULT applied, no FX or deflator rate applied"
crs-marker-biodiversity-oecd-crs-energy-vnm-2020-q-2026-09-28-md-19790934,line,oecd-crs-energy-vnm-2020-q-2026-09-28-md-19790934,,marker,,,0,,,,,0,biodiversity,oecd-crs-energy-vnm-2020-q-2026-09-28-md-19790934,oecd_crs_energy_microdata,1,2026-09-28,accepted,,
crs-marker-mitigation-oecd-crs-energy-vnm-2020-q-2026-09-28-md-19790934,line,oecd-crs-energy-vnm-2020-q-2026-09-28-md-19790934,,marker,,,2,,,,,2,mitigation,oecd-crs-energy-vnm-2020-q-2026-09-28-md-19790934,oecd_crs_energy_microdata,1,2026-09-28,accepted,,
crs-marker-adaptation-oecd-crs-energy-vnm-2020-q-2026-09-28-md-19790934,line,oecd-crs-energy-vnm-2020-q-2026-09-28-md-19790934,,marker,,,0,,,,,0,adaptation,oecd-crs-energy-vnm-2020-q-2026-09-28-md-19790934,oecd_crs_energy_microdata,1,2026-09-28,accepted,,
crs-marker-desertification-oecd-crs-energy-vnm-2020-q-2026-09-28-md-19790934,line,oecd-crs-energy-vnm-2020-q-2026-09-28-md-19790934,,marker,,,0,,,,,0,desertification,oecd-crs-energy-vnm-2020-q-2026-09-28-md-19790934,oecd_crs_energy_microdata,1,2026-09-28,accepted,,
crs-flow-oecd-crs-energy-vnm-2020-q-2026-09-28-md-19841398,line,oecd-crs-energy-vnm-2020-q-2026-09-28-md-19841398,money,flow,disbursement,unknown,271391,,,USD,USD,,,oecd-crs-energy-vnm-2020-q-2026-09-28-md-19841398,oecd_crs_energy_microdata,1,2026-09-28,accepted,,"OECD Q value already in 2024 constant USD; UNIT_MULT applied, no FX or deflator rate applied"
crs-marker-biodiversity-oecd-crs-energy-vnm-2020-q-2026-09-28-md-19841398,line,oecd-crs-energy-vnm-2020-q-2026-09-28-md-19841398,,marker,,,0,,,,,0,biodiversity,oecd-crs-energy-vnm-2020-q-2026-09-28-md-19841398,oecd_crs_energy_microdata,1,2026-09-28,accepted,,
crs-marker-mitigation-oecd-crs-energy-vnm-2020-q-2026-09-28-md-19841398,line,oecd-crs-energy-vnm-2020-q-2026-09-28-md-19841398,,marker,,,1,,,,,1,mitigation,oecd-crs-energy-vnm-2020-q-2026-09-28-md-19841398,oecd_crs_energy_microdata,1,2026-09-28,accepted,,
crs-marker-adaptation-oecd-crs-energy-vnm-2020-q-2026-09-28-md-19841398,line,oecd-crs-energy-vnm-2020-q-2026-09-28-md-19841398,,marker,,,0,,,,,0,adaptation,oecd-crs-energy-vnm-2020-q-2026-09-28-md-19841398,oecd_crs_energy_microdata,1,2026-09-28,accepted,,
crs-marker-desertification-oecd-crs-energy-vnm-2020-q-2026-09-28-md-19841398,line,oecd-crs-energy-vnm-2020-q-2026-09-28-md-19841398,,marker,,,0,,,,,0,desertification,oecd-crs-energy-vnm-2020-q-2026-09-28-md-19841398,oecd_crs_energy_microdata,1,2026-09-28,accepted,,
crs-flow-oecd-crs-energy-vnm-2020-q-2026-09-28-md-19827267,line,oecd-crs-energy-vnm-2020-q-2026-09-28-md-19827267,money,flow,disbursement,unknown,27907,,,USD,USD,,,oecd-crs-energy-vnm-2020-q-2026-09-28-md-19827267,oecd_crs_energy_microdata,1,2026-09-28,accepted,,"OECD Q value already in 2024 constant USD; UNIT_MULT applied, no FX or deflator rate applied"
crs-marker-biodiversity-oecd-crs-energy-vnm-2020-q-2026-09-28-md-19827267,line,oecd-crs-energy-vnm-2020-q-2026-09-28-md-19827267,,marker,,,0,,,,,0,biodiversity,oecd-crs-energy-vnm-2020-q-2026-09-28-md-19827267,oecd_crs_energy_microdata,1,2026-09-28,accepted,,
crs-marker-mitigation-oecd-crs-energy-vnm-2020-q-2026-09-28-md-19827267,line,oecd-crs-energy-vnm-2020-q-2026-09-28-md-19827267,,marker,,,2,,,,,2,mitigation,oecd-crs-energy-vnm-2020-q-2026-09-28-md-19827267,oecd_crs_energy_microdata,1,2026-09-28,accepted,,
crs-marker-adaptation-oecd-crs-energy-vnm-2020-q-2026-09-28-md-19827267,line,oecd-crs-energy-vnm-2020-q-2026-09-28-md-19827267,,marker,,,0,,,,,0,adaptation,oecd-crs-energy-vnm-2020-q-2026-09-28-md-19827267,oecd_crs_energy_microdata,1,2026-09-28,accepted,,
crs-marker-desertification-oecd-crs-energy-vnm-2020-q-2026-09-28-md-19827267,line,oecd-crs-energy-vnm-2020-q-2026-09-28-md-19827267,,marker,,,0,,,,,0,desertification,oecd-crs-energy-vnm-2020-q-2026-09-28-md-19827267,oecd_crs_energy_microdata,1,2026-09-28,accepted,,
crs-flow-oecd-crs-energy-vnm-2020-q-2026-09-28-md-19830842,line,oecd-crs-energy-vnm-2020-q-2026-09-28-md-19830842,money,flow,disbursement,unknown,1434969,,,USD,USD,,,oecd-crs-energy-vnm-2020-q-2026-09-28-md-19830842,oecd_crs_energy_microdata,1,2026-09-28,accepted,,"OECD Q value already in 2024 constant USD; UNIT_MULT applied, no FX or deflator rate applied"
crs-marker-biodiversity-oecd-crs-energy-vnm-2020-q-2026-09-28-md-19830842,line,oecd-crs-energy-vnm-2020-q-2026-09-28-md-19830842,,marker,,,0,,,,,0,biodiversity,oecd-crs-energy-vnm-2020-q-2026-09-28-md-19830842,oecd_crs_energy_microdata,1,2026-09-28,accepted,,
crs-marker-mitigation-oecd-crs-energy-vnm-2020-q-2026-09-28-md-19830842,line,oecd-crs-energy-vnm-2020-q-2026-09-28-md-19830842,,marker,,,2,,,,,2,mitigation,oecd-crs-energy-vnm-2020-q-2026-09-28-md-19830842,oecd_crs_energy_microdata,1,2026-09-28,accepted,,
crs-marker-adaptation-oecd-crs-energy-vnm-2020-q-2026-09-28-md-19830842,line,oecd-crs-energy-vnm-2020-q-2026-09-28-md-19830842,,marker,,,0,,,,,0,adaptation,oecd-crs-energy-vnm-2020-q-2026-09-28-md-19830842,oecd_crs_energy_microdata,1,2026-09-28,accepted,,
crs-marker-desertification-oecd-crs-energy-vnm-2020-q-2026-09-28-md-19830842,line,oecd-crs-energy-vnm-2020-q-2026-09-28-md-19830842,,marker,,,0,,,,,0,desertification,oecd-crs-energy-vnm-2020-q-2026-09-28-md-19830842,oecd_crs_energy_microdata,1,2026-09-28,accepted,,
crs-flow-oecd-crs-energy-vnm-2020-q-2026-09-28-md-19831780,line,oecd-crs-energy-vnm-2020-q-2026-09-28-md-19831780,money,flow,disbursement,unknown,83219,,,USD,USD,,,oecd-crs-energy-vnm-2020-q-2026-09-28-md-19831780,oecd_crs_energy_microdata,1,2026-09-28,accepted,,"OECD Q value already in 2024 constant USD; UNIT_MULT applied, no FX or deflator rate applied"
crs-marker-biodiversity-oecd-crs-energy-vnm-2020-q-2026-09-28-md-19831780,line,oecd-crs-energy-vnm-2020-q-2026-09-28-md-19831780,,marker,,,1,,,,,1,biodiversity,oecd-crs-energy-vnm-2020-q-2026-09-28-md-19831780,oecd_crs_energy_microdata,1,2026-09-28,accepted,,
crs-marker-mitigation-oecd-crs-energy-vnm-2020-q-2026-09-28-md-19831780,line,oecd-crs-energy-vnm-2020-q-2026-09-28-md-19831780,,marker,,,2,,,,,2,mitigation,oecd-crs-energy-vnm-2020-q-2026-09-28-md-19831780,oecd_crs_energy_microdata,1,2026-09-28,accepted,,
crs-marker-adaptation-oecd-crs-energy-vnm-2020-q-2026-09-28-md-19831780,line,oecd-crs-energy-vnm-2020-q-2026-09-28-md-19831780,,marker,,,0,,,,,0,adaptation,oecd-crs-energy-vnm-2020-q-2026-09-28-md-19831780,oecd_crs_energy_microdata,1,2026-09-28,accepted,,
crs-marker-desertification-oecd-crs-energy-vnm-2020-q-2026-09-28-md-19831780,line,oecd-crs-energy-vnm-2020-q-2026-09-28-md-19831780,,marker,,,0,,,,,0,desertification,oecd-crs-energy-vnm-2020-q-2026-09-28-md-19831780,oecd_crs_energy_microdata,1,2026-09-28,accepted,,
crs-flow-oecd-crs-energy-vnm-2020-q-2026-09-28-md-19832508,line,oecd-crs-energy-vnm-2020-q-2026-09-28-md-19832508,money,flow,disbursement,unknown,56801,,,USD,USD,,,oecd-crs-energy-vnm-2020-q-2026-09-28-md-19832508,oecd_crs_energy_microdata,1,2026-09-28,accepted,,"OECD Q value already in 2024 constant USD; UNIT_MULT applied, no FX or deflator rate applied"
crs-marker-biodiversity-oecd-crs-energy-vnm-2020-q-2026-09-28-md-19832508,line,oecd-crs-energy-vnm-2020-q-2026-09-28-md-19832508,,marker,,,0,,,,,0,biodiversity,oecd-crs-energy-vnm-2020-q-2026-09-28-md-19832508,oecd_crs_energy_microdata,1,2026-09-28,accepted,,
crs-marker-mitigation-oecd-crs-energy-vnm-2020-q-2026-09-28-md-19832508,line,oecd-crs-energy-vnm-2020-q-2026-09-28-md-19832508,,marker,,,0,,,,,0,mitigation,oecd-crs-energy-vnm-2020-q-2026-09-28-md-19832508,oecd_crs_energy_microdata,1,2026-09-28,accepted,,
crs-marker-adaptation-oecd-crs-energy-vnm-2020-q-2026-09-28-md-19832508,line,oecd-crs-energy-vnm-2020-q-2026-09-28-md-19832508,,marker,,,1,,,,,1,adaptation,oecd-crs-energy-vnm-2020-q-2026-09-28-md-19832508,oecd_crs_energy_microdata,1,2026-09-28,accepted,,
crs-marker-desertification-oecd-crs-energy-vnm-2020-q-2026-09-28-md-19832508,line,oecd-crs-energy-vnm-2020-q-2026-09-28-md-19832508,,marker,,,0,,,,,0,desertification,oecd-crs-energy-vnm-2020-q-2026-09-28-md-19832508,oecd_crs_energy_microdata,1,2026-09-28,accepted,,
crs-flow-oecd-crs-energy-vnm-2020-q-2026-09-28-md-19844738,line,oecd-crs-energy-vnm-2020-q-2026-09-28-md-19844738,money,flow,disbursement,unknown,73337,,,USD,USD,,,oecd-crs-energy-vnm-2020-q-2026-09-28-md-19844738,oecd_crs_energy_microdata,1,2026-09-28,accepted,,"OECD Q value already in 2024 constant USD; UNIT_MULT applied, no FX or deflator rate applied"
crs-marker-biodiversity-oecd-crs-energy-vnm-2020-q-2026-09-28-md-19844738,line,oecd-crs-energy-vnm-2020-q-2026-09-28-md-19844738,,marker,,,0,,,,,0,biodiversity,oecd-crs-energy-vnm-2020-q-2026-09-28-md-19844738,oecd_crs_energy_microdata,1,2026-09-28,accepted,,
crs-marker-mitigation-oecd-crs-energy-vnm-2020-q-2026-09-28-md-19844738,line,oecd-crs-energy-vnm-2020-q-2026-09-28-md-19844738,,marker,,,0,,,,,0,mitigation,oecd-crs-energy-vnm-2020-q-2026-09-28-md-19844738,oecd_crs_energy_microdata,1,2026-09-28,accepted,,
crs-marker-adaptation-oecd-crs-energy-vnm-2020-q-2026-09-28-md-19844738,line,oecd-crs-energy-vnm-2020-q-2026-09-28-md-19844738,,marker,,,1,,,,,1,adaptation,oecd-crs-energy-vnm-2020-q-2026-09-28-md-19844738,oecd_crs_energy_microdata,1,2026-09-28,accepted,,
crs-marker-desertification-oecd-crs-energy-vnm-2020-q-2026-09-28-md-19844738,line,oecd-crs-energy-vnm-2020-q-2026-09-28-md-19844738,,marker,,,0,,,,,0,desertification,oecd-crs-energy-vnm-2020-q-2026-09-28-md-19844738,oecd_crs_energy_microdata,1,2026-09-28,accepted,,
crs-flow-oecd-crs-energy-vnm-2020-q-2026-09-28-md-19837443,line,oecd-crs-energy-vnm-2020-q-2026-09-28-md-19837443,money,flow,disbursement,unknown,224,,,USD,USD,,,oecd-crs-energy-vnm-2020-q-2026-09-28-md-19837443,oecd_crs_energy_microdata,1,2026-09-28,accepted,,"OECD Q value already in 2024 constant USD; UNIT_MULT applied, no FX or deflator rate applied"
crs-marker-biodiversity-oecd-crs-energy-vnm-2020-q-2026-09-28-md-19837443,line,oecd-crs-energy-vnm-2020-q-2026-09-28-md-19837443,,marker,,,0,,,,,0,biodiversity,oecd-crs-energy-vnm-2020-q-2026-09-28-md-19837443,oecd_crs_energy_microdata,1,2026-09-28,accepted,,
crs-marker-mitigation-oecd-crs-energy-vnm-2020-q-2026-09-28-md-19837443,line,oecd-crs-energy-vnm-2020-q-2026-09-28-md-19837443,,marker,,,,,,,,not_screened,mitigation,oecd-crs-energy-vnm-2020-q-2026-09-28-md-19837443,oecd_crs_energy_microdata,1,2026-09-28,accepted,,
crs-marker-adaptation-oecd-crs-energy-vnm-2020-q-2026-09-28-md-19837443,line,oecd-crs-energy-vnm-2020-q-2026-09-28-md-19837443,,marker,,,,,,,,not_screened,adaptation,oecd-crs-energy-vnm-2020-q-2026-09-28-md-19837443,oecd_crs_energy_microdata,1,2026-09-28,accepted,,
crs-marker-desertification-oecd-crs-energy-vnm-2020-q-2026-09-28-md-19837443,line,oecd-crs-energy-vnm-2020-q-2026-09-28-md-19837443,,marker,,,,,,,,not_screened,desertification,oecd-crs-energy-vnm-2020-q-2026-09-28-md-19837443,oecd_crs_energy_microdata,1,2026-09-28,accepted,,
crs-flow-oecd-crs-energy-vnm-2020-q-2026-09-28-md-19839621,line,oecd-crs-energy-vnm-2020-q-2026-09-28-md-19839621,money,flow,disbursement,unknown,16794464,,,USD,USD,,,oecd-crs-energy-vnm-2020-q-2026-09-28-md-19839621,oecd_crs_energy_microdata,1,2026-09-28,accepted,,"OECD Q value already in 2024 constant USD; UNIT_MULT applied, no FX or deflator rate applied"
crs-marker-biodiversity-oecd-crs-energy-vnm-2020-q-2026-09-28-md-19839621,line,oecd-crs-energy-vnm-2020-q-2026-09-28-md-19839621,,marker,,,0,,,,,0,biodiversity,oecd-crs-energy-vnm-2020-q-2026-09-28-md-19839621,oecd_crs_energy_microdata,1,2026-09-28,accepted,,
crs-marker-mitigation-oecd-crs-energy-vnm-2020-q-2026-09-28-md-19839621,line,oecd-crs-energy-vnm-2020-q-2026-09-28-md-19839621,,marker,,,2,,,,,2,mitigation,oecd-crs-energy-vnm-2020-q-2026-09-28-md-19839621,oecd_crs_energy_microdata,1,2026-09-28,accepted,,
crs-marker-adaptation-oecd-crs-energy-vnm-2020-q-2026-09-28-md-19839621,line,oecd-crs-energy-vnm-2020-q-2026-09-28-md-19839621,,marker,,,0,,,,,0,adaptation,oecd-crs-energy-vnm-2020-q-2026-09-28-md-19839621,oecd_crs_energy_microdata,1,2026-09-28,accepted,,
crs-marker-desertification-oecd-crs-energy-vnm-2020-q-2026-09-28-md-19839621,line,oecd-crs-energy-vnm-2020-q-2026-09-28-md-19839621,,marker,,,0,,,,,0,desertification,oecd-crs-energy-vnm-2020-q-2026-09-28-md-19839621,oecd_crs_energy_microdata,1,2026-09-28,accepted,,
crs-flow-oecd-crs-energy-vnm-2020-q-2026-09-28-md-19829744,line,oecd-crs-energy-vnm-2020-q-2026-09-28-md-19829744,money,flow,disbursement,unknown,56672494,,,USD,USD,,,oecd-crs-energy-vnm-2020-q-2026-09-28-md-19829744,oecd_crs_energy_microdata,1,2026-09-28,accepted,,"OECD Q value already in 2024 constant USD; UNIT_MULT applied, no FX or deflator rate applied"
crs-marker-biodiversity-oecd-crs-energy-vnm-2020-q-2026-09-28-md-19829744,line,oecd-crs-energy-vnm-2020-q-2026-09-28-md-19829744,,marker,,,0,,,,,0,biodiversity,oecd-crs-energy-vnm-2020-q-2026-09-28-md-19829744,oecd_crs_energy_microdata,1,2026-09-28,accepted,,
crs-marker-mitigation-oecd-crs-energy-vnm-2020-q-2026-09-28-md-19829744,line,oecd-crs-energy-vnm-2020-q-2026-09-28-md-19829744,,marker,,,2,,,,,2,mitigation,oecd-crs-energy-vnm-2020-q-2026-09-28-md-19829744,oecd_crs_energy_microdata,1,2026-09-28,accepted,,
crs-marker-adaptation-oecd-crs-energy-vnm-2020-q-2026-09-28-md-19829744,line,oecd-crs-energy-vnm-2020-q-2026-09-28-md-19829744,,marker,,,0,,,,,0,adaptation,oecd-crs-energy-vnm-2020-q-2026-09-28-md-19829744,oecd_crs_energy_microdata,1,2026-09-28,accepted,,
crs-marker-desertification-oecd-crs-energy-vnm-2020-q-2026-09-28-md-19829744,line,oecd-crs-energy-vnm-2020-q-2026-09-28-md-19829744,,marker,,,0,,,,,0,desertification,oecd-crs-energy-vnm-2020-q-2026-09-28-md-19829744,oecd_crs_energy_microdata,1,2026-09-28,accepted,,
crs-flow-oecd-crs-energy-vnm-2020-q-2026-09-28-md-19831443,line,oecd-crs-energy-vnm-2020-q-2026-09-28-md-19831443,money,flow,disbursement,unknown,221295,,,USD,USD,,,oecd-crs-energy-vnm-2020-q-2026-09-28-md-19831443,oecd_crs_energy_microdata,1,2026-09-28,accepted,,"OECD Q value already in 2024 constant USD; UNIT_MULT applied, no FX or deflator rate applied"
crs-marker-biodiversity-oecd-crs-energy-vnm-2020-q-2026-09-28-md-19831443,line,oecd-crs-energy-vnm-2020-q-2026-09-28-md-19831443,,marker,,,0,,,,,0,biodiversity,oecd-crs-energy-vnm-2020-q-2026-09-28-md-19831443,oecd_crs_energy_microdata,1,2026-09-28,accepted,,
crs-marker-mitigation-oecd-crs-energy-vnm-2020-q-2026-09-28-md-19831443,line,oecd-crs-energy-vnm-2020-q-2026-09-28-md-19831443,,marker,,,2,,,,,2,mitigation,oecd-crs-energy-vnm-2020-q-2026-09-28-md-19831443,oecd_crs_energy_microdata,1,2026-09-28,accepted,,
crs-marker-adaptation-oecd-crs-energy-vnm-2020-q-2026-09-28-md-19831443,line,oecd-crs-energy-vnm-2020-q-2026-09-28-md-19831443,,marker,,,0,,,,,0,adaptation,oecd-crs-energy-vnm-2020-q-2026-09-28-md-19831443,oecd_crs_energy_microdata,1,2026-09-28,accepted,,
crs-marker-desertification-oecd-crs-energy-vnm-2020-q-2026-09-28-md-19831443,line,oecd-crs-energy-vnm-2020-q-2026-09-28-md-19831443,,marker,,,0,,,,,0,desertification,oecd-crs-energy-vnm-2020-q-2026-09-28-md-19831443,oecd_crs_energy_microdata,1,2026-09-28,accepted,,
crs-flow-oecd-crs-energy-vnm-2020-q-2026-09-28-md-19842077,line,oecd-crs-energy-vnm-2020-q-2026-09-28-md-19842077,money,flow,disbursement,unknown,1177359,,,USD,USD,,,oecd-crs-energy-vnm-2020-q-2026-09-28-md-19842077,oecd_crs_energy_microdata,1,2026-09-28,accepted,,"OECD Q value already in 2024 constant USD; UNIT_MULT applied, no FX or deflator rate applied"
crs-marker-biodiversity-oecd-crs-energy-vnm-2020-q-2026-09-28-md-19842077,line,oecd-crs-energy-vnm-2020-q-2026-09-28-md-19842077,,marker,,,0,,,,,0,biodiversity,oecd-crs-energy-vnm-2020-q-2026-09-28-md-19842077,oecd_crs_energy_microdata,1,2026-09-28,accepted,,
crs-marker-mitigation-oecd-crs-energy-vnm-2020-q-2026-09-28-md-19842077,line,oecd-crs-energy-vnm-2020-q-2026-09-28-md-19842077,,marker,,,2,,,,,2,mitigation,oecd-crs-energy-vnm-2020-q-2026-09-28-md-19842077,oecd_crs_energy_microdata,1,2026-09-28,accepted,,
crs-marker-adaptation-oecd-crs-energy-vnm-2020-q-2026-09-28-md-19842077,line,oecd-crs-energy-vnm-2020-q-2026-09-28-md-19842077,,marker,,,0,,,,,0,adaptation,oecd-crs-energy-vnm-2020-q-2026-09-28-md-19842077,oecd_crs_energy_microdata,1,2026-09-28,accepted,,
crs-marker-desertification-oecd-crs-energy-vnm-2020-q-2026-09-28-md-19842077,line,oecd-crs-energy-vnm-2020-q-2026-09-28-md-19842077,,marker,,,0,,,,,0,desertification,oecd-crs-energy-vnm-2020-q-2026-09-28-md-19842077,oecd_crs_energy_microdata,1,2026-09-28,accepted,,
crs-flow-oecd-crs-energy-vnm-2020-q-2026-09-28-md-19835037,line,oecd-crs-energy-vnm-2020-q-2026-09-28-md-19835037,money,flow,disbursement,unknown,9723860,,,USD,USD,,,oecd-crs-energy-vnm-2020-q-2026-09-28-md-19835037,oecd_crs_energy_microdata,1,2026-09-28,accepted,,"OECD Q value already in 2024 constant USD; UNIT_MULT applied, no FX or deflator rate applied"
crs-marker-biodiversity-oecd-crs-energy-vnm-2020-q-2026-09-28-md-19835037,line,oecd-crs-energy-vnm-2020-q-2026-09-28-md-19835037,,marker,,,0,,,,,0,biodiversity,oecd-crs-energy-vnm-2020-q-2026-09-28-md-19835037,oecd_crs_energy_microdata,1,2026-09-28,accepted,,
crs-marker-mitigation-oecd-crs-energy-vnm-2020-q-2026-09-28-md-19835037,line,oecd-crs-energy-vnm-2020-q-2026-09-28-md-19835037,,marker,,,2,,,,,2,mitigation,oecd-crs-energy-vnm-2020-q-2026-09-28-md-19835037,oecd_crs_energy_microdata,1,2026-09-28,accepted,,
crs-marker-adaptation-oecd-crs-energy-vnm-2020-q-2026-09-28-md-19835037,line,oecd-crs-energy-vnm-2020-q-2026-09-28-md-19835037,,marker,,,0,,,,,0,adaptation,oecd-crs-energy-vnm-2020-q-2026-09-28-md-19835037,oecd_crs_energy_microdata,1,2026-09-28,accepted,,
crs-marker-desertification-oecd-crs-energy-vnm-2020-q-2026-09-28-md-19835037,line,oecd-crs-energy-vnm-2020-q-2026-09-28-md-19835037,,marker,,,0,,,,,0,desertification,oecd-crs-energy-vnm-2020-q-2026-09-28-md-19835037,oecd_crs_energy_microdata,1,2026-09-28,accepted,,
crs-flow-oecd-crs-energy-vnm-2020-q-2026-09-28-md-19834011,line,oecd-crs-energy-vnm-2020-q-2026-09-28-md-19834011,money,flow,disbursement,unknown,1507472,,,USD,USD,,,oecd-crs-energy-vnm-2020-q-2026-09-28-md-19834011,oecd_crs_energy_microdata,1,2026-09-28,accepted,,"OECD Q value already in 2024 constant USD; UNIT_MULT applied, no FX or deflator rate applied"
crs-marker-biodiversity-oecd-crs-energy-vnm-2020-q-2026-09-28-md-19834011,line,oecd-crs-energy-vnm-2020-q-2026-09-28-md-19834011,,marker,,,0,,,,,0,biodiversity,oecd-crs-energy-vnm-2020-q-2026-09-28-md-19834011,oecd_crs_energy_microdata,1,2026-09-28,accepted,,
crs-marker-mitigation-oecd-crs-energy-vnm-2020-q-2026-09-28-md-19834011,line,oecd-crs-energy-vnm-2020-q-2026-09-28-md-19834011,,marker,,,2,,,,,2,mitigation,oecd-crs-energy-vnm-2020-q-2026-09-28-md-19834011,oecd_crs_energy_microdata,1,2026-09-28,accepted,,
crs-marker-adaptation-oecd-crs-energy-vnm-2020-q-2026-09-28-md-19834011,line,oecd-crs-energy-vnm-2020-q-2026-09-28-md-19834011,,marker,,,0,,,,,0,adaptation,oecd-crs-energy-vnm-2020-q-2026-09-28-md-19834011,oecd_crs_energy_microdata,1,2026-09-28,accepted,,
crs-marker-desertification-oecd-crs-energy-vnm-2020-q-2026-09-28-md-19834011,line,oecd-crs-energy-vnm-2020-q-2026-09-28-md-19834011,,marker,,,0,,,,,0,desertification,oecd-crs-energy-vnm-2020-q-2026-09-28-md-19834011,oecd_crs_energy_microdata,1,2026-09-28,accepted,,
crs-flow-oecd-crs-energy-vnm-2020-q-2026-09-28-md-19351599,line,oecd-crs-energy-vnm-2020-q-2026-09-28-md-19351599,money,flow,commitment,unknown,6501502,,,USD,USD,,,oecd-crs-energy-vnm-2020-q-2026-09-28-md-19351599,oecd_crs_energy_microdata,1,2026-09-28,accepted,,"OECD Q value already in 2024 constant USD; UNIT_MULT applied, no FX or deflator rate applied"
crs-marker-biodiversity-oecd-crs-energy-vnm-2020-q-2026-09-28-md-19351599,line,oecd-crs-energy-vnm-2020-q-2026-09-28-md-19351599,,marker,,,0,,,,,0,biodiversity,oecd-crs-energy-vnm-2020-q-2026-09-28-md-19351599,oecd_crs_energy_microdata,1,2026-09-28,accepted,,
crs-marker-mitigation-oecd-crs-energy-vnm-2020-q-2026-09-28-md-19351599,line,oecd-crs-energy-vnm-2020-q-2026-09-28-md-19351599,,marker,,,2,,,,,2,mitigation,oecd-crs-energy-vnm-2020-q-2026-09-28-md-19351599,oecd_crs_energy_microdata,1,2026-09-28,accepted,,
crs-marker-adaptation-oecd-crs-energy-vnm-2020-q-2026-09-28-md-19351599,line,oecd-crs-energy-vnm-2020-q-2026-09-28-md-19351599,,marker,,,0,,,,,0,adaptation,oecd-crs-energy-vnm-2020-q-2026-09-28-md-19351599,oecd_crs_energy_microdata,1,2026-09-28,accepted,,
crs-marker-desertification-oecd-crs-energy-vnm-2020-q-2026-09-28-md-19351599,line,oecd-crs-energy-vnm-2020-q-2026-09-28-md-19351599,,marker,,,0,,,,,0,desertification,oecd-crs-energy-vnm-2020-q-2026-09-28-md-19351599,oecd_crs_energy_microdata,1,2026-09-28,accepted,,
crs-flow-oecd-crs-energy-vnm-2020-q-2026-09-28-md-19359663,line,oecd-crs-energy-vnm-2020-q-2026-09-28-md-19359663,money,flow,commitment,unknown,6501502,,,USD,USD,,,oecd-crs-energy-vnm-2020-q-2026-09-28-md-19359663,oecd_crs_energy_microdata,1,2026-09-28,accepted,,"OECD Q value already in 2024 constant USD; UNIT_MULT applied, no FX or deflator rate applied"
crs-marker-biodiversity-oecd-crs-energy-vnm-2020-q-2026-09-28-md-19359663,line,oecd-crs-energy-vnm-2020-q-2026-09-28-md-19359663,,marker,,,0,,,,,0,biodiversity,oecd-crs-energy-vnm-2020-q-2026-09-28-md-19359663,oecd_crs_energy_microdata,1,2026-09-28,accepted,,
crs-marker-mitigation-oecd-crs-energy-vnm-2020-q-2026-09-28-md-19359663,line,oecd-crs-energy-vnm-2020-q-2026-09-28-md-19359663,,marker,,,2,,,,,2,mitigation,oecd-crs-energy-vnm-2020-q-2026-09-28-md-19359663,oecd_crs_energy_microdata,1,2026-09-28,accepted,,
crs-marker-adaptation-oecd-crs-energy-vnm-2020-q-2026-09-28-md-19359663,line,oecd-crs-energy-vnm-2020-q-2026-09-28-md-19359663,,marker,,,0,,,,,0,adaptation,oecd-crs-energy-vnm-2020-q-2026-09-28-md-19359663,oecd_crs_energy_microdata,1,2026-09-28,accepted,,
crs-marker-desertification-oecd-crs-energy-vnm-2020-q-2026-09-28-md-19359663,line,oecd-crs-energy-vnm-2020-q-2026-09-28-md-19359663,,marker,,,0,,,,,0,desertification,oecd-crs-energy-vnm-2020-q-2026-09-28-md-19359663,oecd_crs_energy_microdata,1,2026-09-28,accepted,,
crs-flow-oecd-crs-energy-vnm-2020-q-2026-09-28-md-19696033,line,oecd-crs-energy-vnm-2020-q-2026-09-28-md-19696033,money,flow,disbursement,unknown,285484,,,USD,USD,,,oecd-crs-energy-vnm-2020-q-2026-09-28-md-19696033,oecd_crs_energy_microdata,1,2026-09-28,accepted,,"OECD Q value already in 2024 constant USD; UNIT_MULT applied, no FX or deflator rate applied"
crs-marker-biodiversity-oecd-crs-energy-vnm-2020-q-2026-09-28-md-19696033,line,oecd-crs-energy-vnm-2020-q-2026-09-28-md-19696033,,marker,,,0,,,,,0,biodiversity,oecd-crs-energy-vnm-2020-q-2026-09-28-md-19696033,oecd_crs_energy_microdata,1,2026-09-28,accepted,,
crs-marker-mitigation-oecd-crs-energy-vnm-2020-q-2026-09-28-md-19696033,line,oecd-crs-energy-vnm-2020-q-2026-09-28-md-19696033,,marker,,,2,,,,,2,mitigation,oecd-crs-energy-vnm-2020-q-2026-09-28-md-19696033,oecd_crs_energy_microdata,1,2026-09-28,accepted,,
crs-marker-adaptation-oecd-crs-energy-vnm-2020-q-2026-09-28-md-19696033,line,oecd-crs-energy-vnm-2020-q-2026-09-28-md-19696033,,marker,,,0,,,,,0,adaptation,oecd-crs-energy-vnm-2020-q-2026-09-28-md-19696033,oecd_crs_energy_microdata,1,2026-09-28,accepted,,
crs-marker-desertification-oecd-crs-energy-vnm-2020-q-2026-09-28-md-19696033,line,oecd-crs-energy-vnm-2020-q-2026-09-28-md-19696033,,marker,,,0,,,,,0,desertification,oecd-crs-energy-vnm-2020-q-2026-09-28-md-19696033,oecd_crs_energy_microdata,1,2026-09-28,accepted,,
crs-flow-oecd-crs-energy-vnm-2020-q-2026-09-28-md-19765870,line,oecd-crs-energy-vnm-2020-q-2026-09-28-md-19765870,money,flow,disbursement,unknown,90360,,,USD,USD,,,oecd-crs-energy-vnm-2020-q-2026-09-28-md-19765870,oecd_crs_energy_microdata,1,2026-09-28,accepted,,"OECD Q value already in 2024 constant USD; UNIT_MULT applied, no FX or deflator rate applied"
crs-marker-biodiversity-oecd-crs-energy-vnm-2020-q-2026-09-28-md-19765870,line,oecd-crs-energy-vnm-2020-q-2026-09-28-md-19765870,,marker,,,0,,,,,0,biodiversity,oecd-crs-energy-vnm-2020-q-2026-09-28-md-19765870,oecd_crs_energy_microdata,1,2026-09-28,accepted,,
crs-marker-mitigation-oecd-crs-energy-vnm-2020-q-2026-09-28-md-19765870,line,oecd-crs-energy-vnm-2020-q-2026-09-28-md-19765870,,marker,,,0,,,,,0,mitigation,oecd-crs-energy-vnm-2020-q-2026-09-28-md-19765870,oecd_crs_energy_microdata,1,2026-09-28,accepted,,
crs-marker-adaptation-oecd-crs-energy-vnm-2020-q-2026-09-28-md-19765870,line,oecd-crs-energy-vnm-2020-q-2026-09-28-md-19765870,,marker,,,0,,,,,0,adaptation,oecd-crs-energy-vnm-2020-q-2026-09-28-md-19765870,oecd_crs_energy_microdata,1,2026-09-28,accepted,,
crs-marker-desertification-oecd-crs-energy-vnm-2020-q-2026-09-28-md-19765870,line,oecd-crs-energy-vnm-2020-q-2026-09-28-md-19765870,,marker,,,0,,,,,0,desertification,oecd-crs-energy-vnm-2020-q-2026-09-28-md-19765870,oecd_crs_energy_microdata,1,2026-09-28,accepted,,
crs-flow-oecd-crs-energy-vnm-2020-q-2026-09-28-md-19767808,line,oecd-crs-energy-vnm-2020-q-2026-09-28-md-19767808,money,flow,disbursement,unknown,13767116,,,USD,USD,,,oecd-crs-energy-vnm-2020-q-2026-09-28-md-19767808,oecd_crs_energy_microdata,1,2026-09-28,accepted,,"OECD Q value already in 2024 constant USD; UNIT_MULT applied, no FX or deflator rate applied"
crs-marker-biodiversity-oecd-crs-energy-vnm-2020-q-2026-09-28-md-19767808,line,oecd-crs-energy-vnm-2020-q-2026-09-28-md-19767808,,marker,,,0,,,,,0,biodiversity,oecd-crs-energy-vnm-2020-q-2026-09-28-md-19767808,oecd_crs_energy_microdata,1,2026-09-28,accepted,,
crs-marker-mitigation-oecd-crs-energy-vnm-2020-q-2026-09-28-md-19767808,line,oecd-crs-energy-vnm-2020-q-2026-09-28-md-19767808,,marker,,,2,,,,,2,mitigation,oecd-crs-energy-vnm-2020-q-2026-09-28-md-19767808,oecd_crs_energy_microdata,1,2026-09-28,accepted,,
crs-marker-adaptation-oecd-crs-energy-vnm-2020-q-2026-09-28-md-19767808,line,oecd-crs-energy-vnm-2020-q-2026-09-28-md-19767808,,marker,,,0,,,,,0,adaptation,oecd-crs-energy-vnm-2020-q-2026-09-28-md-19767808,oecd_crs_energy_microdata,1,2026-09-28,accepted,,
crs-marker-desertification-oecd-crs-energy-vnm-2020-q-2026-09-28-md-19767808,line,oecd-crs-energy-vnm-2020-q-2026-09-28-md-19767808,,marker,,,0,,,,,0,desertification,oecd-crs-energy-vnm-2020-q-2026-09-28-md-19767808,oecd_crs_energy_microdata,1,2026-09-28,accepted,,
crs-flow-oecd-crs-energy-vnm-2020-q-2026-09-28-md-19239997,line,oecd-crs-energy-vnm-2020-q-2026-09-28-md-19239997,money,flow,commitment,unknown,67477,,,USD,USD,,,oecd-crs-energy-vnm-2020-q-2026-09-28-md-19239997,oecd_crs_energy_microdata,1,2026-09-28,accepted,,"OECD Q value already in 2024 constant USD; UNIT_MULT applied, no FX or deflator rate applied"
crs-marker-biodiversity-oecd-crs-energy-vnm-2020-q-2026-09-28-md-19239997,line,oecd-crs-energy-vnm-2020-q-2026-09-28-md-19239997,,marker,,,0,,,,,0,biodiversity,oecd-crs-energy-vnm-2020-q-2026-09-28-md-19239997,oecd_crs_energy_microdata,1,2026-09-28,accepted,,
crs-marker-mitigation-oecd-crs-energy-vnm-2020-q-2026-09-28-md-19239997,line,oecd-crs-energy-vnm-2020-q-2026-09-28-md-19239997,,marker,,,0,,,,,0,mitigation,oecd-crs-energy-vnm-2020-q-2026-09-28-md-19239997,oecd_crs_energy_microdata,1,2026-09-28,accepted,,
crs-marker-adaptation-oecd-crs-energy-vnm-2020-q-2026-09-28-md-19239997,line,oecd-crs-energy-vnm-2020-q-2026-09-28-md-19239997,,marker,,,1,,,,,1,adaptation,oecd-crs-energy-vnm-2020-q-2026-09-28-md-19239997,oecd_crs_energy_microdata,1,2026-09-28,accepted,,
crs-marker-desertification-oecd-crs-energy-vnm-2020-q-2026-09-28-md-19239997,line,oecd-crs-energy-vnm-2020-q-2026-09-28-md-19239997,,marker,,,0,,,,,0,desertification,oecd-crs-energy-vnm-2020-q-2026-09-28-md-19239997,oecd_crs_energy_microdata,1,2026-09-28,accepted,,
crs-flow-oecd-crs-energy-vnm-2020-q-2026-09-28-md-19670807,line,oecd-crs-energy-vnm-2020-q-2026-09-28-md-19670807,money,flow,disbursement,unknown,25641,,,USD,USD,,,oecd-crs-energy-vnm-2020-q-2026-09-28-md-19670807,oecd_crs_energy_microdata,1,2026-09-28,accepted,,"OECD Q value already in 2024 constant USD; UNIT_MULT applied, no FX or deflator rate applied"
crs-marker-biodiversity-oecd-crs-energy-vnm-2020-q-2026-09-28-md-19670807,line,oecd-crs-energy-vnm-2020-q-2026-09-28-md-19670807,,marker,,,0,,,,,0,biodiversity,oecd-crs-energy-vnm-2020-q-2026-09-28-md-19670807,oecd_crs_energy_microdata,1,2026-09-28,accepted,,
crs-marker-mitigation-oecd-crs-energy-vnm-2020-q-2026-09-28-md-19670807,line,oecd-crs-energy-vnm-2020-q-2026-09-28-md-19670807,,marker,,,0,,,,,0,mitigation,oecd-crs-energy-vnm-2020-q-2026-09-28-md-19670807,oecd_crs_energy_microdata,1,2026-09-28,accepted,,
crs-marker-adaptation-oecd-crs-energy-vnm-2020-q-2026-09-28-md-19670807,line,oecd-crs-energy-vnm-2020-q-2026-09-28-md-19670807,,marker,,,1,,,,,1,adaptation,oecd-crs-energy-vnm-2020-q-2026-09-28-md-19670807,oecd_crs_energy_microdata,1,2026-09-28,accepted,,
crs-marker-desertification-oecd-crs-energy-vnm-2020-q-2026-09-28-md-19670807,line,oecd-crs-energy-vnm-2020-q-2026-09-28-md-19670807,,marker,,,0,,,,,0,desertification,oecd-crs-energy-vnm-2020-q-2026-09-28-md-19670807,oecd_crs_energy_microdata,1,2026-09-28,accepted,,
crs-flow-oecd-crs-energy-vnm-2020-q-2026-09-28-md-19666436,line,oecd-crs-energy-vnm-2020-q-2026-09-28-md-19666436,money,flow,disbursement,unknown,45936,,,USD,USD,,,oecd-crs-energy-vnm-2020-q-2026-09-28-md-19666436,oecd_crs_energy_microdata,1,2026-09-28,accepted,,"OECD Q value already in 2024 constant USD; UNIT_MULT applied, no FX or deflator rate applied"
crs-marker-biodiversity-oecd-crs-energy-vnm-2020-q-2026-09-28-md-19666436,line,oecd-crs-energy-vnm-2020-q-2026-09-28-md-19666436,,marker,,,0,,,,,0,biodiversity,oecd-crs-energy-vnm-2020-q-2026-09-28-md-19666436,oecd_crs_energy_microdata,1,2026-09-28,accepted,,
crs-marker-mitigation-oecd-crs-energy-vnm-2020-q-2026-09-28-md-19666436,line,oecd-crs-energy-vnm-2020-q-2026-09-28-md-19666436,,marker,,,0,,,,,0,mitigation,oecd-crs-energy-vnm-2020-q-2026-09-28-md-19666436,oecd_crs_energy_microdata,1,2026-09-28,accepted,,
crs-marker-adaptation-oecd-crs-energy-vnm-2020-q-2026-09-28-md-19666436,line,oecd-crs-energy-vnm-2020-q-2026-09-28-md-19666436,,marker,,,0,,,,,0,adaptation,oecd-crs-energy-vnm-2020-q-2026-09-28-md-19666436,oecd_crs_energy_microdata,1,2026-09-28,accepted,,
crs-marker-desertification-oecd-crs-energy-vnm-2020-q-2026-09-28-md-19666436,line,oecd-crs-energy-vnm-2020-q-2026-09-28-md-19666436,,marker,,,0,,,,,0,desertification,oecd-crs-energy-vnm-2020-q-2026-09-28-md-19666436,oecd_crs_energy_microdata,1,2026-09-28,accepted,,
crs-flow-oecd-crs-energy-vnm-2020-q-2026-09-28-md-19670860,line,oecd-crs-energy-vnm-2020-q-2026-09-28-md-19670860,money,flow,disbursement,unknown,61894,,,USD,USD,,,oecd-crs-energy-vnm-2020-q-2026-09-28-md-19670860,oecd_crs_energy_microdata,1,2026-09-28,accepted,,"OECD Q value already in 2024 constant USD; UNIT_MULT applied, no FX or deflator rate applied"
crs-marker-biodiversity-oecd-crs-energy-vnm-2020-q-2026-09-28-md-19670860,line,oecd-crs-energy-vnm-2020-q-2026-09-28-md-19670860,,marker,,,0,,,,,0,biodiversity,oecd-crs-energy-vnm-2020-q-2026-09-28-md-19670860,oecd_crs_energy_microdata,1,2026-09-28,accepted,,
crs-marker-mitigation-oecd-crs-energy-vnm-2020-q-2026-09-28-md-19670860,line,oecd-crs-energy-vnm-2020-q-2026-09-28-md-19670860,,marker,,,0,,,,,0,mitigation,oecd-crs-energy-vnm-2020-q-2026-09-28-md-19670860,oecd_crs_energy_microdata,1,2026-09-28,accepted,,
crs-marker-adaptation-oecd-crs-energy-vnm-2020-q-2026-09-28-md-19670860,line,oecd-crs-energy-vnm-2020-q-2026-09-28-md-19670860,,marker,,,0,,,,,0,adaptation,oecd-crs-energy-vnm-2020-q-2026-09-28-md-19670860,oecd_crs_energy_microdata,1,2026-09-28,accepted,,
crs-marker-desertification-oecd-crs-energy-vnm-2020-q-2026-09-28-md-19670860,line,oecd-crs-energy-vnm-2020-q-2026-09-28-md-19670860,,marker,,,0,,,,,0,desertification,oecd-crs-energy-vnm-2020-q-2026-09-28-md-19670860,oecd_crs_energy_microdata,1,2026-09-28,accepted,,
crs-flow-oecd-crs-energy-vnm-2020-q-2026-09-28-md-19673410,line,oecd-crs-energy-vnm-2020-q-2026-09-28-md-19673410,money,flow,disbursement,unknown,58288,,,USD,USD,,,oecd-crs-energy-vnm-2020-q-2026-09-28-md-19673410,oecd_crs_energy_microdata,1,2026-09-28,accepted,,"OECD Q value already in 2024 constant USD; UNIT_MULT applied, no FX or deflator rate applied"
crs-marker-biodiversity-oecd-crs-energy-vnm-2020-q-2026-09-28-md-19673410,line,oecd-crs-energy-vnm-2020-q-2026-09-28-md-19673410,,marker,,,0,,,,,0,biodiversity,oecd-crs-energy-vnm-2020-q-2026-09-28-md-19673410,oecd_crs_energy_microdata,1,2026-09-28,accepted,,
crs-marker-mitigation-oecd-crs-energy-vnm-2020-q-2026-09-28-md-19673410,line,oecd-crs-energy-vnm-2020-q-2026-09-28-md-19673410,,marker,,,0,,,,,0,mitigation,oecd-crs-energy-vnm-2020-q-2026-09-28-md-19673410,oecd_crs_energy_microdata,1,2026-09-28,accepted,,
crs-marker-adaptation-oecd-crs-energy-vnm-2020-q-2026-09-28-md-19673410,line,oecd-crs-energy-vnm-2020-q-2026-09-28-md-19673410,,marker,,,0,,,,,0,adaptation,oecd-crs-energy-vnm-2020-q-2026-09-28-md-19673410,oecd_crs_energy_microdata,1,2026-09-28,accepted,,
crs-marker-desertification-oecd-crs-energy-vnm-2020-q-2026-09-28-md-19673410,line,oecd-crs-energy-vnm-2020-q-2026-09-28-md-19673410,,marker,,,0,,,,,0,desertification,oecd-crs-energy-vnm-2020-q-2026-09-28-md-19673410,oecd_crs_energy_microdata,1,2026-09-28,accepted,,
crs-flow-oecd-crs-energy-vnm-2020-q-2026-09-28-md-19670840,line,oecd-crs-energy-vnm-2020-q-2026-09-28-md-19670840,money,flow,disbursement,unknown,109005,,,USD,USD,,,oecd-crs-energy-vnm-2020-q-2026-09-28-md-19670840,oecd_crs_energy_microdata,1,2026-09-28,accepted,,"OECD Q value already in 2024 constant USD; UNIT_MULT applied, no FX or deflator rate applied"
crs-marker-biodiversity-oecd-crs-energy-vnm-2020-q-2026-09-28-md-19670840,line,oecd-crs-energy-vnm-2020-q-2026-09-28-md-19670840,,marker,,,0,,,,,0,biodiversity,oecd-crs-energy-vnm-2020-q-2026-09-28-md-19670840,oecd_crs_energy_microdata,1,2026-09-28,accepted,,
crs-marker-mitigation-oecd-crs-energy-vnm-2020-q-2026-09-28-md-19670840,line,oecd-crs-energy-vnm-2020-q-2026-09-28-md-19670840,,marker,,,0,,,,,0,mitigation,oecd-crs-energy-vnm-2020-q-2026-09-28-md-19670840,oecd_crs_energy_microdata,1,2026-09-28,accepted,,
crs-marker-adaptation-oecd-crs-energy-vnm-2020-q-2026-09-28-md-19670840,line,oecd-crs-energy-vnm-2020-q-2026-09-28-md-19670840,,marker,,,0,,,,,0,adaptation,oecd-crs-energy-vnm-2020-q-2026-09-28-md-19670840,oecd_crs_energy_microdata,1,2026-09-28,accepted,,
crs-marker-desertification-oecd-crs-energy-vnm-2020-q-2026-09-28-md-19670840,line,oecd-crs-energy-vnm-2020-q-2026-09-28-md-19670840,,marker,,,0,,,,,0,desertification,oecd-crs-energy-vnm-2020-q-2026-09-28-md-19670840,oecd_crs_energy_microdata,1,2026-09-28,accepted,,
crs-flow-oecd-crs-energy-vnm-2020-q-2026-09-28-md-19666892,line,oecd-crs-energy-vnm-2020-q-2026-09-28-md-19666892,money,flow,disbursement,unknown,58288,,,USD,USD,,,oecd-crs-energy-vnm-2020-q-2026-09-28-md-19666892,oecd_crs_energy_microdata,1,2026-09-28,accepted,,"OECD Q value already in 2024 constant USD; UNIT_MULT applied, no FX or deflator rate applied"
crs-marker-biodiversity-oecd-crs-energy-vnm-2020-q-2026-09-28-md-19666892,line,oecd-crs-energy-vnm-2020-q-2026-09-28-md-19666892,,marker,,,0,,,,,0,biodiversity,oecd-crs-energy-vnm-2020-q-2026-09-28-md-19666892,oecd_crs_energy_microdata,1,2026-09-28,accepted,,
crs-marker-mitigation-oecd-crs-energy-vnm-2020-q-2026-09-28-md-19666892,line,oecd-crs-energy-vnm-2020-q-2026-09-28-md-19666892,,marker,,,0,,,,,0,mitigation,oecd-crs-energy-vnm-2020-q-2026-09-28-md-19666892,oecd_crs_energy_microdata,1,2026-09-28,accepted,,
crs-marker-adaptation-oecd-crs-energy-vnm-2020-q-2026-09-28-md-19666892,line,oecd-crs-energy-vnm-2020-q-2026-09-28-md-19666892,,marker,,,0,,,,,0,adaptation,oecd-crs-energy-vnm-2020-q-2026-09-28-md-19666892,oecd_crs_energy_microdata,1,2026-09-28,accepted,,
crs-marker-desertification-oecd-crs-energy-vnm-2020-q-2026-09-28-md-19666892,line,oecd-crs-energy-vnm-2020-q-2026-09-28-md-19666892,,marker,,,0,,,,,0,desertification,oecd-crs-energy-vnm-2020-q-2026-09-28-md-19666892,oecd_crs_energy_microdata,1,2026-09-28,accepted,,
crs-flow-oecd-crs-energy-vnm-2020-q-2026-09-28-md-19737139,line,oecd-crs-energy-vnm-2020-q-2026-09-28-md-19737139,money,flow,disbursement,unknown,5280,,,USD,USD,,,oecd-crs-energy-vnm-2020-q-2026-09-28-md-19737139,oecd_crs_energy_microdata,1,2026-09-28,accepted,,"OECD Q value already in 2024 constant USD; UNIT_MULT applied, no FX or deflator rate applied"
crs-marker-biodiversity-oecd-crs-energy-vnm-2020-q-2026-09-28-md-19737139,line,oecd-crs-energy-vnm-2020-q-2026-09-28-md-19737139,,marker,,,0,,,,,0,biodiversity,oecd-crs-energy-vnm-2020-q-2026-09-28-md-19737139,oecd_crs_energy_microdata,1,2026-09-28,accepted,,
crs-marker-mitigation-oecd-crs-energy-vnm-2020-q-2026-09-28-md-19737139,line,oecd-crs-energy-vnm-2020-q-2026-09-28-md-19737139,,marker,,,1,,,,,1,mitigation,oecd-crs-energy-vnm-2020-q-2026-09-28-md-19737139,oecd_crs_energy_microdata,1,2026-09-28,accepted,,
crs-marker-adaptation-oecd-crs-energy-vnm-2020-q-2026-09-28-md-19737139,line,oecd-crs-energy-vnm-2020-q-2026-09-28-md-19737139,,marker,,,1,,,,,1,adaptation,oecd-crs-energy-vnm-2020-q-2026-09-28-md-19737139,oecd_crs_energy_microdata,1,2026-09-28,accepted,,
crs-marker-desertification-oecd-crs-energy-vnm-2020-q-2026-09-28-md-19737139,line,oecd-crs-energy-vnm-2020-q-2026-09-28-md-19737139,,marker,,,0,,,,,0,desertification,oecd-crs-energy-vnm-2020-q-2026-09-28-md-19737139,oecd_crs_energy_microdata,1,2026-09-28,accepted,,
crs-flow-oecd-crs-energy-vnm-2020-q-2026-09-28-md-19737140,line,oecd-crs-energy-vnm-2020-q-2026-09-28-md-19737140,money,flow,disbursement,unknown,2174,,,USD,USD,,,oecd-crs-energy-vnm-2020-q-2026-09-28-md-19737140,oecd_crs_energy_microdata,1,2026-09-28,accepted,,"OECD Q value already in 2024 constant USD; UNIT_MULT applied, no FX or deflator rate applied"
crs-marker-biodiversity-oecd-crs-energy-vnm-2020-q-2026-09-28-md-19737140,line,oecd-crs-energy-vnm-2020-q-2026-09-28-md-19737140,,marker,,,0,,,,,0,biodiversity,oecd-crs-energy-vnm-2020-q-2026-09-28-md-19737140,oecd_crs_energy_microdata,1,2026-09-28,accepted,,
crs-marker-mitigation-oecd-crs-energy-vnm-2020-q-2026-09-28-md-19737140,line,oecd-crs-energy-vnm-2020-q-2026-09-28-md-19737140,,marker,,,1,,,,,1,mitigation,oecd-crs-energy-vnm-2020-q-2026-09-28-md-19737140,oecd_crs_energy_microdata,1,2026-09-28,accepted,,
crs-marker-adaptation-oecd-crs-energy-vnm-2020-q-2026-09-28-md-19737140,line,oecd-crs-energy-vnm-2020-q-2026-09-28-md-19737140,,marker,,,1,,,,,1,adaptation,oecd-crs-energy-vnm-2020-q-2026-09-28-md-19737140,oecd_crs_energy_microdata,1,2026-09-28,accepted,,
crs-marker-desertification-oecd-crs-energy-vnm-2020-q-2026-09-28-md-19737140,line,oecd-crs-energy-vnm-2020-q-2026-09-28-md-19737140,,marker,,,0,,,,,0,desertification,oecd-crs-energy-vnm-2020-q-2026-09-28-md-19737140,oecd_crs_energy_microdata,1,2026-09-28,accepted,,
crs-flow-oecd-crs-energy-vnm-2020-q-2026-09-28-md-19737141,line,oecd-crs-energy-vnm-2020-q-2026-09-28-md-19737141,money,flow,disbursement,unknown,621,,,USD,USD,,,oecd-crs-energy-vnm-2020-q-2026-09-28-md-19737141,oecd_crs_energy_microdata,1,2026-09-28,accepted,,"OECD Q value already in 2024 constant USD; UNIT_MULT applied, no FX or deflator rate applied"
crs-marker-biodiversity-oecd-crs-energy-vnm-2020-q-2026-09-28-md-19737141,line,oecd-crs-energy-vnm-2020-q-2026-09-28-md-19737141,,marker,,,0,,,,,0,biodiversity,oecd-crs-energy-vnm-2020-q-2026-09-28-md-19737141,oecd_crs_energy_microdata,1,2026-09-28,accepted,,
crs-marker-mitigation-oecd-crs-energy-vnm-2020-q-2026-09-28-md-19737141,line,oecd-crs-energy-vnm-2020-q-2026-09-28-md-19737141,,marker,,,1,,,,,1,mitigation,oecd-crs-energy-vnm-2020-q-2026-09-28-md-19737141,oecd_crs_energy_microdata,1,2026-09-28,accepted,,
crs-marker-adaptation-oecd-crs-energy-vnm-2020-q-2026-09-28-md-19737141,line,oecd-crs-energy-vnm-2020-q-2026-09-28-md-19737141,,marker,,,1,,,,,1,adaptation,oecd-crs-energy-vnm-2020-q-2026-09-28-md-19737141,oecd_crs_energy_microdata,1,2026-09-28,accepted,,
crs-marker-desertification-oecd-crs-energy-vnm-2020-q-2026-09-28-md-19737141,line,oecd-crs-energy-vnm-2020-q-2026-09-28-md-19737141,,marker,,,0,,,,,0,desertification,oecd-crs-energy-vnm-2020-q-2026-09-28-md-19737141,oecd_crs_energy_microdata,1,2026-09-28,accepted,,
crs-flow-oecd-crs-energy-vnm-2020-q-2026-09-28-md-19737138,line,oecd-crs-energy-vnm-2020-q-2026-09-28-md-19737138,money,flow,disbursement,unknown,1242,,,USD,USD,,,oecd-crs-energy-vnm-2020-q-2026-09-28-md-19737138,oecd_crs_energy_microdata,1,2026-09-28,accepted,,"OECD Q value already in 2024 constant USD; UNIT_MULT applied, no FX or deflator rate applied"
crs-marker-biodiversity-oecd-crs-energy-vnm-2020-q-2026-09-28-md-19737138,line,oecd-crs-energy-vnm-2020-q-2026-09-28-md-19737138,,marker,,,0,,,,,0,biodiversity,oecd-crs-energy-vnm-2020-q-2026-09-28-md-19737138,oecd_crs_energy_microdata,1,2026-09-28,accepted,,
crs-marker-mitigation-oecd-crs-energy-vnm-2020-q-2026-09-28-md-19737138,line,oecd-crs-energy-vnm-2020-q-2026-09-28-md-19737138,,marker,,,1,,,,,1,mitigation,oecd-crs-energy-vnm-2020-q-2026-09-28-md-19737138,oecd_crs_energy_microdata,1,2026-09-28,accepted,,
crs-marker-adaptation-oecd-crs-energy-vnm-2020-q-2026-09-28-md-19737138,line,oecd-crs-energy-vnm-2020-q-2026-09-28-md-19737138,,marker,,,1,,,,,1,adaptation,oecd-crs-energy-vnm-2020-q-2026-09-28-md-19737138,oecd_crs_energy_microdata,1,2026-09-28,accepted,,
crs-marker-desertification-oecd-crs-energy-vnm-2020-q-2026-09-28-md-19737138,line,oecd-crs-energy-vnm-2020-q-2026-09-28-md-19737138,,marker,,,0,,,,,0,desertification,oecd-crs-energy-vnm-2020-q-2026-09-28-md-19737138,oecd_crs_energy_microdata,1,2026-09-28,accepted,,
crs-flow-oecd-crs-energy-vnm-2020-q-2026-09-28-md-19793180,line,oecd-crs-energy-vnm-2020-q-2026-09-28-md-19793180,money,flow,disbursement,unknown,181611,,,USD,USD,,,oecd-crs-energy-vnm-2020-q-2026-09-28-md-19793180,oecd_crs_energy_microdata,1,2026-09-28,accepted,,"OECD Q value already in 2024 constant USD; UNIT_MULT applied, no FX or deflator rate applied"
crs-marker-biodiversity-oecd-crs-energy-vnm-2020-q-2026-09-28-md-19793180,line,oecd-crs-energy-vnm-2020-q-2026-09-28-md-19793180,,marker,,,0,,,,,0,biodiversity,oecd-crs-energy-vnm-2020-q-2026-09-28-md-19793180,oecd_crs_energy_microdata,1,2026-09-28,accepted,,
crs-marker-mitigation-oecd-crs-energy-vnm-2020-q-2026-09-28-md-19793180,line,oecd-crs-energy-vnm-2020-q-2026-09-28-md-19793180,,marker,,,2,,,,,2,mitigation,oecd-crs-energy-vnm-2020-q-2026-09-28-md-19793180,oecd_crs_energy_microdata,1,2026-09-28,accepted,,
crs-marker-adaptation-oecd-crs-energy-vnm-2020-q-2026-09-28-md-19793180,line,oecd-crs-energy-vnm-2020-q-2026-09-28-md-19793180,,marker,,,2,,,,,2,adaptation,oecd-crs-energy-vnm-2020-q-2026-09-28-md-19793180,oecd_crs_energy_microdata,1,2026-09-28,accepted,,
crs-marker-desertification-oecd-crs-energy-vnm-2020-q-2026-09-28-md-19793180,line,oecd-crs-energy-vnm-2020-q-2026-09-28-md-19793180,,marker,,,0,,,,,0,desertification,oecd-crs-energy-vnm-2020-q-2026-09-28-md-19793180,oecd_crs_energy_microdata,1,2026-09-28,accepted,,
crs-flow-oecd-crs-energy-vnm-2020-q-2026-09-28-md-19326781,line,oecd-crs-energy-vnm-2020-q-2026-09-28-md-19326781,money,flow,commitment,unknown,181611,,,USD,USD,,,oecd-crs-energy-vnm-2020-q-2026-09-28-md-19326781,oecd_crs_energy_microdata,1,2026-09-28,accepted,,"OECD Q value already in 2024 constant USD; UNIT_MULT applied, no FX or deflator rate applied"
crs-marker-biodiversity-oecd-crs-energy-vnm-2020-q-2026-09-28-md-19326781,line,oecd-crs-energy-vnm-2020-q-2026-09-28-md-19326781,,marker,,,0,,,,,0,biodiversity,oecd-crs-energy-vnm-2020-q-2026-09-28-md-19326781,oecd_crs_energy_microdata,1,2026-09-28,accepted,,
crs-marker-mitigation-oecd-crs-energy-vnm-2020-q-2026-09-28-md-19326781,line,oecd-crs-energy-vnm-2020-q-2026-09-28-md-19326781,,marker,,,2,,,,,2,mitigation,oecd-crs-energy-vnm-2020-q-2026-09-28-md-19326781,oecd_crs_energy_microdata,1,2026-09-28,accepted,,
crs-marker-adaptation-oecd-crs-energy-vnm-2020-q-2026-09-28-md-19326781,line,oecd-crs-energy-vnm-2020-q-2026-09-28-md-19326781,,marker,,,2,,,,,2,adaptation,oecd-crs-energy-vnm-2020-q-2026-09-28-md-19326781,oecd_crs_energy_microdata,1,2026-09-28,accepted,,
crs-marker-desertification-oecd-crs-energy-vnm-2020-q-2026-09-28-md-19326781,line,oecd-crs-energy-vnm-2020-q-2026-09-28-md-19326781,,marker,,,0,,,,,0,desertification,oecd-crs-energy-vnm-2020-q-2026-09-28-md-19326781,oecd_crs_energy_microdata,1,2026-09-28,accepted,,
crs-flow-oecd-crs-energy-vnm-2020-q-2026-09-28-md-19839428,line,oecd-crs-energy-vnm-2020-q-2026-09-28-md-19839428,money,flow,disbursement,unknown,91840,,,USD,USD,,,oecd-crs-energy-vnm-2020-q-2026-09-28-md-19839428,oecd_crs_energy_microdata,1,2026-09-28,accepted,,"OECD Q value already in 2024 constant USD; UNIT_MULT applied, no FX or deflator rate applied"
crs-marker-biodiversity-oecd-crs-energy-vnm-2020-q-2026-09-28-md-19839428,line,oecd-crs-energy-vnm-2020-q-2026-09-28-md-19839428,,marker,,,0,,,,,0,biodiversity,oecd-crs-energy-vnm-2020-q-2026-09-28-md-19839428,oecd_crs_energy_microdata,1,2026-09-28,accepted,,
crs-marker-mitigation-oecd-crs-energy-vnm-2020-q-2026-09-28-md-19839428,line,oecd-crs-energy-vnm-2020-q-2026-09-28-md-19839428,,marker,,,2,,,,,2,mitigation,oecd-crs-energy-vnm-2020-q-2026-09-28-md-19839428,oecd_crs_energy_microdata,1,2026-09-28,accepted,,
crs-marker-adaptation-oecd-crs-energy-vnm-2020-q-2026-09-28-md-19839428,line,oecd-crs-energy-vnm-2020-q-2026-09-28-md-19839428,,marker,,,0,,,,,0,adaptation,oecd-crs-energy-vnm-2020-q-2026-09-28-md-19839428,oecd_crs_energy_microdata,1,2026-09-28,accepted,,
crs-marker-desertification-oecd-crs-energy-vnm-2020-q-2026-09-28-md-19839428,line,oecd-crs-energy-vnm-2020-q-2026-09-28-md-19839428,,marker,,,0,,,,,0,desertification,oecd-crs-energy-vnm-2020-q-2026-09-28-md-19839428,oecd_crs_energy_microdata,1,2026-09-28,accepted,,
crs-flow-oecd-crs-energy-vnm-2020-q-2026-09-28-md-19683894,line,oecd-crs-energy-vnm-2020-q-2026-09-28-md-19683894,money,flow,disbursement,unknown,464,,,USD,USD,,,oecd-crs-energy-vnm-2020-q-2026-09-28-md-19683894,oecd_crs_energy_microdata,1,2026-09-28,accepted,,"OECD Q value already in 2024 constant USD; UNIT_MULT applied, no FX or deflator rate applied"
crs-marker-biodiversity-oecd-crs-energy-vnm-2020-q-2026-09-28-md-19683894,line,oecd-crs-energy-vnm-2020-q-2026-09-28-md-19683894,,marker,,,0,,,,,0,biodiversity,oecd-crs-energy-vnm-2020-q-2026-09-28-md-19683894,oecd_crs_energy_microdata,1,2026-09-28,accepted,,
crs-marker-mitigation-oecd-crs-energy-vnm-2020-q-2026-09-28-md-19683894,line,oecd-crs-energy-vnm-2020-q-2026-09-28-md-19683894,,marker,,,0,,,,,0,mitigation,oecd-crs-energy-vnm-2020-q-2026-09-28-md-19683894,oecd_crs_energy_microdata,1,2026-09-28,accepted,,
crs-marker-adaptation-oecd-crs-energy-vnm-2020-q-2026-09-28-md-19683894,line,oecd-crs-energy-vnm-2020-q-2026-09-28-md-19683894,,marker,,,0,,,,,0,adaptation,oecd-crs-energy-vnm-2020-q-2026-09-28-md-19683894,oecd_crs_energy_microdata,1,2026-09-28,accepted,,
crs-marker-desertification-oecd-crs-energy-vnm-2020-q-2026-09-28-md-19683894,line,oecd-crs-energy-vnm-2020-q-2026-09-28-md-19683894,,marker,,,0,,,,,0,desertification,oecd-crs-energy-vnm-2020-q-2026-09-28-md-19683894,oecd_crs_energy_microdata,1,2026-09-28,accepted,,
crs-flow-oecd-crs-energy-vnm-2020-q-2026-09-28-md-19690189,line,oecd-crs-energy-vnm-2020-q-2026-09-28-md-19690189,money,flow,disbursement,unknown,2154676,,,USD,USD,,,oecd-crs-energy-vnm-2020-q-2026-09-28-md-19690189,oecd_crs_energy_microdata,1,2026-09-28,accepted,,"OECD Q value already in 2024 constant USD; UNIT_MULT applied, no FX or deflator rate applied"
crs-marker-biodiversity-oecd-crs-energy-vnm-2020-q-2026-09-28-md-19690189,line,oecd-crs-energy-vnm-2020-q-2026-09-28-md-19690189,,marker,,,0,,,,,0,biodiversity,oecd-crs-energy-vnm-2020-q-2026-09-28-md-19690189,oecd_crs_energy_microdata,1,2026-09-28,accepted,,
crs-marker-mitigation-oecd-crs-energy-vnm-2020-q-2026-09-28-md-19690189,line,oecd-crs-energy-vnm-2020-q-2026-09-28-md-19690189,,marker,,,0,,,,,0,mitigation,oecd-crs-energy-vnm-2020-q-2026-09-28-md-19690189,oecd_crs_energy_microdata,1,2026-09-28,accepted,,
crs-marker-adaptation-oecd-crs-energy-vnm-2020-q-2026-09-28-md-19690189,line,oecd-crs-energy-vnm-2020-q-2026-09-28-md-19690189,,marker,,,0,,,,,0,adaptation,oecd-crs-energy-vnm-2020-q-2026-09-28-md-19690189,oecd_crs_energy_microdata,1,2026-09-28,accepted,,
crs-marker-desertification-oecd-crs-energy-vnm-2020-q-2026-09-28-md-19690189,line,oecd-crs-energy-vnm-2020-q-2026-09-28-md-19690189,,marker,,,0,,,,,0,desertification,oecd-crs-energy-vnm-2020-q-2026-09-28-md-19690189,oecd_crs_energy_microdata,1,2026-09-28,accepted,,
crs-flow-oecd-crs-energy-vnm-2020-q-2026-09-28-md-19688726,line,oecd-crs-energy-vnm-2020-q-2026-09-28-md-19688726,money,flow,disbursement,unknown,160155,,,USD,USD,,,oecd-crs-energy-vnm-2020-q-2026-09-28-md-19688726,oecd_crs_energy_microdata,1,2026-09-28,accepted,,"OECD Q value already in 2024 constant USD; UNIT_MULT applied, no FX or deflator rate applied"
crs-marker-biodiversity-oecd-crs-energy-vnm-2020-q-2026-09-28-md-19688726,line,oecd-crs-energy-vnm-2020-q-2026-09-28-md-19688726,,marker,,,0,,,,,0,biodiversity,oecd-crs-energy-vnm-2020-q-2026-09-28-md-19688726,oecd_crs_energy_microdata,1,2026-09-28,accepted,,
crs-marker-mitigation-oecd-crs-energy-vnm-2020-q-2026-09-28-md-19688726,line,oecd-crs-energy-vnm-2020-q-2026-09-28-md-19688726,,marker,,,0,,,,,0,mitigation,oecd-crs-energy-vnm-2020-q-2026-09-28-md-19688726,oecd_crs_energy_microdata,1,2026-09-28,accepted,,
crs-marker-adaptation-oecd-crs-energy-vnm-2020-q-2026-09-28-md-19688726,line,oecd-crs-energy-vnm-2020-q-2026-09-28-md-19688726,,marker,,,0,,,,,0,adaptation,oecd-crs-energy-vnm-2020-q-2026-09-28-md-19688726,oecd_crs_energy_microdata,1,2026-09-28,accepted,,
crs-marker-desertification-oecd-crs-energy-vnm-2020-q-2026-09-28-md-19688726,line,oecd-crs-energy-vnm-2020-q-2026-09-28-md-19688726,,marker,,,0,,,,,0,desertification,oecd-crs-energy-vnm-2020-q-2026-09-28-md-19688726,oecd_crs_energy_microdata,1,2026-09-28,accepted,,
crs-flow-oecd-crs-energy-vnm-2021-q-2026-09-28-md-20121482,line,oecd-crs-energy-vnm-2021-q-2026-09-28-md-20121482,money,flow,commitment,unknown,15661455,,,USD,USD,,,oecd-crs-energy-vnm-2021-q-2026-09-28-md-20121482,oecd_crs_energy_microdata,1,2026-09-28,accepted,,"OECD Q value already in 2024 constant USD; UNIT_MULT applied, no FX or deflator rate applied"
crs-marker-biodiversity-oecd-crs-energy-vnm-2021-q-2026-09-28-md-20121482,line,oecd-crs-energy-vnm-2021-q-2026-09-28-md-20121482,,marker,,,,,,,,not_screened,biodiversity,oecd-crs-energy-vnm-2021-q-2026-09-28-md-20121482,oecd_crs_energy_microdata,1,2026-09-28,accepted,,
crs-marker-mitigation-oecd-crs-energy-vnm-2021-q-2026-09-28-md-20121482,line,oecd-crs-energy-vnm-2021-q-2026-09-28-md-20121482,,marker,,,,,,,,not_screened,mitigation,oecd-crs-energy-vnm-2021-q-2026-09-28-md-20121482,oecd_crs_energy_microdata,1,2026-09-28,accepted,,
crs-marker-adaptation-oecd-crs-energy-vnm-2021-q-2026-09-28-md-20121482,line,oecd-crs-energy-vnm-2021-q-2026-09-28-md-20121482,,marker,,,,,,,,not_screened,adaptation,oecd-crs-energy-vnm-2021-q-2026-09-28-md-20121482,oecd_crs_energy_microdata,1,2026-09-28,accepted,,
crs-marker-desertification-oecd-crs-energy-vnm-2021-q-2026-09-28-md-20121482,line,oecd-crs-energy-vnm-2021-q-2026-09-28-md-20121482,,marker,,,,,,,,not_screened,desertification,oecd-crs-energy-vnm-2021-q-2026-09-28-md-20121482,oecd_crs_energy_microdata,1,2026-09-28,accepted,,
crs-flow-oecd-crs-energy-vnm-2021-q-2026-09-28-md-20121584,line,oecd-crs-energy-vnm-2021-q-2026-09-28-md-20121584,money,flow,commitment,unknown,1367767,,,USD,USD,,,oecd-crs-energy-vnm-2021-q-2026-09-28-md-20121584,oecd_crs_energy_microdata,1,2026-09-28,accepted,,"OECD Q value already in 2024 constant USD; UNIT_MULT applied, no FX or deflator rate applied"
crs-marker-biodiversity-oecd-crs-energy-vnm-2021-q-2026-09-28-md-20121584,line,oecd-crs-energy-vnm-2021-q-2026-09-28-md-20121584,,marker,,,,,,,,not_screened,biodiversity,oecd-crs-energy-vnm-2021-q-2026-09-28-md-20121584,oecd_crs_energy_microdata,1,2026-09-28,accepted,,
crs-marker-mitigation-oecd-crs-energy-vnm-2021-q-2026-09-28-md-20121584,line,oecd-crs-energy-vnm-2021-q-2026-09-28-md-20121584,,marker,,,,,,,,not_screened,mitigation,oecd-crs-energy-vnm-2021-q-2026-09-28-md-20121584,oecd_crs_energy_microdata,1,2026-09-28,accepted,,
crs-marker-adaptation-oecd-crs-energy-vnm-2021-q-2026-09-28-md-20121584,line,oecd-crs-energy-vnm-2021-q-2026-09-28-md-20121584,,marker,,,,,,,,not_screened,adaptation,oecd-crs-energy-vnm-2021-q-2026-09-28-md-20121584,oecd_crs_energy_microdata,1,2026-09-28,accepted,,
crs-marker-desertification-oecd-crs-energy-vnm-2021-q-2026-09-28-md-20121584,line,oecd-crs-energy-vnm-2021-q-2026-09-28-md-20121584,,marker,,,,,,,,not_screened,desertification,oecd-crs-energy-vnm-2021-q-2026-09-28-md-20121584,oecd_crs_energy_microdata,1,2026-09-28,accepted,,
crs-flow-oecd-crs-energy-vnm-2021-q-2026-09-28-md-20219022,line,oecd-crs-energy-vnm-2021-q-2026-09-28-md-20219022,money,flow,commitment,unknown,168220,,,USD,USD,,,oecd-crs-energy-vnm-2021-q-2026-09-28-md-20219022,oecd_crs_energy_microdata,1,2026-09-28,accepted,,"OECD Q value already in 2024 constant USD; UNIT_MULT applied, no FX or deflator rate applied"
crs-marker-biodiversity-oecd-crs-energy-vnm-2021-q-2026-09-28-md-20219022,line,oecd-crs-energy-vnm-2021-q-2026-09-28-md-20219022,,marker,,,0,,,,,0,biodiversity,oecd-crs-energy-vnm-2021-q-2026-09-28-md-20219022,oecd_crs_energy_microdata,1,2026-09-28,accepted,,
crs-marker-mitigation-oecd-crs-energy-vnm-2021-q-2026-09-28-md-20219022,line,oecd-crs-energy-vnm-2021-q-2026-09-28-md-20219022,,marker,,,2,,,,,2,mitigation,oecd-crs-energy-vnm-2021-q-2026-09-28-md-20219022,oecd_crs_energy_microdata,1,2026-09-28,accepted,,
crs-marker-adaptation-oecd-crs-energy-vnm-2021-q-2026-09-28-md-20219022,line,oecd-crs-energy-vnm-2021-q-2026-09-28-md-20219022,,marker,,,0,,,,,0,adaptation,oecd-crs-energy-vnm-2021-q-2026-09-28-md-20219022,oecd_crs_energy_microdata,1,2026-09-28,accepted,,
crs-marker-desertification-oecd-crs-energy-vnm-2021-q-2026-09-28-md-20219022,line,oecd-crs-energy-vnm-2021-q-2026-09-28-md-20219022,,marker,,,,,,,,not_screened,desertification,oecd-crs-energy-vnm-2021-q-2026-09-28-md-20219022,oecd_crs_energy_microdata,1,2026-09-28,accepted,,
crs-flow-oecd-crs-energy-vnm-2021-q-2026-09-28-md-20759581,line,oecd-crs-energy-vnm-2021-q-2026-09-28-md-20759581,money,flow,disbursement,unknown,56488,,,USD,USD,,,oecd-crs-energy-vnm-2021-q-2026-09-28-md-20759581,oecd_crs_energy_microdata,1,2026-09-28,accepted,,"OECD Q value already in 2024 constant USD; UNIT_MULT applied, no FX or deflator rate applied"
crs-marker-biodiversity-oecd-crs-energy-vnm-2021-q-2026-09-28-md-20759581,line,oecd-crs-energy-vnm-2021-q-2026-09-28-md-20759581,,marker,,,0,,,,,0,biodiversity,oecd-crs-energy-vnm-2021-q-2026-09-28-md-20759581,oecd_crs_energy_microdata,1,2026-09-28,accepted,,
crs-marker-mitigation-oecd-crs-energy-vnm-2021-q-2026-09-28-md-20759581,line,oecd-crs-energy-vnm-2021-q-2026-09-28-md-20759581,,marker,,,2,,,,,2,mitigation,oecd-crs-energy-vnm-2021-q-2026-09-28-md-20759581,oecd_crs_energy_microdata,1,2026-09-28,accepted,,
crs-marker-adaptation-oecd-crs-energy-vnm-2021-q-2026-09-28-md-20759581,line,oecd-crs-energy-vnm-2021-q-2026-09-28-md-20759581,,marker,,,0,,,,,0,adaptation,oecd-crs-energy-vnm-2021-q-2026-09-28-md-20759581,oecd_crs_energy_microdata,1,2026-09-28,accepted,,
crs-marker-desertification-oecd-crs-energy-vnm-2021-q-2026-09-28-md-20759581,line,oecd-crs-energy-vnm-2021-q-2026-09-28-md-20759581,,marker,,,,,,,,not_screened,desertification,oecd-crs-energy-vnm-2021-q-2026-09-28-md-20759581,oecd_crs_energy_microdata,1,2026-09-28,accepted,,
crs-flow-oecd-crs-energy-vnm-2021-q-2026-09-28-md-20672927,line,oecd-crs-energy-vnm-2021-q-2026-09-28-md-20672927,money,flow,disbursement,unknown,10776206,,,USD,USD,,,oecd-crs-energy-vnm-2021-q-2026-09-28-md-20672927,oecd_crs_energy_microdata,1,2026-09-28,accepted,,"OECD Q value already in 2024 constant USD; UNIT_MULT applied, no FX or deflator rate applied"
crs-marker-biodiversity-oecd-crs-energy-vnm-2021-q-2026-09-28-md-20672927,line,oecd-crs-energy-vnm-2021-q-2026-09-28-md-20672927,,marker,,,,,,,,not_screened,biodiversity,oecd-crs-energy-vnm-2021-q-2026-09-28-md-20672927,oecd_crs_energy_microdata,1,2026-09-28,accepted,,
crs-marker-mitigation-oecd-crs-energy-vnm-2021-q-2026-09-28-md-20672927,line,oecd-crs-energy-vnm-2021-q-2026-09-28-md-20672927,,marker,,,,,,,,not_screened,mitigation,oecd-crs-energy-vnm-2021-q-2026-09-28-md-20672927,oecd_crs_energy_microdata,1,2026-09-28,accepted,,
crs-marker-adaptation-oecd-crs-energy-vnm-2021-q-2026-09-28-md-20672927,line,oecd-crs-energy-vnm-2021-q-2026-09-28-md-20672927,,marker,,,,,,,,not_screened,adaptation,oecd-crs-energy-vnm-2021-q-2026-09-28-md-20672927,oecd_crs_energy_microdata,1,2026-09-28,accepted,,
crs-marker-desertification-oecd-crs-energy-vnm-2021-q-2026-09-28-md-20672927,line,oecd-crs-energy-vnm-2021-q-2026-09-28-md-20672927,,marker,,,,,,,,not_screened,desertification,oecd-crs-energy-vnm-2021-q-2026-09-28-md-20672927,oecd_crs_energy_microdata,1,2026-09-28,accepted,,
crs-flow-oecd-crs-energy-vnm-2021-q-2026-09-28-md-20671755,line,oecd-crs-energy-vnm-2021-q-2026-09-28-md-20671755,money,flow,disbursement,unknown,10776206,,,USD,USD,,,oecd-crs-energy-vnm-2021-q-2026-09-28-md-20671755,oecd_crs_energy_microdata,1,2026-09-28,accepted,,"OECD Q value already in 2024 constant USD; UNIT_MULT applied, no FX or deflator rate applied"
crs-marker-biodiversity-oecd-crs-energy-vnm-2021-q-2026-09-28-md-20671755,line,oecd-crs-energy-vnm-2021-q-2026-09-28-md-20671755,,marker,,,,,,,,not_screened,biodiversity,oecd-crs-energy-vnm-2021-q-2026-09-28-md-20671755,oecd_crs_energy_microdata,1,2026-09-28,accepted,,
crs-marker-mitigation-oecd-crs-energy-vnm-2021-q-2026-09-28-md-20671755,line,oecd-crs-energy-vnm-2021-q-2026-09-28-md-20671755,,marker,,,,,,,,not_screened,mitigation,oecd-crs-energy-vnm-2021-q-2026-09-28-md-20671755,oecd_crs_energy_microdata,1,2026-09-28,accepted,,
crs-marker-adaptation-oecd-crs-energy-vnm-2021-q-2026-09-28-md-20671755,line,oecd-crs-energy-vnm-2021-q-2026-09-28-md-20671755,,marker,,,,,,,,not_screened,adaptation,oecd-crs-energy-vnm-2021-q-2026-09-28-md-20671755,oecd_crs_energy_microdata,1,2026-09-28,accepted,,
crs-marker-desertification-oecd-crs-energy-vnm-2021-q-2026-09-28-md-20671755,line,oecd-crs-energy-vnm-2021-q-2026-09-28-md-20671755,,marker,,,,,,,,not_screened,desertification,oecd-crs-energy-vnm-2021-q-2026-09-28-md-20671755,oecd_crs_energy_microdata,1,2026-09-28,accepted,,
crs-flow-oecd-crs-energy-vnm-2021-q-2026-09-28-md-20722928,line,oecd-crs-energy-vnm-2021-q-2026-09-28-md-20722928,money,flow,disbursement,unknown,124068,,,USD,USD,,,oecd-crs-energy-vnm-2021-q-2026-09-28-md-20722928,oecd_crs_energy_microdata,1,2026-09-28,accepted,,"OECD Q value already in 2024 constant USD; UNIT_MULT applied, no FX or deflator rate applied"
crs-marker-biodiversity-oecd-crs-energy-vnm-2021-q-2026-09-28-md-20722928,line,oecd-crs-energy-vnm-2021-q-2026-09-28-md-20722928,,marker,,,,,,,,not_screened,biodiversity,oecd-crs-energy-vnm-2021-q-2026-09-28-md-20722928,oecd_crs_energy_microdata,1,2026-09-28,accepted,,
crs-marker-mitigation-oecd-crs-energy-vnm-2021-q-2026-09-28-md-20722928,line,oecd-crs-energy-vnm-2021-q-2026-09-28-md-20722928,,marker,,,2,,,,,2,mitigation,oecd-crs-energy-vnm-2021-q-2026-09-28-md-20722928,oecd_crs_energy_microdata,1,2026-09-28,accepted,,
crs-marker-adaptation-oecd-crs-energy-vnm-2021-q-2026-09-28-md-20722928,line,oecd-crs-energy-vnm-2021-q-2026-09-28-md-20722928,,marker,,,0,,,,,0,adaptation,oecd-crs-energy-vnm-2021-q-2026-09-28-md-20722928,oecd_crs_energy_microdata,1,2026-09-28,accepted,,
crs-marker-desertification-oecd-crs-energy-vnm-2021-q-2026-09-28-md-20722928,line,oecd-crs-energy-vnm-2021-q-2026-09-28-md-20722928,,marker,,,,,,,,not_screened,desertification,oecd-crs-energy-vnm-2021-q-2026-09-28-md-20722928,oecd_crs_energy_microdata,1,2026-09-28,accepted,,
crs-flow-oecd-crs-energy-vnm-2021-q-2026-09-28-md-20725487,line,oecd-crs-energy-vnm-2021-q-2026-09-28-md-20725487,money,flow,disbursement,unknown,8150317,,,USD,USD,,,oecd-crs-energy-vnm-2021-q-2026-09-28-md-20725487,oecd_crs_energy_microdata,1,2026-09-28,accepted,,"OECD Q value already in 2024 constant USD; UNIT_MULT applied, no FX or deflator rate applied"
crs-marker-biodiversity-oecd-crs-energy-vnm-2021-q-2026-09-28-md-20725487,line,oecd-crs-energy-vnm-2021-q-2026-09-28-md-20725487,,marker,,,,,,,,not_screened,biodiversity,oecd-crs-energy-vnm-2021-q-2026-09-28-md-20725487,oecd_crs_energy_microdata,1,2026-09-28,accepted,,
crs-marker-mitigation-oecd-crs-energy-vnm-2021-q-2026-09-28-md-20725487,line,oecd-crs-energy-vnm-2021-q-2026-09-28-md-20725487,,marker,,,,,,,,not_screened,mitigation,oecd-crs-energy-vnm-2021-q-2026-09-28-md-20725487,oecd_crs_energy_microdata,1,2026-09-28,accepted,,
crs-marker-adaptation-oecd-crs-energy-vnm-2021-q-2026-09-28-md-20725487,line,oecd-crs-energy-vnm-2021-q-2026-09-28-md-20725487,,marker,,,,,,,,not_screened,adaptation,oecd-crs-energy-vnm-2021-q-2026-09-28-md-20725487,oecd_crs_energy_microdata,1,2026-09-28,accepted,,
crs-marker-desertification-oecd-crs-energy-vnm-2021-q-2026-09-28-md-20725487,line,oecd-crs-energy-vnm-2021-q-2026-09-28-md-20725487,,marker,,,,,,,,not_screened,desertification,oecd-crs-energy-vnm-2021-q-2026-09-28-md-20725487,oecd_crs_energy_microdata,1,2026-09-28,accepted,,
crs-flow-oecd-crs-energy-vnm-2021-q-2026-09-28-md-20727091,line,oecd-crs-energy-vnm-2021-q-2026-09-28-md-20727091,money,flow,disbursement,unknown,383443,,,USD,USD,,,oecd-crs-energy-vnm-2021-q-2026-09-28-md-20727091,oecd_crs_energy_microdata,1,2026-09-28,accepted,,"OECD Q value already in 2024 constant USD; UNIT_MULT applied, no FX or deflator rate applied"
crs-marker-biodiversity-oecd-crs-energy-vnm-2021-q-2026-09-28-md-20727091,line,oecd-crs-energy-vnm-2021-q-2026-09-28-md-20727091,,marker,,,,,,,,not_screened,biodiversity,oecd-crs-energy-vnm-2021-q-2026-09-28-md-20727091,oecd_crs_energy_microdata,1,2026-09-28,accepted,,
crs-marker-mitigation-oecd-crs-energy-vnm-2021-q-2026-09-28-md-20727091,line,oecd-crs-energy-vnm-2021-q-2026-09-28-md-20727091,,marker,,,,,,,,not_screened,mitigation,oecd-crs-energy-vnm-2021-q-2026-09-28-md-20727091,oecd_crs_energy_microdata,1,2026-09-28,accepted,,
crs-marker-adaptation-oecd-crs-energy-vnm-2021-q-2026-09-28-md-20727091,line,oecd-crs-energy-vnm-2021-q-2026-09-28-md-20727091,,marker,,,,,,,,not_screened,adaptation,oecd-crs-energy-vnm-2021-q-2026-09-28-md-20727091,oecd_crs_energy_microdata,1,2026-09-28,accepted,,
crs-marker-desertification-oecd-crs-energy-vnm-2021-q-2026-09-28-md-20727091,line,oecd-crs-energy-vnm-2021-q-2026-09-28-md-20727091,,marker,,,,,,,,not_screened,desertification,oecd-crs-energy-vnm-2021-q-2026-09-28-md-20727091,oecd_crs_energy_microdata,1,2026-09-28,accepted,,
crs-flow-oecd-crs-energy-vnm-2021-q-2026-09-28-md-20725382,line,oecd-crs-energy-vnm-2021-q-2026-09-28-md-20725382,money,flow,disbursement,unknown,370131,,,USD,USD,,,oecd-crs-energy-vnm-2021-q-2026-09-28-md-20725382,oecd_crs_energy_microdata,1,2026-09-28,accepted,,"OECD Q value already in 2024 constant USD; UNIT_MULT applied, no FX or deflator rate applied"
crs-marker-biodiversity-oecd-crs-energy-vnm-2021-q-2026-09-28-md-20725382,line,oecd-crs-energy-vnm-2021-q-2026-09-28-md-20725382,,marker,,,,,,,,not_screened,biodiversity,oecd-crs-energy-vnm-2021-q-2026-09-28-md-20725382,oecd_crs_energy_microdata,1,2026-09-28,accepted,,
crs-marker-mitigation-oecd-crs-energy-vnm-2021-q-2026-09-28-md-20725382,line,oecd-crs-energy-vnm-2021-q-2026-09-28-md-20725382,,marker,,,,,,,,not_screened,mitigation,oecd-crs-energy-vnm-2021-q-2026-09-28-md-20725382,oecd_crs_energy_microdata,1,2026-09-28,accepted,,
crs-marker-adaptation-oecd-crs-energy-vnm-2021-q-2026-09-28-md-20725382,line,oecd-crs-energy-vnm-2021-q-2026-09-28-md-20725382,,marker,,,,,,,,not_screened,adaptation,oecd-crs-energy-vnm-2021-q-2026-09-28-md-20725382,oecd_crs_energy_microdata,1,2026-09-28,accepted,,
crs-marker-desertification-oecd-crs-energy-vnm-2021-q-2026-09-28-md-20725382,line,oecd-crs-energy-vnm-2021-q-2026-09-28-md-20725382,,marker,,,,,,,,not_screened,desertification,oecd-crs-energy-vnm-2021-q-2026-09-28-md-20725382,oecd_crs_energy_microdata,1,2026-09-28,accepted,,
crs-flow-oecd-crs-energy-vnm-2021-q-2026-09-28-md-20193761,line,oecd-crs-energy-vnm-2021-q-2026-09-28-md-20193761,money,flow,commitment,unknown,25580376,,,USD,USD,,,oecd-crs-energy-vnm-2021-q-2026-09-28-md-20193761,oecd_crs_energy_microdata,1,2026-09-28,accepted,,"OECD Q value already in 2024 constant USD; UNIT_MULT applied, no FX or deflator rate applied"
crs-marker-biodiversity-oecd-crs-energy-vnm-2021-q-2026-09-28-md-20193761,line,oecd-crs-energy-vnm-2021-q-2026-09-28-md-20193761,,marker,,,,,,,,not_screened,biodiversity,oecd-crs-energy-vnm-2021-q-2026-09-28-md-20193761,oecd_crs_energy_microdata,1,2026-09-28,accepted,,
crs-marker-mitigation-oecd-crs-energy-vnm-2021-q-2026-09-28-md-20193761,line,oecd-crs-energy-vnm-2021-q-2026-09-28-md-20193761,,marker,,,,,,,,not_screened,mitigation,oecd-crs-energy-vnm-2021-q-2026-09-28-md-20193761,oecd_crs_energy_microdata,1,2026-09-28,accepted,,
crs-marker-adaptation-oecd-crs-energy-vnm-2021-q-2026-09-28-md-20193761,line,oecd-crs-energy-vnm-2021-q-2026-09-28-md-20193761,,marker,,,,,,,,not_screened,adaptation,oecd-crs-energy-vnm-2021-q-2026-09-28-md-20193761,oecd_crs_energy_microdata,1,2026-09-28,accepted,,
crs-marker-desertification-oecd-crs-energy-vnm-2021-q-2026-09-28-md-20193761,line,oecd-crs-energy-vnm-2021-q-2026-09-28-md-20193761,,marker,,,,,,,,not_screened,desertification,oecd-crs-energy-vnm-2021-q-2026-09-28-md-20193761,oecd_crs_energy_microdata,1,2026-09-28,accepted,,
crs-flow-oecd-crs-energy-vnm-2021-q-2026-09-28-md-20728733,line,oecd-crs-energy-vnm-2021-q-2026-09-28-md-20728733,money,flow,disbursement,unknown,28617904,,,USD,USD,,,oecd-crs-energy-vnm-2021-q-2026-09-28-md-20728733,oecd_crs_energy_microdata,1,2026-09-28,accepted,,"OECD Q value already in 2024 constant USD; UNIT_MULT applied, no FX or deflator rate applied"
crs-marker-biodiversity-oecd-crs-energy-vnm-2021-q-2026-09-28-md-20728733,line,oecd-crs-energy-vnm-2021-q-2026-09-28-md-20728733,,marker,,,,,,,,not_screened,biodiversity,oecd-crs-energy-vnm-2021-q-2026-09-28-md-20728733,oecd_crs_energy_microdata,1,2026-09-28,accepted,,
crs-marker-mitigation-oecd-crs-energy-vnm-2021-q-2026-09-28-md-20728733,line,oecd-crs-energy-vnm-2021-q-2026-09-28-md-20728733,,marker,,,,,,,,not_screened,mitigation,oecd-crs-energy-vnm-2021-q-2026-09-28-md-20728733,oecd_crs_energy_microdata,1,2026-09-28,accepted,,
crs-marker-adaptation-oecd-crs-energy-vnm-2021-q-2026-09-28-md-20728733,line,oecd-crs-energy-vnm-2021-q-2026-09-28-md-20728733,,marker,,,,,,,,not_screened,adaptation,oecd-crs-energy-vnm-2021-q-2026-09-28-md-20728733,oecd_crs_energy_microdata,1,2026-09-28,accepted,,
crs-marker-desertification-oecd-crs-energy-vnm-2021-q-2026-09-28-md-20728733,line,oecd-crs-energy-vnm-2021-q-2026-09-28-md-20728733,,marker,,,,,,,,not_screened,desertification,oecd-crs-energy-vnm-2021-q-2026-09-28-md-20728733,oecd_crs_energy_microdata,1,2026-09-28,accepted,,
crs-flow-oecd-crs-energy-vnm-2021-q-2026-09-28-md-20724217,line,oecd-crs-energy-vnm-2021-q-2026-09-28-md-20724217,money,flow,disbursement,unknown,12074808,,,USD,USD,,,oecd-crs-energy-vnm-2021-q-2026-09-28-md-20724217,oecd_crs_energy_microdata,1,2026-09-28,accepted,,"OECD Q value already in 2024 constant USD; UNIT_MULT applied, no FX or deflator rate applied"
crs-marker-biodiversity-oecd-crs-energy-vnm-2021-q-2026-09-28-md-20724217,line,oecd-crs-energy-vnm-2021-q-2026-09-28-md-20724217,,marker,,,,,,,,not_screened,biodiversity,oecd-crs-energy-vnm-2021-q-2026-09-28-md-20724217,oecd_crs_energy_microdata,1,2026-09-28,accepted,,
crs-marker-mitigation-oecd-crs-energy-vnm-2021-q-2026-09-28-md-20724217,line,oecd-crs-energy-vnm-2021-q-2026-09-28-md-20724217,,marker,,,,,,,,not_screened,mitigation,oecd-crs-energy-vnm-2021-q-2026-09-28-md-20724217,oecd_crs_energy_microdata,1,2026-09-28,accepted,,
crs-marker-adaptation-oecd-crs-energy-vnm-2021-q-2026-09-28-md-20724217,line,oecd-crs-energy-vnm-2021-q-2026-09-28-md-20724217,,marker,,,,,,,,not_screened,adaptation,oecd-crs-energy-vnm-2021-q-2026-09-28-md-20724217,oecd_crs_energy_microdata,1,2026-09-28,accepted,,
crs-marker-desertification-oecd-crs-energy-vnm-2021-q-2026-09-28-md-20724217,line,oecd-crs-energy-vnm-2021-q-2026-09-28-md-20724217,,marker,,,,,,,,not_screened,desertification,oecd-crs-energy-vnm-2021-q-2026-09-28-md-20724217,oecd_crs_energy_microdata,1,2026-09-28,accepted,,
crs-flow-oecd-crs-energy-vnm-2021-q-2026-09-28-md-20728589,line,oecd-crs-energy-vnm-2021-q-2026-09-28-md-20728589,money,flow,disbursement,unknown,12390672,,,USD,USD,,,oecd-crs-energy-vnm-2021-q-2026-09-28-md-20728589,oecd_crs_energy_microdata,1,2026-09-28,accepted,,"OECD Q value already in 2024 constant USD; UNIT_MULT applied, no FX or deflator rate applied"
crs-marker-biodiversity-oecd-crs-energy-vnm-2021-q-2026-09-28-md-20728589,line,oecd-crs-energy-vnm-2021-q-2026-09-28-md-20728589,,marker,,,,,,,,not_screened,biodiversity,oecd-crs-energy-vnm-2021-q-2026-09-28-md-20728589,oecd_crs_energy_microdata,1,2026-09-28,accepted,,
crs-marker-mitigation-oecd-crs-energy-vnm-2021-q-2026-09-28-md-20728589,line,oecd-crs-energy-vnm-2021-q-2026-09-28-md-20728589,,marker,,,,,,,,not_screened,mitigation,oecd-crs-energy-vnm-2021-q-2026-09-28-md-20728589,oecd_crs_energy_microdata,1,2026-09-28,accepted,,
crs-marker-adaptation-oecd-crs-energy-vnm-2021-q-2026-09-28-md-20728589,line,oecd-crs-energy-vnm-2021-q-2026-09-28-md-20728589,,marker,,,,,,,,not_screened,adaptation,oecd-crs-energy-vnm-2021-q-2026-09-28-md-20728589,oecd_crs_energy_microdata,1,2026-09-28,accepted,,
crs-marker-desertification-oecd-crs-energy-vnm-2021-q-2026-09-28-md-20728589,line,oecd-crs-energy-vnm-2021-q-2026-09-28-md-20728589,,marker,,,,,,,,not_screened,desertification,oecd-crs-energy-vnm-2021-q-2026-09-28-md-20728589,oecd_crs_energy_microdata,1,2026-09-28,accepted,,
crs-flow-oecd-crs-energy-vnm-2021-q-2026-09-28-md-20197547,line,oecd-crs-energy-vnm-2021-q-2026-09-28-md-20197547,money,flow,commitment,unknown,12076694,,,USD,USD,,,oecd-crs-energy-vnm-2021-q-2026-09-28-md-20197547,oecd_crs_energy_microdata,1,2026-09-28,accepted,,"OECD Q value already in 2024 constant USD; UNIT_MULT applied, no FX or deflator rate applied"
crs-marker-biodiversity-oecd-crs-energy-vnm-2021-q-2026-09-28-md-20197547,line,oecd-crs-energy-vnm-2021-q-2026-09-28-md-20197547,,marker,,,,,,,,not_screened,biodiversity,oecd-crs-energy-vnm-2021-q-2026-09-28-md-20197547,oecd_crs_energy_microdata,1,2026-09-28,accepted,,
crs-marker-mitigation-oecd-crs-energy-vnm-2021-q-2026-09-28-md-20197547,line,oecd-crs-energy-vnm-2021-q-2026-09-28-md-20197547,,marker,,,,,,,,not_screened,mitigation,oecd-crs-energy-vnm-2021-q-2026-09-28-md-20197547,oecd_crs_energy_microdata,1,2026-09-28,accepted,,
crs-marker-adaptation-oecd-crs-energy-vnm-2021-q-2026-09-28-md-20197547,line,oecd-crs-energy-vnm-2021-q-2026-09-28-md-20197547,,marker,,,,,,,,not_screened,adaptation,oecd-crs-energy-vnm-2021-q-2026-09-28-md-20197547,oecd_crs_energy_microdata,1,2026-09-28,accepted,,
crs-marker-desertification-oecd-crs-energy-vnm-2021-q-2026-09-28-md-20197547,line,oecd-crs-energy-vnm-2021-q-2026-09-28-md-20197547,,marker,,,,,,,,not_screened,desertification,oecd-crs-energy-vnm-2021-q-2026-09-28-md-20197547,oecd_crs_energy_microdata,1,2026-09-28,accepted,,
crs-flow-oecd-crs-energy-vnm-2021-q-2026-09-28-md-20193890,line,oecd-crs-energy-vnm-2021-q-2026-09-28-md-20193890,money,flow,commitment,unknown,12391000,,,USD,USD,,,oecd-crs-energy-vnm-2021-q-2026-09-28-md-20193890,oecd_crs_energy_microdata,1,2026-09-28,accepted,,"OECD Q value already in 2024 constant USD; UNIT_MULT applied, no FX or deflator rate applied"
crs-marker-biodiversity-oecd-crs-energy-vnm-2021-q-2026-09-28-md-20193890,line,oecd-crs-energy-vnm-2021-q-2026-09-28-md-20193890,,marker,,,,,,,,not_screened,biodiversity,oecd-crs-energy-vnm-2021-q-2026-09-28-md-20193890,oecd_crs_energy_microdata,1,2026-09-28,accepted,,
crs-marker-mitigation-oecd-crs-energy-vnm-2021-q-2026-09-28-md-20193890,line,oecd-crs-energy-vnm-2021-q-2026-09-28-md-20193890,,marker,,,,,,,,not_screened,mitigation,oecd-crs-energy-vnm-2021-q-2026-09-28-md-20193890,oecd_crs_energy_microdata,1,2026-09-28,accepted,,
crs-marker-adaptation-oecd-crs-energy-vnm-2021-q-2026-09-28-md-20193890,line,oecd-crs-energy-vnm-2021-q-2026-09-28-md-20193890,,marker,,,,,,,,not_screened,adaptation,oecd-crs-energy-vnm-2021-q-2026-09-28-md-20193890,oecd_crs_energy_microdata,1,2026-09-28,accepted,,
crs-marker-desertification-oecd-crs-energy-vnm-2021-q-2026-09-28-md-20193890,line,oecd-crs-energy-vnm-2021-q-2026-09-28-md-20193890,,marker,,,,,,,,not_screened,desertification,oecd-crs-energy-vnm-2021-q-2026-09-28-md-20193890,oecd_crs_energy_microdata,1,2026-09-28,accepted,,
crs-flow-oecd-crs-energy-vnm-2021-q-2026-09-28-md-20194969,line,oecd-crs-energy-vnm-2021-q-2026-09-28-md-20194969,money,flow,commitment,unknown,12075700,,,USD,USD,,,oecd-crs-energy-vnm-2021-q-2026-09-28-md-20194969,oecd_crs_energy_microdata,1,2026-09-28,accepted,,"OECD Q value already in 2024 constant USD; UNIT_MULT applied, no FX or deflator rate applied"
crs-marker-biodiversity-oecd-crs-energy-vnm-2021-q-2026-09-28-md-20194969,line,oecd-crs-energy-vnm-2021-q-2026-09-28-md-20194969,,marker,,,,,,,,not_screened,biodiversity,oecd-crs-energy-vnm-2021-q-2026-09-28-md-20194969,oecd_crs_energy_microdata,1,2026-09-28,accepted,,
crs-marker-mitigation-oecd-crs-energy-vnm-2021-q-2026-09-28-md-20194969,line,oecd-crs-energy-vnm-2021-q-2026-09-28-md-20194969,,marker,,,,,,,,not_screened,mitigation,oecd-crs-energy-vnm-2021-q-2026-09-28-md-20194969,oecd_crs_energy_microdata,1,2026-09-28,accepted,,
crs-marker-adaptation-oecd-crs-energy-vnm-2021-q-2026-09-28-md-20194969,line,oecd-crs-energy-vnm-2021-q-2026-09-28-md-20194969,,marker,,,,,,,,not_screened,adaptation,oecd-crs-energy-vnm-2021-q-2026-09-28-md-20194969,oecd_crs_energy_microdata,1,2026-09-28,accepted,,
crs-marker-desertification-oecd-crs-energy-vnm-2021-q-2026-09-28-md-20194969,line,oecd-crs-energy-vnm-2021-q-2026-09-28-md-20194969,,marker,,,,,,,,not_screened,desertification,oecd-crs-energy-vnm-2021-q-2026-09-28-md-20194969,oecd_crs_energy_microdata,1,2026-09-28,accepted,,
crs-flow-oecd-crs-energy-vnm-2021-q-2026-09-28-md-20728505,line,oecd-crs-energy-vnm-2021-q-2026-09-28-md-20728505,money,flow,disbursement,unknown,25580376,,,USD,USD,,,oecd-crs-energy-vnm-2021-q-2026-09-28-md-20728505,oecd_crs_energy_microdata,1,2026-09-28,accepted,,"OECD Q value already in 2024 constant USD; UNIT_MULT applied, no FX or deflator rate applied"
crs-marker-biodiversity-oecd-crs-energy-vnm-2021-q-2026-09-28-md-20728505,line,oecd-crs-energy-vnm-2021-q-2026-09-28-md-20728505,,marker,,,,,,,,not_screened,biodiversity,oecd-crs-energy-vnm-2021-q-2026-09-28-md-20728505,oecd_crs_energy_microdata,1,2026-09-28,accepted,,
crs-marker-mitigation-oecd-crs-energy-vnm-2021-q-2026-09-28-md-20728505,line,oecd-crs-energy-vnm-2021-q-2026-09-28-md-20728505,,marker,,,,,,,,not_screened,mitigation,oecd-crs-energy-vnm-2021-q-2026-09-28-md-20728505,oecd_crs_energy_microdata,1,2026-09-28,accepted,,
crs-marker-adaptation-oecd-crs-energy-vnm-2021-q-2026-09-28-md-20728505,line,oecd-crs-energy-vnm-2021-q-2026-09-28-md-20728505,,marker,,,,,,,,not_screened,adaptation,oecd-crs-energy-vnm-2021-q-2026-09-28-md-20728505,oecd_crs_energy_microdata,1,2026-09-28,accepted,,
crs-marker-desertification-oecd-crs-energy-vnm-2021-q-2026-09-28-md-20728505,line,oecd-crs-energy-vnm-2021-q-2026-09-28-md-20728505,,marker,,,,,,,,not_screened,desertification,oecd-crs-energy-vnm-2021-q-2026-09-28-md-20728505,oecd_crs_energy_microdata,1,2026-09-28,accepted,,
crs-flow-oecd-crs-energy-vnm-2021-q-2026-09-28-md-20727422,line,oecd-crs-energy-vnm-2021-q-2026-09-28-md-20727422,money,flow,disbursement,unknown,12075639,,,USD,USD,,,oecd-crs-energy-vnm-2021-q-2026-09-28-md-20727422,oecd_crs_energy_microdata,1,2026-09-28,accepted,,"OECD Q value already in 2024 constant USD; UNIT_MULT applied, no FX or deflator rate applied"
crs-marker-biodiversity-oecd-crs-energy-vnm-2021-q-2026-09-28-md-20727422,line,oecd-crs-energy-vnm-2021-q-2026-09-28-md-20727422,,marker,,,,,,,,not_screened,biodiversity,oecd-crs-energy-vnm-2021-q-2026-09-28-md-20727422,oecd_crs_energy_microdata,1,2026-09-28,accepted,,
crs-marker-mitigation-oecd-crs-energy-vnm-2021-q-2026-09-28-md-20727422,line,oecd-crs-energy-vnm-2021-q-2026-09-28-md-20727422,,marker,,,,,,,,not_screened,mitigation,oecd-crs-energy-vnm-2021-q-2026-09-28-md-20727422,oecd_crs_energy_microdata,1,2026-09-28,accepted,,
crs-marker-adaptation-oecd-crs-energy-vnm-2021-q-2026-09-28-md-20727422,line,oecd-crs-energy-vnm-2021-q-2026-09-28-md-20727422,,marker,,,,,,,,not_screened,adaptation,oecd-crs-energy-vnm-2021-q-2026-09-28-md-20727422,oecd_crs_energy_microdata,1,2026-09-28,accepted,,
crs-marker-desertification-oecd-crs-energy-vnm-2021-q-2026-09-28-md-20727422,line,oecd-crs-energy-vnm-2021-q-2026-09-28-md-20727422,,marker,,,,,,,,not_screened,desertification,oecd-crs-energy-vnm-2021-q-2026-09-28-md-20727422,oecd_crs_energy_microdata,1,2026-09-28,accepted,,
crs-flow-oecd-crs-energy-vnm-2021-q-2026-09-28-md-20725887,line,oecd-crs-energy-vnm-2021-q-2026-09-28-md-20725887,money,flow,disbursement,unknown,12529164,,,USD,USD,,,oecd-crs-energy-vnm-2021-q-2026-09-28-md-20725887,oecd_crs_energy_microdata,1,2026-09-28,accepted,,"OECD Q value already in 2024 constant USD; UNIT_MULT applied, no FX or deflator rate applied"
crs-marker-biodiversity-oecd-crs-energy-vnm-2021-q-2026-09-28-md-20725887,line,oecd-crs-energy-vnm-2021-q-2026-09-28-md-20725887,,marker,,,,,,,,not_screened,biodiversity,oecd-crs-energy-vnm-2021-q-2026-09-28-md-20725887,oecd_crs_energy_microdata,1,2026-09-28,accepted,,
crs-marker-mitigation-oecd-crs-energy-vnm-2021-q-2026-09-28-md-20725887,line,oecd-crs-energy-vnm-2021-q-2026-09-28-md-20725887,,marker,,,,,,,,not_screened,mitigation,oecd-crs-energy-vnm-2021-q-2026-09-28-md-20725887,oecd_crs_energy_microdata,1,2026-09-28,accepted,,
crs-marker-adaptation-oecd-crs-energy-vnm-2021-q-2026-09-28-md-20725887,line,oecd-crs-energy-vnm-2021-q-2026-09-28-md-20725887,,marker,,,,,,,,not_screened,adaptation,oecd-crs-energy-vnm-2021-q-2026-09-28-md-20725887,oecd_crs_energy_microdata,1,2026-09-28,accepted,,
crs-marker-desertification-oecd-crs-energy-vnm-2021-q-2026-09-28-md-20725887,line,oecd-crs-energy-vnm-2021-q-2026-09-28-md-20725887,,marker,,,,,,,,not_screened,desertification,oecd-crs-energy-vnm-2021-q-2026-09-28-md-20725887,oecd_crs_energy_microdata,1,2026-09-28,accepted,,
crs-flow-oecd-crs-energy-vnm-2021-q-2026-09-28-md-20813241,line,oecd-crs-energy-vnm-2021-q-2026-09-28-md-20813241,money,flow,disbursement,unknown,1242353,,,USD,USD,,,oecd-crs-energy-vnm-2021-q-2026-09-28-md-20813241,oecd_crs_energy_microdata,1,2026-09-28,accepted,,"OECD Q value already in 2024 constant USD; UNIT_MULT applied, no FX or deflator rate applied"
crs-marker-biodiversity-oecd-crs-energy-vnm-2021-q-2026-09-28-md-20813241,line,oecd-crs-energy-vnm-2021-q-2026-09-28-md-20813241,,marker,,,0,,,,,0,biodiversity,oecd-crs-energy-vnm-2021-q-2026-09-28-md-20813241,oecd_crs_energy_microdata,1,2026-09-28,accepted,,
crs-marker-mitigation-oecd-crs-energy-vnm-2021-q-2026-09-28-md-20813241,line,oecd-crs-energy-vnm-2021-q-2026-09-28-md-20813241,,marker,,,1,,,,,1,mitigation,oecd-crs-energy-vnm-2021-q-2026-09-28-md-20813241,oecd_crs_energy_microdata,1,2026-09-28,accepted,,
crs-marker-adaptation-oecd-crs-energy-vnm-2021-q-2026-09-28-md-20813241,line,oecd-crs-energy-vnm-2021-q-2026-09-28-md-20813241,,marker,,,0,,,,,0,adaptation,oecd-crs-energy-vnm-2021-q-2026-09-28-md-20813241,oecd_crs_energy_microdata,1,2026-09-28,accepted,,
crs-marker-desertification-oecd-crs-energy-vnm-2021-q-2026-09-28-md-20813241,line,oecd-crs-energy-vnm-2021-q-2026-09-28-md-20813241,,marker,,,0,,,,,0,desertification,oecd-crs-energy-vnm-2021-q-2026-09-28-md-20813241,oecd_crs_energy_microdata,1,2026-09-28,accepted,,
crs-flow-oecd-crs-energy-vnm-2021-q-2026-09-28-md-20810154,line,oecd-crs-energy-vnm-2021-q-2026-09-28-md-20810154,money,flow,disbursement,unknown,142436,,,USD,USD,,,oecd-crs-energy-vnm-2021-q-2026-09-28-md-20810154,oecd_crs_energy_microdata,1,2026-09-28,accepted,,"OECD Q value already in 2024 constant USD; UNIT_MULT applied, no FX or deflator rate applied"
crs-marker-biodiversity-oecd-crs-energy-vnm-2021-q-2026-09-28-md-20810154,line,oecd-crs-energy-vnm-2021-q-2026-09-28-md-20810154,,marker,,,0,,,,,0,biodiversity,oecd-crs-energy-vnm-2021-q-2026-09-28-md-20810154,oecd_crs_energy_microdata,1,2026-09-28,accepted,,
crs-marker-mitigation-oecd-crs-energy-vnm-2021-q-2026-09-28-md-20810154,line,oecd-crs-energy-vnm-2021-q-2026-09-28-md-20810154,,marker,,,1,,,,,1,mitigation,oecd-crs-energy-vnm-2021-q-2026-09-28-md-20810154,oecd_crs_energy_microdata,1,2026-09-28,accepted,,
crs-marker-adaptation-oecd-crs-energy-vnm-2021-q-2026-09-28-md-20810154,line,oecd-crs-energy-vnm-2021-q-2026-09-28-md-20810154,,marker,,,1,,,,,1,adaptation,oecd-crs-energy-vnm-2021-q-2026-09-28-md-20810154,oecd_crs_energy_microdata,1,2026-09-28,accepted,,
crs-marker-desertification-oecd-crs-energy-vnm-2021-q-2026-09-28-md-20810154,line,oecd-crs-energy-vnm-2021-q-2026-09-28-md-20810154,,marker,,,0,,,,,0,desertification,oecd-crs-energy-vnm-2021-q-2026-09-28-md-20810154,oecd_crs_energy_microdata,1,2026-09-28,accepted,,
crs-flow-oecd-crs-energy-vnm-2021-q-2026-09-28-md-20858901,line,oecd-crs-energy-vnm-2021-q-2026-09-28-md-20858901,money,flow,disbursement,unknown,21105,,,USD,USD,,,oecd-crs-energy-vnm-2021-q-2026-09-28-md-20858901,oecd_crs_energy_microdata,1,2026-09-28,accepted,,"OECD Q value already in 2024 constant USD; UNIT_MULT applied, no FX or deflator rate applied"
crs-marker-biodiversity-oecd-crs-energy-vnm-2021-q-2026-09-28-md-20858901,line,oecd-crs-energy-vnm-2021-q-2026-09-28-md-20858901,,marker,,,0,,,,,0,biodiversity,oecd-crs-energy-vnm-2021-q-2026-09-28-md-20858901,oecd_crs_energy_microdata,1,2026-09-28,accepted,,
crs-marker-mitigation-oecd-crs-energy-vnm-2021-q-2026-09-28-md-20858901,line,oecd-crs-energy-vnm-2021-q-2026-09-28-md-20858901,,marker,,,0,,,,,0,mitigation,oecd-crs-energy-vnm-2021-q-2026-09-28-md-20858901,oecd_crs_energy_microdata,1,2026-09-28,accepted,,
crs-marker-adaptation-oecd-crs-energy-vnm-2021-q-2026-09-28-md-20858901,line,oecd-crs-energy-vnm-2021-q-2026-09-28-md-20858901,,marker,,,0,,,,,0,adaptation,oecd-crs-energy-vnm-2021-q-2026-09-28-md-20858901,oecd_crs_energy_microdata,1,2026-09-28,accepted,,
crs-marker-desertification-oecd-crs-energy-vnm-2021-q-2026-09-28-md-20858901,line,oecd-crs-energy-vnm-2021-q-2026-09-28-md-20858901,,marker,,,,,,,,not_screened,desertification,oecd-crs-energy-vnm-2021-q-2026-09-28-md-20858901,oecd_crs_energy_microdata,1,2026-09-28,accepted,,
crs-flow-oecd-crs-energy-vnm-2021-q-2026-09-28-md-20858897,line,oecd-crs-energy-vnm-2021-q-2026-09-28-md-20858897,money,flow,disbursement,unknown,6864,,,USD,USD,,,oecd-crs-energy-vnm-2021-q-2026-09-28-md-20858897,oecd_crs_energy_microdata,1,2026-09-28,accepted,,"OECD Q value already in 2024 constant USD; UNIT_MULT applied, no FX or deflator rate applied"
crs-marker-biodiversity-oecd-crs-energy-vnm-2021-q-2026-09-28-md-20858897,line,oecd-crs-energy-vnm-2021-q-2026-09-28-md-20858897,,marker,,,0,,,,,0,biodiversity,oecd-crs-energy-vnm-2021-q-2026-09-28-md-20858897,oecd_crs_energy_microdata,1,2026-09-28,accepted,,
crs-marker-mitigation-oecd-crs-energy-vnm-2021-q-2026-09-28-md-20858897,line,oecd-crs-energy-vnm-2021-q-2026-09-28-md-20858897,,marker,,,0,,,,,0,mitigation,oecd-crs-energy-vnm-2021-q-2026-09-28-md-20858897,oecd_crs_energy_microdata,1,2026-09-28,accepted,,
crs-marker-adaptation-oecd-crs-energy-vnm-2021-q-2026-09-28-md-20858897,line,oecd-crs-energy-vnm-2021-q-2026-09-28-md-20858897,,marker,,,0,,,,,0,adaptation,oecd-crs-energy-vnm-2021-q-2026-09-28-md-20858897,oecd_crs_energy_microdata,1,2026-09-28,accepted,,
crs-marker-desertification-oecd-crs-energy-vnm-2021-q-2026-09-28-md-20858897,line,oecd-crs-energy-vnm-2021-q-2026-09-28-md-20858897,,marker,,,,,,,,not_screened,desertification,oecd-crs-energy-vnm-2021-q-2026-09-28-md-20858897,oecd_crs_energy_microdata,1,2026-09-28,accepted,,
crs-flow-oecd-crs-energy-vnm-2021-q-2026-09-28-md-20858899,line,oecd-crs-energy-vnm-2021-q-2026-09-28-md-20858899,money,flow,disbursement,unknown,2459,,,USD,USD,,,oecd-crs-energy-vnm-2021-q-2026-09-28-md-20858899,oecd_crs_energy_microdata,1,2026-09-28,accepted,,"OECD Q value already in 2024 constant USD; UNIT_MULT applied, no FX or deflator rate applied"
crs-marker-biodiversity-oecd-crs-energy-vnm-2021-q-2026-09-28-md-20858899,line,oecd-crs-energy-vnm-2021-q-2026-09-28-md-20858899,,marker,,,0,,,,,0,biodiversity,oecd-crs-energy-vnm-2021-q-2026-09-28-md-20858899,oecd_crs_energy_microdata,1,2026-09-28,accepted,,
crs-marker-mitigation-oecd-crs-energy-vnm-2021-q-2026-09-28-md-20858899,line,oecd-crs-energy-vnm-2021-q-2026-09-28-md-20858899,,marker,,,0,,,,,0,mitigation,oecd-crs-energy-vnm-2021-q-2026-09-28-md-20858899,oecd_crs_energy_microdata,1,2026-09-28,accepted,,
crs-marker-adaptation-oecd-crs-energy-vnm-2021-q-2026-09-28-md-20858899,line,oecd-crs-energy-vnm-2021-q-2026-09-28-md-20858899,,marker,,,0,,,,,0,adaptation,oecd-crs-energy-vnm-2021-q-2026-09-28-md-20858899,oecd_crs_energy_microdata,1,2026-09-28,accepted,,
crs-marker-desertification-oecd-crs-energy-vnm-2021-q-2026-09-28-md-20858899,line,oecd-crs-energy-vnm-2021-q-2026-09-28-md-20858899,,marker,,,,,,,,not_screened,desertification,oecd-crs-energy-vnm-2021-q-2026-09-28-md-20858899,oecd_crs_energy_microdata,1,2026-09-28,accepted,,
crs-flow-oecd-crs-energy-vnm-2021-q-2026-09-28-md-20858902,line,oecd-crs-energy-vnm-2021-q-2026-09-28-md-20858902,money,flow,disbursement,unknown,25271,,,USD,USD,,,oecd-crs-energy-vnm-2021-q-2026-09-28-md-20858902,oecd_crs_energy_microdata,1,2026-09-28,accepted,,"OECD Q value already in 2024 constant USD; UNIT_MULT applied, no FX or deflator rate applied"
crs-marker-biodiversity-oecd-crs-energy-vnm-2021-q-2026-09-28-md-20858902,line,oecd-crs-energy-vnm-2021-q-2026-09-28-md-20858902,,marker,,,0,,,,,0,biodiversity,oecd-crs-energy-vnm-2021-q-2026-09-28-md-20858902,oecd_crs_energy_microdata,1,2026-09-28,accepted,,
crs-marker-mitigation-oecd-crs-energy-vnm-2021-q-2026-09-28-md-20858902,line,oecd-crs-energy-vnm-2021-q-2026-09-28-md-20858902,,marker,,,0,,,,,0,mitigation,oecd-crs-energy-vnm-2021-q-2026-09-28-md-20858902,oecd_crs_energy_microdata,1,2026-09-28,accepted,,
crs-marker-adaptation-oecd-crs-energy-vnm-2021-q-2026-09-28-md-20858902,line,oecd-crs-energy-vnm-2021-q-2026-09-28-md-20858902,,marker,,,0,,,,,0,adaptation,oecd-crs-energy-vnm-2021-q-2026-09-28-md-20858902,oecd_crs_energy_microdata,1,2026-09-28,accepted,,
crs-marker-desertification-oecd-crs-energy-vnm-2021-q-2026-09-28-md-20858902,line,oecd-crs-energy-vnm-2021-q-2026-09-28-md-20858902,,marker,,,,,,,,not_screened,desertification,oecd-crs-energy-vnm-2021-q-2026-09-28-md-20858902,oecd_crs_energy_microdata,1,2026-09-28,accepted,,
crs-flow-oecd-crs-energy-vnm-2021-q-2026-09-28-md-20858905,line,oecd-crs-energy-vnm-2021-q-2026-09-28-md-20858905,money,flow,disbursement,unknown,22437,,,USD,USD,,,oecd-crs-energy-vnm-2021-q-2026-09-28-md-20858905,oecd_crs_energy_microdata,1,2026-09-28,accepted,,"OECD Q value already in 2024 constant USD; UNIT_MULT applied, no FX or deflator rate applied"
crs-marker-biodiversity-oecd-crs-energy-vnm-2021-q-2026-09-28-md-20858905,line,oecd-crs-energy-vnm-2021-q-2026-09-28-md-20858905,,marker,,,0,,,,,0,biodiversity,oecd-crs-energy-vnm-2021-q-2026-09-28-md-20858905,oecd_crs_energy_microdata,1,2026-09-28,accepted,,
crs-marker-mitigation-oecd-crs-energy-vnm-2021-q-2026-09-28-md-20858905,line,oecd-crs-energy-vnm-2021-q-2026-09-28-md-20858905,,marker,,,0,,,,,0,mitigation,oecd-crs-energy-vnm-2021-q-2026-09-28-md-20858905,oecd_crs_energy_microdata,1,2026-09-28,accepted,,
crs-marker-adaptation-oecd-crs-energy-vnm-2021-q-2026-09-28-md-20858905,line,oecd-crs-energy-vnm-2021-q-2026-09-28-md-20858905,,marker,,,0,,,,,0,adaptation,oecd-crs-energy-vnm-2021-q-2026-09-28-md-20858905,oecd_crs_energy_microdata,1,2026-09-28,accepted,,
crs-marker-desertification-oecd-crs-energy-vnm-2021-q-2026-09-28-md-20858905,line,oecd-crs-energy-vnm-2021-q-2026-09-28-md-20858905,,marker,,,,,,,,not_screened,desertification,oecd-crs-energy-vnm-2021-q-2026-09-28-md-20858905,oecd_crs_energy_microdata,1,2026-09-28,accepted,,
crs-flow-oecd-crs-energy-vnm-2021-q-2026-09-28-md-20858895,line,oecd-crs-energy-vnm-2021-q-2026-09-28-md-20858895,money,flow,disbursement,unknown,10826,,,USD,USD,,,oecd-crs-energy-vnm-2021-q-2026-09-28-md-20858895,oecd_crs_energy_microdata,1,2026-09-28,accepted,,"OECD Q value already in 2024 constant USD; UNIT_MULT applied, no FX or deflator rate applied"
crs-marker-biodiversity-oecd-crs-energy-vnm-2021-q-2026-09-28-md-20858895,line,oecd-crs-energy-vnm-2021-q-2026-09-28-md-20858895,,marker,,,0,,,,,0,biodiversity,oecd-crs-energy-vnm-2021-q-2026-09-28-md-20858895,oecd_crs_energy_microdata,1,2026-09-28,accepted,,
crs-marker-mitigation-oecd-crs-energy-vnm-2021-q-2026-09-28-md-20858895,line,oecd-crs-energy-vnm-2021-q-2026-09-28-md-20858895,,marker,,,0,,,,,0,mitigation,oecd-crs-energy-vnm-2021-q-2026-09-28-md-20858895,oecd_crs_energy_microdata,1,2026-09-28,accepted,,
crs-marker-adaptation-oecd-crs-energy-vnm-2021-q-2026-09-28-md-20858895,line,oecd-crs-energy-vnm-2021-q-2026-09-28-md-20858895,,marker,,,0,,,,,0,adaptation,oecd-crs-energy-vnm-2021-q-2026-09-28-md-20858895,oecd_crs_energy_microdata,1,2026-09-28,accepted,,
crs-marker-desertification-oecd-crs-energy-vnm-2021-q-2026-09-28-md-20858895,line,oecd-crs-energy-vnm-2021-q-2026-09-28-md-20858895,,marker,,,,,,,,not_screened,desertification,oecd-crs-energy-vnm-2021-q-2026-09-28-md-20858895,oecd_crs_energy_microdata,1,2026-09-28,accepted,,
crs-flow-oecd-crs-energy-vnm-2021-q-2026-09-28-md-20858903,line,oecd-crs-energy-vnm-2021-q-2026-09-28-md-20858903,money,flow,disbursement,unknown,34491,,,USD,USD,,,oecd-crs-energy-vnm-2021-q-2026-09-28-md-20858903,oecd_crs_energy_microdata,1,2026-09-28,accepted,,"OECD Q value already in 2024 constant USD; UNIT_MULT applied, no FX or deflator rate applied"
crs-marker-biodiversity-oecd-crs-energy-vnm-2021-q-2026-09-28-md-20858903,line,oecd-crs-energy-vnm-2021-q-2026-09-28-md-20858903,,marker,,,0,,,,,0,biodiversity,oecd-crs-energy-vnm-2021-q-2026-09-28-md-20858903,oecd_crs_energy_microdata,1,2026-09-28,accepted,,
crs-marker-mitigation-oecd-crs-energy-vnm-2021-q-2026-09-28-md-20858903,line,oecd-crs-energy-vnm-2021-q-2026-09-28-md-20858903,,marker,,,0,,,,,0,mitigation,oecd-crs-energy-vnm-2021-q-2026-09-28-md-20858903,oecd_crs_energy_microdata,1,2026-09-28,accepted,,
crs-marker-adaptation-oecd-crs-energy-vnm-2021-q-2026-09-28-md-20858903,line,oecd-crs-energy-vnm-2021-q-2026-09-28-md-20858903,,marker,,,0,,,,,0,adaptation,oecd-crs-energy-vnm-2021-q-2026-09-28-md-20858903,oecd_crs_energy_microdata,1,2026-09-28,accepted,,
crs-marker-desertification-oecd-crs-energy-vnm-2021-q-2026-09-28-md-20858903,line,oecd-crs-energy-vnm-2021-q-2026-09-28-md-20858903,,marker,,,,,,,,not_screened,desertification,oecd-crs-energy-vnm-2021-q-2026-09-28-md-20858903,oecd_crs_energy_microdata,1,2026-09-28,accepted,,
crs-flow-oecd-crs-energy-vnm-2021-q-2026-09-28-md-20858904,line,oecd-crs-energy-vnm-2021-q-2026-09-28-md-20858904,money,flow,disbursement,unknown,15493,,,USD,USD,,,oecd-crs-energy-vnm-2021-q-2026-09-28-md-20858904,oecd_crs_energy_microdata,1,2026-09-28,accepted,,"OECD Q value already in 2024 constant USD; UNIT_MULT applied, no FX or deflator rate applied"
crs-marker-biodiversity-oecd-crs-energy-vnm-2021-q-2026-09-28-md-20858904,line,oecd-crs-energy-vnm-2021-q-2026-09-28-md-20858904,,marker,,,0,,,,,0,biodiversity,oecd-crs-energy-vnm-2021-q-2026-09-28-md-20858904,oecd_crs_energy_microdata,1,2026-09-28,accepted,,
crs-marker-mitigation-oecd-crs-energy-vnm-2021-q-2026-09-28-md-20858904,line,oecd-crs-energy-vnm-2021-q-2026-09-28-md-20858904,,marker,,,0,,,,,0,mitigation,oecd-crs-energy-vnm-2021-q-2026-09-28-md-20858904,oecd_crs_energy_microdata,1,2026-09-28,accepted,,
crs-marker-adaptation-oecd-crs-energy-vnm-2021-q-2026-09-28-md-20858904,line,oecd-crs-energy-vnm-2021-q-2026-09-28-md-20858904,,marker,,,0,,,,,0,adaptation,oecd-crs-energy-vnm-2021-q-2026-09-28-md-20858904,oecd_crs_energy_microdata,1,2026-09-28,accepted,,
crs-marker-desertification-oecd-crs-energy-vnm-2021-q-2026-09-28-md-20858904,line,oecd-crs-energy-vnm-2021-q-2026-09-28-md-20858904,,marker,,,,,,,,not_screened,desertification,oecd-crs-energy-vnm-2021-q-2026-09-28-md-20858904,oecd_crs_energy_microdata,1,2026-09-28,accepted,,
crs-flow-oecd-crs-energy-vnm-2021-q-2026-09-28-md-20837923,line,oecd-crs-energy-vnm-2021-q-2026-09-28-md-20837923,money,flow,disbursement,unknown,2845625,,,USD,USD,,,oecd-crs-energy-vnm-2021-q-2026-09-28-md-20837923,oecd_crs_energy_microdata,1,2026-09-28,accepted,,"OECD Q value already in 2024 constant USD; UNIT_MULT applied, no FX or deflator rate applied"
crs-marker-biodiversity-oecd-crs-energy-vnm-2021-q-2026-09-28-md-20837923,line,oecd-crs-energy-vnm-2021-q-2026-09-28-md-20837923,,marker,,,0,,,,,0,biodiversity,oecd-crs-energy-vnm-2021-q-2026-09-28-md-20837923,oecd_crs_energy_microdata,1,2026-09-28,accepted,,
crs-marker-mitigation-oecd-crs-energy-vnm-2021-q-2026-09-28-md-20837923,line,oecd-crs-energy-vnm-2021-q-2026-09-28-md-20837923,,marker,,,2,,,,,2,mitigation,oecd-crs-energy-vnm-2021-q-2026-09-28-md-20837923,oecd_crs_energy_microdata,1,2026-09-28,accepted,,
crs-marker-adaptation-oecd-crs-energy-vnm-2021-q-2026-09-28-md-20837923,line,oecd-crs-energy-vnm-2021-q-2026-09-28-md-20837923,,marker,,,0,,,,,0,adaptation,oecd-crs-energy-vnm-2021-q-2026-09-28-md-20837923,oecd_crs_energy_microdata,1,2026-09-28,accepted,,
crs-marker-desertification-oecd-crs-energy-vnm-2021-q-2026-09-28-md-20837923,line,oecd-crs-energy-vnm-2021-q-2026-09-28-md-20837923,,marker,,,,,,,,not_screened,desertification,oecd-crs-energy-vnm-2021-q-2026-09-28-md-20837923,oecd_crs_energy_microdata,1,2026-09-28,accepted,,
crs-flow-oecd-crs-energy-vnm-2021-q-2026-09-28-md-20844369,line,oecd-crs-energy-vnm-2021-q-2026-09-28-md-20844369,money,flow,disbursement,unknown,2313967,,,USD,USD,,,oecd-crs-energy-vnm-2021-q-2026-09-28-md-20844369,oecd_crs_energy_microdata,1,2026-09-28,accepted,,"OECD Q value already in 2024 constant USD; UNIT_MULT applied, no FX or deflator rate applied"
crs-marker-biodiversity-oecd-crs-energy-vnm-2021-q-2026-09-28-md-20844369,line,oecd-crs-energy-vnm-2021-q-2026-09-28-md-20844369,,marker,,,0,,,,,0,biodiversity,oecd-crs-energy-vnm-2021-q-2026-09-28-md-20844369,oecd_crs_energy_microdata,1,2026-09-28,accepted,,
crs-marker-mitigation-oecd-crs-energy-vnm-2021-q-2026-09-28-md-20844369,line,oecd-crs-energy-vnm-2021-q-2026-09-28-md-20844369,,marker,,,0,,,,,0,mitigation,oecd-crs-energy-vnm-2021-q-2026-09-28-md-20844369,oecd_crs_energy_microdata,1,2026-09-28,accepted,,
crs-marker-adaptation-oecd-crs-energy-vnm-2021-q-2026-09-28-md-20844369,line,oecd-crs-energy-vnm-2021-q-2026-09-28-md-20844369,,marker,,,0,,,,,0,adaptation,oecd-crs-energy-vnm-2021-q-2026-09-28-md-20844369,oecd_crs_energy_microdata,1,2026-09-28,accepted,,
crs-marker-desertification-oecd-crs-energy-vnm-2021-q-2026-09-28-md-20844369,line,oecd-crs-energy-vnm-2021-q-2026-09-28-md-20844369,,marker,,,,,,,,not_screened,desertification,oecd-crs-energy-vnm-2021-q-2026-09-28-md-20844369,oecd_crs_energy_microdata,1,2026-09-28,accepted,,
crs-flow-oecd-crs-energy-vnm-2021-q-2026-09-28-md-20271988,line,oecd-crs-energy-vnm-2021-q-2026-09-28-md-20271988,money,flow,commitment,unknown,2845830,,,USD,USD,,,oecd-crs-energy-vnm-2021-q-2026-09-28-md-20271988,oecd_crs_energy_microdata,1,2026-09-28,accepted,,"OECD Q value already in 2024 constant USD; UNIT_MULT applied, no FX or deflator rate applied"
crs-marker-biodiversity-oecd-crs-energy-vnm-2021-q-2026-09-28-md-20271988,line,oecd-crs-energy-vnm-2021-q-2026-09-28-md-20271988,,marker,,,0,,,,,0,biodiversity,oecd-crs-energy-vnm-2021-q-2026-09-28-md-20271988,oecd_crs_energy_microdata,1,2026-09-28,accepted,,
crs-marker-mitigation-oecd-crs-energy-vnm-2021-q-2026-09-28-md-20271988,line,oecd-crs-energy-vnm-2021-q-2026-09-28-md-20271988,,marker,,,2,,,,,2,mitigation,oecd-crs-energy-vnm-2021-q-2026-09-28-md-20271988,oecd_crs_energy_microdata,1,2026-09-28,accepted,,
crs-marker-adaptation-oecd-crs-energy-vnm-2021-q-2026-09-28-md-20271988,line,oecd-crs-energy-vnm-2021-q-2026-09-28-md-20271988,,marker,,,0,,,,,0,adaptation,oecd-crs-energy-vnm-2021-q-2026-09-28-md-20271988,oecd_crs_energy_microdata,1,2026-09-28,accepted,,
crs-marker-desertification-oecd-crs-energy-vnm-2021-q-2026-09-28-md-20271988,line,oecd-crs-energy-vnm-2021-q-2026-09-28-md-20271988,,marker,,,,,,,,not_screened,desertification,oecd-crs-energy-vnm-2021-q-2026-09-28-md-20271988,oecd_crs_energy_microdata,1,2026-09-28,accepted,,
crs-flow-oecd-crs-energy-vnm-2021-q-2026-09-28-md-20858898,line,oecd-crs-energy-vnm-2021-q-2026-09-28-md-20858898,money,flow,disbursement,unknown,18339,,,USD,USD,,,oecd-crs-energy-vnm-2021-q-2026-09-28-md-20858898,oecd_crs_energy_microdata,1,2026-09-28,accepted,,"OECD Q value already in 2024 constant USD; UNIT_MULT applied, no FX or deflator rate applied"
crs-marker-biodiversity-oecd-crs-energy-vnm-2021-q-2026-09-28-md-20858898,line,oecd-crs-energy-vnm-2021-q-2026-09-28-md-20858898,,marker,,,0,,,,,0,biodiversity,oecd-crs-energy-vnm-2021-q-2026-09-28-md-20858898,oecd_crs_energy_microdata,1,2026-09-28,accepted,,
crs-marker-mitigation-oecd-crs-energy-vnm-2021-q-2026-09-28-md-20858898,line,oecd-crs-energy-vnm-2021-q-2026-09-28-md-20858898,,marker,,,0,,,,,0,mitigation,oecd-crs-energy-vnm-2021-q-2026-09-28-md-20858898,oecd_crs_energy_microdata,1,2026-09-28,accepted,,
crs-marker-adaptation-oecd-crs-energy-vnm-2021-q-2026-09-28-md-20858898,line,oecd-crs-energy-vnm-2021-q-2026-09-28-md-20858898,,marker,,,0,,,,,0,adaptation,oecd-crs-energy-vnm-2021-q-2026-09-28-md-20858898,oecd_crs_energy_microdata,1,2026-09-28,accepted,,
crs-marker-desertification-oecd-crs-energy-vnm-2021-q-2026-09-28-md-20858898,line,oecd-crs-energy-vnm-2021-q-2026-09-28-md-20858898,,marker,,,,,,,,not_screened,desertification,oecd-crs-energy-vnm-2021-q-2026-09-28-md-20858898,oecd_crs_energy_microdata,1,2026-09-28,accepted,,
crs-flow-oecd-crs-energy-vnm-2021-q-2026-09-28-md-20858896,line,oecd-crs-energy-vnm-2021-q-2026-09-28-md-20858896,money,flow,disbursement,unknown,15823,,,USD,USD,,,oecd-crs-energy-vnm-2021-q-2026-09-28-md-20858896,oecd_crs_energy_microdata,1,2026-09-28,accepted,,"OECD Q value already in 2024 constant USD; UNIT_MULT applied, no FX or deflator rate applied"
crs-marker-biodiversity-oecd-crs-energy-vnm-2021-q-2026-09-28-md-20858896,line,oecd-crs-energy-vnm-2021-q-2026-09-28-md-20858896,,marker,,,0,,,,,0,biodiversity,oecd-crs-energy-vnm-2021-q-2026-09-28-md-20858896,oecd_crs_energy_microdata,1,2026-09-28,accepted,,
crs-marker-mitigation-oecd-crs-energy-vnm-2021-q-2026-09-28-md-20858896,line,oecd-crs-energy-vnm-2021-q-2026-09-28-md-20858896,,marker,,,0,,,,,0,mitigation,oecd-crs-energy-vnm-2021-q-2026-09-28-md-20858896,oecd_crs_energy_microdata,1,2026-09-28,accepted,,
crs-marker-adaptation-oecd-crs-energy-vnm-2021-q-2026-09-28-md-20858896,line,oecd-crs-energy-vnm-2021-q-2026-09-28-md-20858896,,marker,,,0,,,,,0,adaptation,oecd-crs-energy-vnm-2021-q-2026-09-28-md-20858896,oecd_crs_energy_microdata,1,2026-09-28,accepted,,
crs-marker-desertification-oecd-crs-energy-vnm-2021-q-2026-09-28-md-20858896,line,oecd-crs-energy-vnm-2021-q-2026-09-28-md-20858896,,marker,,,,,,,,not_screened,desertification,oecd-crs-energy-vnm-2021-q-2026-09-28-md-20858896,oecd_crs_energy_microdata,1,2026-09-28,accepted,,
crs-flow-oecd-crs-energy-vnm-2021-q-2026-09-28-md-20858906,line,oecd-crs-energy-vnm-2021-q-2026-09-28-md-20858906,money,flow,disbursement,unknown,18339,,,USD,USD,,,oecd-crs-energy-vnm-2021-q-2026-09-28-md-20858906,oecd_crs_energy_microdata,1,2026-09-28,accepted,,"OECD Q value already in 2024 constant USD; UNIT_MULT applied, no FX or deflator rate applied"
crs-marker-biodiversity-oecd-crs-energy-vnm-2021-q-2026-09-28-md-20858906,line,oecd-crs-energy-vnm-2021-q-2026-09-28-md-20858906,,marker,,,0,,,,,0,biodiversity,oecd-crs-energy-vnm-2021-q-2026-09-28-md-20858906,oecd_crs_energy_microdata,1,2026-09-28,accepted,,
crs-marker-mitigation-oecd-crs-energy-vnm-2021-q-2026-09-28-md-20858906,line,oecd-crs-energy-vnm-2021-q-2026-09-28-md-20858906,,marker,,,0,,,,,0,mitigation,oecd-crs-energy-vnm-2021-q-2026-09-28-md-20858906,oecd_crs_energy_microdata,1,2026-09-28,accepted,,
crs-marker-adaptation-oecd-crs-energy-vnm-2021-q-2026-09-28-md-20858906,line,oecd-crs-energy-vnm-2021-q-2026-09-28-md-20858906,,marker,,,0,,,,,0,adaptation,oecd-crs-energy-vnm-2021-q-2026-09-28-md-20858906,oecd_crs_energy_microdata,1,2026-09-28,accepted,,
crs-marker-desertification-oecd-crs-energy-vnm-2021-q-2026-09-28-md-20858906,line,oecd-crs-energy-vnm-2021-q-2026-09-28-md-20858906,,marker,,,,,,,,not_screened,desertification,oecd-crs-energy-vnm-2021-q-2026-09-28-md-20858906,oecd_crs_energy_microdata,1,2026-09-28,accepted,,
crs-flow-oecd-crs-energy-vnm-2021-q-2026-09-28-md-20858900,line,oecd-crs-energy-vnm-2021-q-2026-09-28-md-20858900,money,flow,disbursement,unknown,20251,,,USD,USD,,,oecd-crs-energy-vnm-2021-q-2026-09-28-md-20858900,oecd_crs_energy_microdata,1,2026-09-28,accepted,,"OECD Q value already in 2024 constant USD; UNIT_MULT applied, no FX or deflator rate applied"
crs-marker-biodiversity-oecd-crs-energy-vnm-2021-q-2026-09-28-md-20858900,line,oecd-crs-energy-vnm-2021-q-2026-09-28-md-20858900,,marker,,,0,,,,,0,biodiversity,oecd-crs-energy-vnm-2021-q-2026-09-28-md-20858900,oecd_crs_energy_microdata,1,2026-09-28,accepted,,
crs-marker-mitigation-oecd-crs-energy-vnm-2021-q-2026-09-28-md-20858900,line,oecd-crs-energy-vnm-2021-q-2026-09-28-md-20858900,,marker,,,0,,,,,0,mitigation,oecd-crs-energy-vnm-2021-q-2026-09-28-md-20858900,oecd_crs_energy_microdata,1,2026-09-28,accepted,,
crs-marker-adaptation-oecd-crs-energy-vnm-2021-q-2026-09-28-md-20858900,line,oecd-crs-energy-vnm-2021-q-2026-09-28-md-20858900,,marker,,,0,,,,,0,adaptation,oecd-crs-energy-vnm-2021-q-2026-09-28-md-20858900,oecd_crs_energy_microdata,1,2026-09-28,accepted,,
crs-marker-desertification-oecd-crs-energy-vnm-2021-q-2026-09-28-md-20858900,line,oecd-crs-energy-vnm-2021-q-2026-09-28-md-20858900,,marker,,,,,,,,not_screened,desertification,oecd-crs-energy-vnm-2021-q-2026-09-28-md-20858900,oecd_crs_energy_microdata,1,2026-09-28,accepted,,
crs-flow-oecd-crs-energy-vnm-2021-q-2026-09-28-md-20723028,line,oecd-crs-energy-vnm-2021-q-2026-09-28-md-20723028,money,flow,disbursement,unknown,5220485,,,USD,USD,,,oecd-crs-energy-vnm-2021-q-2026-09-28-md-20723028,oecd_crs_energy_microdata,1,2026-09-28,accepted,,"OECD Q value already in 2024 constant USD; UNIT_MULT applied, no FX or deflator rate applied"
crs-marker-biodiversity-oecd-crs-energy-vnm-2021-q-2026-09-28-md-20723028,line,oecd-crs-energy-vnm-2021-q-2026-09-28-md-20723028,,marker,,,,,,,,not_screened,biodiversity,oecd-crs-energy-vnm-2021-q-2026-09-28-md-20723028,oecd_crs_energy_microdata,1,2026-09-28,accepted,,
crs-marker-mitigation-oecd-crs-energy-vnm-2021-q-2026-09-28-md-20723028,line,oecd-crs-energy-vnm-2021-q-2026-09-28-md-20723028,,marker,,,,,,,,not_screened,mitigation,oecd-crs-energy-vnm-2021-q-2026-09-28-md-20723028,oecd_crs_energy_microdata,1,2026-09-28,accepted,,
crs-marker-adaptation-oecd-crs-energy-vnm-2021-q-2026-09-28-md-20723028,line,oecd-crs-energy-vnm-2021-q-2026-09-28-md-20723028,,marker,,,,,,,,not_screened,adaptation,oecd-crs-energy-vnm-2021-q-2026-09-28-md-20723028,oecd_crs_energy_microdata,1,2026-09-28,accepted,,
crs-marker-desertification-oecd-crs-energy-vnm-2021-q-2026-09-28-md-20723028,line,oecd-crs-energy-vnm-2021-q-2026-09-28-md-20723028,,marker,,,,,,,,not_screened,desertification,oecd-crs-energy-vnm-2021-q-2026-09-28-md-20723028,oecd_crs_energy_microdata,1,2026-09-28,accepted,,
crs-flow-oecd-crs-energy-vnm-2021-q-2026-09-28-md-20723027,line,oecd-crs-energy-vnm-2021-q-2026-09-28-md-20723027,money,flow,disbursement,unknown,5899148,,,USD,USD,,,oecd-crs-energy-vnm-2021-q-2026-09-28-md-20723027,oecd_crs_energy_microdata,1,2026-09-28,accepted,,"OECD Q value already in 2024 constant USD; UNIT_MULT applied, no FX or deflator rate applied"
crs-marker-biodiversity-oecd-crs-energy-vnm-2021-q-2026-09-28-md-20723027,line,oecd-crs-energy-vnm-2021-q-2026-09-28-md-20723027,,marker,,,,,,,,not_screened,biodiversity,oecd-crs-energy-vnm-2021-q-2026-09-28-md-20723027,oecd_crs_energy_microdata,1,2026-09-28,accepted,,
crs-marker-mitigation-oecd-crs-energy-vnm-2021-q-2026-09-28-md-20723027,line,oecd-crs-energy-vnm-2021-q-2026-09-28-md-20723027,,marker,,,,,,,,not_screened,mitigation,oecd-crs-energy-vnm-2021-q-2026-09-28-md-20723027,oecd_crs_energy_microdata,1,2026-09-28,accepted,,
crs-marker-adaptation-oecd-crs-energy-vnm-2021-q-2026-09-28-md-20723027,line,oecd-crs-energy-vnm-2021-q-2026-09-28-md-20723027,,marker,,,,,,,,not_screened,adaptation,oecd-crs-energy-vnm-2021-q-2026-09-28-md-20723027,oecd_crs_energy_microdata,1,2026-09-28,accepted,,
crs-marker-desertification-oecd-crs-energy-vnm-2021-q-2026-09-28-md-20723027,line,oecd-crs-energy-vnm-2021-q-2026-09-28-md-20723027,,marker,,,,,,,,not_screened,desertification,oecd-crs-energy-vnm-2021-q-2026-09-28-md-20723027,oecd_crs_energy_microdata,1,2026-09-28,accepted,,
crs-flow-oecd-crs-energy-vnm-2021-q-2026-09-28-md-20907528,line,oecd-crs-energy-vnm-2021-q-2026-09-28-md-20907528,money,flow,disbursement,unknown,3578,,,USD,USD,,,oecd-crs-energy-vnm-2021-q-2026-09-28-md-20907528,oecd_crs_energy_microdata,1,2026-09-28,accepted,,"OECD Q value already in 2024 constant USD; UNIT_MULT applied, no FX or deflator rate applied"
crs-marker-biodiversity-oecd-crs-energy-vnm-2021-q-2026-09-28-md-20907528,line,oecd-crs-energy-vnm-2021-q-2026-09-28-md-20907528,,marker,,,0,,,,,0,biodiversity,oecd-crs-energy-vnm-2021-q-2026-09-28-md-20907528,oecd_crs_energy_microdata,1,2026-09-28,accepted,,
crs-marker-mitigation-oecd-crs-energy-vnm-2021-q-2026-09-28-md-20907528,line,oecd-crs-energy-vnm-2021-q-2026-09-28-md-20907528,,marker,,,0,,,,,0,mitigation,oecd-crs-energy-vnm-2021-q-2026-09-28-md-20907528,oecd_crs_energy_microdata,1,2026-09-28,accepted,,
crs-marker-adaptation-oecd-crs-energy-vnm-2021-q-2026-09-28-md-20907528,line,oecd-crs-energy-vnm-2021-q-2026-09-28-md-20907528,,marker,,,0,,,,,0,adaptation,oecd-crs-energy-vnm-2021-q-2026-09-28-md-20907528,oecd_crs_energy_microdata,1,2026-09-28,accepted,,
crs-marker-desertification-oecd-crs-energy-vnm-2021-q-2026-09-28-md-20907528,line,oecd-crs-energy-vnm-2021-q-2026-09-28-md-20907528,,marker,,,0,,,,,0,desertification,oecd-crs-energy-vnm-2021-q-2026-09-28-md-20907528,oecd_crs_energy_microdata,1,2026-09-28,accepted,,
crs-flow-oecd-crs-energy-vnm-2021-q-2026-09-28-md-20910339,line,oecd-crs-energy-vnm-2021-q-2026-09-28-md-20910339,money,flow,disbursement,unknown,7753,,,USD,USD,,,oecd-crs-energy-vnm-2021-q-2026-09-28-md-20910339,oecd_crs_energy_microdata,1,2026-09-28,accepted,,"OECD Q value already in 2024 constant USD; UNIT_MULT applied, no FX or deflator rate applied"
crs-marker-biodiversity-oecd-crs-energy-vnm-2021-q-2026-09-28-md-20910339,line,oecd-crs-energy-vnm-2021-q-2026-09-28-md-20910339,,marker,,,0,,,,,0,biodiversity,oecd-crs-energy-vnm-2021-q-2026-09-28-md-20910339,oecd_crs_energy_microdata,1,2026-09-28,accepted,,
crs-marker-mitigation-oecd-crs-energy-vnm-2021-q-2026-09-28-md-20910339,line,oecd-crs-energy-vnm-2021-q-2026-09-28-md-20910339,,marker,,,2,,,,,2,mitigation,oecd-crs-energy-vnm-2021-q-2026-09-28-md-20910339,oecd_crs_energy_microdata,1,2026-09-28,accepted,,
crs-marker-adaptation-oecd-crs-energy-vnm-2021-q-2026-09-28-md-20910339,line,oecd-crs-energy-vnm-2021-q-2026-09-28-md-20910339,,marker,,,0,,,,,0,adaptation,oecd-crs-energy-vnm-2021-q-2026-09-28-md-20910339,oecd_crs_energy_microdata,1,2026-09-28,accepted,,
crs-marker-desertification-oecd-crs-energy-vnm-2021-q-2026-09-28-md-20910339,line,oecd-crs-energy-vnm-2021-q-2026-09-28-md-20910339,,marker,,,0,,,,,0,desertification,oecd-crs-energy-vnm-2021-q-2026-09-28-md-20910339,oecd_crs_energy_microdata,1,2026-09-28,accepted,,
crs-flow-oecd-crs-energy-vnm-2021-q-2026-09-28-md-20306678,line,oecd-crs-energy-vnm-2021-q-2026-09-28-md-20306678,money,flow,commitment,unknown,3578,,,USD,USD,,,oecd-crs-energy-vnm-2021-q-2026-09-28-md-20306678,oecd_crs_energy_microdata,1,2026-09-28,accepted,,"OECD Q value already in 2024 constant USD; UNIT_MULT applied, no FX or deflator rate applied"
crs-marker-biodiversity-oecd-crs-energy-vnm-2021-q-2026-09-28-md-20306678,line,oecd-crs-energy-vnm-2021-q-2026-09-28-md-20306678,,marker,,,0,,,,,0,biodiversity,oecd-crs-energy-vnm-2021-q-2026-09-28-md-20306678,oecd_crs_energy_microdata,1,2026-09-28,accepted,,
crs-marker-mitigation-oecd-crs-energy-vnm-2021-q-2026-09-28-md-20306678,line,oecd-crs-energy-vnm-2021-q-2026-09-28-md-20306678,,marker,,,0,,,,,0,mitigation,oecd-crs-energy-vnm-2021-q-2026-09-28-md-20306678,oecd_crs_energy_microdata,1,2026-09-28,accepted,,
crs-marker-adaptation-oecd-crs-energy-vnm-2021-q-2026-09-28-md-20306678,line,oecd-crs-energy-vnm-2021-q-2026-09-28-md-20306678,,marker,,,0,,,,,0,adaptation,oecd-crs-energy-vnm-2021-q-2026-09-28-md-20306678,oecd_crs_energy_microdata,1,2026-09-28,accepted,,
crs-marker-desertification-oecd-crs-energy-vnm-2021-q-2026-09-28-md-20306678,line,oecd-crs-energy-vnm-2021-q-2026-09-28-md-20306678,,marker,,,0,,,,,0,desertification,oecd-crs-energy-vnm-2021-q-2026-09-28-md-20306678,oecd_crs_energy_microdata,1,2026-09-28,accepted,,
crs-flow-oecd-crs-energy-vnm-2021-q-2026-09-28-md-20306861,line,oecd-crs-energy-vnm-2021-q-2026-09-28-md-20306861,money,flow,commitment,unknown,7753,,,USD,USD,,,oecd-crs-energy-vnm-2021-q-2026-09-28-md-20306861,oecd_crs_energy_microdata,1,2026-09-28,accepted,,"OECD Q value already in 2024 constant USD; UNIT_MULT applied, no FX or deflator rate applied"
crs-marker-biodiversity-oecd-crs-energy-vnm-2021-q-2026-09-28-md-20306861,line,oecd-crs-energy-vnm-2021-q-2026-09-28-md-20306861,,marker,,,0,,,,,0,biodiversity,oecd-crs-energy-vnm-2021-q-2026-09-28-md-20306861,oecd_crs_energy_microdata,1,2026-09-28,accepted,,
crs-marker-mitigation-oecd-crs-energy-vnm-2021-q-2026-09-28-md-20306861,line,oecd-crs-energy-vnm-2021-q-2026-09-28-md-20306861,,marker,,,2,,,,,2,mitigation,oecd-crs-energy-vnm-2021-q-2026-09-28-md-20306861,oecd_crs_energy_microdata,1,2026-09-28,accepted,,
crs-marker-adaptation-oecd-crs-energy-vnm-2021-q-2026-09-28-md-20306861,line,oecd-crs-energy-vnm-2021-q-2026-09-28-md-20306861,,marker,,,0,,,,,0,adaptation,oecd-crs-energy-vnm-2021-q-2026-09-28-md-20306861,oecd_crs_energy_microdata,1,2026-09-28,accepted,,
crs-marker-desertification-oecd-crs-energy-vnm-2021-q-2026-09-28-md-20306861,line,oecd-crs-energy-vnm-2021-q-2026-09-28-md-20306861,,marker,,,0,,,,,0,desertification,oecd-crs-energy-vnm-2021-q-2026-09-28-md-20306861,oecd_crs_energy_microdata,1,2026-09-28,accepted,,
crs-flow-oecd-crs-energy-vnm-2021-q-2026-09-28-md-20171452,line,oecd-crs-energy-vnm-2021-q-2026-09-28-md-20171452,money,flow,commitment,unknown,529924,,,USD,USD,,,oecd-crs-energy-vnm-2021-q-2026-09-28-md-20171452,oecd_crs_energy_microdata,1,2026-09-28,accepted,,"OECD Q value already in 2024 constant USD; UNIT_MULT applied, no FX or deflator rate applied"
crs-marker-biodiversity-oecd-crs-energy-vnm-2021-q-2026-09-28-md-20171452,line,oecd-crs-energy-vnm-2021-q-2026-09-28-md-20171452,,marker,,,0,,,,,0,biodiversity,oecd-crs-energy-vnm-2021-q-2026-09-28-md-20171452,oecd_crs_energy_microdata,1,2026-09-28,accepted,,
crs-marker-mitigation-oecd-crs-energy-vnm-2021-q-2026-09-28-md-20171452,line,oecd-crs-energy-vnm-2021-q-2026-09-28-md-20171452,,marker,,,2,,,,,2,mitigation,oecd-crs-energy-vnm-2021-q-2026-09-28-md-20171452,oecd_crs_energy_microdata,1,2026-09-28,accepted,,
crs-marker-adaptation-oecd-crs-energy-vnm-2021-q-2026-09-28-md-20171452,line,oecd-crs-energy-vnm-2021-q-2026-09-28-md-20171452,,marker,,,0,,,,,0,adaptation,oecd-crs-energy-vnm-2021-q-2026-09-28-md-20171452,oecd_crs_energy_microdata,1,2026-09-28,accepted,,
crs-marker-desertification-oecd-crs-energy-vnm-2021-q-2026-09-28-md-20171452,line,oecd-crs-energy-vnm-2021-q-2026-09-28-md-20171452,,marker,,,0,,,,,0,desertification,oecd-crs-energy-vnm-2021-q-2026-09-28-md-20171452,oecd_crs_energy_microdata,1,2026-09-28,accepted,,
crs-flow-oecd-crs-energy-vnm-2021-q-2026-09-28-md-20691107,line,oecd-crs-energy-vnm-2021-q-2026-09-28-md-20691107,money,flow,disbursement,unknown,136893,,,USD,USD,,,oecd-crs-energy-vnm-2021-q-2026-09-28-md-20691107,oecd_crs_energy_microdata,1,2026-09-28,accepted,,"OECD Q value already in 2024 constant USD; UNIT_MULT applied, no FX or deflator rate applied"
crs-marker-biodiversity-oecd-crs-energy-vnm-2021-q-2026-09-28-md-20691107,line,oecd-crs-energy-vnm-2021-q-2026-09-28-md-20691107,,marker,,,0,,,,,0,biodiversity,oecd-crs-energy-vnm-2021-q-2026-09-28-md-20691107,oecd_crs_energy_microdata,1,2026-09-28,accepted,,
crs-marker-mitigation-oecd-crs-energy-vnm-2021-q-2026-09-28-md-20691107,line,oecd-crs-energy-vnm-2021-q-2026-09-28-md-20691107,,marker,,,0,,,,,0,mitigation,oecd-crs-energy-vnm-2021-q-2026-09-28-md-20691107,oecd_crs_energy_microdata,1,2026-09-28,accepted,,
crs-marker-adaptation-oecd-crs-energy-vnm-2021-q-2026-09-28-md-20691107,line,oecd-crs-energy-vnm-2021-q-2026-09-28-md-20691107,,marker,,,0,,,,,0,adaptation,oecd-crs-energy-vnm-2021-q-2026-09-28-md-20691107,oecd_crs_energy_microdata,1,2026-09-28,accepted,,
crs-marker-desertification-oecd-crs-energy-vnm-2021-q-2026-09-28-md-20691107,line,oecd-crs-energy-vnm-2021-q-2026-09-28-md-20691107,,marker,,,0,,,,,0,desertification,oecd-crs-energy-vnm-2021-q-2026-09-28-md-20691107,oecd_crs_energy_microdata,1,2026-09-28,accepted,,
crs-flow-oecd-crs-energy-vnm-2021-q-2026-09-28-md-20697890,line,oecd-crs-energy-vnm-2021-q-2026-09-28-md-20697890,money,flow,disbursement,unknown,70222,,,USD,USD,,,oecd-crs-energy-vnm-2021-q-2026-09-28-md-20697890,oecd_crs_energy_microdata,1,2026-09-28,accepted,,"OECD Q value already in 2024 constant USD; UNIT_MULT applied, no FX or deflator rate applied"
crs-marker-biodiversity-oecd-crs-energy-vnm-2021-q-2026-09-28-md-20697890,line,oecd-crs-energy-vnm-2021-q-2026-09-28-md-20697890,,marker,,,0,,,,,0,biodiversity,oecd-crs-energy-vnm-2021-q-2026-09-28-md-20697890,oecd_crs_energy_microdata,1,2026-09-28,accepted,,
crs-marker-mitigation-oecd-crs-energy-vnm-2021-q-2026-09-28-md-20697890,line,oecd-crs-energy-vnm-2021-q-2026-09-28-md-20697890,,marker,,,2,,,,,2,mitigation,oecd-crs-energy-vnm-2021-q-2026-09-28-md-20697890,oecd_crs_energy_microdata,1,2026-09-28,accepted,,
crs-marker-adaptation-oecd-crs-energy-vnm-2021-q-2026-09-28-md-20697890,line,oecd-crs-energy-vnm-2021-q-2026-09-28-md-20697890,,marker,,,0,,,,,0,adaptation,oecd-crs-energy-vnm-2021-q-2026-09-28-md-20697890,oecd_crs_energy_microdata,1,2026-09-28,accepted,,
crs-marker-desertification-oecd-crs-energy-vnm-2021-q-2026-09-28-md-20697890,line,oecd-crs-energy-vnm-2021-q-2026-09-28-md-20697890,,marker,,,0,,,,,0,desertification,oecd-crs-energy-vnm-2021-q-2026-09-28-md-20697890,oecd_crs_energy_microdata,1,2026-09-28,accepted,,
crs-flow-oecd-crs-energy-vnm-2021-q-2026-09-28-md-20687769,line,oecd-crs-energy-vnm-2021-q-2026-09-28-md-20687769,money,flow,disbursement,unknown,183935783,,,USD,USD,,,oecd-crs-energy-vnm-2021-q-2026-09-28-md-20687769,oecd_crs_energy_microdata,1,2026-09-28,accepted,,"OECD Q value already in 2024 constant USD; UNIT_MULT applied, no FX or deflator rate applied"
crs-marker-biodiversity-oecd-crs-energy-vnm-2021-q-2026-09-28-md-20687769,line,oecd-crs-energy-vnm-2021-q-2026-09-28-md-20687769,,marker,,,,,,,,not_screened,biodiversity,oecd-crs-energy-vnm-2021-q-2026-09-28-md-20687769,oecd_crs_energy_microdata,1,2026-09-28,accepted,,
crs-marker-mitigation-oecd-crs-energy-vnm-2021-q-2026-09-28-md-20687769,line,oecd-crs-energy-vnm-2021-q-2026-09-28-md-20687769,,marker,,,,,,,,not_screened,mitigation,oecd-crs-energy-vnm-2021-q-2026-09-28-md-20687769,oecd_crs_energy_microdata,1,2026-09-28,accepted,,
crs-marker-adaptation-oecd-crs-energy-vnm-2021-q-2026-09-28-md-20687769,line,oecd-crs-energy-vnm-2021-q-2026-09-28-md-20687769,,marker,,,,,,,,not_screened,adaptation,oecd-crs-energy-vnm-2021-q-2026-09-28-md-20687769,oecd_crs_energy_microdata,1,2026-09-28,accepted,,
crs-marker-desertification-oecd-crs-energy-vnm-2021-q-2026-09-28-md-20687769,line,oecd-crs-energy-vnm-2021-q-2026-09-28-md-20687769,,marker,,,,,,,,not_screened,desertification,oecd-crs-energy-vnm-2021-q-2026-09-28-md-20687769,oecd_crs_energy_microdata,1,2026-09-28,accepted,,
crs-flow-oecd-crs-energy-vnm-2021-q-2026-09-28-md-20744069,line,oecd-crs-energy-vnm-2021-q-2026-09-28-md-20744069,money,flow,disbursement,unknown,371330,,,USD,USD,,,oecd-crs-energy-vnm-2021-q-2026-09-28-md-20744069,oecd_crs_energy_microdata,1,2026-09-28,accepted,,"OECD Q value already in 2024 constant USD; UNIT_MULT applied, no FX or deflator rate applied"
crs-marker-biodiversity-oecd-crs-energy-vnm-2021-q-2026-09-28-md-20744069,line,oecd-crs-energy-vnm-2021-q-2026-09-28-md-20744069,,marker,,,0,,,,,0,biodiversity,oecd-crs-energy-vnm-2021-q-2026-09-28-md-20744069,oecd_crs_energy_microdata,1,2026-09-28,accepted,,
crs-marker-mitigation-oecd-crs-energy-vnm-2021-q-2026-09-28-md-20744069,line,oecd-crs-energy-vnm-2021-q-2026-09-28-md-20744069,,marker,,,2,,,,,2,mitigation,oecd-crs-energy-vnm-2021-q-2026-09-28-md-20744069,oecd_crs_energy_microdata,1,2026-09-28,accepted,,
crs-marker-adaptation-oecd-crs-energy-vnm-2021-q-2026-09-28-md-20744069,line,oecd-crs-energy-vnm-2021-q-2026-09-28-md-20744069,,marker,,,0,,,,,0,adaptation,oecd-crs-energy-vnm-2021-q-2026-09-28-md-20744069,oecd_crs_energy_microdata,1,2026-09-28,accepted,,
crs-marker-desertification-oecd-crs-energy-vnm-2021-q-2026-09-28-md-20744069,line,oecd-crs-energy-vnm-2021-q-2026-09-28-md-20744069,,marker,,,0,,,,,0,desertification,oecd-crs-energy-vnm-2021-q-2026-09-28-md-20744069,oecd_crs_energy_microdata,1,2026-09-28,accepted,,
crs-flow-oecd-crs-energy-vnm-2021-q-2026-09-28-md-20207782,line,oecd-crs-energy-vnm-2021-q-2026-09-28-md-20207782,money,flow,commitment,unknown,1480253,,,USD,USD,,,oecd-crs-energy-vnm-2021-q-2026-09-28-md-20207782,oecd_crs_energy_microdata,1,2026-09-28,accepted,,"OECD Q value already in 2024 constant USD; UNIT_MULT applied, no FX or deflator rate applied"
crs-marker-biodiversity-oecd-crs-energy-vnm-2021-q-2026-09-28-md-20207782,line,oecd-crs-energy-vnm-2021-q-2026-09-28-md-20207782,,marker,,,,,,,,not_screened,biodiversity,oecd-crs-energy-vnm-2021-q-2026-09-28-md-20207782,oecd_crs_energy_microdata,1,2026-09-28,accepted,,
crs-marker-mitigation-oecd-crs-energy-vnm-2021-q-2026-09-28-md-20207782,line,oecd-crs-energy-vnm-2021-q-2026-09-28-md-20207782,,marker,,,1,,,,,1,mitigation,oecd-crs-energy-vnm-2021-q-2026-09-28-md-20207782,oecd_crs_energy_microdata,1,2026-09-28,accepted,,
crs-marker-adaptation-oecd-crs-energy-vnm-2021-q-2026-09-28-md-20207782,line,oecd-crs-energy-vnm-2021-q-2026-09-28-md-20207782,,marker,,,0,,,,,0,adaptation,oecd-crs-energy-vnm-2021-q-2026-09-28-md-20207782,oecd_crs_energy_microdata,1,2026-09-28,accepted,,
crs-marker-desertification-oecd-crs-energy-vnm-2021-q-2026-09-28-md-20207782,line,oecd-crs-energy-vnm-2021-q-2026-09-28-md-20207782,,marker,,,,,,,,not_screened,desertification,oecd-crs-energy-vnm-2021-q-2026-09-28-md-20207782,oecd_crs_energy_microdata,1,2026-09-28,accepted,,
crs-flow-oecd-crs-energy-vnm-2021-q-2026-09-28-md-20740716,line,oecd-crs-energy-vnm-2021-q-2026-09-28-md-20740716,money,flow,disbursement,unknown,211692,,,USD,USD,,,oecd-crs-energy-vnm-2021-q-2026-09-28-md-20740716,oecd_crs_energy_microdata,1,2026-09-28,accepted,,"OECD Q value already in 2024 constant USD; UNIT_MULT applied, no FX or deflator rate applied"
crs-marker-biodiversity-oecd-crs-energy-vnm-2021-q-2026-09-28-md-20740716,line,oecd-crs-energy-vnm-2021-q-2026-09-28-md-20740716,,marker,,,,,,,,not_screened,biodiversity,oecd-crs-energy-vnm-2021-q-2026-09-28-md-20740716,oecd_crs_energy_microdata,1,2026-09-28,accepted,,
crs-marker-mitigation-oecd-crs-energy-vnm-2021-q-2026-09-28-md-20740716,line,oecd-crs-energy-vnm-2021-q-2026-09-28-md-20740716,,marker,,,1,,,,,1,mitigation,oecd-crs-energy-vnm-2021-q-2026-09-28-md-20740716,oecd_crs_energy_microdata,1,2026-09-28,accepted,,
crs-marker-adaptation-oecd-crs-energy-vnm-2021-q-2026-09-28-md-20740716,line,oecd-crs-energy-vnm-2021-q-2026-09-28-md-20740716,,marker,,,0,,,,,0,adaptation,oecd-crs-energy-vnm-2021-q-2026-09-28-md-20740716,oecd_crs_energy_microdata,1,2026-09-28,accepted,,
crs-marker-desertification-oecd-crs-energy-vnm-2021-q-2026-09-28-md-20740716,line,oecd-crs-energy-vnm-2021-q-2026-09-28-md-20740716,,marker,,,,,,,,not_screened,desertification,oecd-crs-energy-vnm-2021-q-2026-09-28-md-20740716,oecd_crs_energy_microdata,1,2026-09-28,accepted,,
crs-flow-oecd-crs-energy-vnm-2021-q-2026-09-28-md-20744501,line,oecd-crs-energy-vnm-2021-q-2026-09-28-md-20744501,money,flow,disbursement,unknown,61109,,,USD,USD,,,oecd-crs-energy-vnm-2021-q-2026-09-28-md-20744501,oecd_crs_energy_microdata,1,2026-09-28,accepted,,"OECD Q value already in 2024 constant USD; UNIT_MULT applied, no FX or deflator rate applied"
crs-marker-biodiversity-oecd-crs-energy-vnm-2021-q-2026-09-28-md-20744501,line,oecd-crs-energy-vnm-2021-q-2026-09-28-md-20744501,,marker,,,0,,,,,0,biodiversity,oecd-crs-energy-vnm-2021-q-2026-09-28-md-20744501,oecd_crs_energy_microdata,1,2026-09-28,accepted,,
crs-marker-mitigation-oecd-crs-energy-vnm-2021-q-2026-09-28-md-20744501,line,oecd-crs-energy-vnm-2021-q-2026-09-28-md-20744501,,marker,,,2,,,,,2,mitigation,oecd-crs-energy-vnm-2021-q-2026-09-28-md-20744501,oecd_crs_energy_microdata,1,2026-09-28,accepted,,
crs-marker-adaptation-oecd-crs-energy-vnm-2021-q-2026-09-28-md-20744501,line,oecd-crs-energy-vnm-2021-q-2026-09-28-md-20744501,,marker,,,0,,,,,0,adaptation,oecd-crs-energy-vnm-2021-q-2026-09-28-md-20744501,oecd_crs_energy_microdata,1,2026-09-28,accepted,,
crs-marker-desertification-oecd-crs-energy-vnm-2021-q-2026-09-28-md-20744501,line,oecd-crs-energy-vnm-2021-q-2026-09-28-md-20744501,,marker,,,0,,,,,0,desertification,oecd-crs-energy-vnm-2021-q-2026-09-28-md-20744501,oecd_crs_energy_microdata,1,2026-09-28,accepted,,
crs-flow-oecd-crs-energy-vnm-2021-q-2026-09-28-md-20211499,line,oecd-crs-energy-vnm-2021-q-2026-09-28-md-20211499,money,flow,commitment,unknown,112486,,,USD,USD,,,oecd-crs-energy-vnm-2021-q-2026-09-28-md-20211499,oecd_crs_energy_microdata,1,2026-09-28,accepted,,"OECD Q value already in 2024 constant USD; UNIT_MULT applied, no FX or deflator rate applied"
crs-marker-biodiversity-oecd-crs-energy-vnm-2021-q-2026-09-28-md-20211499,line,oecd-crs-energy-vnm-2021-q-2026-09-28-md-20211499,,marker,,,0,,,,,0,biodiversity,oecd-crs-energy-vnm-2021-q-2026-09-28-md-20211499,oecd_crs_energy_microdata,1,2026-09-28,accepted,,
crs-marker-mitigation-oecd-crs-energy-vnm-2021-q-2026-09-28-md-20211499,line,oecd-crs-energy-vnm-2021-q-2026-09-28-md-20211499,,marker,,,2,,,,,2,mitigation,oecd-crs-energy-vnm-2021-q-2026-09-28-md-20211499,oecd_crs_energy_microdata,1,2026-09-28,accepted,,
crs-marker-adaptation-oecd-crs-energy-vnm-2021-q-2026-09-28-md-20211499,line,oecd-crs-energy-vnm-2021-q-2026-09-28-md-20211499,,marker,,,0,,,,,0,adaptation,oecd-crs-energy-vnm-2021-q-2026-09-28-md-20211499,oecd_crs_energy_microdata,1,2026-09-28,accepted,,
crs-marker-desertification-oecd-crs-energy-vnm-2021-q-2026-09-28-md-20211499,line,oecd-crs-energy-vnm-2021-q-2026-09-28-md-20211499,,marker,,,0,,,,,0,desertification,oecd-crs-energy-vnm-2021-q-2026-09-28-md-20211499,oecd_crs_energy_microdata,1,2026-09-28,accepted,,
crs-flow-oecd-crs-energy-vnm-2021-q-2026-09-28-md-20748537,line,oecd-crs-energy-vnm-2021-q-2026-09-28-md-20748537,money,flow,disbursement,unknown,396419,,,USD,USD,,,oecd-crs-energy-vnm-2021-q-2026-09-28-md-20748537,oecd_crs_energy_microdata,1,2026-09-28,accepted,,"OECD Q value already in 2024 constant USD; UNIT_MULT applied, no FX or deflator rate applied"
crs-marker-biodiversity-oecd-crs-energy-vnm-2021-q-2026-09-28-md-20748537,line,oecd-crs-energy-vnm-2021-q-2026-09-28-md-20748537,,marker,,,0,,,,,0,biodiversity,oecd-crs-energy-vnm-2021-q-2026-09-28-md-20748537,oecd_crs_energy_microdata,1,2026-09-28,accepted,,
crs-marker-mitigation-oecd-crs-energy-vnm-2021-q-2026-09-28-md-20748537,line,oecd-crs-energy-vnm-2021-q-2026-09-28-md-20748537,,marker,,,1,,,,,1,mitigation,oecd-crs-energy-vnm-2021-q-2026-09-28-md-20748537,oecd_crs_energy_microdata,1,2026-09-28,accepted,,
crs-marker-adaptation-oecd-crs-energy-vnm-2021-q-2026-09-28-md-20748537,line,oecd-crs-energy-vnm-2021-q-2026-09-28-md-20748537,,marker,,,0,,,,,0,adaptation,oecd-crs-energy-vnm-2021-q-2026-09-28-md-20748537,oecd_crs_energy_microdata,1,2026-09-28,accepted,,
crs-marker-desertification-oecd-crs-energy-vnm-2021-q-2026-09-28-md-20748537,line,oecd-crs-energy-vnm-2021-q-2026-09-28-md-20748537,,marker,,,0,,,,,0,desertification,oecd-crs-energy-vnm-2021-q-2026-09-28-md-20748537,oecd_crs_energy_microdata,1,2026-09-28,accepted,,
crs-flow-oecd-crs-energy-vnm-2021-q-2026-09-28-md-20209007,line,oecd-crs-energy-vnm-2021-q-2026-09-28-md-20209007,money,flow,commitment,unknown,5807257,,,USD,USD,,,oecd-crs-energy-vnm-2021-q-2026-09-28-md-20209007,oecd_crs_energy_microdata,1,2026-09-28,accepted,,"OECD Q value already in 2024 constant USD; UNIT_MULT applied, no FX or deflator rate applied"
crs-marker-biodiversity-oecd-crs-energy-vnm-2021-q-2026-09-28-md-20209007,line,oecd-crs-energy-vnm-2021-q-2026-09-28-md-20209007,,marker,,,0,,,,,0,biodiversity,oecd-crs-energy-vnm-2021-q-2026-09-28-md-20209007,oecd_crs_energy_microdata,1,2026-09-28,accepted,,
crs-marker-mitigation-oecd-crs-energy-vnm-2021-q-2026-09-28-md-20209007,line,oecd-crs-energy-vnm-2021-q-2026-09-28-md-20209007,,marker,,,1,,,,,1,mitigation,oecd-crs-energy-vnm-2021-q-2026-09-28-md-20209007,oecd_crs_energy_microdata,1,2026-09-28,accepted,,
crs-marker-adaptation-oecd-crs-energy-vnm-2021-q-2026-09-28-md-20209007,line,oecd-crs-energy-vnm-2021-q-2026-09-28-md-20209007,,marker,,,0,,,,,0,adaptation,oecd-crs-energy-vnm-2021-q-2026-09-28-md-20209007,oecd_crs_energy_microdata,1,2026-09-28,accepted,,
crs-marker-desertification-oecd-crs-energy-vnm-2021-q-2026-09-28-md-20209007,line,oecd-crs-energy-vnm-2021-q-2026-09-28-md-20209007,,marker,,,0,,,,,0,desertification,oecd-crs-energy-vnm-2021-q-2026-09-28-md-20209007,oecd_crs_energy_microdata,1,2026-09-28,accepted,,
crs-flow-oecd-crs-energy-vnm-2021-q-2026-09-28-md-20271989,line,oecd-crs-energy-vnm-2021-q-2026-09-28-md-20271989,money,flow,commitment,unknown,2205860,,,USD,USD,,,oecd-crs-energy-vnm-2021-q-2026-09-28-md-20271989,oecd_crs_energy_microdata,1,2026-09-28,accepted,,"OECD Q value already in 2024 constant USD; UNIT_MULT applied, no FX or deflator rate applied"
crs-marker-biodiversity-oecd-crs-energy-vnm-2021-q-2026-09-28-md-20271989,line,oecd-crs-energy-vnm-2021-q-2026-09-28-md-20271989,,marker,,,0,,,,,0,biodiversity,oecd-crs-energy-vnm-2021-q-2026-09-28-md-20271989,oecd_crs_energy_microdata,1,2026-09-28,accepted,,
crs-marker-mitigation-oecd-crs-energy-vnm-2021-q-2026-09-28-md-20271989,line,oecd-crs-energy-vnm-2021-q-2026-09-28-md-20271989,,marker,,,2,,,,,2,mitigation,oecd-crs-energy-vnm-2021-q-2026-09-28-md-20271989,oecd_crs_energy_microdata,1,2026-09-28,accepted,,
crs-marker-adaptation-oecd-crs-energy-vnm-2021-q-2026-09-28-md-20271989,line,oecd-crs-energy-vnm-2021-q-2026-09-28-md-20271989,,marker,,,0,,,,,0,adaptation,oecd-crs-energy-vnm-2021-q-2026-09-28-md-20271989,oecd_crs_energy_microdata,1,2026-09-28,accepted,,
crs-marker-desertification-oecd-crs-energy-vnm-2021-q-2026-09-28-md-20271989,line,oecd-crs-energy-vnm-2021-q-2026-09-28-md-20271989,,marker,,,,,,,,not_screened,desertification,oecd-crs-energy-vnm-2021-q-2026-09-28-md-20271989,oecd_crs_energy_microdata,1,2026-09-28,accepted,,
crs-flow-oecd-crs-energy-vnm-2021-q-2026-09-28-md-20648669,line,oecd-crs-energy-vnm-2021-q-2026-09-28-md-20648669,money,flow,disbursement,unknown,1091,,,USD,USD,,,oecd-crs-energy-vnm-2021-q-2026-09-28-md-20648669,oecd_crs_energy_microdata,1,2026-09-28,accepted,,"OECD Q value already in 2024 constant USD; UNIT_MULT applied, no FX or deflator rate applied"
crs-marker-biodiversity-oecd-crs-energy-vnm-2021-q-2026-09-28-md-20648669,line,oecd-crs-energy-vnm-2021-q-2026-09-28-md-20648669,,marker,,,,,,,,not_screened,biodiversity,oecd-crs-energy-vnm-2021-q-2026-09-28-md-20648669,oecd_crs_energy_microdata,1,2026-09-28,accepted,,
crs-marker-mitigation-oecd-crs-energy-vnm-2021-q-2026-09-28-md-20648669,line,oecd-crs-energy-vnm-2021-q-2026-09-28-md-20648669,,marker,,,0,,,,,0,mitigation,oecd-crs-energy-vnm-2021-q-2026-09-28-md-20648669,oecd_crs_energy_microdata,1,2026-09-28,accepted,,
crs-marker-adaptation-oecd-crs-energy-vnm-2021-q-2026-09-28-md-20648669,line,oecd-crs-energy-vnm-2021-q-2026-09-28-md-20648669,,marker,,,0,,,,,0,adaptation,oecd-crs-energy-vnm-2021-q-2026-09-28-md-20648669,oecd_crs_energy_microdata,1,2026-09-28,accepted,,
crs-marker-desertification-oecd-crs-energy-vnm-2021-q-2026-09-28-md-20648669,line,oecd-crs-energy-vnm-2021-q-2026-09-28-md-20648669,,marker,,,0,,,,,0,desertification,oecd-crs-energy-vnm-2021-q-2026-09-28-md-20648669,oecd_crs_energy_microdata,1,2026-09-28,accepted,,
crs-flow-oecd-crs-energy-vnm-2021-q-2026-09-28-md-20137240,line,oecd-crs-energy-vnm-2021-q-2026-09-28-md-20137240,money,flow,commitment,unknown,1091,,,USD,USD,,,oecd-crs-energy-vnm-2021-q-2026-09-28-md-20137240,oecd_crs_energy_microdata,1,2026-09-28,accepted,,"OECD Q value already in 2024 constant USD; UNIT_MULT applied, no FX or deflator rate applied"
crs-marker-biodiversity-oecd-crs-energy-vnm-2021-q-2026-09-28-md-20137240,line,oecd-crs-energy-vnm-2021-q-2026-09-28-md-20137240,,marker,,,,,,,,not_screened,biodiversity,oecd-crs-energy-vnm-2021-q-2026-09-28-md-20137240,oecd_crs_energy_microdata,1,2026-09-28,accepted,,
crs-marker-mitigation-oecd-crs-energy-vnm-2021-q-2026-09-28-md-20137240,line,oecd-crs-energy-vnm-2021-q-2026-09-28-md-20137240,,marker,,,0,,,,,0,mitigation,oecd-crs-energy-vnm-2021-q-2026-09-28-md-20137240,oecd_crs_energy_microdata,1,2026-09-28,accepted,,
crs-marker-adaptation-oecd-crs-energy-vnm-2021-q-2026-09-28-md-20137240,line,oecd-crs-energy-vnm-2021-q-2026-09-28-md-20137240,,marker,,,0,,,,,0,adaptation,oecd-crs-energy-vnm-2021-q-2026-09-28-md-20137240,oecd_crs_energy_microdata,1,2026-09-28,accepted,,
crs-marker-desertification-oecd-crs-energy-vnm-2021-q-2026-09-28-md-20137240,line,oecd-crs-energy-vnm-2021-q-2026-09-28-md-20137240,,marker,,,0,,,,,0,desertification,oecd-crs-energy-vnm-2021-q-2026-09-28-md-20137240,oecd_crs_energy_microdata,1,2026-09-28,accepted,,
crs-flow-oecd-crs-energy-vnm-2021-q-2026-09-28-md-20649045,line,oecd-crs-energy-vnm-2021-q-2026-09-28-md-20649045,money,flow,disbursement,unknown,39311,,,USD,USD,,,oecd-crs-energy-vnm-2021-q-2026-09-28-md-20649045,oecd_crs_energy_microdata,1,2026-09-28,accepted,,"OECD Q value already in 2024 constant USD; UNIT_MULT applied, no FX or deflator rate applied"
crs-marker-biodiversity-oecd-crs-energy-vnm-2021-q-2026-09-28-md-20649045,line,oecd-crs-energy-vnm-2021-q-2026-09-28-md-20649045,,marker,,,,,,,,not_screened,biodiversity,oecd-crs-energy-vnm-2021-q-2026-09-28-md-20649045,oecd_crs_energy_microdata,1,2026-09-28,accepted,,
crs-marker-mitigation-oecd-crs-energy-vnm-2021-q-2026-09-28-md-20649045,line,oecd-crs-energy-vnm-2021-q-2026-09-28-md-20649045,,marker,,,0,,,,,0,mitigation,oecd-crs-energy-vnm-2021-q-2026-09-28-md-20649045,oecd_crs_energy_microdata,1,2026-09-28,accepted,,
crs-marker-adaptation-oecd-crs-energy-vnm-2021-q-2026-09-28-md-20649045,line,oecd-crs-energy-vnm-2021-q-2026-09-28-md-20649045,,marker,,,0,,,,,0,adaptation,oecd-crs-energy-vnm-2021-q-2026-09-28-md-20649045,oecd_crs_energy_microdata,1,2026-09-28,accepted,,
crs-marker-desertification-oecd-crs-energy-vnm-2021-q-2026-09-28-md-20649045,line,oecd-crs-energy-vnm-2021-q-2026-09-28-md-20649045,,marker,,,0,,,,,0,desertification,oecd-crs-energy-vnm-2021-q-2026-09-28-md-20649045,oecd_crs_energy_microdata,1,2026-09-28,accepted,,
crs-flow-oecd-crs-energy-vnm-2021-q-2026-09-28-md-20140316,line,oecd-crs-energy-vnm-2021-q-2026-09-28-md-20140316,money,flow,commitment,unknown,39311,,,USD,USD,,,oecd-crs-energy-vnm-2021-q-2026-09-28-md-20140316,oecd_crs_energy_microdata,1,2026-09-28,accepted,,"OECD Q value already in 2024 constant USD; UNIT_MULT applied, no FX or deflator rate applied"
crs-marker-biodiversity-oecd-crs-energy-vnm-2021-q-2026-09-28-md-20140316,line,oecd-crs-energy-vnm-2021-q-2026-09-28-md-20140316,,marker,,,,,,,,not_screened,biodiversity,oecd-crs-energy-vnm-2021-q-2026-09-28-md-20140316,oecd_crs_energy_microdata,1,2026-09-28,accepted,,
crs-marker-mitigation-oecd-crs-energy-vnm-2021-q-2026-09-28-md-20140316,line,oecd-crs-energy-vnm-2021-q-2026-09-28-md-20140316,,marker,,,0,,,,,0,mitigation,oecd-crs-energy-vnm-2021-q-2026-09-28-md-20140316,oecd_crs_energy_microdata,1,2026-09-28,accepted,,
crs-marker-adaptation-oecd-crs-energy-vnm-2021-q-2026-09-28-md-20140316,line,oecd-crs-energy-vnm-2021-q-2026-09-28-md-20140316,,marker,,,0,,,,,0,adaptation,oecd-crs-energy-vnm-2021-q-2026-09-28-md-20140316,oecd_crs_energy_microdata,1,2026-09-28,accepted,,
crs-marker-desertification-oecd-crs-energy-vnm-2021-q-2026-09-28-md-20140316,line,oecd-crs-energy-vnm-2021-q-2026-09-28-md-20140316,,marker,,,0,,,,,0,desertification,oecd-crs-energy-vnm-2021-q-2026-09-28-md-20140316,oecd_crs_energy_microdata,1,2026-09-28,accepted,,
crs-flow-oecd-crs-energy-vnm-2021-q-2026-09-28-md-20658131,line,oecd-crs-energy-vnm-2021-q-2026-09-28-md-20658131,money,flow,disbursement,unknown,183142,,,USD,USD,,,oecd-crs-energy-vnm-2021-q-2026-09-28-md-20658131,oecd_crs_energy_microdata,1,2026-09-28,accepted,,"OECD Q value already in 2024 constant USD; UNIT_MULT applied, no FX or deflator rate applied"
crs-marker-biodiversity-oecd-crs-energy-vnm-2021-q-2026-09-28-md-20658131,line,oecd-crs-energy-vnm-2021-q-2026-09-28-md-20658131,,marker,,,,,,,,not_screened,biodiversity,oecd-crs-energy-vnm-2021-q-2026-09-28-md-20658131,oecd_crs_energy_microdata,1,2026-09-28,accepted,,
crs-marker-mitigation-oecd-crs-energy-vnm-2021-q-2026-09-28-md-20658131,line,oecd-crs-energy-vnm-2021-q-2026-09-28-md-20658131,,marker,,,0,,,,,0,mitigation,oecd-crs-energy-vnm-2021-q-2026-09-28-md-20658131,oecd_crs_energy_microdata,1,2026-09-28,accepted,,
crs-marker-adaptation-oecd-crs-energy-vnm-2021-q-2026-09-28-md-20658131,line,oecd-crs-energy-vnm-2021-q-2026-09-28-md-20658131,,marker,,,0,,,,,0,adaptation,oecd-crs-energy-vnm-2021-q-2026-09-28-md-20658131,oecd_crs_energy_microdata,1,2026-09-28,accepted,,
crs-marker-desertification-oecd-crs-energy-vnm-2021-q-2026-09-28-md-20658131,line,oecd-crs-energy-vnm-2021-q-2026-09-28-md-20658131,,marker,,,0,,,,,0,desertification,oecd-crs-energy-vnm-2021-q-2026-09-28-md-20658131,oecd_crs_energy_microdata,1,2026-09-28,accepted,,
crs-flow-oecd-crs-energy-vnm-2021-q-2026-09-28-md-20153512,line,oecd-crs-energy-vnm-2021-q-2026-09-28-md-20153512,money,flow,commitment,unknown,183142,,,USD,USD,,,oecd-crs-energy-vnm-2021-q-2026-09-28-md-20153512,oecd_crs_energy_microdata,1,2026-09-28,accepted,,"OECD Q value already in 2024 constant USD; UNIT_MULT applied, no FX or deflator rate applied"
crs-marker-biodiversity-oecd-crs-energy-vnm-2021-q-2026-09-28-md-20153512,line,oecd-crs-energy-vnm-2021-q-2026-09-28-md-20153512,,marker,,,,,,,,not_screened,biodiversity,oecd-crs-energy-vnm-2021-q-2026-09-28-md-20153512,oecd_crs_energy_microdata,1,2026-09-28,accepted,,
crs-marker-mitigation-oecd-crs-energy-vnm-2021-q-2026-09-28-md-20153512,line,oecd-crs-energy-vnm-2021-q-2026-09-28-md-20153512,,marker,,,0,,,,,0,mitigation,oecd-crs-energy-vnm-2021-q-2026-09-28-md-20153512,oecd_crs_energy_microdata,1,2026-09-28,accepted,,
crs-marker-adaptation-oecd-crs-energy-vnm-2021-q-2026-09-28-md-20153512,line,oecd-crs-energy-vnm-2021-q-2026-09-28-md-20153512,,marker,,,0,,,,,0,adaptation,oecd-crs-energy-vnm-2021-q-2026-09-28-md-20153512,oecd_crs_energy_microdata,1,2026-09-28,accepted,,
crs-marker-desertification-oecd-crs-energy-vnm-2021-q-2026-09-28-md-20153512,line,oecd-crs-energy-vnm-2021-q-2026-09-28-md-20153512,,marker,,,0,,,,,0,desertification,oecd-crs-energy-vnm-2021-q-2026-09-28-md-20153512,oecd_crs_energy_microdata,1,2026-09-28,accepted,,
crs-flow-oecd-crs-energy-vnm-2021-q-2026-09-28-md-20645259,line,oecd-crs-energy-vnm-2021-q-2026-09-28-md-20645259,money,flow,disbursement,unknown,350,,,USD,USD,,,oecd-crs-energy-vnm-2021-q-2026-09-28-md-20645259,oecd_crs_energy_microdata,1,2026-09-28,accepted,,"OECD Q value already in 2024 constant USD; UNIT_MULT applied, no FX or deflator rate applied"
crs-marker-biodiversity-oecd-crs-energy-vnm-2021-q-2026-09-28-md-20645259,line,oecd-crs-energy-vnm-2021-q-2026-09-28-md-20645259,,marker,,,,,,,,not_screened,biodiversity,oecd-crs-energy-vnm-2021-q-2026-09-28-md-20645259,oecd_crs_energy_microdata,1,2026-09-28,accepted,,
crs-marker-mitigation-oecd-crs-energy-vnm-2021-q-2026-09-28-md-20645259,line,oecd-crs-energy-vnm-2021-q-2026-09-28-md-20645259,,marker,,,2,,,,,2,mitigation,oecd-crs-energy-vnm-2021-q-2026-09-28-md-20645259,oecd_crs_energy_microdata,1,2026-09-28,accepted,,
crs-marker-adaptation-oecd-crs-energy-vnm-2021-q-2026-09-28-md-20645259,line,oecd-crs-energy-vnm-2021-q-2026-09-28-md-20645259,,marker,,,0,,,,,0,adaptation,oecd-crs-energy-vnm-2021-q-2026-09-28-md-20645259,oecd_crs_energy_microdata,1,2026-09-28,accepted,,
crs-marker-desertification-oecd-crs-energy-vnm-2021-q-2026-09-28-md-20645259,line,oecd-crs-energy-vnm-2021-q-2026-09-28-md-20645259,,marker,,,0,,,,,0,desertification,oecd-crs-energy-vnm-2021-q-2026-09-28-md-20645259,oecd_crs_energy_microdata,1,2026-09-28,accepted,,
crs-flow-oecd-crs-energy-vnm-2021-q-2026-09-28-md-20136530,line,oecd-crs-energy-vnm-2021-q-2026-09-28-md-20136530,money,flow,commitment,unknown,350,,,USD,USD,,,oecd-crs-energy-vnm-2021-q-2026-09-28-md-20136530,oecd_crs_energy_microdata,1,2026-09-28,accepted,,"OECD Q value already in 2024 constant USD; UNIT_MULT applied, no FX or deflator rate applied"
crs-marker-biodiversity-oecd-crs-energy-vnm-2021-q-2026-09-28-md-20136530,line,oecd-crs-energy-vnm-2021-q-2026-09-28-md-20136530,,marker,,,,,,,,not_screened,biodiversity,oecd-crs-energy-vnm-2021-q-2026-09-28-md-20136530,oecd_crs_energy_microdata,1,2026-09-28,accepted,,
crs-marker-mitigation-oecd-crs-energy-vnm-2021-q-2026-09-28-md-20136530,line,oecd-crs-energy-vnm-2021-q-2026-09-28-md-20136530,,marker,,,2,,,,,2,mitigation,oecd-crs-energy-vnm-2021-q-2026-09-28-md-20136530,oecd_crs_energy_microdata,1,2026-09-28,accepted,,
crs-marker-adaptation-oecd-crs-energy-vnm-2021-q-2026-09-28-md-20136530,line,oecd-crs-energy-vnm-2021-q-2026-09-28-md-20136530,,marker,,,0,,,,,0,adaptation,oecd-crs-energy-vnm-2021-q-2026-09-28-md-20136530,oecd_crs_energy_microdata,1,2026-09-28,accepted,,
crs-marker-desertification-oecd-crs-energy-vnm-2021-q-2026-09-28-md-20136530,line,oecd-crs-energy-vnm-2021-q-2026-09-28-md-20136530,,marker,,,0,,,,,0,desertification,oecd-crs-energy-vnm-2021-q-2026-09-28-md-20136530,oecd_crs_energy_microdata,1,2026-09-28,accepted,,
crs-flow-oecd-crs-energy-vnm-2021-q-2026-09-28-md-20153149,line,oecd-crs-energy-vnm-2021-q-2026-09-28-md-20153149,money,flow,commitment,unknown,189190,,,USD,USD,,,oecd-crs-energy-vnm-2021-q-2026-09-28-md-20153149,oecd_crs_energy_microdata,1,2026-09-28,accepted,,"OECD Q value already in 2024 constant USD; UNIT_MULT applied, no FX or deflator rate applied"
crs-marker-biodiversity-oecd-crs-energy-vnm-2021-q-2026-09-28-md-20153149,line,oecd-crs-energy-vnm-2021-q-2026-09-28-md-20153149,,marker,,,,,,,,not_screened,biodiversity,oecd-crs-energy-vnm-2021-q-2026-09-28-md-20153149,oecd_crs_energy_microdata,1,2026-09-28,accepted,,
crs-marker-mitigation-oecd-crs-energy-vnm-2021-q-2026-09-28-md-20153149,line,oecd-crs-energy-vnm-2021-q-2026-09-28-md-20153149,,marker,,,,,,,,not_screened,mitigation,oecd-crs-energy-vnm-2021-q-2026-09-28-md-20153149,oecd_crs_energy_microdata,1,2026-09-28,accepted,,
crs-marker-adaptation-oecd-crs-energy-vnm-2021-q-2026-09-28-md-20153149,line,oecd-crs-energy-vnm-2021-q-2026-09-28-md-20153149,,marker,,,,,,,,not_screened,adaptation,oecd-crs-energy-vnm-2021-q-2026-09-28-md-20153149,oecd_crs_energy_microdata,1,2026-09-28,accepted,,
crs-marker-desertification-oecd-crs-energy-vnm-2021-q-2026-09-28-md-20153149,line,oecd-crs-energy-vnm-2021-q-2026-09-28-md-20153149,,marker,,,,,,,,not_screened,desertification,oecd-crs-energy-vnm-2021-q-2026-09-28-md-20153149,oecd_crs_energy_microdata,1,2026-09-28,accepted,,
crs-flow-oecd-crs-energy-vnm-2021-q-2026-09-28-md-20650899,line,oecd-crs-energy-vnm-2021-q-2026-09-28-md-20650899,money,flow,disbursement,unknown,1,,,USD,USD,,,oecd-crs-energy-vnm-2021-q-2026-09-28-md-20650899,oecd_crs_energy_microdata,1,2026-09-28,accepted,,"OECD Q value already in 2024 constant USD; UNIT_MULT applied, no FX or deflator rate applied"
crs-marker-biodiversity-oecd-crs-energy-vnm-2021-q-2026-09-28-md-20650899,line,oecd-crs-energy-vnm-2021-q-2026-09-28-md-20650899,,marker,,,,,,,,not_screened,biodiversity,oecd-crs-energy-vnm-2021-q-2026-09-28-md-20650899,oecd_crs_energy_microdata,1,2026-09-28,accepted,,
crs-marker-mitigation-oecd-crs-energy-vnm-2021-q-2026-09-28-md-20650899,line,oecd-crs-energy-vnm-2021-q-2026-09-28-md-20650899,,marker,,,,,,,,not_screened,mitigation,oecd-crs-energy-vnm-2021-q-2026-09-28-md-20650899,oecd_crs_energy_microdata,1,2026-09-28,accepted,,
crs-marker-adaptation-oecd-crs-energy-vnm-2021-q-2026-09-28-md-20650899,line,oecd-crs-energy-vnm-2021-q-2026-09-28-md-20650899,,marker,,,,,,,,not_screened,adaptation,oecd-crs-energy-vnm-2021-q-2026-09-28-md-20650899,oecd_crs_energy_microdata,1,2026-09-28,accepted,,
crs-marker-desertification-oecd-crs-energy-vnm-2021-q-2026-09-28-md-20650899,line,oecd-crs-energy-vnm-2021-q-2026-09-28-md-20650899,,marker,,,,,,,,not_screened,desertification,oecd-crs-energy-vnm-2021-q-2026-09-28-md-20650899,oecd_crs_energy_microdata,1,2026-09-28,accepted,,
crs-flow-oecd-crs-energy-vnm-2021-q-2026-09-28-md-20650898,line,oecd-crs-energy-vnm-2021-q-2026-09-28-md-20650898,money,flow,disbursement,unknown,68,,,USD,USD,,,oecd-crs-energy-vnm-2021-q-2026-09-28-md-20650898,oecd_crs_energy_microdata,1,2026-09-28,accepted,,"OECD Q value already in 2024 constant USD; UNIT_MULT applied, no FX or deflator rate applied"
crs-marker-biodiversity-oecd-crs-energy-vnm-2021-q-2026-09-28-md-20650898,line,oecd-crs-energy-vnm-2021-q-2026-09-28-md-20650898,,marker,,,,,,,,not_screened,biodiversity,oecd-crs-energy-vnm-2021-q-2026-09-28-md-20650898,oecd_crs_energy_microdata,1,2026-09-28,accepted,,
crs-marker-mitigation-oecd-crs-energy-vnm-2021-q-2026-09-28-md-20650898,line,oecd-crs-energy-vnm-2021-q-2026-09-28-md-20650898,,marker,,,,,,,,not_screened,mitigation,oecd-crs-energy-vnm-2021-q-2026-09-28-md-20650898,oecd_crs_energy_microdata,1,2026-09-28,accepted,,
crs-marker-adaptation-oecd-crs-energy-vnm-2021-q-2026-09-28-md-20650898,line,oecd-crs-energy-vnm-2021-q-2026-09-28-md-20650898,,marker,,,,,,,,not_screened,adaptation,oecd-crs-energy-vnm-2021-q-2026-09-28-md-20650898,oecd_crs_energy_microdata,1,2026-09-28,accepted,,
crs-marker-desertification-oecd-crs-energy-vnm-2021-q-2026-09-28-md-20650898,line,oecd-crs-energy-vnm-2021-q-2026-09-28-md-20650898,,marker,,,,,,,,not_screened,desertification,oecd-crs-energy-vnm-2021-q-2026-09-28-md-20650898,oecd_crs_energy_microdata,1,2026-09-28,accepted,,
crs-flow-oecd-crs-energy-vnm-2021-q-2026-09-28-md-20650901,line,oecd-crs-energy-vnm-2021-q-2026-09-28-md-20650901,money,flow,disbursement,unknown,9059,,,USD,USD,,,oecd-crs-energy-vnm-2021-q-2026-09-28-md-20650901,oecd_crs_energy_microdata,1,2026-09-28,accepted,,"OECD Q value already in 2024 constant USD; UNIT_MULT applied, no FX or deflator rate applied"
crs-marker-biodiversity-oecd-crs-energy-vnm-2021-q-2026-09-28-md-20650901,line,oecd-crs-energy-vnm-2021-q-2026-09-28-md-20650901,,marker,,,,,,,,not_screened,biodiversity,oecd-crs-energy-vnm-2021-q-2026-09-28-md-20650901,oecd_crs_energy_microdata,1,2026-09-28,accepted,,
crs-marker-mitigation-oecd-crs-energy-vnm-2021-q-2026-09-28-md-20650901,line,oecd-crs-energy-vnm-2021-q-2026-09-28-md-20650901,,marker,,,,,,,,not_screened,mitigation,oecd-crs-energy-vnm-2021-q-2026-09-28-md-20650901,oecd_crs_energy_microdata,1,2026-09-28,accepted,,
crs-marker-adaptation-oecd-crs-energy-vnm-2021-q-2026-09-28-md-20650901,line,oecd-crs-energy-vnm-2021-q-2026-09-28-md-20650901,,marker,,,,,,,,not_screened,adaptation,oecd-crs-energy-vnm-2021-q-2026-09-28-md-20650901,oecd_crs_energy_microdata,1,2026-09-28,accepted,,
crs-marker-desertification-oecd-crs-energy-vnm-2021-q-2026-09-28-md-20650901,line,oecd-crs-energy-vnm-2021-q-2026-09-28-md-20650901,,marker,,,,,,,,not_screened,desertification,oecd-crs-energy-vnm-2021-q-2026-09-28-md-20650901,oecd_crs_energy_microdata,1,2026-09-28,accepted,,
crs-flow-oecd-crs-energy-vnm-2021-q-2026-09-28-md-20141470,line,oecd-crs-energy-vnm-2021-q-2026-09-28-md-20141470,money,flow,commitment,unknown,57,,,USD,USD,,,oecd-crs-energy-vnm-2021-q-2026-09-28-md-20141470,oecd_crs_energy_microdata,1,2026-09-28,accepted,,"OECD Q value already in 2024 constant USD; UNIT_MULT applied, no FX or deflator rate applied"
crs-marker-biodiversity-oecd-crs-energy-vnm-2021-q-2026-09-28-md-20141470,line,oecd-crs-energy-vnm-2021-q-2026-09-28-md-20141470,,marker,,,,,,,,not_screened,biodiversity,oecd-crs-energy-vnm-2021-q-2026-09-28-md-20141470,oecd_crs_energy_microdata,1,2026-09-28,accepted,,
crs-marker-mitigation-oecd-crs-energy-vnm-2021-q-2026-09-28-md-20141470,line,oecd-crs-energy-vnm-2021-q-2026-09-28-md-20141470,,marker,,,,,,,,not_screened,mitigation,oecd-crs-energy-vnm-2021-q-2026-09-28-md-20141470,oecd_crs_energy_microdata,1,2026-09-28,accepted,,
crs-marker-adaptation-oecd-crs-energy-vnm-2021-q-2026-09-28-md-20141470,line,oecd-crs-energy-vnm-2021-q-2026-09-28-md-20141470,,marker,,,,,,,,not_screened,adaptation,oecd-crs-energy-vnm-2021-q-2026-09-28-md-20141470,oecd_crs_energy_microdata,1,2026-09-28,accepted,,
crs-marker-desertification-oecd-crs-energy-vnm-2021-q-2026-09-28-md-20141470,line,oecd-crs-energy-vnm-2021-q-2026-09-28-md-20141470,,marker,,,,,,,,not_screened,desertification,oecd-crs-energy-vnm-2021-q-2026-09-28-md-20141470,oecd_crs_energy_microdata,1,2026-09-28,accepted,,
crs-flow-oecd-crs-energy-vnm-2021-q-2026-09-28-md-20650991,line,oecd-crs-energy-vnm-2021-q-2026-09-28-md-20650991,money,flow,disbursement,unknown,57,,,USD,USD,,,oecd-crs-energy-vnm-2021-q-2026-09-28-md-20650991,oecd_crs_energy_microdata,1,2026-09-28,accepted,,"OECD Q value already in 2024 constant USD; UNIT_MULT applied, no FX or deflator rate applied"
crs-marker-biodiversity-oecd-crs-energy-vnm-2021-q-2026-09-28-md-20650991,line,oecd-crs-energy-vnm-2021-q-2026-09-28-md-20650991,,marker,,,,,,,,not_screened,biodiversity,oecd-crs-energy-vnm-2021-q-2026-09-28-md-20650991,oecd_crs_energy_microdata,1,2026-09-28,accepted,,
crs-marker-mitigation-oecd-crs-energy-vnm-2021-q-2026-09-28-md-20650991,line,oecd-crs-energy-vnm-2021-q-2026-09-28-md-20650991,,marker,,,,,,,,not_screened,mitigation,oecd-crs-energy-vnm-2021-q-2026-09-28-md-20650991,oecd_crs_energy_microdata,1,2026-09-28,accepted,,
crs-marker-adaptation-oecd-crs-energy-vnm-2021-q-2026-09-28-md-20650991,line,oecd-crs-energy-vnm-2021-q-2026-09-28-md-20650991,,marker,,,,,,,,not_screened,adaptation,oecd-crs-energy-vnm-2021-q-2026-09-28-md-20650991,oecd_crs_energy_microdata,1,2026-09-28,accepted,,
crs-marker-desertification-oecd-crs-energy-vnm-2021-q-2026-09-28-md-20650991,line,oecd-crs-energy-vnm-2021-q-2026-09-28-md-20650991,,marker,,,,,,,,not_screened,desertification,oecd-crs-energy-vnm-2021-q-2026-09-28-md-20650991,oecd_crs_energy_microdata,1,2026-09-28,accepted,,
crs-flow-oecd-crs-energy-vnm-2021-q-2026-09-28-md-20652969,line,oecd-crs-energy-vnm-2021-q-2026-09-28-md-20652969,money,flow,disbursement,unknown,50875,,,USD,USD,,,oecd-crs-energy-vnm-2021-q-2026-09-28-md-20652969,oecd_crs_energy_microdata,1,2026-09-28,accepted,,"OECD Q value already in 2024 constant USD; UNIT_MULT applied, no FX or deflator rate applied"
crs-marker-biodiversity-oecd-crs-energy-vnm-2021-q-2026-09-28-md-20652969,line,oecd-crs-energy-vnm-2021-q-2026-09-28-md-20652969,,marker,,,,,,,,not_screened,biodiversity,oecd-crs-energy-vnm-2021-q-2026-09-28-md-20652969,oecd_crs_energy_microdata,1,2026-09-28,accepted,,
crs-marker-mitigation-oecd-crs-energy-vnm-2021-q-2026-09-28-md-20652969,line,oecd-crs-energy-vnm-2021-q-2026-09-28-md-20652969,,marker,,,0,,,,,0,mitigation,oecd-crs-energy-vnm-2021-q-2026-09-28-md-20652969,oecd_crs_energy_microdata,1,2026-09-28,accepted,,
crs-marker-adaptation-oecd-crs-energy-vnm-2021-q-2026-09-28-md-20652969,line,oecd-crs-energy-vnm-2021-q-2026-09-28-md-20652969,,marker,,,0,,,,,0,adaptation,oecd-crs-energy-vnm-2021-q-2026-09-28-md-20652969,oecd_crs_energy_microdata,1,2026-09-28,accepted,,
crs-marker-desertification-oecd-crs-energy-vnm-2021-q-2026-09-28-md-20652969,line,oecd-crs-energy-vnm-2021-q-2026-09-28-md-20652969,,marker,,,0,,,,,0,desertification,oecd-crs-energy-vnm-2021-q-2026-09-28-md-20652969,oecd_crs_energy_microdata,1,2026-09-28,accepted,,
crs-flow-oecd-crs-energy-vnm-2021-q-2026-09-28-md-20643067,line,oecd-crs-energy-vnm-2021-q-2026-09-28-md-20643067,money,flow,disbursement,unknown,19681599,,,USD,USD,,,oecd-crs-energy-vnm-2021-q-2026-09-28-md-20643067,oecd_crs_energy_microdata,1,2026-09-28,accepted,,"OECD Q value already in 2024 constant USD; UNIT_MULT applied, no FX or deflator rate applied"
crs-marker-biodiversity-oecd-crs-energy-vnm-2021-q-2026-09-28-md-20643067,line,oecd-crs-energy-vnm-2021-q-2026-09-28-md-20643067,,marker,,,0,,,,,0,biodiversity,oecd-crs-energy-vnm-2021-q-2026-09-28-md-20643067,oecd_crs_energy_microdata,1,2026-09-28,accepted,,
crs-marker-mitigation-oecd-crs-energy-vnm-2021-q-2026-09-28-md-20643067,line,oecd-crs-energy-vnm-2021-q-2026-09-28-md-20643067,,marker,,,2,,,,,2,mitigation,oecd-crs-energy-vnm-2021-q-2026-09-28-md-20643067,oecd_crs_energy_microdata,1,2026-09-28,accepted,,
crs-marker-adaptation-oecd-crs-energy-vnm-2021-q-2026-09-28-md-20643067,line,oecd-crs-energy-vnm-2021-q-2026-09-28-md-20643067,,marker,,,0,,,,,0,adaptation,oecd-crs-energy-vnm-2021-q-2026-09-28-md-20643067,oecd_crs_energy_microdata,1,2026-09-28,accepted,,
crs-marker-desertification-oecd-crs-energy-vnm-2021-q-2026-09-28-md-20643067,line,oecd-crs-energy-vnm-2021-q-2026-09-28-md-20643067,,marker,,,0,,,,,0,desertification,oecd-crs-energy-vnm-2021-q-2026-09-28-md-20643067,oecd_crs_energy_microdata,1,2026-09-28,accepted,,
crs-flow-oecd-crs-energy-vnm-2021-q-2026-09-28-md-20640178,line,oecd-crs-energy-vnm-2021-q-2026-09-28-md-20640178,money,flow,disbursement,unknown,25318462,,,USD,USD,,,oecd-crs-energy-vnm-2021-q-2026-09-28-md-20640178,oecd_crs_energy_microdata,1,2026-09-28,accepted,,"OECD Q value already in 2024 constant USD; UNIT_MULT applied, no FX or deflator rate applied"
crs-marker-biodiversity-oecd-crs-energy-vnm-2021-q-2026-09-28-md-20640178,line,oecd-crs-energy-vnm-2021-q-2026-09-28-md-20640178,,marker,,,0,,,,,0,biodiversity,oecd-crs-energy-vnm-2021-q-2026-09-28-md-20640178,oecd_crs_energy_microdata,1,2026-09-28,accepted,,
crs-marker-mitigation-oecd-crs-energy-vnm-2021-q-2026-09-28-md-20640178,line,oecd-crs-energy-vnm-2021-q-2026-09-28-md-20640178,,marker,,,0,,,,,0,mitigation,oecd-crs-energy-vnm-2021-q-2026-09-28-md-20640178,oecd_crs_energy_microdata,1,2026-09-28,accepted,,
crs-marker-adaptation-oecd-crs-energy-vnm-2021-q-2026-09-28-md-20640178,line,oecd-crs-energy-vnm-2021-q-2026-09-28-md-20640178,,marker,,,0,,,,,0,adaptation,oecd-crs-energy-vnm-2021-q-2026-09-28-md-20640178,oecd_crs_energy_microdata,1,2026-09-28,accepted,,
crs-marker-desertification-oecd-crs-energy-vnm-2021-q-2026-09-28-md-20640178,line,oecd-crs-energy-vnm-2021-q-2026-09-28-md-20640178,,marker,,,0,,,,,0,desertification,oecd-crs-energy-vnm-2021-q-2026-09-28-md-20640178,oecd_crs_energy_microdata,1,2026-09-28,accepted,,
crs-flow-oecd-crs-energy-vnm-2021-q-2026-09-28-md-20640113,line,oecd-crs-energy-vnm-2021-q-2026-09-28-md-20640113,money,flow,disbursement,unknown,10550033,,,USD,USD,,,oecd-crs-energy-vnm-2021-q-2026-09-28-md-20640113,oecd_crs_energy_microdata,1,2026-09-28,accepted,,"OECD Q value already in 2024 constant USD; UNIT_MULT applied, no FX or deflator rate applied"
crs-marker-biodiversity-oecd-crs-energy-vnm-2021-q-2026-09-28-md-20640113,line,oecd-crs-energy-vnm-2021-q-2026-09-28-md-20640113,,marker,,,0,,,,,0,biodiversity,oecd-crs-energy-vnm-2021-q-2026-09-28-md-20640113,oecd_crs_energy_microdata,1,2026-09-28,accepted,,
crs-marker-mitigation-oecd-crs-energy-vnm-2021-q-2026-09-28-md-20640113,line,oecd-crs-energy-vnm-2021-q-2026-09-28-md-20640113,,marker,,,1,,,,,1,mitigation,oecd-crs-energy-vnm-2021-q-2026-09-28-md-20640113,oecd_crs_energy_microdata,1,2026-09-28,accepted,,
crs-marker-adaptation-oecd-crs-energy-vnm-2021-q-2026-09-28-md-20640113,line,oecd-crs-energy-vnm-2021-q-2026-09-28-md-20640113,,marker,,,0,,,,,0,adaptation,oecd-crs-energy-vnm-2021-q-2026-09-28-md-20640113,oecd_crs_energy_microdata,1,2026-09-28,accepted,,
crs-marker-desertification-oecd-crs-energy-vnm-2021-q-2026-09-28-md-20640113,line,oecd-crs-energy-vnm-2021-q-2026-09-28-md-20640113,,marker,,,0,,,,,0,desertification,oecd-crs-energy-vnm-2021-q-2026-09-28-md-20640113,oecd_crs_energy_microdata,1,2026-09-28,accepted,,
crs-flow-oecd-crs-energy-vnm-2021-q-2026-09-28-md-20663950,line,oecd-crs-energy-vnm-2021-q-2026-09-28-md-20663950,money,flow,disbursement,unknown,507640,,,USD,USD,,,oecd-crs-energy-vnm-2021-q-2026-09-28-md-20663950,oecd_crs_energy_microdata,1,2026-09-28,accepted,,"OECD Q value already in 2024 constant USD; UNIT_MULT applied, no FX or deflator rate applied"
crs-marker-biodiversity-oecd-crs-energy-vnm-2021-q-2026-09-28-md-20663950,line,oecd-crs-energy-vnm-2021-q-2026-09-28-md-20663950,,marker,,,,,,,,not_screened,biodiversity,oecd-crs-energy-vnm-2021-q-2026-09-28-md-20663950,oecd_crs_energy_microdata,1,2026-09-28,accepted,,
crs-marker-mitigation-oecd-crs-energy-vnm-2021-q-2026-09-28-md-20663950,line,oecd-crs-energy-vnm-2021-q-2026-09-28-md-20663950,,marker,,,,,,,,not_screened,mitigation,oecd-crs-energy-vnm-2021-q-2026-09-28-md-20663950,oecd_crs_energy_microdata,1,2026-09-28,accepted,,
crs-marker-adaptation-oecd-crs-energy-vnm-2021-q-2026-09-28-md-20663950,line,oecd-crs-energy-vnm-2021-q-2026-09-28-md-20663950,,marker,,,,,,,,not_screened,adaptation,oecd-crs-energy-vnm-2021-q-2026-09-28-md-20663950,oecd_crs_energy_microdata,1,2026-09-28,accepted,,
crs-marker-desertification-oecd-crs-energy-vnm-2021-q-2026-09-28-md-20663950,line,oecd-crs-energy-vnm-2021-q-2026-09-28-md-20663950,,marker,,,,,,,,not_screened,desertification,oecd-crs-energy-vnm-2021-q-2026-09-28-md-20663950,oecd_crs_energy_microdata,1,2026-09-28,accepted,,
crs-flow-oecd-crs-energy-vnm-2021-q-2026-09-28-md-20663949,line,oecd-crs-energy-vnm-2021-q-2026-09-28-md-20663949,money,flow,disbursement,unknown,16413708,,,USD,USD,,,oecd-crs-energy-vnm-2021-q-2026-09-28-md-20663949,oecd_crs_energy_microdata,1,2026-09-28,accepted,,"OECD Q value already in 2024 constant USD; UNIT_MULT applied, no FX or deflator rate applied"
crs-marker-biodiversity-oecd-crs-energy-vnm-2021-q-2026-09-28-md-20663949,line,oecd-crs-energy-vnm-2021-q-2026-09-28-md-20663949,,marker,,,,,,,,not_screened,biodiversity,oecd-crs-energy-vnm-2021-q-2026-09-28-md-20663949,oecd_crs_energy_microdata,1,2026-09-28,accepted,,
crs-marker-mitigation-oecd-crs-energy-vnm-2021-q-2026-09-28-md-20663949,line,oecd-crs-energy-vnm-2021-q-2026-09-28-md-20663949,,marker,,,,,,,,not_screened,mitigation,oecd-crs-energy-vnm-2021-q-2026-09-28-md-20663949,oecd_crs_energy_microdata,1,2026-09-28,accepted,,
crs-marker-adaptation-oecd-crs-energy-vnm-2021-q-2026-09-28-md-20663949,line,oecd-crs-energy-vnm-2021-q-2026-09-28-md-20663949,,marker,,,,,,,,not_screened,adaptation,oecd-crs-energy-vnm-2021-q-2026-09-28-md-20663949,oecd_crs_energy_microdata,1,2026-09-28,accepted,,
crs-marker-desertification-oecd-crs-energy-vnm-2021-q-2026-09-28-md-20663949,line,oecd-crs-energy-vnm-2021-q-2026-09-28-md-20663949,,marker,,,,,,,,not_screened,desertification,oecd-crs-energy-vnm-2021-q-2026-09-28-md-20663949,oecd_crs_energy_microdata,1,2026-09-28,accepted,,
crs-flow-oecd-crs-energy-vnm-2021-q-2026-09-28-md-20657768,line,oecd-crs-energy-vnm-2021-q-2026-09-28-md-20657768,money,flow,disbursement,unknown,189190,,,USD,USD,,,oecd-crs-energy-vnm-2021-q-2026-09-28-md-20657768,oecd_crs_energy_microdata,1,2026-09-28,accepted,,"OECD Q value already in 2024 constant USD; UNIT_MULT applied, no FX or deflator rate applied"
crs-marker-biodiversity-oecd-crs-energy-vnm-2021-q-2026-09-28-md-20657768,line,oecd-crs-energy-vnm-2021-q-2026-09-28-md-20657768,,marker,,,,,,,,not_screened,biodiversity,oecd-crs-energy-vnm-2021-q-2026-09-28-md-20657768,oecd_crs_energy_microdata,1,2026-09-28,accepted,,
crs-marker-mitigation-oecd-crs-energy-vnm-2021-q-2026-09-28-md-20657768,line,oecd-crs-energy-vnm-2021-q-2026-09-28-md-20657768,,marker,,,,,,,,not_screened,mitigation,oecd-crs-energy-vnm-2021-q-2026-09-28-md-20657768,oecd_crs_energy_microdata,1,2026-09-28,accepted,,
crs-marker-adaptation-oecd-crs-energy-vnm-2021-q-2026-09-28-md-20657768,line,oecd-crs-energy-vnm-2021-q-2026-09-28-md-20657768,,marker,,,,,,,,not_screened,adaptation,oecd-crs-energy-vnm-2021-q-2026-09-28-md-20657768,oecd_crs_energy_microdata,1,2026-09-28,accepted,,
crs-marker-desertification-oecd-crs-energy-vnm-2021-q-2026-09-28-md-20657768,line,oecd-crs-energy-vnm-2021-q-2026-09-28-md-20657768,,marker,,,,,,,,not_screened,desertification,oecd-crs-energy-vnm-2021-q-2026-09-28-md-20657768,oecd_crs_energy_microdata,1,2026-09-28,accepted,,
crs-flow-oecd-crs-energy-vnm-2021-q-2026-09-28-md-20141435,line,oecd-crs-energy-vnm-2021-q-2026-09-28-md-20141435,money,flow,commitment,unknown,1,,,USD,USD,,,oecd-crs-energy-vnm-2021-q-2026-09-28-md-20141435,oecd_crs_energy_microdata,1,2026-09-28,accepted,,"OECD Q value already in 2024 constant USD; UNIT_MULT applied, no FX or deflator rate applied"
crs-marker-biodiversity-oecd-crs-energy-vnm-2021-q-2026-09-28-md-20141435,line,oecd-crs-energy-vnm-2021-q-2026-09-28-md-20141435,,marker,,,,,,,,not_screened,biodiversity,oecd-crs-energy-vnm-2021-q-2026-09-28-md-20141435,oecd_crs_energy_microdata,1,2026-09-28,accepted,,
crs-marker-mitigation-oecd-crs-energy-vnm-2021-q-2026-09-28-md-20141435,line,oecd-crs-energy-vnm-2021-q-2026-09-28-md-20141435,,marker,,,,,,,,not_screened,mitigation,oecd-crs-energy-vnm-2021-q-2026-09-28-md-20141435,oecd_crs_energy_microdata,1,2026-09-28,accepted,,
crs-marker-adaptation-oecd-crs-energy-vnm-2021-q-2026-09-28-md-20141435,line,oecd-crs-energy-vnm-2021-q-2026-09-28-md-20141435,,marker,,,,,,,,not_screened,adaptation,oecd-crs-energy-vnm-2021-q-2026-09-28-md-20141435,oecd_crs_energy_microdata,1,2026-09-28,accepted,,
crs-marker-desertification-oecd-crs-energy-vnm-2021-q-2026-09-28-md-20141435,line,oecd-crs-energy-vnm-2021-q-2026-09-28-md-20141435,,marker,,,,,,,,not_screened,desertification,oecd-crs-energy-vnm-2021-q-2026-09-28-md-20141435,oecd_crs_energy_microdata,1,2026-09-28,accepted,,
crs-flow-oecd-crs-energy-vnm-2021-q-2026-09-28-md-20141434,line,oecd-crs-energy-vnm-2021-q-2026-09-28-md-20141434,money,flow,commitment,unknown,68,,,USD,USD,,,oecd-crs-energy-vnm-2021-q-2026-09-28-md-20141434,oecd_crs_energy_microdata,1,2026-09-28,accepted,,"OECD Q value already in 2024 constant USD; UNIT_MULT applied, no FX or deflator rate applied"
crs-marker-biodiversity-oecd-crs-energy-vnm-2021-q-2026-09-28-md-20141434,line,oecd-crs-energy-vnm-2021-q-2026-09-28-md-20141434,,marker,,,,,,,,not_screened,biodiversity,oecd-crs-energy-vnm-2021-q-2026-09-28-md-20141434,oecd_crs_energy_microdata,1,2026-09-28,accepted,,
crs-marker-mitigation-oecd-crs-energy-vnm-2021-q-2026-09-28-md-20141434,line,oecd-crs-energy-vnm-2021-q-2026-09-28-md-20141434,,marker,,,,,,,,not_screened,mitigation,oecd-crs-energy-vnm-2021-q-2026-09-28-md-20141434,oecd_crs_energy_microdata,1,2026-09-28,accepted,,
crs-marker-adaptation-oecd-crs-energy-vnm-2021-q-2026-09-28-md-20141434,line,oecd-crs-energy-vnm-2021-q-2026-09-28-md-20141434,,marker,,,,,,,,not_screened,adaptation,oecd-crs-energy-vnm-2021-q-2026-09-28-md-20141434,oecd_crs_energy_microdata,1,2026-09-28,accepted,,
crs-marker-desertification-oecd-crs-energy-vnm-2021-q-2026-09-28-md-20141434,line,oecd-crs-energy-vnm-2021-q-2026-09-28-md-20141434,,marker,,,,,,,,not_screened,desertification,oecd-crs-energy-vnm-2021-q-2026-09-28-md-20141434,oecd_crs_energy_microdata,1,2026-09-28,accepted,,
crs-flow-oecd-crs-energy-vnm-2021-q-2026-09-28-md-20141433,line,oecd-crs-energy-vnm-2021-q-2026-09-28-md-20141433,money,flow,commitment,unknown,7628,,,USD,USD,,,oecd-crs-energy-vnm-2021-q-2026-09-28-md-20141433,oecd_crs_energy_microdata,1,2026-09-28,accepted,,"OECD Q value already in 2024 constant USD; UNIT_MULT applied, no FX or deflator rate applied"
crs-marker-biodiversity-oecd-crs-energy-vnm-2021-q-2026-09-28-md-20141433,line,oecd-crs-energy-vnm-2021-q-2026-09-28-md-20141433,,marker,,,,,,,,not_screened,biodiversity,oecd-crs-energy-vnm-2021-q-2026-09-28-md-20141433,oecd_crs_energy_microdata,1,2026-09-28,accepted,,
crs-marker-mitigation-oecd-crs-energy-vnm-2021-q-2026-09-28-md-20141433,line,oecd-crs-energy-vnm-2021-q-2026-09-28-md-20141433,,marker,,,,,,,,not_screened,mitigation,oecd-crs-energy-vnm-2021-q-2026-09-28-md-20141433,oecd_crs_energy_microdata,1,2026-09-28,accepted,,
crs-marker-adaptation-oecd-crs-energy-vnm-2021-q-2026-09-28-md-20141433,line,oecd-crs-energy-vnm-2021-q-2026-09-28-md-20141433,,marker,,,,,,,,not_screened,adaptation,oecd-crs-energy-vnm-2021-q-2026-09-28-md-20141433,oecd_crs_energy_microdata,1,2026-09-28,accepted,,
crs-marker-desertification-oecd-crs-energy-vnm-2021-q-2026-09-28-md-20141433,line,oecd-crs-energy-vnm-2021-q-2026-09-28-md-20141433,,marker,,,,,,,,not_screened,desertification,oecd-crs-energy-vnm-2021-q-2026-09-28-md-20141433,oecd_crs_energy_microdata,1,2026-09-28,accepted,,
crs-flow-oecd-crs-energy-vnm-2021-q-2026-09-28-md-20787607,line,oecd-crs-energy-vnm-2021-q-2026-09-28-md-20787607,money,flow,disbursement,unknown,130941,,,USD,USD,,,oecd-crs-energy-vnm-2021-q-2026-09-28-md-20787607,oecd_crs_energy_microdata,1,2026-09-28,accepted,,"OECD Q value already in 2024 constant USD; UNIT_MULT applied, no FX or deflator rate applied"
crs-marker-biodiversity-oecd-crs-energy-vnm-2021-q-2026-09-28-md-20787607,line,oecd-crs-energy-vnm-2021-q-2026-09-28-md-20787607,,marker,,,0,,,,,0,biodiversity,oecd-crs-energy-vnm-2021-q-2026-09-28-md-20787607,oecd_crs_energy_microdata,1,2026-09-28,accepted,,
crs-marker-mitigation-oecd-crs-energy-vnm-2021-q-2026-09-28-md-20787607,line,oecd-crs-energy-vnm-2021-q-2026-09-28-md-20787607,,marker,,,1,,,,,1,mitigation,oecd-crs-energy-vnm-2021-q-2026-09-28-md-20787607,oecd_crs_energy_microdata,1,2026-09-28,accepted,,
crs-marker-adaptation-oecd-crs-energy-vnm-2021-q-2026-09-28-md-20787607,line,oecd-crs-energy-vnm-2021-q-2026-09-28-md-20787607,,marker,,,0,,,,,0,adaptation,oecd-crs-energy-vnm-2021-q-2026-09-28-md-20787607,oecd_crs_energy_microdata,1,2026-09-28,accepted,,
crs-marker-desertification-oecd-crs-energy-vnm-2021-q-2026-09-28-md-20787607,line,oecd-crs-energy-vnm-2021-q-2026-09-28-md-20787607,,marker,,,0,,,,,0,desertification,oecd-crs-energy-vnm-2021-q-2026-09-28-md-20787607,oecd_crs_energy_microdata,1,2026-09-28,accepted,,
crs-flow-oecd-crs-energy-vnm-2021-q-2026-09-28-md-20793012,line,oecd-crs-energy-vnm-2021-q-2026-09-28-md-20793012,money,flow,disbursement,unknown,891,,,USD,USD,,,oecd-crs-energy-vnm-2021-q-2026-09-28-md-20793012,oecd_crs_energy_microdata,1,2026-09-28,accepted,,"OECD Q value already in 2024 constant USD; UNIT_MULT applied, no FX or deflator rate applied"
crs-marker-biodiversity-oecd-crs-energy-vnm-2021-q-2026-09-28-md-20793012,line,oecd-crs-energy-vnm-2021-q-2026-09-28-md-20793012,,marker,,,0,,,,,0,biodiversity,oecd-crs-energy-vnm-2021-q-2026-09-28-md-20793012,oecd_crs_energy_microdata,1,2026-09-28,accepted,,
crs-marker-mitigation-oecd-crs-energy-vnm-2021-q-2026-09-28-md-20793012,line,oecd-crs-energy-vnm-2021-q-2026-09-28-md-20793012,,marker,,,1,,,,,1,mitigation,oecd-crs-energy-vnm-2021-q-2026-09-28-md-20793012,oecd_crs_energy_microdata,1,2026-09-28,accepted,,
crs-marker-adaptation-oecd-crs-energy-vnm-2021-q-2026-09-28-md-20793012,line,oecd-crs-energy-vnm-2021-q-2026-09-28-md-20793012,,marker,,,1,,,,,1,adaptation,oecd-crs-energy-vnm-2021-q-2026-09-28-md-20793012,oecd_crs_energy_microdata,1,2026-09-28,accepted,,
crs-marker-desertification-oecd-crs-energy-vnm-2021-q-2026-09-28-md-20793012,line,oecd-crs-energy-vnm-2021-q-2026-09-28-md-20793012,,marker,,,0,,,,,0,desertification,oecd-crs-energy-vnm-2021-q-2026-09-28-md-20793012,oecd_crs_energy_microdata,1,2026-09-28,accepted,,
crs-flow-oecd-crs-energy-vnm-2021-q-2026-09-28-md-20799322,line,oecd-crs-energy-vnm-2021-q-2026-09-28-md-20799322,money,flow,disbursement,unknown,2604005,,,USD,USD,,,oecd-crs-energy-vnm-2021-q-2026-09-28-md-20799322,oecd_crs_energy_microdata,1,2026-09-28,accepted,,"OECD Q value already in 2024 constant USD; UNIT_MULT applied, no FX or deflator rate applied"
crs-marker-biodiversity-oecd-crs-energy-vnm-2021-q-2026-09-28-md-20799322,line,oecd-crs-energy-vnm-2021-q-2026-09-28-md-20799322,,marker,,,0,,,,,0,biodiversity,oecd-crs-energy-vnm-2021-q-2026-09-28-md-20799322,oecd_crs_energy_microdata,1,2026-09-28,accepted,,
crs-marker-mitigation-oecd-crs-energy-vnm-2021-q-2026-09-28-md-20799322,line,oecd-crs-energy-vnm-2021-q-2026-09-28-md-20799322,,marker,,,2,,,,,2,mitigation,oecd-crs-energy-vnm-2021-q-2026-09-28-md-20799322,oecd_crs_energy_microdata,1,2026-09-28,accepted,,
crs-marker-adaptation-oecd-crs-energy-vnm-2021-q-2026-09-28-md-20799322,line,oecd-crs-energy-vnm-2021-q-2026-09-28-md-20799322,,marker,,,0,,,,,0,adaptation,oecd-crs-energy-vnm-2021-q-2026-09-28-md-20799322,oecd_crs_energy_microdata,1,2026-09-28,accepted,,
crs-marker-desertification-oecd-crs-energy-vnm-2021-q-2026-09-28-md-20799322,line,oecd-crs-energy-vnm-2021-q-2026-09-28-md-20799322,,marker,,,0,,,,,0,desertification,oecd-crs-energy-vnm-2021-q-2026-09-28-md-20799322,oecd_crs_energy_microdata,1,2026-09-28,accepted,,
crs-flow-oecd-crs-energy-vnm-2021-q-2026-09-28-md-20681303,line,oecd-crs-energy-vnm-2021-q-2026-09-28-md-20681303,money,flow,disbursement,unknown,1772528,,,USD,USD,,,oecd-crs-energy-vnm-2021-q-2026-09-28-md-20681303,oecd_crs_energy_microdata,1,2026-09-28,accepted,,"OECD Q value already in 2024 constant USD; UNIT_MULT applied, no FX or deflator rate applied"
crs-marker-biodiversity-oecd-crs-energy-vnm-2021-q-2026-09-28-md-20681303,line,oecd-crs-energy-vnm-2021-q-2026-09-28-md-20681303,,marker,,,0,,,,,0,biodiversity,oecd-crs-energy-vnm-2021-q-2026-09-28-md-20681303,oecd_crs_energy_microdata,1,2026-09-28,accepted,,
crs-marker-mitigation-oecd-crs-energy-vnm-2021-q-2026-09-28-md-20681303,line,oecd-crs-energy-vnm-2021-q-2026-09-28-md-20681303,,marker,,,2,,,,,2,mitigation,oecd-crs-energy-vnm-2021-q-2026-09-28-md-20681303,oecd_crs_energy_microdata,1,2026-09-28,accepted,,
crs-marker-adaptation-oecd-crs-energy-vnm-2021-q-2026-09-28-md-20681303,line,oecd-crs-energy-vnm-2021-q-2026-09-28-md-20681303,,marker,,,0,,,,,0,adaptation,oecd-crs-energy-vnm-2021-q-2026-09-28-md-20681303,oecd_crs_energy_microdata,1,2026-09-28,accepted,,
crs-marker-desertification-oecd-crs-energy-vnm-2021-q-2026-09-28-md-20681303,line,oecd-crs-energy-vnm-2021-q-2026-09-28-md-20681303,,marker,,,0,,,,,0,desertification,oecd-crs-energy-vnm-2021-q-2026-09-28-md-20681303,oecd_crs_energy_microdata,1,2026-09-28,accepted,,
crs-flow-oecd-crs-energy-vnm-2021-q-2026-09-28-md-20799808,line,oecd-crs-energy-vnm-2021-q-2026-09-28-md-20799808,money,flow,disbursement,unknown,50061,,,USD,USD,,,oecd-crs-energy-vnm-2021-q-2026-09-28-md-20799808,oecd_crs_energy_microdata,1,2026-09-28,accepted,,"OECD Q value already in 2024 constant USD; UNIT_MULT applied, no FX or deflator rate applied"
crs-marker-biodiversity-oecd-crs-energy-vnm-2021-q-2026-09-28-md-20799808,line,oecd-crs-energy-vnm-2021-q-2026-09-28-md-20799808,,marker,,,0,,,,,0,biodiversity,oecd-crs-energy-vnm-2021-q-2026-09-28-md-20799808,oecd_crs_energy_microdata,1,2026-09-28,accepted,,
crs-marker-mitigation-oecd-crs-energy-vnm-2021-q-2026-09-28-md-20799808,line,oecd-crs-energy-vnm-2021-q-2026-09-28-md-20799808,,marker,,,0,,,,,0,mitigation,oecd-crs-energy-vnm-2021-q-2026-09-28-md-20799808,oecd_crs_energy_microdata,1,2026-09-28,accepted,,
crs-marker-adaptation-oecd-crs-energy-vnm-2021-q-2026-09-28-md-20799808,line,oecd-crs-energy-vnm-2021-q-2026-09-28-md-20799808,,marker,,,1,,,,,1,adaptation,oecd-crs-energy-vnm-2021-q-2026-09-28-md-20799808,oecd_crs_energy_microdata,1,2026-09-28,accepted,,
crs-marker-desertification-oecd-crs-energy-vnm-2021-q-2026-09-28-md-20799808,line,oecd-crs-energy-vnm-2021-q-2026-09-28-md-20799808,,marker,,,0,,,,,0,desertification,oecd-crs-energy-vnm-2021-q-2026-09-28-md-20799808,oecd_crs_energy_microdata,1,2026-09-28,accepted,,
crs-flow-oecd-crs-energy-vnm-2021-q-2026-09-28-md-20799807,line,oecd-crs-energy-vnm-2021-q-2026-09-28-md-20799807,money,flow,disbursement,unknown,103022,,,USD,USD,,,oecd-crs-energy-vnm-2021-q-2026-09-28-md-20799807,oecd_crs_energy_microdata,1,2026-09-28,accepted,,"OECD Q value already in 2024 constant USD; UNIT_MULT applied, no FX or deflator rate applied"
crs-marker-biodiversity-oecd-crs-energy-vnm-2021-q-2026-09-28-md-20799807,line,oecd-crs-energy-vnm-2021-q-2026-09-28-md-20799807,,marker,,,0,,,,,0,biodiversity,oecd-crs-energy-vnm-2021-q-2026-09-28-md-20799807,oecd_crs_energy_microdata,1,2026-09-28,accepted,,
crs-marker-mitigation-oecd-crs-energy-vnm-2021-q-2026-09-28-md-20799807,line,oecd-crs-energy-vnm-2021-q-2026-09-28-md-20799807,,marker,,,0,,,,,0,mitigation,oecd-crs-energy-vnm-2021-q-2026-09-28-md-20799807,oecd_crs_energy_microdata,1,2026-09-28,accepted,,
crs-marker-adaptation-oecd-crs-energy-vnm-2021-q-2026-09-28-md-20799807,line,oecd-crs-energy-vnm-2021-q-2026-09-28-md-20799807,,marker,,,1,,,,,1,adaptation,oecd-crs-energy-vnm-2021-q-2026-09-28-md-20799807,oecd_crs_energy_microdata,1,2026-09-28,accepted,,
crs-marker-desertification-oecd-crs-energy-vnm-2021-q-2026-09-28-md-20799807,line,oecd-crs-energy-vnm-2021-q-2026-09-28-md-20799807,,marker,,,0,,,,,0,desertification,oecd-crs-energy-vnm-2021-q-2026-09-28-md-20799807,oecd_crs_energy_microdata,1,2026-09-28,accepted,,
crs-flow-oecd-crs-energy-vnm-2021-q-2026-09-28-md-20799809,line,oecd-crs-energy-vnm-2021-q-2026-09-28-md-20799809,money,flow,disbursement,unknown,68436,,,USD,USD,,,oecd-crs-energy-vnm-2021-q-2026-09-28-md-20799809,oecd_crs_energy_microdata,1,2026-09-28,accepted,,"OECD Q value already in 2024 constant USD; UNIT_MULT applied, no FX or deflator rate applied"
crs-marker-biodiversity-oecd-crs-energy-vnm-2021-q-2026-09-28-md-20799809,line,oecd-crs-energy-vnm-2021-q-2026-09-28-md-20799809,,marker,,,0,,,,,0,biodiversity,oecd-crs-energy-vnm-2021-q-2026-09-28-md-20799809,oecd_crs_energy_microdata,1,2026-09-28,accepted,,
crs-marker-mitigation-oecd-crs-energy-vnm-2021-q-2026-09-28-md-20799809,line,oecd-crs-energy-vnm-2021-q-2026-09-28-md-20799809,,marker,,,0,,,,,0,mitigation,oecd-crs-energy-vnm-2021-q-2026-09-28-md-20799809,oecd_crs_energy_microdata,1,2026-09-28,accepted,,
crs-marker-adaptation-oecd-crs-energy-vnm-2021-q-2026-09-28-md-20799809,line,oecd-crs-energy-vnm-2021-q-2026-09-28-md-20799809,,marker,,,1,,,,,1,adaptation,oecd-crs-energy-vnm-2021-q-2026-09-28-md-20799809,oecd_crs_energy_microdata,1,2026-09-28,accepted,,
crs-marker-desertification-oecd-crs-energy-vnm-2021-q-2026-09-28-md-20799809,line,oecd-crs-energy-vnm-2021-q-2026-09-28-md-20799809,,marker,,,0,,,,,0,desertification,oecd-crs-energy-vnm-2021-q-2026-09-28-md-20799809,oecd_crs_energy_microdata,1,2026-09-28,accepted,,
crs-flow-oecd-crs-energy-vnm-2021-q-2026-09-28-md-20790828,line,oecd-crs-energy-vnm-2021-q-2026-09-28-md-20790828,money,flow,disbursement,unknown,83571,,,USD,USD,,,oecd-crs-energy-vnm-2021-q-2026-09-28-md-20790828,oecd_crs_energy_microdata,1,2026-09-28,accepted,,"OECD Q value already in 2024 constant USD; UNIT_MULT applied, no FX or deflator rate applied"
crs-marker-biodiversity-oecd-crs-energy-vnm-2021-q-2026-09-28-md-20790828,line,oecd-crs-energy-vnm-2021-q-2026-09-28-md-20790828,,marker,,,1,,,,,1,biodiversity,oecd-crs-energy-vnm-2021-q-2026-09-28-md-20790828,oecd_crs_energy_microdata,1,2026-09-28,accepted,,
crs-marker-mitigation-oecd-crs-energy-vnm-2021-q-2026-09-28-md-20790828,line,oecd-crs-energy-vnm-2021-q-2026-09-28-md-20790828,,marker,,,2,,,,,2,mitigation,oecd-crs-energy-vnm-2021-q-2026-09-28-md-20790828,oecd_crs_energy_microdata,1,2026-09-28,accepted,,
crs-marker-adaptation-oecd-crs-energy-vnm-2021-q-2026-09-28-md-20790828,line,oecd-crs-energy-vnm-2021-q-2026-09-28-md-20790828,,marker,,,0,,,,,0,adaptation,oecd-crs-energy-vnm-2021-q-2026-09-28-md-20790828,oecd_crs_energy_microdata,1,2026-09-28,accepted,,
crs-marker-desertification-oecd-crs-energy-vnm-2021-q-2026-09-28-md-20790828,line,oecd-crs-energy-vnm-2021-q-2026-09-28-md-20790828,,marker,,,0,,,,,0,desertification,oecd-crs-energy-vnm-2021-q-2026-09-28-md-20790828,oecd_crs_energy_microdata,1,2026-09-28,accepted,,
crs-flow-oecd-crs-energy-vnm-2021-q-2026-09-28-md-20792014,line,oecd-crs-energy-vnm-2021-q-2026-09-28-md-20792014,money,flow,disbursement,unknown,1620082,,,USD,USD,,,oecd-crs-energy-vnm-2021-q-2026-09-28-md-20792014,oecd_crs_energy_microdata,1,2026-09-28,accepted,,"OECD Q value already in 2024 constant USD; UNIT_MULT applied, no FX or deflator rate applied"
crs-marker-biodiversity-oecd-crs-energy-vnm-2021-q-2026-09-28-md-20792014,line,oecd-crs-energy-vnm-2021-q-2026-09-28-md-20792014,,marker,,,0,,,,,0,biodiversity,oecd-crs-energy-vnm-2021-q-2026-09-28-md-20792014,oecd_crs_energy_microdata,1,2026-09-28,accepted,,
crs-marker-mitigation-oecd-crs-energy-vnm-2021-q-2026-09-28-md-20792014,line,oecd-crs-energy-vnm-2021-q-2026-09-28-md-20792014,,marker,,,2,,,,,2,mitigation,oecd-crs-energy-vnm-2021-q-2026-09-28-md-20792014,oecd_crs_energy_microdata,1,2026-09-28,accepted,,
crs-marker-adaptation-oecd-crs-energy-vnm-2021-q-2026-09-28-md-20792014,line,oecd-crs-energy-vnm-2021-q-2026-09-28-md-20792014,,marker,,,0,,,,,0,adaptation,oecd-crs-energy-vnm-2021-q-2026-09-28-md-20792014,oecd_crs_energy_microdata,1,2026-09-28,accepted,,
crs-marker-desertification-oecd-crs-energy-vnm-2021-q-2026-09-28-md-20792014,line,oecd-crs-energy-vnm-2021-q-2026-09-28-md-20792014,,marker,,,0,,,,,0,desertification,oecd-crs-energy-vnm-2021-q-2026-09-28-md-20792014,oecd_crs_energy_microdata,1,2026-09-28,accepted,,
crs-flow-oecd-crs-energy-vnm-2021-q-2026-09-28-md-20789760,line,oecd-crs-energy-vnm-2021-q-2026-09-28-md-20789760,money,flow,disbursement,unknown,898400,,,USD,USD,,,oecd-crs-energy-vnm-2021-q-2026-09-28-md-20789760,oecd_crs_energy_microdata,1,2026-09-28,accepted,,"OECD Q value already in 2024 constant USD; UNIT_MULT applied, no FX or deflator rate applied"
crs-marker-biodiversity-oecd-crs-energy-vnm-2021-q-2026-09-28-md-20789760,line,oecd-crs-energy-vnm-2021-q-2026-09-28-md-20789760,,marker,,,0,,,,,0,biodiversity,oecd-crs-energy-vnm-2021-q-2026-09-28-md-20789760,oecd_crs_energy_microdata,1,2026-09-28,accepted,,
crs-marker-mitigation-oecd-crs-energy-vnm-2021-q-2026-09-28-md-20789760,line,oecd-crs-energy-vnm-2021-q-2026-09-28-md-20789760,,marker,,,2,,,,,2,mitigation,oecd-crs-energy-vnm-2021-q-2026-09-28-md-20789760,oecd_crs_energy_microdata,1,2026-09-28,accepted,,
crs-marker-adaptation-oecd-crs-energy-vnm-2021-q-2026-09-28-md-20789760,line,oecd-crs-energy-vnm-2021-q-2026-09-28-md-20789760,,marker,,,0,,,,,0,adaptation,oecd-crs-energy-vnm-2021-q-2026-09-28-md-20789760,oecd_crs_energy_microdata,1,2026-09-28,accepted,,
crs-marker-desertification-oecd-crs-energy-vnm-2021-q-2026-09-28-md-20789760,line,oecd-crs-energy-vnm-2021-q-2026-09-28-md-20789760,,marker,,,0,,,,,0,desertification,oecd-crs-energy-vnm-2021-q-2026-09-28-md-20789760,oecd_crs_energy_microdata,1,2026-09-28,accepted,,
crs-flow-oecd-crs-energy-vnm-2021-q-2026-09-28-md-20789862,line,oecd-crs-energy-vnm-2021-q-2026-09-28-md-20789862,money,flow,disbursement,unknown,21241284,,,USD,USD,,,oecd-crs-energy-vnm-2021-q-2026-09-28-md-20789862,oecd_crs_energy_microdata,1,2026-09-28,accepted,,"OECD Q value already in 2024 constant USD; UNIT_MULT applied, no FX or deflator rate applied"
crs-marker-biodiversity-oecd-crs-energy-vnm-2021-q-2026-09-28-md-20789862,line,oecd-crs-energy-vnm-2021-q-2026-09-28-md-20789862,,marker,,,0,,,,,0,biodiversity,oecd-crs-energy-vnm-2021-q-2026-09-28-md-20789862,oecd_crs_energy_microdata,1,2026-09-28,accepted,,
crs-marker-mitigation-oecd-crs-energy-vnm-2021-q-2026-09-28-md-20789862,line,oecd-crs-energy-vnm-2021-q-2026-09-28-md-20789862,,marker,,,2,,,,,2,mitigation,oecd-crs-energy-vnm-2021-q-2026-09-28-md-20789862,oecd_crs_energy_microdata,1,2026-09-28,accepted,,
crs-marker-adaptation-oecd-crs-energy-vnm-2021-q-2026-09-28-md-20789862,line,oecd-crs-energy-vnm-2021-q-2026-09-28-md-20789862,,marker,,,0,,,,,0,adaptation,oecd-crs-energy-vnm-2021-q-2026-09-28-md-20789862,oecd_crs_energy_microdata,1,2026-09-28,accepted,,
crs-marker-desertification-oecd-crs-energy-vnm-2021-q-2026-09-28-md-20789862,line,oecd-crs-energy-vnm-2021-q-2026-09-28-md-20789862,,marker,,,0,,,,,0,desertification,oecd-crs-energy-vnm-2021-q-2026-09-28-md-20789862,oecd_crs_energy_microdata,1,2026-09-28,accepted,,
crs-flow-oecd-crs-energy-vnm-2021-q-2026-09-28-md-20789758,line,oecd-crs-energy-vnm-2021-q-2026-09-28-md-20789758,money,flow,disbursement,unknown,385029,,,USD,USD,,,oecd-crs-energy-vnm-2021-q-2026-09-28-md-20789758,oecd_crs_energy_microdata,1,2026-09-28,accepted,,"OECD Q value already in 2024 constant USD; UNIT_MULT applied, no FX or deflator rate applied"
crs-marker-biodiversity-oecd-crs-energy-vnm-2021-q-2026-09-28-md-20789758,line,oecd-crs-energy-vnm-2021-q-2026-09-28-md-20789758,,marker,,,0,,,,,0,biodiversity,oecd-crs-energy-vnm-2021-q-2026-09-28-md-20789758,oecd_crs_energy_microdata,1,2026-09-28,accepted,,
crs-marker-mitigation-oecd-crs-energy-vnm-2021-q-2026-09-28-md-20789758,line,oecd-crs-energy-vnm-2021-q-2026-09-28-md-20789758,,marker,,,2,,,,,2,mitigation,oecd-crs-energy-vnm-2021-q-2026-09-28-md-20789758,oecd_crs_energy_microdata,1,2026-09-28,accepted,,
crs-marker-adaptation-oecd-crs-energy-vnm-2021-q-2026-09-28-md-20789758,line,oecd-crs-energy-vnm-2021-q-2026-09-28-md-20789758,,marker,,,0,,,,,0,adaptation,oecd-crs-energy-vnm-2021-q-2026-09-28-md-20789758,oecd_crs_energy_microdata,1,2026-09-28,accepted,,
crs-marker-desertification-oecd-crs-energy-vnm-2021-q-2026-09-28-md-20789758,line,oecd-crs-energy-vnm-2021-q-2026-09-28-md-20789758,,marker,,,0,,,,,0,desertification,oecd-crs-energy-vnm-2021-q-2026-09-28-md-20789758,oecd_crs_energy_microdata,1,2026-09-28,accepted,,
crs-flow-oecd-crs-energy-vnm-2021-q-2026-09-28-md-20790010,line,oecd-crs-energy-vnm-2021-q-2026-09-28-md-20790010,money,flow,disbursement,unknown,434337,,,USD,USD,,,oecd-crs-energy-vnm-2021-q-2026-09-28-md-20790010,oecd_crs_energy_microdata,1,2026-09-28,accepted,,"OECD Q value already in 2024 constant USD; UNIT_MULT applied, no FX or deflator rate applied"
crs-marker-biodiversity-oecd-crs-energy-vnm-2021-q-2026-09-28-md-20790010,line,oecd-crs-energy-vnm-2021-q-2026-09-28-md-20790010,,marker,,,0,,,,,0,biodiversity,oecd-crs-energy-vnm-2021-q-2026-09-28-md-20790010,oecd_crs_energy_microdata,1,2026-09-28,accepted,,
crs-marker-mitigation-oecd-crs-energy-vnm-2021-q-2026-09-28-md-20790010,line,oecd-crs-energy-vnm-2021-q-2026-09-28-md-20790010,,marker,,,2,,,,,2,mitigation,oecd-crs-energy-vnm-2021-q-2026-09-28-md-20790010,oecd_crs_energy_microdata,1,2026-09-28,accepted,,
crs-marker-adaptation-oecd-crs-energy-vnm-2021-q-2026-09-28-md-20790010,line,oecd-crs-energy-vnm-2021-q-2026-09-28-md-20790010,,marker,,,0,,,,,0,adaptation,oecd-crs-energy-vnm-2021-q-2026-09-28-md-20790010,oecd_crs_energy_microdata,1,2026-09-28,accepted,,
crs-marker-desertification-oecd-crs-energy-vnm-2021-q-2026-09-28-md-20790010,line,oecd-crs-energy-vnm-2021-q-2026-09-28-md-20790010,,marker,,,0,,,,,0,desertification,oecd-crs-energy-vnm-2021-q-2026-09-28-md-20790010,oecd_crs_energy_microdata,1,2026-09-28,accepted,,
crs-flow-oecd-crs-energy-vnm-2021-q-2026-09-28-md-20789865,line,oecd-crs-energy-vnm-2021-q-2026-09-28-md-20789865,money,flow,disbursement,unknown,84965136,,,USD,USD,,,oecd-crs-energy-vnm-2021-q-2026-09-28-md-20789865,oecd_crs_energy_microdata,1,2026-09-28,accepted,,"OECD Q value already in 2024 constant USD; UNIT_MULT applied, no FX or deflator rate applied"
crs-marker-biodiversity-oecd-crs-energy-vnm-2021-q-2026-09-28-md-20789865,line,oecd-crs-energy-vnm-2021-q-2026-09-28-md-20789865,,marker,,,0,,,,,0,biodiversity,oecd-crs-energy-vnm-2021-q-2026-09-28-md-20789865,oecd_crs_energy_microdata,1,2026-09-28,accepted,,
crs-marker-mitigation-oecd-crs-energy-vnm-2021-q-2026-09-28-md-20789865,line,oecd-crs-energy-vnm-2021-q-2026-09-28-md-20789865,,marker,,,2,,,,,2,mitigation,oecd-crs-energy-vnm-2021-q-2026-09-28-md-20789865,oecd_crs_energy_microdata,1,2026-09-28,accepted,,
crs-marker-adaptation-oecd-crs-energy-vnm-2021-q-2026-09-28-md-20789865,line,oecd-crs-energy-vnm-2021-q-2026-09-28-md-20789865,,marker,,,0,,,,,0,adaptation,oecd-crs-energy-vnm-2021-q-2026-09-28-md-20789865,oecd_crs_energy_microdata,1,2026-09-28,accepted,,
crs-marker-desertification-oecd-crs-energy-vnm-2021-q-2026-09-28-md-20789865,line,oecd-crs-energy-vnm-2021-q-2026-09-28-md-20789865,,marker,,,0,,,,,0,desertification,oecd-crs-energy-vnm-2021-q-2026-09-28-md-20789865,oecd_crs_energy_microdata,1,2026-09-28,accepted,,
crs-flow-oecd-crs-energy-vnm-2021-q-2026-09-28-md-20793184,line,oecd-crs-energy-vnm-2021-q-2026-09-28-md-20793184,money,flow,disbursement,unknown,450724,,,USD,USD,,,oecd-crs-energy-vnm-2021-q-2026-09-28-md-20793184,oecd_crs_energy_microdata,1,2026-09-28,accepted,,"OECD Q value already in 2024 constant USD; UNIT_MULT applied, no FX or deflator rate applied"
crs-marker-biodiversity-oecd-crs-energy-vnm-2021-q-2026-09-28-md-20793184,line,oecd-crs-energy-vnm-2021-q-2026-09-28-md-20793184,,marker,,,0,,,,,0,biodiversity,oecd-crs-energy-vnm-2021-q-2026-09-28-md-20793184,oecd_crs_energy_microdata,1,2026-09-28,accepted,,
crs-marker-mitigation-oecd-crs-energy-vnm-2021-q-2026-09-28-md-20793184,line,oecd-crs-energy-vnm-2021-q-2026-09-28-md-20793184,,marker,,,2,,,,,2,mitigation,oecd-crs-energy-vnm-2021-q-2026-09-28-md-20793184,oecd_crs_energy_microdata,1,2026-09-28,accepted,,
crs-marker-adaptation-oecd-crs-energy-vnm-2021-q-2026-09-28-md-20793184,line,oecd-crs-energy-vnm-2021-q-2026-09-28-md-20793184,,marker,,,0,,,,,0,adaptation,oecd-crs-energy-vnm-2021-q-2026-09-28-md-20793184,oecd_crs_energy_microdata,1,2026-09-28,accepted,,
crs-marker-desertification-oecd-crs-energy-vnm-2021-q-2026-09-28-md-20793184,line,oecd-crs-energy-vnm-2021-q-2026-09-28-md-20793184,,marker,,,0,,,,,0,desertification,oecd-crs-energy-vnm-2021-q-2026-09-28-md-20793184,oecd_crs_energy_microdata,1,2026-09-28,accepted,,
crs-flow-oecd-crs-energy-vnm-2021-q-2026-09-28-md-20246287,line,oecd-crs-energy-vnm-2021-q-2026-09-28-md-20246287,money,flow,commitment,unknown,626783,,,USD,USD,,,oecd-crs-energy-vnm-2021-q-2026-09-28-md-20246287,oecd_crs_energy_microdata,1,2026-09-28,accepted,,"OECD Q value already in 2024 constant USD; UNIT_MULT applied, no FX or deflator rate applied"
crs-marker-biodiversity-oecd-crs-energy-vnm-2021-q-2026-09-28-md-20246287,line,oecd-crs-energy-vnm-2021-q-2026-09-28-md-20246287,,marker,,,0,,,,,0,biodiversity,oecd-crs-energy-vnm-2021-q-2026-09-28-md-20246287,oecd_crs_energy_microdata,1,2026-09-28,accepted,,
crs-marker-mitigation-oecd-crs-energy-vnm-2021-q-2026-09-28-md-20246287,line,oecd-crs-energy-vnm-2021-q-2026-09-28-md-20246287,,marker,,,2,,,,,2,mitigation,oecd-crs-energy-vnm-2021-q-2026-09-28-md-20246287,oecd_crs_energy_microdata,1,2026-09-28,accepted,,
crs-marker-adaptation-oecd-crs-energy-vnm-2021-q-2026-09-28-md-20246287,line,oecd-crs-energy-vnm-2021-q-2026-09-28-md-20246287,,marker,,,0,,,,,0,adaptation,oecd-crs-energy-vnm-2021-q-2026-09-28-md-20246287,oecd_crs_energy_microdata,1,2026-09-28,accepted,,
crs-marker-desertification-oecd-crs-energy-vnm-2021-q-2026-09-28-md-20246287,line,oecd-crs-energy-vnm-2021-q-2026-09-28-md-20246287,,marker,,,0,,,,,0,desertification,oecd-crs-energy-vnm-2021-q-2026-09-28-md-20246287,oecd_crs_energy_microdata,1,2026-09-28,accepted,,
crs-flow-oecd-crs-energy-vnm-2021-q-2026-09-28-md-20247745,line,oecd-crs-energy-vnm-2021-q-2026-09-28-md-20247745,money,flow,commitment,unknown,683763,,,USD,USD,,,oecd-crs-energy-vnm-2021-q-2026-09-28-md-20247745,oecd_crs_energy_microdata,1,2026-09-28,accepted,,"OECD Q value already in 2024 constant USD; UNIT_MULT applied, no FX or deflator rate applied"
crs-marker-biodiversity-oecd-crs-energy-vnm-2021-q-2026-09-28-md-20247745,line,oecd-crs-energy-vnm-2021-q-2026-09-28-md-20247745,,marker,,,0,,,,,0,biodiversity,oecd-crs-energy-vnm-2021-q-2026-09-28-md-20247745,oecd_crs_energy_microdata,1,2026-09-28,accepted,,
crs-marker-mitigation-oecd-crs-energy-vnm-2021-q-2026-09-28-md-20247745,line,oecd-crs-energy-vnm-2021-q-2026-09-28-md-20247745,,marker,,,1,,,,,1,mitigation,oecd-crs-energy-vnm-2021-q-2026-09-28-md-20247745,oecd_crs_energy_microdata,1,2026-09-28,accepted,,
crs-marker-adaptation-oecd-crs-energy-vnm-2021-q-2026-09-28-md-20247745,line,oecd-crs-energy-vnm-2021-q-2026-09-28-md-20247745,,marker,,,1,,,,,1,adaptation,oecd-crs-energy-vnm-2021-q-2026-09-28-md-20247745,oecd_crs_energy_microdata,1,2026-09-28,accepted,,
crs-marker-desertification-oecd-crs-energy-vnm-2021-q-2026-09-28-md-20247745,line,oecd-crs-energy-vnm-2021-q-2026-09-28-md-20247745,,marker,,,0,,,,,0,desertification,oecd-crs-energy-vnm-2021-q-2026-09-28-md-20247745,oecd_crs_energy_microdata,1,2026-09-28,accepted,,
crs-flow-oecd-crs-energy-vnm-2021-q-2026-09-28-md-20156941,line,oecd-crs-energy-vnm-2021-q-2026-09-28-md-20156941,money,flow,commitment,unknown,12848193,,,USD,USD,,,oecd-crs-energy-vnm-2021-q-2026-09-28-md-20156941,oecd_crs_energy_microdata,1,2026-09-28,accepted,,"OECD Q value already in 2024 constant USD; UNIT_MULT applied, no FX or deflator rate applied"
crs-marker-biodiversity-oecd-crs-energy-vnm-2021-q-2026-09-28-md-20156941,line,oecd-crs-energy-vnm-2021-q-2026-09-28-md-20156941,,marker,,,,,,,,not_screened,biodiversity,oecd-crs-energy-vnm-2021-q-2026-09-28-md-20156941,oecd_crs_energy_microdata,1,2026-09-28,accepted,,
crs-marker-mitigation-oecd-crs-energy-vnm-2021-q-2026-09-28-md-20156941,line,oecd-crs-energy-vnm-2021-q-2026-09-28-md-20156941,,marker,,,,,,,,not_screened,mitigation,oecd-crs-energy-vnm-2021-q-2026-09-28-md-20156941,oecd_crs_energy_microdata,1,2026-09-28,accepted,,
crs-marker-adaptation-oecd-crs-energy-vnm-2021-q-2026-09-28-md-20156941,line,oecd-crs-energy-vnm-2021-q-2026-09-28-md-20156941,,marker,,,,,,,,not_screened,adaptation,oecd-crs-energy-vnm-2021-q-2026-09-28-md-20156941,oecd_crs_energy_microdata,1,2026-09-28,accepted,,
crs-marker-desertification-oecd-crs-energy-vnm-2021-q-2026-09-28-md-20156941,line,oecd-crs-energy-vnm-2021-q-2026-09-28-md-20156941,,marker,,,,,,,,not_screened,desertification,oecd-crs-energy-vnm-2021-q-2026-09-28-md-20156941,oecd_crs_energy_microdata,1,2026-09-28,accepted,,
crs-flow-oecd-crs-energy-vnm-2021-q-2026-09-28-md-20156938,line,oecd-crs-energy-vnm-2021-q-2026-09-28-md-20156938,money,flow,commitment,unknown,38544580,,,USD,USD,,,oecd-crs-energy-vnm-2021-q-2026-09-28-md-20156938,oecd_crs_energy_microdata,1,2026-09-28,accepted,,"OECD Q value already in 2024 constant USD; UNIT_MULT applied, no FX or deflator rate applied"
crs-marker-biodiversity-oecd-crs-energy-vnm-2021-q-2026-09-28-md-20156938,line,oecd-crs-energy-vnm-2021-q-2026-09-28-md-20156938,,marker,,,,,,,,not_screened,biodiversity,oecd-crs-energy-vnm-2021-q-2026-09-28-md-20156938,oecd_crs_energy_microdata,1,2026-09-28,accepted,,
crs-marker-mitigation-oecd-crs-energy-vnm-2021-q-2026-09-28-md-20156938,line,oecd-crs-energy-vnm-2021-q-2026-09-28-md-20156938,,marker,,,,,,,,not_screened,mitigation,oecd-crs-energy-vnm-2021-q-2026-09-28-md-20156938,oecd_crs_energy_microdata,1,2026-09-28,accepted,,
crs-marker-adaptation-oecd-crs-energy-vnm-2021-q-2026-09-28-md-20156938,line,oecd-crs-energy-vnm-2021-q-2026-09-28-md-20156938,,marker,,,,,,,,not_screened,adaptation,oecd-crs-energy-vnm-2021-q-2026-09-28-md-20156938,oecd_crs_energy_microdata,1,2026-09-28,accepted,,
crs-marker-desertification-oecd-crs-energy-vnm-2021-q-2026-09-28-md-20156938,line,oecd-crs-energy-vnm-2021-q-2026-09-28-md-20156938,,marker,,,,,,,,not_screened,desertification,oecd-crs-energy-vnm-2021-q-2026-09-28-md-20156938,oecd_crs_energy_microdata,1,2026-09-28,accepted,,
crs-flow-oecd-crs-energy-vnm-2021-q-2026-09-28-md-20668872,line,oecd-crs-energy-vnm-2021-q-2026-09-28-md-20668872,money,flow,disbursement,unknown,14513102,,,USD,USD,,,oecd-crs-energy-vnm-2021-q-2026-09-28-md-20668872,oecd_crs_energy_microdata,1,2026-09-28,accepted,,"OECD Q value already in 2024 constant USD; UNIT_MULT applied, no FX or deflator rate applied"
crs-marker-biodiversity-oecd-crs-energy-vnm-2021-q-2026-09-28-md-20668872,line,oecd-crs-energy-vnm-2021-q-2026-09-28-md-20668872,,marker,,,,,,,,not_screened,biodiversity,oecd-crs-energy-vnm-2021-q-2026-09-28-md-20668872,oecd_crs_energy_microdata,1,2026-09-28,accepted,,
crs-marker-mitigation-oecd-crs-energy-vnm-2021-q-2026-09-28-md-20668872,line,oecd-crs-energy-vnm-2021-q-2026-09-28-md-20668872,,marker,,,,,,,,not_screened,mitigation,oecd-crs-energy-vnm-2021-q-2026-09-28-md-20668872,oecd_crs_energy_microdata,1,2026-09-28,accepted,,
crs-marker-adaptation-oecd-crs-energy-vnm-2021-q-2026-09-28-md-20668872,line,oecd-crs-energy-vnm-2021-q-2026-09-28-md-20668872,,marker,,,,,,,,not_screened,adaptation,oecd-crs-energy-vnm-2021-q-2026-09-28-md-20668872,oecd_crs_energy_microdata,1,2026-09-28,accepted,,
crs-marker-desertification-oecd-crs-energy-vnm-2021-q-2026-09-28-md-20668872,line,oecd-crs-energy-vnm-2021-q-2026-09-28-md-20668872,,marker,,,,,,,,not_screened,desertification,oecd-crs-energy-vnm-2021-q-2026-09-28-md-20668872,oecd_crs_energy_microdata,1,2026-09-28,accepted,,
crs-flow-oecd-crs-energy-vnm-2021-q-2026-09-28-md-20671819,line,oecd-crs-energy-vnm-2021-q-2026-09-28-md-20671819,money,flow,disbursement,unknown,35652,,,USD,USD,,,oecd-crs-energy-vnm-2021-q-2026-09-28-md-20671819,oecd_crs_energy_microdata,1,2026-09-28,accepted,,"OECD Q value already in 2024 constant USD; UNIT_MULT applied, no FX or deflator rate applied"
crs-marker-biodiversity-oecd-crs-energy-vnm-2021-q-2026-09-28-md-20671819,line,oecd-crs-energy-vnm-2021-q-2026-09-28-md-20671819,,marker,,,,,,,,not_screened,biodiversity,oecd-crs-energy-vnm-2021-q-2026-09-28-md-20671819,oecd_crs_energy_microdata,1,2026-09-28,accepted,,
crs-marker-mitigation-oecd-crs-energy-vnm-2021-q-2026-09-28-md-20671819,line,oecd-crs-energy-vnm-2021-q-2026-09-28-md-20671819,,marker,,,,,,,,not_screened,mitigation,oecd-crs-energy-vnm-2021-q-2026-09-28-md-20671819,oecd_crs_energy_microdata,1,2026-09-28,accepted,,
crs-marker-adaptation-oecd-crs-energy-vnm-2021-q-2026-09-28-md-20671819,line,oecd-crs-energy-vnm-2021-q-2026-09-28-md-20671819,,marker,,,,,,,,not_screened,adaptation,oecd-crs-energy-vnm-2021-q-2026-09-28-md-20671819,oecd_crs_energy_microdata,1,2026-09-28,accepted,,
crs-marker-desertification-oecd-crs-energy-vnm-2021-q-2026-09-28-md-20671819,line,oecd-crs-energy-vnm-2021-q-2026-09-28-md-20671819,,marker,,,,,,,,not_screened,desertification,oecd-crs-energy-vnm-2021-q-2026-09-28-md-20671819,oecd_crs_energy_microdata,1,2026-09-28,accepted,,
crs-flow-oecd-crs-energy-vnm-2021-q-2026-09-28-md-20675473,line,oecd-crs-energy-vnm-2021-q-2026-09-28-md-20675473,money,flow,disbursement,unknown,121819,,,USD,USD,,,oecd-crs-energy-vnm-2021-q-2026-09-28-md-20675473,oecd_crs_energy_microdata,1,2026-09-28,accepted,,"OECD Q value already in 2024 constant USD; UNIT_MULT applied, no FX or deflator rate applied"
crs-marker-biodiversity-oecd-crs-energy-vnm-2021-q-2026-09-28-md-20675473,line,oecd-crs-energy-vnm-2021-q-2026-09-28-md-20675473,,marker,,,,,,,,not_screened,biodiversity,oecd-crs-energy-vnm-2021-q-2026-09-28-md-20675473,oecd_crs_energy_microdata,1,2026-09-28,accepted,,
crs-marker-mitigation-oecd-crs-energy-vnm-2021-q-2026-09-28-md-20675473,line,oecd-crs-energy-vnm-2021-q-2026-09-28-md-20675473,,marker,,,,,,,,not_screened,mitigation,oecd-crs-energy-vnm-2021-q-2026-09-28-md-20675473,oecd_crs_energy_microdata,1,2026-09-28,accepted,,
crs-marker-adaptation-oecd-crs-energy-vnm-2021-q-2026-09-28-md-20675473,line,oecd-crs-energy-vnm-2021-q-2026-09-28-md-20675473,,marker,,,,,,,,not_screened,adaptation,oecd-crs-energy-vnm-2021-q-2026-09-28-md-20675473,oecd_crs_energy_microdata,1,2026-09-28,accepted,,
crs-marker-desertification-oecd-crs-energy-vnm-2021-q-2026-09-28-md-20675473,line,oecd-crs-energy-vnm-2021-q-2026-09-28-md-20675473,,marker,,,,,,,,not_screened,desertification,oecd-crs-energy-vnm-2021-q-2026-09-28-md-20675473,oecd_crs_energy_microdata,1,2026-09-28,accepted,,
crs-flow-oecd-crs-energy-vnm-2021-q-2026-09-28-md-20122373,line,oecd-crs-energy-vnm-2021-q-2026-09-28-md-20122373,money,flow,commitment,unknown,83596516,,,USD,USD,,,oecd-crs-energy-vnm-2021-q-2026-09-28-md-20122373,oecd_crs_energy_microdata,1,2026-09-28,accepted,,"OECD Q value already in 2024 constant USD; UNIT_MULT applied, no FX or deflator rate applied"
crs-marker-biodiversity-oecd-crs-energy-vnm-2021-q-2026-09-28-md-20122373,line,oecd-crs-energy-vnm-2021-q-2026-09-28-md-20122373,,marker,,,0,,,,,0,biodiversity,oecd-crs-energy-vnm-2021-q-2026-09-28-md-20122373,oecd_crs_energy_microdata,1,2026-09-28,accepted,,
crs-marker-mitigation-oecd-crs-energy-vnm-2021-q-2026-09-28-md-20122373,line,oecd-crs-energy-vnm-2021-q-2026-09-28-md-20122373,,marker,,,2,,,,,2,mitigation,oecd-crs-energy-vnm-2021-q-2026-09-28-md-20122373,oecd_crs_energy_microdata,1,2026-09-28,accepted,,
crs-marker-adaptation-oecd-crs-energy-vnm-2021-q-2026-09-28-md-20122373,line,oecd-crs-energy-vnm-2021-q-2026-09-28-md-20122373,,marker,,,0,,,,,0,adaptation,oecd-crs-energy-vnm-2021-q-2026-09-28-md-20122373,oecd_crs_energy_microdata,1,2026-09-28,accepted,,
crs-marker-desertification-oecd-crs-energy-vnm-2021-q-2026-09-28-md-20122373,line,oecd-crs-energy-vnm-2021-q-2026-09-28-md-20122373,,marker,,,0,,,,,0,desertification,oecd-crs-energy-vnm-2021-q-2026-09-28-md-20122373,oecd_crs_energy_microdata,1,2026-09-28,accepted,,
crs-flow-oecd-crs-energy-vnm-2021-q-2026-09-28-md-20684340,line,oecd-crs-energy-vnm-2021-q-2026-09-28-md-20684340,money,flow,disbursement,unknown,12013799,,,USD,USD,,,oecd-crs-energy-vnm-2021-q-2026-09-28-md-20684340,oecd_crs_energy_microdata,1,2026-09-28,accepted,,"OECD Q value already in 2024 constant USD; UNIT_MULT applied, no FX or deflator rate applied"
crs-marker-biodiversity-oecd-crs-energy-vnm-2021-q-2026-09-28-md-20684340,line,oecd-crs-energy-vnm-2021-q-2026-09-28-md-20684340,,marker,,,0,,,,,0,biodiversity,oecd-crs-energy-vnm-2021-q-2026-09-28-md-20684340,oecd_crs_energy_microdata,1,2026-09-28,accepted,,
crs-marker-mitigation-oecd-crs-energy-vnm-2021-q-2026-09-28-md-20684340,line,oecd-crs-energy-vnm-2021-q-2026-09-28-md-20684340,,marker,,,2,,,,,2,mitigation,oecd-crs-energy-vnm-2021-q-2026-09-28-md-20684340,oecd_crs_energy_microdata,1,2026-09-28,accepted,,
crs-marker-adaptation-oecd-crs-energy-vnm-2021-q-2026-09-28-md-20684340,line,oecd-crs-energy-vnm-2021-q-2026-09-28-md-20684340,,marker,,,0,,,,,0,adaptation,oecd-crs-energy-vnm-2021-q-2026-09-28-md-20684340,oecd_crs_energy_microdata,1,2026-09-28,accepted,,
crs-marker-desertification-oecd-crs-energy-vnm-2021-q-2026-09-28-md-20684340,line,oecd-crs-energy-vnm-2021-q-2026-09-28-md-20684340,,marker,,,0,,,,,0,desertification,oecd-crs-energy-vnm-2021-q-2026-09-28-md-20684340,oecd_crs_energy_microdata,1,2026-09-28,accepted,,
crs-flow-oecd-crs-energy-vnm-2021-q-2026-09-28-md-20627320,line,oecd-crs-energy-vnm-2021-q-2026-09-28-md-20627320,money,flow,disbursement,unknown,355609,,,USD,USD,,,oecd-crs-energy-vnm-2021-q-2026-09-28-md-20627320,oecd_crs_energy_microdata,1,2026-09-28,accepted,,"OECD Q value already in 2024 constant USD; UNIT_MULT applied, no FX or deflator rate applied"
crs-marker-biodiversity-oecd-crs-energy-vnm-2021-q-2026-09-28-md-20627320,line,oecd-crs-energy-vnm-2021-q-2026-09-28-md-20627320,,marker,,,0,,,,,0,biodiversity,oecd-crs-energy-vnm-2021-q-2026-09-28-md-20627320,oecd_crs_energy_microdata,1,2026-09-28,accepted,,
crs-marker-mitigation-oecd-crs-energy-vnm-2021-q-2026-09-28-md-20627320,line,oecd-crs-energy-vnm-2021-q-2026-09-28-md-20627320,,marker,,,0,,,,,0,mitigation,oecd-crs-energy-vnm-2021-q-2026-09-28-md-20627320,oecd_crs_energy_microdata,1,2026-09-28,accepted,,
crs-marker-adaptation-oecd-crs-energy-vnm-2021-q-2026-09-28-md-20627320,line,oecd-crs-energy-vnm-2021-q-2026-09-28-md-20627320,,marker,,,0,,,,,0,adaptation,oecd-crs-energy-vnm-2021-q-2026-09-28-md-20627320,oecd_crs_energy_microdata,1,2026-09-28,accepted,,
crs-marker-desertification-oecd-crs-energy-vnm-2021-q-2026-09-28-md-20627320,line,oecd-crs-energy-vnm-2021-q-2026-09-28-md-20627320,,marker,,,0,,,,,0,desertification,oecd-crs-energy-vnm-2021-q-2026-09-28-md-20627320,oecd_crs_energy_microdata,1,2026-09-28,accepted,,
crs-flow-oecd-crs-energy-vnm-2021-q-2026-09-28-md-20253480,line,oecd-crs-energy-vnm-2021-q-2026-09-28-md-20253480,money,flow,commitment,unknown,633114,,,USD,USD,,,oecd-crs-energy-vnm-2021-q-2026-09-28-md-20253480,oecd_crs_energy_microdata,1,2026-09-28,accepted,,"OECD Q value already in 2024 constant USD; UNIT_MULT applied, no FX or deflator rate applied"
crs-marker-biodiversity-oecd-crs-energy-vnm-2021-q-2026-09-28-md-20253480,line,oecd-crs-energy-vnm-2021-q-2026-09-28-md-20253480,,marker,,,0,,,,,0,biodiversity,oecd-crs-energy-vnm-2021-q-2026-09-28-md-20253480,oecd_crs_energy_microdata,1,2026-09-28,accepted,,
crs-marker-mitigation-oecd-crs-energy-vnm-2021-q-2026-09-28-md-20253480,line,oecd-crs-energy-vnm-2021-q-2026-09-28-md-20253480,,marker,,,2,,,,,2,mitigation,oecd-crs-energy-vnm-2021-q-2026-09-28-md-20253480,oecd_crs_energy_microdata,1,2026-09-28,accepted,,
crs-marker-adaptation-oecd-crs-energy-vnm-2021-q-2026-09-28-md-20253480,line,oecd-crs-energy-vnm-2021-q-2026-09-28-md-20253480,,marker,,,0,,,,,0,adaptation,oecd-crs-energy-vnm-2021-q-2026-09-28-md-20253480,oecd_crs_energy_microdata,1,2026-09-28,accepted,,
crs-marker-desertification-oecd-crs-energy-vnm-2021-q-2026-09-28-md-20253480,line,oecd-crs-energy-vnm-2021-q-2026-09-28-md-20253480,,marker,,,0,,,,,0,desertification,oecd-crs-energy-vnm-2021-q-2026-09-28-md-20253480,oecd_crs_energy_microdata,1,2026-09-28,accepted,,
crs-flow-oecd-crs-energy-vnm-2021-q-2026-09-28-md-20799325,line,oecd-crs-energy-vnm-2021-q-2026-09-28-md-20799325,money,flow,disbursement,unknown,2087212,,,USD,USD,,,oecd-crs-energy-vnm-2021-q-2026-09-28-md-20799325,oecd_crs_energy_microdata,1,2026-09-28,accepted,,"OECD Q value already in 2024 constant USD; UNIT_MULT applied, no FX or deflator rate applied"
crs-marker-biodiversity-oecd-crs-energy-vnm-2021-q-2026-09-28-md-20799325,line,oecd-crs-energy-vnm-2021-q-2026-09-28-md-20799325,,marker,,,0,,,,,0,biodiversity,oecd-crs-energy-vnm-2021-q-2026-09-28-md-20799325,oecd_crs_energy_microdata,1,2026-09-28,accepted,,
crs-marker-mitigation-oecd-crs-energy-vnm-2021-q-2026-09-28-md-20799325,line,oecd-crs-energy-vnm-2021-q-2026-09-28-md-20799325,,marker,,,2,,,,,2,mitigation,oecd-crs-energy-vnm-2021-q-2026-09-28-md-20799325,oecd_crs_energy_microdata,1,2026-09-28,accepted,,
crs-marker-adaptation-oecd-crs-energy-vnm-2021-q-2026-09-28-md-20799325,line,oecd-crs-energy-vnm-2021-q-2026-09-28-md-20799325,,marker,,,0,,,,,0,adaptation,oecd-crs-energy-vnm-2021-q-2026-09-28-md-20799325,oecd_crs_energy_microdata,1,2026-09-28,accepted,,
crs-marker-desertification-oecd-crs-energy-vnm-2021-q-2026-09-28-md-20799325,line,oecd-crs-energy-vnm-2021-q-2026-09-28-md-20799325,,marker,,,0,,,,,0,desertification,oecd-crs-energy-vnm-2021-q-2026-09-28-md-20799325,oecd_crs_energy_microdata,1,2026-09-28,accepted,,
crs-flow-oecd-crs-energy-vnm-2021-q-2026-09-28-md-20251892,line,oecd-crs-energy-vnm-2021-q-2026-09-28-md-20251892,money,flow,commitment,unknown,443180,,,USD,USD,,,oecd-crs-energy-vnm-2021-q-2026-09-28-md-20251892,oecd_crs_energy_microdata,1,2026-09-28,accepted,,"OECD Q value already in 2024 constant USD; UNIT_MULT applied, no FX or deflator rate applied"
crs-marker-biodiversity-oecd-crs-energy-vnm-2021-q-2026-09-28-md-20251892,line,oecd-crs-energy-vnm-2021-q-2026-09-28-md-20251892,,marker,,,0,,,,,0,biodiversity,oecd-crs-energy-vnm-2021-q-2026-09-28-md-20251892,oecd_crs_energy_microdata,1,2026-09-28,accepted,,
crs-marker-mitigation-oecd-crs-energy-vnm-2021-q-2026-09-28-md-20251892,line,oecd-crs-energy-vnm-2021-q-2026-09-28-md-20251892,,marker,,,0,,,,,0,mitigation,oecd-crs-energy-vnm-2021-q-2026-09-28-md-20251892,oecd_crs_energy_microdata,1,2026-09-28,accepted,,
crs-marker-adaptation-oecd-crs-energy-vnm-2021-q-2026-09-28-md-20251892,line,oecd-crs-energy-vnm-2021-q-2026-09-28-md-20251892,,marker,,,0,,,,,0,adaptation,oecd-crs-energy-vnm-2021-q-2026-09-28-md-20251892,oecd_crs_energy_microdata,1,2026-09-28,accepted,,
crs-marker-desertification-oecd-crs-energy-vnm-2021-q-2026-09-28-md-20251892,line,oecd-crs-energy-vnm-2021-q-2026-09-28-md-20251892,,marker,,,0,,,,,0,desertification,oecd-crs-energy-vnm-2021-q-2026-09-28-md-20251892,oecd_crs_energy_microdata,1,2026-09-28,accepted,,
crs-flow-oecd-crs-energy-vnm-2021-q-2026-09-28-md-20801255,line,oecd-crs-energy-vnm-2021-q-2026-09-28-md-20801255,money,flow,disbursement,unknown,189597,,,USD,USD,,,oecd-crs-energy-vnm-2021-q-2026-09-28-md-20801255,oecd_crs_energy_microdata,1,2026-09-28,accepted,,"OECD Q value already in 2024 constant USD; UNIT_MULT applied, no FX or deflator rate applied"
crs-marker-biodiversity-oecd-crs-energy-vnm-2021-q-2026-09-28-md-20801255,line,oecd-crs-energy-vnm-2021-q-2026-09-28-md-20801255,,marker,,,0,,,,,0,biodiversity,oecd-crs-energy-vnm-2021-q-2026-09-28-md-20801255,oecd_crs_energy_microdata,1,2026-09-28,accepted,,
crs-marker-mitigation-oecd-crs-energy-vnm-2021-q-2026-09-28-md-20801255,line,oecd-crs-energy-vnm-2021-q-2026-09-28-md-20801255,,marker,,,0,,,,,0,mitigation,oecd-crs-energy-vnm-2021-q-2026-09-28-md-20801255,oecd_crs_energy_microdata,1,2026-09-28,accepted,,
crs-marker-adaptation-oecd-crs-energy-vnm-2021-q-2026-09-28-md-20801255,line,oecd-crs-energy-vnm-2021-q-2026-09-28-md-20801255,,marker,,,0,,,,,0,adaptation,oecd-crs-energy-vnm-2021-q-2026-09-28-md-20801255,oecd_crs_energy_microdata,1,2026-09-28,accepted,,
crs-marker-desertification-oecd-crs-energy-vnm-2021-q-2026-09-28-md-20801255,line,oecd-crs-energy-vnm-2021-q-2026-09-28-md-20801255,,marker,,,0,,,,,0,desertification,oecd-crs-energy-vnm-2021-q-2026-09-28-md-20801255,oecd_crs_energy_microdata,1,2026-09-28,accepted,,
crs-flow-oecd-crs-energy-vnm-2021-q-2026-09-28-md-20782190,line,oecd-crs-energy-vnm-2021-q-2026-09-28-md-20782190,money,flow,disbursement,unknown,50110,,,USD,USD,,,oecd-crs-energy-vnm-2021-q-2026-09-28-md-20782190,oecd_crs_energy_microdata,1,2026-09-28,accepted,,"OECD Q value already in 2024 constant USD; UNIT_MULT applied, no FX or deflator rate applied"
crs-marker-biodiversity-oecd-crs-energy-vnm-2021-q-2026-09-28-md-20782190,line,oecd-crs-energy-vnm-2021-q-2026-09-28-md-20782190,,marker,,,0,,,,,0,biodiversity,oecd-crs-energy-vnm-2021-q-2026-09-28-md-20782190,oecd_crs_energy_microdata,1,2026-09-28,accepted,,
crs-marker-mitigation-oecd-crs-energy-vnm-2021-q-2026-09-28-md-20782190,line,oecd-crs-energy-vnm-2021-q-2026-09-28-md-20782190,,marker,,,0,,,,,0,mitigation,oecd-crs-energy-vnm-2021-q-2026-09-28-md-20782190,oecd_crs_energy_microdata,1,2026-09-28,accepted,,
crs-marker-adaptation-oecd-crs-energy-vnm-2021-q-2026-09-28-md-20782190,line,oecd-crs-energy-vnm-2021-q-2026-09-28-md-20782190,,marker,,,0,,,,,0,adaptation,oecd-crs-energy-vnm-2021-q-2026-09-28-md-20782190,oecd_crs_energy_microdata,1,2026-09-28,accepted,,
crs-marker-desertification-oecd-crs-energy-vnm-2021-q-2026-09-28-md-20782190,line,oecd-crs-energy-vnm-2021-q-2026-09-28-md-20782190,,marker,,,0,,,,,0,desertification,oecd-crs-energy-vnm-2021-q-2026-09-28-md-20782190,oecd_crs_energy_microdata,1,2026-09-28,accepted,,
crs-flow-oecd-crs-energy-vnm-2021-q-2026-09-28-md-20782191,line,oecd-crs-energy-vnm-2021-q-2026-09-28-md-20782191,money,flow,disbursement,unknown,50110,,,USD,USD,,,oecd-crs-energy-vnm-2021-q-2026-09-28-md-20782191,oecd_crs_energy_microdata,1,2026-09-28,accepted,,"OECD Q value already in 2024 constant USD; UNIT_MULT applied, no FX or deflator rate applied"
crs-marker-biodiversity-oecd-crs-energy-vnm-2021-q-2026-09-28-md-20782191,line,oecd-crs-energy-vnm-2021-q-2026-09-28-md-20782191,,marker,,,0,,,,,0,biodiversity,oecd-crs-energy-vnm-2021-q-2026-09-28-md-20782191,oecd_crs_energy_microdata,1,2026-09-28,accepted,,
crs-marker-mitigation-oecd-crs-energy-vnm-2021-q-2026-09-28-md-20782191,line,oecd-crs-energy-vnm-2021-q-2026-09-28-md-20782191,,marker,,,0,,,,,0,mitigation,oecd-crs-energy-vnm-2021-q-2026-09-28-md-20782191,oecd_crs_energy_microdata,1,2026-09-28,accepted,,
crs-marker-adaptation-oecd-crs-energy-vnm-2021-q-2026-09-28-md-20782191,line,oecd-crs-energy-vnm-2021-q-2026-09-28-md-20782191,,marker,,,0,,,,,0,adaptation,oecd-crs-energy-vnm-2021-q-2026-09-28-md-20782191,oecd_crs_energy_microdata,1,2026-09-28,accepted,,
crs-marker-desertification-oecd-crs-energy-vnm-2021-q-2026-09-28-md-20782191,line,oecd-crs-energy-vnm-2021-q-2026-09-28-md-20782191,,marker,,,0,,,,,0,desertification,oecd-crs-energy-vnm-2021-q-2026-09-28-md-20782191,oecd_crs_energy_microdata,1,2026-09-28,accepted,,
crs-flow-oecd-crs-energy-vnm-2021-q-2026-09-28-md-20781604,line,oecd-crs-energy-vnm-2021-q-2026-09-28-md-20781604,money,flow,disbursement,unknown,32179,,,USD,USD,,,oecd-crs-energy-vnm-2021-q-2026-09-28-md-20781604,oecd_crs_energy_microdata,1,2026-09-28,accepted,,"OECD Q value already in 2024 constant USD; UNIT_MULT applied, no FX or deflator rate applied"
crs-marker-biodiversity-oecd-crs-energy-vnm-2021-q-2026-09-28-md-20781604,line,oecd-crs-energy-vnm-2021-q-2026-09-28-md-20781604,,marker,,,0,,,,,0,biodiversity,oecd-crs-energy-vnm-2021-q-2026-09-28-md-20781604,oecd_crs_energy_microdata,1,2026-09-28,accepted,,
crs-marker-mitigation-oecd-crs-energy-vnm-2021-q-2026-09-28-md-20781604,line,oecd-crs-energy-vnm-2021-q-2026-09-28-md-20781604,,marker,,,0,,,,,0,mitigation,oecd-crs-energy-vnm-2021-q-2026-09-28-md-20781604,oecd_crs_energy_microdata,1,2026-09-28,accepted,,
crs-marker-adaptation-oecd-crs-energy-vnm-2021-q-2026-09-28-md-20781604,line,oecd-crs-energy-vnm-2021-q-2026-09-28-md-20781604,,marker,,,0,,,,,0,adaptation,oecd-crs-energy-vnm-2021-q-2026-09-28-md-20781604,oecd_crs_energy_microdata,1,2026-09-28,accepted,,
crs-marker-desertification-oecd-crs-energy-vnm-2021-q-2026-09-28-md-20781604,line,oecd-crs-energy-vnm-2021-q-2026-09-28-md-20781604,,marker,,,0,,,,,0,desertification,oecd-crs-energy-vnm-2021-q-2026-09-28-md-20781604,oecd_crs_energy_microdata,1,2026-09-28,accepted,,
crs-flow-oecd-crs-energy-vnm-2021-q-2026-09-28-md-20781735,line,oecd-crs-energy-vnm-2021-q-2026-09-28-md-20781735,money,flow,disbursement,unknown,84809,,,USD,USD,,,oecd-crs-energy-vnm-2021-q-2026-09-28-md-20781735,oecd_crs_energy_microdata,1,2026-09-28,accepted,,"OECD Q value already in 2024 constant USD; UNIT_MULT applied, no FX or deflator rate applied"
crs-marker-biodiversity-oecd-crs-energy-vnm-2021-q-2026-09-28-md-20781735,line,oecd-crs-energy-vnm-2021-q-2026-09-28-md-20781735,,marker,,,0,,,,,0,biodiversity,oecd-crs-energy-vnm-2021-q-2026-09-28-md-20781735,oecd_crs_energy_microdata,1,2026-09-28,accepted,,
crs-marker-mitigation-oecd-crs-energy-vnm-2021-q-2026-09-28-md-20781735,line,oecd-crs-energy-vnm-2021-q-2026-09-28-md-20781735,,marker,,,0,,,,,0,mitigation,oecd-crs-energy-vnm-2021-q-2026-09-28-md-20781735,oecd_crs_energy_microdata,1,2026-09-28,accepted,,
crs-marker-adaptation-oecd-crs-energy-vnm-2021-q-2026-09-28-md-20781735,line,oecd-crs-energy-vnm-2021-q-2026-09-28-md-20781735,,marker,,,0,,,,,0,adaptation,oecd-crs-energy-vnm-2021-q-2026-09-28-md-20781735,oecd_crs_energy_microdata,1,2026-09-28,accepted,,
crs-marker-desertification-oecd-crs-energy-vnm-2021-q-2026-09-28-md-20781735,line,oecd-crs-energy-vnm-2021-q-2026-09-28-md-20781735,,marker,,,0,,,,,0,desertification,oecd-crs-energy-vnm-2021-q-2026-09-28-md-20781735,oecd_crs_energy_microdata,1,2026-09-28,accepted,,
crs-flow-oecd-crs-energy-vnm-2021-q-2026-09-28-md-20787452,line,oecd-crs-energy-vnm-2021-q-2026-09-28-md-20787452,money,flow,disbursement,unknown,29925,,,USD,USD,,,oecd-crs-energy-vnm-2021-q-2026-09-28-md-20787452,oecd_crs_energy_microdata,1,2026-09-28,accepted,,"OECD Q value already in 2024 constant USD; UNIT_MULT applied, no FX or deflator rate applied"
crs-marker-biodiversity-oecd-crs-energy-vnm-2021-q-2026-09-28-md-20787452,line,oecd-crs-energy-vnm-2021-q-2026-09-28-md-20787452,,marker,,,0,,,,,0,biodiversity,oecd-crs-energy-vnm-2021-q-2026-09-28-md-20787452,oecd_crs_energy_microdata,1,2026-09-28,accepted,,
crs-marker-mitigation-oecd-crs-energy-vnm-2021-q-2026-09-28-md-20787452,line,oecd-crs-energy-vnm-2021-q-2026-09-28-md-20787452,,marker,,,0,,,,,0,mitigation,oecd-crs-energy-vnm-2021-q-2026-09-28-md-20787452,oecd_crs_energy_microdata,1,2026-09-28,accepted,,
crs-marker-adaptation-oecd-crs-energy-vnm-2021-q-2026-09-28-md-20787452,line,oecd-crs-energy-vnm-2021-q-2026-09-28-md-20787452,,marker,,,0,,,,,0,adaptation,oecd-crs-energy-vnm-2021-q-2026-09-28-md-20787452,oecd_crs_energy_microdata,1,2026-09-28,accepted,,
crs-marker-desertification-oecd-crs-energy-vnm-2021-q-2026-09-28-md-20787452,line,oecd-crs-energy-vnm-2021-q-2026-09-28-md-20787452,,marker,,,0,,,,,0,desertification,oecd-crs-energy-vnm-2021-q-2026-09-28-md-20787452,oecd_crs_energy_microdata,1,2026-09-28,accepted,,
crs-flow-oecd-crs-energy-vnm-2021-q-2026-09-28-md-20640179,line,oecd-crs-energy-vnm-2021-q-2026-09-28-md-20640179,money,flow,disbursement,unknown,104,,,USD,USD,,,oecd-crs-energy-vnm-2021-q-2026-09-28-md-20640179,oecd_crs_energy_microdata,1,2026-09-28,accepted,,"OECD Q value already in 2024 constant USD; UNIT_MULT applied, no FX or deflator rate applied"
crs-marker-biodiversity-oecd-crs-energy-vnm-2021-q-2026-09-28-md-20640179,line,oecd-crs-energy-vnm-2021-q-2026-09-28-md-20640179,,marker,,,0,,,,,0,biodiversity,oecd-crs-energy-vnm-2021-q-2026-09-28-md-20640179,oecd_crs_energy_microdata,1,2026-09-28,accepted,,
crs-marker-mitigation-oecd-crs-energy-vnm-2021-q-2026-09-28-md-20640179,line,oecd-crs-energy-vnm-2021-q-2026-09-28-md-20640179,,marker,,,0,,,,,0,mitigation,oecd-crs-energy-vnm-2021-q-2026-09-28-md-20640179,oecd_crs_energy_microdata,1,2026-09-28,accepted,,
crs-marker-adaptation-oecd-crs-energy-vnm-2021-q-2026-09-28-md-20640179,line,oecd-crs-energy-vnm-2021-q-2026-09-28-md-20640179,,marker,,,0,,,,,0,adaptation,oecd-crs-energy-vnm-2021-q-2026-09-28-md-20640179,oecd_crs_energy_microdata,1,2026-09-28,accepted,,
crs-marker-desertification-oecd-crs-energy-vnm-2021-q-2026-09-28-md-20640179,line,oecd-crs-energy-vnm-2021-q-2026-09-28-md-20640179,,marker,,,0,,,,,0,desertification,oecd-crs-energy-vnm-2021-q-2026-09-28-md-20640179,oecd_crs_energy_microdata,1,2026-09-28,accepted,,
crs-flow-oecd-crs-energy-vnm-2021-q-2026-09-28-md-20640079,line,oecd-crs-energy-vnm-2021-q-2026-09-28-md-20640079,money,flow,disbursement,unknown,172,,,USD,USD,,,oecd-crs-energy-vnm-2021-q-2026-09-28-md-20640079,oecd_crs_energy_microdata,1,2026-09-28,accepted,,"OECD Q value already in 2024 constant USD; UNIT_MULT applied, no FX or deflator rate applied"
crs-marker-biodiversity-oecd-crs-energy-vnm-2021-q-2026-09-28-md-20640079,line,oecd-crs-energy-vnm-2021-q-2026-09-28-md-20640079,,marker,,,0,,,,,0,biodiversity,oecd-crs-energy-vnm-2021-q-2026-09-28-md-20640079,oecd_crs_energy_microdata,1,2026-09-28,accepted,,
crs-marker-mitigation-oecd-crs-energy-vnm-2021-q-2026-09-28-md-20640079,line,oecd-crs-energy-vnm-2021-q-2026-09-28-md-20640079,,marker,,,0,,,,,0,mitigation,oecd-crs-energy-vnm-2021-q-2026-09-28-md-20640079,oecd_crs_energy_microdata,1,2026-09-28,accepted,,
crs-marker-adaptation-oecd-crs-energy-vnm-2021-q-2026-09-28-md-20640079,line,oecd-crs-energy-vnm-2021-q-2026-09-28-md-20640079,,marker,,,0,,,,,0,adaptation,oecd-crs-energy-vnm-2021-q-2026-09-28-md-20640079,oecd_crs_energy_microdata,1,2026-09-28,accepted,,
crs-marker-desertification-oecd-crs-energy-vnm-2021-q-2026-09-28-md-20640079,line,oecd-crs-energy-vnm-2021-q-2026-09-28-md-20640079,,marker,,,0,,,,,0,desertification,oecd-crs-energy-vnm-2021-q-2026-09-28-md-20640079,oecd_crs_energy_microdata,1,2026-09-28,accepted,,
crs-flow-oecd-crs-energy-vnm-2021-q-2026-09-28-md-20640040,line,oecd-crs-energy-vnm-2021-q-2026-09-28-md-20640040,money,flow,disbursement,unknown,404500,,,USD,USD,,,oecd-crs-energy-vnm-2021-q-2026-09-28-md-20640040,oecd_crs_energy_microdata,1,2026-09-28,accepted,,"OECD Q value already in 2024 constant USD; UNIT_MULT applied, no FX or deflator rate applied"
crs-marker-biodiversity-oecd-crs-energy-vnm-2021-q-2026-09-28-md-20640040,line,oecd-crs-energy-vnm-2021-q-2026-09-28-md-20640040,,marker,,,0,,,,,0,biodiversity,oecd-crs-energy-vnm-2021-q-2026-09-28-md-20640040,oecd_crs_energy_microdata,1,2026-09-28,accepted,,
crs-marker-mitigation-oecd-crs-energy-vnm-2021-q-2026-09-28-md-20640040,line,oecd-crs-energy-vnm-2021-q-2026-09-28-md-20640040,,marker,,,0,,,,,0,mitigation,oecd-crs-energy-vnm-2021-q-2026-09-28-md-20640040,oecd_crs_energy_microdata,1,2026-09-28,accepted,,
crs-marker-adaptation-oecd-crs-energy-vnm-2021-q-2026-09-28-md-20640040,line,oecd-crs-energy-vnm-2021-q-2026-09-28-md-20640040,,marker,,,0,,,,,0,adaptation,oecd-crs-energy-vnm-2021-q-2026-09-28-md-20640040,oecd_crs_energy_microdata,1,2026-09-28,accepted,,
crs-marker-desertification-oecd-crs-energy-vnm-2021-q-2026-09-28-md-20640040,line,oecd-crs-energy-vnm-2021-q-2026-09-28-md-20640040,,marker,,,0,,,,,0,desertification,oecd-crs-energy-vnm-2021-q-2026-09-28-md-20640040,oecd_crs_energy_microdata,1,2026-09-28,accepted,,
crs-flow-oecd-crs-energy-vnm-2021-q-2026-09-28-md-20640039,line,oecd-crs-energy-vnm-2021-q-2026-09-28-md-20640039,money,flow,disbursement,unknown,1699502,,,USD,USD,,,oecd-crs-energy-vnm-2021-q-2026-09-28-md-20640039,oecd_crs_energy_microdata,1,2026-09-28,accepted,,"OECD Q value already in 2024 constant USD; UNIT_MULT applied, no FX or deflator rate applied"
crs-marker-biodiversity-oecd-crs-energy-vnm-2021-q-2026-09-28-md-20640039,line,oecd-crs-energy-vnm-2021-q-2026-09-28-md-20640039,,marker,,,0,,,,,0,biodiversity,oecd-crs-energy-vnm-2021-q-2026-09-28-md-20640039,oecd_crs_energy_microdata,1,2026-09-28,accepted,,
crs-marker-mitigation-oecd-crs-energy-vnm-2021-q-2026-09-28-md-20640039,line,oecd-crs-energy-vnm-2021-q-2026-09-28-md-20640039,,marker,,,0,,,,,0,mitigation,oecd-crs-energy-vnm-2021-q-2026-09-28-md-20640039,oecd_crs_energy_microdata,1,2026-09-28,accepted,,
crs-marker-adaptation-oecd-crs-energy-vnm-2021-q-2026-09-28-md-20640039,line,oecd-crs-energy-vnm-2021-q-2026-09-28-md-20640039,,marker,,,0,,,,,0,adaptation,oecd-crs-energy-vnm-2021-q-2026-09-28-md-20640039,oecd_crs_energy_microdata,1,2026-09-28,accepted,,
crs-marker-desertification-oecd-crs-energy-vnm-2021-q-2026-09-28-md-20640039,line,oecd-crs-energy-vnm-2021-q-2026-09-28-md-20640039,,marker,,,0,,,,,0,desertification,oecd-crs-energy-vnm-2021-q-2026-09-28-md-20640039,oecd_crs_energy_microdata,1,2026-09-28,accepted,,
crs-flow-oecd-crs-energy-vnm-2021-q-2026-09-28-md-20726322,line,oecd-crs-energy-vnm-2021-q-2026-09-28-md-20726322,money,flow,disbursement,unknown,10573,,,USD,USD,,,oecd-crs-energy-vnm-2021-q-2026-09-28-md-20726322,oecd_crs_energy_microdata,1,2026-09-28,accepted,,"OECD Q value already in 2024 constant USD; UNIT_MULT applied, no FX or deflator rate applied"
crs-marker-biodiversity-oecd-crs-energy-vnm-2021-q-2026-09-28-md-20726322,line,oecd-crs-energy-vnm-2021-q-2026-09-28-md-20726322,,marker,,,0,,,,,0,biodiversity,oecd-crs-energy-vnm-2021-q-2026-09-28-md-20726322,oecd_crs_energy_microdata,1,2026-09-28,accepted,,
crs-marker-mitigation-oecd-crs-energy-vnm-2021-q-2026-09-28-md-20726322,line,oecd-crs-energy-vnm-2021-q-2026-09-28-md-20726322,,marker,,,1,,,,,1,mitigation,oecd-crs-energy-vnm-2021-q-2026-09-28-md-20726322,oecd_crs_energy_microdata,1,2026-09-28,accepted,,
crs-marker-adaptation-oecd-crs-energy-vnm-2021-q-2026-09-28-md-20726322,line,oecd-crs-energy-vnm-2021-q-2026-09-28-md-20726322,,marker,,,0,,,,,0,adaptation,oecd-crs-energy-vnm-2021-q-2026-09-28-md-20726322,oecd_crs_energy_microdata,1,2026-09-28,accepted,,
crs-marker-desertification-oecd-crs-energy-vnm-2021-q-2026-09-28-md-20726322,line,oecd-crs-energy-vnm-2021-q-2026-09-28-md-20726322,,marker,,,0,,,,,0,desertification,oecd-crs-energy-vnm-2021-q-2026-09-28-md-20726322,oecd_crs_energy_microdata,1,2026-09-28,accepted,,
crs-flow-oecd-crs-energy-vnm-2021-q-2026-09-28-md-20122123,line,oecd-crs-energy-vnm-2021-q-2026-09-28-md-20122123,money,flow,commitment,unknown,89209425,,,USD,USD,,,oecd-crs-energy-vnm-2021-q-2026-09-28-md-20122123,oecd_crs_energy_microdata,1,2026-09-28,accepted,,"OECD Q value already in 2024 constant USD; UNIT_MULT applied, no FX or deflator rate applied"
crs-marker-biodiversity-oecd-crs-energy-vnm-2021-q-2026-09-28-md-20122123,line,oecd-crs-energy-vnm-2021-q-2026-09-28-md-20122123,,marker,,,0,,,,,0,biodiversity,oecd-crs-energy-vnm-2021-q-2026-09-28-md-20122123,oecd_crs_energy_microdata,1,2026-09-28,accepted,,
crs-marker-mitigation-oecd-crs-energy-vnm-2021-q-2026-09-28-md-20122123,line,oecd-crs-energy-vnm-2021-q-2026-09-28-md-20122123,,marker,,,2,,,,,2,mitigation,oecd-crs-energy-vnm-2021-q-2026-09-28-md-20122123,oecd_crs_energy_microdata,1,2026-09-28,accepted,,
crs-marker-adaptation-oecd-crs-energy-vnm-2021-q-2026-09-28-md-20122123,line,oecd-crs-energy-vnm-2021-q-2026-09-28-md-20122123,,marker,,,0,,,,,0,adaptation,oecd-crs-energy-vnm-2021-q-2026-09-28-md-20122123,oecd_crs_energy_microdata,1,2026-09-28,accepted,,
crs-marker-desertification-oecd-crs-energy-vnm-2021-q-2026-09-28-md-20122123,line,oecd-crs-energy-vnm-2021-q-2026-09-28-md-20122123,,marker,,,0,,,,,0,desertification,oecd-crs-energy-vnm-2021-q-2026-09-28-md-20122123,oecd_crs_energy_microdata,1,2026-09-28,accepted,,
crs-flow-oecd-crs-energy-vnm-2021-q-2026-09-28-md-20225612,line,oecd-crs-energy-vnm-2021-q-2026-09-28-md-20225612,money,flow,commitment,unknown,40476,,,USD,USD,,,oecd-crs-energy-vnm-2021-q-2026-09-28-md-20225612,oecd_crs_energy_microdata,1,2026-09-28,accepted,,"OECD Q value already in 2024 constant USD; UNIT_MULT applied, no FX or deflator rate applied"
crs-marker-biodiversity-oecd-crs-energy-vnm-2021-q-2026-09-28-md-20225612,line,oecd-crs-energy-vnm-2021-q-2026-09-28-md-20225612,,marker,,,1,,,,,1,biodiversity,oecd-crs-energy-vnm-2021-q-2026-09-28-md-20225612,oecd_crs_energy_microdata,1,2026-09-28,accepted,,
crs-marker-mitigation-oecd-crs-energy-vnm-2021-q-2026-09-28-md-20225612,line,oecd-crs-energy-vnm-2021-q-2026-09-28-md-20225612,,marker,,,0,,,,,0,mitigation,oecd-crs-energy-vnm-2021-q-2026-09-28-md-20225612,oecd_crs_energy_microdata,1,2026-09-28,accepted,,
crs-marker-adaptation-oecd-crs-energy-vnm-2021-q-2026-09-28-md-20225612,line,oecd-crs-energy-vnm-2021-q-2026-09-28-md-20225612,,marker,,,1,,,,,1,adaptation,oecd-crs-energy-vnm-2021-q-2026-09-28-md-20225612,oecd_crs_energy_microdata,1,2026-09-28,accepted,,
crs-marker-desertification-oecd-crs-energy-vnm-2021-q-2026-09-28-md-20225612,line,oecd-crs-energy-vnm-2021-q-2026-09-28-md-20225612,,marker,,,0,,,,,0,desertification,oecd-crs-energy-vnm-2021-q-2026-09-28-md-20225612,oecd_crs_energy_microdata,1,2026-09-28,accepted,,
crs-flow-oecd-crs-energy-vnm-2021-q-2026-09-28-md-20746357,line,oecd-crs-energy-vnm-2021-q-2026-09-28-md-20746357,money,flow,disbursement,unknown,40476,,,USD,USD,,,oecd-crs-energy-vnm-2021-q-2026-09-28-md-20746357,oecd_crs_energy_microdata,1,2026-09-28,accepted,,"OECD Q value already in 2024 constant USD; UNIT_MULT applied, no FX or deflator rate applied"
crs-marker-biodiversity-oecd-crs-energy-vnm-2021-q-2026-09-28-md-20746357,line,oecd-crs-energy-vnm-2021-q-2026-09-28-md-20746357,,marker,,,1,,,,,1,biodiversity,oecd-crs-energy-vnm-2021-q-2026-09-28-md-20746357,oecd_crs_energy_microdata,1,2026-09-28,accepted,,
crs-marker-mitigation-oecd-crs-energy-vnm-2021-q-2026-09-28-md-20746357,line,oecd-crs-energy-vnm-2021-q-2026-09-28-md-20746357,,marker,,,0,,,,,0,mitigation,oecd-crs-energy-vnm-2021-q-2026-09-28-md-20746357,oecd_crs_energy_microdata,1,2026-09-28,accepted,,
crs-marker-adaptation-oecd-crs-energy-vnm-2021-q-2026-09-28-md-20746357,line,oecd-crs-energy-vnm-2021-q-2026-09-28-md-20746357,,marker,,,1,,,,,1,adaptation,oecd-crs-energy-vnm-2021-q-2026-09-28-md-20746357,oecd_crs_energy_microdata,1,2026-09-28,accepted,,
crs-marker-desertification-oecd-crs-energy-vnm-2021-q-2026-09-28-md-20746357,line,oecd-crs-energy-vnm-2021-q-2026-09-28-md-20746357,,marker,,,0,,,,,0,desertification,oecd-crs-energy-vnm-2021-q-2026-09-28-md-20746357,oecd_crs_energy_microdata,1,2026-09-28,accepted,,
crs-flow-oecd-crs-energy-vnm-2021-q-2026-09-28-md-20746363,line,oecd-crs-energy-vnm-2021-q-2026-09-28-md-20746363,money,flow,disbursement,unknown,15848,,,USD,USD,,,oecd-crs-energy-vnm-2021-q-2026-09-28-md-20746363,oecd_crs_energy_microdata,1,2026-09-28,accepted,,"OECD Q value already in 2024 constant USD; UNIT_MULT applied, no FX or deflator rate applied"
crs-marker-biodiversity-oecd-crs-energy-vnm-2021-q-2026-09-28-md-20746363,line,oecd-crs-energy-vnm-2021-q-2026-09-28-md-20746363,,marker,,,1,,,,,1,biodiversity,oecd-crs-energy-vnm-2021-q-2026-09-28-md-20746363,oecd_crs_energy_microdata,1,2026-09-28,accepted,,
crs-marker-mitigation-oecd-crs-energy-vnm-2021-q-2026-09-28-md-20746363,line,oecd-crs-energy-vnm-2021-q-2026-09-28-md-20746363,,marker,,,0,,,,,0,mitigation,oecd-crs-energy-vnm-2021-q-2026-09-28-md-20746363,oecd_crs_energy_microdata,1,2026-09-28,accepted,,
crs-marker-adaptation-oecd-crs-energy-vnm-2021-q-2026-09-28-md-20746363,line,oecd-crs-energy-vnm-2021-q-2026-09-28-md-20746363,,marker,,,1,,,,,1,adaptation,oecd-crs-energy-vnm-2021-q-2026-09-28-md-20746363,oecd_crs_energy_microdata,1,2026-09-28,accepted,,
crs-marker-desertification-oecd-crs-energy-vnm-2021-q-2026-09-28-md-20746363,line,oecd-crs-energy-vnm-2021-q-2026-09-28-md-20746363,,marker,,,0,,,,,0,desertification,oecd-crs-energy-vnm-2021-q-2026-09-28-md-20746363,oecd_crs_energy_microdata,1,2026-09-28,accepted,,
crs-flow-oecd-crs-energy-vnm-2021-q-2026-09-28-md-20749626,line,oecd-crs-energy-vnm-2021-q-2026-09-28-md-20749626,money,flow,disbursement,unknown,91102,,,USD,USD,,,oecd-crs-energy-vnm-2021-q-2026-09-28-md-20749626,oecd_crs_energy_microdata,1,2026-09-28,accepted,,"OECD Q value already in 2024 constant USD; UNIT_MULT applied, no FX or deflator rate applied"
crs-marker-biodiversity-oecd-crs-energy-vnm-2021-q-2026-09-28-md-20749626,line,oecd-crs-energy-vnm-2021-q-2026-09-28-md-20749626,,marker,,,1,,,,,1,biodiversity,oecd-crs-energy-vnm-2021-q-2026-09-28-md-20749626,oecd_crs_energy_microdata,1,2026-09-28,accepted,,
crs-marker-mitigation-oecd-crs-energy-vnm-2021-q-2026-09-28-md-20749626,line,oecd-crs-energy-vnm-2021-q-2026-09-28-md-20749626,,marker,,,1,,,,,1,mitigation,oecd-crs-energy-vnm-2021-q-2026-09-28-md-20749626,oecd_crs_energy_microdata,1,2026-09-28,accepted,,
crs-marker-adaptation-oecd-crs-energy-vnm-2021-q-2026-09-28-md-20749626,line,oecd-crs-energy-vnm-2021-q-2026-09-28-md-20749626,,marker,,,1,,,,,1,adaptation,oecd-crs-energy-vnm-2021-q-2026-09-28-md-20749626,oecd_crs_energy_microdata,1,2026-09-28,accepted,,
crs-marker-desertification-oecd-crs-energy-vnm-2021-q-2026-09-28-md-20749626,line,oecd-crs-energy-vnm-2021-q-2026-09-28-md-20749626,,marker,,,0,,,,,0,desertification,oecd-crs-energy-vnm-2021-q-2026-09-28-md-20749626,oecd_crs_energy_microdata,1,2026-09-28,accepted,,
crs-flow-oecd-crs-energy-vnm-2021-q-2026-09-28-md-20214437,line,oecd-crs-energy-vnm-2021-q-2026-09-28-md-20214437,money,flow,commitment,unknown,91102,,,USD,USD,,,oecd-crs-energy-vnm-2021-q-2026-09-28-md-20214437,oecd_crs_energy_microdata,1,2026-09-28,accepted,,"OECD Q value already in 2024 constant USD; UNIT_MULT applied, no FX or deflator rate applied"
crs-marker-biodiversity-oecd-crs-energy-vnm-2021-q-2026-09-28-md-20214437,line,oecd-crs-energy-vnm-2021-q-2026-09-28-md-20214437,,marker,,,1,,,,,1,biodiversity,oecd-crs-energy-vnm-2021-q-2026-09-28-md-20214437,oecd_crs_energy_microdata,1,2026-09-28,accepted,,
crs-marker-mitigation-oecd-crs-energy-vnm-2021-q-2026-09-28-md-20214437,line,oecd-crs-energy-vnm-2021-q-2026-09-28-md-20214437,,marker,,,1,,,,,1,mitigation,oecd-crs-energy-vnm-2021-q-2026-09-28-md-20214437,oecd_crs_energy_microdata,1,2026-09-28,accepted,,
crs-marker-adaptation-oecd-crs-energy-vnm-2021-q-2026-09-28-md-20214437,line,oecd-crs-energy-vnm-2021-q-2026-09-28-md-20214437,,marker,,,1,,,,,1,adaptation,oecd-crs-energy-vnm-2021-q-2026-09-28-md-20214437,oecd_crs_energy_microdata,1,2026-09-28,accepted,,
crs-marker-desertification-oecd-crs-energy-vnm-2021-q-2026-09-28-md-20214437,line,oecd-crs-energy-vnm-2021-q-2026-09-28-md-20214437,,marker,,,0,,,,,0,desertification,oecd-crs-energy-vnm-2021-q-2026-09-28-md-20214437,oecd_crs_energy_microdata,1,2026-09-28,accepted,,
crs-flow-oecd-crs-energy-vnm-2021-q-2026-09-28-md-20225618,line,oecd-crs-energy-vnm-2021-q-2026-09-28-md-20225618,money,flow,commitment,unknown,15848,,,USD,USD,,,oecd-crs-energy-vnm-2021-q-2026-09-28-md-20225618,oecd_crs_energy_microdata,1,2026-09-28,accepted,,"OECD Q value already in 2024 constant USD; UNIT_MULT applied, no FX or deflator rate applied"
crs-marker-biodiversity-oecd-crs-energy-vnm-2021-q-2026-09-28-md-20225618,line,oecd-crs-energy-vnm-2021-q-2026-09-28-md-20225618,,marker,,,1,,,,,1,biodiversity,oecd-crs-energy-vnm-2021-q-2026-09-28-md-20225618,oecd_crs_energy_microdata,1,2026-09-28,accepted,,
crs-marker-mitigation-oecd-crs-energy-vnm-2021-q-2026-09-28-md-20225618,line,oecd-crs-energy-vnm-2021-q-2026-09-28-md-20225618,,marker,,,0,,,,,0,mitigation,oecd-crs-energy-vnm-2021-q-2026-09-28-md-20225618,oecd_crs_energy_microdata,1,2026-09-28,accepted,,
crs-marker-adaptation-oecd-crs-energy-vnm-2021-q-2026-09-28-md-20225618,line,oecd-crs-energy-vnm-2021-q-2026-09-28-md-20225618,,marker,,,1,,,,,1,adaptation,oecd-crs-energy-vnm-2021-q-2026-09-28-md-20225618,oecd_crs_energy_microdata,1,2026-09-28,accepted,,
crs-marker-desertification-oecd-crs-energy-vnm-2021-q-2026-09-28-md-20225618,line,oecd-crs-energy-vnm-2021-q-2026-09-28-md-20225618,,marker,,,0,,,,,0,desertification,oecd-crs-energy-vnm-2021-q-2026-09-28-md-20225618,oecd_crs_energy_microdata,1,2026-09-28,accepted,,
crs-flow-oecd-crs-energy-vnm-2021-q-2026-09-28-md-20754003,line,oecd-crs-energy-vnm-2021-q-2026-09-28-md-20754003,money,flow,disbursement,unknown,47221,,,USD,USD,,,oecd-crs-energy-vnm-2021-q-2026-09-28-md-20754003,oecd_crs_energy_microdata,1,2026-09-28,accepted,,"OECD Q value already in 2024 constant USD; UNIT_MULT applied, no FX or deflator rate applied"
crs-marker-biodiversity-oecd-crs-energy-vnm-2021-q-2026-09-28-md-20754003,line,oecd-crs-energy-vnm-2021-q-2026-09-28-md-20754003,,marker,,,1,,,,,1,biodiversity,oecd-crs-energy-vnm-2021-q-2026-09-28-md-20754003,oecd_crs_energy_microdata,1,2026-09-28,accepted,,
crs-marker-mitigation-oecd-crs-energy-vnm-2021-q-2026-09-28-md-20754003,line,oecd-crs-energy-vnm-2021-q-2026-09-28-md-20754003,,marker,,,1,,,,,1,mitigation,oecd-crs-energy-vnm-2021-q-2026-09-28-md-20754003,oecd_crs_energy_microdata,1,2026-09-28,accepted,,
crs-marker-adaptation-oecd-crs-energy-vnm-2021-q-2026-09-28-md-20754003,line,oecd-crs-energy-vnm-2021-q-2026-09-28-md-20754003,,marker,,,1,,,,,1,adaptation,oecd-crs-energy-vnm-2021-q-2026-09-28-md-20754003,oecd_crs_energy_microdata,1,2026-09-28,accepted,,
crs-marker-desertification-oecd-crs-energy-vnm-2021-q-2026-09-28-md-20754003,line,oecd-crs-energy-vnm-2021-q-2026-09-28-md-20754003,,marker,,,0,,,,,0,desertification,oecd-crs-energy-vnm-2021-q-2026-09-28-md-20754003,oecd_crs_energy_microdata,1,2026-09-28,accepted,,
crs-flow-oecd-crs-energy-vnm-2021-q-2026-09-28-md-20220126,line,oecd-crs-energy-vnm-2021-q-2026-09-28-md-20220126,money,flow,commitment,unknown,47221,,,USD,USD,,,oecd-crs-energy-vnm-2021-q-2026-09-28-md-20220126,oecd_crs_energy_microdata,1,2026-09-28,accepted,,"OECD Q value already in 2024 constant USD; UNIT_MULT applied, no FX or deflator rate applied"
crs-marker-biodiversity-oecd-crs-energy-vnm-2021-q-2026-09-28-md-20220126,line,oecd-crs-energy-vnm-2021-q-2026-09-28-md-20220126,,marker,,,1,,,,,1,biodiversity,oecd-crs-energy-vnm-2021-q-2026-09-28-md-20220126,oecd_crs_energy_microdata,1,2026-09-28,accepted,,
crs-marker-mitigation-oecd-crs-energy-vnm-2021-q-2026-09-28-md-20220126,line,oecd-crs-energy-vnm-2021-q-2026-09-28-md-20220126,,marker,,,1,,,,,1,mitigation,oecd-crs-energy-vnm-2021-q-2026-09-28-md-20220126,oecd_crs_energy_microdata,1,2026-09-28,accepted,,
crs-marker-adaptation-oecd-crs-energy-vnm-2021-q-2026-09-28-md-20220126,line,oecd-crs-energy-vnm-2021-q-2026-09-28-md-20220126,,marker,,,1,,,,,1,adaptation,oecd-crs-energy-vnm-2021-q-2026-09-28-md-20220126,oecd_crs_energy_microdata,1,2026-09-28,accepted,,
crs-marker-desertification-oecd-crs-energy-vnm-2021-q-2026-09-28-md-20220126,line,oecd-crs-energy-vnm-2021-q-2026-09-28-md-20220126,,marker,,,0,,,,,0,desertification,oecd-crs-energy-vnm-2021-q-2026-09-28-md-20220126,oecd_crs_energy_microdata,1,2026-09-28,accepted,,
crs-flow-oecd-crs-energy-vnm-2021-q-2026-09-28-md-20222957,line,oecd-crs-energy-vnm-2021-q-2026-09-28-md-20222957,money,flow,commitment,unknown,32208,,,USD,USD,,,oecd-crs-energy-vnm-2021-q-2026-09-28-md-20222957,oecd_crs_energy_microdata,1,2026-09-28,accepted,,"OECD Q value already in 2024 constant USD; UNIT_MULT applied, no FX or deflator rate applied"
crs-marker-biodiversity-oecd-crs-energy-vnm-2021-q-2026-09-28-md-20222957,line,oecd-crs-energy-vnm-2021-q-2026-09-28-md-20222957,,marker,,,0,,,,,0,biodiversity,oecd-crs-energy-vnm-2021-q-2026-09-28-md-20222957,oecd_crs_energy_microdata,1,2026-09-28,accepted,,
crs-marker-mitigation-oecd-crs-energy-vnm-2021-q-2026-09-28-md-20222957,line,oecd-crs-energy-vnm-2021-q-2026-09-28-md-20222957,,marker,,,1,,,,,1,mitigation,oecd-crs-energy-vnm-2021-q-2026-09-28-md-20222957,oecd_crs_energy_microdata,1,2026-09-28,accepted,,
crs-marker-adaptation-oecd-crs-energy-vnm-2021-q-2026-09-28-md-20222957,line,oecd-crs-energy-vnm-2021-q-2026-09-28-md-20222957,,marker,,,1,,,,,1,adaptation,oecd-crs-energy-vnm-2021-q-2026-09-28-md-20222957,oecd_crs_energy_microdata,1,2026-09-28,accepted,,
crs-marker-desertification-oecd-crs-energy-vnm-2021-q-2026-09-28-md-20222957,line,oecd-crs-energy-vnm-2021-q-2026-09-28-md-20222957,,marker,,,0,,,,,0,desertification,oecd-crs-energy-vnm-2021-q-2026-09-28-md-20222957,oecd_crs_energy_microdata,1,2026-09-28,accepted,,
crs-flow-oecd-crs-energy-vnm-2021-q-2026-09-28-md-20751501,line,oecd-crs-energy-vnm-2021-q-2026-09-28-md-20751501,money,flow,disbursement,unknown,32208,,,USD,USD,,,oecd-crs-energy-vnm-2021-q-2026-09-28-md-20751501,oecd_crs_energy_microdata,1,2026-09-28,accepted,,"OECD Q value already in 2024 constant USD; UNIT_MULT applied, no FX or deflator rate applied"
crs-marker-biodiversity-oecd-crs-energy-vnm-2021-q-2026-09-28-md-20751501,line,oecd-crs-energy-vnm-2021-q-2026-09-28-md-20751501,,marker,,,0,,,,,0,biodiversity,oecd-crs-energy-vnm-2021-q-2026-09-28-md-20751501,oecd_crs_energy_microdata,1,2026-09-28,accepted,,
crs-marker-mitigation-oecd-crs-energy-vnm-2021-q-2026-09-28-md-20751501,line,oecd-crs-energy-vnm-2021-q-2026-09-28-md-20751501,,marker,,,1,,,,,1,mitigation,oecd-crs-energy-vnm-2021-q-2026-09-28-md-20751501,oecd_crs_energy_microdata,1,2026-09-28,accepted,,
crs-marker-adaptation-oecd-crs-energy-vnm-2021-q-2026-09-28-md-20751501,line,oecd-crs-energy-vnm-2021-q-2026-09-28-md-20751501,,marker,,,1,,,,,1,adaptation,oecd-crs-energy-vnm-2021-q-2026-09-28-md-20751501,oecd_crs_energy_microdata,1,2026-09-28,accepted,,
crs-marker-desertification-oecd-crs-energy-vnm-2021-q-2026-09-28-md-20751501,line,oecd-crs-energy-vnm-2021-q-2026-09-28-md-20751501,,marker,,,0,,,,,0,desertification,oecd-crs-energy-vnm-2021-q-2026-09-28-md-20751501,oecd_crs_energy_microdata,1,2026-09-28,accepted,,
crs-flow-oecd-crs-energy-vnm-2021-q-2026-09-28-md-20786973,line,oecd-crs-energy-vnm-2021-q-2026-09-28-md-20786973,money,flow,disbursement,unknown,28495,,,USD,USD,,,oecd-crs-energy-vnm-2021-q-2026-09-28-md-20786973,oecd_crs_energy_microdata,1,2026-09-28,accepted,,"OECD Q value already in 2024 constant USD; UNIT_MULT applied, no FX or deflator rate applied"
crs-marker-biodiversity-oecd-crs-energy-vnm-2021-q-2026-09-28-md-20786973,line,oecd-crs-energy-vnm-2021-q-2026-09-28-md-20786973,,marker,,,0,,,,,0,biodiversity,oecd-crs-energy-vnm-2021-q-2026-09-28-md-20786973,oecd_crs_energy_microdata,1,2026-09-28,accepted,,
crs-marker-mitigation-oecd-crs-energy-vnm-2021-q-2026-09-28-md-20786973,line,oecd-crs-energy-vnm-2021-q-2026-09-28-md-20786973,,marker,,,0,,,,,0,mitigation,oecd-crs-energy-vnm-2021-q-2026-09-28-md-20786973,oecd_crs_energy_microdata,1,2026-09-28,accepted,,
crs-marker-adaptation-oecd-crs-energy-vnm-2021-q-2026-09-28-md-20786973,line,oecd-crs-energy-vnm-2021-q-2026-09-28-md-20786973,,marker,,,0,,,,,0,adaptation,oecd-crs-energy-vnm-2021-q-2026-09-28-md-20786973,oecd_crs_energy_microdata,1,2026-09-28,accepted,,
crs-marker-desertification-oecd-crs-energy-vnm-2021-q-2026-09-28-md-20786973,line,oecd-crs-energy-vnm-2021-q-2026-09-28-md-20786973,,marker,,,0,,,,,0,desertification,oecd-crs-energy-vnm-2021-q-2026-09-28-md-20786973,oecd_crs_energy_microdata,1,2026-09-28,accepted,,
crs-flow-oecd-crs-energy-vnm-2021-q-2026-09-28-md-20771964,line,oecd-crs-energy-vnm-2021-q-2026-09-28-md-20771964,money,flow,disbursement,unknown,178598,,,USD,USD,,,oecd-crs-energy-vnm-2021-q-2026-09-28-md-20771964,oecd_crs_energy_microdata,1,2026-09-28,accepted,,"OECD Q value already in 2024 constant USD; UNIT_MULT applied, no FX or deflator rate applied"
crs-marker-biodiversity-oecd-crs-energy-vnm-2021-q-2026-09-28-md-20771964,line,oecd-crs-energy-vnm-2021-q-2026-09-28-md-20771964,,marker,,,0,,,,,0,biodiversity,oecd-crs-energy-vnm-2021-q-2026-09-28-md-20771964,oecd_crs_energy_microdata,1,2026-09-28,accepted,,
crs-marker-mitigation-oecd-crs-energy-vnm-2021-q-2026-09-28-md-20771964,line,oecd-crs-energy-vnm-2021-q-2026-09-28-md-20771964,,marker,,,0,,,,,0,mitigation,oecd-crs-energy-vnm-2021-q-2026-09-28-md-20771964,oecd_crs_energy_microdata,1,2026-09-28,accepted,,
crs-marker-adaptation-oecd-crs-energy-vnm-2021-q-2026-09-28-md-20771964,line,oecd-crs-energy-vnm-2021-q-2026-09-28-md-20771964,,marker,,,0,,,,,0,adaptation,oecd-crs-energy-vnm-2021-q-2026-09-28-md-20771964,oecd_crs_energy_microdata,1,2026-09-28,accepted,,
crs-marker-desertification-oecd-crs-energy-vnm-2021-q-2026-09-28-md-20771964,line,oecd-crs-energy-vnm-2021-q-2026-09-28-md-20771964,,marker,,,0,,,,,0,desertification,oecd-crs-energy-vnm-2021-q-2026-09-28-md-20771964,oecd_crs_energy_microdata,1,2026-09-28,accepted,,
crs-flow-oecd-crs-energy-vnm-2021-q-2026-09-28-md-20196916,line,oecd-crs-energy-vnm-2021-q-2026-09-28-md-20196916,money,flow,commitment,unknown,10573,,,USD,USD,,,oecd-crs-energy-vnm-2021-q-2026-09-28-md-20196916,oecd_crs_energy_microdata,1,2026-09-28,accepted,,"OECD Q value already in 2024 constant USD; UNIT_MULT applied, no FX or deflator rate applied"
crs-marker-biodiversity-oecd-crs-energy-vnm-2021-q-2026-09-28-md-20196916,line,oecd-crs-energy-vnm-2021-q-2026-09-28-md-20196916,,marker,,,0,,,,,0,biodiversity,oecd-crs-energy-vnm-2021-q-2026-09-28-md-20196916,oecd_crs_energy_microdata,1,2026-09-28,accepted,,
crs-marker-mitigation-oecd-crs-energy-vnm-2021-q-2026-09-28-md-20196916,line,oecd-crs-energy-vnm-2021-q-2026-09-28-md-20196916,,marker,,,1,,,,,1,mitigation,oecd-crs-energy-vnm-2021-q-2026-09-28-md-20196916,oecd_crs_energy_microdata,1,2026-09-28,accepted,,
crs-marker-adaptation-oecd-crs-energy-vnm-2021-q-2026-09-28-md-20196916,line,oecd-crs-energy-vnm-2021-q-2026-09-28-md-20196916,,marker,,,0,,,,,0,adaptation,oecd-crs-energy-vnm-2021-q-2026-09-28-md-20196916,oecd_crs_energy_microdata,1,2026-09-28,accepted,,
crs-marker-desertification-oecd-crs-energy-vnm-2021-q-2026-09-28-md-20196916,line,oecd-crs-energy-vnm-2021-q-2026-09-28-md-20196916,,marker,,,0,,,,,0,desertification,oecd-crs-energy-vnm-2021-q-2026-09-28-md-20196916,oecd_crs_energy_microdata,1,2026-09-28,accepted,,
crs-flow-oecd-crs-energy-vnm-2021-q-2026-09-28-md-20141436,line,oecd-crs-energy-vnm-2021-q-2026-09-28-md-20141436,money,flow,commitment,unknown,9059,,,USD,USD,,,oecd-crs-energy-vnm-2021-q-2026-09-28-md-20141436,oecd_crs_energy_microdata,1,2026-09-28,accepted,,"OECD Q value already in 2024 constant USD; UNIT_MULT applied, no FX or deflator rate applied"
crs-marker-biodiversity-oecd-crs-energy-vnm-2021-q-2026-09-28-md-20141436,line,oecd-crs-energy-vnm-2021-q-2026-09-28-md-20141436,,marker,,,,,,,,not_screened,biodiversity,oecd-crs-energy-vnm-2021-q-2026-09-28-md-20141436,oecd_crs_energy_microdata,1,2026-09-28,accepted,,
crs-marker-mitigation-oecd-crs-energy-vnm-2021-q-2026-09-28-md-20141436,line,oecd-crs-energy-vnm-2021-q-2026-09-28-md-20141436,,marker,,,,,,,,not_screened,mitigation,oecd-crs-energy-vnm-2021-q-2026-09-28-md-20141436,oecd_crs_energy_microdata,1,2026-09-28,accepted,,
crs-marker-adaptation-oecd-crs-energy-vnm-2021-q-2026-09-28-md-20141436,line,oecd-crs-energy-vnm-2021-q-2026-09-28-md-20141436,,marker,,,,,,,,not_screened,adaptation,oecd-crs-energy-vnm-2021-q-2026-09-28-md-20141436,oecd_crs_energy_microdata,1,2026-09-28,accepted,,
crs-marker-desertification-oecd-crs-energy-vnm-2021-q-2026-09-28-md-20141436,line,oecd-crs-energy-vnm-2021-q-2026-09-28-md-20141436,,marker,,,,,,,,not_screened,desertification,oecd-crs-energy-vnm-2021-q-2026-09-28-md-20141436,oecd_crs_energy_microdata,1,2026-09-28,accepted,,
crs-flow-oecd-crs-energy-vnm-2021-q-2026-09-28-md-20650891,line,oecd-crs-energy-vnm-2021-q-2026-09-28-md-20650891,money,flow,disbursement,unknown,7628,,,USD,USD,,,oecd-crs-energy-vnm-2021-q-2026-09-28-md-20650891,oecd_crs_energy_microdata,1,2026-09-28,accepted,,"OECD Q value already in 2024 constant USD; UNIT_MULT applied, no FX or deflator rate applied"
crs-marker-biodiversity-oecd-crs-energy-vnm-2021-q-2026-09-28-md-20650891,line,oecd-crs-energy-vnm-2021-q-2026-09-28-md-20650891,,marker,,,,,,,,not_screened,biodiversity,oecd-crs-energy-vnm-2021-q-2026-09-28-md-20650891,oecd_crs_energy_microdata,1,2026-09-28,accepted,,
crs-marker-mitigation-oecd-crs-energy-vnm-2021-q-2026-09-28-md-20650891,line,oecd-crs-energy-vnm-2021-q-2026-09-28-md-20650891,,marker,,,,,,,,not_screened,mitigation,oecd-crs-energy-vnm-2021-q-2026-09-28-md-20650891,oecd_crs_energy_microdata,1,2026-09-28,accepted,,
crs-marker-adaptation-oecd-crs-energy-vnm-2021-q-2026-09-28-md-20650891,line,oecd-crs-energy-vnm-2021-q-2026-09-28-md-20650891,,marker,,,,,,,,not_screened,adaptation,oecd-crs-energy-vnm-2021-q-2026-09-28-md-20650891,oecd_crs_energy_microdata,1,2026-09-28,accepted,,
crs-marker-desertification-oecd-crs-energy-vnm-2021-q-2026-09-28-md-20650891,line,oecd-crs-energy-vnm-2021-q-2026-09-28-md-20650891,,marker,,,,,,,,not_screened,desertification,oecd-crs-energy-vnm-2021-q-2026-09-28-md-20650891,oecd_crs_energy_microdata,1,2026-09-28,accepted,,
crs-flow-oecd-crs-energy-vnm-2021-q-2026-09-28-md-20144192,line,oecd-crs-energy-vnm-2021-q-2026-09-28-md-20144192,money,flow,commitment,unknown,50875,,,USD,USD,,,oecd-crs-energy-vnm-2021-q-2026-09-28-md-20144192,oecd_crs_energy_microdata,1,2026-09-28,accepted,,"OECD Q value already in 2024 constant USD; UNIT_MULT applied, no FX or deflator rate applied"
crs-marker-biodiversity-oecd-crs-energy-vnm-2021-q-2026-09-28-md-20144192,line,oecd-crs-energy-vnm-2021-q-2026-09-28-md-20144192,,marker,,,,,,,,not_screened,biodiversity,oecd-crs-energy-vnm-2021-q-2026-09-28-md-20144192,oecd_crs_energy_microdata,1,2026-09-28,accepted,,
crs-marker-mitigation-oecd-crs-energy-vnm-2021-q-2026-09-28-md-20144192,line,oecd-crs-energy-vnm-2021-q-2026-09-28-md-20144192,,marker,,,0,,,,,0,mitigation,oecd-crs-energy-vnm-2021-q-2026-09-28-md-20144192,oecd_crs_energy_microdata,1,2026-09-28,accepted,,
crs-marker-adaptation-oecd-crs-energy-vnm-2021-q-2026-09-28-md-20144192,line,oecd-crs-energy-vnm-2021-q-2026-09-28-md-20144192,,marker,,,0,,,,,0,adaptation,oecd-crs-energy-vnm-2021-q-2026-09-28-md-20144192,oecd_crs_energy_microdata,1,2026-09-28,accepted,,
crs-marker-desertification-oecd-crs-energy-vnm-2021-q-2026-09-28-md-20144192,line,oecd-crs-energy-vnm-2021-q-2026-09-28-md-20144192,,marker,,,0,,,,,0,desertification,oecd-crs-energy-vnm-2021-q-2026-09-28-md-20144192,oecd_crs_energy_microdata,1,2026-09-28,accepted,,
crs-flow-oecd-crs-energy-vnm-2021-q-2026-09-28-md-20140945,line,oecd-crs-energy-vnm-2021-q-2026-09-28-md-20140945,money,flow,commitment,unknown,19352243,,,USD,USD,,,oecd-crs-energy-vnm-2021-q-2026-09-28-md-20140945,oecd_crs_energy_microdata,1,2026-09-28,accepted,,"OECD Q value already in 2024 constant USD; UNIT_MULT applied, no FX or deflator rate applied"
crs-marker-biodiversity-oecd-crs-energy-vnm-2021-q-2026-09-28-md-20140945,line,oecd-crs-energy-vnm-2021-q-2026-09-28-md-20140945,,marker,,,0,,,,,0,biodiversity,oecd-crs-energy-vnm-2021-q-2026-09-28-md-20140945,oecd_crs_energy_microdata,1,2026-09-28,accepted,,
crs-marker-mitigation-oecd-crs-energy-vnm-2021-q-2026-09-28-md-20140945,line,oecd-crs-energy-vnm-2021-q-2026-09-28-md-20140945,,marker,,,2,,,,,2,mitigation,oecd-crs-energy-vnm-2021-q-2026-09-28-md-20140945,oecd_crs_energy_microdata,1,2026-09-28,accepted,,
crs-marker-adaptation-oecd-crs-energy-vnm-2021-q-2026-09-28-md-20140945,line,oecd-crs-energy-vnm-2021-q-2026-09-28-md-20140945,,marker,,,0,,,,,0,adaptation,oecd-crs-energy-vnm-2021-q-2026-09-28-md-20140945,oecd_crs_energy_microdata,1,2026-09-28,accepted,,
crs-marker-desertification-oecd-crs-energy-vnm-2021-q-2026-09-28-md-20140945,line,oecd-crs-energy-vnm-2021-q-2026-09-28-md-20140945,,marker,,,0,,,,,0,desertification,oecd-crs-energy-vnm-2021-q-2026-09-28-md-20140945,oecd_crs_energy_microdata,1,2026-09-28,accepted,,
crs-flow-oecd-crs-energy-vnm-2021-q-2026-09-28-md-20640112,line,oecd-crs-energy-vnm-2021-q-2026-09-28-md-20640112,money,flow,disbursement,unknown,1065618,,,USD,USD,,,oecd-crs-energy-vnm-2021-q-2026-09-28-md-20640112,oecd_crs_energy_microdata,1,2026-09-28,accepted,,"OECD Q value already in 2024 constant USD; UNIT_MULT applied, no FX or deflator rate applied"
crs-marker-biodiversity-oecd-crs-energy-vnm-2021-q-2026-09-28-md-20640112,line,oecd-crs-energy-vnm-2021-q-2026-09-28-md-20640112,,marker,,,0,,,,,0,biodiversity,oecd-crs-energy-vnm-2021-q-2026-09-28-md-20640112,oecd_crs_energy_microdata,1,2026-09-28,accepted,,
crs-marker-mitigation-oecd-crs-energy-vnm-2021-q-2026-09-28-md-20640112,line,oecd-crs-energy-vnm-2021-q-2026-09-28-md-20640112,,marker,,,0,,,,,0,mitigation,oecd-crs-energy-vnm-2021-q-2026-09-28-md-20640112,oecd_crs_energy_microdata,1,2026-09-28,accepted,,
crs-marker-adaptation-oecd-crs-energy-vnm-2021-q-2026-09-28-md-20640112,line,oecd-crs-energy-vnm-2021-q-2026-09-28-md-20640112,,marker,,,0,,,,,0,adaptation,oecd-crs-energy-vnm-2021-q-2026-09-28-md-20640112,oecd_crs_energy_microdata,1,2026-09-28,accepted,,
crs-marker-desertification-oecd-crs-energy-vnm-2021-q-2026-09-28-md-20640112,line,oecd-crs-energy-vnm-2021-q-2026-09-28-md-20640112,,marker,,,0,,,,,0,desertification,oecd-crs-energy-vnm-2021-q-2026-09-28-md-20640112,oecd_crs_energy_microdata,1,2026-09-28,accepted,,
crs-flow-oecd-crs-energy-vnm-2021-q-2026-09-28-md-20134302,line,oecd-crs-energy-vnm-2021-q-2026-09-28-md-20134302,money,flow,commitment,unknown,2381011,,,USD,USD,,,oecd-crs-energy-vnm-2021-q-2026-09-28-md-20134302,oecd_crs_energy_microdata,1,2026-09-28,accepted,,"OECD Q value already in 2024 constant USD; UNIT_MULT applied, no FX or deflator rate applied"
crs-marker-biodiversity-oecd-crs-energy-vnm-2021-q-2026-09-28-md-20134302,line,oecd-crs-energy-vnm-2021-q-2026-09-28-md-20134302,,marker,,,0,,,,,0,biodiversity,oecd-crs-energy-vnm-2021-q-2026-09-28-md-20134302,oecd_crs_energy_microdata,1,2026-09-28,accepted,,
crs-marker-mitigation-oecd-crs-energy-vnm-2021-q-2026-09-28-md-20134302,line,oecd-crs-energy-vnm-2021-q-2026-09-28-md-20134302,,marker,,,2,,,,,2,mitigation,oecd-crs-energy-vnm-2021-q-2026-09-28-md-20134302,oecd_crs_energy_microdata,1,2026-09-28,accepted,,
crs-marker-adaptation-oecd-crs-energy-vnm-2021-q-2026-09-28-md-20134302,line,oecd-crs-energy-vnm-2021-q-2026-09-28-md-20134302,,marker,,,0,,,,,0,adaptation,oecd-crs-energy-vnm-2021-q-2026-09-28-md-20134302,oecd_crs_energy_microdata,1,2026-09-28,accepted,,
crs-marker-desertification-oecd-crs-energy-vnm-2021-q-2026-09-28-md-20134302,line,oecd-crs-energy-vnm-2021-q-2026-09-28-md-20134302,,marker,,,,,,,,not_screened,desertification,oecd-crs-energy-vnm-2021-q-2026-09-28-md-20134302,oecd_crs_energy_microdata,1,2026-09-28,accepted,,
crs-flow-oecd-crs-energy-vnm-2021-q-2026-09-28-md-20634836,line,oecd-crs-energy-vnm-2021-q-2026-09-28-md-20634836,money,flow,disbursement,unknown,2381011,,,USD,USD,,,oecd-crs-energy-vnm-2021-q-2026-09-28-md-20634836,oecd_crs_energy_microdata,1,2026-09-28,accepted,,"OECD Q value already in 2024 constant USD; UNIT_MULT applied, no FX or deflator rate applied"
crs-marker-biodiversity-oecd-crs-energy-vnm-2021-q-2026-09-28-md-20634836,line,oecd-crs-energy-vnm-2021-q-2026-09-28-md-20634836,,marker,,,0,,,,,0,biodiversity,oecd-crs-energy-vnm-2021-q-2026-09-28-md-20634836,oecd_crs_energy_microdata,1,2026-09-28,accepted,,
crs-marker-mitigation-oecd-crs-energy-vnm-2021-q-2026-09-28-md-20634836,line,oecd-crs-energy-vnm-2021-q-2026-09-28-md-20634836,,marker,,,2,,,,,2,mitigation,oecd-crs-energy-vnm-2021-q-2026-09-28-md-20634836,oecd_crs_energy_microdata,1,2026-09-28,accepted,,
crs-marker-adaptation-oecd-crs-energy-vnm-2021-q-2026-09-28-md-20634836,line,oecd-crs-energy-vnm-2021-q-2026-09-28-md-20634836,,marker,,,0,,,,,0,adaptation,oecd-crs-energy-vnm-2021-q-2026-09-28-md-20634836,oecd_crs_energy_microdata,1,2026-09-28,accepted,,
crs-marker-desertification-oecd-crs-energy-vnm-2021-q-2026-09-28-md-20634836,line,oecd-crs-energy-vnm-2021-q-2026-09-28-md-20634836,,marker,,,,,,,,not_screened,desertification,oecd-crs-energy-vnm-2021-q-2026-09-28-md-20634836,oecd_crs_energy_microdata,1,2026-09-28,accepted,,
crs-flow-oecd-crs-energy-vnm-2021-q-2026-09-28-md-20161171,line,oecd-crs-energy-vnm-2021-q-2026-09-28-md-20161171,money,flow,commitment,unknown,49594606,,,USD,USD,,,oecd-crs-energy-vnm-2021-q-2026-09-28-md-20161171,oecd_crs_energy_microdata,1,2026-09-28,accepted,,"OECD Q value already in 2024 constant USD; UNIT_MULT applied, no FX or deflator rate applied"
crs-marker-biodiversity-oecd-crs-energy-vnm-2021-q-2026-09-28-md-20161171,line,oecd-crs-energy-vnm-2021-q-2026-09-28-md-20161171,,marker,,,,,,,,not_screened,biodiversity,oecd-crs-energy-vnm-2021-q-2026-09-28-md-20161171,oecd_crs_energy_microdata,1,2026-09-28,accepted,,
crs-marker-mitigation-oecd-crs-energy-vnm-2021-q-2026-09-28-md-20161171,line,oecd-crs-energy-vnm-2021-q-2026-09-28-md-20161171,,marker,,,,,,,,not_screened,mitigation,oecd-crs-energy-vnm-2021-q-2026-09-28-md-20161171,oecd_crs_energy_microdata,1,2026-09-28,accepted,,
crs-marker-adaptation-oecd-crs-energy-vnm-2021-q-2026-09-28-md-20161171,line,oecd-crs-energy-vnm-2021-q-2026-09-28-md-20161171,,marker,,,,,,,,not_screened,adaptation,oecd-crs-energy-vnm-2021-q-2026-09-28-md-20161171,oecd_crs_energy_microdata,1,2026-09-28,accepted,,
crs-marker-desertification-oecd-crs-energy-vnm-2021-q-2026-09-28-md-20161171,line,oecd-crs-energy-vnm-2021-q-2026-09-28-md-20161171,,marker,,,,,,,,not_screened,desertification,oecd-crs-energy-vnm-2021-q-2026-09-28-md-20161171,oecd_crs_energy_microdata,1,2026-09-28,accepted,,
crs-flow-oecd-crs-energy-vnm-2021-q-2026-09-28-md-20121634,line,oecd-crs-energy-vnm-2021-q-2026-09-28-md-20121634,money,flow,commitment,unknown,19837843,,,USD,USD,,,oecd-crs-energy-vnm-2021-q-2026-09-28-md-20121634,oecd_crs_energy_microdata,1,2026-09-28,accepted,,"OECD Q value already in 2024 constant USD; UNIT_MULT applied, no FX or deflator rate applied"
crs-marker-biodiversity-oecd-crs-energy-vnm-2021-q-2026-09-28-md-20121634,line,oecd-crs-energy-vnm-2021-q-2026-09-28-md-20121634,,marker,,,,,,,,not_screened,biodiversity,oecd-crs-energy-vnm-2021-q-2026-09-28-md-20121634,oecd_crs_energy_microdata,1,2026-09-28,accepted,,
crs-marker-mitigation-oecd-crs-energy-vnm-2021-q-2026-09-28-md-20121634,line,oecd-crs-energy-vnm-2021-q-2026-09-28-md-20121634,,marker,,,,,,,,not_screened,mitigation,oecd-crs-energy-vnm-2021-q-2026-09-28-md-20121634,oecd_crs_energy_microdata,1,2026-09-28,accepted,,
crs-marker-adaptation-oecd-crs-energy-vnm-2021-q-2026-09-28-md-20121634,line,oecd-crs-energy-vnm-2021-q-2026-09-28-md-20121634,,marker,,,,,,,,not_screened,adaptation,oecd-crs-energy-vnm-2021-q-2026-09-28-md-20121634,oecd_crs_energy_microdata,1,2026-09-28,accepted,,
crs-marker-desertification-oecd-crs-energy-vnm-2021-q-2026-09-28-md-20121634,line,oecd-crs-energy-vnm-2021-q-2026-09-28-md-20121634,,marker,,,,,,,,not_screened,desertification,oecd-crs-energy-vnm-2021-q-2026-09-28-md-20121634,oecd_crs_energy_microdata,1,2026-09-28,accepted,,
crs-flow-oecd-crs-energy-vnm-2021-q-2026-09-28-md-20271987,line,oecd-crs-energy-vnm-2021-q-2026-09-28-md-20271987,money,flow,commitment,unknown,1093095,,,USD,USD,,,oecd-crs-energy-vnm-2021-q-2026-09-28-md-20271987,oecd_crs_energy_microdata,1,2026-09-28,accepted,,"OECD Q value already in 2024 constant USD; UNIT_MULT applied, no FX or deflator rate applied"
crs-marker-biodiversity-oecd-crs-energy-vnm-2021-q-2026-09-28-md-20271987,line,oecd-crs-energy-vnm-2021-q-2026-09-28-md-20271987,,marker,,,0,,,,,0,biodiversity,oecd-crs-energy-vnm-2021-q-2026-09-28-md-20271987,oecd_crs_energy_microdata,1,2026-09-28,accepted,,
crs-marker-mitigation-oecd-crs-energy-vnm-2021-q-2026-09-28-md-20271987,line,oecd-crs-energy-vnm-2021-q-2026-09-28-md-20271987,,marker,,,2,,,,,2,mitigation,oecd-crs-energy-vnm-2021-q-2026-09-28-md-20271987,oecd_crs_energy_microdata,1,2026-09-28,accepted,,
crs-marker-adaptation-oecd-crs-energy-vnm-2021-q-2026-09-28-md-20271987,line,oecd-crs-energy-vnm-2021-q-2026-09-28-md-20271987,,marker,,,0,,,,,0,adaptation,oecd-crs-energy-vnm-2021-q-2026-09-28-md-20271987,oecd_crs_energy_microdata,1,2026-09-28,accepted,,
crs-marker-desertification-oecd-crs-energy-vnm-2021-q-2026-09-28-md-20271987,line,oecd-crs-energy-vnm-2021-q-2026-09-28-md-20271987,,marker,,,,,,,,not_screened,desertification,oecd-crs-energy-vnm-2021-q-2026-09-28-md-20271987,oecd_crs_energy_microdata,1,2026-09-28,accepted,,
crs-flow-oecd-crs-energy-vnm-2021-q-2026-09-28-md-20846645,line,oecd-crs-energy-vnm-2021-q-2026-09-28-md-20846645,money,flow,disbursement,unknown,3006016,,,USD,USD,,,oecd-crs-energy-vnm-2021-q-2026-09-28-md-20846645,oecd_crs_energy_microdata,1,2026-09-28,accepted,,"OECD Q value already in 2024 constant USD; UNIT_MULT applied, no FX or deflator rate applied"
crs-marker-biodiversity-oecd-crs-energy-vnm-2021-q-2026-09-28-md-20846645,line,oecd-crs-energy-vnm-2021-q-2026-09-28-md-20846645,,marker,,,0,,,,,0,biodiversity,oecd-crs-energy-vnm-2021-q-2026-09-28-md-20846645,oecd_crs_energy_microdata,1,2026-09-28,accepted,,
crs-marker-mitigation-oecd-crs-energy-vnm-2021-q-2026-09-28-md-20846645,line,oecd-crs-energy-vnm-2021-q-2026-09-28-md-20846645,,marker,,,2,,,,,2,mitigation,oecd-crs-energy-vnm-2021-q-2026-09-28-md-20846645,oecd_crs_energy_microdata,1,2026-09-28,accepted,,
crs-marker-adaptation-oecd-crs-energy-vnm-2021-q-2026-09-28-md-20846645,line,oecd-crs-energy-vnm-2021-q-2026-09-28-md-20846645,,marker,,,0,,,,,0,adaptation,oecd-crs-energy-vnm-2021-q-2026-09-28-md-20846645,oecd_crs_energy_microdata,1,2026-09-28,accepted,,
crs-marker-desertification-oecd-crs-energy-vnm-2021-q-2026-09-28-md-20846645,line,oecd-crs-energy-vnm-2021-q-2026-09-28-md-20846645,,marker,,,,,,,,not_screened,desertification,oecd-crs-energy-vnm-2021-q-2026-09-28-md-20846645,oecd_crs_energy_microdata,1,2026-09-28,accepted,,
crs-flow-oecd-crs-energy-vnm-2022-q-2026-09-28-md-21011389,line,oecd-crs-energy-vnm-2022-q-2026-09-28-md-21011389,money,flow,disbursement,unknown,10854701,,,USD,USD,,,oecd-crs-energy-vnm-2022-q-2026-09-28-md-21011389,oecd_crs_energy_microdata,1,2026-09-28,accepted,,"OECD Q value already in 2024 constant USD; UNIT_MULT applied, no FX or deflator rate applied"
crs-marker-biodiversity-oecd-crs-energy-vnm-2022-q-2026-09-28-md-21011389,line,oecd-crs-energy-vnm-2022-q-2026-09-28-md-21011389,,marker,,,,,,,,not_screened,biodiversity,oecd-crs-energy-vnm-2022-q-2026-09-28-md-21011389,oecd_crs_energy_microdata,1,2026-09-28,accepted,,
crs-marker-mitigation-oecd-crs-energy-vnm-2022-q-2026-09-28-md-21011389,line,oecd-crs-energy-vnm-2022-q-2026-09-28-md-21011389,,marker,,,,,,,,not_screened,mitigation,oecd-crs-energy-vnm-2022-q-2026-09-28-md-21011389,oecd_crs_energy_microdata,1,2026-09-28,accepted,,
crs-marker-adaptation-oecd-crs-energy-vnm-2022-q-2026-09-28-md-21011389,line,oecd-crs-energy-vnm-2022-q-2026-09-28-md-21011389,,marker,,,,,,,,not_screened,adaptation,oecd-crs-energy-vnm-2022-q-2026-09-28-md-21011389,oecd_crs_energy_microdata,1,2026-09-28,accepted,,
crs-marker-desertification-oecd-crs-energy-vnm-2022-q-2026-09-28-md-21011389,line,oecd-crs-energy-vnm-2022-q-2026-09-28-md-21011389,,marker,,,,,,,,not_screened,desertification,oecd-crs-energy-vnm-2022-q-2026-09-28-md-21011389,oecd_crs_energy_microdata,1,2026-09-28,accepted,,
crs-flow-oecd-crs-energy-vnm-2022-q-2026-09-28-md-21768819,line,oecd-crs-energy-vnm-2022-q-2026-09-28-md-21768819,money,flow,disbursement,unknown,65970,,,USD,USD,,,oecd-crs-energy-vnm-2022-q-2026-09-28-md-21768819,oecd_crs_energy_microdata,1,2026-09-28,accepted,,"OECD Q value already in 2024 constant USD; UNIT_MULT applied, no FX or deflator rate applied"
crs-marker-biodiversity-oecd-crs-energy-vnm-2022-q-2026-09-28-md-21768819,line,oecd-crs-energy-vnm-2022-q-2026-09-28-md-21768819,,marker,,,,,,,,not_screened,biodiversity,oecd-crs-energy-vnm-2022-q-2026-09-28-md-21768819,oecd_crs_energy_microdata,1,2026-09-28,accepted,,
crs-marker-mitigation-oecd-crs-energy-vnm-2022-q-2026-09-28-md-21768819,line,oecd-crs-energy-vnm-2022-q-2026-09-28-md-21768819,,marker,,,,,,,,not_screened,mitigation,oecd-crs-energy-vnm-2022-q-2026-09-28-md-21768819,oecd_crs_energy_microdata,1,2026-09-28,accepted,,
crs-marker-adaptation-oecd-crs-energy-vnm-2022-q-2026-09-28-md-21768819,line,oecd-crs-energy-vnm-2022-q-2026-09-28-md-21768819,,marker,,,,,,,,not_screened,adaptation,oecd-crs-energy-vnm-2022-q-2026-09-28-md-21768819,oecd_crs_energy_microdata,1,2026-09-28,accepted,,
crs-marker-desertification-oecd-crs-energy-vnm-2022-q-2026-09-28-md-21768819,line,oecd-crs-energy-vnm-2022-q-2026-09-28-md-21768819,,marker,,,,,,,,not_screened,desertification,oecd-crs-energy-vnm-2022-q-2026-09-28-md-21768819,oecd_crs_energy_microdata,1,2026-09-28,accepted,,
crs-flow-oecd-crs-energy-vnm-2022-q-2026-09-28-md-21767949,line,oecd-crs-energy-vnm-2022-q-2026-09-28-md-21767949,money,flow,disbursement,unknown,343802,,,USD,USD,,,oecd-crs-energy-vnm-2022-q-2026-09-28-md-21767949,oecd_crs_energy_microdata,1,2026-09-28,accepted,,"OECD Q value already in 2024 constant USD; UNIT_MULT applied, no FX or deflator rate applied"
crs-marker-biodiversity-oecd-crs-energy-vnm-2022-q-2026-09-28-md-21767949,line,oecd-crs-energy-vnm-2022-q-2026-09-28-md-21767949,,marker,,,,,,,,not_screened,biodiversity,oecd-crs-energy-vnm-2022-q-2026-09-28-md-21767949,oecd_crs_energy_microdata,1,2026-09-28,accepted,,
crs-marker-mitigation-oecd-crs-energy-vnm-2022-q-2026-09-28-md-21767949,line,oecd-crs-energy-vnm-2022-q-2026-09-28-md-21767949,,marker,,,,,,,,not_screened,mitigation,oecd-crs-energy-vnm-2022-q-2026-09-28-md-21767949,oecd_crs_energy_microdata,1,2026-09-28,accepted,,
crs-marker-adaptation-oecd-crs-energy-vnm-2022-q-2026-09-28-md-21767949,line,oecd-crs-energy-vnm-2022-q-2026-09-28-md-21767949,,marker,,,,,,,,not_screened,adaptation,oecd-crs-energy-vnm-2022-q-2026-09-28-md-21767949,oecd_crs_energy_microdata,1,2026-09-28,accepted,,
crs-marker-desertification-oecd-crs-energy-vnm-2022-q-2026-09-28-md-21767949,line,oecd-crs-energy-vnm-2022-q-2026-09-28-md-21767949,,marker,,,,,,,,not_screened,desertification,oecd-crs-energy-vnm-2022-q-2026-09-28-md-21767949,oecd_crs_energy_microdata,1,2026-09-28,accepted,,
crs-flow-oecd-crs-energy-vnm-2022-q-2026-09-28-md-21767941,line,oecd-crs-energy-vnm-2022-q-2026-09-28-md-21767941,money,flow,disbursement,unknown,123813,,,USD,USD,,,oecd-crs-energy-vnm-2022-q-2026-09-28-md-21767941,oecd_crs_energy_microdata,1,2026-09-28,accepted,,"OECD Q value already in 2024 constant USD; UNIT_MULT applied, no FX or deflator rate applied"
crs-marker-biodiversity-oecd-crs-energy-vnm-2022-q-2026-09-28-md-21767941,line,oecd-crs-energy-vnm-2022-q-2026-09-28-md-21767941,,marker,,,,,,,,not_screened,biodiversity,oecd-crs-energy-vnm-2022-q-2026-09-28-md-21767941,oecd_crs_energy_microdata,1,2026-09-28,accepted,,
crs-marker-mitigation-oecd-crs-energy-vnm-2022-q-2026-09-28-md-21767941,line,oecd-crs-energy-vnm-2022-q-2026-09-28-md-21767941,,marker,,,,,,,,not_screened,mitigation,oecd-crs-energy-vnm-2022-q-2026-09-28-md-21767941,oecd_crs_energy_microdata,1,2026-09-28,accepted,,
crs-marker-adaptation-oecd-crs-energy-vnm-2022-q-2026-09-28-md-21767941,line,oecd-crs-energy-vnm-2022-q-2026-09-28-md-21767941,,marker,,,,,,,,not_screened,adaptation,oecd-crs-energy-vnm-2022-q-2026-09-28-md-21767941,oecd_crs_energy_microdata,1,2026-09-28,accepted,,
crs-marker-desertification-oecd-crs-energy-vnm-2022-q-2026-09-28-md-21767941,line,oecd-crs-energy-vnm-2022-q-2026-09-28-md-21767941,,marker,,,,,,,,not_screened,desertification,oecd-crs-energy-vnm-2022-q-2026-09-28-md-21767941,oecd_crs_energy_microdata,1,2026-09-28,accepted,,
crs-flow-oecd-crs-energy-vnm-2022-q-2026-09-28-md-21767377,line,oecd-crs-energy-vnm-2022-q-2026-09-28-md-21767377,money,flow,disbursement,unknown,13219739,,,USD,USD,,,oecd-crs-energy-vnm-2022-q-2026-09-28-md-21767377,oecd_crs_energy_microdata,1,2026-09-28,accepted,,"OECD Q value already in 2024 constant USD; UNIT_MULT applied, no FX or deflator rate applied"
crs-marker-biodiversity-oecd-crs-energy-vnm-2022-q-2026-09-28-md-21767377,line,oecd-crs-energy-vnm-2022-q-2026-09-28-md-21767377,,marker,,,,,,,,not_screened,biodiversity,oecd-crs-energy-vnm-2022-q-2026-09-28-md-21767377,oecd_crs_energy_microdata,1,2026-09-28,accepted,,
crs-marker-mitigation-oecd-crs-energy-vnm-2022-q-2026-09-28-md-21767377,line,oecd-crs-energy-vnm-2022-q-2026-09-28-md-21767377,,marker,,,,,,,,not_screened,mitigation,oecd-crs-energy-vnm-2022-q-2026-09-28-md-21767377,oecd_crs_energy_microdata,1,2026-09-28,accepted,,
crs-marker-adaptation-oecd-crs-energy-vnm-2022-q-2026-09-28-md-21767377,line,oecd-crs-energy-vnm-2022-q-2026-09-28-md-21767377,,marker,,,,,,,,not_screened,adaptation,oecd-crs-energy-vnm-2022-q-2026-09-28-md-21767377,oecd_crs_energy_microdata,1,2026-09-28,accepted,,
crs-marker-desertification-oecd-crs-energy-vnm-2022-q-2026-09-28-md-21767377,line,oecd-crs-energy-vnm-2022-q-2026-09-28-md-21767377,,marker,,,,,,,,not_screened,desertification,oecd-crs-energy-vnm-2022-q-2026-09-28-md-21767377,oecd_crs_energy_microdata,1,2026-09-28,accepted,,
crs-flow-oecd-crs-energy-vnm-2022-q-2026-09-28-md-21037967,line,oecd-crs-energy-vnm-2022-q-2026-09-28-md-21037967,money,flow,disbursement,unknown,244286,,,USD,USD,,,oecd-crs-energy-vnm-2022-q-2026-09-28-md-21037967,oecd_crs_energy_microdata,1,2026-09-28,accepted,,"OECD Q value already in 2024 constant USD; UNIT_MULT applied, no FX or deflator rate applied"
crs-marker-biodiversity-oecd-crs-energy-vnm-2022-q-2026-09-28-md-21037967,line,oecd-crs-energy-vnm-2022-q-2026-09-28-md-21037967,,marker,,,,,,,,not_screened,biodiversity,oecd-crs-energy-vnm-2022-q-2026-09-28-md-21037967,oecd_crs_energy_microdata,1,2026-09-28,accepted,,
crs-marker-mitigation-oecd-crs-energy-vnm-2022-q-2026-09-28-md-21037967,line,oecd-crs-energy-vnm-2022-q-2026-09-28-md-21037967,,marker,,,,,,,,not_screened,mitigation,oecd-crs-energy-vnm-2022-q-2026-09-28-md-21037967,oecd_crs_energy_microdata,1,2026-09-28,accepted,,
crs-marker-adaptation-oecd-crs-energy-vnm-2022-q-2026-09-28-md-21037967,line,oecd-crs-energy-vnm-2022-q-2026-09-28-md-21037967,,marker,,,,,,,,not_screened,adaptation,oecd-crs-energy-vnm-2022-q-2026-09-28-md-21037967,oecd_crs_energy_microdata,1,2026-09-28,accepted,,
crs-marker-desertification-oecd-crs-energy-vnm-2022-q-2026-09-28-md-21037967,line,oecd-crs-energy-vnm-2022-q-2026-09-28-md-21037967,,marker,,,,,,,,not_screened,desertification,oecd-crs-energy-vnm-2022-q-2026-09-28-md-21037967,oecd_crs_energy_microdata,1,2026-09-28,accepted,,
crs-flow-oecd-crs-energy-vnm-2022-q-2026-09-28-md-21432505,line,oecd-crs-energy-vnm-2022-q-2026-09-28-md-21432505,money,flow,commitment,unknown,7524677,,,USD,USD,,,oecd-crs-energy-vnm-2022-q-2026-09-28-md-21432505,oecd_crs_energy_microdata,1,2026-09-28,accepted,,"OECD Q value already in 2024 constant USD; UNIT_MULT applied, no FX or deflator rate applied"
crs-marker-biodiversity-oecd-crs-energy-vnm-2022-q-2026-09-28-md-21432505,line,oecd-crs-energy-vnm-2022-q-2026-09-28-md-21432505,,marker,,,,,,,,not_screened,biodiversity,oecd-crs-energy-vnm-2022-q-2026-09-28-md-21432505,oecd_crs_energy_microdata,1,2026-09-28,accepted,,
crs-marker-mitigation-oecd-crs-energy-vnm-2022-q-2026-09-28-md-21432505,line,oecd-crs-energy-vnm-2022-q-2026-09-28-md-21432505,,marker,,,,,,,,not_screened,mitigation,oecd-crs-energy-vnm-2022-q-2026-09-28-md-21432505,oecd_crs_energy_microdata,1,2026-09-28,accepted,,
crs-marker-adaptation-oecd-crs-energy-vnm-2022-q-2026-09-28-md-21432505,line,oecd-crs-energy-vnm-2022-q-2026-09-28-md-21432505,,marker,,,,,,,,not_screened,adaptation,oecd-crs-energy-vnm-2022-q-2026-09-28-md-21432505,oecd_crs_energy_microdata,1,2026-09-28,accepted,,
crs-marker-desertification-oecd-crs-energy-vnm-2022-q-2026-09-28-md-21432505,line,oecd-crs-energy-vnm-2022-q-2026-09-28-md-21432505,,marker,,,,,,,,not_screened,desertification,oecd-crs-energy-vnm-2022-q-2026-09-28-md-21432505,oecd_crs_energy_microdata,1,2026-09-28,accepted,,
crs-flow-oecd-crs-energy-vnm-2022-q-2026-09-28-md-21432506,line,oecd-crs-energy-vnm-2022-q-2026-09-28-md-21432506,money,flow,commitment,unknown,26873846,,,USD,USD,,,oecd-crs-energy-vnm-2022-q-2026-09-28-md-21432506,oecd_crs_energy_microdata,1,2026-09-28,accepted,,"OECD Q value already in 2024 constant USD; UNIT_MULT applied, no FX or deflator rate applied"
crs-marker-biodiversity-oecd-crs-energy-vnm-2022-q-2026-09-28-md-21432506,line,oecd-crs-energy-vnm-2022-q-2026-09-28-md-21432506,,marker,,,,,,,,not_screened,biodiversity,oecd-crs-energy-vnm-2022-q-2026-09-28-md-21432506,oecd_crs_energy_microdata,1,2026-09-28,accepted,,
crs-marker-mitigation-oecd-crs-energy-vnm-2022-q-2026-09-28-md-21432506,line,oecd-crs-energy-vnm-2022-q-2026-09-28-md-21432506,,marker,,,,,,,,not_screened,mitigation,oecd-crs-energy-vnm-2022-q-2026-09-28-md-21432506,oecd_crs_energy_microdata,1,2026-09-28,accepted,,
crs-marker-adaptation-oecd-crs-energy-vnm-2022-q-2026-09-28-md-21432506,line,oecd-crs-energy-vnm-2022-q-2026-09-28-md-21432506,,marker,,,,,,,,not_screened,adaptation,oecd-crs-energy-vnm-2022-q-2026-09-28-md-21432506,oecd_crs_energy_microdata,1,2026-09-28,accepted,,
crs-marker-desertification-oecd-crs-energy-vnm-2022-q-2026-09-28-md-21432506,line,oecd-crs-energy-vnm-2022-q-2026-09-28-md-21432506,,marker,,,,,,,,not_screened,desertification,oecd-crs-energy-vnm-2022-q-2026-09-28-md-21432506,oecd_crs_energy_microdata,1,2026-09-28,accepted,,
crs-flow-oecd-crs-energy-vnm-2022-q-2026-09-28-md-21765881,line,oecd-crs-energy-vnm-2022-q-2026-09-28-md-21765881,money,flow,disbursement,unknown,9741769,,,USD,USD,,,oecd-crs-energy-vnm-2022-q-2026-09-28-md-21765881,oecd_crs_energy_microdata,1,2026-09-28,accepted,,"OECD Q value already in 2024 constant USD; UNIT_MULT applied, no FX or deflator rate applied"
crs-marker-biodiversity-oecd-crs-energy-vnm-2022-q-2026-09-28-md-21765881,line,oecd-crs-energy-vnm-2022-q-2026-09-28-md-21765881,,marker,,,,,,,,not_screened,biodiversity,oecd-crs-energy-vnm-2022-q-2026-09-28-md-21765881,oecd_crs_energy_microdata,1,2026-09-28,accepted,,
crs-marker-mitigation-oecd-crs-energy-vnm-2022-q-2026-09-28-md-21765881,line,oecd-crs-energy-vnm-2022-q-2026-09-28-md-21765881,,marker,,,,,,,,not_screened,mitigation,oecd-crs-energy-vnm-2022-q-2026-09-28-md-21765881,oecd_crs_energy_microdata,1,2026-09-28,accepted,,
crs-marker-adaptation-oecd-crs-energy-vnm-2022-q-2026-09-28-md-21765881,line,oecd-crs-energy-vnm-2022-q-2026-09-28-md-21765881,,marker,,,,,,,,not_screened,adaptation,oecd-crs-energy-vnm-2022-q-2026-09-28-md-21765881,oecd_crs_energy_microdata,1,2026-09-28,accepted,,
crs-marker-desertification-oecd-crs-energy-vnm-2022-q-2026-09-28-md-21765881,line,oecd-crs-energy-vnm-2022-q-2026-09-28-md-21765881,,marker,,,,,,,,not_screened,desertification,oecd-crs-energy-vnm-2022-q-2026-09-28-md-21765881,oecd_crs_energy_microdata,1,2026-09-28,accepted,,
crs-flow-oecd-crs-energy-vnm-2022-q-2026-09-28-md-21765597,line,oecd-crs-energy-vnm-2022-q-2026-09-28-md-21765597,money,flow,disbursement,unknown,725078,,,USD,USD,,,oecd-crs-energy-vnm-2022-q-2026-09-28-md-21765597,oecd_crs_energy_microdata,1,2026-09-28,accepted,,"OECD Q value already in 2024 constant USD; UNIT_MULT applied, no FX or deflator rate applied"
crs-marker-biodiversity-oecd-crs-energy-vnm-2022-q-2026-09-28-md-21765597,line,oecd-crs-energy-vnm-2022-q-2026-09-28-md-21765597,,marker,,,,,,,,not_screened,biodiversity,oecd-crs-energy-vnm-2022-q-2026-09-28-md-21765597,oecd_crs_energy_microdata,1,2026-09-28,accepted,,
crs-marker-mitigation-oecd-crs-energy-vnm-2022-q-2026-09-28-md-21765597,line,oecd-crs-energy-vnm-2022-q-2026-09-28-md-21765597,,marker,,,,,,,,not_screened,mitigation,oecd-crs-energy-vnm-2022-q-2026-09-28-md-21765597,oecd_crs_energy_microdata,1,2026-09-28,accepted,,
crs-marker-adaptation-oecd-crs-energy-vnm-2022-q-2026-09-28-md-21765597,line,oecd-crs-energy-vnm-2022-q-2026-09-28-md-21765597,,marker,,,,,,,,not_screened,adaptation,oecd-crs-energy-vnm-2022-q-2026-09-28-md-21765597,oecd_crs_energy_microdata,1,2026-09-28,accepted,,
crs-marker-desertification-oecd-crs-energy-vnm-2022-q-2026-09-28-md-21765597,line,oecd-crs-energy-vnm-2022-q-2026-09-28-md-21765597,,marker,,,,,,,,not_screened,desertification,oecd-crs-energy-vnm-2022-q-2026-09-28-md-21765597,oecd_crs_energy_microdata,1,2026-09-28,accepted,,
crs-flow-oecd-crs-energy-vnm-2022-q-2026-09-28-md-21765596,line,oecd-crs-energy-vnm-2022-q-2026-09-28-md-21765596,money,flow,disbursement,unknown,23444238,,,USD,USD,,,oecd-crs-energy-vnm-2022-q-2026-09-28-md-21765596,oecd_crs_energy_microdata,1,2026-09-28,accepted,,"OECD Q value already in 2024 constant USD; UNIT_MULT applied, no FX or deflator rate applied"
crs-marker-biodiversity-oecd-crs-energy-vnm-2022-q-2026-09-28-md-21765596,line,oecd-crs-energy-vnm-2022-q-2026-09-28-md-21765596,,marker,,,,,,,,not_screened,biodiversity,oecd-crs-energy-vnm-2022-q-2026-09-28-md-21765596,oecd_crs_energy_microdata,1,2026-09-28,accepted,,
crs-marker-mitigation-oecd-crs-energy-vnm-2022-q-2026-09-28-md-21765596,line,oecd-crs-energy-vnm-2022-q-2026-09-28-md-21765596,,marker,,,,,,,,not_screened,mitigation,oecd-crs-energy-vnm-2022-q-2026-09-28-md-21765596,oecd_crs_energy_microdata,1,2026-09-28,accepted,,
crs-marker-adaptation-oecd-crs-energy-vnm-2022-q-2026-09-28-md-21765596,line,oecd-crs-energy-vnm-2022-q-2026-09-28-md-21765596,,marker,,,,,,,,not_screened,adaptation,oecd-crs-energy-vnm-2022-q-2026-09-28-md-21765596,oecd_crs_energy_microdata,1,2026-09-28,accepted,,
crs-marker-desertification-oecd-crs-energy-vnm-2022-q-2026-09-28-md-21765596,line,oecd-crs-energy-vnm-2022-q-2026-09-28-md-21765596,,marker,,,,,,,,not_screened,desertification,oecd-crs-energy-vnm-2022-q-2026-09-28-md-21765596,oecd_crs_energy_microdata,1,2026-09-28,accepted,,
crs-flow-oecd-crs-energy-vnm-2022-q-2026-09-28-md-21853930,line,oecd-crs-energy-vnm-2022-q-2026-09-28-md-21853930,money,flow,disbursement,unknown,15352814,,,USD,USD,,,oecd-crs-energy-vnm-2022-q-2026-09-28-md-21853930,oecd_crs_energy_microdata,1,2026-09-28,accepted,,"OECD Q value already in 2024 constant USD; UNIT_MULT applied, no FX or deflator rate applied"
crs-marker-biodiversity-oecd-crs-energy-vnm-2022-q-2026-09-28-md-21853930,line,oecd-crs-energy-vnm-2022-q-2026-09-28-md-21853930,,marker,,,0,,,,,0,biodiversity,oecd-crs-energy-vnm-2022-q-2026-09-28-md-21853930,oecd_crs_energy_microdata,1,2026-09-28,accepted,,
crs-marker-mitigation-oecd-crs-energy-vnm-2022-q-2026-09-28-md-21853930,line,oecd-crs-energy-vnm-2022-q-2026-09-28-md-21853930,,marker,,,2,,,,,2,mitigation,oecd-crs-energy-vnm-2022-q-2026-09-28-md-21853930,oecd_crs_energy_microdata,1,2026-09-28,accepted,,
crs-marker-adaptation-oecd-crs-energy-vnm-2022-q-2026-09-28-md-21853930,line,oecd-crs-energy-vnm-2022-q-2026-09-28-md-21853930,,marker,,,0,,,,,0,adaptation,oecd-crs-energy-vnm-2022-q-2026-09-28-md-21853930,oecd_crs_energy_microdata,1,2026-09-28,accepted,,
crs-marker-desertification-oecd-crs-energy-vnm-2022-q-2026-09-28-md-21853930,line,oecd-crs-energy-vnm-2022-q-2026-09-28-md-21853930,,marker,,,0,,,,,0,desertification,oecd-crs-energy-vnm-2022-q-2026-09-28-md-21853930,oecd_crs_energy_microdata,1,2026-09-28,accepted,,
crs-flow-oecd-crs-energy-vnm-2022-q-2026-09-28-md-21853940,line,oecd-crs-energy-vnm-2022-q-2026-09-28-md-21853940,money,flow,disbursement,unknown,135867,,,USD,USD,,,oecd-crs-energy-vnm-2022-q-2026-09-28-md-21853940,oecd_crs_energy_microdata,1,2026-09-28,accepted,,"OECD Q value already in 2024 constant USD; UNIT_MULT applied, no FX or deflator rate applied"
crs-marker-biodiversity-oecd-crs-energy-vnm-2022-q-2026-09-28-md-21853940,line,oecd-crs-energy-vnm-2022-q-2026-09-28-md-21853940,,marker,,,0,,,,,0,biodiversity,oecd-crs-energy-vnm-2022-q-2026-09-28-md-21853940,oecd_crs_energy_microdata,1,2026-09-28,accepted,,
crs-marker-mitigation-oecd-crs-energy-vnm-2022-q-2026-09-28-md-21853940,line,oecd-crs-energy-vnm-2022-q-2026-09-28-md-21853940,,marker,,,2,,,,,2,mitigation,oecd-crs-energy-vnm-2022-q-2026-09-28-md-21853940,oecd_crs_energy_microdata,1,2026-09-28,accepted,,
crs-marker-adaptation-oecd-crs-energy-vnm-2022-q-2026-09-28-md-21853940,line,oecd-crs-energy-vnm-2022-q-2026-09-28-md-21853940,,marker,,,0,,,,,0,adaptation,oecd-crs-energy-vnm-2022-q-2026-09-28-md-21853940,oecd_crs_energy_microdata,1,2026-09-28,accepted,,
crs-marker-desertification-oecd-crs-energy-vnm-2022-q-2026-09-28-md-21853940,line,oecd-crs-energy-vnm-2022-q-2026-09-28-md-21853940,,marker,,,0,,,,,0,desertification,oecd-crs-energy-vnm-2022-q-2026-09-28-md-21853940,oecd_crs_energy_microdata,1,2026-09-28,accepted,,
crs-flow-oecd-crs-energy-vnm-2022-q-2026-09-28-md-21853936,line,oecd-crs-energy-vnm-2022-q-2026-09-28-md-21853936,money,flow,disbursement,unknown,465899,,,USD,USD,,,oecd-crs-energy-vnm-2022-q-2026-09-28-md-21853936,oecd_crs_energy_microdata,1,2026-09-28,accepted,,"OECD Q value already in 2024 constant USD; UNIT_MULT applied, no FX or deflator rate applied"
crs-marker-biodiversity-oecd-crs-energy-vnm-2022-q-2026-09-28-md-21853936,line,oecd-crs-energy-vnm-2022-q-2026-09-28-md-21853936,,marker,,,0,,,,,0,biodiversity,oecd-crs-energy-vnm-2022-q-2026-09-28-md-21853936,oecd_crs_energy_microdata,1,2026-09-28,accepted,,
crs-marker-mitigation-oecd-crs-energy-vnm-2022-q-2026-09-28-md-21853936,line,oecd-crs-energy-vnm-2022-q-2026-09-28-md-21853936,,marker,,,2,,,,,2,mitigation,oecd-crs-energy-vnm-2022-q-2026-09-28-md-21853936,oecd_crs_energy_microdata,1,2026-09-28,accepted,,
crs-marker-adaptation-oecd-crs-energy-vnm-2022-q-2026-09-28-md-21853936,line,oecd-crs-energy-vnm-2022-q-2026-09-28-md-21853936,,marker,,,0,,,,,0,adaptation,oecd-crs-energy-vnm-2022-q-2026-09-28-md-21853936,oecd_crs_energy_microdata,1,2026-09-28,accepted,,
crs-marker-desertification-oecd-crs-energy-vnm-2022-q-2026-09-28-md-21853936,line,oecd-crs-energy-vnm-2022-q-2026-09-28-md-21853936,,marker,,,0,,,,,0,desertification,oecd-crs-energy-vnm-2022-q-2026-09-28-md-21853936,oecd_crs_energy_microdata,1,2026-09-28,accepted,,
crs-flow-oecd-crs-energy-vnm-2022-q-2026-09-28-md-21853937,line,oecd-crs-energy-vnm-2022-q-2026-09-28-md-21853937,money,flow,disbursement,unknown,372719,,,USD,USD,,,oecd-crs-energy-vnm-2022-q-2026-09-28-md-21853937,oecd_crs_energy_microdata,1,2026-09-28,accepted,,"OECD Q value already in 2024 constant USD; UNIT_MULT applied, no FX or deflator rate applied"
crs-marker-biodiversity-oecd-crs-energy-vnm-2022-q-2026-09-28-md-21853937,line,oecd-crs-energy-vnm-2022-q-2026-09-28-md-21853937,,marker,,,0,,,,,0,biodiversity,oecd-crs-energy-vnm-2022-q-2026-09-28-md-21853937,oecd_crs_energy_microdata,1,2026-09-28,accepted,,
crs-marker-mitigation-oecd-crs-energy-vnm-2022-q-2026-09-28-md-21853937,line,oecd-crs-energy-vnm-2022-q-2026-09-28-md-21853937,,marker,,,2,,,,,2,mitigation,oecd-crs-energy-vnm-2022-q-2026-09-28-md-21853937,oecd_crs_energy_microdata,1,2026-09-28,accepted,,
crs-marker-adaptation-oecd-crs-energy-vnm-2022-q-2026-09-28-md-21853937,line,oecd-crs-energy-vnm-2022-q-2026-09-28-md-21853937,,marker,,,0,,,,,0,adaptation,oecd-crs-energy-vnm-2022-q-2026-09-28-md-21853937,oecd_crs_energy_microdata,1,2026-09-28,accepted,,
crs-marker-desertification-oecd-crs-energy-vnm-2022-q-2026-09-28-md-21853937,line,oecd-crs-energy-vnm-2022-q-2026-09-28-md-21853937,,marker,,,0,,,,,0,desertification,oecd-crs-energy-vnm-2022-q-2026-09-28-md-21853937,oecd_crs_energy_microdata,1,2026-09-28,accepted,,
crs-flow-oecd-crs-energy-vnm-2022-q-2026-09-28-md-21853939,line,oecd-crs-energy-vnm-2022-q-2026-09-28-md-21853939,money,flow,disbursement,unknown,951066,,,USD,USD,,,oecd-crs-energy-vnm-2022-q-2026-09-28-md-21853939,oecd_crs_energy_microdata,1,2026-09-28,accepted,,"OECD Q value already in 2024 constant USD; UNIT_MULT applied, no FX or deflator rate applied"
crs-marker-biodiversity-oecd-crs-energy-vnm-2022-q-2026-09-28-md-21853939,line,oecd-crs-energy-vnm-2022-q-2026-09-28-md-21853939,,marker,,,0,,,,,0,biodiversity,oecd-crs-energy-vnm-2022-q-2026-09-28-md-21853939,oecd_crs_energy_microdata,1,2026-09-28,accepted,,
crs-marker-mitigation-oecd-crs-energy-vnm-2022-q-2026-09-28-md-21853939,line,oecd-crs-energy-vnm-2022-q-2026-09-28-md-21853939,,marker,,,2,,,,,2,mitigation,oecd-crs-energy-vnm-2022-q-2026-09-28-md-21853939,oecd_crs_energy_microdata,1,2026-09-28,accepted,,
crs-marker-adaptation-oecd-crs-energy-vnm-2022-q-2026-09-28-md-21853939,line,oecd-crs-energy-vnm-2022-q-2026-09-28-md-21853939,,marker,,,0,,,,,0,adaptation,oecd-crs-energy-vnm-2022-q-2026-09-28-md-21853939,oecd_crs_energy_microdata,1,2026-09-28,accepted,,
crs-marker-desertification-oecd-crs-energy-vnm-2022-q-2026-09-28-md-21853939,line,oecd-crs-energy-vnm-2022-q-2026-09-28-md-21853939,,marker,,,0,,,,,0,desertification,oecd-crs-energy-vnm-2022-q-2026-09-28-md-21853939,oecd_crs_energy_microdata,1,2026-09-28,accepted,,
crs-flow-oecd-crs-energy-vnm-2022-q-2026-09-28-md-21853935,line,oecd-crs-energy-vnm-2022-q-2026-09-28-md-21853935,money,flow,disbursement,unknown,93180,,,USD,USD,,,oecd-crs-energy-vnm-2022-q-2026-09-28-md-21853935,oecd_crs_energy_microdata,1,2026-09-28,accepted,,"OECD Q value already in 2024 constant USD; UNIT_MULT applied, no FX or deflator rate applied"
crs-marker-biodiversity-oecd-crs-energy-vnm-2022-q-2026-09-28-md-21853935,line,oecd-crs-energy-vnm-2022-q-2026-09-28-md-21853935,,marker,,,0,,,,,0,biodiversity,oecd-crs-energy-vnm-2022-q-2026-09-28-md-21853935,oecd_crs_energy_microdata,1,2026-09-28,accepted,,
crs-marker-mitigation-oecd-crs-energy-vnm-2022-q-2026-09-28-md-21853935,line,oecd-crs-energy-vnm-2022-q-2026-09-28-md-21853935,,marker,,,2,,,,,2,mitigation,oecd-crs-energy-vnm-2022-q-2026-09-28-md-21853935,oecd_crs_energy_microdata,1,2026-09-28,accepted,,
crs-marker-adaptation-oecd-crs-energy-vnm-2022-q-2026-09-28-md-21853935,line,oecd-crs-energy-vnm-2022-q-2026-09-28-md-21853935,,marker,,,0,,,,,0,adaptation,oecd-crs-energy-vnm-2022-q-2026-09-28-md-21853935,oecd_crs_energy_microdata,1,2026-09-28,accepted,,
crs-marker-desertification-oecd-crs-energy-vnm-2022-q-2026-09-28-md-21853935,line,oecd-crs-energy-vnm-2022-q-2026-09-28-md-21853935,,marker,,,0,,,,,0,desertification,oecd-crs-energy-vnm-2022-q-2026-09-28-md-21853935,oecd_crs_energy_microdata,1,2026-09-28,accepted,,
crs-flow-oecd-crs-energy-vnm-2022-q-2026-09-28-md-21853938,line,oecd-crs-energy-vnm-2022-q-2026-09-28-md-21853938,money,flow,disbursement,unknown,271733,,,USD,USD,,,oecd-crs-energy-vnm-2022-q-2026-09-28-md-21853938,oecd_crs_energy_microdata,1,2026-09-28,accepted,,"OECD Q value already in 2024 constant USD; UNIT_MULT applied, no FX or deflator rate applied"
crs-marker-biodiversity-oecd-crs-energy-vnm-2022-q-2026-09-28-md-21853938,line,oecd-crs-energy-vnm-2022-q-2026-09-28-md-21853938,,marker,,,0,,,,,0,biodiversity,oecd-crs-energy-vnm-2022-q-2026-09-28-md-21853938,oecd_crs_energy_microdata,1,2026-09-28,accepted,,
crs-marker-mitigation-oecd-crs-energy-vnm-2022-q-2026-09-28-md-21853938,line,oecd-crs-energy-vnm-2022-q-2026-09-28-md-21853938,,marker,,,2,,,,,2,mitigation,oecd-crs-energy-vnm-2022-q-2026-09-28-md-21853938,oecd_crs_energy_microdata,1,2026-09-28,accepted,,
crs-marker-adaptation-oecd-crs-energy-vnm-2022-q-2026-09-28-md-21853938,line,oecd-crs-energy-vnm-2022-q-2026-09-28-md-21853938,,marker,,,0,,,,,0,adaptation,oecd-crs-energy-vnm-2022-q-2026-09-28-md-21853938,oecd_crs_energy_microdata,1,2026-09-28,accepted,,
crs-marker-desertification-oecd-crs-energy-vnm-2022-q-2026-09-28-md-21853938,line,oecd-crs-energy-vnm-2022-q-2026-09-28-md-21853938,,marker,,,0,,,,,0,desertification,oecd-crs-energy-vnm-2022-q-2026-09-28-md-21853938,oecd_crs_energy_microdata,1,2026-09-28,accepted,,
crs-flow-oecd-crs-energy-vnm-2022-q-2026-09-28-md-21853931,line,oecd-crs-energy-vnm-2022-q-2026-09-28-md-21853931,money,flow,disbursement,unknown,12282251,,,USD,USD,,,oecd-crs-energy-vnm-2022-q-2026-09-28-md-21853931,oecd_crs_energy_microdata,1,2026-09-28,accepted,,"OECD Q value already in 2024 constant USD; UNIT_MULT applied, no FX or deflator rate applied"
crs-marker-biodiversity-oecd-crs-energy-vnm-2022-q-2026-09-28-md-21853931,line,oecd-crs-energy-vnm-2022-q-2026-09-28-md-21853931,,marker,,,0,,,,,0,biodiversity,oecd-crs-energy-vnm-2022-q-2026-09-28-md-21853931,oecd_crs_energy_microdata,1,2026-09-28,accepted,,
crs-marker-mitigation-oecd-crs-energy-vnm-2022-q-2026-09-28-md-21853931,line,oecd-crs-energy-vnm-2022-q-2026-09-28-md-21853931,,marker,,,2,,,,,2,mitigation,oecd-crs-energy-vnm-2022-q-2026-09-28-md-21853931,oecd_crs_energy_microdata,1,2026-09-28,accepted,,
crs-marker-adaptation-oecd-crs-energy-vnm-2022-q-2026-09-28-md-21853931,line,oecd-crs-energy-vnm-2022-q-2026-09-28-md-21853931,,marker,,,0,,,,,0,adaptation,oecd-crs-energy-vnm-2022-q-2026-09-28-md-21853931,oecd_crs_energy_microdata,1,2026-09-28,accepted,,
crs-marker-desertification-oecd-crs-energy-vnm-2022-q-2026-09-28-md-21853931,line,oecd-crs-energy-vnm-2022-q-2026-09-28-md-21853931,,marker,,,0,,,,,0,desertification,oecd-crs-energy-vnm-2022-q-2026-09-28-md-21853931,oecd_crs_energy_microdata,1,2026-09-28,accepted,,
crs-flow-oecd-crs-energy-vnm-2022-q-2026-09-28-md-21853929,line,oecd-crs-energy-vnm-2022-q-2026-09-28-md-21853929,money,flow,disbursement,unknown,3070563,,,USD,USD,,,oecd-crs-energy-vnm-2022-q-2026-09-28-md-21853929,oecd_crs_energy_microdata,1,2026-09-28,accepted,,"OECD Q value already in 2024 constant USD; UNIT_MULT applied, no FX or deflator rate applied"
crs-marker-biodiversity-oecd-crs-energy-vnm-2022-q-2026-09-28-md-21853929,line,oecd-crs-energy-vnm-2022-q-2026-09-28-md-21853929,,marker,,,0,,,,,0,biodiversity,oecd-crs-energy-vnm-2022-q-2026-09-28-md-21853929,oecd_crs_energy_microdata,1,2026-09-28,accepted,,
crs-marker-mitigation-oecd-crs-energy-vnm-2022-q-2026-09-28-md-21853929,line,oecd-crs-energy-vnm-2022-q-2026-09-28-md-21853929,,marker,,,2,,,,,2,mitigation,oecd-crs-energy-vnm-2022-q-2026-09-28-md-21853929,oecd_crs_energy_microdata,1,2026-09-28,accepted,,
crs-marker-adaptation-oecd-crs-energy-vnm-2022-q-2026-09-28-md-21853929,line,oecd-crs-energy-vnm-2022-q-2026-09-28-md-21853929,,marker,,,0,,,,,0,adaptation,oecd-crs-energy-vnm-2022-q-2026-09-28-md-21853929,oecd_crs_energy_microdata,1,2026-09-28,accepted,,
crs-marker-desertification-oecd-crs-energy-vnm-2022-q-2026-09-28-md-21853929,line,oecd-crs-energy-vnm-2022-q-2026-09-28-md-21853929,,marker,,,0,,,,,0,desertification,oecd-crs-energy-vnm-2022-q-2026-09-28-md-21853929,oecd_crs_energy_microdata,1,2026-09-28,accepted,,
crs-flow-oecd-crs-energy-vnm-2022-q-2026-09-28-md-21853933,line,oecd-crs-energy-vnm-2022-q-2026-09-28-md-21853933,money,flow,disbursement,unknown,177148,,,USD,USD,,,oecd-crs-energy-vnm-2022-q-2026-09-28-md-21853933,oecd_crs_energy_microdata,1,2026-09-28,accepted,,"OECD Q value already in 2024 constant USD; UNIT_MULT applied, no FX or deflator rate applied"
crs-marker-biodiversity-oecd-crs-energy-vnm-2022-q-2026-09-28-md-21853933,line,oecd-crs-energy-vnm-2022-q-2026-09-28-md-21853933,,marker,,,0,,,,,0,biodiversity,oecd-crs-energy-vnm-2022-q-2026-09-28-md-21853933,oecd_crs_energy_microdata,1,2026-09-28,accepted,,
crs-marker-mitigation-oecd-crs-energy-vnm-2022-q-2026-09-28-md-21853933,line,oecd-crs-energy-vnm-2022-q-2026-09-28-md-21853933,,marker,,,2,,,,,2,mitigation,oecd-crs-energy-vnm-2022-q-2026-09-28-md-21853933,oecd_crs_energy_microdata,1,2026-09-28,accepted,,
crs-marker-adaptation-oecd-crs-energy-vnm-2022-q-2026-09-28-md-21853933,line,oecd-crs-energy-vnm-2022-q-2026-09-28-md-21853933,,marker,,,0,,,,,0,adaptation,oecd-crs-energy-vnm-2022-q-2026-09-28-md-21853933,oecd_crs_energy_microdata,1,2026-09-28,accepted,,
crs-marker-desertification-oecd-crs-energy-vnm-2022-q-2026-09-28-md-21853933,line,oecd-crs-energy-vnm-2022-q-2026-09-28-md-21853933,,marker,,,0,,,,,0,desertification,oecd-crs-energy-vnm-2022-q-2026-09-28-md-21853933,oecd_crs_energy_microdata,1,2026-09-28,accepted,,
crs-flow-oecd-crs-energy-vnm-2022-q-2026-09-28-md-21853932,line,oecd-crs-energy-vnm-2022-q-2026-09-28-md-21853932,money,flow,disbursement,unknown,35430,,,USD,USD,,,oecd-crs-energy-vnm-2022-q-2026-09-28-md-21853932,oecd_crs_energy_microdata,1,2026-09-28,accepted,,"OECD Q value already in 2024 constant USD; UNIT_MULT applied, no FX or deflator rate applied"
crs-marker-biodiversity-oecd-crs-energy-vnm-2022-q-2026-09-28-md-21853932,line,oecd-crs-energy-vnm-2022-q-2026-09-28-md-21853932,,marker,,,0,,,,,0,biodiversity,oecd-crs-energy-vnm-2022-q-2026-09-28-md-21853932,oecd_crs_energy_microdata,1,2026-09-28,accepted,,
crs-marker-mitigation-oecd-crs-energy-vnm-2022-q-2026-09-28-md-21853932,line,oecd-crs-energy-vnm-2022-q-2026-09-28-md-21853932,,marker,,,2,,,,,2,mitigation,oecd-crs-energy-vnm-2022-q-2026-09-28-md-21853932,oecd_crs_energy_microdata,1,2026-09-28,accepted,,
crs-marker-adaptation-oecd-crs-energy-vnm-2022-q-2026-09-28-md-21853932,line,oecd-crs-energy-vnm-2022-q-2026-09-28-md-21853932,,marker,,,0,,,,,0,adaptation,oecd-crs-energy-vnm-2022-q-2026-09-28-md-21853932,oecd_crs_energy_microdata,1,2026-09-28,accepted,,
crs-marker-desertification-oecd-crs-energy-vnm-2022-q-2026-09-28-md-21853932,line,oecd-crs-energy-vnm-2022-q-2026-09-28-md-21853932,,marker,,,0,,,,,0,desertification,oecd-crs-energy-vnm-2022-q-2026-09-28-md-21853932,oecd_crs_energy_microdata,1,2026-09-28,accepted,,
crs-flow-oecd-crs-energy-vnm-2022-q-2026-09-28-md-21853934,line,oecd-crs-energy-vnm-2022-q-2026-09-28-md-21853934,money,flow,disbursement,unknown,141718,,,USD,USD,,,oecd-crs-energy-vnm-2022-q-2026-09-28-md-21853934,oecd_crs_energy_microdata,1,2026-09-28,accepted,,"OECD Q value already in 2024 constant USD; UNIT_MULT applied, no FX or deflator rate applied"
crs-marker-biodiversity-oecd-crs-energy-vnm-2022-q-2026-09-28-md-21853934,line,oecd-crs-energy-vnm-2022-q-2026-09-28-md-21853934,,marker,,,0,,,,,0,biodiversity,oecd-crs-energy-vnm-2022-q-2026-09-28-md-21853934,oecd_crs_energy_microdata,1,2026-09-28,accepted,,
crs-marker-mitigation-oecd-crs-energy-vnm-2022-q-2026-09-28-md-21853934,line,oecd-crs-energy-vnm-2022-q-2026-09-28-md-21853934,,marker,,,2,,,,,2,mitigation,oecd-crs-energy-vnm-2022-q-2026-09-28-md-21853934,oecd_crs_energy_microdata,1,2026-09-28,accepted,,
crs-marker-adaptation-oecd-crs-energy-vnm-2022-q-2026-09-28-md-21853934,line,oecd-crs-energy-vnm-2022-q-2026-09-28-md-21853934,,marker,,,0,,,,,0,adaptation,oecd-crs-energy-vnm-2022-q-2026-09-28-md-21853934,oecd_crs_energy_microdata,1,2026-09-28,accepted,,
crs-marker-desertification-oecd-crs-energy-vnm-2022-q-2026-09-28-md-21853934,line,oecd-crs-energy-vnm-2022-q-2026-09-28-md-21853934,,marker,,,0,,,,,0,desertification,oecd-crs-energy-vnm-2022-q-2026-09-28-md-21853934,oecd_crs_energy_microdata,1,2026-09-28,accepted,,
crs-flow-oecd-crs-energy-vnm-2022-q-2026-09-28-md-21850234,line,oecd-crs-energy-vnm-2022-q-2026-09-28-md-21850234,money,flow,disbursement,unknown,297367,,,USD,USD,,,oecd-crs-energy-vnm-2022-q-2026-09-28-md-21850234,oecd_crs_energy_microdata,1,2026-09-28,accepted,,"OECD Q value already in 2024 constant USD; UNIT_MULT applied, no FX or deflator rate applied"
crs-marker-biodiversity-oecd-crs-energy-vnm-2022-q-2026-09-28-md-21850234,line,oecd-crs-energy-vnm-2022-q-2026-09-28-md-21850234,,marker,,,0,,,,,0,biodiversity,oecd-crs-energy-vnm-2022-q-2026-09-28-md-21850234,oecd_crs_energy_microdata,1,2026-09-28,accepted,,
crs-marker-mitigation-oecd-crs-energy-vnm-2022-q-2026-09-28-md-21850234,line,oecd-crs-energy-vnm-2022-q-2026-09-28-md-21850234,,marker,,,2,,,,,2,mitigation,oecd-crs-energy-vnm-2022-q-2026-09-28-md-21850234,oecd_crs_energy_microdata,1,2026-09-28,accepted,,
crs-marker-adaptation-oecd-crs-energy-vnm-2022-q-2026-09-28-md-21850234,line,oecd-crs-energy-vnm-2022-q-2026-09-28-md-21850234,,marker,,,0,,,,,0,adaptation,oecd-crs-energy-vnm-2022-q-2026-09-28-md-21850234,oecd_crs_energy_microdata,1,2026-09-28,accepted,,
crs-marker-desertification-oecd-crs-energy-vnm-2022-q-2026-09-28-md-21850234,line,oecd-crs-energy-vnm-2022-q-2026-09-28-md-21850234,,marker,,,0,,,,,0,desertification,oecd-crs-energy-vnm-2022-q-2026-09-28-md-21850234,oecd_crs_energy_microdata,1,2026-09-28,accepted,,
crs-flow-oecd-crs-energy-vnm-2022-q-2026-09-28-md-21859205,line,oecd-crs-energy-vnm-2022-q-2026-09-28-md-21859205,money,flow,disbursement,unknown,590493,,,USD,USD,,,oecd-crs-energy-vnm-2022-q-2026-09-28-md-21859205,oecd_crs_energy_microdata,1,2026-09-28,accepted,,"OECD Q value already in 2024 constant USD; UNIT_MULT applied, no FX or deflator rate applied"
crs-marker-biodiversity-oecd-crs-energy-vnm-2022-q-2026-09-28-md-21859205,line,oecd-crs-energy-vnm-2022-q-2026-09-28-md-21859205,,marker,,,0,,,,,0,biodiversity,oecd-crs-energy-vnm-2022-q-2026-09-28-md-21859205,oecd_crs_energy_microdata,1,2026-09-28,accepted,,
crs-marker-mitigation-oecd-crs-energy-vnm-2022-q-2026-09-28-md-21859205,line,oecd-crs-energy-vnm-2022-q-2026-09-28-md-21859205,,marker,,,1,,,,,1,mitigation,oecd-crs-energy-vnm-2022-q-2026-09-28-md-21859205,oecd_crs_energy_microdata,1,2026-09-28,accepted,,
crs-marker-adaptation-oecd-crs-energy-vnm-2022-q-2026-09-28-md-21859205,line,oecd-crs-energy-vnm-2022-q-2026-09-28-md-21859205,,marker,,,0,,,,,0,adaptation,oecd-crs-energy-vnm-2022-q-2026-09-28-md-21859205,oecd_crs_energy_microdata,1,2026-09-28,accepted,,
crs-marker-desertification-oecd-crs-energy-vnm-2022-q-2026-09-28-md-21859205,line,oecd-crs-energy-vnm-2022-q-2026-09-28-md-21859205,,marker,,,0,,,,,0,desertification,oecd-crs-energy-vnm-2022-q-2026-09-28-md-21859205,oecd_crs_energy_microdata,1,2026-09-28,accepted,,
crs-flow-oecd-crs-energy-vnm-2022-q-2026-09-28-md-20927025,line,oecd-crs-energy-vnm-2022-q-2026-09-28-md-20927025,money,flow,disbursement,unknown,362319,,,USD,USD,,,oecd-crs-energy-vnm-2022-q-2026-09-28-md-20927025,oecd_crs_energy_microdata,1,2026-09-28,accepted,,"OECD Q value already in 2024 constant USD; UNIT_MULT applied, no FX or deflator rate applied"
crs-marker-biodiversity-oecd-crs-energy-vnm-2022-q-2026-09-28-md-20927025,line,oecd-crs-energy-vnm-2022-q-2026-09-28-md-20927025,,marker,,,0,,,,,0,biodiversity,oecd-crs-energy-vnm-2022-q-2026-09-28-md-20927025,oecd_crs_energy_microdata,1,2026-09-28,accepted,,
crs-marker-mitigation-oecd-crs-energy-vnm-2022-q-2026-09-28-md-20927025,line,oecd-crs-energy-vnm-2022-q-2026-09-28-md-20927025,,marker,,,0,,,,,0,mitigation,oecd-crs-energy-vnm-2022-q-2026-09-28-md-20927025,oecd_crs_energy_microdata,1,2026-09-28,accepted,,
crs-marker-adaptation-oecd-crs-energy-vnm-2022-q-2026-09-28-md-20927025,line,oecd-crs-energy-vnm-2022-q-2026-09-28-md-20927025,,marker,,,0,,,,,0,adaptation,oecd-crs-energy-vnm-2022-q-2026-09-28-md-20927025,oecd_crs_energy_microdata,1,2026-09-28,accepted,,
crs-marker-desertification-oecd-crs-energy-vnm-2022-q-2026-09-28-md-20927025,line,oecd-crs-energy-vnm-2022-q-2026-09-28-md-20927025,,marker,,,,,,,,not_screened,desertification,oecd-crs-energy-vnm-2022-q-2026-09-28-md-20927025,oecd_crs_energy_microdata,1,2026-09-28,accepted,,
crs-flow-oecd-crs-energy-vnm-2022-q-2026-09-28-md-21880223,line,oecd-crs-energy-vnm-2022-q-2026-09-28-md-21880223,money,flow,disbursement,unknown,565630,,,USD,USD,,,oecd-crs-energy-vnm-2022-q-2026-09-28-md-21880223,oecd_crs_energy_microdata,1,2026-09-28,accepted,,"OECD Q value already in 2024 constant USD; UNIT_MULT applied, no FX or deflator rate applied"
crs-marker-biodiversity-oecd-crs-energy-vnm-2022-q-2026-09-28-md-21880223,line,oecd-crs-energy-vnm-2022-q-2026-09-28-md-21880223,,marker,,,0,,,,,0,biodiversity,oecd-crs-energy-vnm-2022-q-2026-09-28-md-21880223,oecd_crs_energy_microdata,1,2026-09-28,accepted,,
crs-marker-mitigation-oecd-crs-energy-vnm-2022-q-2026-09-28-md-21880223,line,oecd-crs-energy-vnm-2022-q-2026-09-28-md-21880223,,marker,,,2,,,,,2,mitigation,oecd-crs-energy-vnm-2022-q-2026-09-28-md-21880223,oecd_crs_energy_microdata,1,2026-09-28,accepted,,
crs-marker-adaptation-oecd-crs-energy-vnm-2022-q-2026-09-28-md-21880223,line,oecd-crs-energy-vnm-2022-q-2026-09-28-md-21880223,,marker,,,0,,,,,0,adaptation,oecd-crs-energy-vnm-2022-q-2026-09-28-md-21880223,oecd_crs_energy_microdata,1,2026-09-28,accepted,,
crs-marker-desertification-oecd-crs-energy-vnm-2022-q-2026-09-28-md-21880223,line,oecd-crs-energy-vnm-2022-q-2026-09-28-md-21880223,,marker,,,,,,,,not_screened,desertification,oecd-crs-energy-vnm-2022-q-2026-09-28-md-21880223,oecd_crs_energy_microdata,1,2026-09-28,accepted,,
crs-flow-oecd-crs-energy-vnm-2022-q-2026-09-28-md-21880224,line,oecd-crs-energy-vnm-2022-q-2026-09-28-md-21880224,money,flow,disbursement,unknown,1053094,,,USD,USD,,,oecd-crs-energy-vnm-2022-q-2026-09-28-md-21880224,oecd_crs_energy_microdata,1,2026-09-28,accepted,,"OECD Q value already in 2024 constant USD; UNIT_MULT applied, no FX or deflator rate applied"
crs-marker-biodiversity-oecd-crs-energy-vnm-2022-q-2026-09-28-md-21880224,line,oecd-crs-energy-vnm-2022-q-2026-09-28-md-21880224,,marker,,,0,,,,,0,biodiversity,oecd-crs-energy-vnm-2022-q-2026-09-28-md-21880224,oecd_crs_energy_microdata,1,2026-09-28,accepted,,
crs-marker-mitigation-oecd-crs-energy-vnm-2022-q-2026-09-28-md-21880224,line,oecd-crs-energy-vnm-2022-q-2026-09-28-md-21880224,,marker,,,2,,,,,2,mitigation,oecd-crs-energy-vnm-2022-q-2026-09-28-md-21880224,oecd_crs_energy_microdata,1,2026-09-28,accepted,,
crs-marker-adaptation-oecd-crs-energy-vnm-2022-q-2026-09-28-md-21880224,line,oecd-crs-energy-vnm-2022-q-2026-09-28-md-21880224,,marker,,,0,,,,,0,adaptation,oecd-crs-energy-vnm-2022-q-2026-09-28-md-21880224,oecd_crs_energy_microdata,1,2026-09-28,accepted,,
crs-marker-desertification-oecd-crs-energy-vnm-2022-q-2026-09-28-md-21880224,line,oecd-crs-energy-vnm-2022-q-2026-09-28-md-21880224,,marker,,,,,,,,not_screened,desertification,oecd-crs-energy-vnm-2022-q-2026-09-28-md-21880224,oecd_crs_energy_microdata,1,2026-09-28,accepted,,
crs-flow-oecd-crs-energy-vnm-2022-q-2026-09-28-md-21880222,line,oecd-crs-energy-vnm-2022-q-2026-09-28-md-21880222,money,flow,disbursement,unknown,1020509,,,USD,USD,,,oecd-crs-energy-vnm-2022-q-2026-09-28-md-21880222,oecd_crs_energy_microdata,1,2026-09-28,accepted,,"OECD Q value already in 2024 constant USD; UNIT_MULT applied, no FX or deflator rate applied"
crs-marker-biodiversity-oecd-crs-energy-vnm-2022-q-2026-09-28-md-21880222,line,oecd-crs-energy-vnm-2022-q-2026-09-28-md-21880222,,marker,,,0,,,,,0,biodiversity,oecd-crs-energy-vnm-2022-q-2026-09-28-md-21880222,oecd_crs_energy_microdata,1,2026-09-28,accepted,,
crs-marker-mitigation-oecd-crs-energy-vnm-2022-q-2026-09-28-md-21880222,line,oecd-crs-energy-vnm-2022-q-2026-09-28-md-21880222,,marker,,,2,,,,,2,mitigation,oecd-crs-energy-vnm-2022-q-2026-09-28-md-21880222,oecd_crs_energy_microdata,1,2026-09-28,accepted,,
crs-marker-adaptation-oecd-crs-energy-vnm-2022-q-2026-09-28-md-21880222,line,oecd-crs-energy-vnm-2022-q-2026-09-28-md-21880222,,marker,,,0,,,,,0,adaptation,oecd-crs-energy-vnm-2022-q-2026-09-28-md-21880222,oecd_crs_energy_microdata,1,2026-09-28,accepted,,
crs-marker-desertification-oecd-crs-energy-vnm-2022-q-2026-09-28-md-21880222,line,oecd-crs-energy-vnm-2022-q-2026-09-28-md-21880222,,marker,,,,,,,,not_screened,desertification,oecd-crs-energy-vnm-2022-q-2026-09-28-md-21880222,oecd_crs_energy_microdata,1,2026-09-28,accepted,,
crs-flow-oecd-crs-energy-vnm-2022-q-2026-09-28-md-21866502,line,oecd-crs-energy-vnm-2022-q-2026-09-28-md-21866502,money,flow,disbursement,unknown,154,,,USD,USD,,,oecd-crs-energy-vnm-2022-q-2026-09-28-md-21866502,oecd_crs_energy_microdata,1,2026-09-28,accepted,,"OECD Q value already in 2024 constant USD; UNIT_MULT applied, no FX or deflator rate applied"
crs-marker-biodiversity-oecd-crs-energy-vnm-2022-q-2026-09-28-md-21866502,line,oecd-crs-energy-vnm-2022-q-2026-09-28-md-21866502,,marker,,,0,,,,,0,biodiversity,oecd-crs-energy-vnm-2022-q-2026-09-28-md-21866502,oecd_crs_energy_microdata,1,2026-09-28,accepted,,
crs-marker-mitigation-oecd-crs-energy-vnm-2022-q-2026-09-28-md-21866502,line,oecd-crs-energy-vnm-2022-q-2026-09-28-md-21866502,,marker,,,2,,,,,2,mitigation,oecd-crs-energy-vnm-2022-q-2026-09-28-md-21866502,oecd_crs_energy_microdata,1,2026-09-28,accepted,,
crs-marker-adaptation-oecd-crs-energy-vnm-2022-q-2026-09-28-md-21866502,line,oecd-crs-energy-vnm-2022-q-2026-09-28-md-21866502,,marker,,,0,,,,,0,adaptation,oecd-crs-energy-vnm-2022-q-2026-09-28-md-21866502,oecd_crs_energy_microdata,1,2026-09-28,accepted,,
crs-marker-desertification-oecd-crs-energy-vnm-2022-q-2026-09-28-md-21866502,line,oecd-crs-energy-vnm-2022-q-2026-09-28-md-21866502,,marker,,,,,,,,not_screened,desertification,oecd-crs-energy-vnm-2022-q-2026-09-28-md-21866502,oecd_crs_energy_microdata,1,2026-09-28,accepted,,
crs-flow-oecd-crs-energy-vnm-2022-q-2026-09-28-md-21881263,line,oecd-crs-energy-vnm-2022-q-2026-09-28-md-21881263,money,flow,disbursement,unknown,2960057,,,USD,USD,,,oecd-crs-energy-vnm-2022-q-2026-09-28-md-21881263,oecd_crs_energy_microdata,1,2026-09-28,accepted,,"OECD Q value already in 2024 constant USD; UNIT_MULT applied, no FX or deflator rate applied"
crs-marker-biodiversity-oecd-crs-energy-vnm-2022-q-2026-09-28-md-21881263,line,oecd-crs-energy-vnm-2022-q-2026-09-28-md-21881263,,marker,,,0,,,,,0,biodiversity,oecd-crs-energy-vnm-2022-q-2026-09-28-md-21881263,oecd_crs_energy_microdata,1,2026-09-28,accepted,,
crs-marker-mitigation-oecd-crs-energy-vnm-2022-q-2026-09-28-md-21881263,line,oecd-crs-energy-vnm-2022-q-2026-09-28-md-21881263,,marker,,,0,,,,,0,mitigation,oecd-crs-energy-vnm-2022-q-2026-09-28-md-21881263,oecd_crs_energy_microdata,1,2026-09-28,accepted,,
crs-marker-adaptation-oecd-crs-energy-vnm-2022-q-2026-09-28-md-21881263,line,oecd-crs-energy-vnm-2022-q-2026-09-28-md-21881263,,marker,,,0,,,,,0,adaptation,oecd-crs-energy-vnm-2022-q-2026-09-28-md-21881263,oecd_crs_energy_microdata,1,2026-09-28,accepted,,
crs-marker-desertification-oecd-crs-energy-vnm-2022-q-2026-09-28-md-21881263,line,oecd-crs-energy-vnm-2022-q-2026-09-28-md-21881263,,marker,,,,,,,,not_screened,desertification,oecd-crs-energy-vnm-2022-q-2026-09-28-md-21881263,oecd_crs_energy_microdata,1,2026-09-28,accepted,,
crs-flow-oecd-crs-energy-vnm-2022-q-2026-09-28-md-20927540,line,oecd-crs-energy-vnm-2022-q-2026-09-28-md-20927540,money,flow,disbursement,unknown,284737,,,USD,USD,,,oecd-crs-energy-vnm-2022-q-2026-09-28-md-20927540,oecd_crs_energy_microdata,1,2026-09-28,accepted,,"OECD Q value already in 2024 constant USD; UNIT_MULT applied, no FX or deflator rate applied"
crs-marker-biodiversity-oecd-crs-energy-vnm-2022-q-2026-09-28-md-20927540,line,oecd-crs-energy-vnm-2022-q-2026-09-28-md-20927540,,marker,,,0,,,,,0,biodiversity,oecd-crs-energy-vnm-2022-q-2026-09-28-md-20927540,oecd_crs_energy_microdata,1,2026-09-28,accepted,,
crs-marker-mitigation-oecd-crs-energy-vnm-2022-q-2026-09-28-md-20927540,line,oecd-crs-energy-vnm-2022-q-2026-09-28-md-20927540,,marker,,,2,,,,,2,mitigation,oecd-crs-energy-vnm-2022-q-2026-09-28-md-20927540,oecd_crs_energy_microdata,1,2026-09-28,accepted,,
crs-marker-adaptation-oecd-crs-energy-vnm-2022-q-2026-09-28-md-20927540,line,oecd-crs-energy-vnm-2022-q-2026-09-28-md-20927540,,marker,,,0,,,,,0,adaptation,oecd-crs-energy-vnm-2022-q-2026-09-28-md-20927540,oecd_crs_energy_microdata,1,2026-09-28,accepted,,
crs-marker-desertification-oecd-crs-energy-vnm-2022-q-2026-09-28-md-20927540,line,oecd-crs-energy-vnm-2022-q-2026-09-28-md-20927540,,marker,,,,,,,,not_screened,desertification,oecd-crs-energy-vnm-2022-q-2026-09-28-md-20927540,oecd_crs_energy_microdata,1,2026-09-28,accepted,,
crs-flow-oecd-crs-energy-vnm-2022-q-2026-09-28-md-20928164,line,oecd-crs-energy-vnm-2022-q-2026-09-28-md-20928164,money,flow,disbursement,unknown,99373,,,USD,USD,,,oecd-crs-energy-vnm-2022-q-2026-09-28-md-20928164,oecd_crs_energy_microdata,1,2026-09-28,accepted,,"OECD Q value already in 2024 constant USD; UNIT_MULT applied, no FX or deflator rate applied"
crs-marker-biodiversity-oecd-crs-energy-vnm-2022-q-2026-09-28-md-20928164,line,oecd-crs-energy-vnm-2022-q-2026-09-28-md-20928164,,marker,,,0,,,,,0,biodiversity,oecd-crs-energy-vnm-2022-q-2026-09-28-md-20928164,oecd_crs_energy_microdata,1,2026-09-28,accepted,,
crs-marker-mitigation-oecd-crs-energy-vnm-2022-q-2026-09-28-md-20928164,line,oecd-crs-energy-vnm-2022-q-2026-09-28-md-20928164,,marker,,,2,,,,,2,mitigation,oecd-crs-energy-vnm-2022-q-2026-09-28-md-20928164,oecd_crs_energy_microdata,1,2026-09-28,accepted,,
crs-marker-adaptation-oecd-crs-energy-vnm-2022-q-2026-09-28-md-20928164,line,oecd-crs-energy-vnm-2022-q-2026-09-28-md-20928164,,marker,,,0,,,,,0,adaptation,oecd-crs-energy-vnm-2022-q-2026-09-28-md-20928164,oecd_crs_energy_microdata,1,2026-09-28,accepted,,
crs-marker-desertification-oecd-crs-energy-vnm-2022-q-2026-09-28-md-20928164,line,oecd-crs-energy-vnm-2022-q-2026-09-28-md-20928164,,marker,,,,,,,,not_screened,desertification,oecd-crs-energy-vnm-2022-q-2026-09-28-md-20928164,oecd_crs_energy_microdata,1,2026-09-28,accepted,,
crs-flow-oecd-crs-energy-vnm-2022-q-2026-09-28-md-20927541,line,oecd-crs-energy-vnm-2022-q-2026-09-28-md-20927541,money,flow,disbursement,unknown,142368,,,USD,USD,,,oecd-crs-energy-vnm-2022-q-2026-09-28-md-20927541,oecd_crs_energy_microdata,1,2026-09-28,accepted,,"OECD Q value already in 2024 constant USD; UNIT_MULT applied, no FX or deflator rate applied"
crs-marker-biodiversity-oecd-crs-energy-vnm-2022-q-2026-09-28-md-20927541,line,oecd-crs-energy-vnm-2022-q-2026-09-28-md-20927541,,marker,,,0,,,,,0,biodiversity,oecd-crs-energy-vnm-2022-q-2026-09-28-md-20927541,oecd_crs_energy_microdata,1,2026-09-28,accepted,,
crs-marker-mitigation-oecd-crs-energy-vnm-2022-q-2026-09-28-md-20927541,line,oecd-crs-energy-vnm-2022-q-2026-09-28-md-20927541,,marker,,,2,,,,,2,mitigation,oecd-crs-energy-vnm-2022-q-2026-09-28-md-20927541,oecd_crs_energy_microdata,1,2026-09-28,accepted,,
crs-marker-adaptation-oecd-crs-energy-vnm-2022-q-2026-09-28-md-20927541,line,oecd-crs-energy-vnm-2022-q-2026-09-28-md-20927541,,marker,,,0,,,,,0,adaptation,oecd-crs-energy-vnm-2022-q-2026-09-28-md-20927541,oecd_crs_energy_microdata,1,2026-09-28,accepted,,
crs-marker-desertification-oecd-crs-energy-vnm-2022-q-2026-09-28-md-20927541,line,oecd-crs-energy-vnm-2022-q-2026-09-28-md-20927541,,marker,,,,,,,,not_screened,desertification,oecd-crs-energy-vnm-2022-q-2026-09-28-md-20927541,oecd_crs_energy_microdata,1,2026-09-28,accepted,,
crs-flow-oecd-crs-energy-vnm-2022-q-2026-09-28-md-20927536,line,oecd-crs-energy-vnm-2022-q-2026-09-28-md-20927536,money,flow,disbursement,unknown,284737,,,USD,USD,,,oecd-crs-energy-vnm-2022-q-2026-09-28-md-20927536,oecd_crs_energy_microdata,1,2026-09-28,accepted,,"OECD Q value already in 2024 constant USD; UNIT_MULT applied, no FX or deflator rate applied"
crs-marker-biodiversity-oecd-crs-energy-vnm-2022-q-2026-09-28-md-20927536,line,oecd-crs-energy-vnm-2022-q-2026-09-28-md-20927536,,marker,,,0,,,,,0,biodiversity,oecd-crs-energy-vnm-2022-q-2026-09-28-md-20927536,oecd_crs_energy_microdata,1,2026-09-28,accepted,,
crs-marker-mitigation-oecd-crs-energy-vnm-2022-q-2026-09-28-md-20927536,line,oecd-crs-energy-vnm-2022-q-2026-09-28-md-20927536,,marker,,,2,,,,,2,mitigation,oecd-crs-energy-vnm-2022-q-2026-09-28-md-20927536,oecd_crs_energy_microdata,1,2026-09-28,accepted,,
crs-marker-adaptation-oecd-crs-energy-vnm-2022-q-2026-09-28-md-20927536,line,oecd-crs-energy-vnm-2022-q-2026-09-28-md-20927536,,marker,,,0,,,,,0,adaptation,oecd-crs-energy-vnm-2022-q-2026-09-28-md-20927536,oecd_crs_energy_microdata,1,2026-09-28,accepted,,
crs-marker-desertification-oecd-crs-energy-vnm-2022-q-2026-09-28-md-20927536,line,oecd-crs-energy-vnm-2022-q-2026-09-28-md-20927536,,marker,,,,,,,,not_screened,desertification,oecd-crs-energy-vnm-2022-q-2026-09-28-md-20927536,oecd_crs_energy_microdata,1,2026-09-28,accepted,,
crs-flow-oecd-crs-energy-vnm-2022-q-2026-09-28-md-21022011,line,oecd-crs-energy-vnm-2022-q-2026-09-28-md-21022011,money,flow,disbursement,unknown,117973,,,USD,USD,,,oecd-crs-energy-vnm-2022-q-2026-09-28-md-21022011,oecd_crs_energy_microdata,1,2026-09-28,accepted,,"OECD Q value already in 2024 constant USD; UNIT_MULT applied, no FX or deflator rate applied"
crs-marker-biodiversity-oecd-crs-energy-vnm-2022-q-2026-09-28-md-21022011,line,oecd-crs-energy-vnm-2022-q-2026-09-28-md-21022011,,marker,,,,,,,,not_screened,biodiversity,oecd-crs-energy-vnm-2022-q-2026-09-28-md-21022011,oecd_crs_energy_microdata,1,2026-09-28,accepted,,
crs-marker-mitigation-oecd-crs-energy-vnm-2022-q-2026-09-28-md-21022011,line,oecd-crs-energy-vnm-2022-q-2026-09-28-md-21022011,,marker,,,2,,,,,2,mitigation,oecd-crs-energy-vnm-2022-q-2026-09-28-md-21022011,oecd_crs_energy_microdata,1,2026-09-28,accepted,,
crs-marker-adaptation-oecd-crs-energy-vnm-2022-q-2026-09-28-md-21022011,line,oecd-crs-energy-vnm-2022-q-2026-09-28-md-21022011,,marker,,,0,,,,,0,adaptation,oecd-crs-energy-vnm-2022-q-2026-09-28-md-21022011,oecd_crs_energy_microdata,1,2026-09-28,accepted,,
crs-marker-desertification-oecd-crs-energy-vnm-2022-q-2026-09-28-md-21022011,line,oecd-crs-energy-vnm-2022-q-2026-09-28-md-21022011,,marker,,,,,,,,not_screened,desertification,oecd-crs-energy-vnm-2022-q-2026-09-28-md-21022011,oecd_crs_energy_microdata,1,2026-09-28,accepted,,
crs-flow-oecd-crs-energy-vnm-2022-q-2026-09-28-md-21406436,line,oecd-crs-energy-vnm-2022-q-2026-09-28-md-21406436,money,flow,commitment,unknown,70311,,,USD,USD,,,oecd-crs-energy-vnm-2022-q-2026-09-28-md-21406436,oecd_crs_energy_microdata,1,2026-09-28,accepted,,"OECD Q value already in 2024 constant USD; UNIT_MULT applied, no FX or deflator rate applied"
crs-marker-biodiversity-oecd-crs-energy-vnm-2022-q-2026-09-28-md-21406436,line,oecd-crs-energy-vnm-2022-q-2026-09-28-md-21406436,,marker,,,0,,,,,0,biodiversity,oecd-crs-energy-vnm-2022-q-2026-09-28-md-21406436,oecd_crs_energy_microdata,1,2026-09-28,accepted,,
crs-marker-mitigation-oecd-crs-energy-vnm-2022-q-2026-09-28-md-21406436,line,oecd-crs-energy-vnm-2022-q-2026-09-28-md-21406436,,marker,,,0,,,,,0,mitigation,oecd-crs-energy-vnm-2022-q-2026-09-28-md-21406436,oecd_crs_energy_microdata,1,2026-09-28,accepted,,
crs-marker-adaptation-oecd-crs-energy-vnm-2022-q-2026-09-28-md-21406436,line,oecd-crs-energy-vnm-2022-q-2026-09-28-md-21406436,,marker,,,0,,,,,0,adaptation,oecd-crs-energy-vnm-2022-q-2026-09-28-md-21406436,oecd_crs_energy_microdata,1,2026-09-28,accepted,,
crs-marker-desertification-oecd-crs-energy-vnm-2022-q-2026-09-28-md-21406436,line,oecd-crs-energy-vnm-2022-q-2026-09-28-md-21406436,,marker,,,0,,,,,0,desertification,oecd-crs-energy-vnm-2022-q-2026-09-28-md-21406436,oecd_crs_energy_microdata,1,2026-09-28,accepted,,
crs-flow-oecd-crs-energy-vnm-2022-q-2026-09-28-md-21749707,line,oecd-crs-energy-vnm-2022-q-2026-09-28-md-21749707,money,flow,disbursement,unknown,54906,,,USD,USD,,,oecd-crs-energy-vnm-2022-q-2026-09-28-md-21749707,oecd_crs_energy_microdata,1,2026-09-28,accepted,,"OECD Q value already in 2024 constant USD; UNIT_MULT applied, no FX or deflator rate applied"
crs-marker-biodiversity-oecd-crs-energy-vnm-2022-q-2026-09-28-md-21749707,line,oecd-crs-energy-vnm-2022-q-2026-09-28-md-21749707,,marker,,,0,,,,,0,biodiversity,oecd-crs-energy-vnm-2022-q-2026-09-28-md-21749707,oecd_crs_energy_microdata,1,2026-09-28,accepted,,
crs-marker-mitigation-oecd-crs-energy-vnm-2022-q-2026-09-28-md-21749707,line,oecd-crs-energy-vnm-2022-q-2026-09-28-md-21749707,,marker,,,1,,,,,1,mitigation,oecd-crs-energy-vnm-2022-q-2026-09-28-md-21749707,oecd_crs_energy_microdata,1,2026-09-28,accepted,,
crs-marker-adaptation-oecd-crs-energy-vnm-2022-q-2026-09-28-md-21749707,line,oecd-crs-energy-vnm-2022-q-2026-09-28-md-21749707,,marker,,,2,,,,,2,adaptation,oecd-crs-energy-vnm-2022-q-2026-09-28-md-21749707,oecd_crs_energy_microdata,1,2026-09-28,accepted,,
crs-marker-desertification-oecd-crs-energy-vnm-2022-q-2026-09-28-md-21749707,line,oecd-crs-energy-vnm-2022-q-2026-09-28-md-21749707,,marker,,,0,,,,,0,desertification,oecd-crs-energy-vnm-2022-q-2026-09-28-md-21749707,oecd_crs_energy_microdata,1,2026-09-28,accepted,,
crs-flow-oecd-crs-energy-vnm-2022-q-2026-09-28-md-21255655,line,oecd-crs-energy-vnm-2022-q-2026-09-28-md-21255655,money,flow,commitment,unknown,154913,,,USD,USD,,,oecd-crs-energy-vnm-2022-q-2026-09-28-md-21255655,oecd_crs_energy_microdata,1,2026-09-28,accepted,,"OECD Q value already in 2024 constant USD; UNIT_MULT applied, no FX or deflator rate applied"
crs-marker-biodiversity-oecd-crs-energy-vnm-2022-q-2026-09-28-md-21255655,line,oecd-crs-energy-vnm-2022-q-2026-09-28-md-21255655,,marker,,,0,,,,,0,biodiversity,oecd-crs-energy-vnm-2022-q-2026-09-28-md-21255655,oecd_crs_energy_microdata,1,2026-09-28,accepted,,
crs-marker-mitigation-oecd-crs-energy-vnm-2022-q-2026-09-28-md-21255655,line,oecd-crs-energy-vnm-2022-q-2026-09-28-md-21255655,,marker,,,1,,,,,1,mitigation,oecd-crs-energy-vnm-2022-q-2026-09-28-md-21255655,oecd_crs_energy_microdata,1,2026-09-28,accepted,,
crs-marker-adaptation-oecd-crs-energy-vnm-2022-q-2026-09-28-md-21255655,line,oecd-crs-energy-vnm-2022-q-2026-09-28-md-21255655,,marker,,,2,,,,,2,adaptation,oecd-crs-energy-vnm-2022-q-2026-09-28-md-21255655,oecd_crs_energy_microdata,1,2026-09-28,accepted,,
crs-marker-desertification-oecd-crs-energy-vnm-2022-q-2026-09-28-md-21255655,line,oecd-crs-energy-vnm-2022-q-2026-09-28-md-21255655,,marker,,,0,,,,,0,desertification,oecd-crs-energy-vnm-2022-q-2026-09-28-md-21255655,oecd_crs_energy_microdata,1,2026-09-28,accepted,,
crs-flow-oecd-crs-energy-vnm-2022-q-2026-09-28-md-21255971,line,oecd-crs-energy-vnm-2022-q-2026-09-28-md-21255971,money,flow,commitment,unknown,1032064,,,USD,USD,,,oecd-crs-energy-vnm-2022-q-2026-09-28-md-21255971,oecd_crs_energy_microdata,1,2026-09-28,accepted,,"OECD Q value already in 2024 constant USD; UNIT_MULT applied, no FX or deflator rate applied"
crs-marker-biodiversity-oecd-crs-energy-vnm-2022-q-2026-09-28-md-21255971,line,oecd-crs-energy-vnm-2022-q-2026-09-28-md-21255971,,marker,,,,,,,,not_screened,biodiversity,oecd-crs-energy-vnm-2022-q-2026-09-28-md-21255971,oecd_crs_energy_microdata,1,2026-09-28,accepted,,
crs-marker-mitigation-oecd-crs-energy-vnm-2022-q-2026-09-28-md-21255971,line,oecd-crs-energy-vnm-2022-q-2026-09-28-md-21255971,,marker,,,2,,,,,2,mitigation,oecd-crs-energy-vnm-2022-q-2026-09-28-md-21255971,oecd_crs_energy_microdata,1,2026-09-28,accepted,,
crs-marker-adaptation-oecd-crs-energy-vnm-2022-q-2026-09-28-md-21255971,line,oecd-crs-energy-vnm-2022-q-2026-09-28-md-21255971,,marker,,,,,,,,not_screened,adaptation,oecd-crs-energy-vnm-2022-q-2026-09-28-md-21255971,oecd_crs_energy_microdata,1,2026-09-28,accepted,,
crs-marker-desertification-oecd-crs-energy-vnm-2022-q-2026-09-28-md-21255971,line,oecd-crs-energy-vnm-2022-q-2026-09-28-md-21255971,,marker,,,,,,,,not_screened,desertification,oecd-crs-energy-vnm-2022-q-2026-09-28-md-21255971,oecd_crs_energy_microdata,1,2026-09-28,accepted,,
crs-flow-oecd-crs-energy-vnm-2022-q-2026-09-28-md-21387720,line,oecd-crs-energy-vnm-2022-q-2026-09-28-md-21387720,money,flow,commitment,unknown,48372922,,,USD,USD,,,oecd-crs-energy-vnm-2022-q-2026-09-28-md-21387720,oecd_crs_energy_microdata,1,2026-09-28,accepted,,"OECD Q value already in 2024 constant USD; UNIT_MULT applied, no FX or deflator rate applied"
crs-marker-biodiversity-oecd-crs-energy-vnm-2022-q-2026-09-28-md-21387720,line,oecd-crs-energy-vnm-2022-q-2026-09-28-md-21387720,,marker,,,,,,,,not_screened,biodiversity,oecd-crs-energy-vnm-2022-q-2026-09-28-md-21387720,oecd_crs_energy_microdata,1,2026-09-28,accepted,,
crs-marker-mitigation-oecd-crs-energy-vnm-2022-q-2026-09-28-md-21387720,line,oecd-crs-energy-vnm-2022-q-2026-09-28-md-21387720,,marker,,,,,,,,not_screened,mitigation,oecd-crs-energy-vnm-2022-q-2026-09-28-md-21387720,oecd_crs_energy_microdata,1,2026-09-28,accepted,,
crs-marker-adaptation-oecd-crs-energy-vnm-2022-q-2026-09-28-md-21387720,line,oecd-crs-energy-vnm-2022-q-2026-09-28-md-21387720,,marker,,,,,,,,not_screened,adaptation,oecd-crs-energy-vnm-2022-q-2026-09-28-md-21387720,oecd_crs_energy_microdata,1,2026-09-28,accepted,,
crs-marker-desertification-oecd-crs-energy-vnm-2022-q-2026-09-28-md-21387720,line,oecd-crs-energy-vnm-2022-q-2026-09-28-md-21387720,,marker,,,,,,,,not_screened,desertification,oecd-crs-energy-vnm-2022-q-2026-09-28-md-21387720,oecd_crs_energy_microdata,1,2026-09-28,accepted,,
crs-flow-oecd-crs-energy-vnm-2022-q-2026-09-28-md-21767374,line,oecd-crs-energy-vnm-2022-q-2026-09-28-md-21767374,money,flow,disbursement,unknown,37455917,,,USD,USD,,,oecd-crs-energy-vnm-2022-q-2026-09-28-md-21767374,oecd_crs_energy_microdata,1,2026-09-28,accepted,,"OECD Q value already in 2024 constant USD; UNIT_MULT applied, no FX or deflator rate applied"
crs-marker-biodiversity-oecd-crs-energy-vnm-2022-q-2026-09-28-md-21767374,line,oecd-crs-energy-vnm-2022-q-2026-09-28-md-21767374,,marker,,,,,,,,not_screened,biodiversity,oecd-crs-energy-vnm-2022-q-2026-09-28-md-21767374,oecd_crs_energy_microdata,1,2026-09-28,accepted,,
crs-marker-mitigation-oecd-crs-energy-vnm-2022-q-2026-09-28-md-21767374,line,oecd-crs-energy-vnm-2022-q-2026-09-28-md-21767374,,marker,,,,,,,,not_screened,mitigation,oecd-crs-energy-vnm-2022-q-2026-09-28-md-21767374,oecd_crs_energy_microdata,1,2026-09-28,accepted,,
crs-marker-adaptation-oecd-crs-energy-vnm-2022-q-2026-09-28-md-21767374,line,oecd-crs-energy-vnm-2022-q-2026-09-28-md-21767374,,marker,,,,,,,,not_screened,adaptation,oecd-crs-energy-vnm-2022-q-2026-09-28-md-21767374,oecd_crs_energy_microdata,1,2026-09-28,accepted,,
crs-marker-desertification-oecd-crs-energy-vnm-2022-q-2026-09-28-md-21767374,line,oecd-crs-energy-vnm-2022-q-2026-09-28-md-21767374,,marker,,,,,,,,not_screened,desertification,oecd-crs-energy-vnm-2022-q-2026-09-28-md-21767374,oecd_crs_energy_microdata,1,2026-09-28,accepted,,
crs-flow-oecd-crs-energy-vnm-2022-q-2026-09-28-md-21780874,line,oecd-crs-energy-vnm-2022-q-2026-09-28-md-21780874,money,flow,disbursement,unknown,68191,,,USD,USD,,,oecd-crs-energy-vnm-2022-q-2026-09-28-md-21780874,oecd_crs_energy_microdata,1,2026-09-28,accepted,,"OECD Q value already in 2024 constant USD; UNIT_MULT applied, no FX or deflator rate applied"
crs-marker-biodiversity-oecd-crs-energy-vnm-2022-q-2026-09-28-md-21780874,line,oecd-crs-energy-vnm-2022-q-2026-09-28-md-21780874,,marker,,,0,,,,,0,biodiversity,oecd-crs-energy-vnm-2022-q-2026-09-28-md-21780874,oecd_crs_energy_microdata,1,2026-09-28,accepted,,
crs-marker-mitigation-oecd-crs-energy-vnm-2022-q-2026-09-28-md-21780874,line,oecd-crs-energy-vnm-2022-q-2026-09-28-md-21780874,,marker,,,0,,,,,0,mitigation,oecd-crs-energy-vnm-2022-q-2026-09-28-md-21780874,oecd_crs_energy_microdata,1,2026-09-28,accepted,,
crs-marker-adaptation-oecd-crs-energy-vnm-2022-q-2026-09-28-md-21780874,line,oecd-crs-energy-vnm-2022-q-2026-09-28-md-21780874,,marker,,,0,,,,,0,adaptation,oecd-crs-energy-vnm-2022-q-2026-09-28-md-21780874,oecd_crs_energy_microdata,1,2026-09-28,accepted,,
crs-marker-desertification-oecd-crs-energy-vnm-2022-q-2026-09-28-md-21780874,line,oecd-crs-energy-vnm-2022-q-2026-09-28-md-21780874,,marker,,,0,,,,,0,desertification,oecd-crs-energy-vnm-2022-q-2026-09-28-md-21780874,oecd_crs_energy_microdata,1,2026-09-28,accepted,,
crs-flow-oecd-crs-energy-vnm-2022-q-2026-09-28-md-21275532,line,oecd-crs-energy-vnm-2022-q-2026-09-28-md-21275532,money,flow,commitment,unknown,68191,,,USD,USD,,,oecd-crs-energy-vnm-2022-q-2026-09-28-md-21275532,oecd_crs_energy_microdata,1,2026-09-28,accepted,,"OECD Q value already in 2024 constant USD; UNIT_MULT applied, no FX or deflator rate applied"
crs-marker-biodiversity-oecd-crs-energy-vnm-2022-q-2026-09-28-md-21275532,line,oecd-crs-energy-vnm-2022-q-2026-09-28-md-21275532,,marker,,,0,,,,,0,biodiversity,oecd-crs-energy-vnm-2022-q-2026-09-28-md-21275532,oecd_crs_energy_microdata,1,2026-09-28,accepted,,
crs-marker-mitigation-oecd-crs-energy-vnm-2022-q-2026-09-28-md-21275532,line,oecd-crs-energy-vnm-2022-q-2026-09-28-md-21275532,,marker,,,0,,,,,0,mitigation,oecd-crs-energy-vnm-2022-q-2026-09-28-md-21275532,oecd_crs_energy_microdata,1,2026-09-28,accepted,,
crs-marker-adaptation-oecd-crs-energy-vnm-2022-q-2026-09-28-md-21275532,line,oecd-crs-energy-vnm-2022-q-2026-09-28-md-21275532,,marker,,,0,,,,,0,adaptation,oecd-crs-energy-vnm-2022-q-2026-09-28-md-21275532,oecd_crs_energy_microdata,1,2026-09-28,accepted,,
crs-marker-desertification-oecd-crs-energy-vnm-2022-q-2026-09-28-md-21275532,line,oecd-crs-energy-vnm-2022-q-2026-09-28-md-21275532,,marker,,,0,,,,,0,desertification,oecd-crs-energy-vnm-2022-q-2026-09-28-md-21275532,oecd_crs_energy_microdata,1,2026-09-28,accepted,,
crs-flow-oecd-crs-energy-vnm-2022-q-2026-09-28-md-21778709,line,oecd-crs-energy-vnm-2022-q-2026-09-28-md-21778709,money,flow,disbursement,unknown,1284975,,,USD,USD,,,oecd-crs-energy-vnm-2022-q-2026-09-28-md-21778709,oecd_crs_energy_microdata,1,2026-09-28,accepted,,"OECD Q value already in 2024 constant USD; UNIT_MULT applied, no FX or deflator rate applied"
crs-marker-biodiversity-oecd-crs-energy-vnm-2022-q-2026-09-28-md-21778709,line,oecd-crs-energy-vnm-2022-q-2026-09-28-md-21778709,,marker,,,0,,,,,0,biodiversity,oecd-crs-energy-vnm-2022-q-2026-09-28-md-21778709,oecd_crs_energy_microdata,1,2026-09-28,accepted,,
crs-marker-mitigation-oecd-crs-energy-vnm-2022-q-2026-09-28-md-21778709,line,oecd-crs-energy-vnm-2022-q-2026-09-28-md-21778709,,marker,,,1,,,,,1,mitigation,oecd-crs-energy-vnm-2022-q-2026-09-28-md-21778709,oecd_crs_energy_microdata,1,2026-09-28,accepted,,
crs-marker-adaptation-oecd-crs-energy-vnm-2022-q-2026-09-28-md-21778709,line,oecd-crs-energy-vnm-2022-q-2026-09-28-md-21778709,,marker,,,0,,,,,0,adaptation,oecd-crs-energy-vnm-2022-q-2026-09-28-md-21778709,oecd_crs_energy_microdata,1,2026-09-28,accepted,,
crs-marker-desertification-oecd-crs-energy-vnm-2022-q-2026-09-28-md-21778709,line,oecd-crs-energy-vnm-2022-q-2026-09-28-md-21778709,,marker,,,0,,,,,0,desertification,oecd-crs-energy-vnm-2022-q-2026-09-28-md-21778709,oecd_crs_energy_microdata,1,2026-09-28,accepted,,
crs-flow-oecd-crs-energy-vnm-2022-q-2026-09-28-md-21778729,line,oecd-crs-energy-vnm-2022-q-2026-09-28-md-21778729,money,flow,disbursement,unknown,52002,,,USD,USD,,,oecd-crs-energy-vnm-2022-q-2026-09-28-md-21778729,oecd_crs_energy_microdata,1,2026-09-28,accepted,,"OECD Q value already in 2024 constant USD; UNIT_MULT applied, no FX or deflator rate applied"
crs-marker-biodiversity-oecd-crs-energy-vnm-2022-q-2026-09-28-md-21778729,line,oecd-crs-energy-vnm-2022-q-2026-09-28-md-21778729,,marker,,,0,,,,,0,biodiversity,oecd-crs-energy-vnm-2022-q-2026-09-28-md-21778729,oecd_crs_energy_microdata,1,2026-09-28,accepted,,
crs-marker-mitigation-oecd-crs-energy-vnm-2022-q-2026-09-28-md-21778729,line,oecd-crs-energy-vnm-2022-q-2026-09-28-md-21778729,,marker,,,2,,,,,2,mitigation,oecd-crs-energy-vnm-2022-q-2026-09-28-md-21778729,oecd_crs_energy_microdata,1,2026-09-28,accepted,,
crs-marker-adaptation-oecd-crs-energy-vnm-2022-q-2026-09-28-md-21778729,line,oecd-crs-energy-vnm-2022-q-2026-09-28-md-21778729,,marker,,,0,,,,,0,adaptation,oecd-crs-energy-vnm-2022-q-2026-09-28-md-21778729,oecd_crs_energy_microdata,1,2026-09-28,accepted,,
crs-marker-desertification-oecd-crs-energy-vnm-2022-q-2026-09-28-md-21778729,line,oecd-crs-energy-vnm-2022-q-2026-09-28-md-21778729,,marker,,,0,,,,,0,desertification,oecd-crs-energy-vnm-2022-q-2026-09-28-md-21778729,oecd_crs_energy_microdata,1,2026-09-28,accepted,,
crs-flow-oecd-crs-energy-vnm-2022-q-2026-09-28-md-21780471,line,oecd-crs-energy-vnm-2022-q-2026-09-28-md-21780471,money,flow,disbursement,unknown,210269,,,USD,USD,,,oecd-crs-energy-vnm-2022-q-2026-09-28-md-21780471,oecd_crs_energy_microdata,1,2026-09-28,accepted,,"OECD Q value already in 2024 constant USD; UNIT_MULT applied, no FX or deflator rate applied"
crs-marker-biodiversity-oecd-crs-energy-vnm-2022-q-2026-09-28-md-21780471,line,oecd-crs-energy-vnm-2022-q-2026-09-28-md-21780471,,marker,,,0,,,,,0,biodiversity,oecd-crs-energy-vnm-2022-q-2026-09-28-md-21780471,oecd_crs_energy_microdata,1,2026-09-28,accepted,,
crs-marker-mitigation-oecd-crs-energy-vnm-2022-q-2026-09-28-md-21780471,line,oecd-crs-energy-vnm-2022-q-2026-09-28-md-21780471,,marker,,,1,,,,,1,mitigation,oecd-crs-energy-vnm-2022-q-2026-09-28-md-21780471,oecd_crs_energy_microdata,1,2026-09-28,accepted,,
crs-marker-adaptation-oecd-crs-energy-vnm-2022-q-2026-09-28-md-21780471,line,oecd-crs-energy-vnm-2022-q-2026-09-28-md-21780471,,marker,,,0,,,,,0,adaptation,oecd-crs-energy-vnm-2022-q-2026-09-28-md-21780471,oecd_crs_energy_microdata,1,2026-09-28,accepted,,
crs-marker-desertification-oecd-crs-energy-vnm-2022-q-2026-09-28-md-21780471,line,oecd-crs-energy-vnm-2022-q-2026-09-28-md-21780471,,marker,,,,,,,,not_screened,desertification,oecd-crs-energy-vnm-2022-q-2026-09-28-md-21780471,oecd_crs_energy_microdata,1,2026-09-28,accepted,,
crs-flow-oecd-crs-energy-vnm-2022-q-2026-09-28-md-21044240,line,oecd-crs-energy-vnm-2022-q-2026-09-28-md-21044240,money,flow,disbursement,unknown,115239673,,,USD,USD,,,oecd-crs-energy-vnm-2022-q-2026-09-28-md-21044240,oecd_crs_energy_microdata,1,2026-09-28,accepted,,"OECD Q value already in 2024 constant USD; UNIT_MULT applied, no FX or deflator rate applied"
crs-marker-biodiversity-oecd-crs-energy-vnm-2022-q-2026-09-28-md-21044240,line,oecd-crs-energy-vnm-2022-q-2026-09-28-md-21044240,,marker,,,,,,,,not_screened,biodiversity,oecd-crs-energy-vnm-2022-q-2026-09-28-md-21044240,oecd_crs_energy_microdata,1,2026-09-28,accepted,,
crs-marker-mitigation-oecd-crs-energy-vnm-2022-q-2026-09-28-md-21044240,line,oecd-crs-energy-vnm-2022-q-2026-09-28-md-21044240,,marker,,,,,,,,not_screened,mitigation,oecd-crs-energy-vnm-2022-q-2026-09-28-md-21044240,oecd_crs_energy_microdata,1,2026-09-28,accepted,,
crs-marker-adaptation-oecd-crs-energy-vnm-2022-q-2026-09-28-md-21044240,line,oecd-crs-energy-vnm-2022-q-2026-09-28-md-21044240,,marker,,,,,,,,not_screened,adaptation,oecd-crs-energy-vnm-2022-q-2026-09-28-md-21044240,oecd_crs_energy_microdata,1,2026-09-28,accepted,,
crs-marker-desertification-oecd-crs-energy-vnm-2022-q-2026-09-28-md-21044240,line,oecd-crs-energy-vnm-2022-q-2026-09-28-md-21044240,,marker,,,,,,,,not_screened,desertification,oecd-crs-energy-vnm-2022-q-2026-09-28-md-21044240,oecd_crs_energy_microdata,1,2026-09-28,accepted,,
crs-flow-oecd-crs-energy-vnm-2022-q-2026-09-28-md-21781532,line,oecd-crs-energy-vnm-2022-q-2026-09-28-md-21781532,money,flow,disbursement,unknown,133774,,,USD,USD,,,oecd-crs-energy-vnm-2022-q-2026-09-28-md-21781532,oecd_crs_energy_microdata,1,2026-09-28,accepted,,"OECD Q value already in 2024 constant USD; UNIT_MULT applied, no FX or deflator rate applied"
crs-marker-biodiversity-oecd-crs-energy-vnm-2022-q-2026-09-28-md-21781532,line,oecd-crs-energy-vnm-2022-q-2026-09-28-md-21781532,,marker,,,0,,,,,0,biodiversity,oecd-crs-energy-vnm-2022-q-2026-09-28-md-21781532,oecd_crs_energy_microdata,1,2026-09-28,accepted,,
crs-marker-mitigation-oecd-crs-energy-vnm-2022-q-2026-09-28-md-21781532,line,oecd-crs-energy-vnm-2022-q-2026-09-28-md-21781532,,marker,,,2,,,,,2,mitigation,oecd-crs-energy-vnm-2022-q-2026-09-28-md-21781532,oecd_crs_energy_microdata,1,2026-09-28,accepted,,
crs-marker-adaptation-oecd-crs-energy-vnm-2022-q-2026-09-28-md-21781532,line,oecd-crs-energy-vnm-2022-q-2026-09-28-md-21781532,,marker,,,1,,,,,1,adaptation,oecd-crs-energy-vnm-2022-q-2026-09-28-md-21781532,oecd_crs_energy_microdata,1,2026-09-28,accepted,,
crs-marker-desertification-oecd-crs-energy-vnm-2022-q-2026-09-28-md-21781532,line,oecd-crs-energy-vnm-2022-q-2026-09-28-md-21781532,,marker,,,0,,,,,0,desertification,oecd-crs-energy-vnm-2022-q-2026-09-28-md-21781532,oecd_crs_energy_microdata,1,2026-09-28,accepted,,
crs-flow-oecd-crs-energy-vnm-2022-q-2026-09-28-md-21277132,line,oecd-crs-energy-vnm-2022-q-2026-09-28-md-21277132,money,flow,commitment,unknown,267004,,,USD,USD,,,oecd-crs-energy-vnm-2022-q-2026-09-28-md-21277132,oecd_crs_energy_microdata,1,2026-09-28,accepted,,"OECD Q value already in 2024 constant USD; UNIT_MULT applied, no FX or deflator rate applied"
crs-marker-biodiversity-oecd-crs-energy-vnm-2022-q-2026-09-28-md-21277132,line,oecd-crs-energy-vnm-2022-q-2026-09-28-md-21277132,,marker,,,0,,,,,0,biodiversity,oecd-crs-energy-vnm-2022-q-2026-09-28-md-21277132,oecd_crs_energy_microdata,1,2026-09-28,accepted,,
crs-marker-mitigation-oecd-crs-energy-vnm-2022-q-2026-09-28-md-21277132,line,oecd-crs-energy-vnm-2022-q-2026-09-28-md-21277132,,marker,,,2,,,,,2,mitigation,oecd-crs-energy-vnm-2022-q-2026-09-28-md-21277132,oecd_crs_energy_microdata,1,2026-09-28,accepted,,
crs-marker-adaptation-oecd-crs-energy-vnm-2022-q-2026-09-28-md-21277132,line,oecd-crs-energy-vnm-2022-q-2026-09-28-md-21277132,,marker,,,1,,,,,1,adaptation,oecd-crs-energy-vnm-2022-q-2026-09-28-md-21277132,oecd_crs_energy_microdata,1,2026-09-28,accepted,,
crs-marker-desertification-oecd-crs-energy-vnm-2022-q-2026-09-28-md-21277132,line,oecd-crs-energy-vnm-2022-q-2026-09-28-md-21277132,,marker,,,0,,,,,0,desertification,oecd-crs-energy-vnm-2022-q-2026-09-28-md-21277132,oecd_crs_energy_microdata,1,2026-09-28,accepted,,
crs-flow-oecd-crs-energy-vnm-2022-q-2026-09-28-md-21823422,line,oecd-crs-energy-vnm-2022-q-2026-09-28-md-21823422,money,flow,disbursement,unknown,569975,,,USD,USD,,,oecd-crs-energy-vnm-2022-q-2026-09-28-md-21823422,oecd_crs_energy_microdata,1,2026-09-28,accepted,,"OECD Q value already in 2024 constant USD; UNIT_MULT applied, no FX or deflator rate applied"
crs-marker-biodiversity-oecd-crs-energy-vnm-2022-q-2026-09-28-md-21823422,line,oecd-crs-energy-vnm-2022-q-2026-09-28-md-21823422,,marker,,,0,,,,,0,biodiversity,oecd-crs-energy-vnm-2022-q-2026-09-28-md-21823422,oecd_crs_energy_microdata,1,2026-09-28,accepted,,
crs-marker-mitigation-oecd-crs-energy-vnm-2022-q-2026-09-28-md-21823422,line,oecd-crs-energy-vnm-2022-q-2026-09-28-md-21823422,,marker,,,0,,,,,0,mitigation,oecd-crs-energy-vnm-2022-q-2026-09-28-md-21823422,oecd_crs_energy_microdata,1,2026-09-28,accepted,,
crs-marker-adaptation-oecd-crs-energy-vnm-2022-q-2026-09-28-md-21823422,line,oecd-crs-energy-vnm-2022-q-2026-09-28-md-21823422,,marker,,,0,,,,,0,adaptation,oecd-crs-energy-vnm-2022-q-2026-09-28-md-21823422,oecd_crs_energy_microdata,1,2026-09-28,accepted,,
crs-marker-desertification-oecd-crs-energy-vnm-2022-q-2026-09-28-md-21823422,line,oecd-crs-energy-vnm-2022-q-2026-09-28-md-21823422,,marker,,,0,,,,,0,desertification,oecd-crs-energy-vnm-2022-q-2026-09-28-md-21823422,oecd_crs_energy_microdata,1,2026-09-28,accepted,,
crs-flow-oecd-crs-energy-vnm-2022-q-2026-09-28-md-21823481,line,oecd-crs-energy-vnm-2022-q-2026-09-28-md-21823481,money,flow,disbursement,unknown,146328,,,USD,USD,,,oecd-crs-energy-vnm-2022-q-2026-09-28-md-21823481,oecd_crs_energy_microdata,1,2026-09-28,accepted,,"OECD Q value already in 2024 constant USD; UNIT_MULT applied, no FX or deflator rate applied"
crs-marker-biodiversity-oecd-crs-energy-vnm-2022-q-2026-09-28-md-21823481,line,oecd-crs-energy-vnm-2022-q-2026-09-28-md-21823481,,marker,,,0,,,,,0,biodiversity,oecd-crs-energy-vnm-2022-q-2026-09-28-md-21823481,oecd_crs_energy_microdata,1,2026-09-28,accepted,,
crs-marker-mitigation-oecd-crs-energy-vnm-2022-q-2026-09-28-md-21823481,line,oecd-crs-energy-vnm-2022-q-2026-09-28-md-21823481,,marker,,,0,,,,,0,mitigation,oecd-crs-energy-vnm-2022-q-2026-09-28-md-21823481,oecd_crs_energy_microdata,1,2026-09-28,accepted,,
crs-marker-adaptation-oecd-crs-energy-vnm-2022-q-2026-09-28-md-21823481,line,oecd-crs-energy-vnm-2022-q-2026-09-28-md-21823481,,marker,,,0,,,,,0,adaptation,oecd-crs-energy-vnm-2022-q-2026-09-28-md-21823481,oecd_crs_energy_microdata,1,2026-09-28,accepted,,
crs-marker-desertification-oecd-crs-energy-vnm-2022-q-2026-09-28-md-21823481,line,oecd-crs-energy-vnm-2022-q-2026-09-28-md-21823481,,marker,,,0,,,,,0,desertification,oecd-crs-energy-vnm-2022-q-2026-09-28-md-21823481,oecd_crs_energy_microdata,1,2026-09-28,accepted,,
crs-flow-oecd-crs-energy-vnm-2022-q-2026-09-28-md-21839898,line,oecd-crs-energy-vnm-2022-q-2026-09-28-md-21839898,money,flow,disbursement,unknown,66174,,,USD,USD,,,oecd-crs-energy-vnm-2022-q-2026-09-28-md-21839898,oecd_crs_energy_microdata,1,2026-09-28,accepted,,"OECD Q value already in 2024 constant USD; UNIT_MULT applied, no FX or deflator rate applied"
crs-marker-biodiversity-oecd-crs-energy-vnm-2022-q-2026-09-28-md-21839898,line,oecd-crs-energy-vnm-2022-q-2026-09-28-md-21839898,,marker,,,0,,,,,0,biodiversity,oecd-crs-energy-vnm-2022-q-2026-09-28-md-21839898,oecd_crs_energy_microdata,1,2026-09-28,accepted,,
crs-marker-mitigation-oecd-crs-energy-vnm-2022-q-2026-09-28-md-21839898,line,oecd-crs-energy-vnm-2022-q-2026-09-28-md-21839898,,marker,,,2,,,,,2,mitigation,oecd-crs-energy-vnm-2022-q-2026-09-28-md-21839898,oecd_crs_energy_microdata,1,2026-09-28,accepted,,
crs-marker-adaptation-oecd-crs-energy-vnm-2022-q-2026-09-28-md-21839898,line,oecd-crs-energy-vnm-2022-q-2026-09-28-md-21839898,,marker,,,0,,,,,0,adaptation,oecd-crs-energy-vnm-2022-q-2026-09-28-md-21839898,oecd_crs_energy_microdata,1,2026-09-28,accepted,,
crs-marker-desertification-oecd-crs-energy-vnm-2022-q-2026-09-28-md-21839898,line,oecd-crs-energy-vnm-2022-q-2026-09-28-md-21839898,,marker,,,0,,,,,0,desertification,oecd-crs-energy-vnm-2022-q-2026-09-28-md-21839898,oecd_crs_energy_microdata,1,2026-09-28,accepted,,
crs-flow-oecd-crs-energy-vnm-2022-q-2026-09-28-md-21831792,line,oecd-crs-energy-vnm-2022-q-2026-09-28-md-21831792,money,flow,disbursement,unknown,3235,,,USD,USD,,,oecd-crs-energy-vnm-2022-q-2026-09-28-md-21831792,oecd_crs_energy_microdata,1,2026-09-28,accepted,,"OECD Q value already in 2024 constant USD; UNIT_MULT applied, no FX or deflator rate applied"
crs-marker-biodiversity-oecd-crs-energy-vnm-2022-q-2026-09-28-md-21831792,line,oecd-crs-energy-vnm-2022-q-2026-09-28-md-21831792,,marker,,,0,,,,,0,biodiversity,oecd-crs-energy-vnm-2022-q-2026-09-28-md-21831792,oecd_crs_energy_microdata,1,2026-09-28,accepted,,
crs-marker-mitigation-oecd-crs-energy-vnm-2022-q-2026-09-28-md-21831792,line,oecd-crs-energy-vnm-2022-q-2026-09-28-md-21831792,,marker,,,0,,,,,0,mitigation,oecd-crs-energy-vnm-2022-q-2026-09-28-md-21831792,oecd_crs_energy_microdata,1,2026-09-28,accepted,,
crs-marker-adaptation-oecd-crs-energy-vnm-2022-q-2026-09-28-md-21831792,line,oecd-crs-energy-vnm-2022-q-2026-09-28-md-21831792,,marker,,,0,,,,,0,adaptation,oecd-crs-energy-vnm-2022-q-2026-09-28-md-21831792,oecd_crs_energy_microdata,1,2026-09-28,accepted,,
crs-marker-desertification-oecd-crs-energy-vnm-2022-q-2026-09-28-md-21831792,line,oecd-crs-energy-vnm-2022-q-2026-09-28-md-21831792,,marker,,,0,,,,,0,desertification,oecd-crs-energy-vnm-2022-q-2026-09-28-md-21831792,oecd_crs_energy_microdata,1,2026-09-28,accepted,,
crs-flow-oecd-crs-energy-vnm-2022-q-2026-09-28-md-20982826,line,oecd-crs-energy-vnm-2022-q-2026-09-28-md-20982826,money,flow,disbursement,unknown,7523,,,USD,USD,,,oecd-crs-energy-vnm-2022-q-2026-09-28-md-20982826,oecd_crs_energy_microdata,1,2026-09-28,accepted,,"OECD Q value already in 2024 constant USD; UNIT_MULT applied, no FX or deflator rate applied"
crs-marker-biodiversity-oecd-crs-energy-vnm-2022-q-2026-09-28-md-20982826,line,oecd-crs-energy-vnm-2022-q-2026-09-28-md-20982826,,marker,,,1,,,,,1,biodiversity,oecd-crs-energy-vnm-2022-q-2026-09-28-md-20982826,oecd_crs_energy_microdata,1,2026-09-28,accepted,,
crs-marker-mitigation-oecd-crs-energy-vnm-2022-q-2026-09-28-md-20982826,line,oecd-crs-energy-vnm-2022-q-2026-09-28-md-20982826,,marker,,,0,,,,,0,mitigation,oecd-crs-energy-vnm-2022-q-2026-09-28-md-20982826,oecd_crs_energy_microdata,1,2026-09-28,accepted,,
crs-marker-adaptation-oecd-crs-energy-vnm-2022-q-2026-09-28-md-20982826,line,oecd-crs-energy-vnm-2022-q-2026-09-28-md-20982826,,marker,,,0,,,,,0,adaptation,oecd-crs-energy-vnm-2022-q-2026-09-28-md-20982826,oecd_crs_energy_microdata,1,2026-09-28,accepted,,
crs-marker-desertification-oecd-crs-energy-vnm-2022-q-2026-09-28-md-20982826,line,oecd-crs-energy-vnm-2022-q-2026-09-28-md-20982826,,marker,,,0,,,,,0,desertification,oecd-crs-energy-vnm-2022-q-2026-09-28-md-20982826,oecd_crs_energy_microdata,1,2026-09-28,accepted,,
crs-flow-oecd-crs-energy-vnm-2022-q-2026-09-28-md-21394096,line,oecd-crs-energy-vnm-2022-q-2026-09-28-md-21394096,money,flow,commitment,unknown,7523,,,USD,USD,,,oecd-crs-energy-vnm-2022-q-2026-09-28-md-21394096,oecd_crs_energy_microdata,1,2026-09-28,accepted,,"OECD Q value already in 2024 constant USD; UNIT_MULT applied, no FX or deflator rate applied"
crs-marker-biodiversity-oecd-crs-energy-vnm-2022-q-2026-09-28-md-21394096,line,oecd-crs-energy-vnm-2022-q-2026-09-28-md-21394096,,marker,,,1,,,,,1,biodiversity,oecd-crs-energy-vnm-2022-q-2026-09-28-md-21394096,oecd_crs_energy_microdata,1,2026-09-28,accepted,,
crs-marker-mitigation-oecd-crs-energy-vnm-2022-q-2026-09-28-md-21394096,line,oecd-crs-energy-vnm-2022-q-2026-09-28-md-21394096,,marker,,,0,,,,,0,mitigation,oecd-crs-energy-vnm-2022-q-2026-09-28-md-21394096,oecd_crs_energy_microdata,1,2026-09-28,accepted,,
crs-marker-adaptation-oecd-crs-energy-vnm-2022-q-2026-09-28-md-21394096,line,oecd-crs-energy-vnm-2022-q-2026-09-28-md-21394096,,marker,,,0,,,,,0,adaptation,oecd-crs-energy-vnm-2022-q-2026-09-28-md-21394096,oecd_crs_energy_microdata,1,2026-09-28,accepted,,
crs-marker-desertification-oecd-crs-energy-vnm-2022-q-2026-09-28-md-21394096,line,oecd-crs-energy-vnm-2022-q-2026-09-28-md-21394096,,marker,,,0,,,,,0,desertification,oecd-crs-energy-vnm-2022-q-2026-09-28-md-21394096,oecd_crs_energy_microdata,1,2026-09-28,accepted,,
crs-flow-oecd-crs-energy-vnm-2022-q-2026-09-28-md-21324423,line,oecd-crs-energy-vnm-2022-q-2026-09-28-md-21324423,money,flow,commitment,unknown,3235,,,USD,USD,,,oecd-crs-energy-vnm-2022-q-2026-09-28-md-21324423,oecd_crs_energy_microdata,1,2026-09-28,accepted,,"OECD Q value already in 2024 constant USD; UNIT_MULT applied, no FX or deflator rate applied"
crs-marker-biodiversity-oecd-crs-energy-vnm-2022-q-2026-09-28-md-21324423,line,oecd-crs-energy-vnm-2022-q-2026-09-28-md-21324423,,marker,,,0,,,,,0,biodiversity,oecd-crs-energy-vnm-2022-q-2026-09-28-md-21324423,oecd_crs_energy_microdata,1,2026-09-28,accepted,,
crs-marker-mitigation-oecd-crs-energy-vnm-2022-q-2026-09-28-md-21324423,line,oecd-crs-energy-vnm-2022-q-2026-09-28-md-21324423,,marker,,,0,,,,,0,mitigation,oecd-crs-energy-vnm-2022-q-2026-09-28-md-21324423,oecd_crs_energy_microdata,1,2026-09-28,accepted,,
crs-marker-adaptation-oecd-crs-energy-vnm-2022-q-2026-09-28-md-21324423,line,oecd-crs-energy-vnm-2022-q-2026-09-28-md-21324423,,marker,,,0,,,,,0,adaptation,oecd-crs-energy-vnm-2022-q-2026-09-28-md-21324423,oecd_crs_energy_microdata,1,2026-09-28,accepted,,
crs-marker-desertification-oecd-crs-energy-vnm-2022-q-2026-09-28-md-21324423,line,oecd-crs-energy-vnm-2022-q-2026-09-28-md-21324423,,marker,,,0,,,,,0,desertification,oecd-crs-energy-vnm-2022-q-2026-09-28-md-21324423,oecd_crs_energy_microdata,1,2026-09-28,accepted,,
crs-flow-oecd-crs-energy-vnm-2022-q-2026-09-28-md-21828237,line,oecd-crs-energy-vnm-2022-q-2026-09-28-md-21828237,money,flow,disbursement,unknown,453,,,USD,USD,,,oecd-crs-energy-vnm-2022-q-2026-09-28-md-21828237,oecd_crs_energy_microdata,1,2026-09-28,accepted,,"OECD Q value already in 2024 constant USD; UNIT_MULT applied, no FX or deflator rate applied"
crs-marker-biodiversity-oecd-crs-energy-vnm-2022-q-2026-09-28-md-21828237,line,oecd-crs-energy-vnm-2022-q-2026-09-28-md-21828237,,marker,,,,,,,,not_screened,biodiversity,oecd-crs-energy-vnm-2022-q-2026-09-28-md-21828237,oecd_crs_energy_microdata,1,2026-09-28,accepted,,
crs-marker-mitigation-oecd-crs-energy-vnm-2022-q-2026-09-28-md-21828237,line,oecd-crs-energy-vnm-2022-q-2026-09-28-md-21828237,,marker,,,2,,,,,2,mitigation,oecd-crs-energy-vnm-2022-q-2026-09-28-md-21828237,oecd_crs_energy_microdata,1,2026-09-28,accepted,,
crs-marker-adaptation-oecd-crs-energy-vnm-2022-q-2026-09-28-md-21828237,line,oecd-crs-energy-vnm-2022-q-2026-09-28-md-21828237,,marker,,,0,,,,,0,adaptation,oecd-crs-energy-vnm-2022-q-2026-09-28-md-21828237,oecd_crs_energy_microdata,1,2026-09-28,accepted,,
crs-marker-desertification-oecd-crs-energy-vnm-2022-q-2026-09-28-md-21828237,line,oecd-crs-energy-vnm-2022-q-2026-09-28-md-21828237,,marker,,,0,,,,,0,desertification,oecd-crs-energy-vnm-2022-q-2026-09-28-md-21828237,oecd_crs_energy_microdata,1,2026-09-28,accepted,,
crs-flow-oecd-crs-energy-vnm-2022-q-2026-09-28-md-21319095,line,oecd-crs-energy-vnm-2022-q-2026-09-28-md-21319095,money,flow,commitment,unknown,453,,,USD,USD,,,oecd-crs-energy-vnm-2022-q-2026-09-28-md-21319095,oecd_crs_energy_microdata,1,2026-09-28,accepted,,"OECD Q value already in 2024 constant USD; UNIT_MULT applied, no FX or deflator rate applied"
crs-marker-biodiversity-oecd-crs-energy-vnm-2022-q-2026-09-28-md-21319095,line,oecd-crs-energy-vnm-2022-q-2026-09-28-md-21319095,,marker,,,,,,,,not_screened,biodiversity,oecd-crs-energy-vnm-2022-q-2026-09-28-md-21319095,oecd_crs_energy_microdata,1,2026-09-28,accepted,,
crs-marker-mitigation-oecd-crs-energy-vnm-2022-q-2026-09-28-md-21319095,line,oecd-crs-energy-vnm-2022-q-2026-09-28-md-21319095,,marker,,,2,,,,,2,mitigation,oecd-crs-energy-vnm-2022-q-2026-09-28-md-21319095,oecd_crs_energy_microdata,1,2026-09-28,accepted,,
crs-marker-adaptation-oecd-crs-energy-vnm-2022-q-2026-09-28-md-21319095,line,oecd-crs-energy-vnm-2022-q-2026-09-28-md-21319095,,marker,,,0,,,,,0,adaptation,oecd-crs-energy-vnm-2022-q-2026-09-28-md-21319095,oecd_crs_energy_microdata,1,2026-09-28,accepted,,
crs-marker-desertification-oecd-crs-energy-vnm-2022-q-2026-09-28-md-21319095,line,oecd-crs-energy-vnm-2022-q-2026-09-28-md-21319095,,marker,,,0,,,,,0,desertification,oecd-crs-energy-vnm-2022-q-2026-09-28-md-21319095,oecd_crs_energy_microdata,1,2026-09-28,accepted,,
crs-flow-oecd-crs-energy-vnm-2022-q-2026-09-28-md-21328940,line,oecd-crs-energy-vnm-2022-q-2026-09-28-md-21328940,money,flow,commitment,unknown,3203,,,USD,USD,,,oecd-crs-energy-vnm-2022-q-2026-09-28-md-21328940,oecd_crs_energy_microdata,1,2026-09-28,accepted,,"OECD Q value already in 2024 constant USD; UNIT_MULT applied, no FX or deflator rate applied"
crs-marker-biodiversity-oecd-crs-energy-vnm-2022-q-2026-09-28-md-21328940,line,oecd-crs-energy-vnm-2022-q-2026-09-28-md-21328940,,marker,,,,,,,,not_screened,biodiversity,oecd-crs-energy-vnm-2022-q-2026-09-28-md-21328940,oecd_crs_energy_microdata,1,2026-09-28,accepted,,
crs-marker-mitigation-oecd-crs-energy-vnm-2022-q-2026-09-28-md-21328940,line,oecd-crs-energy-vnm-2022-q-2026-09-28-md-21328940,,marker,,,0,,,,,0,mitigation,oecd-crs-energy-vnm-2022-q-2026-09-28-md-21328940,oecd_crs_energy_microdata,1,2026-09-28,accepted,,
crs-marker-adaptation-oecd-crs-energy-vnm-2022-q-2026-09-28-md-21328940,line,oecd-crs-energy-vnm-2022-q-2026-09-28-md-21328940,,marker,,,0,,,,,0,adaptation,oecd-crs-energy-vnm-2022-q-2026-09-28-md-21328940,oecd_crs_energy_microdata,1,2026-09-28,accepted,,
crs-marker-desertification-oecd-crs-energy-vnm-2022-q-2026-09-28-md-21328940,line,oecd-crs-energy-vnm-2022-q-2026-09-28-md-21328940,,marker,,,,,,,,not_screened,desertification,oecd-crs-energy-vnm-2022-q-2026-09-28-md-21328940,oecd_crs_energy_microdata,1,2026-09-28,accepted,,
crs-flow-oecd-crs-energy-vnm-2022-q-2026-09-28-md-21328941,line,oecd-crs-energy-vnm-2022-q-2026-09-28-md-21328941,money,flow,commitment,unknown,4118,,,USD,USD,,,oecd-crs-energy-vnm-2022-q-2026-09-28-md-21328941,oecd_crs_energy_microdata,1,2026-09-28,accepted,,"OECD Q value already in 2024 constant USD; UNIT_MULT applied, no FX or deflator rate applied"
crs-marker-biodiversity-oecd-crs-energy-vnm-2022-q-2026-09-28-md-21328941,line,oecd-crs-energy-vnm-2022-q-2026-09-28-md-21328941,,marker,,,,,,,,not_screened,biodiversity,oecd-crs-energy-vnm-2022-q-2026-09-28-md-21328941,oecd_crs_energy_microdata,1,2026-09-28,accepted,,
crs-marker-mitigation-oecd-crs-energy-vnm-2022-q-2026-09-28-md-21328941,line,oecd-crs-energy-vnm-2022-q-2026-09-28-md-21328941,,marker,,,0,,,,,0,mitigation,oecd-crs-energy-vnm-2022-q-2026-09-28-md-21328941,oecd_crs_energy_microdata,1,2026-09-28,accepted,,
crs-marker-adaptation-oecd-crs-energy-vnm-2022-q-2026-09-28-md-21328941,line,oecd-crs-energy-vnm-2022-q-2026-09-28-md-21328941,,marker,,,0,,,,,0,adaptation,oecd-crs-energy-vnm-2022-q-2026-09-28-md-21328941,oecd_crs_energy_microdata,1,2026-09-28,accepted,,
crs-marker-desertification-oecd-crs-energy-vnm-2022-q-2026-09-28-md-21328941,line,oecd-crs-energy-vnm-2022-q-2026-09-28-md-21328941,,marker,,,,,,,,not_screened,desertification,oecd-crs-energy-vnm-2022-q-2026-09-28-md-21328941,oecd_crs_energy_microdata,1,2026-09-28,accepted,,
crs-flow-oecd-crs-energy-vnm-2022-q-2026-09-28-md-21835170,line,oecd-crs-energy-vnm-2022-q-2026-09-28-md-21835170,money,flow,disbursement,unknown,3203,,,USD,USD,,,oecd-crs-energy-vnm-2022-q-2026-09-28-md-21835170,oecd_crs_energy_microdata,1,2026-09-28,accepted,,"OECD Q value already in 2024 constant USD; UNIT_MULT applied, no FX or deflator rate applied"
crs-marker-biodiversity-oecd-crs-energy-vnm-2022-q-2026-09-28-md-21835170,line,oecd-crs-energy-vnm-2022-q-2026-09-28-md-21835170,,marker,,,,,,,,not_screened,biodiversity,oecd-crs-energy-vnm-2022-q-2026-09-28-md-21835170,oecd_crs_energy_microdata,1,2026-09-28,accepted,,
crs-marker-mitigation-oecd-crs-energy-vnm-2022-q-2026-09-28-md-21835170,line,oecd-crs-energy-vnm-2022-q-2026-09-28-md-21835170,,marker,,,0,,,,,0,mitigation,oecd-crs-energy-vnm-2022-q-2026-09-28-md-21835170,oecd_crs_energy_microdata,1,2026-09-28,accepted,,
crs-marker-adaptation-oecd-crs-energy-vnm-2022-q-2026-09-28-md-21835170,line,oecd-crs-energy-vnm-2022-q-2026-09-28-md-21835170,,marker,,,0,,,,,0,adaptation,oecd-crs-energy-vnm-2022-q-2026-09-28-md-21835170,oecd_crs_energy_microdata,1,2026-09-28,accepted,,
crs-marker-desertification-oecd-crs-energy-vnm-2022-q-2026-09-28-md-21835170,line,oecd-crs-energy-vnm-2022-q-2026-09-28-md-21835170,,marker,,,,,,,,not_screened,desertification,oecd-crs-energy-vnm-2022-q-2026-09-28-md-21835170,oecd_crs_energy_microdata,1,2026-09-28,accepted,,
crs-flow-oecd-crs-energy-vnm-2022-q-2026-09-28-md-21827076,line,oecd-crs-energy-vnm-2022-q-2026-09-28-md-21827076,money,flow,disbursement,unknown,81888,,,USD,USD,,,oecd-crs-energy-vnm-2022-q-2026-09-28-md-21827076,oecd_crs_energy_microdata,1,2026-09-28,accepted,,"OECD Q value already in 2024 constant USD; UNIT_MULT applied, no FX or deflator rate applied"
crs-marker-biodiversity-oecd-crs-energy-vnm-2022-q-2026-09-28-md-21827076,line,oecd-crs-energy-vnm-2022-q-2026-09-28-md-21827076,,marker,,,,,,,,not_screened,biodiversity,oecd-crs-energy-vnm-2022-q-2026-09-28-md-21827076,oecd_crs_energy_microdata,1,2026-09-28,accepted,,
crs-marker-mitigation-oecd-crs-energy-vnm-2022-q-2026-09-28-md-21827076,line,oecd-crs-energy-vnm-2022-q-2026-09-28-md-21827076,,marker,,,0,,,,,0,mitigation,oecd-crs-energy-vnm-2022-q-2026-09-28-md-21827076,oecd_crs_energy_microdata,1,2026-09-28,accepted,,
crs-marker-adaptation-oecd-crs-energy-vnm-2022-q-2026-09-28-md-21827076,line,oecd-crs-energy-vnm-2022-q-2026-09-28-md-21827076,,marker,,,0,,,,,0,adaptation,oecd-crs-energy-vnm-2022-q-2026-09-28-md-21827076,oecd_crs_energy_microdata,1,2026-09-28,accepted,,
crs-marker-desertification-oecd-crs-energy-vnm-2022-q-2026-09-28-md-21827076,line,oecd-crs-energy-vnm-2022-q-2026-09-28-md-21827076,,marker,,,0,,,,,0,desertification,oecd-crs-energy-vnm-2022-q-2026-09-28-md-21827076,oecd_crs_energy_microdata,1,2026-09-28,accepted,,
crs-flow-oecd-crs-energy-vnm-2022-q-2026-09-28-md-21323578,line,oecd-crs-energy-vnm-2022-q-2026-09-28-md-21323578,money,flow,commitment,unknown,81888,,,USD,USD,,,oecd-crs-energy-vnm-2022-q-2026-09-28-md-21323578,oecd_crs_energy_microdata,1,2026-09-28,accepted,,"OECD Q value already in 2024 constant USD; UNIT_MULT applied, no FX or deflator rate applied"
crs-marker-biodiversity-oecd-crs-energy-vnm-2022-q-2026-09-28-md-21323578,line,oecd-crs-energy-vnm-2022-q-2026-09-28-md-21323578,,marker,,,,,,,,not_screened,biodiversity,oecd-crs-energy-vnm-2022-q-2026-09-28-md-21323578,oecd_crs_energy_microdata,1,2026-09-28,accepted,,
crs-marker-mitigation-oecd-crs-energy-vnm-2022-q-2026-09-28-md-21323578,line,oecd-crs-energy-vnm-2022-q-2026-09-28-md-21323578,,marker,,,0,,,,,0,mitigation,oecd-crs-energy-vnm-2022-q-2026-09-28-md-21323578,oecd_crs_energy_microdata,1,2026-09-28,accepted,,
crs-marker-adaptation-oecd-crs-energy-vnm-2022-q-2026-09-28-md-21323578,line,oecd-crs-energy-vnm-2022-q-2026-09-28-md-21323578,,marker,,,0,,,,,0,adaptation,oecd-crs-energy-vnm-2022-q-2026-09-28-md-21323578,oecd_crs_energy_microdata,1,2026-09-28,accepted,,
crs-marker-desertification-oecd-crs-energy-vnm-2022-q-2026-09-28-md-21323578,line,oecd-crs-energy-vnm-2022-q-2026-09-28-md-21323578,,marker,,,0,,,,,0,desertification,oecd-crs-energy-vnm-2022-q-2026-09-28-md-21323578,oecd_crs_energy_microdata,1,2026-09-28,accepted,,
crs-flow-oecd-crs-energy-vnm-2022-q-2026-09-28-md-21838818,line,oecd-crs-energy-vnm-2022-q-2026-09-28-md-21838818,money,flow,disbursement,unknown,417365,,,USD,USD,,,oecd-crs-energy-vnm-2022-q-2026-09-28-md-21838818,oecd_crs_energy_microdata,1,2026-09-28,accepted,,"OECD Q value already in 2024 constant USD; UNIT_MULT applied, no FX or deflator rate applied"
crs-marker-biodiversity-oecd-crs-energy-vnm-2022-q-2026-09-28-md-21838818,line,oecd-crs-energy-vnm-2022-q-2026-09-28-md-21838818,,marker,,,0,,,,,0,biodiversity,oecd-crs-energy-vnm-2022-q-2026-09-28-md-21838818,oecd_crs_energy_microdata,1,2026-09-28,accepted,,
crs-marker-mitigation-oecd-crs-energy-vnm-2022-q-2026-09-28-md-21838818,line,oecd-crs-energy-vnm-2022-q-2026-09-28-md-21838818,,marker,,,0,,,,,0,mitigation,oecd-crs-energy-vnm-2022-q-2026-09-28-md-21838818,oecd_crs_energy_microdata,1,2026-09-28,accepted,,
crs-marker-adaptation-oecd-crs-energy-vnm-2022-q-2026-09-28-md-21838818,line,oecd-crs-energy-vnm-2022-q-2026-09-28-md-21838818,,marker,,,0,,,,,0,adaptation,oecd-crs-energy-vnm-2022-q-2026-09-28-md-21838818,oecd_crs_energy_microdata,1,2026-09-28,accepted,,
crs-marker-desertification-oecd-crs-energy-vnm-2022-q-2026-09-28-md-21838818,line,oecd-crs-energy-vnm-2022-q-2026-09-28-md-21838818,,marker,,,0,,,,,0,desertification,oecd-crs-energy-vnm-2022-q-2026-09-28-md-21838818,oecd_crs_energy_microdata,1,2026-09-28,accepted,,
crs-flow-oecd-crs-energy-vnm-2022-q-2026-09-28-md-21330418,line,oecd-crs-energy-vnm-2022-q-2026-09-28-md-21330418,money,flow,commitment,unknown,417365,,,USD,USD,,,oecd-crs-energy-vnm-2022-q-2026-09-28-md-21330418,oecd_crs_energy_microdata,1,2026-09-28,accepted,,"OECD Q value already in 2024 constant USD; UNIT_MULT applied, no FX or deflator rate applied"
crs-marker-biodiversity-oecd-crs-energy-vnm-2022-q-2026-09-28-md-21330418,line,oecd-crs-energy-vnm-2022-q-2026-09-28-md-21330418,,marker,,,0,,,,,0,biodiversity,oecd-crs-energy-vnm-2022-q-2026-09-28-md-21330418,oecd_crs_energy_microdata,1,2026-09-28,accepted,,
crs-marker-mitigation-oecd-crs-energy-vnm-2022-q-2026-09-28-md-21330418,line,oecd-crs-energy-vnm-2022-q-2026-09-28-md-21330418,,marker,,,0,,,,,0,mitigation,oecd-crs-energy-vnm-2022-q-2026-09-28-md-21330418,oecd_crs_energy_microdata,1,2026-09-28,accepted,,
crs-marker-adaptation-oecd-crs-energy-vnm-2022-q-2026-09-28-md-21330418,line,oecd-crs-energy-vnm-2022-q-2026-09-28-md-21330418,,marker,,,0,,,,,0,adaptation,oecd-crs-energy-vnm-2022-q-2026-09-28-md-21330418,oecd_crs_energy_microdata,1,2026-09-28,accepted,,
crs-marker-desertification-oecd-crs-energy-vnm-2022-q-2026-09-28-md-21330418,line,oecd-crs-energy-vnm-2022-q-2026-09-28-md-21330418,,marker,,,0,,,,,0,desertification,oecd-crs-energy-vnm-2022-q-2026-09-28-md-21330418,oecd_crs_energy_microdata,1,2026-09-28,accepted,,
crs-flow-oecd-crs-energy-vnm-2022-q-2026-09-28-md-20982365,line,oecd-crs-energy-vnm-2022-q-2026-09-28-md-20982365,money,flow,disbursement,unknown,3423407,,,USD,USD,,,oecd-crs-energy-vnm-2022-q-2026-09-28-md-20982365,oecd_crs_energy_microdata,1,2026-09-28,accepted,,"OECD Q value already in 2024 constant USD; UNIT_MULT applied, no FX or deflator rate applied"
crs-marker-biodiversity-oecd-crs-energy-vnm-2022-q-2026-09-28-md-20982365,line,oecd-crs-energy-vnm-2022-q-2026-09-28-md-20982365,,marker,,,0,,,,,0,biodiversity,oecd-crs-energy-vnm-2022-q-2026-09-28-md-20982365,oecd_crs_energy_microdata,1,2026-09-28,accepted,,
crs-marker-mitigation-oecd-crs-energy-vnm-2022-q-2026-09-28-md-20982365,line,oecd-crs-energy-vnm-2022-q-2026-09-28-md-20982365,,marker,,,2,,,,,2,mitigation,oecd-crs-energy-vnm-2022-q-2026-09-28-md-20982365,oecd_crs_energy_microdata,1,2026-09-28,accepted,,
crs-marker-adaptation-oecd-crs-energy-vnm-2022-q-2026-09-28-md-20982365,line,oecd-crs-energy-vnm-2022-q-2026-09-28-md-20982365,,marker,,,0,,,,,0,adaptation,oecd-crs-energy-vnm-2022-q-2026-09-28-md-20982365,oecd_crs_energy_microdata,1,2026-09-28,accepted,,
crs-marker-desertification-oecd-crs-energy-vnm-2022-q-2026-09-28-md-20982365,line,oecd-crs-energy-vnm-2022-q-2026-09-28-md-20982365,,marker,,,0,,,,,0,desertification,oecd-crs-energy-vnm-2022-q-2026-09-28-md-20982365,oecd_crs_energy_microdata,1,2026-09-28,accepted,,
crs-flow-oecd-crs-energy-vnm-2022-q-2026-09-28-md-20982368,line,oecd-crs-energy-vnm-2022-q-2026-09-28-md-20982368,money,flow,disbursement,unknown,315076,,,USD,USD,,,oecd-crs-energy-vnm-2022-q-2026-09-28-md-20982368,oecd_crs_energy_microdata,1,2026-09-28,accepted,,"OECD Q value already in 2024 constant USD; UNIT_MULT applied, no FX or deflator rate applied"
crs-marker-biodiversity-oecd-crs-energy-vnm-2022-q-2026-09-28-md-20982368,line,oecd-crs-energy-vnm-2022-q-2026-09-28-md-20982368,,marker,,,0,,,,,0,biodiversity,oecd-crs-energy-vnm-2022-q-2026-09-28-md-20982368,oecd_crs_energy_microdata,1,2026-09-28,accepted,,
crs-marker-mitigation-oecd-crs-energy-vnm-2022-q-2026-09-28-md-20982368,line,oecd-crs-energy-vnm-2022-q-2026-09-28-md-20982368,,marker,,,2,,,,,2,mitigation,oecd-crs-energy-vnm-2022-q-2026-09-28-md-20982368,oecd_crs_energy_microdata,1,2026-09-28,accepted,,
crs-marker-adaptation-oecd-crs-energy-vnm-2022-q-2026-09-28-md-20982368,line,oecd-crs-energy-vnm-2022-q-2026-09-28-md-20982368,,marker,,,0,,,,,0,adaptation,oecd-crs-energy-vnm-2022-q-2026-09-28-md-20982368,oecd_crs_energy_microdata,1,2026-09-28,accepted,,
crs-marker-desertification-oecd-crs-energy-vnm-2022-q-2026-09-28-md-20982368,line,oecd-crs-energy-vnm-2022-q-2026-09-28-md-20982368,,marker,,,0,,,,,0,desertification,oecd-crs-energy-vnm-2022-q-2026-09-28-md-20982368,oecd_crs_energy_microdata,1,2026-09-28,accepted,,
crs-flow-oecd-crs-energy-vnm-2022-q-2026-09-28-md-20982372,line,oecd-crs-energy-vnm-2022-q-2026-09-28-md-20982372,money,flow,disbursement,unknown,1201747,,,USD,USD,,,oecd-crs-energy-vnm-2022-q-2026-09-28-md-20982372,oecd_crs_energy_microdata,1,2026-09-28,accepted,,"OECD Q value already in 2024 constant USD; UNIT_MULT applied, no FX or deflator rate applied"
crs-marker-biodiversity-oecd-crs-energy-vnm-2022-q-2026-09-28-md-20982372,line,oecd-crs-energy-vnm-2022-q-2026-09-28-md-20982372,,marker,,,0,,,,,0,biodiversity,oecd-crs-energy-vnm-2022-q-2026-09-28-md-20982372,oecd_crs_energy_microdata,1,2026-09-28,accepted,,
crs-marker-mitigation-oecd-crs-energy-vnm-2022-q-2026-09-28-md-20982372,line,oecd-crs-energy-vnm-2022-q-2026-09-28-md-20982372,,marker,,,2,,,,,2,mitigation,oecd-crs-energy-vnm-2022-q-2026-09-28-md-20982372,oecd_crs_energy_microdata,1,2026-09-28,accepted,,
crs-marker-adaptation-oecd-crs-energy-vnm-2022-q-2026-09-28-md-20982372,line,oecd-crs-energy-vnm-2022-q-2026-09-28-md-20982372,,marker,,,0,,,,,0,adaptation,oecd-crs-energy-vnm-2022-q-2026-09-28-md-20982372,oecd_crs_energy_microdata,1,2026-09-28,accepted,,
crs-marker-desertification-oecd-crs-energy-vnm-2022-q-2026-09-28-md-20982372,line,oecd-crs-energy-vnm-2022-q-2026-09-28-md-20982372,,marker,,,0,,,,,0,desertification,oecd-crs-energy-vnm-2022-q-2026-09-28-md-20982372,oecd_crs_energy_microdata,1,2026-09-28,accepted,,
crs-flow-oecd-crs-energy-vnm-2022-q-2026-09-28-md-20982371,line,oecd-crs-energy-vnm-2022-q-2026-09-28-md-20982371,money,flow,disbursement,unknown,300437,,,USD,USD,,,oecd-crs-energy-vnm-2022-q-2026-09-28-md-20982371,oecd_crs_energy_microdata,1,2026-09-28,accepted,,"OECD Q value already in 2024 constant USD; UNIT_MULT applied, no FX or deflator rate applied"
crs-marker-biodiversity-oecd-crs-energy-vnm-2022-q-2026-09-28-md-20982371,line,oecd-crs-energy-vnm-2022-q-2026-09-28-md-20982371,,marker,,,0,,,,,0,biodiversity,oecd-crs-energy-vnm-2022-q-2026-09-28-md-20982371,oecd_crs_energy_microdata,1,2026-09-28,accepted,,
crs-marker-mitigation-oecd-crs-energy-vnm-2022-q-2026-09-28-md-20982371,line,oecd-crs-energy-vnm-2022-q-2026-09-28-md-20982371,,marker,,,2,,,,,2,mitigation,oecd-crs-energy-vnm-2022-q-2026-09-28-md-20982371,oecd_crs_energy_microdata,1,2026-09-28,accepted,,
crs-marker-adaptation-oecd-crs-energy-vnm-2022-q-2026-09-28-md-20982371,line,oecd-crs-energy-vnm-2022-q-2026-09-28-md-20982371,,marker,,,0,,,,,0,adaptation,oecd-crs-energy-vnm-2022-q-2026-09-28-md-20982371,oecd_crs_energy_microdata,1,2026-09-28,accepted,,
crs-marker-desertification-oecd-crs-energy-vnm-2022-q-2026-09-28-md-20982371,line,oecd-crs-energy-vnm-2022-q-2026-09-28-md-20982371,,marker,,,0,,,,,0,desertification,oecd-crs-energy-vnm-2022-q-2026-09-28-md-20982371,oecd_crs_energy_microdata,1,2026-09-28,accepted,,
crs-flow-oecd-crs-energy-vnm-2022-q-2026-09-28-md-20967159,line,oecd-crs-energy-vnm-2022-q-2026-09-28-md-20967159,money,flow,disbursement,unknown,66425,,,USD,USD,,,oecd-crs-energy-vnm-2022-q-2026-09-28-md-20967159,oecd_crs_energy_microdata,1,2026-09-28,accepted,,"OECD Q value already in 2024 constant USD; UNIT_MULT applied, no FX or deflator rate applied"
crs-marker-biodiversity-oecd-crs-energy-vnm-2022-q-2026-09-28-md-20967159,line,oecd-crs-energy-vnm-2022-q-2026-09-28-md-20967159,,marker,,,1,,,,,1,biodiversity,oecd-crs-energy-vnm-2022-q-2026-09-28-md-20967159,oecd_crs_energy_microdata,1,2026-09-28,accepted,,
crs-marker-mitigation-oecd-crs-energy-vnm-2022-q-2026-09-28-md-20967159,line,oecd-crs-energy-vnm-2022-q-2026-09-28-md-20967159,,marker,,,2,,,,,2,mitigation,oecd-crs-energy-vnm-2022-q-2026-09-28-md-20967159,oecd_crs_energy_microdata,1,2026-09-28,accepted,,
crs-marker-adaptation-oecd-crs-energy-vnm-2022-q-2026-09-28-md-20967159,line,oecd-crs-energy-vnm-2022-q-2026-09-28-md-20967159,,marker,,,0,,,,,0,adaptation,oecd-crs-energy-vnm-2022-q-2026-09-28-md-20967159,oecd_crs_energy_microdata,1,2026-09-28,accepted,,
crs-marker-desertification-oecd-crs-energy-vnm-2022-q-2026-09-28-md-20967159,line,oecd-crs-energy-vnm-2022-q-2026-09-28-md-20967159,,marker,,,0,,,,,0,desertification,oecd-crs-energy-vnm-2022-q-2026-09-28-md-20967159,oecd_crs_energy_microdata,1,2026-09-28,accepted,,
crs-flow-oecd-crs-energy-vnm-2022-q-2026-09-28-md-20970859,line,oecd-crs-energy-vnm-2022-q-2026-09-28-md-20970859,money,flow,disbursement,unknown,75673,,,USD,USD,,,oecd-crs-energy-vnm-2022-q-2026-09-28-md-20970859,oecd_crs_energy_microdata,1,2026-09-28,accepted,,"OECD Q value already in 2024 constant USD; UNIT_MULT applied, no FX or deflator rate applied"
crs-marker-biodiversity-oecd-crs-energy-vnm-2022-q-2026-09-28-md-20970859,line,oecd-crs-energy-vnm-2022-q-2026-09-28-md-20970859,,marker,,,0,,,,,0,biodiversity,oecd-crs-energy-vnm-2022-q-2026-09-28-md-20970859,oecd_crs_energy_microdata,1,2026-09-28,accepted,,
crs-marker-mitigation-oecd-crs-energy-vnm-2022-q-2026-09-28-md-20970859,line,oecd-crs-energy-vnm-2022-q-2026-09-28-md-20970859,,marker,,,0,,,,,0,mitigation,oecd-crs-energy-vnm-2022-q-2026-09-28-md-20970859,oecd_crs_energy_microdata,1,2026-09-28,accepted,,
crs-marker-adaptation-oecd-crs-energy-vnm-2022-q-2026-09-28-md-20970859,line,oecd-crs-energy-vnm-2022-q-2026-09-28-md-20970859,,marker,,,1,,,,,1,adaptation,oecd-crs-energy-vnm-2022-q-2026-09-28-md-20970859,oecd_crs_energy_microdata,1,2026-09-28,accepted,,
crs-marker-desertification-oecd-crs-energy-vnm-2022-q-2026-09-28-md-20970859,line,oecd-crs-energy-vnm-2022-q-2026-09-28-md-20970859,,marker,,,0,,,,,0,desertification,oecd-crs-energy-vnm-2022-q-2026-09-28-md-20970859,oecd_crs_energy_microdata,1,2026-09-28,accepted,,
crs-flow-oecd-crs-energy-vnm-2022-q-2026-09-28-md-20970860,line,oecd-crs-energy-vnm-2022-q-2026-09-28-md-20970860,money,flow,disbursement,unknown,38622,,,USD,USD,,,oecd-crs-energy-vnm-2022-q-2026-09-28-md-20970860,oecd_crs_energy_microdata,1,2026-09-28,accepted,,"OECD Q value already in 2024 constant USD; UNIT_MULT applied, no FX or deflator rate applied"
crs-marker-biodiversity-oecd-crs-energy-vnm-2022-q-2026-09-28-md-20970860,line,oecd-crs-energy-vnm-2022-q-2026-09-28-md-20970860,,marker,,,0,,,,,0,biodiversity,oecd-crs-energy-vnm-2022-q-2026-09-28-md-20970860,oecd_crs_energy_microdata,1,2026-09-28,accepted,,
crs-marker-mitigation-oecd-crs-energy-vnm-2022-q-2026-09-28-md-20970860,line,oecd-crs-energy-vnm-2022-q-2026-09-28-md-20970860,,marker,,,0,,,,,0,mitigation,oecd-crs-energy-vnm-2022-q-2026-09-28-md-20970860,oecd_crs_energy_microdata,1,2026-09-28,accepted,,
crs-marker-adaptation-oecd-crs-energy-vnm-2022-q-2026-09-28-md-20970860,line,oecd-crs-energy-vnm-2022-q-2026-09-28-md-20970860,,marker,,,1,,,,,1,adaptation,oecd-crs-energy-vnm-2022-q-2026-09-28-md-20970860,oecd_crs_energy_microdata,1,2026-09-28,accepted,,
crs-marker-desertification-oecd-crs-energy-vnm-2022-q-2026-09-28-md-20970860,line,oecd-crs-energy-vnm-2022-q-2026-09-28-md-20970860,,marker,,,0,,,,,0,desertification,oecd-crs-energy-vnm-2022-q-2026-09-28-md-20970860,oecd_crs_energy_microdata,1,2026-09-28,accepted,,
crs-flow-oecd-crs-energy-vnm-2022-q-2026-09-28-md-20965308,line,oecd-crs-energy-vnm-2022-q-2026-09-28-md-20965308,money,flow,disbursement,unknown,72773293,,,USD,USD,,,oecd-crs-energy-vnm-2022-q-2026-09-28-md-20965308,oecd_crs_energy_microdata,1,2026-09-28,accepted,,"OECD Q value already in 2024 constant USD; UNIT_MULT applied, no FX or deflator rate applied"
crs-marker-biodiversity-oecd-crs-energy-vnm-2022-q-2026-09-28-md-20965308,line,oecd-crs-energy-vnm-2022-q-2026-09-28-md-20965308,,marker,,,0,,,,,0,biodiversity,oecd-crs-energy-vnm-2022-q-2026-09-28-md-20965308,oecd_crs_energy_microdata,1,2026-09-28,accepted,,
crs-marker-mitigation-oecd-crs-energy-vnm-2022-q-2026-09-28-md-20965308,line,oecd-crs-energy-vnm-2022-q-2026-09-28-md-20965308,,marker,,,2,,,,,2,mitigation,oecd-crs-energy-vnm-2022-q-2026-09-28-md-20965308,oecd_crs_energy_microdata,1,2026-09-28,accepted,,
crs-marker-adaptation-oecd-crs-energy-vnm-2022-q-2026-09-28-md-20965308,line,oecd-crs-energy-vnm-2022-q-2026-09-28-md-20965308,,marker,,,0,,,,,0,adaptation,oecd-crs-energy-vnm-2022-q-2026-09-28-md-20965308,oecd_crs_energy_microdata,1,2026-09-28,accepted,,
crs-marker-desertification-oecd-crs-energy-vnm-2022-q-2026-09-28-md-20965308,line,oecd-crs-energy-vnm-2022-q-2026-09-28-md-20965308,,marker,,,0,,,,,0,desertification,oecd-crs-energy-vnm-2022-q-2026-09-28-md-20965308,oecd_crs_energy_microdata,1,2026-09-28,accepted,,
crs-flow-oecd-crs-energy-vnm-2022-q-2026-09-28-md-20965263,line,oecd-crs-energy-vnm-2022-q-2026-09-28-md-20965263,money,flow,disbursement,unknown,4923082,,,USD,USD,,,oecd-crs-energy-vnm-2022-q-2026-09-28-md-20965263,oecd_crs_energy_microdata,1,2026-09-28,accepted,,"OECD Q value already in 2024 constant USD; UNIT_MULT applied, no FX or deflator rate applied"
crs-marker-biodiversity-oecd-crs-energy-vnm-2022-q-2026-09-28-md-20965263,line,oecd-crs-energy-vnm-2022-q-2026-09-28-md-20965263,,marker,,,0,,,,,0,biodiversity,oecd-crs-energy-vnm-2022-q-2026-09-28-md-20965263,oecd_crs_energy_microdata,1,2026-09-28,accepted,,
crs-marker-mitigation-oecd-crs-energy-vnm-2022-q-2026-09-28-md-20965263,line,oecd-crs-energy-vnm-2022-q-2026-09-28-md-20965263,,marker,,,2,,,,,2,mitigation,oecd-crs-energy-vnm-2022-q-2026-09-28-md-20965263,oecd_crs_energy_microdata,1,2026-09-28,accepted,,
crs-marker-adaptation-oecd-crs-energy-vnm-2022-q-2026-09-28-md-20965263,line,oecd-crs-energy-vnm-2022-q-2026-09-28-md-20965263,,marker,,,0,,,,,0,adaptation,oecd-crs-energy-vnm-2022-q-2026-09-28-md-20965263,oecd_crs_energy_microdata,1,2026-09-28,accepted,,
crs-marker-desertification-oecd-crs-energy-vnm-2022-q-2026-09-28-md-20965263,line,oecd-crs-energy-vnm-2022-q-2026-09-28-md-20965263,,marker,,,0,,,,,0,desertification,oecd-crs-energy-vnm-2022-q-2026-09-28-md-20965263,oecd_crs_energy_microdata,1,2026-09-28,accepted,,
crs-flow-oecd-crs-energy-vnm-2022-q-2026-09-28-md-20967904,line,oecd-crs-energy-vnm-2022-q-2026-09-28-md-20967904,money,flow,disbursement,unknown,1132221,,,USD,USD,,,oecd-crs-energy-vnm-2022-q-2026-09-28-md-20967904,oecd_crs_energy_microdata,1,2026-09-28,accepted,,"OECD Q value already in 2024 constant USD; UNIT_MULT applied, no FX or deflator rate applied"
crs-marker-biodiversity-oecd-crs-energy-vnm-2022-q-2026-09-28-md-20967904,line,oecd-crs-energy-vnm-2022-q-2026-09-28-md-20967904,,marker,,,0,,,,,0,biodiversity,oecd-crs-energy-vnm-2022-q-2026-09-28-md-20967904,oecd_crs_energy_microdata,1,2026-09-28,accepted,,
crs-marker-mitigation-oecd-crs-energy-vnm-2022-q-2026-09-28-md-20967904,line,oecd-crs-energy-vnm-2022-q-2026-09-28-md-20967904,,marker,,,2,,,,,2,mitigation,oecd-crs-energy-vnm-2022-q-2026-09-28-md-20967904,oecd_crs_energy_microdata,1,2026-09-28,accepted,,
crs-marker-adaptation-oecd-crs-energy-vnm-2022-q-2026-09-28-md-20967904,line,oecd-crs-energy-vnm-2022-q-2026-09-28-md-20967904,,marker,,,0,,,,,0,adaptation,oecd-crs-energy-vnm-2022-q-2026-09-28-md-20967904,oecd_crs_energy_microdata,1,2026-09-28,accepted,,
crs-marker-desertification-oecd-crs-energy-vnm-2022-q-2026-09-28-md-20967904,line,oecd-crs-energy-vnm-2022-q-2026-09-28-md-20967904,,marker,,,0,,,,,0,desertification,oecd-crs-energy-vnm-2022-q-2026-09-28-md-20967904,oecd_crs_energy_microdata,1,2026-09-28,accepted,,
crs-flow-oecd-crs-energy-vnm-2022-q-2026-09-28-md-20965264,line,oecd-crs-energy-vnm-2022-q-2026-09-28-md-20965264,money,flow,disbursement,unknown,19692327,,,USD,USD,,,oecd-crs-energy-vnm-2022-q-2026-09-28-md-20965264,oecd_crs_energy_microdata,1,2026-09-28,accepted,,"OECD Q value already in 2024 constant USD; UNIT_MULT applied, no FX or deflator rate applied"
crs-marker-biodiversity-oecd-crs-energy-vnm-2022-q-2026-09-28-md-20965264,line,oecd-crs-energy-vnm-2022-q-2026-09-28-md-20965264,,marker,,,0,,,,,0,biodiversity,oecd-crs-energy-vnm-2022-q-2026-09-28-md-20965264,oecd_crs_energy_microdata,1,2026-09-28,accepted,,
crs-marker-mitigation-oecd-crs-energy-vnm-2022-q-2026-09-28-md-20965264,line,oecd-crs-energy-vnm-2022-q-2026-09-28-md-20965264,,marker,,,2,,,,,2,mitigation,oecd-crs-energy-vnm-2022-q-2026-09-28-md-20965264,oecd_crs_energy_microdata,1,2026-09-28,accepted,,
crs-marker-adaptation-oecd-crs-energy-vnm-2022-q-2026-09-28-md-20965264,line,oecd-crs-energy-vnm-2022-q-2026-09-28-md-20965264,,marker,,,0,,,,,0,adaptation,oecd-crs-energy-vnm-2022-q-2026-09-28-md-20965264,oecd_crs_energy_microdata,1,2026-09-28,accepted,,
crs-marker-desertification-oecd-crs-energy-vnm-2022-q-2026-09-28-md-20965264,line,oecd-crs-energy-vnm-2022-q-2026-09-28-md-20965264,,marker,,,0,,,,,0,desertification,oecd-crs-energy-vnm-2022-q-2026-09-28-md-20965264,oecd_crs_energy_microdata,1,2026-09-28,accepted,,
crs-flow-oecd-crs-energy-vnm-2022-q-2026-09-28-md-20968138,line,oecd-crs-energy-vnm-2022-q-2026-09-28-md-20968138,money,flow,disbursement,unknown,185275,,,USD,USD,,,oecd-crs-energy-vnm-2022-q-2026-09-28-md-20968138,oecd_crs_energy_microdata,1,2026-09-28,accepted,,"OECD Q value already in 2024 constant USD; UNIT_MULT applied, no FX or deflator rate applied"
crs-marker-biodiversity-oecd-crs-energy-vnm-2022-q-2026-09-28-md-20968138,line,oecd-crs-energy-vnm-2022-q-2026-09-28-md-20968138,,marker,,,0,,,,,0,biodiversity,oecd-crs-energy-vnm-2022-q-2026-09-28-md-20968138,oecd_crs_energy_microdata,1,2026-09-28,accepted,,
crs-marker-mitigation-oecd-crs-energy-vnm-2022-q-2026-09-28-md-20968138,line,oecd-crs-energy-vnm-2022-q-2026-09-28-md-20968138,,marker,,,2,,,,,2,mitigation,oecd-crs-energy-vnm-2022-q-2026-09-28-md-20968138,oecd_crs_energy_microdata,1,2026-09-28,accepted,,
crs-marker-adaptation-oecd-crs-energy-vnm-2022-q-2026-09-28-md-20968138,line,oecd-crs-energy-vnm-2022-q-2026-09-28-md-20968138,,marker,,,0,,,,,0,adaptation,oecd-crs-energy-vnm-2022-q-2026-09-28-md-20968138,oecd_crs_energy_microdata,1,2026-09-28,accepted,,
crs-marker-desertification-oecd-crs-energy-vnm-2022-q-2026-09-28-md-20968138,line,oecd-crs-energy-vnm-2022-q-2026-09-28-md-20968138,,marker,,,0,,,,,0,desertification,oecd-crs-energy-vnm-2022-q-2026-09-28-md-20968138,oecd_crs_energy_microdata,1,2026-09-28,accepted,,
crs-flow-oecd-crs-energy-vnm-2022-q-2026-09-28-md-20965615,line,oecd-crs-energy-vnm-2022-q-2026-09-28-md-20965615,money,flow,disbursement,unknown,30364214,,,USD,USD,,,oecd-crs-energy-vnm-2022-q-2026-09-28-md-20965615,oecd_crs_energy_microdata,1,2026-09-28,accepted,,"OECD Q value already in 2024 constant USD; UNIT_MULT applied, no FX or deflator rate applied"
crs-marker-biodiversity-oecd-crs-energy-vnm-2022-q-2026-09-28-md-20965615,line,oecd-crs-energy-vnm-2022-q-2026-09-28-md-20965615,,marker,,,0,,,,,0,biodiversity,oecd-crs-energy-vnm-2022-q-2026-09-28-md-20965615,oecd_crs_energy_microdata,1,2026-09-28,accepted,,
crs-marker-mitigation-oecd-crs-energy-vnm-2022-q-2026-09-28-md-20965615,line,oecd-crs-energy-vnm-2022-q-2026-09-28-md-20965615,,marker,,,1,,,,,1,mitigation,oecd-crs-energy-vnm-2022-q-2026-09-28-md-20965615,oecd_crs_energy_microdata,1,2026-09-28,accepted,,
crs-marker-adaptation-oecd-crs-energy-vnm-2022-q-2026-09-28-md-20965615,line,oecd-crs-energy-vnm-2022-q-2026-09-28-md-20965615,,marker,,,0,,,,,0,adaptation,oecd-crs-energy-vnm-2022-q-2026-09-28-md-20965615,oecd_crs_energy_microdata,1,2026-09-28,accepted,,
crs-marker-desertification-oecd-crs-energy-vnm-2022-q-2026-09-28-md-20965615,line,oecd-crs-energy-vnm-2022-q-2026-09-28-md-20965615,,marker,,,0,,,,,0,desertification,oecd-crs-energy-vnm-2022-q-2026-09-28-md-20965615,oecd_crs_energy_microdata,1,2026-09-28,accepted,,
crs-flow-oecd-crs-energy-vnm-2022-q-2026-09-28-md-21389776,line,oecd-crs-energy-vnm-2022-q-2026-09-28-md-21389776,money,flow,commitment,unknown,30364214,,,USD,USD,,,oecd-crs-energy-vnm-2022-q-2026-09-28-md-21389776,oecd_crs_energy_microdata,1,2026-09-28,accepted,,"OECD Q value already in 2024 constant USD; UNIT_MULT applied, no FX or deflator rate applied"
crs-marker-biodiversity-oecd-crs-energy-vnm-2022-q-2026-09-28-md-21389776,line,oecd-crs-energy-vnm-2022-q-2026-09-28-md-21389776,,marker,,,0,,,,,0,biodiversity,oecd-crs-energy-vnm-2022-q-2026-09-28-md-21389776,oecd_crs_energy_microdata,1,2026-09-28,accepted,,
crs-marker-mitigation-oecd-crs-energy-vnm-2022-q-2026-09-28-md-21389776,line,oecd-crs-energy-vnm-2022-q-2026-09-28-md-21389776,,marker,,,1,,,,,1,mitigation,oecd-crs-energy-vnm-2022-q-2026-09-28-md-21389776,oecd_crs_energy_microdata,1,2026-09-28,accepted,,
crs-marker-adaptation-oecd-crs-energy-vnm-2022-q-2026-09-28-md-21389776,line,oecd-crs-energy-vnm-2022-q-2026-09-28-md-21389776,,marker,,,0,,,,,0,adaptation,oecd-crs-energy-vnm-2022-q-2026-09-28-md-21389776,oecd_crs_energy_microdata,1,2026-09-28,accepted,,
crs-marker-desertification-oecd-crs-energy-vnm-2022-q-2026-09-28-md-21389776,line,oecd-crs-energy-vnm-2022-q-2026-09-28-md-21389776,,marker,,,0,,,,,0,desertification,oecd-crs-energy-vnm-2022-q-2026-09-28-md-21389776,oecd_crs_energy_microdata,1,2026-09-28,accepted,,
crs-flow-oecd-crs-energy-vnm-2022-q-2026-09-28-md-21388482,line,oecd-crs-energy-vnm-2022-q-2026-09-28-md-21388482,money,flow,commitment,unknown,2379654,,,USD,USD,,,oecd-crs-energy-vnm-2022-q-2026-09-28-md-21388482,oecd_crs_energy_microdata,1,2026-09-28,accepted,,"OECD Q value already in 2024 constant USD; UNIT_MULT applied, no FX or deflator rate applied"
crs-marker-biodiversity-oecd-crs-energy-vnm-2022-q-2026-09-28-md-21388482,line,oecd-crs-energy-vnm-2022-q-2026-09-28-md-21388482,,marker,,,0,,,,,0,biodiversity,oecd-crs-energy-vnm-2022-q-2026-09-28-md-21388482,oecd_crs_energy_microdata,1,2026-09-28,accepted,,
crs-marker-mitigation-oecd-crs-energy-vnm-2022-q-2026-09-28-md-21388482,line,oecd-crs-energy-vnm-2022-q-2026-09-28-md-21388482,,marker,,,2,,,,,2,mitigation,oecd-crs-energy-vnm-2022-q-2026-09-28-md-21388482,oecd_crs_energy_microdata,1,2026-09-28,accepted,,
crs-marker-adaptation-oecd-crs-energy-vnm-2022-q-2026-09-28-md-21388482,line,oecd-crs-energy-vnm-2022-q-2026-09-28-md-21388482,,marker,,,0,,,,,0,adaptation,oecd-crs-energy-vnm-2022-q-2026-09-28-md-21388482,oecd_crs_energy_microdata,1,2026-09-28,accepted,,
crs-marker-desertification-oecd-crs-energy-vnm-2022-q-2026-09-28-md-21388482,line,oecd-crs-energy-vnm-2022-q-2026-09-28-md-21388482,,marker,,,0,,,,,0,desertification,oecd-crs-energy-vnm-2022-q-2026-09-28-md-21388482,oecd_crs_energy_microdata,1,2026-09-28,accepted,,
crs-flow-oecd-crs-energy-vnm-2022-q-2026-09-28-md-21388484,line,oecd-crs-energy-vnm-2022-q-2026-09-28-md-21388484,money,flow,commitment,unknown,1665758,,,USD,USD,,,oecd-crs-energy-vnm-2022-q-2026-09-28-md-21388484,oecd_crs_energy_microdata,1,2026-09-28,accepted,,"OECD Q value already in 2024 constant USD; UNIT_MULT applied, no FX or deflator rate applied"
crs-marker-biodiversity-oecd-crs-energy-vnm-2022-q-2026-09-28-md-21388484,line,oecd-crs-energy-vnm-2022-q-2026-09-28-md-21388484,,marker,,,0,,,,,0,biodiversity,oecd-crs-energy-vnm-2022-q-2026-09-28-md-21388484,oecd_crs_energy_microdata,1,2026-09-28,accepted,,
crs-marker-mitigation-oecd-crs-energy-vnm-2022-q-2026-09-28-md-21388484,line,oecd-crs-energy-vnm-2022-q-2026-09-28-md-21388484,,marker,,,2,,,,,2,mitigation,oecd-crs-energy-vnm-2022-q-2026-09-28-md-21388484,oecd_crs_energy_microdata,1,2026-09-28,accepted,,
crs-marker-adaptation-oecd-crs-energy-vnm-2022-q-2026-09-28-md-21388484,line,oecd-crs-energy-vnm-2022-q-2026-09-28-md-21388484,,marker,,,0,,,,,0,adaptation,oecd-crs-energy-vnm-2022-q-2026-09-28-md-21388484,oecd_crs_energy_microdata,1,2026-09-28,accepted,,
crs-marker-desertification-oecd-crs-energy-vnm-2022-q-2026-09-28-md-21388484,line,oecd-crs-energy-vnm-2022-q-2026-09-28-md-21388484,,marker,,,0,,,,,0,desertification,oecd-crs-energy-vnm-2022-q-2026-09-28-md-21388484,oecd_crs_energy_microdata,1,2026-09-28,accepted,,
crs-flow-oecd-crs-energy-vnm-2022-q-2026-09-28-md-21388483,line,oecd-crs-energy-vnm-2022-q-2026-09-28-md-21388483,money,flow,commitment,unknown,713896,,,USD,USD,,,oecd-crs-energy-vnm-2022-q-2026-09-28-md-21388483,oecd_crs_energy_microdata,1,2026-09-28,accepted,,"OECD Q value already in 2024 constant USD; UNIT_MULT applied, no FX or deflator rate applied"
crs-marker-biodiversity-oecd-crs-energy-vnm-2022-q-2026-09-28-md-21388483,line,oecd-crs-energy-vnm-2022-q-2026-09-28-md-21388483,,marker,,,0,,,,,0,biodiversity,oecd-crs-energy-vnm-2022-q-2026-09-28-md-21388483,oecd_crs_energy_microdata,1,2026-09-28,accepted,,
crs-marker-mitigation-oecd-crs-energy-vnm-2022-q-2026-09-28-md-21388483,line,oecd-crs-energy-vnm-2022-q-2026-09-28-md-21388483,,marker,,,2,,,,,2,mitigation,oecd-crs-energy-vnm-2022-q-2026-09-28-md-21388483,oecd_crs_energy_microdata,1,2026-09-28,accepted,,
crs-marker-adaptation-oecd-crs-energy-vnm-2022-q-2026-09-28-md-21388483,line,oecd-crs-energy-vnm-2022-q-2026-09-28-md-21388483,,marker,,,0,,,,,0,adaptation,oecd-crs-energy-vnm-2022-q-2026-09-28-md-21388483,oecd_crs_energy_microdata,1,2026-09-28,accepted,,
crs-marker-desertification-oecd-crs-energy-vnm-2022-q-2026-09-28-md-21388483,line,oecd-crs-energy-vnm-2022-q-2026-09-28-md-21388483,,marker,,,0,,,,,0,desertification,oecd-crs-energy-vnm-2022-q-2026-09-28-md-21388483,oecd_crs_energy_microdata,1,2026-09-28,accepted,,
crs-flow-oecd-crs-energy-vnm-2022-q-2026-09-28-md-20968032,line,oecd-crs-energy-vnm-2022-q-2026-09-28-md-20968032,money,flow,disbursement,unknown,89362,,,USD,USD,,,oecd-crs-energy-vnm-2022-q-2026-09-28-md-20968032,oecd_crs_energy_microdata,1,2026-09-28,accepted,,"OECD Q value already in 2024 constant USD; UNIT_MULT applied, no FX or deflator rate applied"
crs-marker-biodiversity-oecd-crs-energy-vnm-2022-q-2026-09-28-md-20968032,line,oecd-crs-energy-vnm-2022-q-2026-09-28-md-20968032,,marker,,,0,,,,,0,biodiversity,oecd-crs-energy-vnm-2022-q-2026-09-28-md-20968032,oecd_crs_energy_microdata,1,2026-09-28,accepted,,
crs-marker-mitigation-oecd-crs-energy-vnm-2022-q-2026-09-28-md-20968032,line,oecd-crs-energy-vnm-2022-q-2026-09-28-md-20968032,,marker,,,2,,,,,2,mitigation,oecd-crs-energy-vnm-2022-q-2026-09-28-md-20968032,oecd_crs_energy_microdata,1,2026-09-28,accepted,,
crs-marker-adaptation-oecd-crs-energy-vnm-2022-q-2026-09-28-md-20968032,line,oecd-crs-energy-vnm-2022-q-2026-09-28-md-20968032,,marker,,,0,,,,,0,adaptation,oecd-crs-energy-vnm-2022-q-2026-09-28-md-20968032,oecd_crs_energy_microdata,1,2026-09-28,accepted,,
crs-marker-desertification-oecd-crs-energy-vnm-2022-q-2026-09-28-md-20968032,line,oecd-crs-energy-vnm-2022-q-2026-09-28-md-20968032,,marker,,,0,,,,,0,desertification,oecd-crs-energy-vnm-2022-q-2026-09-28-md-20968032,oecd_crs_energy_microdata,1,2026-09-28,accepted,,
crs-flow-oecd-crs-energy-vnm-2022-q-2026-09-28-md-21387975,line,oecd-crs-energy-vnm-2022-q-2026-09-28-md-21387975,money,flow,commitment,unknown,492729,,,USD,USD,,,oecd-crs-energy-vnm-2022-q-2026-09-28-md-21387975,oecd_crs_energy_microdata,1,2026-09-28,accepted,,"OECD Q value already in 2024 constant USD; UNIT_MULT applied, no FX or deflator rate applied"
crs-marker-biodiversity-oecd-crs-energy-vnm-2022-q-2026-09-28-md-21387975,line,oecd-crs-energy-vnm-2022-q-2026-09-28-md-21387975,,marker,,,0,,,,,0,biodiversity,oecd-crs-energy-vnm-2022-q-2026-09-28-md-21387975,oecd_crs_energy_microdata,1,2026-09-28,accepted,,
crs-marker-mitigation-oecd-crs-energy-vnm-2022-q-2026-09-28-md-21387975,line,oecd-crs-energy-vnm-2022-q-2026-09-28-md-21387975,,marker,,,1,,,,,1,mitigation,oecd-crs-energy-vnm-2022-q-2026-09-28-md-21387975,oecd_crs_energy_microdata,1,2026-09-28,accepted,,
crs-marker-adaptation-oecd-crs-energy-vnm-2022-q-2026-09-28-md-21387975,line,oecd-crs-energy-vnm-2022-q-2026-09-28-md-21387975,,marker,,,0,,,,,0,adaptation,oecd-crs-energy-vnm-2022-q-2026-09-28-md-21387975,oecd_crs_energy_microdata,1,2026-09-28,accepted,,
crs-marker-desertification-oecd-crs-energy-vnm-2022-q-2026-09-28-md-21387975,line,oecd-crs-energy-vnm-2022-q-2026-09-28-md-21387975,,marker,,,0,,,,,0,desertification,oecd-crs-energy-vnm-2022-q-2026-09-28-md-21387975,oecd_crs_energy_microdata,1,2026-09-28,accepted,,
crs-flow-oecd-crs-energy-vnm-2022-q-2026-09-28-md-21385289,line,oecd-crs-energy-vnm-2022-q-2026-09-28-md-21385289,money,flow,commitment,unknown,409277,,,USD,USD,,,oecd-crs-energy-vnm-2022-q-2026-09-28-md-21385289,oecd_crs_energy_microdata,1,2026-09-28,accepted,,"OECD Q value already in 2024 constant USD; UNIT_MULT applied, no FX or deflator rate applied"
crs-marker-biodiversity-oecd-crs-energy-vnm-2022-q-2026-09-28-md-21385289,line,oecd-crs-energy-vnm-2022-q-2026-09-28-md-21385289,,marker,,,0,,,,,0,biodiversity,oecd-crs-energy-vnm-2022-q-2026-09-28-md-21385289,oecd_crs_energy_microdata,1,2026-09-28,accepted,,
crs-marker-mitigation-oecd-crs-energy-vnm-2022-q-2026-09-28-md-21385289,line,oecd-crs-energy-vnm-2022-q-2026-09-28-md-21385289,,marker,,,2,,,,,2,mitigation,oecd-crs-energy-vnm-2022-q-2026-09-28-md-21385289,oecd_crs_energy_microdata,1,2026-09-28,accepted,,
crs-marker-adaptation-oecd-crs-energy-vnm-2022-q-2026-09-28-md-21385289,line,oecd-crs-energy-vnm-2022-q-2026-09-28-md-21385289,,marker,,,0,,,,,0,adaptation,oecd-crs-energy-vnm-2022-q-2026-09-28-md-21385289,oecd_crs_energy_microdata,1,2026-09-28,accepted,,
crs-marker-desertification-oecd-crs-energy-vnm-2022-q-2026-09-28-md-21385289,line,oecd-crs-energy-vnm-2022-q-2026-09-28-md-21385289,,marker,,,0,,,,,0,desertification,oecd-crs-energy-vnm-2022-q-2026-09-28-md-21385289,oecd_crs_energy_microdata,1,2026-09-28,accepted,,
crs-flow-oecd-crs-energy-vnm-2022-q-2026-09-28-md-20961155,line,oecd-crs-energy-vnm-2022-q-2026-09-28-md-20961155,money,flow,disbursement,unknown,9731,,,USD,USD,,,oecd-crs-energy-vnm-2022-q-2026-09-28-md-20961155,oecd_crs_energy_microdata,1,2026-09-28,accepted,,"OECD Q value already in 2024 constant USD; UNIT_MULT applied, no FX or deflator rate applied"
crs-marker-biodiversity-oecd-crs-energy-vnm-2022-q-2026-09-28-md-20961155,line,oecd-crs-energy-vnm-2022-q-2026-09-28-md-20961155,,marker,,,0,,,,,0,biodiversity,oecd-crs-energy-vnm-2022-q-2026-09-28-md-20961155,oecd_crs_energy_microdata,1,2026-09-28,accepted,,
crs-marker-mitigation-oecd-crs-energy-vnm-2022-q-2026-09-28-md-20961155,line,oecd-crs-energy-vnm-2022-q-2026-09-28-md-20961155,,marker,,,1,,,,,1,mitigation,oecd-crs-energy-vnm-2022-q-2026-09-28-md-20961155,oecd_crs_energy_microdata,1,2026-09-28,accepted,,
crs-marker-adaptation-oecd-crs-energy-vnm-2022-q-2026-09-28-md-20961155,line,oecd-crs-energy-vnm-2022-q-2026-09-28-md-20961155,,marker,,,0,,,,,0,adaptation,oecd-crs-energy-vnm-2022-q-2026-09-28-md-20961155,oecd_crs_energy_microdata,1,2026-09-28,accepted,,
crs-marker-desertification-oecd-crs-energy-vnm-2022-q-2026-09-28-md-20961155,line,oecd-crs-energy-vnm-2022-q-2026-09-28-md-20961155,,marker,,,0,,,,,0,desertification,oecd-crs-energy-vnm-2022-q-2026-09-28-md-20961155,oecd_crs_energy_microdata,1,2026-09-28,accepted,,
crs-flow-oecd-crs-energy-vnm-2022-q-2026-09-28-md-21823423,line,oecd-crs-energy-vnm-2022-q-2026-09-28-md-21823423,money,flow,disbursement,unknown,25400914,,,USD,USD,,,oecd-crs-energy-vnm-2022-q-2026-09-28-md-21823423,oecd_crs_energy_microdata,1,2026-09-28,accepted,,"OECD Q value already in 2024 constant USD; UNIT_MULT applied, no FX or deflator rate applied"
crs-marker-biodiversity-oecd-crs-energy-vnm-2022-q-2026-09-28-md-21823423,line,oecd-crs-energy-vnm-2022-q-2026-09-28-md-21823423,,marker,,,0,,,,,0,biodiversity,oecd-crs-energy-vnm-2022-q-2026-09-28-md-21823423,oecd_crs_energy_microdata,1,2026-09-28,accepted,,
crs-marker-mitigation-oecd-crs-energy-vnm-2022-q-2026-09-28-md-21823423,line,oecd-crs-energy-vnm-2022-q-2026-09-28-md-21823423,,marker,,,1,,,,,1,mitigation,oecd-crs-energy-vnm-2022-q-2026-09-28-md-21823423,oecd_crs_energy_microdata,1,2026-09-28,accepted,,
crs-marker-adaptation-oecd-crs-energy-vnm-2022-q-2026-09-28-md-21823423,line,oecd-crs-energy-vnm-2022-q-2026-09-28-md-21823423,,marker,,,0,,,,,0,adaptation,oecd-crs-energy-vnm-2022-q-2026-09-28-md-21823423,oecd_crs_energy_microdata,1,2026-09-28,accepted,,
crs-marker-desertification-oecd-crs-energy-vnm-2022-q-2026-09-28-md-21823423,line,oecd-crs-energy-vnm-2022-q-2026-09-28-md-21823423,,marker,,,0,,,,,0,desertification,oecd-crs-energy-vnm-2022-q-2026-09-28-md-21823423,oecd_crs_energy_microdata,1,2026-09-28,accepted,,
crs-flow-oecd-crs-energy-vnm-2022-q-2026-09-28-md-21823390,line,oecd-crs-energy-vnm-2022-q-2026-09-28-md-21823390,money,flow,disbursement,unknown,172,,,USD,USD,,,oecd-crs-energy-vnm-2022-q-2026-09-28-md-21823390,oecd_crs_energy_microdata,1,2026-09-28,accepted,,"OECD Q value already in 2024 constant USD; UNIT_MULT applied, no FX or deflator rate applied"
crs-marker-biodiversity-oecd-crs-energy-vnm-2022-q-2026-09-28-md-21823390,line,oecd-crs-energy-vnm-2022-q-2026-09-28-md-21823390,,marker,,,0,,,,,0,biodiversity,oecd-crs-energy-vnm-2022-q-2026-09-28-md-21823390,oecd_crs_energy_microdata,1,2026-09-28,accepted,,
crs-marker-mitigation-oecd-crs-energy-vnm-2022-q-2026-09-28-md-21823390,line,oecd-crs-energy-vnm-2022-q-2026-09-28-md-21823390,,marker,,,0,,,,,0,mitigation,oecd-crs-energy-vnm-2022-q-2026-09-28-md-21823390,oecd_crs_energy_microdata,1,2026-09-28,accepted,,
crs-marker-adaptation-oecd-crs-energy-vnm-2022-q-2026-09-28-md-21823390,line,oecd-crs-energy-vnm-2022-q-2026-09-28-md-21823390,,marker,,,0,,,,,0,adaptation,oecd-crs-energy-vnm-2022-q-2026-09-28-md-21823390,oecd_crs_energy_microdata,1,2026-09-28,accepted,,
crs-marker-desertification-oecd-crs-energy-vnm-2022-q-2026-09-28-md-21823390,line,oecd-crs-energy-vnm-2022-q-2026-09-28-md-21823390,,marker,,,0,,,,,0,desertification,oecd-crs-energy-vnm-2022-q-2026-09-28-md-21823390,oecd_crs_energy_microdata,1,2026-09-28,accepted,,
crs-flow-oecd-crs-energy-vnm-2022-q-2026-09-28-md-21823389,line,oecd-crs-energy-vnm-2022-q-2026-09-28-md-21823389,money,flow,disbursement,unknown,233946,,,USD,USD,,,oecd-crs-energy-vnm-2022-q-2026-09-28-md-21823389,oecd_crs_energy_microdata,1,2026-09-28,accepted,,"OECD Q value already in 2024 constant USD; UNIT_MULT applied, no FX or deflator rate applied"
crs-marker-biodiversity-oecd-crs-energy-vnm-2022-q-2026-09-28-md-21823389,line,oecd-crs-energy-vnm-2022-q-2026-09-28-md-21823389,,marker,,,0,,,,,0,biodiversity,oecd-crs-energy-vnm-2022-q-2026-09-28-md-21823389,oecd_crs_energy_microdata,1,2026-09-28,accepted,,
crs-marker-mitigation-oecd-crs-energy-vnm-2022-q-2026-09-28-md-21823389,line,oecd-crs-energy-vnm-2022-q-2026-09-28-md-21823389,,marker,,,0,,,,,0,mitigation,oecd-crs-energy-vnm-2022-q-2026-09-28-md-21823389,oecd_crs_energy_microdata,1,2026-09-28,accepted,,
crs-marker-adaptation-oecd-crs-energy-vnm-2022-q-2026-09-28-md-21823389,line,oecd-crs-energy-vnm-2022-q-2026-09-28-md-21823389,,marker,,,0,,,,,0,adaptation,oecd-crs-energy-vnm-2022-q-2026-09-28-md-21823389,oecd_crs_energy_microdata,1,2026-09-28,accepted,,
crs-marker-desertification-oecd-crs-energy-vnm-2022-q-2026-09-28-md-21823389,line,oecd-crs-energy-vnm-2022-q-2026-09-28-md-21823389,,marker,,,0,,,,,0,desertification,oecd-crs-energy-vnm-2022-q-2026-09-28-md-21823389,oecd_crs_energy_microdata,1,2026-09-28,accepted,,
crs-flow-oecd-crs-energy-vnm-2022-q-2026-09-28-md-21317727,line,oecd-crs-energy-vnm-2022-q-2026-09-28-md-21317727,money,flow,commitment,unknown,66174,,,USD,USD,,,oecd-crs-energy-vnm-2022-q-2026-09-28-md-21317727,oecd_crs_energy_microdata,1,2026-09-28,accepted,,"OECD Q value already in 2024 constant USD; UNIT_MULT applied, no FX or deflator rate applied"
crs-marker-biodiversity-oecd-crs-energy-vnm-2022-q-2026-09-28-md-21317727,line,oecd-crs-energy-vnm-2022-q-2026-09-28-md-21317727,,marker,,,0,,,,,0,biodiversity,oecd-crs-energy-vnm-2022-q-2026-09-28-md-21317727,oecd_crs_energy_microdata,1,2026-09-28,accepted,,
crs-marker-mitigation-oecd-crs-energy-vnm-2022-q-2026-09-28-md-21317727,line,oecd-crs-energy-vnm-2022-q-2026-09-28-md-21317727,,marker,,,2,,,,,2,mitigation,oecd-crs-energy-vnm-2022-q-2026-09-28-md-21317727,oecd_crs_energy_microdata,1,2026-09-28,accepted,,
crs-marker-adaptation-oecd-crs-energy-vnm-2022-q-2026-09-28-md-21317727,line,oecd-crs-energy-vnm-2022-q-2026-09-28-md-21317727,,marker,,,0,,,,,0,adaptation,oecd-crs-energy-vnm-2022-q-2026-09-28-md-21317727,oecd_crs_energy_microdata,1,2026-09-28,accepted,,
crs-marker-desertification-oecd-crs-energy-vnm-2022-q-2026-09-28-md-21317727,line,oecd-crs-energy-vnm-2022-q-2026-09-28-md-21317727,,marker,,,0,,,,,0,desertification,oecd-crs-energy-vnm-2022-q-2026-09-28-md-21317727,oecd_crs_energy_microdata,1,2026-09-28,accepted,,
crs-flow-oecd-crs-energy-vnm-2022-q-2026-09-28-md-21293020,line,oecd-crs-energy-vnm-2022-q-2026-09-28-md-21293020,money,flow,commitment,unknown,92737508,,,USD,USD,,,oecd-crs-energy-vnm-2022-q-2026-09-28-md-21293020,oecd_crs_energy_microdata,1,2026-09-28,accepted,,"OECD Q value already in 2024 constant USD; UNIT_MULT applied, no FX or deflator rate applied"
crs-marker-biodiversity-oecd-crs-energy-vnm-2022-q-2026-09-28-md-21293020,line,oecd-crs-energy-vnm-2022-q-2026-09-28-md-21293020,,marker,,,0,,,,,0,biodiversity,oecd-crs-energy-vnm-2022-q-2026-09-28-md-21293020,oecd_crs_energy_microdata,1,2026-09-28,accepted,,
crs-marker-mitigation-oecd-crs-energy-vnm-2022-q-2026-09-28-md-21293020,line,oecd-crs-energy-vnm-2022-q-2026-09-28-md-21293020,,marker,,,1,,,,,1,mitigation,oecd-crs-energy-vnm-2022-q-2026-09-28-md-21293020,oecd_crs_energy_microdata,1,2026-09-28,accepted,,
crs-marker-adaptation-oecd-crs-energy-vnm-2022-q-2026-09-28-md-21293020,line,oecd-crs-energy-vnm-2022-q-2026-09-28-md-21293020,,marker,,,,,,,,not_screened,adaptation,oecd-crs-energy-vnm-2022-q-2026-09-28-md-21293020,oecd_crs_energy_microdata,1,2026-09-28,accepted,,
crs-marker-desertification-oecd-crs-energy-vnm-2022-q-2026-09-28-md-21293020,line,oecd-crs-energy-vnm-2022-q-2026-09-28-md-21293020,,marker,,,0,,,,,0,desertification,oecd-crs-energy-vnm-2022-q-2026-09-28-md-21293020,oecd_crs_energy_microdata,1,2026-09-28,accepted,,
crs-flow-oecd-crs-energy-vnm-2022-q-2026-09-28-md-21798582,line,oecd-crs-energy-vnm-2022-q-2026-09-28-md-21798582,money,flow,disbursement,unknown,1331153,,,USD,USD,,,oecd-crs-energy-vnm-2022-q-2026-09-28-md-21798582,oecd_crs_energy_microdata,1,2026-09-28,accepted,,"OECD Q value already in 2024 constant USD; UNIT_MULT applied, no FX or deflator rate applied"
crs-marker-biodiversity-oecd-crs-energy-vnm-2022-q-2026-09-28-md-21798582,line,oecd-crs-energy-vnm-2022-q-2026-09-28-md-21798582,,marker,,,0,,,,,0,biodiversity,oecd-crs-energy-vnm-2022-q-2026-09-28-md-21798582,oecd_crs_energy_microdata,1,2026-09-28,accepted,,
crs-marker-mitigation-oecd-crs-energy-vnm-2022-q-2026-09-28-md-21798582,line,oecd-crs-energy-vnm-2022-q-2026-09-28-md-21798582,,marker,,,1,,,,,1,mitigation,oecd-crs-energy-vnm-2022-q-2026-09-28-md-21798582,oecd_crs_energy_microdata,1,2026-09-28,accepted,,
crs-marker-adaptation-oecd-crs-energy-vnm-2022-q-2026-09-28-md-21798582,line,oecd-crs-energy-vnm-2022-q-2026-09-28-md-21798582,,marker,,,,,,,,not_screened,adaptation,oecd-crs-energy-vnm-2022-q-2026-09-28-md-21798582,oecd_crs_energy_microdata,1,2026-09-28,accepted,,
crs-marker-desertification-oecd-crs-energy-vnm-2022-q-2026-09-28-md-21798582,line,oecd-crs-energy-vnm-2022-q-2026-09-28-md-21798582,,marker,,,0,,,,,0,desertification,oecd-crs-energy-vnm-2022-q-2026-09-28-md-21798582,oecd_crs_energy_microdata,1,2026-09-28,accepted,,
crs-flow-oecd-crs-energy-vnm-2022-q-2026-09-28-md-21798375,line,oecd-crs-energy-vnm-2022-q-2026-09-28-md-21798375,money,flow,disbursement,unknown,8061475,,,USD,USD,,,oecd-crs-energy-vnm-2022-q-2026-09-28-md-21798375,oecd_crs_energy_microdata,1,2026-09-28,accepted,,"OECD Q value already in 2024 constant USD; UNIT_MULT applied, no FX or deflator rate applied"
crs-marker-biodiversity-oecd-crs-energy-vnm-2022-q-2026-09-28-md-21798375,line,oecd-crs-energy-vnm-2022-q-2026-09-28-md-21798375,,marker,,,0,,,,,0,biodiversity,oecd-crs-energy-vnm-2022-q-2026-09-28-md-21798375,oecd_crs_energy_microdata,1,2026-09-28,accepted,,
crs-marker-mitigation-oecd-crs-energy-vnm-2022-q-2026-09-28-md-21798375,line,oecd-crs-energy-vnm-2022-q-2026-09-28-md-21798375,,marker,,,2,,,,,2,mitigation,oecd-crs-energy-vnm-2022-q-2026-09-28-md-21798375,oecd_crs_energy_microdata,1,2026-09-28,accepted,,
crs-marker-adaptation-oecd-crs-energy-vnm-2022-q-2026-09-28-md-21798375,line,oecd-crs-energy-vnm-2022-q-2026-09-28-md-21798375,,marker,,,,,,,,not_screened,adaptation,oecd-crs-energy-vnm-2022-q-2026-09-28-md-21798375,oecd_crs_energy_microdata,1,2026-09-28,accepted,,
crs-marker-desertification-oecd-crs-energy-vnm-2022-q-2026-09-28-md-21798375,line,oecd-crs-energy-vnm-2022-q-2026-09-28-md-21798375,,marker,,,,,,,,not_screened,desertification,oecd-crs-energy-vnm-2022-q-2026-09-28-md-21798375,oecd_crs_energy_microdata,1,2026-09-28,accepted,,
crs-flow-oecd-crs-energy-vnm-2022-q-2026-09-28-md-21798249,line,oecd-crs-energy-vnm-2022-q-2026-09-28-md-21798249,money,flow,disbursement,unknown,8014803,,,USD,USD,,,oecd-crs-energy-vnm-2022-q-2026-09-28-md-21798249,oecd_crs_energy_microdata,1,2026-09-28,accepted,,"OECD Q value already in 2024 constant USD; UNIT_MULT applied, no FX or deflator rate applied"
crs-marker-biodiversity-oecd-crs-energy-vnm-2022-q-2026-09-28-md-21798249,line,oecd-crs-energy-vnm-2022-q-2026-09-28-md-21798249,,marker,,,0,,,,,0,biodiversity,oecd-crs-energy-vnm-2022-q-2026-09-28-md-21798249,oecd_crs_energy_microdata,1,2026-09-28,accepted,,
crs-marker-mitigation-oecd-crs-energy-vnm-2022-q-2026-09-28-md-21798249,line,oecd-crs-energy-vnm-2022-q-2026-09-28-md-21798249,,marker,,,2,,,,,2,mitigation,oecd-crs-energy-vnm-2022-q-2026-09-28-md-21798249,oecd_crs_energy_microdata,1,2026-09-28,accepted,,
crs-marker-adaptation-oecd-crs-energy-vnm-2022-q-2026-09-28-md-21798249,line,oecd-crs-energy-vnm-2022-q-2026-09-28-md-21798249,,marker,,,,,,,,not_screened,adaptation,oecd-crs-energy-vnm-2022-q-2026-09-28-md-21798249,oecd_crs_energy_microdata,1,2026-09-28,accepted,,
crs-marker-desertification-oecd-crs-energy-vnm-2022-q-2026-09-28-md-21798249,line,oecd-crs-energy-vnm-2022-q-2026-09-28-md-21798249,,marker,,,,,,,,not_screened,desertification,oecd-crs-energy-vnm-2022-q-2026-09-28-md-21798249,oecd_crs_energy_microdata,1,2026-09-28,accepted,,
crs-flow-oecd-crs-energy-vnm-2022-q-2026-09-28-md-21802502,line,oecd-crs-energy-vnm-2022-q-2026-09-28-md-21802502,money,flow,disbursement,unknown,2378369,,,USD,USD,,,oecd-crs-energy-vnm-2022-q-2026-09-28-md-21802502,oecd_crs_energy_microdata,1,2026-09-28,accepted,,"OECD Q value already in 2024 constant USD; UNIT_MULT applied, no FX or deflator rate applied"
crs-marker-biodiversity-oecd-crs-energy-vnm-2022-q-2026-09-28-md-21802502,line,oecd-crs-energy-vnm-2022-q-2026-09-28-md-21802502,,marker,,,0,,,,,0,biodiversity,oecd-crs-energy-vnm-2022-q-2026-09-28-md-21802502,oecd_crs_energy_microdata,1,2026-09-28,accepted,,
crs-marker-mitigation-oecd-crs-energy-vnm-2022-q-2026-09-28-md-21802502,line,oecd-crs-energy-vnm-2022-q-2026-09-28-md-21802502,,marker,,,2,,,,,2,mitigation,oecd-crs-energy-vnm-2022-q-2026-09-28-md-21802502,oecd_crs_energy_microdata,1,2026-09-28,accepted,,
crs-marker-adaptation-oecd-crs-energy-vnm-2022-q-2026-09-28-md-21802502,line,oecd-crs-energy-vnm-2022-q-2026-09-28-md-21802502,,marker,,,,,,,,not_screened,adaptation,oecd-crs-energy-vnm-2022-q-2026-09-28-md-21802502,oecd_crs_energy_microdata,1,2026-09-28,accepted,,
crs-marker-desertification-oecd-crs-energy-vnm-2022-q-2026-09-28-md-21802502,line,oecd-crs-energy-vnm-2022-q-2026-09-28-md-21802502,,marker,,,,,,,,not_screened,desertification,oecd-crs-energy-vnm-2022-q-2026-09-28-md-21802502,oecd_crs_energy_microdata,1,2026-09-28,accepted,,
crs-flow-oecd-crs-energy-vnm-2022-q-2026-09-28-md-21415983,line,oecd-crs-energy-vnm-2022-q-2026-09-28-md-21415983,money,flow,commitment,unknown,405727,,,USD,USD,,,oecd-crs-energy-vnm-2022-q-2026-09-28-md-21415983,oecd_crs_energy_microdata,1,2026-09-28,accepted,,"OECD Q value already in 2024 constant USD; UNIT_MULT applied, no FX or deflator rate applied"
crs-marker-biodiversity-oecd-crs-energy-vnm-2022-q-2026-09-28-md-21415983,line,oecd-crs-energy-vnm-2022-q-2026-09-28-md-21415983,,marker,,,,,,,,not_screened,biodiversity,oecd-crs-energy-vnm-2022-q-2026-09-28-md-21415983,oecd_crs_energy_microdata,1,2026-09-28,accepted,,
crs-marker-mitigation-oecd-crs-energy-vnm-2022-q-2026-09-28-md-21415983,line,oecd-crs-energy-vnm-2022-q-2026-09-28-md-21415983,,marker,,,,,,,,not_screened,mitigation,oecd-crs-energy-vnm-2022-q-2026-09-28-md-21415983,oecd_crs_energy_microdata,1,2026-09-28,accepted,,
crs-marker-adaptation-oecd-crs-energy-vnm-2022-q-2026-09-28-md-21415983,line,oecd-crs-energy-vnm-2022-q-2026-09-28-md-21415983,,marker,,,,,,,,not_screened,adaptation,oecd-crs-energy-vnm-2022-q-2026-09-28-md-21415983,oecd_crs_energy_microdata,1,2026-09-28,accepted,,
crs-marker-desertification-oecd-crs-energy-vnm-2022-q-2026-09-28-md-21415983,line,oecd-crs-energy-vnm-2022-q-2026-09-28-md-21415983,,marker,,,,,,,,not_screened,desertification,oecd-crs-energy-vnm-2022-q-2026-09-28-md-21415983,oecd_crs_energy_microdata,1,2026-09-28,accepted,,
crs-flow-oecd-crs-energy-vnm-2022-q-2026-09-28-md-21296467,line,oecd-crs-energy-vnm-2022-q-2026-09-28-md-21296467,money,flow,commitment,unknown,1159219,,,USD,USD,,,oecd-crs-energy-vnm-2022-q-2026-09-28-md-21296467,oecd_crs_energy_microdata,1,2026-09-28,accepted,,"OECD Q value already in 2024 constant USD; UNIT_MULT applied, no FX or deflator rate applied"
crs-marker-biodiversity-oecd-crs-energy-vnm-2022-q-2026-09-28-md-21296467,line,oecd-crs-energy-vnm-2022-q-2026-09-28-md-21296467,,marker,,,,,,,,not_screened,biodiversity,oecd-crs-energy-vnm-2022-q-2026-09-28-md-21296467,oecd_crs_energy_microdata,1,2026-09-28,accepted,,
crs-marker-mitigation-oecd-crs-energy-vnm-2022-q-2026-09-28-md-21296467,line,oecd-crs-energy-vnm-2022-q-2026-09-28-md-21296467,,marker,,,,,,,,not_screened,mitigation,oecd-crs-energy-vnm-2022-q-2026-09-28-md-21296467,oecd_crs_energy_microdata,1,2026-09-28,accepted,,
crs-marker-adaptation-oecd-crs-energy-vnm-2022-q-2026-09-28-md-21296467,line,oecd-crs-energy-vnm-2022-q-2026-09-28-md-21296467,,marker,,,,,,,,not_screened,adaptation,oecd-crs-energy-vnm-2022-q-2026-09-28-md-21296467,oecd_crs_energy_microdata,1,2026-09-28,accepted,,
crs-marker-desertification-oecd-crs-energy-vnm-2022-q-2026-09-28-md-21296467,line,oecd-crs-energy-vnm-2022-q-2026-09-28-md-21296467,,marker,,,,,,,,not_screened,desertification,oecd-crs-energy-vnm-2022-q-2026-09-28-md-21296467,oecd_crs_energy_microdata,1,2026-09-28,accepted,,
crs-flow-oecd-crs-energy-vnm-2022-q-2026-09-28-md-21315745,line,oecd-crs-energy-vnm-2022-q-2026-09-28-md-21315745,money,flow,commitment,unknown,31302,,,USD,USD,,,oecd-crs-energy-vnm-2022-q-2026-09-28-md-21315745,oecd_crs_energy_microdata,1,2026-09-28,accepted,,"OECD Q value already in 2024 constant USD; UNIT_MULT applied, no FX or deflator rate applied"
crs-marker-biodiversity-oecd-crs-energy-vnm-2022-q-2026-09-28-md-21315745,line,oecd-crs-energy-vnm-2022-q-2026-09-28-md-21315745,,marker,,,0,,,,,0,biodiversity,oecd-crs-energy-vnm-2022-q-2026-09-28-md-21315745,oecd_crs_energy_microdata,1,2026-09-28,accepted,,
crs-marker-mitigation-oecd-crs-energy-vnm-2022-q-2026-09-28-md-21315745,line,oecd-crs-energy-vnm-2022-q-2026-09-28-md-21315745,,marker,,,2,,,,,2,mitigation,oecd-crs-energy-vnm-2022-q-2026-09-28-md-21315745,oecd_crs_energy_microdata,1,2026-09-28,accepted,,
crs-marker-adaptation-oecd-crs-energy-vnm-2022-q-2026-09-28-md-21315745,line,oecd-crs-energy-vnm-2022-q-2026-09-28-md-21315745,,marker,,,1,,,,,1,adaptation,oecd-crs-energy-vnm-2022-q-2026-09-28-md-21315745,oecd_crs_energy_microdata,1,2026-09-28,accepted,,
crs-marker-desertification-oecd-crs-energy-vnm-2022-q-2026-09-28-md-21315745,line,oecd-crs-energy-vnm-2022-q-2026-09-28-md-21315745,,marker,,,0,,,,,0,desertification,oecd-crs-energy-vnm-2022-q-2026-09-28-md-21315745,oecd_crs_energy_microdata,1,2026-09-28,accepted,,
crs-flow-oecd-crs-energy-vnm-2022-q-2026-09-28-md-21821865,line,oecd-crs-energy-vnm-2022-q-2026-09-28-md-21821865,money,flow,disbursement,unknown,29388,,,USD,USD,,,oecd-crs-energy-vnm-2022-q-2026-09-28-md-21821865,oecd_crs_energy_microdata,1,2026-09-28,accepted,,"OECD Q value already in 2024 constant USD; UNIT_MULT applied, no FX or deflator rate applied"
crs-marker-biodiversity-oecd-crs-energy-vnm-2022-q-2026-09-28-md-21821865,line,oecd-crs-energy-vnm-2022-q-2026-09-28-md-21821865,,marker,,,0,,,,,0,biodiversity,oecd-crs-energy-vnm-2022-q-2026-09-28-md-21821865,oecd_crs_energy_microdata,1,2026-09-28,accepted,,
crs-marker-mitigation-oecd-crs-energy-vnm-2022-q-2026-09-28-md-21821865,line,oecd-crs-energy-vnm-2022-q-2026-09-28-md-21821865,,marker,,,2,,,,,2,mitigation,oecd-crs-energy-vnm-2022-q-2026-09-28-md-21821865,oecd_crs_energy_microdata,1,2026-09-28,accepted,,
crs-marker-adaptation-oecd-crs-energy-vnm-2022-q-2026-09-28-md-21821865,line,oecd-crs-energy-vnm-2022-q-2026-09-28-md-21821865,,marker,,,1,,,,,1,adaptation,oecd-crs-energy-vnm-2022-q-2026-09-28-md-21821865,oecd_crs_energy_microdata,1,2026-09-28,accepted,,
crs-marker-desertification-oecd-crs-energy-vnm-2022-q-2026-09-28-md-21821865,line,oecd-crs-energy-vnm-2022-q-2026-09-28-md-21821865,,marker,,,0,,,,,0,desertification,oecd-crs-energy-vnm-2022-q-2026-09-28-md-21821865,oecd_crs_energy_microdata,1,2026-09-28,accepted,,
crs-flow-oecd-crs-energy-vnm-2022-q-2026-09-28-md-21750754,line,oecd-crs-energy-vnm-2022-q-2026-09-28-md-21750754,money,flow,disbursement,unknown,40677,,,USD,USD,,,oecd-crs-energy-vnm-2022-q-2026-09-28-md-21750754,oecd_crs_energy_microdata,1,2026-09-28,accepted,,"OECD Q value already in 2024 constant USD; UNIT_MULT applied, no FX or deflator rate applied"
crs-marker-biodiversity-oecd-crs-energy-vnm-2022-q-2026-09-28-md-21750754,line,oecd-crs-energy-vnm-2022-q-2026-09-28-md-21750754,,marker,,,0,,,,,0,biodiversity,oecd-crs-energy-vnm-2022-q-2026-09-28-md-21750754,oecd_crs_energy_microdata,1,2026-09-28,accepted,,
crs-marker-mitigation-oecd-crs-energy-vnm-2022-q-2026-09-28-md-21750754,line,oecd-crs-energy-vnm-2022-q-2026-09-28-md-21750754,,marker,,,0,,,,,0,mitigation,oecd-crs-energy-vnm-2022-q-2026-09-28-md-21750754,oecd_crs_energy_microdata,1,2026-09-28,accepted,,
crs-marker-adaptation-oecd-crs-energy-vnm-2022-q-2026-09-28-md-21750754,line,oecd-crs-energy-vnm-2022-q-2026-09-28-md-21750754,,marker,,,0,,,,,0,adaptation,oecd-crs-energy-vnm-2022-q-2026-09-28-md-21750754,oecd_crs_energy_microdata,1,2026-09-28,accepted,,
crs-marker-desertification-oecd-crs-energy-vnm-2022-q-2026-09-28-md-21750754,line,oecd-crs-energy-vnm-2022-q-2026-09-28-md-21750754,,marker,,,0,,,,,0,desertification,oecd-crs-energy-vnm-2022-q-2026-09-28-md-21750754,oecd_crs_energy_microdata,1,2026-09-28,accepted,,
crs-flow-oecd-crs-energy-vnm-2022-q-2026-09-28-md-21750753,line,oecd-crs-energy-vnm-2022-q-2026-09-28-md-21750753,money,flow,disbursement,unknown,40677,,,USD,USD,,,oecd-crs-energy-vnm-2022-q-2026-09-28-md-21750753,oecd_crs_energy_microdata,1,2026-09-28,accepted,,"OECD Q value already in 2024 constant USD; UNIT_MULT applied, no FX or deflator rate applied"
crs-marker-biodiversity-oecd-crs-energy-vnm-2022-q-2026-09-28-md-21750753,line,oecd-crs-energy-vnm-2022-q-2026-09-28-md-21750753,,marker,,,0,,,,,0,biodiversity,oecd-crs-energy-vnm-2022-q-2026-09-28-md-21750753,oecd_crs_energy_microdata,1,2026-09-28,accepted,,
crs-marker-mitigation-oecd-crs-energy-vnm-2022-q-2026-09-28-md-21750753,line,oecd-crs-energy-vnm-2022-q-2026-09-28-md-21750753,,marker,,,0,,,,,0,mitigation,oecd-crs-energy-vnm-2022-q-2026-09-28-md-21750753,oecd_crs_energy_microdata,1,2026-09-28,accepted,,
crs-marker-adaptation-oecd-crs-energy-vnm-2022-q-2026-09-28-md-21750753,line,oecd-crs-energy-vnm-2022-q-2026-09-28-md-21750753,,marker,,,0,,,,,0,adaptation,oecd-crs-energy-vnm-2022-q-2026-09-28-md-21750753,oecd_crs_energy_microdata,1,2026-09-28,accepted,,
crs-marker-desertification-oecd-crs-energy-vnm-2022-q-2026-09-28-md-21750753,line,oecd-crs-energy-vnm-2022-q-2026-09-28-md-21750753,,marker,,,0,,,,,0,desertification,oecd-crs-energy-vnm-2022-q-2026-09-28-md-21750753,oecd_crs_energy_microdata,1,2026-09-28,accepted,,
crs-flow-oecd-crs-energy-vnm-2022-q-2026-09-28-md-21364516,line,oecd-crs-energy-vnm-2022-q-2026-09-28-md-21364516,money,flow,commitment,unknown,993730,,,USD,USD,,,oecd-crs-energy-vnm-2022-q-2026-09-28-md-21364516,oecd_crs_energy_microdata,1,2026-09-28,accepted,,"OECD Q value already in 2024 constant USD; UNIT_MULT applied, no FX or deflator rate applied"
crs-marker-biodiversity-oecd-crs-energy-vnm-2022-q-2026-09-28-md-21364516,line,oecd-crs-energy-vnm-2022-q-2026-09-28-md-21364516,,marker,,,0,,,,,0,biodiversity,oecd-crs-energy-vnm-2022-q-2026-09-28-md-21364516,oecd_crs_energy_microdata,1,2026-09-28,accepted,,
crs-marker-mitigation-oecd-crs-energy-vnm-2022-q-2026-09-28-md-21364516,line,oecd-crs-energy-vnm-2022-q-2026-09-28-md-21364516,,marker,,,2,,,,,2,mitigation,oecd-crs-energy-vnm-2022-q-2026-09-28-md-21364516,oecd_crs_energy_microdata,1,2026-09-28,accepted,,
crs-marker-adaptation-oecd-crs-energy-vnm-2022-q-2026-09-28-md-21364516,line,oecd-crs-energy-vnm-2022-q-2026-09-28-md-21364516,,marker,,,0,,,,,0,adaptation,oecd-crs-energy-vnm-2022-q-2026-09-28-md-21364516,oecd_crs_energy_microdata,1,2026-09-28,accepted,,
crs-marker-desertification-oecd-crs-energy-vnm-2022-q-2026-09-28-md-21364516,line,oecd-crs-energy-vnm-2022-q-2026-09-28-md-21364516,,marker,,,,,,,,not_screened,desertification,oecd-crs-energy-vnm-2022-q-2026-09-28-md-21364516,oecd_crs_energy_microdata,1,2026-09-28,accepted,,
crs-flow-oecd-crs-energy-vnm-2022-q-2026-09-28-md-21355729,line,oecd-crs-energy-vnm-2022-q-2026-09-28-md-21355729,money,flow,commitment,unknown,3971476,,,USD,USD,,,oecd-crs-energy-vnm-2022-q-2026-09-28-md-21355729,oecd_crs_energy_microdata,1,2026-09-28,accepted,,"OECD Q value already in 2024 constant USD; UNIT_MULT applied, no FX or deflator rate applied"
crs-marker-biodiversity-oecd-crs-energy-vnm-2022-q-2026-09-28-md-21355729,line,oecd-crs-energy-vnm-2022-q-2026-09-28-md-21355729,,marker,,,0,,,,,0,biodiversity,oecd-crs-energy-vnm-2022-q-2026-09-28-md-21355729,oecd_crs_energy_microdata,1,2026-09-28,accepted,,
crs-marker-mitigation-oecd-crs-energy-vnm-2022-q-2026-09-28-md-21355729,line,oecd-crs-energy-vnm-2022-q-2026-09-28-md-21355729,,marker,,,2,,,,,2,mitigation,oecd-crs-energy-vnm-2022-q-2026-09-28-md-21355729,oecd_crs_energy_microdata,1,2026-09-28,accepted,,
crs-marker-adaptation-oecd-crs-energy-vnm-2022-q-2026-09-28-md-21355729,line,oecd-crs-energy-vnm-2022-q-2026-09-28-md-21355729,,marker,,,0,,,,,0,adaptation,oecd-crs-energy-vnm-2022-q-2026-09-28-md-21355729,oecd_crs_energy_microdata,1,2026-09-28,accepted,,
crs-marker-desertification-oecd-crs-energy-vnm-2022-q-2026-09-28-md-21355729,line,oecd-crs-energy-vnm-2022-q-2026-09-28-md-21355729,,marker,,,,,,,,not_screened,desertification,oecd-crs-energy-vnm-2022-q-2026-09-28-md-21355729,oecd_crs_energy_microdata,1,2026-09-28,accepted,,
crs-flow-oecd-crs-energy-vnm-2022-q-2026-09-28-md-21016910,line,oecd-crs-energy-vnm-2022-q-2026-09-28-md-21016910,money,flow,disbursement,unknown,756,,,USD,USD,,,oecd-crs-energy-vnm-2022-q-2026-09-28-md-21016910,oecd_crs_energy_microdata,1,2026-09-28,accepted,,"OECD Q value already in 2024 constant USD; UNIT_MULT applied, no FX or deflator rate applied"
crs-marker-biodiversity-oecd-crs-energy-vnm-2022-q-2026-09-28-md-21016910,line,oecd-crs-energy-vnm-2022-q-2026-09-28-md-21016910,,marker,,,1,,,,,1,biodiversity,oecd-crs-energy-vnm-2022-q-2026-09-28-md-21016910,oecd_crs_energy_microdata,1,2026-09-28,accepted,,
crs-marker-mitigation-oecd-crs-energy-vnm-2022-q-2026-09-28-md-21016910,line,oecd-crs-energy-vnm-2022-q-2026-09-28-md-21016910,,marker,,,0,,,,,0,mitigation,oecd-crs-energy-vnm-2022-q-2026-09-28-md-21016910,oecd_crs_energy_microdata,1,2026-09-28,accepted,,
crs-marker-adaptation-oecd-crs-energy-vnm-2022-q-2026-09-28-md-21016910,line,oecd-crs-energy-vnm-2022-q-2026-09-28-md-21016910,,marker,,,0,,,,,0,adaptation,oecd-crs-energy-vnm-2022-q-2026-09-28-md-21016910,oecd_crs_energy_microdata,1,2026-09-28,accepted,,
crs-marker-desertification-oecd-crs-energy-vnm-2022-q-2026-09-28-md-21016910,line,oecd-crs-energy-vnm-2022-q-2026-09-28-md-21016910,,marker,,,0,,,,,0,desertification,oecd-crs-energy-vnm-2022-q-2026-09-28-md-21016910,oecd_crs_energy_microdata,1,2026-09-28,accepted,,
crs-flow-oecd-crs-energy-vnm-2022-q-2026-09-28-md-21419799,line,oecd-crs-energy-vnm-2022-q-2026-09-28-md-21419799,money,flow,commitment,unknown,12655,,,USD,USD,,,oecd-crs-energy-vnm-2022-q-2026-09-28-md-21419799,oecd_crs_energy_microdata,1,2026-09-28,accepted,,"OECD Q value already in 2024 constant USD; UNIT_MULT applied, no FX or deflator rate applied"
crs-marker-biodiversity-oecd-crs-energy-vnm-2022-q-2026-09-28-md-21419799,line,oecd-crs-energy-vnm-2022-q-2026-09-28-md-21419799,,marker,,,1,,,,,1,biodiversity,oecd-crs-energy-vnm-2022-q-2026-09-28-md-21419799,oecd_crs_energy_microdata,1,2026-09-28,accepted,,
crs-marker-mitigation-oecd-crs-energy-vnm-2022-q-2026-09-28-md-21419799,line,oecd-crs-energy-vnm-2022-q-2026-09-28-md-21419799,,marker,,,0,,,,,0,mitigation,oecd-crs-energy-vnm-2022-q-2026-09-28-md-21419799,oecd_crs_energy_microdata,1,2026-09-28,accepted,,
crs-marker-adaptation-oecd-crs-energy-vnm-2022-q-2026-09-28-md-21419799,line,oecd-crs-energy-vnm-2022-q-2026-09-28-md-21419799,,marker,,,0,,,,,0,adaptation,oecd-crs-energy-vnm-2022-q-2026-09-28-md-21419799,oecd_crs_energy_microdata,1,2026-09-28,accepted,,
crs-marker-desertification-oecd-crs-energy-vnm-2022-q-2026-09-28-md-21419799,line,oecd-crs-energy-vnm-2022-q-2026-09-28-md-21419799,,marker,,,0,,,,,0,desertification,oecd-crs-energy-vnm-2022-q-2026-09-28-md-21419799,oecd_crs_energy_microdata,1,2026-09-28,accepted,,
crs-flow-oecd-crs-energy-vnm-2022-q-2026-09-28-md-21419798,line,oecd-crs-energy-vnm-2022-q-2026-09-28-md-21419798,money,flow,commitment,unknown,756,,,USD,USD,,,oecd-crs-energy-vnm-2022-q-2026-09-28-md-21419798,oecd_crs_energy_microdata,1,2026-09-28,accepted,,"OECD Q value already in 2024 constant USD; UNIT_MULT applied, no FX or deflator rate applied"
crs-marker-biodiversity-oecd-crs-energy-vnm-2022-q-2026-09-28-md-21419798,line,oecd-crs-energy-vnm-2022-q-2026-09-28-md-21419798,,marker,,,1,,,,,1,biodiversity,oecd-crs-energy-vnm-2022-q-2026-09-28-md-21419798,oecd_crs_energy_microdata,1,2026-09-28,accepted,,
crs-marker-mitigation-oecd-crs-energy-vnm-2022-q-2026-09-28-md-21419798,line,oecd-crs-energy-vnm-2022-q-2026-09-28-md-21419798,,marker,,,0,,,,,0,mitigation,oecd-crs-energy-vnm-2022-q-2026-09-28-md-21419798,oecd_crs_energy_microdata,1,2026-09-28,accepted,,
crs-marker-adaptation-oecd-crs-energy-vnm-2022-q-2026-09-28-md-21419798,line,oecd-crs-energy-vnm-2022-q-2026-09-28-md-21419798,,marker,,,0,,,,,0,adaptation,oecd-crs-energy-vnm-2022-q-2026-09-28-md-21419798,oecd_crs_energy_microdata,1,2026-09-28,accepted,,
crs-marker-desertification-oecd-crs-energy-vnm-2022-q-2026-09-28-md-21419798,line,oecd-crs-energy-vnm-2022-q-2026-09-28-md-21419798,,marker,,,0,,,,,0,desertification,oecd-crs-energy-vnm-2022-q-2026-09-28-md-21419798,oecd_crs_energy_microdata,1,2026-09-28,accepted,,
crs-flow-oecd-crs-energy-vnm-2022-q-2026-09-28-md-21814508,line,oecd-crs-energy-vnm-2022-q-2026-09-28-md-21814508,money,flow,disbursement,unknown,25063,,,USD,USD,,,oecd-crs-energy-vnm-2022-q-2026-09-28-md-21814508,oecd_crs_energy_microdata,1,2026-09-28,accepted,,"OECD Q value already in 2024 constant USD; UNIT_MULT applied, no FX or deflator rate applied"
crs-marker-biodiversity-oecd-crs-energy-vnm-2022-q-2026-09-28-md-21814508,line,oecd-crs-energy-vnm-2022-q-2026-09-28-md-21814508,,marker,,,1,,,,,1,biodiversity,oecd-crs-energy-vnm-2022-q-2026-09-28-md-21814508,oecd_crs_energy_microdata,1,2026-09-28,accepted,,
crs-marker-mitigation-oecd-crs-energy-vnm-2022-q-2026-09-28-md-21814508,line,oecd-crs-energy-vnm-2022-q-2026-09-28-md-21814508,,marker,,,0,,,,,0,mitigation,oecd-crs-energy-vnm-2022-q-2026-09-28-md-21814508,oecd_crs_energy_microdata,1,2026-09-28,accepted,,
crs-marker-adaptation-oecd-crs-energy-vnm-2022-q-2026-09-28-md-21814508,line,oecd-crs-energy-vnm-2022-q-2026-09-28-md-21814508,,marker,,,1,,,,,1,adaptation,oecd-crs-energy-vnm-2022-q-2026-09-28-md-21814508,oecd_crs_energy_microdata,1,2026-09-28,accepted,,
crs-marker-desertification-oecd-crs-energy-vnm-2022-q-2026-09-28-md-21814508,line,oecd-crs-energy-vnm-2022-q-2026-09-28-md-21814508,,marker,,,0,,,,,0,desertification,oecd-crs-energy-vnm-2022-q-2026-09-28-md-21814508,oecd_crs_energy_microdata,1,2026-09-28,accepted,,
crs-flow-oecd-crs-energy-vnm-2022-q-2026-09-28-md-21308725,line,oecd-crs-energy-vnm-2022-q-2026-09-28-md-21308725,money,flow,commitment,unknown,3009,,,USD,USD,,,oecd-crs-energy-vnm-2022-q-2026-09-28-md-21308725,oecd_crs_energy_microdata,1,2026-09-28,accepted,,"OECD Q value already in 2024 constant USD; UNIT_MULT applied, no FX or deflator rate applied"
crs-marker-biodiversity-oecd-crs-energy-vnm-2022-q-2026-09-28-md-21308725,line,oecd-crs-energy-vnm-2022-q-2026-09-28-md-21308725,,marker,,,1,,,,,1,biodiversity,oecd-crs-energy-vnm-2022-q-2026-09-28-md-21308725,oecd_crs_energy_microdata,1,2026-09-28,accepted,,
crs-marker-mitigation-oecd-crs-energy-vnm-2022-q-2026-09-28-md-21308725,line,oecd-crs-energy-vnm-2022-q-2026-09-28-md-21308725,,marker,,,0,,,,,0,mitigation,oecd-crs-energy-vnm-2022-q-2026-09-28-md-21308725,oecd_crs_energy_microdata,1,2026-09-28,accepted,,
crs-marker-adaptation-oecd-crs-energy-vnm-2022-q-2026-09-28-md-21308725,line,oecd-crs-energy-vnm-2022-q-2026-09-28-md-21308725,,marker,,,0,,,,,0,adaptation,oecd-crs-energy-vnm-2022-q-2026-09-28-md-21308725,oecd_crs_energy_microdata,1,2026-09-28,accepted,,
crs-marker-desertification-oecd-crs-energy-vnm-2022-q-2026-09-28-md-21308725,line,oecd-crs-energy-vnm-2022-q-2026-09-28-md-21308725,,marker,,,0,,,,,0,desertification,oecd-crs-energy-vnm-2022-q-2026-09-28-md-21308725,oecd_crs_energy_microdata,1,2026-09-28,accepted,,
crs-flow-oecd-crs-energy-vnm-2022-q-2026-09-28-md-21810902,line,oecd-crs-energy-vnm-2022-q-2026-09-28-md-21810902,money,flow,disbursement,unknown,180,,,USD,USD,,,oecd-crs-energy-vnm-2022-q-2026-09-28-md-21810902,oecd_crs_energy_microdata,1,2026-09-28,accepted,,"OECD Q value already in 2024 constant USD; UNIT_MULT applied, no FX or deflator rate applied"
crs-marker-biodiversity-oecd-crs-energy-vnm-2022-q-2026-09-28-md-21810902,line,oecd-crs-energy-vnm-2022-q-2026-09-28-md-21810902,,marker,,,1,,,,,1,biodiversity,oecd-crs-energy-vnm-2022-q-2026-09-28-md-21810902,oecd_crs_energy_microdata,1,2026-09-28,accepted,,
crs-marker-mitigation-oecd-crs-energy-vnm-2022-q-2026-09-28-md-21810902,line,oecd-crs-energy-vnm-2022-q-2026-09-28-md-21810902,,marker,,,0,,,,,0,mitigation,oecd-crs-energy-vnm-2022-q-2026-09-28-md-21810902,oecd_crs_energy_microdata,1,2026-09-28,accepted,,
crs-marker-adaptation-oecd-crs-energy-vnm-2022-q-2026-09-28-md-21810902,line,oecd-crs-energy-vnm-2022-q-2026-09-28-md-21810902,,marker,,,0,,,,,0,adaptation,oecd-crs-energy-vnm-2022-q-2026-09-28-md-21810902,oecd_crs_energy_microdata,1,2026-09-28,accepted,,
crs-marker-desertification-oecd-crs-energy-vnm-2022-q-2026-09-28-md-21810902,line,oecd-crs-energy-vnm-2022-q-2026-09-28-md-21810902,,marker,,,0,,,,,0,desertification,oecd-crs-energy-vnm-2022-q-2026-09-28-md-21810902,oecd_crs_energy_microdata,1,2026-09-28,accepted,,
crs-flow-oecd-crs-energy-vnm-2022-q-2026-09-28-md-21810903,line,oecd-crs-energy-vnm-2022-q-2026-09-28-md-21810903,money,flow,disbursement,unknown,3009,,,USD,USD,,,oecd-crs-energy-vnm-2022-q-2026-09-28-md-21810903,oecd_crs_energy_microdata,1,2026-09-28,accepted,,"OECD Q value already in 2024 constant USD; UNIT_MULT applied, no FX or deflator rate applied"
crs-marker-biodiversity-oecd-crs-energy-vnm-2022-q-2026-09-28-md-21810903,line,oecd-crs-energy-vnm-2022-q-2026-09-28-md-21810903,,marker,,,1,,,,,1,biodiversity,oecd-crs-energy-vnm-2022-q-2026-09-28-md-21810903,oecd_crs_energy_microdata,1,2026-09-28,accepted,,
crs-marker-mitigation-oecd-crs-energy-vnm-2022-q-2026-09-28-md-21810903,line,oecd-crs-energy-vnm-2022-q-2026-09-28-md-21810903,,marker,,,0,,,,,0,mitigation,oecd-crs-energy-vnm-2022-q-2026-09-28-md-21810903,oecd_crs_energy_microdata,1,2026-09-28,accepted,,
crs-marker-adaptation-oecd-crs-energy-vnm-2022-q-2026-09-28-md-21810903,line,oecd-crs-energy-vnm-2022-q-2026-09-28-md-21810903,,marker,,,0,,,,,0,adaptation,oecd-crs-energy-vnm-2022-q-2026-09-28-md-21810903,oecd_crs_energy_microdata,1,2026-09-28,accepted,,
crs-marker-desertification-oecd-crs-energy-vnm-2022-q-2026-09-28-md-21810903,line,oecd-crs-energy-vnm-2022-q-2026-09-28-md-21810903,,marker,,,0,,,,,0,desertification,oecd-crs-energy-vnm-2022-q-2026-09-28-md-21810903,oecd_crs_energy_microdata,1,2026-09-28,accepted,,
crs-flow-oecd-crs-energy-vnm-2022-q-2026-09-28-md-21759531,line,oecd-crs-energy-vnm-2022-q-2026-09-28-md-21759531,money,flow,disbursement,unknown,412659,,,USD,USD,,,oecd-crs-energy-vnm-2022-q-2026-09-28-md-21759531,oecd_crs_energy_microdata,1,2026-09-28,accepted,,"OECD Q value already in 2024 constant USD; UNIT_MULT applied, no FX or deflator rate applied"
crs-marker-biodiversity-oecd-crs-energy-vnm-2022-q-2026-09-28-md-21759531,line,oecd-crs-energy-vnm-2022-q-2026-09-28-md-21759531,,marker,,,0,,,,,0,biodiversity,oecd-crs-energy-vnm-2022-q-2026-09-28-md-21759531,oecd_crs_energy_microdata,1,2026-09-28,accepted,,
crs-marker-mitigation-oecd-crs-energy-vnm-2022-q-2026-09-28-md-21759531,line,oecd-crs-energy-vnm-2022-q-2026-09-28-md-21759531,,marker,,,2,,,,,2,mitigation,oecd-crs-energy-vnm-2022-q-2026-09-28-md-21759531,oecd_crs_energy_microdata,1,2026-09-28,accepted,,
crs-marker-adaptation-oecd-crs-energy-vnm-2022-q-2026-09-28-md-21759531,line,oecd-crs-energy-vnm-2022-q-2026-09-28-md-21759531,,marker,,,0,,,,,0,adaptation,oecd-crs-energy-vnm-2022-q-2026-09-28-md-21759531,oecd_crs_energy_microdata,1,2026-09-28,accepted,,
crs-marker-desertification-oecd-crs-energy-vnm-2022-q-2026-09-28-md-21759531,line,oecd-crs-energy-vnm-2022-q-2026-09-28-md-21759531,,marker,,,0,,,,,0,desertification,oecd-crs-energy-vnm-2022-q-2026-09-28-md-21759531,oecd_crs_energy_microdata,1,2026-09-28,accepted,,
crs-flow-oecd-crs-energy-vnm-2022-q-2026-09-28-md-21262756,line,oecd-crs-energy-vnm-2022-q-2026-09-28-md-21262756,money,flow,commitment,unknown,1650638,,,USD,USD,,,oecd-crs-energy-vnm-2022-q-2026-09-28-md-21262756,oecd_crs_energy_microdata,1,2026-09-28,accepted,,"OECD Q value already in 2024 constant USD; UNIT_MULT applied, no FX or deflator rate applied"
crs-marker-biodiversity-oecd-crs-energy-vnm-2022-q-2026-09-28-md-21262756,line,oecd-crs-energy-vnm-2022-q-2026-09-28-md-21262756,,marker,,,0,,,,,0,biodiversity,oecd-crs-energy-vnm-2022-q-2026-09-28-md-21262756,oecd_crs_energy_microdata,1,2026-09-28,accepted,,
crs-marker-mitigation-oecd-crs-energy-vnm-2022-q-2026-09-28-md-21262756,line,oecd-crs-energy-vnm-2022-q-2026-09-28-md-21262756,,marker,,,2,,,,,2,mitigation,oecd-crs-energy-vnm-2022-q-2026-09-28-md-21262756,oecd_crs_energy_microdata,1,2026-09-28,accepted,,
crs-marker-adaptation-oecd-crs-energy-vnm-2022-q-2026-09-28-md-21262756,line,oecd-crs-energy-vnm-2022-q-2026-09-28-md-21262756,,marker,,,0,,,,,0,adaptation,oecd-crs-energy-vnm-2022-q-2026-09-28-md-21262756,oecd_crs_energy_microdata,1,2026-09-28,accepted,,
crs-marker-desertification-oecd-crs-energy-vnm-2022-q-2026-09-28-md-21262756,line,oecd-crs-energy-vnm-2022-q-2026-09-28-md-21262756,,marker,,,0,,,,,0,desertification,oecd-crs-energy-vnm-2022-q-2026-09-28-md-21262756,oecd_crs_energy_microdata,1,2026-09-28,accepted,,
crs-flow-oecd-crs-energy-vnm-2022-q-2026-09-28-md-21308514,line,oecd-crs-energy-vnm-2022-q-2026-09-28-md-21308514,money,flow,commitment,unknown,113292,,,USD,USD,,,oecd-crs-energy-vnm-2022-q-2026-09-28-md-21308514,oecd_crs_energy_microdata,1,2026-09-28,accepted,,"OECD Q value already in 2024 constant USD; UNIT_MULT applied, no FX or deflator rate applied"
crs-marker-biodiversity-oecd-crs-energy-vnm-2022-q-2026-09-28-md-21308514,line,oecd-crs-energy-vnm-2022-q-2026-09-28-md-21308514,,marker,,,1,,,,,1,biodiversity,oecd-crs-energy-vnm-2022-q-2026-09-28-md-21308514,oecd_crs_energy_microdata,1,2026-09-28,accepted,,
crs-marker-mitigation-oecd-crs-energy-vnm-2022-q-2026-09-28-md-21308514,line,oecd-crs-energy-vnm-2022-q-2026-09-28-md-21308514,,marker,,,0,,,,,0,mitigation,oecd-crs-energy-vnm-2022-q-2026-09-28-md-21308514,oecd_crs_energy_microdata,1,2026-09-28,accepted,,
crs-marker-adaptation-oecd-crs-energy-vnm-2022-q-2026-09-28-md-21308514,line,oecd-crs-energy-vnm-2022-q-2026-09-28-md-21308514,,marker,,,1,,,,,1,adaptation,oecd-crs-energy-vnm-2022-q-2026-09-28-md-21308514,oecd_crs_energy_microdata,1,2026-09-28,accepted,,
crs-marker-desertification-oecd-crs-energy-vnm-2022-q-2026-09-28-md-21308514,line,oecd-crs-energy-vnm-2022-q-2026-09-28-md-21308514,,marker,,,0,,,,,0,desertification,oecd-crs-energy-vnm-2022-q-2026-09-28-md-21308514,oecd_crs_energy_microdata,1,2026-09-28,accepted,,
crs-flow-oecd-crs-energy-vnm-2022-q-2026-09-28-md-21810825,line,oecd-crs-energy-vnm-2022-q-2026-09-28-md-21810825,money,flow,disbursement,unknown,113292,,,USD,USD,,,oecd-crs-energy-vnm-2022-q-2026-09-28-md-21810825,oecd_crs_energy_microdata,1,2026-09-28,accepted,,"OECD Q value already in 2024 constant USD; UNIT_MULT applied, no FX or deflator rate applied"
crs-marker-biodiversity-oecd-crs-energy-vnm-2022-q-2026-09-28-md-21810825,line,oecd-crs-energy-vnm-2022-q-2026-09-28-md-21810825,,marker,,,1,,,,,1,biodiversity,oecd-crs-energy-vnm-2022-q-2026-09-28-md-21810825,oecd_crs_energy_microdata,1,2026-09-28,accepted,,
crs-marker-mitigation-oecd-crs-energy-vnm-2022-q-2026-09-28-md-21810825,line,oecd-crs-energy-vnm-2022-q-2026-09-28-md-21810825,,marker,,,0,,,,,0,mitigation,oecd-crs-energy-vnm-2022-q-2026-09-28-md-21810825,oecd_crs_energy_microdata,1,2026-09-28,accepted,,
crs-marker-adaptation-oecd-crs-energy-vnm-2022-q-2026-09-28-md-21810825,line,oecd-crs-energy-vnm-2022-q-2026-09-28-md-21810825,,marker,,,1,,,,,1,adaptation,oecd-crs-energy-vnm-2022-q-2026-09-28-md-21810825,oecd_crs_energy_microdata,1,2026-09-28,accepted,,
crs-marker-desertification-oecd-crs-energy-vnm-2022-q-2026-09-28-md-21810825,line,oecd-crs-energy-vnm-2022-q-2026-09-28-md-21810825,,marker,,,0,,,,,0,desertification,oecd-crs-energy-vnm-2022-q-2026-09-28-md-21810825,oecd_crs_energy_microdata,1,2026-09-28,accepted,,
crs-flow-oecd-crs-energy-vnm-2022-q-2026-09-28-md-21810842,line,oecd-crs-energy-vnm-2022-q-2026-09-28-md-21810842,money,flow,disbursement,unknown,69784,,,USD,USD,,,oecd-crs-energy-vnm-2022-q-2026-09-28-md-21810842,oecd_crs_energy_microdata,1,2026-09-28,accepted,,"OECD Q value already in 2024 constant USD; UNIT_MULT applied, no FX or deflator rate applied"
crs-marker-biodiversity-oecd-crs-energy-vnm-2022-q-2026-09-28-md-21810842,line,oecd-crs-energy-vnm-2022-q-2026-09-28-md-21810842,,marker,,,0,,,,,0,biodiversity,oecd-crs-energy-vnm-2022-q-2026-09-28-md-21810842,oecd_crs_energy_microdata,1,2026-09-28,accepted,,
crs-marker-mitigation-oecd-crs-energy-vnm-2022-q-2026-09-28-md-21810842,line,oecd-crs-energy-vnm-2022-q-2026-09-28-md-21810842,,marker,,,1,,,,,1,mitigation,oecd-crs-energy-vnm-2022-q-2026-09-28-md-21810842,oecd_crs_energy_microdata,1,2026-09-28,accepted,,
crs-marker-adaptation-oecd-crs-energy-vnm-2022-q-2026-09-28-md-21810842,line,oecd-crs-energy-vnm-2022-q-2026-09-28-md-21810842,,marker,,,1,,,,,1,adaptation,oecd-crs-energy-vnm-2022-q-2026-09-28-md-21810842,oecd_crs_energy_microdata,1,2026-09-28,accepted,,
crs-marker-desertification-oecd-crs-energy-vnm-2022-q-2026-09-28-md-21810842,line,oecd-crs-energy-vnm-2022-q-2026-09-28-md-21810842,,marker,,,0,,,,,0,desertification,oecd-crs-energy-vnm-2022-q-2026-09-28-md-21810842,oecd_crs_energy_microdata,1,2026-09-28,accepted,,
crs-flow-oecd-crs-energy-vnm-2022-q-2026-09-28-md-21308541,line,oecd-crs-energy-vnm-2022-q-2026-09-28-md-21308541,money,flow,commitment,unknown,69784,,,USD,USD,,,oecd-crs-energy-vnm-2022-q-2026-09-28-md-21308541,oecd_crs_energy_microdata,1,2026-09-28,accepted,,"OECD Q value already in 2024 constant USD; UNIT_MULT applied, no FX or deflator rate applied"
crs-marker-biodiversity-oecd-crs-energy-vnm-2022-q-2026-09-28-md-21308541,line,oecd-crs-energy-vnm-2022-q-2026-09-28-md-21308541,,marker,,,0,,,,,0,biodiversity,oecd-crs-energy-vnm-2022-q-2026-09-28-md-21308541,oecd_crs_energy_microdata,1,2026-09-28,accepted,,
crs-marker-mitigation-oecd-crs-energy-vnm-2022-q-2026-09-28-md-21308541,line,oecd-crs-energy-vnm-2022-q-2026-09-28-md-21308541,,marker,,,1,,,,,1,mitigation,oecd-crs-energy-vnm-2022-q-2026-09-28-md-21308541,oecd_crs_energy_microdata,1,2026-09-28,accepted,,
crs-marker-adaptation-oecd-crs-energy-vnm-2022-q-2026-09-28-md-21308541,line,oecd-crs-energy-vnm-2022-q-2026-09-28-md-21308541,,marker,,,1,,,,,1,adaptation,oecd-crs-energy-vnm-2022-q-2026-09-28-md-21308541,oecd_crs_energy_microdata,1,2026-09-28,accepted,,
crs-marker-desertification-oecd-crs-energy-vnm-2022-q-2026-09-28-md-21308541,line,oecd-crs-energy-vnm-2022-q-2026-09-28-md-21308541,,marker,,,0,,,,,0,desertification,oecd-crs-energy-vnm-2022-q-2026-09-28-md-21308541,oecd_crs_energy_microdata,1,2026-09-28,accepted,,
crs-flow-oecd-crs-energy-vnm-2022-q-2026-09-28-md-21016911,line,oecd-crs-energy-vnm-2022-q-2026-09-28-md-21016911,money,flow,disbursement,unknown,12655,,,USD,USD,,,oecd-crs-energy-vnm-2022-q-2026-09-28-md-21016911,oecd_crs_energy_microdata,1,2026-09-28,accepted,,"OECD Q value already in 2024 constant USD; UNIT_MULT applied, no FX or deflator rate applied"
crs-marker-biodiversity-oecd-crs-energy-vnm-2022-q-2026-09-28-md-21016911,line,oecd-crs-energy-vnm-2022-q-2026-09-28-md-21016911,,marker,,,1,,,,,1,biodiversity,oecd-crs-energy-vnm-2022-q-2026-09-28-md-21016911,oecd_crs_energy_microdata,1,2026-09-28,accepted,,
crs-marker-mitigation-oecd-crs-energy-vnm-2022-q-2026-09-28-md-21016911,line,oecd-crs-energy-vnm-2022-q-2026-09-28-md-21016911,,marker,,,0,,,,,0,mitigation,oecd-crs-energy-vnm-2022-q-2026-09-28-md-21016911,oecd_crs_energy_microdata,1,2026-09-28,accepted,,
crs-marker-adaptation-oecd-crs-energy-vnm-2022-q-2026-09-28-md-21016911,line,oecd-crs-energy-vnm-2022-q-2026-09-28-md-21016911,,marker,,,0,,,,,0,adaptation,oecd-crs-energy-vnm-2022-q-2026-09-28-md-21016911,oecd_crs_energy_microdata,1,2026-09-28,accepted,,
crs-marker-desertification-oecd-crs-energy-vnm-2022-q-2026-09-28-md-21016911,line,oecd-crs-energy-vnm-2022-q-2026-09-28-md-21016911,,marker,,,0,,,,,0,desertification,oecd-crs-energy-vnm-2022-q-2026-09-28-md-21016911,oecd_crs_energy_microdata,1,2026-09-28,accepted,,
crs-flow-oecd-crs-energy-vnm-2022-q-2026-09-28-md-21303358,line,oecd-crs-energy-vnm-2022-q-2026-09-28-md-21303358,money,flow,commitment,unknown,25063,,,USD,USD,,,oecd-crs-energy-vnm-2022-q-2026-09-28-md-21303358,oecd_crs_energy_microdata,1,2026-09-28,accepted,,"OECD Q value already in 2024 constant USD; UNIT_MULT applied, no FX or deflator rate applied"
crs-marker-biodiversity-oecd-crs-energy-vnm-2022-q-2026-09-28-md-21303358,line,oecd-crs-energy-vnm-2022-q-2026-09-28-md-21303358,,marker,,,1,,,,,1,biodiversity,oecd-crs-energy-vnm-2022-q-2026-09-28-md-21303358,oecd_crs_energy_microdata,1,2026-09-28,accepted,,
crs-marker-mitigation-oecd-crs-energy-vnm-2022-q-2026-09-28-md-21303358,line,oecd-crs-energy-vnm-2022-q-2026-09-28-md-21303358,,marker,,,0,,,,,0,mitigation,oecd-crs-energy-vnm-2022-q-2026-09-28-md-21303358,oecd_crs_energy_microdata,1,2026-09-28,accepted,,
crs-marker-adaptation-oecd-crs-energy-vnm-2022-q-2026-09-28-md-21303358,line,oecd-crs-energy-vnm-2022-q-2026-09-28-md-21303358,,marker,,,1,,,,,1,adaptation,oecd-crs-energy-vnm-2022-q-2026-09-28-md-21303358,oecd_crs_energy_microdata,1,2026-09-28,accepted,,
crs-marker-desertification-oecd-crs-energy-vnm-2022-q-2026-09-28-md-21303358,line,oecd-crs-energy-vnm-2022-q-2026-09-28-md-21303358,,marker,,,0,,,,,0,desertification,oecd-crs-energy-vnm-2022-q-2026-09-28-md-21303358,oecd_crs_energy_microdata,1,2026-09-28,accepted,,
crs-flow-oecd-crs-energy-vnm-2022-q-2026-09-28-md-21308478,line,oecd-crs-energy-vnm-2022-q-2026-09-28-md-21308478,money,flow,commitment,unknown,132501,,,USD,USD,,,oecd-crs-energy-vnm-2022-q-2026-09-28-md-21308478,oecd_crs_energy_microdata,1,2026-09-28,accepted,,"OECD Q value already in 2024 constant USD; UNIT_MULT applied, no FX or deflator rate applied"
crs-marker-biodiversity-oecd-crs-energy-vnm-2022-q-2026-09-28-md-21308478,line,oecd-crs-energy-vnm-2022-q-2026-09-28-md-21308478,,marker,,,1,,,,,1,biodiversity,oecd-crs-energy-vnm-2022-q-2026-09-28-md-21308478,oecd_crs_energy_microdata,1,2026-09-28,accepted,,
crs-marker-mitigation-oecd-crs-energy-vnm-2022-q-2026-09-28-md-21308478,line,oecd-crs-energy-vnm-2022-q-2026-09-28-md-21308478,,marker,,,0,,,,,0,mitigation,oecd-crs-energy-vnm-2022-q-2026-09-28-md-21308478,oecd_crs_energy_microdata,1,2026-09-28,accepted,,
crs-marker-adaptation-oecd-crs-energy-vnm-2022-q-2026-09-28-md-21308478,line,oecd-crs-energy-vnm-2022-q-2026-09-28-md-21308478,,marker,,,1,,,,,1,adaptation,oecd-crs-energy-vnm-2022-q-2026-09-28-md-21308478,oecd_crs_energy_microdata,1,2026-09-28,accepted,,
crs-marker-desertification-oecd-crs-energy-vnm-2022-q-2026-09-28-md-21308478,line,oecd-crs-energy-vnm-2022-q-2026-09-28-md-21308478,,marker,,,0,,,,,0,desertification,oecd-crs-energy-vnm-2022-q-2026-09-28-md-21308478,oecd_crs_energy_microdata,1,2026-09-28,accepted,,
crs-flow-oecd-crs-energy-vnm-2022-q-2026-09-28-md-21810809,line,oecd-crs-energy-vnm-2022-q-2026-09-28-md-21810809,money,flow,disbursement,unknown,132501,,,USD,USD,,,oecd-crs-energy-vnm-2022-q-2026-09-28-md-21810809,oecd_crs_energy_microdata,1,2026-09-28,accepted,,"OECD Q value already in 2024 constant USD; UNIT_MULT applied, no FX or deflator rate applied"
crs-marker-biodiversity-oecd-crs-energy-vnm-2022-q-2026-09-28-md-21810809,line,oecd-crs-energy-vnm-2022-q-2026-09-28-md-21810809,,marker,,,1,,,,,1,biodiversity,oecd-crs-energy-vnm-2022-q-2026-09-28-md-21810809,oecd_crs_energy_microdata,1,2026-09-28,accepted,,
crs-marker-mitigation-oecd-crs-energy-vnm-2022-q-2026-09-28-md-21810809,line,oecd-crs-energy-vnm-2022-q-2026-09-28-md-21810809,,marker,,,0,,,,,0,mitigation,oecd-crs-energy-vnm-2022-q-2026-09-28-md-21810809,oecd_crs_energy_microdata,1,2026-09-28,accepted,,
crs-marker-adaptation-oecd-crs-energy-vnm-2022-q-2026-09-28-md-21810809,line,oecd-crs-energy-vnm-2022-q-2026-09-28-md-21810809,,marker,,,1,,,,,1,adaptation,oecd-crs-energy-vnm-2022-q-2026-09-28-md-21810809,oecd_crs_energy_microdata,1,2026-09-28,accepted,,
crs-marker-desertification-oecd-crs-energy-vnm-2022-q-2026-09-28-md-21810809,line,oecd-crs-energy-vnm-2022-q-2026-09-28-md-21810809,,marker,,,0,,,,,0,desertification,oecd-crs-energy-vnm-2022-q-2026-09-28-md-21810809,oecd_crs_energy_microdata,1,2026-09-28,accepted,,
crs-flow-oecd-crs-energy-vnm-2022-q-2026-09-28-md-21308724,line,oecd-crs-energy-vnm-2022-q-2026-09-28-md-21308724,money,flow,commitment,unknown,180,,,USD,USD,,,oecd-crs-energy-vnm-2022-q-2026-09-28-md-21308724,oecd_crs_energy_microdata,1,2026-09-28,accepted,,"OECD Q value already in 2024 constant USD; UNIT_MULT applied, no FX or deflator rate applied"
crs-marker-biodiversity-oecd-crs-energy-vnm-2022-q-2026-09-28-md-21308724,line,oecd-crs-energy-vnm-2022-q-2026-09-28-md-21308724,,marker,,,1,,,,,1,biodiversity,oecd-crs-energy-vnm-2022-q-2026-09-28-md-21308724,oecd_crs_energy_microdata,1,2026-09-28,accepted,,
crs-marker-mitigation-oecd-crs-energy-vnm-2022-q-2026-09-28-md-21308724,line,oecd-crs-energy-vnm-2022-q-2026-09-28-md-21308724,,marker,,,0,,,,,0,mitigation,oecd-crs-energy-vnm-2022-q-2026-09-28-md-21308724,oecd_crs_energy_microdata,1,2026-09-28,accepted,,
crs-marker-adaptation-oecd-crs-energy-vnm-2022-q-2026-09-28-md-21308724,line,oecd-crs-energy-vnm-2022-q-2026-09-28-md-21308724,,marker,,,0,,,,,0,adaptation,oecd-crs-energy-vnm-2022-q-2026-09-28-md-21308724,oecd_crs_energy_microdata,1,2026-09-28,accepted,,
crs-marker-desertification-oecd-crs-energy-vnm-2022-q-2026-09-28-md-21308724,line,oecd-crs-energy-vnm-2022-q-2026-09-28-md-21308724,,marker,,,0,,,,,0,desertification,oecd-crs-energy-vnm-2022-q-2026-09-28-md-21308724,oecd_crs_energy_microdata,1,2026-09-28,accepted,,
crs-flow-oecd-crs-energy-vnm-2022-q-2026-09-28-md-20961157,line,oecd-crs-energy-vnm-2022-q-2026-09-28-md-20961157,money,flow,disbursement,unknown,14029,,,USD,USD,,,oecd-crs-energy-vnm-2022-q-2026-09-28-md-20961157,oecd_crs_energy_microdata,1,2026-09-28,accepted,,"OECD Q value already in 2024 constant USD; UNIT_MULT applied, no FX or deflator rate applied"
crs-marker-biodiversity-oecd-crs-energy-vnm-2022-q-2026-09-28-md-20961157,line,oecd-crs-energy-vnm-2022-q-2026-09-28-md-20961157,,marker,,,0,,,,,0,biodiversity,oecd-crs-energy-vnm-2022-q-2026-09-28-md-20961157,oecd_crs_energy_microdata,1,2026-09-28,accepted,,
crs-marker-mitigation-oecd-crs-energy-vnm-2022-q-2026-09-28-md-20961157,line,oecd-crs-energy-vnm-2022-q-2026-09-28-md-20961157,,marker,,,1,,,,,1,mitigation,oecd-crs-energy-vnm-2022-q-2026-09-28-md-20961157,oecd_crs_energy_microdata,1,2026-09-28,accepted,,
crs-marker-adaptation-oecd-crs-energy-vnm-2022-q-2026-09-28-md-20961157,line,oecd-crs-energy-vnm-2022-q-2026-09-28-md-20961157,,marker,,,0,,,,,0,adaptation,oecd-crs-energy-vnm-2022-q-2026-09-28-md-20961157,oecd_crs_energy_microdata,1,2026-09-28,accepted,,
crs-marker-desertification-oecd-crs-energy-vnm-2022-q-2026-09-28-md-20961157,line,oecd-crs-energy-vnm-2022-q-2026-09-28-md-20961157,,marker,,,0,,,,,0,desertification,oecd-crs-energy-vnm-2022-q-2026-09-28-md-20961157,oecd_crs_energy_microdata,1,2026-09-28,accepted,,
crs-flow-oecd-crs-energy-vnm-2022-q-2026-09-28-md-21387974,line,oecd-crs-energy-vnm-2022-q-2026-09-28-md-21387974,money,flow,commitment,unknown,1257148,,,USD,USD,,,oecd-crs-energy-vnm-2022-q-2026-09-28-md-21387974,oecd_crs_energy_microdata,1,2026-09-28,accepted,,"OECD Q value already in 2024 constant USD; UNIT_MULT applied, no FX or deflator rate applied"
crs-marker-biodiversity-oecd-crs-energy-vnm-2022-q-2026-09-28-md-21387974,line,oecd-crs-energy-vnm-2022-q-2026-09-28-md-21387974,,marker,,,0,,,,,0,biodiversity,oecd-crs-energy-vnm-2022-q-2026-09-28-md-21387974,oecd_crs_energy_microdata,1,2026-09-28,accepted,,
crs-marker-mitigation-oecd-crs-energy-vnm-2022-q-2026-09-28-md-21387974,line,oecd-crs-energy-vnm-2022-q-2026-09-28-md-21387974,,marker,,,1,,,,,1,mitigation,oecd-crs-energy-vnm-2022-q-2026-09-28-md-21387974,oecd_crs_energy_microdata,1,2026-09-28,accepted,,
crs-marker-adaptation-oecd-crs-energy-vnm-2022-q-2026-09-28-md-21387974,line,oecd-crs-energy-vnm-2022-q-2026-09-28-md-21387974,,marker,,,0,,,,,0,adaptation,oecd-crs-energy-vnm-2022-q-2026-09-28-md-21387974,oecd_crs_energy_microdata,1,2026-09-28,accepted,,
crs-marker-desertification-oecd-crs-energy-vnm-2022-q-2026-09-28-md-21387974,line,oecd-crs-energy-vnm-2022-q-2026-09-28-md-21387974,,marker,,,0,,,,,0,desertification,oecd-crs-energy-vnm-2022-q-2026-09-28-md-21387974,oecd_crs_energy_microdata,1,2026-09-28,accepted,,
crs-flow-oecd-crs-energy-vnm-2022-q-2026-09-28-md-21392949,line,oecd-crs-energy-vnm-2022-q-2026-09-28-md-21392949,money,flow,commitment,unknown,227550,,,USD,USD,,,oecd-crs-energy-vnm-2022-q-2026-09-28-md-21392949,oecd_crs_energy_microdata,1,2026-09-28,accepted,,"OECD Q value already in 2024 constant USD; UNIT_MULT applied, no FX or deflator rate applied"
crs-marker-biodiversity-oecd-crs-energy-vnm-2022-q-2026-09-28-md-21392949,line,oecd-crs-energy-vnm-2022-q-2026-09-28-md-21392949,,marker,,,0,,,,,0,biodiversity,oecd-crs-energy-vnm-2022-q-2026-09-28-md-21392949,oecd_crs_energy_microdata,1,2026-09-28,accepted,,
crs-marker-mitigation-oecd-crs-energy-vnm-2022-q-2026-09-28-md-21392949,line,oecd-crs-energy-vnm-2022-q-2026-09-28-md-21392949,,marker,,,0,,,,,0,mitigation,oecd-crs-energy-vnm-2022-q-2026-09-28-md-21392949,oecd_crs_energy_microdata,1,2026-09-28,accepted,,
crs-marker-adaptation-oecd-crs-energy-vnm-2022-q-2026-09-28-md-21392949,line,oecd-crs-energy-vnm-2022-q-2026-09-28-md-21392949,,marker,,,0,,,,,0,adaptation,oecd-crs-energy-vnm-2022-q-2026-09-28-md-21392949,oecd_crs_energy_microdata,1,2026-09-28,accepted,,
crs-marker-desertification-oecd-crs-energy-vnm-2022-q-2026-09-28-md-21392949,line,oecd-crs-energy-vnm-2022-q-2026-09-28-md-21392949,,marker,,,0,,,,,0,desertification,oecd-crs-energy-vnm-2022-q-2026-09-28-md-21392949,oecd_crs_energy_microdata,1,2026-09-28,accepted,,
crs-flow-oecd-crs-energy-vnm-2022-q-2026-09-28-md-20968801,line,oecd-crs-energy-vnm-2022-q-2026-09-28-md-20968801,money,flow,disbursement,unknown,227550,,,USD,USD,,,oecd-crs-energy-vnm-2022-q-2026-09-28-md-20968801,oecd_crs_energy_microdata,1,2026-09-28,accepted,,"OECD Q value already in 2024 constant USD; UNIT_MULT applied, no FX or deflator rate applied"
crs-marker-biodiversity-oecd-crs-energy-vnm-2022-q-2026-09-28-md-20968801,line,oecd-crs-energy-vnm-2022-q-2026-09-28-md-20968801,,marker,,,0,,,,,0,biodiversity,oecd-crs-energy-vnm-2022-q-2026-09-28-md-20968801,oecd_crs_energy_microdata,1,2026-09-28,accepted,,
crs-marker-mitigation-oecd-crs-energy-vnm-2022-q-2026-09-28-md-20968801,line,oecd-crs-energy-vnm-2022-q-2026-09-28-md-20968801,,marker,,,0,,,,,0,mitigation,oecd-crs-energy-vnm-2022-q-2026-09-28-md-20968801,oecd_crs_energy_microdata,1,2026-09-28,accepted,,
crs-marker-adaptation-oecd-crs-energy-vnm-2022-q-2026-09-28-md-20968801,line,oecd-crs-energy-vnm-2022-q-2026-09-28-md-20968801,,marker,,,0,,,,,0,adaptation,oecd-crs-energy-vnm-2022-q-2026-09-28-md-20968801,oecd_crs_energy_microdata,1,2026-09-28,accepted,,
crs-marker-desertification-oecd-crs-energy-vnm-2022-q-2026-09-28-md-20968801,line,oecd-crs-energy-vnm-2022-q-2026-09-28-md-20968801,,marker,,,0,,,,,0,desertification,oecd-crs-energy-vnm-2022-q-2026-09-28-md-20968801,oecd_crs_energy_microdata,1,2026-09-28,accepted,,
crs-flow-oecd-crs-energy-vnm-2022-q-2026-09-28-md-21303364,line,oecd-crs-energy-vnm-2022-q-2026-09-28-md-21303364,money,flow,commitment,unknown,12531,,,USD,USD,,,oecd-crs-energy-vnm-2022-q-2026-09-28-md-21303364,oecd_crs_energy_microdata,1,2026-09-28,accepted,,"OECD Q value already in 2024 constant USD; UNIT_MULT applied, no FX or deflator rate applied"
crs-marker-biodiversity-oecd-crs-energy-vnm-2022-q-2026-09-28-md-21303364,line,oecd-crs-energy-vnm-2022-q-2026-09-28-md-21303364,,marker,,,1,,,,,1,biodiversity,oecd-crs-energy-vnm-2022-q-2026-09-28-md-21303364,oecd_crs_energy_microdata,1,2026-09-28,accepted,,
crs-marker-mitigation-oecd-crs-energy-vnm-2022-q-2026-09-28-md-21303364,line,oecd-crs-energy-vnm-2022-q-2026-09-28-md-21303364,,marker,,,0,,,,,0,mitigation,oecd-crs-energy-vnm-2022-q-2026-09-28-md-21303364,oecd_crs_energy_microdata,1,2026-09-28,accepted,,
crs-marker-adaptation-oecd-crs-energy-vnm-2022-q-2026-09-28-md-21303364,line,oecd-crs-energy-vnm-2022-q-2026-09-28-md-21303364,,marker,,,1,,,,,1,adaptation,oecd-crs-energy-vnm-2022-q-2026-09-28-md-21303364,oecd_crs_energy_microdata,1,2026-09-28,accepted,,
crs-marker-desertification-oecd-crs-energy-vnm-2022-q-2026-09-28-md-21303364,line,oecd-crs-energy-vnm-2022-q-2026-09-28-md-21303364,,marker,,,0,,,,,0,desertification,oecd-crs-energy-vnm-2022-q-2026-09-28-md-21303364,oecd_crs_energy_microdata,1,2026-09-28,accepted,,
crs-flow-oecd-crs-energy-vnm-2022-q-2026-09-28-md-21814514,line,oecd-crs-energy-vnm-2022-q-2026-09-28-md-21814514,money,flow,disbursement,unknown,12531,,,USD,USD,,,oecd-crs-energy-vnm-2022-q-2026-09-28-md-21814514,oecd_crs_energy_microdata,1,2026-09-28,accepted,,"OECD Q value already in 2024 constant USD; UNIT_MULT applied, no FX or deflator rate applied"
crs-marker-biodiversity-oecd-crs-energy-vnm-2022-q-2026-09-28-md-21814514,line,oecd-crs-energy-vnm-2022-q-2026-09-28-md-21814514,,marker,,,1,,,,,1,biodiversity,oecd-crs-energy-vnm-2022-q-2026-09-28-md-21814514,oecd_crs_energy_microdata,1,2026-09-28,accepted,,
crs-marker-mitigation-oecd-crs-energy-vnm-2022-q-2026-09-28-md-21814514,line,oecd-crs-energy-vnm-2022-q-2026-09-28-md-21814514,,marker,,,0,,,,,0,mitigation,oecd-crs-energy-vnm-2022-q-2026-09-28-md-21814514,oecd_crs_energy_microdata,1,2026-09-28,accepted,,
crs-marker-adaptation-oecd-crs-energy-vnm-2022-q-2026-09-28-md-21814514,line,oecd-crs-energy-vnm-2022-q-2026-09-28-md-21814514,,marker,,,1,,,,,1,adaptation,oecd-crs-energy-vnm-2022-q-2026-09-28-md-21814514,oecd_crs_energy_microdata,1,2026-09-28,accepted,,
crs-marker-desertification-oecd-crs-energy-vnm-2022-q-2026-09-28-md-21814514,line,oecd-crs-energy-vnm-2022-q-2026-09-28-md-21814514,,marker,,,0,,,,,0,desertification,oecd-crs-energy-vnm-2022-q-2026-09-28-md-21814514,oecd_crs_energy_microdata,1,2026-09-28,accepted,,
crs-flow-oecd-crs-energy-vnm-2022-q-2026-09-28-md-21835171,line,oecd-crs-energy-vnm-2022-q-2026-09-28-md-21835171,money,flow,disbursement,unknown,4118,,,USD,USD,,,oecd-crs-energy-vnm-2022-q-2026-09-28-md-21835171,oecd_crs_energy_microdata,1,2026-09-28,accepted,,"OECD Q value already in 2024 constant USD; UNIT_MULT applied, no FX or deflator rate applied"
crs-marker-biodiversity-oecd-crs-energy-vnm-2022-q-2026-09-28-md-21835171,line,oecd-crs-energy-vnm-2022-q-2026-09-28-md-21835171,,marker,,,,,,,,not_screened,biodiversity,oecd-crs-energy-vnm-2022-q-2026-09-28-md-21835171,oecd_crs_energy_microdata,1,2026-09-28,accepted,,
crs-marker-mitigation-oecd-crs-energy-vnm-2022-q-2026-09-28-md-21835171,line,oecd-crs-energy-vnm-2022-q-2026-09-28-md-21835171,,marker,,,0,,,,,0,mitigation,oecd-crs-energy-vnm-2022-q-2026-09-28-md-21835171,oecd_crs_energy_microdata,1,2026-09-28,accepted,,
crs-marker-adaptation-oecd-crs-energy-vnm-2022-q-2026-09-28-md-21835171,line,oecd-crs-energy-vnm-2022-q-2026-09-28-md-21835171,,marker,,,0,,,,,0,adaptation,oecd-crs-energy-vnm-2022-q-2026-09-28-md-21835171,oecd_crs_energy_microdata,1,2026-09-28,accepted,,
crs-marker-desertification-oecd-crs-energy-vnm-2022-q-2026-09-28-md-21835171,line,oecd-crs-energy-vnm-2022-q-2026-09-28-md-21835171,,marker,,,,,,,,not_screened,desertification,oecd-crs-energy-vnm-2022-q-2026-09-28-md-21835171,oecd_crs_energy_microdata,1,2026-09-28,accepted,,
crs-flow-oecd-crs-energy-vnm-2022-q-2026-09-28-md-21750999,line,oecd-crs-energy-vnm-2022-q-2026-09-28-md-21750999,money,flow,disbursement,unknown,70387,,,USD,USD,,,oecd-crs-energy-vnm-2022-q-2026-09-28-md-21750999,oecd_crs_energy_microdata,1,2026-09-28,accepted,,"OECD Q value already in 2024 constant USD; UNIT_MULT applied, no FX or deflator rate applied"
crs-marker-biodiversity-oecd-crs-energy-vnm-2022-q-2026-09-28-md-21750999,line,oecd-crs-energy-vnm-2022-q-2026-09-28-md-21750999,,marker,,,,,,,,not_screened,biodiversity,oecd-crs-energy-vnm-2022-q-2026-09-28-md-21750999,oecd_crs_energy_microdata,1,2026-09-28,accepted,,
crs-marker-mitigation-oecd-crs-energy-vnm-2022-q-2026-09-28-md-21750999,line,oecd-crs-energy-vnm-2022-q-2026-09-28-md-21750999,,marker,,,2,,,,,2,mitigation,oecd-crs-energy-vnm-2022-q-2026-09-28-md-21750999,oecd_crs_energy_microdata,1,2026-09-28,accepted,,
crs-marker-adaptation-oecd-crs-energy-vnm-2022-q-2026-09-28-md-21750999,line,oecd-crs-energy-vnm-2022-q-2026-09-28-md-21750999,,marker,,,,,,,,not_screened,adaptation,oecd-crs-energy-vnm-2022-q-2026-09-28-md-21750999,oecd_crs_energy_microdata,1,2026-09-28,accepted,,
crs-marker-desertification-oecd-crs-energy-vnm-2022-q-2026-09-28-md-21750999,line,oecd-crs-energy-vnm-2022-q-2026-09-28-md-21750999,,marker,,,,,,,,not_screened,desertification,oecd-crs-energy-vnm-2022-q-2026-09-28-md-21750999,oecd_crs_energy_microdata,1,2026-09-28,accepted,,
crs-flow-oecd-crs-energy-vnm-2022-q-2026-09-28-md-20997499,line,oecd-crs-energy-vnm-2022-q-2026-09-28-md-20997499,money,flow,disbursement,unknown,48709,,,USD,USD,,,oecd-crs-energy-vnm-2022-q-2026-09-28-md-20997499,oecd_crs_energy_microdata,1,2026-09-28,accepted,,"OECD Q value already in 2024 constant USD; UNIT_MULT applied, no FX or deflator rate applied"
crs-marker-biodiversity-oecd-crs-energy-vnm-2022-q-2026-09-28-md-20997499,line,oecd-crs-energy-vnm-2022-q-2026-09-28-md-20997499,,marker,,,0,,,,,0,biodiversity,oecd-crs-energy-vnm-2022-q-2026-09-28-md-20997499,oecd_crs_energy_microdata,1,2026-09-28,accepted,,
crs-marker-mitigation-oecd-crs-energy-vnm-2022-q-2026-09-28-md-20997499,line,oecd-crs-energy-vnm-2022-q-2026-09-28-md-20997499,,marker,,,0,,,,,0,mitigation,oecd-crs-energy-vnm-2022-q-2026-09-28-md-20997499,oecd_crs_energy_microdata,1,2026-09-28,accepted,,
crs-marker-adaptation-oecd-crs-energy-vnm-2022-q-2026-09-28-md-20997499,line,oecd-crs-energy-vnm-2022-q-2026-09-28-md-20997499,,marker,,,0,,,,,0,adaptation,oecd-crs-energy-vnm-2022-q-2026-09-28-md-20997499,oecd_crs_energy_microdata,1,2026-09-28,accepted,,
crs-marker-desertification-oecd-crs-energy-vnm-2022-q-2026-09-28-md-20997499,line,oecd-crs-energy-vnm-2022-q-2026-09-28-md-20997499,,marker,,,0,,,,,0,desertification,oecd-crs-energy-vnm-2022-q-2026-09-28-md-20997499,oecd_crs_energy_microdata,1,2026-09-28,accepted,,
crs-flow-oecd-crs-energy-vnm-2022-q-2026-09-28-md-21750677,line,oecd-crs-energy-vnm-2022-q-2026-09-28-md-21750677,money,flow,disbursement,unknown,68195,,,USD,USD,,,oecd-crs-energy-vnm-2022-q-2026-09-28-md-21750677,oecd_crs_energy_microdata,1,2026-09-28,accepted,,"OECD Q value already in 2024 constant USD; UNIT_MULT applied, no FX or deflator rate applied"
crs-marker-biodiversity-oecd-crs-energy-vnm-2022-q-2026-09-28-md-21750677,line,oecd-crs-energy-vnm-2022-q-2026-09-28-md-21750677,,marker,,,0,,,,,0,biodiversity,oecd-crs-energy-vnm-2022-q-2026-09-28-md-21750677,oecd_crs_energy_microdata,1,2026-09-28,accepted,,
crs-marker-mitigation-oecd-crs-energy-vnm-2022-q-2026-09-28-md-21750677,line,oecd-crs-energy-vnm-2022-q-2026-09-28-md-21750677,,marker,,,0,,,,,0,mitigation,oecd-crs-energy-vnm-2022-q-2026-09-28-md-21750677,oecd_crs_energy_microdata,1,2026-09-28,accepted,,
crs-marker-adaptation-oecd-crs-energy-vnm-2022-q-2026-09-28-md-21750677,line,oecd-crs-energy-vnm-2022-q-2026-09-28-md-21750677,,marker,,,0,,,,,0,adaptation,oecd-crs-energy-vnm-2022-q-2026-09-28-md-21750677,oecd_crs_energy_microdata,1,2026-09-28,accepted,,
crs-marker-desertification-oecd-crs-energy-vnm-2022-q-2026-09-28-md-21750677,line,oecd-crs-energy-vnm-2022-q-2026-09-28-md-21750677,,marker,,,0,,,,,0,desertification,oecd-crs-energy-vnm-2022-q-2026-09-28-md-21750677,oecd_crs_energy_microdata,1,2026-09-28,accepted,,
crs-flow-oecd-crs-energy-vnm-2022-q-2026-09-28-md-21750574,line,oecd-crs-energy-vnm-2022-q-2026-09-28-md-21750574,money,flow,disbursement,unknown,15353,,,USD,USD,,,oecd-crs-energy-vnm-2022-q-2026-09-28-md-21750574,oecd_crs_energy_microdata,1,2026-09-28,accepted,,"OECD Q value already in 2024 constant USD; UNIT_MULT applied, no FX or deflator rate applied"
crs-marker-biodiversity-oecd-crs-energy-vnm-2022-q-2026-09-28-md-21750574,line,oecd-crs-energy-vnm-2022-q-2026-09-28-md-21750574,,marker,,,0,,,,,0,biodiversity,oecd-crs-energy-vnm-2022-q-2026-09-28-md-21750574,oecd_crs_energy_microdata,1,2026-09-28,accepted,,
crs-marker-mitigation-oecd-crs-energy-vnm-2022-q-2026-09-28-md-21750574,line,oecd-crs-energy-vnm-2022-q-2026-09-28-md-21750574,,marker,,,0,,,,,0,mitigation,oecd-crs-energy-vnm-2022-q-2026-09-28-md-21750574,oecd_crs_energy_microdata,1,2026-09-28,accepted,,
crs-marker-adaptation-oecd-crs-energy-vnm-2022-q-2026-09-28-md-21750574,line,oecd-crs-energy-vnm-2022-q-2026-09-28-md-21750574,,marker,,,0,,,,,0,adaptation,oecd-crs-energy-vnm-2022-q-2026-09-28-md-21750574,oecd_crs_energy_microdata,1,2026-09-28,accepted,,
crs-marker-desertification-oecd-crs-energy-vnm-2022-q-2026-09-28-md-21750574,line,oecd-crs-energy-vnm-2022-q-2026-09-28-md-21750574,,marker,,,0,,,,,0,desertification,oecd-crs-energy-vnm-2022-q-2026-09-28-md-21750574,oecd_crs_energy_microdata,1,2026-09-28,accepted,,
crs-flow-oecd-crs-energy-vnm-2022-q-2026-09-28-md-21750586,line,oecd-crs-energy-vnm-2022-q-2026-09-28-md-21750586,money,flow,disbursement,unknown,5832,,,USD,USD,,,oecd-crs-energy-vnm-2022-q-2026-09-28-md-21750586,oecd_crs_energy_microdata,1,2026-09-28,accepted,,"OECD Q value already in 2024 constant USD; UNIT_MULT applied, no FX or deflator rate applied"
crs-marker-biodiversity-oecd-crs-energy-vnm-2022-q-2026-09-28-md-21750586,line,oecd-crs-energy-vnm-2022-q-2026-09-28-md-21750586,,marker,,,0,,,,,0,biodiversity,oecd-crs-energy-vnm-2022-q-2026-09-28-md-21750586,oecd_crs_energy_microdata,1,2026-09-28,accepted,,
crs-marker-mitigation-oecd-crs-energy-vnm-2022-q-2026-09-28-md-21750586,line,oecd-crs-energy-vnm-2022-q-2026-09-28-md-21750586,,marker,,,0,,,,,0,mitigation,oecd-crs-energy-vnm-2022-q-2026-09-28-md-21750586,oecd_crs_energy_microdata,1,2026-09-28,accepted,,
crs-marker-adaptation-oecd-crs-energy-vnm-2022-q-2026-09-28-md-21750586,line,oecd-crs-energy-vnm-2022-q-2026-09-28-md-21750586,,marker,,,0,,,,,0,adaptation,oecd-crs-energy-vnm-2022-q-2026-09-28-md-21750586,oecd_crs_energy_microdata,1,2026-09-28,accepted,,
crs-marker-desertification-oecd-crs-energy-vnm-2022-q-2026-09-28-md-21750586,line,oecd-crs-energy-vnm-2022-q-2026-09-28-md-21750586,,marker,,,0,,,,,0,desertification,oecd-crs-energy-vnm-2022-q-2026-09-28-md-21750586,oecd_crs_energy_microdata,1,2026-09-28,accepted,,
crs-flow-oecd-crs-energy-vnm-2022-q-2026-09-28-md-21790316,line,oecd-crs-energy-vnm-2022-q-2026-09-28-md-21790316,money,flow,disbursement,unknown,296198,,,USD,USD,,,oecd-crs-energy-vnm-2022-q-2026-09-28-md-21790316,oecd_crs_energy_microdata,1,2026-09-28,accepted,,"OECD Q value already in 2024 constant USD; UNIT_MULT applied, no FX or deflator rate applied"
crs-marker-biodiversity-oecd-crs-energy-vnm-2022-q-2026-09-28-md-21790316,line,oecd-crs-energy-vnm-2022-q-2026-09-28-md-21790316,,marker,,,,,,,,not_screened,biodiversity,oecd-crs-energy-vnm-2022-q-2026-09-28-md-21790316,oecd_crs_energy_microdata,1,2026-09-28,accepted,,
crs-marker-mitigation-oecd-crs-energy-vnm-2022-q-2026-09-28-md-21790316,line,oecd-crs-energy-vnm-2022-q-2026-09-28-md-21790316,,marker,,,,,,,,not_screened,mitigation,oecd-crs-energy-vnm-2022-q-2026-09-28-md-21790316,oecd_crs_energy_microdata,1,2026-09-28,accepted,,
crs-marker-adaptation-oecd-crs-energy-vnm-2022-q-2026-09-28-md-21790316,line,oecd-crs-energy-vnm-2022-q-2026-09-28-md-21790316,,marker,,,,,,,,not_screened,adaptation,oecd-crs-energy-vnm-2022-q-2026-09-28-md-21790316,oecd_crs_energy_microdata,1,2026-09-28,accepted,,
crs-marker-desertification-oecd-crs-energy-vnm-2022-q-2026-09-28-md-21790316,line,oecd-crs-energy-vnm-2022-q-2026-09-28-md-21790316,,marker,,,,,,,,not_screened,desertification,oecd-crs-energy-vnm-2022-q-2026-09-28-md-21790316,oecd_crs_energy_microdata,1,2026-09-28,accepted,,
crs-flow-oecd-crs-energy-vnm-2023-q-2026-09-28-md-22289140,line,oecd-crs-energy-vnm-2023-q-2026-09-28-md-22289140,money,flow,commitment,unknown,174058,,,USD,USD,,,oecd-crs-energy-vnm-2023-q-2026-09-28-md-22289140,oecd_crs_energy_microdata,1,2026-09-28,accepted,,"OECD Q value already in 2024 constant USD; UNIT_MULT applied, no FX or deflator rate applied"
crs-marker-biodiversity-oecd-crs-energy-vnm-2023-q-2026-09-28-md-22289140,line,oecd-crs-energy-vnm-2023-q-2026-09-28-md-22289140,,marker,,,0,,,,,0,biodiversity,oecd-crs-energy-vnm-2023-q-2026-09-28-md-22289140,oecd_crs_energy_microdata,1,2026-09-28,accepted,,
crs-marker-mitigation-oecd-crs-energy-vnm-2023-q-2026-09-28-md-22289140,line,oecd-crs-energy-vnm-2023-q-2026-09-28-md-22289140,,marker,,,0,,,,,0,mitigation,oecd-crs-energy-vnm-2023-q-2026-09-28-md-22289140,oecd_crs_energy_microdata,1,2026-09-28,accepted,,
crs-marker-adaptation-oecd-crs-energy-vnm-2023-q-2026-09-28-md-22289140,line,oecd-crs-energy-vnm-2023-q-2026-09-28-md-22289140,,marker,,,0,,,,,0,adaptation,oecd-crs-energy-vnm-2023-q-2026-09-28-md-22289140,oecd_crs_energy_microdata,1,2026-09-28,accepted,,
crs-marker-desertification-oecd-crs-energy-vnm-2023-q-2026-09-28-md-22289140,line,oecd-crs-energy-vnm-2023-q-2026-09-28-md-22289140,,marker,,,0,,,,,0,desertification,oecd-crs-energy-vnm-2023-q-2026-09-28-md-22289140,oecd_crs_energy_microdata,1,2026-09-28,accepted,,
crs-flow-oecd-crs-energy-vnm-2023-q-2026-09-28-md-22289131,line,oecd-crs-energy-vnm-2023-q-2026-09-28-md-22289131,money,flow,commitment,unknown,522175,,,USD,USD,,,oecd-crs-energy-vnm-2023-q-2026-09-28-md-22289131,oecd_crs_energy_microdata,1,2026-09-28,accepted,,"OECD Q value already in 2024 constant USD; UNIT_MULT applied, no FX or deflator rate applied"
crs-marker-biodiversity-oecd-crs-energy-vnm-2023-q-2026-09-28-md-22289131,line,oecd-crs-energy-vnm-2023-q-2026-09-28-md-22289131,,marker,,,0,,,,,0,biodiversity,oecd-crs-energy-vnm-2023-q-2026-09-28-md-22289131,oecd_crs_energy_microdata,1,2026-09-28,accepted,,
crs-marker-mitigation-oecd-crs-energy-vnm-2023-q-2026-09-28-md-22289131,line,oecd-crs-energy-vnm-2023-q-2026-09-28-md-22289131,,marker,,,0,,,,,0,mitigation,oecd-crs-energy-vnm-2023-q-2026-09-28-md-22289131,oecd_crs_energy_microdata,1,2026-09-28,accepted,,
crs-marker-adaptation-oecd-crs-energy-vnm-2023-q-2026-09-28-md-22289131,line,oecd-crs-energy-vnm-2023-q-2026-09-28-md-22289131,,marker,,,0,,,,,0,adaptation,oecd-crs-energy-vnm-2023-q-2026-09-28-md-22289131,oecd_crs_energy_microdata,1,2026-09-28,accepted,,
crs-marker-desertification-oecd-crs-energy-vnm-2023-q-2026-09-28-md-22289131,line,oecd-crs-energy-vnm-2023-q-2026-09-28-md-22289131,,marker,,,0,,,,,0,desertification,oecd-crs-energy-vnm-2023-q-2026-09-28-md-22289131,oecd_crs_energy_microdata,1,2026-09-28,accepted,,
crs-flow-oecd-crs-energy-vnm-2023-q-2026-09-28-md-22289134,line,oecd-crs-energy-vnm-2023-q-2026-09-28-md-22289134,money,flow,commitment,unknown,1566524,,,USD,USD,,,oecd-crs-energy-vnm-2023-q-2026-09-28-md-22289134,oecd_crs_energy_microdata,1,2026-09-28,accepted,,"OECD Q value already in 2024 constant USD; UNIT_MULT applied, no FX or deflator rate applied"
crs-marker-biodiversity-oecd-crs-energy-vnm-2023-q-2026-09-28-md-22289134,line,oecd-crs-energy-vnm-2023-q-2026-09-28-md-22289134,,marker,,,0,,,,,0,biodiversity,oecd-crs-energy-vnm-2023-q-2026-09-28-md-22289134,oecd_crs_energy_microdata,1,2026-09-28,accepted,,
crs-marker-mitigation-oecd-crs-energy-vnm-2023-q-2026-09-28-md-22289134,line,oecd-crs-energy-vnm-2023-q-2026-09-28-md-22289134,,marker,,,0,,,,,0,mitigation,oecd-crs-energy-vnm-2023-q-2026-09-28-md-22289134,oecd_crs_energy_microdata,1,2026-09-28,accepted,,
crs-marker-adaptation-oecd-crs-energy-vnm-2023-q-2026-09-28-md-22289134,line,oecd-crs-energy-vnm-2023-q-2026-09-28-md-22289134,,marker,,,0,,,,,0,adaptation,oecd-crs-energy-vnm-2023-q-2026-09-28-md-22289134,oecd_crs_energy_microdata,1,2026-09-28,accepted,,
crs-marker-desertification-oecd-crs-energy-vnm-2023-q-2026-09-28-md-22289134,line,oecd-crs-energy-vnm-2023-q-2026-09-28-md-22289134,,marker,,,0,,,,,0,desertification,oecd-crs-energy-vnm-2023-q-2026-09-28-md-22289134,oecd_crs_energy_microdata,1,2026-09-28,accepted,,
crs-flow-oecd-crs-energy-vnm-2023-q-2026-09-28-md-22289137,line,oecd-crs-energy-vnm-2023-q-2026-09-28-md-22289137,money,flow,commitment,unknown,116038,,,USD,USD,,,oecd-crs-energy-vnm-2023-q-2026-09-28-md-22289137,oecd_crs_energy_microdata,1,2026-09-28,accepted,,"OECD Q value already in 2024 constant USD; UNIT_MULT applied, no FX or deflator rate applied"
crs-marker-biodiversity-oecd-crs-energy-vnm-2023-q-2026-09-28-md-22289137,line,oecd-crs-energy-vnm-2023-q-2026-09-28-md-22289137,,marker,,,0,,,,,0,biodiversity,oecd-crs-energy-vnm-2023-q-2026-09-28-md-22289137,oecd_crs_energy_microdata,1,2026-09-28,accepted,,
crs-marker-mitigation-oecd-crs-energy-vnm-2023-q-2026-09-28-md-22289137,line,oecd-crs-energy-vnm-2023-q-2026-09-28-md-22289137,,marker,,,0,,,,,0,mitigation,oecd-crs-energy-vnm-2023-q-2026-09-28-md-22289137,oecd_crs_energy_microdata,1,2026-09-28,accepted,,
crs-marker-adaptation-oecd-crs-energy-vnm-2023-q-2026-09-28-md-22289137,line,oecd-crs-energy-vnm-2023-q-2026-09-28-md-22289137,,marker,,,0,,,,,0,adaptation,oecd-crs-energy-vnm-2023-q-2026-09-28-md-22289137,oecd_crs_energy_microdata,1,2026-09-28,accepted,,
crs-marker-desertification-oecd-crs-energy-vnm-2023-q-2026-09-28-md-22289137,line,oecd-crs-energy-vnm-2023-q-2026-09-28-md-22289137,,marker,,,0,,,,,0,desertification,oecd-crs-energy-vnm-2023-q-2026-09-28-md-22289137,oecd_crs_energy_microdata,1,2026-09-28,accepted,,
crs-flow-oecd-crs-energy-vnm-2023-q-2026-09-28-md-22289128,line,oecd-crs-energy-vnm-2023-q-2026-09-28-md-22289128,money,flow,commitment,unknown,348117,,,USD,USD,,,oecd-crs-energy-vnm-2023-q-2026-09-28-md-22289128,oecd_crs_energy_microdata,1,2026-09-28,accepted,,"OECD Q value already in 2024 constant USD; UNIT_MULT applied, no FX or deflator rate applied"
crs-marker-biodiversity-oecd-crs-energy-vnm-2023-q-2026-09-28-md-22289128,line,oecd-crs-energy-vnm-2023-q-2026-09-28-md-22289128,,marker,,,0,,,,,0,biodiversity,oecd-crs-energy-vnm-2023-q-2026-09-28-md-22289128,oecd_crs_energy_microdata,1,2026-09-28,accepted,,
crs-marker-mitigation-oecd-crs-energy-vnm-2023-q-2026-09-28-md-22289128,line,oecd-crs-energy-vnm-2023-q-2026-09-28-md-22289128,,marker,,,0,,,,,0,mitigation,oecd-crs-energy-vnm-2023-q-2026-09-28-md-22289128,oecd_crs_energy_microdata,1,2026-09-28,accepted,,
crs-marker-adaptation-oecd-crs-energy-vnm-2023-q-2026-09-28-md-22289128,line,oecd-crs-energy-vnm-2023-q-2026-09-28-md-22289128,,marker,,,0,,,,,0,adaptation,oecd-crs-energy-vnm-2023-q-2026-09-28-md-22289128,oecd_crs_energy_microdata,1,2026-09-28,accepted,,
crs-marker-desertification-oecd-crs-energy-vnm-2023-q-2026-09-28-md-22289128,line,oecd-crs-energy-vnm-2023-q-2026-09-28-md-22289128,,marker,,,0,,,,,0,desertification,oecd-crs-energy-vnm-2023-q-2026-09-28-md-22289128,oecd_crs_energy_microdata,1,2026-09-28,accepted,,
crs-flow-oecd-crs-energy-vnm-2023-q-2026-09-28-md-22289125,line,oecd-crs-energy-vnm-2023-q-2026-09-28-md-22289125,money,flow,commitment,unknown,58019,,,USD,USD,,,oecd-crs-energy-vnm-2023-q-2026-09-28-md-22289125,oecd_crs_energy_microdata,1,2026-09-28,accepted,,"OECD Q value already in 2024 constant USD; UNIT_MULT applied, no FX or deflator rate applied"
crs-marker-biodiversity-oecd-crs-energy-vnm-2023-q-2026-09-28-md-22289125,line,oecd-crs-energy-vnm-2023-q-2026-09-28-md-22289125,,marker,,,0,,,,,0,biodiversity,oecd-crs-energy-vnm-2023-q-2026-09-28-md-22289125,oecd_crs_energy_microdata,1,2026-09-28,accepted,,
crs-marker-mitigation-oecd-crs-energy-vnm-2023-q-2026-09-28-md-22289125,line,oecd-crs-energy-vnm-2023-q-2026-09-28-md-22289125,,marker,,,0,,,,,0,mitigation,oecd-crs-energy-vnm-2023-q-2026-09-28-md-22289125,oecd_crs_energy_microdata,1,2026-09-28,accepted,,
crs-marker-adaptation-oecd-crs-energy-vnm-2023-q-2026-09-28-md-22289125,line,oecd-crs-energy-vnm-2023-q-2026-09-28-md-22289125,,marker,,,0,,,,,0,adaptation,oecd-crs-energy-vnm-2023-q-2026-09-28-md-22289125,oecd_crs_energy_microdata,1,2026-09-28,accepted,,
crs-marker-desertification-oecd-crs-energy-vnm-2023-q-2026-09-28-md-22289125,line,oecd-crs-energy-vnm-2023-q-2026-09-28-md-22289125,,marker,,,0,,,,,0,desertification,oecd-crs-energy-vnm-2023-q-2026-09-28-md-22289125,oecd_crs_energy_microdata,1,2026-09-28,accepted,,
crs-flow-oecd-crs-energy-vnm-2023-q-2026-09-28-md-22137215,line,oecd-crs-energy-vnm-2023-q-2026-09-28-md-22137215,money,flow,commitment,unknown,16889,,,USD,USD,,,oecd-crs-energy-vnm-2023-q-2026-09-28-md-22137215,oecd_crs_energy_microdata,1,2026-09-28,accepted,,"OECD Q value already in 2024 constant USD; UNIT_MULT applied, no FX or deflator rate applied"
crs-marker-biodiversity-oecd-crs-energy-vnm-2023-q-2026-09-28-md-22137215,line,oecd-crs-energy-vnm-2023-q-2026-09-28-md-22137215,,marker,,,,,,,,not_screened,biodiversity,oecd-crs-energy-vnm-2023-q-2026-09-28-md-22137215,oecd_crs_energy_microdata,1,2026-09-28,accepted,,
crs-marker-mitigation-oecd-crs-energy-vnm-2023-q-2026-09-28-md-22137215,line,oecd-crs-energy-vnm-2023-q-2026-09-28-md-22137215,,marker,,,,,,,,not_screened,mitigation,oecd-crs-energy-vnm-2023-q-2026-09-28-md-22137215,oecd_crs_energy_microdata,1,2026-09-28,accepted,,
crs-marker-adaptation-oecd-crs-energy-vnm-2023-q-2026-09-28-md-22137215,line,oecd-crs-energy-vnm-2023-q-2026-09-28-md-22137215,,marker,,,,,,,,not_screened,adaptation,oecd-crs-energy-vnm-2023-q-2026-09-28-md-22137215,oecd_crs_energy_microdata,1,2026-09-28,accepted,,
crs-marker-desertification-oecd-crs-energy-vnm-2023-q-2026-09-28-md-22137215,line,oecd-crs-energy-vnm-2023-q-2026-09-28-md-22137215,,marker,,,,,,,,not_screened,desertification,oecd-crs-energy-vnm-2023-q-2026-09-28-md-22137215,oecd_crs_energy_microdata,1,2026-09-28,accepted,,
crs-flow-oecd-crs-energy-vnm-2023-q-2026-09-28-md-22665375,line,oecd-crs-energy-vnm-2023-q-2026-09-28-md-22665375,money,flow,disbursement,unknown,16889,,,USD,USD,,,oecd-crs-energy-vnm-2023-q-2026-09-28-md-22665375,oecd_crs_energy_microdata,1,2026-09-28,accepted,,"OECD Q value already in 2024 constant USD; UNIT_MULT applied, no FX or deflator rate applied"
crs-marker-biodiversity-oecd-crs-energy-vnm-2023-q-2026-09-28-md-22665375,line,oecd-crs-energy-vnm-2023-q-2026-09-28-md-22665375,,marker,,,,,,,,not_screened,biodiversity,oecd-crs-energy-vnm-2023-q-2026-09-28-md-22665375,oecd_crs_energy_microdata,1,2026-09-28,accepted,,
crs-marker-mitigation-oecd-crs-energy-vnm-2023-q-2026-09-28-md-22665375,line,oecd-crs-energy-vnm-2023-q-2026-09-28-md-22665375,,marker,,,,,,,,not_screened,mitigation,oecd-crs-energy-vnm-2023-q-2026-09-28-md-22665375,oecd_crs_energy_microdata,1,2026-09-28,accepted,,
crs-marker-adaptation-oecd-crs-energy-vnm-2023-q-2026-09-28-md-22665375,line,oecd-crs-energy-vnm-2023-q-2026-09-28-md-22665375,,marker,,,,,,,,not_screened,adaptation,oecd-crs-energy-vnm-2023-q-2026-09-28-md-22665375,oecd_crs_energy_microdata,1,2026-09-28,accepted,,
crs-marker-desertification-oecd-crs-energy-vnm-2023-q-2026-09-28-md-22665375,line,oecd-crs-energy-vnm-2023-q-2026-09-28-md-22665375,,marker,,,,,,,,not_screened,desertification,oecd-crs-energy-vnm-2023-q-2026-09-28-md-22665375,oecd_crs_energy_microdata,1,2026-09-28,accepted,,
crs-flow-oecd-crs-energy-vnm-2023-q-2026-09-28-md-22307993,line,oecd-crs-energy-vnm-2023-q-2026-09-28-md-22307993,money,flow,commitment,unknown,266454,,,USD,USD,,,oecd-crs-energy-vnm-2023-q-2026-09-28-md-22307993,oecd_crs_energy_microdata,1,2026-09-28,accepted,,"OECD Q value already in 2024 constant USD; UNIT_MULT applied, no FX or deflator rate applied"
crs-marker-biodiversity-oecd-crs-energy-vnm-2023-q-2026-09-28-md-22307993,line,oecd-crs-energy-vnm-2023-q-2026-09-28-md-22307993,,marker,,,2,,,,,2,biodiversity,oecd-crs-energy-vnm-2023-q-2026-09-28-md-22307993,oecd_crs_energy_microdata,1,2026-09-28,accepted,,
crs-marker-mitigation-oecd-crs-energy-vnm-2023-q-2026-09-28-md-22307993,line,oecd-crs-energy-vnm-2023-q-2026-09-28-md-22307993,,marker,,,0,,,,,0,mitigation,oecd-crs-energy-vnm-2023-q-2026-09-28-md-22307993,oecd_crs_energy_microdata,1,2026-09-28,accepted,,
crs-marker-adaptation-oecd-crs-energy-vnm-2023-q-2026-09-28-md-22307993,line,oecd-crs-energy-vnm-2023-q-2026-09-28-md-22307993,,marker,,,0,,,,,0,adaptation,oecd-crs-energy-vnm-2023-q-2026-09-28-md-22307993,oecd_crs_energy_microdata,1,2026-09-28,accepted,,
crs-marker-desertification-oecd-crs-energy-vnm-2023-q-2026-09-28-md-22307993,line,oecd-crs-energy-vnm-2023-q-2026-09-28-md-22307993,,marker,,,,,,,,not_screened,desertification,oecd-crs-energy-vnm-2023-q-2026-09-28-md-22307993,oecd_crs_energy_microdata,1,2026-09-28,accepted,,
crs-flow-oecd-crs-energy-vnm-2023-q-2026-09-28-md-22927422,line,oecd-crs-energy-vnm-2023-q-2026-09-28-md-22927422,money,flow,disbursement,unknown,266454,,,USD,USD,,,oecd-crs-energy-vnm-2023-q-2026-09-28-md-22927422,oecd_crs_energy_microdata,1,2026-09-28,accepted,,"OECD Q value already in 2024 constant USD; UNIT_MULT applied, no FX or deflator rate applied"
crs-marker-biodiversity-oecd-crs-energy-vnm-2023-q-2026-09-28-md-22927422,line,oecd-crs-energy-vnm-2023-q-2026-09-28-md-22927422,,marker,,,2,,,,,2,biodiversity,oecd-crs-energy-vnm-2023-q-2026-09-28-md-22927422,oecd_crs_energy_microdata,1,2026-09-28,accepted,,
crs-marker-mitigation-oecd-crs-energy-vnm-2023-q-2026-09-28-md-22927422,line,oecd-crs-energy-vnm-2023-q-2026-09-28-md-22927422,,marker,,,0,,,,,0,mitigation,oecd-crs-energy-vnm-2023-q-2026-09-28-md-22927422,oecd_crs_energy_microdata,1,2026-09-28,accepted,,
crs-marker-adaptation-oecd-crs-energy-vnm-2023-q-2026-09-28-md-22927422,line,oecd-crs-energy-vnm-2023-q-2026-09-28-md-22927422,,marker,,,0,,,,,0,adaptation,oecd-crs-energy-vnm-2023-q-2026-09-28-md-22927422,oecd_crs_energy_microdata,1,2026-09-28,accepted,,
crs-marker-desertification-oecd-crs-energy-vnm-2023-q-2026-09-28-md-22927422,line,oecd-crs-energy-vnm-2023-q-2026-09-28-md-22927422,,marker,,,,,,,,not_screened,desertification,oecd-crs-energy-vnm-2023-q-2026-09-28-md-22927422,oecd_crs_energy_microdata,1,2026-09-28,accepted,,
crs-flow-oecd-crs-energy-vnm-2023-q-2026-09-28-md-22284557,line,oecd-crs-energy-vnm-2023-q-2026-09-28-md-22284557,money,flow,commitment,unknown,3071617,,,USD,USD,,,oecd-crs-energy-vnm-2023-q-2026-09-28-md-22284557,oecd_crs_energy_microdata,1,2026-09-28,accepted,,"OECD Q value already in 2024 constant USD; UNIT_MULT applied, no FX or deflator rate applied"
crs-marker-biodiversity-oecd-crs-energy-vnm-2023-q-2026-09-28-md-22284557,line,oecd-crs-energy-vnm-2023-q-2026-09-28-md-22284557,,marker,,,,,,,,not_screened,biodiversity,oecd-crs-energy-vnm-2023-q-2026-09-28-md-22284557,oecd_crs_energy_microdata,1,2026-09-28,accepted,,
crs-marker-mitigation-oecd-crs-energy-vnm-2023-q-2026-09-28-md-22284557,line,oecd-crs-energy-vnm-2023-q-2026-09-28-md-22284557,,marker,,,,,,,,not_screened,mitigation,oecd-crs-energy-vnm-2023-q-2026-09-28-md-22284557,oecd_crs_energy_microdata,1,2026-09-28,accepted,,
crs-marker-adaptation-oecd-crs-energy-vnm-2023-q-2026-09-28-md-22284557,line,oecd-crs-energy-vnm-2023-q-2026-09-28-md-22284557,,marker,,,,,,,,not_screened,adaptation,oecd-crs-energy-vnm-2023-q-2026-09-28-md-22284557,oecd_crs_energy_microdata,1,2026-09-28,accepted,,
crs-marker-desertification-oecd-crs-energy-vnm-2023-q-2026-09-28-md-22284557,line,oecd-crs-energy-vnm-2023-q-2026-09-28-md-22284557,,marker,,,,,,,,not_screened,desertification,oecd-crs-energy-vnm-2023-q-2026-09-28-md-22284557,oecd_crs_energy_microdata,1,2026-09-28,accepted,,
crs-flow-oecd-crs-energy-vnm-2023-q-2026-09-28-md-22284556,line,oecd-crs-energy-vnm-2023-q-2026-09-28-md-22284556,money,flow,commitment,unknown,3071617,,,USD,USD,,,oecd-crs-energy-vnm-2023-q-2026-09-28-md-22284556,oecd_crs_energy_microdata,1,2026-09-28,accepted,,"OECD Q value already in 2024 constant USD; UNIT_MULT applied, no FX or deflator rate applied"
crs-marker-biodiversity-oecd-crs-energy-vnm-2023-q-2026-09-28-md-22284556,line,oecd-crs-energy-vnm-2023-q-2026-09-28-md-22284556,,marker,,,,,,,,not_screened,biodiversity,oecd-crs-energy-vnm-2023-q-2026-09-28-md-22284556,oecd_crs_energy_microdata,1,2026-09-28,accepted,,
crs-marker-mitigation-oecd-crs-energy-vnm-2023-q-2026-09-28-md-22284556,line,oecd-crs-energy-vnm-2023-q-2026-09-28-md-22284556,,marker,,,,,,,,not_screened,mitigation,oecd-crs-energy-vnm-2023-q-2026-09-28-md-22284556,oecd_crs_energy_microdata,1,2026-09-28,accepted,,
crs-marker-adaptation-oecd-crs-energy-vnm-2023-q-2026-09-28-md-22284556,line,oecd-crs-energy-vnm-2023-q-2026-09-28-md-22284556,,marker,,,,,,,,not_screened,adaptation,oecd-crs-energy-vnm-2023-q-2026-09-28-md-22284556,oecd_crs_energy_microdata,1,2026-09-28,accepted,,
crs-marker-desertification-oecd-crs-energy-vnm-2023-q-2026-09-28-md-22284556,line,oecd-crs-energy-vnm-2023-q-2026-09-28-md-22284556,,marker,,,,,,,,not_screened,desertification,oecd-crs-energy-vnm-2023-q-2026-09-28-md-22284556,oecd_crs_energy_microdata,1,2026-09-28,accepted,,
crs-flow-oecd-crs-energy-vnm-2023-q-2026-09-28-md-22883892,line,oecd-crs-energy-vnm-2023-q-2026-09-28-md-22883892,money,flow,disbursement,unknown,6143233,,,USD,USD,,,oecd-crs-energy-vnm-2023-q-2026-09-28-md-22883892,oecd_crs_energy_microdata,1,2026-09-28,accepted,,"OECD Q value already in 2024 constant USD; UNIT_MULT applied, no FX or deflator rate applied"
crs-marker-biodiversity-oecd-crs-energy-vnm-2023-q-2026-09-28-md-22883892,line,oecd-crs-energy-vnm-2023-q-2026-09-28-md-22883892,,marker,,,,,,,,not_screened,biodiversity,oecd-crs-energy-vnm-2023-q-2026-09-28-md-22883892,oecd_crs_energy_microdata,1,2026-09-28,accepted,,
crs-marker-mitigation-oecd-crs-energy-vnm-2023-q-2026-09-28-md-22883892,line,oecd-crs-energy-vnm-2023-q-2026-09-28-md-22883892,,marker,,,,,,,,not_screened,mitigation,oecd-crs-energy-vnm-2023-q-2026-09-28-md-22883892,oecd_crs_energy_microdata,1,2026-09-28,accepted,,
crs-marker-adaptation-oecd-crs-energy-vnm-2023-q-2026-09-28-md-22883892,line,oecd-crs-energy-vnm-2023-q-2026-09-28-md-22883892,,marker,,,,,,,,not_screened,adaptation,oecd-crs-energy-vnm-2023-q-2026-09-28-md-22883892,oecd_crs_energy_microdata,1,2026-09-28,accepted,,
crs-marker-desertification-oecd-crs-energy-vnm-2023-q-2026-09-28-md-22883892,line,oecd-crs-energy-vnm-2023-q-2026-09-28-md-22883892,,marker,,,,,,,,not_screened,desertification,oecd-crs-energy-vnm-2023-q-2026-09-28-md-22883892,oecd_crs_energy_microdata,1,2026-09-28,accepted,,
crs-flow-oecd-crs-energy-vnm-2023-q-2026-09-28-md-22885416,line,oecd-crs-energy-vnm-2023-q-2026-09-28-md-22885416,money,flow,disbursement,unknown,23958610,,,USD,USD,,,oecd-crs-energy-vnm-2023-q-2026-09-28-md-22885416,oecd_crs_energy_microdata,1,2026-09-28,accepted,,"OECD Q value already in 2024 constant USD; UNIT_MULT applied, no FX or deflator rate applied"
crs-marker-biodiversity-oecd-crs-energy-vnm-2023-q-2026-09-28-md-22885416,line,oecd-crs-energy-vnm-2023-q-2026-09-28-md-22885416,,marker,,,,,,,,not_screened,biodiversity,oecd-crs-energy-vnm-2023-q-2026-09-28-md-22885416,oecd_crs_energy_microdata,1,2026-09-28,accepted,,
crs-marker-mitigation-oecd-crs-energy-vnm-2023-q-2026-09-28-md-22885416,line,oecd-crs-energy-vnm-2023-q-2026-09-28-md-22885416,,marker,,,,,,,,not_screened,mitigation,oecd-crs-energy-vnm-2023-q-2026-09-28-md-22885416,oecd_crs_energy_microdata,1,2026-09-28,accepted,,
crs-marker-adaptation-oecd-crs-energy-vnm-2023-q-2026-09-28-md-22885416,line,oecd-crs-energy-vnm-2023-q-2026-09-28-md-22885416,,marker,,,,,,,,not_screened,adaptation,oecd-crs-energy-vnm-2023-q-2026-09-28-md-22885416,oecd_crs_energy_microdata,1,2026-09-28,accepted,,
crs-marker-desertification-oecd-crs-energy-vnm-2023-q-2026-09-28-md-22885416,line,oecd-crs-energy-vnm-2023-q-2026-09-28-md-22885416,,marker,,,,,,,,not_screened,desertification,oecd-crs-energy-vnm-2023-q-2026-09-28-md-22885416,oecd_crs_energy_microdata,1,2026-09-28,accepted,,
crs-flow-oecd-crs-energy-vnm-2023-q-2026-09-28-md-22885424,line,oecd-crs-energy-vnm-2023-q-2026-09-28-md-22885424,money,flow,disbursement,unknown,7167105,,,USD,USD,,,oecd-crs-energy-vnm-2023-q-2026-09-28-md-22885424,oecd_crs_energy_microdata,1,2026-09-28,accepted,,"OECD Q value already in 2024 constant USD; UNIT_MULT applied, no FX or deflator rate applied"
crs-marker-biodiversity-oecd-crs-energy-vnm-2023-q-2026-09-28-md-22885424,line,oecd-crs-energy-vnm-2023-q-2026-09-28-md-22885424,,marker,,,,,,,,not_screened,biodiversity,oecd-crs-energy-vnm-2023-q-2026-09-28-md-22885424,oecd_crs_energy_microdata,1,2026-09-28,accepted,,
crs-marker-mitigation-oecd-crs-energy-vnm-2023-q-2026-09-28-md-22885424,line,oecd-crs-energy-vnm-2023-q-2026-09-28-md-22885424,,marker,,,,,,,,not_screened,mitigation,oecd-crs-energy-vnm-2023-q-2026-09-28-md-22885424,oecd_crs_energy_microdata,1,2026-09-28,accepted,,
crs-marker-adaptation-oecd-crs-energy-vnm-2023-q-2026-09-28-md-22885424,line,oecd-crs-energy-vnm-2023-q-2026-09-28-md-22885424,,marker,,,,,,,,not_screened,adaptation,oecd-crs-energy-vnm-2023-q-2026-09-28-md-22885424,oecd_crs_energy_microdata,1,2026-09-28,accepted,,
crs-marker-desertification-oecd-crs-energy-vnm-2023-q-2026-09-28-md-22885424,line,oecd-crs-energy-vnm-2023-q-2026-09-28-md-22885424,,marker,,,,,,,,not_screened,desertification,oecd-crs-energy-vnm-2023-q-2026-09-28-md-22885424,oecd_crs_energy_microdata,1,2026-09-28,accepted,,
crs-flow-oecd-crs-energy-vnm-2023-q-2026-09-28-md-22889006,line,oecd-crs-energy-vnm-2023-q-2026-09-28-md-22889006,money,flow,disbursement,unknown,277703,,,USD,USD,,,oecd-crs-energy-vnm-2023-q-2026-09-28-md-22889006,oecd_crs_energy_microdata,1,2026-09-28,accepted,,"OECD Q value already in 2024 constant USD; UNIT_MULT applied, no FX or deflator rate applied"
crs-marker-biodiversity-oecd-crs-energy-vnm-2023-q-2026-09-28-md-22889006,line,oecd-crs-energy-vnm-2023-q-2026-09-28-md-22889006,,marker,,,,,,,,not_screened,biodiversity,oecd-crs-energy-vnm-2023-q-2026-09-28-md-22889006,oecd_crs_energy_microdata,1,2026-09-28,accepted,,
crs-marker-mitigation-oecd-crs-energy-vnm-2023-q-2026-09-28-md-22889006,line,oecd-crs-energy-vnm-2023-q-2026-09-28-md-22889006,,marker,,,,,,,,not_screened,mitigation,oecd-crs-energy-vnm-2023-q-2026-09-28-md-22889006,oecd_crs_energy_microdata,1,2026-09-28,accepted,,
crs-marker-adaptation-oecd-crs-energy-vnm-2023-q-2026-09-28-md-22889006,line,oecd-crs-energy-vnm-2023-q-2026-09-28-md-22889006,,marker,,,,,,,,not_screened,adaptation,oecd-crs-energy-vnm-2023-q-2026-09-28-md-22889006,oecd_crs_energy_microdata,1,2026-09-28,accepted,,
crs-marker-desertification-oecd-crs-energy-vnm-2023-q-2026-09-28-md-22889006,line,oecd-crs-energy-vnm-2023-q-2026-09-28-md-22889006,,marker,,,,,,,,not_screened,desertification,oecd-crs-energy-vnm-2023-q-2026-09-28-md-22889006,oecd_crs_energy_microdata,1,2026-09-28,accepted,,
crs-flow-oecd-crs-energy-vnm-2023-q-2026-09-28-md-22281770,line,oecd-crs-energy-vnm-2023-q-2026-09-28-md-22281770,money,flow,commitment,unknown,102387,,,USD,USD,,,oecd-crs-energy-vnm-2023-q-2026-09-28-md-22281770,oecd_crs_energy_microdata,1,2026-09-28,accepted,,"OECD Q value already in 2024 constant USD; UNIT_MULT applied, no FX or deflator rate applied"
crs-marker-biodiversity-oecd-crs-energy-vnm-2023-q-2026-09-28-md-22281770,line,oecd-crs-energy-vnm-2023-q-2026-09-28-md-22281770,,marker,,,,,,,,not_screened,biodiversity,oecd-crs-energy-vnm-2023-q-2026-09-28-md-22281770,oecd_crs_energy_microdata,1,2026-09-28,accepted,,
crs-marker-mitigation-oecd-crs-energy-vnm-2023-q-2026-09-28-md-22281770,line,oecd-crs-energy-vnm-2023-q-2026-09-28-md-22281770,,marker,,,,,,,,not_screened,mitigation,oecd-crs-energy-vnm-2023-q-2026-09-28-md-22281770,oecd_crs_energy_microdata,1,2026-09-28,accepted,,
crs-marker-adaptation-oecd-crs-energy-vnm-2023-q-2026-09-28-md-22281770,line,oecd-crs-energy-vnm-2023-q-2026-09-28-md-22281770,,marker,,,,,,,,not_screened,adaptation,oecd-crs-energy-vnm-2023-q-2026-09-28-md-22281770,oecd_crs_energy_microdata,1,2026-09-28,accepted,,
crs-marker-desertification-oecd-crs-energy-vnm-2023-q-2026-09-28-md-22281770,line,oecd-crs-energy-vnm-2023-q-2026-09-28-md-22281770,,marker,,,,,,,,not_screened,desertification,oecd-crs-energy-vnm-2023-q-2026-09-28-md-22281770,oecd_crs_energy_microdata,1,2026-09-28,accepted,,
crs-flow-oecd-crs-energy-vnm-2023-q-2026-09-28-md-22765207,line,oecd-crs-energy-vnm-2023-q-2026-09-28-md-22765207,money,flow,disbursement,unknown,12246267,,,USD,USD,,,oecd-crs-energy-vnm-2023-q-2026-09-28-md-22765207,oecd_crs_energy_microdata,1,2026-09-28,accepted,,"OECD Q value already in 2024 constant USD; UNIT_MULT applied, no FX or deflator rate applied"
crs-marker-biodiversity-oecd-crs-energy-vnm-2023-q-2026-09-28-md-22765207,line,oecd-crs-energy-vnm-2023-q-2026-09-28-md-22765207,,marker,,,0,,,,,0,biodiversity,oecd-crs-energy-vnm-2023-q-2026-09-28-md-22765207,oecd_crs_energy_microdata,1,2026-09-28,accepted,,
crs-marker-mitigation-oecd-crs-energy-vnm-2023-q-2026-09-28-md-22765207,line,oecd-crs-energy-vnm-2023-q-2026-09-28-md-22765207,,marker,,,2,,,,,2,mitigation,oecd-crs-energy-vnm-2023-q-2026-09-28-md-22765207,oecd_crs_energy_microdata,1,2026-09-28,accepted,,
crs-marker-adaptation-oecd-crs-energy-vnm-2023-q-2026-09-28-md-22765207,line,oecd-crs-energy-vnm-2023-q-2026-09-28-md-22765207,,marker,,,0,,,,,0,adaptation,oecd-crs-energy-vnm-2023-q-2026-09-28-md-22765207,oecd_crs_energy_microdata,1,2026-09-28,accepted,,
crs-marker-desertification-oecd-crs-energy-vnm-2023-q-2026-09-28-md-22765207,line,oecd-crs-energy-vnm-2023-q-2026-09-28-md-22765207,,marker,,,0,,,,,0,desertification,oecd-crs-energy-vnm-2023-q-2026-09-28-md-22765207,oecd_crs_energy_microdata,1,2026-09-28,accepted,,
crs-flow-oecd-crs-energy-vnm-2023-q-2026-09-28-md-22765216,line,oecd-crs-energy-vnm-2023-q-2026-09-28-md-22765216,money,flow,disbursement,unknown,74368,,,USD,USD,,,oecd-crs-energy-vnm-2023-q-2026-09-28-md-22765216,oecd_crs_energy_microdata,1,2026-09-28,accepted,,"OECD Q value already in 2024 constant USD; UNIT_MULT applied, no FX or deflator rate applied"
crs-marker-biodiversity-oecd-crs-energy-vnm-2023-q-2026-09-28-md-22765216,line,oecd-crs-energy-vnm-2023-q-2026-09-28-md-22765216,,marker,,,0,,,,,0,biodiversity,oecd-crs-energy-vnm-2023-q-2026-09-28-md-22765216,oecd_crs_energy_microdata,1,2026-09-28,accepted,,
crs-marker-mitigation-oecd-crs-energy-vnm-2023-q-2026-09-28-md-22765216,line,oecd-crs-energy-vnm-2023-q-2026-09-28-md-22765216,,marker,,,2,,,,,2,mitigation,oecd-crs-energy-vnm-2023-q-2026-09-28-md-22765216,oecd_crs_energy_microdata,1,2026-09-28,accepted,,
crs-marker-adaptation-oecd-crs-energy-vnm-2023-q-2026-09-28-md-22765216,line,oecd-crs-energy-vnm-2023-q-2026-09-28-md-22765216,,marker,,,0,,,,,0,adaptation,oecd-crs-energy-vnm-2023-q-2026-09-28-md-22765216,oecd_crs_energy_microdata,1,2026-09-28,accepted,,
crs-marker-desertification-oecd-crs-energy-vnm-2023-q-2026-09-28-md-22765216,line,oecd-crs-energy-vnm-2023-q-2026-09-28-md-22765216,,marker,,,0,,,,,0,desertification,oecd-crs-energy-vnm-2023-q-2026-09-28-md-22765216,oecd_crs_energy_microdata,1,2026-09-28,accepted,,
crs-flow-oecd-crs-energy-vnm-2023-q-2026-09-28-md-22765205,line,oecd-crs-energy-vnm-2023-q-2026-09-28-md-22765205,money,flow,disbursement,unknown,2449253,,,USD,USD,,,oecd-crs-energy-vnm-2023-q-2026-09-28-md-22765205,oecd_crs_energy_microdata,1,2026-09-28,accepted,,"OECD Q value already in 2024 constant USD; UNIT_MULT applied, no FX or deflator rate applied"
crs-marker-biodiversity-oecd-crs-energy-vnm-2023-q-2026-09-28-md-22765205,line,oecd-crs-energy-vnm-2023-q-2026-09-28-md-22765205,,marker,,,0,,,,,0,biodiversity,oecd-crs-energy-vnm-2023-q-2026-09-28-md-22765205,oecd_crs_energy_microdata,1,2026-09-28,accepted,,
crs-marker-mitigation-oecd-crs-energy-vnm-2023-q-2026-09-28-md-22765205,line,oecd-crs-energy-vnm-2023-q-2026-09-28-md-22765205,,marker,,,2,,,,,2,mitigation,oecd-crs-energy-vnm-2023-q-2026-09-28-md-22765205,oecd_crs_energy_microdata,1,2026-09-28,accepted,,
crs-marker-adaptation-oecd-crs-energy-vnm-2023-q-2026-09-28-md-22765205,line,oecd-crs-energy-vnm-2023-q-2026-09-28-md-22765205,,marker,,,0,,,,,0,adaptation,oecd-crs-energy-vnm-2023-q-2026-09-28-md-22765205,oecd_crs_energy_microdata,1,2026-09-28,accepted,,
crs-marker-desertification-oecd-crs-energy-vnm-2023-q-2026-09-28-md-22765205,line,oecd-crs-energy-vnm-2023-q-2026-09-28-md-22765205,,marker,,,0,,,,,0,desertification,oecd-crs-energy-vnm-2023-q-2026-09-28-md-22765205,oecd_crs_energy_microdata,1,2026-09-28,accepted,,
crs-flow-oecd-crs-energy-vnm-2023-q-2026-09-28-md-22765220,line,oecd-crs-energy-vnm-2023-q-2026-09-28-md-22765220,money,flow,disbursement,unknown,297473,,,USD,USD,,,oecd-crs-energy-vnm-2023-q-2026-09-28-md-22765220,oecd_crs_energy_microdata,1,2026-09-28,accepted,,"OECD Q value already in 2024 constant USD; UNIT_MULT applied, no FX or deflator rate applied"
crs-marker-biodiversity-oecd-crs-energy-vnm-2023-q-2026-09-28-md-22765220,line,oecd-crs-energy-vnm-2023-q-2026-09-28-md-22765220,,marker,,,0,,,,,0,biodiversity,oecd-crs-energy-vnm-2023-q-2026-09-28-md-22765220,oecd_crs_energy_microdata,1,2026-09-28,accepted,,
crs-marker-mitigation-oecd-crs-energy-vnm-2023-q-2026-09-28-md-22765220,line,oecd-crs-energy-vnm-2023-q-2026-09-28-md-22765220,,marker,,,2,,,,,2,mitigation,oecd-crs-energy-vnm-2023-q-2026-09-28-md-22765220,oecd_crs_energy_microdata,1,2026-09-28,accepted,,
crs-marker-adaptation-oecd-crs-energy-vnm-2023-q-2026-09-28-md-22765220,line,oecd-crs-energy-vnm-2023-q-2026-09-28-md-22765220,,marker,,,0,,,,,0,adaptation,oecd-crs-energy-vnm-2023-q-2026-09-28-md-22765220,oecd_crs_energy_microdata,1,2026-09-28,accepted,,
crs-marker-desertification-oecd-crs-energy-vnm-2023-q-2026-09-28-md-22765220,line,oecd-crs-energy-vnm-2023-q-2026-09-28-md-22765220,,marker,,,0,,,,,0,desertification,oecd-crs-energy-vnm-2023-q-2026-09-28-md-22765220,oecd_crs_energy_microdata,1,2026-09-28,accepted,,
crs-flow-oecd-crs-energy-vnm-2023-q-2026-09-28-md-22765219,line,oecd-crs-energy-vnm-2023-q-2026-09-28-md-22765219,money,flow,disbursement,unknown,371841,,,USD,USD,,,oecd-crs-energy-vnm-2023-q-2026-09-28-md-22765219,oecd_crs_energy_microdata,1,2026-09-28,accepted,,"OECD Q value already in 2024 constant USD; UNIT_MULT applied, no FX or deflator rate applied"
crs-marker-biodiversity-oecd-crs-energy-vnm-2023-q-2026-09-28-md-22765219,line,oecd-crs-energy-vnm-2023-q-2026-09-28-md-22765219,,marker,,,0,,,,,0,biodiversity,oecd-crs-energy-vnm-2023-q-2026-09-28-md-22765219,oecd_crs_energy_microdata,1,2026-09-28,accepted,,
crs-marker-mitigation-oecd-crs-energy-vnm-2023-q-2026-09-28-md-22765219,line,oecd-crs-energy-vnm-2023-q-2026-09-28-md-22765219,,marker,,,2,,,,,2,mitigation,oecd-crs-energy-vnm-2023-q-2026-09-28-md-22765219,oecd_crs_energy_microdata,1,2026-09-28,accepted,,
crs-marker-adaptation-oecd-crs-energy-vnm-2023-q-2026-09-28-md-22765219,line,oecd-crs-energy-vnm-2023-q-2026-09-28-md-22765219,,marker,,,0,,,,,0,adaptation,oecd-crs-energy-vnm-2023-q-2026-09-28-md-22765219,oecd_crs_energy_microdata,1,2026-09-28,accepted,,
crs-marker-desertification-oecd-crs-energy-vnm-2023-q-2026-09-28-md-22765219,line,oecd-crs-energy-vnm-2023-q-2026-09-28-md-22765219,,marker,,,0,,,,,0,desertification,oecd-crs-energy-vnm-2023-q-2026-09-28-md-22765219,oecd_crs_energy_microdata,1,2026-09-28,accepted,,
crs-flow-oecd-crs-energy-vnm-2023-q-2026-09-28-md-22765208,line,oecd-crs-energy-vnm-2023-q-2026-09-28-md-22765208,money,flow,disbursement,unknown,9797013,,,USD,USD,,,oecd-crs-energy-vnm-2023-q-2026-09-28-md-22765208,oecd_crs_energy_microdata,1,2026-09-28,accepted,,"OECD Q value already in 2024 constant USD; UNIT_MULT applied, no FX or deflator rate applied"
crs-marker-biodiversity-oecd-crs-energy-vnm-2023-q-2026-09-28-md-22765208,line,oecd-crs-energy-vnm-2023-q-2026-09-28-md-22765208,,marker,,,0,,,,,0,biodiversity,oecd-crs-energy-vnm-2023-q-2026-09-28-md-22765208,oecd_crs_energy_microdata,1,2026-09-28,accepted,,
crs-marker-mitigation-oecd-crs-energy-vnm-2023-q-2026-09-28-md-22765208,line,oecd-crs-energy-vnm-2023-q-2026-09-28-md-22765208,,marker,,,2,,,,,2,mitigation,oecd-crs-energy-vnm-2023-q-2026-09-28-md-22765208,oecd_crs_energy_microdata,1,2026-09-28,accepted,,
crs-marker-adaptation-oecd-crs-energy-vnm-2023-q-2026-09-28-md-22765208,line,oecd-crs-energy-vnm-2023-q-2026-09-28-md-22765208,,marker,,,0,,,,,0,adaptation,oecd-crs-energy-vnm-2023-q-2026-09-28-md-22765208,oecd_crs_energy_microdata,1,2026-09-28,accepted,,
crs-marker-desertification-oecd-crs-energy-vnm-2023-q-2026-09-28-md-22765208,line,oecd-crs-energy-vnm-2023-q-2026-09-28-md-22765208,,marker,,,0,,,,,0,desertification,oecd-crs-energy-vnm-2023-q-2026-09-28-md-22765208,oecd_crs_energy_microdata,1,2026-09-28,accepted,,
crs-flow-oecd-crs-energy-vnm-2023-q-2026-09-28-md-22760411,line,oecd-crs-energy-vnm-2023-q-2026-09-28-md-22760411,money,flow,disbursement,unknown,172931,,,USD,USD,,,oecd-crs-energy-vnm-2023-q-2026-09-28-md-22760411,oecd_crs_energy_microdata,1,2026-09-28,accepted,,"OECD Q value already in 2024 constant USD; UNIT_MULT applied, no FX or deflator rate applied"
crs-marker-biodiversity-oecd-crs-energy-vnm-2023-q-2026-09-28-md-22760411,line,oecd-crs-energy-vnm-2023-q-2026-09-28-md-22760411,,marker,,,0,,,,,0,biodiversity,oecd-crs-energy-vnm-2023-q-2026-09-28-md-22760411,oecd_crs_energy_microdata,1,2026-09-28,accepted,,
crs-marker-mitigation-oecd-crs-energy-vnm-2023-q-2026-09-28-md-22760411,line,oecd-crs-energy-vnm-2023-q-2026-09-28-md-22760411,,marker,,,2,,,,,2,mitigation,oecd-crs-energy-vnm-2023-q-2026-09-28-md-22760411,oecd_crs_energy_microdata,1,2026-09-28,accepted,,
crs-marker-adaptation-oecd-crs-energy-vnm-2023-q-2026-09-28-md-22760411,line,oecd-crs-energy-vnm-2023-q-2026-09-28-md-22760411,,marker,,,0,,,,,0,adaptation,oecd-crs-energy-vnm-2023-q-2026-09-28-md-22760411,oecd_crs_energy_microdata,1,2026-09-28,accepted,,
crs-marker-desertification-oecd-crs-energy-vnm-2023-q-2026-09-28-md-22760411,line,oecd-crs-energy-vnm-2023-q-2026-09-28-md-22760411,,marker,,,0,,,,,0,desertification,oecd-crs-energy-vnm-2023-q-2026-09-28-md-22760411,oecd_crs_energy_microdata,1,2026-09-28,accepted,,
crs-flow-oecd-crs-energy-vnm-2023-q-2026-09-28-md-22758228,line,oecd-crs-energy-vnm-2023-q-2026-09-28-md-22758228,money,flow,disbursement,unknown,445319,,,USD,USD,,,oecd-crs-energy-vnm-2023-q-2026-09-28-md-22758228,oecd_crs_energy_microdata,1,2026-09-28,accepted,,"OECD Q value already in 2024 constant USD; UNIT_MULT applied, no FX or deflator rate applied"
crs-marker-biodiversity-oecd-crs-energy-vnm-2023-q-2026-09-28-md-22758228,line,oecd-crs-energy-vnm-2023-q-2026-09-28-md-22758228,,marker,,,0,,,,,0,biodiversity,oecd-crs-energy-vnm-2023-q-2026-09-28-md-22758228,oecd_crs_energy_microdata,1,2026-09-28,accepted,,
crs-marker-mitigation-oecd-crs-energy-vnm-2023-q-2026-09-28-md-22758228,line,oecd-crs-energy-vnm-2023-q-2026-09-28-md-22758228,,marker,,,1,,,,,1,mitigation,oecd-crs-energy-vnm-2023-q-2026-09-28-md-22758228,oecd_crs_energy_microdata,1,2026-09-28,accepted,,
crs-marker-adaptation-oecd-crs-energy-vnm-2023-q-2026-09-28-md-22758228,line,oecd-crs-energy-vnm-2023-q-2026-09-28-md-22758228,,marker,,,0,,,,,0,adaptation,oecd-crs-energy-vnm-2023-q-2026-09-28-md-22758228,oecd_crs_energy_microdata,1,2026-09-28,accepted,,
crs-marker-desertification-oecd-crs-energy-vnm-2023-q-2026-09-28-md-22758228,line,oecd-crs-energy-vnm-2023-q-2026-09-28-md-22758228,,marker,,,0,,,,,0,desertification,oecd-crs-energy-vnm-2023-q-2026-09-28-md-22758228,oecd_crs_energy_microdata,1,2026-09-28,accepted,,
crs-flow-oecd-crs-energy-vnm-2023-q-2026-09-28-md-22765210,line,oecd-crs-energy-vnm-2023-q-2026-09-28-md-22765210,money,flow,disbursement,unknown,67006,,,USD,USD,,,oecd-crs-energy-vnm-2023-q-2026-09-28-md-22765210,oecd_crs_energy_microdata,1,2026-09-28,accepted,,"OECD Q value already in 2024 constant USD; UNIT_MULT applied, no FX or deflator rate applied"
crs-marker-biodiversity-oecd-crs-energy-vnm-2023-q-2026-09-28-md-22765210,line,oecd-crs-energy-vnm-2023-q-2026-09-28-md-22765210,,marker,,,0,,,,,0,biodiversity,oecd-crs-energy-vnm-2023-q-2026-09-28-md-22765210,oecd_crs_energy_microdata,1,2026-09-28,accepted,,
crs-marker-mitigation-oecd-crs-energy-vnm-2023-q-2026-09-28-md-22765210,line,oecd-crs-energy-vnm-2023-q-2026-09-28-md-22765210,,marker,,,2,,,,,2,mitigation,oecd-crs-energy-vnm-2023-q-2026-09-28-md-22765210,oecd_crs_energy_microdata,1,2026-09-28,accepted,,
crs-marker-adaptation-oecd-crs-energy-vnm-2023-q-2026-09-28-md-22765210,line,oecd-crs-energy-vnm-2023-q-2026-09-28-md-22765210,,marker,,,0,,,,,0,adaptation,oecd-crs-energy-vnm-2023-q-2026-09-28-md-22765210,oecd_crs_energy_microdata,1,2026-09-28,accepted,,
crs-marker-desertification-oecd-crs-energy-vnm-2023-q-2026-09-28-md-22765210,line,oecd-crs-energy-vnm-2023-q-2026-09-28-md-22765210,,marker,,,0,,,,,0,desertification,oecd-crs-energy-vnm-2023-q-2026-09-28-md-22765210,oecd_crs_energy_microdata,1,2026-09-28,accepted,,
crs-flow-oecd-crs-energy-vnm-2023-q-2026-09-28-md-22765214,line,oecd-crs-energy-vnm-2023-q-2026-09-28-md-22765214,money,flow,disbursement,unknown,268024,,,USD,USD,,,oecd-crs-energy-vnm-2023-q-2026-09-28-md-22765214,oecd_crs_energy_microdata,1,2026-09-28,accepted,,"OECD Q value already in 2024 constant USD; UNIT_MULT applied, no FX or deflator rate applied"
crs-marker-biodiversity-oecd-crs-energy-vnm-2023-q-2026-09-28-md-22765214,line,oecd-crs-energy-vnm-2023-q-2026-09-28-md-22765214,,marker,,,0,,,,,0,biodiversity,oecd-crs-energy-vnm-2023-q-2026-09-28-md-22765214,oecd_crs_energy_microdata,1,2026-09-28,accepted,,
crs-marker-mitigation-oecd-crs-energy-vnm-2023-q-2026-09-28-md-22765214,line,oecd-crs-energy-vnm-2023-q-2026-09-28-md-22765214,,marker,,,2,,,,,2,mitigation,oecd-crs-energy-vnm-2023-q-2026-09-28-md-22765214,oecd_crs_energy_microdata,1,2026-09-28,accepted,,
crs-marker-adaptation-oecd-crs-energy-vnm-2023-q-2026-09-28-md-22765214,line,oecd-crs-energy-vnm-2023-q-2026-09-28-md-22765214,,marker,,,0,,,,,0,adaptation,oecd-crs-energy-vnm-2023-q-2026-09-28-md-22765214,oecd_crs_energy_microdata,1,2026-09-28,accepted,,
crs-marker-desertification-oecd-crs-energy-vnm-2023-q-2026-09-28-md-22765214,line,oecd-crs-energy-vnm-2023-q-2026-09-28-md-22765214,,marker,,,0,,,,,0,desertification,oecd-crs-energy-vnm-2023-q-2026-09-28-md-22765214,oecd_crs_energy_microdata,1,2026-09-28,accepted,,
crs-flow-oecd-crs-energy-vnm-2023-q-2026-09-28-md-22765213,line,oecd-crs-energy-vnm-2023-q-2026-09-28-md-22765213,money,flow,disbursement,unknown,335030,,,USD,USD,,,oecd-crs-energy-vnm-2023-q-2026-09-28-md-22765213,oecd_crs_energy_microdata,1,2026-09-28,accepted,,"OECD Q value already in 2024 constant USD; UNIT_MULT applied, no FX or deflator rate applied"
crs-marker-biodiversity-oecd-crs-energy-vnm-2023-q-2026-09-28-md-22765213,line,oecd-crs-energy-vnm-2023-q-2026-09-28-md-22765213,,marker,,,0,,,,,0,biodiversity,oecd-crs-energy-vnm-2023-q-2026-09-28-md-22765213,oecd_crs_energy_microdata,1,2026-09-28,accepted,,
crs-marker-mitigation-oecd-crs-energy-vnm-2023-q-2026-09-28-md-22765213,line,oecd-crs-energy-vnm-2023-q-2026-09-28-md-22765213,,marker,,,2,,,,,2,mitigation,oecd-crs-energy-vnm-2023-q-2026-09-28-md-22765213,oecd_crs_energy_microdata,1,2026-09-28,accepted,,
crs-marker-adaptation-oecd-crs-energy-vnm-2023-q-2026-09-28-md-22765213,line,oecd-crs-energy-vnm-2023-q-2026-09-28-md-22765213,,marker,,,0,,,,,0,adaptation,oecd-crs-energy-vnm-2023-q-2026-09-28-md-22765213,oecd_crs_energy_microdata,1,2026-09-28,accepted,,
crs-marker-desertification-oecd-crs-energy-vnm-2023-q-2026-09-28-md-22765213,line,oecd-crs-energy-vnm-2023-q-2026-09-28-md-22765213,,marker,,,0,,,,,0,desertification,oecd-crs-energy-vnm-2023-q-2026-09-28-md-22765213,oecd_crs_energy_microdata,1,2026-09-28,accepted,,
crs-flow-oecd-crs-energy-vnm-2023-q-2026-09-28-md-22222002,line,oecd-crs-energy-vnm-2023-q-2026-09-28-md-22222002,money,flow,commitment,unknown,30019933,,,USD,USD,,,oecd-crs-energy-vnm-2023-q-2026-09-28-md-22222002,oecd_crs_energy_microdata,1,2026-09-28,accepted,,"OECD Q value already in 2024 constant USD; UNIT_MULT applied, no FX or deflator rate applied"
crs-marker-biodiversity-oecd-crs-energy-vnm-2023-q-2026-09-28-md-22222002,line,oecd-crs-energy-vnm-2023-q-2026-09-28-md-22222002,,marker,,,,,,,,not_screened,biodiversity,oecd-crs-energy-vnm-2023-q-2026-09-28-md-22222002,oecd_crs_energy_microdata,1,2026-09-28,accepted,,
crs-marker-mitigation-oecd-crs-energy-vnm-2023-q-2026-09-28-md-22222002,line,oecd-crs-energy-vnm-2023-q-2026-09-28-md-22222002,,marker,,,,,,,,not_screened,mitigation,oecd-crs-energy-vnm-2023-q-2026-09-28-md-22222002,oecd_crs_energy_microdata,1,2026-09-28,accepted,,
crs-marker-adaptation-oecd-crs-energy-vnm-2023-q-2026-09-28-md-22222002,line,oecd-crs-energy-vnm-2023-q-2026-09-28-md-22222002,,marker,,,,,,,,not_screened,adaptation,oecd-crs-energy-vnm-2023-q-2026-09-28-md-22222002,oecd_crs_energy_microdata,1,2026-09-28,accepted,,
crs-marker-desertification-oecd-crs-energy-vnm-2023-q-2026-09-28-md-22222002,line,oecd-crs-energy-vnm-2023-q-2026-09-28-md-22222002,,marker,,,,,,,,not_screened,desertification,oecd-crs-energy-vnm-2023-q-2026-09-28-md-22222002,oecd_crs_energy_microdata,1,2026-09-28,accepted,,
crs-flow-oecd-crs-energy-vnm-2023-q-2026-09-28-md-22803063,line,oecd-crs-energy-vnm-2023-q-2026-09-28-md-22803063,money,flow,disbursement,unknown,7809380,,,USD,USD,,,oecd-crs-energy-vnm-2023-q-2026-09-28-md-22803063,oecd_crs_energy_microdata,1,2026-09-28,accepted,,"OECD Q value already in 2024 constant USD; UNIT_MULT applied, no FX or deflator rate applied"
crs-marker-biodiversity-oecd-crs-energy-vnm-2023-q-2026-09-28-md-22803063,line,oecd-crs-energy-vnm-2023-q-2026-09-28-md-22803063,,marker,,,,,,,,not_screened,biodiversity,oecd-crs-energy-vnm-2023-q-2026-09-28-md-22803063,oecd_crs_energy_microdata,1,2026-09-28,accepted,,
crs-marker-mitigation-oecd-crs-energy-vnm-2023-q-2026-09-28-md-22803063,line,oecd-crs-energy-vnm-2023-q-2026-09-28-md-22803063,,marker,,,,,,,,not_screened,mitigation,oecd-crs-energy-vnm-2023-q-2026-09-28-md-22803063,oecd_crs_energy_microdata,1,2026-09-28,accepted,,
crs-marker-adaptation-oecd-crs-energy-vnm-2023-q-2026-09-28-md-22803063,line,oecd-crs-energy-vnm-2023-q-2026-09-28-md-22803063,,marker,,,,,,,,not_screened,adaptation,oecd-crs-energy-vnm-2023-q-2026-09-28-md-22803063,oecd_crs_energy_microdata,1,2026-09-28,accepted,,
crs-marker-desertification-oecd-crs-energy-vnm-2023-q-2026-09-28-md-22803063,line,oecd-crs-energy-vnm-2023-q-2026-09-28-md-22803063,,marker,,,,,,,,not_screened,desertification,oecd-crs-energy-vnm-2023-q-2026-09-28-md-22803063,oecd_crs_energy_microdata,1,2026-09-28,accepted,,
crs-flow-oecd-crs-energy-vnm-2023-q-2026-09-28-md-22866692,line,oecd-crs-energy-vnm-2023-q-2026-09-28-md-22866692,money,flow,disbursement,unknown,116086,,,USD,USD,,,oecd-crs-energy-vnm-2023-q-2026-09-28-md-22866692,oecd_crs_energy_microdata,1,2026-09-28,accepted,,"OECD Q value already in 2024 constant USD; UNIT_MULT applied, no FX or deflator rate applied"
crs-marker-biodiversity-oecd-crs-energy-vnm-2023-q-2026-09-28-md-22866692,line,oecd-crs-energy-vnm-2023-q-2026-09-28-md-22866692,,marker,,,0,,,,,0,biodiversity,oecd-crs-energy-vnm-2023-q-2026-09-28-md-22866692,oecd_crs_energy_microdata,1,2026-09-28,accepted,,
crs-marker-mitigation-oecd-crs-energy-vnm-2023-q-2026-09-28-md-22866692,line,oecd-crs-energy-vnm-2023-q-2026-09-28-md-22866692,,marker,,,0,,,,,0,mitigation,oecd-crs-energy-vnm-2023-q-2026-09-28-md-22866692,oecd_crs_energy_microdata,1,2026-09-28,accepted,,
crs-marker-adaptation-oecd-crs-energy-vnm-2023-q-2026-09-28-md-22866692,line,oecd-crs-energy-vnm-2023-q-2026-09-28-md-22866692,,marker,,,0,,,,,0,adaptation,oecd-crs-energy-vnm-2023-q-2026-09-28-md-22866692,oecd_crs_energy_microdata,1,2026-09-28,accepted,,
crs-marker-desertification-oecd-crs-energy-vnm-2023-q-2026-09-28-md-22866692,line,oecd-crs-energy-vnm-2023-q-2026-09-28-md-22866692,,marker,,,,,,,,not_screened,desertification,oecd-crs-energy-vnm-2023-q-2026-09-28-md-22866692,oecd_crs_energy_microdata,1,2026-09-28,accepted,,
crs-flow-oecd-crs-energy-vnm-2023-q-2026-09-28-md-22844286,line,oecd-crs-energy-vnm-2023-q-2026-09-28-md-22844286,money,flow,disbursement,unknown,64109,,,USD,USD,,,oecd-crs-energy-vnm-2023-q-2026-09-28-md-22844286,oecd_crs_energy_microdata,1,2026-09-28,accepted,,"OECD Q value already in 2024 constant USD; UNIT_MULT applied, no FX or deflator rate applied"
crs-marker-biodiversity-oecd-crs-energy-vnm-2023-q-2026-09-28-md-22844286,line,oecd-crs-energy-vnm-2023-q-2026-09-28-md-22844286,,marker,,,0,,,,,0,biodiversity,oecd-crs-energy-vnm-2023-q-2026-09-28-md-22844286,oecd_crs_energy_microdata,1,2026-09-28,accepted,,
crs-marker-mitigation-oecd-crs-energy-vnm-2023-q-2026-09-28-md-22844286,line,oecd-crs-energy-vnm-2023-q-2026-09-28-md-22844286,,marker,,,2,,,,,2,mitigation,oecd-crs-energy-vnm-2023-q-2026-09-28-md-22844286,oecd_crs_energy_microdata,1,2026-09-28,accepted,,
crs-marker-adaptation-oecd-crs-energy-vnm-2023-q-2026-09-28-md-22844286,line,oecd-crs-energy-vnm-2023-q-2026-09-28-md-22844286,,marker,,,0,,,,,0,adaptation,oecd-crs-energy-vnm-2023-q-2026-09-28-md-22844286,oecd_crs_energy_microdata,1,2026-09-28,accepted,,
crs-marker-desertification-oecd-crs-energy-vnm-2023-q-2026-09-28-md-22844286,line,oecd-crs-energy-vnm-2023-q-2026-09-28-md-22844286,,marker,,,,,,,,not_screened,desertification,oecd-crs-energy-vnm-2023-q-2026-09-28-md-22844286,oecd_crs_energy_microdata,1,2026-09-28,accepted,,
crs-flow-oecd-crs-energy-vnm-2023-q-2026-09-28-md-22851449,line,oecd-crs-energy-vnm-2023-q-2026-09-28-md-22851449,money,flow,disbursement,unknown,545015,,,USD,USD,,,oecd-crs-energy-vnm-2023-q-2026-09-28-md-22851449,oecd_crs_energy_microdata,1,2026-09-28,accepted,,"OECD Q value already in 2024 constant USD; UNIT_MULT applied, no FX or deflator rate applied"
crs-marker-biodiversity-oecd-crs-energy-vnm-2023-q-2026-09-28-md-22851449,line,oecd-crs-energy-vnm-2023-q-2026-09-28-md-22851449,,marker,,,0,,,,,0,biodiversity,oecd-crs-energy-vnm-2023-q-2026-09-28-md-22851449,oecd_crs_energy_microdata,1,2026-09-28,accepted,,
crs-marker-mitigation-oecd-crs-energy-vnm-2023-q-2026-09-28-md-22851449,line,oecd-crs-energy-vnm-2023-q-2026-09-28-md-22851449,,marker,,,2,,,,,2,mitigation,oecd-crs-energy-vnm-2023-q-2026-09-28-md-22851449,oecd_crs_energy_microdata,1,2026-09-28,accepted,,
crs-marker-adaptation-oecd-crs-energy-vnm-2023-q-2026-09-28-md-22851449,line,oecd-crs-energy-vnm-2023-q-2026-09-28-md-22851449,,marker,,,0,,,,,0,adaptation,oecd-crs-energy-vnm-2023-q-2026-09-28-md-22851449,oecd_crs_energy_microdata,1,2026-09-28,accepted,,
crs-marker-desertification-oecd-crs-energy-vnm-2023-q-2026-09-28-md-22851449,line,oecd-crs-energy-vnm-2023-q-2026-09-28-md-22851449,,marker,,,,,,,,not_screened,desertification,oecd-crs-energy-vnm-2023-q-2026-09-28-md-22851449,oecd_crs_energy_microdata,1,2026-09-28,accepted,,
crs-flow-oecd-crs-energy-vnm-2023-q-2026-09-28-md-22847344,line,oecd-crs-energy-vnm-2023-q-2026-09-28-md-22847344,money,flow,disbursement,unknown,5032574,,,USD,USD,,,oecd-crs-energy-vnm-2023-q-2026-09-28-md-22847344,oecd_crs_energy_microdata,1,2026-09-28,accepted,,"OECD Q value already in 2024 constant USD; UNIT_MULT applied, no FX or deflator rate applied"
crs-marker-biodiversity-oecd-crs-energy-vnm-2023-q-2026-09-28-md-22847344,line,oecd-crs-energy-vnm-2023-q-2026-09-28-md-22847344,,marker,,,0,,,,,0,biodiversity,oecd-crs-energy-vnm-2023-q-2026-09-28-md-22847344,oecd_crs_energy_microdata,1,2026-09-28,accepted,,
crs-marker-mitigation-oecd-crs-energy-vnm-2023-q-2026-09-28-md-22847344,line,oecd-crs-energy-vnm-2023-q-2026-09-28-md-22847344,,marker,,,0,,,,,0,mitigation,oecd-crs-energy-vnm-2023-q-2026-09-28-md-22847344,oecd_crs_energy_microdata,1,2026-09-28,accepted,,
crs-marker-adaptation-oecd-crs-energy-vnm-2023-q-2026-09-28-md-22847344,line,oecd-crs-energy-vnm-2023-q-2026-09-28-md-22847344,,marker,,,0,,,,,0,adaptation,oecd-crs-energy-vnm-2023-q-2026-09-28-md-22847344,oecd_crs_energy_microdata,1,2026-09-28,accepted,,
crs-marker-desertification-oecd-crs-energy-vnm-2023-q-2026-09-28-md-22847344,line,oecd-crs-energy-vnm-2023-q-2026-09-28-md-22847344,,marker,,,,,,,,not_screened,desertification,oecd-crs-energy-vnm-2023-q-2026-09-28-md-22847344,oecd_crs_energy_microdata,1,2026-09-28,accepted,,
crs-flow-oecd-crs-energy-vnm-2023-q-2026-09-28-md-22883589,line,oecd-crs-energy-vnm-2023-q-2026-09-28-md-22883589,money,flow,disbursement,unknown,10528713,,,USD,USD,,,oecd-crs-energy-vnm-2023-q-2026-09-28-md-22883589,oecd_crs_energy_microdata,1,2026-09-28,accepted,,"OECD Q value already in 2024 constant USD; UNIT_MULT applied, no FX or deflator rate applied"
crs-marker-biodiversity-oecd-crs-energy-vnm-2023-q-2026-09-28-md-22883589,line,oecd-crs-energy-vnm-2023-q-2026-09-28-md-22883589,,marker,,,,,,,,not_screened,biodiversity,oecd-crs-energy-vnm-2023-q-2026-09-28-md-22883589,oecd_crs_energy_microdata,1,2026-09-28,accepted,,
crs-marker-mitigation-oecd-crs-energy-vnm-2023-q-2026-09-28-md-22883589,line,oecd-crs-energy-vnm-2023-q-2026-09-28-md-22883589,,marker,,,,,,,,not_screened,mitigation,oecd-crs-energy-vnm-2023-q-2026-09-28-md-22883589,oecd_crs_energy_microdata,1,2026-09-28,accepted,,
crs-marker-adaptation-oecd-crs-energy-vnm-2023-q-2026-09-28-md-22883589,line,oecd-crs-energy-vnm-2023-q-2026-09-28-md-22883589,,marker,,,,,,,,not_screened,adaptation,oecd-crs-energy-vnm-2023-q-2026-09-28-md-22883589,oecd_crs_energy_microdata,1,2026-09-28,accepted,,
crs-marker-desertification-oecd-crs-energy-vnm-2023-q-2026-09-28-md-22883589,line,oecd-crs-energy-vnm-2023-q-2026-09-28-md-22883589,,marker,,,,,,,,not_screened,desertification,oecd-crs-energy-vnm-2023-q-2026-09-28-md-22883589,oecd_crs_energy_microdata,1,2026-09-28,accepted,,
crs-flow-oecd-crs-energy-vnm-2023-q-2026-09-28-md-22301328,line,oecd-crs-energy-vnm-2023-q-2026-09-28-md-22301328,money,flow,commitment,unknown,46707,,,USD,USD,,,oecd-crs-energy-vnm-2023-q-2026-09-28-md-22301328,oecd_crs_energy_microdata,1,2026-09-28,accepted,,"OECD Q value already in 2024 constant USD; UNIT_MULT applied, no FX or deflator rate applied"
crs-marker-biodiversity-oecd-crs-energy-vnm-2023-q-2026-09-28-md-22301328,line,oecd-crs-energy-vnm-2023-q-2026-09-28-md-22301328,,marker,,,0,,,,,0,biodiversity,oecd-crs-energy-vnm-2023-q-2026-09-28-md-22301328,oecd_crs_energy_microdata,1,2026-09-28,accepted,,
crs-marker-mitigation-oecd-crs-energy-vnm-2023-q-2026-09-28-md-22301328,line,oecd-crs-energy-vnm-2023-q-2026-09-28-md-22301328,,marker,,,0,,,,,0,mitigation,oecd-crs-energy-vnm-2023-q-2026-09-28-md-22301328,oecd_crs_energy_microdata,1,2026-09-28,accepted,,
crs-marker-adaptation-oecd-crs-energy-vnm-2023-q-2026-09-28-md-22301328,line,oecd-crs-energy-vnm-2023-q-2026-09-28-md-22301328,,marker,,,0,,,,,0,adaptation,oecd-crs-energy-vnm-2023-q-2026-09-28-md-22301328,oecd_crs_energy_microdata,1,2026-09-28,accepted,,
crs-marker-desertification-oecd-crs-energy-vnm-2023-q-2026-09-28-md-22301328,line,oecd-crs-energy-vnm-2023-q-2026-09-28-md-22301328,,marker,,,0,,,,,0,desertification,oecd-crs-energy-vnm-2023-q-2026-09-28-md-22301328,oecd_crs_energy_microdata,1,2026-09-28,accepted,,
crs-flow-oecd-crs-energy-vnm-2023-q-2026-09-28-md-22921580,line,oecd-crs-energy-vnm-2023-q-2026-09-28-md-22921580,money,flow,disbursement,unknown,46706,,,USD,USD,,,oecd-crs-energy-vnm-2023-q-2026-09-28-md-22921580,oecd_crs_energy_microdata,1,2026-09-28,accepted,,"OECD Q value already in 2024 constant USD; UNIT_MULT applied, no FX or deflator rate applied"
crs-marker-biodiversity-oecd-crs-energy-vnm-2023-q-2026-09-28-md-22921580,line,oecd-crs-energy-vnm-2023-q-2026-09-28-md-22921580,,marker,,,0,,,,,0,biodiversity,oecd-crs-energy-vnm-2023-q-2026-09-28-md-22921580,oecd_crs_energy_microdata,1,2026-09-28,accepted,,
crs-marker-mitigation-oecd-crs-energy-vnm-2023-q-2026-09-28-md-22921580,line,oecd-crs-energy-vnm-2023-q-2026-09-28-md-22921580,,marker,,,0,,,,,0,mitigation,oecd-crs-energy-vnm-2023-q-2026-09-28-md-22921580,oecd_crs_energy_microdata,1,2026-09-28,accepted,,
crs-marker-adaptation-oecd-crs-energy-vnm-2023-q-2026-09-28-md-22921580,line,oecd-crs-energy-vnm-2023-q-2026-09-28-md-22921580,,marker,,,0,,,,,0,adaptation,oecd-crs-energy-vnm-2023-q-2026-09-28-md-22921580,oecd_crs_energy_microdata,1,2026-09-28,accepted,,
crs-marker-desertification-oecd-crs-energy-vnm-2023-q-2026-09-28-md-22921580,line,oecd-crs-energy-vnm-2023-q-2026-09-28-md-22921580,,marker,,,0,,,,,0,desertification,oecd-crs-energy-vnm-2023-q-2026-09-28-md-22921580,oecd_crs_energy_microdata,1,2026-09-28,accepted,,
crs-flow-oecd-crs-energy-vnm-2023-q-2026-09-28-md-22916830,line,oecd-crs-energy-vnm-2023-q-2026-09-28-md-22916830,money,flow,disbursement,unknown,137275,,,USD,USD,,,oecd-crs-energy-vnm-2023-q-2026-09-28-md-22916830,oecd_crs_energy_microdata,1,2026-09-28,accepted,,"OECD Q value already in 2024 constant USD; UNIT_MULT applied, no FX or deflator rate applied"
crs-marker-biodiversity-oecd-crs-energy-vnm-2023-q-2026-09-28-md-22916830,line,oecd-crs-energy-vnm-2023-q-2026-09-28-md-22916830,,marker,,,0,,,,,0,biodiversity,oecd-crs-energy-vnm-2023-q-2026-09-28-md-22916830,oecd_crs_energy_microdata,1,2026-09-28,accepted,,
crs-marker-mitigation-oecd-crs-energy-vnm-2023-q-2026-09-28-md-22916830,line,oecd-crs-energy-vnm-2023-q-2026-09-28-md-22916830,,marker,,,2,,,,,2,mitigation,oecd-crs-energy-vnm-2023-q-2026-09-28-md-22916830,oecd_crs_energy_microdata,1,2026-09-28,accepted,,
crs-marker-adaptation-oecd-crs-energy-vnm-2023-q-2026-09-28-md-22916830,line,oecd-crs-energy-vnm-2023-q-2026-09-28-md-22916830,,marker,,,0,,,,,0,adaptation,oecd-crs-energy-vnm-2023-q-2026-09-28-md-22916830,oecd_crs_energy_microdata,1,2026-09-28,accepted,,
crs-marker-desertification-oecd-crs-energy-vnm-2023-q-2026-09-28-md-22916830,line,oecd-crs-energy-vnm-2023-q-2026-09-28-md-22916830,,marker,,,0,,,,,0,desertification,oecd-crs-energy-vnm-2023-q-2026-09-28-md-22916830,oecd_crs_energy_microdata,1,2026-09-28,accepted,,
crs-flow-oecd-crs-energy-vnm-2023-q-2026-09-28-md-22298707,line,oecd-crs-energy-vnm-2023-q-2026-09-28-md-22298707,money,flow,commitment,unknown,137276,,,USD,USD,,,oecd-crs-energy-vnm-2023-q-2026-09-28-md-22298707,oecd_crs_energy_microdata,1,2026-09-28,accepted,,"OECD Q value already in 2024 constant USD; UNIT_MULT applied, no FX or deflator rate applied"
crs-marker-biodiversity-oecd-crs-energy-vnm-2023-q-2026-09-28-md-22298707,line,oecd-crs-energy-vnm-2023-q-2026-09-28-md-22298707,,marker,,,0,,,,,0,biodiversity,oecd-crs-energy-vnm-2023-q-2026-09-28-md-22298707,oecd_crs_energy_microdata,1,2026-09-28,accepted,,
crs-marker-mitigation-oecd-crs-energy-vnm-2023-q-2026-09-28-md-22298707,line,oecd-crs-energy-vnm-2023-q-2026-09-28-md-22298707,,marker,,,2,,,,,2,mitigation,oecd-crs-energy-vnm-2023-q-2026-09-28-md-22298707,oecd_crs_energy_microdata,1,2026-09-28,accepted,,
crs-marker-adaptation-oecd-crs-energy-vnm-2023-q-2026-09-28-md-22298707,line,oecd-crs-energy-vnm-2023-q-2026-09-28-md-22298707,,marker,,,0,,,,,0,adaptation,oecd-crs-energy-vnm-2023-q-2026-09-28-md-22298707,oecd_crs_energy_microdata,1,2026-09-28,accepted,,
crs-marker-desertification-oecd-crs-energy-vnm-2023-q-2026-09-28-md-22298707,line,oecd-crs-energy-vnm-2023-q-2026-09-28-md-22298707,,marker,,,0,,,,,0,desertification,oecd-crs-energy-vnm-2023-q-2026-09-28-md-22298707,oecd_crs_energy_microdata,1,2026-09-28,accepted,,
crs-flow-oecd-crs-energy-vnm-2023-q-2026-09-28-md-22743681,line,oecd-crs-energy-vnm-2023-q-2026-09-28-md-22743681,money,flow,disbursement,unknown,23591,,,USD,USD,,,oecd-crs-energy-vnm-2023-q-2026-09-28-md-22743681,oecd_crs_energy_microdata,1,2026-09-28,accepted,,"OECD Q value already in 2024 constant USD; UNIT_MULT applied, no FX or deflator rate applied"
crs-marker-biodiversity-oecd-crs-energy-vnm-2023-q-2026-09-28-md-22743681,line,oecd-crs-energy-vnm-2023-q-2026-09-28-md-22743681,,marker,,,,,,,,not_screened,biodiversity,oecd-crs-energy-vnm-2023-q-2026-09-28-md-22743681,oecd_crs_energy_microdata,1,2026-09-28,accepted,,
crs-marker-mitigation-oecd-crs-energy-vnm-2023-q-2026-09-28-md-22743681,line,oecd-crs-energy-vnm-2023-q-2026-09-28-md-22743681,,marker,,,2,,,,,2,mitigation,oecd-crs-energy-vnm-2023-q-2026-09-28-md-22743681,oecd_crs_energy_microdata,1,2026-09-28,accepted,,
crs-marker-adaptation-oecd-crs-energy-vnm-2023-q-2026-09-28-md-22743681,line,oecd-crs-energy-vnm-2023-q-2026-09-28-md-22743681,,marker,,,0,,,,,0,adaptation,oecd-crs-energy-vnm-2023-q-2026-09-28-md-22743681,oecd_crs_energy_microdata,1,2026-09-28,accepted,,
crs-marker-desertification-oecd-crs-energy-vnm-2023-q-2026-09-28-md-22743681,line,oecd-crs-energy-vnm-2023-q-2026-09-28-md-22743681,,marker,,,,,,,,not_screened,desertification,oecd-crs-energy-vnm-2023-q-2026-09-28-md-22743681,oecd_crs_energy_microdata,1,2026-09-28,accepted,,
crs-flow-oecd-crs-energy-vnm-2023-q-2026-09-28-md-22941973,line,oecd-crs-energy-vnm-2023-q-2026-09-28-md-22941973,money,flow,disbursement,unknown,606064,,,USD,USD,,,oecd-crs-energy-vnm-2023-q-2026-09-28-md-22941973,oecd_crs_energy_microdata,1,2026-09-28,accepted,,"OECD Q value already in 2024 constant USD; UNIT_MULT applied, no FX or deflator rate applied"
crs-marker-biodiversity-oecd-crs-energy-vnm-2023-q-2026-09-28-md-22941973,line,oecd-crs-energy-vnm-2023-q-2026-09-28-md-22941973,,marker,,,0,,,,,0,biodiversity,oecd-crs-energy-vnm-2023-q-2026-09-28-md-22941973,oecd_crs_energy_microdata,1,2026-09-28,accepted,,
crs-marker-mitigation-oecd-crs-energy-vnm-2023-q-2026-09-28-md-22941973,line,oecd-crs-energy-vnm-2023-q-2026-09-28-md-22941973,,marker,,,0,,,,,0,mitigation,oecd-crs-energy-vnm-2023-q-2026-09-28-md-22941973,oecd_crs_energy_microdata,1,2026-09-28,accepted,,
crs-marker-adaptation-oecd-crs-energy-vnm-2023-q-2026-09-28-md-22941973,line,oecd-crs-energy-vnm-2023-q-2026-09-28-md-22941973,,marker,,,0,,,,,0,adaptation,oecd-crs-energy-vnm-2023-q-2026-09-28-md-22941973,oecd_crs_energy_microdata,1,2026-09-28,accepted,,
crs-marker-desertification-oecd-crs-energy-vnm-2023-q-2026-09-28-md-22941973,line,oecd-crs-energy-vnm-2023-q-2026-09-28-md-22941973,,marker,,,0,,,,,0,desertification,oecd-crs-energy-vnm-2023-q-2026-09-28-md-22941973,oecd_crs_energy_microdata,1,2026-09-28,accepted,,
crs-flow-oecd-crs-energy-vnm-2023-q-2026-09-28-md-22319722,line,oecd-crs-energy-vnm-2023-q-2026-09-28-md-22319722,money,flow,commitment,unknown,606064,,,USD,USD,,,oecd-crs-energy-vnm-2023-q-2026-09-28-md-22319722,oecd_crs_energy_microdata,1,2026-09-28,accepted,,"OECD Q value already in 2024 constant USD; UNIT_MULT applied, no FX or deflator rate applied"
crs-marker-biodiversity-oecd-crs-energy-vnm-2023-q-2026-09-28-md-22319722,line,oecd-crs-energy-vnm-2023-q-2026-09-28-md-22319722,,marker,,,0,,,,,0,biodiversity,oecd-crs-energy-vnm-2023-q-2026-09-28-md-22319722,oecd_crs_energy_microdata,1,2026-09-28,accepted,,
crs-marker-mitigation-oecd-crs-energy-vnm-2023-q-2026-09-28-md-22319722,line,oecd-crs-energy-vnm-2023-q-2026-09-28-md-22319722,,marker,,,0,,,,,0,mitigation,oecd-crs-energy-vnm-2023-q-2026-09-28-md-22319722,oecd_crs_energy_microdata,1,2026-09-28,accepted,,
crs-marker-adaptation-oecd-crs-energy-vnm-2023-q-2026-09-28-md-22319722,line,oecd-crs-energy-vnm-2023-q-2026-09-28-md-22319722,,marker,,,0,,,,,0,adaptation,oecd-crs-energy-vnm-2023-q-2026-09-28-md-22319722,oecd_crs_energy_microdata,1,2026-09-28,accepted,,
crs-marker-desertification-oecd-crs-energy-vnm-2023-q-2026-09-28-md-22319722,line,oecd-crs-energy-vnm-2023-q-2026-09-28-md-22319722,,marker,,,0,,,,,0,desertification,oecd-crs-energy-vnm-2023-q-2026-09-28-md-22319722,oecd_crs_energy_microdata,1,2026-09-28,accepted,,
crs-flow-oecd-crs-energy-vnm-2023-q-2026-09-28-md-22694220,line,oecd-crs-energy-vnm-2023-q-2026-09-28-md-22694220,money,flow,disbursement,unknown,8468593,,,USD,USD,,,oecd-crs-energy-vnm-2023-q-2026-09-28-md-22694220,oecd_crs_energy_microdata,1,2026-09-28,accepted,,"OECD Q value already in 2024 constant USD; UNIT_MULT applied, no FX or deflator rate applied"
crs-marker-biodiversity-oecd-crs-energy-vnm-2023-q-2026-09-28-md-22694220,line,oecd-crs-energy-vnm-2023-q-2026-09-28-md-22694220,,marker,,,0,,,,,0,biodiversity,oecd-crs-energy-vnm-2023-q-2026-09-28-md-22694220,oecd_crs_energy_microdata,1,2026-09-28,accepted,,
crs-marker-mitigation-oecd-crs-energy-vnm-2023-q-2026-09-28-md-22694220,line,oecd-crs-energy-vnm-2023-q-2026-09-28-md-22694220,,marker,,,2,,,,,2,mitigation,oecd-crs-energy-vnm-2023-q-2026-09-28-md-22694220,oecd_crs_energy_microdata,1,2026-09-28,accepted,,
crs-marker-adaptation-oecd-crs-energy-vnm-2023-q-2026-09-28-md-22694220,line,oecd-crs-energy-vnm-2023-q-2026-09-28-md-22694220,,marker,,,1,,,,,1,adaptation,oecd-crs-energy-vnm-2023-q-2026-09-28-md-22694220,oecd_crs_energy_microdata,1,2026-09-28,accepted,,
crs-marker-desertification-oecd-crs-energy-vnm-2023-q-2026-09-28-md-22694220,line,oecd-crs-energy-vnm-2023-q-2026-09-28-md-22694220,,marker,,,0,,,,,0,desertification,oecd-crs-energy-vnm-2023-q-2026-09-28-md-22694220,oecd_crs_energy_microdata,1,2026-09-28,accepted,,
crs-flow-oecd-crs-energy-vnm-2023-q-2026-09-28-md-22793807,line,oecd-crs-energy-vnm-2023-q-2026-09-28-md-22793807,money,flow,disbursement,unknown,91586,,,USD,USD,,,oecd-crs-energy-vnm-2023-q-2026-09-28-md-22793807,oecd_crs_energy_microdata,1,2026-09-28,accepted,,"OECD Q value already in 2024 constant USD; UNIT_MULT applied, no FX or deflator rate applied"
