observation_id,subject_kind,subject_id,axis,measure,flow_type,basis,value,value_low,value_high,unit,currency,own_status,indicator_code,line_id,method,method_version,recorded_at,status,supersedes,notes
crs-marker-mitigation-oecd-crs-energy-idn-2012-q-2026-09-28-md-5569373,line,oecd-crs-energy-idn-2012-q-2026-09-28-md-5569373,,marker,,,0,,,,,0,mitigation,oecd-crs-energy-idn-2012-q-2026-09-28-md-5569373,oecd_crs_energy_microdata,1,2026-09-28,accepted,,
crs-marker-adaptation-oecd-crs-energy-idn-2012-q-2026-09-28-md-5569373,line,oecd-crs-energy-idn-2012-q-2026-09-28-md-5569373,,marker,,,0,,,,,0,adaptation,oecd-crs-energy-idn-2012-q-2026-09-28-md-5569373,oecd_crs_energy_microdata,1,2026-09-28,accepted,,
crs-marker-desertification-oecd-crs-energy-idn-2012-q-2026-09-28-md-5569373,line,oecd-crs-energy-idn-2012-q-2026-09-28-md-5569373,,marker,,,,,,,,not_screened,desertification,oecd-crs-energy-idn-2012-q-2026-09-28-md-5569373,oecd_crs_energy_microdata,1,2026-09-28,accepted,,
crs-flow-oecd-crs-energy-idn-2012-q-2026-09-28-md-5565564,line,oecd-crs-energy-idn-2012-q-2026-09-28-md-5565564,money,flow,disbursement,unknown,1501091,,,USD,USD,,,oecd-crs-energy-idn-2012-q-2026-09-28-md-5565564,oecd_crs_energy_microdata,1,2026-09-28,accepted,,"OECD Q value already in 2024 constant USD; UNIT_MULT applied, no FX or deflator rate applied"
crs-marker-biodiversity-oecd-crs-energy-idn-2012-q-2026-09-28-md-5565564,line,oecd-crs-energy-idn-2012-q-2026-09-28-md-5565564,,marker,,,0,,,,,0,biodiversity,oecd-crs-energy-idn-2012-q-2026-09-28-md-5565564,oecd_crs_energy_microdata,1,2026-09-28,accepted,,
crs-marker-mitigation-oecd-crs-energy-idn-2012-q-2026-09-28-md-5565564,line,oecd-crs-energy-idn-2012-q-2026-09-28-md-5565564,,marker,,,0,,,,,0,mitigation,oecd-crs-energy-idn-2012-q-2026-09-28-md-5565564,oecd_crs_energy_microdata,1,2026-09-28,accepted,,
crs-marker-adaptation-oecd-crs-energy-idn-2012-q-2026-09-28-md-5565564,line,oecd-crs-energy-idn-2012-q-2026-09-28-md-5565564,,marker,,,0,,,,,0,adaptation,oecd-crs-energy-idn-2012-q-2026-09-28-md-5565564,oecd_crs_energy_microdata,1,2026-09-28,accepted,,
crs-marker-desertification-oecd-crs-energy-idn-2012-q-2026-09-28-md-5565564,line,oecd-crs-energy-idn-2012-q-2026-09-28-md-5565564,,marker,,,0,,,,,0,desertification,oecd-crs-energy-idn-2012-q-2026-09-28-md-5565564,oecd_crs_energy_microdata,1,2026-09-28,accepted,,
crs-flow-oecd-crs-energy-idn-2012-q-2026-09-28-md-5568450,line,oecd-crs-energy-idn-2012-q-2026-09-28-md-5568450,money,flow,disbursement,unknown,12400264,,,USD,USD,,,oecd-crs-energy-idn-2012-q-2026-09-28-md-5568450,oecd_crs_energy_microdata,1,2026-09-28,accepted,,"OECD Q value already in 2024 constant USD; UNIT_MULT applied, no FX or deflator rate applied"
crs-marker-biodiversity-oecd-crs-energy-idn-2012-q-2026-09-28-md-5568450,line,oecd-crs-energy-idn-2012-q-2026-09-28-md-5568450,,marker,,,0,,,,,0,biodiversity,oecd-crs-energy-idn-2012-q-2026-09-28-md-5568450,oecd_crs_energy_microdata,1,2026-09-28,accepted,,
crs-marker-mitigation-oecd-crs-energy-idn-2012-q-2026-09-28-md-5568450,line,oecd-crs-energy-idn-2012-q-2026-09-28-md-5568450,,marker,,,0,,,,,0,mitigation,oecd-crs-energy-idn-2012-q-2026-09-28-md-5568450,oecd_crs_energy_microdata,1,2026-09-28,accepted,,
crs-marker-adaptation-oecd-crs-energy-idn-2012-q-2026-09-28-md-5568450,line,oecd-crs-energy-idn-2012-q-2026-09-28-md-5568450,,marker,,,0,,,,,0,adaptation,oecd-crs-energy-idn-2012-q-2026-09-28-md-5568450,oecd_crs_energy_microdata,1,2026-09-28,accepted,,
crs-marker-desertification-oecd-crs-energy-idn-2012-q-2026-09-28-md-5568450,line,oecd-crs-energy-idn-2012-q-2026-09-28-md-5568450,,marker,,,0,,,,,0,desertification,oecd-crs-energy-idn-2012-q-2026-09-28-md-5568450,oecd_crs_energy_microdata,1,2026-09-28,accepted,,
crs-flow-oecd-crs-energy-idn-2012-q-2026-09-28-md-5521679,line,oecd-crs-energy-idn-2012-q-2026-09-28-md-5521679,money,flow,disbursement,unknown,48926293,,,USD,USD,,,oecd-crs-energy-idn-2012-q-2026-09-28-md-5521679,oecd_crs_energy_microdata,1,2026-09-28,accepted,,"OECD Q value already in 2024 constant USD; UNIT_MULT applied, no FX or deflator rate applied"
crs-marker-biodiversity-oecd-crs-energy-idn-2012-q-2026-09-28-md-5521679,line,oecd-crs-energy-idn-2012-q-2026-09-28-md-5521679,,marker,,,0,,,,,0,biodiversity,oecd-crs-energy-idn-2012-q-2026-09-28-md-5521679,oecd_crs_energy_microdata,1,2026-09-28,accepted,,
crs-marker-mitigation-oecd-crs-energy-idn-2012-q-2026-09-28-md-5521679,line,oecd-crs-energy-idn-2012-q-2026-09-28-md-5521679,,marker,,,0,,,,,0,mitigation,oecd-crs-energy-idn-2012-q-2026-09-28-md-5521679,oecd_crs_energy_microdata,1,2026-09-28,accepted,,
crs-marker-adaptation-oecd-crs-energy-idn-2012-q-2026-09-28-md-5521679,line,oecd-crs-energy-idn-2012-q-2026-09-28-md-5521679,,marker,,,0,,,,,0,adaptation,oecd-crs-energy-idn-2012-q-2026-09-28-md-5521679,oecd_crs_energy_microdata,1,2026-09-28,accepted,,
crs-marker-desertification-oecd-crs-energy-idn-2012-q-2026-09-28-md-5521679,line,oecd-crs-energy-idn-2012-q-2026-09-28-md-5521679,,marker,,,0,,,,,0,desertification,oecd-crs-energy-idn-2012-q-2026-09-28-md-5521679,oecd_crs_energy_microdata,1,2026-09-28,accepted,,
crs-flow-oecd-crs-energy-idn-2012-q-2026-09-28-md-5569355,line,oecd-crs-energy-idn-2012-q-2026-09-28-md-5569355,money,flow,disbursement,unknown,1601463,,,USD,USD,,,oecd-crs-energy-idn-2012-q-2026-09-28-md-5569355,oecd_crs_energy_microdata,1,2026-09-28,accepted,,"OECD Q value already in 2024 constant USD; UNIT_MULT applied, no FX or deflator rate applied"
crs-marker-biodiversity-oecd-crs-energy-idn-2012-q-2026-09-28-md-5569355,line,oecd-crs-energy-idn-2012-q-2026-09-28-md-5569355,,marker,,,,,,,,not_screened,biodiversity,oecd-crs-energy-idn-2012-q-2026-09-28-md-5569355,oecd_crs_energy_microdata,1,2026-09-28,accepted,,
crs-marker-mitigation-oecd-crs-energy-idn-2012-q-2026-09-28-md-5569355,line,oecd-crs-energy-idn-2012-q-2026-09-28-md-5569355,,marker,,,0,,,,,0,mitigation,oecd-crs-energy-idn-2012-q-2026-09-28-md-5569355,oecd_crs_energy_microdata,1,2026-09-28,accepted,,
crs-marker-adaptation-oecd-crs-energy-idn-2012-q-2026-09-28-md-5569355,line,oecd-crs-energy-idn-2012-q-2026-09-28-md-5569355,,marker,,,0,,,,,0,adaptation,oecd-crs-energy-idn-2012-q-2026-09-28-md-5569355,oecd_crs_energy_microdata,1,2026-09-28,accepted,,
crs-marker-desertification-oecd-crs-energy-idn-2012-q-2026-09-28-md-5569355,line,oecd-crs-energy-idn-2012-q-2026-09-28-md-5569355,,marker,,,,,,,,not_screened,desertification,oecd-crs-energy-idn-2012-q-2026-09-28-md-5569355,oecd_crs_energy_microdata,1,2026-09-28,accepted,,
crs-flow-oecd-crs-energy-idn-2012-q-2026-09-28-md-5228479,line,oecd-crs-energy-idn-2012-q-2026-09-28-md-5228479,money,flow,commitment,unknown,8014080,,,USD,USD,,,oecd-crs-energy-idn-2012-q-2026-09-28-md-5228479,oecd_crs_energy_microdata,1,2026-09-28,accepted,,"OECD Q value already in 2024 constant USD; UNIT_MULT applied, no FX or deflator rate applied"
crs-marker-biodiversity-oecd-crs-energy-idn-2012-q-2026-09-28-md-5228479,line,oecd-crs-energy-idn-2012-q-2026-09-28-md-5228479,,marker,,,,,,,,not_screened,biodiversity,oecd-crs-energy-idn-2012-q-2026-09-28-md-5228479,oecd_crs_energy_microdata,1,2026-09-28,accepted,,
crs-marker-mitigation-oecd-crs-energy-idn-2012-q-2026-09-28-md-5228479,line,oecd-crs-energy-idn-2012-q-2026-09-28-md-5228479,,marker,,,,,,,,not_screened,mitigation,oecd-crs-energy-idn-2012-q-2026-09-28-md-5228479,oecd_crs_energy_microdata,1,2026-09-28,accepted,,
crs-marker-adaptation-oecd-crs-energy-idn-2012-q-2026-09-28-md-5228479,line,oecd-crs-energy-idn-2012-q-2026-09-28-md-5228479,,marker,,,,,,,,not_screened,adaptation,oecd-crs-energy-idn-2012-q-2026-09-28-md-5228479,oecd_crs_energy_microdata,1,2026-09-28,accepted,,
crs-marker-desertification-oecd-crs-energy-idn-2012-q-2026-09-28-md-5228479,line,oecd-crs-energy-idn-2012-q-2026-09-28-md-5228479,,marker,,,,,,,,not_screened,desertification,oecd-crs-energy-idn-2012-q-2026-09-28-md-5228479,oecd_crs_energy_microdata,1,2026-09-28,accepted,,
crs-flow-oecd-crs-energy-idn-2012-q-2026-09-28-md-5607367,line,oecd-crs-energy-idn-2012-q-2026-09-28-md-5607367,money,flow,disbursement,unknown,2224413,,,USD,USD,,,oecd-crs-energy-idn-2012-q-2026-09-28-md-5607367,oecd_crs_energy_microdata,1,2026-09-28,accepted,,"OECD Q value already in 2024 constant USD; UNIT_MULT applied, no FX or deflator rate applied"
crs-marker-biodiversity-oecd-crs-energy-idn-2012-q-2026-09-28-md-5607367,line,oecd-crs-energy-idn-2012-q-2026-09-28-md-5607367,,marker,,,,,,,,not_screened,biodiversity,oecd-crs-energy-idn-2012-q-2026-09-28-md-5607367,oecd_crs_energy_microdata,1,2026-09-28,accepted,,
crs-marker-mitigation-oecd-crs-energy-idn-2012-q-2026-09-28-md-5607367,line,oecd-crs-energy-idn-2012-q-2026-09-28-md-5607367,,marker,,,,,,,,not_screened,mitigation,oecd-crs-energy-idn-2012-q-2026-09-28-md-5607367,oecd_crs_energy_microdata,1,2026-09-28,accepted,,
crs-marker-adaptation-oecd-crs-energy-idn-2012-q-2026-09-28-md-5607367,line,oecd-crs-energy-idn-2012-q-2026-09-28-md-5607367,,marker,,,,,,,,not_screened,adaptation,oecd-crs-energy-idn-2012-q-2026-09-28-md-5607367,oecd_crs_energy_microdata,1,2026-09-28,accepted,,
crs-marker-desertification-oecd-crs-energy-idn-2012-q-2026-09-28-md-5607367,line,oecd-crs-energy-idn-2012-q-2026-09-28-md-5607367,,marker,,,,,,,,not_screened,desertification,oecd-crs-energy-idn-2012-q-2026-09-28-md-5607367,oecd_crs_energy_microdata,1,2026-09-28,accepted,,
crs-flow-oecd-crs-energy-idn-2012-q-2026-09-28-md-5547096,line,oecd-crs-energy-idn-2012-q-2026-09-28-md-5547096,money,flow,disbursement,unknown,5573363,,,USD,USD,,,oecd-crs-energy-idn-2012-q-2026-09-28-md-5547096,oecd_crs_energy_microdata,1,2026-09-28,accepted,,"OECD Q value already in 2024 constant USD; UNIT_MULT applied, no FX or deflator rate applied"
crs-marker-biodiversity-oecd-crs-energy-idn-2012-q-2026-09-28-md-5547096,line,oecd-crs-energy-idn-2012-q-2026-09-28-md-5547096,,marker,,,,,,,,not_screened,biodiversity,oecd-crs-energy-idn-2012-q-2026-09-28-md-5547096,oecd_crs_energy_microdata,1,2026-09-28,accepted,,
crs-marker-mitigation-oecd-crs-energy-idn-2012-q-2026-09-28-md-5547096,line,oecd-crs-energy-idn-2012-q-2026-09-28-md-5547096,,marker,,,,,,,,not_screened,mitigation,oecd-crs-energy-idn-2012-q-2026-09-28-md-5547096,oecd_crs_energy_microdata,1,2026-09-28,accepted,,
crs-marker-adaptation-oecd-crs-energy-idn-2012-q-2026-09-28-md-5547096,line,oecd-crs-energy-idn-2012-q-2026-09-28-md-5547096,,marker,,,,,,,,not_screened,adaptation,oecd-crs-energy-idn-2012-q-2026-09-28-md-5547096,oecd_crs_energy_microdata,1,2026-09-28,accepted,,
crs-marker-desertification-oecd-crs-energy-idn-2012-q-2026-09-28-md-5547096,line,oecd-crs-energy-idn-2012-q-2026-09-28-md-5547096,,marker,,,,,,,,not_screened,desertification,oecd-crs-energy-idn-2012-q-2026-09-28-md-5547096,oecd_crs_energy_microdata,1,2026-09-28,accepted,,
crs-flow-oecd-crs-energy-idn-2012-q-2026-09-28-md-5483934,line,oecd-crs-energy-idn-2012-q-2026-09-28-md-5483934,money,flow,disbursement,unknown,46124,,,USD,USD,,,oecd-crs-energy-idn-2012-q-2026-09-28-md-5483934,oecd_crs_energy_microdata,1,2026-09-28,accepted,,"OECD Q value already in 2024 constant USD; UNIT_MULT applied, no FX or deflator rate applied"
crs-marker-biodiversity-oecd-crs-energy-idn-2012-q-2026-09-28-md-5483934,line,oecd-crs-energy-idn-2012-q-2026-09-28-md-5483934,,marker,,,,,,,,not_screened,biodiversity,oecd-crs-energy-idn-2012-q-2026-09-28-md-5483934,oecd_crs_energy_microdata,1,2026-09-28,accepted,,
crs-marker-mitigation-oecd-crs-energy-idn-2012-q-2026-09-28-md-5483934,line,oecd-crs-energy-idn-2012-q-2026-09-28-md-5483934,,marker,,,,,,,,not_screened,mitigation,oecd-crs-energy-idn-2012-q-2026-09-28-md-5483934,oecd_crs_energy_microdata,1,2026-09-28,accepted,,
crs-marker-adaptation-oecd-crs-energy-idn-2012-q-2026-09-28-md-5483934,line,oecd-crs-energy-idn-2012-q-2026-09-28-md-5483934,,marker,,,,,,,,not_screened,adaptation,oecd-crs-energy-idn-2012-q-2026-09-28-md-5483934,oecd_crs_energy_microdata,1,2026-09-28,accepted,,
crs-marker-desertification-oecd-crs-energy-idn-2012-q-2026-09-28-md-5483934,line,oecd-crs-energy-idn-2012-q-2026-09-28-md-5483934,,marker,,,,,,,,not_screened,desertification,oecd-crs-energy-idn-2012-q-2026-09-28-md-5483934,oecd_crs_energy_microdata,1,2026-09-28,accepted,,
crs-flow-oecd-crs-energy-idn-2012-q-2026-09-28-md-5552444,line,oecd-crs-energy-idn-2012-q-2026-09-28-md-5552444,money,flow,disbursement,unknown,67529,,,USD,USD,,,oecd-crs-energy-idn-2012-q-2026-09-28-md-5552444,oecd_crs_energy_microdata,1,2026-09-28,accepted,,"OECD Q value already in 2024 constant USD; UNIT_MULT applied, no FX or deflator rate applied"
crs-marker-biodiversity-oecd-crs-energy-idn-2012-q-2026-09-28-md-5552444,line,oecd-crs-energy-idn-2012-q-2026-09-28-md-5552444,,marker,,,0,,,,,0,biodiversity,oecd-crs-energy-idn-2012-q-2026-09-28-md-5552444,oecd_crs_energy_microdata,1,2026-09-28,accepted,,
crs-marker-mitigation-oecd-crs-energy-idn-2012-q-2026-09-28-md-5552444,line,oecd-crs-energy-idn-2012-q-2026-09-28-md-5552444,,marker,,,0,,,,,0,mitigation,oecd-crs-energy-idn-2012-q-2026-09-28-md-5552444,oecd_crs_energy_microdata,1,2026-09-28,accepted,,
crs-marker-adaptation-oecd-crs-energy-idn-2012-q-2026-09-28-md-5552444,line,oecd-crs-energy-idn-2012-q-2026-09-28-md-5552444,,marker,,,0,,,,,0,adaptation,oecd-crs-energy-idn-2012-q-2026-09-28-md-5552444,oecd_crs_energy_microdata,1,2026-09-28,accepted,,
crs-marker-desertification-oecd-crs-energy-idn-2012-q-2026-09-28-md-5552444,line,oecd-crs-energy-idn-2012-q-2026-09-28-md-5552444,,marker,,,0,,,,,0,desertification,oecd-crs-energy-idn-2012-q-2026-09-28-md-5552444,oecd_crs_energy_microdata,1,2026-09-28,accepted,,
crs-flow-oecd-crs-energy-idn-2012-q-2026-09-28-md-5239670,line,oecd-crs-energy-idn-2012-q-2026-09-28-md-5239670,money,flow,commitment,unknown,85204,,,USD,USD,,,oecd-crs-energy-idn-2012-q-2026-09-28-md-5239670,oecd_crs_energy_microdata,1,2026-09-28,accepted,,"OECD Q value already in 2024 constant USD; UNIT_MULT applied, no FX or deflator rate applied"
crs-marker-biodiversity-oecd-crs-energy-idn-2012-q-2026-09-28-md-5239670,line,oecd-crs-energy-idn-2012-q-2026-09-28-md-5239670,,marker,,,0,,,,,0,biodiversity,oecd-crs-energy-idn-2012-q-2026-09-28-md-5239670,oecd_crs_energy_microdata,1,2026-09-28,accepted,,
crs-marker-mitigation-oecd-crs-energy-idn-2012-q-2026-09-28-md-5239670,line,oecd-crs-energy-idn-2012-q-2026-09-28-md-5239670,,marker,,,0,,,,,0,mitigation,oecd-crs-energy-idn-2012-q-2026-09-28-md-5239670,oecd_crs_energy_microdata,1,2026-09-28,accepted,,
crs-marker-adaptation-oecd-crs-energy-idn-2012-q-2026-09-28-md-5239670,line,oecd-crs-energy-idn-2012-q-2026-09-28-md-5239670,,marker,,,0,,,,,0,adaptation,oecd-crs-energy-idn-2012-q-2026-09-28-md-5239670,oecd_crs_energy_microdata,1,2026-09-28,accepted,,
crs-marker-desertification-oecd-crs-energy-idn-2012-q-2026-09-28-md-5239670,line,oecd-crs-energy-idn-2012-q-2026-09-28-md-5239670,,marker,,,0,,,,,0,desertification,oecd-crs-energy-idn-2012-q-2026-09-28-md-5239670,oecd_crs_energy_microdata,1,2026-09-28,accepted,,
crs-flow-oecd-crs-energy-idn-2012-q-2026-09-28-md-5523502,line,oecd-crs-energy-idn-2012-q-2026-09-28-md-5523502,money,flow,disbursement,unknown,947972,,,USD,USD,,,oecd-crs-energy-idn-2012-q-2026-09-28-md-5523502,oecd_crs_energy_microdata,1,2026-09-28,accepted,,"OECD Q value already in 2024 constant USD; UNIT_MULT applied, no FX or deflator rate applied"
crs-marker-biodiversity-oecd-crs-energy-idn-2012-q-2026-09-28-md-5523502,line,oecd-crs-energy-idn-2012-q-2026-09-28-md-5523502,,marker,,,0,,,,,0,biodiversity,oecd-crs-energy-idn-2012-q-2026-09-28-md-5523502,oecd_crs_energy_microdata,1,2026-09-28,accepted,,
crs-marker-mitigation-oecd-crs-energy-idn-2012-q-2026-09-28-md-5523502,line,oecd-crs-energy-idn-2012-q-2026-09-28-md-5523502,,marker,,,2,,,,,2,mitigation,oecd-crs-energy-idn-2012-q-2026-09-28-md-5523502,oecd_crs_energy_microdata,1,2026-09-28,accepted,,
crs-marker-adaptation-oecd-crs-energy-idn-2012-q-2026-09-28-md-5523502,line,oecd-crs-energy-idn-2012-q-2026-09-28-md-5523502,,marker,,,0,,,,,0,adaptation,oecd-crs-energy-idn-2012-q-2026-09-28-md-5523502,oecd_crs_energy_microdata,1,2026-09-28,accepted,,
crs-marker-desertification-oecd-crs-energy-idn-2012-q-2026-09-28-md-5523502,line,oecd-crs-energy-idn-2012-q-2026-09-28-md-5523502,,marker,,,0,,,,,0,desertification,oecd-crs-energy-idn-2012-q-2026-09-28-md-5523502,oecd_crs_energy_microdata,1,2026-09-28,accepted,,
crs-flow-oecd-crs-energy-idn-2012-q-2026-09-28-md-5476244,line,oecd-crs-energy-idn-2012-q-2026-09-28-md-5476244,money,flow,disbursement,unknown,66641,,,USD,USD,,,oecd-crs-energy-idn-2012-q-2026-09-28-md-5476244,oecd_crs_energy_microdata,1,2026-09-28,accepted,,"OECD Q value already in 2024 constant USD; UNIT_MULT applied, no FX or deflator rate applied"
crs-marker-biodiversity-oecd-crs-energy-idn-2012-q-2026-09-28-md-5476244,line,oecd-crs-energy-idn-2012-q-2026-09-28-md-5476244,,marker,,,,,,,,not_screened,biodiversity,oecd-crs-energy-idn-2012-q-2026-09-28-md-5476244,oecd_crs_energy_microdata,1,2026-09-28,accepted,,
crs-marker-mitigation-oecd-crs-energy-idn-2012-q-2026-09-28-md-5476244,line,oecd-crs-energy-idn-2012-q-2026-09-28-md-5476244,,marker,,,,,,,,not_screened,mitigation,oecd-crs-energy-idn-2012-q-2026-09-28-md-5476244,oecd_crs_energy_microdata,1,2026-09-28,accepted,,
crs-marker-adaptation-oecd-crs-energy-idn-2012-q-2026-09-28-md-5476244,line,oecd-crs-energy-idn-2012-q-2026-09-28-md-5476244,,marker,,,,,,,,not_screened,adaptation,oecd-crs-energy-idn-2012-q-2026-09-28-md-5476244,oecd_crs_energy_microdata,1,2026-09-28,accepted,,
crs-marker-desertification-oecd-crs-energy-idn-2012-q-2026-09-28-md-5476244,line,oecd-crs-energy-idn-2012-q-2026-09-28-md-5476244,,marker,,,,,,,,not_screened,desertification,oecd-crs-energy-idn-2012-q-2026-09-28-md-5476244,oecd_crs_energy_microdata,1,2026-09-28,accepted,,
crs-flow-oecd-crs-energy-idn-2012-q-2026-09-28-md-5171040,line,oecd-crs-energy-idn-2012-q-2026-09-28-md-5171040,money,flow,commitment,unknown,68902,,,USD,USD,,,oecd-crs-energy-idn-2012-q-2026-09-28-md-5171040,oecd_crs_energy_microdata,1,2026-09-28,accepted,,"OECD Q value already in 2024 constant USD; UNIT_MULT applied, no FX or deflator rate applied"
crs-marker-biodiversity-oecd-crs-energy-idn-2012-q-2026-09-28-md-5171040,line,oecd-crs-energy-idn-2012-q-2026-09-28-md-5171040,,marker,,,,,,,,not_screened,biodiversity,oecd-crs-energy-idn-2012-q-2026-09-28-md-5171040,oecd_crs_energy_microdata,1,2026-09-28,accepted,,
crs-marker-mitigation-oecd-crs-energy-idn-2012-q-2026-09-28-md-5171040,line,oecd-crs-energy-idn-2012-q-2026-09-28-md-5171040,,marker,,,,,,,,not_screened,mitigation,oecd-crs-energy-idn-2012-q-2026-09-28-md-5171040,oecd_crs_energy_microdata,1,2026-09-28,accepted,,
crs-marker-adaptation-oecd-crs-energy-idn-2012-q-2026-09-28-md-5171040,line,oecd-crs-energy-idn-2012-q-2026-09-28-md-5171040,,marker,,,,,,,,not_screened,adaptation,oecd-crs-energy-idn-2012-q-2026-09-28-md-5171040,oecd_crs_energy_microdata,1,2026-09-28,accepted,,
crs-marker-desertification-oecd-crs-energy-idn-2012-q-2026-09-28-md-5171040,line,oecd-crs-energy-idn-2012-q-2026-09-28-md-5171040,,marker,,,,,,,,not_screened,desertification,oecd-crs-energy-idn-2012-q-2026-09-28-md-5171040,oecd_crs_energy_microdata,1,2026-09-28,accepted,,
crs-flow-oecd-crs-energy-idn-2012-q-2026-09-28-md-5147363,line,oecd-crs-energy-idn-2012-q-2026-09-28-md-5147363,money,flow,commitment,unknown,1007657,,,USD,USD,,,oecd-crs-energy-idn-2012-q-2026-09-28-md-5147363,oecd_crs_energy_microdata,1,2026-09-28,accepted,,"OECD Q value already in 2024 constant USD; UNIT_MULT applied, no FX or deflator rate applied"
crs-marker-biodiversity-oecd-crs-energy-idn-2012-q-2026-09-28-md-5147363,line,oecd-crs-energy-idn-2012-q-2026-09-28-md-5147363,,marker,,,,,,,,not_screened,biodiversity,oecd-crs-energy-idn-2012-q-2026-09-28-md-5147363,oecd_crs_energy_microdata,1,2026-09-28,accepted,,
crs-marker-mitigation-oecd-crs-energy-idn-2012-q-2026-09-28-md-5147363,line,oecd-crs-energy-idn-2012-q-2026-09-28-md-5147363,,marker,,,,,,,,not_screened,mitigation,oecd-crs-energy-idn-2012-q-2026-09-28-md-5147363,oecd_crs_energy_microdata,1,2026-09-28,accepted,,
crs-marker-adaptation-oecd-crs-energy-idn-2012-q-2026-09-28-md-5147363,line,oecd-crs-energy-idn-2012-q-2026-09-28-md-5147363,,marker,,,,,,,,not_screened,adaptation,oecd-crs-energy-idn-2012-q-2026-09-28-md-5147363,oecd_crs_energy_microdata,1,2026-09-28,accepted,,
crs-marker-desertification-oecd-crs-energy-idn-2012-q-2026-09-28-md-5147363,line,oecd-crs-energy-idn-2012-q-2026-09-28-md-5147363,,marker,,,,,,,,not_screened,desertification,oecd-crs-energy-idn-2012-q-2026-09-28-md-5147363,oecd_crs_energy_microdata,1,2026-09-28,accepted,,
crs-flow-oecd-crs-energy-idn-2012-q-2026-09-28-md-5503558,line,oecd-crs-energy-idn-2012-q-2026-09-28-md-5503558,money,flow,disbursement,unknown,79189,,,USD,USD,,,oecd-crs-energy-idn-2012-q-2026-09-28-md-5503558,oecd_crs_energy_microdata,1,2026-09-28,accepted,,"OECD Q value already in 2024 constant USD; UNIT_MULT applied, no FX or deflator rate applied"
crs-marker-biodiversity-oecd-crs-energy-idn-2012-q-2026-09-28-md-5503558,line,oecd-crs-energy-idn-2012-q-2026-09-28-md-5503558,,marker,,,0,,,,,0,biodiversity,oecd-crs-energy-idn-2012-q-2026-09-28-md-5503558,oecd_crs_energy_microdata,1,2026-09-28,accepted,,
crs-marker-mitigation-oecd-crs-energy-idn-2012-q-2026-09-28-md-5503558,line,oecd-crs-energy-idn-2012-q-2026-09-28-md-5503558,,marker,,,,,,,,not_screened,mitigation,oecd-crs-energy-idn-2012-q-2026-09-28-md-5503558,oecd_crs_energy_microdata,1,2026-09-28,accepted,,
crs-marker-adaptation-oecd-crs-energy-idn-2012-q-2026-09-28-md-5503558,line,oecd-crs-energy-idn-2012-q-2026-09-28-md-5503558,,marker,,,,,,,,not_screened,adaptation,oecd-crs-energy-idn-2012-q-2026-09-28-md-5503558,oecd_crs_energy_microdata,1,2026-09-28,accepted,,
crs-marker-desertification-oecd-crs-energy-idn-2012-q-2026-09-28-md-5503558,line,oecd-crs-energy-idn-2012-q-2026-09-28-md-5503558,,marker,,,0,,,,,0,desertification,oecd-crs-energy-idn-2012-q-2026-09-28-md-5503558,oecd_crs_energy_microdata,1,2026-09-28,accepted,,
crs-flow-oecd-crs-energy-idn-2012-q-2026-09-28-md-5498716,line,oecd-crs-energy-idn-2012-q-2026-09-28-md-5498716,money,flow,disbursement,unknown,64539,,,USD,USD,,,oecd-crs-energy-idn-2012-q-2026-09-28-md-5498716,oecd_crs_energy_microdata,1,2026-09-28,accepted,,"OECD Q value already in 2024 constant USD; UNIT_MULT applied, no FX or deflator rate applied"
crs-marker-biodiversity-oecd-crs-energy-idn-2012-q-2026-09-28-md-5498716,line,oecd-crs-energy-idn-2012-q-2026-09-28-md-5498716,,marker,,,0,,,,,0,biodiversity,oecd-crs-energy-idn-2012-q-2026-09-28-md-5498716,oecd_crs_energy_microdata,1,2026-09-28,accepted,,
crs-marker-mitigation-oecd-crs-energy-idn-2012-q-2026-09-28-md-5498716,line,oecd-crs-energy-idn-2012-q-2026-09-28-md-5498716,,marker,,,,,,,,not_screened,mitigation,oecd-crs-energy-idn-2012-q-2026-09-28-md-5498716,oecd_crs_energy_microdata,1,2026-09-28,accepted,,
crs-marker-adaptation-oecd-crs-energy-idn-2012-q-2026-09-28-md-5498716,line,oecd-crs-energy-idn-2012-q-2026-09-28-md-5498716,,marker,,,,,,,,not_screened,adaptation,oecd-crs-energy-idn-2012-q-2026-09-28-md-5498716,oecd_crs_energy_microdata,1,2026-09-28,accepted,,
crs-marker-desertification-oecd-crs-energy-idn-2012-q-2026-09-28-md-5498716,line,oecd-crs-energy-idn-2012-q-2026-09-28-md-5498716,,marker,,,0,,,,,0,desertification,oecd-crs-energy-idn-2012-q-2026-09-28-md-5498716,oecd_crs_energy_microdata,1,2026-09-28,accepted,,
crs-flow-oecd-crs-energy-idn-2012-q-2026-09-28-md-5498718,line,oecd-crs-energy-idn-2012-q-2026-09-28-md-5498718,money,flow,disbursement,unknown,54084,,,USD,USD,,,oecd-crs-energy-idn-2012-q-2026-09-28-md-5498718,oecd_crs_energy_microdata,1,2026-09-28,accepted,,"OECD Q value already in 2024 constant USD; UNIT_MULT applied, no FX or deflator rate applied"
crs-marker-biodiversity-oecd-crs-energy-idn-2012-q-2026-09-28-md-5498718,line,oecd-crs-energy-idn-2012-q-2026-09-28-md-5498718,,marker,,,0,,,,,0,biodiversity,oecd-crs-energy-idn-2012-q-2026-09-28-md-5498718,oecd_crs_energy_microdata,1,2026-09-28,accepted,,
crs-marker-mitigation-oecd-crs-energy-idn-2012-q-2026-09-28-md-5498718,line,oecd-crs-energy-idn-2012-q-2026-09-28-md-5498718,,marker,,,,,,,,not_screened,mitigation,oecd-crs-energy-idn-2012-q-2026-09-28-md-5498718,oecd_crs_energy_microdata,1,2026-09-28,accepted,,
crs-marker-adaptation-oecd-crs-energy-idn-2012-q-2026-09-28-md-5498718,line,oecd-crs-energy-idn-2012-q-2026-09-28-md-5498718,,marker,,,,,,,,not_screened,adaptation,oecd-crs-energy-idn-2012-q-2026-09-28-md-5498718,oecd_crs_energy_microdata,1,2026-09-28,accepted,,
crs-marker-desertification-oecd-crs-energy-idn-2012-q-2026-09-28-md-5498718,line,oecd-crs-energy-idn-2012-q-2026-09-28-md-5498718,,marker,,,0,,,,,0,desertification,oecd-crs-energy-idn-2012-q-2026-09-28-md-5498718,oecd_crs_energy_microdata,1,2026-09-28,accepted,,
crs-flow-oecd-crs-energy-idn-2012-q-2026-09-28-md-5190671,line,oecd-crs-energy-idn-2012-q-2026-09-28-md-5190671,money,flow,commitment,unknown,2375682,,,USD,USD,,,oecd-crs-energy-idn-2012-q-2026-09-28-md-5190671,oecd_crs_energy_microdata,1,2026-09-28,accepted,,"OECD Q value already in 2024 constant USD; UNIT_MULT applied, no FX or deflator rate applied"
crs-marker-biodiversity-oecd-crs-energy-idn-2012-q-2026-09-28-md-5190671,line,oecd-crs-energy-idn-2012-q-2026-09-28-md-5190671,,marker,,,0,,,,,0,biodiversity,oecd-crs-energy-idn-2012-q-2026-09-28-md-5190671,oecd_crs_energy_microdata,1,2026-09-28,accepted,,
crs-marker-mitigation-oecd-crs-energy-idn-2012-q-2026-09-28-md-5190671,line,oecd-crs-energy-idn-2012-q-2026-09-28-md-5190671,,marker,,,,,,,,not_screened,mitigation,oecd-crs-energy-idn-2012-q-2026-09-28-md-5190671,oecd_crs_energy_microdata,1,2026-09-28,accepted,,
crs-marker-adaptation-oecd-crs-energy-idn-2012-q-2026-09-28-md-5190671,line,oecd-crs-energy-idn-2012-q-2026-09-28-md-5190671,,marker,,,,,,,,not_screened,adaptation,oecd-crs-energy-idn-2012-q-2026-09-28-md-5190671,oecd_crs_energy_microdata,1,2026-09-28,accepted,,
crs-marker-desertification-oecd-crs-energy-idn-2012-q-2026-09-28-md-5190671,line,oecd-crs-energy-idn-2012-q-2026-09-28-md-5190671,,marker,,,0,,,,,0,desertification,oecd-crs-energy-idn-2012-q-2026-09-28-md-5190671,oecd_crs_energy_microdata,1,2026-09-28,accepted,,
crs-flow-oecd-crs-energy-idn-2012-q-2026-09-28-md-5191037,line,oecd-crs-energy-idn-2012-q-2026-09-28-md-5191037,money,flow,commitment,unknown,64539,,,USD,USD,,,oecd-crs-energy-idn-2012-q-2026-09-28-md-5191037,oecd_crs_energy_microdata,1,2026-09-28,accepted,,"OECD Q value already in 2024 constant USD; UNIT_MULT applied, no FX or deflator rate applied"
crs-marker-biodiversity-oecd-crs-energy-idn-2012-q-2026-09-28-md-5191037,line,oecd-crs-energy-idn-2012-q-2026-09-28-md-5191037,,marker,,,0,,,,,0,biodiversity,oecd-crs-energy-idn-2012-q-2026-09-28-md-5191037,oecd_crs_energy_microdata,1,2026-09-28,accepted,,
crs-marker-mitigation-oecd-crs-energy-idn-2012-q-2026-09-28-md-5191037,line,oecd-crs-energy-idn-2012-q-2026-09-28-md-5191037,,marker,,,,,,,,not_screened,mitigation,oecd-crs-energy-idn-2012-q-2026-09-28-md-5191037,oecd_crs_energy_microdata,1,2026-09-28,accepted,,
crs-marker-adaptation-oecd-crs-energy-idn-2012-q-2026-09-28-md-5191037,line,oecd-crs-energy-idn-2012-q-2026-09-28-md-5191037,,marker,,,,,,,,not_screened,adaptation,oecd-crs-energy-idn-2012-q-2026-09-28-md-5191037,oecd_crs_energy_microdata,1,2026-09-28,accepted,,
crs-marker-desertification-oecd-crs-energy-idn-2012-q-2026-09-28-md-5191037,line,oecd-crs-energy-idn-2012-q-2026-09-28-md-5191037,,marker,,,0,,,,,0,desertification,oecd-crs-energy-idn-2012-q-2026-09-28-md-5191037,oecd_crs_energy_microdata,1,2026-09-28,accepted,,
crs-flow-oecd-crs-energy-idn-2012-q-2026-09-28-md-5216163,line,oecd-crs-energy-idn-2012-q-2026-09-28-md-5216163,money,flow,commitment,unknown,659912,,,USD,USD,,,oecd-crs-energy-idn-2012-q-2026-09-28-md-5216163,oecd_crs_energy_microdata,1,2026-09-28,accepted,,"OECD Q value already in 2024 constant USD; UNIT_MULT applied, no FX or deflator rate applied"
crs-marker-biodiversity-oecd-crs-energy-idn-2012-q-2026-09-28-md-5216163,line,oecd-crs-energy-idn-2012-q-2026-09-28-md-5216163,,marker,,,0,,,,,0,biodiversity,oecd-crs-energy-idn-2012-q-2026-09-28-md-5216163,oecd_crs_energy_microdata,1,2026-09-28,accepted,,
crs-marker-mitigation-oecd-crs-energy-idn-2012-q-2026-09-28-md-5216163,line,oecd-crs-energy-idn-2012-q-2026-09-28-md-5216163,,marker,,,,,,,,not_screened,mitigation,oecd-crs-energy-idn-2012-q-2026-09-28-md-5216163,oecd_crs_energy_microdata,1,2026-09-28,accepted,,
crs-marker-adaptation-oecd-crs-energy-idn-2012-q-2026-09-28-md-5216163,line,oecd-crs-energy-idn-2012-q-2026-09-28-md-5216163,,marker,,,,,,,,not_screened,adaptation,oecd-crs-energy-idn-2012-q-2026-09-28-md-5216163,oecd_crs_energy_microdata,1,2026-09-28,accepted,,
crs-marker-desertification-oecd-crs-energy-idn-2012-q-2026-09-28-md-5216163,line,oecd-crs-energy-idn-2012-q-2026-09-28-md-5216163,,marker,,,0,,,,,0,desertification,oecd-crs-energy-idn-2012-q-2026-09-28-md-5216163,oecd_crs_energy_microdata,1,2026-09-28,accepted,,
crs-flow-oecd-crs-energy-idn-2012-q-2026-09-28-md-5191038,line,oecd-crs-energy-idn-2012-q-2026-09-28-md-5191038,money,flow,commitment,unknown,54084,,,USD,USD,,,oecd-crs-energy-idn-2012-q-2026-09-28-md-5191038,oecd_crs_energy_microdata,1,2026-09-28,accepted,,"OECD Q value already in 2024 constant USD; UNIT_MULT applied, no FX or deflator rate applied"
crs-marker-biodiversity-oecd-crs-energy-idn-2012-q-2026-09-28-md-5191038,line,oecd-crs-energy-idn-2012-q-2026-09-28-md-5191038,,marker,,,0,,,,,0,biodiversity,oecd-crs-energy-idn-2012-q-2026-09-28-md-5191038,oecd_crs_energy_microdata,1,2026-09-28,accepted,,
crs-marker-mitigation-oecd-crs-energy-idn-2012-q-2026-09-28-md-5191038,line,oecd-crs-energy-idn-2012-q-2026-09-28-md-5191038,,marker,,,,,,,,not_screened,mitigation,oecd-crs-energy-idn-2012-q-2026-09-28-md-5191038,oecd_crs_energy_microdata,1,2026-09-28,accepted,,
crs-marker-adaptation-oecd-crs-energy-idn-2012-q-2026-09-28-md-5191038,line,oecd-crs-energy-idn-2012-q-2026-09-28-md-5191038,,marker,,,,,,,,not_screened,adaptation,oecd-crs-energy-idn-2012-q-2026-09-28-md-5191038,oecd_crs_energy_microdata,1,2026-09-28,accepted,,
crs-marker-desertification-oecd-crs-energy-idn-2012-q-2026-09-28-md-5191038,line,oecd-crs-energy-idn-2012-q-2026-09-28-md-5191038,,marker,,,0,,,,,0,desertification,oecd-crs-energy-idn-2012-q-2026-09-28-md-5191038,oecd_crs_energy_microdata,1,2026-09-28,accepted,,
crs-flow-oecd-crs-energy-idn-2012-q-2026-09-28-md-5190619,line,oecd-crs-energy-idn-2012-q-2026-09-28-md-5190619,money,flow,commitment,unknown,2243700,,,USD,USD,,,oecd-crs-energy-idn-2012-q-2026-09-28-md-5190619,oecd_crs_energy_microdata,1,2026-09-28,accepted,,"OECD Q value already in 2024 constant USD; UNIT_MULT applied, no FX or deflator rate applied"
crs-marker-biodiversity-oecd-crs-energy-idn-2012-q-2026-09-28-md-5190619,line,oecd-crs-energy-idn-2012-q-2026-09-28-md-5190619,,marker,,,0,,,,,0,biodiversity,oecd-crs-energy-idn-2012-q-2026-09-28-md-5190619,oecd_crs_energy_microdata,1,2026-09-28,accepted,,
crs-marker-mitigation-oecd-crs-energy-idn-2012-q-2026-09-28-md-5190619,line,oecd-crs-energy-idn-2012-q-2026-09-28-md-5190619,,marker,,,,,,,,not_screened,mitigation,oecd-crs-energy-idn-2012-q-2026-09-28-md-5190619,oecd_crs_energy_microdata,1,2026-09-28,accepted,,
crs-marker-adaptation-oecd-crs-energy-idn-2012-q-2026-09-28-md-5190619,line,oecd-crs-energy-idn-2012-q-2026-09-28-md-5190619,,marker,,,,,,,,not_screened,adaptation,oecd-crs-energy-idn-2012-q-2026-09-28-md-5190619,oecd_crs_energy_microdata,1,2026-09-28,accepted,,
crs-marker-desertification-oecd-crs-energy-idn-2012-q-2026-09-28-md-5190619,line,oecd-crs-energy-idn-2012-q-2026-09-28-md-5190619,,marker,,,0,,,,,0,desertification,oecd-crs-energy-idn-2012-q-2026-09-28-md-5190619,oecd_crs_energy_microdata,1,2026-09-28,accepted,,
crs-flow-oecd-crs-energy-idn-2012-q-2026-09-28-md-5498484,line,oecd-crs-energy-idn-2012-q-2026-09-28-md-5498484,money,flow,disbursement,unknown,260672,,,USD,USD,,,oecd-crs-energy-idn-2012-q-2026-09-28-md-5498484,oecd_crs_energy_microdata,1,2026-09-28,accepted,,"OECD Q value already in 2024 constant USD; UNIT_MULT applied, no FX or deflator rate applied"
crs-marker-biodiversity-oecd-crs-energy-idn-2012-q-2026-09-28-md-5498484,line,oecd-crs-energy-idn-2012-q-2026-09-28-md-5498484,,marker,,,0,,,,,0,biodiversity,oecd-crs-energy-idn-2012-q-2026-09-28-md-5498484,oecd_crs_energy_microdata,1,2026-09-28,accepted,,
crs-marker-mitigation-oecd-crs-energy-idn-2012-q-2026-09-28-md-5498484,line,oecd-crs-energy-idn-2012-q-2026-09-28-md-5498484,,marker,,,,,,,,not_screened,mitigation,oecd-crs-energy-idn-2012-q-2026-09-28-md-5498484,oecd_crs_energy_microdata,1,2026-09-28,accepted,,
crs-marker-adaptation-oecd-crs-energy-idn-2012-q-2026-09-28-md-5498484,line,oecd-crs-energy-idn-2012-q-2026-09-28-md-5498484,,marker,,,,,,,,not_screened,adaptation,oecd-crs-energy-idn-2012-q-2026-09-28-md-5498484,oecd_crs_energy_microdata,1,2026-09-28,accepted,,
crs-marker-desertification-oecd-crs-energy-idn-2012-q-2026-09-28-md-5498484,line,oecd-crs-energy-idn-2012-q-2026-09-28-md-5498484,,marker,,,0,,,,,0,desertification,oecd-crs-energy-idn-2012-q-2026-09-28-md-5498484,oecd_crs_energy_microdata,1,2026-09-28,accepted,,
crs-flow-oecd-crs-energy-idn-2012-q-2026-09-28-md-5499296,line,oecd-crs-energy-idn-2012-q-2026-09-28-md-5499296,money,flow,disbursement,unknown,137262,,,USD,USD,,,oecd-crs-energy-idn-2012-q-2026-09-28-md-5499296,oecd_crs_energy_microdata,1,2026-09-28,accepted,,"OECD Q value already in 2024 constant USD; UNIT_MULT applied, no FX or deflator rate applied"
crs-marker-biodiversity-oecd-crs-energy-idn-2012-q-2026-09-28-md-5499296,line,oecd-crs-energy-idn-2012-q-2026-09-28-md-5499296,,marker,,,0,,,,,0,biodiversity,oecd-crs-energy-idn-2012-q-2026-09-28-md-5499296,oecd_crs_energy_microdata,1,2026-09-28,accepted,,
crs-marker-mitigation-oecd-crs-energy-idn-2012-q-2026-09-28-md-5499296,line,oecd-crs-energy-idn-2012-q-2026-09-28-md-5499296,,marker,,,,,,,,not_screened,mitigation,oecd-crs-energy-idn-2012-q-2026-09-28-md-5499296,oecd_crs_energy_microdata,1,2026-09-28,accepted,,
crs-marker-adaptation-oecd-crs-energy-idn-2012-q-2026-09-28-md-5499296,line,oecd-crs-energy-idn-2012-q-2026-09-28-md-5499296,,marker,,,,,,,,not_screened,adaptation,oecd-crs-energy-idn-2012-q-2026-09-28-md-5499296,oecd_crs_energy_microdata,1,2026-09-28,accepted,,
crs-marker-desertification-oecd-crs-energy-idn-2012-q-2026-09-28-md-5499296,line,oecd-crs-energy-idn-2012-q-2026-09-28-md-5499296,,marker,,,0,,,,,0,desertification,oecd-crs-energy-idn-2012-q-2026-09-28-md-5499296,oecd_crs_energy_microdata,1,2026-09-28,accepted,,
crs-flow-oecd-crs-energy-idn-2012-q-2026-09-28-md-5192705,line,oecd-crs-energy-idn-2012-q-2026-09-28-md-5192705,money,flow,commitment,unknown,274523,,,USD,USD,,,oecd-crs-energy-idn-2012-q-2026-09-28-md-5192705,oecd_crs_energy_microdata,1,2026-09-28,accepted,,"OECD Q value already in 2024 constant USD; UNIT_MULT applied, no FX or deflator rate applied"
crs-marker-biodiversity-oecd-crs-energy-idn-2012-q-2026-09-28-md-5192705,line,oecd-crs-energy-idn-2012-q-2026-09-28-md-5192705,,marker,,,0,,,,,0,biodiversity,oecd-crs-energy-idn-2012-q-2026-09-28-md-5192705,oecd_crs_energy_microdata,1,2026-09-28,accepted,,
crs-marker-mitigation-oecd-crs-energy-idn-2012-q-2026-09-28-md-5192705,line,oecd-crs-energy-idn-2012-q-2026-09-28-md-5192705,,marker,,,,,,,,not_screened,mitigation,oecd-crs-energy-idn-2012-q-2026-09-28-md-5192705,oecd_crs_energy_microdata,1,2026-09-28,accepted,,
crs-marker-adaptation-oecd-crs-energy-idn-2012-q-2026-09-28-md-5192705,line,oecd-crs-energy-idn-2012-q-2026-09-28-md-5192705,,marker,,,,,,,,not_screened,adaptation,oecd-crs-energy-idn-2012-q-2026-09-28-md-5192705,oecd_crs_energy_microdata,1,2026-09-28,accepted,,
crs-marker-desertification-oecd-crs-energy-idn-2012-q-2026-09-28-md-5192705,line,oecd-crs-energy-idn-2012-q-2026-09-28-md-5192705,,marker,,,0,,,,,0,desertification,oecd-crs-energy-idn-2012-q-2026-09-28-md-5192705,oecd_crs_energy_microdata,1,2026-09-28,accepted,,
crs-flow-oecd-crs-energy-idn-2012-q-2026-09-28-md-5498525,line,oecd-crs-energy-idn-2012-q-2026-09-28-md-5498525,money,flow,disbursement,unknown,388837,,,USD,USD,,,oecd-crs-energy-idn-2012-q-2026-09-28-md-5498525,oecd_crs_energy_microdata,1,2026-09-28,accepted,,"OECD Q value already in 2024 constant USD; UNIT_MULT applied, no FX or deflator rate applied"
crs-marker-biodiversity-oecd-crs-energy-idn-2012-q-2026-09-28-md-5498525,line,oecd-crs-energy-idn-2012-q-2026-09-28-md-5498525,,marker,,,0,,,,,0,biodiversity,oecd-crs-energy-idn-2012-q-2026-09-28-md-5498525,oecd_crs_energy_microdata,1,2026-09-28,accepted,,
crs-marker-mitigation-oecd-crs-energy-idn-2012-q-2026-09-28-md-5498525,line,oecd-crs-energy-idn-2012-q-2026-09-28-md-5498525,,marker,,,,,,,,not_screened,mitigation,oecd-crs-energy-idn-2012-q-2026-09-28-md-5498525,oecd_crs_energy_microdata,1,2026-09-28,accepted,,
crs-marker-adaptation-oecd-crs-energy-idn-2012-q-2026-09-28-md-5498525,line,oecd-crs-energy-idn-2012-q-2026-09-28-md-5498525,,marker,,,,,,,,not_screened,adaptation,oecd-crs-energy-idn-2012-q-2026-09-28-md-5498525,oecd_crs_energy_microdata,1,2026-09-28,accepted,,
crs-marker-desertification-oecd-crs-energy-idn-2012-q-2026-09-28-md-5498525,line,oecd-crs-energy-idn-2012-q-2026-09-28-md-5498525,,marker,,,0,,,,,0,desertification,oecd-crs-energy-idn-2012-q-2026-09-28-md-5498525,oecd_crs_energy_microdata,1,2026-09-28,accepted,,
crs-flow-oecd-crs-energy-idn-2012-q-2026-09-28-md-5517620,line,oecd-crs-energy-idn-2012-q-2026-09-28-md-5517620,money,flow,disbursement,unknown,57841,,,USD,USD,,,oecd-crs-energy-idn-2012-q-2026-09-28-md-5517620,oecd_crs_energy_microdata,1,2026-09-28,accepted,,"OECD Q value already in 2024 constant USD; UNIT_MULT applied, no FX or deflator rate applied"
crs-marker-biodiversity-oecd-crs-energy-idn-2012-q-2026-09-28-md-5517620,line,oecd-crs-energy-idn-2012-q-2026-09-28-md-5517620,,marker,,,0,,,,,0,biodiversity,oecd-crs-energy-idn-2012-q-2026-09-28-md-5517620,oecd_crs_energy_microdata,1,2026-09-28,accepted,,
crs-marker-mitigation-oecd-crs-energy-idn-2012-q-2026-09-28-md-5517620,line,oecd-crs-energy-idn-2012-q-2026-09-28-md-5517620,,marker,,,,,,,,not_screened,mitigation,oecd-crs-energy-idn-2012-q-2026-09-28-md-5517620,oecd_crs_energy_microdata,1,2026-09-28,accepted,,
crs-marker-adaptation-oecd-crs-energy-idn-2012-q-2026-09-28-md-5517620,line,oecd-crs-energy-idn-2012-q-2026-09-28-md-5517620,,marker,,,,,,,,not_screened,adaptation,oecd-crs-energy-idn-2012-q-2026-09-28-md-5517620,oecd_crs_energy_microdata,1,2026-09-28,accepted,,
crs-marker-desertification-oecd-crs-energy-idn-2012-q-2026-09-28-md-5517620,line,oecd-crs-energy-idn-2012-q-2026-09-28-md-5517620,,marker,,,0,,,,,0,desertification,oecd-crs-energy-idn-2012-q-2026-09-28-md-5517620,oecd_crs_energy_microdata,1,2026-09-28,accepted,,
crs-flow-oecd-crs-energy-idn-2012-q-2026-09-28-md-5525591,line,oecd-crs-energy-idn-2012-q-2026-09-28-md-5525591,money,flow,disbursement,unknown,1214251,,,USD,USD,,,oecd-crs-energy-idn-2012-q-2026-09-28-md-5525591,oecd_crs_energy_microdata,1,2026-09-28,accepted,,"OECD Q value already in 2024 constant USD; UNIT_MULT applied, no FX or deflator rate applied"
crs-marker-biodiversity-oecd-crs-energy-idn-2012-q-2026-09-28-md-5525591,line,oecd-crs-energy-idn-2012-q-2026-09-28-md-5525591,,marker,,,0,,,,,0,biodiversity,oecd-crs-energy-idn-2012-q-2026-09-28-md-5525591,oecd_crs_energy_microdata,1,2026-09-28,accepted,,
crs-marker-mitigation-oecd-crs-energy-idn-2012-q-2026-09-28-md-5525591,line,oecd-crs-energy-idn-2012-q-2026-09-28-md-5525591,,marker,,,0,,,,,0,mitigation,oecd-crs-energy-idn-2012-q-2026-09-28-md-5525591,oecd_crs_energy_microdata,1,2026-09-28,accepted,,
crs-marker-adaptation-oecd-crs-energy-idn-2012-q-2026-09-28-md-5525591,line,oecd-crs-energy-idn-2012-q-2026-09-28-md-5525591,,marker,,,2,,,,,2,adaptation,oecd-crs-energy-idn-2012-q-2026-09-28-md-5525591,oecd_crs_energy_microdata,1,2026-09-28,accepted,,
crs-marker-desertification-oecd-crs-energy-idn-2012-q-2026-09-28-md-5525591,line,oecd-crs-energy-idn-2012-q-2026-09-28-md-5525591,,marker,,,0,,,,,0,desertification,oecd-crs-energy-idn-2012-q-2026-09-28-md-5525591,oecd_crs_energy_microdata,1,2026-09-28,accepted,,
crs-flow-oecd-crs-energy-idn-2012-q-2026-09-28-md-5172019,line,oecd-crs-energy-idn-2012-q-2026-09-28-md-5172019,money,flow,commitment,unknown,20693,,,USD,USD,,,oecd-crs-energy-idn-2012-q-2026-09-28-md-5172019,oecd_crs_energy_microdata,1,2026-09-28,accepted,,"OECD Q value already in 2024 constant USD; UNIT_MULT applied, no FX or deflator rate applied"
crs-marker-biodiversity-oecd-crs-energy-idn-2012-q-2026-09-28-md-5172019,line,oecd-crs-energy-idn-2012-q-2026-09-28-md-5172019,,marker,,,0,,,,,0,biodiversity,oecd-crs-energy-idn-2012-q-2026-09-28-md-5172019,oecd_crs_energy_microdata,1,2026-09-28,accepted,,
crs-marker-mitigation-oecd-crs-energy-idn-2012-q-2026-09-28-md-5172019,line,oecd-crs-energy-idn-2012-q-2026-09-28-md-5172019,,marker,,,2,,,,,2,mitigation,oecd-crs-energy-idn-2012-q-2026-09-28-md-5172019,oecd_crs_energy_microdata,1,2026-09-28,accepted,,
crs-marker-adaptation-oecd-crs-energy-idn-2012-q-2026-09-28-md-5172019,line,oecd-crs-energy-idn-2012-q-2026-09-28-md-5172019,,marker,,,0,,,,,0,adaptation,oecd-crs-energy-idn-2012-q-2026-09-28-md-5172019,oecd_crs_energy_microdata,1,2026-09-28,accepted,,
crs-marker-desertification-oecd-crs-energy-idn-2012-q-2026-09-28-md-5172019,line,oecd-crs-energy-idn-2012-q-2026-09-28-md-5172019,,marker,,,0,,,,,0,desertification,oecd-crs-energy-idn-2012-q-2026-09-28-md-5172019,oecd_crs_energy_microdata,1,2026-09-28,accepted,,
crs-flow-oecd-crs-energy-idn-2012-q-2026-09-28-md-5510895,line,oecd-crs-energy-idn-2012-q-2026-09-28-md-5510895,money,flow,disbursement,unknown,2468,,,USD,USD,,,oecd-crs-energy-idn-2012-q-2026-09-28-md-5510895,oecd_crs_energy_microdata,1,2026-09-28,accepted,,"OECD Q value already in 2024 constant USD; UNIT_MULT applied, no FX or deflator rate applied"
crs-marker-biodiversity-oecd-crs-energy-idn-2012-q-2026-09-28-md-5510895,line,oecd-crs-energy-idn-2012-q-2026-09-28-md-5510895,,marker,,,0,,,,,0,biodiversity,oecd-crs-energy-idn-2012-q-2026-09-28-md-5510895,oecd_crs_energy_microdata,1,2026-09-28,accepted,,
crs-marker-mitigation-oecd-crs-energy-idn-2012-q-2026-09-28-md-5510895,line,oecd-crs-energy-idn-2012-q-2026-09-28-md-5510895,,marker,,,2,,,,,2,mitigation,oecd-crs-energy-idn-2012-q-2026-09-28-md-5510895,oecd_crs_energy_microdata,1,2026-09-28,accepted,,
crs-marker-adaptation-oecd-crs-energy-idn-2012-q-2026-09-28-md-5510895,line,oecd-crs-energy-idn-2012-q-2026-09-28-md-5510895,,marker,,,0,,,,,0,adaptation,oecd-crs-energy-idn-2012-q-2026-09-28-md-5510895,oecd_crs_energy_microdata,1,2026-09-28,accepted,,
crs-marker-desertification-oecd-crs-energy-idn-2012-q-2026-09-28-md-5510895,line,oecd-crs-energy-idn-2012-q-2026-09-28-md-5510895,,marker,,,0,,,,,0,desertification,oecd-crs-energy-idn-2012-q-2026-09-28-md-5510895,oecd_crs_energy_microdata,1,2026-09-28,accepted,,
crs-flow-oecd-crs-energy-idn-2012-q-2026-09-28-md-5144038,line,oecd-crs-energy-idn-2012-q-2026-09-28-md-5144038,money,flow,commitment,unknown,731903,,,USD,USD,,,oecd-crs-energy-idn-2012-q-2026-09-28-md-5144038,oecd_crs_energy_microdata,1,2026-09-28,accepted,,"OECD Q value already in 2024 constant USD; UNIT_MULT applied, no FX or deflator rate applied"
crs-marker-biodiversity-oecd-crs-energy-idn-2012-q-2026-09-28-md-5144038,line,oecd-crs-energy-idn-2012-q-2026-09-28-md-5144038,,marker,,,0,,,,,0,biodiversity,oecd-crs-energy-idn-2012-q-2026-09-28-md-5144038,oecd_crs_energy_microdata,1,2026-09-28,accepted,,
crs-marker-mitigation-oecd-crs-energy-idn-2012-q-2026-09-28-md-5144038,line,oecd-crs-energy-idn-2012-q-2026-09-28-md-5144038,,marker,,,1,,,,,1,mitigation,oecd-crs-energy-idn-2012-q-2026-09-28-md-5144038,oecd_crs_energy_microdata,1,2026-09-28,accepted,,
crs-marker-adaptation-oecd-crs-energy-idn-2012-q-2026-09-28-md-5144038,line,oecd-crs-energy-idn-2012-q-2026-09-28-md-5144038,,marker,,,1,,,,,1,adaptation,oecd-crs-energy-idn-2012-q-2026-09-28-md-5144038,oecd_crs_energy_microdata,1,2026-09-28,accepted,,
crs-marker-desertification-oecd-crs-energy-idn-2012-q-2026-09-28-md-5144038,line,oecd-crs-energy-idn-2012-q-2026-09-28-md-5144038,,marker,,,0,,,,,0,desertification,oecd-crs-energy-idn-2012-q-2026-09-28-md-5144038,oecd_crs_energy_microdata,1,2026-09-28,accepted,,
crs-flow-oecd-crs-energy-idn-2012-q-2026-09-28-md-5459143,line,oecd-crs-energy-idn-2012-q-2026-09-28-md-5459143,money,flow,disbursement,unknown,731903,,,USD,USD,,,oecd-crs-energy-idn-2012-q-2026-09-28-md-5459143,oecd_crs_energy_microdata,1,2026-09-28,accepted,,"OECD Q value already in 2024 constant USD; UNIT_MULT applied, no FX or deflator rate applied"
crs-marker-biodiversity-oecd-crs-energy-idn-2012-q-2026-09-28-md-5459143,line,oecd-crs-energy-idn-2012-q-2026-09-28-md-5459143,,marker,,,0,,,,,0,biodiversity,oecd-crs-energy-idn-2012-q-2026-09-28-md-5459143,oecd_crs_energy_microdata,1,2026-09-28,accepted,,
crs-marker-mitigation-oecd-crs-energy-idn-2012-q-2026-09-28-md-5459143,line,oecd-crs-energy-idn-2012-q-2026-09-28-md-5459143,,marker,,,1,,,,,1,mitigation,oecd-crs-energy-idn-2012-q-2026-09-28-md-5459143,oecd_crs_energy_microdata,1,2026-09-28,accepted,,
crs-marker-adaptation-oecd-crs-energy-idn-2012-q-2026-09-28-md-5459143,line,oecd-crs-energy-idn-2012-q-2026-09-28-md-5459143,,marker,,,1,,,,,1,adaptation,oecd-crs-energy-idn-2012-q-2026-09-28-md-5459143,oecd_crs_energy_microdata,1,2026-09-28,accepted,,
crs-marker-desertification-oecd-crs-energy-idn-2012-q-2026-09-28-md-5459143,line,oecd-crs-energy-idn-2012-q-2026-09-28-md-5459143,,marker,,,0,,,,,0,desertification,oecd-crs-energy-idn-2012-q-2026-09-28-md-5459143,oecd_crs_energy_microdata,1,2026-09-28,accepted,,
crs-flow-oecd-crs-energy-idn-2012-q-2026-09-28-md-5145062,line,oecd-crs-energy-idn-2012-q-2026-09-28-md-5145062,money,flow,commitment,unknown,115156,,,USD,USD,,,oecd-crs-energy-idn-2012-q-2026-09-28-md-5145062,oecd_crs_energy_microdata,1,2026-09-28,accepted,,"OECD Q value already in 2024 constant USD; UNIT_MULT applied, no FX or deflator rate applied"
crs-marker-biodiversity-oecd-crs-energy-idn-2012-q-2026-09-28-md-5145062,line,oecd-crs-energy-idn-2012-q-2026-09-28-md-5145062,,marker,,,0,,,,,0,biodiversity,oecd-crs-energy-idn-2012-q-2026-09-28-md-5145062,oecd_crs_energy_microdata,1,2026-09-28,accepted,,
crs-marker-mitigation-oecd-crs-energy-idn-2012-q-2026-09-28-md-5145062,line,oecd-crs-energy-idn-2012-q-2026-09-28-md-5145062,,marker,,,1,,,,,1,mitigation,oecd-crs-energy-idn-2012-q-2026-09-28-md-5145062,oecd_crs_energy_microdata,1,2026-09-28,accepted,,
crs-marker-adaptation-oecd-crs-energy-idn-2012-q-2026-09-28-md-5145062,line,oecd-crs-energy-idn-2012-q-2026-09-28-md-5145062,,marker,,,0,,,,,0,adaptation,oecd-crs-energy-idn-2012-q-2026-09-28-md-5145062,oecd_crs_energy_microdata,1,2026-09-28,accepted,,
crs-marker-desertification-oecd-crs-energy-idn-2012-q-2026-09-28-md-5145062,line,oecd-crs-energy-idn-2012-q-2026-09-28-md-5145062,,marker,,,0,,,,,0,desertification,oecd-crs-energy-idn-2012-q-2026-09-28-md-5145062,oecd_crs_energy_microdata,1,2026-09-28,accepted,,
crs-flow-oecd-crs-energy-idn-2012-q-2026-09-28-md-5145251,line,oecd-crs-energy-idn-2012-q-2026-09-28-md-5145251,money,flow,commitment,unknown,83673,,,USD,USD,,,oecd-crs-energy-idn-2012-q-2026-09-28-md-5145251,oecd_crs_energy_microdata,1,2026-09-28,accepted,,"OECD Q value already in 2024 constant USD; UNIT_MULT applied, no FX or deflator rate applied"
crs-marker-biodiversity-oecd-crs-energy-idn-2012-q-2026-09-28-md-5145251,line,oecd-crs-energy-idn-2012-q-2026-09-28-md-5145251,,marker,,,0,,,,,0,biodiversity,oecd-crs-energy-idn-2012-q-2026-09-28-md-5145251,oecd_crs_energy_microdata,1,2026-09-28,accepted,,
crs-marker-mitigation-oecd-crs-energy-idn-2012-q-2026-09-28-md-5145251,line,oecd-crs-energy-idn-2012-q-2026-09-28-md-5145251,,marker,,,1,,,,,1,mitigation,oecd-crs-energy-idn-2012-q-2026-09-28-md-5145251,oecd_crs_energy_microdata,1,2026-09-28,accepted,,
crs-marker-adaptation-oecd-crs-energy-idn-2012-q-2026-09-28-md-5145251,line,oecd-crs-energy-idn-2012-q-2026-09-28-md-5145251,,marker,,,0,,,,,0,adaptation,oecd-crs-energy-idn-2012-q-2026-09-28-md-5145251,oecd_crs_energy_microdata,1,2026-09-28,accepted,,
crs-marker-desertification-oecd-crs-energy-idn-2012-q-2026-09-28-md-5145251,line,oecd-crs-energy-idn-2012-q-2026-09-28-md-5145251,,marker,,,0,,,,,0,desertification,oecd-crs-energy-idn-2012-q-2026-09-28-md-5145251,oecd_crs_energy_microdata,1,2026-09-28,accepted,,
crs-flow-oecd-crs-energy-idn-2012-q-2026-09-28-md-5488828,line,oecd-crs-energy-idn-2012-q-2026-09-28-md-5488828,money,flow,disbursement,unknown,56242,,,USD,USD,,,oecd-crs-energy-idn-2012-q-2026-09-28-md-5488828,oecd_crs_energy_microdata,1,2026-09-28,accepted,,"OECD Q value already in 2024 constant USD; UNIT_MULT applied, no FX or deflator rate applied"
crs-marker-biodiversity-oecd-crs-energy-idn-2012-q-2026-09-28-md-5488828,line,oecd-crs-energy-idn-2012-q-2026-09-28-md-5488828,,marker,,,0,,,,,0,biodiversity,oecd-crs-energy-idn-2012-q-2026-09-28-md-5488828,oecd_crs_energy_microdata,1,2026-09-28,accepted,,
crs-marker-mitigation-oecd-crs-energy-idn-2012-q-2026-09-28-md-5488828,line,oecd-crs-energy-idn-2012-q-2026-09-28-md-5488828,,marker,,,0,,,,,0,mitigation,oecd-crs-energy-idn-2012-q-2026-09-28-md-5488828,oecd_crs_energy_microdata,1,2026-09-28,accepted,,
crs-marker-adaptation-oecd-crs-energy-idn-2012-q-2026-09-28-md-5488828,line,oecd-crs-energy-idn-2012-q-2026-09-28-md-5488828,,marker,,,0,,,,,0,adaptation,oecd-crs-energy-idn-2012-q-2026-09-28-md-5488828,oecd_crs_energy_microdata,1,2026-09-28,accepted,,
crs-marker-desertification-oecd-crs-energy-idn-2012-q-2026-09-28-md-5488828,line,oecd-crs-energy-idn-2012-q-2026-09-28-md-5488828,,marker,,,0,,,,,0,desertification,oecd-crs-energy-idn-2012-q-2026-09-28-md-5488828,oecd_crs_energy_microdata,1,2026-09-28,accepted,,
crs-flow-oecd-crs-energy-idn-2012-q-2026-09-28-md-5579883,line,oecd-crs-energy-idn-2012-q-2026-09-28-md-5579883,money,flow,disbursement,unknown,74078,,,USD,USD,,,oecd-crs-energy-idn-2012-q-2026-09-28-md-5579883,oecd_crs_energy_microdata,1,2026-09-28,accepted,,"OECD Q value already in 2024 constant USD; UNIT_MULT applied, no FX or deflator rate applied"
crs-marker-biodiversity-oecd-crs-energy-idn-2012-q-2026-09-28-md-5579883,line,oecd-crs-energy-idn-2012-q-2026-09-28-md-5579883,,marker,,,,,,,,not_screened,biodiversity,oecd-crs-energy-idn-2012-q-2026-09-28-md-5579883,oecd_crs_energy_microdata,1,2026-09-28,accepted,,
crs-marker-mitigation-oecd-crs-energy-idn-2012-q-2026-09-28-md-5579883,line,oecd-crs-energy-idn-2012-q-2026-09-28-md-5579883,,marker,,,,,,,,not_screened,mitigation,oecd-crs-energy-idn-2012-q-2026-09-28-md-5579883,oecd_crs_energy_microdata,1,2026-09-28,accepted,,
crs-marker-adaptation-oecd-crs-energy-idn-2012-q-2026-09-28-md-5579883,line,oecd-crs-energy-idn-2012-q-2026-09-28-md-5579883,,marker,,,,,,,,not_screened,adaptation,oecd-crs-energy-idn-2012-q-2026-09-28-md-5579883,oecd_crs_energy_microdata,1,2026-09-28,accepted,,
crs-marker-desertification-oecd-crs-energy-idn-2012-q-2026-09-28-md-5579883,line,oecd-crs-energy-idn-2012-q-2026-09-28-md-5579883,,marker,,,,,,,,not_screened,desertification,oecd-crs-energy-idn-2012-q-2026-09-28-md-5579883,oecd_crs_energy_microdata,1,2026-09-28,accepted,,
crs-flow-oecd-crs-energy-idn-2012-q-2026-09-28-md-5216977,line,oecd-crs-energy-idn-2012-q-2026-09-28-md-5216977,money,flow,commitment,unknown,74078,,,USD,USD,,,oecd-crs-energy-idn-2012-q-2026-09-28-md-5216977,oecd_crs_energy_microdata,1,2026-09-28,accepted,,"OECD Q value already in 2024 constant USD; UNIT_MULT applied, no FX or deflator rate applied"
crs-marker-biodiversity-oecd-crs-energy-idn-2012-q-2026-09-28-md-5216977,line,oecd-crs-energy-idn-2012-q-2026-09-28-md-5216977,,marker,,,,,,,,not_screened,biodiversity,oecd-crs-energy-idn-2012-q-2026-09-28-md-5216977,oecd_crs_energy_microdata,1,2026-09-28,accepted,,
crs-marker-mitigation-oecd-crs-energy-idn-2012-q-2026-09-28-md-5216977,line,oecd-crs-energy-idn-2012-q-2026-09-28-md-5216977,,marker,,,,,,,,not_screened,mitigation,oecd-crs-energy-idn-2012-q-2026-09-28-md-5216977,oecd_crs_energy_microdata,1,2026-09-28,accepted,,
crs-marker-adaptation-oecd-crs-energy-idn-2012-q-2026-09-28-md-5216977,line,oecd-crs-energy-idn-2012-q-2026-09-28-md-5216977,,marker,,,,,,,,not_screened,adaptation,oecd-crs-energy-idn-2012-q-2026-09-28-md-5216977,oecd_crs_energy_microdata,1,2026-09-28,accepted,,
crs-marker-desertification-oecd-crs-energy-idn-2012-q-2026-09-28-md-5216977,line,oecd-crs-energy-idn-2012-q-2026-09-28-md-5216977,,marker,,,,,,,,not_screened,desertification,oecd-crs-energy-idn-2012-q-2026-09-28-md-5216977,oecd_crs_energy_microdata,1,2026-09-28,accepted,,
crs-flow-oecd-crs-energy-idn-2012-q-2026-09-28-md-5586785,line,oecd-crs-energy-idn-2012-q-2026-09-28-md-5586785,money,flow,disbursement,unknown,112924,,,USD,USD,,,oecd-crs-energy-idn-2012-q-2026-09-28-md-5586785,oecd_crs_energy_microdata,1,2026-09-28,accepted,,"OECD Q value already in 2024 constant USD; UNIT_MULT applied, no FX or deflator rate applied"
crs-marker-biodiversity-oecd-crs-energy-idn-2012-q-2026-09-28-md-5586785,line,oecd-crs-energy-idn-2012-q-2026-09-28-md-5586785,,marker,,,0,,,,,0,biodiversity,oecd-crs-energy-idn-2012-q-2026-09-28-md-5586785,oecd_crs_energy_microdata,1,2026-09-28,accepted,,
crs-marker-mitigation-oecd-crs-energy-idn-2012-q-2026-09-28-md-5586785,line,oecd-crs-energy-idn-2012-q-2026-09-28-md-5586785,,marker,,,2,,,,,2,mitigation,oecd-crs-energy-idn-2012-q-2026-09-28-md-5586785,oecd_crs_energy_microdata,1,2026-09-28,accepted,,
crs-marker-adaptation-oecd-crs-energy-idn-2012-q-2026-09-28-md-5586785,line,oecd-crs-energy-idn-2012-q-2026-09-28-md-5586785,,marker,,,0,,,,,0,adaptation,oecd-crs-energy-idn-2012-q-2026-09-28-md-5586785,oecd_crs_energy_microdata,1,2026-09-28,accepted,,
crs-marker-desertification-oecd-crs-energy-idn-2012-q-2026-09-28-md-5586785,line,oecd-crs-energy-idn-2012-q-2026-09-28-md-5586785,,marker,,,0,,,,,0,desertification,oecd-crs-energy-idn-2012-q-2026-09-28-md-5586785,oecd_crs_energy_microdata,1,2026-09-28,accepted,,
crs-flow-oecd-crs-energy-idn-2012-q-2026-09-28-md-5220462,line,oecd-crs-energy-idn-2012-q-2026-09-28-md-5220462,money,flow,commitment,unknown,112924,,,USD,USD,,,oecd-crs-energy-idn-2012-q-2026-09-28-md-5220462,oecd_crs_energy_microdata,1,2026-09-28,accepted,,"OECD Q value already in 2024 constant USD; UNIT_MULT applied, no FX or deflator rate applied"
crs-marker-biodiversity-oecd-crs-energy-idn-2012-q-2026-09-28-md-5220462,line,oecd-crs-energy-idn-2012-q-2026-09-28-md-5220462,,marker,,,0,,,,,0,biodiversity,oecd-crs-energy-idn-2012-q-2026-09-28-md-5220462,oecd_crs_energy_microdata,1,2026-09-28,accepted,,
crs-marker-mitigation-oecd-crs-energy-idn-2012-q-2026-09-28-md-5220462,line,oecd-crs-energy-idn-2012-q-2026-09-28-md-5220462,,marker,,,2,,,,,2,mitigation,oecd-crs-energy-idn-2012-q-2026-09-28-md-5220462,oecd_crs_energy_microdata,1,2026-09-28,accepted,,
crs-marker-adaptation-oecd-crs-energy-idn-2012-q-2026-09-28-md-5220462,line,oecd-crs-energy-idn-2012-q-2026-09-28-md-5220462,,marker,,,0,,,,,0,adaptation,oecd-crs-energy-idn-2012-q-2026-09-28-md-5220462,oecd_crs_energy_microdata,1,2026-09-28,accepted,,
crs-marker-desertification-oecd-crs-energy-idn-2012-q-2026-09-28-md-5220462,line,oecd-crs-energy-idn-2012-q-2026-09-28-md-5220462,,marker,,,0,,,,,0,desertification,oecd-crs-energy-idn-2012-q-2026-09-28-md-5220462,oecd_crs_energy_microdata,1,2026-09-28,accepted,,
crs-flow-oecd-crs-energy-idn-2012-q-2026-09-28-md-5146802,line,oecd-crs-energy-idn-2012-q-2026-09-28-md-5146802,money,flow,commitment,unknown,4481894,,,USD,USD,,,oecd-crs-energy-idn-2012-q-2026-09-28-md-5146802,oecd_crs_energy_microdata,1,2026-09-28,accepted,,"OECD Q value already in 2024 constant USD; UNIT_MULT applied, no FX or deflator rate applied"
crs-marker-biodiversity-oecd-crs-energy-idn-2012-q-2026-09-28-md-5146802,line,oecd-crs-energy-idn-2012-q-2026-09-28-md-5146802,,marker,,,0,,,,,0,biodiversity,oecd-crs-energy-idn-2012-q-2026-09-28-md-5146802,oecd_crs_energy_microdata,1,2026-09-28,accepted,,
crs-marker-mitigation-oecd-crs-energy-idn-2012-q-2026-09-28-md-5146802,line,oecd-crs-energy-idn-2012-q-2026-09-28-md-5146802,,marker,,,2,,,,,2,mitigation,oecd-crs-energy-idn-2012-q-2026-09-28-md-5146802,oecd_crs_energy_microdata,1,2026-09-28,accepted,,
crs-marker-adaptation-oecd-crs-energy-idn-2012-q-2026-09-28-md-5146802,line,oecd-crs-energy-idn-2012-q-2026-09-28-md-5146802,,marker,,,0,,,,,0,adaptation,oecd-crs-energy-idn-2012-q-2026-09-28-md-5146802,oecd_crs_energy_microdata,1,2026-09-28,accepted,,
crs-marker-desertification-oecd-crs-energy-idn-2012-q-2026-09-28-md-5146802,line,oecd-crs-energy-idn-2012-q-2026-09-28-md-5146802,,marker,,,0,,,,,0,desertification,oecd-crs-energy-idn-2012-q-2026-09-28-md-5146802,oecd_crs_energy_microdata,1,2026-09-28,accepted,,
crs-flow-oecd-crs-energy-idn-2012-q-2026-09-28-md-5483188,line,oecd-crs-energy-idn-2012-q-2026-09-28-md-5483188,money,flow,disbursement,unknown,584042,,,USD,USD,,,oecd-crs-energy-idn-2012-q-2026-09-28-md-5483188,oecd_crs_energy_microdata,1,2026-09-28,accepted,,"OECD Q value already in 2024 constant USD; UNIT_MULT applied, no FX or deflator rate applied"
crs-marker-biodiversity-oecd-crs-energy-idn-2012-q-2026-09-28-md-5483188,line,oecd-crs-energy-idn-2012-q-2026-09-28-md-5483188,,marker,,,0,,,,,0,biodiversity,oecd-crs-energy-idn-2012-q-2026-09-28-md-5483188,oecd_crs_energy_microdata,1,2026-09-28,accepted,,
crs-marker-mitigation-oecd-crs-energy-idn-2012-q-2026-09-28-md-5483188,line,oecd-crs-energy-idn-2012-q-2026-09-28-md-5483188,,marker,,,2,,,,,2,mitigation,oecd-crs-energy-idn-2012-q-2026-09-28-md-5483188,oecd_crs_energy_microdata,1,2026-09-28,accepted,,
crs-marker-adaptation-oecd-crs-energy-idn-2012-q-2026-09-28-md-5483188,line,oecd-crs-energy-idn-2012-q-2026-09-28-md-5483188,,marker,,,0,,,,,0,adaptation,oecd-crs-energy-idn-2012-q-2026-09-28-md-5483188,oecd_crs_energy_microdata,1,2026-09-28,accepted,,
crs-marker-desertification-oecd-crs-energy-idn-2012-q-2026-09-28-md-5483188,line,oecd-crs-energy-idn-2012-q-2026-09-28-md-5483188,,marker,,,0,,,,,0,desertification,oecd-crs-energy-idn-2012-q-2026-09-28-md-5483188,oecd_crs_energy_microdata,1,2026-09-28,accepted,,
crs-flow-oecd-crs-energy-idn-2012-q-2026-09-28-md-5235935,line,oecd-crs-energy-idn-2012-q-2026-09-28-md-5235935,money,flow,commitment,unknown,11726277,,,USD,USD,,,oecd-crs-energy-idn-2012-q-2026-09-28-md-5235935,oecd_crs_energy_microdata,1,2026-09-28,accepted,,"OECD Q value already in 2024 constant USD; UNIT_MULT applied, no FX or deflator rate applied"
crs-marker-biodiversity-oecd-crs-energy-idn-2012-q-2026-09-28-md-5235935,line,oecd-crs-energy-idn-2012-q-2026-09-28-md-5235935,,marker,,,1,,,,,1,biodiversity,oecd-crs-energy-idn-2012-q-2026-09-28-md-5235935,oecd_crs_energy_microdata,1,2026-09-28,accepted,,
crs-marker-mitigation-oecd-crs-energy-idn-2012-q-2026-09-28-md-5235935,line,oecd-crs-energy-idn-2012-q-2026-09-28-md-5235935,,marker,,,2,,,,,2,mitigation,oecd-crs-energy-idn-2012-q-2026-09-28-md-5235935,oecd_crs_energy_microdata,1,2026-09-28,accepted,,
crs-marker-adaptation-oecd-crs-energy-idn-2012-q-2026-09-28-md-5235935,line,oecd-crs-energy-idn-2012-q-2026-09-28-md-5235935,,marker,,,1,,,,,1,adaptation,oecd-crs-energy-idn-2012-q-2026-09-28-md-5235935,oecd_crs_energy_microdata,1,2026-09-28,accepted,,
crs-marker-desertification-oecd-crs-energy-idn-2012-q-2026-09-28-md-5235935,line,oecd-crs-energy-idn-2012-q-2026-09-28-md-5235935,,marker,,,0,,,,,0,desertification,oecd-crs-energy-idn-2012-q-2026-09-28-md-5235935,oecd_crs_energy_microdata,1,2026-09-28,accepted,,
crs-flow-oecd-crs-energy-idn-2012-q-2026-09-28-md-5513083,line,oecd-crs-energy-idn-2012-q-2026-09-28-md-5513083,money,flow,disbursement,unknown,24752774,,,USD,USD,,,oecd-crs-energy-idn-2012-q-2026-09-28-md-5513083,oecd_crs_energy_microdata,1,2026-09-28,accepted,,"OECD Q value already in 2024 constant USD; UNIT_MULT applied, no FX or deflator rate applied"
crs-marker-biodiversity-oecd-crs-energy-idn-2012-q-2026-09-28-md-5513083,line,oecd-crs-energy-idn-2012-q-2026-09-28-md-5513083,,marker,,,,,,,,not_screened,biodiversity,oecd-crs-energy-idn-2012-q-2026-09-28-md-5513083,oecd_crs_energy_microdata,1,2026-09-28,accepted,,
crs-marker-mitigation-oecd-crs-energy-idn-2012-q-2026-09-28-md-5513083,line,oecd-crs-energy-idn-2012-q-2026-09-28-md-5513083,,marker,,,0,,,,,0,mitigation,oecd-crs-energy-idn-2012-q-2026-09-28-md-5513083,oecd_crs_energy_microdata,1,2026-09-28,accepted,,
crs-marker-adaptation-oecd-crs-energy-idn-2012-q-2026-09-28-md-5513083,line,oecd-crs-energy-idn-2012-q-2026-09-28-md-5513083,,marker,,,0,,,,,0,adaptation,oecd-crs-energy-idn-2012-q-2026-09-28-md-5513083,oecd_crs_energy_microdata,1,2026-09-28,accepted,,
crs-marker-desertification-oecd-crs-energy-idn-2012-q-2026-09-28-md-5513083,line,oecd-crs-energy-idn-2012-q-2026-09-28-md-5513083,,marker,,,,,,,,not_screened,desertification,oecd-crs-energy-idn-2012-q-2026-09-28-md-5513083,oecd_crs_energy_microdata,1,2026-09-28,accepted,,
crs-flow-oecd-crs-energy-idn-2012-q-2026-09-28-md-5565753,line,oecd-crs-energy-idn-2012-q-2026-09-28-md-5565753,money,flow,disbursement,unknown,1967399,,,USD,USD,,,oecd-crs-energy-idn-2012-q-2026-09-28-md-5565753,oecd_crs_energy_microdata,1,2026-09-28,accepted,,"OECD Q value already in 2024 constant USD; UNIT_MULT applied, no FX or deflator rate applied"
crs-marker-biodiversity-oecd-crs-energy-idn-2012-q-2026-09-28-md-5565753,line,oecd-crs-energy-idn-2012-q-2026-09-28-md-5565753,,marker,,,0,,,,,0,biodiversity,oecd-crs-energy-idn-2012-q-2026-09-28-md-5565753,oecd_crs_energy_microdata,1,2026-09-28,accepted,,
crs-marker-mitigation-oecd-crs-energy-idn-2012-q-2026-09-28-md-5565753,line,oecd-crs-energy-idn-2012-q-2026-09-28-md-5565753,,marker,,,0,,,,,0,mitigation,oecd-crs-energy-idn-2012-q-2026-09-28-md-5565753,oecd_crs_energy_microdata,1,2026-09-28,accepted,,
crs-marker-adaptation-oecd-crs-energy-idn-2012-q-2026-09-28-md-5565753,line,oecd-crs-energy-idn-2012-q-2026-09-28-md-5565753,,marker,,,0,,,,,0,adaptation,oecd-crs-energy-idn-2012-q-2026-09-28-md-5565753,oecd_crs_energy_microdata,1,2026-09-28,accepted,,
crs-marker-desertification-oecd-crs-energy-idn-2012-q-2026-09-28-md-5565753,line,oecd-crs-energy-idn-2012-q-2026-09-28-md-5565753,,marker,,,0,,,,,0,desertification,oecd-crs-energy-idn-2012-q-2026-09-28-md-5565753,oecd_crs_energy_microdata,1,2026-09-28,accepted,,
crs-flow-oecd-crs-energy-idn-2012-q-2026-09-28-md-5513084,line,oecd-crs-energy-idn-2012-q-2026-09-28-md-5513084,money,flow,disbursement,unknown,165416,,,USD,USD,,,oecd-crs-energy-idn-2012-q-2026-09-28-md-5513084,oecd_crs_energy_microdata,1,2026-09-28,accepted,,"OECD Q value already in 2024 constant USD; UNIT_MULT applied, no FX or deflator rate applied"
crs-marker-biodiversity-oecd-crs-energy-idn-2012-q-2026-09-28-md-5513084,line,oecd-crs-energy-idn-2012-q-2026-09-28-md-5513084,,marker,,,,,,,,not_screened,biodiversity,oecd-crs-energy-idn-2012-q-2026-09-28-md-5513084,oecd_crs_energy_microdata,1,2026-09-28,accepted,,
crs-marker-mitigation-oecd-crs-energy-idn-2012-q-2026-09-28-md-5513084,line,oecd-crs-energy-idn-2012-q-2026-09-28-md-5513084,,marker,,,0,,,,,0,mitigation,oecd-crs-energy-idn-2012-q-2026-09-28-md-5513084,oecd_crs_energy_microdata,1,2026-09-28,accepted,,
crs-marker-adaptation-oecd-crs-energy-idn-2012-q-2026-09-28-md-5513084,line,oecd-crs-energy-idn-2012-q-2026-09-28-md-5513084,,marker,,,0,,,,,0,adaptation,oecd-crs-energy-idn-2012-q-2026-09-28-md-5513084,oecd_crs_energy_microdata,1,2026-09-28,accepted,,
crs-marker-desertification-oecd-crs-energy-idn-2012-q-2026-09-28-md-5513084,line,oecd-crs-energy-idn-2012-q-2026-09-28-md-5513084,,marker,,,,,,,,not_screened,desertification,oecd-crs-energy-idn-2012-q-2026-09-28-md-5513084,oecd_crs_energy_microdata,1,2026-09-28,accepted,,
crs-flow-oecd-crs-energy-idn-2012-q-2026-09-28-md-5521644,line,oecd-crs-energy-idn-2012-q-2026-09-28-md-5521644,money,flow,disbursement,unknown,32321776,,,USD,USD,,,oecd-crs-energy-idn-2012-q-2026-09-28-md-5521644,oecd_crs_energy_microdata,1,2026-09-28,accepted,,"OECD Q value already in 2024 constant USD; UNIT_MULT applied, no FX or deflator rate applied"
crs-marker-biodiversity-oecd-crs-energy-idn-2012-q-2026-09-28-md-5521644,line,oecd-crs-energy-idn-2012-q-2026-09-28-md-5521644,,marker,,,0,,,,,0,biodiversity,oecd-crs-energy-idn-2012-q-2026-09-28-md-5521644,oecd_crs_energy_microdata,1,2026-09-28,accepted,,
crs-marker-mitigation-oecd-crs-energy-idn-2012-q-2026-09-28-md-5521644,line,oecd-crs-energy-idn-2012-q-2026-09-28-md-5521644,,marker,,,0,,,,,0,mitigation,oecd-crs-energy-idn-2012-q-2026-09-28-md-5521644,oecd_crs_energy_microdata,1,2026-09-28,accepted,,
crs-marker-adaptation-oecd-crs-energy-idn-2012-q-2026-09-28-md-5521644,line,oecd-crs-energy-idn-2012-q-2026-09-28-md-5521644,,marker,,,0,,,,,0,adaptation,oecd-crs-energy-idn-2012-q-2026-09-28-md-5521644,oecd_crs_energy_microdata,1,2026-09-28,accepted,,
crs-marker-desertification-oecd-crs-energy-idn-2012-q-2026-09-28-md-5521644,line,oecd-crs-energy-idn-2012-q-2026-09-28-md-5521644,,marker,,,0,,,,,0,desertification,oecd-crs-energy-idn-2012-q-2026-09-28-md-5521644,oecd_crs_energy_microdata,1,2026-09-28,accepted,,
crs-flow-oecd-crs-energy-idn-2012-q-2026-09-28-md-5147364,line,oecd-crs-energy-idn-2012-q-2026-09-28-md-5147364,money,flow,commitment,unknown,347182,,,USD,USD,,,oecd-crs-energy-idn-2012-q-2026-09-28-md-5147364,oecd_crs_energy_microdata,1,2026-09-28,accepted,,"OECD Q value already in 2024 constant USD; UNIT_MULT applied, no FX or deflator rate applied"
crs-marker-biodiversity-oecd-crs-energy-idn-2012-q-2026-09-28-md-5147364,line,oecd-crs-energy-idn-2012-q-2026-09-28-md-5147364,,marker,,,,,,,,not_screened,biodiversity,oecd-crs-energy-idn-2012-q-2026-09-28-md-5147364,oecd_crs_energy_microdata,1,2026-09-28,accepted,,
crs-marker-mitigation-oecd-crs-energy-idn-2012-q-2026-09-28-md-5147364,line,oecd-crs-energy-idn-2012-q-2026-09-28-md-5147364,,marker,,,,,,,,not_screened,mitigation,oecd-crs-energy-idn-2012-q-2026-09-28-md-5147364,oecd_crs_energy_microdata,1,2026-09-28,accepted,,
crs-marker-adaptation-oecd-crs-energy-idn-2012-q-2026-09-28-md-5147364,line,oecd-crs-energy-idn-2012-q-2026-09-28-md-5147364,,marker,,,,,,,,not_screened,adaptation,oecd-crs-energy-idn-2012-q-2026-09-28-md-5147364,oecd_crs_energy_microdata,1,2026-09-28,accepted,,
crs-marker-desertification-oecd-crs-energy-idn-2012-q-2026-09-28-md-5147364,line,oecd-crs-energy-idn-2012-q-2026-09-28-md-5147364,,marker,,,,,,,,not_screened,desertification,oecd-crs-energy-idn-2012-q-2026-09-28-md-5147364,oecd_crs_energy_microdata,1,2026-09-28,accepted,,
crs-flow-oecd-crs-energy-idn-2012-q-2026-09-28-md-5483933,line,oecd-crs-energy-idn-2012-q-2026-09-28-md-5483933,money,flow,disbursement,unknown,225537,,,USD,USD,,,oecd-crs-energy-idn-2012-q-2026-09-28-md-5483933,oecd_crs_energy_microdata,1,2026-09-28,accepted,,"OECD Q value already in 2024 constant USD; UNIT_MULT applied, no FX or deflator rate applied"
crs-marker-biodiversity-oecd-crs-energy-idn-2012-q-2026-09-28-md-5483933,line,oecd-crs-energy-idn-2012-q-2026-09-28-md-5483933,,marker,,,,,,,,not_screened,biodiversity,oecd-crs-energy-idn-2012-q-2026-09-28-md-5483933,oecd_crs_energy_microdata,1,2026-09-28,accepted,,
crs-marker-mitigation-oecd-crs-energy-idn-2012-q-2026-09-28-md-5483933,line,oecd-crs-energy-idn-2012-q-2026-09-28-md-5483933,,marker,,,,,,,,not_screened,mitigation,oecd-crs-energy-idn-2012-q-2026-09-28-md-5483933,oecd_crs_energy_microdata,1,2026-09-28,accepted,,
crs-marker-adaptation-oecd-crs-energy-idn-2012-q-2026-09-28-md-5483933,line,oecd-crs-energy-idn-2012-q-2026-09-28-md-5483933,,marker,,,,,,,,not_screened,adaptation,oecd-crs-energy-idn-2012-q-2026-09-28-md-5483933,oecd_crs_energy_microdata,1,2026-09-28,accepted,,
crs-marker-desertification-oecd-crs-energy-idn-2012-q-2026-09-28-md-5483933,line,oecd-crs-energy-idn-2012-q-2026-09-28-md-5483933,,marker,,,,,,,,not_screened,desertification,oecd-crs-energy-idn-2012-q-2026-09-28-md-5483933,oecd_crs_energy_microdata,1,2026-09-28,accepted,,
crs-flow-oecd-crs-energy-idn-2013-q-2026-09-28-md-6190728,line,oecd-crs-energy-idn-2013-q-2026-09-28-md-6190728,money,flow,disbursement,unknown,461406,,,USD,USD,,,oecd-crs-energy-idn-2013-q-2026-09-28-md-6190728,oecd_crs_energy_microdata,1,2026-09-28,accepted,,"OECD Q value already in 2024 constant USD; UNIT_MULT applied, no FX or deflator rate applied"
crs-marker-biodiversity-oecd-crs-energy-idn-2013-q-2026-09-28-md-6190728,line,oecd-crs-energy-idn-2013-q-2026-09-28-md-6190728,,marker,,,,,,,,not_screened,biodiversity,oecd-crs-energy-idn-2013-q-2026-09-28-md-6190728,oecd_crs_energy_microdata,1,2026-09-28,accepted,,
crs-marker-mitigation-oecd-crs-energy-idn-2013-q-2026-09-28-md-6190728,line,oecd-crs-energy-idn-2013-q-2026-09-28-md-6190728,,marker,,,,,,,,not_screened,mitigation,oecd-crs-energy-idn-2013-q-2026-09-28-md-6190728,oecd_crs_energy_microdata,1,2026-09-28,accepted,,
crs-marker-adaptation-oecd-crs-energy-idn-2013-q-2026-09-28-md-6190728,line,oecd-crs-energy-idn-2013-q-2026-09-28-md-6190728,,marker,,,,,,,,not_screened,adaptation,oecd-crs-energy-idn-2013-q-2026-09-28-md-6190728,oecd_crs_energy_microdata,1,2026-09-28,accepted,,
crs-marker-desertification-oecd-crs-energy-idn-2013-q-2026-09-28-md-6190728,line,oecd-crs-energy-idn-2013-q-2026-09-28-md-6190728,,marker,,,,,,,,not_screened,desertification,oecd-crs-energy-idn-2013-q-2026-09-28-md-6190728,oecd_crs_energy_microdata,1,2026-09-28,accepted,,
crs-flow-oecd-crs-energy-idn-2013-q-2026-09-28-md-5758258,line,oecd-crs-energy-idn-2013-q-2026-09-28-md-5758258,money,flow,commitment,unknown,109634,,,USD,USD,,,oecd-crs-energy-idn-2013-q-2026-09-28-md-5758258,oecd_crs_energy_microdata,1,2026-09-28,accepted,,"OECD Q value already in 2024 constant USD; UNIT_MULT applied, no FX or deflator rate applied"
crs-marker-biodiversity-oecd-crs-energy-idn-2013-q-2026-09-28-md-5758258,line,oecd-crs-energy-idn-2013-q-2026-09-28-md-5758258,,marker,,,,,,,,not_screened,biodiversity,oecd-crs-energy-idn-2013-q-2026-09-28-md-5758258,oecd_crs_energy_microdata,1,2026-09-28,accepted,,
crs-marker-mitigation-oecd-crs-energy-idn-2013-q-2026-09-28-md-5758258,line,oecd-crs-energy-idn-2013-q-2026-09-28-md-5758258,,marker,,,2,,,,,2,mitigation,oecd-crs-energy-idn-2013-q-2026-09-28-md-5758258,oecd_crs_energy_microdata,1,2026-09-28,accepted,,
crs-marker-adaptation-oecd-crs-energy-idn-2013-q-2026-09-28-md-5758258,line,oecd-crs-energy-idn-2013-q-2026-09-28-md-5758258,,marker,,,0,,,,,0,adaptation,oecd-crs-energy-idn-2013-q-2026-09-28-md-5758258,oecd_crs_energy_microdata,1,2026-09-28,accepted,,
crs-marker-desertification-oecd-crs-energy-idn-2013-q-2026-09-28-md-5758258,line,oecd-crs-energy-idn-2013-q-2026-09-28-md-5758258,,marker,,,,,,,,not_screened,desertification,oecd-crs-energy-idn-2013-q-2026-09-28-md-5758258,oecd_crs_energy_microdata,1,2026-09-28,accepted,,
crs-flow-oecd-crs-energy-idn-2013-q-2026-09-28-md-5757883,line,oecd-crs-energy-idn-2013-q-2026-09-28-md-5757883,money,flow,commitment,unknown,5372041,,,USD,USD,,,oecd-crs-energy-idn-2013-q-2026-09-28-md-5757883,oecd_crs_energy_microdata,1,2026-09-28,accepted,,"OECD Q value already in 2024 constant USD; UNIT_MULT applied, no FX or deflator rate applied"
crs-marker-biodiversity-oecd-crs-energy-idn-2013-q-2026-09-28-md-5757883,line,oecd-crs-energy-idn-2013-q-2026-09-28-md-5757883,,marker,,,,,,,,not_screened,biodiversity,oecd-crs-energy-idn-2013-q-2026-09-28-md-5757883,oecd_crs_energy_microdata,1,2026-09-28,accepted,,
crs-marker-mitigation-oecd-crs-energy-idn-2013-q-2026-09-28-md-5757883,line,oecd-crs-energy-idn-2013-q-2026-09-28-md-5757883,,marker,,,2,,,,,2,mitigation,oecd-crs-energy-idn-2013-q-2026-09-28-md-5757883,oecd_crs_energy_microdata,1,2026-09-28,accepted,,
crs-marker-adaptation-oecd-crs-energy-idn-2013-q-2026-09-28-md-5757883,line,oecd-crs-energy-idn-2013-q-2026-09-28-md-5757883,,marker,,,0,,,,,0,adaptation,oecd-crs-energy-idn-2013-q-2026-09-28-md-5757883,oecd_crs_energy_microdata,1,2026-09-28,accepted,,
crs-marker-desertification-oecd-crs-energy-idn-2013-q-2026-09-28-md-5757883,line,oecd-crs-energy-idn-2013-q-2026-09-28-md-5757883,,marker,,,,,,,,not_screened,desertification,oecd-crs-energy-idn-2013-q-2026-09-28-md-5757883,oecd_crs_energy_microdata,1,2026-09-28,accepted,,
crs-flow-oecd-crs-energy-idn-2013-q-2026-09-28-md-5758530,line,oecd-crs-energy-idn-2013-q-2026-09-28-md-5758530,money,flow,commitment,unknown,5863340,,,USD,USD,,,oecd-crs-energy-idn-2013-q-2026-09-28-md-5758530,oecd_crs_energy_microdata,1,2026-09-28,accepted,,"OECD Q value already in 2024 constant USD; UNIT_MULT applied, no FX or deflator rate applied"
crs-marker-biodiversity-oecd-crs-energy-idn-2013-q-2026-09-28-md-5758530,line,oecd-crs-energy-idn-2013-q-2026-09-28-md-5758530,,marker,,,,,,,,not_screened,biodiversity,oecd-crs-energy-idn-2013-q-2026-09-28-md-5758530,oecd_crs_energy_microdata,1,2026-09-28,accepted,,
crs-marker-mitigation-oecd-crs-energy-idn-2013-q-2026-09-28-md-5758530,line,oecd-crs-energy-idn-2013-q-2026-09-28-md-5758530,,marker,,,2,,,,,2,mitigation,oecd-crs-energy-idn-2013-q-2026-09-28-md-5758530,oecd_crs_energy_microdata,1,2026-09-28,accepted,,
crs-marker-adaptation-oecd-crs-energy-idn-2013-q-2026-09-28-md-5758530,line,oecd-crs-energy-idn-2013-q-2026-09-28-md-5758530,,marker,,,0,,,,,0,adaptation,oecd-crs-energy-idn-2013-q-2026-09-28-md-5758530,oecd_crs_energy_microdata,1,2026-09-28,accepted,,
crs-marker-desertification-oecd-crs-energy-idn-2013-q-2026-09-28-md-5758530,line,oecd-crs-energy-idn-2013-q-2026-09-28-md-5758530,,marker,,,,,,,,not_screened,desertification,oecd-crs-energy-idn-2013-q-2026-09-28-md-5758530,oecd_crs_energy_microdata,1,2026-09-28,accepted,,
crs-flow-oecd-crs-energy-idn-2013-q-2026-09-28-md-5757859,line,oecd-crs-energy-idn-2013-q-2026-09-28-md-5757859,money,flow,commitment,unknown,187242,,,USD,USD,,,oecd-crs-energy-idn-2013-q-2026-09-28-md-5757859,oecd_crs_energy_microdata,1,2026-09-28,accepted,,"OECD Q value already in 2024 constant USD; UNIT_MULT applied, no FX or deflator rate applied"
crs-marker-biodiversity-oecd-crs-energy-idn-2013-q-2026-09-28-md-5757859,line,oecd-crs-energy-idn-2013-q-2026-09-28-md-5757859,,marker,,,,,,,,not_screened,biodiversity,oecd-crs-energy-idn-2013-q-2026-09-28-md-5757859,oecd_crs_energy_microdata,1,2026-09-28,accepted,,
crs-marker-mitigation-oecd-crs-energy-idn-2013-q-2026-09-28-md-5757859,line,oecd-crs-energy-idn-2013-q-2026-09-28-md-5757859,,marker,,,2,,,,,2,mitigation,oecd-crs-energy-idn-2013-q-2026-09-28-md-5757859,oecd_crs_energy_microdata,1,2026-09-28,accepted,,
crs-marker-adaptation-oecd-crs-energy-idn-2013-q-2026-09-28-md-5757859,line,oecd-crs-energy-idn-2013-q-2026-09-28-md-5757859,,marker,,,0,,,,,0,adaptation,oecd-crs-energy-idn-2013-q-2026-09-28-md-5757859,oecd_crs_energy_microdata,1,2026-09-28,accepted,,
crs-marker-desertification-oecd-crs-energy-idn-2013-q-2026-09-28-md-5757859,line,oecd-crs-energy-idn-2013-q-2026-09-28-md-5757859,,marker,,,,,,,,not_screened,desertification,oecd-crs-energy-idn-2013-q-2026-09-28-md-5757859,oecd_crs_energy_microdata,1,2026-09-28,accepted,,
crs-flow-oecd-crs-energy-idn-2013-q-2026-09-28-md-5757754,line,oecd-crs-energy-idn-2013-q-2026-09-28-md-5757754,money,flow,commitment,unknown,8586369,,,USD,USD,,,oecd-crs-energy-idn-2013-q-2026-09-28-md-5757754,oecd_crs_energy_microdata,1,2026-09-28,accepted,,"OECD Q value already in 2024 constant USD; UNIT_MULT applied, no FX or deflator rate applied"
crs-marker-biodiversity-oecd-crs-energy-idn-2013-q-2026-09-28-md-5757754,line,oecd-crs-energy-idn-2013-q-2026-09-28-md-5757754,,marker,,,,,,,,not_screened,biodiversity,oecd-crs-energy-idn-2013-q-2026-09-28-md-5757754,oecd_crs_energy_microdata,1,2026-09-28,accepted,,
crs-marker-mitigation-oecd-crs-energy-idn-2013-q-2026-09-28-md-5757754,line,oecd-crs-energy-idn-2013-q-2026-09-28-md-5757754,,marker,,,2,,,,,2,mitigation,oecd-crs-energy-idn-2013-q-2026-09-28-md-5757754,oecd_crs_energy_microdata,1,2026-09-28,accepted,,
crs-marker-adaptation-oecd-crs-energy-idn-2013-q-2026-09-28-md-5757754,line,oecd-crs-energy-idn-2013-q-2026-09-28-md-5757754,,marker,,,0,,,,,0,adaptation,oecd-crs-energy-idn-2013-q-2026-09-28-md-5757754,oecd_crs_energy_microdata,1,2026-09-28,accepted,,
crs-marker-desertification-oecd-crs-energy-idn-2013-q-2026-09-28-md-5757754,line,oecd-crs-energy-idn-2013-q-2026-09-28-md-5757754,,marker,,,,,,,,not_screened,desertification,oecd-crs-energy-idn-2013-q-2026-09-28-md-5757754,oecd_crs_energy_microdata,1,2026-09-28,accepted,,
crs-flow-oecd-crs-energy-idn-2013-q-2026-09-28-md-6137994,line,oecd-crs-energy-idn-2013-q-2026-09-28-md-6137994,money,flow,disbursement,unknown,23741781,,,USD,USD,,,oecd-crs-energy-idn-2013-q-2026-09-28-md-6137994,oecd_crs_energy_microdata,1,2026-09-28,accepted,,"OECD Q value already in 2024 constant USD; UNIT_MULT applied, no FX or deflator rate applied"
crs-marker-biodiversity-oecd-crs-energy-idn-2013-q-2026-09-28-md-6137994,line,oecd-crs-energy-idn-2013-q-2026-09-28-md-6137994,,marker,,,,,,,,not_screened,biodiversity,oecd-crs-energy-idn-2013-q-2026-09-28-md-6137994,oecd_crs_energy_microdata,1,2026-09-28,accepted,,
crs-marker-mitigation-oecd-crs-energy-idn-2013-q-2026-09-28-md-6137994,line,oecd-crs-energy-idn-2013-q-2026-09-28-md-6137994,,marker,,,,,,,,not_screened,mitigation,oecd-crs-energy-idn-2013-q-2026-09-28-md-6137994,oecd_crs_energy_microdata,1,2026-09-28,accepted,,
crs-marker-adaptation-oecd-crs-energy-idn-2013-q-2026-09-28-md-6137994,line,oecd-crs-energy-idn-2013-q-2026-09-28-md-6137994,,marker,,,,,,,,not_screened,adaptation,oecd-crs-energy-idn-2013-q-2026-09-28-md-6137994,oecd_crs_energy_microdata,1,2026-09-28,accepted,,
crs-marker-desertification-oecd-crs-energy-idn-2013-q-2026-09-28-md-6137994,line,oecd-crs-energy-idn-2013-q-2026-09-28-md-6137994,,marker,,,,,,,,not_screened,desertification,oecd-crs-energy-idn-2013-q-2026-09-28-md-6137994,oecd_crs_energy_microdata,1,2026-09-28,accepted,,
crs-flow-oecd-crs-energy-idn-2013-q-2026-09-28-md-6103464,line,oecd-crs-energy-idn-2013-q-2026-09-28-md-6103464,money,flow,disbursement,unknown,1344333,,,USD,USD,,,oecd-crs-energy-idn-2013-q-2026-09-28-md-6103464,oecd_crs_energy_microdata,1,2026-09-28,accepted,,"OECD Q value already in 2024 constant USD; UNIT_MULT applied, no FX or deflator rate applied"
crs-marker-biodiversity-oecd-crs-energy-idn-2013-q-2026-09-28-md-6103464,line,oecd-crs-energy-idn-2013-q-2026-09-28-md-6103464,,marker,,,,,,,,not_screened,biodiversity,oecd-crs-energy-idn-2013-q-2026-09-28-md-6103464,oecd_crs_energy_microdata,1,2026-09-28,accepted,,
crs-marker-mitigation-oecd-crs-energy-idn-2013-q-2026-09-28-md-6103464,line,oecd-crs-energy-idn-2013-q-2026-09-28-md-6103464,,marker,,,,,,,,not_screened,mitigation,oecd-crs-energy-idn-2013-q-2026-09-28-md-6103464,oecd_crs_energy_microdata,1,2026-09-28,accepted,,
crs-marker-adaptation-oecd-crs-energy-idn-2013-q-2026-09-28-md-6103464,line,oecd-crs-energy-idn-2013-q-2026-09-28-md-6103464,,marker,,,,,,,,not_screened,adaptation,oecd-crs-energy-idn-2013-q-2026-09-28-md-6103464,oecd_crs_energy_microdata,1,2026-09-28,accepted,,
crs-marker-desertification-oecd-crs-energy-idn-2013-q-2026-09-28-md-6103464,line,oecd-crs-energy-idn-2013-q-2026-09-28-md-6103464,,marker,,,,,,,,not_screened,desertification,oecd-crs-energy-idn-2013-q-2026-09-28-md-6103464,oecd_crs_energy_microdata,1,2026-09-28,accepted,,
crs-flow-oecd-crs-energy-idn-2013-q-2026-09-28-md-5807409,line,oecd-crs-energy-idn-2013-q-2026-09-28-md-5807409,money,flow,commitment,unknown,347734585,,,USD,USD,,,oecd-crs-energy-idn-2013-q-2026-09-28-md-5807409,oecd_crs_energy_microdata,1,2026-09-28,accepted,,"OECD Q value already in 2024 constant USD; UNIT_MULT applied, no FX or deflator rate applied"
crs-marker-biodiversity-oecd-crs-energy-idn-2013-q-2026-09-28-md-5807409,line,oecd-crs-energy-idn-2013-q-2026-09-28-md-5807409,,marker,,,,,,,,not_screened,biodiversity,oecd-crs-energy-idn-2013-q-2026-09-28-md-5807409,oecd_crs_energy_microdata,1,2026-09-28,accepted,,
crs-marker-mitigation-oecd-crs-energy-idn-2013-q-2026-09-28-md-5807409,line,oecd-crs-energy-idn-2013-q-2026-09-28-md-5807409,,marker,,,,,,,,not_screened,mitigation,oecd-crs-energy-idn-2013-q-2026-09-28-md-5807409,oecd_crs_energy_microdata,1,2026-09-28,accepted,,
crs-marker-adaptation-oecd-crs-energy-idn-2013-q-2026-09-28-md-5807409,line,oecd-crs-energy-idn-2013-q-2026-09-28-md-5807409,,marker,,,,,,,,not_screened,adaptation,oecd-crs-energy-idn-2013-q-2026-09-28-md-5807409,oecd_crs_energy_microdata,1,2026-09-28,accepted,,
crs-marker-desertification-oecd-crs-energy-idn-2013-q-2026-09-28-md-5807409,line,oecd-crs-energy-idn-2013-q-2026-09-28-md-5807409,,marker,,,,,,,,not_screened,desertification,oecd-crs-energy-idn-2013-q-2026-09-28-md-5807409,oecd_crs_energy_microdata,1,2026-09-28,accepted,,
crs-flow-oecd-crs-energy-idn-2013-q-2026-09-28-md-6135956,line,oecd-crs-energy-idn-2013-q-2026-09-28-md-6135956,money,flow,disbursement,unknown,342311,,,USD,USD,,,oecd-crs-energy-idn-2013-q-2026-09-28-md-6135956,oecd_crs_energy_microdata,1,2026-09-28,accepted,,"OECD Q value already in 2024 constant USD; UNIT_MULT applied, no FX or deflator rate applied"
crs-marker-biodiversity-oecd-crs-energy-idn-2013-q-2026-09-28-md-6135956,line,oecd-crs-energy-idn-2013-q-2026-09-28-md-6135956,,marker,,,,,,,,not_screened,biodiversity,oecd-crs-energy-idn-2013-q-2026-09-28-md-6135956,oecd_crs_energy_microdata,1,2026-09-28,accepted,,
crs-marker-mitigation-oecd-crs-energy-idn-2013-q-2026-09-28-md-6135956,line,oecd-crs-energy-idn-2013-q-2026-09-28-md-6135956,,marker,,,,,,,,not_screened,mitigation,oecd-crs-energy-idn-2013-q-2026-09-28-md-6135956,oecd_crs_energy_microdata,1,2026-09-28,accepted,,
crs-marker-adaptation-oecd-crs-energy-idn-2013-q-2026-09-28-md-6135956,line,oecd-crs-energy-idn-2013-q-2026-09-28-md-6135956,,marker,,,,,,,,not_screened,adaptation,oecd-crs-energy-idn-2013-q-2026-09-28-md-6135956,oecd_crs_energy_microdata,1,2026-09-28,accepted,,
crs-marker-desertification-oecd-crs-energy-idn-2013-q-2026-09-28-md-6135956,line,oecd-crs-energy-idn-2013-q-2026-09-28-md-6135956,,marker,,,,,,,,not_screened,desertification,oecd-crs-energy-idn-2013-q-2026-09-28-md-6135956,oecd_crs_energy_microdata,1,2026-09-28,accepted,,
crs-flow-oecd-crs-energy-idn-2013-q-2026-09-28-md-6136029,line,oecd-crs-energy-idn-2013-q-2026-09-28-md-6136029,money,flow,disbursement,unknown,3863221,,,USD,USD,,,oecd-crs-energy-idn-2013-q-2026-09-28-md-6136029,oecd_crs_energy_microdata,1,2026-09-28,accepted,,"OECD Q value already in 2024 constant USD; UNIT_MULT applied, no FX or deflator rate applied"
crs-marker-biodiversity-oecd-crs-energy-idn-2013-q-2026-09-28-md-6136029,line,oecd-crs-energy-idn-2013-q-2026-09-28-md-6136029,,marker,,,,,,,,not_screened,biodiversity,oecd-crs-energy-idn-2013-q-2026-09-28-md-6136029,oecd_crs_energy_microdata,1,2026-09-28,accepted,,
crs-marker-mitigation-oecd-crs-energy-idn-2013-q-2026-09-28-md-6136029,line,oecd-crs-energy-idn-2013-q-2026-09-28-md-6136029,,marker,,,,,,,,not_screened,mitigation,oecd-crs-energy-idn-2013-q-2026-09-28-md-6136029,oecd_crs_energy_microdata,1,2026-09-28,accepted,,
crs-marker-adaptation-oecd-crs-energy-idn-2013-q-2026-09-28-md-6136029,line,oecd-crs-energy-idn-2013-q-2026-09-28-md-6136029,,marker,,,,,,,,not_screened,adaptation,oecd-crs-energy-idn-2013-q-2026-09-28-md-6136029,oecd_crs_energy_microdata,1,2026-09-28,accepted,,
crs-marker-desertification-oecd-crs-energy-idn-2013-q-2026-09-28-md-6136029,line,oecd-crs-energy-idn-2013-q-2026-09-28-md-6136029,,marker,,,,,,,,not_screened,desertification,oecd-crs-energy-idn-2013-q-2026-09-28-md-6136029,oecd_crs_energy_microdata,1,2026-09-28,accepted,,
crs-flow-oecd-crs-energy-idn-2013-q-2026-09-28-md-6106156,line,oecd-crs-energy-idn-2013-q-2026-09-28-md-6106156,money,flow,disbursement,unknown,5981199,,,USD,USD,,,oecd-crs-energy-idn-2013-q-2026-09-28-md-6106156,oecd_crs_energy_microdata,1,2026-09-28,accepted,,"OECD Q value already in 2024 constant USD; UNIT_MULT applied, no FX or deflator rate applied"
crs-marker-biodiversity-oecd-crs-energy-idn-2013-q-2026-09-28-md-6106156,line,oecd-crs-energy-idn-2013-q-2026-09-28-md-6106156,,marker,,,,,,,,not_screened,biodiversity,oecd-crs-energy-idn-2013-q-2026-09-28-md-6106156,oecd_crs_energy_microdata,1,2026-09-28,accepted,,
crs-marker-mitigation-oecd-crs-energy-idn-2013-q-2026-09-28-md-6106156,line,oecd-crs-energy-idn-2013-q-2026-09-28-md-6106156,,marker,,,,,,,,not_screened,mitigation,oecd-crs-energy-idn-2013-q-2026-09-28-md-6106156,oecd_crs_energy_microdata,1,2026-09-28,accepted,,
crs-marker-adaptation-oecd-crs-energy-idn-2013-q-2026-09-28-md-6106156,line,oecd-crs-energy-idn-2013-q-2026-09-28-md-6106156,,marker,,,,,,,,not_screened,adaptation,oecd-crs-energy-idn-2013-q-2026-09-28-md-6106156,oecd_crs_energy_microdata,1,2026-09-28,accepted,,
crs-marker-desertification-oecd-crs-energy-idn-2013-q-2026-09-28-md-6106156,line,oecd-crs-energy-idn-2013-q-2026-09-28-md-6106156,,marker,,,,,,,,not_screened,desertification,oecd-crs-energy-idn-2013-q-2026-09-28-md-6106156,oecd_crs_energy_microdata,1,2026-09-28,accepted,,
crs-flow-oecd-crs-energy-idn-2013-q-2026-09-28-md-5846788,line,oecd-crs-energy-idn-2013-q-2026-09-28-md-5846788,money,flow,commitment,unknown,52962652,,,USD,USD,,,oecd-crs-energy-idn-2013-q-2026-09-28-md-5846788,oecd_crs_energy_microdata,1,2026-09-28,accepted,,"OECD Q value already in 2024 constant USD; UNIT_MULT applied, no FX or deflator rate applied"
crs-marker-biodiversity-oecd-crs-energy-idn-2013-q-2026-09-28-md-5846788,line,oecd-crs-energy-idn-2013-q-2026-09-28-md-5846788,,marker,,,,,,,,not_screened,biodiversity,oecd-crs-energy-idn-2013-q-2026-09-28-md-5846788,oecd_crs_energy_microdata,1,2026-09-28,accepted,,
crs-marker-mitigation-oecd-crs-energy-idn-2013-q-2026-09-28-md-5846788,line,oecd-crs-energy-idn-2013-q-2026-09-28-md-5846788,,marker,,,,,,,,not_screened,mitigation,oecd-crs-energy-idn-2013-q-2026-09-28-md-5846788,oecd_crs_energy_microdata,1,2026-09-28,accepted,,
crs-marker-adaptation-oecd-crs-energy-idn-2013-q-2026-09-28-md-5846788,line,oecd-crs-energy-idn-2013-q-2026-09-28-md-5846788,,marker,,,,,,,,not_screened,adaptation,oecd-crs-energy-idn-2013-q-2026-09-28-md-5846788,oecd_crs_energy_microdata,1,2026-09-28,accepted,,
crs-marker-desertification-oecd-crs-energy-idn-2013-q-2026-09-28-md-5846788,line,oecd-crs-energy-idn-2013-q-2026-09-28-md-5846788,,marker,,,,,,,,not_screened,desertification,oecd-crs-energy-idn-2013-q-2026-09-28-md-5846788,oecd_crs_energy_microdata,1,2026-09-28,accepted,,
crs-flow-oecd-crs-energy-idn-2013-q-2026-09-28-md-5847073,line,oecd-crs-energy-idn-2013-q-2026-09-28-md-5847073,money,flow,commitment,unknown,239669375,,,USD,USD,,,oecd-crs-energy-idn-2013-q-2026-09-28-md-5847073,oecd_crs_energy_microdata,1,2026-09-28,accepted,,"OECD Q value already in 2024 constant USD; UNIT_MULT applied, no FX or deflator rate applied"
crs-marker-biodiversity-oecd-crs-energy-idn-2013-q-2026-09-28-md-5847073,line,oecd-crs-energy-idn-2013-q-2026-09-28-md-5847073,,marker,,,,,,,,not_screened,biodiversity,oecd-crs-energy-idn-2013-q-2026-09-28-md-5847073,oecd_crs_energy_microdata,1,2026-09-28,accepted,,
crs-marker-mitigation-oecd-crs-energy-idn-2013-q-2026-09-28-md-5847073,line,oecd-crs-energy-idn-2013-q-2026-09-28-md-5847073,,marker,,,,,,,,not_screened,mitigation,oecd-crs-energy-idn-2013-q-2026-09-28-md-5847073,oecd_crs_energy_microdata,1,2026-09-28,accepted,,
crs-marker-adaptation-oecd-crs-energy-idn-2013-q-2026-09-28-md-5847073,line,oecd-crs-energy-idn-2013-q-2026-09-28-md-5847073,,marker,,,,,,,,not_screened,adaptation,oecd-crs-energy-idn-2013-q-2026-09-28-md-5847073,oecd_crs_energy_microdata,1,2026-09-28,accepted,,
crs-marker-desertification-oecd-crs-energy-idn-2013-q-2026-09-28-md-5847073,line,oecd-crs-energy-idn-2013-q-2026-09-28-md-5847073,,marker,,,,,,,,not_screened,desertification,oecd-crs-energy-idn-2013-q-2026-09-28-md-5847073,oecd_crs_energy_microdata,1,2026-09-28,accepted,,
crs-flow-oecd-crs-energy-idn-2013-q-2026-09-28-md-6250819,line,oecd-crs-energy-idn-2013-q-2026-09-28-md-6250819,money,flow,disbursement,unknown,17944175,,,USD,USD,,,oecd-crs-energy-idn-2013-q-2026-09-28-md-6250819,oecd_crs_energy_microdata,1,2026-09-28,accepted,,"OECD Q value already in 2024 constant USD; UNIT_MULT applied, no FX or deflator rate applied"
crs-marker-biodiversity-oecd-crs-energy-idn-2013-q-2026-09-28-md-6250819,line,oecd-crs-energy-idn-2013-q-2026-09-28-md-6250819,,marker,,,,,,,,not_screened,biodiversity,oecd-crs-energy-idn-2013-q-2026-09-28-md-6250819,oecd_crs_energy_microdata,1,2026-09-28,accepted,,
crs-marker-mitigation-oecd-crs-energy-idn-2013-q-2026-09-28-md-6250819,line,oecd-crs-energy-idn-2013-q-2026-09-28-md-6250819,,marker,,,,,,,,not_screened,mitigation,oecd-crs-energy-idn-2013-q-2026-09-28-md-6250819,oecd_crs_energy_microdata,1,2026-09-28,accepted,,
crs-marker-adaptation-oecd-crs-energy-idn-2013-q-2026-09-28-md-6250819,line,oecd-crs-energy-idn-2013-q-2026-09-28-md-6250819,,marker,,,,,,,,not_screened,adaptation,oecd-crs-energy-idn-2013-q-2026-09-28-md-6250819,oecd_crs_energy_microdata,1,2026-09-28,accepted,,
crs-marker-desertification-oecd-crs-energy-idn-2013-q-2026-09-28-md-6250819,line,oecd-crs-energy-idn-2013-q-2026-09-28-md-6250819,,marker,,,,,,,,not_screened,desertification,oecd-crs-energy-idn-2013-q-2026-09-28-md-6250819,oecd_crs_energy_microdata,1,2026-09-28,accepted,,
crs-flow-oecd-crs-energy-idn-2013-q-2026-09-28-md-6198541,line,oecd-crs-energy-idn-2013-q-2026-09-28-md-6198541,money,flow,disbursement,unknown,27205684,,,USD,USD,,,oecd-crs-energy-idn-2013-q-2026-09-28-md-6198541,oecd_crs_energy_microdata,1,2026-09-28,accepted,,"OECD Q value already in 2024 constant USD; UNIT_MULT applied, no FX or deflator rate applied"
crs-marker-biodiversity-oecd-crs-energy-idn-2013-q-2026-09-28-md-6198541,line,oecd-crs-energy-idn-2013-q-2026-09-28-md-6198541,,marker,,,,,,,,not_screened,biodiversity,oecd-crs-energy-idn-2013-q-2026-09-28-md-6198541,oecd_crs_energy_microdata,1,2026-09-28,accepted,,
crs-marker-mitigation-oecd-crs-energy-idn-2013-q-2026-09-28-md-6198541,line,oecd-crs-energy-idn-2013-q-2026-09-28-md-6198541,,marker,,,,,,,,not_screened,mitigation,oecd-crs-energy-idn-2013-q-2026-09-28-md-6198541,oecd_crs_energy_microdata,1,2026-09-28,accepted,,
crs-marker-adaptation-oecd-crs-energy-idn-2013-q-2026-09-28-md-6198541,line,oecd-crs-energy-idn-2013-q-2026-09-28-md-6198541,,marker,,,,,,,,not_screened,adaptation,oecd-crs-energy-idn-2013-q-2026-09-28-md-6198541,oecd_crs_energy_microdata,1,2026-09-28,accepted,,
crs-marker-desertification-oecd-crs-energy-idn-2013-q-2026-09-28-md-6198541,line,oecd-crs-energy-idn-2013-q-2026-09-28-md-6198541,,marker,,,,,,,,not_screened,desertification,oecd-crs-energy-idn-2013-q-2026-09-28-md-6198541,oecd_crs_energy_microdata,1,2026-09-28,accepted,,
crs-flow-oecd-crs-energy-idn-2013-q-2026-09-28-md-6205062,line,oecd-crs-energy-idn-2013-q-2026-09-28-md-6205062,money,flow,disbursement,unknown,19605811,,,USD,USD,,,oecd-crs-energy-idn-2013-q-2026-09-28-md-6205062,oecd_crs_energy_microdata,1,2026-09-28,accepted,,"OECD Q value already in 2024 constant USD; UNIT_MULT applied, no FX or deflator rate applied"
crs-marker-biodiversity-oecd-crs-energy-idn-2013-q-2026-09-28-md-6205062,line,oecd-crs-energy-idn-2013-q-2026-09-28-md-6205062,,marker,,,,,,,,not_screened,biodiversity,oecd-crs-energy-idn-2013-q-2026-09-28-md-6205062,oecd_crs_energy_microdata,1,2026-09-28,accepted,,
crs-marker-mitigation-oecd-crs-energy-idn-2013-q-2026-09-28-md-6205062,line,oecd-crs-energy-idn-2013-q-2026-09-28-md-6205062,,marker,,,,,,,,not_screened,mitigation,oecd-crs-energy-idn-2013-q-2026-09-28-md-6205062,oecd_crs_energy_microdata,1,2026-09-28,accepted,,
crs-marker-adaptation-oecd-crs-energy-idn-2013-q-2026-09-28-md-6205062,line,oecd-crs-energy-idn-2013-q-2026-09-28-md-6205062,,marker,,,,,,,,not_screened,adaptation,oecd-crs-energy-idn-2013-q-2026-09-28-md-6205062,oecd_crs_energy_microdata,1,2026-09-28,accepted,,
crs-marker-desertification-oecd-crs-energy-idn-2013-q-2026-09-28-md-6205062,line,oecd-crs-energy-idn-2013-q-2026-09-28-md-6205062,,marker,,,,,,,,not_screened,desertification,oecd-crs-energy-idn-2013-q-2026-09-28-md-6205062,oecd_crs_energy_microdata,1,2026-09-28,accepted,,
crs-flow-oecd-crs-energy-idn-2013-q-2026-09-28-md-6250895,line,oecd-crs-energy-idn-2013-q-2026-09-28-md-6250895,money,flow,disbursement,unknown,1525752,,,USD,USD,,,oecd-crs-energy-idn-2013-q-2026-09-28-md-6250895,oecd_crs_energy_microdata,1,2026-09-28,accepted,,"OECD Q value already in 2024 constant USD; UNIT_MULT applied, no FX or deflator rate applied"
crs-marker-biodiversity-oecd-crs-energy-idn-2013-q-2026-09-28-md-6250895,line,oecd-crs-energy-idn-2013-q-2026-09-28-md-6250895,,marker,,,,,,,,not_screened,biodiversity,oecd-crs-energy-idn-2013-q-2026-09-28-md-6250895,oecd_crs_energy_microdata,1,2026-09-28,accepted,,
crs-marker-mitigation-oecd-crs-energy-idn-2013-q-2026-09-28-md-6250895,line,oecd-crs-energy-idn-2013-q-2026-09-28-md-6250895,,marker,,,,,,,,not_screened,mitigation,oecd-crs-energy-idn-2013-q-2026-09-28-md-6250895,oecd_crs_energy_microdata,1,2026-09-28,accepted,,
crs-marker-adaptation-oecd-crs-energy-idn-2013-q-2026-09-28-md-6250895,line,oecd-crs-energy-idn-2013-q-2026-09-28-md-6250895,,marker,,,,,,,,not_screened,adaptation,oecd-crs-energy-idn-2013-q-2026-09-28-md-6250895,oecd_crs_energy_microdata,1,2026-09-28,accepted,,
crs-marker-desertification-oecd-crs-energy-idn-2013-q-2026-09-28-md-6250895,line,oecd-crs-energy-idn-2013-q-2026-09-28-md-6250895,,marker,,,,,,,,not_screened,desertification,oecd-crs-energy-idn-2013-q-2026-09-28-md-6250895,oecd_crs_energy_microdata,1,2026-09-28,accepted,,
crs-flow-oecd-crs-energy-idn-2013-q-2026-09-28-md-6250469,line,oecd-crs-energy-idn-2013-q-2026-09-28-md-6250469,money,flow,disbursement,unknown,18189,,,USD,USD,,,oecd-crs-energy-idn-2013-q-2026-09-28-md-6250469,oecd_crs_energy_microdata,1,2026-09-28,accepted,,"OECD Q value already in 2024 constant USD; UNIT_MULT applied, no FX or deflator rate applied"
crs-marker-biodiversity-oecd-crs-energy-idn-2013-q-2026-09-28-md-6250469,line,oecd-crs-energy-idn-2013-q-2026-09-28-md-6250469,,marker,,,,,,,,not_screened,biodiversity,oecd-crs-energy-idn-2013-q-2026-09-28-md-6250469,oecd_crs_energy_microdata,1,2026-09-28,accepted,,
crs-marker-mitigation-oecd-crs-energy-idn-2013-q-2026-09-28-md-6250469,line,oecd-crs-energy-idn-2013-q-2026-09-28-md-6250469,,marker,,,,,,,,not_screened,mitigation,oecd-crs-energy-idn-2013-q-2026-09-28-md-6250469,oecd_crs_energy_microdata,1,2026-09-28,accepted,,
crs-marker-adaptation-oecd-crs-energy-idn-2013-q-2026-09-28-md-6250469,line,oecd-crs-energy-idn-2013-q-2026-09-28-md-6250469,,marker,,,,,,,,not_screened,adaptation,oecd-crs-energy-idn-2013-q-2026-09-28-md-6250469,oecd_crs_energy_microdata,1,2026-09-28,accepted,,
crs-marker-desertification-oecd-crs-energy-idn-2013-q-2026-09-28-md-6250469,line,oecd-crs-energy-idn-2013-q-2026-09-28-md-6250469,,marker,,,,,,,,not_screened,desertification,oecd-crs-energy-idn-2013-q-2026-09-28-md-6250469,oecd_crs_energy_microdata,1,2026-09-28,accepted,,
crs-flow-oecd-crs-energy-idn-2013-q-2026-09-28-md-5760376,line,oecd-crs-energy-idn-2013-q-2026-09-28-md-5760376,money,flow,commitment,unknown,52748662,,,USD,USD,,,oecd-crs-energy-idn-2013-q-2026-09-28-md-5760376,oecd_crs_energy_microdata,1,2026-09-28,accepted,,"OECD Q value already in 2024 constant USD; UNIT_MULT applied, no FX or deflator rate applied"
crs-marker-biodiversity-oecd-crs-energy-idn-2013-q-2026-09-28-md-5760376,line,oecd-crs-energy-idn-2013-q-2026-09-28-md-5760376,,marker,,,,,,,,not_screened,biodiversity,oecd-crs-energy-idn-2013-q-2026-09-28-md-5760376,oecd_crs_energy_microdata,1,2026-09-28,accepted,,
crs-marker-mitigation-oecd-crs-energy-idn-2013-q-2026-09-28-md-5760376,line,oecd-crs-energy-idn-2013-q-2026-09-28-md-5760376,,marker,,,2,,,,,2,mitigation,oecd-crs-energy-idn-2013-q-2026-09-28-md-5760376,oecd_crs_energy_microdata,1,2026-09-28,accepted,,
crs-marker-adaptation-oecd-crs-energy-idn-2013-q-2026-09-28-md-5760376,line,oecd-crs-energy-idn-2013-q-2026-09-28-md-5760376,,marker,,,0,,,,,0,adaptation,oecd-crs-energy-idn-2013-q-2026-09-28-md-5760376,oecd_crs_energy_microdata,1,2026-09-28,accepted,,
crs-marker-desertification-oecd-crs-energy-idn-2013-q-2026-09-28-md-5760376,line,oecd-crs-energy-idn-2013-q-2026-09-28-md-5760376,,marker,,,,,,,,not_screened,desertification,oecd-crs-energy-idn-2013-q-2026-09-28-md-5760376,oecd_crs_energy_microdata,1,2026-09-28,accepted,,
crs-flow-oecd-crs-energy-idn-2013-q-2026-09-28-md-5760368,line,oecd-crs-energy-idn-2013-q-2026-09-28-md-5760368,money,flow,commitment,unknown,159690421,,,USD,USD,,,oecd-crs-energy-idn-2013-q-2026-09-28-md-5760368,oecd_crs_energy_microdata,1,2026-09-28,accepted,,"OECD Q value already in 2024 constant USD; UNIT_MULT applied, no FX or deflator rate applied"
crs-marker-biodiversity-oecd-crs-energy-idn-2013-q-2026-09-28-md-5760368,line,oecd-crs-energy-idn-2013-q-2026-09-28-md-5760368,,marker,,,,,,,,not_screened,biodiversity,oecd-crs-energy-idn-2013-q-2026-09-28-md-5760368,oecd_crs_energy_microdata,1,2026-09-28,accepted,,
crs-marker-mitigation-oecd-crs-energy-idn-2013-q-2026-09-28-md-5760368,line,oecd-crs-energy-idn-2013-q-2026-09-28-md-5760368,,marker,,,2,,,,,2,mitigation,oecd-crs-energy-idn-2013-q-2026-09-28-md-5760368,oecd_crs_energy_microdata,1,2026-09-28,accepted,,
crs-marker-adaptation-oecd-crs-energy-idn-2013-q-2026-09-28-md-5760368,line,oecd-crs-energy-idn-2013-q-2026-09-28-md-5760368,,marker,,,0,,,,,0,adaptation,oecd-crs-energy-idn-2013-q-2026-09-28-md-5760368,oecd_crs_energy_microdata,1,2026-09-28,accepted,,
crs-marker-desertification-oecd-crs-energy-idn-2013-q-2026-09-28-md-5760368,line,oecd-crs-energy-idn-2013-q-2026-09-28-md-5760368,,marker,,,,,,,,not_screened,desertification,oecd-crs-energy-idn-2013-q-2026-09-28-md-5760368,oecd_crs_energy_microdata,1,2026-09-28,accepted,,
crs-flow-oecd-crs-energy-idn-2013-q-2026-09-28-md-6176608,line,oecd-crs-energy-idn-2013-q-2026-09-28-md-6176608,money,flow,disbursement,unknown,3768338,,,USD,USD,,,oecd-crs-energy-idn-2013-q-2026-09-28-md-6176608,oecd_crs_energy_microdata,1,2026-09-28,accepted,,"OECD Q value already in 2024 constant USD; UNIT_MULT applied, no FX or deflator rate applied"
crs-marker-biodiversity-oecd-crs-energy-idn-2013-q-2026-09-28-md-6176608,line,oecd-crs-energy-idn-2013-q-2026-09-28-md-6176608,,marker,,,0,,,,,0,biodiversity,oecd-crs-energy-idn-2013-q-2026-09-28-md-6176608,oecd_crs_energy_microdata,1,2026-09-28,accepted,,
crs-marker-mitigation-oecd-crs-energy-idn-2013-q-2026-09-28-md-6176608,line,oecd-crs-energy-idn-2013-q-2026-09-28-md-6176608,,marker,,,2,,,,,2,mitigation,oecd-crs-energy-idn-2013-q-2026-09-28-md-6176608,oecd_crs_energy_microdata,1,2026-09-28,accepted,,
crs-marker-adaptation-oecd-crs-energy-idn-2013-q-2026-09-28-md-6176608,line,oecd-crs-energy-idn-2013-q-2026-09-28-md-6176608,,marker,,,0,,,,,0,adaptation,oecd-crs-energy-idn-2013-q-2026-09-28-md-6176608,oecd_crs_energy_microdata,1,2026-09-28,accepted,,
crs-marker-desertification-oecd-crs-energy-idn-2013-q-2026-09-28-md-6176608,line,oecd-crs-energy-idn-2013-q-2026-09-28-md-6176608,,marker,,,,,,,,not_screened,desertification,oecd-crs-energy-idn-2013-q-2026-09-28-md-6176608,oecd_crs_energy_microdata,1,2026-09-28,accepted,,
crs-flow-oecd-crs-energy-idn-2013-q-2026-09-28-md-5841902,line,oecd-crs-energy-idn-2013-q-2026-09-28-md-5841902,money,flow,commitment,unknown,349243,,,USD,USD,,,oecd-crs-energy-idn-2013-q-2026-09-28-md-5841902,oecd_crs_energy_microdata,1,2026-09-28,accepted,,"OECD Q value already in 2024 constant USD; UNIT_MULT applied, no FX or deflator rate applied"
crs-marker-biodiversity-oecd-crs-energy-idn-2013-q-2026-09-28-md-5841902,line,oecd-crs-energy-idn-2013-q-2026-09-28-md-5841902,,marker,,,0,,,,,0,biodiversity,oecd-crs-energy-idn-2013-q-2026-09-28-md-5841902,oecd_crs_energy_microdata,1,2026-09-28,accepted,,
crs-marker-mitigation-oecd-crs-energy-idn-2013-q-2026-09-28-md-5841902,line,oecd-crs-energy-idn-2013-q-2026-09-28-md-5841902,,marker,,,2,,,,,2,mitigation,oecd-crs-energy-idn-2013-q-2026-09-28-md-5841902,oecd_crs_energy_microdata,1,2026-09-28,accepted,,
crs-marker-adaptation-oecd-crs-energy-idn-2013-q-2026-09-28-md-5841902,line,oecd-crs-energy-idn-2013-q-2026-09-28-md-5841902,,marker,,,0,,,,,0,adaptation,oecd-crs-energy-idn-2013-q-2026-09-28-md-5841902,oecd_crs_energy_microdata,1,2026-09-28,accepted,,
crs-marker-desertification-oecd-crs-energy-idn-2013-q-2026-09-28-md-5841902,line,oecd-crs-energy-idn-2013-q-2026-09-28-md-5841902,,marker,,,,,,,,not_screened,desertification,oecd-crs-energy-idn-2013-q-2026-09-28-md-5841902,oecd_crs_energy_microdata,1,2026-09-28,accepted,,
crs-flow-oecd-crs-energy-idn-2013-q-2026-09-28-md-6206387,line,oecd-crs-energy-idn-2013-q-2026-09-28-md-6206387,money,flow,disbursement,unknown,129557,,,USD,USD,,,oecd-crs-energy-idn-2013-q-2026-09-28-md-6206387,oecd_crs_energy_microdata,1,2026-09-28,accepted,,"OECD Q value already in 2024 constant USD; UNIT_MULT applied, no FX or deflator rate applied"
crs-marker-biodiversity-oecd-crs-energy-idn-2013-q-2026-09-28-md-6206387,line,oecd-crs-energy-idn-2013-q-2026-09-28-md-6206387,,marker,,,0,,,,,0,biodiversity,oecd-crs-energy-idn-2013-q-2026-09-28-md-6206387,oecd_crs_energy_microdata,1,2026-09-28,accepted,,
crs-marker-mitigation-oecd-crs-energy-idn-2013-q-2026-09-28-md-6206387,line,oecd-crs-energy-idn-2013-q-2026-09-28-md-6206387,,marker,,,0,,,,,0,mitigation,oecd-crs-energy-idn-2013-q-2026-09-28-md-6206387,oecd_crs_energy_microdata,1,2026-09-28,accepted,,
crs-marker-adaptation-oecd-crs-energy-idn-2013-q-2026-09-28-md-6206387,line,oecd-crs-energy-idn-2013-q-2026-09-28-md-6206387,,marker,,,0,,,,,0,adaptation,oecd-crs-energy-idn-2013-q-2026-09-28-md-6206387,oecd_crs_energy_microdata,1,2026-09-28,accepted,,
crs-marker-desertification-oecd-crs-energy-idn-2013-q-2026-09-28-md-6206387,line,oecd-crs-energy-idn-2013-q-2026-09-28-md-6206387,,marker,,,,,,,,not_screened,desertification,oecd-crs-energy-idn-2013-q-2026-09-28-md-6206387,oecd_crs_energy_microdata,1,2026-09-28,accepted,,
crs-flow-oecd-crs-energy-idn-2013-q-2026-09-28-md-6206397,line,oecd-crs-energy-idn-2013-q-2026-09-28-md-6206397,money,flow,disbursement,unknown,1208295,,,USD,USD,,,oecd-crs-energy-idn-2013-q-2026-09-28-md-6206397,oecd_crs_energy_microdata,1,2026-09-28,accepted,,"OECD Q value already in 2024 constant USD; UNIT_MULT applied, no FX or deflator rate applied"
crs-marker-biodiversity-oecd-crs-energy-idn-2013-q-2026-09-28-md-6206397,line,oecd-crs-energy-idn-2013-q-2026-09-28-md-6206397,,marker,,,0,,,,,0,biodiversity,oecd-crs-energy-idn-2013-q-2026-09-28-md-6206397,oecd_crs_energy_microdata,1,2026-09-28,accepted,,
crs-marker-mitigation-oecd-crs-energy-idn-2013-q-2026-09-28-md-6206397,line,oecd-crs-energy-idn-2013-q-2026-09-28-md-6206397,,marker,,,0,,,,,0,mitigation,oecd-crs-energy-idn-2013-q-2026-09-28-md-6206397,oecd_crs_energy_microdata,1,2026-09-28,accepted,,
crs-marker-adaptation-oecd-crs-energy-idn-2013-q-2026-09-28-md-6206397,line,oecd-crs-energy-idn-2013-q-2026-09-28-md-6206397,,marker,,,0,,,,,0,adaptation,oecd-crs-energy-idn-2013-q-2026-09-28-md-6206397,oecd_crs_energy_microdata,1,2026-09-28,accepted,,
crs-marker-desertification-oecd-crs-energy-idn-2013-q-2026-09-28-md-6206397,line,oecd-crs-energy-idn-2013-q-2026-09-28-md-6206397,,marker,,,,,,,,not_screened,desertification,oecd-crs-energy-idn-2013-q-2026-09-28-md-6206397,oecd_crs_energy_microdata,1,2026-09-28,accepted,,
crs-flow-oecd-crs-energy-idn-2013-q-2026-09-28-md-6199820,line,oecd-crs-energy-idn-2013-q-2026-09-28-md-6199820,money,flow,disbursement,unknown,113582,,,USD,USD,,,oecd-crs-energy-idn-2013-q-2026-09-28-md-6199820,oecd_crs_energy_microdata,1,2026-09-28,accepted,,"OECD Q value already in 2024 constant USD; UNIT_MULT applied, no FX or deflator rate applied"
crs-marker-biodiversity-oecd-crs-energy-idn-2013-q-2026-09-28-md-6199820,line,oecd-crs-energy-idn-2013-q-2026-09-28-md-6199820,,marker,,,0,,,,,0,biodiversity,oecd-crs-energy-idn-2013-q-2026-09-28-md-6199820,oecd_crs_energy_microdata,1,2026-09-28,accepted,,
crs-marker-mitigation-oecd-crs-energy-idn-2013-q-2026-09-28-md-6199820,line,oecd-crs-energy-idn-2013-q-2026-09-28-md-6199820,,marker,,,2,,,,,2,mitigation,oecd-crs-energy-idn-2013-q-2026-09-28-md-6199820,oecd_crs_energy_microdata,1,2026-09-28,accepted,,
crs-marker-adaptation-oecd-crs-energy-idn-2013-q-2026-09-28-md-6199820,line,oecd-crs-energy-idn-2013-q-2026-09-28-md-6199820,,marker,,,0,,,,,0,adaptation,oecd-crs-energy-idn-2013-q-2026-09-28-md-6199820,oecd_crs_energy_microdata,1,2026-09-28,accepted,,
crs-marker-desertification-oecd-crs-energy-idn-2013-q-2026-09-28-md-6199820,line,oecd-crs-energy-idn-2013-q-2026-09-28-md-6199820,,marker,,,,,,,,not_screened,desertification,oecd-crs-energy-idn-2013-q-2026-09-28-md-6199820,oecd_crs_energy_microdata,1,2026-09-28,accepted,,
crs-flow-oecd-crs-energy-idn-2013-q-2026-09-28-md-6199835,line,oecd-crs-energy-idn-2013-q-2026-09-28-md-6199835,money,flow,disbursement,unknown,164020,,,USD,USD,,,oecd-crs-energy-idn-2013-q-2026-09-28-md-6199835,oecd_crs_energy_microdata,1,2026-09-28,accepted,,"OECD Q value already in 2024 constant USD; UNIT_MULT applied, no FX or deflator rate applied"
crs-marker-biodiversity-oecd-crs-energy-idn-2013-q-2026-09-28-md-6199835,line,oecd-crs-energy-idn-2013-q-2026-09-28-md-6199835,,marker,,,0,,,,,0,biodiversity,oecd-crs-energy-idn-2013-q-2026-09-28-md-6199835,oecd_crs_energy_microdata,1,2026-09-28,accepted,,
crs-marker-mitigation-oecd-crs-energy-idn-2013-q-2026-09-28-md-6199835,line,oecd-crs-energy-idn-2013-q-2026-09-28-md-6199835,,marker,,,2,,,,,2,mitigation,oecd-crs-energy-idn-2013-q-2026-09-28-md-6199835,oecd_crs_energy_microdata,1,2026-09-28,accepted,,
crs-marker-adaptation-oecd-crs-energy-idn-2013-q-2026-09-28-md-6199835,line,oecd-crs-energy-idn-2013-q-2026-09-28-md-6199835,,marker,,,0,,,,,0,adaptation,oecd-crs-energy-idn-2013-q-2026-09-28-md-6199835,oecd_crs_energy_microdata,1,2026-09-28,accepted,,
crs-marker-desertification-oecd-crs-energy-idn-2013-q-2026-09-28-md-6199835,line,oecd-crs-energy-idn-2013-q-2026-09-28-md-6199835,,marker,,,,,,,,not_screened,desertification,oecd-crs-energy-idn-2013-q-2026-09-28-md-6199835,oecd_crs_energy_microdata,1,2026-09-28,accepted,,
crs-flow-oecd-crs-energy-idn-2013-q-2026-09-28-md-5802084,line,oecd-crs-energy-idn-2013-q-2026-09-28-md-5802084,money,flow,commitment,unknown,508155,,,USD,USD,,,oecd-crs-energy-idn-2013-q-2026-09-28-md-5802084,oecd_crs_energy_microdata,1,2026-09-28,accepted,,"OECD Q value already in 2024 constant USD; UNIT_MULT applied, no FX or deflator rate applied"
crs-marker-biodiversity-oecd-crs-energy-idn-2013-q-2026-09-28-md-5802084,line,oecd-crs-energy-idn-2013-q-2026-09-28-md-5802084,,marker,,,0,,,,,0,biodiversity,oecd-crs-energy-idn-2013-q-2026-09-28-md-5802084,oecd_crs_energy_microdata,1,2026-09-28,accepted,,
crs-marker-mitigation-oecd-crs-energy-idn-2013-q-2026-09-28-md-5802084,line,oecd-crs-energy-idn-2013-q-2026-09-28-md-5802084,,marker,,,0,,,,,0,mitigation,oecd-crs-energy-idn-2013-q-2026-09-28-md-5802084,oecd_crs_energy_microdata,1,2026-09-28,accepted,,
crs-marker-adaptation-oecd-crs-energy-idn-2013-q-2026-09-28-md-5802084,line,oecd-crs-energy-idn-2013-q-2026-09-28-md-5802084,,marker,,,0,,,,,0,adaptation,oecd-crs-energy-idn-2013-q-2026-09-28-md-5802084,oecd_crs_energy_microdata,1,2026-09-28,accepted,,
crs-marker-desertification-oecd-crs-energy-idn-2013-q-2026-09-28-md-5802084,line,oecd-crs-energy-idn-2013-q-2026-09-28-md-5802084,,marker,,,,,,,,not_screened,desertification,oecd-crs-energy-idn-2013-q-2026-09-28-md-5802084,oecd_crs_energy_microdata,1,2026-09-28,accepted,,
crs-flow-oecd-crs-energy-idn-2013-q-2026-09-28-md-5779573,line,oecd-crs-energy-idn-2013-q-2026-09-28-md-5779573,money,flow,commitment,unknown,243893,,,USD,USD,,,oecd-crs-energy-idn-2013-q-2026-09-28-md-5779573,oecd_crs_energy_microdata,1,2026-09-28,accepted,,"OECD Q value already in 2024 constant USD; UNIT_MULT applied, no FX or deflator rate applied"
crs-marker-biodiversity-oecd-crs-energy-idn-2013-q-2026-09-28-md-5779573,line,oecd-crs-energy-idn-2013-q-2026-09-28-md-5779573,,marker,,,0,,,,,0,biodiversity,oecd-crs-energy-idn-2013-q-2026-09-28-md-5779573,oecd_crs_energy_microdata,1,2026-09-28,accepted,,
crs-marker-mitigation-oecd-crs-energy-idn-2013-q-2026-09-28-md-5779573,line,oecd-crs-energy-idn-2013-q-2026-09-28-md-5779573,,marker,,,2,,,,,2,mitigation,oecd-crs-energy-idn-2013-q-2026-09-28-md-5779573,oecd_crs_energy_microdata,1,2026-09-28,accepted,,
crs-marker-adaptation-oecd-crs-energy-idn-2013-q-2026-09-28-md-5779573,line,oecd-crs-energy-idn-2013-q-2026-09-28-md-5779573,,marker,,,0,,,,,0,adaptation,oecd-crs-energy-idn-2013-q-2026-09-28-md-5779573,oecd_crs_energy_microdata,1,2026-09-28,accepted,,
crs-marker-desertification-oecd-crs-energy-idn-2013-q-2026-09-28-md-5779573,line,oecd-crs-energy-idn-2013-q-2026-09-28-md-5779573,,marker,,,,,,,,not_screened,desertification,oecd-crs-energy-idn-2013-q-2026-09-28-md-5779573,oecd_crs_energy_microdata,1,2026-09-28,accepted,,
crs-flow-oecd-crs-energy-idn-2013-q-2026-09-28-md-6173964,line,oecd-crs-energy-idn-2013-q-2026-09-28-md-6173964,money,flow,disbursement,unknown,533989,,,USD,USD,,,oecd-crs-energy-idn-2013-q-2026-09-28-md-6173964,oecd_crs_energy_microdata,1,2026-09-28,accepted,,"OECD Q value already in 2024 constant USD; UNIT_MULT applied, no FX or deflator rate applied"
crs-marker-biodiversity-oecd-crs-energy-idn-2013-q-2026-09-28-md-6173964,line,oecd-crs-energy-idn-2013-q-2026-09-28-md-6173964,,marker,,,0,,,,,0,biodiversity,oecd-crs-energy-idn-2013-q-2026-09-28-md-6173964,oecd_crs_energy_microdata,1,2026-09-28,accepted,,
crs-marker-mitigation-oecd-crs-energy-idn-2013-q-2026-09-28-md-6173964,line,oecd-crs-energy-idn-2013-q-2026-09-28-md-6173964,,marker,,,1,,,,,1,mitigation,oecd-crs-energy-idn-2013-q-2026-09-28-md-6173964,oecd_crs_energy_microdata,1,2026-09-28,accepted,,
crs-marker-adaptation-oecd-crs-energy-idn-2013-q-2026-09-28-md-6173964,line,oecd-crs-energy-idn-2013-q-2026-09-28-md-6173964,,marker,,,0,,,,,0,adaptation,oecd-crs-energy-idn-2013-q-2026-09-28-md-6173964,oecd_crs_energy_microdata,1,2026-09-28,accepted,,
crs-marker-desertification-oecd-crs-energy-idn-2013-q-2026-09-28-md-6173964,line,oecd-crs-energy-idn-2013-q-2026-09-28-md-6173964,,marker,,,,,,,,not_screened,desertification,oecd-crs-energy-idn-2013-q-2026-09-28-md-6173964,oecd_crs_energy_microdata,1,2026-09-28,accepted,,
crs-flow-oecd-crs-energy-idn-2013-q-2026-09-28-md-6106118,line,oecd-crs-energy-idn-2013-q-2026-09-28-md-6106118,money,flow,disbursement,unknown,529980,,,USD,USD,,,oecd-crs-energy-idn-2013-q-2026-09-28-md-6106118,oecd_crs_energy_microdata,1,2026-09-28,accepted,,"OECD Q value already in 2024 constant USD; UNIT_MULT applied, no FX or deflator rate applied"
crs-marker-biodiversity-oecd-crs-energy-idn-2013-q-2026-09-28-md-6106118,line,oecd-crs-energy-idn-2013-q-2026-09-28-md-6106118,,marker,,,,,,,,not_screened,biodiversity,oecd-crs-energy-idn-2013-q-2026-09-28-md-6106118,oecd_crs_energy_microdata,1,2026-09-28,accepted,,
crs-marker-mitigation-oecd-crs-energy-idn-2013-q-2026-09-28-md-6106118,line,oecd-crs-energy-idn-2013-q-2026-09-28-md-6106118,,marker,,,,,,,,not_screened,mitigation,oecd-crs-energy-idn-2013-q-2026-09-28-md-6106118,oecd_crs_energy_microdata,1,2026-09-28,accepted,,
crs-marker-adaptation-oecd-crs-energy-idn-2013-q-2026-09-28-md-6106118,line,oecd-crs-energy-idn-2013-q-2026-09-28-md-6106118,,marker,,,,,,,,not_screened,adaptation,oecd-crs-energy-idn-2013-q-2026-09-28-md-6106118,oecd_crs_energy_microdata,1,2026-09-28,accepted,,
crs-marker-desertification-oecd-crs-energy-idn-2013-q-2026-09-28-md-6106118,line,oecd-crs-energy-idn-2013-q-2026-09-28-md-6106118,,marker,,,,,,,,not_screened,desertification,oecd-crs-energy-idn-2013-q-2026-09-28-md-6106118,oecd_crs_energy_microdata,1,2026-09-28,accepted,,
crs-flow-oecd-crs-energy-idn-2013-q-2026-09-28-md-5784320,line,oecd-crs-energy-idn-2013-q-2026-09-28-md-5784320,money,flow,commitment,unknown,112103,,,USD,USD,,,oecd-crs-energy-idn-2013-q-2026-09-28-md-5784320,oecd_crs_energy_microdata,1,2026-09-28,accepted,,"OECD Q value already in 2024 constant USD; UNIT_MULT applied, no FX or deflator rate applied"
crs-marker-biodiversity-oecd-crs-energy-idn-2013-q-2026-09-28-md-5784320,line,oecd-crs-energy-idn-2013-q-2026-09-28-md-5784320,,marker,,,0,,,,,0,biodiversity,oecd-crs-energy-idn-2013-q-2026-09-28-md-5784320,oecd_crs_energy_microdata,1,2026-09-28,accepted,,
crs-marker-mitigation-oecd-crs-energy-idn-2013-q-2026-09-28-md-5784320,line,oecd-crs-energy-idn-2013-q-2026-09-28-md-5784320,,marker,,,1,,,,,1,mitigation,oecd-crs-energy-idn-2013-q-2026-09-28-md-5784320,oecd_crs_energy_microdata,1,2026-09-28,accepted,,
crs-marker-adaptation-oecd-crs-energy-idn-2013-q-2026-09-28-md-5784320,line,oecd-crs-energy-idn-2013-q-2026-09-28-md-5784320,,marker,,,1,,,,,1,adaptation,oecd-crs-energy-idn-2013-q-2026-09-28-md-5784320,oecd_crs_energy_microdata,1,2026-09-28,accepted,,
crs-marker-desertification-oecd-crs-energy-idn-2013-q-2026-09-28-md-5784320,line,oecd-crs-energy-idn-2013-q-2026-09-28-md-5784320,,marker,,,0,,,,,0,desertification,oecd-crs-energy-idn-2013-q-2026-09-28-md-5784320,oecd_crs_energy_microdata,1,2026-09-28,accepted,,
crs-flow-oecd-crs-energy-idn-2013-q-2026-09-28-md-6104136,line,oecd-crs-energy-idn-2013-q-2026-09-28-md-6104136,money,flow,disbursement,unknown,112103,,,USD,USD,,,oecd-crs-energy-idn-2013-q-2026-09-28-md-6104136,oecd_crs_energy_microdata,1,2026-09-28,accepted,,"OECD Q value already in 2024 constant USD; UNIT_MULT applied, no FX or deflator rate applied"
crs-marker-biodiversity-oecd-crs-energy-idn-2013-q-2026-09-28-md-6104136,line,oecd-crs-energy-idn-2013-q-2026-09-28-md-6104136,,marker,,,0,,,,,0,biodiversity,oecd-crs-energy-idn-2013-q-2026-09-28-md-6104136,oecd_crs_energy_microdata,1,2026-09-28,accepted,,
crs-marker-mitigation-oecd-crs-energy-idn-2013-q-2026-09-28-md-6104136,line,oecd-crs-energy-idn-2013-q-2026-09-28-md-6104136,,marker,,,1,,,,,1,mitigation,oecd-crs-energy-idn-2013-q-2026-09-28-md-6104136,oecd_crs_energy_microdata,1,2026-09-28,accepted,,
crs-marker-adaptation-oecd-crs-energy-idn-2013-q-2026-09-28-md-6104136,line,oecd-crs-energy-idn-2013-q-2026-09-28-md-6104136,,marker,,,1,,,,,1,adaptation,oecd-crs-energy-idn-2013-q-2026-09-28-md-6104136,oecd_crs_energy_microdata,1,2026-09-28,accepted,,
crs-marker-desertification-oecd-crs-energy-idn-2013-q-2026-09-28-md-6104136,line,oecd-crs-energy-idn-2013-q-2026-09-28-md-6104136,,marker,,,0,,,,,0,desertification,oecd-crs-energy-idn-2013-q-2026-09-28-md-6104136,oecd_crs_energy_microdata,1,2026-09-28,accepted,,
crs-flow-oecd-crs-energy-idn-2013-q-2026-09-28-md-5784357,line,oecd-crs-energy-idn-2013-q-2026-09-28-md-5784357,money,flow,commitment,unknown,97583,,,USD,USD,,,oecd-crs-energy-idn-2013-q-2026-09-28-md-5784357,oecd_crs_energy_microdata,1,2026-09-28,accepted,,"OECD Q value already in 2024 constant USD; UNIT_MULT applied, no FX or deflator rate applied"
crs-marker-biodiversity-oecd-crs-energy-idn-2013-q-2026-09-28-md-5784357,line,oecd-crs-energy-idn-2013-q-2026-09-28-md-5784357,,marker,,,0,,,,,0,biodiversity,oecd-crs-energy-idn-2013-q-2026-09-28-md-5784357,oecd_crs_energy_microdata,1,2026-09-28,accepted,,
crs-marker-mitigation-oecd-crs-energy-idn-2013-q-2026-09-28-md-5784357,line,oecd-crs-energy-idn-2013-q-2026-09-28-md-5784357,,marker,,,1,,,,,1,mitigation,oecd-crs-energy-idn-2013-q-2026-09-28-md-5784357,oecd_crs_energy_microdata,1,2026-09-28,accepted,,
crs-marker-adaptation-oecd-crs-energy-idn-2013-q-2026-09-28-md-5784357,line,oecd-crs-energy-idn-2013-q-2026-09-28-md-5784357,,marker,,,1,,,,,1,adaptation,oecd-crs-energy-idn-2013-q-2026-09-28-md-5784357,oecd_crs_energy_microdata,1,2026-09-28,accepted,,
crs-marker-desertification-oecd-crs-energy-idn-2013-q-2026-09-28-md-5784357,line,oecd-crs-energy-idn-2013-q-2026-09-28-md-5784357,,marker,,,0,,,,,0,desertification,oecd-crs-energy-idn-2013-q-2026-09-28-md-5784357,oecd_crs_energy_microdata,1,2026-09-28,accepted,,
crs-flow-oecd-crs-energy-idn-2013-q-2026-09-28-md-6104141,line,oecd-crs-energy-idn-2013-q-2026-09-28-md-6104141,money,flow,disbursement,unknown,97583,,,USD,USD,,,oecd-crs-energy-idn-2013-q-2026-09-28-md-6104141,oecd_crs_energy_microdata,1,2026-09-28,accepted,,"OECD Q value already in 2024 constant USD; UNIT_MULT applied, no FX or deflator rate applied"
crs-marker-biodiversity-oecd-crs-energy-idn-2013-q-2026-09-28-md-6104141,line,oecd-crs-energy-idn-2013-q-2026-09-28-md-6104141,,marker,,,0,,,,,0,biodiversity,oecd-crs-energy-idn-2013-q-2026-09-28-md-6104141,oecd_crs_energy_microdata,1,2026-09-28,accepted,,
crs-marker-mitigation-oecd-crs-energy-idn-2013-q-2026-09-28-md-6104141,line,oecd-crs-energy-idn-2013-q-2026-09-28-md-6104141,,marker,,,1,,,,,1,mitigation,oecd-crs-energy-idn-2013-q-2026-09-28-md-6104141,oecd_crs_energy_microdata,1,2026-09-28,accepted,,
crs-marker-adaptation-oecd-crs-energy-idn-2013-q-2026-09-28-md-6104141,line,oecd-crs-energy-idn-2013-q-2026-09-28-md-6104141,,marker,,,1,,,,,1,adaptation,oecd-crs-energy-idn-2013-q-2026-09-28-md-6104141,oecd_crs_energy_microdata,1,2026-09-28,accepted,,
crs-marker-desertification-oecd-crs-energy-idn-2013-q-2026-09-28-md-6104141,line,oecd-crs-energy-idn-2013-q-2026-09-28-md-6104141,,marker,,,0,,,,,0,desertification,oecd-crs-energy-idn-2013-q-2026-09-28-md-6104141,oecd_crs_energy_microdata,1,2026-09-28,accepted,,
crs-flow-oecd-crs-energy-idn-2013-q-2026-09-28-md-5786409,line,oecd-crs-energy-idn-2013-q-2026-09-28-md-5786409,money,flow,commitment,unknown,17582,,,USD,USD,,,oecd-crs-energy-idn-2013-q-2026-09-28-md-5786409,oecd_crs_energy_microdata,1,2026-09-28,accepted,,"OECD Q value already in 2024 constant USD; UNIT_MULT applied, no FX or deflator rate applied"
crs-marker-biodiversity-oecd-crs-energy-idn-2013-q-2026-09-28-md-5786409,line,oecd-crs-energy-idn-2013-q-2026-09-28-md-5786409,,marker,,,2,,,,,2,biodiversity,oecd-crs-energy-idn-2013-q-2026-09-28-md-5786409,oecd_crs_energy_microdata,1,2026-09-28,accepted,,
crs-marker-mitigation-oecd-crs-energy-idn-2013-q-2026-09-28-md-5786409,line,oecd-crs-energy-idn-2013-q-2026-09-28-md-5786409,,marker,,,2,,,,,2,mitigation,oecd-crs-energy-idn-2013-q-2026-09-28-md-5786409,oecd_crs_energy_microdata,1,2026-09-28,accepted,,
crs-marker-adaptation-oecd-crs-energy-idn-2013-q-2026-09-28-md-5786409,line,oecd-crs-energy-idn-2013-q-2026-09-28-md-5786409,,marker,,,0,,,,,0,adaptation,oecd-crs-energy-idn-2013-q-2026-09-28-md-5786409,oecd_crs_energy_microdata,1,2026-09-28,accepted,,
crs-marker-desertification-oecd-crs-energy-idn-2013-q-2026-09-28-md-5786409,line,oecd-crs-energy-idn-2013-q-2026-09-28-md-5786409,,marker,,,0,,,,,0,desertification,oecd-crs-energy-idn-2013-q-2026-09-28-md-5786409,oecd_crs_energy_microdata,1,2026-09-28,accepted,,
crs-flow-oecd-crs-energy-idn-2013-q-2026-09-28-md-6106911,line,oecd-crs-energy-idn-2013-q-2026-09-28-md-6106911,money,flow,disbursement,unknown,17582,,,USD,USD,,,oecd-crs-energy-idn-2013-q-2026-09-28-md-6106911,oecd_crs_energy_microdata,1,2026-09-28,accepted,,"OECD Q value already in 2024 constant USD; UNIT_MULT applied, no FX or deflator rate applied"
crs-marker-biodiversity-oecd-crs-energy-idn-2013-q-2026-09-28-md-6106911,line,oecd-crs-energy-idn-2013-q-2026-09-28-md-6106911,,marker,,,2,,,,,2,biodiversity,oecd-crs-energy-idn-2013-q-2026-09-28-md-6106911,oecd_crs_energy_microdata,1,2026-09-28,accepted,,
crs-marker-mitigation-oecd-crs-energy-idn-2013-q-2026-09-28-md-6106911,line,oecd-crs-energy-idn-2013-q-2026-09-28-md-6106911,,marker,,,2,,,,,2,mitigation,oecd-crs-energy-idn-2013-q-2026-09-28-md-6106911,oecd_crs_energy_microdata,1,2026-09-28,accepted,,
crs-marker-adaptation-oecd-crs-energy-idn-2013-q-2026-09-28-md-6106911,line,oecd-crs-energy-idn-2013-q-2026-09-28-md-6106911,,marker,,,0,,,,,0,adaptation,oecd-crs-energy-idn-2013-q-2026-09-28-md-6106911,oecd_crs_energy_microdata,1,2026-09-28,accepted,,
crs-marker-desertification-oecd-crs-energy-idn-2013-q-2026-09-28-md-6106911,line,oecd-crs-energy-idn-2013-q-2026-09-28-md-6106911,,marker,,,0,,,,,0,desertification,oecd-crs-energy-idn-2013-q-2026-09-28-md-6106911,oecd_crs_energy_microdata,1,2026-09-28,accepted,,
crs-flow-oecd-crs-energy-idn-2013-q-2026-09-28-md-6106754,line,oecd-crs-energy-idn-2013-q-2026-09-28-md-6106754,money,flow,disbursement,unknown,12139,,,USD,USD,,,oecd-crs-energy-idn-2013-q-2026-09-28-md-6106754,oecd_crs_energy_microdata,1,2026-09-28,accepted,,"OECD Q value already in 2024 constant USD; UNIT_MULT applied, no FX or deflator rate applied"
crs-marker-biodiversity-oecd-crs-energy-idn-2013-q-2026-09-28-md-6106754,line,oecd-crs-energy-idn-2013-q-2026-09-28-md-6106754,,marker,,,0,,,,,0,biodiversity,oecd-crs-energy-idn-2013-q-2026-09-28-md-6106754,oecd_crs_energy_microdata,1,2026-09-28,accepted,,
crs-marker-mitigation-oecd-crs-energy-idn-2013-q-2026-09-28-md-6106754,line,oecd-crs-energy-idn-2013-q-2026-09-28-md-6106754,,marker,,,0,,,,,0,mitigation,oecd-crs-energy-idn-2013-q-2026-09-28-md-6106754,oecd_crs_energy_microdata,1,2026-09-28,accepted,,
crs-marker-adaptation-oecd-crs-energy-idn-2013-q-2026-09-28-md-6106754,line,oecd-crs-energy-idn-2013-q-2026-09-28-md-6106754,,marker,,,0,,,,,0,adaptation,oecd-crs-energy-idn-2013-q-2026-09-28-md-6106754,oecd_crs_energy_microdata,1,2026-09-28,accepted,,
crs-marker-desertification-oecd-crs-energy-idn-2013-q-2026-09-28-md-6106754,line,oecd-crs-energy-idn-2013-q-2026-09-28-md-6106754,,marker,,,0,,,,,0,desertification,oecd-crs-energy-idn-2013-q-2026-09-28-md-6106754,oecd_crs_energy_microdata,1,2026-09-28,accepted,,
crs-flow-oecd-crs-energy-idn-2013-q-2026-09-28-md-5786319,line,oecd-crs-energy-idn-2013-q-2026-09-28-md-5786319,money,flow,commitment,unknown,12139,,,USD,USD,,,oecd-crs-energy-idn-2013-q-2026-09-28-md-5786319,oecd_crs_energy_microdata,1,2026-09-28,accepted,,"OECD Q value already in 2024 constant USD; UNIT_MULT applied, no FX or deflator rate applied"
crs-marker-biodiversity-oecd-crs-energy-idn-2013-q-2026-09-28-md-5786319,line,oecd-crs-energy-idn-2013-q-2026-09-28-md-5786319,,marker,,,0,,,,,0,biodiversity,oecd-crs-energy-idn-2013-q-2026-09-28-md-5786319,oecd_crs_energy_microdata,1,2026-09-28,accepted,,
crs-marker-mitigation-oecd-crs-energy-idn-2013-q-2026-09-28-md-5786319,line,oecd-crs-energy-idn-2013-q-2026-09-28-md-5786319,,marker,,,0,,,,,0,mitigation,oecd-crs-energy-idn-2013-q-2026-09-28-md-5786319,oecd_crs_energy_microdata,1,2026-09-28,accepted,,
crs-marker-adaptation-oecd-crs-energy-idn-2013-q-2026-09-28-md-5786319,line,oecd-crs-energy-idn-2013-q-2026-09-28-md-5786319,,marker,,,0,,,,,0,adaptation,oecd-crs-energy-idn-2013-q-2026-09-28-md-5786319,oecd_crs_energy_microdata,1,2026-09-28,accepted,,
crs-marker-desertification-oecd-crs-energy-idn-2013-q-2026-09-28-md-5786319,line,oecd-crs-energy-idn-2013-q-2026-09-28-md-5786319,,marker,,,0,,,,,0,desertification,oecd-crs-energy-idn-2013-q-2026-09-28-md-5786319,oecd_crs_energy_microdata,1,2026-09-28,accepted,,
crs-flow-oecd-crs-energy-idn-2013-q-2026-09-28-md-6116840,line,oecd-crs-energy-idn-2013-q-2026-09-28-md-6116840,money,flow,disbursement,unknown,11651,,,USD,USD,,,oecd-crs-energy-idn-2013-q-2026-09-28-md-6116840,oecd_crs_energy_microdata,1,2026-09-28,accepted,,"OECD Q value already in 2024 constant USD; UNIT_MULT applied, no FX or deflator rate applied"
crs-marker-biodiversity-oecd-crs-energy-idn-2013-q-2026-09-28-md-6116840,line,oecd-crs-energy-idn-2013-q-2026-09-28-md-6116840,,marker,,,0,,,,,0,biodiversity,oecd-crs-energy-idn-2013-q-2026-09-28-md-6116840,oecd_crs_energy_microdata,1,2026-09-28,accepted,,
crs-marker-mitigation-oecd-crs-energy-idn-2013-q-2026-09-28-md-6116840,line,oecd-crs-energy-idn-2013-q-2026-09-28-md-6116840,,marker,,,2,,,,,2,mitigation,oecd-crs-energy-idn-2013-q-2026-09-28-md-6116840,oecd_crs_energy_microdata,1,2026-09-28,accepted,,
crs-marker-adaptation-oecd-crs-energy-idn-2013-q-2026-09-28-md-6116840,line,oecd-crs-energy-idn-2013-q-2026-09-28-md-6116840,,marker,,,0,,,,,0,adaptation,oecd-crs-energy-idn-2013-q-2026-09-28-md-6116840,oecd_crs_energy_microdata,1,2026-09-28,accepted,,
crs-marker-desertification-oecd-crs-energy-idn-2013-q-2026-09-28-md-6116840,line,oecd-crs-energy-idn-2013-q-2026-09-28-md-6116840,,marker,,,0,,,,,0,desertification,oecd-crs-energy-idn-2013-q-2026-09-28-md-6116840,oecd_crs_energy_microdata,1,2026-09-28,accepted,,
crs-flow-oecd-crs-energy-idn-2013-q-2026-09-28-md-5782820,line,oecd-crs-energy-idn-2013-q-2026-09-28-md-5782820,money,flow,commitment,unknown,26011,,,USD,USD,,,oecd-crs-energy-idn-2013-q-2026-09-28-md-5782820,oecd_crs_energy_microdata,1,2026-09-28,accepted,,"OECD Q value already in 2024 constant USD; UNIT_MULT applied, no FX or deflator rate applied"
crs-marker-biodiversity-oecd-crs-energy-idn-2013-q-2026-09-28-md-5782820,line,oecd-crs-energy-idn-2013-q-2026-09-28-md-5782820,,marker,,,0,,,,,0,biodiversity,oecd-crs-energy-idn-2013-q-2026-09-28-md-5782820,oecd_crs_energy_microdata,1,2026-09-28,accepted,,
crs-marker-mitigation-oecd-crs-energy-idn-2013-q-2026-09-28-md-5782820,line,oecd-crs-energy-idn-2013-q-2026-09-28-md-5782820,,marker,,,2,,,,,2,mitigation,oecd-crs-energy-idn-2013-q-2026-09-28-md-5782820,oecd_crs_energy_microdata,1,2026-09-28,accepted,,
crs-marker-adaptation-oecd-crs-energy-idn-2013-q-2026-09-28-md-5782820,line,oecd-crs-energy-idn-2013-q-2026-09-28-md-5782820,,marker,,,0,,,,,0,adaptation,oecd-crs-energy-idn-2013-q-2026-09-28-md-5782820,oecd_crs_energy_microdata,1,2026-09-28,accepted,,
crs-marker-desertification-oecd-crs-energy-idn-2013-q-2026-09-28-md-5782820,line,oecd-crs-energy-idn-2013-q-2026-09-28-md-5782820,,marker,,,0,,,,,0,desertification,oecd-crs-energy-idn-2013-q-2026-09-28-md-5782820,oecd_crs_energy_microdata,1,2026-09-28,accepted,,
crs-flow-oecd-crs-energy-idn-2013-q-2026-09-28-md-5782819,line,oecd-crs-energy-idn-2013-q-2026-09-28-md-5782819,money,flow,commitment,unknown,17341,,,USD,USD,,,oecd-crs-energy-idn-2013-q-2026-09-28-md-5782819,oecd_crs_energy_microdata,1,2026-09-28,accepted,,"OECD Q value already in 2024 constant USD; UNIT_MULT applied, no FX or deflator rate applied"
crs-marker-biodiversity-oecd-crs-energy-idn-2013-q-2026-09-28-md-5782819,line,oecd-crs-energy-idn-2013-q-2026-09-28-md-5782819,,marker,,,0,,,,,0,biodiversity,oecd-crs-energy-idn-2013-q-2026-09-28-md-5782819,oecd_crs_energy_microdata,1,2026-09-28,accepted,,
crs-marker-mitigation-oecd-crs-energy-idn-2013-q-2026-09-28-md-5782819,line,oecd-crs-energy-idn-2013-q-2026-09-28-md-5782819,,marker,,,2,,,,,2,mitigation,oecd-crs-energy-idn-2013-q-2026-09-28-md-5782819,oecd_crs_energy_microdata,1,2026-09-28,accepted,,
crs-marker-adaptation-oecd-crs-energy-idn-2013-q-2026-09-28-md-5782819,line,oecd-crs-energy-idn-2013-q-2026-09-28-md-5782819,,marker,,,0,,,,,0,adaptation,oecd-crs-energy-idn-2013-q-2026-09-28-md-5782819,oecd_crs_energy_microdata,1,2026-09-28,accepted,,
crs-marker-desertification-oecd-crs-energy-idn-2013-q-2026-09-28-md-5782819,line,oecd-crs-energy-idn-2013-q-2026-09-28-md-5782819,,marker,,,0,,,,,0,desertification,oecd-crs-energy-idn-2013-q-2026-09-28-md-5782819,oecd_crs_energy_microdata,1,2026-09-28,accepted,,
crs-flow-oecd-crs-energy-idn-2013-q-2026-09-28-md-6116865,line,oecd-crs-energy-idn-2013-q-2026-09-28-md-6116865,money,flow,disbursement,unknown,33624,,,USD,USD,,,oecd-crs-energy-idn-2013-q-2026-09-28-md-6116865,oecd_crs_energy_microdata,1,2026-09-28,accepted,,"OECD Q value already in 2024 constant USD; UNIT_MULT applied, no FX or deflator rate applied"
crs-marker-biodiversity-oecd-crs-energy-idn-2013-q-2026-09-28-md-6116865,line,oecd-crs-energy-idn-2013-q-2026-09-28-md-6116865,,marker,,,0,,,,,0,biodiversity,oecd-crs-energy-idn-2013-q-2026-09-28-md-6116865,oecd_crs_energy_microdata,1,2026-09-28,accepted,,
crs-marker-mitigation-oecd-crs-energy-idn-2013-q-2026-09-28-md-6116865,line,oecd-crs-energy-idn-2013-q-2026-09-28-md-6116865,,marker,,,2,,,,,2,mitigation,oecd-crs-energy-idn-2013-q-2026-09-28-md-6116865,oecd_crs_energy_microdata,1,2026-09-28,accepted,,
crs-marker-adaptation-oecd-crs-energy-idn-2013-q-2026-09-28-md-6116865,line,oecd-crs-energy-idn-2013-q-2026-09-28-md-6116865,,marker,,,0,,,,,0,adaptation,oecd-crs-energy-idn-2013-q-2026-09-28-md-6116865,oecd_crs_energy_microdata,1,2026-09-28,accepted,,
crs-marker-desertification-oecd-crs-energy-idn-2013-q-2026-09-28-md-6116865,line,oecd-crs-energy-idn-2013-q-2026-09-28-md-6116865,,marker,,,0,,,,,0,desertification,oecd-crs-energy-idn-2013-q-2026-09-28-md-6116865,oecd_crs_energy_microdata,1,2026-09-28,accepted,,
crs-flow-oecd-crs-energy-idn-2013-q-2026-09-28-md-6116843,line,oecd-crs-energy-idn-2013-q-2026-09-28-md-6116843,money,flow,disbursement,unknown,16754,,,USD,USD,,,oecd-crs-energy-idn-2013-q-2026-09-28-md-6116843,oecd_crs_energy_microdata,1,2026-09-28,accepted,,"OECD Q value already in 2024 constant USD; UNIT_MULT applied, no FX or deflator rate applied"
crs-marker-biodiversity-oecd-crs-energy-idn-2013-q-2026-09-28-md-6116843,line,oecd-crs-energy-idn-2013-q-2026-09-28-md-6116843,,marker,,,0,,,,,0,biodiversity,oecd-crs-energy-idn-2013-q-2026-09-28-md-6116843,oecd_crs_energy_microdata,1,2026-09-28,accepted,,
crs-marker-mitigation-oecd-crs-energy-idn-2013-q-2026-09-28-md-6116843,line,oecd-crs-energy-idn-2013-q-2026-09-28-md-6116843,,marker,,,2,,,,,2,mitigation,oecd-crs-energy-idn-2013-q-2026-09-28-md-6116843,oecd_crs_energy_microdata,1,2026-09-28,accepted,,
crs-marker-adaptation-oecd-crs-energy-idn-2013-q-2026-09-28-md-6116843,line,oecd-crs-energy-idn-2013-q-2026-09-28-md-6116843,,marker,,,0,,,,,0,adaptation,oecd-crs-energy-idn-2013-q-2026-09-28-md-6116843,oecd_crs_energy_microdata,1,2026-09-28,accepted,,
crs-marker-desertification-oecd-crs-energy-idn-2013-q-2026-09-28-md-6116843,line,oecd-crs-energy-idn-2013-q-2026-09-28-md-6116843,,marker,,,0,,,,,0,desertification,oecd-crs-energy-idn-2013-q-2026-09-28-md-6116843,oecd_crs_energy_microdata,1,2026-09-28,accepted,,
crs-flow-oecd-crs-energy-idn-2013-q-2026-09-28-md-5782836,line,oecd-crs-energy-idn-2013-q-2026-09-28-md-5782836,money,flow,commitment,unknown,41223,,,USD,USD,,,oecd-crs-energy-idn-2013-q-2026-09-28-md-5782836,oecd_crs_energy_microdata,1,2026-09-28,accepted,,"OECD Q value already in 2024 constant USD; UNIT_MULT applied, no FX or deflator rate applied"
crs-marker-biodiversity-oecd-crs-energy-idn-2013-q-2026-09-28-md-5782836,line,oecd-crs-energy-idn-2013-q-2026-09-28-md-5782836,,marker,,,0,,,,,0,biodiversity,oecd-crs-energy-idn-2013-q-2026-09-28-md-5782836,oecd_crs_energy_microdata,1,2026-09-28,accepted,,
crs-marker-mitigation-oecd-crs-energy-idn-2013-q-2026-09-28-md-5782836,line,oecd-crs-energy-idn-2013-q-2026-09-28-md-5782836,,marker,,,2,,,,,2,mitigation,oecd-crs-energy-idn-2013-q-2026-09-28-md-5782836,oecd_crs_energy_microdata,1,2026-09-28,accepted,,
crs-marker-adaptation-oecd-crs-energy-idn-2013-q-2026-09-28-md-5782836,line,oecd-crs-energy-idn-2013-q-2026-09-28-md-5782836,,marker,,,0,,,,,0,adaptation,oecd-crs-energy-idn-2013-q-2026-09-28-md-5782836,oecd_crs_energy_microdata,1,2026-09-28,accepted,,
crs-marker-desertification-oecd-crs-energy-idn-2013-q-2026-09-28-md-5782836,line,oecd-crs-energy-idn-2013-q-2026-09-28-md-5782836,,marker,,,0,,,,,0,desertification,oecd-crs-energy-idn-2013-q-2026-09-28-md-5782836,oecd_crs_energy_microdata,1,2026-09-28,accepted,,
crs-flow-oecd-crs-energy-idn-2013-q-2026-09-28-md-5762030,line,oecd-crs-energy-idn-2013-q-2026-09-28-md-5762030,money,flow,commitment,unknown,1358291,,,USD,USD,,,oecd-crs-energy-idn-2013-q-2026-09-28-md-5762030,oecd_crs_energy_microdata,1,2026-09-28,accepted,,"OECD Q value already in 2024 constant USD; UNIT_MULT applied, no FX or deflator rate applied"
crs-marker-biodiversity-oecd-crs-energy-idn-2013-q-2026-09-28-md-5762030,line,oecd-crs-energy-idn-2013-q-2026-09-28-md-5762030,,marker,,,0,,,,,0,biodiversity,oecd-crs-energy-idn-2013-q-2026-09-28-md-5762030,oecd_crs_energy_microdata,1,2026-09-28,accepted,,
crs-marker-mitigation-oecd-crs-energy-idn-2013-q-2026-09-28-md-5762030,line,oecd-crs-energy-idn-2013-q-2026-09-28-md-5762030,,marker,,,0,,,,,0,mitigation,oecd-crs-energy-idn-2013-q-2026-09-28-md-5762030,oecd_crs_energy_microdata,1,2026-09-28,accepted,,
crs-marker-adaptation-oecd-crs-energy-idn-2013-q-2026-09-28-md-5762030,line,oecd-crs-energy-idn-2013-q-2026-09-28-md-5762030,,marker,,,0,,,,,0,adaptation,oecd-crs-energy-idn-2013-q-2026-09-28-md-5762030,oecd_crs_energy_microdata,1,2026-09-28,accepted,,
crs-marker-desertification-oecd-crs-energy-idn-2013-q-2026-09-28-md-5762030,line,oecd-crs-energy-idn-2013-q-2026-09-28-md-5762030,,marker,,,0,,,,,0,desertification,oecd-crs-energy-idn-2013-q-2026-09-28-md-5762030,oecd_crs_energy_microdata,1,2026-09-28,accepted,,
crs-flow-oecd-crs-energy-idn-2013-q-2026-09-28-md-6075425,line,oecd-crs-energy-idn-2013-q-2026-09-28-md-6075425,money,flow,disbursement,unknown,1358291,,,USD,USD,,,oecd-crs-energy-idn-2013-q-2026-09-28-md-6075425,oecd_crs_energy_microdata,1,2026-09-28,accepted,,"OECD Q value already in 2024 constant USD; UNIT_MULT applied, no FX or deflator rate applied"
crs-marker-biodiversity-oecd-crs-energy-idn-2013-q-2026-09-28-md-6075425,line,oecd-crs-energy-idn-2013-q-2026-09-28-md-6075425,,marker,,,0,,,,,0,biodiversity,oecd-crs-energy-idn-2013-q-2026-09-28-md-6075425,oecd_crs_energy_microdata,1,2026-09-28,accepted,,
crs-marker-mitigation-oecd-crs-energy-idn-2013-q-2026-09-28-md-6075425,line,oecd-crs-energy-idn-2013-q-2026-09-28-md-6075425,,marker,,,0,,,,,0,mitigation,oecd-crs-energy-idn-2013-q-2026-09-28-md-6075425,oecd_crs_energy_microdata,1,2026-09-28,accepted,,
crs-marker-adaptation-oecd-crs-energy-idn-2013-q-2026-09-28-md-6075425,line,oecd-crs-energy-idn-2013-q-2026-09-28-md-6075425,,marker,,,0,,,,,0,adaptation,oecd-crs-energy-idn-2013-q-2026-09-28-md-6075425,oecd_crs_energy_microdata,1,2026-09-28,accepted,,
crs-marker-desertification-oecd-crs-energy-idn-2013-q-2026-09-28-md-6075425,line,oecd-crs-energy-idn-2013-q-2026-09-28-md-6075425,,marker,,,0,,,,,0,desertification,oecd-crs-energy-idn-2013-q-2026-09-28-md-6075425,oecd_crs_energy_microdata,1,2026-09-28,accepted,,
crs-flow-oecd-crs-energy-idn-2013-q-2026-09-28-md-6154255,line,oecd-crs-energy-idn-2013-q-2026-09-28-md-6154255,money,flow,disbursement,unknown,118181,,,USD,USD,,,oecd-crs-energy-idn-2013-q-2026-09-28-md-6154255,oecd_crs_energy_microdata,1,2026-09-28,accepted,,"OECD Q value already in 2024 constant USD; UNIT_MULT applied, no FX or deflator rate applied"
crs-marker-biodiversity-oecd-crs-energy-idn-2013-q-2026-09-28-md-6154255,line,oecd-crs-energy-idn-2013-q-2026-09-28-md-6154255,,marker,,,0,,,,,0,biodiversity,oecd-crs-energy-idn-2013-q-2026-09-28-md-6154255,oecd_crs_energy_microdata,1,2026-09-28,accepted,,
crs-marker-mitigation-oecd-crs-energy-idn-2013-q-2026-09-28-md-6154255,line,oecd-crs-energy-idn-2013-q-2026-09-28-md-6154255,,marker,,,0,,,,,0,mitigation,oecd-crs-energy-idn-2013-q-2026-09-28-md-6154255,oecd_crs_energy_microdata,1,2026-09-28,accepted,,
crs-marker-adaptation-oecd-crs-energy-idn-2013-q-2026-09-28-md-6154255,line,oecd-crs-energy-idn-2013-q-2026-09-28-md-6154255,,marker,,,0,,,,,0,adaptation,oecd-crs-energy-idn-2013-q-2026-09-28-md-6154255,oecd_crs_energy_microdata,1,2026-09-28,accepted,,
crs-marker-desertification-oecd-crs-energy-idn-2013-q-2026-09-28-md-6154255,line,oecd-crs-energy-idn-2013-q-2026-09-28-md-6154255,,marker,,,0,,,,,0,desertification,oecd-crs-energy-idn-2013-q-2026-09-28-md-6154255,oecd_crs_energy_microdata,1,2026-09-28,accepted,,
crs-flow-oecd-crs-energy-idn-2013-q-2026-09-28-md-6154144,line,oecd-crs-energy-idn-2013-q-2026-09-28-md-6154144,money,flow,disbursement,unknown,47404,,,USD,USD,,,oecd-crs-energy-idn-2013-q-2026-09-28-md-6154144,oecd_crs_energy_microdata,1,2026-09-28,accepted,,"OECD Q value already in 2024 constant USD; UNIT_MULT applied, no FX or deflator rate applied"
crs-marker-biodiversity-oecd-crs-energy-idn-2013-q-2026-09-28-md-6154144,line,oecd-crs-energy-idn-2013-q-2026-09-28-md-6154144,,marker,,,0,,,,,0,biodiversity,oecd-crs-energy-idn-2013-q-2026-09-28-md-6154144,oecd_crs_energy_microdata,1,2026-09-28,accepted,,
crs-marker-mitigation-oecd-crs-energy-idn-2013-q-2026-09-28-md-6154144,line,oecd-crs-energy-idn-2013-q-2026-09-28-md-6154144,,marker,,,0,,,,,0,mitigation,oecd-crs-energy-idn-2013-q-2026-09-28-md-6154144,oecd_crs_energy_microdata,1,2026-09-28,accepted,,
crs-marker-adaptation-oecd-crs-energy-idn-2013-q-2026-09-28-md-6154144,line,oecd-crs-energy-idn-2013-q-2026-09-28-md-6154144,,marker,,,0,,,,,0,adaptation,oecd-crs-energy-idn-2013-q-2026-09-28-md-6154144,oecd_crs_energy_microdata,1,2026-09-28,accepted,,
crs-marker-desertification-oecd-crs-energy-idn-2013-q-2026-09-28-md-6154144,line,oecd-crs-energy-idn-2013-q-2026-09-28-md-6154144,,marker,,,0,,,,,0,desertification,oecd-crs-energy-idn-2013-q-2026-09-28-md-6154144,oecd_crs_energy_microdata,1,2026-09-28,accepted,,
crs-flow-oecd-crs-energy-idn-2013-q-2026-09-28-md-6123752,line,oecd-crs-energy-idn-2013-q-2026-09-28-md-6123752,money,flow,disbursement,unknown,549099,,,USD,USD,,,oecd-crs-energy-idn-2013-q-2026-09-28-md-6123752,oecd_crs_energy_microdata,1,2026-09-28,accepted,,"OECD Q value already in 2024 constant USD; UNIT_MULT applied, no FX or deflator rate applied"
crs-marker-biodiversity-oecd-crs-energy-idn-2013-q-2026-09-28-md-6123752,line,oecd-crs-energy-idn-2013-q-2026-09-28-md-6123752,,marker,,,0,,,,,0,biodiversity,oecd-crs-energy-idn-2013-q-2026-09-28-md-6123752,oecd_crs_energy_microdata,1,2026-09-28,accepted,,
crs-marker-mitigation-oecd-crs-energy-idn-2013-q-2026-09-28-md-6123752,line,oecd-crs-energy-idn-2013-q-2026-09-28-md-6123752,,marker,,,2,,,,,2,mitigation,oecd-crs-energy-idn-2013-q-2026-09-28-md-6123752,oecd_crs_energy_microdata,1,2026-09-28,accepted,,
crs-marker-adaptation-oecd-crs-energy-idn-2013-q-2026-09-28-md-6123752,line,oecd-crs-energy-idn-2013-q-2026-09-28-md-6123752,,marker,,,1,,,,,1,adaptation,oecd-crs-energy-idn-2013-q-2026-09-28-md-6123752,oecd_crs_energy_microdata,1,2026-09-28,accepted,,
crs-marker-desertification-oecd-crs-energy-idn-2013-q-2026-09-28-md-6123752,line,oecd-crs-energy-idn-2013-q-2026-09-28-md-6123752,,marker,,,0,,,,,0,desertification,oecd-crs-energy-idn-2013-q-2026-09-28-md-6123752,oecd_crs_energy_microdata,1,2026-09-28,accepted,,
crs-flow-oecd-crs-energy-idn-2013-q-2026-09-28-md-6076883,line,oecd-crs-energy-idn-2013-q-2026-09-28-md-6076883,money,flow,disbursement,unknown,5060443,,,USD,USD,,,oecd-crs-energy-idn-2013-q-2026-09-28-md-6076883,oecd_crs_energy_microdata,1,2026-09-28,accepted,,"OECD Q value already in 2024 constant USD; UNIT_MULT applied, no FX or deflator rate applied"
crs-marker-biodiversity-oecd-crs-energy-idn-2013-q-2026-09-28-md-6076883,line,oecd-crs-energy-idn-2013-q-2026-09-28-md-6076883,,marker,,,0,,,,,0,biodiversity,oecd-crs-energy-idn-2013-q-2026-09-28-md-6076883,oecd_crs_energy_microdata,1,2026-09-28,accepted,,
crs-marker-mitigation-oecd-crs-energy-idn-2013-q-2026-09-28-md-6076883,line,oecd-crs-energy-idn-2013-q-2026-09-28-md-6076883,,marker,,,1,,,,,1,mitigation,oecd-crs-energy-idn-2013-q-2026-09-28-md-6076883,oecd_crs_energy_microdata,1,2026-09-28,accepted,,
crs-marker-adaptation-oecd-crs-energy-idn-2013-q-2026-09-28-md-6076883,line,oecd-crs-energy-idn-2013-q-2026-09-28-md-6076883,,marker,,,0,,,,,0,adaptation,oecd-crs-energy-idn-2013-q-2026-09-28-md-6076883,oecd_crs_energy_microdata,1,2026-09-28,accepted,,
crs-marker-desertification-oecd-crs-energy-idn-2013-q-2026-09-28-md-6076883,line,oecd-crs-energy-idn-2013-q-2026-09-28-md-6076883,,marker,,,0,,,,,0,desertification,oecd-crs-energy-idn-2013-q-2026-09-28-md-6076883,oecd_crs_energy_microdata,1,2026-09-28,accepted,,
crs-flow-oecd-crs-energy-idn-2013-q-2026-09-28-md-5852923,line,oecd-crs-energy-idn-2013-q-2026-09-28-md-5852923,money,flow,commitment,unknown,2089309,,,USD,USD,,,oecd-crs-energy-idn-2013-q-2026-09-28-md-5852923,oecd_crs_energy_microdata,1,2026-09-28,accepted,,"OECD Q value already in 2024 constant USD; UNIT_MULT applied, no FX or deflator rate applied"
crs-marker-biodiversity-oecd-crs-energy-idn-2013-q-2026-09-28-md-5852923,line,oecd-crs-energy-idn-2013-q-2026-09-28-md-5852923,,marker,,,0,,,,,0,biodiversity,oecd-crs-energy-idn-2013-q-2026-09-28-md-5852923,oecd_crs_energy_microdata,1,2026-09-28,accepted,,
crs-marker-mitigation-oecd-crs-energy-idn-2013-q-2026-09-28-md-5852923,line,oecd-crs-energy-idn-2013-q-2026-09-28-md-5852923,,marker,,,0,,,,,0,mitigation,oecd-crs-energy-idn-2013-q-2026-09-28-md-5852923,oecd_crs_energy_microdata,1,2026-09-28,accepted,,
crs-marker-adaptation-oecd-crs-energy-idn-2013-q-2026-09-28-md-5852923,line,oecd-crs-energy-idn-2013-q-2026-09-28-md-5852923,,marker,,,0,,,,,0,adaptation,oecd-crs-energy-idn-2013-q-2026-09-28-md-5852923,oecd_crs_energy_microdata,1,2026-09-28,accepted,,
crs-marker-desertification-oecd-crs-energy-idn-2013-q-2026-09-28-md-5852923,line,oecd-crs-energy-idn-2013-q-2026-09-28-md-5852923,,marker,,,0,,,,,0,desertification,oecd-crs-energy-idn-2013-q-2026-09-28-md-5852923,oecd_crs_energy_microdata,1,2026-09-28,accepted,,
crs-flow-oecd-crs-energy-idn-2013-q-2026-09-28-md-6106378,line,oecd-crs-energy-idn-2013-q-2026-09-28-md-6106378,money,flow,disbursement,unknown,78953,,,USD,USD,,,oecd-crs-energy-idn-2013-q-2026-09-28-md-6106378,oecd_crs_energy_microdata,1,2026-09-28,accepted,,"OECD Q value already in 2024 constant USD; UNIT_MULT applied, no FX or deflator rate applied"
crs-marker-biodiversity-oecd-crs-energy-idn-2013-q-2026-09-28-md-6106378,line,oecd-crs-energy-idn-2013-q-2026-09-28-md-6106378,,marker,,,0,,,,,0,biodiversity,oecd-crs-energy-idn-2013-q-2026-09-28-md-6106378,oecd_crs_energy_microdata,1,2026-09-28,accepted,,
crs-marker-mitigation-oecd-crs-energy-idn-2013-q-2026-09-28-md-6106378,line,oecd-crs-energy-idn-2013-q-2026-09-28-md-6106378,,marker,,,2,,,,,2,mitigation,oecd-crs-energy-idn-2013-q-2026-09-28-md-6106378,oecd_crs_energy_microdata,1,2026-09-28,accepted,,
crs-marker-adaptation-oecd-crs-energy-idn-2013-q-2026-09-28-md-6106378,line,oecd-crs-energy-idn-2013-q-2026-09-28-md-6106378,,marker,,,0,,,,,0,adaptation,oecd-crs-energy-idn-2013-q-2026-09-28-md-6106378,oecd_crs_energy_microdata,1,2026-09-28,accepted,,
crs-marker-desertification-oecd-crs-energy-idn-2013-q-2026-09-28-md-6106378,line,oecd-crs-energy-idn-2013-q-2026-09-28-md-6106378,,marker,,,0,,,,,0,desertification,oecd-crs-energy-idn-2013-q-2026-09-28-md-6106378,oecd_crs_energy_microdata,1,2026-09-28,accepted,,
crs-flow-oecd-crs-energy-idn-2013-q-2026-09-28-md-5790323,line,oecd-crs-energy-idn-2013-q-2026-09-28-md-5790323,money,flow,commitment,unknown,98691,,,USD,USD,,,oecd-crs-energy-idn-2013-q-2026-09-28-md-5790323,oecd_crs_energy_microdata,1,2026-09-28,accepted,,"OECD Q value already in 2024 constant USD; UNIT_MULT applied, no FX or deflator rate applied"
crs-marker-biodiversity-oecd-crs-energy-idn-2013-q-2026-09-28-md-5790323,line,oecd-crs-energy-idn-2013-q-2026-09-28-md-5790323,,marker,,,0,,,,,0,biodiversity,oecd-crs-energy-idn-2013-q-2026-09-28-md-5790323,oecd_crs_energy_microdata,1,2026-09-28,accepted,,
crs-marker-mitigation-oecd-crs-energy-idn-2013-q-2026-09-28-md-5790323,line,oecd-crs-energy-idn-2013-q-2026-09-28-md-5790323,,marker,,,2,,,,,2,mitigation,oecd-crs-energy-idn-2013-q-2026-09-28-md-5790323,oecd_crs_energy_microdata,1,2026-09-28,accepted,,
crs-marker-adaptation-oecd-crs-energy-idn-2013-q-2026-09-28-md-5790323,line,oecd-crs-energy-idn-2013-q-2026-09-28-md-5790323,,marker,,,0,,,,,0,adaptation,oecd-crs-energy-idn-2013-q-2026-09-28-md-5790323,oecd_crs_energy_microdata,1,2026-09-28,accepted,,
crs-marker-desertification-oecd-crs-energy-idn-2013-q-2026-09-28-md-5790323,line,oecd-crs-energy-idn-2013-q-2026-09-28-md-5790323,,marker,,,0,,,,,0,desertification,oecd-crs-energy-idn-2013-q-2026-09-28-md-5790323,oecd_crs_energy_microdata,1,2026-09-28,accepted,,
crs-flow-oecd-crs-energy-idn-2013-q-2026-09-28-md-6106190,line,oecd-crs-energy-idn-2013-q-2026-09-28-md-6106190,money,flow,disbursement,unknown,46056,,,USD,USD,,,oecd-crs-energy-idn-2013-q-2026-09-28-md-6106190,oecd_crs_energy_microdata,1,2026-09-28,accepted,,"OECD Q value already in 2024 constant USD; UNIT_MULT applied, no FX or deflator rate applied"
crs-marker-biodiversity-oecd-crs-energy-idn-2013-q-2026-09-28-md-6106190,line,oecd-crs-energy-idn-2013-q-2026-09-28-md-6106190,,marker,,,0,,,,,0,biodiversity,oecd-crs-energy-idn-2013-q-2026-09-28-md-6106190,oecd_crs_energy_microdata,1,2026-09-28,accepted,,
crs-marker-mitigation-oecd-crs-energy-idn-2013-q-2026-09-28-md-6106190,line,oecd-crs-energy-idn-2013-q-2026-09-28-md-6106190,,marker,,,1,,,,,1,mitigation,oecd-crs-energy-idn-2013-q-2026-09-28-md-6106190,oecd_crs_energy_microdata,1,2026-09-28,accepted,,
crs-marker-adaptation-oecd-crs-energy-idn-2013-q-2026-09-28-md-6106190,line,oecd-crs-energy-idn-2013-q-2026-09-28-md-6106190,,marker,,,0,,,,,0,adaptation,oecd-crs-energy-idn-2013-q-2026-09-28-md-6106190,oecd_crs_energy_microdata,1,2026-09-28,accepted,,
crs-marker-desertification-oecd-crs-energy-idn-2013-q-2026-09-28-md-6106190,line,oecd-crs-energy-idn-2013-q-2026-09-28-md-6106190,,marker,,,0,,,,,0,desertification,oecd-crs-energy-idn-2013-q-2026-09-28-md-6106190,oecd_crs_energy_microdata,1,2026-09-28,accepted,,
crs-flow-oecd-crs-energy-idn-2013-q-2026-09-28-md-5789928,line,oecd-crs-energy-idn-2013-q-2026-09-28-md-5789928,money,flow,commitment,unknown,46056,,,USD,USD,,,oecd-crs-energy-idn-2013-q-2026-09-28-md-5789928,oecd_crs_energy_microdata,1,2026-09-28,accepted,,"OECD Q value already in 2024 constant USD; UNIT_MULT applied, no FX or deflator rate applied"
crs-marker-biodiversity-oecd-crs-energy-idn-2013-q-2026-09-28-md-5789928,line,oecd-crs-energy-idn-2013-q-2026-09-28-md-5789928,,marker,,,0,,,,,0,biodiversity,oecd-crs-energy-idn-2013-q-2026-09-28-md-5789928,oecd_crs_energy_microdata,1,2026-09-28,accepted,,
crs-marker-mitigation-oecd-crs-energy-idn-2013-q-2026-09-28-md-5789928,line,oecd-crs-energy-idn-2013-q-2026-09-28-md-5789928,,marker,,,1,,,,,1,mitigation,oecd-crs-energy-idn-2013-q-2026-09-28-md-5789928,oecd_crs_energy_microdata,1,2026-09-28,accepted,,
crs-marker-adaptation-oecd-crs-energy-idn-2013-q-2026-09-28-md-5789928,line,oecd-crs-energy-idn-2013-q-2026-09-28-md-5789928,,marker,,,0,,,,,0,adaptation,oecd-crs-energy-idn-2013-q-2026-09-28-md-5789928,oecd_crs_energy_microdata,1,2026-09-28,accepted,,
crs-marker-desertification-oecd-crs-energy-idn-2013-q-2026-09-28-md-5789928,line,oecd-crs-energy-idn-2013-q-2026-09-28-md-5789928,,marker,,,0,,,,,0,desertification,oecd-crs-energy-idn-2013-q-2026-09-28-md-5789928,oecd_crs_energy_microdata,1,2026-09-28,accepted,,
crs-flow-oecd-crs-energy-idn-2013-q-2026-09-28-md-6105327,line,oecd-crs-energy-idn-2013-q-2026-09-28-md-6105327,money,flow,disbursement,unknown,322391,,,USD,USD,,,oecd-crs-energy-idn-2013-q-2026-09-28-md-6105327,oecd_crs_energy_microdata,1,2026-09-28,accepted,,"OECD Q value already in 2024 constant USD; UNIT_MULT applied, no FX or deflator rate applied"
crs-marker-biodiversity-oecd-crs-energy-idn-2013-q-2026-09-28-md-6105327,line,oecd-crs-energy-idn-2013-q-2026-09-28-md-6105327,,marker,,,1,,,,,1,biodiversity,oecd-crs-energy-idn-2013-q-2026-09-28-md-6105327,oecd_crs_energy_microdata,1,2026-09-28,accepted,,
crs-marker-mitigation-oecd-crs-energy-idn-2013-q-2026-09-28-md-6105327,line,oecd-crs-energy-idn-2013-q-2026-09-28-md-6105327,,marker,,,1,,,,,1,mitigation,oecd-crs-energy-idn-2013-q-2026-09-28-md-6105327,oecd_crs_energy_microdata,1,2026-09-28,accepted,,
crs-marker-adaptation-oecd-crs-energy-idn-2013-q-2026-09-28-md-6105327,line,oecd-crs-energy-idn-2013-q-2026-09-28-md-6105327,,marker,,,1,,,,,1,adaptation,oecd-crs-energy-idn-2013-q-2026-09-28-md-6105327,oecd_crs_energy_microdata,1,2026-09-28,accepted,,
crs-marker-desertification-oecd-crs-energy-idn-2013-q-2026-09-28-md-6105327,line,oecd-crs-energy-idn-2013-q-2026-09-28-md-6105327,,marker,,,0,,,,,0,desertification,oecd-crs-energy-idn-2013-q-2026-09-28-md-6105327,oecd_crs_energy_microdata,1,2026-09-28,accepted,,
crs-flow-oecd-crs-energy-idn-2013-q-2026-09-28-md-5788821,line,oecd-crs-energy-idn-2013-q-2026-09-28-md-5788821,money,flow,commitment,unknown,644782,,,USD,USD,,,oecd-crs-energy-idn-2013-q-2026-09-28-md-5788821,oecd_crs_energy_microdata,1,2026-09-28,accepted,,"OECD Q value already in 2024 constant USD; UNIT_MULT applied, no FX or deflator rate applied"
crs-marker-biodiversity-oecd-crs-energy-idn-2013-q-2026-09-28-md-5788821,line,oecd-crs-energy-idn-2013-q-2026-09-28-md-5788821,,marker,,,1,,,,,1,biodiversity,oecd-crs-energy-idn-2013-q-2026-09-28-md-5788821,oecd_crs_energy_microdata,1,2026-09-28,accepted,,
crs-marker-mitigation-oecd-crs-energy-idn-2013-q-2026-09-28-md-5788821,line,oecd-crs-energy-idn-2013-q-2026-09-28-md-5788821,,marker,,,1,,,,,1,mitigation,oecd-crs-energy-idn-2013-q-2026-09-28-md-5788821,oecd_crs_energy_microdata,1,2026-09-28,accepted,,
crs-marker-adaptation-oecd-crs-energy-idn-2013-q-2026-09-28-md-5788821,line,oecd-crs-energy-idn-2013-q-2026-09-28-md-5788821,,marker,,,1,,,,,1,adaptation,oecd-crs-energy-idn-2013-q-2026-09-28-md-5788821,oecd_crs_energy_microdata,1,2026-09-28,accepted,,
crs-marker-desertification-oecd-crs-energy-idn-2013-q-2026-09-28-md-5788821,line,oecd-crs-energy-idn-2013-q-2026-09-28-md-5788821,,marker,,,0,,,,,0,desertification,oecd-crs-energy-idn-2013-q-2026-09-28-md-5788821,oecd_crs_energy_microdata,1,2026-09-28,accepted,,
crs-flow-oecd-crs-energy-idn-2013-q-2026-09-28-md-5790036,line,oecd-crs-energy-idn-2013-q-2026-09-28-md-5790036,money,flow,commitment,unknown,355288,,,USD,USD,,,oecd-crs-energy-idn-2013-q-2026-09-28-md-5790036,oecd_crs_energy_microdata,1,2026-09-28,accepted,,"OECD Q value already in 2024 constant USD; UNIT_MULT applied, no FX or deflator rate applied"
crs-marker-biodiversity-oecd-crs-energy-idn-2013-q-2026-09-28-md-5790036,line,oecd-crs-energy-idn-2013-q-2026-09-28-md-5790036,,marker,,,0,,,,,0,biodiversity,oecd-crs-energy-idn-2013-q-2026-09-28-md-5790036,oecd_crs_energy_microdata,1,2026-09-28,accepted,,
crs-marker-mitigation-oecd-crs-energy-idn-2013-q-2026-09-28-md-5790036,line,oecd-crs-energy-idn-2013-q-2026-09-28-md-5790036,,marker,,,2,,,,,2,mitigation,oecd-crs-energy-idn-2013-q-2026-09-28-md-5790036,oecd_crs_energy_microdata,1,2026-09-28,accepted,,
crs-marker-adaptation-oecd-crs-energy-idn-2013-q-2026-09-28-md-5790036,line,oecd-crs-energy-idn-2013-q-2026-09-28-md-5790036,,marker,,,1,,,,,1,adaptation,oecd-crs-energy-idn-2013-q-2026-09-28-md-5790036,oecd_crs_energy_microdata,1,2026-09-28,accepted,,
crs-marker-desertification-oecd-crs-energy-idn-2013-q-2026-09-28-md-5790036,line,oecd-crs-energy-idn-2013-q-2026-09-28-md-5790036,,marker,,,0,,,,,0,desertification,oecd-crs-energy-idn-2013-q-2026-09-28-md-5790036,oecd_crs_energy_microdata,1,2026-09-28,accepted,,
crs-flow-oecd-crs-energy-idn-2013-q-2026-09-28-md-6106288,line,oecd-crs-energy-idn-2013-q-2026-09-28-md-6106288,money,flow,disbursement,unknown,355288,,,USD,USD,,,oecd-crs-energy-idn-2013-q-2026-09-28-md-6106288,oecd_crs_energy_microdata,1,2026-09-28,accepted,,"OECD Q value already in 2024 constant USD; UNIT_MULT applied, no FX or deflator rate applied"
crs-marker-biodiversity-oecd-crs-energy-idn-2013-q-2026-09-28-md-6106288,line,oecd-crs-energy-idn-2013-q-2026-09-28-md-6106288,,marker,,,0,,,,,0,biodiversity,oecd-crs-energy-idn-2013-q-2026-09-28-md-6106288,oecd_crs_energy_microdata,1,2026-09-28,accepted,,
crs-marker-mitigation-oecd-crs-energy-idn-2013-q-2026-09-28-md-6106288,line,oecd-crs-energy-idn-2013-q-2026-09-28-md-6106288,,marker,,,2,,,,,2,mitigation,oecd-crs-energy-idn-2013-q-2026-09-28-md-6106288,oecd_crs_energy_microdata,1,2026-09-28,accepted,,
crs-marker-adaptation-oecd-crs-energy-idn-2013-q-2026-09-28-md-6106288,line,oecd-crs-energy-idn-2013-q-2026-09-28-md-6106288,,marker,,,1,,,,,1,adaptation,oecd-crs-energy-idn-2013-q-2026-09-28-md-6106288,oecd_crs_energy_microdata,1,2026-09-28,accepted,,
crs-marker-desertification-oecd-crs-energy-idn-2013-q-2026-09-28-md-6106288,line,oecd-crs-energy-idn-2013-q-2026-09-28-md-6106288,,marker,,,0,,,,,0,desertification,oecd-crs-energy-idn-2013-q-2026-09-28-md-6106288,oecd_crs_energy_microdata,1,2026-09-28,accepted,,
crs-flow-oecd-crs-energy-idn-2013-q-2026-09-28-md-5790078,line,oecd-crs-energy-idn-2013-q-2026-09-28-md-5790078,money,flow,commitment,unknown,657940,,,USD,USD,,,oecd-crs-energy-idn-2013-q-2026-09-28-md-5790078,oecd_crs_energy_microdata,1,2026-09-28,accepted,,"OECD Q value already in 2024 constant USD; UNIT_MULT applied, no FX or deflator rate applied"
crs-marker-biodiversity-oecd-crs-energy-idn-2013-q-2026-09-28-md-5790078,line,oecd-crs-energy-idn-2013-q-2026-09-28-md-5790078,,marker,,,0,,,,,0,biodiversity,oecd-crs-energy-idn-2013-q-2026-09-28-md-5790078,oecd_crs_energy_microdata,1,2026-09-28,accepted,,
crs-marker-mitigation-oecd-crs-energy-idn-2013-q-2026-09-28-md-5790078,line,oecd-crs-energy-idn-2013-q-2026-09-28-md-5790078,,marker,,,2,,,,,2,mitigation,oecd-crs-energy-idn-2013-q-2026-09-28-md-5790078,oecd_crs_energy_microdata,1,2026-09-28,accepted,,
crs-marker-adaptation-oecd-crs-energy-idn-2013-q-2026-09-28-md-5790078,line,oecd-crs-energy-idn-2013-q-2026-09-28-md-5790078,,marker,,,0,,,,,0,adaptation,oecd-crs-energy-idn-2013-q-2026-09-28-md-5790078,oecd_crs_energy_microdata,1,2026-09-28,accepted,,
crs-marker-desertification-oecd-crs-energy-idn-2013-q-2026-09-28-md-5790078,line,oecd-crs-energy-idn-2013-q-2026-09-28-md-5790078,,marker,,,0,,,,,0,desertification,oecd-crs-energy-idn-2013-q-2026-09-28-md-5790078,oecd_crs_energy_microdata,1,2026-09-28,accepted,,
crs-flow-oecd-crs-energy-idn-2013-q-2026-09-28-md-5789874,line,oecd-crs-energy-idn-2013-q-2026-09-28-md-5789874,money,flow,commitment,unknown,789529,,,USD,USD,,,oecd-crs-energy-idn-2013-q-2026-09-28-md-5789874,oecd_crs_energy_microdata,1,2026-09-28,accepted,,"OECD Q value already in 2024 constant USD; UNIT_MULT applied, no FX or deflator rate applied"
crs-marker-biodiversity-oecd-crs-energy-idn-2013-q-2026-09-28-md-5789874,line,oecd-crs-energy-idn-2013-q-2026-09-28-md-5789874,,marker,,,0,,,,,0,biodiversity,oecd-crs-energy-idn-2013-q-2026-09-28-md-5789874,oecd_crs_energy_microdata,1,2026-09-28,accepted,,
crs-marker-mitigation-oecd-crs-energy-idn-2013-q-2026-09-28-md-5789874,line,oecd-crs-energy-idn-2013-q-2026-09-28-md-5789874,,marker,,,1,,,,,1,mitigation,oecd-crs-energy-idn-2013-q-2026-09-28-md-5789874,oecd_crs_energy_microdata,1,2026-09-28,accepted,,
crs-marker-adaptation-oecd-crs-energy-idn-2013-q-2026-09-28-md-5789874,line,oecd-crs-energy-idn-2013-q-2026-09-28-md-5789874,,marker,,,0,,,,,0,adaptation,oecd-crs-energy-idn-2013-q-2026-09-28-md-5789874,oecd_crs_energy_microdata,1,2026-09-28,accepted,,
crs-marker-desertification-oecd-crs-energy-idn-2013-q-2026-09-28-md-5789874,line,oecd-crs-energy-idn-2013-q-2026-09-28-md-5789874,,marker,,,0,,,,,0,desertification,oecd-crs-energy-idn-2013-q-2026-09-28-md-5789874,oecd_crs_energy_microdata,1,2026-09-28,accepted,,
crs-flow-oecd-crs-energy-idn-2013-q-2026-09-28-md-6106134,line,oecd-crs-energy-idn-2013-q-2026-09-28-md-6106134,money,flow,disbursement,unknown,394764,,,USD,USD,,,oecd-crs-energy-idn-2013-q-2026-09-28-md-6106134,oecd_crs_energy_microdata,1,2026-09-28,accepted,,"OECD Q value already in 2024 constant USD; UNIT_MULT applied, no FX or deflator rate applied"
crs-marker-biodiversity-oecd-crs-energy-idn-2013-q-2026-09-28-md-6106134,line,oecd-crs-energy-idn-2013-q-2026-09-28-md-6106134,,marker,,,0,,,,,0,biodiversity,oecd-crs-energy-idn-2013-q-2026-09-28-md-6106134,oecd_crs_energy_microdata,1,2026-09-28,accepted,,
crs-marker-mitigation-oecd-crs-energy-idn-2013-q-2026-09-28-md-6106134,line,oecd-crs-energy-idn-2013-q-2026-09-28-md-6106134,,marker,,,1,,,,,1,mitigation,oecd-crs-energy-idn-2013-q-2026-09-28-md-6106134,oecd_crs_energy_microdata,1,2026-09-28,accepted,,
crs-marker-adaptation-oecd-crs-energy-idn-2013-q-2026-09-28-md-6106134,line,oecd-crs-energy-idn-2013-q-2026-09-28-md-6106134,,marker,,,0,,,,,0,adaptation,oecd-crs-energy-idn-2013-q-2026-09-28-md-6106134,oecd_crs_energy_microdata,1,2026-09-28,accepted,,
crs-marker-desertification-oecd-crs-energy-idn-2013-q-2026-09-28-md-6106134,line,oecd-crs-energy-idn-2013-q-2026-09-28-md-6106134,,marker,,,0,,,,,0,desertification,oecd-crs-energy-idn-2013-q-2026-09-28-md-6106134,oecd_crs_energy_microdata,1,2026-09-28,accepted,,
crs-flow-oecd-crs-energy-idn-2013-q-2026-09-28-md-6124237,line,oecd-crs-energy-idn-2013-q-2026-09-28-md-6124237,money,flow,disbursement,unknown,325414,,,USD,USD,,,oecd-crs-energy-idn-2013-q-2026-09-28-md-6124237,oecd_crs_energy_microdata,1,2026-09-28,accepted,,"OECD Q value already in 2024 constant USD; UNIT_MULT applied, no FX or deflator rate applied"
crs-marker-biodiversity-oecd-crs-energy-idn-2013-q-2026-09-28-md-6124237,line,oecd-crs-energy-idn-2013-q-2026-09-28-md-6124237,,marker,,,0,,,,,0,biodiversity,oecd-crs-energy-idn-2013-q-2026-09-28-md-6124237,oecd_crs_energy_microdata,1,2026-09-28,accepted,,
crs-marker-mitigation-oecd-crs-energy-idn-2013-q-2026-09-28-md-6124237,line,oecd-crs-energy-idn-2013-q-2026-09-28-md-6124237,,marker,,,2,,,,,2,mitigation,oecd-crs-energy-idn-2013-q-2026-09-28-md-6124237,oecd_crs_energy_microdata,1,2026-09-28,accepted,,
crs-marker-adaptation-oecd-crs-energy-idn-2013-q-2026-09-28-md-6124237,line,oecd-crs-energy-idn-2013-q-2026-09-28-md-6124237,,marker,,,0,,,,,0,adaptation,oecd-crs-energy-idn-2013-q-2026-09-28-md-6124237,oecd_crs_energy_microdata,1,2026-09-28,accepted,,
crs-marker-desertification-oecd-crs-energy-idn-2013-q-2026-09-28-md-6124237,line,oecd-crs-energy-idn-2013-q-2026-09-28-md-6124237,,marker,,,0,,,,,0,desertification,oecd-crs-energy-idn-2013-q-2026-09-28-md-6124237,oecd_crs_energy_microdata,1,2026-09-28,accepted,,
crs-flow-oecd-crs-energy-idn-2013-q-2026-09-28-md-5803915,line,oecd-crs-energy-idn-2013-q-2026-09-28-md-5803915,money,flow,commitment,unknown,372273,,,USD,USD,,,oecd-crs-energy-idn-2013-q-2026-09-28-md-5803915,oecd_crs_energy_microdata,1,2026-09-28,accepted,,"OECD Q value already in 2024 constant USD; UNIT_MULT applied, no FX or deflator rate applied"
crs-marker-biodiversity-oecd-crs-energy-idn-2013-q-2026-09-28-md-5803915,line,oecd-crs-energy-idn-2013-q-2026-09-28-md-5803915,,marker,,,0,,,,,0,biodiversity,oecd-crs-energy-idn-2013-q-2026-09-28-md-5803915,oecd_crs_energy_microdata,1,2026-09-28,accepted,,
crs-marker-mitigation-oecd-crs-energy-idn-2013-q-2026-09-28-md-5803915,line,oecd-crs-energy-idn-2013-q-2026-09-28-md-5803915,,marker,,,2,,,,,2,mitigation,oecd-crs-energy-idn-2013-q-2026-09-28-md-5803915,oecd_crs_energy_microdata,1,2026-09-28,accepted,,
crs-marker-adaptation-oecd-crs-energy-idn-2013-q-2026-09-28-md-5803915,line,oecd-crs-energy-idn-2013-q-2026-09-28-md-5803915,,marker,,,0,,,,,0,adaptation,oecd-crs-energy-idn-2013-q-2026-09-28-md-5803915,oecd_crs_energy_microdata,1,2026-09-28,accepted,,
crs-marker-desertification-oecd-crs-energy-idn-2013-q-2026-09-28-md-5803915,line,oecd-crs-energy-idn-2013-q-2026-09-28-md-5803915,,marker,,,0,,,,,0,desertification,oecd-crs-energy-idn-2013-q-2026-09-28-md-5803915,oecd_crs_energy_microdata,1,2026-09-28,accepted,,
crs-flow-oecd-crs-energy-idn-2013-q-2026-09-28-md-6076782,line,oecd-crs-energy-idn-2013-q-2026-09-28-md-6076782,money,flow,disbursement,unknown,1070199,,,USD,USD,,,oecd-crs-energy-idn-2013-q-2026-09-28-md-6076782,oecd_crs_energy_microdata,1,2026-09-28,accepted,,"OECD Q value already in 2024 constant USD; UNIT_MULT applied, no FX or deflator rate applied"
crs-marker-biodiversity-oecd-crs-energy-idn-2013-q-2026-09-28-md-6076782,line,oecd-crs-energy-idn-2013-q-2026-09-28-md-6076782,,marker,,,0,,,,,0,biodiversity,oecd-crs-energy-idn-2013-q-2026-09-28-md-6076782,oecd_crs_energy_microdata,1,2026-09-28,accepted,,
crs-marker-mitigation-oecd-crs-energy-idn-2013-q-2026-09-28-md-6076782,line,oecd-crs-energy-idn-2013-q-2026-09-28-md-6076782,,marker,,,2,,,,,2,mitigation,oecd-crs-energy-idn-2013-q-2026-09-28-md-6076782,oecd_crs_energy_microdata,1,2026-09-28,accepted,,
crs-marker-adaptation-oecd-crs-energy-idn-2013-q-2026-09-28-md-6076782,line,oecd-crs-energy-idn-2013-q-2026-09-28-md-6076782,,marker,,,0,,,,,0,adaptation,oecd-crs-energy-idn-2013-q-2026-09-28-md-6076782,oecd_crs_energy_microdata,1,2026-09-28,accepted,,
crs-marker-desertification-oecd-crs-energy-idn-2013-q-2026-09-28-md-6076782,line,oecd-crs-energy-idn-2013-q-2026-09-28-md-6076782,,marker,,,0,,,,,0,desertification,oecd-crs-energy-idn-2013-q-2026-09-28-md-6076782,oecd_crs_energy_microdata,1,2026-09-28,accepted,,
crs-flow-oecd-crs-energy-idn-2013-q-2026-09-28-md-6183667,line,oecd-crs-energy-idn-2013-q-2026-09-28-md-6183667,money,flow,disbursement,unknown,14761,,,USD,USD,,,oecd-crs-energy-idn-2013-q-2026-09-28-md-6183667,oecd_crs_energy_microdata,1,2026-09-28,accepted,,"OECD Q value already in 2024 constant USD; UNIT_MULT applied, no FX or deflator rate applied"
crs-marker-biodiversity-oecd-crs-energy-idn-2013-q-2026-09-28-md-6183667,line,oecd-crs-energy-idn-2013-q-2026-09-28-md-6183667,,marker,,,0,,,,,0,biodiversity,oecd-crs-energy-idn-2013-q-2026-09-28-md-6183667,oecd_crs_energy_microdata,1,2026-09-28,accepted,,
crs-marker-mitigation-oecd-crs-energy-idn-2013-q-2026-09-28-md-6183667,line,oecd-crs-energy-idn-2013-q-2026-09-28-md-6183667,,marker,,,0,,,,,0,mitigation,oecd-crs-energy-idn-2013-q-2026-09-28-md-6183667,oecd_crs_energy_microdata,1,2026-09-28,accepted,,
crs-marker-adaptation-oecd-crs-energy-idn-2013-q-2026-09-28-md-6183667,line,oecd-crs-energy-idn-2013-q-2026-09-28-md-6183667,,marker,,,0,,,,,0,adaptation,oecd-crs-energy-idn-2013-q-2026-09-28-md-6183667,oecd_crs_energy_microdata,1,2026-09-28,accepted,,
crs-marker-desertification-oecd-crs-energy-idn-2013-q-2026-09-28-md-6183667,line,oecd-crs-energy-idn-2013-q-2026-09-28-md-6183667,,marker,,,0,,,,,0,desertification,oecd-crs-energy-idn-2013-q-2026-09-28-md-6183667,oecd_crs_energy_microdata,1,2026-09-28,accepted,,
crs-flow-oecd-crs-energy-idn-2013-q-2026-09-28-md-5839152,line,oecd-crs-energy-idn-2013-q-2026-09-28-md-5839152,money,flow,commitment,unknown,14761,,,USD,USD,,,oecd-crs-energy-idn-2013-q-2026-09-28-md-5839152,oecd_crs_energy_microdata,1,2026-09-28,accepted,,"OECD Q value already in 2024 constant USD; UNIT_MULT applied, no FX or deflator rate applied"
crs-marker-biodiversity-oecd-crs-energy-idn-2013-q-2026-09-28-md-5839152,line,oecd-crs-energy-idn-2013-q-2026-09-28-md-5839152,,marker,,,0,,,,,0,biodiversity,oecd-crs-energy-idn-2013-q-2026-09-28-md-5839152,oecd_crs_energy_microdata,1,2026-09-28,accepted,,
crs-marker-mitigation-oecd-crs-energy-idn-2013-q-2026-09-28-md-5839152,line,oecd-crs-energy-idn-2013-q-2026-09-28-md-5839152,,marker,,,0,,,,,0,mitigation,oecd-crs-energy-idn-2013-q-2026-09-28-md-5839152,oecd_crs_energy_microdata,1,2026-09-28,accepted,,
crs-marker-adaptation-oecd-crs-energy-idn-2013-q-2026-09-28-md-5839152,line,oecd-crs-energy-idn-2013-q-2026-09-28-md-5839152,,marker,,,0,,,,,0,adaptation,oecd-crs-energy-idn-2013-q-2026-09-28-md-5839152,oecd_crs_energy_microdata,1,2026-09-28,accepted,,
crs-marker-desertification-oecd-crs-energy-idn-2013-q-2026-09-28-md-5839152,line,oecd-crs-energy-idn-2013-q-2026-09-28-md-5839152,,marker,,,0,,,,,0,desertification,oecd-crs-energy-idn-2013-q-2026-09-28-md-5839152,oecd_crs_energy_microdata,1,2026-09-28,accepted,,
crs-flow-oecd-crs-energy-idn-2013-q-2026-09-28-md-6134376,line,oecd-crs-energy-idn-2013-q-2026-09-28-md-6134376,money,flow,disbursement,unknown,48715,,,USD,USD,,,oecd-crs-energy-idn-2013-q-2026-09-28-md-6134376,oecd_crs_energy_microdata,1,2026-09-28,accepted,,"OECD Q value already in 2024 constant USD; UNIT_MULT applied, no FX or deflator rate applied"
crs-marker-biodiversity-oecd-crs-energy-idn-2013-q-2026-09-28-md-6134376,line,oecd-crs-energy-idn-2013-q-2026-09-28-md-6134376,,marker,,,0,,,,,0,biodiversity,oecd-crs-energy-idn-2013-q-2026-09-28-md-6134376,oecd_crs_energy_microdata,1,2026-09-28,accepted,,
crs-marker-mitigation-oecd-crs-energy-idn-2013-q-2026-09-28-md-6134376,line,oecd-crs-energy-idn-2013-q-2026-09-28-md-6134376,,marker,,,1,,,,,1,mitigation,oecd-crs-energy-idn-2013-q-2026-09-28-md-6134376,oecd_crs_energy_microdata,1,2026-09-28,accepted,,
crs-marker-adaptation-oecd-crs-energy-idn-2013-q-2026-09-28-md-6134376,line,oecd-crs-energy-idn-2013-q-2026-09-28-md-6134376,,marker,,,0,,,,,0,adaptation,oecd-crs-energy-idn-2013-q-2026-09-28-md-6134376,oecd_crs_energy_microdata,1,2026-09-28,accepted,,
crs-marker-desertification-oecd-crs-energy-idn-2013-q-2026-09-28-md-6134376,line,oecd-crs-energy-idn-2013-q-2026-09-28-md-6134376,,marker,,,0,,,,,0,desertification,oecd-crs-energy-idn-2013-q-2026-09-28-md-6134376,oecd_crs_energy_microdata,1,2026-09-28,accepted,,
crs-flow-oecd-crs-energy-idn-2013-q-2026-09-28-md-5796265,line,oecd-crs-energy-idn-2013-q-2026-09-28-md-5796265,money,flow,commitment,unknown,48715,,,USD,USD,,,oecd-crs-energy-idn-2013-q-2026-09-28-md-5796265,oecd_crs_energy_microdata,1,2026-09-28,accepted,,"OECD Q value already in 2024 constant USD; UNIT_MULT applied, no FX or deflator rate applied"
crs-marker-biodiversity-oecd-crs-energy-idn-2013-q-2026-09-28-md-5796265,line,oecd-crs-energy-idn-2013-q-2026-09-28-md-5796265,,marker,,,0,,,,,0,biodiversity,oecd-crs-energy-idn-2013-q-2026-09-28-md-5796265,oecd_crs_energy_microdata,1,2026-09-28,accepted,,
crs-marker-mitigation-oecd-crs-energy-idn-2013-q-2026-09-28-md-5796265,line,oecd-crs-energy-idn-2013-q-2026-09-28-md-5796265,,marker,,,1,,,,,1,mitigation,oecd-crs-energy-idn-2013-q-2026-09-28-md-5796265,oecd_crs_energy_microdata,1,2026-09-28,accepted,,
crs-marker-adaptation-oecd-crs-energy-idn-2013-q-2026-09-28-md-5796265,line,oecd-crs-energy-idn-2013-q-2026-09-28-md-5796265,,marker,,,0,,,,,0,adaptation,oecd-crs-energy-idn-2013-q-2026-09-28-md-5796265,oecd_crs_energy_microdata,1,2026-09-28,accepted,,
crs-marker-desertification-oecd-crs-energy-idn-2013-q-2026-09-28-md-5796265,line,oecd-crs-energy-idn-2013-q-2026-09-28-md-5796265,,marker,,,0,,,,,0,desertification,oecd-crs-energy-idn-2013-q-2026-09-28-md-5796265,oecd_crs_energy_microdata,1,2026-09-28,accepted,,
crs-flow-oecd-crs-energy-idn-2013-q-2026-09-28-md-6081072,line,oecd-crs-energy-idn-2013-q-2026-09-28-md-6081072,money,flow,disbursement,unknown,65986,,,USD,USD,,,oecd-crs-energy-idn-2013-q-2026-09-28-md-6081072,oecd_crs_energy_microdata,1,2026-09-28,accepted,,"OECD Q value already in 2024 constant USD; UNIT_MULT applied, no FX or deflator rate applied"
crs-marker-biodiversity-oecd-crs-energy-idn-2013-q-2026-09-28-md-6081072,line,oecd-crs-energy-idn-2013-q-2026-09-28-md-6081072,,marker,,,0,,,,,0,biodiversity,oecd-crs-energy-idn-2013-q-2026-09-28-md-6081072,oecd_crs_energy_microdata,1,2026-09-28,accepted,,
crs-marker-mitigation-oecd-crs-energy-idn-2013-q-2026-09-28-md-6081072,line,oecd-crs-energy-idn-2013-q-2026-09-28-md-6081072,,marker,,,2,,,,,2,mitigation,oecd-crs-energy-idn-2013-q-2026-09-28-md-6081072,oecd_crs_energy_microdata,1,2026-09-28,accepted,,
crs-marker-adaptation-oecd-crs-energy-idn-2013-q-2026-09-28-md-6081072,line,oecd-crs-energy-idn-2013-q-2026-09-28-md-6081072,,marker,,,1,,,,,1,adaptation,oecd-crs-energy-idn-2013-q-2026-09-28-md-6081072,oecd_crs_energy_microdata,1,2026-09-28,accepted,,
crs-marker-desertification-oecd-crs-energy-idn-2013-q-2026-09-28-md-6081072,line,oecd-crs-energy-idn-2013-q-2026-09-28-md-6081072,,marker,,,0,,,,,0,desertification,oecd-crs-energy-idn-2013-q-2026-09-28-md-6081072,oecd_crs_energy_microdata,1,2026-09-28,accepted,,
crs-flow-oecd-crs-energy-idn-2013-q-2026-09-28-md-5762276,line,oecd-crs-energy-idn-2013-q-2026-09-28-md-5762276,money,flow,commitment,unknown,65986,,,USD,USD,,,oecd-crs-energy-idn-2013-q-2026-09-28-md-5762276,oecd_crs_energy_microdata,1,2026-09-28,accepted,,"OECD Q value already in 2024 constant USD; UNIT_MULT applied, no FX or deflator rate applied"
crs-marker-biodiversity-oecd-crs-energy-idn-2013-q-2026-09-28-md-5762276,line,oecd-crs-energy-idn-2013-q-2026-09-28-md-5762276,,marker,,,0,,,,,0,biodiversity,oecd-crs-energy-idn-2013-q-2026-09-28-md-5762276,oecd_crs_energy_microdata,1,2026-09-28,accepted,,
crs-marker-mitigation-oecd-crs-energy-idn-2013-q-2026-09-28-md-5762276,line,oecd-crs-energy-idn-2013-q-2026-09-28-md-5762276,,marker,,,2,,,,,2,mitigation,oecd-crs-energy-idn-2013-q-2026-09-28-md-5762276,oecd_crs_energy_microdata,1,2026-09-28,accepted,,
crs-marker-adaptation-oecd-crs-energy-idn-2013-q-2026-09-28-md-5762276,line,oecd-crs-energy-idn-2013-q-2026-09-28-md-5762276,,marker,,,1,,,,,1,adaptation,oecd-crs-energy-idn-2013-q-2026-09-28-md-5762276,oecd_crs_energy_microdata,1,2026-09-28,accepted,,
crs-marker-desertification-oecd-crs-energy-idn-2013-q-2026-09-28-md-5762276,line,oecd-crs-energy-idn-2013-q-2026-09-28-md-5762276,,marker,,,0,,,,,0,desertification,oecd-crs-energy-idn-2013-q-2026-09-28-md-5762276,oecd_crs_energy_microdata,1,2026-09-28,accepted,,
crs-flow-oecd-crs-energy-idn-2013-q-2026-09-28-md-5803589,line,oecd-crs-energy-idn-2013-q-2026-09-28-md-5803589,money,flow,commitment,unknown,64661,,,USD,USD,,,oecd-crs-energy-idn-2013-q-2026-09-28-md-5803589,oecd_crs_energy_microdata,1,2026-09-28,accepted,,"OECD Q value already in 2024 constant USD; UNIT_MULT applied, no FX or deflator rate applied"
crs-marker-biodiversity-oecd-crs-energy-idn-2013-q-2026-09-28-md-5803589,line,oecd-crs-energy-idn-2013-q-2026-09-28-md-5803589,,marker,,,0,,,,,0,biodiversity,oecd-crs-energy-idn-2013-q-2026-09-28-md-5803589,oecd_crs_energy_microdata,1,2026-09-28,accepted,,
crs-marker-mitigation-oecd-crs-energy-idn-2013-q-2026-09-28-md-5803589,line,oecd-crs-energy-idn-2013-q-2026-09-28-md-5803589,,marker,,,1,,,,,1,mitigation,oecd-crs-energy-idn-2013-q-2026-09-28-md-5803589,oecd_crs_energy_microdata,1,2026-09-28,accepted,,
crs-marker-adaptation-oecd-crs-energy-idn-2013-q-2026-09-28-md-5803589,line,oecd-crs-energy-idn-2013-q-2026-09-28-md-5803589,,marker,,,1,,,,,1,adaptation,oecd-crs-energy-idn-2013-q-2026-09-28-md-5803589,oecd_crs_energy_microdata,1,2026-09-28,accepted,,
crs-marker-desertification-oecd-crs-energy-idn-2013-q-2026-09-28-md-5803589,line,oecd-crs-energy-idn-2013-q-2026-09-28-md-5803589,,marker,,,0,,,,,0,desertification,oecd-crs-energy-idn-2013-q-2026-09-28-md-5803589,oecd_crs_energy_microdata,1,2026-09-28,accepted,,
crs-flow-oecd-crs-energy-idn-2013-q-2026-09-28-md-6143304,line,oecd-crs-energy-idn-2013-q-2026-09-28-md-6143304,money,flow,disbursement,unknown,64661,,,USD,USD,,,oecd-crs-energy-idn-2013-q-2026-09-28-md-6143304,oecd_crs_energy_microdata,1,2026-09-28,accepted,,"OECD Q value already in 2024 constant USD; UNIT_MULT applied, no FX or deflator rate applied"
crs-marker-biodiversity-oecd-crs-energy-idn-2013-q-2026-09-28-md-6143304,line,oecd-crs-energy-idn-2013-q-2026-09-28-md-6143304,,marker,,,0,,,,,0,biodiversity,oecd-crs-energy-idn-2013-q-2026-09-28-md-6143304,oecd_crs_energy_microdata,1,2026-09-28,accepted,,
crs-marker-mitigation-oecd-crs-energy-idn-2013-q-2026-09-28-md-6143304,line,oecd-crs-energy-idn-2013-q-2026-09-28-md-6143304,,marker,,,1,,,,,1,mitigation,oecd-crs-energy-idn-2013-q-2026-09-28-md-6143304,oecd_crs_energy_microdata,1,2026-09-28,accepted,,
crs-marker-adaptation-oecd-crs-energy-idn-2013-q-2026-09-28-md-6143304,line,oecd-crs-energy-idn-2013-q-2026-09-28-md-6143304,,marker,,,1,,,,,1,adaptation,oecd-crs-energy-idn-2013-q-2026-09-28-md-6143304,oecd_crs_energy_microdata,1,2026-09-28,accepted,,
crs-marker-desertification-oecd-crs-energy-idn-2013-q-2026-09-28-md-6143304,line,oecd-crs-energy-idn-2013-q-2026-09-28-md-6143304,,marker,,,0,,,,,0,desertification,oecd-crs-energy-idn-2013-q-2026-09-28-md-6143304,oecd_crs_energy_microdata,1,2026-09-28,accepted,,
crs-flow-oecd-crs-energy-idn-2013-q-2026-09-28-md-6139703,line,oecd-crs-energy-idn-2013-q-2026-09-28-md-6139703,money,flow,disbursement,unknown,53805,,,USD,USD,,,oecd-crs-energy-idn-2013-q-2026-09-28-md-6139703,oecd_crs_energy_microdata,1,2026-09-28,accepted,,"OECD Q value already in 2024 constant USD; UNIT_MULT applied, no FX or deflator rate applied"
crs-marker-biodiversity-oecd-crs-energy-idn-2013-q-2026-09-28-md-6139703,line,oecd-crs-energy-idn-2013-q-2026-09-28-md-6139703,,marker,,,0,,,,,0,biodiversity,oecd-crs-energy-idn-2013-q-2026-09-28-md-6139703,oecd_crs_energy_microdata,1,2026-09-28,accepted,,
crs-marker-mitigation-oecd-crs-energy-idn-2013-q-2026-09-28-md-6139703,line,oecd-crs-energy-idn-2013-q-2026-09-28-md-6139703,,marker,,,1,,,,,1,mitigation,oecd-crs-energy-idn-2013-q-2026-09-28-md-6139703,oecd_crs_energy_microdata,1,2026-09-28,accepted,,
crs-marker-adaptation-oecd-crs-energy-idn-2013-q-2026-09-28-md-6139703,line,oecd-crs-energy-idn-2013-q-2026-09-28-md-6139703,,marker,,,0,,,,,0,adaptation,oecd-crs-energy-idn-2013-q-2026-09-28-md-6139703,oecd_crs_energy_microdata,1,2026-09-28,accepted,,
crs-marker-desertification-oecd-crs-energy-idn-2013-q-2026-09-28-md-6139703,line,oecd-crs-energy-idn-2013-q-2026-09-28-md-6139703,,marker,,,0,,,,,0,desertification,oecd-crs-energy-idn-2013-q-2026-09-28-md-6139703,oecd_crs_energy_microdata,1,2026-09-28,accepted,,
crs-flow-oecd-crs-energy-idn-2013-q-2026-09-28-md-5799904,line,oecd-crs-energy-idn-2013-q-2026-09-28-md-5799904,money,flow,commitment,unknown,53805,,,USD,USD,,,oecd-crs-energy-idn-2013-q-2026-09-28-md-5799904,oecd_crs_energy_microdata,1,2026-09-28,accepted,,"OECD Q value already in 2024 constant USD; UNIT_MULT applied, no FX or deflator rate applied"
crs-marker-biodiversity-oecd-crs-energy-idn-2013-q-2026-09-28-md-5799904,line,oecd-crs-energy-idn-2013-q-2026-09-28-md-5799904,,marker,,,0,,,,,0,biodiversity,oecd-crs-energy-idn-2013-q-2026-09-28-md-5799904,oecd_crs_energy_microdata,1,2026-09-28,accepted,,
crs-marker-mitigation-oecd-crs-energy-idn-2013-q-2026-09-28-md-5799904,line,oecd-crs-energy-idn-2013-q-2026-09-28-md-5799904,,marker,,,1,,,,,1,mitigation,oecd-crs-energy-idn-2013-q-2026-09-28-md-5799904,oecd_crs_energy_microdata,1,2026-09-28,accepted,,
crs-marker-adaptation-oecd-crs-energy-idn-2013-q-2026-09-28-md-5799904,line,oecd-crs-energy-idn-2013-q-2026-09-28-md-5799904,,marker,,,0,,,,,0,adaptation,oecd-crs-energy-idn-2013-q-2026-09-28-md-5799904,oecd_crs_energy_microdata,1,2026-09-28,accepted,,
crs-marker-desertification-oecd-crs-energy-idn-2013-q-2026-09-28-md-5799904,line,oecd-crs-energy-idn-2013-q-2026-09-28-md-5799904,,marker,,,0,,,,,0,desertification,oecd-crs-energy-idn-2013-q-2026-09-28-md-5799904,oecd_crs_energy_microdata,1,2026-09-28,accepted,,
crs-flow-oecd-crs-energy-idn-2013-q-2026-09-28-md-6110059,line,oecd-crs-energy-idn-2013-q-2026-09-28-md-6110059,money,flow,disbursement,unknown,13319,,,USD,USD,,,oecd-crs-energy-idn-2013-q-2026-09-28-md-6110059,oecd_crs_energy_microdata,1,2026-09-28,accepted,,"OECD Q value already in 2024 constant USD; UNIT_MULT applied, no FX or deflator rate applied"
crs-marker-biodiversity-oecd-crs-energy-idn-2013-q-2026-09-28-md-6110059,line,oecd-crs-energy-idn-2013-q-2026-09-28-md-6110059,,marker,,,0,,,,,0,biodiversity,oecd-crs-energy-idn-2013-q-2026-09-28-md-6110059,oecd_crs_energy_microdata,1,2026-09-28,accepted,,
crs-marker-mitigation-oecd-crs-energy-idn-2013-q-2026-09-28-md-6110059,line,oecd-crs-energy-idn-2013-q-2026-09-28-md-6110059,,marker,,,0,,,,,0,mitigation,oecd-crs-energy-idn-2013-q-2026-09-28-md-6110059,oecd_crs_energy_microdata,1,2026-09-28,accepted,,
crs-marker-adaptation-oecd-crs-energy-idn-2013-q-2026-09-28-md-6110059,line,oecd-crs-energy-idn-2013-q-2026-09-28-md-6110059,,marker,,,0,,,,,0,adaptation,oecd-crs-energy-idn-2013-q-2026-09-28-md-6110059,oecd_crs_energy_microdata,1,2026-09-28,accepted,,
crs-marker-desertification-oecd-crs-energy-idn-2013-q-2026-09-28-md-6110059,line,oecd-crs-energy-idn-2013-q-2026-09-28-md-6110059,,marker,,,0,,,,,0,desertification,oecd-crs-energy-idn-2013-q-2026-09-28-md-6110059,oecd_crs_energy_microdata,1,2026-09-28,accepted,,
crs-flow-oecd-crs-energy-idn-2013-q-2026-09-28-md-6175334,line,oecd-crs-energy-idn-2013-q-2026-09-28-md-6175334,money,flow,disbursement,unknown,180755,,,USD,USD,,,oecd-crs-energy-idn-2013-q-2026-09-28-md-6175334,oecd_crs_energy_microdata,1,2026-09-28,accepted,,"OECD Q value already in 2024 constant USD; UNIT_MULT applied, no FX or deflator rate applied"
crs-marker-biodiversity-oecd-crs-energy-idn-2013-q-2026-09-28-md-6175334,line,oecd-crs-energy-idn-2013-q-2026-09-28-md-6175334,,marker,,,0,,,,,0,biodiversity,oecd-crs-energy-idn-2013-q-2026-09-28-md-6175334,oecd_crs_energy_microdata,1,2026-09-28,accepted,,
crs-marker-mitigation-oecd-crs-energy-idn-2013-q-2026-09-28-md-6175334,line,oecd-crs-energy-idn-2013-q-2026-09-28-md-6175334,,marker,,,0,,,,,0,mitigation,oecd-crs-energy-idn-2013-q-2026-09-28-md-6175334,oecd_crs_energy_microdata,1,2026-09-28,accepted,,
crs-marker-adaptation-oecd-crs-energy-idn-2013-q-2026-09-28-md-6175334,line,oecd-crs-energy-idn-2013-q-2026-09-28-md-6175334,,marker,,,0,,,,,0,adaptation,oecd-crs-energy-idn-2013-q-2026-09-28-md-6175334,oecd_crs_energy_microdata,1,2026-09-28,accepted,,
crs-marker-desertification-oecd-crs-energy-idn-2013-q-2026-09-28-md-6175334,line,oecd-crs-energy-idn-2013-q-2026-09-28-md-6175334,,marker,,,0,,,,,0,desertification,oecd-crs-energy-idn-2013-q-2026-09-28-md-6175334,oecd_crs_energy_microdata,1,2026-09-28,accepted,,
crs-flow-oecd-crs-energy-idn-2013-q-2026-09-28-md-6160834,line,oecd-crs-energy-idn-2013-q-2026-09-28-md-6160834,money,flow,disbursement,unknown,4574,,,USD,USD,,,oecd-crs-energy-idn-2013-q-2026-09-28-md-6160834,oecd_crs_energy_microdata,1,2026-09-28,accepted,,"OECD Q value already in 2024 constant USD; UNIT_MULT applied, no FX or deflator rate applied"
crs-marker-biodiversity-oecd-crs-energy-idn-2013-q-2026-09-28-md-6160834,line,oecd-crs-energy-idn-2013-q-2026-09-28-md-6160834,,marker,,,,,,,,not_screened,biodiversity,oecd-crs-energy-idn-2013-q-2026-09-28-md-6160834,oecd_crs_energy_microdata,1,2026-09-28,accepted,,
crs-marker-mitigation-oecd-crs-energy-idn-2013-q-2026-09-28-md-6160834,line,oecd-crs-energy-idn-2013-q-2026-09-28-md-6160834,,marker,,,,,,,,not_screened,mitigation,oecd-crs-energy-idn-2013-q-2026-09-28-md-6160834,oecd_crs_energy_microdata,1,2026-09-28,accepted,,
crs-marker-adaptation-oecd-crs-energy-idn-2013-q-2026-09-28-md-6160834,line,oecd-crs-energy-idn-2013-q-2026-09-28-md-6160834,,marker,,,,,,,,not_screened,adaptation,oecd-crs-energy-idn-2013-q-2026-09-28-md-6160834,oecd_crs_energy_microdata,1,2026-09-28,accepted,,
crs-marker-desertification-oecd-crs-energy-idn-2013-q-2026-09-28-md-6160834,line,oecd-crs-energy-idn-2013-q-2026-09-28-md-6160834,,marker,,,,,,,,not_screened,desertification,oecd-crs-energy-idn-2013-q-2026-09-28-md-6160834,oecd_crs_energy_microdata,1,2026-09-28,accepted,,
crs-flow-oecd-crs-energy-idn-2013-q-2026-09-28-md-5825402,line,oecd-crs-energy-idn-2013-q-2026-09-28-md-5825402,money,flow,commitment,unknown,4649,,,USD,USD,,,oecd-crs-energy-idn-2013-q-2026-09-28-md-5825402,oecd_crs_energy_microdata,1,2026-09-28,accepted,,"OECD Q value already in 2024 constant USD; UNIT_MULT applied, no FX or deflator rate applied"
crs-marker-biodiversity-oecd-crs-energy-idn-2013-q-2026-09-28-md-5825402,line,oecd-crs-energy-idn-2013-q-2026-09-28-md-5825402,,marker,,,,,,,,not_screened,biodiversity,oecd-crs-energy-idn-2013-q-2026-09-28-md-5825402,oecd_crs_energy_microdata,1,2026-09-28,accepted,,
crs-marker-mitigation-oecd-crs-energy-idn-2013-q-2026-09-28-md-5825402,line,oecd-crs-energy-idn-2013-q-2026-09-28-md-5825402,,marker,,,,,,,,not_screened,mitigation,oecd-crs-energy-idn-2013-q-2026-09-28-md-5825402,oecd_crs_energy_microdata,1,2026-09-28,accepted,,
crs-marker-adaptation-oecd-crs-energy-idn-2013-q-2026-09-28-md-5825402,line,oecd-crs-energy-idn-2013-q-2026-09-28-md-5825402,,marker,,,,,,,,not_screened,adaptation,oecd-crs-energy-idn-2013-q-2026-09-28-md-5825402,oecd_crs_energy_microdata,1,2026-09-28,accepted,,
crs-marker-desertification-oecd-crs-energy-idn-2013-q-2026-09-28-md-5825402,line,oecd-crs-energy-idn-2013-q-2026-09-28-md-5825402,,marker,,,,,,,,not_screened,desertification,oecd-crs-energy-idn-2013-q-2026-09-28-md-5825402,oecd_crs_energy_microdata,1,2026-09-28,accepted,,
crs-flow-oecd-crs-energy-idn-2013-q-2026-09-28-md-5825401,line,oecd-crs-energy-idn-2013-q-2026-09-28-md-5825401,money,flow,commitment,unknown,4306,,,USD,USD,,,oecd-crs-energy-idn-2013-q-2026-09-28-md-5825401,oecd_crs_energy_microdata,1,2026-09-28,accepted,,"OECD Q value already in 2024 constant USD; UNIT_MULT applied, no FX or deflator rate applied"
crs-marker-biodiversity-oecd-crs-energy-idn-2013-q-2026-09-28-md-5825401,line,oecd-crs-energy-idn-2013-q-2026-09-28-md-5825401,,marker,,,,,,,,not_screened,biodiversity,oecd-crs-energy-idn-2013-q-2026-09-28-md-5825401,oecd_crs_energy_microdata,1,2026-09-28,accepted,,
crs-marker-mitigation-oecd-crs-energy-idn-2013-q-2026-09-28-md-5825401,line,oecd-crs-energy-idn-2013-q-2026-09-28-md-5825401,,marker,,,,,,,,not_screened,mitigation,oecd-crs-energy-idn-2013-q-2026-09-28-md-5825401,oecd_crs_energy_microdata,1,2026-09-28,accepted,,
crs-marker-adaptation-oecd-crs-energy-idn-2013-q-2026-09-28-md-5825401,line,oecd-crs-energy-idn-2013-q-2026-09-28-md-5825401,,marker,,,,,,,,not_screened,adaptation,oecd-crs-energy-idn-2013-q-2026-09-28-md-5825401,oecd_crs_energy_microdata,1,2026-09-28,accepted,,
crs-marker-desertification-oecd-crs-energy-idn-2013-q-2026-09-28-md-5825401,line,oecd-crs-energy-idn-2013-q-2026-09-28-md-5825401,,marker,,,,,,,,not_screened,desertification,oecd-crs-energy-idn-2013-q-2026-09-28-md-5825401,oecd_crs_energy_microdata,1,2026-09-28,accepted,,
crs-flow-oecd-crs-energy-idn-2013-q-2026-09-28-md-6160833,line,oecd-crs-energy-idn-2013-q-2026-09-28-md-6160833,money,flow,disbursement,unknown,4236,,,USD,USD,,,oecd-crs-energy-idn-2013-q-2026-09-28-md-6160833,oecd_crs_energy_microdata,1,2026-09-28,accepted,,"OECD Q value already in 2024 constant USD; UNIT_MULT applied, no FX or deflator rate applied"
crs-marker-biodiversity-oecd-crs-energy-idn-2013-q-2026-09-28-md-6160833,line,oecd-crs-energy-idn-2013-q-2026-09-28-md-6160833,,marker,,,,,,,,not_screened,biodiversity,oecd-crs-energy-idn-2013-q-2026-09-28-md-6160833,oecd_crs_energy_microdata,1,2026-09-28,accepted,,
crs-marker-mitigation-oecd-crs-energy-idn-2013-q-2026-09-28-md-6160833,line,oecd-crs-energy-idn-2013-q-2026-09-28-md-6160833,,marker,,,,,,,,not_screened,mitigation,oecd-crs-energy-idn-2013-q-2026-09-28-md-6160833,oecd_crs_energy_microdata,1,2026-09-28,accepted,,
crs-marker-adaptation-oecd-crs-energy-idn-2013-q-2026-09-28-md-6160833,line,oecd-crs-energy-idn-2013-q-2026-09-28-md-6160833,,marker,,,,,,,,not_screened,adaptation,oecd-crs-energy-idn-2013-q-2026-09-28-md-6160833,oecd_crs_energy_microdata,1,2026-09-28,accepted,,
crs-marker-desertification-oecd-crs-energy-idn-2013-q-2026-09-28-md-6160833,line,oecd-crs-energy-idn-2013-q-2026-09-28-md-6160833,,marker,,,,,,,,not_screened,desertification,oecd-crs-energy-idn-2013-q-2026-09-28-md-6160833,oecd_crs_energy_microdata,1,2026-09-28,accepted,,
crs-flow-oecd-crs-energy-idn-2013-q-2026-09-28-md-6158899,line,oecd-crs-energy-idn-2013-q-2026-09-28-md-6158899,money,flow,disbursement,unknown,39758,,,USD,USD,,,oecd-crs-energy-idn-2013-q-2026-09-28-md-6158899,oecd_crs_energy_microdata,1,2026-09-28,accepted,,"OECD Q value already in 2024 constant USD; UNIT_MULT applied, no FX or deflator rate applied"
crs-marker-biodiversity-oecd-crs-energy-idn-2013-q-2026-09-28-md-6158899,line,oecd-crs-energy-idn-2013-q-2026-09-28-md-6158899,,marker,,,,,,,,not_screened,biodiversity,oecd-crs-energy-idn-2013-q-2026-09-28-md-6158899,oecd_crs_energy_microdata,1,2026-09-28,accepted,,
crs-marker-mitigation-oecd-crs-energy-idn-2013-q-2026-09-28-md-6158899,line,oecd-crs-energy-idn-2013-q-2026-09-28-md-6158899,,marker,,,,,,,,not_screened,mitigation,oecd-crs-energy-idn-2013-q-2026-09-28-md-6158899,oecd_crs_energy_microdata,1,2026-09-28,accepted,,
crs-marker-adaptation-oecd-crs-energy-idn-2013-q-2026-09-28-md-6158899,line,oecd-crs-energy-idn-2013-q-2026-09-28-md-6158899,,marker,,,,,,,,not_screened,adaptation,oecd-crs-energy-idn-2013-q-2026-09-28-md-6158899,oecd_crs_energy_microdata,1,2026-09-28,accepted,,
crs-marker-desertification-oecd-crs-energy-idn-2013-q-2026-09-28-md-6158899,line,oecd-crs-energy-idn-2013-q-2026-09-28-md-6158899,,marker,,,,,,,,not_screened,desertification,oecd-crs-energy-idn-2013-q-2026-09-28-md-6158899,oecd_crs_energy_microdata,1,2026-09-28,accepted,,
crs-flow-oecd-crs-energy-idn-2013-q-2026-09-28-md-5823518,line,oecd-crs-energy-idn-2013-q-2026-09-28-md-5823518,money,flow,commitment,unknown,40408,,,USD,USD,,,oecd-crs-energy-idn-2013-q-2026-09-28-md-5823518,oecd_crs_energy_microdata,1,2026-09-28,accepted,,"OECD Q value already in 2024 constant USD; UNIT_MULT applied, no FX or deflator rate applied"
crs-marker-biodiversity-oecd-crs-energy-idn-2013-q-2026-09-28-md-5823518,line,oecd-crs-energy-idn-2013-q-2026-09-28-md-5823518,,marker,,,,,,,,not_screened,biodiversity,oecd-crs-energy-idn-2013-q-2026-09-28-md-5823518,oecd_crs_energy_microdata,1,2026-09-28,accepted,,
crs-marker-mitigation-oecd-crs-energy-idn-2013-q-2026-09-28-md-5823518,line,oecd-crs-energy-idn-2013-q-2026-09-28-md-5823518,,marker,,,,,,,,not_screened,mitigation,oecd-crs-energy-idn-2013-q-2026-09-28-md-5823518,oecd_crs_energy_microdata,1,2026-09-28,accepted,,
crs-marker-adaptation-oecd-crs-energy-idn-2013-q-2026-09-28-md-5823518,line,oecd-crs-energy-idn-2013-q-2026-09-28-md-5823518,,marker,,,,,,,,not_screened,adaptation,oecd-crs-energy-idn-2013-q-2026-09-28-md-5823518,oecd_crs_energy_microdata,1,2026-09-28,accepted,,
crs-marker-desertification-oecd-crs-energy-idn-2013-q-2026-09-28-md-5823518,line,oecd-crs-energy-idn-2013-q-2026-09-28-md-5823518,,marker,,,,,,,,not_screened,desertification,oecd-crs-energy-idn-2013-q-2026-09-28-md-5823518,oecd_crs_energy_microdata,1,2026-09-28,accepted,,
crs-flow-oecd-crs-energy-idn-2013-q-2026-09-28-md-6228605,line,oecd-crs-energy-idn-2013-q-2026-09-28-md-6228605,money,flow,disbursement,unknown,580593,,,USD,USD,,,oecd-crs-energy-idn-2013-q-2026-09-28-md-6228605,oecd_crs_energy_microdata,1,2026-09-28,accepted,,"OECD Q value already in 2024 constant USD; UNIT_MULT applied, no FX or deflator rate applied"
crs-marker-biodiversity-oecd-crs-energy-idn-2013-q-2026-09-28-md-6228605,line,oecd-crs-energy-idn-2013-q-2026-09-28-md-6228605,,marker,,,0,,,,,0,biodiversity,oecd-crs-energy-idn-2013-q-2026-09-28-md-6228605,oecd_crs_energy_microdata,1,2026-09-28,accepted,,
crs-marker-mitigation-oecd-crs-energy-idn-2013-q-2026-09-28-md-6228605,line,oecd-crs-energy-idn-2013-q-2026-09-28-md-6228605,,marker,,,2,,,,,2,mitigation,oecd-crs-energy-idn-2013-q-2026-09-28-md-6228605,oecd_crs_energy_microdata,1,2026-09-28,accepted,,
crs-marker-adaptation-oecd-crs-energy-idn-2013-q-2026-09-28-md-6228605,line,oecd-crs-energy-idn-2013-q-2026-09-28-md-6228605,,marker,,,0,,,,,0,adaptation,oecd-crs-energy-idn-2013-q-2026-09-28-md-6228605,oecd_crs_energy_microdata,1,2026-09-28,accepted,,
crs-marker-desertification-oecd-crs-energy-idn-2013-q-2026-09-28-md-6228605,line,oecd-crs-energy-idn-2013-q-2026-09-28-md-6228605,,marker,,,0,,,,,0,desertification,oecd-crs-energy-idn-2013-q-2026-09-28-md-6228605,oecd_crs_energy_microdata,1,2026-09-28,accepted,,
crs-flow-oecd-crs-energy-idn-2013-q-2026-09-28-md-5872771,line,oecd-crs-energy-idn-2013-q-2026-09-28-md-5872771,money,flow,commitment,unknown,590086,,,USD,USD,,,oecd-crs-energy-idn-2013-q-2026-09-28-md-5872771,oecd_crs_energy_microdata,1,2026-09-28,accepted,,"OECD Q value already in 2024 constant USD; UNIT_MULT applied, no FX or deflator rate applied"
crs-marker-biodiversity-oecd-crs-energy-idn-2013-q-2026-09-28-md-5872771,line,oecd-crs-energy-idn-2013-q-2026-09-28-md-5872771,,marker,,,0,,,,,0,biodiversity,oecd-crs-energy-idn-2013-q-2026-09-28-md-5872771,oecd_crs_energy_microdata,1,2026-09-28,accepted,,
crs-marker-mitigation-oecd-crs-energy-idn-2013-q-2026-09-28-md-5872771,line,oecd-crs-energy-idn-2013-q-2026-09-28-md-5872771,,marker,,,2,,,,,2,mitigation,oecd-crs-energy-idn-2013-q-2026-09-28-md-5872771,oecd_crs_energy_microdata,1,2026-09-28,accepted,,
crs-marker-adaptation-oecd-crs-energy-idn-2013-q-2026-09-28-md-5872771,line,oecd-crs-energy-idn-2013-q-2026-09-28-md-5872771,,marker,,,0,,,,,0,adaptation,oecd-crs-energy-idn-2013-q-2026-09-28-md-5872771,oecd_crs_energy_microdata,1,2026-09-28,accepted,,
crs-marker-desertification-oecd-crs-energy-idn-2013-q-2026-09-28-md-5872771,line,oecd-crs-energy-idn-2013-q-2026-09-28-md-5872771,,marker,,,0,,,,,0,desertification,oecd-crs-energy-idn-2013-q-2026-09-28-md-5872771,oecd_crs_energy_microdata,1,2026-09-28,accepted,,
crs-flow-oecd-crs-energy-idn-2013-q-2026-09-28-md-5874395,line,oecd-crs-energy-idn-2013-q-2026-09-28-md-5874395,money,flow,commitment,unknown,208401,,,USD,USD,,,oecd-crs-energy-idn-2013-q-2026-09-28-md-5874395,oecd_crs_energy_microdata,1,2026-09-28,accepted,,"OECD Q value already in 2024 constant USD; UNIT_MULT applied, no FX or deflator rate applied"
crs-marker-biodiversity-oecd-crs-energy-idn-2013-q-2026-09-28-md-5874395,line,oecd-crs-energy-idn-2013-q-2026-09-28-md-5874395,,marker,,,0,,,,,0,biodiversity,oecd-crs-energy-idn-2013-q-2026-09-28-md-5874395,oecd_crs_energy_microdata,1,2026-09-28,accepted,,
crs-marker-mitigation-oecd-crs-energy-idn-2013-q-2026-09-28-md-5874395,line,oecd-crs-energy-idn-2013-q-2026-09-28-md-5874395,,marker,,,0,,,,,0,mitigation,oecd-crs-energy-idn-2013-q-2026-09-28-md-5874395,oecd_crs_energy_microdata,1,2026-09-28,accepted,,
crs-marker-adaptation-oecd-crs-energy-idn-2013-q-2026-09-28-md-5874395,line,oecd-crs-energy-idn-2013-q-2026-09-28-md-5874395,,marker,,,0,,,,,0,adaptation,oecd-crs-energy-idn-2013-q-2026-09-28-md-5874395,oecd_crs_energy_microdata,1,2026-09-28,accepted,,
crs-marker-desertification-oecd-crs-energy-idn-2013-q-2026-09-28-md-5874395,line,oecd-crs-energy-idn-2013-q-2026-09-28-md-5874395,,marker,,,0,,,,,0,desertification,oecd-crs-energy-idn-2013-q-2026-09-28-md-5874395,oecd_crs_energy_microdata,1,2026-09-28,accepted,,
crs-flow-oecd-crs-energy-idn-2013-q-2026-09-28-md-5873983,line,oecd-crs-energy-idn-2013-q-2026-09-28-md-5873983,money,flow,commitment,unknown,1051932,,,USD,USD,,,oecd-crs-energy-idn-2013-q-2026-09-28-md-5873983,oecd_crs_energy_microdata,1,2026-09-28,accepted,,"OECD Q value already in 2024 constant USD; UNIT_MULT applied, no FX or deflator rate applied"
crs-marker-biodiversity-oecd-crs-energy-idn-2013-q-2026-09-28-md-5873983,line,oecd-crs-energy-idn-2013-q-2026-09-28-md-5873983,,marker,,,0,,,,,0,biodiversity,oecd-crs-energy-idn-2013-q-2026-09-28-md-5873983,oecd_crs_energy_microdata,1,2026-09-28,accepted,,
crs-marker-mitigation-oecd-crs-energy-idn-2013-q-2026-09-28-md-5873983,line,oecd-crs-energy-idn-2013-q-2026-09-28-md-5873983,,marker,,,0,,,,,0,mitigation,oecd-crs-energy-idn-2013-q-2026-09-28-md-5873983,oecd_crs_energy_microdata,1,2026-09-28,accepted,,
crs-marker-adaptation-oecd-crs-energy-idn-2013-q-2026-09-28-md-5873983,line,oecd-crs-energy-idn-2013-q-2026-09-28-md-5873983,,marker,,,0,,,,,0,adaptation,oecd-crs-energy-idn-2013-q-2026-09-28-md-5873983,oecd_crs_energy_microdata,1,2026-09-28,accepted,,
crs-marker-desertification-oecd-crs-energy-idn-2013-q-2026-09-28-md-5873983,line,oecd-crs-energy-idn-2013-q-2026-09-28-md-5873983,,marker,,,0,,,,,0,desertification,oecd-crs-energy-idn-2013-q-2026-09-28-md-5873983,oecd_crs_energy_microdata,1,2026-09-28,accepted,,
crs-flow-oecd-crs-energy-idn-2013-q-2026-09-28-md-6229314,line,oecd-crs-energy-idn-2013-q-2026-09-28-md-6229314,money,flow,disbursement,unknown,26455,,,USD,USD,,,oecd-crs-energy-idn-2013-q-2026-09-28-md-6229314,oecd_crs_energy_microdata,1,2026-09-28,accepted,,"OECD Q value already in 2024 constant USD; UNIT_MULT applied, no FX or deflator rate applied"
crs-marker-biodiversity-oecd-crs-energy-idn-2013-q-2026-09-28-md-6229314,line,oecd-crs-energy-idn-2013-q-2026-09-28-md-6229314,,marker,,,0,,,,,0,biodiversity,oecd-crs-energy-idn-2013-q-2026-09-28-md-6229314,oecd_crs_energy_microdata,1,2026-09-28,accepted,,
crs-marker-mitigation-oecd-crs-energy-idn-2013-q-2026-09-28-md-6229314,line,oecd-crs-energy-idn-2013-q-2026-09-28-md-6229314,,marker,,,0,,,,,0,mitigation,oecd-crs-energy-idn-2013-q-2026-09-28-md-6229314,oecd_crs_energy_microdata,1,2026-09-28,accepted,,
crs-marker-adaptation-oecd-crs-energy-idn-2013-q-2026-09-28-md-6229314,line,oecd-crs-energy-idn-2013-q-2026-09-28-md-6229314,,marker,,,0,,,,,0,adaptation,oecd-crs-energy-idn-2013-q-2026-09-28-md-6229314,oecd_crs_energy_microdata,1,2026-09-28,accepted,,
crs-marker-desertification-oecd-crs-energy-idn-2013-q-2026-09-28-md-6229314,line,oecd-crs-energy-idn-2013-q-2026-09-28-md-6229314,,marker,,,0,,,,,0,desertification,oecd-crs-energy-idn-2013-q-2026-09-28-md-6229314,oecd_crs_energy_microdata,1,2026-09-28,accepted,,
crs-flow-oecd-crs-energy-idn-2013-q-2026-09-28-md-5873984,line,oecd-crs-energy-idn-2013-q-2026-09-28-md-5873984,money,flow,commitment,unknown,26888,,,USD,USD,,,oecd-crs-energy-idn-2013-q-2026-09-28-md-5873984,oecd_crs_energy_microdata,1,2026-09-28,accepted,,"OECD Q value already in 2024 constant USD; UNIT_MULT applied, no FX or deflator rate applied"
crs-marker-biodiversity-oecd-crs-energy-idn-2013-q-2026-09-28-md-5873984,line,oecd-crs-energy-idn-2013-q-2026-09-28-md-5873984,,marker,,,0,,,,,0,biodiversity,oecd-crs-energy-idn-2013-q-2026-09-28-md-5873984,oecd_crs_energy_microdata,1,2026-09-28,accepted,,
crs-marker-mitigation-oecd-crs-energy-idn-2013-q-2026-09-28-md-5873984,line,oecd-crs-energy-idn-2013-q-2026-09-28-md-5873984,,marker,,,0,,,,,0,mitigation,oecd-crs-energy-idn-2013-q-2026-09-28-md-5873984,oecd_crs_energy_microdata,1,2026-09-28,accepted,,
crs-marker-adaptation-oecd-crs-energy-idn-2013-q-2026-09-28-md-5873984,line,oecd-crs-energy-idn-2013-q-2026-09-28-md-5873984,,marker,,,0,,,,,0,adaptation,oecd-crs-energy-idn-2013-q-2026-09-28-md-5873984,oecd_crs_energy_microdata,1,2026-09-28,accepted,,
crs-marker-desertification-oecd-crs-energy-idn-2013-q-2026-09-28-md-5873984,line,oecd-crs-energy-idn-2013-q-2026-09-28-md-5873984,,marker,,,0,,,,,0,desertification,oecd-crs-energy-idn-2013-q-2026-09-28-md-5873984,oecd_crs_energy_microdata,1,2026-09-28,accepted,,
crs-flow-oecd-crs-energy-idn-2013-q-2026-09-28-md-6229313,line,oecd-crs-energy-idn-2013-q-2026-09-28-md-6229313,money,flow,disbursement,unknown,1035008,,,USD,USD,,,oecd-crs-energy-idn-2013-q-2026-09-28-md-6229313,oecd_crs_energy_microdata,1,2026-09-28,accepted,,"OECD Q value already in 2024 constant USD; UNIT_MULT applied, no FX or deflator rate applied"
crs-marker-biodiversity-oecd-crs-energy-idn-2013-q-2026-09-28-md-6229313,line,oecd-crs-energy-idn-2013-q-2026-09-28-md-6229313,,marker,,,0,,,,,0,biodiversity,oecd-crs-energy-idn-2013-q-2026-09-28-md-6229313,oecd_crs_energy_microdata,1,2026-09-28,accepted,,
crs-marker-mitigation-oecd-crs-energy-idn-2013-q-2026-09-28-md-6229313,line,oecd-crs-energy-idn-2013-q-2026-09-28-md-6229313,,marker,,,0,,,,,0,mitigation,oecd-crs-energy-idn-2013-q-2026-09-28-md-6229313,oecd_crs_energy_microdata,1,2026-09-28,accepted,,
crs-marker-adaptation-oecd-crs-energy-idn-2013-q-2026-09-28-md-6229313,line,oecd-crs-energy-idn-2013-q-2026-09-28-md-6229313,,marker,,,0,,,,,0,adaptation,oecd-crs-energy-idn-2013-q-2026-09-28-md-6229313,oecd_crs_energy_microdata,1,2026-09-28,accepted,,
crs-marker-desertification-oecd-crs-energy-idn-2013-q-2026-09-28-md-6229313,line,oecd-crs-energy-idn-2013-q-2026-09-28-md-6229313,,marker,,,0,,,,,0,desertification,oecd-crs-energy-idn-2013-q-2026-09-28-md-6229313,oecd_crs_energy_microdata,1,2026-09-28,accepted,,
crs-flow-oecd-crs-energy-idn-2013-q-2026-09-28-md-6229703,line,oecd-crs-energy-idn-2013-q-2026-09-28-md-6229703,money,flow,disbursement,unknown,205049,,,USD,USD,,,oecd-crs-energy-idn-2013-q-2026-09-28-md-6229703,oecd_crs_energy_microdata,1,2026-09-28,accepted,,"OECD Q value already in 2024 constant USD; UNIT_MULT applied, no FX or deflator rate applied"
crs-marker-biodiversity-oecd-crs-energy-idn-2013-q-2026-09-28-md-6229703,line,oecd-crs-energy-idn-2013-q-2026-09-28-md-6229703,,marker,,,0,,,,,0,biodiversity,oecd-crs-energy-idn-2013-q-2026-09-28-md-6229703,oecd_crs_energy_microdata,1,2026-09-28,accepted,,
crs-marker-mitigation-oecd-crs-energy-idn-2013-q-2026-09-28-md-6229703,line,oecd-crs-energy-idn-2013-q-2026-09-28-md-6229703,,marker,,,0,,,,,0,mitigation,oecd-crs-energy-idn-2013-q-2026-09-28-md-6229703,oecd_crs_energy_microdata,1,2026-09-28,accepted,,
crs-marker-adaptation-oecd-crs-energy-idn-2013-q-2026-09-28-md-6229703,line,oecd-crs-energy-idn-2013-q-2026-09-28-md-6229703,,marker,,,0,,,,,0,adaptation,oecd-crs-energy-idn-2013-q-2026-09-28-md-6229703,oecd_crs_energy_microdata,1,2026-09-28,accepted,,
crs-marker-desertification-oecd-crs-energy-idn-2013-q-2026-09-28-md-6229703,line,oecd-crs-energy-idn-2013-q-2026-09-28-md-6229703,,marker,,,0,,,,,0,desertification,oecd-crs-energy-idn-2013-q-2026-09-28-md-6229703,oecd_crs_energy_microdata,1,2026-09-28,accepted,,
crs-flow-oecd-crs-energy-idn-2013-q-2026-09-28-md-5823345,line,oecd-crs-energy-idn-2013-q-2026-09-28-md-5823345,money,flow,commitment,unknown,487932,,,USD,USD,,,oecd-crs-energy-idn-2013-q-2026-09-28-md-5823345,oecd_crs_energy_microdata,1,2026-09-28,accepted,,"OECD Q value already in 2024 constant USD; UNIT_MULT applied, no FX or deflator rate applied"
crs-marker-biodiversity-oecd-crs-energy-idn-2013-q-2026-09-28-md-5823345,line,oecd-crs-energy-idn-2013-q-2026-09-28-md-5823345,,marker,,,,,,,,not_screened,biodiversity,oecd-crs-energy-idn-2013-q-2026-09-28-md-5823345,oecd_crs_energy_microdata,1,2026-09-28,accepted,,
crs-marker-mitigation-oecd-crs-energy-idn-2013-q-2026-09-28-md-5823345,line,oecd-crs-energy-idn-2013-q-2026-09-28-md-5823345,,marker,,,2,,,,,2,mitigation,oecd-crs-energy-idn-2013-q-2026-09-28-md-5823345,oecd_crs_energy_microdata,1,2026-09-28,accepted,,
crs-marker-adaptation-oecd-crs-energy-idn-2013-q-2026-09-28-md-5823345,line,oecd-crs-energy-idn-2013-q-2026-09-28-md-5823345,,marker,,,,,,,,not_screened,adaptation,oecd-crs-energy-idn-2013-q-2026-09-28-md-5823345,oecd_crs_energy_microdata,1,2026-09-28,accepted,,
crs-marker-desertification-oecd-crs-energy-idn-2013-q-2026-09-28-md-5823345,line,oecd-crs-energy-idn-2013-q-2026-09-28-md-5823345,,marker,,,,,,,,not_screened,desertification,oecd-crs-energy-idn-2013-q-2026-09-28-md-5823345,oecd_crs_energy_microdata,1,2026-09-28,accepted,,
crs-flow-oecd-crs-energy-idn-2013-q-2026-09-28-md-6158788,line,oecd-crs-energy-idn-2013-q-2026-09-28-md-6158788,money,flow,disbursement,unknown,480082,,,USD,USD,,,oecd-crs-energy-idn-2013-q-2026-09-28-md-6158788,oecd_crs_energy_microdata,1,2026-09-28,accepted,,"OECD Q value already in 2024 constant USD; UNIT_MULT applied, no FX or deflator rate applied"
crs-marker-biodiversity-oecd-crs-energy-idn-2013-q-2026-09-28-md-6158788,line,oecd-crs-energy-idn-2013-q-2026-09-28-md-6158788,,marker,,,,,,,,not_screened,biodiversity,oecd-crs-energy-idn-2013-q-2026-09-28-md-6158788,oecd_crs_energy_microdata,1,2026-09-28,accepted,,
crs-marker-mitigation-oecd-crs-energy-idn-2013-q-2026-09-28-md-6158788,line,oecd-crs-energy-idn-2013-q-2026-09-28-md-6158788,,marker,,,2,,,,,2,mitigation,oecd-crs-energy-idn-2013-q-2026-09-28-md-6158788,oecd_crs_energy_microdata,1,2026-09-28,accepted,,
crs-marker-adaptation-oecd-crs-energy-idn-2013-q-2026-09-28-md-6158788,line,oecd-crs-energy-idn-2013-q-2026-09-28-md-6158788,,marker,,,,,,,,not_screened,adaptation,oecd-crs-energy-idn-2013-q-2026-09-28-md-6158788,oecd_crs_energy_microdata,1,2026-09-28,accepted,,
crs-marker-desertification-oecd-crs-energy-idn-2013-q-2026-09-28-md-6158788,line,oecd-crs-energy-idn-2013-q-2026-09-28-md-6158788,,marker,,,,,,,,not_screened,desertification,oecd-crs-energy-idn-2013-q-2026-09-28-md-6158788,oecd_crs_energy_microdata,1,2026-09-28,accepted,,
crs-flow-oecd-crs-energy-idn-2013-q-2026-09-28-md-6159925,line,oecd-crs-energy-idn-2013-q-2026-09-28-md-6159925,money,flow,disbursement,unknown,4882,,,USD,USD,,,oecd-crs-energy-idn-2013-q-2026-09-28-md-6159925,oecd_crs_energy_microdata,1,2026-09-28,accepted,,"OECD Q value already in 2024 constant USD; UNIT_MULT applied, no FX or deflator rate applied"
crs-marker-biodiversity-oecd-crs-energy-idn-2013-q-2026-09-28-md-6159925,line,oecd-crs-energy-idn-2013-q-2026-09-28-md-6159925,,marker,,,,,,,,not_screened,biodiversity,oecd-crs-energy-idn-2013-q-2026-09-28-md-6159925,oecd_crs_energy_microdata,1,2026-09-28,accepted,,
crs-marker-mitigation-oecd-crs-energy-idn-2013-q-2026-09-28-md-6159925,line,oecd-crs-energy-idn-2013-q-2026-09-28-md-6159925,,marker,,,,,,,,not_screened,mitigation,oecd-crs-energy-idn-2013-q-2026-09-28-md-6159925,oecd_crs_energy_microdata,1,2026-09-28,accepted,,
crs-marker-adaptation-oecd-crs-energy-idn-2013-q-2026-09-28-md-6159925,line,oecd-crs-energy-idn-2013-q-2026-09-28-md-6159925,,marker,,,,,,,,not_screened,adaptation,oecd-crs-energy-idn-2013-q-2026-09-28-md-6159925,oecd_crs_energy_microdata,1,2026-09-28,accepted,,
crs-marker-desertification-oecd-crs-energy-idn-2013-q-2026-09-28-md-6159925,line,oecd-crs-energy-idn-2013-q-2026-09-28-md-6159925,,marker,,,,,,,,not_screened,desertification,oecd-crs-energy-idn-2013-q-2026-09-28-md-6159925,oecd_crs_energy_microdata,1,2026-09-28,accepted,,
crs-flow-oecd-crs-energy-idn-2013-q-2026-09-28-md-5833625,line,oecd-crs-energy-idn-2013-q-2026-09-28-md-5833625,money,flow,commitment,unknown,24300,,,USD,USD,,,oecd-crs-energy-idn-2013-q-2026-09-28-md-5833625,oecd_crs_energy_microdata,1,2026-09-28,accepted,,"OECD Q value already in 2024 constant USD; UNIT_MULT applied, no FX or deflator rate applied"
crs-marker-biodiversity-oecd-crs-energy-idn-2013-q-2026-09-28-md-5833625,line,oecd-crs-energy-idn-2013-q-2026-09-28-md-5833625,,marker,,,,,,,,not_screened,biodiversity,oecd-crs-energy-idn-2013-q-2026-09-28-md-5833625,oecd_crs_energy_microdata,1,2026-09-28,accepted,,
crs-marker-mitigation-oecd-crs-energy-idn-2013-q-2026-09-28-md-5833625,line,oecd-crs-energy-idn-2013-q-2026-09-28-md-5833625,,marker,,,,,,,,not_screened,mitigation,oecd-crs-energy-idn-2013-q-2026-09-28-md-5833625,oecd_crs_energy_microdata,1,2026-09-28,accepted,,
crs-marker-adaptation-oecd-crs-energy-idn-2013-q-2026-09-28-md-5833625,line,oecd-crs-energy-idn-2013-q-2026-09-28-md-5833625,,marker,,,,,,,,not_screened,adaptation,oecd-crs-energy-idn-2013-q-2026-09-28-md-5833625,oecd_crs_energy_microdata,1,2026-09-28,accepted,,
crs-marker-desertification-oecd-crs-energy-idn-2013-q-2026-09-28-md-5833625,line,oecd-crs-energy-idn-2013-q-2026-09-28-md-5833625,,marker,,,,,,,,not_screened,desertification,oecd-crs-energy-idn-2013-q-2026-09-28-md-5833625,oecd_crs_energy_microdata,1,2026-09-28,accepted,,
crs-flow-oecd-crs-energy-idn-2013-q-2026-09-28-md-5823322,line,oecd-crs-energy-idn-2013-q-2026-09-28-md-5823322,money,flow,commitment,unknown,724809,,,USD,USD,,,oecd-crs-energy-idn-2013-q-2026-09-28-md-5823322,oecd_crs_energy_microdata,1,2026-09-28,accepted,,"OECD Q value already in 2024 constant USD; UNIT_MULT applied, no FX or deflator rate applied"
crs-marker-biodiversity-oecd-crs-energy-idn-2013-q-2026-09-28-md-5823322,line,oecd-crs-energy-idn-2013-q-2026-09-28-md-5823322,,marker,,,,,,,,not_screened,biodiversity,oecd-crs-energy-idn-2013-q-2026-09-28-md-5823322,oecd_crs_energy_microdata,1,2026-09-28,accepted,,
crs-marker-mitigation-oecd-crs-energy-idn-2013-q-2026-09-28-md-5823322,line,oecd-crs-energy-idn-2013-q-2026-09-28-md-5823322,,marker,,,,,,,,not_screened,mitigation,oecd-crs-energy-idn-2013-q-2026-09-28-md-5823322,oecd_crs_energy_microdata,1,2026-09-28,accepted,,
crs-marker-adaptation-oecd-crs-energy-idn-2013-q-2026-09-28-md-5823322,line,oecd-crs-energy-idn-2013-q-2026-09-28-md-5823322,,marker,,,,,,,,not_screened,adaptation,oecd-crs-energy-idn-2013-q-2026-09-28-md-5823322,oecd_crs_energy_microdata,1,2026-09-28,accepted,,
crs-marker-desertification-oecd-crs-energy-idn-2013-q-2026-09-28-md-5823322,line,oecd-crs-energy-idn-2013-q-2026-09-28-md-5823322,,marker,,,,,,,,not_screened,desertification,oecd-crs-energy-idn-2013-q-2026-09-28-md-5823322,oecd_crs_energy_microdata,1,2026-09-28,accepted,,
crs-flow-oecd-crs-energy-idn-2013-q-2026-09-28-md-5824275,line,oecd-crs-energy-idn-2013-q-2026-09-28-md-5824275,money,flow,commitment,unknown,4962,,,USD,USD,,,oecd-crs-energy-idn-2013-q-2026-09-28-md-5824275,oecd_crs_energy_microdata,1,2026-09-28,accepted,,"OECD Q value already in 2024 constant USD; UNIT_MULT applied, no FX or deflator rate applied"
crs-marker-biodiversity-oecd-crs-energy-idn-2013-q-2026-09-28-md-5824275,line,oecd-crs-energy-idn-2013-q-2026-09-28-md-5824275,,marker,,,,,,,,not_screened,biodiversity,oecd-crs-energy-idn-2013-q-2026-09-28-md-5824275,oecd_crs_energy_microdata,1,2026-09-28,accepted,,
crs-marker-mitigation-oecd-crs-energy-idn-2013-q-2026-09-28-md-5824275,line,oecd-crs-energy-idn-2013-q-2026-09-28-md-5824275,,marker,,,,,,,,not_screened,mitigation,oecd-crs-energy-idn-2013-q-2026-09-28-md-5824275,oecd_crs_energy_microdata,1,2026-09-28,accepted,,
crs-marker-adaptation-oecd-crs-energy-idn-2013-q-2026-09-28-md-5824275,line,oecd-crs-energy-idn-2013-q-2026-09-28-md-5824275,,marker,,,,,,,,not_screened,adaptation,oecd-crs-energy-idn-2013-q-2026-09-28-md-5824275,oecd_crs_energy_microdata,1,2026-09-28,accepted,,
crs-marker-desertification-oecd-crs-energy-idn-2013-q-2026-09-28-md-5824275,line,oecd-crs-energy-idn-2013-q-2026-09-28-md-5824275,,marker,,,,,,,,not_screened,desertification,oecd-crs-energy-idn-2013-q-2026-09-28-md-5824275,oecd_crs_energy_microdata,1,2026-09-28,accepted,,
crs-flow-oecd-crs-energy-idn-2013-q-2026-09-28-md-6158787,line,oecd-crs-energy-idn-2013-q-2026-09-28-md-6158787,money,flow,disbursement,unknown,713148,,,USD,USD,,,oecd-crs-energy-idn-2013-q-2026-09-28-md-6158787,oecd_crs_energy_microdata,1,2026-09-28,accepted,,"OECD Q value already in 2024 constant USD; UNIT_MULT applied, no FX or deflator rate applied"
crs-marker-biodiversity-oecd-crs-energy-idn-2013-q-2026-09-28-md-6158787,line,oecd-crs-energy-idn-2013-q-2026-09-28-md-6158787,,marker,,,,,,,,not_screened,biodiversity,oecd-crs-energy-idn-2013-q-2026-09-28-md-6158787,oecd_crs_energy_microdata,1,2026-09-28,accepted,,
crs-marker-mitigation-oecd-crs-energy-idn-2013-q-2026-09-28-md-6158787,line,oecd-crs-energy-idn-2013-q-2026-09-28-md-6158787,,marker,,,,,,,,not_screened,mitigation,oecd-crs-energy-idn-2013-q-2026-09-28-md-6158787,oecd_crs_energy_microdata,1,2026-09-28,accepted,,
crs-marker-adaptation-oecd-crs-energy-idn-2013-q-2026-09-28-md-6158787,line,oecd-crs-energy-idn-2013-q-2026-09-28-md-6158787,,marker,,,,,,,,not_screened,adaptation,oecd-crs-energy-idn-2013-q-2026-09-28-md-6158787,oecd_crs_energy_microdata,1,2026-09-28,accepted,,
crs-marker-desertification-oecd-crs-energy-idn-2013-q-2026-09-28-md-6158787,line,oecd-crs-energy-idn-2013-q-2026-09-28-md-6158787,,marker,,,,,,,,not_screened,desertification,oecd-crs-energy-idn-2013-q-2026-09-28-md-6158787,oecd_crs_energy_microdata,1,2026-09-28,accepted,,
crs-flow-oecd-crs-energy-idn-2013-q-2026-09-28-md-6167227,line,oecd-crs-energy-idn-2013-q-2026-09-28-md-6167227,money,flow,disbursement,unknown,23909,,,USD,USD,,,oecd-crs-energy-idn-2013-q-2026-09-28-md-6167227,oecd_crs_energy_microdata,1,2026-09-28,accepted,,"OECD Q value already in 2024 constant USD; UNIT_MULT applied, no FX or deflator rate applied"
crs-marker-biodiversity-oecd-crs-energy-idn-2013-q-2026-09-28-md-6167227,line,oecd-crs-energy-idn-2013-q-2026-09-28-md-6167227,,marker,,,,,,,,not_screened,biodiversity,oecd-crs-energy-idn-2013-q-2026-09-28-md-6167227,oecd_crs_energy_microdata,1,2026-09-28,accepted,,
crs-marker-mitigation-oecd-crs-energy-idn-2013-q-2026-09-28-md-6167227,line,oecd-crs-energy-idn-2013-q-2026-09-28-md-6167227,,marker,,,,,,,,not_screened,mitigation,oecd-crs-energy-idn-2013-q-2026-09-28-md-6167227,oecd_crs_energy_microdata,1,2026-09-28,accepted,,
crs-marker-adaptation-oecd-crs-energy-idn-2013-q-2026-09-28-md-6167227,line,oecd-crs-energy-idn-2013-q-2026-09-28-md-6167227,,marker,,,,,,,,not_screened,adaptation,oecd-crs-energy-idn-2013-q-2026-09-28-md-6167227,oecd_crs_energy_microdata,1,2026-09-28,accepted,,
crs-marker-desertification-oecd-crs-energy-idn-2013-q-2026-09-28-md-6167227,line,oecd-crs-energy-idn-2013-q-2026-09-28-md-6167227,,marker,,,,,,,,not_screened,desertification,oecd-crs-energy-idn-2013-q-2026-09-28-md-6167227,oecd_crs_energy_microdata,1,2026-09-28,accepted,,
crs-flow-oecd-crs-energy-idn-2013-q-2026-09-28-md-5823418,line,oecd-crs-energy-idn-2013-q-2026-09-28-md-5823418,money,flow,commitment,unknown,386021,,,USD,USD,,,oecd-crs-energy-idn-2013-q-2026-09-28-md-5823418,oecd_crs_energy_microdata,1,2026-09-28,accepted,,"OECD Q value already in 2024 constant USD; UNIT_MULT applied, no FX or deflator rate applied"
crs-marker-biodiversity-oecd-crs-energy-idn-2013-q-2026-09-28-md-5823418,line,oecd-crs-energy-idn-2013-q-2026-09-28-md-5823418,,marker,,,,,,,,not_screened,biodiversity,oecd-crs-energy-idn-2013-q-2026-09-28-md-5823418,oecd_crs_energy_microdata,1,2026-09-28,accepted,,
crs-marker-mitigation-oecd-crs-energy-idn-2013-q-2026-09-28-md-5823418,line,oecd-crs-energy-idn-2013-q-2026-09-28-md-5823418,,marker,,,,,,,,not_screened,mitigation,oecd-crs-energy-idn-2013-q-2026-09-28-md-5823418,oecd_crs_energy_microdata,1,2026-09-28,accepted,,
crs-marker-adaptation-oecd-crs-energy-idn-2013-q-2026-09-28-md-5823418,line,oecd-crs-energy-idn-2013-q-2026-09-28-md-5823418,,marker,,,,,,,,not_screened,adaptation,oecd-crs-energy-idn-2013-q-2026-09-28-md-5823418,oecd_crs_energy_microdata,1,2026-09-28,accepted,,
crs-marker-desertification-oecd-crs-energy-idn-2013-q-2026-09-28-md-5823418,line,oecd-crs-energy-idn-2013-q-2026-09-28-md-5823418,,marker,,,,,,,,not_screened,desertification,oecd-crs-energy-idn-2013-q-2026-09-28-md-5823418,oecd_crs_energy_microdata,1,2026-09-28,accepted,,
crs-flow-oecd-crs-energy-idn-2013-q-2026-09-28-md-6158789,line,oecd-crs-energy-idn-2013-q-2026-09-28-md-6158789,money,flow,disbursement,unknown,379811,,,USD,USD,,,oecd-crs-energy-idn-2013-q-2026-09-28-md-6158789,oecd_crs_energy_microdata,1,2026-09-28,accepted,,"OECD Q value already in 2024 constant USD; UNIT_MULT applied, no FX or deflator rate applied"
crs-marker-biodiversity-oecd-crs-energy-idn-2013-q-2026-09-28-md-6158789,line,oecd-crs-energy-idn-2013-q-2026-09-28-md-6158789,,marker,,,,,,,,not_screened,biodiversity,oecd-crs-energy-idn-2013-q-2026-09-28-md-6158789,oecd_crs_energy_microdata,1,2026-09-28,accepted,,
crs-marker-mitigation-oecd-crs-energy-idn-2013-q-2026-09-28-md-6158789,line,oecd-crs-energy-idn-2013-q-2026-09-28-md-6158789,,marker,,,,,,,,not_screened,mitigation,oecd-crs-energy-idn-2013-q-2026-09-28-md-6158789,oecd_crs_energy_microdata,1,2026-09-28,accepted,,
crs-marker-adaptation-oecd-crs-energy-idn-2013-q-2026-09-28-md-6158789,line,oecd-crs-energy-idn-2013-q-2026-09-28-md-6158789,,marker,,,,,,,,not_screened,adaptation,oecd-crs-energy-idn-2013-q-2026-09-28-md-6158789,oecd_crs_energy_microdata,1,2026-09-28,accepted,,
crs-marker-desertification-oecd-crs-energy-idn-2013-q-2026-09-28-md-6158789,line,oecd-crs-energy-idn-2013-q-2026-09-28-md-6158789,,marker,,,,,,,,not_screened,desertification,oecd-crs-energy-idn-2013-q-2026-09-28-md-6158789,oecd_crs_energy_microdata,1,2026-09-28,accepted,,
crs-flow-oecd-crs-energy-idn-2013-q-2026-09-28-md-5776292,line,oecd-crs-energy-idn-2013-q-2026-09-28-md-5776292,money,flow,commitment,unknown,12972343,,,USD,USD,,,oecd-crs-energy-idn-2013-q-2026-09-28-md-5776292,oecd_crs_energy_microdata,1,2026-09-28,accepted,,"OECD Q value already in 2024 constant USD; UNIT_MULT applied, no FX or deflator rate applied"
crs-marker-biodiversity-oecd-crs-energy-idn-2013-q-2026-09-28-md-5776292,line,oecd-crs-energy-idn-2013-q-2026-09-28-md-5776292,,marker,,,0,,,,,0,biodiversity,oecd-crs-energy-idn-2013-q-2026-09-28-md-5776292,oecd_crs_energy_microdata,1,2026-09-28,accepted,,
crs-marker-mitigation-oecd-crs-energy-idn-2013-q-2026-09-28-md-5776292,line,oecd-crs-energy-idn-2013-q-2026-09-28-md-5776292,,marker,,,2,,,,,2,mitigation,oecd-crs-energy-idn-2013-q-2026-09-28-md-5776292,oecd_crs_energy_microdata,1,2026-09-28,accepted,,
crs-marker-adaptation-oecd-crs-energy-idn-2013-q-2026-09-28-md-5776292,line,oecd-crs-energy-idn-2013-q-2026-09-28-md-5776292,,marker,,,0,,,,,0,adaptation,oecd-crs-energy-idn-2013-q-2026-09-28-md-5776292,oecd_crs_energy_microdata,1,2026-09-28,accepted,,
crs-marker-desertification-oecd-crs-energy-idn-2013-q-2026-09-28-md-5776292,line,oecd-crs-energy-idn-2013-q-2026-09-28-md-5776292,,marker,,,0,,,,,0,desertification,oecd-crs-energy-idn-2013-q-2026-09-28-md-5776292,oecd_crs_energy_microdata,1,2026-09-28,accepted,,
crs-flow-oecd-crs-energy-idn-2013-q-2026-09-28-md-5776258,line,oecd-crs-energy-idn-2013-q-2026-09-28-md-5776258,money,flow,commitment,unknown,30827156,,,USD,USD,,,oecd-crs-energy-idn-2013-q-2026-09-28-md-5776258,oecd_crs_energy_microdata,1,2026-09-28,accepted,,"OECD Q value already in 2024 constant USD; UNIT_MULT applied, no FX or deflator rate applied"
crs-marker-biodiversity-oecd-crs-energy-idn-2013-q-2026-09-28-md-5776258,line,oecd-crs-energy-idn-2013-q-2026-09-28-md-5776258,,marker,,,0,,,,,0,biodiversity,oecd-crs-energy-idn-2013-q-2026-09-28-md-5776258,oecd_crs_energy_microdata,1,2026-09-28,accepted,,
crs-marker-mitigation-oecd-crs-energy-idn-2013-q-2026-09-28-md-5776258,line,oecd-crs-energy-idn-2013-q-2026-09-28-md-5776258,,marker,,,2,,,,,2,mitigation,oecd-crs-energy-idn-2013-q-2026-09-28-md-5776258,oecd_crs_energy_microdata,1,2026-09-28,accepted,,
crs-marker-adaptation-oecd-crs-energy-idn-2013-q-2026-09-28-md-5776258,line,oecd-crs-energy-idn-2013-q-2026-09-28-md-5776258,,marker,,,0,,,,,0,adaptation,oecd-crs-energy-idn-2013-q-2026-09-28-md-5776258,oecd_crs_energy_microdata,1,2026-09-28,accepted,,
crs-marker-desertification-oecd-crs-energy-idn-2013-q-2026-09-28-md-5776258,line,oecd-crs-energy-idn-2013-q-2026-09-28-md-5776258,,marker,,,0,,,,,0,desertification,oecd-crs-energy-idn-2013-q-2026-09-28-md-5776258,oecd_crs_energy_microdata,1,2026-09-28,accepted,,
crs-flow-oecd-crs-energy-idn-2013-q-2026-09-28-md-5776259,line,oecd-crs-energy-idn-2013-q-2026-09-28-md-5776259,money,flow,commitment,unknown,7511490,,,USD,USD,,,oecd-crs-energy-idn-2013-q-2026-09-28-md-5776259,oecd_crs_energy_microdata,1,2026-09-28,accepted,,"OECD Q value already in 2024 constant USD; UNIT_MULT applied, no FX or deflator rate applied"
crs-marker-biodiversity-oecd-crs-energy-idn-2013-q-2026-09-28-md-5776259,line,oecd-crs-energy-idn-2013-q-2026-09-28-md-5776259,,marker,,,0,,,,,0,biodiversity,oecd-crs-energy-idn-2013-q-2026-09-28-md-5776259,oecd_crs_energy_microdata,1,2026-09-28,accepted,,
crs-marker-mitigation-oecd-crs-energy-idn-2013-q-2026-09-28-md-5776259,line,oecd-crs-energy-idn-2013-q-2026-09-28-md-5776259,,marker,,,2,,,,,2,mitigation,oecd-crs-energy-idn-2013-q-2026-09-28-md-5776259,oecd_crs_energy_microdata,1,2026-09-28,accepted,,
crs-marker-adaptation-oecd-crs-energy-idn-2013-q-2026-09-28-md-5776259,line,oecd-crs-energy-idn-2013-q-2026-09-28-md-5776259,,marker,,,0,,,,,0,adaptation,oecd-crs-energy-idn-2013-q-2026-09-28-md-5776259,oecd_crs_energy_microdata,1,2026-09-28,accepted,,
crs-marker-desertification-oecd-crs-energy-idn-2013-q-2026-09-28-md-5776259,line,oecd-crs-energy-idn-2013-q-2026-09-28-md-5776259,,marker,,,0,,,,,0,desertification,oecd-crs-energy-idn-2013-q-2026-09-28-md-5776259,oecd_crs_energy_microdata,1,2026-09-28,accepted,,
crs-flow-oecd-crs-energy-idn-2013-q-2026-09-28-md-6121082,line,oecd-crs-energy-idn-2013-q-2026-09-28-md-6121082,money,flow,disbursement,unknown,723582,,,USD,USD,,,oecd-crs-energy-idn-2013-q-2026-09-28-md-6121082,oecd_crs_energy_microdata,1,2026-09-28,accepted,,"OECD Q value already in 2024 constant USD; UNIT_MULT applied, no FX or deflator rate applied"
crs-marker-biodiversity-oecd-crs-energy-idn-2013-q-2026-09-28-md-6121082,line,oecd-crs-energy-idn-2013-q-2026-09-28-md-6121082,,marker,,,0,,,,,0,biodiversity,oecd-crs-energy-idn-2013-q-2026-09-28-md-6121082,oecd_crs_energy_microdata,1,2026-09-28,accepted,,
crs-marker-mitigation-oecd-crs-energy-idn-2013-q-2026-09-28-md-6121082,line,oecd-crs-energy-idn-2013-q-2026-09-28-md-6121082,,marker,,,0,,,,,0,mitigation,oecd-crs-energy-idn-2013-q-2026-09-28-md-6121082,oecd_crs_energy_microdata,1,2026-09-28,accepted,,
crs-marker-adaptation-oecd-crs-energy-idn-2013-q-2026-09-28-md-6121082,line,oecd-crs-energy-idn-2013-q-2026-09-28-md-6121082,,marker,,,0,,,,,0,adaptation,oecd-crs-energy-idn-2013-q-2026-09-28-md-6121082,oecd_crs_energy_microdata,1,2026-09-28,accepted,,
crs-marker-desertification-oecd-crs-energy-idn-2013-q-2026-09-28-md-6121082,line,oecd-crs-energy-idn-2013-q-2026-09-28-md-6121082,,marker,,,0,,,,,0,desertification,oecd-crs-energy-idn-2013-q-2026-09-28-md-6121082,oecd_crs_energy_microdata,1,2026-09-28,accepted,,
crs-flow-oecd-crs-energy-idn-2013-q-2026-09-28-md-6112002,line,oecd-crs-energy-idn-2013-q-2026-09-28-md-6112002,money,flow,disbursement,unknown,2210932,,,USD,USD,,,oecd-crs-energy-idn-2013-q-2026-09-28-md-6112002,oecd_crs_energy_microdata,1,2026-09-28,accepted,,"OECD Q value already in 2024 constant USD; UNIT_MULT applied, no FX or deflator rate applied"
crs-marker-biodiversity-oecd-crs-energy-idn-2013-q-2026-09-28-md-6112002,line,oecd-crs-energy-idn-2013-q-2026-09-28-md-6112002,,marker,,,0,,,,,0,biodiversity,oecd-crs-energy-idn-2013-q-2026-09-28-md-6112002,oecd_crs_energy_microdata,1,2026-09-28,accepted,,
crs-marker-mitigation-oecd-crs-energy-idn-2013-q-2026-09-28-md-6112002,line,oecd-crs-energy-idn-2013-q-2026-09-28-md-6112002,,marker,,,0,,,,,0,mitigation,oecd-crs-energy-idn-2013-q-2026-09-28-md-6112002,oecd_crs_energy_microdata,1,2026-09-28,accepted,,
crs-marker-adaptation-oecd-crs-energy-idn-2013-q-2026-09-28-md-6112002,line,oecd-crs-energy-idn-2013-q-2026-09-28-md-6112002,,marker,,,0,,,,,0,adaptation,oecd-crs-energy-idn-2013-q-2026-09-28-md-6112002,oecd_crs_energy_microdata,1,2026-09-28,accepted,,
crs-marker-desertification-oecd-crs-energy-idn-2013-q-2026-09-28-md-6112002,line,oecd-crs-energy-idn-2013-q-2026-09-28-md-6112002,,marker,,,0,,,,,0,desertification,oecd-crs-energy-idn-2013-q-2026-09-28-md-6112002,oecd_crs_energy_microdata,1,2026-09-28,accepted,,
crs-flow-oecd-crs-energy-idn-2013-q-2026-09-28-md-6216670,line,oecd-crs-energy-idn-2013-q-2026-09-28-md-6216670,money,flow,disbursement,unknown,26715892,,,USD,USD,,,oecd-crs-energy-idn-2013-q-2026-09-28-md-6216670,oecd_crs_energy_microdata,1,2026-09-28,accepted,,"OECD Q value already in 2024 constant USD; UNIT_MULT applied, no FX or deflator rate applied"
crs-marker-biodiversity-oecd-crs-energy-idn-2013-q-2026-09-28-md-6216670,line,oecd-crs-energy-idn-2013-q-2026-09-28-md-6216670,,marker,,,0,,,,,0,biodiversity,oecd-crs-energy-idn-2013-q-2026-09-28-md-6216670,oecd_crs_energy_microdata,1,2026-09-28,accepted,,
crs-marker-mitigation-oecd-crs-energy-idn-2013-q-2026-09-28-md-6216670,line,oecd-crs-energy-idn-2013-q-2026-09-28-md-6216670,,marker,,,0,,,,,0,mitigation,oecd-crs-energy-idn-2013-q-2026-09-28-md-6216670,oecd_crs_energy_microdata,1,2026-09-28,accepted,,
crs-marker-adaptation-oecd-crs-energy-idn-2013-q-2026-09-28-md-6216670,line,oecd-crs-energy-idn-2013-q-2026-09-28-md-6216670,,marker,,,0,,,,,0,adaptation,oecd-crs-energy-idn-2013-q-2026-09-28-md-6216670,oecd_crs_energy_microdata,1,2026-09-28,accepted,,
crs-marker-desertification-oecd-crs-energy-idn-2013-q-2026-09-28-md-6216670,line,oecd-crs-energy-idn-2013-q-2026-09-28-md-6216670,,marker,,,0,,,,,0,desertification,oecd-crs-energy-idn-2013-q-2026-09-28-md-6216670,oecd_crs_energy_microdata,1,2026-09-28,accepted,,
crs-flow-oecd-crs-energy-idn-2013-q-2026-09-28-md-6177556,line,oecd-crs-energy-idn-2013-q-2026-09-28-md-6177556,money,flow,disbursement,unknown,1211078,,,USD,USD,,,oecd-crs-energy-idn-2013-q-2026-09-28-md-6177556,oecd_crs_energy_microdata,1,2026-09-28,accepted,,"OECD Q value already in 2024 constant USD; UNIT_MULT applied, no FX or deflator rate applied"
crs-marker-biodiversity-oecd-crs-energy-idn-2013-q-2026-09-28-md-6177556,line,oecd-crs-energy-idn-2013-q-2026-09-28-md-6177556,,marker,,,,,,,,not_screened,biodiversity,oecd-crs-energy-idn-2013-q-2026-09-28-md-6177556,oecd_crs_energy_microdata,1,2026-09-28,accepted,,
crs-marker-mitigation-oecd-crs-energy-idn-2013-q-2026-09-28-md-6177556,line,oecd-crs-energy-idn-2013-q-2026-09-28-md-6177556,,marker,,,0,,,,,0,mitigation,oecd-crs-energy-idn-2013-q-2026-09-28-md-6177556,oecd_crs_energy_microdata,1,2026-09-28,accepted,,
crs-marker-adaptation-oecd-crs-energy-idn-2013-q-2026-09-28-md-6177556,line,oecd-crs-energy-idn-2013-q-2026-09-28-md-6177556,,marker,,,0,,,,,0,adaptation,oecd-crs-energy-idn-2013-q-2026-09-28-md-6177556,oecd_crs_energy_microdata,1,2026-09-28,accepted,,
crs-marker-desertification-oecd-crs-energy-idn-2013-q-2026-09-28-md-6177556,line,oecd-crs-energy-idn-2013-q-2026-09-28-md-6177556,,marker,,,,,,,,not_screened,desertification,oecd-crs-energy-idn-2013-q-2026-09-28-md-6177556,oecd_crs_energy_microdata,1,2026-09-28,accepted,,
crs-flow-oecd-crs-energy-idn-2013-q-2026-09-28-md-6216634,line,oecd-crs-energy-idn-2013-q-2026-09-28-md-6216634,money,flow,disbursement,unknown,12524508,,,USD,USD,,,oecd-crs-energy-idn-2013-q-2026-09-28-md-6216634,oecd_crs_energy_microdata,1,2026-09-28,accepted,,"OECD Q value already in 2024 constant USD; UNIT_MULT applied, no FX or deflator rate applied"
crs-marker-biodiversity-oecd-crs-energy-idn-2013-q-2026-09-28-md-6216634,line,oecd-crs-energy-idn-2013-q-2026-09-28-md-6216634,,marker,,,0,,,,,0,biodiversity,oecd-crs-energy-idn-2013-q-2026-09-28-md-6216634,oecd_crs_energy_microdata,1,2026-09-28,accepted,,
crs-marker-mitigation-oecd-crs-energy-idn-2013-q-2026-09-28-md-6216634,line,oecd-crs-energy-idn-2013-q-2026-09-28-md-6216634,,marker,,,0,,,,,0,mitigation,oecd-crs-energy-idn-2013-q-2026-09-28-md-6216634,oecd_crs_energy_microdata,1,2026-09-28,accepted,,
crs-marker-adaptation-oecd-crs-energy-idn-2013-q-2026-09-28-md-6216634,line,oecd-crs-energy-idn-2013-q-2026-09-28-md-6216634,,marker,,,0,,,,,0,adaptation,oecd-crs-energy-idn-2013-q-2026-09-28-md-6216634,oecd_crs_energy_microdata,1,2026-09-28,accepted,,
crs-marker-desertification-oecd-crs-energy-idn-2013-q-2026-09-28-md-6216634,line,oecd-crs-energy-idn-2013-q-2026-09-28-md-6216634,,marker,,,0,,,,,0,desertification,oecd-crs-energy-idn-2013-q-2026-09-28-md-6216634,oecd_crs_energy_microdata,1,2026-09-28,accepted,,
crs-flow-oecd-crs-energy-idn-2013-q-2026-09-28-md-6089819,line,oecd-crs-energy-idn-2013-q-2026-09-28-md-6089819,money,flow,disbursement,unknown,917378,,,USD,USD,,,oecd-crs-energy-idn-2013-q-2026-09-28-md-6089819,oecd_crs_energy_microdata,1,2026-09-28,accepted,,"OECD Q value already in 2024 constant USD; UNIT_MULT applied, no FX or deflator rate applied"
crs-marker-biodiversity-oecd-crs-energy-idn-2013-q-2026-09-28-md-6089819,line,oecd-crs-energy-idn-2013-q-2026-09-28-md-6089819,,marker,,,0,,,,,0,biodiversity,oecd-crs-energy-idn-2013-q-2026-09-28-md-6089819,oecd_crs_energy_microdata,1,2026-09-28,accepted,,
crs-marker-mitigation-oecd-crs-energy-idn-2013-q-2026-09-28-md-6089819,line,oecd-crs-energy-idn-2013-q-2026-09-28-md-6089819,,marker,,,2,,,,,2,mitigation,oecd-crs-energy-idn-2013-q-2026-09-28-md-6089819,oecd_crs_energy_microdata,1,2026-09-28,accepted,,
crs-marker-adaptation-oecd-crs-energy-idn-2013-q-2026-09-28-md-6089819,line,oecd-crs-energy-idn-2013-q-2026-09-28-md-6089819,,marker,,,0,,,,,0,adaptation,oecd-crs-energy-idn-2013-q-2026-09-28-md-6089819,oecd_crs_energy_microdata,1,2026-09-28,accepted,,
crs-marker-desertification-oecd-crs-energy-idn-2013-q-2026-09-28-md-6089819,line,oecd-crs-energy-idn-2013-q-2026-09-28-md-6089819,,marker,,,0,,,,,0,desertification,oecd-crs-energy-idn-2013-q-2026-09-28-md-6089819,oecd_crs_energy_microdata,1,2026-09-28,accepted,,
crs-flow-oecd-crs-energy-idn-2013-q-2026-09-28-md-6085171,line,oecd-crs-energy-idn-2013-q-2026-09-28-md-6085171,money,flow,disbursement,unknown,9944387,,,USD,USD,,,oecd-crs-energy-idn-2013-q-2026-09-28-md-6085171,oecd_crs_energy_microdata,1,2026-09-28,accepted,,"OECD Q value already in 2024 constant USD; UNIT_MULT applied, no FX or deflator rate applied"
crs-marker-biodiversity-oecd-crs-energy-idn-2013-q-2026-09-28-md-6085171,line,oecd-crs-energy-idn-2013-q-2026-09-28-md-6085171,,marker,,,0,,,,,0,biodiversity,oecd-crs-energy-idn-2013-q-2026-09-28-md-6085171,oecd_crs_energy_microdata,1,2026-09-28,accepted,,
crs-marker-mitigation-oecd-crs-energy-idn-2013-q-2026-09-28-md-6085171,line,oecd-crs-energy-idn-2013-q-2026-09-28-md-6085171,,marker,,,0,,,,,0,mitigation,oecd-crs-energy-idn-2013-q-2026-09-28-md-6085171,oecd_crs_energy_microdata,1,2026-09-28,accepted,,
crs-marker-adaptation-oecd-crs-energy-idn-2013-q-2026-09-28-md-6085171,line,oecd-crs-energy-idn-2013-q-2026-09-28-md-6085171,,marker,,,0,,,,,0,adaptation,oecd-crs-energy-idn-2013-q-2026-09-28-md-6085171,oecd_crs_energy_microdata,1,2026-09-28,accepted,,
crs-marker-desertification-oecd-crs-energy-idn-2013-q-2026-09-28-md-6085171,line,oecd-crs-energy-idn-2013-q-2026-09-28-md-6085171,,marker,,,0,,,,,0,desertification,oecd-crs-energy-idn-2013-q-2026-09-28-md-6085171,oecd_crs_energy_microdata,1,2026-09-28,accepted,,
crs-flow-oecd-crs-energy-idn-2013-q-2026-09-28-md-6068539,line,oecd-crs-energy-idn-2013-q-2026-09-28-md-6068539,money,flow,disbursement,unknown,8288779,,,USD,USD,,,oecd-crs-energy-idn-2013-q-2026-09-28-md-6068539,oecd_crs_energy_microdata,1,2026-09-28,accepted,,"OECD Q value already in 2024 constant USD; UNIT_MULT applied, no FX or deflator rate applied"
crs-marker-biodiversity-oecd-crs-energy-idn-2013-q-2026-09-28-md-6068539,line,oecd-crs-energy-idn-2013-q-2026-09-28-md-6068539,,marker,,,,,,,,not_screened,biodiversity,oecd-crs-energy-idn-2013-q-2026-09-28-md-6068539,oecd_crs_energy_microdata,1,2026-09-28,accepted,,
crs-marker-mitigation-oecd-crs-energy-idn-2013-q-2026-09-28-md-6068539,line,oecd-crs-energy-idn-2013-q-2026-09-28-md-6068539,,marker,,,0,,,,,0,mitigation,oecd-crs-energy-idn-2013-q-2026-09-28-md-6068539,oecd_crs_energy_microdata,1,2026-09-28,accepted,,
crs-marker-adaptation-oecd-crs-energy-idn-2013-q-2026-09-28-md-6068539,line,oecd-crs-energy-idn-2013-q-2026-09-28-md-6068539,,marker,,,0,,,,,0,adaptation,oecd-crs-energy-idn-2013-q-2026-09-28-md-6068539,oecd_crs_energy_microdata,1,2026-09-28,accepted,,
crs-marker-desertification-oecd-crs-energy-idn-2013-q-2026-09-28-md-6068539,line,oecd-crs-energy-idn-2013-q-2026-09-28-md-6068539,,marker,,,,,,,,not_screened,desertification,oecd-crs-energy-idn-2013-q-2026-09-28-md-6068539,oecd_crs_energy_microdata,1,2026-09-28,accepted,,
crs-flow-oecd-crs-energy-idn-2013-q-2026-09-28-md-6085147,line,oecd-crs-energy-idn-2013-q-2026-09-28-md-6085147,money,flow,disbursement,unknown,5233631,,,USD,USD,,,oecd-crs-energy-idn-2013-q-2026-09-28-md-6085147,oecd_crs_energy_microdata,1,2026-09-28,accepted,,"OECD Q value already in 2024 constant USD; UNIT_MULT applied, no FX or deflator rate applied"
crs-marker-biodiversity-oecd-crs-energy-idn-2013-q-2026-09-28-md-6085147,line,oecd-crs-energy-idn-2013-q-2026-09-28-md-6085147,,marker,,,0,,,,,0,biodiversity,oecd-crs-energy-idn-2013-q-2026-09-28-md-6085147,oecd_crs_energy_microdata,1,2026-09-28,accepted,,
crs-marker-mitigation-oecd-crs-energy-idn-2013-q-2026-09-28-md-6085147,line,oecd-crs-energy-idn-2013-q-2026-09-28-md-6085147,,marker,,,0,,,,,0,mitigation,oecd-crs-energy-idn-2013-q-2026-09-28-md-6085147,oecd_crs_energy_microdata,1,2026-09-28,accepted,,
crs-marker-adaptation-oecd-crs-energy-idn-2013-q-2026-09-28-md-6085147,line,oecd-crs-energy-idn-2013-q-2026-09-28-md-6085147,,marker,,,0,,,,,0,adaptation,oecd-crs-energy-idn-2013-q-2026-09-28-md-6085147,oecd_crs_energy_microdata,1,2026-09-28,accepted,,
crs-marker-desertification-oecd-crs-energy-idn-2013-q-2026-09-28-md-6085147,line,oecd-crs-energy-idn-2013-q-2026-09-28-md-6085147,,marker,,,0,,,,,0,desertification,oecd-crs-energy-idn-2013-q-2026-09-28-md-6085147,oecd_crs_energy_microdata,1,2026-09-28,accepted,,
crs-flow-oecd-crs-energy-idn-2013-q-2026-09-28-md-6177555,line,oecd-crs-energy-idn-2013-q-2026-09-28-md-6177555,money,flow,disbursement,unknown,62796,,,USD,USD,,,oecd-crs-energy-idn-2013-q-2026-09-28-md-6177555,oecd_crs_energy_microdata,1,2026-09-28,accepted,,"OECD Q value already in 2024 constant USD; UNIT_MULT applied, no FX or deflator rate applied"
crs-marker-biodiversity-oecd-crs-energy-idn-2013-q-2026-09-28-md-6177555,line,oecd-crs-energy-idn-2013-q-2026-09-28-md-6177555,,marker,,,,,,,,not_screened,biodiversity,oecd-crs-energy-idn-2013-q-2026-09-28-md-6177555,oecd_crs_energy_microdata,1,2026-09-28,accepted,,
crs-marker-mitigation-oecd-crs-energy-idn-2013-q-2026-09-28-md-6177555,line,oecd-crs-energy-idn-2013-q-2026-09-28-md-6177555,,marker,,,0,,,,,0,mitigation,oecd-crs-energy-idn-2013-q-2026-09-28-md-6177555,oecd_crs_energy_microdata,1,2026-09-28,accepted,,
crs-marker-adaptation-oecd-crs-energy-idn-2013-q-2026-09-28-md-6177555,line,oecd-crs-energy-idn-2013-q-2026-09-28-md-6177555,,marker,,,0,,,,,0,adaptation,oecd-crs-energy-idn-2013-q-2026-09-28-md-6177555,oecd_crs_energy_microdata,1,2026-09-28,accepted,,
crs-marker-desertification-oecd-crs-energy-idn-2013-q-2026-09-28-md-6177555,line,oecd-crs-energy-idn-2013-q-2026-09-28-md-6177555,,marker,,,,,,,,not_screened,desertification,oecd-crs-energy-idn-2013-q-2026-09-28-md-6177555,oecd_crs_energy_microdata,1,2026-09-28,accepted,,
crs-flow-oecd-crs-energy-idn-2013-q-2026-09-28-md-6216633,line,oecd-crs-energy-idn-2013-q-2026-09-28-md-6216633,money,flow,disbursement,unknown,261400,,,USD,USD,,,oecd-crs-energy-idn-2013-q-2026-09-28-md-6216633,oecd_crs_energy_microdata,1,2026-09-28,accepted,,"OECD Q value already in 2024 constant USD; UNIT_MULT applied, no FX or deflator rate applied"
crs-marker-biodiversity-oecd-crs-energy-idn-2013-q-2026-09-28-md-6216633,line,oecd-crs-energy-idn-2013-q-2026-09-28-md-6216633,,marker,,,0,,,,,0,biodiversity,oecd-crs-energy-idn-2013-q-2026-09-28-md-6216633,oecd_crs_energy_microdata,1,2026-09-28,accepted,,
crs-marker-mitigation-oecd-crs-energy-idn-2013-q-2026-09-28-md-6216633,line,oecd-crs-energy-idn-2013-q-2026-09-28-md-6216633,,marker,,,0,,,,,0,mitigation,oecd-crs-energy-idn-2013-q-2026-09-28-md-6216633,oecd_crs_energy_microdata,1,2026-09-28,accepted,,
crs-marker-adaptation-oecd-crs-energy-idn-2013-q-2026-09-28-md-6216633,line,oecd-crs-energy-idn-2013-q-2026-09-28-md-6216633,,marker,,,0,,,,,0,adaptation,oecd-crs-energy-idn-2013-q-2026-09-28-md-6216633,oecd_crs_energy_microdata,1,2026-09-28,accepted,,
crs-marker-desertification-oecd-crs-energy-idn-2013-q-2026-09-28-md-6216633,line,oecd-crs-energy-idn-2013-q-2026-09-28-md-6216633,,marker,,,0,,,,,0,desertification,oecd-crs-energy-idn-2013-q-2026-09-28-md-6216633,oecd_crs_energy_microdata,1,2026-09-28,accepted,,
crs-flow-oecd-crs-energy-idn-2013-q-2026-09-28-md-6116905,line,oecd-crs-energy-idn-2013-q-2026-09-28-md-6116905,money,flow,disbursement,unknown,230661,,,USD,USD,,,oecd-crs-energy-idn-2013-q-2026-09-28-md-6116905,oecd_crs_energy_microdata,1,2026-09-28,accepted,,"OECD Q value already in 2024 constant USD; UNIT_MULT applied, no FX or deflator rate applied"
crs-marker-biodiversity-oecd-crs-energy-idn-2013-q-2026-09-28-md-6116905,line,oecd-crs-energy-idn-2013-q-2026-09-28-md-6116905,,marker,,,0,,,,,0,biodiversity,oecd-crs-energy-idn-2013-q-2026-09-28-md-6116905,oecd_crs_energy_microdata,1,2026-09-28,accepted,,
crs-marker-mitigation-oecd-crs-energy-idn-2013-q-2026-09-28-md-6116905,line,oecd-crs-energy-idn-2013-q-2026-09-28-md-6116905,,marker,,,2,,,,,2,mitigation,oecd-crs-energy-idn-2013-q-2026-09-28-md-6116905,oecd_crs_energy_microdata,1,2026-09-28,accepted,,
crs-marker-adaptation-oecd-crs-energy-idn-2013-q-2026-09-28-md-6116905,line,oecd-crs-energy-idn-2013-q-2026-09-28-md-6116905,,marker,,,0,,,,,0,adaptation,oecd-crs-energy-idn-2013-q-2026-09-28-md-6116905,oecd_crs_energy_microdata,1,2026-09-28,accepted,,
crs-marker-desertification-oecd-crs-energy-idn-2013-q-2026-09-28-md-6116905,line,oecd-crs-energy-idn-2013-q-2026-09-28-md-6116905,,marker,,,0,,,,,0,desertification,oecd-crs-energy-idn-2013-q-2026-09-28-md-6116905,oecd_crs_energy_microdata,1,2026-09-28,accepted,,
crs-flow-oecd-crs-energy-idn-2013-q-2026-09-28-md-6114579,line,oecd-crs-energy-idn-2013-q-2026-09-28-md-6114579,money,flow,disbursement,unknown,2003974,,,USD,USD,,,oecd-crs-energy-idn-2013-q-2026-09-28-md-6114579,oecd_crs_energy_microdata,1,2026-09-28,accepted,,"OECD Q value already in 2024 constant USD; UNIT_MULT applied, no FX or deflator rate applied"
crs-marker-biodiversity-oecd-crs-energy-idn-2013-q-2026-09-28-md-6114579,line,oecd-crs-energy-idn-2013-q-2026-09-28-md-6114579,,marker,,,,,,,,not_screened,biodiversity,oecd-crs-energy-idn-2013-q-2026-09-28-md-6114579,oecd_crs_energy_microdata,1,2026-09-28,accepted,,
crs-marker-mitigation-oecd-crs-energy-idn-2013-q-2026-09-28-md-6114579,line,oecd-crs-energy-idn-2013-q-2026-09-28-md-6114579,,marker,,,,,,,,not_screened,mitigation,oecd-crs-energy-idn-2013-q-2026-09-28-md-6114579,oecd_crs_energy_microdata,1,2026-09-28,accepted,,
crs-marker-adaptation-oecd-crs-energy-idn-2013-q-2026-09-28-md-6114579,line,oecd-crs-energy-idn-2013-q-2026-09-28-md-6114579,,marker,,,,,,,,not_screened,adaptation,oecd-crs-energy-idn-2013-q-2026-09-28-md-6114579,oecd_crs_energy_microdata,1,2026-09-28,accepted,,
crs-marker-desertification-oecd-crs-energy-idn-2013-q-2026-09-28-md-6114579,line,oecd-crs-energy-idn-2013-q-2026-09-28-md-6114579,,marker,,,,,,,,not_screened,desertification,oecd-crs-energy-idn-2013-q-2026-09-28-md-6114579,oecd_crs_energy_microdata,1,2026-09-28,accepted,,
crs-flow-oecd-crs-energy-idn-2013-q-2026-09-28-md-6114501,line,oecd-crs-energy-idn-2013-q-2026-09-28-md-6114501,money,flow,disbursement,unknown,121955,,,USD,USD,,,oecd-crs-energy-idn-2013-q-2026-09-28-md-6114501,oecd_crs_energy_microdata,1,2026-09-28,accepted,,"OECD Q value already in 2024 constant USD; UNIT_MULT applied, no FX or deflator rate applied"
crs-marker-biodiversity-oecd-crs-energy-idn-2013-q-2026-09-28-md-6114501,line,oecd-crs-energy-idn-2013-q-2026-09-28-md-6114501,,marker,,,,,,,,not_screened,biodiversity,oecd-crs-energy-idn-2013-q-2026-09-28-md-6114501,oecd_crs_energy_microdata,1,2026-09-28,accepted,,
crs-marker-mitigation-oecd-crs-energy-idn-2013-q-2026-09-28-md-6114501,line,oecd-crs-energy-idn-2013-q-2026-09-28-md-6114501,,marker,,,,,,,,not_screened,mitigation,oecd-crs-energy-idn-2013-q-2026-09-28-md-6114501,oecd_crs_energy_microdata,1,2026-09-28,accepted,,
crs-marker-adaptation-oecd-crs-energy-idn-2013-q-2026-09-28-md-6114501,line,oecd-crs-energy-idn-2013-q-2026-09-28-md-6114501,,marker,,,,,,,,not_screened,adaptation,oecd-crs-energy-idn-2013-q-2026-09-28-md-6114501,oecd_crs_energy_microdata,1,2026-09-28,accepted,,
crs-marker-desertification-oecd-crs-energy-idn-2013-q-2026-09-28-md-6114501,line,oecd-crs-energy-idn-2013-q-2026-09-28-md-6114501,,marker,,,,,,,,not_screened,desertification,oecd-crs-energy-idn-2013-q-2026-09-28-md-6114501,oecd_crs_energy_microdata,1,2026-09-28,accepted,,
crs-flow-oecd-crs-energy-idn-2013-q-2026-09-28-md-6114602,line,oecd-crs-energy-idn-2013-q-2026-09-28-md-6114602,money,flow,disbursement,unknown,8473,,,USD,USD,,,oecd-crs-energy-idn-2013-q-2026-09-28-md-6114602,oecd_crs_energy_microdata,1,2026-09-28,accepted,,"OECD Q value already in 2024 constant USD; UNIT_MULT applied, no FX or deflator rate applied"
crs-marker-biodiversity-oecd-crs-energy-idn-2013-q-2026-09-28-md-6114602,line,oecd-crs-energy-idn-2013-q-2026-09-28-md-6114602,,marker,,,,,,,,not_screened,biodiversity,oecd-crs-energy-idn-2013-q-2026-09-28-md-6114602,oecd_crs_energy_microdata,1,2026-09-28,accepted,,
crs-marker-mitigation-oecd-crs-energy-idn-2013-q-2026-09-28-md-6114602,line,oecd-crs-energy-idn-2013-q-2026-09-28-md-6114602,,marker,,,,,,,,not_screened,mitigation,oecd-crs-energy-idn-2013-q-2026-09-28-md-6114602,oecd_crs_energy_microdata,1,2026-09-28,accepted,,
crs-marker-adaptation-oecd-crs-energy-idn-2013-q-2026-09-28-md-6114602,line,oecd-crs-energy-idn-2013-q-2026-09-28-md-6114602,,marker,,,,,,,,not_screened,adaptation,oecd-crs-energy-idn-2013-q-2026-09-28-md-6114602,oecd_crs_energy_microdata,1,2026-09-28,accepted,,
crs-marker-desertification-oecd-crs-energy-idn-2013-q-2026-09-28-md-6114602,line,oecd-crs-energy-idn-2013-q-2026-09-28-md-6114602,,marker,,,,,,,,not_screened,desertification,oecd-crs-energy-idn-2013-q-2026-09-28-md-6114602,oecd_crs_energy_microdata,1,2026-09-28,accepted,,
crs-flow-oecd-crs-energy-idn-2013-q-2026-09-28-md-6114500,line,oecd-crs-energy-idn-2013-q-2026-09-28-md-6114500,money,flow,disbursement,unknown,482731,,,USD,USD,,,oecd-crs-energy-idn-2013-q-2026-09-28-md-6114500,oecd_crs_energy_microdata,1,2026-09-28,accepted,,"OECD Q value already in 2024 constant USD; UNIT_MULT applied, no FX or deflator rate applied"
crs-marker-biodiversity-oecd-crs-energy-idn-2013-q-2026-09-28-md-6114500,line,oecd-crs-energy-idn-2013-q-2026-09-28-md-6114500,,marker,,,,,,,,not_screened,biodiversity,oecd-crs-energy-idn-2013-q-2026-09-28-md-6114500,oecd_crs_energy_microdata,1,2026-09-28,accepted,,
crs-marker-mitigation-oecd-crs-energy-idn-2013-q-2026-09-28-md-6114500,line,oecd-crs-energy-idn-2013-q-2026-09-28-md-6114500,,marker,,,,,,,,not_screened,mitigation,oecd-crs-energy-idn-2013-q-2026-09-28-md-6114500,oecd_crs_energy_microdata,1,2026-09-28,accepted,,
crs-marker-adaptation-oecd-crs-energy-idn-2013-q-2026-09-28-md-6114500,line,oecd-crs-energy-idn-2013-q-2026-09-28-md-6114500,,marker,,,,,,,,not_screened,adaptation,oecd-crs-energy-idn-2013-q-2026-09-28-md-6114500,oecd_crs_energy_microdata,1,2026-09-28,accepted,,
crs-marker-desertification-oecd-crs-energy-idn-2013-q-2026-09-28-md-6114500,line,oecd-crs-energy-idn-2013-q-2026-09-28-md-6114500,,marker,,,,,,,,not_screened,desertification,oecd-crs-energy-idn-2013-q-2026-09-28-md-6114500,oecd_crs_energy_microdata,1,2026-09-28,accepted,,
crs-flow-oecd-crs-energy-idn-2013-q-2026-09-28-md-6105522,line,oecd-crs-energy-idn-2013-q-2026-09-28-md-6105522,money,flow,disbursement,unknown,1610431,,,USD,USD,,,oecd-crs-energy-idn-2013-q-2026-09-28-md-6105522,oecd_crs_energy_microdata,1,2026-09-28,accepted,,"OECD Q value already in 2024 constant USD; UNIT_MULT applied, no FX or deflator rate applied"
crs-marker-biodiversity-oecd-crs-energy-idn-2013-q-2026-09-28-md-6105522,line,oecd-crs-energy-idn-2013-q-2026-09-28-md-6105522,,marker,,,0,,,,,0,biodiversity,oecd-crs-energy-idn-2013-q-2026-09-28-md-6105522,oecd_crs_energy_microdata,1,2026-09-28,accepted,,
crs-marker-mitigation-oecd-crs-energy-idn-2013-q-2026-09-28-md-6105522,line,oecd-crs-energy-idn-2013-q-2026-09-28-md-6105522,,marker,,,2,,,,,2,mitigation,oecd-crs-energy-idn-2013-q-2026-09-28-md-6105522,oecd_crs_energy_microdata,1,2026-09-28,accepted,,
crs-marker-adaptation-oecd-crs-energy-idn-2013-q-2026-09-28-md-6105522,line,oecd-crs-energy-idn-2013-q-2026-09-28-md-6105522,,marker,,,0,,,,,0,adaptation,oecd-crs-energy-idn-2013-q-2026-09-28-md-6105522,oecd_crs_energy_microdata,1,2026-09-28,accepted,,
crs-marker-desertification-oecd-crs-energy-idn-2013-q-2026-09-28-md-6105522,line,oecd-crs-energy-idn-2013-q-2026-09-28-md-6105522,,marker,,,0,,,,,0,desertification,oecd-crs-energy-idn-2013-q-2026-09-28-md-6105522,oecd_crs_energy_microdata,1,2026-09-28,accepted,,
crs-flow-oecd-crs-energy-idn-2013-q-2026-09-28-md-6114731,line,oecd-crs-energy-idn-2013-q-2026-09-28-md-6114731,money,flow,disbursement,unknown,419640,,,USD,USD,,,oecd-crs-energy-idn-2013-q-2026-09-28-md-6114731,oecd_crs_energy_microdata,1,2026-09-28,accepted,,"OECD Q value already in 2024 constant USD; UNIT_MULT applied, no FX or deflator rate applied"
crs-marker-biodiversity-oecd-crs-energy-idn-2013-q-2026-09-28-md-6114731,line,oecd-crs-energy-idn-2013-q-2026-09-28-md-6114731,,marker,,,,,,,,not_screened,biodiversity,oecd-crs-energy-idn-2013-q-2026-09-28-md-6114731,oecd_crs_energy_microdata,1,2026-09-28,accepted,,
crs-marker-mitigation-oecd-crs-energy-idn-2013-q-2026-09-28-md-6114731,line,oecd-crs-energy-idn-2013-q-2026-09-28-md-6114731,,marker,,,,,,,,not_screened,mitigation,oecd-crs-energy-idn-2013-q-2026-09-28-md-6114731,oecd_crs_energy_microdata,1,2026-09-28,accepted,,
crs-marker-adaptation-oecd-crs-energy-idn-2013-q-2026-09-28-md-6114731,line,oecd-crs-energy-idn-2013-q-2026-09-28-md-6114731,,marker,,,,,,,,not_screened,adaptation,oecd-crs-energy-idn-2013-q-2026-09-28-md-6114731,oecd_crs_energy_microdata,1,2026-09-28,accepted,,
crs-marker-desertification-oecd-crs-energy-idn-2013-q-2026-09-28-md-6114731,line,oecd-crs-energy-idn-2013-q-2026-09-28-md-6114731,,marker,,,,,,,,not_screened,desertification,oecd-crs-energy-idn-2013-q-2026-09-28-md-6114731,oecd_crs_energy_microdata,1,2026-09-28,accepted,,
crs-flow-oecd-crs-energy-idn-2013-q-2026-09-28-md-5787110,line,oecd-crs-energy-idn-2013-q-2026-09-28-md-5787110,money,flow,commitment,unknown,5965178,,,USD,USD,,,oecd-crs-energy-idn-2013-q-2026-09-28-md-5787110,oecd_crs_energy_microdata,1,2026-09-28,accepted,,"OECD Q value already in 2024 constant USD; UNIT_MULT applied, no FX or deflator rate applied"
crs-marker-biodiversity-oecd-crs-energy-idn-2013-q-2026-09-28-md-5787110,line,oecd-crs-energy-idn-2013-q-2026-09-28-md-5787110,,marker,,,,,,,,not_screened,biodiversity,oecd-crs-energy-idn-2013-q-2026-09-28-md-5787110,oecd_crs_energy_microdata,1,2026-09-28,accepted,,
crs-marker-mitigation-oecd-crs-energy-idn-2013-q-2026-09-28-md-5787110,line,oecd-crs-energy-idn-2013-q-2026-09-28-md-5787110,,marker,,,,,,,,not_screened,mitigation,oecd-crs-energy-idn-2013-q-2026-09-28-md-5787110,oecd_crs_energy_microdata,1,2026-09-28,accepted,,
crs-marker-adaptation-oecd-crs-energy-idn-2013-q-2026-09-28-md-5787110,line,oecd-crs-energy-idn-2013-q-2026-09-28-md-5787110,,marker,,,,,,,,not_screened,adaptation,oecd-crs-energy-idn-2013-q-2026-09-28-md-5787110,oecd_crs_energy_microdata,1,2026-09-28,accepted,,
crs-marker-desertification-oecd-crs-energy-idn-2013-q-2026-09-28-md-5787110,line,oecd-crs-energy-idn-2013-q-2026-09-28-md-5787110,,marker,,,,,,,,not_screened,desertification,oecd-crs-energy-idn-2013-q-2026-09-28-md-5787110,oecd_crs_energy_microdata,1,2026-09-28,accepted,,
crs-flow-oecd-crs-energy-idn-2013-q-2026-09-28-md-6119617,line,oecd-crs-energy-idn-2013-q-2026-09-28-md-6119617,money,flow,disbursement,unknown,59930,,,USD,USD,,,oecd-crs-energy-idn-2013-q-2026-09-28-md-6119617,oecd_crs_energy_microdata,1,2026-09-28,accepted,,"OECD Q value already in 2024 constant USD; UNIT_MULT applied, no FX or deflator rate applied"
crs-marker-biodiversity-oecd-crs-energy-idn-2013-q-2026-09-28-md-6119617,line,oecd-crs-energy-idn-2013-q-2026-09-28-md-6119617,,marker,,,,,,,,not_screened,biodiversity,oecd-crs-energy-idn-2013-q-2026-09-28-md-6119617,oecd_crs_energy_microdata,1,2026-09-28,accepted,,
crs-marker-mitigation-oecd-crs-energy-idn-2013-q-2026-09-28-md-6119617,line,oecd-crs-energy-idn-2013-q-2026-09-28-md-6119617,,marker,,,,,,,,not_screened,mitigation,oecd-crs-energy-idn-2013-q-2026-09-28-md-6119617,oecd_crs_energy_microdata,1,2026-09-28,accepted,,
crs-marker-adaptation-oecd-crs-energy-idn-2013-q-2026-09-28-md-6119617,line,oecd-crs-energy-idn-2013-q-2026-09-28-md-6119617,,marker,,,,,,,,not_screened,adaptation,oecd-crs-energy-idn-2013-q-2026-09-28-md-6119617,oecd_crs_energy_microdata,1,2026-09-28,accepted,,
crs-marker-desertification-oecd-crs-energy-idn-2013-q-2026-09-28-md-6119617,line,oecd-crs-energy-idn-2013-q-2026-09-28-md-6119617,,marker,,,,,,,,not_screened,desertification,oecd-crs-energy-idn-2013-q-2026-09-28-md-6119617,oecd_crs_energy_microdata,1,2026-09-28,accepted,,
crs-flow-oecd-crs-energy-idn-2013-q-2026-09-28-md-5792311,line,oecd-crs-energy-idn-2013-q-2026-09-28-md-5792311,money,flow,commitment,unknown,67011,,,USD,USD,,,oecd-crs-energy-idn-2013-q-2026-09-28-md-5792311,oecd_crs_energy_microdata,1,2026-09-28,accepted,,"OECD Q value already in 2024 constant USD; UNIT_MULT applied, no FX or deflator rate applied"
crs-marker-biodiversity-oecd-crs-energy-idn-2013-q-2026-09-28-md-5792311,line,oecd-crs-energy-idn-2013-q-2026-09-28-md-5792311,,marker,,,,,,,,not_screened,biodiversity,oecd-crs-energy-idn-2013-q-2026-09-28-md-5792311,oecd_crs_energy_microdata,1,2026-09-28,accepted,,
crs-marker-mitigation-oecd-crs-energy-idn-2013-q-2026-09-28-md-5792311,line,oecd-crs-energy-idn-2013-q-2026-09-28-md-5792311,,marker,,,,,,,,not_screened,mitigation,oecd-crs-energy-idn-2013-q-2026-09-28-md-5792311,oecd_crs_energy_microdata,1,2026-09-28,accepted,,
crs-marker-adaptation-oecd-crs-energy-idn-2013-q-2026-09-28-md-5792311,line,oecd-crs-energy-idn-2013-q-2026-09-28-md-5792311,,marker,,,,,,,,not_screened,adaptation,oecd-crs-energy-idn-2013-q-2026-09-28-md-5792311,oecd_crs_energy_microdata,1,2026-09-28,accepted,,
crs-marker-desertification-oecd-crs-energy-idn-2013-q-2026-09-28-md-5792311,line,oecd-crs-energy-idn-2013-q-2026-09-28-md-5792311,,marker,,,,,,,,not_screened,desertification,oecd-crs-energy-idn-2013-q-2026-09-28-md-5792311,oecd_crs_energy_microdata,1,2026-09-28,accepted,,
crs-flow-oecd-crs-energy-idn-2013-q-2026-09-28-md-6106253,line,oecd-crs-energy-idn-2013-q-2026-09-28-md-6106253,money,flow,disbursement,unknown,657940,,,USD,USD,,,oecd-crs-energy-idn-2013-q-2026-09-28-md-6106253,oecd_crs_energy_microdata,1,2026-09-28,accepted,,"OECD Q value already in 2024 constant USD; UNIT_MULT applied, no FX or deflator rate applied"
crs-marker-biodiversity-oecd-crs-energy-idn-2013-q-2026-09-28-md-6106253,line,oecd-crs-energy-idn-2013-q-2026-09-28-md-6106253,,marker,,,0,,,,,0,biodiversity,oecd-crs-energy-idn-2013-q-2026-09-28-md-6106253,oecd_crs_energy_microdata,1,2026-09-28,accepted,,
crs-marker-mitigation-oecd-crs-energy-idn-2013-q-2026-09-28-md-6106253,line,oecd-crs-energy-idn-2013-q-2026-09-28-md-6106253,,marker,,,2,,,,,2,mitigation,oecd-crs-energy-idn-2013-q-2026-09-28-md-6106253,oecd_crs_energy_microdata,1,2026-09-28,accepted,,
crs-marker-adaptation-oecd-crs-energy-idn-2013-q-2026-09-28-md-6106253,line,oecd-crs-energy-idn-2013-q-2026-09-28-md-6106253,,marker,,,0,,,,,0,adaptation,oecd-crs-energy-idn-2013-q-2026-09-28-md-6106253,oecd_crs_energy_microdata,1,2026-09-28,accepted,,
crs-marker-desertification-oecd-crs-energy-idn-2013-q-2026-09-28-md-6106253,line,oecd-crs-energy-idn-2013-q-2026-09-28-md-6106253,,marker,,,0,,,,,0,desertification,oecd-crs-energy-idn-2013-q-2026-09-28-md-6106253,oecd_crs_energy_microdata,1,2026-09-28,accepted,,
crs-flow-oecd-crs-energy-idn-2013-q-2026-09-28-md-6185742,line,oecd-crs-energy-idn-2013-q-2026-09-28-md-6185742,money,flow,disbursement,unknown,144355,,,USD,USD,,,oecd-crs-energy-idn-2013-q-2026-09-28-md-6185742,oecd_crs_energy_microdata,1,2026-09-28,accepted,,"OECD Q value already in 2024 constant USD; UNIT_MULT applied, no FX or deflator rate applied"
crs-marker-biodiversity-oecd-crs-energy-idn-2013-q-2026-09-28-md-6185742,line,oecd-crs-energy-idn-2013-q-2026-09-28-md-6185742,,marker,,,0,,,,,0,biodiversity,oecd-crs-energy-idn-2013-q-2026-09-28-md-6185742,oecd_crs_energy_microdata,1,2026-09-28,accepted,,
crs-marker-mitigation-oecd-crs-energy-idn-2013-q-2026-09-28-md-6185742,line,oecd-crs-energy-idn-2013-q-2026-09-28-md-6185742,,marker,,,1,,,,,1,mitigation,oecd-crs-energy-idn-2013-q-2026-09-28-md-6185742,oecd_crs_energy_microdata,1,2026-09-28,accepted,,
crs-marker-adaptation-oecd-crs-energy-idn-2013-q-2026-09-28-md-6185742,line,oecd-crs-energy-idn-2013-q-2026-09-28-md-6185742,,marker,,,0,,,,,0,adaptation,oecd-crs-energy-idn-2013-q-2026-09-28-md-6185742,oecd_crs_energy_microdata,1,2026-09-28,accepted,,
crs-marker-desertification-oecd-crs-energy-idn-2013-q-2026-09-28-md-6185742,line,oecd-crs-energy-idn-2013-q-2026-09-28-md-6185742,,marker,,,0,,,,,0,desertification,oecd-crs-energy-idn-2013-q-2026-09-28-md-6185742,oecd_crs_energy_microdata,1,2026-09-28,accepted,,
crs-flow-oecd-crs-energy-idn-2013-q-2026-09-28-md-6172743,line,oecd-crs-energy-idn-2013-q-2026-09-28-md-6172743,money,flow,disbursement,unknown,2367807,,,USD,USD,,,oecd-crs-energy-idn-2013-q-2026-09-28-md-6172743,oecd_crs_energy_microdata,1,2026-09-28,accepted,,"OECD Q value already in 2024 constant USD; UNIT_MULT applied, no FX or deflator rate applied"
crs-marker-biodiversity-oecd-crs-energy-idn-2013-q-2026-09-28-md-6172743,line,oecd-crs-energy-idn-2013-q-2026-09-28-md-6172743,,marker,,,0,,,,,0,biodiversity,oecd-crs-energy-idn-2013-q-2026-09-28-md-6172743,oecd_crs_energy_microdata,1,2026-09-28,accepted,,
crs-marker-mitigation-oecd-crs-energy-idn-2013-q-2026-09-28-md-6172743,line,oecd-crs-energy-idn-2013-q-2026-09-28-md-6172743,,marker,,,2,,,,,2,mitigation,oecd-crs-energy-idn-2013-q-2026-09-28-md-6172743,oecd_crs_energy_microdata,1,2026-09-28,accepted,,
crs-marker-adaptation-oecd-crs-energy-idn-2013-q-2026-09-28-md-6172743,line,oecd-crs-energy-idn-2013-q-2026-09-28-md-6172743,,marker,,,0,,,,,0,adaptation,oecd-crs-energy-idn-2013-q-2026-09-28-md-6172743,oecd_crs_energy_microdata,1,2026-09-28,accepted,,
crs-marker-desertification-oecd-crs-energy-idn-2013-q-2026-09-28-md-6172743,line,oecd-crs-energy-idn-2013-q-2026-09-28-md-6172743,,marker,,,0,,,,,0,desertification,oecd-crs-energy-idn-2013-q-2026-09-28-md-6172743,oecd_crs_energy_microdata,1,2026-09-28,accepted,,
crs-flow-oecd-crs-energy-idn-2013-q-2026-09-28-md-5839632,line,oecd-crs-energy-idn-2013-q-2026-09-28-md-5839632,money,flow,commitment,unknown,145544,,,USD,USD,,,oecd-crs-energy-idn-2013-q-2026-09-28-md-5839632,oecd_crs_energy_microdata,1,2026-09-28,accepted,,"OECD Q value already in 2024 constant USD; UNIT_MULT applied, no FX or deflator rate applied"
crs-marker-biodiversity-oecd-crs-energy-idn-2013-q-2026-09-28-md-5839632,line,oecd-crs-energy-idn-2013-q-2026-09-28-md-5839632,,marker,,,0,,,,,0,biodiversity,oecd-crs-energy-idn-2013-q-2026-09-28-md-5839632,oecd_crs_energy_microdata,1,2026-09-28,accepted,,
crs-marker-mitigation-oecd-crs-energy-idn-2013-q-2026-09-28-md-5839632,line,oecd-crs-energy-idn-2013-q-2026-09-28-md-5839632,,marker,,,2,,,,,2,mitigation,oecd-crs-energy-idn-2013-q-2026-09-28-md-5839632,oecd_crs_energy_microdata,1,2026-09-28,accepted,,
crs-marker-adaptation-oecd-crs-energy-idn-2013-q-2026-09-28-md-5839632,line,oecd-crs-energy-idn-2013-q-2026-09-28-md-5839632,,marker,,,0,,,,,0,adaptation,oecd-crs-energy-idn-2013-q-2026-09-28-md-5839632,oecd_crs_energy_microdata,1,2026-09-28,accepted,,
crs-marker-desertification-oecd-crs-energy-idn-2013-q-2026-09-28-md-5839632,line,oecd-crs-energy-idn-2013-q-2026-09-28-md-5839632,,marker,,,0,,,,,0,desertification,oecd-crs-energy-idn-2013-q-2026-09-28-md-5839632,oecd_crs_energy_microdata,1,2026-09-28,accepted,,
crs-flow-oecd-crs-energy-idn-2013-q-2026-09-28-md-6178527,line,oecd-crs-energy-idn-2013-q-2026-09-28-md-6178527,money,flow,disbursement,unknown,9865,,,USD,USD,,,oecd-crs-energy-idn-2013-q-2026-09-28-md-6178527,oecd_crs_energy_microdata,1,2026-09-28,accepted,,"OECD Q value already in 2024 constant USD; UNIT_MULT applied, no FX or deflator rate applied"
crs-marker-biodiversity-oecd-crs-energy-idn-2013-q-2026-09-28-md-6178527,line,oecd-crs-energy-idn-2013-q-2026-09-28-md-6178527,,marker,,,0,,,,,0,biodiversity,oecd-crs-energy-idn-2013-q-2026-09-28-md-6178527,oecd_crs_energy_microdata,1,2026-09-28,accepted,,
crs-marker-mitigation-oecd-crs-energy-idn-2013-q-2026-09-28-md-6178527,line,oecd-crs-energy-idn-2013-q-2026-09-28-md-6178527,,marker,,,2,,,,,2,mitigation,oecd-crs-energy-idn-2013-q-2026-09-28-md-6178527,oecd_crs_energy_microdata,1,2026-09-28,accepted,,
crs-marker-adaptation-oecd-crs-energy-idn-2013-q-2026-09-28-md-6178527,line,oecd-crs-energy-idn-2013-q-2026-09-28-md-6178527,,marker,,,0,,,,,0,adaptation,oecd-crs-energy-idn-2013-q-2026-09-28-md-6178527,oecd_crs_energy_microdata,1,2026-09-28,accepted,,
crs-marker-desertification-oecd-crs-energy-idn-2013-q-2026-09-28-md-6178527,line,oecd-crs-energy-idn-2013-q-2026-09-28-md-6178527,,marker,,,0,,,,,0,desertification,oecd-crs-energy-idn-2013-q-2026-09-28-md-6178527,oecd_crs_energy_microdata,1,2026-09-28,accepted,,
crs-flow-oecd-crs-energy-idn-2013-q-2026-09-28-md-5813182,line,oecd-crs-energy-idn-2013-q-2026-09-28-md-5813182,money,flow,commitment,unknown,751996,,,USD,USD,,,oecd-crs-energy-idn-2013-q-2026-09-28-md-5813182,oecd_crs_energy_microdata,1,2026-09-28,accepted,,"OECD Q value already in 2024 constant USD; UNIT_MULT applied, no FX or deflator rate applied"
crs-marker-biodiversity-oecd-crs-energy-idn-2013-q-2026-09-28-md-5813182,line,oecd-crs-energy-idn-2013-q-2026-09-28-md-5813182,,marker,,,0,,,,,0,biodiversity,oecd-crs-energy-idn-2013-q-2026-09-28-md-5813182,oecd_crs_energy_microdata,1,2026-09-28,accepted,,
crs-marker-mitigation-oecd-crs-energy-idn-2013-q-2026-09-28-md-5813182,line,oecd-crs-energy-idn-2013-q-2026-09-28-md-5813182,,marker,,,0,,,,,0,mitigation,oecd-crs-energy-idn-2013-q-2026-09-28-md-5813182,oecd_crs_energy_microdata,1,2026-09-28,accepted,,
crs-marker-adaptation-oecd-crs-energy-idn-2013-q-2026-09-28-md-5813182,line,oecd-crs-energy-idn-2013-q-2026-09-28-md-5813182,,marker,,,,,,,,not_screened,adaptation,oecd-crs-energy-idn-2013-q-2026-09-28-md-5813182,oecd_crs_energy_microdata,1,2026-09-28,accepted,,
crs-marker-desertification-oecd-crs-energy-idn-2013-q-2026-09-28-md-5813182,line,oecd-crs-energy-idn-2013-q-2026-09-28-md-5813182,,marker,,,0,,,,,0,desertification,oecd-crs-energy-idn-2013-q-2026-09-28-md-5813182,oecd_crs_energy_microdata,1,2026-09-28,accepted,,
crs-flow-oecd-crs-energy-idn-2013-q-2026-09-28-md-6141910,line,oecd-crs-energy-idn-2013-q-2026-09-28-md-6141910,money,flow,disbursement,unknown,150661,,,USD,USD,,,oecd-crs-energy-idn-2013-q-2026-09-28-md-6141910,oecd_crs_energy_microdata,1,2026-09-28,accepted,,"OECD Q value already in 2024 constant USD; UNIT_MULT applied, no FX or deflator rate applied"
crs-marker-biodiversity-oecd-crs-energy-idn-2013-q-2026-09-28-md-6141910,line,oecd-crs-energy-idn-2013-q-2026-09-28-md-6141910,,marker,,,0,,,,,0,biodiversity,oecd-crs-energy-idn-2013-q-2026-09-28-md-6141910,oecd_crs_energy_microdata,1,2026-09-28,accepted,,
crs-marker-mitigation-oecd-crs-energy-idn-2013-q-2026-09-28-md-6141910,line,oecd-crs-energy-idn-2013-q-2026-09-28-md-6141910,,marker,,,0,,,,,0,mitigation,oecd-crs-energy-idn-2013-q-2026-09-28-md-6141910,oecd_crs_energy_microdata,1,2026-09-28,accepted,,
crs-marker-adaptation-oecd-crs-energy-idn-2013-q-2026-09-28-md-6141910,line,oecd-crs-energy-idn-2013-q-2026-09-28-md-6141910,,marker,,,,,,,,not_screened,adaptation,oecd-crs-energy-idn-2013-q-2026-09-28-md-6141910,oecd_crs_energy_microdata,1,2026-09-28,accepted,,
crs-marker-desertification-oecd-crs-energy-idn-2013-q-2026-09-28-md-6141910,line,oecd-crs-energy-idn-2013-q-2026-09-28-md-6141910,,marker,,,0,,,,,0,desertification,oecd-crs-energy-idn-2013-q-2026-09-28-md-6141910,oecd_crs_energy_microdata,1,2026-09-28,accepted,,
crs-flow-oecd-crs-energy-idn-2013-q-2026-09-28-md-5765959,line,oecd-crs-energy-idn-2013-q-2026-09-28-md-5765959,money,flow,commitment,unknown,55718,,,USD,USD,,,oecd-crs-energy-idn-2013-q-2026-09-28-md-5765959,oecd_crs_energy_microdata,1,2026-09-28,accepted,,"OECD Q value already in 2024 constant USD; UNIT_MULT applied, no FX or deflator rate applied"
crs-marker-biodiversity-oecd-crs-energy-idn-2013-q-2026-09-28-md-5765959,line,oecd-crs-energy-idn-2013-q-2026-09-28-md-5765959,,marker,,,0,,,,,0,biodiversity,oecd-crs-energy-idn-2013-q-2026-09-28-md-5765959,oecd_crs_energy_microdata,1,2026-09-28,accepted,,
crs-marker-mitigation-oecd-crs-energy-idn-2013-q-2026-09-28-md-5765959,line,oecd-crs-energy-idn-2013-q-2026-09-28-md-5765959,,marker,,,2,,,,,2,mitigation,oecd-crs-energy-idn-2013-q-2026-09-28-md-5765959,oecd_crs_energy_microdata,1,2026-09-28,accepted,,
crs-marker-adaptation-oecd-crs-energy-idn-2013-q-2026-09-28-md-5765959,line,oecd-crs-energy-idn-2013-q-2026-09-28-md-5765959,,marker,,,0,,,,,0,adaptation,oecd-crs-energy-idn-2013-q-2026-09-28-md-5765959,oecd_crs_energy_microdata,1,2026-09-28,accepted,,
crs-marker-desertification-oecd-crs-energy-idn-2013-q-2026-09-28-md-5765959,line,oecd-crs-energy-idn-2013-q-2026-09-28-md-5765959,,marker,,,0,,,,,0,desertification,oecd-crs-energy-idn-2013-q-2026-09-28-md-5765959,oecd_crs_energy_microdata,1,2026-09-28,accepted,,
crs-flow-oecd-crs-energy-idn-2013-q-2026-09-28-md-6087299,line,oecd-crs-energy-idn-2013-q-2026-09-28-md-6087299,money,flow,disbursement,unknown,55718,,,USD,USD,,,oecd-crs-energy-idn-2013-q-2026-09-28-md-6087299,oecd_crs_energy_microdata,1,2026-09-28,accepted,,"OECD Q value already in 2024 constant USD; UNIT_MULT applied, no FX or deflator rate applied"
crs-marker-biodiversity-oecd-crs-energy-idn-2013-q-2026-09-28-md-6087299,line,oecd-crs-energy-idn-2013-q-2026-09-28-md-6087299,,marker,,,0,,,,,0,biodiversity,oecd-crs-energy-idn-2013-q-2026-09-28-md-6087299,oecd_crs_energy_microdata,1,2026-09-28,accepted,,
crs-marker-mitigation-oecd-crs-energy-idn-2013-q-2026-09-28-md-6087299,line,oecd-crs-energy-idn-2013-q-2026-09-28-md-6087299,,marker,,,2,,,,,2,mitigation,oecd-crs-energy-idn-2013-q-2026-09-28-md-6087299,oecd_crs_energy_microdata,1,2026-09-28,accepted,,
crs-marker-adaptation-oecd-crs-energy-idn-2013-q-2026-09-28-md-6087299,line,oecd-crs-energy-idn-2013-q-2026-09-28-md-6087299,,marker,,,0,,,,,0,adaptation,oecd-crs-energy-idn-2013-q-2026-09-28-md-6087299,oecd_crs_energy_microdata,1,2026-09-28,accepted,,
crs-marker-desertification-oecd-crs-energy-idn-2013-q-2026-09-28-md-6087299,line,oecd-crs-energy-idn-2013-q-2026-09-28-md-6087299,,marker,,,0,,,,,0,desertification,oecd-crs-energy-idn-2013-q-2026-09-28-md-6087299,oecd_crs_energy_microdata,1,2026-09-28,accepted,,
crs-flow-oecd-crs-energy-idn-2013-q-2026-09-28-md-6068540,line,oecd-crs-energy-idn-2013-q-2026-09-28-md-6068540,money,flow,disbursement,unknown,54008,,,USD,USD,,,oecd-crs-energy-idn-2013-q-2026-09-28-md-6068540,oecd_crs_energy_microdata,1,2026-09-28,accepted,,"OECD Q value already in 2024 constant USD; UNIT_MULT applied, no FX or deflator rate applied"
crs-marker-biodiversity-oecd-crs-energy-idn-2013-q-2026-09-28-md-6068540,line,oecd-crs-energy-idn-2013-q-2026-09-28-md-6068540,,marker,,,,,,,,not_screened,biodiversity,oecd-crs-energy-idn-2013-q-2026-09-28-md-6068540,oecd_crs_energy_microdata,1,2026-09-28,accepted,,
crs-marker-mitigation-oecd-crs-energy-idn-2013-q-2026-09-28-md-6068540,line,oecd-crs-energy-idn-2013-q-2026-09-28-md-6068540,,marker,,,0,,,,,0,mitigation,oecd-crs-energy-idn-2013-q-2026-09-28-md-6068540,oecd_crs_energy_microdata,1,2026-09-28,accepted,,
crs-marker-adaptation-oecd-crs-energy-idn-2013-q-2026-09-28-md-6068540,line,oecd-crs-energy-idn-2013-q-2026-09-28-md-6068540,,marker,,,0,,,,,0,adaptation,oecd-crs-energy-idn-2013-q-2026-09-28-md-6068540,oecd_crs_energy_microdata,1,2026-09-28,accepted,,
crs-marker-desertification-oecd-crs-energy-idn-2013-q-2026-09-28-md-6068540,line,oecd-crs-energy-idn-2013-q-2026-09-28-md-6068540,,marker,,,,,,,,not_screened,desertification,oecd-crs-energy-idn-2013-q-2026-09-28-md-6068540,oecd_crs_energy_microdata,1,2026-09-28,accepted,,
crs-flow-oecd-crs-energy-idn-2013-q-2026-09-28-md-6086249,line,oecd-crs-energy-idn-2013-q-2026-09-28-md-6086249,money,flow,disbursement,unknown,1253388,,,USD,USD,,,oecd-crs-energy-idn-2013-q-2026-09-28-md-6086249,oecd_crs_energy_microdata,1,2026-09-28,accepted,,"OECD Q value already in 2024 constant USD; UNIT_MULT applied, no FX or deflator rate applied"
crs-marker-biodiversity-oecd-crs-energy-idn-2013-q-2026-09-28-md-6086249,line,oecd-crs-energy-idn-2013-q-2026-09-28-md-6086249,,marker,,,0,,,,,0,biodiversity,oecd-crs-energy-idn-2013-q-2026-09-28-md-6086249,oecd_crs_energy_microdata,1,2026-09-28,accepted,,
crs-marker-mitigation-oecd-crs-energy-idn-2013-q-2026-09-28-md-6086249,line,oecd-crs-energy-idn-2013-q-2026-09-28-md-6086249,,marker,,,2,,,,,2,mitigation,oecd-crs-energy-idn-2013-q-2026-09-28-md-6086249,oecd_crs_energy_microdata,1,2026-09-28,accepted,,
crs-marker-adaptation-oecd-crs-energy-idn-2013-q-2026-09-28-md-6086249,line,oecd-crs-energy-idn-2013-q-2026-09-28-md-6086249,,marker,,,0,,,,,0,adaptation,oecd-crs-energy-idn-2013-q-2026-09-28-md-6086249,oecd_crs_energy_microdata,1,2026-09-28,accepted,,
crs-marker-desertification-oecd-crs-energy-idn-2013-q-2026-09-28-md-6086249,line,oecd-crs-energy-idn-2013-q-2026-09-28-md-6086249,,marker,,,0,,,,,0,desertification,oecd-crs-energy-idn-2013-q-2026-09-28-md-6086249,oecd_crs_energy_microdata,1,2026-09-28,accepted,,
crs-flow-oecd-crs-energy-idn-2013-q-2026-09-28-md-5771870,line,oecd-crs-energy-idn-2013-q-2026-09-28-md-5771870,money,flow,commitment,unknown,8690873,,,USD,USD,,,oecd-crs-energy-idn-2013-q-2026-09-28-md-5771870,oecd_crs_energy_microdata,1,2026-09-28,accepted,,"OECD Q value already in 2024 constant USD; UNIT_MULT applied, no FX or deflator rate applied"
crs-marker-biodiversity-oecd-crs-energy-idn-2013-q-2026-09-28-md-5771870,line,oecd-crs-energy-idn-2013-q-2026-09-28-md-5771870,,marker,,,0,,,,,0,biodiversity,oecd-crs-energy-idn-2013-q-2026-09-28-md-5771870,oecd_crs_energy_microdata,1,2026-09-28,accepted,,
crs-marker-mitigation-oecd-crs-energy-idn-2013-q-2026-09-28-md-5771870,line,oecd-crs-energy-idn-2013-q-2026-09-28-md-5771870,,marker,,,2,,,,,2,mitigation,oecd-crs-energy-idn-2013-q-2026-09-28-md-5771870,oecd_crs_energy_microdata,1,2026-09-28,accepted,,
crs-marker-adaptation-oecd-crs-energy-idn-2013-q-2026-09-28-md-5771870,line,oecd-crs-energy-idn-2013-q-2026-09-28-md-5771870,,marker,,,0,,,,,0,adaptation,oecd-crs-energy-idn-2013-q-2026-09-28-md-5771870,oecd_crs_energy_microdata,1,2026-09-28,accepted,,
crs-marker-desertification-oecd-crs-energy-idn-2013-q-2026-09-28-md-5771870,line,oecd-crs-energy-idn-2013-q-2026-09-28-md-5771870,,marker,,,0,,,,,0,desertification,oecd-crs-energy-idn-2013-q-2026-09-28-md-5771870,oecd_crs_energy_microdata,1,2026-09-28,accepted,,
crs-flow-oecd-crs-energy-idn-2013-q-2026-09-28-md-6097422,line,oecd-crs-energy-idn-2013-q-2026-09-28-md-6097422,money,flow,disbursement,unknown,47483,,,USD,USD,,,oecd-crs-energy-idn-2013-q-2026-09-28-md-6097422,oecd_crs_energy_microdata,1,2026-09-28,accepted,,"OECD Q value already in 2024 constant USD; UNIT_MULT applied, no FX or deflator rate applied"
crs-marker-biodiversity-oecd-crs-energy-idn-2013-q-2026-09-28-md-6097422,line,oecd-crs-energy-idn-2013-q-2026-09-28-md-6097422,,marker,,,0,,,,,0,biodiversity,oecd-crs-energy-idn-2013-q-2026-09-28-md-6097422,oecd_crs_energy_microdata,1,2026-09-28,accepted,,
crs-marker-mitigation-oecd-crs-energy-idn-2013-q-2026-09-28-md-6097422,line,oecd-crs-energy-idn-2013-q-2026-09-28-md-6097422,,marker,,,1,,,,,1,mitigation,oecd-crs-energy-idn-2013-q-2026-09-28-md-6097422,oecd_crs_energy_microdata,1,2026-09-28,accepted,,
crs-marker-adaptation-oecd-crs-energy-idn-2013-q-2026-09-28-md-6097422,line,oecd-crs-energy-idn-2013-q-2026-09-28-md-6097422,,marker,,,0,,,,,0,adaptation,oecd-crs-energy-idn-2013-q-2026-09-28-md-6097422,oecd_crs_energy_microdata,1,2026-09-28,accepted,,
crs-marker-desertification-oecd-crs-energy-idn-2013-q-2026-09-28-md-6097422,line,oecd-crs-energy-idn-2013-q-2026-09-28-md-6097422,,marker,,,0,,,,,0,desertification,oecd-crs-energy-idn-2013-q-2026-09-28-md-6097422,oecd_crs_energy_microdata,1,2026-09-28,accepted,,
crs-flow-oecd-crs-energy-idn-2014-q-2026-09-28-md-6822595,line,oecd-crs-energy-idn-2014-q-2026-09-28-md-6822595,money,flow,disbursement,unknown,461682,,,USD,USD,,,oecd-crs-energy-idn-2014-q-2026-09-28-md-6822595,oecd_crs_energy_microdata,1,2026-09-28,accepted,,"OECD Q value already in 2024 constant USD; UNIT_MULT applied, no FX or deflator rate applied"
crs-marker-biodiversity-oecd-crs-energy-idn-2014-q-2026-09-28-md-6822595,line,oecd-crs-energy-idn-2014-q-2026-09-28-md-6822595,,marker,,,,,,,,not_screened,biodiversity,oecd-crs-energy-idn-2014-q-2026-09-28-md-6822595,oecd_crs_energy_microdata,1,2026-09-28,accepted,,
crs-marker-mitigation-oecd-crs-energy-idn-2014-q-2026-09-28-md-6822595,line,oecd-crs-energy-idn-2014-q-2026-09-28-md-6822595,,marker,,,,,,,,not_screened,mitigation,oecd-crs-energy-idn-2014-q-2026-09-28-md-6822595,oecd_crs_energy_microdata,1,2026-09-28,accepted,,
crs-marker-adaptation-oecd-crs-energy-idn-2014-q-2026-09-28-md-6822595,line,oecd-crs-energy-idn-2014-q-2026-09-28-md-6822595,,marker,,,,,,,,not_screened,adaptation,oecd-crs-energy-idn-2014-q-2026-09-28-md-6822595,oecd_crs_energy_microdata,1,2026-09-28,accepted,,
crs-marker-desertification-oecd-crs-energy-idn-2014-q-2026-09-28-md-6822595,line,oecd-crs-energy-idn-2014-q-2026-09-28-md-6822595,,marker,,,,,,,,not_screened,desertification,oecd-crs-energy-idn-2014-q-2026-09-28-md-6822595,oecd_crs_energy_microdata,1,2026-09-28,accepted,,
crs-flow-oecd-crs-energy-idn-2014-q-2026-09-28-md-6811586,line,oecd-crs-energy-idn-2014-q-2026-09-28-md-6811586,money,flow,disbursement,unknown,108670,,,USD,USD,,,oecd-crs-energy-idn-2014-q-2026-09-28-md-6811586,oecd_crs_energy_microdata,1,2026-09-28,accepted,,"OECD Q value already in 2024 constant USD; UNIT_MULT applied, no FX or deflator rate applied"
crs-marker-biodiversity-oecd-crs-energy-idn-2014-q-2026-09-28-md-6811586,line,oecd-crs-energy-idn-2014-q-2026-09-28-md-6811586,,marker,,,,,,,,not_screened,biodiversity,oecd-crs-energy-idn-2014-q-2026-09-28-md-6811586,oecd_crs_energy_microdata,1,2026-09-28,accepted,,
crs-marker-mitigation-oecd-crs-energy-idn-2014-q-2026-09-28-md-6811586,line,oecd-crs-energy-idn-2014-q-2026-09-28-md-6811586,,marker,,,,,,,,not_screened,mitigation,oecd-crs-energy-idn-2014-q-2026-09-28-md-6811586,oecd_crs_energy_microdata,1,2026-09-28,accepted,,
crs-marker-adaptation-oecd-crs-energy-idn-2014-q-2026-09-28-md-6811586,line,oecd-crs-energy-idn-2014-q-2026-09-28-md-6811586,,marker,,,,,,,,not_screened,adaptation,oecd-crs-energy-idn-2014-q-2026-09-28-md-6811586,oecd_crs_energy_microdata,1,2026-09-28,accepted,,
crs-marker-desertification-oecd-crs-energy-idn-2014-q-2026-09-28-md-6811586,line,oecd-crs-energy-idn-2014-q-2026-09-28-md-6811586,,marker,,,,,,,,not_screened,desertification,oecd-crs-energy-idn-2014-q-2026-09-28-md-6811586,oecd_crs_energy_microdata,1,2026-09-28,accepted,,
crs-flow-oecd-crs-energy-idn-2014-q-2026-09-28-md-6811587,line,oecd-crs-energy-idn-2014-q-2026-09-28-md-6811587,money,flow,disbursement,unknown,1226418,,,USD,USD,,,oecd-crs-energy-idn-2014-q-2026-09-28-md-6811587,oecd_crs_energy_microdata,1,2026-09-28,accepted,,"OECD Q value already in 2024 constant USD; UNIT_MULT applied, no FX or deflator rate applied"
crs-marker-biodiversity-oecd-crs-energy-idn-2014-q-2026-09-28-md-6811587,line,oecd-crs-energy-idn-2014-q-2026-09-28-md-6811587,,marker,,,,,,,,not_screened,biodiversity,oecd-crs-energy-idn-2014-q-2026-09-28-md-6811587,oecd_crs_energy_microdata,1,2026-09-28,accepted,,
crs-marker-mitigation-oecd-crs-energy-idn-2014-q-2026-09-28-md-6811587,line,oecd-crs-energy-idn-2014-q-2026-09-28-md-6811587,,marker,,,,,,,,not_screened,mitigation,oecd-crs-energy-idn-2014-q-2026-09-28-md-6811587,oecd_crs_energy_microdata,1,2026-09-28,accepted,,
crs-marker-adaptation-oecd-crs-energy-idn-2014-q-2026-09-28-md-6811587,line,oecd-crs-energy-idn-2014-q-2026-09-28-md-6811587,,marker,,,,,,,,not_screened,adaptation,oecd-crs-energy-idn-2014-q-2026-09-28-md-6811587,oecd_crs_energy_microdata,1,2026-09-28,accepted,,
crs-marker-desertification-oecd-crs-energy-idn-2014-q-2026-09-28-md-6811587,line,oecd-crs-energy-idn-2014-q-2026-09-28-md-6811587,,marker,,,,,,,,not_screened,desertification,oecd-crs-energy-idn-2014-q-2026-09-28-md-6811587,oecd_crs_energy_microdata,1,2026-09-28,accepted,,
crs-flow-oecd-crs-energy-idn-2014-q-2026-09-28-md-6808700,line,oecd-crs-energy-idn-2014-q-2026-09-28-md-6808700,money,flow,disbursement,unknown,1483041,,,USD,USD,,,oecd-crs-energy-idn-2014-q-2026-09-28-md-6808700,oecd_crs_energy_microdata,1,2026-09-28,accepted,,"OECD Q value already in 2024 constant USD; UNIT_MULT applied, no FX or deflator rate applied"
crs-marker-biodiversity-oecd-crs-energy-idn-2014-q-2026-09-28-md-6808700,line,oecd-crs-energy-idn-2014-q-2026-09-28-md-6808700,,marker,,,,,,,,not_screened,biodiversity,oecd-crs-energy-idn-2014-q-2026-09-28-md-6808700,oecd_crs_energy_microdata,1,2026-09-28,accepted,,
crs-marker-mitigation-oecd-crs-energy-idn-2014-q-2026-09-28-md-6808700,line,oecd-crs-energy-idn-2014-q-2026-09-28-md-6808700,,marker,,,,,,,,not_screened,mitigation,oecd-crs-energy-idn-2014-q-2026-09-28-md-6808700,oecd_crs_energy_microdata,1,2026-09-28,accepted,,
crs-marker-adaptation-oecd-crs-energy-idn-2014-q-2026-09-28-md-6808700,line,oecd-crs-energy-idn-2014-q-2026-09-28-md-6808700,,marker,,,,,,,,not_screened,adaptation,oecd-crs-energy-idn-2014-q-2026-09-28-md-6808700,oecd_crs_energy_microdata,1,2026-09-28,accepted,,
crs-marker-desertification-oecd-crs-energy-idn-2014-q-2026-09-28-md-6808700,line,oecd-crs-energy-idn-2014-q-2026-09-28-md-6808700,,marker,,,,,,,,not_screened,desertification,oecd-crs-energy-idn-2014-q-2026-09-28-md-6808700,oecd_crs_energy_microdata,1,2026-09-28,accepted,,
crs-flow-oecd-crs-energy-idn-2014-q-2026-09-28-md-6808813,line,oecd-crs-energy-idn-2014-q-2026-09-28-md-6808813,money,flow,disbursement,unknown,1483041,,,USD,USD,,,oecd-crs-energy-idn-2014-q-2026-09-28-md-6808813,oecd_crs_energy_microdata,1,2026-09-28,accepted,,"OECD Q value already in 2024 constant USD; UNIT_MULT applied, no FX or deflator rate applied"
crs-marker-biodiversity-oecd-crs-energy-idn-2014-q-2026-09-28-md-6808813,line,oecd-crs-energy-idn-2014-q-2026-09-28-md-6808813,,marker,,,,,,,,not_screened,biodiversity,oecd-crs-energy-idn-2014-q-2026-09-28-md-6808813,oecd_crs_energy_microdata,1,2026-09-28,accepted,,
crs-marker-mitigation-oecd-crs-energy-idn-2014-q-2026-09-28-md-6808813,line,oecd-crs-energy-idn-2014-q-2026-09-28-md-6808813,,marker,,,,,,,,not_screened,mitigation,oecd-crs-energy-idn-2014-q-2026-09-28-md-6808813,oecd_crs_energy_microdata,1,2026-09-28,accepted,,
crs-marker-adaptation-oecd-crs-energy-idn-2014-q-2026-09-28-md-6808813,line,oecd-crs-energy-idn-2014-q-2026-09-28-md-6808813,,marker,,,,,,,,not_screened,adaptation,oecd-crs-energy-idn-2014-q-2026-09-28-md-6808813,oecd_crs_energy_microdata,1,2026-09-28,accepted,,
crs-marker-desertification-oecd-crs-energy-idn-2014-q-2026-09-28-md-6808813,line,oecd-crs-energy-idn-2014-q-2026-09-28-md-6808813,,marker,,,,,,,,not_screened,desertification,oecd-crs-energy-idn-2014-q-2026-09-28-md-6808813,oecd_crs_energy_microdata,1,2026-09-28,accepted,,
crs-flow-oecd-crs-energy-idn-2014-q-2026-09-28-md-6808807,line,oecd-crs-energy-idn-2014-q-2026-09-28-md-6808807,money,flow,disbursement,unknown,2066520,,,USD,USD,,,oecd-crs-energy-idn-2014-q-2026-09-28-md-6808807,oecd_crs_energy_microdata,1,2026-09-28,accepted,,"OECD Q value already in 2024 constant USD; UNIT_MULT applied, no FX or deflator rate applied"
crs-marker-biodiversity-oecd-crs-energy-idn-2014-q-2026-09-28-md-6808807,line,oecd-crs-energy-idn-2014-q-2026-09-28-md-6808807,,marker,,,,,,,,not_screened,biodiversity,oecd-crs-energy-idn-2014-q-2026-09-28-md-6808807,oecd_crs_energy_microdata,1,2026-09-28,accepted,,
crs-marker-mitigation-oecd-crs-energy-idn-2014-q-2026-09-28-md-6808807,line,oecd-crs-energy-idn-2014-q-2026-09-28-md-6808807,,marker,,,,,,,,not_screened,mitigation,oecd-crs-energy-idn-2014-q-2026-09-28-md-6808807,oecd_crs_energy_microdata,1,2026-09-28,accepted,,
crs-marker-adaptation-oecd-crs-energy-idn-2014-q-2026-09-28-md-6808807,line,oecd-crs-energy-idn-2014-q-2026-09-28-md-6808807,,marker,,,,,,,,not_screened,adaptation,oecd-crs-energy-idn-2014-q-2026-09-28-md-6808807,oecd_crs_energy_microdata,1,2026-09-28,accepted,,
crs-marker-desertification-oecd-crs-energy-idn-2014-q-2026-09-28-md-6808807,line,oecd-crs-energy-idn-2014-q-2026-09-28-md-6808807,,marker,,,,,,,,not_screened,desertification,oecd-crs-energy-idn-2014-q-2026-09-28-md-6808807,oecd_crs_energy_microdata,1,2026-09-28,accepted,,
crs-flow-oecd-crs-energy-idn-2014-q-2026-09-28-md-6807980,line,oecd-crs-energy-idn-2014-q-2026-09-28-md-6807980,money,flow,disbursement,unknown,209478,,,USD,USD,,,oecd-crs-energy-idn-2014-q-2026-09-28-md-6807980,oecd_crs_energy_microdata,1,2026-09-28,accepted,,"OECD Q value already in 2024 constant USD; UNIT_MULT applied, no FX or deflator rate applied"
crs-marker-biodiversity-oecd-crs-energy-idn-2014-q-2026-09-28-md-6807980,line,oecd-crs-energy-idn-2014-q-2026-09-28-md-6807980,,marker,,,,,,,,not_screened,biodiversity,oecd-crs-energy-idn-2014-q-2026-09-28-md-6807980,oecd_crs_energy_microdata,1,2026-09-28,accepted,,
crs-marker-mitigation-oecd-crs-energy-idn-2014-q-2026-09-28-md-6807980,line,oecd-crs-energy-idn-2014-q-2026-09-28-md-6807980,,marker,,,,,,,,not_screened,mitigation,oecd-crs-energy-idn-2014-q-2026-09-28-md-6807980,oecd_crs_energy_microdata,1,2026-09-28,accepted,,
crs-marker-adaptation-oecd-crs-energy-idn-2014-q-2026-09-28-md-6807980,line,oecd-crs-energy-idn-2014-q-2026-09-28-md-6807980,,marker,,,,,,,,not_screened,adaptation,oecd-crs-energy-idn-2014-q-2026-09-28-md-6807980,oecd_crs_energy_microdata,1,2026-09-28,accepted,,
crs-marker-desertification-oecd-crs-energy-idn-2014-q-2026-09-28-md-6807980,line,oecd-crs-energy-idn-2014-q-2026-09-28-md-6807980,,marker,,,,,,,,not_screened,desertification,oecd-crs-energy-idn-2014-q-2026-09-28-md-6807980,oecd_crs_energy_microdata,1,2026-09-28,accepted,,
crs-flow-oecd-crs-energy-idn-2014-q-2026-09-28-md-6812344,line,oecd-crs-energy-idn-2014-q-2026-09-28-md-6812344,money,flow,disbursement,unknown,33252582,,,USD,USD,,,oecd-crs-energy-idn-2014-q-2026-09-28-md-6812344,oecd_crs_energy_microdata,1,2026-09-28,accepted,,"OECD Q value already in 2024 constant USD; UNIT_MULT applied, no FX or deflator rate applied"
crs-marker-biodiversity-oecd-crs-energy-idn-2014-q-2026-09-28-md-6812344,line,oecd-crs-energy-idn-2014-q-2026-09-28-md-6812344,,marker,,,,,,,,not_screened,biodiversity,oecd-crs-energy-idn-2014-q-2026-09-28-md-6812344,oecd_crs_energy_microdata,1,2026-09-28,accepted,,
crs-marker-mitigation-oecd-crs-energy-idn-2014-q-2026-09-28-md-6812344,line,oecd-crs-energy-idn-2014-q-2026-09-28-md-6812344,,marker,,,,,,,,not_screened,mitigation,oecd-crs-energy-idn-2014-q-2026-09-28-md-6812344,oecd_crs_energy_microdata,1,2026-09-28,accepted,,
crs-marker-adaptation-oecd-crs-energy-idn-2014-q-2026-09-28-md-6812344,line,oecd-crs-energy-idn-2014-q-2026-09-28-md-6812344,,marker,,,,,,,,not_screened,adaptation,oecd-crs-energy-idn-2014-q-2026-09-28-md-6812344,oecd_crs_energy_microdata,1,2026-09-28,accepted,,
crs-marker-desertification-oecd-crs-energy-idn-2014-q-2026-09-28-md-6812344,line,oecd-crs-energy-idn-2014-q-2026-09-28-md-6812344,,marker,,,,,,,,not_screened,desertification,oecd-crs-energy-idn-2014-q-2026-09-28-md-6812344,oecd_crs_energy_microdata,1,2026-09-28,accepted,,
crs-flow-oecd-crs-energy-idn-2014-q-2026-09-28-md-6488823,line,oecd-crs-energy-idn-2014-q-2026-09-28-md-6488823,money,flow,commitment,unknown,109094,,,USD,USD,,,oecd-crs-energy-idn-2014-q-2026-09-28-md-6488823,oecd_crs_energy_microdata,1,2026-09-28,accepted,,"OECD Q value already in 2024 constant USD; UNIT_MULT applied, no FX or deflator rate applied"
crs-marker-biodiversity-oecd-crs-energy-idn-2014-q-2026-09-28-md-6488823,line,oecd-crs-energy-idn-2014-q-2026-09-28-md-6488823,,marker,,,,,,,,not_screened,biodiversity,oecd-crs-energy-idn-2014-q-2026-09-28-md-6488823,oecd_crs_energy_microdata,1,2026-09-28,accepted,,
crs-marker-mitigation-oecd-crs-energy-idn-2014-q-2026-09-28-md-6488823,line,oecd-crs-energy-idn-2014-q-2026-09-28-md-6488823,,marker,,,,,,,,not_screened,mitigation,oecd-crs-energy-idn-2014-q-2026-09-28-md-6488823,oecd_crs_energy_microdata,1,2026-09-28,accepted,,
crs-marker-adaptation-oecd-crs-energy-idn-2014-q-2026-09-28-md-6488823,line,oecd-crs-energy-idn-2014-q-2026-09-28-md-6488823,,marker,,,,,,,,not_screened,adaptation,oecd-crs-energy-idn-2014-q-2026-09-28-md-6488823,oecd_crs_energy_microdata,1,2026-09-28,accepted,,
crs-marker-desertification-oecd-crs-energy-idn-2014-q-2026-09-28-md-6488823,line,oecd-crs-energy-idn-2014-q-2026-09-28-md-6488823,,marker,,,,,,,,not_screened,desertification,oecd-crs-energy-idn-2014-q-2026-09-28-md-6488823,oecd_crs_energy_microdata,1,2026-09-28,accepted,,
crs-flow-oecd-crs-energy-idn-2014-q-2026-09-28-md-6856090,line,oecd-crs-energy-idn-2014-q-2026-09-28-md-6856090,money,flow,disbursement,unknown,109094,,,USD,USD,,,oecd-crs-energy-idn-2014-q-2026-09-28-md-6856090,oecd_crs_energy_microdata,1,2026-09-28,accepted,,"OECD Q value already in 2024 constant USD; UNIT_MULT applied, no FX or deflator rate applied"
crs-marker-biodiversity-oecd-crs-energy-idn-2014-q-2026-09-28-md-6856090,line,oecd-crs-energy-idn-2014-q-2026-09-28-md-6856090,,marker,,,,,,,,not_screened,biodiversity,oecd-crs-energy-idn-2014-q-2026-09-28-md-6856090,oecd_crs_energy_microdata,1,2026-09-28,accepted,,
crs-marker-mitigation-oecd-crs-energy-idn-2014-q-2026-09-28-md-6856090,line,oecd-crs-energy-idn-2014-q-2026-09-28-md-6856090,,marker,,,,,,,,not_screened,mitigation,oecd-crs-energy-idn-2014-q-2026-09-28-md-6856090,oecd_crs_energy_microdata,1,2026-09-28,accepted,,
crs-marker-adaptation-oecd-crs-energy-idn-2014-q-2026-09-28-md-6856090,line,oecd-crs-energy-idn-2014-q-2026-09-28-md-6856090,,marker,,,,,,,,not_screened,adaptation,oecd-crs-energy-idn-2014-q-2026-09-28-md-6856090,oecd_crs_energy_microdata,1,2026-09-28,accepted,,
crs-marker-desertification-oecd-crs-energy-idn-2014-q-2026-09-28-md-6856090,line,oecd-crs-energy-idn-2014-q-2026-09-28-md-6856090,,marker,,,,,,,,not_screened,desertification,oecd-crs-energy-idn-2014-q-2026-09-28-md-6856090,oecd_crs_energy_microdata,1,2026-09-28,accepted,,
crs-flow-oecd-crs-energy-idn-2014-q-2026-09-28-md-6860044,line,oecd-crs-energy-idn-2014-q-2026-09-28-md-6860044,money,flow,disbursement,unknown,26740,,,USD,USD,,,oecd-crs-energy-idn-2014-q-2026-09-28-md-6860044,oecd_crs_energy_microdata,1,2026-09-28,accepted,,"OECD Q value already in 2024 constant USD; UNIT_MULT applied, no FX or deflator rate applied"
crs-marker-biodiversity-oecd-crs-energy-idn-2014-q-2026-09-28-md-6860044,line,oecd-crs-energy-idn-2014-q-2026-09-28-md-6860044,,marker,,,,,,,,not_screened,biodiversity,oecd-crs-energy-idn-2014-q-2026-09-28-md-6860044,oecd_crs_energy_microdata,1,2026-09-28,accepted,,
crs-marker-mitigation-oecd-crs-energy-idn-2014-q-2026-09-28-md-6860044,line,oecd-crs-energy-idn-2014-q-2026-09-28-md-6860044,,marker,,,,,,,,not_screened,mitigation,oecd-crs-energy-idn-2014-q-2026-09-28-md-6860044,oecd_crs_energy_microdata,1,2026-09-28,accepted,,
crs-marker-adaptation-oecd-crs-energy-idn-2014-q-2026-09-28-md-6860044,line,oecd-crs-energy-idn-2014-q-2026-09-28-md-6860044,,marker,,,,,,,,not_screened,adaptation,oecd-crs-energy-idn-2014-q-2026-09-28-md-6860044,oecd_crs_energy_microdata,1,2026-09-28,accepted,,
crs-marker-desertification-oecd-crs-energy-idn-2014-q-2026-09-28-md-6860044,line,oecd-crs-energy-idn-2014-q-2026-09-28-md-6860044,,marker,,,,,,,,not_screened,desertification,oecd-crs-energy-idn-2014-q-2026-09-28-md-6860044,oecd_crs_energy_microdata,1,2026-09-28,accepted,,
crs-flow-oecd-crs-energy-idn-2014-q-2026-09-28-md-6495739,line,oecd-crs-energy-idn-2014-q-2026-09-28-md-6495739,money,flow,commitment,unknown,26740,,,USD,USD,,,oecd-crs-energy-idn-2014-q-2026-09-28-md-6495739,oecd_crs_energy_microdata,1,2026-09-28,accepted,,"OECD Q value already in 2024 constant USD; UNIT_MULT applied, no FX or deflator rate applied"
crs-marker-biodiversity-oecd-crs-energy-idn-2014-q-2026-09-28-md-6495739,line,oecd-crs-energy-idn-2014-q-2026-09-28-md-6495739,,marker,,,,,,,,not_screened,biodiversity,oecd-crs-energy-idn-2014-q-2026-09-28-md-6495739,oecd_crs_energy_microdata,1,2026-09-28,accepted,,
crs-marker-mitigation-oecd-crs-energy-idn-2014-q-2026-09-28-md-6495739,line,oecd-crs-energy-idn-2014-q-2026-09-28-md-6495739,,marker,,,,,,,,not_screened,mitigation,oecd-crs-energy-idn-2014-q-2026-09-28-md-6495739,oecd_crs_energy_microdata,1,2026-09-28,accepted,,
crs-marker-adaptation-oecd-crs-energy-idn-2014-q-2026-09-28-md-6495739,line,oecd-crs-energy-idn-2014-q-2026-09-28-md-6495739,,marker,,,,,,,,not_screened,adaptation,oecd-crs-energy-idn-2014-q-2026-09-28-md-6495739,oecd_crs_energy_microdata,1,2026-09-28,accepted,,
crs-marker-desertification-oecd-crs-energy-idn-2014-q-2026-09-28-md-6495739,line,oecd-crs-energy-idn-2014-q-2026-09-28-md-6495739,,marker,,,,,,,,not_screened,desertification,oecd-crs-energy-idn-2014-q-2026-09-28-md-6495739,oecd_crs_energy_microdata,1,2026-09-28,accepted,,
crs-flow-oecd-crs-energy-idn-2014-q-2026-09-28-md-6496834,line,oecd-crs-energy-idn-2014-q-2026-09-28-md-6496834,money,flow,commitment,unknown,26740,,,USD,USD,,,oecd-crs-energy-idn-2014-q-2026-09-28-md-6496834,oecd_crs_energy_microdata,1,2026-09-28,accepted,,"OECD Q value already in 2024 constant USD; UNIT_MULT applied, no FX or deflator rate applied"
crs-marker-biodiversity-oecd-crs-energy-idn-2014-q-2026-09-28-md-6496834,line,oecd-crs-energy-idn-2014-q-2026-09-28-md-6496834,,marker,,,,,,,,not_screened,biodiversity,oecd-crs-energy-idn-2014-q-2026-09-28-md-6496834,oecd_crs_energy_microdata,1,2026-09-28,accepted,,
crs-marker-mitigation-oecd-crs-energy-idn-2014-q-2026-09-28-md-6496834,line,oecd-crs-energy-idn-2014-q-2026-09-28-md-6496834,,marker,,,,,,,,not_screened,mitigation,oecd-crs-energy-idn-2014-q-2026-09-28-md-6496834,oecd_crs_energy_microdata,1,2026-09-28,accepted,,
crs-marker-adaptation-oecd-crs-energy-idn-2014-q-2026-09-28-md-6496834,line,oecd-crs-energy-idn-2014-q-2026-09-28-md-6496834,,marker,,,,,,,,not_screened,adaptation,oecd-crs-energy-idn-2014-q-2026-09-28-md-6496834,oecd_crs_energy_microdata,1,2026-09-28,accepted,,
crs-marker-desertification-oecd-crs-energy-idn-2014-q-2026-09-28-md-6496834,line,oecd-crs-energy-idn-2014-q-2026-09-28-md-6496834,,marker,,,,,,,,not_screened,desertification,oecd-crs-energy-idn-2014-q-2026-09-28-md-6496834,oecd_crs_energy_microdata,1,2026-09-28,accepted,,
crs-flow-oecd-crs-energy-idn-2014-q-2026-09-28-md-6861177,line,oecd-crs-energy-idn-2014-q-2026-09-28-md-6861177,money,flow,disbursement,unknown,26740,,,USD,USD,,,oecd-crs-energy-idn-2014-q-2026-09-28-md-6861177,oecd_crs_energy_microdata,1,2026-09-28,accepted,,"OECD Q value already in 2024 constant USD; UNIT_MULT applied, no FX or deflator rate applied"
crs-marker-biodiversity-oecd-crs-energy-idn-2014-q-2026-09-28-md-6861177,line,oecd-crs-energy-idn-2014-q-2026-09-28-md-6861177,,marker,,,,,,,,not_screened,biodiversity,oecd-crs-energy-idn-2014-q-2026-09-28-md-6861177,oecd_crs_energy_microdata,1,2026-09-28,accepted,,
crs-marker-mitigation-oecd-crs-energy-idn-2014-q-2026-09-28-md-6861177,line,oecd-crs-energy-idn-2014-q-2026-09-28-md-6861177,,marker,,,,,,,,not_screened,mitigation,oecd-crs-energy-idn-2014-q-2026-09-28-md-6861177,oecd_crs_energy_microdata,1,2026-09-28,accepted,,
crs-marker-adaptation-oecd-crs-energy-idn-2014-q-2026-09-28-md-6861177,line,oecd-crs-energy-idn-2014-q-2026-09-28-md-6861177,,marker,,,,,,,,not_screened,adaptation,oecd-crs-energy-idn-2014-q-2026-09-28-md-6861177,oecd_crs_energy_microdata,1,2026-09-28,accepted,,
crs-marker-desertification-oecd-crs-energy-idn-2014-q-2026-09-28-md-6861177,line,oecd-crs-energy-idn-2014-q-2026-09-28-md-6861177,,marker,,,,,,,,not_screened,desertification,oecd-crs-energy-idn-2014-q-2026-09-28-md-6861177,oecd_crs_energy_microdata,1,2026-09-28,accepted,,
crs-flow-oecd-crs-energy-idn-2014-q-2026-09-28-md-6827347,line,oecd-crs-energy-idn-2014-q-2026-09-28-md-6827347,money,flow,disbursement,unknown,7555728,,,USD,USD,,,oecd-crs-energy-idn-2014-q-2026-09-28-md-6827347,oecd_crs_energy_microdata,1,2026-09-28,accepted,,"OECD Q value already in 2024 constant USD; UNIT_MULT applied, no FX or deflator rate applied"
crs-marker-biodiversity-oecd-crs-energy-idn-2014-q-2026-09-28-md-6827347,line,oecd-crs-energy-idn-2014-q-2026-09-28-md-6827347,,marker,,,,,,,,not_screened,biodiversity,oecd-crs-energy-idn-2014-q-2026-09-28-md-6827347,oecd_crs_energy_microdata,1,2026-09-28,accepted,,
crs-marker-mitigation-oecd-crs-energy-idn-2014-q-2026-09-28-md-6827347,line,oecd-crs-energy-idn-2014-q-2026-09-28-md-6827347,,marker,,,,,,,,not_screened,mitigation,oecd-crs-energy-idn-2014-q-2026-09-28-md-6827347,oecd_crs_energy_microdata,1,2026-09-28,accepted,,
crs-marker-adaptation-oecd-crs-energy-idn-2014-q-2026-09-28-md-6827347,line,oecd-crs-energy-idn-2014-q-2026-09-28-md-6827347,,marker,,,,,,,,not_screened,adaptation,oecd-crs-energy-idn-2014-q-2026-09-28-md-6827347,oecd_crs_energy_microdata,1,2026-09-28,accepted,,
crs-marker-desertification-oecd-crs-energy-idn-2014-q-2026-09-28-md-6827347,line,oecd-crs-energy-idn-2014-q-2026-09-28-md-6827347,,marker,,,,,,,,not_screened,desertification,oecd-crs-energy-idn-2014-q-2026-09-28-md-6827347,oecd_crs_energy_microdata,1,2026-09-28,accepted,,
crs-flow-oecd-crs-energy-idn-2014-q-2026-09-28-md-6834418,line,oecd-crs-energy-idn-2014-q-2026-09-28-md-6834418,money,flow,disbursement,unknown,1289564,,,USD,USD,,,oecd-crs-energy-idn-2014-q-2026-09-28-md-6834418,oecd_crs_energy_microdata,1,2026-09-28,accepted,,"OECD Q value already in 2024 constant USD; UNIT_MULT applied, no FX or deflator rate applied"
crs-marker-biodiversity-oecd-crs-energy-idn-2014-q-2026-09-28-md-6834418,line,oecd-crs-energy-idn-2014-q-2026-09-28-md-6834418,,marker,,,,,,,,not_screened,biodiversity,oecd-crs-energy-idn-2014-q-2026-09-28-md-6834418,oecd_crs_energy_microdata,1,2026-09-28,accepted,,
crs-marker-mitigation-oecd-crs-energy-idn-2014-q-2026-09-28-md-6834418,line,oecd-crs-energy-idn-2014-q-2026-09-28-md-6834418,,marker,,,,,,,,not_screened,mitigation,oecd-crs-energy-idn-2014-q-2026-09-28-md-6834418,oecd_crs_energy_microdata,1,2026-09-28,accepted,,
crs-marker-adaptation-oecd-crs-energy-idn-2014-q-2026-09-28-md-6834418,line,oecd-crs-energy-idn-2014-q-2026-09-28-md-6834418,,marker,,,,,,,,not_screened,adaptation,oecd-crs-energy-idn-2014-q-2026-09-28-md-6834418,oecd_crs_energy_microdata,1,2026-09-28,accepted,,
crs-marker-desertification-oecd-crs-energy-idn-2014-q-2026-09-28-md-6834418,line,oecd-crs-energy-idn-2014-q-2026-09-28-md-6834418,,marker,,,,,,,,not_screened,desertification,oecd-crs-energy-idn-2014-q-2026-09-28-md-6834418,oecd_crs_energy_microdata,1,2026-09-28,accepted,,
crs-flow-oecd-crs-energy-idn-2014-q-2026-09-28-md-6827336,line,oecd-crs-energy-idn-2014-q-2026-09-28-md-6827336,money,flow,disbursement,unknown,19469894,,,USD,USD,,,oecd-crs-energy-idn-2014-q-2026-09-28-md-6827336,oecd_crs_energy_microdata,1,2026-09-28,accepted,,"OECD Q value already in 2024 constant USD; UNIT_MULT applied, no FX or deflator rate applied"
crs-marker-biodiversity-oecd-crs-energy-idn-2014-q-2026-09-28-md-6827336,line,oecd-crs-energy-idn-2014-q-2026-09-28-md-6827336,,marker,,,,,,,,not_screened,biodiversity,oecd-crs-energy-idn-2014-q-2026-09-28-md-6827336,oecd_crs_energy_microdata,1,2026-09-28,accepted,,
crs-marker-mitigation-oecd-crs-energy-idn-2014-q-2026-09-28-md-6827336,line,oecd-crs-energy-idn-2014-q-2026-09-28-md-6827336,,marker,,,,,,,,not_screened,mitigation,oecd-crs-energy-idn-2014-q-2026-09-28-md-6827336,oecd_crs_energy_microdata,1,2026-09-28,accepted,,
crs-marker-adaptation-oecd-crs-energy-idn-2014-q-2026-09-28-md-6827336,line,oecd-crs-energy-idn-2014-q-2026-09-28-md-6827336,,marker,,,,,,,,not_screened,adaptation,oecd-crs-energy-idn-2014-q-2026-09-28-md-6827336,oecd_crs_energy_microdata,1,2026-09-28,accepted,,
crs-marker-desertification-oecd-crs-energy-idn-2014-q-2026-09-28-md-6827336,line,oecd-crs-energy-idn-2014-q-2026-09-28-md-6827336,,marker,,,,,,,,not_screened,desertification,oecd-crs-energy-idn-2014-q-2026-09-28-md-6827336,oecd_crs_energy_microdata,1,2026-09-28,accepted,,
crs-flow-oecd-crs-energy-idn-2014-q-2026-09-28-md-6826339,line,oecd-crs-energy-idn-2014-q-2026-09-28-md-6826339,money,flow,disbursement,unknown,3278788,,,USD,USD,,,oecd-crs-energy-idn-2014-q-2026-09-28-md-6826339,oecd_crs_energy_microdata,1,2026-09-28,accepted,,"OECD Q value already in 2024 constant USD; UNIT_MULT applied, no FX or deflator rate applied"
crs-marker-biodiversity-oecd-crs-energy-idn-2014-q-2026-09-28-md-6826339,line,oecd-crs-energy-idn-2014-q-2026-09-28-md-6826339,,marker,,,,,,,,not_screened,biodiversity,oecd-crs-energy-idn-2014-q-2026-09-28-md-6826339,oecd_crs_energy_microdata,1,2026-09-28,accepted,,
crs-marker-mitigation-oecd-crs-energy-idn-2014-q-2026-09-28-md-6826339,line,oecd-crs-energy-idn-2014-q-2026-09-28-md-6826339,,marker,,,,,,,,not_screened,mitigation,oecd-crs-energy-idn-2014-q-2026-09-28-md-6826339,oecd_crs_energy_microdata,1,2026-09-28,accepted,,
crs-marker-adaptation-oecd-crs-energy-idn-2014-q-2026-09-28-md-6826339,line,oecd-crs-energy-idn-2014-q-2026-09-28-md-6826339,,marker,,,,,,,,not_screened,adaptation,oecd-crs-energy-idn-2014-q-2026-09-28-md-6826339,oecd_crs_energy_microdata,1,2026-09-28,accepted,,
crs-marker-desertification-oecd-crs-energy-idn-2014-q-2026-09-28-md-6826339,line,oecd-crs-energy-idn-2014-q-2026-09-28-md-6826339,,marker,,,,,,,,not_screened,desertification,oecd-crs-energy-idn-2014-q-2026-09-28-md-6826339,oecd_crs_energy_microdata,1,2026-09-28,accepted,,
crs-flow-oecd-crs-energy-idn-2014-q-2026-09-28-md-6832956,line,oecd-crs-energy-idn-2014-q-2026-09-28-md-6832956,money,flow,disbursement,unknown,1534916,,,USD,USD,,,oecd-crs-energy-idn-2014-q-2026-09-28-md-6832956,oecd_crs_energy_microdata,1,2026-09-28,accepted,,"OECD Q value already in 2024 constant USD; UNIT_MULT applied, no FX or deflator rate applied"
crs-marker-biodiversity-oecd-crs-energy-idn-2014-q-2026-09-28-md-6832956,line,oecd-crs-energy-idn-2014-q-2026-09-28-md-6832956,,marker,,,,,,,,not_screened,biodiversity,oecd-crs-energy-idn-2014-q-2026-09-28-md-6832956,oecd_crs_energy_microdata,1,2026-09-28,accepted,,
crs-marker-mitigation-oecd-crs-energy-idn-2014-q-2026-09-28-md-6832956,line,oecd-crs-energy-idn-2014-q-2026-09-28-md-6832956,,marker,,,,,,,,not_screened,mitigation,oecd-crs-energy-idn-2014-q-2026-09-28-md-6832956,oecd_crs_energy_microdata,1,2026-09-28,accepted,,
crs-marker-adaptation-oecd-crs-energy-idn-2014-q-2026-09-28-md-6832956,line,oecd-crs-energy-idn-2014-q-2026-09-28-md-6832956,,marker,,,,,,,,not_screened,adaptation,oecd-crs-energy-idn-2014-q-2026-09-28-md-6832956,oecd_crs_energy_microdata,1,2026-09-28,accepted,,
crs-marker-desertification-oecd-crs-energy-idn-2014-q-2026-09-28-md-6832956,line,oecd-crs-energy-idn-2014-q-2026-09-28-md-6832956,,marker,,,,,,,,not_screened,desertification,oecd-crs-energy-idn-2014-q-2026-09-28-md-6832956,oecd_crs_energy_microdata,1,2026-09-28,accepted,,
crs-flow-oecd-crs-energy-idn-2014-q-2026-09-28-md-6817207,line,oecd-crs-energy-idn-2014-q-2026-09-28-md-6817207,money,flow,disbursement,unknown,340,,,USD,USD,,,oecd-crs-energy-idn-2014-q-2026-09-28-md-6817207,oecd_crs_energy_microdata,1,2026-09-28,accepted,,"OECD Q value already in 2024 constant USD; UNIT_MULT applied, no FX or deflator rate applied"
crs-marker-biodiversity-oecd-crs-energy-idn-2014-q-2026-09-28-md-6817207,line,oecd-crs-energy-idn-2014-q-2026-09-28-md-6817207,,marker,,,,,,,,not_screened,biodiversity,oecd-crs-energy-idn-2014-q-2026-09-28-md-6817207,oecd_crs_energy_microdata,1,2026-09-28,accepted,,
crs-marker-mitigation-oecd-crs-energy-idn-2014-q-2026-09-28-md-6817207,line,oecd-crs-energy-idn-2014-q-2026-09-28-md-6817207,,marker,,,,,,,,not_screened,mitigation,oecd-crs-energy-idn-2014-q-2026-09-28-md-6817207,oecd_crs_energy_microdata,1,2026-09-28,accepted,,
crs-marker-adaptation-oecd-crs-energy-idn-2014-q-2026-09-28-md-6817207,line,oecd-crs-energy-idn-2014-q-2026-09-28-md-6817207,,marker,,,,,,,,not_screened,adaptation,oecd-crs-energy-idn-2014-q-2026-09-28-md-6817207,oecd_crs_energy_microdata,1,2026-09-28,accepted,,
crs-marker-desertification-oecd-crs-energy-idn-2014-q-2026-09-28-md-6817207,line,oecd-crs-energy-idn-2014-q-2026-09-28-md-6817207,,marker,,,,,,,,not_screened,desertification,oecd-crs-energy-idn-2014-q-2026-09-28-md-6817207,oecd_crs_energy_microdata,1,2026-09-28,accepted,,
crs-flow-oecd-crs-energy-idn-2014-q-2026-09-28-md-6792059,line,oecd-crs-energy-idn-2014-q-2026-09-28-md-6792059,money,flow,disbursement,unknown,323271,,,USD,USD,,,oecd-crs-energy-idn-2014-q-2026-09-28-md-6792059,oecd_crs_energy_microdata,1,2026-09-28,accepted,,"OECD Q value already in 2024 constant USD; UNIT_MULT applied, no FX or deflator rate applied"
crs-marker-biodiversity-oecd-crs-energy-idn-2014-q-2026-09-28-md-6792059,line,oecd-crs-energy-idn-2014-q-2026-09-28-md-6792059,,marker,,,0,,,,,0,biodiversity,oecd-crs-energy-idn-2014-q-2026-09-28-md-6792059,oecd_crs_energy_microdata,1,2026-09-28,accepted,,
crs-marker-mitigation-oecd-crs-energy-idn-2014-q-2026-09-28-md-6792059,line,oecd-crs-energy-idn-2014-q-2026-09-28-md-6792059,,marker,,,0,,,,,0,mitigation,oecd-crs-energy-idn-2014-q-2026-09-28-md-6792059,oecd_crs_energy_microdata,1,2026-09-28,accepted,,
crs-marker-adaptation-oecd-crs-energy-idn-2014-q-2026-09-28-md-6792059,line,oecd-crs-energy-idn-2014-q-2026-09-28-md-6792059,,marker,,,0,,,,,0,adaptation,oecd-crs-energy-idn-2014-q-2026-09-28-md-6792059,oecd_crs_energy_microdata,1,2026-09-28,accepted,,
crs-marker-desertification-oecd-crs-energy-idn-2014-q-2026-09-28-md-6792059,line,oecd-crs-energy-idn-2014-q-2026-09-28-md-6792059,,marker,,,,,,,,not_screened,desertification,oecd-crs-energy-idn-2014-q-2026-09-28-md-6792059,oecd_crs_energy_microdata,1,2026-09-28,accepted,,
crs-flow-oecd-crs-energy-idn-2014-q-2026-09-28-md-6783537,line,oecd-crs-energy-idn-2014-q-2026-09-28-md-6783537,money,flow,disbursement,unknown,429562,,,USD,USD,,,oecd-crs-energy-idn-2014-q-2026-09-28-md-6783537,oecd_crs_energy_microdata,1,2026-09-28,accepted,,"OECD Q value already in 2024 constant USD; UNIT_MULT applied, no FX or deflator rate applied"
crs-marker-biodiversity-oecd-crs-energy-idn-2014-q-2026-09-28-md-6783537,line,oecd-crs-energy-idn-2014-q-2026-09-28-md-6783537,,marker,,,0,,,,,0,biodiversity,oecd-crs-energy-idn-2014-q-2026-09-28-md-6783537,oecd_crs_energy_microdata,1,2026-09-28,accepted,,
crs-marker-mitigation-oecd-crs-energy-idn-2014-q-2026-09-28-md-6783537,line,oecd-crs-energy-idn-2014-q-2026-09-28-md-6783537,,marker,,,2,,,,,2,mitigation,oecd-crs-energy-idn-2014-q-2026-09-28-md-6783537,oecd_crs_energy_microdata,1,2026-09-28,accepted,,
crs-marker-adaptation-oecd-crs-energy-idn-2014-q-2026-09-28-md-6783537,line,oecd-crs-energy-idn-2014-q-2026-09-28-md-6783537,,marker,,,0,,,,,0,adaptation,oecd-crs-energy-idn-2014-q-2026-09-28-md-6783537,oecd_crs_energy_microdata,1,2026-09-28,accepted,,
crs-marker-desertification-oecd-crs-energy-idn-2014-q-2026-09-28-md-6783537,line,oecd-crs-energy-idn-2014-q-2026-09-28-md-6783537,,marker,,,,,,,,not_screened,desertification,oecd-crs-energy-idn-2014-q-2026-09-28-md-6783537,oecd_crs_energy_microdata,1,2026-09-28,accepted,,
crs-flow-oecd-crs-energy-idn-2014-q-2026-09-28-md-6820156,line,oecd-crs-energy-idn-2014-q-2026-09-28-md-6820156,money,flow,disbursement,unknown,181128,,,USD,USD,,,oecd-crs-energy-idn-2014-q-2026-09-28-md-6820156,oecd_crs_energy_microdata,1,2026-09-28,accepted,,"OECD Q value already in 2024 constant USD; UNIT_MULT applied, no FX or deflator rate applied"
crs-marker-biodiversity-oecd-crs-energy-idn-2014-q-2026-09-28-md-6820156,line,oecd-crs-energy-idn-2014-q-2026-09-28-md-6820156,,marker,,,0,,,,,0,biodiversity,oecd-crs-energy-idn-2014-q-2026-09-28-md-6820156,oecd_crs_energy_microdata,1,2026-09-28,accepted,,
crs-marker-mitigation-oecd-crs-energy-idn-2014-q-2026-09-28-md-6820156,line,oecd-crs-energy-idn-2014-q-2026-09-28-md-6820156,,marker,,,0,,,,,0,mitigation,oecd-crs-energy-idn-2014-q-2026-09-28-md-6820156,oecd_crs_energy_microdata,1,2026-09-28,accepted,,
crs-marker-adaptation-oecd-crs-energy-idn-2014-q-2026-09-28-md-6820156,line,oecd-crs-energy-idn-2014-q-2026-09-28-md-6820156,,marker,,,0,,,,,0,adaptation,oecd-crs-energy-idn-2014-q-2026-09-28-md-6820156,oecd_crs_energy_microdata,1,2026-09-28,accepted,,
crs-marker-desertification-oecd-crs-energy-idn-2014-q-2026-09-28-md-6820156,line,oecd-crs-energy-idn-2014-q-2026-09-28-md-6820156,,marker,,,,,,,,not_screened,desertification,oecd-crs-energy-idn-2014-q-2026-09-28-md-6820156,oecd_crs_energy_microdata,1,2026-09-28,accepted,,
crs-flow-oecd-crs-energy-idn-2014-q-2026-09-28-md-6820125,line,oecd-crs-energy-idn-2014-q-2026-09-28-md-6820125,money,flow,disbursement,unknown,296408,,,USD,USD,,,oecd-crs-energy-idn-2014-q-2026-09-28-md-6820125,oecd_crs_energy_microdata,1,2026-09-28,accepted,,"OECD Q value already in 2024 constant USD; UNIT_MULT applied, no FX or deflator rate applied"
crs-marker-biodiversity-oecd-crs-energy-idn-2014-q-2026-09-28-md-6820125,line,oecd-crs-energy-idn-2014-q-2026-09-28-md-6820125,,marker,,,0,,,,,0,biodiversity,oecd-crs-energy-idn-2014-q-2026-09-28-md-6820125,oecd_crs_energy_microdata,1,2026-09-28,accepted,,
crs-marker-mitigation-oecd-crs-energy-idn-2014-q-2026-09-28-md-6820125,line,oecd-crs-energy-idn-2014-q-2026-09-28-md-6820125,,marker,,,0,,,,,0,mitigation,oecd-crs-energy-idn-2014-q-2026-09-28-md-6820125,oecd_crs_energy_microdata,1,2026-09-28,accepted,,
crs-marker-adaptation-oecd-crs-energy-idn-2014-q-2026-09-28-md-6820125,line,oecd-crs-energy-idn-2014-q-2026-09-28-md-6820125,,marker,,,0,,,,,0,adaptation,oecd-crs-energy-idn-2014-q-2026-09-28-md-6820125,oecd_crs_energy_microdata,1,2026-09-28,accepted,,
crs-marker-desertification-oecd-crs-energy-idn-2014-q-2026-09-28-md-6820125,line,oecd-crs-energy-idn-2014-q-2026-09-28-md-6820125,,marker,,,,,,,,not_screened,desertification,oecd-crs-energy-idn-2014-q-2026-09-28-md-6820125,oecd_crs_energy_microdata,1,2026-09-28,accepted,,
crs-flow-oecd-crs-energy-idn-2014-q-2026-09-28-md-6694742,line,oecd-crs-energy-idn-2014-q-2026-09-28-md-6694742,money,flow,disbursement,unknown,211646,,,USD,USD,,,oecd-crs-energy-idn-2014-q-2026-09-28-md-6694742,oecd_crs_energy_microdata,1,2026-09-28,accepted,,"OECD Q value already in 2024 constant USD; UNIT_MULT applied, no FX or deflator rate applied"
crs-marker-biodiversity-oecd-crs-energy-idn-2014-q-2026-09-28-md-6694742,line,oecd-crs-energy-idn-2014-q-2026-09-28-md-6694742,,marker,,,0,,,,,0,biodiversity,oecd-crs-energy-idn-2014-q-2026-09-28-md-6694742,oecd_crs_energy_microdata,1,2026-09-28,accepted,,
crs-marker-mitigation-oecd-crs-energy-idn-2014-q-2026-09-28-md-6694742,line,oecd-crs-energy-idn-2014-q-2026-09-28-md-6694742,,marker,,,2,,,,,2,mitigation,oecd-crs-energy-idn-2014-q-2026-09-28-md-6694742,oecd_crs_energy_microdata,1,2026-09-28,accepted,,
crs-marker-adaptation-oecd-crs-energy-idn-2014-q-2026-09-28-md-6694742,line,oecd-crs-energy-idn-2014-q-2026-09-28-md-6694742,,marker,,,0,,,,,0,adaptation,oecd-crs-energy-idn-2014-q-2026-09-28-md-6694742,oecd_crs_energy_microdata,1,2026-09-28,accepted,,
crs-marker-desertification-oecd-crs-energy-idn-2014-q-2026-09-28-md-6694742,line,oecd-crs-energy-idn-2014-q-2026-09-28-md-6694742,,marker,,,,,,,,not_screened,desertification,oecd-crs-energy-idn-2014-q-2026-09-28-md-6694742,oecd_crs_energy_microdata,1,2026-09-28,accepted,,
crs-flow-oecd-crs-energy-idn-2014-q-2026-09-28-md-6816302,line,oecd-crs-energy-idn-2014-q-2026-09-28-md-6816302,money,flow,disbursement,unknown,382381,,,USD,USD,,,oecd-crs-energy-idn-2014-q-2026-09-28-md-6816302,oecd_crs_energy_microdata,1,2026-09-28,accepted,,"OECD Q value already in 2024 constant USD; UNIT_MULT applied, no FX or deflator rate applied"
crs-marker-biodiversity-oecd-crs-energy-idn-2014-q-2026-09-28-md-6816302,line,oecd-crs-energy-idn-2014-q-2026-09-28-md-6816302,,marker,,,0,,,,,0,biodiversity,oecd-crs-energy-idn-2014-q-2026-09-28-md-6816302,oecd_crs_energy_microdata,1,2026-09-28,accepted,,
crs-marker-mitigation-oecd-crs-energy-idn-2014-q-2026-09-28-md-6816302,line,oecd-crs-energy-idn-2014-q-2026-09-28-md-6816302,,marker,,,2,,,,,2,mitigation,oecd-crs-energy-idn-2014-q-2026-09-28-md-6816302,oecd_crs_energy_microdata,1,2026-09-28,accepted,,
crs-marker-adaptation-oecd-crs-energy-idn-2014-q-2026-09-28-md-6816302,line,oecd-crs-energy-idn-2014-q-2026-09-28-md-6816302,,marker,,,0,,,,,0,adaptation,oecd-crs-energy-idn-2014-q-2026-09-28-md-6816302,oecd_crs_energy_microdata,1,2026-09-28,accepted,,
crs-marker-desertification-oecd-crs-energy-idn-2014-q-2026-09-28-md-6816302,line,oecd-crs-energy-idn-2014-q-2026-09-28-md-6816302,,marker,,,,,,,,not_screened,desertification,oecd-crs-energy-idn-2014-q-2026-09-28-md-6816302,oecd_crs_energy_microdata,1,2026-09-28,accepted,,
crs-flow-oecd-crs-energy-idn-2014-q-2026-09-28-md-6695419,line,oecd-crs-energy-idn-2014-q-2026-09-28-md-6695419,money,flow,disbursement,unknown,56834,,,USD,USD,,,oecd-crs-energy-idn-2014-q-2026-09-28-md-6695419,oecd_crs_energy_microdata,1,2026-09-28,accepted,,"OECD Q value already in 2024 constant USD; UNIT_MULT applied, no FX or deflator rate applied"
crs-marker-biodiversity-oecd-crs-energy-idn-2014-q-2026-09-28-md-6695419,line,oecd-crs-energy-idn-2014-q-2026-09-28-md-6695419,,marker,,,0,,,,,0,biodiversity,oecd-crs-energy-idn-2014-q-2026-09-28-md-6695419,oecd_crs_energy_microdata,1,2026-09-28,accepted,,
crs-marker-mitigation-oecd-crs-energy-idn-2014-q-2026-09-28-md-6695419,line,oecd-crs-energy-idn-2014-q-2026-09-28-md-6695419,,marker,,,2,,,,,2,mitigation,oecd-crs-energy-idn-2014-q-2026-09-28-md-6695419,oecd_crs_energy_microdata,1,2026-09-28,accepted,,
crs-marker-adaptation-oecd-crs-energy-idn-2014-q-2026-09-28-md-6695419,line,oecd-crs-energy-idn-2014-q-2026-09-28-md-6695419,,marker,,,0,,,,,0,adaptation,oecd-crs-energy-idn-2014-q-2026-09-28-md-6695419,oecd_crs_energy_microdata,1,2026-09-28,accepted,,
crs-marker-desertification-oecd-crs-energy-idn-2014-q-2026-09-28-md-6695419,line,oecd-crs-energy-idn-2014-q-2026-09-28-md-6695419,,marker,,,,,,,,not_screened,desertification,oecd-crs-energy-idn-2014-q-2026-09-28-md-6695419,oecd_crs_energy_microdata,1,2026-09-28,accepted,,
crs-flow-oecd-crs-energy-idn-2014-q-2026-09-28-md-6712221,line,oecd-crs-energy-idn-2014-q-2026-09-28-md-6712221,money,flow,disbursement,unknown,102003,,,USD,USD,,,oecd-crs-energy-idn-2014-q-2026-09-28-md-6712221,oecd_crs_energy_microdata,1,2026-09-28,accepted,,"OECD Q value already in 2024 constant USD; UNIT_MULT applied, no FX or deflator rate applied"
crs-marker-biodiversity-oecd-crs-energy-idn-2014-q-2026-09-28-md-6712221,line,oecd-crs-energy-idn-2014-q-2026-09-28-md-6712221,,marker,,,0,,,,,0,biodiversity,oecd-crs-energy-idn-2014-q-2026-09-28-md-6712221,oecd_crs_energy_microdata,1,2026-09-28,accepted,,
crs-marker-mitigation-oecd-crs-energy-idn-2014-q-2026-09-28-md-6712221,line,oecd-crs-energy-idn-2014-q-2026-09-28-md-6712221,,marker,,,1,,,,,1,mitigation,oecd-crs-energy-idn-2014-q-2026-09-28-md-6712221,oecd_crs_energy_microdata,1,2026-09-28,accepted,,
crs-marker-adaptation-oecd-crs-energy-idn-2014-q-2026-09-28-md-6712221,line,oecd-crs-energy-idn-2014-q-2026-09-28-md-6712221,,marker,,,0,,,,,0,adaptation,oecd-crs-energy-idn-2014-q-2026-09-28-md-6712221,oecd_crs_energy_microdata,1,2026-09-28,accepted,,
crs-marker-desertification-oecd-crs-energy-idn-2014-q-2026-09-28-md-6712221,line,oecd-crs-energy-idn-2014-q-2026-09-28-md-6712221,,marker,,,0,,,,,0,desertification,oecd-crs-energy-idn-2014-q-2026-09-28-md-6712221,oecd_crs_energy_microdata,1,2026-09-28,accepted,,
crs-flow-oecd-crs-energy-idn-2014-q-2026-09-28-md-6380989,line,oecd-crs-energy-idn-2014-q-2026-09-28-md-6380989,money,flow,commitment,unknown,119954,,,USD,USD,,,oecd-crs-energy-idn-2014-q-2026-09-28-md-6380989,oecd_crs_energy_microdata,1,2026-09-28,accepted,,"OECD Q value already in 2024 constant USD; UNIT_MULT applied, no FX or deflator rate applied"
crs-marker-biodiversity-oecd-crs-energy-idn-2014-q-2026-09-28-md-6380989,line,oecd-crs-energy-idn-2014-q-2026-09-28-md-6380989,,marker,,,2,,,,,2,biodiversity,oecd-crs-energy-idn-2014-q-2026-09-28-md-6380989,oecd_crs_energy_microdata,1,2026-09-28,accepted,,
crs-marker-mitigation-oecd-crs-energy-idn-2014-q-2026-09-28-md-6380989,line,oecd-crs-energy-idn-2014-q-2026-09-28-md-6380989,,marker,,,2,,,,,2,mitigation,oecd-crs-energy-idn-2014-q-2026-09-28-md-6380989,oecd_crs_energy_microdata,1,2026-09-28,accepted,,
crs-marker-adaptation-oecd-crs-energy-idn-2014-q-2026-09-28-md-6380989,line,oecd-crs-energy-idn-2014-q-2026-09-28-md-6380989,,marker,,,0,,,,,0,adaptation,oecd-crs-energy-idn-2014-q-2026-09-28-md-6380989,oecd_crs_energy_microdata,1,2026-09-28,accepted,,
crs-marker-desertification-oecd-crs-energy-idn-2014-q-2026-09-28-md-6380989,line,oecd-crs-energy-idn-2014-q-2026-09-28-md-6380989,,marker,,,0,,,,,0,desertification,oecd-crs-energy-idn-2014-q-2026-09-28-md-6380989,oecd_crs_energy_microdata,1,2026-09-28,accepted,,
crs-flow-oecd-crs-energy-idn-2014-q-2026-09-28-md-6392681,line,oecd-crs-energy-idn-2014-q-2026-09-28-md-6392681,money,flow,commitment,unknown,102003,,,USD,USD,,,oecd-crs-energy-idn-2014-q-2026-09-28-md-6392681,oecd_crs_energy_microdata,1,2026-09-28,accepted,,"OECD Q value already in 2024 constant USD; UNIT_MULT applied, no FX or deflator rate applied"
crs-marker-biodiversity-oecd-crs-energy-idn-2014-q-2026-09-28-md-6392681,line,oecd-crs-energy-idn-2014-q-2026-09-28-md-6392681,,marker,,,0,,,,,0,biodiversity,oecd-crs-energy-idn-2014-q-2026-09-28-md-6392681,oecd_crs_energy_microdata,1,2026-09-28,accepted,,
crs-marker-mitigation-oecd-crs-energy-idn-2014-q-2026-09-28-md-6392681,line,oecd-crs-energy-idn-2014-q-2026-09-28-md-6392681,,marker,,,1,,,,,1,mitigation,oecd-crs-energy-idn-2014-q-2026-09-28-md-6392681,oecd_crs_energy_microdata,1,2026-09-28,accepted,,
crs-marker-adaptation-oecd-crs-energy-idn-2014-q-2026-09-28-md-6392681,line,oecd-crs-energy-idn-2014-q-2026-09-28-md-6392681,,marker,,,0,,,,,0,adaptation,oecd-crs-energy-idn-2014-q-2026-09-28-md-6392681,oecd_crs_energy_microdata,1,2026-09-28,accepted,,
crs-marker-desertification-oecd-crs-energy-idn-2014-q-2026-09-28-md-6392681,line,oecd-crs-energy-idn-2014-q-2026-09-28-md-6392681,,marker,,,0,,,,,0,desertification,oecd-crs-energy-idn-2014-q-2026-09-28-md-6392681,oecd_crs_energy_microdata,1,2026-09-28,accepted,,
crs-flow-oecd-crs-energy-idn-2014-q-2026-09-28-md-6696409,line,oecd-crs-energy-idn-2014-q-2026-09-28-md-6696409,money,flow,disbursement,unknown,119954,,,USD,USD,,,oecd-crs-energy-idn-2014-q-2026-09-28-md-6696409,oecd_crs_energy_microdata,1,2026-09-28,accepted,,"OECD Q value already in 2024 constant USD; UNIT_MULT applied, no FX or deflator rate applied"
crs-marker-biodiversity-oecd-crs-energy-idn-2014-q-2026-09-28-md-6696409,line,oecd-crs-energy-idn-2014-q-2026-09-28-md-6696409,,marker,,,2,,,,,2,biodiversity,oecd-crs-energy-idn-2014-q-2026-09-28-md-6696409,oecd_crs_energy_microdata,1,2026-09-28,accepted,,
crs-marker-mitigation-oecd-crs-energy-idn-2014-q-2026-09-28-md-6696409,line,oecd-crs-energy-idn-2014-q-2026-09-28-md-6696409,,marker,,,2,,,,,2,mitigation,oecd-crs-energy-idn-2014-q-2026-09-28-md-6696409,oecd_crs_energy_microdata,1,2026-09-28,accepted,,
crs-marker-adaptation-oecd-crs-energy-idn-2014-q-2026-09-28-md-6696409,line,oecd-crs-energy-idn-2014-q-2026-09-28-md-6696409,,marker,,,0,,,,,0,adaptation,oecd-crs-energy-idn-2014-q-2026-09-28-md-6696409,oecd_crs_energy_microdata,1,2026-09-28,accepted,,
crs-marker-desertification-oecd-crs-energy-idn-2014-q-2026-09-28-md-6696409,line,oecd-crs-energy-idn-2014-q-2026-09-28-md-6696409,,marker,,,0,,,,,0,desertification,oecd-crs-energy-idn-2014-q-2026-09-28-md-6696409,oecd_crs_energy_microdata,1,2026-09-28,accepted,,
crs-flow-oecd-crs-energy-idn-2014-q-2026-09-28-md-6731232,line,oecd-crs-energy-idn-2014-q-2026-09-28-md-6731232,money,flow,disbursement,unknown,85724,,,USD,USD,,,oecd-crs-energy-idn-2014-q-2026-09-28-md-6731232,oecd_crs_energy_microdata,1,2026-09-28,accepted,,"OECD Q value already in 2024 constant USD; UNIT_MULT applied, no FX or deflator rate applied"
crs-marker-biodiversity-oecd-crs-energy-idn-2014-q-2026-09-28-md-6731232,line,oecd-crs-energy-idn-2014-q-2026-09-28-md-6731232,,marker,,,0,,,,,0,biodiversity,oecd-crs-energy-idn-2014-q-2026-09-28-md-6731232,oecd_crs_energy_microdata,1,2026-09-28,accepted,,
crs-marker-mitigation-oecd-crs-energy-idn-2014-q-2026-09-28-md-6731232,line,oecd-crs-energy-idn-2014-q-2026-09-28-md-6731232,,marker,,,0,,,,,0,mitigation,oecd-crs-energy-idn-2014-q-2026-09-28-md-6731232,oecd_crs_energy_microdata,1,2026-09-28,accepted,,
crs-marker-adaptation-oecd-crs-energy-idn-2014-q-2026-09-28-md-6731232,line,oecd-crs-energy-idn-2014-q-2026-09-28-md-6731232,,marker,,,0,,,,,0,adaptation,oecd-crs-energy-idn-2014-q-2026-09-28-md-6731232,oecd_crs_energy_microdata,1,2026-09-28,accepted,,
crs-marker-desertification-oecd-crs-energy-idn-2014-q-2026-09-28-md-6731232,line,oecd-crs-energy-idn-2014-q-2026-09-28-md-6731232,,marker,,,0,,,,,0,desertification,oecd-crs-energy-idn-2014-q-2026-09-28-md-6731232,oecd_crs_energy_microdata,1,2026-09-28,accepted,,
crs-flow-oecd-crs-energy-idn-2014-q-2026-09-28-md-6706129,line,oecd-crs-energy-idn-2014-q-2026-09-28-md-6706129,money,flow,disbursement,unknown,8814,,,USD,USD,,,oecd-crs-energy-idn-2014-q-2026-09-28-md-6706129,oecd_crs_energy_microdata,1,2026-09-28,accepted,,"OECD Q value already in 2024 constant USD; UNIT_MULT applied, no FX or deflator rate applied"
crs-marker-biodiversity-oecd-crs-energy-idn-2014-q-2026-09-28-md-6706129,line,oecd-crs-energy-idn-2014-q-2026-09-28-md-6706129,,marker,,,0,,,,,0,biodiversity,oecd-crs-energy-idn-2014-q-2026-09-28-md-6706129,oecd_crs_energy_microdata,1,2026-09-28,accepted,,
crs-marker-mitigation-oecd-crs-energy-idn-2014-q-2026-09-28-md-6706129,line,oecd-crs-energy-idn-2014-q-2026-09-28-md-6706129,,marker,,,0,,,,,0,mitigation,oecd-crs-energy-idn-2014-q-2026-09-28-md-6706129,oecd_crs_energy_microdata,1,2026-09-28,accepted,,
crs-marker-adaptation-oecd-crs-energy-idn-2014-q-2026-09-28-md-6706129,line,oecd-crs-energy-idn-2014-q-2026-09-28-md-6706129,,marker,,,0,,,,,0,adaptation,oecd-crs-energy-idn-2014-q-2026-09-28-md-6706129,oecd_crs_energy_microdata,1,2026-09-28,accepted,,
crs-marker-desertification-oecd-crs-energy-idn-2014-q-2026-09-28-md-6706129,line,oecd-crs-energy-idn-2014-q-2026-09-28-md-6706129,,marker,,,0,,,,,0,desertification,oecd-crs-energy-idn-2014-q-2026-09-28-md-6706129,oecd_crs_energy_microdata,1,2026-09-28,accepted,,
crs-flow-oecd-crs-energy-idn-2014-q-2026-09-28-md-6709154,line,oecd-crs-energy-idn-2014-q-2026-09-28-md-6709154,money,flow,disbursement,unknown,30960,,,USD,USD,,,oecd-crs-energy-idn-2014-q-2026-09-28-md-6709154,oecd_crs_energy_microdata,1,2026-09-28,accepted,,"OECD Q value already in 2024 constant USD; UNIT_MULT applied, no FX or deflator rate applied"
crs-marker-biodiversity-oecd-crs-energy-idn-2014-q-2026-09-28-md-6709154,line,oecd-crs-energy-idn-2014-q-2026-09-28-md-6709154,,marker,,,0,,,,,0,biodiversity,oecd-crs-energy-idn-2014-q-2026-09-28-md-6709154,oecd_crs_energy_microdata,1,2026-09-28,accepted,,
crs-marker-mitigation-oecd-crs-energy-idn-2014-q-2026-09-28-md-6709154,line,oecd-crs-energy-idn-2014-q-2026-09-28-md-6709154,,marker,,,0,,,,,0,mitigation,oecd-crs-energy-idn-2014-q-2026-09-28-md-6709154,oecd_crs_energy_microdata,1,2026-09-28,accepted,,
crs-marker-adaptation-oecd-crs-energy-idn-2014-q-2026-09-28-md-6709154,line,oecd-crs-energy-idn-2014-q-2026-09-28-md-6709154,,marker,,,1,,,,,1,adaptation,oecd-crs-energy-idn-2014-q-2026-09-28-md-6709154,oecd_crs_energy_microdata,1,2026-09-28,accepted,,
crs-marker-desertification-oecd-crs-energy-idn-2014-q-2026-09-28-md-6709154,line,oecd-crs-energy-idn-2014-q-2026-09-28-md-6709154,,marker,,,0,,,,,0,desertification,oecd-crs-energy-idn-2014-q-2026-09-28-md-6709154,oecd_crs_energy_microdata,1,2026-09-28,accepted,,
crs-flow-oecd-crs-energy-idn-2014-q-2026-09-28-md-6404403,line,oecd-crs-energy-idn-2014-q-2026-09-28-md-6404403,money,flow,commitment,unknown,460262,,,USD,USD,,,oecd-crs-energy-idn-2014-q-2026-09-28-md-6404403,oecd_crs_energy_microdata,1,2026-09-28,accepted,,"OECD Q value already in 2024 constant USD; UNIT_MULT applied, no FX or deflator rate applied"
crs-marker-biodiversity-oecd-crs-energy-idn-2014-q-2026-09-28-md-6404403,line,oecd-crs-energy-idn-2014-q-2026-09-28-md-6404403,,marker,,,0,,,,,0,biodiversity,oecd-crs-energy-idn-2014-q-2026-09-28-md-6404403,oecd_crs_energy_microdata,1,2026-09-28,accepted,,
crs-marker-mitigation-oecd-crs-energy-idn-2014-q-2026-09-28-md-6404403,line,oecd-crs-energy-idn-2014-q-2026-09-28-md-6404403,,marker,,,0,,,,,0,mitigation,oecd-crs-energy-idn-2014-q-2026-09-28-md-6404403,oecd_crs_energy_microdata,1,2026-09-28,accepted,,
crs-marker-adaptation-oecd-crs-energy-idn-2014-q-2026-09-28-md-6404403,line,oecd-crs-energy-idn-2014-q-2026-09-28-md-6404403,,marker,,,0,,,,,0,adaptation,oecd-crs-energy-idn-2014-q-2026-09-28-md-6404403,oecd_crs_energy_microdata,1,2026-09-28,accepted,,
crs-marker-desertification-oecd-crs-energy-idn-2014-q-2026-09-28-md-6404403,line,oecd-crs-energy-idn-2014-q-2026-09-28-md-6404403,,marker,,,0,,,,,0,desertification,oecd-crs-energy-idn-2014-q-2026-09-28-md-6404403,oecd_crs_energy_microdata,1,2026-09-28,accepted,,
crs-flow-oecd-crs-energy-idn-2014-q-2026-09-28-md-6733090,line,oecd-crs-energy-idn-2014-q-2026-09-28-md-6733090,money,flow,disbursement,unknown,4083,,,USD,USD,,,oecd-crs-energy-idn-2014-q-2026-09-28-md-6733090,oecd_crs_energy_microdata,1,2026-09-28,accepted,,"OECD Q value already in 2024 constant USD; UNIT_MULT applied, no FX or deflator rate applied"
crs-marker-biodiversity-oecd-crs-energy-idn-2014-q-2026-09-28-md-6733090,line,oecd-crs-energy-idn-2014-q-2026-09-28-md-6733090,,marker,,,0,,,,,0,biodiversity,oecd-crs-energy-idn-2014-q-2026-09-28-md-6733090,oecd_crs_energy_microdata,1,2026-09-28,accepted,,
crs-marker-mitigation-oecd-crs-energy-idn-2014-q-2026-09-28-md-6733090,line,oecd-crs-energy-idn-2014-q-2026-09-28-md-6733090,,marker,,,2,,,,,2,mitigation,oecd-crs-energy-idn-2014-q-2026-09-28-md-6733090,oecd_crs_energy_microdata,1,2026-09-28,accepted,,
crs-marker-adaptation-oecd-crs-energy-idn-2014-q-2026-09-28-md-6733090,line,oecd-crs-energy-idn-2014-q-2026-09-28-md-6733090,,marker,,,0,,,,,0,adaptation,oecd-crs-energy-idn-2014-q-2026-09-28-md-6733090,oecd_crs_energy_microdata,1,2026-09-28,accepted,,
crs-marker-desertification-oecd-crs-energy-idn-2014-q-2026-09-28-md-6733090,line,oecd-crs-energy-idn-2014-q-2026-09-28-md-6733090,,marker,,,0,,,,,0,desertification,oecd-crs-energy-idn-2014-q-2026-09-28-md-6733090,oecd_crs_energy_microdata,1,2026-09-28,accepted,,
crs-flow-oecd-crs-energy-idn-2014-q-2026-09-28-md-6741248,line,oecd-crs-energy-idn-2014-q-2026-09-28-md-6741248,money,flow,disbursement,unknown,19687,,,USD,USD,,,oecd-crs-energy-idn-2014-q-2026-09-28-md-6741248,oecd_crs_energy_microdata,1,2026-09-28,accepted,,"OECD Q value already in 2024 constant USD; UNIT_MULT applied, no FX or deflator rate applied"
crs-marker-biodiversity-oecd-crs-energy-idn-2014-q-2026-09-28-md-6741248,line,oecd-crs-energy-idn-2014-q-2026-09-28-md-6741248,,marker,,,0,,,,,0,biodiversity,oecd-crs-energy-idn-2014-q-2026-09-28-md-6741248,oecd_crs_energy_microdata,1,2026-09-28,accepted,,
crs-marker-mitigation-oecd-crs-energy-idn-2014-q-2026-09-28-md-6741248,line,oecd-crs-energy-idn-2014-q-2026-09-28-md-6741248,,marker,,,2,,,,,2,mitigation,oecd-crs-energy-idn-2014-q-2026-09-28-md-6741248,oecd_crs_energy_microdata,1,2026-09-28,accepted,,
crs-marker-adaptation-oecd-crs-energy-idn-2014-q-2026-09-28-md-6741248,line,oecd-crs-energy-idn-2014-q-2026-09-28-md-6741248,,marker,,,0,,,,,0,adaptation,oecd-crs-energy-idn-2014-q-2026-09-28-md-6741248,oecd_crs_energy_microdata,1,2026-09-28,accepted,,
crs-marker-desertification-oecd-crs-energy-idn-2014-q-2026-09-28-md-6741248,line,oecd-crs-energy-idn-2014-q-2026-09-28-md-6741248,,marker,,,0,,,,,0,desertification,oecd-crs-energy-idn-2014-q-2026-09-28-md-6741248,oecd_crs_energy_microdata,1,2026-09-28,accepted,,
crs-flow-oecd-crs-energy-idn-2014-q-2026-09-28-md-6741011,line,oecd-crs-energy-idn-2014-q-2026-09-28-md-6741011,money,flow,disbursement,unknown,19687,,,USD,USD,,,oecd-crs-energy-idn-2014-q-2026-09-28-md-6741011,oecd_crs_energy_microdata,1,2026-09-28,accepted,,"OECD Q value already in 2024 constant USD; UNIT_MULT applied, no FX or deflator rate applied"
crs-marker-biodiversity-oecd-crs-energy-idn-2014-q-2026-09-28-md-6741011,line,oecd-crs-energy-idn-2014-q-2026-09-28-md-6741011,,marker,,,0,,,,,0,biodiversity,oecd-crs-energy-idn-2014-q-2026-09-28-md-6741011,oecd_crs_energy_microdata,1,2026-09-28,accepted,,
crs-marker-mitigation-oecd-crs-energy-idn-2014-q-2026-09-28-md-6741011,line,oecd-crs-energy-idn-2014-q-2026-09-28-md-6741011,,marker,,,1,,,,,1,mitigation,oecd-crs-energy-idn-2014-q-2026-09-28-md-6741011,oecd_crs_energy_microdata,1,2026-09-28,accepted,,
crs-marker-adaptation-oecd-crs-energy-idn-2014-q-2026-09-28-md-6741011,line,oecd-crs-energy-idn-2014-q-2026-09-28-md-6741011,,marker,,,0,,,,,0,adaptation,oecd-crs-energy-idn-2014-q-2026-09-28-md-6741011,oecd_crs_energy_microdata,1,2026-09-28,accepted,,
crs-marker-desertification-oecd-crs-energy-idn-2014-q-2026-09-28-md-6741011,line,oecd-crs-energy-idn-2014-q-2026-09-28-md-6741011,,marker,,,0,,,,,0,desertification,oecd-crs-energy-idn-2014-q-2026-09-28-md-6741011,oecd_crs_energy_microdata,1,2026-09-28,accepted,,
crs-flow-oecd-crs-energy-idn-2014-q-2026-09-28-md-6419379,line,oecd-crs-energy-idn-2014-q-2026-09-28-md-6419379,money,flow,commitment,unknown,72187,,,USD,USD,,,oecd-crs-energy-idn-2014-q-2026-09-28-md-6419379,oecd_crs_energy_microdata,1,2026-09-28,accepted,,"OECD Q value already in 2024 constant USD; UNIT_MULT applied, no FX or deflator rate applied"
crs-marker-biodiversity-oecd-crs-energy-idn-2014-q-2026-09-28-md-6419379,line,oecd-crs-energy-idn-2014-q-2026-09-28-md-6419379,,marker,,,0,,,,,0,biodiversity,oecd-crs-energy-idn-2014-q-2026-09-28-md-6419379,oecd_crs_energy_microdata,1,2026-09-28,accepted,,
crs-marker-mitigation-oecd-crs-energy-idn-2014-q-2026-09-28-md-6419379,line,oecd-crs-energy-idn-2014-q-2026-09-28-md-6419379,,marker,,,2,,,,,2,mitigation,oecd-crs-energy-idn-2014-q-2026-09-28-md-6419379,oecd_crs_energy_microdata,1,2026-09-28,accepted,,
crs-marker-adaptation-oecd-crs-energy-idn-2014-q-2026-09-28-md-6419379,line,oecd-crs-energy-idn-2014-q-2026-09-28-md-6419379,,marker,,,0,,,,,0,adaptation,oecd-crs-energy-idn-2014-q-2026-09-28-md-6419379,oecd_crs_energy_microdata,1,2026-09-28,accepted,,
crs-marker-desertification-oecd-crs-energy-idn-2014-q-2026-09-28-md-6419379,line,oecd-crs-energy-idn-2014-q-2026-09-28-md-6419379,,marker,,,0,,,,,0,desertification,oecd-crs-energy-idn-2014-q-2026-09-28-md-6419379,oecd_crs_energy_microdata,1,2026-09-28,accepted,,
crs-flow-oecd-crs-energy-idn-2014-q-2026-09-28-md-6406781,line,oecd-crs-energy-idn-2014-q-2026-09-28-md-6406781,money,flow,commitment,unknown,19687,,,USD,USD,,,oecd-crs-energy-idn-2014-q-2026-09-28-md-6406781,oecd_crs_energy_microdata,1,2026-09-28,accepted,,"OECD Q value already in 2024 constant USD; UNIT_MULT applied, no FX or deflator rate applied"
crs-marker-biodiversity-oecd-crs-energy-idn-2014-q-2026-09-28-md-6406781,line,oecd-crs-energy-idn-2014-q-2026-09-28-md-6406781,,marker,,,0,,,,,0,biodiversity,oecd-crs-energy-idn-2014-q-2026-09-28-md-6406781,oecd_crs_energy_microdata,1,2026-09-28,accepted,,
crs-marker-mitigation-oecd-crs-energy-idn-2014-q-2026-09-28-md-6406781,line,oecd-crs-energy-idn-2014-q-2026-09-28-md-6406781,,marker,,,1,,,,,1,mitigation,oecd-crs-energy-idn-2014-q-2026-09-28-md-6406781,oecd_crs_energy_microdata,1,2026-09-28,accepted,,
crs-marker-adaptation-oecd-crs-energy-idn-2014-q-2026-09-28-md-6406781,line,oecd-crs-energy-idn-2014-q-2026-09-28-md-6406781,,marker,,,0,,,,,0,adaptation,oecd-crs-energy-idn-2014-q-2026-09-28-md-6406781,oecd_crs_energy_microdata,1,2026-09-28,accepted,,
crs-marker-desertification-oecd-crs-energy-idn-2014-q-2026-09-28-md-6406781,line,oecd-crs-energy-idn-2014-q-2026-09-28-md-6406781,,marker,,,0,,,,,0,desertification,oecd-crs-energy-idn-2014-q-2026-09-28-md-6406781,oecd_crs_energy_microdata,1,2026-09-28,accepted,,
crs-flow-oecd-crs-energy-idn-2014-q-2026-09-28-md-6419284,line,oecd-crs-energy-idn-2014-q-2026-09-28-md-6419284,money,flow,commitment,unknown,262498,,,USD,USD,,,oecd-crs-energy-idn-2014-q-2026-09-28-md-6419284,oecd_crs_energy_microdata,1,2026-09-28,accepted,,"OECD Q value already in 2024 constant USD; UNIT_MULT applied, no FX or deflator rate applied"
crs-marker-biodiversity-oecd-crs-energy-idn-2014-q-2026-09-28-md-6419284,line,oecd-crs-energy-idn-2014-q-2026-09-28-md-6419284,,marker,,,0,,,,,0,biodiversity,oecd-crs-energy-idn-2014-q-2026-09-28-md-6419284,oecd_crs_energy_microdata,1,2026-09-28,accepted,,
crs-marker-mitigation-oecd-crs-energy-idn-2014-q-2026-09-28-md-6419284,line,oecd-crs-energy-idn-2014-q-2026-09-28-md-6419284,,marker,,,2,,,,,2,mitigation,oecd-crs-energy-idn-2014-q-2026-09-28-md-6419284,oecd_crs_energy_microdata,1,2026-09-28,accepted,,
crs-marker-adaptation-oecd-crs-energy-idn-2014-q-2026-09-28-md-6419284,line,oecd-crs-energy-idn-2014-q-2026-09-28-md-6419284,,marker,,,0,,,,,0,adaptation,oecd-crs-energy-idn-2014-q-2026-09-28-md-6419284,oecd_crs_energy_microdata,1,2026-09-28,accepted,,
crs-marker-desertification-oecd-crs-energy-idn-2014-q-2026-09-28-md-6419284,line,oecd-crs-energy-idn-2014-q-2026-09-28-md-6419284,,marker,,,0,,,,,0,desertification,oecd-crs-energy-idn-2014-q-2026-09-28-md-6419284,oecd_crs_energy_microdata,1,2026-09-28,accepted,,
crs-flow-oecd-crs-energy-idn-2014-q-2026-09-28-md-6761833,line,oecd-crs-energy-idn-2014-q-2026-09-28-md-6761833,money,flow,disbursement,unknown,65689,,,USD,USD,,,oecd-crs-energy-idn-2014-q-2026-09-28-md-6761833,oecd_crs_energy_microdata,1,2026-09-28,accepted,,"OECD Q value already in 2024 constant USD; UNIT_MULT applied, no FX or deflator rate applied"
crs-marker-biodiversity-oecd-crs-energy-idn-2014-q-2026-09-28-md-6761833,line,oecd-crs-energy-idn-2014-q-2026-09-28-md-6761833,,marker,,,0,,,,,0,biodiversity,oecd-crs-energy-idn-2014-q-2026-09-28-md-6761833,oecd_crs_energy_microdata,1,2026-09-28,accepted,,
crs-marker-mitigation-oecd-crs-energy-idn-2014-q-2026-09-28-md-6761833,line,oecd-crs-energy-idn-2014-q-2026-09-28-md-6761833,,marker,,,2,,,,,2,mitigation,oecd-crs-energy-idn-2014-q-2026-09-28-md-6761833,oecd_crs_energy_microdata,1,2026-09-28,accepted,,
crs-marker-adaptation-oecd-crs-energy-idn-2014-q-2026-09-28-md-6761833,line,oecd-crs-energy-idn-2014-q-2026-09-28-md-6761833,,marker,,,0,,,,,0,adaptation,oecd-crs-energy-idn-2014-q-2026-09-28-md-6761833,oecd_crs_energy_microdata,1,2026-09-28,accepted,,
crs-marker-desertification-oecd-crs-energy-idn-2014-q-2026-09-28-md-6761833,line,oecd-crs-energy-idn-2014-q-2026-09-28-md-6761833,,marker,,,0,,,,,0,desertification,oecd-crs-energy-idn-2014-q-2026-09-28-md-6761833,oecd_crs_energy_microdata,1,2026-09-28,accepted,,
crs-flow-oecd-crs-energy-idn-2014-q-2026-09-28-md-6761853,line,oecd-crs-energy-idn-2014-q-2026-09-28-md-6761853,money,flow,disbursement,unknown,262498,,,USD,USD,,,oecd-crs-energy-idn-2014-q-2026-09-28-md-6761853,oecd_crs_energy_microdata,1,2026-09-28,accepted,,"OECD Q value already in 2024 constant USD; UNIT_MULT applied, no FX or deflator rate applied"
crs-marker-biodiversity-oecd-crs-energy-idn-2014-q-2026-09-28-md-6761853,line,oecd-crs-energy-idn-2014-q-2026-09-28-md-6761853,,marker,,,0,,,,,0,biodiversity,oecd-crs-energy-idn-2014-q-2026-09-28-md-6761853,oecd_crs_energy_microdata,1,2026-09-28,accepted,,
crs-marker-mitigation-oecd-crs-energy-idn-2014-q-2026-09-28-md-6761853,line,oecd-crs-energy-idn-2014-q-2026-09-28-md-6761853,,marker,,,2,,,,,2,mitigation,oecd-crs-energy-idn-2014-q-2026-09-28-md-6761853,oecd_crs_energy_microdata,1,2026-09-28,accepted,,
crs-marker-adaptation-oecd-crs-energy-idn-2014-q-2026-09-28-md-6761853,line,oecd-crs-energy-idn-2014-q-2026-09-28-md-6761853,,marker,,,0,,,,,0,adaptation,oecd-crs-energy-idn-2014-q-2026-09-28-md-6761853,oecd_crs_energy_microdata,1,2026-09-28,accepted,,
crs-marker-desertification-oecd-crs-energy-idn-2014-q-2026-09-28-md-6761853,line,oecd-crs-energy-idn-2014-q-2026-09-28-md-6761853,,marker,,,0,,,,,0,desertification,oecd-crs-energy-idn-2014-q-2026-09-28-md-6761853,oecd_crs_energy_microdata,1,2026-09-28,accepted,,
crs-flow-oecd-crs-energy-idn-2014-q-2026-09-28-md-6741006,line,oecd-crs-energy-idn-2014-q-2026-09-28-md-6741006,money,flow,disbursement,unknown,321513,,,USD,USD,,,oecd-crs-energy-idn-2014-q-2026-09-28-md-6741006,oecd_crs_energy_microdata,1,2026-09-28,accepted,,"OECD Q value already in 2024 constant USD; UNIT_MULT applied, no FX or deflator rate applied"
crs-marker-biodiversity-oecd-crs-energy-idn-2014-q-2026-09-28-md-6741006,line,oecd-crs-energy-idn-2014-q-2026-09-28-md-6741006,,marker,,,1,,,,,1,biodiversity,oecd-crs-energy-idn-2014-q-2026-09-28-md-6741006,oecd_crs_energy_microdata,1,2026-09-28,accepted,,
crs-marker-mitigation-oecd-crs-energy-idn-2014-q-2026-09-28-md-6741006,line,oecd-crs-energy-idn-2014-q-2026-09-28-md-6741006,,marker,,,1,,,,,1,mitigation,oecd-crs-energy-idn-2014-q-2026-09-28-md-6741006,oecd_crs_energy_microdata,1,2026-09-28,accepted,,
crs-marker-adaptation-oecd-crs-energy-idn-2014-q-2026-09-28-md-6741006,line,oecd-crs-energy-idn-2014-q-2026-09-28-md-6741006,,marker,,,1,,,,,1,adaptation,oecd-crs-energy-idn-2014-q-2026-09-28-md-6741006,oecd_crs_energy_microdata,1,2026-09-28,accepted,,
crs-marker-desertification-oecd-crs-energy-idn-2014-q-2026-09-28-md-6741006,line,oecd-crs-energy-idn-2014-q-2026-09-28-md-6741006,,marker,,,0,,,,,0,desertification,oecd-crs-energy-idn-2014-q-2026-09-28-md-6741006,oecd_crs_energy_microdata,1,2026-09-28,accepted,,
crs-flow-oecd-crs-energy-idn-2014-q-2026-09-28-md-6406765,line,oecd-crs-energy-idn-2014-q-2026-09-28-md-6406765,money,flow,commitment,unknown,393747,,,USD,USD,,,oecd-crs-energy-idn-2014-q-2026-09-28-md-6406765,oecd_crs_energy_microdata,1,2026-09-28,accepted,,"OECD Q value already in 2024 constant USD; UNIT_MULT applied, no FX or deflator rate applied"
crs-marker-biodiversity-oecd-crs-energy-idn-2014-q-2026-09-28-md-6406765,line,oecd-crs-energy-idn-2014-q-2026-09-28-md-6406765,,marker,,,0,,,,,0,biodiversity,oecd-crs-energy-idn-2014-q-2026-09-28-md-6406765,oecd_crs_energy_microdata,1,2026-09-28,accepted,,
crs-marker-mitigation-oecd-crs-energy-idn-2014-q-2026-09-28-md-6406765,line,oecd-crs-energy-idn-2014-q-2026-09-28-md-6406765,,marker,,,2,,,,,2,mitigation,oecd-crs-energy-idn-2014-q-2026-09-28-md-6406765,oecd_crs_energy_microdata,1,2026-09-28,accepted,,
crs-marker-adaptation-oecd-crs-energy-idn-2014-q-2026-09-28-md-6406765,line,oecd-crs-energy-idn-2014-q-2026-09-28-md-6406765,,marker,,,1,,,,,1,adaptation,oecd-crs-energy-idn-2014-q-2026-09-28-md-6406765,oecd_crs_energy_microdata,1,2026-09-28,accepted,,
crs-marker-desertification-oecd-crs-energy-idn-2014-q-2026-09-28-md-6406765,line,oecd-crs-energy-idn-2014-q-2026-09-28-md-6406765,,marker,,,0,,,,,0,desertification,oecd-crs-energy-idn-2014-q-2026-09-28-md-6406765,oecd_crs_energy_microdata,1,2026-09-28,accepted,,
crs-flow-oecd-crs-energy-idn-2014-q-2026-09-28-md-6815549,line,oecd-crs-energy-idn-2014-q-2026-09-28-md-6815549,money,flow,disbursement,unknown,114740,,,USD,USD,,,oecd-crs-energy-idn-2014-q-2026-09-28-md-6815549,oecd_crs_energy_microdata,1,2026-09-28,accepted,,"OECD Q value already in 2024 constant USD; UNIT_MULT applied, no FX or deflator rate applied"
crs-marker-biodiversity-oecd-crs-energy-idn-2014-q-2026-09-28-md-6815549,line,oecd-crs-energy-idn-2014-q-2026-09-28-md-6815549,,marker,,,0,,,,,0,biodiversity,oecd-crs-energy-idn-2014-q-2026-09-28-md-6815549,oecd_crs_energy_microdata,1,2026-09-28,accepted,,
crs-marker-mitigation-oecd-crs-energy-idn-2014-q-2026-09-28-md-6815549,line,oecd-crs-energy-idn-2014-q-2026-09-28-md-6815549,,marker,,,0,,,,,0,mitigation,oecd-crs-energy-idn-2014-q-2026-09-28-md-6815549,oecd_crs_energy_microdata,1,2026-09-28,accepted,,
crs-marker-adaptation-oecd-crs-energy-idn-2014-q-2026-09-28-md-6815549,line,oecd-crs-energy-idn-2014-q-2026-09-28-md-6815549,,marker,,,0,,,,,0,adaptation,oecd-crs-energy-idn-2014-q-2026-09-28-md-6815549,oecd_crs_energy_microdata,1,2026-09-28,accepted,,
crs-marker-desertification-oecd-crs-energy-idn-2014-q-2026-09-28-md-6815549,line,oecd-crs-energy-idn-2014-q-2026-09-28-md-6815549,,marker,,,0,,,,,0,desertification,oecd-crs-energy-idn-2014-q-2026-09-28-md-6815549,oecd_crs_energy_microdata,1,2026-09-28,accepted,,
crs-flow-oecd-crs-energy-idn-2014-q-2026-09-28-md-6467886,line,oecd-crs-energy-idn-2014-q-2026-09-28-md-6467886,money,flow,commitment,unknown,307047,,,USD,USD,,,oecd-crs-energy-idn-2014-q-2026-09-28-md-6467886,oecd_crs_energy_microdata,1,2026-09-28,accepted,,"OECD Q value already in 2024 constant USD; UNIT_MULT applied, no FX or deflator rate applied"
crs-marker-biodiversity-oecd-crs-energy-idn-2014-q-2026-09-28-md-6467886,line,oecd-crs-energy-idn-2014-q-2026-09-28-md-6467886,,marker,,,0,,,,,0,biodiversity,oecd-crs-energy-idn-2014-q-2026-09-28-md-6467886,oecd_crs_energy_microdata,1,2026-09-28,accepted,,
crs-marker-mitigation-oecd-crs-energy-idn-2014-q-2026-09-28-md-6467886,line,oecd-crs-energy-idn-2014-q-2026-09-28-md-6467886,,marker,,,0,,,,,0,mitigation,oecd-crs-energy-idn-2014-q-2026-09-28-md-6467886,oecd_crs_energy_microdata,1,2026-09-28,accepted,,
crs-marker-adaptation-oecd-crs-energy-idn-2014-q-2026-09-28-md-6467886,line,oecd-crs-energy-idn-2014-q-2026-09-28-md-6467886,,marker,,,0,,,,,0,adaptation,oecd-crs-energy-idn-2014-q-2026-09-28-md-6467886,oecd_crs_energy_microdata,1,2026-09-28,accepted,,
crs-marker-desertification-oecd-crs-energy-idn-2014-q-2026-09-28-md-6467886,line,oecd-crs-energy-idn-2014-q-2026-09-28-md-6467886,,marker,,,0,,,,,0,desertification,oecd-crs-energy-idn-2014-q-2026-09-28-md-6467886,oecd_crs_energy_microdata,1,2026-09-28,accepted,,
crs-flow-oecd-crs-energy-idn-2014-q-2026-09-28-md-6812701,line,oecd-crs-energy-idn-2014-q-2026-09-28-md-6812701,money,flow,disbursement,unknown,138010,,,USD,USD,,,oecd-crs-energy-idn-2014-q-2026-09-28-md-6812701,oecd_crs_energy_microdata,1,2026-09-28,accepted,,"OECD Q value already in 2024 constant USD; UNIT_MULT applied, no FX or deflator rate applied"
crs-marker-biodiversity-oecd-crs-energy-idn-2014-q-2026-09-28-md-6812701,line,oecd-crs-energy-idn-2014-q-2026-09-28-md-6812701,,marker,,,0,,,,,0,biodiversity,oecd-crs-energy-idn-2014-q-2026-09-28-md-6812701,oecd_crs_energy_microdata,1,2026-09-28,accepted,,
crs-marker-mitigation-oecd-crs-energy-idn-2014-q-2026-09-28-md-6812701,line,oecd-crs-energy-idn-2014-q-2026-09-28-md-6812701,,marker,,,0,,,,,0,mitigation,oecd-crs-energy-idn-2014-q-2026-09-28-md-6812701,oecd_crs_energy_microdata,1,2026-09-28,accepted,,
crs-marker-adaptation-oecd-crs-energy-idn-2014-q-2026-09-28-md-6812701,line,oecd-crs-energy-idn-2014-q-2026-09-28-md-6812701,,marker,,,0,,,,,0,adaptation,oecd-crs-energy-idn-2014-q-2026-09-28-md-6812701,oecd_crs_energy_microdata,1,2026-09-28,accepted,,
crs-marker-desertification-oecd-crs-energy-idn-2014-q-2026-09-28-md-6812701,line,oecd-crs-energy-idn-2014-q-2026-09-28-md-6812701,,marker,,,0,,,,,0,desertification,oecd-crs-energy-idn-2014-q-2026-09-28-md-6812701,oecd_crs_energy_microdata,1,2026-09-28,accepted,,
crs-flow-oecd-crs-energy-idn-2014-q-2026-09-28-md-6809277,line,oecd-crs-energy-idn-2014-q-2026-09-28-md-6809277,money,flow,disbursement,unknown,2597854,,,USD,USD,,,oecd-crs-energy-idn-2014-q-2026-09-28-md-6809277,oecd_crs_energy_microdata,1,2026-09-28,accepted,,"OECD Q value already in 2024 constant USD; UNIT_MULT applied, no FX or deflator rate applied"
crs-marker-biodiversity-oecd-crs-energy-idn-2014-q-2026-09-28-md-6809277,line,oecd-crs-energy-idn-2014-q-2026-09-28-md-6809277,,marker,,,0,,,,,0,biodiversity,oecd-crs-energy-idn-2014-q-2026-09-28-md-6809277,oecd_crs_energy_microdata,1,2026-09-28,accepted,,
crs-marker-mitigation-oecd-crs-energy-idn-2014-q-2026-09-28-md-6809277,line,oecd-crs-energy-idn-2014-q-2026-09-28-md-6809277,,marker,,,2,,,,,2,mitigation,oecd-crs-energy-idn-2014-q-2026-09-28-md-6809277,oecd_crs_energy_microdata,1,2026-09-28,accepted,,
crs-marker-adaptation-oecd-crs-energy-idn-2014-q-2026-09-28-md-6809277,line,oecd-crs-energy-idn-2014-q-2026-09-28-md-6809277,,marker,,,1,,,,,1,adaptation,oecd-crs-energy-idn-2014-q-2026-09-28-md-6809277,oecd_crs_energy_microdata,1,2026-09-28,accepted,,
crs-marker-desertification-oecd-crs-energy-idn-2014-q-2026-09-28-md-6809277,line,oecd-crs-energy-idn-2014-q-2026-09-28-md-6809277,,marker,,,0,,,,,0,desertification,oecd-crs-energy-idn-2014-q-2026-09-28-md-6809277,oecd_crs_energy_microdata,1,2026-09-28,accepted,,
crs-flow-oecd-crs-energy-idn-2014-q-2026-09-28-md-6741049,line,oecd-crs-energy-idn-2014-q-2026-09-28-md-6741049,money,flow,disbursement,unknown,393747,,,USD,USD,,,oecd-crs-energy-idn-2014-q-2026-09-28-md-6741049,oecd_crs_energy_microdata,1,2026-09-28,accepted,,"OECD Q value already in 2024 constant USD; UNIT_MULT applied, no FX or deflator rate applied"
crs-marker-biodiversity-oecd-crs-energy-idn-2014-q-2026-09-28-md-6741049,line,oecd-crs-energy-idn-2014-q-2026-09-28-md-6741049,,marker,,,0,,,,,0,biodiversity,oecd-crs-energy-idn-2014-q-2026-09-28-md-6741049,oecd_crs_energy_microdata,1,2026-09-28,accepted,,
crs-marker-mitigation-oecd-crs-energy-idn-2014-q-2026-09-28-md-6741049,line,oecd-crs-energy-idn-2014-q-2026-09-28-md-6741049,,marker,,,2,,,,,2,mitigation,oecd-crs-energy-idn-2014-q-2026-09-28-md-6741049,oecd_crs_energy_microdata,1,2026-09-28,accepted,,
crs-marker-adaptation-oecd-crs-energy-idn-2014-q-2026-09-28-md-6741049,line,oecd-crs-energy-idn-2014-q-2026-09-28-md-6741049,,marker,,,1,,,,,1,adaptation,oecd-crs-energy-idn-2014-q-2026-09-28-md-6741049,oecd_crs_energy_microdata,1,2026-09-28,accepted,,
crs-marker-desertification-oecd-crs-energy-idn-2014-q-2026-09-28-md-6741049,line,oecd-crs-energy-idn-2014-q-2026-09-28-md-6741049,,marker,,,0,,,,,0,desertification,oecd-crs-energy-idn-2014-q-2026-09-28-md-6741049,oecd_crs_energy_microdata,1,2026-09-28,accepted,,
crs-flow-oecd-crs-energy-idn-2014-q-2026-09-28-md-6740999,line,oecd-crs-energy-idn-2014-q-2026-09-28-md-6740999,money,flow,disbursement,unknown,393747,,,USD,USD,,,oecd-crs-energy-idn-2014-q-2026-09-28-md-6740999,oecd_crs_energy_microdata,1,2026-09-28,accepted,,"OECD Q value already in 2024 constant USD; UNIT_MULT applied, no FX or deflator rate applied"
crs-marker-biodiversity-oecd-crs-energy-idn-2014-q-2026-09-28-md-6740999,line,oecd-crs-energy-idn-2014-q-2026-09-28-md-6740999,,marker,,,0,,,,,0,biodiversity,oecd-crs-energy-idn-2014-q-2026-09-28-md-6740999,oecd_crs_energy_microdata,1,2026-09-28,accepted,,
crs-marker-mitigation-oecd-crs-energy-idn-2014-q-2026-09-28-md-6740999,line,oecd-crs-energy-idn-2014-q-2026-09-28-md-6740999,,marker,,,1,,,,,1,mitigation,oecd-crs-energy-idn-2014-q-2026-09-28-md-6740999,oecd_crs_energy_microdata,1,2026-09-28,accepted,,
crs-marker-adaptation-oecd-crs-energy-idn-2014-q-2026-09-28-md-6740999,line,oecd-crs-energy-idn-2014-q-2026-09-28-md-6740999,,marker,,,0,,,,,0,adaptation,oecd-crs-energy-idn-2014-q-2026-09-28-md-6740999,oecd_crs_energy_microdata,1,2026-09-28,accepted,,
crs-marker-desertification-oecd-crs-energy-idn-2014-q-2026-09-28-md-6740999,line,oecd-crs-energy-idn-2014-q-2026-09-28-md-6740999,,marker,,,0,,,,,0,desertification,oecd-crs-energy-idn-2014-q-2026-09-28-md-6740999,oecd_crs_energy_microdata,1,2026-09-28,accepted,,
crs-flow-oecd-crs-energy-idn-2014-q-2026-09-28-md-6715548,line,oecd-crs-energy-idn-2014-q-2026-09-28-md-6715548,money,flow,disbursement,unknown,1049811,,,USD,USD,,,oecd-crs-energy-idn-2014-q-2026-09-28-md-6715548,oecd_crs_energy_microdata,1,2026-09-28,accepted,,"OECD Q value already in 2024 constant USD; UNIT_MULT applied, no FX or deflator rate applied"
crs-marker-biodiversity-oecd-crs-energy-idn-2014-q-2026-09-28-md-6715548,line,oecd-crs-energy-idn-2014-q-2026-09-28-md-6715548,,marker,,,0,,,,,0,biodiversity,oecd-crs-energy-idn-2014-q-2026-09-28-md-6715548,oecd_crs_energy_microdata,1,2026-09-28,accepted,,
crs-marker-mitigation-oecd-crs-energy-idn-2014-q-2026-09-28-md-6715548,line,oecd-crs-energy-idn-2014-q-2026-09-28-md-6715548,,marker,,,2,,,,,2,mitigation,oecd-crs-energy-idn-2014-q-2026-09-28-md-6715548,oecd_crs_energy_microdata,1,2026-09-28,accepted,,
crs-marker-adaptation-oecd-crs-energy-idn-2014-q-2026-09-28-md-6715548,line,oecd-crs-energy-idn-2014-q-2026-09-28-md-6715548,,marker,,,0,,,,,0,adaptation,oecd-crs-energy-idn-2014-q-2026-09-28-md-6715548,oecd_crs_energy_microdata,1,2026-09-28,accepted,,
crs-marker-desertification-oecd-crs-energy-idn-2014-q-2026-09-28-md-6715548,line,oecd-crs-energy-idn-2014-q-2026-09-28-md-6715548,,marker,,,0,,,,,0,desertification,oecd-crs-energy-idn-2014-q-2026-09-28-md-6715548,oecd_crs_energy_microdata,1,2026-09-28,accepted,,
crs-flow-oecd-crs-energy-idn-2014-q-2026-09-28-md-6385233,line,oecd-crs-energy-idn-2014-q-2026-09-28-md-6385233,money,flow,commitment,unknown,8029430,,,USD,USD,,,oecd-crs-energy-idn-2014-q-2026-09-28-md-6385233,oecd_crs_energy_microdata,1,2026-09-28,accepted,,"OECD Q value already in 2024 constant USD; UNIT_MULT applied, no FX or deflator rate applied"
crs-marker-biodiversity-oecd-crs-energy-idn-2014-q-2026-09-28-md-6385233,line,oecd-crs-energy-idn-2014-q-2026-09-28-md-6385233,,marker,,,,,,,,not_screened,biodiversity,oecd-crs-energy-idn-2014-q-2026-09-28-md-6385233,oecd_crs_energy_microdata,1,2026-09-28,accepted,,
crs-marker-mitigation-oecd-crs-energy-idn-2014-q-2026-09-28-md-6385233,line,oecd-crs-energy-idn-2014-q-2026-09-28-md-6385233,,marker,,,,,,,,not_screened,mitigation,oecd-crs-energy-idn-2014-q-2026-09-28-md-6385233,oecd_crs_energy_microdata,1,2026-09-28,accepted,,
crs-marker-adaptation-oecd-crs-energy-idn-2014-q-2026-09-28-md-6385233,line,oecd-crs-energy-idn-2014-q-2026-09-28-md-6385233,,marker,,,,,,,,not_screened,adaptation,oecd-crs-energy-idn-2014-q-2026-09-28-md-6385233,oecd_crs_energy_microdata,1,2026-09-28,accepted,,
crs-marker-desertification-oecd-crs-energy-idn-2014-q-2026-09-28-md-6385233,line,oecd-crs-energy-idn-2014-q-2026-09-28-md-6385233,,marker,,,,,,,,not_screened,desertification,oecd-crs-energy-idn-2014-q-2026-09-28-md-6385233,oecd_crs_energy_microdata,1,2026-09-28,accepted,,
crs-flow-oecd-crs-energy-idn-2014-q-2026-09-28-md-6468085,line,oecd-crs-energy-idn-2014-q-2026-09-28-md-6468085,money,flow,commitment,unknown,45165,,,USD,USD,,,oecd-crs-energy-idn-2014-q-2026-09-28-md-6468085,oecd_crs_energy_microdata,1,2026-09-28,accepted,,"OECD Q value already in 2024 constant USD; UNIT_MULT applied, no FX or deflator rate applied"
crs-marker-biodiversity-oecd-crs-energy-idn-2014-q-2026-09-28-md-6468085,line,oecd-crs-energy-idn-2014-q-2026-09-28-md-6468085,,marker,,,,,,,,not_screened,biodiversity,oecd-crs-energy-idn-2014-q-2026-09-28-md-6468085,oecd_crs_energy_microdata,1,2026-09-28,accepted,,
crs-marker-mitigation-oecd-crs-energy-idn-2014-q-2026-09-28-md-6468085,line,oecd-crs-energy-idn-2014-q-2026-09-28-md-6468085,,marker,,,,,,,,not_screened,mitigation,oecd-crs-energy-idn-2014-q-2026-09-28-md-6468085,oecd_crs_energy_microdata,1,2026-09-28,accepted,,
crs-marker-adaptation-oecd-crs-energy-idn-2014-q-2026-09-28-md-6468085,line,oecd-crs-energy-idn-2014-q-2026-09-28-md-6468085,,marker,,,,,,,,not_screened,adaptation,oecd-crs-energy-idn-2014-q-2026-09-28-md-6468085,oecd_crs_energy_microdata,1,2026-09-28,accepted,,
crs-marker-desertification-oecd-crs-energy-idn-2014-q-2026-09-28-md-6468085,line,oecd-crs-energy-idn-2014-q-2026-09-28-md-6468085,,marker,,,,,,,,not_screened,desertification,oecd-crs-energy-idn-2014-q-2026-09-28-md-6468085,oecd_crs_energy_microdata,1,2026-09-28,accepted,,
crs-flow-oecd-crs-energy-idn-2014-q-2026-09-28-md-6385360,line,oecd-crs-energy-idn-2014-q-2026-09-28-md-6385360,money,flow,commitment,unknown,2141181,,,USD,USD,,,oecd-crs-energy-idn-2014-q-2026-09-28-md-6385360,oecd_crs_energy_microdata,1,2026-09-28,accepted,,"OECD Q value already in 2024 constant USD; UNIT_MULT applied, no FX or deflator rate applied"
crs-marker-biodiversity-oecd-crs-energy-idn-2014-q-2026-09-28-md-6385360,line,oecd-crs-energy-idn-2014-q-2026-09-28-md-6385360,,marker,,,,,,,,not_screened,biodiversity,oecd-crs-energy-idn-2014-q-2026-09-28-md-6385360,oecd_crs_energy_microdata,1,2026-09-28,accepted,,
crs-marker-mitigation-oecd-crs-energy-idn-2014-q-2026-09-28-md-6385360,line,oecd-crs-energy-idn-2014-q-2026-09-28-md-6385360,,marker,,,,,,,,not_screened,mitigation,oecd-crs-energy-idn-2014-q-2026-09-28-md-6385360,oecd_crs_energy_microdata,1,2026-09-28,accepted,,
crs-marker-adaptation-oecd-crs-energy-idn-2014-q-2026-09-28-md-6385360,line,oecd-crs-energy-idn-2014-q-2026-09-28-md-6385360,,marker,,,,,,,,not_screened,adaptation,oecd-crs-energy-idn-2014-q-2026-09-28-md-6385360,oecd_crs_energy_microdata,1,2026-09-28,accepted,,
crs-marker-desertification-oecd-crs-energy-idn-2014-q-2026-09-28-md-6385360,line,oecd-crs-energy-idn-2014-q-2026-09-28-md-6385360,,marker,,,,,,,,not_screened,desertification,oecd-crs-energy-idn-2014-q-2026-09-28-md-6385360,oecd_crs_energy_microdata,1,2026-09-28,accepted,,
crs-flow-oecd-crs-energy-idn-2014-q-2026-09-28-md-6385191,line,oecd-crs-energy-idn-2014-q-2026-09-28-md-6385191,money,flow,commitment,unknown,80294301,,,USD,USD,,,oecd-crs-energy-idn-2014-q-2026-09-28-md-6385191,oecd_crs_energy_microdata,1,2026-09-28,accepted,,"OECD Q value already in 2024 constant USD; UNIT_MULT applied, no FX or deflator rate applied"
crs-marker-biodiversity-oecd-crs-energy-idn-2014-q-2026-09-28-md-6385191,line,oecd-crs-energy-idn-2014-q-2026-09-28-md-6385191,,marker,,,,,,,,not_screened,biodiversity,oecd-crs-energy-idn-2014-q-2026-09-28-md-6385191,oecd_crs_energy_microdata,1,2026-09-28,accepted,,
crs-marker-mitigation-oecd-crs-energy-idn-2014-q-2026-09-28-md-6385191,line,oecd-crs-energy-idn-2014-q-2026-09-28-md-6385191,,marker,,,,,,,,not_screened,mitigation,oecd-crs-energy-idn-2014-q-2026-09-28-md-6385191,oecd_crs_energy_microdata,1,2026-09-28,accepted,,
crs-marker-adaptation-oecd-crs-energy-idn-2014-q-2026-09-28-md-6385191,line,oecd-crs-energy-idn-2014-q-2026-09-28-md-6385191,,marker,,,,,,,,not_screened,adaptation,oecd-crs-energy-idn-2014-q-2026-09-28-md-6385191,oecd_crs_energy_microdata,1,2026-09-28,accepted,,
crs-marker-desertification-oecd-crs-energy-idn-2014-q-2026-09-28-md-6385191,line,oecd-crs-energy-idn-2014-q-2026-09-28-md-6385191,,marker,,,,,,,,not_screened,desertification,oecd-crs-energy-idn-2014-q-2026-09-28-md-6385191,oecd_crs_energy_microdata,1,2026-09-28,accepted,,
crs-flow-oecd-crs-energy-idn-2014-q-2026-09-28-md-6812451,line,oecd-crs-energy-idn-2014-q-2026-09-28-md-6812451,money,flow,disbursement,unknown,207242,,,USD,USD,,,oecd-crs-energy-idn-2014-q-2026-09-28-md-6812451,oecd_crs_energy_microdata,1,2026-09-28,accepted,,"OECD Q value already in 2024 constant USD; UNIT_MULT applied, no FX or deflator rate applied"
crs-marker-biodiversity-oecd-crs-energy-idn-2014-q-2026-09-28-md-6812451,line,oecd-crs-energy-idn-2014-q-2026-09-28-md-6812451,,marker,,,1,,,,,1,biodiversity,oecd-crs-energy-idn-2014-q-2026-09-28-md-6812451,oecd_crs_energy_microdata,1,2026-09-28,accepted,,
crs-marker-mitigation-oecd-crs-energy-idn-2014-q-2026-09-28-md-6812451,line,oecd-crs-energy-idn-2014-q-2026-09-28-md-6812451,,marker,,,2,,,,,2,mitigation,oecd-crs-energy-idn-2014-q-2026-09-28-md-6812451,oecd_crs_energy_microdata,1,2026-09-28,accepted,,
crs-marker-adaptation-oecd-crs-energy-idn-2014-q-2026-09-28-md-6812451,line,oecd-crs-energy-idn-2014-q-2026-09-28-md-6812451,,marker,,,0,,,,,0,adaptation,oecd-crs-energy-idn-2014-q-2026-09-28-md-6812451,oecd_crs_energy_microdata,1,2026-09-28,accepted,,
crs-marker-desertification-oecd-crs-energy-idn-2014-q-2026-09-28-md-6812451,line,oecd-crs-energy-idn-2014-q-2026-09-28-md-6812451,,marker,,,0,,,,,0,desertification,oecd-crs-energy-idn-2014-q-2026-09-28-md-6812451,oecd_crs_energy_microdata,1,2026-09-28,accepted,,
crs-flow-oecd-crs-energy-idn-2014-q-2026-09-28-md-6812469,line,oecd-crs-energy-idn-2014-q-2026-09-28-md-6812469,money,flow,disbursement,unknown,207300,,,USD,USD,,,oecd-crs-energy-idn-2014-q-2026-09-28-md-6812469,oecd_crs_energy_microdata,1,2026-09-28,accepted,,"OECD Q value already in 2024 constant USD; UNIT_MULT applied, no FX or deflator rate applied"
crs-marker-biodiversity-oecd-crs-energy-idn-2014-q-2026-09-28-md-6812469,line,oecd-crs-energy-idn-2014-q-2026-09-28-md-6812469,,marker,,,1,,,,,1,biodiversity,oecd-crs-energy-idn-2014-q-2026-09-28-md-6812469,oecd_crs_energy_microdata,1,2026-09-28,accepted,,
crs-marker-mitigation-oecd-crs-energy-idn-2014-q-2026-09-28-md-6812469,line,oecd-crs-energy-idn-2014-q-2026-09-28-md-6812469,,marker,,,2,,,,,2,mitigation,oecd-crs-energy-idn-2014-q-2026-09-28-md-6812469,oecd_crs_energy_microdata,1,2026-09-28,accepted,,
crs-marker-adaptation-oecd-crs-energy-idn-2014-q-2026-09-28-md-6812469,line,oecd-crs-energy-idn-2014-q-2026-09-28-md-6812469,,marker,,,0,,,,,0,adaptation,oecd-crs-energy-idn-2014-q-2026-09-28-md-6812469,oecd_crs_energy_microdata,1,2026-09-28,accepted,,
crs-marker-desertification-oecd-crs-energy-idn-2014-q-2026-09-28-md-6812469,line,oecd-crs-energy-idn-2014-q-2026-09-28-md-6812469,,marker,,,0,,,,,0,desertification,oecd-crs-energy-idn-2014-q-2026-09-28-md-6812469,oecd_crs_energy_microdata,1,2026-09-28,accepted,,
crs-flow-oecd-crs-energy-idn-2014-q-2026-09-28-md-6813066,line,oecd-crs-energy-idn-2014-q-2026-09-28-md-6813066,money,flow,disbursement,unknown,26731,,,USD,USD,,,oecd-crs-energy-idn-2014-q-2026-09-28-md-6813066,oecd_crs_energy_microdata,1,2026-09-28,accepted,,"OECD Q value already in 2024 constant USD; UNIT_MULT applied, no FX or deflator rate applied"
crs-marker-biodiversity-oecd-crs-energy-idn-2014-q-2026-09-28-md-6813066,line,oecd-crs-energy-idn-2014-q-2026-09-28-md-6813066,,marker,,,0,,,,,0,biodiversity,oecd-crs-energy-idn-2014-q-2026-09-28-md-6813066,oecd_crs_energy_microdata,1,2026-09-28,accepted,,
crs-marker-mitigation-oecd-crs-energy-idn-2014-q-2026-09-28-md-6813066,line,oecd-crs-energy-idn-2014-q-2026-09-28-md-6813066,,marker,,,1,,,,,1,mitigation,oecd-crs-energy-idn-2014-q-2026-09-28-md-6813066,oecd_crs_energy_microdata,1,2026-09-28,accepted,,
crs-marker-adaptation-oecd-crs-energy-idn-2014-q-2026-09-28-md-6813066,line,oecd-crs-energy-idn-2014-q-2026-09-28-md-6813066,,marker,,,1,,,,,1,adaptation,oecd-crs-energy-idn-2014-q-2026-09-28-md-6813066,oecd_crs_energy_microdata,1,2026-09-28,accepted,,
crs-marker-desertification-oecd-crs-energy-idn-2014-q-2026-09-28-md-6813066,line,oecd-crs-energy-idn-2014-q-2026-09-28-md-6813066,,marker,,,0,,,,,0,desertification,oecd-crs-energy-idn-2014-q-2026-09-28-md-6813066,oecd_crs_energy_microdata,1,2026-09-28,accepted,,
crs-flow-oecd-crs-energy-idn-2014-q-2026-09-28-md-6472194,line,oecd-crs-energy-idn-2014-q-2026-09-28-md-6472194,money,flow,commitment,unknown,115838,,,USD,USD,,,oecd-crs-energy-idn-2014-q-2026-09-28-md-6472194,oecd_crs_energy_microdata,1,2026-09-28,accepted,,"OECD Q value already in 2024 constant USD; UNIT_MULT applied, no FX or deflator rate applied"
crs-marker-biodiversity-oecd-crs-energy-idn-2014-q-2026-09-28-md-6472194,line,oecd-crs-energy-idn-2014-q-2026-09-28-md-6472194,,marker,,,0,,,,,0,biodiversity,oecd-crs-energy-idn-2014-q-2026-09-28-md-6472194,oecd_crs_energy_microdata,1,2026-09-28,accepted,,
crs-marker-mitigation-oecd-crs-energy-idn-2014-q-2026-09-28-md-6472194,line,oecd-crs-energy-idn-2014-q-2026-09-28-md-6472194,,marker,,,2,,,,,2,mitigation,oecd-crs-energy-idn-2014-q-2026-09-28-md-6472194,oecd_crs_energy_microdata,1,2026-09-28,accepted,,
crs-marker-adaptation-oecd-crs-energy-idn-2014-q-2026-09-28-md-6472194,line,oecd-crs-energy-idn-2014-q-2026-09-28-md-6472194,,marker,,,0,,,,,0,adaptation,oecd-crs-energy-idn-2014-q-2026-09-28-md-6472194,oecd_crs_energy_microdata,1,2026-09-28,accepted,,
crs-marker-desertification-oecd-crs-energy-idn-2014-q-2026-09-28-md-6472194,line,oecd-crs-energy-idn-2014-q-2026-09-28-md-6472194,,marker,,,0,,,,,0,desertification,oecd-crs-energy-idn-2014-q-2026-09-28-md-6472194,oecd_crs_energy_microdata,1,2026-09-28,accepted,,
crs-flow-oecd-crs-energy-idn-2014-q-2026-09-28-md-6495439,line,oecd-crs-energy-idn-2014-q-2026-09-28-md-6495439,money,flow,commitment,unknown,26731,,,USD,USD,,,oecd-crs-energy-idn-2014-q-2026-09-28-md-6495439,oecd_crs_energy_microdata,1,2026-09-28,accepted,,"OECD Q value already in 2024 constant USD; UNIT_MULT applied, no FX or deflator rate applied"
crs-marker-biodiversity-oecd-crs-energy-idn-2014-q-2026-09-28-md-6495439,line,oecd-crs-energy-idn-2014-q-2026-09-28-md-6495439,,marker,,,0,,,,,0,biodiversity,oecd-crs-energy-idn-2014-q-2026-09-28-md-6495439,oecd_crs_energy_microdata,1,2026-09-28,accepted,,
crs-marker-mitigation-oecd-crs-energy-idn-2014-q-2026-09-28-md-6495439,line,oecd-crs-energy-idn-2014-q-2026-09-28-md-6495439,,marker,,,1,,,,,1,mitigation,oecd-crs-energy-idn-2014-q-2026-09-28-md-6495439,oecd_crs_energy_microdata,1,2026-09-28,accepted,,
crs-marker-adaptation-oecd-crs-energy-idn-2014-q-2026-09-28-md-6495439,line,oecd-crs-energy-idn-2014-q-2026-09-28-md-6495439,,marker,,,1,,,,,1,adaptation,oecd-crs-energy-idn-2014-q-2026-09-28-md-6495439,oecd_crs_energy_microdata,1,2026-09-28,accepted,,
crs-marker-desertification-oecd-crs-energy-idn-2014-q-2026-09-28-md-6495439,line,oecd-crs-energy-idn-2014-q-2026-09-28-md-6495439,,marker,,,0,,,,,0,desertification,oecd-crs-energy-idn-2014-q-2026-09-28-md-6495439,oecd_crs_energy_microdata,1,2026-09-28,accepted,,
crs-flow-oecd-crs-energy-idn-2014-q-2026-09-28-md-6381282,line,oecd-crs-energy-idn-2014-q-2026-09-28-md-6381282,money,flow,commitment,unknown,443702,,,USD,USD,,,oecd-crs-energy-idn-2014-q-2026-09-28-md-6381282,oecd_crs_energy_microdata,1,2026-09-28,accepted,,"OECD Q value already in 2024 constant USD; UNIT_MULT applied, no FX or deflator rate applied"
crs-marker-biodiversity-oecd-crs-energy-idn-2014-q-2026-09-28-md-6381282,line,oecd-crs-energy-idn-2014-q-2026-09-28-md-6381282,,marker,,,0,,,,,0,biodiversity,oecd-crs-energy-idn-2014-q-2026-09-28-md-6381282,oecd_crs_energy_microdata,1,2026-09-28,accepted,,
crs-marker-mitigation-oecd-crs-energy-idn-2014-q-2026-09-28-md-6381282,line,oecd-crs-energy-idn-2014-q-2026-09-28-md-6381282,,marker,,,0,,,,,0,mitigation,oecd-crs-energy-idn-2014-q-2026-09-28-md-6381282,oecd_crs_energy_microdata,1,2026-09-28,accepted,,
crs-marker-adaptation-oecd-crs-energy-idn-2014-q-2026-09-28-md-6381282,line,oecd-crs-energy-idn-2014-q-2026-09-28-md-6381282,,marker,,,0,,,,,0,adaptation,oecd-crs-energy-idn-2014-q-2026-09-28-md-6381282,oecd_crs_energy_microdata,1,2026-09-28,accepted,,
crs-marker-desertification-oecd-crs-energy-idn-2014-q-2026-09-28-md-6381282,line,oecd-crs-energy-idn-2014-q-2026-09-28-md-6381282,,marker,,,,,,,,not_screened,desertification,oecd-crs-energy-idn-2014-q-2026-09-28-md-6381282,oecd_crs_energy_microdata,1,2026-09-28,accepted,,
crs-flow-oecd-crs-energy-idn-2014-q-2026-09-28-md-6768239,line,oecd-crs-energy-idn-2014-q-2026-09-28-md-6768239,money,flow,disbursement,unknown,56901,,,USD,USD,,,oecd-crs-energy-idn-2014-q-2026-09-28-md-6768239,oecd_crs_energy_microdata,1,2026-09-28,accepted,,"OECD Q value already in 2024 constant USD; UNIT_MULT applied, no FX or deflator rate applied"
crs-marker-biodiversity-oecd-crs-energy-idn-2014-q-2026-09-28-md-6768239,line,oecd-crs-energy-idn-2014-q-2026-09-28-md-6768239,,marker,,,,,,,,not_screened,biodiversity,oecd-crs-energy-idn-2014-q-2026-09-28-md-6768239,oecd_crs_energy_microdata,1,2026-09-28,accepted,,
crs-marker-mitigation-oecd-crs-energy-idn-2014-q-2026-09-28-md-6768239,line,oecd-crs-energy-idn-2014-q-2026-09-28-md-6768239,,marker,,,,,,,,not_screened,mitigation,oecd-crs-energy-idn-2014-q-2026-09-28-md-6768239,oecd_crs_energy_microdata,1,2026-09-28,accepted,,
crs-marker-adaptation-oecd-crs-energy-idn-2014-q-2026-09-28-md-6768239,line,oecd-crs-energy-idn-2014-q-2026-09-28-md-6768239,,marker,,,,,,,,not_screened,adaptation,oecd-crs-energy-idn-2014-q-2026-09-28-md-6768239,oecd_crs_energy_microdata,1,2026-09-28,accepted,,
crs-marker-desertification-oecd-crs-energy-idn-2014-q-2026-09-28-md-6768239,line,oecd-crs-energy-idn-2014-q-2026-09-28-md-6768239,,marker,,,,,,,,not_screened,desertification,oecd-crs-energy-idn-2014-q-2026-09-28-md-6768239,oecd_crs_energy_microdata,1,2026-09-28,accepted,,
crs-flow-oecd-crs-energy-idn-2014-q-2026-09-28-md-6451029,line,oecd-crs-energy-idn-2014-q-2026-09-28-md-6451029,money,flow,commitment,unknown,57040,,,USD,USD,,,oecd-crs-energy-idn-2014-q-2026-09-28-md-6451029,oecd_crs_energy_microdata,1,2026-09-28,accepted,,"OECD Q value already in 2024 constant USD; UNIT_MULT applied, no FX or deflator rate applied"
crs-marker-biodiversity-oecd-crs-energy-idn-2014-q-2026-09-28-md-6451029,line,oecd-crs-energy-idn-2014-q-2026-09-28-md-6451029,,marker,,,,,,,,not_screened,biodiversity,oecd-crs-energy-idn-2014-q-2026-09-28-md-6451029,oecd_crs_energy_microdata,1,2026-09-28,accepted,,
crs-marker-mitigation-oecd-crs-energy-idn-2014-q-2026-09-28-md-6451029,line,oecd-crs-energy-idn-2014-q-2026-09-28-md-6451029,,marker,,,,,,,,not_screened,mitigation,oecd-crs-energy-idn-2014-q-2026-09-28-md-6451029,oecd_crs_energy_microdata,1,2026-09-28,accepted,,
crs-marker-adaptation-oecd-crs-energy-idn-2014-q-2026-09-28-md-6451029,line,oecd-crs-energy-idn-2014-q-2026-09-28-md-6451029,,marker,,,,,,,,not_screened,adaptation,oecd-crs-energy-idn-2014-q-2026-09-28-md-6451029,oecd_crs_energy_microdata,1,2026-09-28,accepted,,
crs-marker-desertification-oecd-crs-energy-idn-2014-q-2026-09-28-md-6451029,line,oecd-crs-energy-idn-2014-q-2026-09-28-md-6451029,,marker,,,,,,,,not_screened,desertification,oecd-crs-energy-idn-2014-q-2026-09-28-md-6451029,oecd_crs_energy_microdata,1,2026-09-28,accepted,,
crs-flow-oecd-crs-energy-idn-2014-q-2026-09-28-md-6768305,line,oecd-crs-energy-idn-2014-q-2026-09-28-md-6768305,money,flow,disbursement,unknown,15431,,,USD,USD,,,oecd-crs-energy-idn-2014-q-2026-09-28-md-6768305,oecd_crs_energy_microdata,1,2026-09-28,accepted,,"OECD Q value already in 2024 constant USD; UNIT_MULT applied, no FX or deflator rate applied"
crs-marker-biodiversity-oecd-crs-energy-idn-2014-q-2026-09-28-md-6768305,line,oecd-crs-energy-idn-2014-q-2026-09-28-md-6768305,,marker,,,,,,,,not_screened,biodiversity,oecd-crs-energy-idn-2014-q-2026-09-28-md-6768305,oecd_crs_energy_microdata,1,2026-09-28,accepted,,
crs-marker-mitigation-oecd-crs-energy-idn-2014-q-2026-09-28-md-6768305,line,oecd-crs-energy-idn-2014-q-2026-09-28-md-6768305,,marker,,,,,,,,not_screened,mitigation,oecd-crs-energy-idn-2014-q-2026-09-28-md-6768305,oecd_crs_energy_microdata,1,2026-09-28,accepted,,
crs-marker-adaptation-oecd-crs-energy-idn-2014-q-2026-09-28-md-6768305,line,oecd-crs-energy-idn-2014-q-2026-09-28-md-6768305,,marker,,,,,,,,not_screened,adaptation,oecd-crs-energy-idn-2014-q-2026-09-28-md-6768305,oecd_crs_energy_microdata,1,2026-09-28,accepted,,
crs-marker-desertification-oecd-crs-energy-idn-2014-q-2026-09-28-md-6768305,line,oecd-crs-energy-idn-2014-q-2026-09-28-md-6768305,,marker,,,,,,,,not_screened,desertification,oecd-crs-energy-idn-2014-q-2026-09-28-md-6768305,oecd_crs_energy_microdata,1,2026-09-28,accepted,,
crs-flow-oecd-crs-energy-idn-2014-q-2026-09-28-md-6451107,line,oecd-crs-energy-idn-2014-q-2026-09-28-md-6451107,money,flow,commitment,unknown,4909,,,USD,USD,,,oecd-crs-energy-idn-2014-q-2026-09-28-md-6451107,oecd_crs_energy_microdata,1,2026-09-28,accepted,,"OECD Q value already in 2024 constant USD; UNIT_MULT applied, no FX or deflator rate applied"
crs-marker-biodiversity-oecd-crs-energy-idn-2014-q-2026-09-28-md-6451107,line,oecd-crs-energy-idn-2014-q-2026-09-28-md-6451107,,marker,,,,,,,,not_screened,biodiversity,oecd-crs-energy-idn-2014-q-2026-09-28-md-6451107,oecd_crs_energy_microdata,1,2026-09-28,accepted,,
crs-marker-mitigation-oecd-crs-energy-idn-2014-q-2026-09-28-md-6451107,line,oecd-crs-energy-idn-2014-q-2026-09-28-md-6451107,,marker,,,,,,,,not_screened,mitigation,oecd-crs-energy-idn-2014-q-2026-09-28-md-6451107,oecd_crs_energy_microdata,1,2026-09-28,accepted,,
crs-marker-adaptation-oecd-crs-energy-idn-2014-q-2026-09-28-md-6451107,line,oecd-crs-energy-idn-2014-q-2026-09-28-md-6451107,,marker,,,,,,,,not_screened,adaptation,oecd-crs-energy-idn-2014-q-2026-09-28-md-6451107,oecd_crs_energy_microdata,1,2026-09-28,accepted,,
crs-marker-desertification-oecd-crs-energy-idn-2014-q-2026-09-28-md-6451107,line,oecd-crs-energy-idn-2014-q-2026-09-28-md-6451107,,marker,,,,,,,,not_screened,desertification,oecd-crs-energy-idn-2014-q-2026-09-28-md-6451107,oecd_crs_energy_microdata,1,2026-09-28,accepted,,
crs-flow-oecd-crs-energy-idn-2014-q-2026-09-28-md-6451108,line,oecd-crs-energy-idn-2014-q-2026-09-28-md-6451108,money,flow,commitment,unknown,15469,,,USD,USD,,,oecd-crs-energy-idn-2014-q-2026-09-28-md-6451108,oecd_crs_energy_microdata,1,2026-09-28,accepted,,"OECD Q value already in 2024 constant USD; UNIT_MULT applied, no FX or deflator rate applied"
crs-marker-biodiversity-oecd-crs-energy-idn-2014-q-2026-09-28-md-6451108,line,oecd-crs-energy-idn-2014-q-2026-09-28-md-6451108,,marker,,,,,,,,not_screened,biodiversity,oecd-crs-energy-idn-2014-q-2026-09-28-md-6451108,oecd_crs_energy_microdata,1,2026-09-28,accepted,,
crs-marker-mitigation-oecd-crs-energy-idn-2014-q-2026-09-28-md-6451108,line,oecd-crs-energy-idn-2014-q-2026-09-28-md-6451108,,marker,,,,,,,,not_screened,mitigation,oecd-crs-energy-idn-2014-q-2026-09-28-md-6451108,oecd_crs_energy_microdata,1,2026-09-28,accepted,,
crs-marker-adaptation-oecd-crs-energy-idn-2014-q-2026-09-28-md-6451108,line,oecd-crs-energy-idn-2014-q-2026-09-28-md-6451108,,marker,,,,,,,,not_screened,adaptation,oecd-crs-energy-idn-2014-q-2026-09-28-md-6451108,oecd_crs_energy_microdata,1,2026-09-28,accepted,,
crs-marker-desertification-oecd-crs-energy-idn-2014-q-2026-09-28-md-6451108,line,oecd-crs-energy-idn-2014-q-2026-09-28-md-6451108,,marker,,,,,,,,not_screened,desertification,oecd-crs-energy-idn-2014-q-2026-09-28-md-6451108,oecd_crs_energy_microdata,1,2026-09-28,accepted,,
crs-flow-oecd-crs-energy-idn-2014-q-2026-09-28-md-6768280,line,oecd-crs-energy-idn-2014-q-2026-09-28-md-6768280,money,flow,disbursement,unknown,4898,,,USD,USD,,,oecd-crs-energy-idn-2014-q-2026-09-28-md-6768280,oecd_crs_energy_microdata,1,2026-09-28,accepted,,"OECD Q value already in 2024 constant USD; UNIT_MULT applied, no FX or deflator rate applied"
crs-marker-biodiversity-oecd-crs-energy-idn-2014-q-2026-09-28-md-6768280,line,oecd-crs-energy-idn-2014-q-2026-09-28-md-6768280,,marker,,,,,,,,not_screened,biodiversity,oecd-crs-energy-idn-2014-q-2026-09-28-md-6768280,oecd_crs_energy_microdata,1,2026-09-28,accepted,,
crs-marker-mitigation-oecd-crs-energy-idn-2014-q-2026-09-28-md-6768280,line,oecd-crs-energy-idn-2014-q-2026-09-28-md-6768280,,marker,,,,,,,,not_screened,mitigation,oecd-crs-energy-idn-2014-q-2026-09-28-md-6768280,oecd_crs_energy_microdata,1,2026-09-28,accepted,,
crs-marker-adaptation-oecd-crs-energy-idn-2014-q-2026-09-28-md-6768280,line,oecd-crs-energy-idn-2014-q-2026-09-28-md-6768280,,marker,,,,,,,,not_screened,adaptation,oecd-crs-energy-idn-2014-q-2026-09-28-md-6768280,oecd_crs_energy_microdata,1,2026-09-28,accepted,,
crs-marker-desertification-oecd-crs-energy-idn-2014-q-2026-09-28-md-6768280,line,oecd-crs-energy-idn-2014-q-2026-09-28-md-6768280,,marker,,,,,,,,not_screened,desertification,oecd-crs-energy-idn-2014-q-2026-09-28-md-6768280,oecd_crs_energy_microdata,1,2026-09-28,accepted,,
crs-flow-oecd-crs-energy-idn-2014-q-2026-09-28-md-6446037,line,oecd-crs-energy-idn-2014-q-2026-09-28-md-6446037,money,flow,commitment,unknown,92035,,,USD,USD,,,oecd-crs-energy-idn-2014-q-2026-09-28-md-6446037,oecd_crs_energy_microdata,1,2026-09-28,accepted,,"OECD Q value already in 2024 constant USD; UNIT_MULT applied, no FX or deflator rate applied"
crs-marker-biodiversity-oecd-crs-energy-idn-2014-q-2026-09-28-md-6446037,line,oecd-crs-energy-idn-2014-q-2026-09-28-md-6446037,,marker,,,0,,,,,0,biodiversity,oecd-crs-energy-idn-2014-q-2026-09-28-md-6446037,oecd_crs_energy_microdata,1,2026-09-28,accepted,,
crs-marker-mitigation-oecd-crs-energy-idn-2014-q-2026-09-28-md-6446037,line,oecd-crs-energy-idn-2014-q-2026-09-28-md-6446037,,marker,,,0,,,,,0,mitigation,oecd-crs-energy-idn-2014-q-2026-09-28-md-6446037,oecd_crs_energy_microdata,1,2026-09-28,accepted,,
crs-marker-adaptation-oecd-crs-energy-idn-2014-q-2026-09-28-md-6446037,line,oecd-crs-energy-idn-2014-q-2026-09-28-md-6446037,,marker,,,0,,,,,0,adaptation,oecd-crs-energy-idn-2014-q-2026-09-28-md-6446037,oecd_crs_energy_microdata,1,2026-09-28,accepted,,
crs-marker-desertification-oecd-crs-energy-idn-2014-q-2026-09-28-md-6446037,line,oecd-crs-energy-idn-2014-q-2026-09-28-md-6446037,,marker,,,0,,,,,0,desertification,oecd-crs-energy-idn-2014-q-2026-09-28-md-6446037,oecd_crs_energy_microdata,1,2026-09-28,accepted,,
crs-flow-oecd-crs-energy-idn-2014-q-2026-09-28-md-6830720,line,oecd-crs-energy-idn-2014-q-2026-09-28-md-6830720,money,flow,disbursement,unknown,91812,,,USD,USD,,,oecd-crs-energy-idn-2014-q-2026-09-28-md-6830720,oecd_crs_energy_microdata,1,2026-09-28,accepted,,"OECD Q value already in 2024 constant USD; UNIT_MULT applied, no FX or deflator rate applied"
crs-marker-biodiversity-oecd-crs-energy-idn-2014-q-2026-09-28-md-6830720,line,oecd-crs-energy-idn-2014-q-2026-09-28-md-6830720,,marker,,,0,,,,,0,biodiversity,oecd-crs-energy-idn-2014-q-2026-09-28-md-6830720,oecd_crs_energy_microdata,1,2026-09-28,accepted,,
crs-marker-mitigation-oecd-crs-energy-idn-2014-q-2026-09-28-md-6830720,line,oecd-crs-energy-idn-2014-q-2026-09-28-md-6830720,,marker,,,0,,,,,0,mitigation,oecd-crs-energy-idn-2014-q-2026-09-28-md-6830720,oecd_crs_energy_microdata,1,2026-09-28,accepted,,
crs-marker-adaptation-oecd-crs-energy-idn-2014-q-2026-09-28-md-6830720,line,oecd-crs-energy-idn-2014-q-2026-09-28-md-6830720,,marker,,,0,,,,,0,adaptation,oecd-crs-energy-idn-2014-q-2026-09-28-md-6830720,oecd_crs_energy_microdata,1,2026-09-28,accepted,,
crs-marker-desertification-oecd-crs-energy-idn-2014-q-2026-09-28-md-6830720,line,oecd-crs-energy-idn-2014-q-2026-09-28-md-6830720,,marker,,,0,,,,,0,desertification,oecd-crs-energy-idn-2014-q-2026-09-28-md-6830720,oecd_crs_energy_microdata,1,2026-09-28,accepted,,
crs-flow-oecd-crs-energy-idn-2014-q-2026-09-28-md-6829192,line,oecd-crs-energy-idn-2014-q-2026-09-28-md-6829192,money,flow,disbursement,unknown,540797,,,USD,USD,,,oecd-crs-energy-idn-2014-q-2026-09-28-md-6829192,oecd_crs_energy_microdata,1,2026-09-28,accepted,,"OECD Q value already in 2024 constant USD; UNIT_MULT applied, no FX or deflator rate applied"
crs-marker-biodiversity-oecd-crs-energy-idn-2014-q-2026-09-28-md-6829192,line,oecd-crs-energy-idn-2014-q-2026-09-28-md-6829192,,marker,,,0,,,,,0,biodiversity,oecd-crs-energy-idn-2014-q-2026-09-28-md-6829192,oecd_crs_energy_microdata,1,2026-09-28,accepted,,
crs-marker-mitigation-oecd-crs-energy-idn-2014-q-2026-09-28-md-6829192,line,oecd-crs-energy-idn-2014-q-2026-09-28-md-6829192,,marker,,,2,,,,,2,mitigation,oecd-crs-energy-idn-2014-q-2026-09-28-md-6829192,oecd_crs_energy_microdata,1,2026-09-28,accepted,,
crs-marker-adaptation-oecd-crs-energy-idn-2014-q-2026-09-28-md-6829192,line,oecd-crs-energy-idn-2014-q-2026-09-28-md-6829192,,marker,,,0,,,,,0,adaptation,oecd-crs-energy-idn-2014-q-2026-09-28-md-6829192,oecd_crs_energy_microdata,1,2026-09-28,accepted,,
crs-marker-desertification-oecd-crs-energy-idn-2014-q-2026-09-28-md-6829192,line,oecd-crs-energy-idn-2014-q-2026-09-28-md-6829192,,marker,,,0,,,,,0,desertification,oecd-crs-energy-idn-2014-q-2026-09-28-md-6829192,oecd_crs_energy_microdata,1,2026-09-28,accepted,,
crs-flow-oecd-crs-energy-idn-2014-q-2026-09-28-md-6832818,line,oecd-crs-energy-idn-2014-q-2026-09-28-md-6832818,money,flow,disbursement,unknown,23010,,,USD,USD,,,oecd-crs-energy-idn-2014-q-2026-09-28-md-6832818,oecd_crs_energy_microdata,1,2026-09-28,accepted,,"OECD Q value already in 2024 constant USD; UNIT_MULT applied, no FX or deflator rate applied"
crs-marker-biodiversity-oecd-crs-energy-idn-2014-q-2026-09-28-md-6832818,line,oecd-crs-energy-idn-2014-q-2026-09-28-md-6832818,,marker,,,0,,,,,0,biodiversity,oecd-crs-energy-idn-2014-q-2026-09-28-md-6832818,oecd_crs_energy_microdata,1,2026-09-28,accepted,,
crs-marker-mitigation-oecd-crs-energy-idn-2014-q-2026-09-28-md-6832818,line,oecd-crs-energy-idn-2014-q-2026-09-28-md-6832818,,marker,,,0,,,,,0,mitigation,oecd-crs-energy-idn-2014-q-2026-09-28-md-6832818,oecd_crs_energy_microdata,1,2026-09-28,accepted,,
crs-marker-adaptation-oecd-crs-energy-idn-2014-q-2026-09-28-md-6832818,line,oecd-crs-energy-idn-2014-q-2026-09-28-md-6832818,,marker,,,0,,,,,0,adaptation,oecd-crs-energy-idn-2014-q-2026-09-28-md-6832818,oecd_crs_energy_microdata,1,2026-09-28,accepted,,
crs-marker-desertification-oecd-crs-energy-idn-2014-q-2026-09-28-md-6832818,line,oecd-crs-energy-idn-2014-q-2026-09-28-md-6832818,,marker,,,0,,,,,0,desertification,oecd-crs-energy-idn-2014-q-2026-09-28-md-6832818,oecd_crs_energy_microdata,1,2026-09-28,accepted,,
crs-flow-oecd-crs-energy-idn-2014-q-2026-09-28-md-6445600,line,oecd-crs-energy-idn-2014-q-2026-09-28-md-6445600,money,flow,commitment,unknown,542109,,,USD,USD,,,oecd-crs-energy-idn-2014-q-2026-09-28-md-6445600,oecd_crs_energy_microdata,1,2026-09-28,accepted,,"OECD Q value already in 2024 constant USD; UNIT_MULT applied, no FX or deflator rate applied"
crs-marker-biodiversity-oecd-crs-energy-idn-2014-q-2026-09-28-md-6445600,line,oecd-crs-energy-idn-2014-q-2026-09-28-md-6445600,,marker,,,0,,,,,0,biodiversity,oecd-crs-energy-idn-2014-q-2026-09-28-md-6445600,oecd_crs_energy_microdata,1,2026-09-28,accepted,,
crs-marker-mitigation-oecd-crs-energy-idn-2014-q-2026-09-28-md-6445600,line,oecd-crs-energy-idn-2014-q-2026-09-28-md-6445600,,marker,,,2,,,,,2,mitigation,oecd-crs-energy-idn-2014-q-2026-09-28-md-6445600,oecd_crs_energy_microdata,1,2026-09-28,accepted,,
crs-marker-adaptation-oecd-crs-energy-idn-2014-q-2026-09-28-md-6445600,line,oecd-crs-energy-idn-2014-q-2026-09-28-md-6445600,,marker,,,0,,,,,0,adaptation,oecd-crs-energy-idn-2014-q-2026-09-28-md-6445600,oecd_crs_energy_microdata,1,2026-09-28,accepted,,
crs-marker-desertification-oecd-crs-energy-idn-2014-q-2026-09-28-md-6445600,line,oecd-crs-energy-idn-2014-q-2026-09-28-md-6445600,,marker,,,0,,,,,0,desertification,oecd-crs-energy-idn-2014-q-2026-09-28-md-6445600,oecd_crs_energy_microdata,1,2026-09-28,accepted,,
crs-flow-oecd-crs-energy-idn-2014-q-2026-09-28-md-6446775,line,oecd-crs-energy-idn-2014-q-2026-09-28-md-6446775,money,flow,commitment,unknown,23066,,,USD,USD,,,oecd-crs-energy-idn-2014-q-2026-09-28-md-6446775,oecd_crs_energy_microdata,1,2026-09-28,accepted,,"OECD Q value already in 2024 constant USD; UNIT_MULT applied, no FX or deflator rate applied"
crs-marker-biodiversity-oecd-crs-energy-idn-2014-q-2026-09-28-md-6446775,line,oecd-crs-energy-idn-2014-q-2026-09-28-md-6446775,,marker,,,0,,,,,0,biodiversity,oecd-crs-energy-idn-2014-q-2026-09-28-md-6446775,oecd_crs_energy_microdata,1,2026-09-28,accepted,,
crs-marker-mitigation-oecd-crs-energy-idn-2014-q-2026-09-28-md-6446775,line,oecd-crs-energy-idn-2014-q-2026-09-28-md-6446775,,marker,,,0,,,,,0,mitigation,oecd-crs-energy-idn-2014-q-2026-09-28-md-6446775,oecd_crs_energy_microdata,1,2026-09-28,accepted,,
crs-marker-adaptation-oecd-crs-energy-idn-2014-q-2026-09-28-md-6446775,line,oecd-crs-energy-idn-2014-q-2026-09-28-md-6446775,,marker,,,0,,,,,0,adaptation,oecd-crs-energy-idn-2014-q-2026-09-28-md-6446775,oecd_crs_energy_microdata,1,2026-09-28,accepted,,
crs-marker-desertification-oecd-crs-energy-idn-2014-q-2026-09-28-md-6446775,line,oecd-crs-energy-idn-2014-q-2026-09-28-md-6446775,,marker,,,0,,,,,0,desertification,oecd-crs-energy-idn-2014-q-2026-09-28-md-6446775,oecd_crs_energy_microdata,1,2026-09-28,accepted,,
crs-flow-oecd-crs-energy-idn-2014-q-2026-09-28-md-6445595,line,oecd-crs-energy-idn-2014-q-2026-09-28-md-6445595,money,flow,commitment,unknown,663874,,,USD,USD,,,oecd-crs-energy-idn-2014-q-2026-09-28-md-6445595,oecd_crs_energy_microdata,1,2026-09-28,accepted,,"OECD Q value already in 2024 constant USD; UNIT_MULT applied, no FX or deflator rate applied"
crs-marker-biodiversity-oecd-crs-energy-idn-2014-q-2026-09-28-md-6445595,line,oecd-crs-energy-idn-2014-q-2026-09-28-md-6445595,,marker,,,0,,,,,0,biodiversity,oecd-crs-energy-idn-2014-q-2026-09-28-md-6445595,oecd_crs_energy_microdata,1,2026-09-28,accepted,,
crs-marker-mitigation-oecd-crs-energy-idn-2014-q-2026-09-28-md-6445595,line,oecd-crs-energy-idn-2014-q-2026-09-28-md-6445595,,marker,,,0,,,,,0,mitigation,oecd-crs-energy-idn-2014-q-2026-09-28-md-6445595,oecd_crs_energy_microdata,1,2026-09-28,accepted,,
crs-marker-adaptation-oecd-crs-energy-idn-2014-q-2026-09-28-md-6445595,line,oecd-crs-energy-idn-2014-q-2026-09-28-md-6445595,,marker,,,0,,,,,0,adaptation,oecd-crs-energy-idn-2014-q-2026-09-28-md-6445595,oecd_crs_energy_microdata,1,2026-09-28,accepted,,
crs-marker-desertification-oecd-crs-energy-idn-2014-q-2026-09-28-md-6445595,line,oecd-crs-energy-idn-2014-q-2026-09-28-md-6445595,,marker,,,0,,,,,0,desertification,oecd-crs-energy-idn-2014-q-2026-09-28-md-6445595,oecd_crs_energy_microdata,1,2026-09-28,accepted,,
crs-flow-oecd-crs-energy-idn-2014-q-2026-09-28-md-6445596,line,oecd-crs-energy-idn-2014-q-2026-09-28-md-6445596,money,flow,commitment,unknown,675759,,,USD,USD,,,oecd-crs-energy-idn-2014-q-2026-09-28-md-6445596,oecd_crs_energy_microdata,1,2026-09-28,accepted,,"OECD Q value already in 2024 constant USD; UNIT_MULT applied, no FX or deflator rate applied"
crs-marker-biodiversity-oecd-crs-energy-idn-2014-q-2026-09-28-md-6445596,line,oecd-crs-energy-idn-2014-q-2026-09-28-md-6445596,,marker,,,0,,,,,0,biodiversity,oecd-crs-energy-idn-2014-q-2026-09-28-md-6445596,oecd_crs_energy_microdata,1,2026-09-28,accepted,,
crs-marker-mitigation-oecd-crs-energy-idn-2014-q-2026-09-28-md-6445596,line,oecd-crs-energy-idn-2014-q-2026-09-28-md-6445596,,marker,,,0,,,,,0,mitigation,oecd-crs-energy-idn-2014-q-2026-09-28-md-6445596,oecd_crs_energy_microdata,1,2026-09-28,accepted,,
crs-marker-adaptation-oecd-crs-energy-idn-2014-q-2026-09-28-md-6445596,line,oecd-crs-energy-idn-2014-q-2026-09-28-md-6445596,,marker,,,0,,,,,0,adaptation,oecd-crs-energy-idn-2014-q-2026-09-28-md-6445596,oecd_crs_energy_microdata,1,2026-09-28,accepted,,
crs-marker-desertification-oecd-crs-energy-idn-2014-q-2026-09-28-md-6445596,line,oecd-crs-energy-idn-2014-q-2026-09-28-md-6445596,,marker,,,0,,,,,0,desertification,oecd-crs-energy-idn-2014-q-2026-09-28-md-6445596,oecd_crs_energy_microdata,1,2026-09-28,accepted,,
crs-flow-oecd-crs-energy-idn-2014-q-2026-09-28-md-6829191,line,oecd-crs-energy-idn-2014-q-2026-09-28-md-6829191,money,flow,disbursement,unknown,674123,,,USD,USD,,,oecd-crs-energy-idn-2014-q-2026-09-28-md-6829191,oecd_crs_energy_microdata,1,2026-09-28,accepted,,"OECD Q value already in 2024 constant USD; UNIT_MULT applied, no FX or deflator rate applied"
crs-marker-biodiversity-oecd-crs-energy-idn-2014-q-2026-09-28-md-6829191,line,oecd-crs-energy-idn-2014-q-2026-09-28-md-6829191,,marker,,,0,,,,,0,biodiversity,oecd-crs-energy-idn-2014-q-2026-09-28-md-6829191,oecd_crs_energy_microdata,1,2026-09-28,accepted,,
crs-marker-mitigation-oecd-crs-energy-idn-2014-q-2026-09-28-md-6829191,line,oecd-crs-energy-idn-2014-q-2026-09-28-md-6829191,,marker,,,0,,,,,0,mitigation,oecd-crs-energy-idn-2014-q-2026-09-28-md-6829191,oecd_crs_energy_microdata,1,2026-09-28,accepted,,
crs-marker-adaptation-oecd-crs-energy-idn-2014-q-2026-09-28-md-6829191,line,oecd-crs-energy-idn-2014-q-2026-09-28-md-6829191,,marker,,,0,,,,,0,adaptation,oecd-crs-energy-idn-2014-q-2026-09-28-md-6829191,oecd_crs_energy_microdata,1,2026-09-28,accepted,,
crs-marker-desertification-oecd-crs-energy-idn-2014-q-2026-09-28-md-6829191,line,oecd-crs-energy-idn-2014-q-2026-09-28-md-6829191,,marker,,,0,,,,,0,desertification,oecd-crs-energy-idn-2014-q-2026-09-28-md-6829191,oecd_crs_energy_microdata,1,2026-09-28,accepted,,
crs-flow-oecd-crs-energy-idn-2014-q-2026-09-28-md-6829190,line,oecd-crs-energy-idn-2014-q-2026-09-28-md-6829190,money,flow,disbursement,unknown,662267,,,USD,USD,,,oecd-crs-energy-idn-2014-q-2026-09-28-md-6829190,oecd_crs_energy_microdata,1,2026-09-28,accepted,,"OECD Q value already in 2024 constant USD; UNIT_MULT applied, no FX or deflator rate applied"
crs-marker-biodiversity-oecd-crs-energy-idn-2014-q-2026-09-28-md-6829190,line,oecd-crs-energy-idn-2014-q-2026-09-28-md-6829190,,marker,,,0,,,,,0,biodiversity,oecd-crs-energy-idn-2014-q-2026-09-28-md-6829190,oecd_crs_energy_microdata,1,2026-09-28,accepted,,
crs-marker-mitigation-oecd-crs-energy-idn-2014-q-2026-09-28-md-6829190,line,oecd-crs-energy-idn-2014-q-2026-09-28-md-6829190,,marker,,,0,,,,,0,mitigation,oecd-crs-energy-idn-2014-q-2026-09-28-md-6829190,oecd_crs_energy_microdata,1,2026-09-28,accepted,,
crs-marker-adaptation-oecd-crs-energy-idn-2014-q-2026-09-28-md-6829190,line,oecd-crs-energy-idn-2014-q-2026-09-28-md-6829190,,marker,,,0,,,,,0,adaptation,oecd-crs-energy-idn-2014-q-2026-09-28-md-6829190,oecd_crs_energy_microdata,1,2026-09-28,accepted,,
crs-marker-desertification-oecd-crs-energy-idn-2014-q-2026-09-28-md-6829190,line,oecd-crs-energy-idn-2014-q-2026-09-28-md-6829190,,marker,,,0,,,,,0,desertification,oecd-crs-energy-idn-2014-q-2026-09-28-md-6829190,oecd_crs_energy_microdata,1,2026-09-28,accepted,,
crs-flow-oecd-crs-energy-idn-2014-q-2026-09-28-md-6450825,line,oecd-crs-energy-idn-2014-q-2026-09-28-md-6450825,money,flow,commitment,unknown,351849,,,USD,USD,,,oecd-crs-energy-idn-2014-q-2026-09-28-md-6450825,oecd_crs_energy_microdata,1,2026-09-28,accepted,,"OECD Q value already in 2024 constant USD; UNIT_MULT applied, no FX or deflator rate applied"
crs-marker-biodiversity-oecd-crs-energy-idn-2014-q-2026-09-28-md-6450825,line,oecd-crs-energy-idn-2014-q-2026-09-28-md-6450825,,marker,,,,,,,,not_screened,biodiversity,oecd-crs-energy-idn-2014-q-2026-09-28-md-6450825,oecd_crs_energy_microdata,1,2026-09-28,accepted,,
crs-marker-mitigation-oecd-crs-energy-idn-2014-q-2026-09-28-md-6450825,line,oecd-crs-energy-idn-2014-q-2026-09-28-md-6450825,,marker,,,,,,,,not_screened,mitigation,oecd-crs-energy-idn-2014-q-2026-09-28-md-6450825,oecd_crs_energy_microdata,1,2026-09-28,accepted,,
crs-marker-adaptation-oecd-crs-energy-idn-2014-q-2026-09-28-md-6450825,line,oecd-crs-energy-idn-2014-q-2026-09-28-md-6450825,,marker,,,,,,,,not_screened,adaptation,oecd-crs-energy-idn-2014-q-2026-09-28-md-6450825,oecd_crs_energy_microdata,1,2026-09-28,accepted,,
crs-marker-desertification-oecd-crs-energy-idn-2014-q-2026-09-28-md-6450825,line,oecd-crs-energy-idn-2014-q-2026-09-28-md-6450825,,marker,,,,,,,,not_screened,desertification,oecd-crs-energy-idn-2014-q-2026-09-28-md-6450825,oecd_crs_energy_microdata,1,2026-09-28,accepted,,
crs-flow-oecd-crs-energy-idn-2014-q-2026-09-28-md-6772105,line,oecd-crs-energy-idn-2014-q-2026-09-28-md-6772105,money,flow,disbursement,unknown,72148,,,USD,USD,,,oecd-crs-energy-idn-2014-q-2026-09-28-md-6772105,oecd_crs_energy_microdata,1,2026-09-28,accepted,,"OECD Q value already in 2024 constant USD; UNIT_MULT applied, no FX or deflator rate applied"
crs-marker-biodiversity-oecd-crs-energy-idn-2014-q-2026-09-28-md-6772105,line,oecd-crs-energy-idn-2014-q-2026-09-28-md-6772105,,marker,,,,,,,,not_screened,biodiversity,oecd-crs-energy-idn-2014-q-2026-09-28-md-6772105,oecd_crs_energy_microdata,1,2026-09-28,accepted,,
crs-marker-mitigation-oecd-crs-energy-idn-2014-q-2026-09-28-md-6772105,line,oecd-crs-energy-idn-2014-q-2026-09-28-md-6772105,,marker,,,,,,,,not_screened,mitigation,oecd-crs-energy-idn-2014-q-2026-09-28-md-6772105,oecd_crs_energy_microdata,1,2026-09-28,accepted,,
crs-marker-adaptation-oecd-crs-energy-idn-2014-q-2026-09-28-md-6772105,line,oecd-crs-energy-idn-2014-q-2026-09-28-md-6772105,,marker,,,,,,,,not_screened,adaptation,oecd-crs-energy-idn-2014-q-2026-09-28-md-6772105,oecd_crs_energy_microdata,1,2026-09-28,accepted,,
crs-marker-desertification-oecd-crs-energy-idn-2014-q-2026-09-28-md-6772105,line,oecd-crs-energy-idn-2014-q-2026-09-28-md-6772105,,marker,,,,,,,,not_screened,desertification,oecd-crs-energy-idn-2014-q-2026-09-28-md-6772105,oecd_crs_energy_microdata,1,2026-09-28,accepted,,
crs-flow-oecd-crs-energy-idn-2014-q-2026-09-28-md-6770585,line,oecd-crs-energy-idn-2014-q-2026-09-28-md-6770585,money,flow,disbursement,unknown,4447,,,USD,USD,,,oecd-crs-energy-idn-2014-q-2026-09-28-md-6770585,oecd_crs_energy_microdata,1,2026-09-28,accepted,,"OECD Q value already in 2024 constant USD; UNIT_MULT applied, no FX or deflator rate applied"
crs-marker-biodiversity-oecd-crs-energy-idn-2014-q-2026-09-28-md-6770585,line,oecd-crs-energy-idn-2014-q-2026-09-28-md-6770585,,marker,,,,,,,,not_screened,biodiversity,oecd-crs-energy-idn-2014-q-2026-09-28-md-6770585,oecd_crs_energy_microdata,1,2026-09-28,accepted,,
crs-marker-mitigation-oecd-crs-energy-idn-2014-q-2026-09-28-md-6770585,line,oecd-crs-energy-idn-2014-q-2026-09-28-md-6770585,,marker,,,,,,,,not_screened,mitigation,oecd-crs-energy-idn-2014-q-2026-09-28-md-6770585,oecd_crs_energy_microdata,1,2026-09-28,accepted,,
crs-marker-adaptation-oecd-crs-energy-idn-2014-q-2026-09-28-md-6770585,line,oecd-crs-energy-idn-2014-q-2026-09-28-md-6770585,,marker,,,,,,,,not_screened,adaptation,oecd-crs-energy-idn-2014-q-2026-09-28-md-6770585,oecd_crs_energy_microdata,1,2026-09-28,accepted,,
crs-marker-desertification-oecd-crs-energy-idn-2014-q-2026-09-28-md-6770585,line,oecd-crs-energy-idn-2014-q-2026-09-28-md-6770585,,marker,,,,,,,,not_screened,desertification,oecd-crs-energy-idn-2014-q-2026-09-28-md-6770585,oecd_crs_energy_microdata,1,2026-09-28,accepted,,
crs-flow-oecd-crs-energy-idn-2014-q-2026-09-28-md-6453671,line,oecd-crs-energy-idn-2014-q-2026-09-28-md-6453671,money,flow,commitment,unknown,4458,,,USD,USD,,,oecd-crs-energy-idn-2014-q-2026-09-28-md-6453671,oecd_crs_energy_microdata,1,2026-09-28,accepted,,"OECD Q value already in 2024 constant USD; UNIT_MULT applied, no FX or deflator rate applied"
crs-marker-biodiversity-oecd-crs-energy-idn-2014-q-2026-09-28-md-6453671,line,oecd-crs-energy-idn-2014-q-2026-09-28-md-6453671,,marker,,,,,,,,not_screened,biodiversity,oecd-crs-energy-idn-2014-q-2026-09-28-md-6453671,oecd_crs_energy_microdata,1,2026-09-28,accepted,,
crs-marker-mitigation-oecd-crs-energy-idn-2014-q-2026-09-28-md-6453671,line,oecd-crs-energy-idn-2014-q-2026-09-28-md-6453671,,marker,,,,,,,,not_screened,mitigation,oecd-crs-energy-idn-2014-q-2026-09-28-md-6453671,oecd_crs_energy_microdata,1,2026-09-28,accepted,,
crs-marker-adaptation-oecd-crs-energy-idn-2014-q-2026-09-28-md-6453671,line,oecd-crs-energy-idn-2014-q-2026-09-28-md-6453671,,marker,,,,,,,,not_screened,adaptation,oecd-crs-energy-idn-2014-q-2026-09-28-md-6453671,oecd_crs_energy_microdata,1,2026-09-28,accepted,,
crs-marker-desertification-oecd-crs-energy-idn-2014-q-2026-09-28-md-6453671,line,oecd-crs-energy-idn-2014-q-2026-09-28-md-6453671,,marker,,,,,,,,not_screened,desertification,oecd-crs-energy-idn-2014-q-2026-09-28-md-6453671,oecd_crs_energy_microdata,1,2026-09-28,accepted,,
crs-flow-oecd-crs-energy-idn-2014-q-2026-09-28-md-6768014,line,oecd-crs-energy-idn-2014-q-2026-09-28-md-6768014,money,flow,disbursement,unknown,350997,,,USD,USD,,,oecd-crs-energy-idn-2014-q-2026-09-28-md-6768014,oecd_crs_energy_microdata,1,2026-09-28,accepted,,"OECD Q value already in 2024 constant USD; UNIT_MULT applied, no FX or deflator rate applied"
crs-marker-biodiversity-oecd-crs-energy-idn-2014-q-2026-09-28-md-6768014,line,oecd-crs-energy-idn-2014-q-2026-09-28-md-6768014,,marker,,,,,,,,not_screened,biodiversity,oecd-crs-energy-idn-2014-q-2026-09-28-md-6768014,oecd_crs_energy_microdata,1,2026-09-28,accepted,,
crs-marker-mitigation-oecd-crs-energy-idn-2014-q-2026-09-28-md-6768014,line,oecd-crs-energy-idn-2014-q-2026-09-28-md-6768014,,marker,,,,,,,,not_screened,mitigation,oecd-crs-energy-idn-2014-q-2026-09-28-md-6768014,oecd_crs_energy_microdata,1,2026-09-28,accepted,,
crs-marker-adaptation-oecd-crs-energy-idn-2014-q-2026-09-28-md-6768014,line,oecd-crs-energy-idn-2014-q-2026-09-28-md-6768014,,marker,,,,,,,,not_screened,adaptation,oecd-crs-energy-idn-2014-q-2026-09-28-md-6768014,oecd_crs_energy_microdata,1,2026-09-28,accepted,,
crs-marker-desertification-oecd-crs-energy-idn-2014-q-2026-09-28-md-6768014,line,oecd-crs-energy-idn-2014-q-2026-09-28-md-6768014,,marker,,,,,,,,not_screened,desertification,oecd-crs-energy-idn-2014-q-2026-09-28-md-6768014,oecd_crs_energy_microdata,1,2026-09-28,accepted,,
crs-flow-oecd-crs-energy-idn-2014-q-2026-09-28-md-6455342,line,oecd-crs-energy-idn-2014-q-2026-09-28-md-6455342,money,flow,commitment,unknown,72323,,,USD,USD,,,oecd-crs-energy-idn-2014-q-2026-09-28-md-6455342,oecd_crs_energy_microdata,1,2026-09-28,accepted,,"OECD Q value already in 2024 constant USD; UNIT_MULT applied, no FX or deflator rate applied"
crs-marker-biodiversity-oecd-crs-energy-idn-2014-q-2026-09-28-md-6455342,line,oecd-crs-energy-idn-2014-q-2026-09-28-md-6455342,,marker,,,,,,,,not_screened,biodiversity,oecd-crs-energy-idn-2014-q-2026-09-28-md-6455342,oecd_crs_energy_microdata,1,2026-09-28,accepted,,
crs-marker-mitigation-oecd-crs-energy-idn-2014-q-2026-09-28-md-6455342,line,oecd-crs-energy-idn-2014-q-2026-09-28-md-6455342,,marker,,,,,,,,not_screened,mitigation,oecd-crs-energy-idn-2014-q-2026-09-28-md-6455342,oecd_crs_energy_microdata,1,2026-09-28,accepted,,
crs-marker-adaptation-oecd-crs-energy-idn-2014-q-2026-09-28-md-6455342,line,oecd-crs-energy-idn-2014-q-2026-09-28-md-6455342,,marker,,,,,,,,not_screened,adaptation,oecd-crs-energy-idn-2014-q-2026-09-28-md-6455342,oecd_crs_energy_microdata,1,2026-09-28,accepted,,
crs-marker-desertification-oecd-crs-energy-idn-2014-q-2026-09-28-md-6455342,line,oecd-crs-energy-idn-2014-q-2026-09-28-md-6455342,,marker,,,,,,,,not_screened,desertification,oecd-crs-energy-idn-2014-q-2026-09-28-md-6455342,oecd_crs_energy_microdata,1,2026-09-28,accepted,,
crs-flow-oecd-crs-energy-idn-2014-q-2026-09-28-md-6831829,line,oecd-crs-energy-idn-2014-q-2026-09-28-md-6831829,money,flow,disbursement,unknown,347222,,,USD,USD,,,oecd-crs-energy-idn-2014-q-2026-09-28-md-6831829,oecd_crs_energy_microdata,1,2026-09-28,accepted,,"OECD Q value already in 2024 constant USD; UNIT_MULT applied, no FX or deflator rate applied"
crs-marker-biodiversity-oecd-crs-energy-idn-2014-q-2026-09-28-md-6831829,line,oecd-crs-energy-idn-2014-q-2026-09-28-md-6831829,,marker,,,0,,,,,0,biodiversity,oecd-crs-energy-idn-2014-q-2026-09-28-md-6831829,oecd_crs_energy_microdata,1,2026-09-28,accepted,,
crs-marker-mitigation-oecd-crs-energy-idn-2014-q-2026-09-28-md-6831829,line,oecd-crs-energy-idn-2014-q-2026-09-28-md-6831829,,marker,,,1,,,,,1,mitigation,oecd-crs-energy-idn-2014-q-2026-09-28-md-6831829,oecd_crs_energy_microdata,1,2026-09-28,accepted,,
crs-marker-adaptation-oecd-crs-energy-idn-2014-q-2026-09-28-md-6831829,line,oecd-crs-energy-idn-2014-q-2026-09-28-md-6831829,,marker,,,0,,,,,0,adaptation,oecd-crs-energy-idn-2014-q-2026-09-28-md-6831829,oecd_crs_energy_microdata,1,2026-09-28,accepted,,
crs-marker-desertification-oecd-crs-energy-idn-2014-q-2026-09-28-md-6831829,line,oecd-crs-energy-idn-2014-q-2026-09-28-md-6831829,,marker,,,0,,,,,0,desertification,oecd-crs-energy-idn-2014-q-2026-09-28-md-6831829,oecd_crs_energy_microdata,1,2026-09-28,accepted,,
crs-flow-oecd-crs-energy-idn-2014-q-2026-09-28-md-6446369,line,oecd-crs-energy-idn-2014-q-2026-09-28-md-6446369,money,flow,commitment,unknown,348065,,,USD,USD,,,oecd-crs-energy-idn-2014-q-2026-09-28-md-6446369,oecd_crs_energy_microdata,1,2026-09-28,accepted,,"OECD Q value already in 2024 constant USD; UNIT_MULT applied, no FX or deflator rate applied"
crs-marker-biodiversity-oecd-crs-energy-idn-2014-q-2026-09-28-md-6446369,line,oecd-crs-energy-idn-2014-q-2026-09-28-md-6446369,,marker,,,0,,,,,0,biodiversity,oecd-crs-energy-idn-2014-q-2026-09-28-md-6446369,oecd_crs_energy_microdata,1,2026-09-28,accepted,,
crs-marker-mitigation-oecd-crs-energy-idn-2014-q-2026-09-28-md-6446369,line,oecd-crs-energy-idn-2014-q-2026-09-28-md-6446369,,marker,,,1,,,,,1,mitigation,oecd-crs-energy-idn-2014-q-2026-09-28-md-6446369,oecd_crs_energy_microdata,1,2026-09-28,accepted,,
crs-marker-adaptation-oecd-crs-energy-idn-2014-q-2026-09-28-md-6446369,line,oecd-crs-energy-idn-2014-q-2026-09-28-md-6446369,,marker,,,0,,,,,0,adaptation,oecd-crs-energy-idn-2014-q-2026-09-28-md-6446369,oecd_crs_energy_microdata,1,2026-09-28,accepted,,
crs-marker-desertification-oecd-crs-energy-idn-2014-q-2026-09-28-md-6446369,line,oecd-crs-energy-idn-2014-q-2026-09-28-md-6446369,,marker,,,0,,,,,0,desertification,oecd-crs-energy-idn-2014-q-2026-09-28-md-6446369,oecd_crs_energy_microdata,1,2026-09-28,accepted,,
crs-flow-oecd-crs-energy-idn-2014-q-2026-09-28-md-6445617,line,oecd-crs-energy-idn-2014-q-2026-09-28-md-6445617,money,flow,commitment,unknown,208772,,,USD,USD,,,oecd-crs-energy-idn-2014-q-2026-09-28-md-6445617,oecd_crs_energy_microdata,1,2026-09-28,accepted,,"OECD Q value already in 2024 constant USD; UNIT_MULT applied, no FX or deflator rate applied"
crs-marker-biodiversity-oecd-crs-energy-idn-2014-q-2026-09-28-md-6445617,line,oecd-crs-energy-idn-2014-q-2026-09-28-md-6445617,,marker,,,0,,,,,0,biodiversity,oecd-crs-energy-idn-2014-q-2026-09-28-md-6445617,oecd_crs_energy_microdata,1,2026-09-28,accepted,,
crs-marker-mitigation-oecd-crs-energy-idn-2014-q-2026-09-28-md-6445617,line,oecd-crs-energy-idn-2014-q-2026-09-28-md-6445617,,marker,,,1,,,,,1,mitigation,oecd-crs-energy-idn-2014-q-2026-09-28-md-6445617,oecd_crs_energy_microdata,1,2026-09-28,accepted,,
crs-marker-adaptation-oecd-crs-energy-idn-2014-q-2026-09-28-md-6445617,line,oecd-crs-energy-idn-2014-q-2026-09-28-md-6445617,,marker,,,1,,,,,1,adaptation,oecd-crs-energy-idn-2014-q-2026-09-28-md-6445617,oecd_crs_energy_microdata,1,2026-09-28,accepted,,
crs-marker-desertification-oecd-crs-energy-idn-2014-q-2026-09-28-md-6445617,line,oecd-crs-energy-idn-2014-q-2026-09-28-md-6445617,,marker,,,0,,,,,0,desertification,oecd-crs-energy-idn-2014-q-2026-09-28-md-6445617,oecd_crs_energy_microdata,1,2026-09-28,accepted,,
crs-flow-oecd-crs-energy-idn-2014-q-2026-09-28-md-6829226,line,oecd-crs-energy-idn-2014-q-2026-09-28-md-6829226,money,flow,disbursement,unknown,351647,,,USD,USD,,,oecd-crs-energy-idn-2014-q-2026-09-28-md-6829226,oecd_crs_energy_microdata,1,2026-09-28,accepted,,"OECD Q value already in 2024 constant USD; UNIT_MULT applied, no FX or deflator rate applied"
crs-marker-biodiversity-oecd-crs-energy-idn-2014-q-2026-09-28-md-6829226,line,oecd-crs-energy-idn-2014-q-2026-09-28-md-6829226,,marker,,,0,,,,,0,biodiversity,oecd-crs-energy-idn-2014-q-2026-09-28-md-6829226,oecd_crs_energy_microdata,1,2026-09-28,accepted,,
crs-marker-mitigation-oecd-crs-energy-idn-2014-q-2026-09-28-md-6829226,line,oecd-crs-energy-idn-2014-q-2026-09-28-md-6829226,,marker,,,1,,,,,1,mitigation,oecd-crs-energy-idn-2014-q-2026-09-28-md-6829226,oecd_crs_energy_microdata,1,2026-09-28,accepted,,
crs-marker-adaptation-oecd-crs-energy-idn-2014-q-2026-09-28-md-6829226,line,oecd-crs-energy-idn-2014-q-2026-09-28-md-6829226,,marker,,,1,,,,,1,adaptation,oecd-crs-energy-idn-2014-q-2026-09-28-md-6829226,oecd_crs_energy_microdata,1,2026-09-28,accepted,,
crs-marker-desertification-oecd-crs-energy-idn-2014-q-2026-09-28-md-6829226,line,oecd-crs-energy-idn-2014-q-2026-09-28-md-6829226,,marker,,,0,,,,,0,desertification,oecd-crs-energy-idn-2014-q-2026-09-28-md-6829226,oecd_crs_energy_microdata,1,2026-09-28,accepted,,
crs-flow-oecd-crs-energy-idn-2014-q-2026-09-28-md-6445642,line,oecd-crs-energy-idn-2014-q-2026-09-28-md-6445642,money,flow,commitment,unknown,352500,,,USD,USD,,,oecd-crs-energy-idn-2014-q-2026-09-28-md-6445642,oecd_crs_energy_microdata,1,2026-09-28,accepted,,"OECD Q value already in 2024 constant USD; UNIT_MULT applied, no FX or deflator rate applied"
crs-marker-biodiversity-oecd-crs-energy-idn-2014-q-2026-09-28-md-6445642,line,oecd-crs-energy-idn-2014-q-2026-09-28-md-6445642,,marker,,,0,,,,,0,biodiversity,oecd-crs-energy-idn-2014-q-2026-09-28-md-6445642,oecd_crs_energy_microdata,1,2026-09-28,accepted,,
crs-marker-mitigation-oecd-crs-energy-idn-2014-q-2026-09-28-md-6445642,line,oecd-crs-energy-idn-2014-q-2026-09-28-md-6445642,,marker,,,1,,,,,1,mitigation,oecd-crs-energy-idn-2014-q-2026-09-28-md-6445642,oecd_crs_energy_microdata,1,2026-09-28,accepted,,
crs-marker-adaptation-oecd-crs-energy-idn-2014-q-2026-09-28-md-6445642,line,oecd-crs-energy-idn-2014-q-2026-09-28-md-6445642,,marker,,,1,,,,,1,adaptation,oecd-crs-energy-idn-2014-q-2026-09-28-md-6445642,oecd_crs_energy_microdata,1,2026-09-28,accepted,,
crs-marker-desertification-oecd-crs-energy-idn-2014-q-2026-09-28-md-6445642,line,oecd-crs-energy-idn-2014-q-2026-09-28-md-6445642,,marker,,,0,,,,,0,desertification,oecd-crs-energy-idn-2014-q-2026-09-28-md-6445642,oecd_crs_energy_microdata,1,2026-09-28,accepted,,
crs-flow-oecd-crs-energy-idn-2014-q-2026-09-28-md-6829216,line,oecd-crs-energy-idn-2014-q-2026-09-28-md-6829216,money,flow,disbursement,unknown,208267,,,USD,USD,,,oecd-crs-energy-idn-2014-q-2026-09-28-md-6829216,oecd_crs_energy_microdata,1,2026-09-28,accepted,,"OECD Q value already in 2024 constant USD; UNIT_MULT applied, no FX or deflator rate applied"
crs-marker-biodiversity-oecd-crs-energy-idn-2014-q-2026-09-28-md-6829216,line,oecd-crs-energy-idn-2014-q-2026-09-28-md-6829216,,marker,,,0,,,,,0,biodiversity,oecd-crs-energy-idn-2014-q-2026-09-28-md-6829216,oecd_crs_energy_microdata,1,2026-09-28,accepted,,
crs-marker-mitigation-oecd-crs-energy-idn-2014-q-2026-09-28-md-6829216,line,oecd-crs-energy-idn-2014-q-2026-09-28-md-6829216,,marker,,,1,,,,,1,mitigation,oecd-crs-energy-idn-2014-q-2026-09-28-md-6829216,oecd_crs_energy_microdata,1,2026-09-28,accepted,,
crs-marker-adaptation-oecd-crs-energy-idn-2014-q-2026-09-28-md-6829216,line,oecd-crs-energy-idn-2014-q-2026-09-28-md-6829216,,marker,,,1,,,,,1,adaptation,oecd-crs-energy-idn-2014-q-2026-09-28-md-6829216,oecd_crs_energy_microdata,1,2026-09-28,accepted,,
crs-marker-desertification-oecd-crs-energy-idn-2014-q-2026-09-28-md-6829216,line,oecd-crs-energy-idn-2014-q-2026-09-28-md-6829216,,marker,,,0,,,,,0,desertification,oecd-crs-energy-idn-2014-q-2026-09-28-md-6829216,oecd_crs_energy_microdata,1,2026-09-28,accepted,,
crs-flow-oecd-crs-energy-idn-2014-q-2026-09-28-md-6789940,line,oecd-crs-energy-idn-2014-q-2026-09-28-md-6789940,money,flow,disbursement,unknown,1384457,,,USD,USD,,,oecd-crs-energy-idn-2014-q-2026-09-28-md-6789940,oecd_crs_energy_microdata,1,2026-09-28,accepted,,"OECD Q value already in 2024 constant USD; UNIT_MULT applied, no FX or deflator rate applied"
crs-marker-biodiversity-oecd-crs-energy-idn-2014-q-2026-09-28-md-6789940,line,oecd-crs-energy-idn-2014-q-2026-09-28-md-6789940,,marker,,,,,,,,not_screened,biodiversity,oecd-crs-energy-idn-2014-q-2026-09-28-md-6789940,oecd_crs_energy_microdata,1,2026-09-28,accepted,,
crs-marker-mitigation-oecd-crs-energy-idn-2014-q-2026-09-28-md-6789940,line,oecd-crs-energy-idn-2014-q-2026-09-28-md-6789940,,marker,,,0,,,,,0,mitigation,oecd-crs-energy-idn-2014-q-2026-09-28-md-6789940,oecd_crs_energy_microdata,1,2026-09-28,accepted,,
crs-marker-adaptation-oecd-crs-energy-idn-2014-q-2026-09-28-md-6789940,line,oecd-crs-energy-idn-2014-q-2026-09-28-md-6789940,,marker,,,0,,,,,0,adaptation,oecd-crs-energy-idn-2014-q-2026-09-28-md-6789940,oecd_crs_energy_microdata,1,2026-09-28,accepted,,
crs-marker-desertification-oecd-crs-energy-idn-2014-q-2026-09-28-md-6789940,line,oecd-crs-energy-idn-2014-q-2026-09-28-md-6789940,,marker,,,,,,,,not_screened,desertification,oecd-crs-energy-idn-2014-q-2026-09-28-md-6789940,oecd_crs_energy_microdata,1,2026-09-28,accepted,,
crs-flow-oecd-crs-energy-idn-2014-q-2026-09-28-md-6775458,line,oecd-crs-energy-idn-2014-q-2026-09-28-md-6775458,money,flow,disbursement,unknown,15470800,,,USD,USD,,,oecd-crs-energy-idn-2014-q-2026-09-28-md-6775458,oecd_crs_energy_microdata,1,2026-09-28,accepted,,"OECD Q value already in 2024 constant USD; UNIT_MULT applied, no FX or deflator rate applied"
crs-marker-biodiversity-oecd-crs-energy-idn-2014-q-2026-09-28-md-6775458,line,oecd-crs-energy-idn-2014-q-2026-09-28-md-6775458,,marker,,,0,,,,,0,biodiversity,oecd-crs-energy-idn-2014-q-2026-09-28-md-6775458,oecd_crs_energy_microdata,1,2026-09-28,accepted,,
crs-marker-mitigation-oecd-crs-energy-idn-2014-q-2026-09-28-md-6775458,line,oecd-crs-energy-idn-2014-q-2026-09-28-md-6775458,,marker,,,0,,,,,0,mitigation,oecd-crs-energy-idn-2014-q-2026-09-28-md-6775458,oecd_crs_energy_microdata,1,2026-09-28,accepted,,
crs-marker-adaptation-oecd-crs-energy-idn-2014-q-2026-09-28-md-6775458,line,oecd-crs-energy-idn-2014-q-2026-09-28-md-6775458,,marker,,,0,,,,,0,adaptation,oecd-crs-energy-idn-2014-q-2026-09-28-md-6775458,oecd_crs_energy_microdata,1,2026-09-28,accepted,,
crs-marker-desertification-oecd-crs-energy-idn-2014-q-2026-09-28-md-6775458,line,oecd-crs-energy-idn-2014-q-2026-09-28-md-6775458,,marker,,,0,,,,,0,desertification,oecd-crs-energy-idn-2014-q-2026-09-28-md-6775458,oecd_crs_energy_microdata,1,2026-09-28,accepted,,
crs-flow-oecd-crs-energy-idn-2014-q-2026-09-28-md-6825632,line,oecd-crs-energy-idn-2014-q-2026-09-28-md-6825632,money,flow,disbursement,unknown,134368,,,USD,USD,,,oecd-crs-energy-idn-2014-q-2026-09-28-md-6825632,oecd_crs_energy_microdata,1,2026-09-28,accepted,,"OECD Q value already in 2024 constant USD; UNIT_MULT applied, no FX or deflator rate applied"
crs-marker-biodiversity-oecd-crs-energy-idn-2014-q-2026-09-28-md-6825632,line,oecd-crs-energy-idn-2014-q-2026-09-28-md-6825632,,marker,,,0,,,,,0,biodiversity,oecd-crs-energy-idn-2014-q-2026-09-28-md-6825632,oecd_crs_energy_microdata,1,2026-09-28,accepted,,
crs-marker-mitigation-oecd-crs-energy-idn-2014-q-2026-09-28-md-6825632,line,oecd-crs-energy-idn-2014-q-2026-09-28-md-6825632,,marker,,,0,,,,,0,mitigation,oecd-crs-energy-idn-2014-q-2026-09-28-md-6825632,oecd_crs_energy_microdata,1,2026-09-28,accepted,,
crs-marker-adaptation-oecd-crs-energy-idn-2014-q-2026-09-28-md-6825632,line,oecd-crs-energy-idn-2014-q-2026-09-28-md-6825632,,marker,,,0,,,,,0,adaptation,oecd-crs-energy-idn-2014-q-2026-09-28-md-6825632,oecd_crs_energy_microdata,1,2026-09-28,accepted,,
crs-marker-desertification-oecd-crs-energy-idn-2014-q-2026-09-28-md-6825632,line,oecd-crs-energy-idn-2014-q-2026-09-28-md-6825632,,marker,,,0,,,,,0,desertification,oecd-crs-energy-idn-2014-q-2026-09-28-md-6825632,oecd_crs_energy_microdata,1,2026-09-28,accepted,,
crs-flow-oecd-crs-energy-idn-2014-q-2026-09-28-md-6775489,line,oecd-crs-energy-idn-2014-q-2026-09-28-md-6775489,money,flow,disbursement,unknown,439005,,,USD,USD,,,oecd-crs-energy-idn-2014-q-2026-09-28-md-6775489,oecd_crs_energy_microdata,1,2026-09-28,accepted,,"OECD Q value already in 2024 constant USD; UNIT_MULT applied, no FX or deflator rate applied"
crs-marker-biodiversity-oecd-crs-energy-idn-2014-q-2026-09-28-md-6775489,line,oecd-crs-energy-idn-2014-q-2026-09-28-md-6775489,,marker,,,0,,,,,0,biodiversity,oecd-crs-energy-idn-2014-q-2026-09-28-md-6775489,oecd_crs_energy_microdata,1,2026-09-28,accepted,,
crs-marker-mitigation-oecd-crs-energy-idn-2014-q-2026-09-28-md-6775489,line,oecd-crs-energy-idn-2014-q-2026-09-28-md-6775489,,marker,,,0,,,,,0,mitigation,oecd-crs-energy-idn-2014-q-2026-09-28-md-6775489,oecd_crs_energy_microdata,1,2026-09-28,accepted,,
crs-marker-adaptation-oecd-crs-energy-idn-2014-q-2026-09-28-md-6775489,line,oecd-crs-energy-idn-2014-q-2026-09-28-md-6775489,,marker,,,0,,,,,0,adaptation,oecd-crs-energy-idn-2014-q-2026-09-28-md-6775489,oecd_crs_energy_microdata,1,2026-09-28,accepted,,
crs-marker-desertification-oecd-crs-energy-idn-2014-q-2026-09-28-md-6775489,line,oecd-crs-energy-idn-2014-q-2026-09-28-md-6775489,,marker,,,0,,,,,0,desertification,oecd-crs-energy-idn-2014-q-2026-09-28-md-6775489,oecd_crs_energy_microdata,1,2026-09-28,accepted,,
crs-flow-oecd-crs-energy-idn-2014-q-2026-09-28-md-6775490,line,oecd-crs-energy-idn-2014-q-2026-09-28-md-6775490,money,flow,disbursement,unknown,26808470,,,USD,USD,,,oecd-crs-energy-idn-2014-q-2026-09-28-md-6775490,oecd_crs_energy_microdata,1,2026-09-28,accepted,,"OECD Q value already in 2024 constant USD; UNIT_MULT applied, no FX or deflator rate applied"
crs-marker-biodiversity-oecd-crs-energy-idn-2014-q-2026-09-28-md-6775490,line,oecd-crs-energy-idn-2014-q-2026-09-28-md-6775490,,marker,,,0,,,,,0,biodiversity,oecd-crs-energy-idn-2014-q-2026-09-28-md-6775490,oecd_crs_energy_microdata,1,2026-09-28,accepted,,
crs-marker-mitigation-oecd-crs-energy-idn-2014-q-2026-09-28-md-6775490,line,oecd-crs-energy-idn-2014-q-2026-09-28-md-6775490,,marker,,,0,,,,,0,mitigation,oecd-crs-energy-idn-2014-q-2026-09-28-md-6775490,oecd_crs_energy_microdata,1,2026-09-28,accepted,,
crs-marker-adaptation-oecd-crs-energy-idn-2014-q-2026-09-28-md-6775490,line,oecd-crs-energy-idn-2014-q-2026-09-28-md-6775490,,marker,,,0,,,,,0,adaptation,oecd-crs-energy-idn-2014-q-2026-09-28-md-6775490,oecd_crs_energy_microdata,1,2026-09-28,accepted,,
crs-marker-desertification-oecd-crs-energy-idn-2014-q-2026-09-28-md-6775490,line,oecd-crs-energy-idn-2014-q-2026-09-28-md-6775490,,marker,,,0,,,,,0,desertification,oecd-crs-energy-idn-2014-q-2026-09-28-md-6775490,oecd_crs_energy_microdata,1,2026-09-28,accepted,,
crs-flow-oecd-crs-energy-idn-2014-q-2026-09-28-md-6825627,line,oecd-crs-energy-idn-2014-q-2026-09-28-md-6825627,money,flow,disbursement,unknown,8516382,,,USD,USD,,,oecd-crs-energy-idn-2014-q-2026-09-28-md-6825627,oecd_crs_energy_microdata,1,2026-09-28,accepted,,"OECD Q value already in 2024 constant USD; UNIT_MULT applied, no FX or deflator rate applied"
crs-marker-biodiversity-oecd-crs-energy-idn-2014-q-2026-09-28-md-6825627,line,oecd-crs-energy-idn-2014-q-2026-09-28-md-6825627,,marker,,,0,,,,,0,biodiversity,oecd-crs-energy-idn-2014-q-2026-09-28-md-6825627,oecd_crs_energy_microdata,1,2026-09-28,accepted,,
crs-marker-mitigation-oecd-crs-energy-idn-2014-q-2026-09-28-md-6825627,line,oecd-crs-energy-idn-2014-q-2026-09-28-md-6825627,,marker,,,0,,,,,0,mitigation,oecd-crs-energy-idn-2014-q-2026-09-28-md-6825627,oecd_crs_energy_microdata,1,2026-09-28,accepted,,
crs-marker-adaptation-oecd-crs-energy-idn-2014-q-2026-09-28-md-6825627,line,oecd-crs-energy-idn-2014-q-2026-09-28-md-6825627,,marker,,,0,,,,,0,adaptation,oecd-crs-energy-idn-2014-q-2026-09-28-md-6825627,oecd_crs_energy_microdata,1,2026-09-28,accepted,,
crs-marker-desertification-oecd-crs-energy-idn-2014-q-2026-09-28-md-6825627,line,oecd-crs-energy-idn-2014-q-2026-09-28-md-6825627,,marker,,,0,,,,,0,desertification,oecd-crs-energy-idn-2014-q-2026-09-28-md-6825627,oecd_crs_energy_microdata,1,2026-09-28,accepted,,
crs-flow-oecd-crs-energy-idn-2014-q-2026-09-28-md-6775006,line,oecd-crs-energy-idn-2014-q-2026-09-28-md-6775006,money,flow,disbursement,unknown,756716,,,USD,USD,,,oecd-crs-energy-idn-2014-q-2026-09-28-md-6775006,oecd_crs_energy_microdata,1,2026-09-28,accepted,,"OECD Q value already in 2024 constant USD; UNIT_MULT applied, no FX or deflator rate applied"
crs-marker-biodiversity-oecd-crs-energy-idn-2014-q-2026-09-28-md-6775006,line,oecd-crs-energy-idn-2014-q-2026-09-28-md-6775006,,marker,,,0,,,,,0,biodiversity,oecd-crs-energy-idn-2014-q-2026-09-28-md-6775006,oecd_crs_energy_microdata,1,2026-09-28,accepted,,
crs-marker-mitigation-oecd-crs-energy-idn-2014-q-2026-09-28-md-6775006,line,oecd-crs-energy-idn-2014-q-2026-09-28-md-6775006,,marker,,,2,,,,,2,mitigation,oecd-crs-energy-idn-2014-q-2026-09-28-md-6775006,oecd_crs_energy_microdata,1,2026-09-28,accepted,,
crs-marker-adaptation-oecd-crs-energy-idn-2014-q-2026-09-28-md-6775006,line,oecd-crs-energy-idn-2014-q-2026-09-28-md-6775006,,marker,,,0,,,,,0,adaptation,oecd-crs-energy-idn-2014-q-2026-09-28-md-6775006,oecd_crs_energy_microdata,1,2026-09-28,accepted,,
crs-marker-desertification-oecd-crs-energy-idn-2014-q-2026-09-28-md-6775006,line,oecd-crs-energy-idn-2014-q-2026-09-28-md-6775006,,marker,,,0,,,,,0,desertification,oecd-crs-energy-idn-2014-q-2026-09-28-md-6775006,oecd_crs_energy_microdata,1,2026-09-28,accepted,,
crs-flow-oecd-crs-energy-idn-2014-q-2026-09-28-md-6774223,line,oecd-crs-energy-idn-2014-q-2026-09-28-md-6774223,money,flow,disbursement,unknown,303455,,,USD,USD,,,oecd-crs-energy-idn-2014-q-2026-09-28-md-6774223,oecd_crs_energy_microdata,1,2026-09-28,accepted,,"OECD Q value already in 2024 constant USD; UNIT_MULT applied, no FX or deflator rate applied"
crs-marker-biodiversity-oecd-crs-energy-idn-2014-q-2026-09-28-md-6774223,line,oecd-crs-energy-idn-2014-q-2026-09-28-md-6774223,,marker,,,0,,,,,0,biodiversity,oecd-crs-energy-idn-2014-q-2026-09-28-md-6774223,oecd_crs_energy_microdata,1,2026-09-28,accepted,,
crs-marker-mitigation-oecd-crs-energy-idn-2014-q-2026-09-28-md-6774223,line,oecd-crs-energy-idn-2014-q-2026-09-28-md-6774223,,marker,,,0,,,,,0,mitigation,oecd-crs-energy-idn-2014-q-2026-09-28-md-6774223,oecd_crs_energy_microdata,1,2026-09-28,accepted,,
crs-marker-adaptation-oecd-crs-energy-idn-2014-q-2026-09-28-md-6774223,line,oecd-crs-energy-idn-2014-q-2026-09-28-md-6774223,,marker,,,0,,,,,0,adaptation,oecd-crs-energy-idn-2014-q-2026-09-28-md-6774223,oecd_crs_energy_microdata,1,2026-09-28,accepted,,
crs-marker-desertification-oecd-crs-energy-idn-2014-q-2026-09-28-md-6774223,line,oecd-crs-energy-idn-2014-q-2026-09-28-md-6774223,,marker,,,0,,,,,0,desertification,oecd-crs-energy-idn-2014-q-2026-09-28-md-6774223,oecd_crs_energy_microdata,1,2026-09-28,accepted,,
crs-flow-oecd-crs-energy-idn-2014-q-2026-09-28-md-6768704,line,oecd-crs-energy-idn-2014-q-2026-09-28-md-6768704,money,flow,disbursement,unknown,10345310,,,USD,USD,,,oecd-crs-energy-idn-2014-q-2026-09-28-md-6768704,oecd_crs_energy_microdata,1,2026-09-28,accepted,,"OECD Q value already in 2024 constant USD; UNIT_MULT applied, no FX or deflator rate applied"
crs-marker-biodiversity-oecd-crs-energy-idn-2014-q-2026-09-28-md-6768704,line,oecd-crs-energy-idn-2014-q-2026-09-28-md-6768704,,marker,,,0,,,,,0,biodiversity,oecd-crs-energy-idn-2014-q-2026-09-28-md-6768704,oecd_crs_energy_microdata,1,2026-09-28,accepted,,
crs-marker-mitigation-oecd-crs-energy-idn-2014-q-2026-09-28-md-6768704,line,oecd-crs-energy-idn-2014-q-2026-09-28-md-6768704,,marker,,,2,,,,,2,mitigation,oecd-crs-energy-idn-2014-q-2026-09-28-md-6768704,oecd_crs_energy_microdata,1,2026-09-28,accepted,,
crs-marker-adaptation-oecd-crs-energy-idn-2014-q-2026-09-28-md-6768704,line,oecd-crs-energy-idn-2014-q-2026-09-28-md-6768704,,marker,,,0,,,,,0,adaptation,oecd-crs-energy-idn-2014-q-2026-09-28-md-6768704,oecd_crs_energy_microdata,1,2026-09-28,accepted,,
crs-marker-desertification-oecd-crs-energy-idn-2014-q-2026-09-28-md-6768704,line,oecd-crs-energy-idn-2014-q-2026-09-28-md-6768704,,marker,,,0,,,,,0,desertification,oecd-crs-energy-idn-2014-q-2026-09-28-md-6768704,oecd_crs_energy_microdata,1,2026-09-28,accepted,,
crs-flow-oecd-crs-energy-idn-2014-q-2026-09-28-md-6775105,line,oecd-crs-energy-idn-2014-q-2026-09-28-md-6775105,money,flow,disbursement,unknown,1998089,,,USD,USD,,,oecd-crs-energy-idn-2014-q-2026-09-28-md-6775105,oecd_crs_energy_microdata,1,2026-09-28,accepted,,"OECD Q value already in 2024 constant USD; UNIT_MULT applied, no FX or deflator rate applied"
crs-marker-biodiversity-oecd-crs-energy-idn-2014-q-2026-09-28-md-6775105,line,oecd-crs-energy-idn-2014-q-2026-09-28-md-6775105,,marker,,,0,,,,,0,biodiversity,oecd-crs-energy-idn-2014-q-2026-09-28-md-6775105,oecd_crs_energy_microdata,1,2026-09-28,accepted,,
crs-marker-mitigation-oecd-crs-energy-idn-2014-q-2026-09-28-md-6775105,line,oecd-crs-energy-idn-2014-q-2026-09-28-md-6775105,,marker,,,0,,,,,0,mitigation,oecd-crs-energy-idn-2014-q-2026-09-28-md-6775105,oecd_crs_energy_microdata,1,2026-09-28,accepted,,
crs-marker-adaptation-oecd-crs-energy-idn-2014-q-2026-09-28-md-6775105,line,oecd-crs-energy-idn-2014-q-2026-09-28-md-6775105,,marker,,,0,,,,,0,adaptation,oecd-crs-energy-idn-2014-q-2026-09-28-md-6775105,oecd_crs_energy_microdata,1,2026-09-28,accepted,,
crs-marker-desertification-oecd-crs-energy-idn-2014-q-2026-09-28-md-6775105,line,oecd-crs-energy-idn-2014-q-2026-09-28-md-6775105,,marker,,,0,,,,,0,desertification,oecd-crs-energy-idn-2014-q-2026-09-28-md-6775105,oecd_crs_energy_microdata,1,2026-09-28,accepted,,
crs-flow-oecd-crs-energy-idn-2014-q-2026-09-28-md-6760411,line,oecd-crs-energy-idn-2014-q-2026-09-28-md-6760411,money,flow,disbursement,unknown,191983,,,USD,USD,,,oecd-crs-energy-idn-2014-q-2026-09-28-md-6760411,oecd_crs_energy_microdata,1,2026-09-28,accepted,,"OECD Q value already in 2024 constant USD; UNIT_MULT applied, no FX or deflator rate applied"
crs-marker-biodiversity-oecd-crs-energy-idn-2014-q-2026-09-28-md-6760411,line,oecd-crs-energy-idn-2014-q-2026-09-28-md-6760411,,marker,,,0,,,,,0,biodiversity,oecd-crs-energy-idn-2014-q-2026-09-28-md-6760411,oecd_crs_energy_microdata,1,2026-09-28,accepted,,
crs-marker-mitigation-oecd-crs-energy-idn-2014-q-2026-09-28-md-6760411,line,oecd-crs-energy-idn-2014-q-2026-09-28-md-6760411,,marker,,,2,,,,,2,mitigation,oecd-crs-energy-idn-2014-q-2026-09-28-md-6760411,oecd_crs_energy_microdata,1,2026-09-28,accepted,,
crs-marker-adaptation-oecd-crs-energy-idn-2014-q-2026-09-28-md-6760411,line,oecd-crs-energy-idn-2014-q-2026-09-28-md-6760411,,marker,,,0,,,,,0,adaptation,oecd-crs-energy-idn-2014-q-2026-09-28-md-6760411,oecd_crs_energy_microdata,1,2026-09-28,accepted,,
crs-marker-desertification-oecd-crs-energy-idn-2014-q-2026-09-28-md-6760411,line,oecd-crs-energy-idn-2014-q-2026-09-28-md-6760411,,marker,,,0,,,,,0,desertification,oecd-crs-energy-idn-2014-q-2026-09-28-md-6760411,oecd_crs_energy_microdata,1,2026-09-28,accepted,,
crs-flow-oecd-crs-energy-idn-2014-q-2026-09-28-md-6698868,line,oecd-crs-energy-idn-2014-q-2026-09-28-md-6698868,money,flow,disbursement,unknown,1437889,,,USD,USD,,,oecd-crs-energy-idn-2014-q-2026-09-28-md-6698868,oecd_crs_energy_microdata,1,2026-09-28,accepted,,"OECD Q value already in 2024 constant USD; UNIT_MULT applied, no FX or deflator rate applied"
crs-marker-biodiversity-oecd-crs-energy-idn-2014-q-2026-09-28-md-6698868,line,oecd-crs-energy-idn-2014-q-2026-09-28-md-6698868,,marker,,,0,,,,,0,biodiversity,oecd-crs-energy-idn-2014-q-2026-09-28-md-6698868,oecd_crs_energy_microdata,1,2026-09-28,accepted,,
crs-marker-mitigation-oecd-crs-energy-idn-2014-q-2026-09-28-md-6698868,line,oecd-crs-energy-idn-2014-q-2026-09-28-md-6698868,,marker,,,2,,,,,2,mitigation,oecd-crs-energy-idn-2014-q-2026-09-28-md-6698868,oecd_crs_energy_microdata,1,2026-09-28,accepted,,
crs-marker-adaptation-oecd-crs-energy-idn-2014-q-2026-09-28-md-6698868,line,oecd-crs-energy-idn-2014-q-2026-09-28-md-6698868,,marker,,,0,,,,,0,adaptation,oecd-crs-energy-idn-2014-q-2026-09-28-md-6698868,oecd_crs_energy_microdata,1,2026-09-28,accepted,,
crs-marker-desertification-oecd-crs-energy-idn-2014-q-2026-09-28-md-6698868,line,oecd-crs-energy-idn-2014-q-2026-09-28-md-6698868,,marker,,,0,,,,,0,desertification,oecd-crs-energy-idn-2014-q-2026-09-28-md-6698868,oecd_crs_energy_microdata,1,2026-09-28,accepted,,
crs-flow-oecd-crs-energy-idn-2014-q-2026-09-28-md-6702873,line,oecd-crs-energy-idn-2014-q-2026-09-28-md-6702873,money,flow,disbursement,unknown,64786,,,USD,USD,,,oecd-crs-energy-idn-2014-q-2026-09-28-md-6702873,oecd_crs_energy_microdata,1,2026-09-28,accepted,,"OECD Q value already in 2024 constant USD; UNIT_MULT applied, no FX or deflator rate applied"
crs-marker-biodiversity-oecd-crs-energy-idn-2014-q-2026-09-28-md-6702873,line,oecd-crs-energy-idn-2014-q-2026-09-28-md-6702873,,marker,,,,,,,,not_screened,biodiversity,oecd-crs-energy-idn-2014-q-2026-09-28-md-6702873,oecd_crs_energy_microdata,1,2026-09-28,accepted,,
crs-marker-mitigation-oecd-crs-energy-idn-2014-q-2026-09-28-md-6702873,line,oecd-crs-energy-idn-2014-q-2026-09-28-md-6702873,,marker,,,,,,,,not_screened,mitigation,oecd-crs-energy-idn-2014-q-2026-09-28-md-6702873,oecd_crs_energy_microdata,1,2026-09-28,accepted,,
crs-marker-adaptation-oecd-crs-energy-idn-2014-q-2026-09-28-md-6702873,line,oecd-crs-energy-idn-2014-q-2026-09-28-md-6702873,,marker,,,,,,,,not_screened,adaptation,oecd-crs-energy-idn-2014-q-2026-09-28-md-6702873,oecd_crs_energy_microdata,1,2026-09-28,accepted,,
crs-marker-desertification-oecd-crs-energy-idn-2014-q-2026-09-28-md-6702873,line,oecd-crs-energy-idn-2014-q-2026-09-28-md-6702873,,marker,,,,,,,,not_screened,desertification,oecd-crs-energy-idn-2014-q-2026-09-28-md-6702873,oecd_crs_energy_microdata,1,2026-09-28,accepted,,
crs-flow-oecd-crs-energy-idn-2014-q-2026-09-28-md-6702743,line,oecd-crs-energy-idn-2014-q-2026-09-28-md-6702743,money,flow,disbursement,unknown,1128152,,,USD,USD,,,oecd-crs-energy-idn-2014-q-2026-09-28-md-6702743,oecd_crs_energy_microdata,1,2026-09-28,accepted,,"OECD Q value already in 2024 constant USD; UNIT_MULT applied, no FX or deflator rate applied"
crs-marker-biodiversity-oecd-crs-energy-idn-2014-q-2026-09-28-md-6702743,line,oecd-crs-energy-idn-2014-q-2026-09-28-md-6702743,,marker,,,,,,,,not_screened,biodiversity,oecd-crs-energy-idn-2014-q-2026-09-28-md-6702743,oecd_crs_energy_microdata,1,2026-09-28,accepted,,
crs-marker-mitigation-oecd-crs-energy-idn-2014-q-2026-09-28-md-6702743,line,oecd-crs-energy-idn-2014-q-2026-09-28-md-6702743,,marker,,,,,,,,not_screened,mitigation,oecd-crs-energy-idn-2014-q-2026-09-28-md-6702743,oecd_crs_energy_microdata,1,2026-09-28,accepted,,
crs-marker-adaptation-oecd-crs-energy-idn-2014-q-2026-09-28-md-6702743,line,oecd-crs-energy-idn-2014-q-2026-09-28-md-6702743,,marker,,,,,,,,not_screened,adaptation,oecd-crs-energy-idn-2014-q-2026-09-28-md-6702743,oecd_crs_energy_microdata,1,2026-09-28,accepted,,
crs-marker-desertification-oecd-crs-energy-idn-2014-q-2026-09-28-md-6702743,line,oecd-crs-energy-idn-2014-q-2026-09-28-md-6702743,,marker,,,,,,,,not_screened,desertification,oecd-crs-energy-idn-2014-q-2026-09-28-md-6702743,oecd_crs_energy_microdata,1,2026-09-28,accepted,,
crs-flow-oecd-crs-energy-idn-2014-q-2026-09-28-md-6703578,line,oecd-crs-energy-idn-2014-q-2026-09-28-md-6703578,money,flow,disbursement,unknown,1526034,,,USD,USD,,,oecd-crs-energy-idn-2014-q-2026-09-28-md-6703578,oecd_crs_energy_microdata,1,2026-09-28,accepted,,"OECD Q value already in 2024 constant USD; UNIT_MULT applied, no FX or deflator rate applied"
crs-marker-biodiversity-oecd-crs-energy-idn-2014-q-2026-09-28-md-6703578,line,oecd-crs-energy-idn-2014-q-2026-09-28-md-6703578,,marker,,,,,,,,not_screened,biodiversity,oecd-crs-energy-idn-2014-q-2026-09-28-md-6703578,oecd_crs_energy_microdata,1,2026-09-28,accepted,,
crs-marker-mitigation-oecd-crs-energy-idn-2014-q-2026-09-28-md-6703578,line,oecd-crs-energy-idn-2014-q-2026-09-28-md-6703578,,marker,,,,,,,,not_screened,mitigation,oecd-crs-energy-idn-2014-q-2026-09-28-md-6703578,oecd_crs_energy_microdata,1,2026-09-28,accepted,,
crs-marker-adaptation-oecd-crs-energy-idn-2014-q-2026-09-28-md-6703578,line,oecd-crs-energy-idn-2014-q-2026-09-28-md-6703578,,marker,,,,,,,,not_screened,adaptation,oecd-crs-energy-idn-2014-q-2026-09-28-md-6703578,oecd_crs_energy_microdata,1,2026-09-28,accepted,,
crs-marker-desertification-oecd-crs-energy-idn-2014-q-2026-09-28-md-6703578,line,oecd-crs-energy-idn-2014-q-2026-09-28-md-6703578,,marker,,,,,,,,not_screened,desertification,oecd-crs-energy-idn-2014-q-2026-09-28-md-6703578,oecd_crs_energy_microdata,1,2026-09-28,accepted,,
crs-flow-oecd-crs-energy-idn-2014-q-2026-09-28-md-6702877,line,oecd-crs-energy-idn-2014-q-2026-09-28-md-6702877,money,flow,disbursement,unknown,219894,,,USD,USD,,,oecd-crs-energy-idn-2014-q-2026-09-28-md-6702877,oecd_crs_energy_microdata,1,2026-09-28,accepted,,"OECD Q value already in 2024 constant USD; UNIT_MULT applied, no FX or deflator rate applied"
crs-marker-biodiversity-oecd-crs-energy-idn-2014-q-2026-09-28-md-6702877,line,oecd-crs-energy-idn-2014-q-2026-09-28-md-6702877,,marker,,,,,,,,not_screened,biodiversity,oecd-crs-energy-idn-2014-q-2026-09-28-md-6702877,oecd_crs_energy_microdata,1,2026-09-28,accepted,,
crs-marker-mitigation-oecd-crs-energy-idn-2014-q-2026-09-28-md-6702877,line,oecd-crs-energy-idn-2014-q-2026-09-28-md-6702877,,marker,,,,,,,,not_screened,mitigation,oecd-crs-energy-idn-2014-q-2026-09-28-md-6702877,oecd_crs_energy_microdata,1,2026-09-28,accepted,,
crs-marker-adaptation-oecd-crs-energy-idn-2014-q-2026-09-28-md-6702877,line,oecd-crs-energy-idn-2014-q-2026-09-28-md-6702877,,marker,,,,,,,,not_screened,adaptation,oecd-crs-energy-idn-2014-q-2026-09-28-md-6702877,oecd_crs_energy_microdata,1,2026-09-28,accepted,,
crs-marker-desertification-oecd-crs-energy-idn-2014-q-2026-09-28-md-6702877,line,oecd-crs-energy-idn-2014-q-2026-09-28-md-6702877,,marker,,,,,,,,not_screened,desertification,oecd-crs-energy-idn-2014-q-2026-09-28-md-6702877,oecd_crs_energy_microdata,1,2026-09-28,accepted,,
crs-flow-oecd-crs-energy-idn-2014-q-2026-09-28-md-6386872,line,oecd-crs-energy-idn-2014-q-2026-09-28-md-6386872,money,flow,commitment,unknown,5881612,,,USD,USD,,,oecd-crs-energy-idn-2014-q-2026-09-28-md-6386872,oecd_crs_energy_microdata,1,2026-09-28,accepted,,"OECD Q value already in 2024 constant USD; UNIT_MULT applied, no FX or deflator rate applied"
crs-marker-biodiversity-oecd-crs-energy-idn-2014-q-2026-09-28-md-6386872,line,oecd-crs-energy-idn-2014-q-2026-09-28-md-6386872,,marker,,,0,,,,,0,biodiversity,oecd-crs-energy-idn-2014-q-2026-09-28-md-6386872,oecd_crs_energy_microdata,1,2026-09-28,accepted,,
crs-marker-mitigation-oecd-crs-energy-idn-2014-q-2026-09-28-md-6386872,line,oecd-crs-energy-idn-2014-q-2026-09-28-md-6386872,,marker,,,2,,,,,2,mitigation,oecd-crs-energy-idn-2014-q-2026-09-28-md-6386872,oecd_crs_energy_microdata,1,2026-09-28,accepted,,
crs-marker-adaptation-oecd-crs-energy-idn-2014-q-2026-09-28-md-6386872,line,oecd-crs-energy-idn-2014-q-2026-09-28-md-6386872,,marker,,,0,,,,,0,adaptation,oecd-crs-energy-idn-2014-q-2026-09-28-md-6386872,oecd_crs_energy_microdata,1,2026-09-28,accepted,,
crs-marker-desertification-oecd-crs-energy-idn-2014-q-2026-09-28-md-6386872,line,oecd-crs-energy-idn-2014-q-2026-09-28-md-6386872,,marker,,,0,,,,,0,desertification,oecd-crs-energy-idn-2014-q-2026-09-28-md-6386872,oecd_crs_energy_microdata,1,2026-09-28,accepted,,
crs-flow-oecd-crs-energy-idn-2014-q-2026-09-28-md-6471010,line,oecd-crs-energy-idn-2014-q-2026-09-28-md-6471010,money,flow,commitment,unknown,267647670,,,USD,USD,,,oecd-crs-energy-idn-2014-q-2026-09-28-md-6471010,oecd_crs_energy_microdata,1,2026-09-28,accepted,,"OECD Q value already in 2024 constant USD; UNIT_MULT applied, no FX or deflator rate applied"
crs-marker-biodiversity-oecd-crs-energy-idn-2014-q-2026-09-28-md-6471010,line,oecd-crs-energy-idn-2014-q-2026-09-28-md-6471010,,marker,,,,,,,,not_screened,biodiversity,oecd-crs-energy-idn-2014-q-2026-09-28-md-6471010,oecd_crs_energy_microdata,1,2026-09-28,accepted,,
crs-marker-mitigation-oecd-crs-energy-idn-2014-q-2026-09-28-md-6471010,line,oecd-crs-energy-idn-2014-q-2026-09-28-md-6471010,,marker,,,,,,,,not_screened,mitigation,oecd-crs-energy-idn-2014-q-2026-09-28-md-6471010,oecd_crs_energy_microdata,1,2026-09-28,accepted,,
crs-marker-adaptation-oecd-crs-energy-idn-2014-q-2026-09-28-md-6471010,line,oecd-crs-energy-idn-2014-q-2026-09-28-md-6471010,,marker,,,,,,,,not_screened,adaptation,oecd-crs-energy-idn-2014-q-2026-09-28-md-6471010,oecd_crs_energy_microdata,1,2026-09-28,accepted,,
crs-marker-desertification-oecd-crs-energy-idn-2014-q-2026-09-28-md-6471010,line,oecd-crs-energy-idn-2014-q-2026-09-28-md-6471010,,marker,,,,,,,,not_screened,desertification,oecd-crs-energy-idn-2014-q-2026-09-28-md-6471010,oecd_crs_energy_microdata,1,2026-09-28,accepted,,
crs-flow-oecd-crs-energy-idn-2014-q-2026-09-28-md-6428766,line,oecd-crs-energy-idn-2014-q-2026-09-28-md-6428766,money,flow,commitment,unknown,19586750,,,USD,USD,,,oecd-crs-energy-idn-2014-q-2026-09-28-md-6428766,oecd_crs_energy_microdata,1,2026-09-28,accepted,,"OECD Q value already in 2024 constant USD; UNIT_MULT applied, no FX or deflator rate applied"
crs-marker-biodiversity-oecd-crs-energy-idn-2014-q-2026-09-28-md-6428766,line,oecd-crs-energy-idn-2014-q-2026-09-28-md-6428766,,marker,,,0,,,,,0,biodiversity,oecd-crs-energy-idn-2014-q-2026-09-28-md-6428766,oecd_crs_energy_microdata,1,2026-09-28,accepted,,
crs-marker-mitigation-oecd-crs-energy-idn-2014-q-2026-09-28-md-6428766,line,oecd-crs-energy-idn-2014-q-2026-09-28-md-6428766,,marker,,,0,,,,,0,mitigation,oecd-crs-energy-idn-2014-q-2026-09-28-md-6428766,oecd_crs_energy_microdata,1,2026-09-28,accepted,,
crs-marker-adaptation-oecd-crs-energy-idn-2014-q-2026-09-28-md-6428766,line,oecd-crs-energy-idn-2014-q-2026-09-28-md-6428766,,marker,,,0,,,,,0,adaptation,oecd-crs-energy-idn-2014-q-2026-09-28-md-6428766,oecd_crs_energy_microdata,1,2026-09-28,accepted,,
crs-marker-desertification-oecd-crs-energy-idn-2014-q-2026-09-28-md-6428766,line,oecd-crs-energy-idn-2014-q-2026-09-28-md-6428766,,marker,,,0,,,,,0,desertification,oecd-crs-energy-idn-2014-q-2026-09-28-md-6428766,oecd_crs_energy_microdata,1,2026-09-28,accepted,,
crs-flow-oecd-crs-energy-idn-2014-q-2026-09-28-md-6748577,line,oecd-crs-energy-idn-2014-q-2026-09-28-md-6748577,money,flow,disbursement,unknown,19231423,,,USD,USD,,,oecd-crs-energy-idn-2014-q-2026-09-28-md-6748577,oecd_crs_energy_microdata,1,2026-09-28,accepted,,"OECD Q value already in 2024 constant USD; UNIT_MULT applied, no FX or deflator rate applied"
crs-marker-biodiversity-oecd-crs-energy-idn-2014-q-2026-09-28-md-6748577,line,oecd-crs-energy-idn-2014-q-2026-09-28-md-6748577,,marker,,,1,,,,,1,biodiversity,oecd-crs-energy-idn-2014-q-2026-09-28-md-6748577,oecd_crs_energy_microdata,1,2026-09-28,accepted,,
crs-marker-mitigation-oecd-crs-energy-idn-2014-q-2026-09-28-md-6748577,line,oecd-crs-energy-idn-2014-q-2026-09-28-md-6748577,,marker,,,,,,,,not_screened,mitigation,oecd-crs-energy-idn-2014-q-2026-09-28-md-6748577,oecd_crs_energy_microdata,1,2026-09-28,accepted,,
crs-marker-adaptation-oecd-crs-energy-idn-2014-q-2026-09-28-md-6748577,line,oecd-crs-energy-idn-2014-q-2026-09-28-md-6748577,,marker,,,,,,,,not_screened,adaptation,oecd-crs-energy-idn-2014-q-2026-09-28-md-6748577,oecd_crs_energy_microdata,1,2026-09-28,accepted,,
crs-marker-desertification-oecd-crs-energy-idn-2014-q-2026-09-28-md-6748577,line,oecd-crs-energy-idn-2014-q-2026-09-28-md-6748577,,marker,,,2,,,,,2,desertification,oecd-crs-energy-idn-2014-q-2026-09-28-md-6748577,oecd_crs_energy_microdata,1,2026-09-28,accepted,,
crs-flow-oecd-crs-energy-idn-2014-q-2026-09-28-md-6695107,line,oecd-crs-energy-idn-2014-q-2026-09-28-md-6695107,money,flow,disbursement,unknown,38304,,,USD,USD,,,oecd-crs-energy-idn-2014-q-2026-09-28-md-6695107,oecd_crs_energy_microdata,1,2026-09-28,accepted,,"OECD Q value already in 2024 constant USD; UNIT_MULT applied, no FX or deflator rate applied"
crs-marker-biodiversity-oecd-crs-energy-idn-2014-q-2026-09-28-md-6695107,line,oecd-crs-energy-idn-2014-q-2026-09-28-md-6695107,,marker,,,0,,,,,0,biodiversity,oecd-crs-energy-idn-2014-q-2026-09-28-md-6695107,oecd_crs_energy_microdata,1,2026-09-28,accepted,,
crs-marker-mitigation-oecd-crs-energy-idn-2014-q-2026-09-28-md-6695107,line,oecd-crs-energy-idn-2014-q-2026-09-28-md-6695107,,marker,,,1,,,,,1,mitigation,oecd-crs-energy-idn-2014-q-2026-09-28-md-6695107,oecd_crs_energy_microdata,1,2026-09-28,accepted,,
crs-marker-adaptation-oecd-crs-energy-idn-2014-q-2026-09-28-md-6695107,line,oecd-crs-energy-idn-2014-q-2026-09-28-md-6695107,,marker,,,0,,,,,0,adaptation,oecd-crs-energy-idn-2014-q-2026-09-28-md-6695107,oecd_crs_energy_microdata,1,2026-09-28,accepted,,
crs-marker-desertification-oecd-crs-energy-idn-2014-q-2026-09-28-md-6695107,line,oecd-crs-energy-idn-2014-q-2026-09-28-md-6695107,,marker,,,0,,,,,0,desertification,oecd-crs-energy-idn-2014-q-2026-09-28-md-6695107,oecd_crs_energy_microdata,1,2026-09-28,accepted,,
crs-flow-oecd-crs-energy-idn-2014-q-2026-09-28-md-6695171,line,oecd-crs-energy-idn-2014-q-2026-09-28-md-6695171,money,flow,disbursement,unknown,80264,,,USD,USD,,,oecd-crs-energy-idn-2014-q-2026-09-28-md-6695171,oecd_crs_energy_microdata,1,2026-09-28,accepted,,"OECD Q value already in 2024 constant USD; UNIT_MULT applied, no FX or deflator rate applied"
crs-marker-biodiversity-oecd-crs-energy-idn-2014-q-2026-09-28-md-6695171,line,oecd-crs-energy-idn-2014-q-2026-09-28-md-6695171,,marker,,,0,,,,,0,biodiversity,oecd-crs-energy-idn-2014-q-2026-09-28-md-6695171,oecd_crs_energy_microdata,1,2026-09-28,accepted,,
crs-marker-mitigation-oecd-crs-energy-idn-2014-q-2026-09-28-md-6695171,line,oecd-crs-energy-idn-2014-q-2026-09-28-md-6695171,,marker,,,1,,,,,1,mitigation,oecd-crs-energy-idn-2014-q-2026-09-28-md-6695171,oecd_crs_energy_microdata,1,2026-09-28,accepted,,
crs-marker-adaptation-oecd-crs-energy-idn-2014-q-2026-09-28-md-6695171,line,oecd-crs-energy-idn-2014-q-2026-09-28-md-6695171,,marker,,,0,,,,,0,adaptation,oecd-crs-energy-idn-2014-q-2026-09-28-md-6695171,oecd_crs_energy_microdata,1,2026-09-28,accepted,,
crs-marker-desertification-oecd-crs-energy-idn-2014-q-2026-09-28-md-6695171,line,oecd-crs-energy-idn-2014-q-2026-09-28-md-6695171,,marker,,,0,,,,,0,desertification,oecd-crs-energy-idn-2014-q-2026-09-28-md-6695171,oecd_crs_energy_microdata,1,2026-09-28,accepted,,
crs-flow-oecd-crs-energy-idn-2014-q-2026-09-28-md-6804818,line,oecd-crs-energy-idn-2014-q-2026-09-28-md-6804818,money,flow,disbursement,unknown,5855943,,,USD,USD,,,oecd-crs-energy-idn-2014-q-2026-09-28-md-6804818,oecd_crs_energy_microdata,1,2026-09-28,accepted,,"OECD Q value already in 2024 constant USD; UNIT_MULT applied, no FX or deflator rate applied"
crs-marker-biodiversity-oecd-crs-energy-idn-2014-q-2026-09-28-md-6804818,line,oecd-crs-energy-idn-2014-q-2026-09-28-md-6804818,,marker,,,0,,,,,0,biodiversity,oecd-crs-energy-idn-2014-q-2026-09-28-md-6804818,oecd_crs_energy_microdata,1,2026-09-28,accepted,,
crs-marker-mitigation-oecd-crs-energy-idn-2014-q-2026-09-28-md-6804818,line,oecd-crs-energy-idn-2014-q-2026-09-28-md-6804818,,marker,,,1,,,,,1,mitigation,oecd-crs-energy-idn-2014-q-2026-09-28-md-6804818,oecd_crs_energy_microdata,1,2026-09-28,accepted,,
crs-marker-adaptation-oecd-crs-energy-idn-2014-q-2026-09-28-md-6804818,line,oecd-crs-energy-idn-2014-q-2026-09-28-md-6804818,,marker,,,0,,,,,0,adaptation,oecd-crs-energy-idn-2014-q-2026-09-28-md-6804818,oecd_crs_energy_microdata,1,2026-09-28,accepted,,
crs-marker-desertification-oecd-crs-energy-idn-2014-q-2026-09-28-md-6804818,line,oecd-crs-energy-idn-2014-q-2026-09-28-md-6804818,,marker,,,0,,,,,0,desertification,oecd-crs-energy-idn-2014-q-2026-09-28-md-6804818,oecd_crs_energy_microdata,1,2026-09-28,accepted,,
crs-flow-oecd-crs-energy-idn-2014-q-2026-09-28-md-6700375,line,oecd-crs-energy-idn-2014-q-2026-09-28-md-6700375,money,flow,disbursement,unknown,359362,,,USD,USD,,,oecd-crs-energy-idn-2014-q-2026-09-28-md-6700375,oecd_crs_energy_microdata,1,2026-09-28,accepted,,"OECD Q value already in 2024 constant USD; UNIT_MULT applied, no FX or deflator rate applied"
crs-marker-biodiversity-oecd-crs-energy-idn-2014-q-2026-09-28-md-6700375,line,oecd-crs-energy-idn-2014-q-2026-09-28-md-6700375,,marker,,,0,,,,,0,biodiversity,oecd-crs-energy-idn-2014-q-2026-09-28-md-6700375,oecd_crs_energy_microdata,1,2026-09-28,accepted,,
crs-marker-mitigation-oecd-crs-energy-idn-2014-q-2026-09-28-md-6700375,line,oecd-crs-energy-idn-2014-q-2026-09-28-md-6700375,,marker,,,2,,,,,2,mitigation,oecd-crs-energy-idn-2014-q-2026-09-28-md-6700375,oecd_crs_energy_microdata,1,2026-09-28,accepted,,
crs-marker-adaptation-oecd-crs-energy-idn-2014-q-2026-09-28-md-6700375,line,oecd-crs-energy-idn-2014-q-2026-09-28-md-6700375,,marker,,,0,,,,,0,adaptation,oecd-crs-energy-idn-2014-q-2026-09-28-md-6700375,oecd_crs_energy_microdata,1,2026-09-28,accepted,,
crs-marker-desertification-oecd-crs-energy-idn-2014-q-2026-09-28-md-6700375,line,oecd-crs-energy-idn-2014-q-2026-09-28-md-6700375,,marker,,,0,,,,,0,desertification,oecd-crs-energy-idn-2014-q-2026-09-28-md-6700375,oecd_crs_energy_microdata,1,2026-09-28,accepted,,
crs-flow-oecd-crs-energy-idn-2014-q-2026-09-28-md-6727701,line,oecd-crs-energy-idn-2014-q-2026-09-28-md-6727701,money,flow,disbursement,unknown,6027,,,USD,USD,,,oecd-crs-energy-idn-2014-q-2026-09-28-md-6727701,oecd_crs_energy_microdata,1,2026-09-28,accepted,,"OECD Q value already in 2024 constant USD; UNIT_MULT applied, no FX or deflator rate applied"
crs-marker-biodiversity-oecd-crs-energy-idn-2014-q-2026-09-28-md-6727701,line,oecd-crs-energy-idn-2014-q-2026-09-28-md-6727701,,marker,,,0,,,,,0,biodiversity,oecd-crs-energy-idn-2014-q-2026-09-28-md-6727701,oecd_crs_energy_microdata,1,2026-09-28,accepted,,
crs-marker-mitigation-oecd-crs-energy-idn-2014-q-2026-09-28-md-6727701,line,oecd-crs-energy-idn-2014-q-2026-09-28-md-6727701,,marker,,,2,,,,,2,mitigation,oecd-crs-energy-idn-2014-q-2026-09-28-md-6727701,oecd_crs_energy_microdata,1,2026-09-28,accepted,,
crs-marker-adaptation-oecd-crs-energy-idn-2014-q-2026-09-28-md-6727701,line,oecd-crs-energy-idn-2014-q-2026-09-28-md-6727701,,marker,,,0,,,,,0,adaptation,oecd-crs-energy-idn-2014-q-2026-09-28-md-6727701,oecd_crs_energy_microdata,1,2026-09-28,accepted,,
crs-marker-desertification-oecd-crs-energy-idn-2014-q-2026-09-28-md-6727701,line,oecd-crs-energy-idn-2014-q-2026-09-28-md-6727701,,marker,,,0,,,,,0,desertification,oecd-crs-energy-idn-2014-q-2026-09-28-md-6727701,oecd_crs_energy_microdata,1,2026-09-28,accepted,,
crs-flow-oecd-crs-energy-idn-2014-q-2026-09-28-md-6735659,line,oecd-crs-energy-idn-2014-q-2026-09-28-md-6735659,money,flow,disbursement,unknown,1240507,,,USD,USD,,,oecd-crs-energy-idn-2014-q-2026-09-28-md-6735659,oecd_crs_energy_microdata,1,2026-09-28,accepted,,"OECD Q value already in 2024 constant USD; UNIT_MULT applied, no FX or deflator rate applied"
crs-marker-biodiversity-oecd-crs-energy-idn-2014-q-2026-09-28-md-6735659,line,oecd-crs-energy-idn-2014-q-2026-09-28-md-6735659,,marker,,,0,,,,,0,biodiversity,oecd-crs-energy-idn-2014-q-2026-09-28-md-6735659,oecd_crs_energy_microdata,1,2026-09-28,accepted,,
crs-marker-mitigation-oecd-crs-energy-idn-2014-q-2026-09-28-md-6735659,line,oecd-crs-energy-idn-2014-q-2026-09-28-md-6735659,,marker,,,2,,,,,2,mitigation,oecd-crs-energy-idn-2014-q-2026-09-28-md-6735659,oecd_crs_energy_microdata,1,2026-09-28,accepted,,
crs-marker-adaptation-oecd-crs-energy-idn-2014-q-2026-09-28-md-6735659,line,oecd-crs-energy-idn-2014-q-2026-09-28-md-6735659,,marker,,,0,,,,,0,adaptation,oecd-crs-energy-idn-2014-q-2026-09-28-md-6735659,oecd_crs_energy_microdata,1,2026-09-28,accepted,,
crs-marker-desertification-oecd-crs-energy-idn-2014-q-2026-09-28-md-6735659,line,oecd-crs-energy-idn-2014-q-2026-09-28-md-6735659,,marker,,,0,,,,,0,desertification,oecd-crs-energy-idn-2014-q-2026-09-28-md-6735659,oecd_crs_energy_microdata,1,2026-09-28,accepted,,
crs-flow-oecd-crs-energy-idn-2014-q-2026-09-28-md-6791131,line,oecd-crs-energy-idn-2014-q-2026-09-28-md-6791131,money,flow,disbursement,unknown,115838,,,USD,USD,,,oecd-crs-energy-idn-2014-q-2026-09-28-md-6791131,oecd_crs_energy_microdata,1,2026-09-28,accepted,,"OECD Q value already in 2024 constant USD; UNIT_MULT applied, no FX or deflator rate applied"
crs-marker-biodiversity-oecd-crs-energy-idn-2014-q-2026-09-28-md-6791131,line,oecd-crs-energy-idn-2014-q-2026-09-28-md-6791131,,marker,,,0,,,,,0,biodiversity,oecd-crs-energy-idn-2014-q-2026-09-28-md-6791131,oecd_crs_energy_microdata,1,2026-09-28,accepted,,
crs-marker-mitigation-oecd-crs-energy-idn-2014-q-2026-09-28-md-6791131,line,oecd-crs-energy-idn-2014-q-2026-09-28-md-6791131,,marker,,,2,,,,,2,mitigation,oecd-crs-energy-idn-2014-q-2026-09-28-md-6791131,oecd_crs_energy_microdata,1,2026-09-28,accepted,,
crs-marker-adaptation-oecd-crs-energy-idn-2014-q-2026-09-28-md-6791131,line,oecd-crs-energy-idn-2014-q-2026-09-28-md-6791131,,marker,,,0,,,,,0,adaptation,oecd-crs-energy-idn-2014-q-2026-09-28-md-6791131,oecd_crs_energy_microdata,1,2026-09-28,accepted,,
crs-marker-desertification-oecd-crs-energy-idn-2014-q-2026-09-28-md-6791131,line,oecd-crs-energy-idn-2014-q-2026-09-28-md-6791131,,marker,,,0,,,,,0,desertification,oecd-crs-energy-idn-2014-q-2026-09-28-md-6791131,oecd_crs_energy_microdata,1,2026-09-28,accepted,,
crs-flow-oecd-crs-energy-idn-2014-q-2026-09-28-md-6768705,line,oecd-crs-energy-idn-2014-q-2026-09-28-md-6768705,money,flow,disbursement,unknown,656993,,,USD,USD,,,oecd-crs-energy-idn-2014-q-2026-09-28-md-6768705,oecd_crs_energy_microdata,1,2026-09-28,accepted,,"OECD Q value already in 2024 constant USD; UNIT_MULT applied, no FX or deflator rate applied"
crs-marker-biodiversity-oecd-crs-energy-idn-2014-q-2026-09-28-md-6768705,line,oecd-crs-energy-idn-2014-q-2026-09-28-md-6768705,,marker,,,0,,,,,0,biodiversity,oecd-crs-energy-idn-2014-q-2026-09-28-md-6768705,oecd_crs_energy_microdata,1,2026-09-28,accepted,,
crs-marker-mitigation-oecd-crs-energy-idn-2014-q-2026-09-28-md-6768705,line,oecd-crs-energy-idn-2014-q-2026-09-28-md-6768705,,marker,,,2,,,,,2,mitigation,oecd-crs-energy-idn-2014-q-2026-09-28-md-6768705,oecd_crs_energy_microdata,1,2026-09-28,accepted,,
crs-marker-adaptation-oecd-crs-energy-idn-2014-q-2026-09-28-md-6768705,line,oecd-crs-energy-idn-2014-q-2026-09-28-md-6768705,,marker,,,0,,,,,0,adaptation,oecd-crs-energy-idn-2014-q-2026-09-28-md-6768705,oecd_crs_energy_microdata,1,2026-09-28,accepted,,
crs-marker-desertification-oecd-crs-energy-idn-2014-q-2026-09-28-md-6768705,line,oecd-crs-energy-idn-2014-q-2026-09-28-md-6768705,,marker,,,0,,,,,0,desertification,oecd-crs-energy-idn-2014-q-2026-09-28-md-6768705,oecd_crs_energy_microdata,1,2026-09-28,accepted,,
crs-flow-oecd-crs-energy-idn-2014-q-2026-09-28-md-6442121,line,oecd-crs-energy-idn-2014-q-2026-09-28-md-6442121,money,flow,commitment,unknown,61696,,,USD,USD,,,oecd-crs-energy-idn-2014-q-2026-09-28-md-6442121,oecd_crs_energy_microdata,1,2026-09-28,accepted,,"OECD Q value already in 2024 constant USD; UNIT_MULT applied, no FX or deflator rate applied"
crs-marker-biodiversity-oecd-crs-energy-idn-2014-q-2026-09-28-md-6442121,line,oecd-crs-energy-idn-2014-q-2026-09-28-md-6442121,,marker,,,0,,,,,0,biodiversity,oecd-crs-energy-idn-2014-q-2026-09-28-md-6442121,oecd_crs_energy_microdata,1,2026-09-28,accepted,,
crs-marker-mitigation-oecd-crs-energy-idn-2014-q-2026-09-28-md-6442121,line,oecd-crs-energy-idn-2014-q-2026-09-28-md-6442121,,marker,,,1,,,,,1,mitigation,oecd-crs-energy-idn-2014-q-2026-09-28-md-6442121,oecd_crs_energy_microdata,1,2026-09-28,accepted,,
crs-marker-adaptation-oecd-crs-energy-idn-2014-q-2026-09-28-md-6442121,line,oecd-crs-energy-idn-2014-q-2026-09-28-md-6442121,,marker,,,0,,,,,0,adaptation,oecd-crs-energy-idn-2014-q-2026-09-28-md-6442121,oecd_crs_energy_microdata,1,2026-09-28,accepted,,
crs-marker-desertification-oecd-crs-energy-idn-2014-q-2026-09-28-md-6442121,line,oecd-crs-energy-idn-2014-q-2026-09-28-md-6442121,,marker,,,0,,,,,0,desertification,oecd-crs-energy-idn-2014-q-2026-09-28-md-6442121,oecd_crs_energy_microdata,1,2026-09-28,accepted,,
crs-flow-oecd-crs-energy-idn-2014-q-2026-09-28-md-6823503,line,oecd-crs-energy-idn-2014-q-2026-09-28-md-6823503,money,flow,disbursement,unknown,61696,,,USD,USD,,,oecd-crs-energy-idn-2014-q-2026-09-28-md-6823503,oecd_crs_energy_microdata,1,2026-09-28,accepted,,"OECD Q value already in 2024 constant USD; UNIT_MULT applied, no FX or deflator rate applied"
crs-marker-biodiversity-oecd-crs-energy-idn-2014-q-2026-09-28-md-6823503,line,oecd-crs-energy-idn-2014-q-2026-09-28-md-6823503,,marker,,,0,,,,,0,biodiversity,oecd-crs-energy-idn-2014-q-2026-09-28-md-6823503,oecd_crs_energy_microdata,1,2026-09-28,accepted,,
crs-marker-mitigation-oecd-crs-energy-idn-2014-q-2026-09-28-md-6823503,line,oecd-crs-energy-idn-2014-q-2026-09-28-md-6823503,,marker,,,1,,,,,1,mitigation,oecd-crs-energy-idn-2014-q-2026-09-28-md-6823503,oecd_crs_energy_microdata,1,2026-09-28,accepted,,
crs-marker-adaptation-oecd-crs-energy-idn-2014-q-2026-09-28-md-6823503,line,oecd-crs-energy-idn-2014-q-2026-09-28-md-6823503,,marker,,,0,,,,,0,adaptation,oecd-crs-energy-idn-2014-q-2026-09-28-md-6823503,oecd_crs_energy_microdata,1,2026-09-28,accepted,,
crs-marker-desertification-oecd-crs-energy-idn-2014-q-2026-09-28-md-6823503,line,oecd-crs-energy-idn-2014-q-2026-09-28-md-6823503,,marker,,,0,,,,,0,desertification,oecd-crs-energy-idn-2014-q-2026-09-28-md-6823503,oecd_crs_energy_microdata,1,2026-09-28,accepted,,
crs-flow-oecd-crs-energy-idn-2015-q-2026-09-28-md-7439911,line,oecd-crs-energy-idn-2015-q-2026-09-28-md-7439911,money,flow,disbursement,unknown,4236484,,,USD,USD,,,oecd-crs-energy-idn-2015-q-2026-09-28-md-7439911,oecd_crs_energy_microdata,1,2026-09-28,accepted,,"OECD Q value already in 2024 constant USD; UNIT_MULT applied, no FX or deflator rate applied"
crs-marker-biodiversity-oecd-crs-energy-idn-2015-q-2026-09-28-md-7439911,line,oecd-crs-energy-idn-2015-q-2026-09-28-md-7439911,,marker,,,,,,,,not_screened,biodiversity,oecd-crs-energy-idn-2015-q-2026-09-28-md-7439911,oecd_crs_energy_microdata,1,2026-09-28,accepted,,
crs-marker-mitigation-oecd-crs-energy-idn-2015-q-2026-09-28-md-7439911,line,oecd-crs-energy-idn-2015-q-2026-09-28-md-7439911,,marker,,,,,,,,not_screened,mitigation,oecd-crs-energy-idn-2015-q-2026-09-28-md-7439911,oecd_crs_energy_microdata,1,2026-09-28,accepted,,
crs-marker-adaptation-oecd-crs-energy-idn-2015-q-2026-09-28-md-7439911,line,oecd-crs-energy-idn-2015-q-2026-09-28-md-7439911,,marker,,,,,,,,not_screened,adaptation,oecd-crs-energy-idn-2015-q-2026-09-28-md-7439911,oecd_crs_energy_microdata,1,2026-09-28,accepted,,
crs-marker-desertification-oecd-crs-energy-idn-2015-q-2026-09-28-md-7439911,line,oecd-crs-energy-idn-2015-q-2026-09-28-md-7439911,,marker,,,,,,,,not_screened,desertification,oecd-crs-energy-idn-2015-q-2026-09-28-md-7439911,oecd_crs_energy_microdata,1,2026-09-28,accepted,,
crs-flow-oecd-crs-energy-idn-2015-q-2026-09-28-md-7439912,line,oecd-crs-energy-idn-2015-q-2026-09-28-md-7439912,money,flow,disbursement,unknown,4236484,,,USD,USD,,,oecd-crs-energy-idn-2015-q-2026-09-28-md-7439912,oecd_crs_energy_microdata,1,2026-09-28,accepted,,"OECD Q value already in 2024 constant USD; UNIT_MULT applied, no FX or deflator rate applied"
crs-marker-biodiversity-oecd-crs-energy-idn-2015-q-2026-09-28-md-7439912,line,oecd-crs-energy-idn-2015-q-2026-09-28-md-7439912,,marker,,,,,,,,not_screened,biodiversity,oecd-crs-energy-idn-2015-q-2026-09-28-md-7439912,oecd_crs_energy_microdata,1,2026-09-28,accepted,,
crs-marker-mitigation-oecd-crs-energy-idn-2015-q-2026-09-28-md-7439912,line,oecd-crs-energy-idn-2015-q-2026-09-28-md-7439912,,marker,,,,,,,,not_screened,mitigation,oecd-crs-energy-idn-2015-q-2026-09-28-md-7439912,oecd_crs_energy_microdata,1,2026-09-28,accepted,,
crs-marker-adaptation-oecd-crs-energy-idn-2015-q-2026-09-28-md-7439912,line,oecd-crs-energy-idn-2015-q-2026-09-28-md-7439912,,marker,,,,,,,,not_screened,adaptation,oecd-crs-energy-idn-2015-q-2026-09-28-md-7439912,oecd_crs_energy_microdata,1,2026-09-28,accepted,,
crs-marker-desertification-oecd-crs-energy-idn-2015-q-2026-09-28-md-7439912,line,oecd-crs-energy-idn-2015-q-2026-09-28-md-7439912,,marker,,,,,,,,not_screened,desertification,oecd-crs-energy-idn-2015-q-2026-09-28-md-7439912,oecd_crs_energy_microdata,1,2026-09-28,accepted,,
crs-flow-oecd-crs-energy-idn-2015-q-2026-09-28-md-7439903,line,oecd-crs-energy-idn-2015-q-2026-09-28-md-7439903,money,flow,disbursement,unknown,29047525,,,USD,USD,,,oecd-crs-energy-idn-2015-q-2026-09-28-md-7439903,oecd_crs_energy_microdata,1,2026-09-28,accepted,,"OECD Q value already in 2024 constant USD; UNIT_MULT applied, no FX or deflator rate applied"
crs-marker-biodiversity-oecd-crs-energy-idn-2015-q-2026-09-28-md-7439903,line,oecd-crs-energy-idn-2015-q-2026-09-28-md-7439903,,marker,,,,,,,,not_screened,biodiversity,oecd-crs-energy-idn-2015-q-2026-09-28-md-7439903,oecd_crs_energy_microdata,1,2026-09-28,accepted,,
crs-marker-mitigation-oecd-crs-energy-idn-2015-q-2026-09-28-md-7439903,line,oecd-crs-energy-idn-2015-q-2026-09-28-md-7439903,,marker,,,,,,,,not_screened,mitigation,oecd-crs-energy-idn-2015-q-2026-09-28-md-7439903,oecd_crs_energy_microdata,1,2026-09-28,accepted,,
crs-marker-adaptation-oecd-crs-energy-idn-2015-q-2026-09-28-md-7439903,line,oecd-crs-energy-idn-2015-q-2026-09-28-md-7439903,,marker,,,,,,,,not_screened,adaptation,oecd-crs-energy-idn-2015-q-2026-09-28-md-7439903,oecd_crs_energy_microdata,1,2026-09-28,accepted,,
crs-marker-desertification-oecd-crs-energy-idn-2015-q-2026-09-28-md-7439903,line,oecd-crs-energy-idn-2015-q-2026-09-28-md-7439903,,marker,,,,,,,,not_screened,desertification,oecd-crs-energy-idn-2015-q-2026-09-28-md-7439903,oecd_crs_energy_microdata,1,2026-09-28,accepted,,
crs-flow-oecd-crs-energy-idn-2015-q-2026-09-28-md-7439924,line,oecd-crs-energy-idn-2015-q-2026-09-28-md-7439924,money,flow,disbursement,unknown,5026965,,,USD,USD,,,oecd-crs-energy-idn-2015-q-2026-09-28-md-7439924,oecd_crs_energy_microdata,1,2026-09-28,accepted,,"OECD Q value already in 2024 constant USD; UNIT_MULT applied, no FX or deflator rate applied"
crs-marker-biodiversity-oecd-crs-energy-idn-2015-q-2026-09-28-md-7439924,line,oecd-crs-energy-idn-2015-q-2026-09-28-md-7439924,,marker,,,,,,,,not_screened,biodiversity,oecd-crs-energy-idn-2015-q-2026-09-28-md-7439924,oecd_crs_energy_microdata,1,2026-09-28,accepted,,
crs-marker-mitigation-oecd-crs-energy-idn-2015-q-2026-09-28-md-7439924,line,oecd-crs-energy-idn-2015-q-2026-09-28-md-7439924,,marker,,,,,,,,not_screened,mitigation,oecd-crs-energy-idn-2015-q-2026-09-28-md-7439924,oecd_crs_energy_microdata,1,2026-09-28,accepted,,
crs-marker-adaptation-oecd-crs-energy-idn-2015-q-2026-09-28-md-7439924,line,oecd-crs-energy-idn-2015-q-2026-09-28-md-7439924,,marker,,,,,,,,not_screened,adaptation,oecd-crs-energy-idn-2015-q-2026-09-28-md-7439924,oecd_crs_energy_microdata,1,2026-09-28,accepted,,
crs-marker-desertification-oecd-crs-energy-idn-2015-q-2026-09-28-md-7439924,line,oecd-crs-energy-idn-2015-q-2026-09-28-md-7439924,,marker,,,,,,,,not_screened,desertification,oecd-crs-energy-idn-2015-q-2026-09-28-md-7439924,oecd_crs_energy_microdata,1,2026-09-28,accepted,,
crs-flow-oecd-crs-energy-idn-2015-q-2026-09-28-md-7457688,line,oecd-crs-energy-idn-2015-q-2026-09-28-md-7457688,money,flow,disbursement,unknown,8809,,,USD,USD,,,oecd-crs-energy-idn-2015-q-2026-09-28-md-7457688,oecd_crs_energy_microdata,1,2026-09-28,accepted,,"OECD Q value already in 2024 constant USD; UNIT_MULT applied, no FX or deflator rate applied"
crs-marker-biodiversity-oecd-crs-energy-idn-2015-q-2026-09-28-md-7457688,line,oecd-crs-energy-idn-2015-q-2026-09-28-md-7457688,,marker,,,,,,,,not_screened,biodiversity,oecd-crs-energy-idn-2015-q-2026-09-28-md-7457688,oecd_crs_energy_microdata,1,2026-09-28,accepted,,
crs-marker-mitigation-oecd-crs-energy-idn-2015-q-2026-09-28-md-7457688,line,oecd-crs-energy-idn-2015-q-2026-09-28-md-7457688,,marker,,,,,,,,not_screened,mitigation,oecd-crs-energy-idn-2015-q-2026-09-28-md-7457688,oecd_crs_energy_microdata,1,2026-09-28,accepted,,
crs-marker-adaptation-oecd-crs-energy-idn-2015-q-2026-09-28-md-7457688,line,oecd-crs-energy-idn-2015-q-2026-09-28-md-7457688,,marker,,,,,,,,not_screened,adaptation,oecd-crs-energy-idn-2015-q-2026-09-28-md-7457688,oecd_crs_energy_microdata,1,2026-09-28,accepted,,
crs-marker-desertification-oecd-crs-energy-idn-2015-q-2026-09-28-md-7457688,line,oecd-crs-energy-idn-2015-q-2026-09-28-md-7457688,,marker,,,,,,,,not_screened,desertification,oecd-crs-energy-idn-2015-q-2026-09-28-md-7457688,oecd_crs_energy_microdata,1,2026-09-28,accepted,,
crs-flow-oecd-crs-energy-idn-2015-q-2026-09-28-md-7105475,line,oecd-crs-energy-idn-2015-q-2026-09-28-md-7105475,money,flow,commitment,unknown,26920,,,USD,USD,,,oecd-crs-energy-idn-2015-q-2026-09-28-md-7105475,oecd_crs_energy_microdata,1,2026-09-28,accepted,,"OECD Q value already in 2024 constant USD; UNIT_MULT applied, no FX or deflator rate applied"
crs-marker-biodiversity-oecd-crs-energy-idn-2015-q-2026-09-28-md-7105475,line,oecd-crs-energy-idn-2015-q-2026-09-28-md-7105475,,marker,,,,,,,,not_screened,biodiversity,oecd-crs-energy-idn-2015-q-2026-09-28-md-7105475,oecd_crs_energy_microdata,1,2026-09-28,accepted,,
crs-marker-mitigation-oecd-crs-energy-idn-2015-q-2026-09-28-md-7105475,line,oecd-crs-energy-idn-2015-q-2026-09-28-md-7105475,,marker,,,,,,,,not_screened,mitigation,oecd-crs-energy-idn-2015-q-2026-09-28-md-7105475,oecd_crs_energy_microdata,1,2026-09-28,accepted,,
crs-marker-adaptation-oecd-crs-energy-idn-2015-q-2026-09-28-md-7105475,line,oecd-crs-energy-idn-2015-q-2026-09-28-md-7105475,,marker,,,,,,,,not_screened,adaptation,oecd-crs-energy-idn-2015-q-2026-09-28-md-7105475,oecd_crs_energy_microdata,1,2026-09-28,accepted,,
crs-marker-desertification-oecd-crs-energy-idn-2015-q-2026-09-28-md-7105475,line,oecd-crs-energy-idn-2015-q-2026-09-28-md-7105475,,marker,,,,,,,,not_screened,desertification,oecd-crs-energy-idn-2015-q-2026-09-28-md-7105475,oecd_crs_energy_microdata,1,2026-09-28,accepted,,
crs-flow-oecd-crs-energy-idn-2015-q-2026-09-28-md-7105645,line,oecd-crs-energy-idn-2015-q-2026-09-28-md-7105645,money,flow,commitment,unknown,109369,,,USD,USD,,,oecd-crs-energy-idn-2015-q-2026-09-28-md-7105645,oecd_crs_energy_microdata,1,2026-09-28,accepted,,"OECD Q value already in 2024 constant USD; UNIT_MULT applied, no FX or deflator rate applied"
crs-marker-biodiversity-oecd-crs-energy-idn-2015-q-2026-09-28-md-7105645,line,oecd-crs-energy-idn-2015-q-2026-09-28-md-7105645,,marker,,,,,,,,not_screened,biodiversity,oecd-crs-energy-idn-2015-q-2026-09-28-md-7105645,oecd_crs_energy_microdata,1,2026-09-28,accepted,,
crs-marker-mitigation-oecd-crs-energy-idn-2015-q-2026-09-28-md-7105645,line,oecd-crs-energy-idn-2015-q-2026-09-28-md-7105645,,marker,,,,,,,,not_screened,mitigation,oecd-crs-energy-idn-2015-q-2026-09-28-md-7105645,oecd_crs_energy_microdata,1,2026-09-28,accepted,,
crs-marker-adaptation-oecd-crs-energy-idn-2015-q-2026-09-28-md-7105645,line,oecd-crs-energy-idn-2015-q-2026-09-28-md-7105645,,marker,,,,,,,,not_screened,adaptation,oecd-crs-energy-idn-2015-q-2026-09-28-md-7105645,oecd_crs_energy_microdata,1,2026-09-28,accepted,,
crs-marker-desertification-oecd-crs-energy-idn-2015-q-2026-09-28-md-7105645,line,oecd-crs-energy-idn-2015-q-2026-09-28-md-7105645,,marker,,,,,,,,not_screened,desertification,oecd-crs-energy-idn-2015-q-2026-09-28-md-7105645,oecd_crs_energy_microdata,1,2026-09-28,accepted,,
crs-flow-oecd-crs-energy-idn-2015-q-2026-09-28-md-7457633,line,oecd-crs-energy-idn-2015-q-2026-09-28-md-7457633,money,flow,disbursement,unknown,26920,,,USD,USD,,,oecd-crs-energy-idn-2015-q-2026-09-28-md-7457633,oecd_crs_energy_microdata,1,2026-09-28,accepted,,"OECD Q value already in 2024 constant USD; UNIT_MULT applied, no FX or deflator rate applied"
crs-marker-biodiversity-oecd-crs-energy-idn-2015-q-2026-09-28-md-7457633,line,oecd-crs-energy-idn-2015-q-2026-09-28-md-7457633,,marker,,,,,,,,not_screened,biodiversity,oecd-crs-energy-idn-2015-q-2026-09-28-md-7457633,oecd_crs_energy_microdata,1,2026-09-28,accepted,,
crs-marker-mitigation-oecd-crs-energy-idn-2015-q-2026-09-28-md-7457633,line,oecd-crs-energy-idn-2015-q-2026-09-28-md-7457633,,marker,,,,,,,,not_screened,mitigation,oecd-crs-energy-idn-2015-q-2026-09-28-md-7457633,oecd_crs_energy_microdata,1,2026-09-28,accepted,,
crs-marker-adaptation-oecd-crs-energy-idn-2015-q-2026-09-28-md-7457633,line,oecd-crs-energy-idn-2015-q-2026-09-28-md-7457633,,marker,,,,,,,,not_screened,adaptation,oecd-crs-energy-idn-2015-q-2026-09-28-md-7457633,oecd_crs_energy_microdata,1,2026-09-28,accepted,,
crs-marker-desertification-oecd-crs-energy-idn-2015-q-2026-09-28-md-7457633,line,oecd-crs-energy-idn-2015-q-2026-09-28-md-7457633,,marker,,,,,,,,not_screened,desertification,oecd-crs-energy-idn-2015-q-2026-09-28-md-7457633,oecd_crs_energy_microdata,1,2026-09-28,accepted,,
crs-flow-oecd-crs-energy-idn-2015-q-2026-09-28-md-7105530,line,oecd-crs-energy-idn-2015-q-2026-09-28-md-7105530,money,flow,commitment,unknown,8809,,,USD,USD,,,oecd-crs-energy-idn-2015-q-2026-09-28-md-7105530,oecd_crs_energy_microdata,1,2026-09-28,accepted,,"OECD Q value already in 2024 constant USD; UNIT_MULT applied, no FX or deflator rate applied"
crs-marker-biodiversity-oecd-crs-energy-idn-2015-q-2026-09-28-md-7105530,line,oecd-crs-energy-idn-2015-q-2026-09-28-md-7105530,,marker,,,,,,,,not_screened,biodiversity,oecd-crs-energy-idn-2015-q-2026-09-28-md-7105530,oecd_crs_energy_microdata,1,2026-09-28,accepted,,
crs-marker-mitigation-oecd-crs-energy-idn-2015-q-2026-09-28-md-7105530,line,oecd-crs-energy-idn-2015-q-2026-09-28-md-7105530,,marker,,,,,,,,not_screened,mitigation,oecd-crs-energy-idn-2015-q-2026-09-28-md-7105530,oecd_crs_energy_microdata,1,2026-09-28,accepted,,
crs-marker-adaptation-oecd-crs-energy-idn-2015-q-2026-09-28-md-7105530,line,oecd-crs-energy-idn-2015-q-2026-09-28-md-7105530,,marker,,,,,,,,not_screened,adaptation,oecd-crs-energy-idn-2015-q-2026-09-28-md-7105530,oecd_crs_energy_microdata,1,2026-09-28,accepted,,
crs-marker-desertification-oecd-crs-energy-idn-2015-q-2026-09-28-md-7105530,line,oecd-crs-energy-idn-2015-q-2026-09-28-md-7105530,,marker,,,,,,,,not_screened,desertification,oecd-crs-energy-idn-2015-q-2026-09-28-md-7105530,oecd_crs_energy_microdata,1,2026-09-28,accepted,,
crs-flow-oecd-crs-energy-idn-2015-q-2026-09-28-md-7457734,line,oecd-crs-energy-idn-2015-q-2026-09-28-md-7457734,money,flow,disbursement,unknown,109369,,,USD,USD,,,oecd-crs-energy-idn-2015-q-2026-09-28-md-7457734,oecd_crs_energy_microdata,1,2026-09-28,accepted,,"OECD Q value already in 2024 constant USD; UNIT_MULT applied, no FX or deflator rate applied"
crs-marker-biodiversity-oecd-crs-energy-idn-2015-q-2026-09-28-md-7457734,line,oecd-crs-energy-idn-2015-q-2026-09-28-md-7457734,,marker,,,,,,,,not_screened,biodiversity,oecd-crs-energy-idn-2015-q-2026-09-28-md-7457734,oecd_crs_energy_microdata,1,2026-09-28,accepted,,
crs-marker-mitigation-oecd-crs-energy-idn-2015-q-2026-09-28-md-7457734,line,oecd-crs-energy-idn-2015-q-2026-09-28-md-7457734,,marker,,,,,,,,not_screened,mitigation,oecd-crs-energy-idn-2015-q-2026-09-28-md-7457734,oecd_crs_energy_microdata,1,2026-09-28,accepted,,
crs-marker-adaptation-oecd-crs-energy-idn-2015-q-2026-09-28-md-7457734,line,oecd-crs-energy-idn-2015-q-2026-09-28-md-7457734,,marker,,,,,,,,not_screened,adaptation,oecd-crs-energy-idn-2015-q-2026-09-28-md-7457734,oecd_crs_energy_microdata,1,2026-09-28,accepted,,
crs-marker-desertification-oecd-crs-energy-idn-2015-q-2026-09-28-md-7457734,line,oecd-crs-energy-idn-2015-q-2026-09-28-md-7457734,,marker,,,,,,,,not_screened,desertification,oecd-crs-energy-idn-2015-q-2026-09-28-md-7457734,oecd_crs_energy_microdata,1,2026-09-28,accepted,,
crs-flow-oecd-crs-energy-idn-2015-q-2026-09-28-md-7457632,line,oecd-crs-energy-idn-2015-q-2026-09-28-md-7457632,money,flow,disbursement,unknown,23812,,,USD,USD,,,oecd-crs-energy-idn-2015-q-2026-09-28-md-7457632,oecd_crs_energy_microdata,1,2026-09-28,accepted,,"OECD Q value already in 2024 constant USD; UNIT_MULT applied, no FX or deflator rate applied"
crs-marker-biodiversity-oecd-crs-energy-idn-2015-q-2026-09-28-md-7457632,line,oecd-crs-energy-idn-2015-q-2026-09-28-md-7457632,,marker,,,,,,,,not_screened,biodiversity,oecd-crs-energy-idn-2015-q-2026-09-28-md-7457632,oecd_crs_energy_microdata,1,2026-09-28,accepted,,
crs-marker-mitigation-oecd-crs-energy-idn-2015-q-2026-09-28-md-7457632,line,oecd-crs-energy-idn-2015-q-2026-09-28-md-7457632,,marker,,,,,,,,not_screened,mitigation,oecd-crs-energy-idn-2015-q-2026-09-28-md-7457632,oecd_crs_energy_microdata,1,2026-09-28,accepted,,
crs-marker-adaptation-oecd-crs-energy-idn-2015-q-2026-09-28-md-7457632,line,oecd-crs-energy-idn-2015-q-2026-09-28-md-7457632,,marker,,,,,,,,not_screened,adaptation,oecd-crs-energy-idn-2015-q-2026-09-28-md-7457632,oecd_crs_energy_microdata,1,2026-09-28,accepted,,
crs-marker-desertification-oecd-crs-energy-idn-2015-q-2026-09-28-md-7457632,line,oecd-crs-energy-idn-2015-q-2026-09-28-md-7457632,,marker,,,,,,,,not_screened,desertification,oecd-crs-energy-idn-2015-q-2026-09-28-md-7457632,oecd_crs_energy_microdata,1,2026-09-28,accepted,,
crs-flow-oecd-crs-energy-idn-2015-q-2026-09-28-md-7105529,line,oecd-crs-energy-idn-2015-q-2026-09-28-md-7105529,money,flow,commitment,unknown,24368,,,USD,USD,,,oecd-crs-energy-idn-2015-q-2026-09-28-md-7105529,oecd_crs_energy_microdata,1,2026-09-28,accepted,,"OECD Q value already in 2024 constant USD; UNIT_MULT applied, no FX or deflator rate applied"
crs-marker-biodiversity-oecd-crs-energy-idn-2015-q-2026-09-28-md-7105529,line,oecd-crs-energy-idn-2015-q-2026-09-28-md-7105529,,marker,,,,,,,,not_screened,biodiversity,oecd-crs-energy-idn-2015-q-2026-09-28-md-7105529,oecd_crs_energy_microdata,1,2026-09-28,accepted,,
crs-marker-mitigation-oecd-crs-energy-idn-2015-q-2026-09-28-md-7105529,line,oecd-crs-energy-idn-2015-q-2026-09-28-md-7105529,,marker,,,,,,,,not_screened,mitigation,oecd-crs-energy-idn-2015-q-2026-09-28-md-7105529,oecd_crs_energy_microdata,1,2026-09-28,accepted,,
crs-marker-adaptation-oecd-crs-energy-idn-2015-q-2026-09-28-md-7105529,line,oecd-crs-energy-idn-2015-q-2026-09-28-md-7105529,,marker,,,,,,,,not_screened,adaptation,oecd-crs-energy-idn-2015-q-2026-09-28-md-7105529,oecd_crs_energy_microdata,1,2026-09-28,accepted,,
crs-marker-desertification-oecd-crs-energy-idn-2015-q-2026-09-28-md-7105529,line,oecd-crs-energy-idn-2015-q-2026-09-28-md-7105529,,marker,,,,,,,,not_screened,desertification,oecd-crs-energy-idn-2015-q-2026-09-28-md-7105529,oecd_crs_energy_microdata,1,2026-09-28,accepted,,
crs-flow-oecd-crs-energy-idn-2015-q-2026-09-28-md-7457687,line,oecd-crs-energy-idn-2015-q-2026-09-28-md-7457687,money,flow,disbursement,unknown,24368,,,USD,USD,,,oecd-crs-energy-idn-2015-q-2026-09-28-md-7457687,oecd_crs_energy_microdata,1,2026-09-28,accepted,,"OECD Q value already in 2024 constant USD; UNIT_MULT applied, no FX or deflator rate applied"
crs-marker-biodiversity-oecd-crs-energy-idn-2015-q-2026-09-28-md-7457687,line,oecd-crs-energy-idn-2015-q-2026-09-28-md-7457687,,marker,,,,,,,,not_screened,biodiversity,oecd-crs-energy-idn-2015-q-2026-09-28-md-7457687,oecd_crs_energy_microdata,1,2026-09-28,accepted,,
crs-marker-mitigation-oecd-crs-energy-idn-2015-q-2026-09-28-md-7457687,line,oecd-crs-energy-idn-2015-q-2026-09-28-md-7457687,,marker,,,,,,,,not_screened,mitigation,oecd-crs-energy-idn-2015-q-2026-09-28-md-7457687,oecd_crs_energy_microdata,1,2026-09-28,accepted,,
crs-marker-adaptation-oecd-crs-energy-idn-2015-q-2026-09-28-md-7457687,line,oecd-crs-energy-idn-2015-q-2026-09-28-md-7457687,,marker,,,,,,,,not_screened,adaptation,oecd-crs-energy-idn-2015-q-2026-09-28-md-7457687,oecd_crs_energy_microdata,1,2026-09-28,accepted,,
crs-marker-desertification-oecd-crs-energy-idn-2015-q-2026-09-28-md-7457687,line,oecd-crs-energy-idn-2015-q-2026-09-28-md-7457687,,marker,,,,,,,,not_screened,desertification,oecd-crs-energy-idn-2015-q-2026-09-28-md-7457687,oecd_crs_energy_microdata,1,2026-09-28,accepted,,
crs-flow-oecd-crs-energy-idn-2015-q-2026-09-28-md-7301527,line,oecd-crs-energy-idn-2015-q-2026-09-28-md-7301527,money,flow,disbursement,unknown,474044072,,,USD,USD,,,oecd-crs-energy-idn-2015-q-2026-09-28-md-7301527,oecd_crs_energy_microdata,1,2026-09-28,accepted,,"OECD Q value already in 2024 constant USD; UNIT_MULT applied, no FX or deflator rate applied"
crs-marker-biodiversity-oecd-crs-energy-idn-2015-q-2026-09-28-md-7301527,line,oecd-crs-energy-idn-2015-q-2026-09-28-md-7301527,,marker,,,,,,,,not_screened,biodiversity,oecd-crs-energy-idn-2015-q-2026-09-28-md-7301527,oecd_crs_energy_microdata,1,2026-09-28,accepted,,
crs-marker-mitigation-oecd-crs-energy-idn-2015-q-2026-09-28-md-7301527,line,oecd-crs-energy-idn-2015-q-2026-09-28-md-7301527,,marker,,,,,,,,not_screened,mitigation,oecd-crs-energy-idn-2015-q-2026-09-28-md-7301527,oecd_crs_energy_microdata,1,2026-09-28,accepted,,
crs-marker-adaptation-oecd-crs-energy-idn-2015-q-2026-09-28-md-7301527,line,oecd-crs-energy-idn-2015-q-2026-09-28-md-7301527,,marker,,,,,,,,not_screened,adaptation,oecd-crs-energy-idn-2015-q-2026-09-28-md-7301527,oecd_crs_energy_microdata,1,2026-09-28,accepted,,
crs-marker-desertification-oecd-crs-energy-idn-2015-q-2026-09-28-md-7301527,line,oecd-crs-energy-idn-2015-q-2026-09-28-md-7301527,,marker,,,,,,,,not_screened,desertification,oecd-crs-energy-idn-2015-q-2026-09-28-md-7301527,oecd_crs_energy_microdata,1,2026-09-28,accepted,,
crs-flow-oecd-crs-energy-idn-2015-q-2026-09-28-md-6998604,line,oecd-crs-energy-idn-2015-q-2026-09-28-md-6998604,money,flow,commitment,unknown,474044072,,,USD,USD,,,oecd-crs-energy-idn-2015-q-2026-09-28-md-6998604,oecd_crs_energy_microdata,1,2026-09-28,accepted,,"OECD Q value already in 2024 constant USD; UNIT_MULT applied, no FX or deflator rate applied"
crs-marker-biodiversity-oecd-crs-energy-idn-2015-q-2026-09-28-md-6998604,line,oecd-crs-energy-idn-2015-q-2026-09-28-md-6998604,,marker,,,,,,,,not_screened,biodiversity,oecd-crs-energy-idn-2015-q-2026-09-28-md-6998604,oecd_crs_energy_microdata,1,2026-09-28,accepted,,
crs-marker-mitigation-oecd-crs-energy-idn-2015-q-2026-09-28-md-6998604,line,oecd-crs-energy-idn-2015-q-2026-09-28-md-6998604,,marker,,,,,,,,not_screened,mitigation,oecd-crs-energy-idn-2015-q-2026-09-28-md-6998604,oecd_crs_energy_microdata,1,2026-09-28,accepted,,
crs-marker-adaptation-oecd-crs-energy-idn-2015-q-2026-09-28-md-6998604,line,oecd-crs-energy-idn-2015-q-2026-09-28-md-6998604,,marker,,,,,,,,not_screened,adaptation,oecd-crs-energy-idn-2015-q-2026-09-28-md-6998604,oecd_crs_energy_microdata,1,2026-09-28,accepted,,
crs-marker-desertification-oecd-crs-energy-idn-2015-q-2026-09-28-md-6998604,line,oecd-crs-energy-idn-2015-q-2026-09-28-md-6998604,,marker,,,,,,,,not_screened,desertification,oecd-crs-energy-idn-2015-q-2026-09-28-md-6998604,oecd_crs_energy_microdata,1,2026-09-28,accepted,,
crs-flow-oecd-crs-energy-idn-2015-q-2026-09-28-md-6998603,line,oecd-crs-energy-idn-2015-q-2026-09-28-md-6998603,money,flow,commitment,unknown,681438354,,,USD,USD,,,oecd-crs-energy-idn-2015-q-2026-09-28-md-6998603,oecd_crs_energy_microdata,1,2026-09-28,accepted,,"OECD Q value already in 2024 constant USD; UNIT_MULT applied, no FX or deflator rate applied"
crs-marker-biodiversity-oecd-crs-energy-idn-2015-q-2026-09-28-md-6998603,line,oecd-crs-energy-idn-2015-q-2026-09-28-md-6998603,,marker,,,,,,,,not_screened,biodiversity,oecd-crs-energy-idn-2015-q-2026-09-28-md-6998603,oecd_crs_energy_microdata,1,2026-09-28,accepted,,
crs-marker-mitigation-oecd-crs-energy-idn-2015-q-2026-09-28-md-6998603,line,oecd-crs-energy-idn-2015-q-2026-09-28-md-6998603,,marker,,,,,,,,not_screened,mitigation,oecd-crs-energy-idn-2015-q-2026-09-28-md-6998603,oecd_crs_energy_microdata,1,2026-09-28,accepted,,
crs-marker-adaptation-oecd-crs-energy-idn-2015-q-2026-09-28-md-6998603,line,oecd-crs-energy-idn-2015-q-2026-09-28-md-6998603,,marker,,,,,,,,not_screened,adaptation,oecd-crs-energy-idn-2015-q-2026-09-28-md-6998603,oecd_crs_energy_microdata,1,2026-09-28,accepted,,
crs-marker-desertification-oecd-crs-energy-idn-2015-q-2026-09-28-md-6998603,line,oecd-crs-energy-idn-2015-q-2026-09-28-md-6998603,,marker,,,,,,,,not_screened,desertification,oecd-crs-energy-idn-2015-q-2026-09-28-md-6998603,oecd_crs_energy_microdata,1,2026-09-28,accepted,,
crs-flow-oecd-crs-energy-idn-2015-q-2026-09-28-md-7302115,line,oecd-crs-energy-idn-2015-q-2026-09-28-md-7302115,money,flow,disbursement,unknown,7538498,,,USD,USD,,,oecd-crs-energy-idn-2015-q-2026-09-28-md-7302115,oecd_crs_energy_microdata,1,2026-09-28,accepted,,"OECD Q value already in 2024 constant USD; UNIT_MULT applied, no FX or deflator rate applied"
crs-marker-biodiversity-oecd-crs-energy-idn-2015-q-2026-09-28-md-7302115,line,oecd-crs-energy-idn-2015-q-2026-09-28-md-7302115,,marker,,,,,,,,not_screened,biodiversity,oecd-crs-energy-idn-2015-q-2026-09-28-md-7302115,oecd_crs_energy_microdata,1,2026-09-28,accepted,,
crs-marker-mitigation-oecd-crs-energy-idn-2015-q-2026-09-28-md-7302115,line,oecd-crs-energy-idn-2015-q-2026-09-28-md-7302115,,marker,,,,,,,,not_screened,mitigation,oecd-crs-energy-idn-2015-q-2026-09-28-md-7302115,oecd_crs_energy_microdata,1,2026-09-28,accepted,,
crs-marker-adaptation-oecd-crs-energy-idn-2015-q-2026-09-28-md-7302115,line,oecd-crs-energy-idn-2015-q-2026-09-28-md-7302115,,marker,,,,,,,,not_screened,adaptation,oecd-crs-energy-idn-2015-q-2026-09-28-md-7302115,oecd_crs_energy_microdata,1,2026-09-28,accepted,,
crs-marker-desertification-oecd-crs-energy-idn-2015-q-2026-09-28-md-7302115,line,oecd-crs-energy-idn-2015-q-2026-09-28-md-7302115,,marker,,,,,,,,not_screened,desertification,oecd-crs-energy-idn-2015-q-2026-09-28-md-7302115,oecd_crs_energy_microdata,1,2026-09-28,accepted,,
crs-flow-oecd-crs-energy-idn-2015-q-2026-09-28-md-7417262,line,oecd-crs-energy-idn-2015-q-2026-09-28-md-7417262,money,flow,disbursement,unknown,16548167,,,USD,USD,,,oecd-crs-energy-idn-2015-q-2026-09-28-md-7417262,oecd_crs_energy_microdata,1,2026-09-28,accepted,,"OECD Q value already in 2024 constant USD; UNIT_MULT applied, no FX or deflator rate applied"
crs-marker-biodiversity-oecd-crs-energy-idn-2015-q-2026-09-28-md-7417262,line,oecd-crs-energy-idn-2015-q-2026-09-28-md-7417262,,marker,,,,,,,,not_screened,biodiversity,oecd-crs-energy-idn-2015-q-2026-09-28-md-7417262,oecd_crs_energy_microdata,1,2026-09-28,accepted,,
crs-marker-mitigation-oecd-crs-energy-idn-2015-q-2026-09-28-md-7417262,line,oecd-crs-energy-idn-2015-q-2026-09-28-md-7417262,,marker,,,,,,,,not_screened,mitigation,oecd-crs-energy-idn-2015-q-2026-09-28-md-7417262,oecd_crs_energy_microdata,1,2026-09-28,accepted,,
crs-marker-adaptation-oecd-crs-energy-idn-2015-q-2026-09-28-md-7417262,line,oecd-crs-energy-idn-2015-q-2026-09-28-md-7417262,,marker,,,,,,,,not_screened,adaptation,oecd-crs-energy-idn-2015-q-2026-09-28-md-7417262,oecd_crs_energy_microdata,1,2026-09-28,accepted,,
crs-marker-desertification-oecd-crs-energy-idn-2015-q-2026-09-28-md-7417262,line,oecd-crs-energy-idn-2015-q-2026-09-28-md-7417262,,marker,,,,,,,,not_screened,desertification,oecd-crs-energy-idn-2015-q-2026-09-28-md-7417262,oecd_crs_energy_microdata,1,2026-09-28,accepted,,
crs-flow-oecd-crs-energy-idn-2015-q-2026-09-28-md-7425216,line,oecd-crs-energy-idn-2015-q-2026-09-28-md-7425216,money,flow,disbursement,unknown,245661,,,USD,USD,,,oecd-crs-energy-idn-2015-q-2026-09-28-md-7425216,oecd_crs_energy_microdata,1,2026-09-28,accepted,,"OECD Q value already in 2024 constant USD; UNIT_MULT applied, no FX or deflator rate applied"
crs-marker-biodiversity-oecd-crs-energy-idn-2015-q-2026-09-28-md-7425216,line,oecd-crs-energy-idn-2015-q-2026-09-28-md-7425216,,marker,,,,,,,,not_screened,biodiversity,oecd-crs-energy-idn-2015-q-2026-09-28-md-7425216,oecd_crs_energy_microdata,1,2026-09-28,accepted,,
crs-marker-mitigation-oecd-crs-energy-idn-2015-q-2026-09-28-md-7425216,line,oecd-crs-energy-idn-2015-q-2026-09-28-md-7425216,,marker,,,,,,,,not_screened,mitigation,oecd-crs-energy-idn-2015-q-2026-09-28-md-7425216,oecd_crs_energy_microdata,1,2026-09-28,accepted,,
crs-marker-adaptation-oecd-crs-energy-idn-2015-q-2026-09-28-md-7425216,line,oecd-crs-energy-idn-2015-q-2026-09-28-md-7425216,,marker,,,,,,,,not_screened,adaptation,oecd-crs-energy-idn-2015-q-2026-09-28-md-7425216,oecd_crs_energy_microdata,1,2026-09-28,accepted,,
crs-marker-desertification-oecd-crs-energy-idn-2015-q-2026-09-28-md-7425216,line,oecd-crs-energy-idn-2015-q-2026-09-28-md-7425216,,marker,,,,,,,,not_screened,desertification,oecd-crs-energy-idn-2015-q-2026-09-28-md-7425216,oecd_crs_energy_microdata,1,2026-09-28,accepted,,
crs-flow-oecd-crs-energy-idn-2015-q-2026-09-28-md-7423918,line,oecd-crs-energy-idn-2015-q-2026-09-28-md-7423918,money,flow,disbursement,unknown,795813,,,USD,USD,,,oecd-crs-energy-idn-2015-q-2026-09-28-md-7423918,oecd_crs_energy_microdata,1,2026-09-28,accepted,,"OECD Q value already in 2024 constant USD; UNIT_MULT applied, no FX or deflator rate applied"
crs-marker-biodiversity-oecd-crs-energy-idn-2015-q-2026-09-28-md-7423918,line,oecd-crs-energy-idn-2015-q-2026-09-28-md-7423918,,marker,,,,,,,,not_screened,biodiversity,oecd-crs-energy-idn-2015-q-2026-09-28-md-7423918,oecd_crs_energy_microdata,1,2026-09-28,accepted,,
crs-marker-mitigation-oecd-crs-energy-idn-2015-q-2026-09-28-md-7423918,line,oecd-crs-energy-idn-2015-q-2026-09-28-md-7423918,,marker,,,,,,,,not_screened,mitigation,oecd-crs-energy-idn-2015-q-2026-09-28-md-7423918,oecd_crs_energy_microdata,1,2026-09-28,accepted,,
crs-marker-adaptation-oecd-crs-energy-idn-2015-q-2026-09-28-md-7423918,line,oecd-crs-energy-idn-2015-q-2026-09-28-md-7423918,,marker,,,,,,,,not_screened,adaptation,oecd-crs-energy-idn-2015-q-2026-09-28-md-7423918,oecd_crs_energy_microdata,1,2026-09-28,accepted,,
crs-marker-desertification-oecd-crs-energy-idn-2015-q-2026-09-28-md-7423918,line,oecd-crs-energy-idn-2015-q-2026-09-28-md-7423918,,marker,,,,,,,,not_screened,desertification,oecd-crs-energy-idn-2015-q-2026-09-28-md-7423918,oecd_crs_energy_microdata,1,2026-09-28,accepted,,
crs-flow-oecd-crs-energy-idn-2015-q-2026-09-28-md-7348072,line,oecd-crs-energy-idn-2015-q-2026-09-28-md-7348072,money,flow,disbursement,unknown,205407,,,USD,USD,,,oecd-crs-energy-idn-2015-q-2026-09-28-md-7348072,oecd_crs_energy_microdata,1,2026-09-28,accepted,,"OECD Q value already in 2024 constant USD; UNIT_MULT applied, no FX or deflator rate applied"
crs-marker-biodiversity-oecd-crs-energy-idn-2015-q-2026-09-28-md-7348072,line,oecd-crs-energy-idn-2015-q-2026-09-28-md-7348072,,marker,,,0,,,,,0,biodiversity,oecd-crs-energy-idn-2015-q-2026-09-28-md-7348072,oecd_crs_energy_microdata,1,2026-09-28,accepted,,
crs-marker-mitigation-oecd-crs-energy-idn-2015-q-2026-09-28-md-7348072,line,oecd-crs-energy-idn-2015-q-2026-09-28-md-7348072,,marker,,,2,,,,,2,mitigation,oecd-crs-energy-idn-2015-q-2026-09-28-md-7348072,oecd_crs_energy_microdata,1,2026-09-28,accepted,,
crs-marker-adaptation-oecd-crs-energy-idn-2015-q-2026-09-28-md-7348072,line,oecd-crs-energy-idn-2015-q-2026-09-28-md-7348072,,marker,,,0,,,,,0,adaptation,oecd-crs-energy-idn-2015-q-2026-09-28-md-7348072,oecd_crs_energy_microdata,1,2026-09-28,accepted,,
crs-marker-desertification-oecd-crs-energy-idn-2015-q-2026-09-28-md-7348072,line,oecd-crs-energy-idn-2015-q-2026-09-28-md-7348072,,marker,,,,,,,,not_screened,desertification,oecd-crs-energy-idn-2015-q-2026-09-28-md-7348072,oecd_crs_energy_microdata,1,2026-09-28,accepted,,
crs-flow-oecd-crs-energy-idn-2015-q-2026-09-28-md-7323452,line,oecd-crs-energy-idn-2015-q-2026-09-28-md-7323452,money,flow,disbursement,unknown,10440,,,USD,USD,,,oecd-crs-energy-idn-2015-q-2026-09-28-md-7323452,oecd_crs_energy_microdata,1,2026-09-28,accepted,,"OECD Q value already in 2024 constant USD; UNIT_MULT applied, no FX or deflator rate applied"
crs-marker-biodiversity-oecd-crs-energy-idn-2015-q-2026-09-28-md-7323452,line,oecd-crs-energy-idn-2015-q-2026-09-28-md-7323452,,marker,,,0,,,,,0,biodiversity,oecd-crs-energy-idn-2015-q-2026-09-28-md-7323452,oecd_crs_energy_microdata,1,2026-09-28,accepted,,
crs-marker-mitigation-oecd-crs-energy-idn-2015-q-2026-09-28-md-7323452,line,oecd-crs-energy-idn-2015-q-2026-09-28-md-7323452,,marker,,,0,,,,,0,mitigation,oecd-crs-energy-idn-2015-q-2026-09-28-md-7323452,oecd_crs_energy_microdata,1,2026-09-28,accepted,,
crs-marker-adaptation-oecd-crs-energy-idn-2015-q-2026-09-28-md-7323452,line,oecd-crs-energy-idn-2015-q-2026-09-28-md-7323452,,marker,,,0,,,,,0,adaptation,oecd-crs-energy-idn-2015-q-2026-09-28-md-7323452,oecd_crs_energy_microdata,1,2026-09-28,accepted,,
crs-marker-desertification-oecd-crs-energy-idn-2015-q-2026-09-28-md-7323452,line,oecd-crs-energy-idn-2015-q-2026-09-28-md-7323452,,marker,,,,,,,,not_screened,desertification,oecd-crs-energy-idn-2015-q-2026-09-28-md-7323452,oecd_crs_energy_microdata,1,2026-09-28,accepted,,
crs-flow-oecd-crs-energy-idn-2015-q-2026-09-28-md-7329781,line,oecd-crs-energy-idn-2015-q-2026-09-28-md-7329781,money,flow,disbursement,unknown,2567,,,USD,USD,,,oecd-crs-energy-idn-2015-q-2026-09-28-md-7329781,oecd_crs_energy_microdata,1,2026-09-28,accepted,,"OECD Q value already in 2024 constant USD; UNIT_MULT applied, no FX or deflator rate applied"
crs-marker-biodiversity-oecd-crs-energy-idn-2015-q-2026-09-28-md-7329781,line,oecd-crs-energy-idn-2015-q-2026-09-28-md-7329781,,marker,,,0,,,,,0,biodiversity,oecd-crs-energy-idn-2015-q-2026-09-28-md-7329781,oecd_crs_energy_microdata,1,2026-09-28,accepted,,
crs-marker-mitigation-oecd-crs-energy-idn-2015-q-2026-09-28-md-7329781,line,oecd-crs-energy-idn-2015-q-2026-09-28-md-7329781,,marker,,,0,,,,,0,mitigation,oecd-crs-energy-idn-2015-q-2026-09-28-md-7329781,oecd_crs_energy_microdata,1,2026-09-28,accepted,,
crs-marker-adaptation-oecd-crs-energy-idn-2015-q-2026-09-28-md-7329781,line,oecd-crs-energy-idn-2015-q-2026-09-28-md-7329781,,marker,,,0,,,,,0,adaptation,oecd-crs-energy-idn-2015-q-2026-09-28-md-7329781,oecd_crs_energy_microdata,1,2026-09-28,accepted,,
crs-marker-desertification-oecd-crs-energy-idn-2015-q-2026-09-28-md-7329781,line,oecd-crs-energy-idn-2015-q-2026-09-28-md-7329781,,marker,,,,,,,,not_screened,desertification,oecd-crs-energy-idn-2015-q-2026-09-28-md-7329781,oecd_crs_energy_microdata,1,2026-09-28,accepted,,
crs-flow-oecd-crs-energy-idn-2015-q-2026-09-28-md-7344256,line,oecd-crs-energy-idn-2015-q-2026-09-28-md-7344256,money,flow,disbursement,unknown,373511,,,USD,USD,,,oecd-crs-energy-idn-2015-q-2026-09-28-md-7344256,oecd_crs_energy_microdata,1,2026-09-28,accepted,,"OECD Q value already in 2024 constant USD; UNIT_MULT applied, no FX or deflator rate applied"
crs-marker-biodiversity-oecd-crs-energy-idn-2015-q-2026-09-28-md-7344256,line,oecd-crs-energy-idn-2015-q-2026-09-28-md-7344256,,marker,,,0,,,,,0,biodiversity,oecd-crs-energy-idn-2015-q-2026-09-28-md-7344256,oecd_crs_energy_microdata,1,2026-09-28,accepted,,
crs-marker-mitigation-oecd-crs-energy-idn-2015-q-2026-09-28-md-7344256,line,oecd-crs-energy-idn-2015-q-2026-09-28-md-7344256,,marker,,,0,,,,,0,mitigation,oecd-crs-energy-idn-2015-q-2026-09-28-md-7344256,oecd_crs_energy_microdata,1,2026-09-28,accepted,,
crs-marker-adaptation-oecd-crs-energy-idn-2015-q-2026-09-28-md-7344256,line,oecd-crs-energy-idn-2015-q-2026-09-28-md-7344256,,marker,,,0,,,,,0,adaptation,oecd-crs-energy-idn-2015-q-2026-09-28-md-7344256,oecd_crs_energy_microdata,1,2026-09-28,accepted,,
crs-marker-desertification-oecd-crs-energy-idn-2015-q-2026-09-28-md-7344256,line,oecd-crs-energy-idn-2015-q-2026-09-28-md-7344256,,marker,,,,,,,,not_screened,desertification,oecd-crs-energy-idn-2015-q-2026-09-28-md-7344256,oecd_crs_energy_microdata,1,2026-09-28,accepted,,
crs-flow-oecd-crs-energy-idn-2015-q-2026-09-28-md-7344156,line,oecd-crs-energy-idn-2015-q-2026-09-28-md-7344156,money,flow,disbursement,unknown,2731,,,USD,USD,,,oecd-crs-energy-idn-2015-q-2026-09-28-md-7344156,oecd_crs_energy_microdata,1,2026-09-28,accepted,,"OECD Q value already in 2024 constant USD; UNIT_MULT applied, no FX or deflator rate applied"
crs-marker-biodiversity-oecd-crs-energy-idn-2015-q-2026-09-28-md-7344156,line,oecd-crs-energy-idn-2015-q-2026-09-28-md-7344156,,marker,,,0,,,,,0,biodiversity,oecd-crs-energy-idn-2015-q-2026-09-28-md-7344156,oecd_crs_energy_microdata,1,2026-09-28,accepted,,
crs-marker-mitigation-oecd-crs-energy-idn-2015-q-2026-09-28-md-7344156,line,oecd-crs-energy-idn-2015-q-2026-09-28-md-7344156,,marker,,,0,,,,,0,mitigation,oecd-crs-energy-idn-2015-q-2026-09-28-md-7344156,oecd_crs_energy_microdata,1,2026-09-28,accepted,,
crs-marker-adaptation-oecd-crs-energy-idn-2015-q-2026-09-28-md-7344156,line,oecd-crs-energy-idn-2015-q-2026-09-28-md-7344156,,marker,,,0,,,,,0,adaptation,oecd-crs-energy-idn-2015-q-2026-09-28-md-7344156,oecd_crs_energy_microdata,1,2026-09-28,accepted,,
crs-marker-desertification-oecd-crs-energy-idn-2015-q-2026-09-28-md-7344156,line,oecd-crs-energy-idn-2015-q-2026-09-28-md-7344156,,marker,,,,,,,,not_screened,desertification,oecd-crs-energy-idn-2015-q-2026-09-28-md-7344156,oecd_crs_energy_microdata,1,2026-09-28,accepted,,
crs-flow-oecd-crs-energy-idn-2015-q-2026-09-28-md-7323046,line,oecd-crs-energy-idn-2015-q-2026-09-28-md-7323046,money,flow,disbursement,unknown,168254,,,USD,USD,,,oecd-crs-energy-idn-2015-q-2026-09-28-md-7323046,oecd_crs_energy_microdata,1,2026-09-28,accepted,,"OECD Q value already in 2024 constant USD; UNIT_MULT applied, no FX or deflator rate applied"
crs-marker-biodiversity-oecd-crs-energy-idn-2015-q-2026-09-28-md-7323046,line,oecd-crs-energy-idn-2015-q-2026-09-28-md-7323046,,marker,,,0,,,,,0,biodiversity,oecd-crs-energy-idn-2015-q-2026-09-28-md-7323046,oecd_crs_energy_microdata,1,2026-09-28,accepted,,
crs-marker-mitigation-oecd-crs-energy-idn-2015-q-2026-09-28-md-7323046,line,oecd-crs-energy-idn-2015-q-2026-09-28-md-7323046,,marker,,,2,,,,,2,mitigation,oecd-crs-energy-idn-2015-q-2026-09-28-md-7323046,oecd_crs_energy_microdata,1,2026-09-28,accepted,,
crs-marker-adaptation-oecd-crs-energy-idn-2015-q-2026-09-28-md-7323046,line,oecd-crs-energy-idn-2015-q-2026-09-28-md-7323046,,marker,,,0,,,,,0,adaptation,oecd-crs-energy-idn-2015-q-2026-09-28-md-7323046,oecd_crs_energy_microdata,1,2026-09-28,accepted,,
crs-marker-desertification-oecd-crs-energy-idn-2015-q-2026-09-28-md-7323046,line,oecd-crs-energy-idn-2015-q-2026-09-28-md-7323046,,marker,,,,,,,,not_screened,desertification,oecd-crs-energy-idn-2015-q-2026-09-28-md-7323046,oecd_crs_energy_microdata,1,2026-09-28,accepted,,
crs-flow-oecd-crs-energy-idn-2015-q-2026-09-28-md-7323296,line,oecd-crs-energy-idn-2015-q-2026-09-28-md-7323296,money,flow,disbursement,unknown,180632,,,USD,USD,,,oecd-crs-energy-idn-2015-q-2026-09-28-md-7323296,oecd_crs_energy_microdata,1,2026-09-28,accepted,,"OECD Q value already in 2024 constant USD; UNIT_MULT applied, no FX or deflator rate applied"
crs-marker-biodiversity-oecd-crs-energy-idn-2015-q-2026-09-28-md-7323296,line,oecd-crs-energy-idn-2015-q-2026-09-28-md-7323296,,marker,,,0,,,,,0,biodiversity,oecd-crs-energy-idn-2015-q-2026-09-28-md-7323296,oecd_crs_energy_microdata,1,2026-09-28,accepted,,
crs-marker-mitigation-oecd-crs-energy-idn-2015-q-2026-09-28-md-7323296,line,oecd-crs-energy-idn-2015-q-2026-09-28-md-7323296,,marker,,,2,,,,,2,mitigation,oecd-crs-energy-idn-2015-q-2026-09-28-md-7323296,oecd_crs_energy_microdata,1,2026-09-28,accepted,,
crs-marker-adaptation-oecd-crs-energy-idn-2015-q-2026-09-28-md-7323296,line,oecd-crs-energy-idn-2015-q-2026-09-28-md-7323296,,marker,,,0,,,,,0,adaptation,oecd-crs-energy-idn-2015-q-2026-09-28-md-7323296,oecd_crs_energy_microdata,1,2026-09-28,accepted,,
crs-marker-desertification-oecd-crs-energy-idn-2015-q-2026-09-28-md-7323296,line,oecd-crs-energy-idn-2015-q-2026-09-28-md-7323296,,marker,,,,,,,,not_screened,desertification,oecd-crs-energy-idn-2015-q-2026-09-28-md-7323296,oecd_crs_energy_microdata,1,2026-09-28,accepted,,
crs-flow-oecd-crs-energy-idn-2015-q-2026-09-28-md-7391370,line,oecd-crs-energy-idn-2015-q-2026-09-28-md-7391370,money,flow,disbursement,unknown,176930,,,USD,USD,,,oecd-crs-energy-idn-2015-q-2026-09-28-md-7391370,oecd_crs_energy_microdata,1,2026-09-28,accepted,,"OECD Q value already in 2024 constant USD; UNIT_MULT applied, no FX or deflator rate applied"
crs-marker-biodiversity-oecd-crs-energy-idn-2015-q-2026-09-28-md-7391370,line,oecd-crs-energy-idn-2015-q-2026-09-28-md-7391370,,marker,,,0,,,,,0,biodiversity,oecd-crs-energy-idn-2015-q-2026-09-28-md-7391370,oecd_crs_energy_microdata,1,2026-09-28,accepted,,
crs-marker-mitigation-oecd-crs-energy-idn-2015-q-2026-09-28-md-7391370,line,oecd-crs-energy-idn-2015-q-2026-09-28-md-7391370,,marker,,,0,,,,,0,mitigation,oecd-crs-energy-idn-2015-q-2026-09-28-md-7391370,oecd_crs_energy_microdata,1,2026-09-28,accepted,,
crs-marker-adaptation-oecd-crs-energy-idn-2015-q-2026-09-28-md-7391370,line,oecd-crs-energy-idn-2015-q-2026-09-28-md-7391370,,marker,,,0,,,,,0,adaptation,oecd-crs-energy-idn-2015-q-2026-09-28-md-7391370,oecd_crs_energy_microdata,1,2026-09-28,accepted,,
crs-marker-desertification-oecd-crs-energy-idn-2015-q-2026-09-28-md-7391370,line,oecd-crs-energy-idn-2015-q-2026-09-28-md-7391370,,marker,,,,,,,,not_screened,desertification,oecd-crs-energy-idn-2015-q-2026-09-28-md-7391370,oecd_crs_energy_microdata,1,2026-09-28,accepted,,
crs-flow-oecd-crs-energy-idn-2015-q-2026-09-28-md-7067483,line,oecd-crs-energy-idn-2015-q-2026-09-28-md-7067483,money,flow,commitment,unknown,2368,,,USD,USD,,,oecd-crs-energy-idn-2015-q-2026-09-28-md-7067483,oecd_crs_energy_microdata,1,2026-09-28,accepted,,"OECD Q value already in 2024 constant USD; UNIT_MULT applied, no FX or deflator rate applied"
crs-marker-biodiversity-oecd-crs-energy-idn-2015-q-2026-09-28-md-7067483,line,oecd-crs-energy-idn-2015-q-2026-09-28-md-7067483,,marker,,,0,,,,,0,biodiversity,oecd-crs-energy-idn-2015-q-2026-09-28-md-7067483,oecd_crs_energy_microdata,1,2026-09-28,accepted,,
crs-marker-mitigation-oecd-crs-energy-idn-2015-q-2026-09-28-md-7067483,line,oecd-crs-energy-idn-2015-q-2026-09-28-md-7067483,,marker,,,0,,,,,0,mitigation,oecd-crs-energy-idn-2015-q-2026-09-28-md-7067483,oecd_crs_energy_microdata,1,2026-09-28,accepted,,
crs-marker-adaptation-oecd-crs-energy-idn-2015-q-2026-09-28-md-7067483,line,oecd-crs-energy-idn-2015-q-2026-09-28-md-7067483,,marker,,,0,,,,,0,adaptation,oecd-crs-energy-idn-2015-q-2026-09-28-md-7067483,oecd_crs_energy_microdata,1,2026-09-28,accepted,,
crs-marker-desertification-oecd-crs-energy-idn-2015-q-2026-09-28-md-7067483,line,oecd-crs-energy-idn-2015-q-2026-09-28-md-7067483,,marker,,,,,,,,not_screened,desertification,oecd-crs-energy-idn-2015-q-2026-09-28-md-7067483,oecd_crs_energy_microdata,1,2026-09-28,accepted,,
crs-flow-oecd-crs-energy-idn-2015-q-2026-09-28-md-7388679,line,oecd-crs-energy-idn-2015-q-2026-09-28-md-7388679,money,flow,disbursement,unknown,184960,,,USD,USD,,,oecd-crs-energy-idn-2015-q-2026-09-28-md-7388679,oecd_crs_energy_microdata,1,2026-09-28,accepted,,"OECD Q value already in 2024 constant USD; UNIT_MULT applied, no FX or deflator rate applied"
crs-marker-biodiversity-oecd-crs-energy-idn-2015-q-2026-09-28-md-7388679,line,oecd-crs-energy-idn-2015-q-2026-09-28-md-7388679,,marker,,,0,,,,,0,biodiversity,oecd-crs-energy-idn-2015-q-2026-09-28-md-7388679,oecd_crs_energy_microdata,1,2026-09-28,accepted,,
crs-marker-mitigation-oecd-crs-energy-idn-2015-q-2026-09-28-md-7388679,line,oecd-crs-energy-idn-2015-q-2026-09-28-md-7388679,,marker,,,1,,,,,1,mitigation,oecd-crs-energy-idn-2015-q-2026-09-28-md-7388679,oecd_crs_energy_microdata,1,2026-09-28,accepted,,
crs-marker-adaptation-oecd-crs-energy-idn-2015-q-2026-09-28-md-7388679,line,oecd-crs-energy-idn-2015-q-2026-09-28-md-7388679,,marker,,,0,,,,,0,adaptation,oecd-crs-energy-idn-2015-q-2026-09-28-md-7388679,oecd_crs_energy_microdata,1,2026-09-28,accepted,,
crs-marker-desertification-oecd-crs-energy-idn-2015-q-2026-09-28-md-7388679,line,oecd-crs-energy-idn-2015-q-2026-09-28-md-7388679,,marker,,,,,,,,not_screened,desertification,oecd-crs-energy-idn-2015-q-2026-09-28-md-7388679,oecd_crs_energy_microdata,1,2026-09-28,accepted,,
crs-flow-oecd-crs-energy-idn-2015-q-2026-09-28-md-7066357,line,oecd-crs-energy-idn-2015-q-2026-09-28-md-7066357,money,flow,commitment,unknown,263869,,,USD,USD,,,oecd-crs-energy-idn-2015-q-2026-09-28-md-7066357,oecd_crs_energy_microdata,1,2026-09-28,accepted,,"OECD Q value already in 2024 constant USD; UNIT_MULT applied, no FX or deflator rate applied"
crs-marker-biodiversity-oecd-crs-energy-idn-2015-q-2026-09-28-md-7066357,line,oecd-crs-energy-idn-2015-q-2026-09-28-md-7066357,,marker,,,0,,,,,0,biodiversity,oecd-crs-energy-idn-2015-q-2026-09-28-md-7066357,oecd_crs_energy_microdata,1,2026-09-28,accepted,,
crs-marker-mitigation-oecd-crs-energy-idn-2015-q-2026-09-28-md-7066357,line,oecd-crs-energy-idn-2015-q-2026-09-28-md-7066357,,marker,,,1,,,,,1,mitigation,oecd-crs-energy-idn-2015-q-2026-09-28-md-7066357,oecd_crs_energy_microdata,1,2026-09-28,accepted,,
crs-marker-adaptation-oecd-crs-energy-idn-2015-q-2026-09-28-md-7066357,line,oecd-crs-energy-idn-2015-q-2026-09-28-md-7066357,,marker,,,0,,,,,0,adaptation,oecd-crs-energy-idn-2015-q-2026-09-28-md-7066357,oecd_crs_energy_microdata,1,2026-09-28,accepted,,
crs-marker-desertification-oecd-crs-energy-idn-2015-q-2026-09-28-md-7066357,line,oecd-crs-energy-idn-2015-q-2026-09-28-md-7066357,,marker,,,,,,,,not_screened,desertification,oecd-crs-energy-idn-2015-q-2026-09-28-md-7066357,oecd_crs_energy_microdata,1,2026-09-28,accepted,,
crs-flow-oecd-crs-energy-idn-2015-q-2026-09-28-md-7379911,line,oecd-crs-energy-idn-2015-q-2026-09-28-md-7379911,money,flow,disbursement,unknown,372485,,,USD,USD,,,oecd-crs-energy-idn-2015-q-2026-09-28-md-7379911,oecd_crs_energy_microdata,1,2026-09-28,accepted,,"OECD Q value already in 2024 constant USD; UNIT_MULT applied, no FX or deflator rate applied"
crs-marker-biodiversity-oecd-crs-energy-idn-2015-q-2026-09-28-md-7379911,line,oecd-crs-energy-idn-2015-q-2026-09-28-md-7379911,,marker,,,0,,,,,0,biodiversity,oecd-crs-energy-idn-2015-q-2026-09-28-md-7379911,oecd_crs_energy_microdata,1,2026-09-28,accepted,,
crs-marker-mitigation-oecd-crs-energy-idn-2015-q-2026-09-28-md-7379911,line,oecd-crs-energy-idn-2015-q-2026-09-28-md-7379911,,marker,,,0,,,,,0,mitigation,oecd-crs-energy-idn-2015-q-2026-09-28-md-7379911,oecd_crs_energy_microdata,1,2026-09-28,accepted,,
crs-marker-adaptation-oecd-crs-energy-idn-2015-q-2026-09-28-md-7379911,line,oecd-crs-energy-idn-2015-q-2026-09-28-md-7379911,,marker,,,0,,,,,0,adaptation,oecd-crs-energy-idn-2015-q-2026-09-28-md-7379911,oecd_crs_energy_microdata,1,2026-09-28,accepted,,
crs-marker-desertification-oecd-crs-energy-idn-2015-q-2026-09-28-md-7379911,line,oecd-crs-energy-idn-2015-q-2026-09-28-md-7379911,,marker,,,,,,,,not_screened,desertification,oecd-crs-energy-idn-2015-q-2026-09-28-md-7379911,oecd_crs_energy_microdata,1,2026-09-28,accepted,,
crs-flow-oecd-crs-energy-idn-2015-q-2026-09-28-md-7061216,line,oecd-crs-energy-idn-2015-q-2026-09-28-md-7061216,money,flow,commitment,unknown,372485,,,USD,USD,,,oecd-crs-energy-idn-2015-q-2026-09-28-md-7061216,oecd_crs_energy_microdata,1,2026-09-28,accepted,,"OECD Q value already in 2024 constant USD; UNIT_MULT applied, no FX or deflator rate applied"
crs-marker-biodiversity-oecd-crs-energy-idn-2015-q-2026-09-28-md-7061216,line,oecd-crs-energy-idn-2015-q-2026-09-28-md-7061216,,marker,,,0,,,,,0,biodiversity,oecd-crs-energy-idn-2015-q-2026-09-28-md-7061216,oecd_crs_energy_microdata,1,2026-09-28,accepted,,
crs-marker-mitigation-oecd-crs-energy-idn-2015-q-2026-09-28-md-7061216,line,oecd-crs-energy-idn-2015-q-2026-09-28-md-7061216,,marker,,,0,,,,,0,mitigation,oecd-crs-energy-idn-2015-q-2026-09-28-md-7061216,oecd_crs_energy_microdata,1,2026-09-28,accepted,,
crs-marker-adaptation-oecd-crs-energy-idn-2015-q-2026-09-28-md-7061216,line,oecd-crs-energy-idn-2015-q-2026-09-28-md-7061216,,marker,,,0,,,,,0,adaptation,oecd-crs-energy-idn-2015-q-2026-09-28-md-7061216,oecd_crs_energy_microdata,1,2026-09-28,accepted,,
crs-marker-desertification-oecd-crs-energy-idn-2015-q-2026-09-28-md-7061216,line,oecd-crs-energy-idn-2015-q-2026-09-28-md-7061216,,marker,,,,,,,,not_screened,desertification,oecd-crs-energy-idn-2015-q-2026-09-28-md-7061216,oecd_crs_energy_microdata,1,2026-09-28,accepted,,
crs-flow-oecd-crs-energy-idn-2015-q-2026-09-28-md-7316148,line,oecd-crs-energy-idn-2015-q-2026-09-28-md-7316148,money,flow,disbursement,unknown,192342,,,USD,USD,,,oecd-crs-energy-idn-2015-q-2026-09-28-md-7316148,oecd_crs_energy_microdata,1,2026-09-28,accepted,,"OECD Q value already in 2024 constant USD; UNIT_MULT applied, no FX or deflator rate applied"
crs-marker-biodiversity-oecd-crs-energy-idn-2015-q-2026-09-28-md-7316148,line,oecd-crs-energy-idn-2015-q-2026-09-28-md-7316148,,marker,,,0,,,,,0,biodiversity,oecd-crs-energy-idn-2015-q-2026-09-28-md-7316148,oecd_crs_energy_microdata,1,2026-09-28,accepted,,
crs-marker-mitigation-oecd-crs-energy-idn-2015-q-2026-09-28-md-7316148,line,oecd-crs-energy-idn-2015-q-2026-09-28-md-7316148,,marker,,,0,,,,,0,mitigation,oecd-crs-energy-idn-2015-q-2026-09-28-md-7316148,oecd_crs_energy_microdata,1,2026-09-28,accepted,,
crs-marker-adaptation-oecd-crs-energy-idn-2015-q-2026-09-28-md-7316148,line,oecd-crs-energy-idn-2015-q-2026-09-28-md-7316148,,marker,,,0,,,,,0,adaptation,oecd-crs-energy-idn-2015-q-2026-09-28-md-7316148,oecd_crs_energy_microdata,1,2026-09-28,accepted,,
crs-marker-desertification-oecd-crs-energy-idn-2015-q-2026-09-28-md-7316148,line,oecd-crs-energy-idn-2015-q-2026-09-28-md-7316148,,marker,,,0,,,,,0,desertification,oecd-crs-energy-idn-2015-q-2026-09-28-md-7316148,oecd_crs_energy_microdata,1,2026-09-28,accepted,,
crs-flow-oecd-crs-energy-idn-2015-q-2026-09-28-md-7418756,line,oecd-crs-energy-idn-2015-q-2026-09-28-md-7418756,money,flow,disbursement,unknown,225,,,USD,USD,,,oecd-crs-energy-idn-2015-q-2026-09-28-md-7418756,oecd_crs_energy_microdata,1,2026-09-28,accepted,,"OECD Q value already in 2024 constant USD; UNIT_MULT applied, no FX or deflator rate applied"
crs-marker-biodiversity-oecd-crs-energy-idn-2015-q-2026-09-28-md-7418756,line,oecd-crs-energy-idn-2015-q-2026-09-28-md-7418756,,marker,,,,,,,,not_screened,biodiversity,oecd-crs-energy-idn-2015-q-2026-09-28-md-7418756,oecd_crs_energy_microdata,1,2026-09-28,accepted,,
crs-marker-mitigation-oecd-crs-energy-idn-2015-q-2026-09-28-md-7418756,line,oecd-crs-energy-idn-2015-q-2026-09-28-md-7418756,,marker,,,,,,,,not_screened,mitigation,oecd-crs-energy-idn-2015-q-2026-09-28-md-7418756,oecd_crs_energy_microdata,1,2026-09-28,accepted,,
crs-marker-adaptation-oecd-crs-energy-idn-2015-q-2026-09-28-md-7418756,line,oecd-crs-energy-idn-2015-q-2026-09-28-md-7418756,,marker,,,,,,,,not_screened,adaptation,oecd-crs-energy-idn-2015-q-2026-09-28-md-7418756,oecd_crs_energy_microdata,1,2026-09-28,accepted,,
crs-marker-desertification-oecd-crs-energy-idn-2015-q-2026-09-28-md-7418756,line,oecd-crs-energy-idn-2015-q-2026-09-28-md-7418756,,marker,,,,,,,,not_screened,desertification,oecd-crs-energy-idn-2015-q-2026-09-28-md-7418756,oecd_crs_energy_microdata,1,2026-09-28,accepted,,
crs-flow-oecd-crs-energy-idn-2015-q-2026-09-28-md-7067719,line,oecd-crs-energy-idn-2015-q-2026-09-28-md-7067719,money,flow,commitment,unknown,1185110,,,USD,USD,,,oecd-crs-energy-idn-2015-q-2026-09-28-md-7067719,oecd_crs_energy_microdata,1,2026-09-28,accepted,,"OECD Q value already in 2024 constant USD; UNIT_MULT applied, no FX or deflator rate applied"
crs-marker-biodiversity-oecd-crs-energy-idn-2015-q-2026-09-28-md-7067719,line,oecd-crs-energy-idn-2015-q-2026-09-28-md-7067719,,marker,,,,,,,,not_screened,biodiversity,oecd-crs-energy-idn-2015-q-2026-09-28-md-7067719,oecd_crs_energy_microdata,1,2026-09-28,accepted,,
crs-marker-mitigation-oecd-crs-energy-idn-2015-q-2026-09-28-md-7067719,line,oecd-crs-energy-idn-2015-q-2026-09-28-md-7067719,,marker,,,,,,,,not_screened,mitigation,oecd-crs-energy-idn-2015-q-2026-09-28-md-7067719,oecd_crs_energy_microdata,1,2026-09-28,accepted,,
crs-marker-adaptation-oecd-crs-energy-idn-2015-q-2026-09-28-md-7067719,line,oecd-crs-energy-idn-2015-q-2026-09-28-md-7067719,,marker,,,,,,,,not_screened,adaptation,oecd-crs-energy-idn-2015-q-2026-09-28-md-7067719,oecd_crs_energy_microdata,1,2026-09-28,accepted,,
crs-marker-desertification-oecd-crs-energy-idn-2015-q-2026-09-28-md-7067719,line,oecd-crs-energy-idn-2015-q-2026-09-28-md-7067719,,marker,,,,,,,,not_screened,desertification,oecd-crs-energy-idn-2015-q-2026-09-28-md-7067719,oecd_crs_energy_microdata,1,2026-09-28,accepted,,
crs-flow-oecd-crs-energy-idn-2015-q-2026-09-28-md-7419542,line,oecd-crs-energy-idn-2015-q-2026-09-28-md-7419542,money,flow,disbursement,unknown,216555,,,USD,USD,,,oecd-crs-energy-idn-2015-q-2026-09-28-md-7419542,oecd_crs_energy_microdata,1,2026-09-28,accepted,,"OECD Q value already in 2024 constant USD; UNIT_MULT applied, no FX or deflator rate applied"
crs-marker-biodiversity-oecd-crs-energy-idn-2015-q-2026-09-28-md-7419542,line,oecd-crs-energy-idn-2015-q-2026-09-28-md-7419542,,marker,,,,,,,,not_screened,biodiversity,oecd-crs-energy-idn-2015-q-2026-09-28-md-7419542,oecd_crs_energy_microdata,1,2026-09-28,accepted,,
crs-marker-mitigation-oecd-crs-energy-idn-2015-q-2026-09-28-md-7419542,line,oecd-crs-energy-idn-2015-q-2026-09-28-md-7419542,,marker,,,,,,,,not_screened,mitigation,oecd-crs-energy-idn-2015-q-2026-09-28-md-7419542,oecd_crs_energy_microdata,1,2026-09-28,accepted,,
crs-marker-adaptation-oecd-crs-energy-idn-2015-q-2026-09-28-md-7419542,line,oecd-crs-energy-idn-2015-q-2026-09-28-md-7419542,,marker,,,,,,,,not_screened,adaptation,oecd-crs-energy-idn-2015-q-2026-09-28-md-7419542,oecd_crs_energy_microdata,1,2026-09-28,accepted,,
crs-marker-desertification-oecd-crs-energy-idn-2015-q-2026-09-28-md-7419542,line,oecd-crs-energy-idn-2015-q-2026-09-28-md-7419542,,marker,,,,,,,,not_screened,desertification,oecd-crs-energy-idn-2015-q-2026-09-28-md-7419542,oecd_crs_energy_microdata,1,2026-09-28,accepted,,
crs-flow-oecd-crs-energy-idn-2015-q-2026-09-28-md-7063442,line,oecd-crs-energy-idn-2015-q-2026-09-28-md-7063442,money,flow,commitment,unknown,201469,,,USD,USD,,,oecd-crs-energy-idn-2015-q-2026-09-28-md-7063442,oecd_crs_energy_microdata,1,2026-09-28,accepted,,"OECD Q value already in 2024 constant USD; UNIT_MULT applied, no FX or deflator rate applied"
crs-marker-biodiversity-oecd-crs-energy-idn-2015-q-2026-09-28-md-7063442,line,oecd-crs-energy-idn-2015-q-2026-09-28-md-7063442,,marker,,,,,,,,not_screened,biodiversity,oecd-crs-energy-idn-2015-q-2026-09-28-md-7063442,oecd_crs_energy_microdata,1,2026-09-28,accepted,,
crs-marker-mitigation-oecd-crs-energy-idn-2015-q-2026-09-28-md-7063442,line,oecd-crs-energy-idn-2015-q-2026-09-28-md-7063442,,marker,,,,,,,,not_screened,mitigation,oecd-crs-energy-idn-2015-q-2026-09-28-md-7063442,oecd_crs_energy_microdata,1,2026-09-28,accepted,,
crs-marker-adaptation-oecd-crs-energy-idn-2015-q-2026-09-28-md-7063442,line,oecd-crs-energy-idn-2015-q-2026-09-28-md-7063442,,marker,,,,,,,,not_screened,adaptation,oecd-crs-energy-idn-2015-q-2026-09-28-md-7063442,oecd_crs_energy_microdata,1,2026-09-28,accepted,,
crs-marker-desertification-oecd-crs-energy-idn-2015-q-2026-09-28-md-7063442,line,oecd-crs-energy-idn-2015-q-2026-09-28-md-7063442,,marker,,,,,,,,not_screened,desertification,oecd-crs-energy-idn-2015-q-2026-09-28-md-7063442,oecd_crs_energy_microdata,1,2026-09-28,accepted,,
crs-flow-oecd-crs-energy-idn-2015-q-2026-09-28-md-7322521,line,oecd-crs-energy-idn-2015-q-2026-09-28-md-7322521,money,flow,disbursement,unknown,9031,,,USD,USD,,,oecd-crs-energy-idn-2015-q-2026-09-28-md-7322521,oecd_crs_energy_microdata,1,2026-09-28,accepted,,"OECD Q value already in 2024 constant USD; UNIT_MULT applied, no FX or deflator rate applied"
crs-marker-biodiversity-oecd-crs-energy-idn-2015-q-2026-09-28-md-7322521,line,oecd-crs-energy-idn-2015-q-2026-09-28-md-7322521,,marker,,,,,,,,not_screened,biodiversity,oecd-crs-energy-idn-2015-q-2026-09-28-md-7322521,oecd_crs_energy_microdata,1,2026-09-28,accepted,,
crs-marker-mitigation-oecd-crs-energy-idn-2015-q-2026-09-28-md-7322521,line,oecd-crs-energy-idn-2015-q-2026-09-28-md-7322521,,marker,,,,,,,,not_screened,mitigation,oecd-crs-energy-idn-2015-q-2026-09-28-md-7322521,oecd_crs_energy_microdata,1,2026-09-28,accepted,,
crs-marker-adaptation-oecd-crs-energy-idn-2015-q-2026-09-28-md-7322521,line,oecd-crs-energy-idn-2015-q-2026-09-28-md-7322521,,marker,,,,,,,,not_screened,adaptation,oecd-crs-energy-idn-2015-q-2026-09-28-md-7322521,oecd_crs_energy_microdata,1,2026-09-28,accepted,,
crs-marker-desertification-oecd-crs-energy-idn-2015-q-2026-09-28-md-7322521,line,oecd-crs-energy-idn-2015-q-2026-09-28-md-7322521,,marker,,,,,,,,not_screened,desertification,oecd-crs-energy-idn-2015-q-2026-09-28-md-7322521,oecd_crs_energy_microdata,1,2026-09-28,accepted,,
crs-flow-oecd-crs-energy-idn-2015-q-2026-09-28-md-7042224,line,oecd-crs-energy-idn-2015-q-2026-09-28-md-7042224,money,flow,commitment,unknown,27007,,,USD,USD,,,oecd-crs-energy-idn-2015-q-2026-09-28-md-7042224,oecd_crs_energy_microdata,1,2026-09-28,accepted,,"OECD Q value already in 2024 constant USD; UNIT_MULT applied, no FX or deflator rate applied"
crs-marker-biodiversity-oecd-crs-energy-idn-2015-q-2026-09-28-md-7042224,line,oecd-crs-energy-idn-2015-q-2026-09-28-md-7042224,,marker,,,0,,,,,0,biodiversity,oecd-crs-energy-idn-2015-q-2026-09-28-md-7042224,oecd_crs_energy_microdata,1,2026-09-28,accepted,,
crs-marker-mitigation-oecd-crs-energy-idn-2015-q-2026-09-28-md-7042224,line,oecd-crs-energy-idn-2015-q-2026-09-28-md-7042224,,marker,,,2,,,,,2,mitigation,oecd-crs-energy-idn-2015-q-2026-09-28-md-7042224,oecd_crs_energy_microdata,1,2026-09-28,accepted,,
crs-marker-adaptation-oecd-crs-energy-idn-2015-q-2026-09-28-md-7042224,line,oecd-crs-energy-idn-2015-q-2026-09-28-md-7042224,,marker,,,1,,,,,1,adaptation,oecd-crs-energy-idn-2015-q-2026-09-28-md-7042224,oecd_crs_energy_microdata,1,2026-09-28,accepted,,
crs-marker-desertification-oecd-crs-energy-idn-2015-q-2026-09-28-md-7042224,line,oecd-crs-energy-idn-2015-q-2026-09-28-md-7042224,,marker,,,0,,,,,0,desertification,oecd-crs-energy-idn-2015-q-2026-09-28-md-7042224,oecd_crs_energy_microdata,1,2026-09-28,accepted,,
crs-flow-oecd-crs-energy-idn-2015-q-2026-09-28-md-7017994,line,oecd-crs-energy-idn-2015-q-2026-09-28-md-7017994,money,flow,commitment,unknown,337949,,,USD,USD,,,oecd-crs-energy-idn-2015-q-2026-09-28-md-7017994,oecd_crs_energy_microdata,1,2026-09-28,accepted,,"OECD Q value already in 2024 constant USD; UNIT_MULT applied, no FX or deflator rate applied"
crs-marker-biodiversity-oecd-crs-energy-idn-2015-q-2026-09-28-md-7017994,line,oecd-crs-energy-idn-2015-q-2026-09-28-md-7017994,,marker,,,0,,,,,0,biodiversity,oecd-crs-energy-idn-2015-q-2026-09-28-md-7017994,oecd_crs_energy_microdata,1,2026-09-28,accepted,,
crs-marker-mitigation-oecd-crs-energy-idn-2015-q-2026-09-28-md-7017994,line,oecd-crs-energy-idn-2015-q-2026-09-28-md-7017994,,marker,,,0,,,,,0,mitigation,oecd-crs-energy-idn-2015-q-2026-09-28-md-7017994,oecd_crs_energy_microdata,1,2026-09-28,accepted,,
crs-marker-adaptation-oecd-crs-energy-idn-2015-q-2026-09-28-md-7017994,line,oecd-crs-energy-idn-2015-q-2026-09-28-md-7017994,,marker,,,0,,,,,0,adaptation,oecd-crs-energy-idn-2015-q-2026-09-28-md-7017994,oecd_crs_energy_microdata,1,2026-09-28,accepted,,
crs-marker-desertification-oecd-crs-energy-idn-2015-q-2026-09-28-md-7017994,line,oecd-crs-energy-idn-2015-q-2026-09-28-md-7017994,,marker,,,,,,,,not_screened,desertification,oecd-crs-energy-idn-2015-q-2026-09-28-md-7017994,oecd_crs_energy_microdata,1,2026-09-28,accepted,,
crs-flow-oecd-crs-energy-idn-2015-q-2026-09-28-md-7017822,line,oecd-crs-energy-idn-2015-q-2026-09-28-md-7017822,money,flow,commitment,unknown,1508860,,,USD,USD,,,oecd-crs-energy-idn-2015-q-2026-09-28-md-7017822,oecd_crs_energy_microdata,1,2026-09-28,accepted,,"OECD Q value already in 2024 constant USD; UNIT_MULT applied, no FX or deflator rate applied"
crs-marker-biodiversity-oecd-crs-energy-idn-2015-q-2026-09-28-md-7017822,line,oecd-crs-energy-idn-2015-q-2026-09-28-md-7017822,,marker,,,0,,,,,0,biodiversity,oecd-crs-energy-idn-2015-q-2026-09-28-md-7017822,oecd_crs_energy_microdata,1,2026-09-28,accepted,,
crs-marker-mitigation-oecd-crs-energy-idn-2015-q-2026-09-28-md-7017822,line,oecd-crs-energy-idn-2015-q-2026-09-28-md-7017822,,marker,,,0,,,,,0,mitigation,oecd-crs-energy-idn-2015-q-2026-09-28-md-7017822,oecd_crs_energy_microdata,1,2026-09-28,accepted,,
crs-marker-adaptation-oecd-crs-energy-idn-2015-q-2026-09-28-md-7017822,line,oecd-crs-energy-idn-2015-q-2026-09-28-md-7017822,,marker,,,0,,,,,0,adaptation,oecd-crs-energy-idn-2015-q-2026-09-28-md-7017822,oecd_crs_energy_microdata,1,2026-09-28,accepted,,
crs-marker-desertification-oecd-crs-energy-idn-2015-q-2026-09-28-md-7017822,line,oecd-crs-energy-idn-2015-q-2026-09-28-md-7017822,,marker,,,,,,,,not_screened,desertification,oecd-crs-energy-idn-2015-q-2026-09-28-md-7017822,oecd_crs_energy_microdata,1,2026-09-28,accepted,,
crs-flow-oecd-crs-energy-idn-2015-q-2026-09-28-md-7101317,line,oecd-crs-energy-idn-2015-q-2026-09-28-md-7101317,money,flow,commitment,unknown,240895,,,USD,USD,,,oecd-crs-energy-idn-2015-q-2026-09-28-md-7101317,oecd_crs_energy_microdata,1,2026-09-28,accepted,,"OECD Q value already in 2024 constant USD; UNIT_MULT applied, no FX or deflator rate applied"
crs-marker-biodiversity-oecd-crs-energy-idn-2015-q-2026-09-28-md-7101317,line,oecd-crs-energy-idn-2015-q-2026-09-28-md-7101317,,marker,,,0,,,,,0,biodiversity,oecd-crs-energy-idn-2015-q-2026-09-28-md-7101317,oecd_crs_energy_microdata,1,2026-09-28,accepted,,
crs-marker-mitigation-oecd-crs-energy-idn-2015-q-2026-09-28-md-7101317,line,oecd-crs-energy-idn-2015-q-2026-09-28-md-7101317,,marker,,,2,,,,,2,mitigation,oecd-crs-energy-idn-2015-q-2026-09-28-md-7101317,oecd_crs_energy_microdata,1,2026-09-28,accepted,,
crs-marker-adaptation-oecd-crs-energy-idn-2015-q-2026-09-28-md-7101317,line,oecd-crs-energy-idn-2015-q-2026-09-28-md-7101317,,marker,,,0,,,,,0,adaptation,oecd-crs-energy-idn-2015-q-2026-09-28-md-7101317,oecd_crs_energy_microdata,1,2026-09-28,accepted,,
crs-marker-desertification-oecd-crs-energy-idn-2015-q-2026-09-28-md-7101317,line,oecd-crs-energy-idn-2015-q-2026-09-28-md-7101317,,marker,,,0,,,,,0,desertification,oecd-crs-energy-idn-2015-q-2026-09-28-md-7101317,oecd_crs_energy_microdata,1,2026-09-28,accepted,,
crs-flow-oecd-crs-energy-idn-2015-q-2026-09-28-md-7446883,line,oecd-crs-energy-idn-2015-q-2026-09-28-md-7446883,money,flow,disbursement,unknown,10503,,,USD,USD,,,oecd-crs-energy-idn-2015-q-2026-09-28-md-7446883,oecd_crs_energy_microdata,1,2026-09-28,accepted,,"OECD Q value already in 2024 constant USD; UNIT_MULT applied, no FX or deflator rate applied"
crs-marker-biodiversity-oecd-crs-energy-idn-2015-q-2026-09-28-md-7446883,line,oecd-crs-energy-idn-2015-q-2026-09-28-md-7446883,,marker,,,0,,,,,0,biodiversity,oecd-crs-energy-idn-2015-q-2026-09-28-md-7446883,oecd_crs_energy_microdata,1,2026-09-28,accepted,,
crs-marker-mitigation-oecd-crs-energy-idn-2015-q-2026-09-28-md-7446883,line,oecd-crs-energy-idn-2015-q-2026-09-28-md-7446883,,marker,,,2,,,,,2,mitigation,oecd-crs-energy-idn-2015-q-2026-09-28-md-7446883,oecd_crs_energy_microdata,1,2026-09-28,accepted,,
crs-marker-adaptation-oecd-crs-energy-idn-2015-q-2026-09-28-md-7446883,line,oecd-crs-energy-idn-2015-q-2026-09-28-md-7446883,,marker,,,0,,,,,0,adaptation,oecd-crs-energy-idn-2015-q-2026-09-28-md-7446883,oecd_crs_energy_microdata,1,2026-09-28,accepted,,
crs-marker-desertification-oecd-crs-energy-idn-2015-q-2026-09-28-md-7446883,line,oecd-crs-energy-idn-2015-q-2026-09-28-md-7446883,,marker,,,0,,,,,0,desertification,oecd-crs-energy-idn-2015-q-2026-09-28-md-7446883,oecd_crs_energy_microdata,1,2026-09-28,accepted,,
crs-flow-oecd-crs-energy-idn-2015-q-2026-09-28-md-7319275,line,oecd-crs-energy-idn-2015-q-2026-09-28-md-7319275,money,flow,disbursement,unknown,53914,,,USD,USD,,,oecd-crs-energy-idn-2015-q-2026-09-28-md-7319275,oecd_crs_energy_microdata,1,2026-09-28,accepted,,"OECD Q value already in 2024 constant USD; UNIT_MULT applied, no FX or deflator rate applied"
crs-marker-biodiversity-oecd-crs-energy-idn-2015-q-2026-09-28-md-7319275,line,oecd-crs-energy-idn-2015-q-2026-09-28-md-7319275,,marker,,,,,,,,not_screened,biodiversity,oecd-crs-energy-idn-2015-q-2026-09-28-md-7319275,oecd_crs_energy_microdata,1,2026-09-28,accepted,,
crs-marker-mitigation-oecd-crs-energy-idn-2015-q-2026-09-28-md-7319275,line,oecd-crs-energy-idn-2015-q-2026-09-28-md-7319275,,marker,,,0,,,,,0,mitigation,oecd-crs-energy-idn-2015-q-2026-09-28-md-7319275,oecd_crs_energy_microdata,1,2026-09-28,accepted,,
crs-marker-adaptation-oecd-crs-energy-idn-2015-q-2026-09-28-md-7319275,line,oecd-crs-energy-idn-2015-q-2026-09-28-md-7319275,,marker,,,,,,,,not_screened,adaptation,oecd-crs-energy-idn-2015-q-2026-09-28-md-7319275,oecd_crs_energy_microdata,1,2026-09-28,accepted,,
crs-marker-desertification-oecd-crs-energy-idn-2015-q-2026-09-28-md-7319275,line,oecd-crs-energy-idn-2015-q-2026-09-28-md-7319275,,marker,,,,,,,,not_screened,desertification,oecd-crs-energy-idn-2015-q-2026-09-28-md-7319275,oecd_crs_energy_microdata,1,2026-09-28,accepted,,
crs-flow-oecd-crs-energy-idn-2015-q-2026-09-28-md-7441991,line,oecd-crs-energy-idn-2015-q-2026-09-28-md-7441991,money,flow,disbursement,unknown,66348,,,USD,USD,,,oecd-crs-energy-idn-2015-q-2026-09-28-md-7441991,oecd_crs_energy_microdata,1,2026-09-28,accepted,,"OECD Q value already in 2024 constant USD; UNIT_MULT applied, no FX or deflator rate applied"
crs-marker-biodiversity-oecd-crs-energy-idn-2015-q-2026-09-28-md-7441991,line,oecd-crs-energy-idn-2015-q-2026-09-28-md-7441991,,marker,,,0,,,,,0,biodiversity,oecd-crs-energy-idn-2015-q-2026-09-28-md-7441991,oecd_crs_energy_microdata,1,2026-09-28,accepted,,
crs-marker-mitigation-oecd-crs-energy-idn-2015-q-2026-09-28-md-7441991,line,oecd-crs-energy-idn-2015-q-2026-09-28-md-7441991,,marker,,,1,,,,,1,mitigation,oecd-crs-energy-idn-2015-q-2026-09-28-md-7441991,oecd_crs_energy_microdata,1,2026-09-28,accepted,,
crs-marker-adaptation-oecd-crs-energy-idn-2015-q-2026-09-28-md-7441991,line,oecd-crs-energy-idn-2015-q-2026-09-28-md-7441991,,marker,,,0,,,,,0,adaptation,oecd-crs-energy-idn-2015-q-2026-09-28-md-7441991,oecd_crs_energy_microdata,1,2026-09-28,accepted,,
crs-marker-desertification-oecd-crs-energy-idn-2015-q-2026-09-28-md-7441991,line,oecd-crs-energy-idn-2015-q-2026-09-28-md-7441991,,marker,,,1,,,,,1,desertification,oecd-crs-energy-idn-2015-q-2026-09-28-md-7441991,oecd_crs_energy_microdata,1,2026-09-28,accepted,,
crs-flow-oecd-crs-energy-idn-2015-q-2026-09-28-md-7097572,line,oecd-crs-energy-idn-2015-q-2026-09-28-md-7097572,money,flow,commitment,unknown,110581,,,USD,USD,,,oecd-crs-energy-idn-2015-q-2026-09-28-md-7097572,oecd_crs_energy_microdata,1,2026-09-28,accepted,,"OECD Q value already in 2024 constant USD; UNIT_MULT applied, no FX or deflator rate applied"
crs-marker-biodiversity-oecd-crs-energy-idn-2015-q-2026-09-28-md-7097572,line,oecd-crs-energy-idn-2015-q-2026-09-28-md-7097572,,marker,,,0,,,,,0,biodiversity,oecd-crs-energy-idn-2015-q-2026-09-28-md-7097572,oecd_crs_energy_microdata,1,2026-09-28,accepted,,
crs-marker-mitigation-oecd-crs-energy-idn-2015-q-2026-09-28-md-7097572,line,oecd-crs-energy-idn-2015-q-2026-09-28-md-7097572,,marker,,,1,,,,,1,mitigation,oecd-crs-energy-idn-2015-q-2026-09-28-md-7097572,oecd_crs_energy_microdata,1,2026-09-28,accepted,,
crs-marker-adaptation-oecd-crs-energy-idn-2015-q-2026-09-28-md-7097572,line,oecd-crs-energy-idn-2015-q-2026-09-28-md-7097572,,marker,,,0,,,,,0,adaptation,oecd-crs-energy-idn-2015-q-2026-09-28-md-7097572,oecd_crs_energy_microdata,1,2026-09-28,accepted,,
crs-marker-desertification-oecd-crs-energy-idn-2015-q-2026-09-28-md-7097572,line,oecd-crs-energy-idn-2015-q-2026-09-28-md-7097572,,marker,,,1,,,,,1,desertification,oecd-crs-energy-idn-2015-q-2026-09-28-md-7097572,oecd_crs_energy_microdata,1,2026-09-28,accepted,,
crs-flow-oecd-crs-energy-idn-2015-q-2026-09-28-md-7382178,line,oecd-crs-energy-idn-2015-q-2026-09-28-md-7382178,money,flow,disbursement,unknown,27007,,,USD,USD,,,oecd-crs-energy-idn-2015-q-2026-09-28-md-7382178,oecd_crs_energy_microdata,1,2026-09-28,accepted,,"OECD Q value already in 2024 constant USD; UNIT_MULT applied, no FX or deflator rate applied"
crs-marker-biodiversity-oecd-crs-energy-idn-2015-q-2026-09-28-md-7382178,line,oecd-crs-energy-idn-2015-q-2026-09-28-md-7382178,,marker,,,0,,,,,0,biodiversity,oecd-crs-energy-idn-2015-q-2026-09-28-md-7382178,oecd_crs_energy_microdata,1,2026-09-28,accepted,,
crs-marker-mitigation-oecd-crs-energy-idn-2015-q-2026-09-28-md-7382178,line,oecd-crs-energy-idn-2015-q-2026-09-28-md-7382178,,marker,,,2,,,,,2,mitigation,oecd-crs-energy-idn-2015-q-2026-09-28-md-7382178,oecd_crs_energy_microdata,1,2026-09-28,accepted,,
crs-marker-adaptation-oecd-crs-energy-idn-2015-q-2026-09-28-md-7382178,line,oecd-crs-energy-idn-2015-q-2026-09-28-md-7382178,,marker,,,1,,,,,1,adaptation,oecd-crs-energy-idn-2015-q-2026-09-28-md-7382178,oecd_crs_energy_microdata,1,2026-09-28,accepted,,
crs-marker-desertification-oecd-crs-energy-idn-2015-q-2026-09-28-md-7382178,line,oecd-crs-energy-idn-2015-q-2026-09-28-md-7382178,,marker,,,0,,,,,0,desertification,oecd-crs-energy-idn-2015-q-2026-09-28-md-7382178,oecd_crs_energy_microdata,1,2026-09-28,accepted,,
crs-flow-oecd-crs-energy-idn-2015-q-2026-09-28-md-7366297,line,oecd-crs-energy-idn-2015-q-2026-09-28-md-7366297,money,flow,disbursement,unknown,60876,,,USD,USD,,,oecd-crs-energy-idn-2015-q-2026-09-28-md-7366297,oecd_crs_energy_microdata,1,2026-09-28,accepted,,"OECD Q value already in 2024 constant USD; UNIT_MULT applied, no FX or deflator rate applied"
crs-marker-biodiversity-oecd-crs-energy-idn-2015-q-2026-09-28-md-7366297,line,oecd-crs-energy-idn-2015-q-2026-09-28-md-7366297,,marker,,,,,,,,not_screened,biodiversity,oecd-crs-energy-idn-2015-q-2026-09-28-md-7366297,oecd_crs_energy_microdata,1,2026-09-28,accepted,,
crs-marker-mitigation-oecd-crs-energy-idn-2015-q-2026-09-28-md-7366297,line,oecd-crs-energy-idn-2015-q-2026-09-28-md-7366297,,marker,,,,,,,,not_screened,mitigation,oecd-crs-energy-idn-2015-q-2026-09-28-md-7366297,oecd_crs_energy_microdata,1,2026-09-28,accepted,,
crs-marker-adaptation-oecd-crs-energy-idn-2015-q-2026-09-28-md-7366297,line,oecd-crs-energy-idn-2015-q-2026-09-28-md-7366297,,marker,,,,,,,,not_screened,adaptation,oecd-crs-energy-idn-2015-q-2026-09-28-md-7366297,oecd_crs_energy_microdata,1,2026-09-28,accepted,,
crs-marker-desertification-oecd-crs-energy-idn-2015-q-2026-09-28-md-7366297,line,oecd-crs-energy-idn-2015-q-2026-09-28-md-7366297,,marker,,,,,,,,not_screened,desertification,oecd-crs-energy-idn-2015-q-2026-09-28-md-7366297,oecd_crs_energy_microdata,1,2026-09-28,accepted,,
crs-flow-oecd-crs-energy-idn-2015-q-2026-09-28-md-7051090,line,oecd-crs-energy-idn-2015-q-2026-09-28-md-7051090,money,flow,commitment,unknown,61195,,,USD,USD,,,oecd-crs-energy-idn-2015-q-2026-09-28-md-7051090,oecd_crs_energy_microdata,1,2026-09-28,accepted,,"OECD Q value already in 2024 constant USD; UNIT_MULT applied, no FX or deflator rate applied"
crs-marker-biodiversity-oecd-crs-energy-idn-2015-q-2026-09-28-md-7051090,line,oecd-crs-energy-idn-2015-q-2026-09-28-md-7051090,,marker,,,,,,,,not_screened,biodiversity,oecd-crs-energy-idn-2015-q-2026-09-28-md-7051090,oecd_crs_energy_microdata,1,2026-09-28,accepted,,
crs-marker-mitigation-oecd-crs-energy-idn-2015-q-2026-09-28-md-7051090,line,oecd-crs-energy-idn-2015-q-2026-09-28-md-7051090,,marker,,,,,,,,not_screened,mitigation,oecd-crs-energy-idn-2015-q-2026-09-28-md-7051090,oecd_crs_energy_microdata,1,2026-09-28,accepted,,
crs-marker-adaptation-oecd-crs-energy-idn-2015-q-2026-09-28-md-7051090,line,oecd-crs-energy-idn-2015-q-2026-09-28-md-7051090,,marker,,,,,,,,not_screened,adaptation,oecd-crs-energy-idn-2015-q-2026-09-28-md-7051090,oecd_crs_energy_microdata,1,2026-09-28,accepted,,
crs-marker-desertification-oecd-crs-energy-idn-2015-q-2026-09-28-md-7051090,line,oecd-crs-energy-idn-2015-q-2026-09-28-md-7051090,,marker,,,,,,,,not_screened,desertification,oecd-crs-energy-idn-2015-q-2026-09-28-md-7051090,oecd_crs_energy_microdata,1,2026-09-28,accepted,,
crs-flow-oecd-crs-energy-idn-2015-q-2026-09-28-md-7368080,line,oecd-crs-energy-idn-2015-q-2026-09-28-md-7368080,money,flow,disbursement,unknown,22462,,,USD,USD,,,oecd-crs-energy-idn-2015-q-2026-09-28-md-7368080,oecd_crs_energy_microdata,1,2026-09-28,accepted,,"OECD Q value already in 2024 constant USD; UNIT_MULT applied, no FX or deflator rate applied"
crs-marker-biodiversity-oecd-crs-energy-idn-2015-q-2026-09-28-md-7368080,line,oecd-crs-energy-idn-2015-q-2026-09-28-md-7368080,,marker,,,,,,,,not_screened,biodiversity,oecd-crs-energy-idn-2015-q-2026-09-28-md-7368080,oecd_crs_energy_microdata,1,2026-09-28,accepted,,
crs-marker-mitigation-oecd-crs-energy-idn-2015-q-2026-09-28-md-7368080,line,oecd-crs-energy-idn-2015-q-2026-09-28-md-7368080,,marker,,,,,,,,not_screened,mitigation,oecd-crs-energy-idn-2015-q-2026-09-28-md-7368080,oecd_crs_energy_microdata,1,2026-09-28,accepted,,
crs-marker-adaptation-oecd-crs-energy-idn-2015-q-2026-09-28-md-7368080,line,oecd-crs-energy-idn-2015-q-2026-09-28-md-7368080,,marker,,,,,,,,not_screened,adaptation,oecd-crs-energy-idn-2015-q-2026-09-28-md-7368080,oecd_crs_energy_microdata,1,2026-09-28,accepted,,
crs-marker-desertification-oecd-crs-energy-idn-2015-q-2026-09-28-md-7368080,line,oecd-crs-energy-idn-2015-q-2026-09-28-md-7368080,,marker,,,,,,,,not_screened,desertification,oecd-crs-energy-idn-2015-q-2026-09-28-md-7368080,oecd_crs_energy_microdata,1,2026-09-28,accepted,,
crs-flow-oecd-crs-energy-idn-2015-q-2026-09-28-md-7053875,line,oecd-crs-energy-idn-2015-q-2026-09-28-md-7053875,money,flow,commitment,unknown,12275,,,USD,USD,,,oecd-crs-energy-idn-2015-q-2026-09-28-md-7053875,oecd_crs_energy_microdata,1,2026-09-28,accepted,,"OECD Q value already in 2024 constant USD; UNIT_MULT applied, no FX or deflator rate applied"
crs-marker-biodiversity-oecd-crs-energy-idn-2015-q-2026-09-28-md-7053875,line,oecd-crs-energy-idn-2015-q-2026-09-28-md-7053875,,marker,,,,,,,,not_screened,biodiversity,oecd-crs-energy-idn-2015-q-2026-09-28-md-7053875,oecd_crs_energy_microdata,1,2026-09-28,accepted,,
crs-marker-mitigation-oecd-crs-energy-idn-2015-q-2026-09-28-md-7053875,line,oecd-crs-energy-idn-2015-q-2026-09-28-md-7053875,,marker,,,,,,,,not_screened,mitigation,oecd-crs-energy-idn-2015-q-2026-09-28-md-7053875,oecd_crs_energy_microdata,1,2026-09-28,accepted,,
crs-marker-adaptation-oecd-crs-energy-idn-2015-q-2026-09-28-md-7053875,line,oecd-crs-energy-idn-2015-q-2026-09-28-md-7053875,,marker,,,,,,,,not_screened,adaptation,oecd-crs-energy-idn-2015-q-2026-09-28-md-7053875,oecd_crs_energy_microdata,1,2026-09-28,accepted,,
crs-marker-desertification-oecd-crs-energy-idn-2015-q-2026-09-28-md-7053875,line,oecd-crs-energy-idn-2015-q-2026-09-28-md-7053875,,marker,,,,,,,,not_screened,desertification,oecd-crs-energy-idn-2015-q-2026-09-28-md-7053875,oecd_crs_energy_microdata,1,2026-09-28,accepted,,
crs-flow-oecd-crs-energy-idn-2015-q-2026-09-28-md-7368198,line,oecd-crs-energy-idn-2015-q-2026-09-28-md-7368198,money,flow,disbursement,unknown,12211,,,USD,USD,,,oecd-crs-energy-idn-2015-q-2026-09-28-md-7368198,oecd_crs_energy_microdata,1,2026-09-28,accepted,,"OECD Q value already in 2024 constant USD; UNIT_MULT applied, no FX or deflator rate applied"
crs-marker-biodiversity-oecd-crs-energy-idn-2015-q-2026-09-28-md-7368198,line,oecd-crs-energy-idn-2015-q-2026-09-28-md-7368198,,marker,,,,,,,,not_screened,biodiversity,oecd-crs-energy-idn-2015-q-2026-09-28-md-7368198,oecd_crs_energy_microdata,1,2026-09-28,accepted,,
crs-marker-mitigation-oecd-crs-energy-idn-2015-q-2026-09-28-md-7368198,line,oecd-crs-energy-idn-2015-q-2026-09-28-md-7368198,,marker,,,,,,,,not_screened,mitigation,oecd-crs-energy-idn-2015-q-2026-09-28-md-7368198,oecd_crs_energy_microdata,1,2026-09-28,accepted,,
crs-marker-adaptation-oecd-crs-energy-idn-2015-q-2026-09-28-md-7368198,line,oecd-crs-energy-idn-2015-q-2026-09-28-md-7368198,,marker,,,,,,,,not_screened,adaptation,oecd-crs-energy-idn-2015-q-2026-09-28-md-7368198,oecd_crs_energy_microdata,1,2026-09-28,accepted,,
crs-marker-desertification-oecd-crs-energy-idn-2015-q-2026-09-28-md-7368198,line,oecd-crs-energy-idn-2015-q-2026-09-28-md-7368198,,marker,,,,,,,,not_screened,desertification,oecd-crs-energy-idn-2015-q-2026-09-28-md-7368198,oecd_crs_energy_microdata,1,2026-09-28,accepted,,
crs-flow-oecd-crs-energy-idn-2015-q-2026-09-28-md-7053733,line,oecd-crs-energy-idn-2015-q-2026-09-28-md-7053733,money,flow,commitment,unknown,22580,,,USD,USD,,,oecd-crs-energy-idn-2015-q-2026-09-28-md-7053733,oecd_crs_energy_microdata,1,2026-09-28,accepted,,"OECD Q value already in 2024 constant USD; UNIT_MULT applied, no FX or deflator rate applied"
crs-marker-biodiversity-oecd-crs-energy-idn-2015-q-2026-09-28-md-7053733,line,oecd-crs-energy-idn-2015-q-2026-09-28-md-7053733,,marker,,,,,,,,not_screened,biodiversity,oecd-crs-energy-idn-2015-q-2026-09-28-md-7053733,oecd_crs_energy_microdata,1,2026-09-28,accepted,,
crs-marker-mitigation-oecd-crs-energy-idn-2015-q-2026-09-28-md-7053733,line,oecd-crs-energy-idn-2015-q-2026-09-28-md-7053733,,marker,,,,,,,,not_screened,mitigation,oecd-crs-energy-idn-2015-q-2026-09-28-md-7053733,oecd_crs_energy_microdata,1,2026-09-28,accepted,,
crs-marker-adaptation-oecd-crs-energy-idn-2015-q-2026-09-28-md-7053733,line,oecd-crs-energy-idn-2015-q-2026-09-28-md-7053733,,marker,,,,,,,,not_screened,adaptation,oecd-crs-energy-idn-2015-q-2026-09-28-md-7053733,oecd_crs_energy_microdata,1,2026-09-28,accepted,,
crs-marker-desertification-oecd-crs-energy-idn-2015-q-2026-09-28-md-7053733,line,oecd-crs-energy-idn-2015-q-2026-09-28-md-7053733,,marker,,,,,,,,not_screened,desertification,oecd-crs-energy-idn-2015-q-2026-09-28-md-7053733,oecd_crs_energy_microdata,1,2026-09-28,accepted,,
crs-flow-oecd-crs-energy-idn-2015-q-2026-09-28-md-7364888,line,oecd-crs-energy-idn-2015-q-2026-09-28-md-7364888,money,flow,disbursement,unknown,540625,,,USD,USD,,,oecd-crs-energy-idn-2015-q-2026-09-28-md-7364888,oecd_crs_energy_microdata,1,2026-09-28,accepted,,"OECD Q value already in 2024 constant USD; UNIT_MULT applied, no FX or deflator rate applied"
crs-marker-biodiversity-oecd-crs-energy-idn-2015-q-2026-09-28-md-7364888,line,oecd-crs-energy-idn-2015-q-2026-09-28-md-7364888,,marker,,,0,,,,,0,biodiversity,oecd-crs-energy-idn-2015-q-2026-09-28-md-7364888,oecd_crs_energy_microdata,1,2026-09-28,accepted,,
crs-marker-mitigation-oecd-crs-energy-idn-2015-q-2026-09-28-md-7364888,line,oecd-crs-energy-idn-2015-q-2026-09-28-md-7364888,,marker,,,0,,,,,0,mitigation,oecd-crs-energy-idn-2015-q-2026-09-28-md-7364888,oecd_crs_energy_microdata,1,2026-09-28,accepted,,
crs-marker-adaptation-oecd-crs-energy-idn-2015-q-2026-09-28-md-7364888,line,oecd-crs-energy-idn-2015-q-2026-09-28-md-7364888,,marker,,,0,,,,,0,adaptation,oecd-crs-energy-idn-2015-q-2026-09-28-md-7364888,oecd_crs_energy_microdata,1,2026-09-28,accepted,,
crs-marker-desertification-oecd-crs-energy-idn-2015-q-2026-09-28-md-7364888,line,oecd-crs-energy-idn-2015-q-2026-09-28-md-7364888,,marker,,,0,,,,,0,desertification,oecd-crs-energy-idn-2015-q-2026-09-28-md-7364888,oecd_crs_energy_microdata,1,2026-09-28,accepted,,
crs-flow-oecd-crs-energy-idn-2015-q-2026-09-28-md-7050329,line,oecd-crs-energy-idn-2015-q-2026-09-28-md-7050329,money,flow,commitment,unknown,1032745,,,USD,USD,,,oecd-crs-energy-idn-2015-q-2026-09-28-md-7050329,oecd_crs_energy_microdata,1,2026-09-28,accepted,,"OECD Q value already in 2024 constant USD; UNIT_MULT applied, no FX or deflator rate applied"
crs-marker-biodiversity-oecd-crs-energy-idn-2015-q-2026-09-28-md-7050329,line,oecd-crs-energy-idn-2015-q-2026-09-28-md-7050329,,marker,,,0,,,,,0,biodiversity,oecd-crs-energy-idn-2015-q-2026-09-28-md-7050329,oecd_crs_energy_microdata,1,2026-09-28,accepted,,
crs-marker-mitigation-oecd-crs-energy-idn-2015-q-2026-09-28-md-7050329,line,oecd-crs-energy-idn-2015-q-2026-09-28-md-7050329,,marker,,,0,,,,,0,mitigation,oecd-crs-energy-idn-2015-q-2026-09-28-md-7050329,oecd_crs_energy_microdata,1,2026-09-28,accepted,,
crs-marker-adaptation-oecd-crs-energy-idn-2015-q-2026-09-28-md-7050329,line,oecd-crs-energy-idn-2015-q-2026-09-28-md-7050329,,marker,,,0,,,,,0,adaptation,oecd-crs-energy-idn-2015-q-2026-09-28-md-7050329,oecd_crs_energy_microdata,1,2026-09-28,accepted,,
crs-marker-desertification-oecd-crs-energy-idn-2015-q-2026-09-28-md-7050329,line,oecd-crs-energy-idn-2015-q-2026-09-28-md-7050329,,marker,,,0,,,,,0,desertification,oecd-crs-energy-idn-2015-q-2026-09-28-md-7050329,oecd_crs_energy_microdata,1,2026-09-28,accepted,,
crs-flow-oecd-crs-energy-idn-2015-q-2026-09-28-md-7049955,line,oecd-crs-energy-idn-2015-q-2026-09-28-md-7049955,money,flow,commitment,unknown,543457,,,USD,USD,,,oecd-crs-energy-idn-2015-q-2026-09-28-md-7049955,oecd_crs_energy_microdata,1,2026-09-28,accepted,,"OECD Q value already in 2024 constant USD; UNIT_MULT applied, no FX or deflator rate applied"
crs-marker-biodiversity-oecd-crs-energy-idn-2015-q-2026-09-28-md-7049955,line,oecd-crs-energy-idn-2015-q-2026-09-28-md-7049955,,marker,,,0,,,,,0,biodiversity,oecd-crs-energy-idn-2015-q-2026-09-28-md-7049955,oecd_crs_energy_microdata,1,2026-09-28,accepted,,
crs-marker-mitigation-oecd-crs-energy-idn-2015-q-2026-09-28-md-7049955,line,oecd-crs-energy-idn-2015-q-2026-09-28-md-7049955,,marker,,,0,,,,,0,mitigation,oecd-crs-energy-idn-2015-q-2026-09-28-md-7049955,oecd_crs_energy_microdata,1,2026-09-28,accepted,,
crs-marker-adaptation-oecd-crs-energy-idn-2015-q-2026-09-28-md-7049955,line,oecd-crs-energy-idn-2015-q-2026-09-28-md-7049955,,marker,,,0,,,,,0,adaptation,oecd-crs-energy-idn-2015-q-2026-09-28-md-7049955,oecd_crs_energy_microdata,1,2026-09-28,accepted,,
crs-marker-desertification-oecd-crs-energy-idn-2015-q-2026-09-28-md-7049955,line,oecd-crs-energy-idn-2015-q-2026-09-28-md-7049955,,marker,,,0,,,,,0,desertification,oecd-crs-energy-idn-2015-q-2026-09-28-md-7049955,oecd_crs_energy_microdata,1,2026-09-28,accepted,,
crs-flow-oecd-crs-energy-idn-2015-q-2026-09-28-md-7049583,line,oecd-crs-energy-idn-2015-q-2026-09-28-md-7049583,money,flow,commitment,unknown,345060,,,USD,USD,,,oecd-crs-energy-idn-2015-q-2026-09-28-md-7049583,oecd_crs_energy_microdata,1,2026-09-28,accepted,,"OECD Q value already in 2024 constant USD; UNIT_MULT applied, no FX or deflator rate applied"
crs-marker-biodiversity-oecd-crs-energy-idn-2015-q-2026-09-28-md-7049583,line,oecd-crs-energy-idn-2015-q-2026-09-28-md-7049583,,marker,,,0,,,,,0,biodiversity,oecd-crs-energy-idn-2015-q-2026-09-28-md-7049583,oecd_crs_energy_microdata,1,2026-09-28,accepted,,
crs-marker-mitigation-oecd-crs-energy-idn-2015-q-2026-09-28-md-7049583,line,oecd-crs-energy-idn-2015-q-2026-09-28-md-7049583,,marker,,,0,,,,,0,mitigation,oecd-crs-energy-idn-2015-q-2026-09-28-md-7049583,oecd_crs_energy_microdata,1,2026-09-28,accepted,,
crs-marker-adaptation-oecd-crs-energy-idn-2015-q-2026-09-28-md-7049583,line,oecd-crs-energy-idn-2015-q-2026-09-28-md-7049583,,marker,,,0,,,,,0,adaptation,oecd-crs-energy-idn-2015-q-2026-09-28-md-7049583,oecd_crs_energy_microdata,1,2026-09-28,accepted,,
crs-marker-desertification-oecd-crs-energy-idn-2015-q-2026-09-28-md-7049583,line,oecd-crs-energy-idn-2015-q-2026-09-28-md-7049583,,marker,,,0,,,,,0,desertification,oecd-crs-energy-idn-2015-q-2026-09-28-md-7049583,oecd_crs_energy_microdata,1,2026-09-28,accepted,,
crs-flow-oecd-crs-energy-idn-2015-q-2026-09-28-md-7049238,line,oecd-crs-energy-idn-2015-q-2026-09-28-md-7049238,money,flow,commitment,unknown,211988,,,USD,USD,,,oecd-crs-energy-idn-2015-q-2026-09-28-md-7049238,oecd_crs_energy_microdata,1,2026-09-28,accepted,,"OECD Q value already in 2024 constant USD; UNIT_MULT applied, no FX or deflator rate applied"
crs-marker-biodiversity-oecd-crs-energy-idn-2015-q-2026-09-28-md-7049238,line,oecd-crs-energy-idn-2015-q-2026-09-28-md-7049238,,marker,,,0,,,,,0,biodiversity,oecd-crs-energy-idn-2015-q-2026-09-28-md-7049238,oecd_crs_energy_microdata,1,2026-09-28,accepted,,
crs-marker-mitigation-oecd-crs-energy-idn-2015-q-2026-09-28-md-7049238,line,oecd-crs-energy-idn-2015-q-2026-09-28-md-7049238,,marker,,,0,,,,,0,mitigation,oecd-crs-energy-idn-2015-q-2026-09-28-md-7049238,oecd_crs_energy_microdata,1,2026-09-28,accepted,,
