timing_id,observation_id,date_role,date,date_precision,lower_bound,upper_bound,line_id,recorded_at
timing-observation-iati-energy-id-2026-09-28-d7b537e55d9614a7f6cc-tx-58,observation-iati-energy-id-2026-09-28-d7b537e55d9614a7f6cc-tx-58,event,2022-12-31,day,,,iati-energy-id-2026-09-28-d7b537e55d9614a7f6cc,2026-09-28
timing-observation-iati-energy-id-2026-09-28-d7b537e55d9614a7f6cc-tx-59,observation-iati-energy-id-2026-09-28-d7b537e55d9614a7f6cc-tx-59,event,2023-01-31,day,,,iati-energy-id-2026-09-28-d7b537e55d9614a7f6cc,2026-09-28
timing-observation-iati-energy-id-2026-09-28-d7b537e55d9614a7f6cc-tx-60,observation-iati-energy-id-2026-09-28-d7b537e55d9614a7f6cc-tx-60,event,2023-02-28,day,,,iati-energy-id-2026-09-28-d7b537e55d9614a7f6cc,2026-09-28
timing-observation-iati-energy-id-2026-09-28-d7b537e55d9614a7f6cc-tx-61,observation-iati-energy-id-2026-09-28-d7b537e55d9614a7f6cc-tx-61,event,2023-03-31,day,,,iati-energy-id-2026-09-28-d7b537e55d9614a7f6cc,2026-09-28
timing-observation-iati-energy-id-2026-09-28-d7b537e55d9614a7f6cc-tx-62,observation-iati-energy-id-2026-09-28-d7b537e55d9614a7f6cc-tx-62,event,2023-04-30,day,,,iati-energy-id-2026-09-28-d7b537e55d9614a7f6cc,2026-09-28
timing-observation-iati-energy-id-2026-09-28-d7b537e55d9614a7f6cc-tx-63,observation-iati-energy-id-2026-09-28-d7b537e55d9614a7f6cc-tx-63,event,2023-05-31,day,,,iati-energy-id-2026-09-28-d7b537e55d9614a7f6cc,2026-09-28
timing-observation-iati-energy-id-2026-09-28-d7b537e55d9614a7f6cc-tx-64,observation-iati-energy-id-2026-09-28-d7b537e55d9614a7f6cc-tx-64,event,2023-06-30,day,,,iati-energy-id-2026-09-28-d7b537e55d9614a7f6cc,2026-09-28
timing-observation-iati-energy-id-2026-09-28-d7b537e55d9614a7f6cc-tx-65,observation-iati-energy-id-2026-09-28-d7b537e55d9614a7f6cc-tx-65,event,2023-07-31,day,,,iati-energy-id-2026-09-28-d7b537e55d9614a7f6cc,2026-09-28
timing-observation-iati-energy-id-2026-09-28-d7b537e55d9614a7f6cc-tx-66,observation-iati-energy-id-2026-09-28-d7b537e55d9614a7f6cc-tx-66,event,2023-08-31,day,,,iati-energy-id-2026-09-28-d7b537e55d9614a7f6cc,2026-09-28
timing-observation-iati-energy-id-2026-09-28-d7b537e55d9614a7f6cc-tx-67,observation-iati-energy-id-2026-09-28-d7b537e55d9614a7f6cc-tx-67,event,2023-09-30,day,,,iati-energy-id-2026-09-28-d7b537e55d9614a7f6cc,2026-09-28
timing-observation-iati-energy-id-2026-09-28-d7b537e55d9614a7f6cc-tx-68,observation-iati-energy-id-2026-09-28-d7b537e55d9614a7f6cc-tx-68,event,2023-10-31,day,,,iati-energy-id-2026-09-28-d7b537e55d9614a7f6cc,2026-09-28
timing-observation-iati-energy-id-2026-09-28-d7b537e55d9614a7f6cc-tx-69,observation-iati-energy-id-2026-09-28-d7b537e55d9614a7f6cc-tx-69,event,2023-11-30,day,,,iati-energy-id-2026-09-28-d7b537e55d9614a7f6cc,2026-09-28
timing-observation-iati-energy-id-2026-09-28-d7b537e55d9614a7f6cc-tx-70,observation-iati-energy-id-2026-09-28-d7b537e55d9614a7f6cc-tx-70,event,2023-12-31,day,,,iati-energy-id-2026-09-28-d7b537e55d9614a7f6cc,2026-09-28
timing-observation-iati-energy-id-2026-09-28-d7b537e55d9614a7f6cc-tx-71,observation-iati-energy-id-2026-09-28-d7b537e55d9614a7f6cc-tx-71,event,2024-01-31,day,,,iati-energy-id-2026-09-28-d7b537e55d9614a7f6cc,2026-09-28
timing-observation-iati-energy-id-2026-09-28-d7b537e55d9614a7f6cc-tx-72,observation-iati-energy-id-2026-09-28-d7b537e55d9614a7f6cc-tx-72,event,2024-02-29,day,,,iati-energy-id-2026-09-28-d7b537e55d9614a7f6cc,2026-09-28
timing-observation-iati-energy-id-2026-09-28-d7b537e55d9614a7f6cc-tx-73,observation-iati-energy-id-2026-09-28-d7b537e55d9614a7f6cc-tx-73,event,2024-03-31,day,,,iati-energy-id-2026-09-28-d7b537e55d9614a7f6cc,2026-09-28
timing-observation-iati-energy-id-2026-09-28-d7b537e55d9614a7f6cc-tx-74,observation-iati-energy-id-2026-09-28-d7b537e55d9614a7f6cc-tx-74,event,2024-04-30,day,,,iati-energy-id-2026-09-28-d7b537e55d9614a7f6cc,2026-09-28
timing-observation-iati-energy-id-2026-09-28-d7b537e55d9614a7f6cc-tx-75,observation-iati-energy-id-2026-09-28-d7b537e55d9614a7f6cc-tx-75,event,2024-05-31,day,,,iati-energy-id-2026-09-28-d7b537e55d9614a7f6cc,2026-09-28
timing-observation-iati-energy-id-2026-09-28-d7b537e55d9614a7f6cc-tx-76,observation-iati-energy-id-2026-09-28-d7b537e55d9614a7f6cc-tx-76,event,2024-06-30,day,,,iati-energy-id-2026-09-28-d7b537e55d9614a7f6cc,2026-09-28
timing-observation-iati-energy-id-2026-09-28-d7b537e55d9614a7f6cc-tx-77,observation-iati-energy-id-2026-09-28-d7b537e55d9614a7f6cc-tx-77,event,2024-07-31,day,,,iati-energy-id-2026-09-28-d7b537e55d9614a7f6cc,2026-09-28
timing-observation-iati-energy-id-2026-09-28-d7b537e55d9614a7f6cc-tx-78,observation-iati-energy-id-2026-09-28-d7b537e55d9614a7f6cc-tx-78,event,2024-08-31,day,,,iati-energy-id-2026-09-28-d7b537e55d9614a7f6cc,2026-09-28
timing-observation-iati-energy-id-2026-09-28-d7b537e55d9614a7f6cc-tx-79,observation-iati-energy-id-2026-09-28-d7b537e55d9614a7f6cc-tx-79,event,2024-09-30,day,,,iati-energy-id-2026-09-28-d7b537e55d9614a7f6cc,2026-09-28
timing-observation-iati-energy-id-2026-09-28-d7b537e55d9614a7f6cc-tx-80,observation-iati-energy-id-2026-09-28-d7b537e55d9614a7f6cc-tx-80,event,2024-10-31,day,,,iati-energy-id-2026-09-28-d7b537e55d9614a7f6cc,2026-09-28
timing-observation-iati-energy-id-2026-09-28-d7b537e55d9614a7f6cc-tx-81,observation-iati-energy-id-2026-09-28-d7b537e55d9614a7f6cc-tx-81,event,2024-11-30,day,,,iati-energy-id-2026-09-28-d7b537e55d9614a7f6cc,2026-09-28
timing-observation-iati-energy-id-2026-09-28-d7b537e55d9614a7f6cc-tx-82,observation-iati-energy-id-2026-09-28-d7b537e55d9614a7f6cc-tx-82,event,2024-12-31,day,,,iati-energy-id-2026-09-28-d7b537e55d9614a7f6cc,2026-09-28
timing-observation-iati-energy-id-2026-09-28-d7b537e55d9614a7f6cc-tx-83,observation-iati-energy-id-2026-09-28-d7b537e55d9614a7f6cc-tx-83,event,2025-01-31,day,,,iati-energy-id-2026-09-28-d7b537e55d9614a7f6cc,2026-09-28
timing-observation-iati-energy-id-2026-09-28-d7b537e55d9614a7f6cc-tx-84,observation-iati-energy-id-2026-09-28-d7b537e55d9614a7f6cc-tx-84,event,2025-02-28,day,,,iati-energy-id-2026-09-28-d7b537e55d9614a7f6cc,2026-09-28
timing-observation-iati-energy-id-2026-09-28-d7b537e55d9614a7f6cc-tx-85,observation-iati-energy-id-2026-09-28-d7b537e55d9614a7f6cc-tx-85,event,2025-03-31,day,,,iati-energy-id-2026-09-28-d7b537e55d9614a7f6cc,2026-09-28
timing-observation-iati-energy-id-2026-09-28-d7b537e55d9614a7f6cc-tx-86,observation-iati-energy-id-2026-09-28-d7b537e55d9614a7f6cc-tx-86,event,2025-04-30,day,,,iati-energy-id-2026-09-28-d7b537e55d9614a7f6cc,2026-09-28
timing-observation-iati-energy-id-2026-09-28-d7b537e55d9614a7f6cc-tx-87,observation-iati-energy-id-2026-09-28-d7b537e55d9614a7f6cc-tx-87,event,2025-05-31,day,,,iati-energy-id-2026-09-28-d7b537e55d9614a7f6cc,2026-09-28
timing-observation-iati-energy-id-2026-09-28-d7b537e55d9614a7f6cc-tx-88,observation-iati-energy-id-2026-09-28-d7b537e55d9614a7f6cc-tx-88,event,2025-06-30,day,,,iati-energy-id-2026-09-28-d7b537e55d9614a7f6cc,2026-09-28
timing-observation-iati-energy-id-2026-09-28-d7b537e55d9614a7f6cc-tx-89,observation-iati-energy-id-2026-09-28-d7b537e55d9614a7f6cc-tx-89,event,2025-07-31,day,,,iati-energy-id-2026-09-28-d7b537e55d9614a7f6cc,2026-09-28
timing-observation-iati-energy-id-2026-09-28-d7b537e55d9614a7f6cc-tx-90,observation-iati-energy-id-2026-09-28-d7b537e55d9614a7f6cc-tx-90,event,2025-08-31,day,,,iati-energy-id-2026-09-28-d7b537e55d9614a7f6cc,2026-09-28
timing-observation-iati-energy-id-2026-09-28-d7b537e55d9614a7f6cc-tx-91,observation-iati-energy-id-2026-09-28-d7b537e55d9614a7f6cc-tx-91,event,2025-09-30,day,,,iati-energy-id-2026-09-28-d7b537e55d9614a7f6cc,2026-09-28
timing-observation-iati-energy-id-2026-09-28-d7b537e55d9614a7f6cc-tx-92,observation-iati-energy-id-2026-09-28-d7b537e55d9614a7f6cc-tx-92,event,2025-10-31,day,,,iati-energy-id-2026-09-28-d7b537e55d9614a7f6cc,2026-09-28
timing-observation-iati-energy-id-2026-09-28-d7b537e55d9614a7f6cc-tx-93,observation-iati-energy-id-2026-09-28-d7b537e55d9614a7f6cc-tx-93,event,2025-11-30,day,,,iati-energy-id-2026-09-28-d7b537e55d9614a7f6cc,2026-09-28
timing-observation-iati-energy-id-2026-09-28-d7b537e55d9614a7f6cc-tx-94,observation-iati-energy-id-2026-09-28-d7b537e55d9614a7f6cc-tx-94,event,2025-12-31,day,,,iati-energy-id-2026-09-28-d7b537e55d9614a7f6cc,2026-09-28
timing-observation-iati-energy-id-2026-09-28-d7b537e55d9614a7f6cc-tx-95,observation-iati-energy-id-2026-09-28-d7b537e55d9614a7f6cc-tx-95,event,2026-01-31,day,,,iati-energy-id-2026-09-28-d7b537e55d9614a7f6cc,2026-09-28
timing-observation-iati-energy-id-2026-09-28-d7b537e55d9614a7f6cc-tx-96,observation-iati-energy-id-2026-09-28-d7b537e55d9614a7f6cc-tx-96,event,2026-02-28,day,,,iati-energy-id-2026-09-28-d7b537e55d9614a7f6cc,2026-09-28
timing-observation-iati-energy-id-2026-09-28-d7b537e55d9614a7f6cc-tx-97,observation-iati-energy-id-2026-09-28-d7b537e55d9614a7f6cc-tx-97,event,2026-03-31,day,,,iati-energy-id-2026-09-28-d7b537e55d9614a7f6cc,2026-09-28
timing-observation-iati-energy-id-2026-09-28-d7b537e55d9614a7f6cc-tx-98,observation-iati-energy-id-2026-09-28-d7b537e55d9614a7f6cc-tx-98,event,2026-04-30,day,,,iati-energy-id-2026-09-28-d7b537e55d9614a7f6cc,2026-09-28
timing-observation-iati-energy-id-2026-09-28-d7b537e55d9614a7f6cc-tx-99,observation-iati-energy-id-2026-09-28-d7b537e55d9614a7f6cc-tx-99,event,2026-05-31,day,,,iati-energy-id-2026-09-28-d7b537e55d9614a7f6cc,2026-09-28
timing-observation-iati-energy-id-2026-09-28-d7b537e55d9614a7f6cc-tx-100,observation-iati-energy-id-2026-09-28-d7b537e55d9614a7f6cc-tx-100,event,2026-06-30,day,,,iati-energy-id-2026-09-28-d7b537e55d9614a7f6cc,2026-09-28
timing-observation-iati-energy-id-2026-09-28-d7b537e55d9614a7f6cc-tx-101,observation-iati-energy-id-2026-09-28-d7b537e55d9614a7f6cc-tx-101,event,2026-07-31,day,,,iati-energy-id-2026-09-28-d7b537e55d9614a7f6cc,2026-09-28
timing-observation-iati-energy-id-2026-09-28-9966ea91f92707eabbde-tx-1,observation-iati-energy-id-2026-09-28-9966ea91f92707eabbde-tx-1,event,2018-04-19,day,,,iati-energy-id-2026-09-28-9966ea91f92707eabbde,2026-09-28
timing-observation-iati-energy-id-2026-09-28-9966ea91f92707eabbde-tx-2,observation-iati-energy-id-2026-09-28-9966ea91f92707eabbde-tx-2,event,2018-04-30,day,,,iati-energy-id-2026-09-28-9966ea91f92707eabbde,2026-09-28
timing-observation-iati-energy-id-2026-09-28-9966ea91f92707eabbde-tx-3,observation-iati-energy-id-2026-09-28-9966ea91f92707eabbde-tx-3,event,2018-05-31,day,,,iati-energy-id-2026-09-28-9966ea91f92707eabbde,2026-09-28
timing-observation-iati-energy-id-2026-09-28-9966ea91f92707eabbde-tx-4,observation-iati-energy-id-2026-09-28-9966ea91f92707eabbde-tx-4,event,2018-06-30,day,,,iati-energy-id-2026-09-28-9966ea91f92707eabbde,2026-09-28
timing-observation-iati-energy-id-2026-09-28-9966ea91f92707eabbde-tx-5,observation-iati-energy-id-2026-09-28-9966ea91f92707eabbde-tx-5,event,2018-07-31,day,,,iati-energy-id-2026-09-28-9966ea91f92707eabbde,2026-09-28
timing-observation-iati-energy-id-2026-09-28-9966ea91f92707eabbde-tx-6,observation-iati-energy-id-2026-09-28-9966ea91f92707eabbde-tx-6,event,2018-08-31,day,,,iati-energy-id-2026-09-28-9966ea91f92707eabbde,2026-09-28
timing-observation-iati-energy-id-2026-09-28-9966ea91f92707eabbde-tx-7,observation-iati-energy-id-2026-09-28-9966ea91f92707eabbde-tx-7,event,2018-09-30,day,,,iati-energy-id-2026-09-28-9966ea91f92707eabbde,2026-09-28
timing-observation-iati-energy-id-2026-09-28-9966ea91f92707eabbde-tx-8,observation-iati-energy-id-2026-09-28-9966ea91f92707eabbde-tx-8,event,2018-10-31,day,,,iati-energy-id-2026-09-28-9966ea91f92707eabbde,2026-09-28
timing-observation-iati-energy-id-2026-09-28-9966ea91f92707eabbde-tx-9,observation-iati-energy-id-2026-09-28-9966ea91f92707eabbde-tx-9,event,2018-11-30,day,,,iati-energy-id-2026-09-28-9966ea91f92707eabbde,2026-09-28
timing-observation-iati-energy-id-2026-09-28-9966ea91f92707eabbde-tx-10,observation-iati-energy-id-2026-09-28-9966ea91f92707eabbde-tx-10,event,2018-12-31,day,,,iati-energy-id-2026-09-28-9966ea91f92707eabbde,2026-09-28
timing-observation-iati-energy-id-2026-09-28-9966ea91f92707eabbde-tx-11,observation-iati-energy-id-2026-09-28-9966ea91f92707eabbde-tx-11,event,2019-01-31,day,,,iati-energy-id-2026-09-28-9966ea91f92707eabbde,2026-09-28
timing-observation-iati-energy-id-2026-09-28-9966ea91f92707eabbde-tx-12,observation-iati-energy-id-2026-09-28-9966ea91f92707eabbde-tx-12,event,2019-02-28,day,,,iati-energy-id-2026-09-28-9966ea91f92707eabbde,2026-09-28
timing-observation-iati-energy-id-2026-09-28-9966ea91f92707eabbde-tx-13,observation-iati-energy-id-2026-09-28-9966ea91f92707eabbde-tx-13,event,2019-03-31,day,,,iati-energy-id-2026-09-28-9966ea91f92707eabbde,2026-09-28
timing-observation-iati-energy-id-2026-09-28-9966ea91f92707eabbde-tx-14,observation-iati-energy-id-2026-09-28-9966ea91f92707eabbde-tx-14,event,2019-04-30,day,,,iati-energy-id-2026-09-28-9966ea91f92707eabbde,2026-09-28
timing-observation-iati-energy-id-2026-09-28-9966ea91f92707eabbde-tx-15,observation-iati-energy-id-2026-09-28-9966ea91f92707eabbde-tx-15,event,2019-05-31,day,,,iati-energy-id-2026-09-28-9966ea91f92707eabbde,2026-09-28
timing-observation-iati-energy-id-2026-09-28-9966ea91f92707eabbde-tx-16,observation-iati-energy-id-2026-09-28-9966ea91f92707eabbde-tx-16,event,2019-06-30,day,,,iati-energy-id-2026-09-28-9966ea91f92707eabbde,2026-09-28
timing-observation-iati-energy-id-2026-09-28-9966ea91f92707eabbde-tx-17,observation-iati-energy-id-2026-09-28-9966ea91f92707eabbde-tx-17,event,2019-07-31,day,,,iati-energy-id-2026-09-28-9966ea91f92707eabbde,2026-09-28
timing-observation-iati-energy-id-2026-09-28-9966ea91f92707eabbde-tx-18,observation-iati-energy-id-2026-09-28-9966ea91f92707eabbde-tx-18,event,2019-08-31,day,,,iati-energy-id-2026-09-28-9966ea91f92707eabbde,2026-09-28
timing-observation-iati-energy-id-2026-09-28-9966ea91f92707eabbde-tx-19,observation-iati-energy-id-2026-09-28-9966ea91f92707eabbde-tx-19,event,2019-09-30,day,,,iati-energy-id-2026-09-28-9966ea91f92707eabbde,2026-09-28
timing-observation-iati-energy-id-2026-09-28-9966ea91f92707eabbde-tx-20,observation-iati-energy-id-2026-09-28-9966ea91f92707eabbde-tx-20,event,2019-10-31,day,,,iati-energy-id-2026-09-28-9966ea91f92707eabbde,2026-09-28
timing-observation-iati-energy-id-2026-09-28-9966ea91f92707eabbde-tx-21,observation-iati-energy-id-2026-09-28-9966ea91f92707eabbde-tx-21,event,2019-11-30,day,,,iati-energy-id-2026-09-28-9966ea91f92707eabbde,2026-09-28
timing-observation-iati-energy-id-2026-09-28-9966ea91f92707eabbde-tx-22,observation-iati-energy-id-2026-09-28-9966ea91f92707eabbde-tx-22,event,2019-12-31,day,,,iati-energy-id-2026-09-28-9966ea91f92707eabbde,2026-09-28
timing-observation-iati-energy-id-2026-09-28-9966ea91f92707eabbde-tx-23,observation-iati-energy-id-2026-09-28-9966ea91f92707eabbde-tx-23,event,2020-01-31,day,,,iati-energy-id-2026-09-28-9966ea91f92707eabbde,2026-09-28
timing-observation-iati-energy-id-2026-09-28-9966ea91f92707eabbde-tx-24,observation-iati-energy-id-2026-09-28-9966ea91f92707eabbde-tx-24,event,2020-02-29,day,,,iati-energy-id-2026-09-28-9966ea91f92707eabbde,2026-09-28
timing-observation-iati-energy-id-2026-09-28-9966ea91f92707eabbde-tx-25,observation-iati-energy-id-2026-09-28-9966ea91f92707eabbde-tx-25,event,2020-03-31,day,,,iati-energy-id-2026-09-28-9966ea91f92707eabbde,2026-09-28
timing-observation-iati-energy-id-2026-09-28-9966ea91f92707eabbde-tx-26,observation-iati-energy-id-2026-09-28-9966ea91f92707eabbde-tx-26,event,2020-04-30,day,,,iati-energy-id-2026-09-28-9966ea91f92707eabbde,2026-09-28
timing-observation-iati-energy-id-2026-09-28-9966ea91f92707eabbde-tx-27,observation-iati-energy-id-2026-09-28-9966ea91f92707eabbde-tx-27,event,2020-05-31,day,,,iati-energy-id-2026-09-28-9966ea91f92707eabbde,2026-09-28
timing-observation-iati-energy-id-2026-09-28-9966ea91f92707eabbde-tx-28,observation-iati-energy-id-2026-09-28-9966ea91f92707eabbde-tx-28,event,2020-06-30,day,,,iati-energy-id-2026-09-28-9966ea91f92707eabbde,2026-09-28
timing-observation-iati-energy-id-2026-09-28-9966ea91f92707eabbde-tx-29,observation-iati-energy-id-2026-09-28-9966ea91f92707eabbde-tx-29,event,2020-07-31,day,,,iati-energy-id-2026-09-28-9966ea91f92707eabbde,2026-09-28
timing-observation-iati-energy-id-2026-09-28-9966ea91f92707eabbde-tx-30,observation-iati-energy-id-2026-09-28-9966ea91f92707eabbde-tx-30,event,2020-08-31,day,,,iati-energy-id-2026-09-28-9966ea91f92707eabbde,2026-09-28
timing-observation-iati-energy-id-2026-09-28-9966ea91f92707eabbde-tx-31,observation-iati-energy-id-2026-09-28-9966ea91f92707eabbde-tx-31,event,2020-09-30,day,,,iati-energy-id-2026-09-28-9966ea91f92707eabbde,2026-09-28
timing-observation-iati-energy-id-2026-09-28-9966ea91f92707eabbde-tx-32,observation-iati-energy-id-2026-09-28-9966ea91f92707eabbde-tx-32,event,2020-10-31,day,,,iati-energy-id-2026-09-28-9966ea91f92707eabbde,2026-09-28
timing-observation-iati-energy-id-2026-09-28-9966ea91f92707eabbde-tx-33,observation-iati-energy-id-2026-09-28-9966ea91f92707eabbde-tx-33,event,2020-11-30,day,,,iati-energy-id-2026-09-28-9966ea91f92707eabbde,2026-09-28
timing-observation-iati-energy-id-2026-09-28-9966ea91f92707eabbde-tx-34,observation-iati-energy-id-2026-09-28-9966ea91f92707eabbde-tx-34,event,2020-12-31,day,,,iati-energy-id-2026-09-28-9966ea91f92707eabbde,2026-09-28
timing-observation-iati-energy-id-2026-09-28-9966ea91f92707eabbde-tx-35,observation-iati-energy-id-2026-09-28-9966ea91f92707eabbde-tx-35,event,2021-01-31,day,,,iati-energy-id-2026-09-28-9966ea91f92707eabbde,2026-09-28
timing-observation-iati-energy-id-2026-09-28-9966ea91f92707eabbde-tx-36,observation-iati-energy-id-2026-09-28-9966ea91f92707eabbde-tx-36,event,2021-02-28,day,,,iati-energy-id-2026-09-28-9966ea91f92707eabbde,2026-09-28
timing-observation-iati-energy-id-2026-09-28-9966ea91f92707eabbde-tx-37,observation-iati-energy-id-2026-09-28-9966ea91f92707eabbde-tx-37,event,2021-03-31,day,,,iati-energy-id-2026-09-28-9966ea91f92707eabbde,2026-09-28
timing-observation-iati-energy-id-2026-09-28-9966ea91f92707eabbde-tx-38,observation-iati-energy-id-2026-09-28-9966ea91f92707eabbde-tx-38,event,2021-04-30,day,,,iati-energy-id-2026-09-28-9966ea91f92707eabbde,2026-09-28
timing-observation-iati-energy-id-2026-09-28-9966ea91f92707eabbde-tx-39,observation-iati-energy-id-2026-09-28-9966ea91f92707eabbde-tx-39,event,2021-05-31,day,,,iati-energy-id-2026-09-28-9966ea91f92707eabbde,2026-09-28
timing-observation-iati-energy-id-2026-09-28-9966ea91f92707eabbde-tx-40,observation-iati-energy-id-2026-09-28-9966ea91f92707eabbde-tx-40,event,2021-06-30,day,,,iati-energy-id-2026-09-28-9966ea91f92707eabbde,2026-09-28
timing-observation-iati-energy-id-2026-09-28-9966ea91f92707eabbde-tx-41,observation-iati-energy-id-2026-09-28-9966ea91f92707eabbde-tx-41,event,2021-07-31,day,,,iati-energy-id-2026-09-28-9966ea91f92707eabbde,2026-09-28
timing-observation-iati-energy-id-2026-09-28-9966ea91f92707eabbde-tx-42,observation-iati-energy-id-2026-09-28-9966ea91f92707eabbde-tx-42,event,2021-08-31,day,,,iati-energy-id-2026-09-28-9966ea91f92707eabbde,2026-09-28
timing-observation-iati-energy-id-2026-09-28-9966ea91f92707eabbde-tx-43,observation-iati-energy-id-2026-09-28-9966ea91f92707eabbde-tx-43,event,2021-09-30,day,,,iati-energy-id-2026-09-28-9966ea91f92707eabbde,2026-09-28
timing-observation-iati-energy-id-2026-09-28-9966ea91f92707eabbde-tx-44,observation-iati-energy-id-2026-09-28-9966ea91f92707eabbde-tx-44,event,2021-10-31,day,,,iati-energy-id-2026-09-28-9966ea91f92707eabbde,2026-09-28
timing-observation-iati-energy-id-2026-09-28-9966ea91f92707eabbde-tx-45,observation-iati-energy-id-2026-09-28-9966ea91f92707eabbde-tx-45,event,2021-11-30,day,,,iati-energy-id-2026-09-28-9966ea91f92707eabbde,2026-09-28
timing-observation-iati-energy-id-2026-09-28-9966ea91f92707eabbde-tx-46,observation-iati-energy-id-2026-09-28-9966ea91f92707eabbde-tx-46,event,2021-12-31,day,,,iati-energy-id-2026-09-28-9966ea91f92707eabbde,2026-09-28
timing-observation-iati-energy-id-2026-09-28-9966ea91f92707eabbde-tx-47,observation-iati-energy-id-2026-09-28-9966ea91f92707eabbde-tx-47,event,2022-01-31,day,,,iati-energy-id-2026-09-28-9966ea91f92707eabbde,2026-09-28
timing-observation-iati-energy-id-2026-09-28-9966ea91f92707eabbde-tx-48,observation-iati-energy-id-2026-09-28-9966ea91f92707eabbde-tx-48,event,2022-02-28,day,,,iati-energy-id-2026-09-28-9966ea91f92707eabbde,2026-09-28
timing-observation-iati-energy-id-2026-09-28-9966ea91f92707eabbde-tx-49,observation-iati-energy-id-2026-09-28-9966ea91f92707eabbde-tx-49,event,2022-03-31,day,,,iati-energy-id-2026-09-28-9966ea91f92707eabbde,2026-09-28
timing-observation-iati-energy-id-2026-09-28-9966ea91f92707eabbde-tx-50,observation-iati-energy-id-2026-09-28-9966ea91f92707eabbde-tx-50,event,2022-04-30,day,,,iati-energy-id-2026-09-28-9966ea91f92707eabbde,2026-09-28
timing-observation-iati-energy-id-2026-09-28-9966ea91f92707eabbde-tx-51,observation-iati-energy-id-2026-09-28-9966ea91f92707eabbde-tx-51,event,2022-05-31,day,,,iati-energy-id-2026-09-28-9966ea91f92707eabbde,2026-09-28
timing-observation-iati-energy-id-2026-09-28-9966ea91f92707eabbde-tx-52,observation-iati-energy-id-2026-09-28-9966ea91f92707eabbde-tx-52,event,2022-06-30,day,,,iati-energy-id-2026-09-28-9966ea91f92707eabbde,2026-09-28
timing-observation-iati-energy-id-2026-09-28-9966ea91f92707eabbde-tx-53,observation-iati-energy-id-2026-09-28-9966ea91f92707eabbde-tx-53,event,2022-07-31,day,,,iati-energy-id-2026-09-28-9966ea91f92707eabbde,2026-09-28
timing-observation-iati-energy-id-2026-09-28-9966ea91f92707eabbde-tx-54,observation-iati-energy-id-2026-09-28-9966ea91f92707eabbde-tx-54,event,2022-08-31,day,,,iati-energy-id-2026-09-28-9966ea91f92707eabbde,2026-09-28
timing-observation-iati-energy-id-2026-09-28-9966ea91f92707eabbde-tx-55,observation-iati-energy-id-2026-09-28-9966ea91f92707eabbde-tx-55,event,2022-09-30,day,,,iati-energy-id-2026-09-28-9966ea91f92707eabbde,2026-09-28
timing-observation-iati-energy-id-2026-09-28-9966ea91f92707eabbde-tx-56,observation-iati-energy-id-2026-09-28-9966ea91f92707eabbde-tx-56,event,2022-10-31,day,,,iati-energy-id-2026-09-28-9966ea91f92707eabbde,2026-09-28
timing-observation-iati-energy-id-2026-09-28-9966ea91f92707eabbde-tx-57,observation-iati-energy-id-2026-09-28-9966ea91f92707eabbde-tx-57,event,2022-11-30,day,,,iati-energy-id-2026-09-28-9966ea91f92707eabbde,2026-09-28
timing-observation-iati-energy-id-2026-09-28-9966ea91f92707eabbde-tx-58,observation-iati-energy-id-2026-09-28-9966ea91f92707eabbde-tx-58,event,2022-12-31,day,,,iati-energy-id-2026-09-28-9966ea91f92707eabbde,2026-09-28
timing-observation-iati-energy-id-2026-09-28-9966ea91f92707eabbde-tx-59,observation-iati-energy-id-2026-09-28-9966ea91f92707eabbde-tx-59,event,2023-01-31,day,,,iati-energy-id-2026-09-28-9966ea91f92707eabbde,2026-09-28
timing-observation-iati-energy-id-2026-09-28-9966ea91f92707eabbde-tx-60,observation-iati-energy-id-2026-09-28-9966ea91f92707eabbde-tx-60,event,2023-02-28,day,,,iati-energy-id-2026-09-28-9966ea91f92707eabbde,2026-09-28
timing-observation-iati-energy-id-2026-09-28-9966ea91f92707eabbde-tx-61,observation-iati-energy-id-2026-09-28-9966ea91f92707eabbde-tx-61,event,2023-03-31,day,,,iati-energy-id-2026-09-28-9966ea91f92707eabbde,2026-09-28
timing-observation-iati-energy-id-2026-09-28-9966ea91f92707eabbde-tx-62,observation-iati-energy-id-2026-09-28-9966ea91f92707eabbde-tx-62,event,2023-04-30,day,,,iati-energy-id-2026-09-28-9966ea91f92707eabbde,2026-09-28
timing-observation-iati-energy-id-2026-09-28-9966ea91f92707eabbde-tx-63,observation-iati-energy-id-2026-09-28-9966ea91f92707eabbde-tx-63,event,2023-05-31,day,,,iati-energy-id-2026-09-28-9966ea91f92707eabbde,2026-09-28
timing-observation-iati-energy-id-2026-09-28-9966ea91f92707eabbde-tx-64,observation-iati-energy-id-2026-09-28-9966ea91f92707eabbde-tx-64,event,2023-06-30,day,,,iati-energy-id-2026-09-28-9966ea91f92707eabbde,2026-09-28
timing-observation-iati-energy-id-2026-09-28-9966ea91f92707eabbde-tx-65,observation-iati-energy-id-2026-09-28-9966ea91f92707eabbde-tx-65,event,2023-07-31,day,,,iati-energy-id-2026-09-28-9966ea91f92707eabbde,2026-09-28
timing-observation-iati-energy-id-2026-09-28-9966ea91f92707eabbde-tx-66,observation-iati-energy-id-2026-09-28-9966ea91f92707eabbde-tx-66,event,2023-08-31,day,,,iati-energy-id-2026-09-28-9966ea91f92707eabbde,2026-09-28
timing-observation-iati-energy-id-2026-09-28-9966ea91f92707eabbde-tx-67,observation-iati-energy-id-2026-09-28-9966ea91f92707eabbde-tx-67,event,2023-09-30,day,,,iati-energy-id-2026-09-28-9966ea91f92707eabbde,2026-09-28
timing-observation-iati-energy-id-2026-09-28-9966ea91f92707eabbde-tx-68,observation-iati-energy-id-2026-09-28-9966ea91f92707eabbde-tx-68,event,2023-10-31,day,,,iati-energy-id-2026-09-28-9966ea91f92707eabbde,2026-09-28
timing-observation-iati-energy-id-2026-09-28-9966ea91f92707eabbde-tx-69,observation-iati-energy-id-2026-09-28-9966ea91f92707eabbde-tx-69,event,2023-11-30,day,,,iati-energy-id-2026-09-28-9966ea91f92707eabbde,2026-09-28
timing-observation-iati-energy-id-2026-09-28-9966ea91f92707eabbde-tx-70,observation-iati-energy-id-2026-09-28-9966ea91f92707eabbde-tx-70,event,2023-12-31,day,,,iati-energy-id-2026-09-28-9966ea91f92707eabbde,2026-09-28
timing-observation-iati-energy-id-2026-09-28-9966ea91f92707eabbde-tx-71,observation-iati-energy-id-2026-09-28-9966ea91f92707eabbde-tx-71,event,2024-01-31,day,,,iati-energy-id-2026-09-28-9966ea91f92707eabbde,2026-09-28
timing-observation-iati-energy-id-2026-09-28-9966ea91f92707eabbde-tx-72,observation-iati-energy-id-2026-09-28-9966ea91f92707eabbde-tx-72,event,2024-02-29,day,,,iati-energy-id-2026-09-28-9966ea91f92707eabbde,2026-09-28
timing-observation-iati-energy-id-2026-09-28-9966ea91f92707eabbde-tx-73,observation-iati-energy-id-2026-09-28-9966ea91f92707eabbde-tx-73,event,2024-03-31,day,,,iati-energy-id-2026-09-28-9966ea91f92707eabbde,2026-09-28
timing-observation-iati-energy-id-2026-09-28-9966ea91f92707eabbde-tx-74,observation-iati-energy-id-2026-09-28-9966ea91f92707eabbde-tx-74,event,2024-04-30,day,,,iati-energy-id-2026-09-28-9966ea91f92707eabbde,2026-09-28
timing-observation-iati-energy-id-2026-09-28-9966ea91f92707eabbde-tx-75,observation-iati-energy-id-2026-09-28-9966ea91f92707eabbde-tx-75,event,2024-05-31,day,,,iati-energy-id-2026-09-28-9966ea91f92707eabbde,2026-09-28
timing-observation-iati-energy-id-2026-09-28-9966ea91f92707eabbde-tx-76,observation-iati-energy-id-2026-09-28-9966ea91f92707eabbde-tx-76,event,2024-06-30,day,,,iati-energy-id-2026-09-28-9966ea91f92707eabbde,2026-09-28
timing-observation-iati-energy-id-2026-09-28-9966ea91f92707eabbde-tx-77,observation-iati-energy-id-2026-09-28-9966ea91f92707eabbde-tx-77,event,2024-07-31,day,,,iati-energy-id-2026-09-28-9966ea91f92707eabbde,2026-09-28
timing-observation-iati-energy-id-2026-09-28-9966ea91f92707eabbde-tx-78,observation-iati-energy-id-2026-09-28-9966ea91f92707eabbde-tx-78,event,2024-08-31,day,,,iati-energy-id-2026-09-28-9966ea91f92707eabbde,2026-09-28
timing-observation-iati-energy-id-2026-09-28-9966ea91f92707eabbde-tx-79,observation-iati-energy-id-2026-09-28-9966ea91f92707eabbde-tx-79,event,2024-09-30,day,,,iati-energy-id-2026-09-28-9966ea91f92707eabbde,2026-09-28
timing-observation-iati-energy-id-2026-09-28-9966ea91f92707eabbde-tx-80,observation-iati-energy-id-2026-09-28-9966ea91f92707eabbde-tx-80,event,2024-10-31,day,,,iati-energy-id-2026-09-28-9966ea91f92707eabbde,2026-09-28
timing-observation-iati-energy-id-2026-09-28-9966ea91f92707eabbde-tx-81,observation-iati-energy-id-2026-09-28-9966ea91f92707eabbde-tx-81,event,2024-11-30,day,,,iati-energy-id-2026-09-28-9966ea91f92707eabbde,2026-09-28
timing-observation-iati-energy-id-2026-09-28-9966ea91f92707eabbde-tx-82,observation-iati-energy-id-2026-09-28-9966ea91f92707eabbde-tx-82,event,2024-12-31,day,,,iati-energy-id-2026-09-28-9966ea91f92707eabbde,2026-09-28
timing-observation-iati-energy-id-2026-09-28-9966ea91f92707eabbde-tx-83,observation-iati-energy-id-2026-09-28-9966ea91f92707eabbde-tx-83,event,2025-01-31,day,,,iati-energy-id-2026-09-28-9966ea91f92707eabbde,2026-09-28
timing-observation-iati-energy-id-2026-09-28-9966ea91f92707eabbde-tx-84,observation-iati-energy-id-2026-09-28-9966ea91f92707eabbde-tx-84,event,2025-02-28,day,,,iati-energy-id-2026-09-28-9966ea91f92707eabbde,2026-09-28
timing-observation-iati-energy-id-2026-09-28-9966ea91f92707eabbde-tx-85,observation-iati-energy-id-2026-09-28-9966ea91f92707eabbde-tx-85,event,2025-03-31,day,,,iati-energy-id-2026-09-28-9966ea91f92707eabbde,2026-09-28
timing-observation-iati-energy-id-2026-09-28-9966ea91f92707eabbde-tx-86,observation-iati-energy-id-2026-09-28-9966ea91f92707eabbde-tx-86,event,2025-04-30,day,,,iati-energy-id-2026-09-28-9966ea91f92707eabbde,2026-09-28
timing-observation-iati-energy-id-2026-09-28-9966ea91f92707eabbde-tx-87,observation-iati-energy-id-2026-09-28-9966ea91f92707eabbde-tx-87,event,2025-05-31,day,,,iati-energy-id-2026-09-28-9966ea91f92707eabbde,2026-09-28
timing-observation-iati-energy-id-2026-09-28-9966ea91f92707eabbde-tx-88,observation-iati-energy-id-2026-09-28-9966ea91f92707eabbde-tx-88,event,2025-06-30,day,,,iati-energy-id-2026-09-28-9966ea91f92707eabbde,2026-09-28
timing-observation-iati-energy-id-2026-09-28-9966ea91f92707eabbde-tx-89,observation-iati-energy-id-2026-09-28-9966ea91f92707eabbde-tx-89,event,2025-07-31,day,,,iati-energy-id-2026-09-28-9966ea91f92707eabbde,2026-09-28
timing-observation-iati-energy-id-2026-09-28-9966ea91f92707eabbde-tx-90,observation-iati-energy-id-2026-09-28-9966ea91f92707eabbde-tx-90,event,2025-08-31,day,,,iati-energy-id-2026-09-28-9966ea91f92707eabbde,2026-09-28
timing-observation-iati-energy-id-2026-09-28-9966ea91f92707eabbde-tx-91,observation-iati-energy-id-2026-09-28-9966ea91f92707eabbde-tx-91,event,2025-09-30,day,,,iati-energy-id-2026-09-28-9966ea91f92707eabbde,2026-09-28
timing-observation-iati-energy-id-2026-09-28-9966ea91f92707eabbde-tx-92,observation-iati-energy-id-2026-09-28-9966ea91f92707eabbde-tx-92,event,2025-10-31,day,,,iati-energy-id-2026-09-28-9966ea91f92707eabbde,2026-09-28
timing-observation-iati-energy-id-2026-09-28-9966ea91f92707eabbde-tx-93,observation-iati-energy-id-2026-09-28-9966ea91f92707eabbde-tx-93,event,2025-11-30,day,,,iati-energy-id-2026-09-28-9966ea91f92707eabbde,2026-09-28
timing-observation-iati-energy-id-2026-09-28-9966ea91f92707eabbde-tx-94,observation-iati-energy-id-2026-09-28-9966ea91f92707eabbde-tx-94,event,2025-12-31,day,,,iati-energy-id-2026-09-28-9966ea91f92707eabbde,2026-09-28
timing-observation-iati-energy-id-2026-09-28-9966ea91f92707eabbde-tx-95,observation-iati-energy-id-2026-09-28-9966ea91f92707eabbde-tx-95,event,2026-01-31,day,,,iati-energy-id-2026-09-28-9966ea91f92707eabbde,2026-09-28
timing-observation-iati-energy-id-2026-09-28-9966ea91f92707eabbde-tx-96,observation-iati-energy-id-2026-09-28-9966ea91f92707eabbde-tx-96,event,2026-02-28,day,,,iati-energy-id-2026-09-28-9966ea91f92707eabbde,2026-09-28
timing-observation-iati-energy-id-2026-09-28-9966ea91f92707eabbde-tx-97,observation-iati-energy-id-2026-09-28-9966ea91f92707eabbde-tx-97,event,2026-03-31,day,,,iati-energy-id-2026-09-28-9966ea91f92707eabbde,2026-09-28
timing-observation-iati-energy-id-2026-09-28-9966ea91f92707eabbde-tx-98,observation-iati-energy-id-2026-09-28-9966ea91f92707eabbde-tx-98,event,2026-04-30,day,,,iati-energy-id-2026-09-28-9966ea91f92707eabbde,2026-09-28
timing-observation-iati-energy-id-2026-09-28-9966ea91f92707eabbde-tx-99,observation-iati-energy-id-2026-09-28-9966ea91f92707eabbde-tx-99,event,2026-05-31,day,,,iati-energy-id-2026-09-28-9966ea91f92707eabbde,2026-09-28
timing-observation-iati-energy-id-2026-09-28-9966ea91f92707eabbde-tx-100,observation-iati-energy-id-2026-09-28-9966ea91f92707eabbde-tx-100,event,2026-06-30,day,,,iati-energy-id-2026-09-28-9966ea91f92707eabbde,2026-09-28
timing-observation-iati-energy-id-2026-09-28-9966ea91f92707eabbde-tx-101,observation-iati-energy-id-2026-09-28-9966ea91f92707eabbde-tx-101,event,2026-07-31,day,,,iati-energy-id-2026-09-28-9966ea91f92707eabbde,2026-09-28
timing-observation-iati-energy-id-2026-09-28-5d0c200ac50e64680552-tx-1,observation-iati-energy-id-2026-09-28-5d0c200ac50e64680552-tx-1,event,2018-04-19,day,,,iati-energy-id-2026-09-28-5d0c200ac50e64680552,2026-09-28
timing-observation-iati-energy-id-2026-09-28-5d0c200ac50e64680552-tx-2,observation-iati-energy-id-2026-09-28-5d0c200ac50e64680552-tx-2,event,2018-04-30,day,,,iati-energy-id-2026-09-28-5d0c200ac50e64680552,2026-09-28
timing-observation-iati-energy-id-2026-09-28-5d0c200ac50e64680552-tx-3,observation-iati-energy-id-2026-09-28-5d0c200ac50e64680552-tx-3,event,2018-05-31,day,,,iati-energy-id-2026-09-28-5d0c200ac50e64680552,2026-09-28
timing-observation-iati-energy-id-2026-09-28-5d0c200ac50e64680552-tx-4,observation-iati-energy-id-2026-09-28-5d0c200ac50e64680552-tx-4,event,2018-06-30,day,,,iati-energy-id-2026-09-28-5d0c200ac50e64680552,2026-09-28
timing-observation-iati-energy-id-2026-09-28-5d0c200ac50e64680552-tx-5,observation-iati-energy-id-2026-09-28-5d0c200ac50e64680552-tx-5,event,2018-07-31,day,,,iati-energy-id-2026-09-28-5d0c200ac50e64680552,2026-09-28
timing-observation-iati-energy-id-2026-09-28-5d0c200ac50e64680552-tx-6,observation-iati-energy-id-2026-09-28-5d0c200ac50e64680552-tx-6,event,2018-08-31,day,,,iati-energy-id-2026-09-28-5d0c200ac50e64680552,2026-09-28
timing-observation-iati-energy-id-2026-09-28-5d0c200ac50e64680552-tx-7,observation-iati-energy-id-2026-09-28-5d0c200ac50e64680552-tx-7,event,2018-09-30,day,,,iati-energy-id-2026-09-28-5d0c200ac50e64680552,2026-09-28
timing-observation-iati-energy-id-2026-09-28-5d0c200ac50e64680552-tx-8,observation-iati-energy-id-2026-09-28-5d0c200ac50e64680552-tx-8,event,2018-10-31,day,,,iati-energy-id-2026-09-28-5d0c200ac50e64680552,2026-09-28
timing-observation-iati-energy-id-2026-09-28-5d0c200ac50e64680552-tx-9,observation-iati-energy-id-2026-09-28-5d0c200ac50e64680552-tx-9,event,2018-11-30,day,,,iati-energy-id-2026-09-28-5d0c200ac50e64680552,2026-09-28
timing-observation-iati-energy-id-2026-09-28-5d0c200ac50e64680552-tx-10,observation-iati-energy-id-2026-09-28-5d0c200ac50e64680552-tx-10,event,2018-12-31,day,,,iati-energy-id-2026-09-28-5d0c200ac50e64680552,2026-09-28
timing-observation-iati-energy-id-2026-09-28-5d0c200ac50e64680552-tx-11,observation-iati-energy-id-2026-09-28-5d0c200ac50e64680552-tx-11,event,2019-01-31,day,,,iati-energy-id-2026-09-28-5d0c200ac50e64680552,2026-09-28
timing-observation-iati-energy-id-2026-09-28-5d0c200ac50e64680552-tx-12,observation-iati-energy-id-2026-09-28-5d0c200ac50e64680552-tx-12,event,2019-02-28,day,,,iati-energy-id-2026-09-28-5d0c200ac50e64680552,2026-09-28
timing-observation-iati-energy-id-2026-09-28-5d0c200ac50e64680552-tx-13,observation-iati-energy-id-2026-09-28-5d0c200ac50e64680552-tx-13,event,2019-03-31,day,,,iati-energy-id-2026-09-28-5d0c200ac50e64680552,2026-09-28
timing-observation-iati-energy-id-2026-09-28-5d0c200ac50e64680552-tx-14,observation-iati-energy-id-2026-09-28-5d0c200ac50e64680552-tx-14,event,2019-04-30,day,,,iati-energy-id-2026-09-28-5d0c200ac50e64680552,2026-09-28
timing-observation-iati-energy-id-2026-09-28-5d0c200ac50e64680552-tx-15,observation-iati-energy-id-2026-09-28-5d0c200ac50e64680552-tx-15,event,2019-05-31,day,,,iati-energy-id-2026-09-28-5d0c200ac50e64680552,2026-09-28
timing-observation-iati-energy-id-2026-09-28-5d0c200ac50e64680552-tx-16,observation-iati-energy-id-2026-09-28-5d0c200ac50e64680552-tx-16,event,2019-06-30,day,,,iati-energy-id-2026-09-28-5d0c200ac50e64680552,2026-09-28
timing-observation-iati-energy-id-2026-09-28-5d0c200ac50e64680552-tx-17,observation-iati-energy-id-2026-09-28-5d0c200ac50e64680552-tx-17,event,2019-07-31,day,,,iati-energy-id-2026-09-28-5d0c200ac50e64680552,2026-09-28
timing-observation-iati-energy-id-2026-09-28-5d0c200ac50e64680552-tx-18,observation-iati-energy-id-2026-09-28-5d0c200ac50e64680552-tx-18,event,2019-08-31,day,,,iati-energy-id-2026-09-28-5d0c200ac50e64680552,2026-09-28
timing-observation-iati-energy-id-2026-09-28-5d0c200ac50e64680552-tx-19,observation-iati-energy-id-2026-09-28-5d0c200ac50e64680552-tx-19,event,2019-09-30,day,,,iati-energy-id-2026-09-28-5d0c200ac50e64680552,2026-09-28
timing-observation-iati-energy-id-2026-09-28-5d0c200ac50e64680552-tx-20,observation-iati-energy-id-2026-09-28-5d0c200ac50e64680552-tx-20,event,2019-10-31,day,,,iati-energy-id-2026-09-28-5d0c200ac50e64680552,2026-09-28
timing-observation-iati-energy-id-2026-09-28-5d0c200ac50e64680552-tx-21,observation-iati-energy-id-2026-09-28-5d0c200ac50e64680552-tx-21,event,2019-11-30,day,,,iati-energy-id-2026-09-28-5d0c200ac50e64680552,2026-09-28
timing-observation-iati-energy-id-2026-09-28-5d0c200ac50e64680552-tx-22,observation-iati-energy-id-2026-09-28-5d0c200ac50e64680552-tx-22,event,2019-12-31,day,,,iati-energy-id-2026-09-28-5d0c200ac50e64680552,2026-09-28
timing-observation-iati-energy-id-2026-09-28-5d0c200ac50e64680552-tx-23,observation-iati-energy-id-2026-09-28-5d0c200ac50e64680552-tx-23,event,2020-01-31,day,,,iati-energy-id-2026-09-28-5d0c200ac50e64680552,2026-09-28
timing-observation-iati-energy-id-2026-09-28-5d0c200ac50e64680552-tx-24,observation-iati-energy-id-2026-09-28-5d0c200ac50e64680552-tx-24,event,2020-02-29,day,,,iati-energy-id-2026-09-28-5d0c200ac50e64680552,2026-09-28
timing-observation-iati-energy-id-2026-09-28-5d0c200ac50e64680552-tx-25,observation-iati-energy-id-2026-09-28-5d0c200ac50e64680552-tx-25,event,2020-03-31,day,,,iati-energy-id-2026-09-28-5d0c200ac50e64680552,2026-09-28
timing-observation-iati-energy-id-2026-09-28-5d0c200ac50e64680552-tx-26,observation-iati-energy-id-2026-09-28-5d0c200ac50e64680552-tx-26,event,2020-04-30,day,,,iati-energy-id-2026-09-28-5d0c200ac50e64680552,2026-09-28
timing-observation-iati-energy-id-2026-09-28-5d0c200ac50e64680552-tx-27,observation-iati-energy-id-2026-09-28-5d0c200ac50e64680552-tx-27,event,2020-05-31,day,,,iati-energy-id-2026-09-28-5d0c200ac50e64680552,2026-09-28
timing-observation-iati-energy-id-2026-09-28-5d0c200ac50e64680552-tx-28,observation-iati-energy-id-2026-09-28-5d0c200ac50e64680552-tx-28,event,2020-06-30,day,,,iati-energy-id-2026-09-28-5d0c200ac50e64680552,2026-09-28
timing-observation-iati-energy-id-2026-09-28-5d0c200ac50e64680552-tx-29,observation-iati-energy-id-2026-09-28-5d0c200ac50e64680552-tx-29,event,2020-07-31,day,,,iati-energy-id-2026-09-28-5d0c200ac50e64680552,2026-09-28
timing-observation-iati-energy-id-2026-09-28-5d0c200ac50e64680552-tx-30,observation-iati-energy-id-2026-09-28-5d0c200ac50e64680552-tx-30,event,2020-08-31,day,,,iati-energy-id-2026-09-28-5d0c200ac50e64680552,2026-09-28
timing-observation-iati-energy-id-2026-09-28-5d0c200ac50e64680552-tx-31,observation-iati-energy-id-2026-09-28-5d0c200ac50e64680552-tx-31,event,2020-09-30,day,,,iati-energy-id-2026-09-28-5d0c200ac50e64680552,2026-09-28
timing-observation-iati-energy-id-2026-09-28-5d0c200ac50e64680552-tx-32,observation-iati-energy-id-2026-09-28-5d0c200ac50e64680552-tx-32,event,2020-10-31,day,,,iati-energy-id-2026-09-28-5d0c200ac50e64680552,2026-09-28
timing-observation-iati-energy-id-2026-09-28-5d0c200ac50e64680552-tx-33,observation-iati-energy-id-2026-09-28-5d0c200ac50e64680552-tx-33,event,2020-11-30,day,,,iati-energy-id-2026-09-28-5d0c200ac50e64680552,2026-09-28
timing-observation-iati-energy-id-2026-09-28-5d0c200ac50e64680552-tx-34,observation-iati-energy-id-2026-09-28-5d0c200ac50e64680552-tx-34,event,2020-12-31,day,,,iati-energy-id-2026-09-28-5d0c200ac50e64680552,2026-09-28
timing-observation-iati-energy-id-2026-09-28-5d0c200ac50e64680552-tx-35,observation-iati-energy-id-2026-09-28-5d0c200ac50e64680552-tx-35,event,2021-01-31,day,,,iati-energy-id-2026-09-28-5d0c200ac50e64680552,2026-09-28
timing-observation-iati-energy-id-2026-09-28-5d0c200ac50e64680552-tx-36,observation-iati-energy-id-2026-09-28-5d0c200ac50e64680552-tx-36,event,2021-02-28,day,,,iati-energy-id-2026-09-28-5d0c200ac50e64680552,2026-09-28
timing-observation-iati-energy-id-2026-09-28-5d0c200ac50e64680552-tx-37,observation-iati-energy-id-2026-09-28-5d0c200ac50e64680552-tx-37,event,2021-03-31,day,,,iati-energy-id-2026-09-28-5d0c200ac50e64680552,2026-09-28
timing-observation-iati-energy-id-2026-09-28-5d0c200ac50e64680552-tx-38,observation-iati-energy-id-2026-09-28-5d0c200ac50e64680552-tx-38,event,2021-04-30,day,,,iati-energy-id-2026-09-28-5d0c200ac50e64680552,2026-09-28
timing-observation-iati-energy-id-2026-09-28-5d0c200ac50e64680552-tx-39,observation-iati-energy-id-2026-09-28-5d0c200ac50e64680552-tx-39,event,2021-05-31,day,,,iati-energy-id-2026-09-28-5d0c200ac50e64680552,2026-09-28
timing-observation-iati-energy-id-2026-09-28-5d0c200ac50e64680552-tx-40,observation-iati-energy-id-2026-09-28-5d0c200ac50e64680552-tx-40,event,2021-06-30,day,,,iati-energy-id-2026-09-28-5d0c200ac50e64680552,2026-09-28
timing-observation-iati-energy-id-2026-09-28-5d0c200ac50e64680552-tx-41,observation-iati-energy-id-2026-09-28-5d0c200ac50e64680552-tx-41,event,2021-07-31,day,,,iati-energy-id-2026-09-28-5d0c200ac50e64680552,2026-09-28
timing-observation-iati-energy-id-2026-09-28-5d0c200ac50e64680552-tx-42,observation-iati-energy-id-2026-09-28-5d0c200ac50e64680552-tx-42,event,2021-08-31,day,,,iati-energy-id-2026-09-28-5d0c200ac50e64680552,2026-09-28
timing-observation-iati-energy-id-2026-09-28-5d0c200ac50e64680552-tx-43,observation-iati-energy-id-2026-09-28-5d0c200ac50e64680552-tx-43,event,2021-09-30,day,,,iati-energy-id-2026-09-28-5d0c200ac50e64680552,2026-09-28
timing-observation-iati-energy-id-2026-09-28-5d0c200ac50e64680552-tx-44,observation-iati-energy-id-2026-09-28-5d0c200ac50e64680552-tx-44,event,2021-10-31,day,,,iati-energy-id-2026-09-28-5d0c200ac50e64680552,2026-09-28
timing-observation-iati-energy-id-2026-09-28-5d0c200ac50e64680552-tx-45,observation-iati-energy-id-2026-09-28-5d0c200ac50e64680552-tx-45,event,2021-11-30,day,,,iati-energy-id-2026-09-28-5d0c200ac50e64680552,2026-09-28
timing-observation-iati-energy-id-2026-09-28-5d0c200ac50e64680552-tx-46,observation-iati-energy-id-2026-09-28-5d0c200ac50e64680552-tx-46,event,2021-12-31,day,,,iati-energy-id-2026-09-28-5d0c200ac50e64680552,2026-09-28
timing-observation-iati-energy-id-2026-09-28-5d0c200ac50e64680552-tx-47,observation-iati-energy-id-2026-09-28-5d0c200ac50e64680552-tx-47,event,2022-01-31,day,,,iati-energy-id-2026-09-28-5d0c200ac50e64680552,2026-09-28
timing-observation-iati-energy-id-2026-09-28-5d0c200ac50e64680552-tx-48,observation-iati-energy-id-2026-09-28-5d0c200ac50e64680552-tx-48,event,2022-02-28,day,,,iati-energy-id-2026-09-28-5d0c200ac50e64680552,2026-09-28
timing-observation-iati-energy-id-2026-09-28-5d0c200ac50e64680552-tx-49,observation-iati-energy-id-2026-09-28-5d0c200ac50e64680552-tx-49,event,2022-03-31,day,,,iati-energy-id-2026-09-28-5d0c200ac50e64680552,2026-09-28
timing-observation-iati-energy-id-2026-09-28-5d0c200ac50e64680552-tx-50,observation-iati-energy-id-2026-09-28-5d0c200ac50e64680552-tx-50,event,2022-04-30,day,,,iati-energy-id-2026-09-28-5d0c200ac50e64680552,2026-09-28
timing-observation-iati-energy-id-2026-09-28-5d0c200ac50e64680552-tx-51,observation-iati-energy-id-2026-09-28-5d0c200ac50e64680552-tx-51,event,2022-05-31,day,,,iati-energy-id-2026-09-28-5d0c200ac50e64680552,2026-09-28
timing-observation-iati-energy-id-2026-09-28-5d0c200ac50e64680552-tx-52,observation-iati-energy-id-2026-09-28-5d0c200ac50e64680552-tx-52,event,2022-06-30,day,,,iati-energy-id-2026-09-28-5d0c200ac50e64680552,2026-09-28
timing-observation-iati-energy-id-2026-09-28-5d0c200ac50e64680552-tx-53,observation-iati-energy-id-2026-09-28-5d0c200ac50e64680552-tx-53,event,2022-07-31,day,,,iati-energy-id-2026-09-28-5d0c200ac50e64680552,2026-09-28
timing-observation-iati-energy-id-2026-09-28-5d0c200ac50e64680552-tx-54,observation-iati-energy-id-2026-09-28-5d0c200ac50e64680552-tx-54,event,2022-08-31,day,,,iati-energy-id-2026-09-28-5d0c200ac50e64680552,2026-09-28
timing-observation-iati-energy-id-2026-09-28-5d0c200ac50e64680552-tx-55,observation-iati-energy-id-2026-09-28-5d0c200ac50e64680552-tx-55,event,2022-09-30,day,,,iati-energy-id-2026-09-28-5d0c200ac50e64680552,2026-09-28
timing-observation-iati-energy-id-2026-09-28-5d0c200ac50e64680552-tx-56,observation-iati-energy-id-2026-09-28-5d0c200ac50e64680552-tx-56,event,2022-10-31,day,,,iati-energy-id-2026-09-28-5d0c200ac50e64680552,2026-09-28
timing-observation-iati-energy-id-2026-09-28-5d0c200ac50e64680552-tx-57,observation-iati-energy-id-2026-09-28-5d0c200ac50e64680552-tx-57,event,2022-11-30,day,,,iati-energy-id-2026-09-28-5d0c200ac50e64680552,2026-09-28
timing-observation-iati-energy-id-2026-09-28-5d0c200ac50e64680552-tx-58,observation-iati-energy-id-2026-09-28-5d0c200ac50e64680552-tx-58,event,2022-12-31,day,,,iati-energy-id-2026-09-28-5d0c200ac50e64680552,2026-09-28
timing-observation-iati-energy-id-2026-09-28-5d0c200ac50e64680552-tx-59,observation-iati-energy-id-2026-09-28-5d0c200ac50e64680552-tx-59,event,2023-01-31,day,,,iati-energy-id-2026-09-28-5d0c200ac50e64680552,2026-09-28
timing-observation-iati-energy-id-2026-09-28-5d0c200ac50e64680552-tx-60,observation-iati-energy-id-2026-09-28-5d0c200ac50e64680552-tx-60,event,2023-02-28,day,,,iati-energy-id-2026-09-28-5d0c200ac50e64680552,2026-09-28
timing-observation-iati-energy-id-2026-09-28-5d0c200ac50e64680552-tx-61,observation-iati-energy-id-2026-09-28-5d0c200ac50e64680552-tx-61,event,2023-03-31,day,,,iati-energy-id-2026-09-28-5d0c200ac50e64680552,2026-09-28
timing-observation-iati-energy-id-2026-09-28-5d0c200ac50e64680552-tx-62,observation-iati-energy-id-2026-09-28-5d0c200ac50e64680552-tx-62,event,2023-04-30,day,,,iati-energy-id-2026-09-28-5d0c200ac50e64680552,2026-09-28
timing-observation-iati-energy-id-2026-09-28-5d0c200ac50e64680552-tx-63,observation-iati-energy-id-2026-09-28-5d0c200ac50e64680552-tx-63,event,2023-05-31,day,,,iati-energy-id-2026-09-28-5d0c200ac50e64680552,2026-09-28
timing-observation-iati-energy-id-2026-09-28-5d0c200ac50e64680552-tx-64,observation-iati-energy-id-2026-09-28-5d0c200ac50e64680552-tx-64,event,2023-06-30,day,,,iati-energy-id-2026-09-28-5d0c200ac50e64680552,2026-09-28
timing-observation-iati-energy-id-2026-09-28-5d0c200ac50e64680552-tx-65,observation-iati-energy-id-2026-09-28-5d0c200ac50e64680552-tx-65,event,2023-07-31,day,,,iati-energy-id-2026-09-28-5d0c200ac50e64680552,2026-09-28
timing-observation-iati-energy-id-2026-09-28-5d0c200ac50e64680552-tx-66,observation-iati-energy-id-2026-09-28-5d0c200ac50e64680552-tx-66,event,2023-08-31,day,,,iati-energy-id-2026-09-28-5d0c200ac50e64680552,2026-09-28
timing-observation-iati-energy-id-2026-09-28-5d0c200ac50e64680552-tx-67,observation-iati-energy-id-2026-09-28-5d0c200ac50e64680552-tx-67,event,2023-09-30,day,,,iati-energy-id-2026-09-28-5d0c200ac50e64680552,2026-09-28
timing-observation-iati-energy-id-2026-09-28-5d0c200ac50e64680552-tx-68,observation-iati-energy-id-2026-09-28-5d0c200ac50e64680552-tx-68,event,2023-10-31,day,,,iati-energy-id-2026-09-28-5d0c200ac50e64680552,2026-09-28
timing-observation-iati-energy-id-2026-09-28-5d0c200ac50e64680552-tx-69,observation-iati-energy-id-2026-09-28-5d0c200ac50e64680552-tx-69,event,2023-11-30,day,,,iati-energy-id-2026-09-28-5d0c200ac50e64680552,2026-09-28
timing-observation-iati-energy-id-2026-09-28-5d0c200ac50e64680552-tx-70,observation-iati-energy-id-2026-09-28-5d0c200ac50e64680552-tx-70,event,2023-12-31,day,,,iati-energy-id-2026-09-28-5d0c200ac50e64680552,2026-09-28
timing-observation-iati-energy-id-2026-09-28-5d0c200ac50e64680552-tx-71,observation-iati-energy-id-2026-09-28-5d0c200ac50e64680552-tx-71,event,2024-01-31,day,,,iati-energy-id-2026-09-28-5d0c200ac50e64680552,2026-09-28
timing-observation-iati-energy-id-2026-09-28-5d0c200ac50e64680552-tx-72,observation-iati-energy-id-2026-09-28-5d0c200ac50e64680552-tx-72,event,2024-02-29,day,,,iati-energy-id-2026-09-28-5d0c200ac50e64680552,2026-09-28
timing-observation-iati-energy-id-2026-09-28-5d0c200ac50e64680552-tx-73,observation-iati-energy-id-2026-09-28-5d0c200ac50e64680552-tx-73,event,2024-03-31,day,,,iati-energy-id-2026-09-28-5d0c200ac50e64680552,2026-09-28
timing-observation-iati-energy-id-2026-09-28-5d0c200ac50e64680552-tx-74,observation-iati-energy-id-2026-09-28-5d0c200ac50e64680552-tx-74,event,2024-04-30,day,,,iati-energy-id-2026-09-28-5d0c200ac50e64680552,2026-09-28
timing-observation-iati-energy-id-2026-09-28-5d0c200ac50e64680552-tx-75,observation-iati-energy-id-2026-09-28-5d0c200ac50e64680552-tx-75,event,2024-05-31,day,,,iati-energy-id-2026-09-28-5d0c200ac50e64680552,2026-09-28
timing-observation-iati-energy-id-2026-09-28-5d0c200ac50e64680552-tx-76,observation-iati-energy-id-2026-09-28-5d0c200ac50e64680552-tx-76,event,2024-06-30,day,,,iati-energy-id-2026-09-28-5d0c200ac50e64680552,2026-09-28
timing-observation-iati-energy-id-2026-09-28-5d0c200ac50e64680552-tx-77,observation-iati-energy-id-2026-09-28-5d0c200ac50e64680552-tx-77,event,2024-07-31,day,,,iati-energy-id-2026-09-28-5d0c200ac50e64680552,2026-09-28
timing-observation-iati-energy-id-2026-09-28-5d0c200ac50e64680552-tx-78,observation-iati-energy-id-2026-09-28-5d0c200ac50e64680552-tx-78,event,2024-08-31,day,,,iati-energy-id-2026-09-28-5d0c200ac50e64680552,2026-09-28
timing-observation-iati-energy-id-2026-09-28-5d0c200ac50e64680552-tx-79,observation-iati-energy-id-2026-09-28-5d0c200ac50e64680552-tx-79,event,2024-09-30,day,,,iati-energy-id-2026-09-28-5d0c200ac50e64680552,2026-09-28
timing-observation-iati-energy-id-2026-09-28-5d0c200ac50e64680552-tx-80,observation-iati-energy-id-2026-09-28-5d0c200ac50e64680552-tx-80,event,2024-10-31,day,,,iati-energy-id-2026-09-28-5d0c200ac50e64680552,2026-09-28
timing-observation-iati-energy-id-2026-09-28-5d0c200ac50e64680552-tx-81,observation-iati-energy-id-2026-09-28-5d0c200ac50e64680552-tx-81,event,2024-11-30,day,,,iati-energy-id-2026-09-28-5d0c200ac50e64680552,2026-09-28
timing-observation-iati-energy-id-2026-09-28-5d0c200ac50e64680552-tx-82,observation-iati-energy-id-2026-09-28-5d0c200ac50e64680552-tx-82,event,2024-12-31,day,,,iati-energy-id-2026-09-28-5d0c200ac50e64680552,2026-09-28
timing-observation-iati-energy-id-2026-09-28-5d0c200ac50e64680552-tx-83,observation-iati-energy-id-2026-09-28-5d0c200ac50e64680552-tx-83,event,2025-01-31,day,,,iati-energy-id-2026-09-28-5d0c200ac50e64680552,2026-09-28
timing-observation-iati-energy-id-2026-09-28-5d0c200ac50e64680552-tx-84,observation-iati-energy-id-2026-09-28-5d0c200ac50e64680552-tx-84,event,2025-02-28,day,,,iati-energy-id-2026-09-28-5d0c200ac50e64680552,2026-09-28
timing-observation-iati-energy-id-2026-09-28-5d0c200ac50e64680552-tx-85,observation-iati-energy-id-2026-09-28-5d0c200ac50e64680552-tx-85,event,2025-03-31,day,,,iati-energy-id-2026-09-28-5d0c200ac50e64680552,2026-09-28
timing-observation-iati-energy-id-2026-09-28-5d0c200ac50e64680552-tx-86,observation-iati-energy-id-2026-09-28-5d0c200ac50e64680552-tx-86,event,2025-04-30,day,,,iati-energy-id-2026-09-28-5d0c200ac50e64680552,2026-09-28
timing-observation-iati-energy-id-2026-09-28-5d0c200ac50e64680552-tx-87,observation-iati-energy-id-2026-09-28-5d0c200ac50e64680552-tx-87,event,2025-05-31,day,,,iati-energy-id-2026-09-28-5d0c200ac50e64680552,2026-09-28
timing-observation-iati-energy-id-2026-09-28-5d0c200ac50e64680552-tx-88,observation-iati-energy-id-2026-09-28-5d0c200ac50e64680552-tx-88,event,2025-06-30,day,,,iati-energy-id-2026-09-28-5d0c200ac50e64680552,2026-09-28
timing-observation-iati-energy-id-2026-09-28-5d0c200ac50e64680552-tx-89,observation-iati-energy-id-2026-09-28-5d0c200ac50e64680552-tx-89,event,2025-07-31,day,,,iati-energy-id-2026-09-28-5d0c200ac50e64680552,2026-09-28
timing-observation-iati-energy-id-2026-09-28-5d0c200ac50e64680552-tx-90,observation-iati-energy-id-2026-09-28-5d0c200ac50e64680552-tx-90,event,2025-08-31,day,,,iati-energy-id-2026-09-28-5d0c200ac50e64680552,2026-09-28
timing-observation-iati-energy-id-2026-09-28-5d0c200ac50e64680552-tx-91,observation-iati-energy-id-2026-09-28-5d0c200ac50e64680552-tx-91,event,2025-09-30,day,,,iati-energy-id-2026-09-28-5d0c200ac50e64680552,2026-09-28
timing-observation-iati-energy-id-2026-09-28-5d0c200ac50e64680552-tx-92,observation-iati-energy-id-2026-09-28-5d0c200ac50e64680552-tx-92,event,2025-10-31,day,,,iati-energy-id-2026-09-28-5d0c200ac50e64680552,2026-09-28
timing-observation-iati-energy-id-2026-09-28-5d0c200ac50e64680552-tx-93,observation-iati-energy-id-2026-09-28-5d0c200ac50e64680552-tx-93,event,2025-11-30,day,,,iati-energy-id-2026-09-28-5d0c200ac50e64680552,2026-09-28
timing-observation-iati-energy-id-2026-09-28-5d0c200ac50e64680552-tx-94,observation-iati-energy-id-2026-09-28-5d0c200ac50e64680552-tx-94,event,2025-12-31,day,,,iati-energy-id-2026-09-28-5d0c200ac50e64680552,2026-09-28
timing-observation-iati-energy-id-2026-09-28-5d0c200ac50e64680552-tx-95,observation-iati-energy-id-2026-09-28-5d0c200ac50e64680552-tx-95,event,2026-01-31,day,,,iati-energy-id-2026-09-28-5d0c200ac50e64680552,2026-09-28
timing-observation-iati-energy-id-2026-09-28-5d0c200ac50e64680552-tx-96,observation-iati-energy-id-2026-09-28-5d0c200ac50e64680552-tx-96,event,2026-02-28,day,,,iati-energy-id-2026-09-28-5d0c200ac50e64680552,2026-09-28
timing-observation-iati-energy-id-2026-09-28-5d0c200ac50e64680552-tx-97,observation-iati-energy-id-2026-09-28-5d0c200ac50e64680552-tx-97,event,2026-03-31,day,,,iati-energy-id-2026-09-28-5d0c200ac50e64680552,2026-09-28
timing-observation-iati-energy-id-2026-09-28-5d0c200ac50e64680552-tx-98,observation-iati-energy-id-2026-09-28-5d0c200ac50e64680552-tx-98,event,2026-04-30,day,,,iati-energy-id-2026-09-28-5d0c200ac50e64680552,2026-09-28
timing-observation-iati-energy-id-2026-09-28-5d0c200ac50e64680552-tx-99,observation-iati-energy-id-2026-09-28-5d0c200ac50e64680552-tx-99,event,2026-05-31,day,,,iati-energy-id-2026-09-28-5d0c200ac50e64680552,2026-09-28
timing-observation-iati-energy-id-2026-09-28-5d0c200ac50e64680552-tx-100,observation-iati-energy-id-2026-09-28-5d0c200ac50e64680552-tx-100,event,2026-06-30,day,,,iati-energy-id-2026-09-28-5d0c200ac50e64680552,2026-09-28
timing-observation-iati-energy-id-2026-09-28-5d0c200ac50e64680552-tx-101,observation-iati-energy-id-2026-09-28-5d0c200ac50e64680552-tx-101,event,2026-07-31,day,,,iati-energy-id-2026-09-28-5d0c200ac50e64680552,2026-09-28
timing-observation-iati-energy-id-2026-09-28-6f94b98dea09fb9aa195-tx-1,observation-iati-energy-id-2026-09-28-6f94b98dea09fb9aa195-tx-1,event,2020-08-19,day,,,iati-energy-id-2026-09-28-6f94b98dea09fb9aa195,2026-09-28
timing-observation-iati-energy-id-2026-09-28-6f94b98dea09fb9aa195-tx-2,observation-iati-energy-id-2026-09-28-6f94b98dea09fb9aa195-tx-2,event,2020-08-31,day,,,iati-energy-id-2026-09-28-6f94b98dea09fb9aa195,2026-09-28
timing-observation-iati-energy-id-2026-09-28-6f94b98dea09fb9aa195-tx-3,observation-iati-energy-id-2026-09-28-6f94b98dea09fb9aa195-tx-3,event,2020-09-30,day,,,iati-energy-id-2026-09-28-6f94b98dea09fb9aa195,2026-09-28
timing-observation-iati-energy-id-2026-09-28-6f94b98dea09fb9aa195-tx-4,observation-iati-energy-id-2026-09-28-6f94b98dea09fb9aa195-tx-4,event,2020-10-31,day,,,iati-energy-id-2026-09-28-6f94b98dea09fb9aa195,2026-09-28
timing-observation-iati-energy-id-2026-09-28-6f94b98dea09fb9aa195-tx-5,observation-iati-energy-id-2026-09-28-6f94b98dea09fb9aa195-tx-5,event,2020-11-30,day,,,iati-energy-id-2026-09-28-6f94b98dea09fb9aa195,2026-09-28
timing-observation-iati-energy-id-2026-09-28-6f94b98dea09fb9aa195-tx-6,observation-iati-energy-id-2026-09-28-6f94b98dea09fb9aa195-tx-6,event,2020-12-31,day,,,iati-energy-id-2026-09-28-6f94b98dea09fb9aa195,2026-09-28
timing-observation-iati-energy-id-2026-09-28-6f94b98dea09fb9aa195-tx-7,observation-iati-energy-id-2026-09-28-6f94b98dea09fb9aa195-tx-7,event,2021-01-31,day,,,iati-energy-id-2026-09-28-6f94b98dea09fb9aa195,2026-09-28
timing-observation-iati-energy-id-2026-09-28-6f94b98dea09fb9aa195-tx-8,observation-iati-energy-id-2026-09-28-6f94b98dea09fb9aa195-tx-8,event,2021-02-28,day,,,iati-energy-id-2026-09-28-6f94b98dea09fb9aa195,2026-09-28
timing-observation-iati-energy-id-2026-09-28-6f94b98dea09fb9aa195-tx-9,observation-iati-energy-id-2026-09-28-6f94b98dea09fb9aa195-tx-9,event,2021-03-31,day,,,iati-energy-id-2026-09-28-6f94b98dea09fb9aa195,2026-09-28
timing-observation-iati-energy-id-2026-09-28-6f94b98dea09fb9aa195-tx-10,observation-iati-energy-id-2026-09-28-6f94b98dea09fb9aa195-tx-10,event,2021-04-30,day,,,iati-energy-id-2026-09-28-6f94b98dea09fb9aa195,2026-09-28
timing-observation-iati-energy-id-2026-09-28-6f94b98dea09fb9aa195-tx-11,observation-iati-energy-id-2026-09-28-6f94b98dea09fb9aa195-tx-11,event,2021-05-31,day,,,iati-energy-id-2026-09-28-6f94b98dea09fb9aa195,2026-09-28
timing-observation-iati-energy-id-2026-09-28-6f94b98dea09fb9aa195-tx-12,observation-iati-energy-id-2026-09-28-6f94b98dea09fb9aa195-tx-12,event,2021-06-30,day,,,iati-energy-id-2026-09-28-6f94b98dea09fb9aa195,2026-09-28
timing-observation-iati-energy-id-2026-09-28-6f94b98dea09fb9aa195-tx-13,observation-iati-energy-id-2026-09-28-6f94b98dea09fb9aa195-tx-13,event,2021-07-31,day,,,iati-energy-id-2026-09-28-6f94b98dea09fb9aa195,2026-09-28
timing-observation-iati-energy-id-2026-09-28-6f94b98dea09fb9aa195-tx-14,observation-iati-energy-id-2026-09-28-6f94b98dea09fb9aa195-tx-14,event,2021-08-31,day,,,iati-energy-id-2026-09-28-6f94b98dea09fb9aa195,2026-09-28
timing-observation-iati-energy-id-2026-09-28-6f94b98dea09fb9aa195-tx-15,observation-iati-energy-id-2026-09-28-6f94b98dea09fb9aa195-tx-15,event,2021-09-30,day,,,iati-energy-id-2026-09-28-6f94b98dea09fb9aa195,2026-09-28
timing-observation-iati-energy-id-2026-09-28-6f94b98dea09fb9aa195-tx-16,observation-iati-energy-id-2026-09-28-6f94b98dea09fb9aa195-tx-16,event,2021-10-31,day,,,iati-energy-id-2026-09-28-6f94b98dea09fb9aa195,2026-09-28
timing-observation-iati-energy-id-2026-09-28-6f94b98dea09fb9aa195-tx-17,observation-iati-energy-id-2026-09-28-6f94b98dea09fb9aa195-tx-17,event,2021-11-30,day,,,iati-energy-id-2026-09-28-6f94b98dea09fb9aa195,2026-09-28
timing-observation-iati-energy-id-2026-09-28-6f94b98dea09fb9aa195-tx-18,observation-iati-energy-id-2026-09-28-6f94b98dea09fb9aa195-tx-18,event,2021-12-31,day,,,iati-energy-id-2026-09-28-6f94b98dea09fb9aa195,2026-09-28
timing-observation-iati-energy-id-2026-09-28-6f94b98dea09fb9aa195-tx-19,observation-iati-energy-id-2026-09-28-6f94b98dea09fb9aa195-tx-19,event,2022-01-31,day,,,iati-energy-id-2026-09-28-6f94b98dea09fb9aa195,2026-09-28
timing-observation-iati-energy-id-2026-09-28-6f94b98dea09fb9aa195-tx-20,observation-iati-energy-id-2026-09-28-6f94b98dea09fb9aa195-tx-20,event,2022-02-28,day,,,iati-energy-id-2026-09-28-6f94b98dea09fb9aa195,2026-09-28
timing-observation-iati-energy-id-2026-09-28-6f94b98dea09fb9aa195-tx-21,observation-iati-energy-id-2026-09-28-6f94b98dea09fb9aa195-tx-21,event,2022-03-31,day,,,iati-energy-id-2026-09-28-6f94b98dea09fb9aa195,2026-09-28
timing-observation-iati-energy-id-2026-09-28-6f94b98dea09fb9aa195-tx-22,observation-iati-energy-id-2026-09-28-6f94b98dea09fb9aa195-tx-22,event,2022-04-30,day,,,iati-energy-id-2026-09-28-6f94b98dea09fb9aa195,2026-09-28
timing-observation-iati-energy-id-2026-09-28-6f94b98dea09fb9aa195-tx-23,observation-iati-energy-id-2026-09-28-6f94b98dea09fb9aa195-tx-23,event,2022-05-31,day,,,iati-energy-id-2026-09-28-6f94b98dea09fb9aa195,2026-09-28
timing-observation-iati-energy-id-2026-09-28-6f94b98dea09fb9aa195-tx-24,observation-iati-energy-id-2026-09-28-6f94b98dea09fb9aa195-tx-24,event,2022-06-30,day,,,iati-energy-id-2026-09-28-6f94b98dea09fb9aa195,2026-09-28
timing-observation-iati-energy-id-2026-09-28-6f94b98dea09fb9aa195-tx-25,observation-iati-energy-id-2026-09-28-6f94b98dea09fb9aa195-tx-25,event,2022-07-31,day,,,iati-energy-id-2026-09-28-6f94b98dea09fb9aa195,2026-09-28
timing-observation-iati-energy-id-2026-09-28-6f94b98dea09fb9aa195-tx-26,observation-iati-energy-id-2026-09-28-6f94b98dea09fb9aa195-tx-26,event,2022-08-31,day,,,iati-energy-id-2026-09-28-6f94b98dea09fb9aa195,2026-09-28
timing-observation-iati-energy-id-2026-09-28-6f94b98dea09fb9aa195-tx-27,observation-iati-energy-id-2026-09-28-6f94b98dea09fb9aa195-tx-27,event,2022-09-30,day,,,iati-energy-id-2026-09-28-6f94b98dea09fb9aa195,2026-09-28
timing-observation-iati-energy-id-2026-09-28-6f94b98dea09fb9aa195-tx-28,observation-iati-energy-id-2026-09-28-6f94b98dea09fb9aa195-tx-28,event,2022-10-31,day,,,iati-energy-id-2026-09-28-6f94b98dea09fb9aa195,2026-09-28
timing-observation-iati-energy-id-2026-09-28-6f94b98dea09fb9aa195-tx-29,observation-iati-energy-id-2026-09-28-6f94b98dea09fb9aa195-tx-29,event,2022-11-30,day,,,iati-energy-id-2026-09-28-6f94b98dea09fb9aa195,2026-09-28
timing-observation-iati-energy-id-2026-09-28-6f94b98dea09fb9aa195-tx-30,observation-iati-energy-id-2026-09-28-6f94b98dea09fb9aa195-tx-30,event,2022-12-31,day,,,iati-energy-id-2026-09-28-6f94b98dea09fb9aa195,2026-09-28
timing-observation-iati-energy-id-2026-09-28-6f94b98dea09fb9aa195-tx-31,observation-iati-energy-id-2026-09-28-6f94b98dea09fb9aa195-tx-31,event,2023-01-31,day,,,iati-energy-id-2026-09-28-6f94b98dea09fb9aa195,2026-09-28
timing-observation-iati-energy-id-2026-09-28-6f94b98dea09fb9aa195-tx-32,observation-iati-energy-id-2026-09-28-6f94b98dea09fb9aa195-tx-32,event,2023-02-28,day,,,iati-energy-id-2026-09-28-6f94b98dea09fb9aa195,2026-09-28
timing-observation-iati-energy-id-2026-09-28-6f94b98dea09fb9aa195-tx-33,observation-iati-energy-id-2026-09-28-6f94b98dea09fb9aa195-tx-33,event,2023-03-31,day,,,iati-energy-id-2026-09-28-6f94b98dea09fb9aa195,2026-09-28
timing-observation-iati-energy-id-2026-09-28-6f94b98dea09fb9aa195-tx-34,observation-iati-energy-id-2026-09-28-6f94b98dea09fb9aa195-tx-34,event,2023-04-30,day,,,iati-energy-id-2026-09-28-6f94b98dea09fb9aa195,2026-09-28
timing-observation-iati-energy-id-2026-09-28-6f94b98dea09fb9aa195-tx-35,observation-iati-energy-id-2026-09-28-6f94b98dea09fb9aa195-tx-35,event,2023-05-31,day,,,iati-energy-id-2026-09-28-6f94b98dea09fb9aa195,2026-09-28
timing-observation-iati-energy-id-2026-09-28-6f94b98dea09fb9aa195-tx-36,observation-iati-energy-id-2026-09-28-6f94b98dea09fb9aa195-tx-36,event,2023-06-30,day,,,iati-energy-id-2026-09-28-6f94b98dea09fb9aa195,2026-09-28
timing-observation-iati-energy-id-2026-09-28-6f94b98dea09fb9aa195-tx-37,observation-iati-energy-id-2026-09-28-6f94b98dea09fb9aa195-tx-37,event,2023-07-31,day,,,iati-energy-id-2026-09-28-6f94b98dea09fb9aa195,2026-09-28
timing-observation-iati-energy-id-2026-09-28-6f94b98dea09fb9aa195-tx-38,observation-iati-energy-id-2026-09-28-6f94b98dea09fb9aa195-tx-38,event,2023-08-31,day,,,iati-energy-id-2026-09-28-6f94b98dea09fb9aa195,2026-09-28
timing-observation-iati-energy-id-2026-09-28-6f94b98dea09fb9aa195-tx-39,observation-iati-energy-id-2026-09-28-6f94b98dea09fb9aa195-tx-39,event,2023-09-30,day,,,iati-energy-id-2026-09-28-6f94b98dea09fb9aa195,2026-09-28
timing-observation-iati-energy-id-2026-09-28-6f94b98dea09fb9aa195-tx-40,observation-iati-energy-id-2026-09-28-6f94b98dea09fb9aa195-tx-40,event,2023-10-31,day,,,iati-energy-id-2026-09-28-6f94b98dea09fb9aa195,2026-09-28
timing-observation-iati-energy-id-2026-09-28-6f94b98dea09fb9aa195-tx-41,observation-iati-energy-id-2026-09-28-6f94b98dea09fb9aa195-tx-41,event,2023-11-30,day,,,iati-energy-id-2026-09-28-6f94b98dea09fb9aa195,2026-09-28
timing-observation-iati-energy-id-2026-09-28-6f94b98dea09fb9aa195-tx-42,observation-iati-energy-id-2026-09-28-6f94b98dea09fb9aa195-tx-42,event,2023-12-31,day,,,iati-energy-id-2026-09-28-6f94b98dea09fb9aa195,2026-09-28
timing-observation-iati-energy-id-2026-09-28-6f94b98dea09fb9aa195-tx-43,observation-iati-energy-id-2026-09-28-6f94b98dea09fb9aa195-tx-43,event,2024-01-31,day,,,iati-energy-id-2026-09-28-6f94b98dea09fb9aa195,2026-09-28
timing-observation-iati-energy-id-2026-09-28-6f94b98dea09fb9aa195-tx-44,observation-iati-energy-id-2026-09-28-6f94b98dea09fb9aa195-tx-44,event,2024-02-29,day,,,iati-energy-id-2026-09-28-6f94b98dea09fb9aa195,2026-09-28
timing-observation-iati-energy-id-2026-09-28-6f94b98dea09fb9aa195-tx-45,observation-iati-energy-id-2026-09-28-6f94b98dea09fb9aa195-tx-45,event,2024-03-31,day,,,iati-energy-id-2026-09-28-6f94b98dea09fb9aa195,2026-09-28
timing-observation-iati-energy-id-2026-09-28-6f94b98dea09fb9aa195-tx-46,observation-iati-energy-id-2026-09-28-6f94b98dea09fb9aa195-tx-46,event,2024-04-30,day,,,iati-energy-id-2026-09-28-6f94b98dea09fb9aa195,2026-09-28
timing-observation-iati-energy-id-2026-09-28-6f94b98dea09fb9aa195-tx-47,observation-iati-energy-id-2026-09-28-6f94b98dea09fb9aa195-tx-47,event,2024-05-31,day,,,iati-energy-id-2026-09-28-6f94b98dea09fb9aa195,2026-09-28
timing-observation-iati-energy-id-2026-09-28-6f94b98dea09fb9aa195-tx-48,observation-iati-energy-id-2026-09-28-6f94b98dea09fb9aa195-tx-48,event,2024-06-30,day,,,iati-energy-id-2026-09-28-6f94b98dea09fb9aa195,2026-09-28
timing-observation-iati-energy-id-2026-09-28-6f94b98dea09fb9aa195-tx-49,observation-iati-energy-id-2026-09-28-6f94b98dea09fb9aa195-tx-49,event,2024-07-31,day,,,iati-energy-id-2026-09-28-6f94b98dea09fb9aa195,2026-09-28
timing-observation-iati-energy-id-2026-09-28-6f94b98dea09fb9aa195-tx-50,observation-iati-energy-id-2026-09-28-6f94b98dea09fb9aa195-tx-50,event,2024-08-31,day,,,iati-energy-id-2026-09-28-6f94b98dea09fb9aa195,2026-09-28
timing-observation-iati-energy-id-2026-09-28-6f94b98dea09fb9aa195-tx-51,observation-iati-energy-id-2026-09-28-6f94b98dea09fb9aa195-tx-51,event,2024-09-30,day,,,iati-energy-id-2026-09-28-6f94b98dea09fb9aa195,2026-09-28
timing-observation-iati-energy-id-2026-09-28-6f94b98dea09fb9aa195-tx-52,observation-iati-energy-id-2026-09-28-6f94b98dea09fb9aa195-tx-52,event,2024-10-31,day,,,iati-energy-id-2026-09-28-6f94b98dea09fb9aa195,2026-09-28
timing-observation-iati-energy-id-2026-09-28-6f94b98dea09fb9aa195-tx-53,observation-iati-energy-id-2026-09-28-6f94b98dea09fb9aa195-tx-53,event,2024-11-30,day,,,iati-energy-id-2026-09-28-6f94b98dea09fb9aa195,2026-09-28
timing-observation-iati-energy-id-2026-09-28-6f94b98dea09fb9aa195-tx-54,observation-iati-energy-id-2026-09-28-6f94b98dea09fb9aa195-tx-54,event,2024-12-31,day,,,iati-energy-id-2026-09-28-6f94b98dea09fb9aa195,2026-09-28
timing-observation-iati-energy-id-2026-09-28-6f94b98dea09fb9aa195-tx-55,observation-iati-energy-id-2026-09-28-6f94b98dea09fb9aa195-tx-55,event,2025-01-31,day,,,iati-energy-id-2026-09-28-6f94b98dea09fb9aa195,2026-09-28
timing-observation-iati-energy-id-2026-09-28-6f94b98dea09fb9aa195-tx-56,observation-iati-energy-id-2026-09-28-6f94b98dea09fb9aa195-tx-56,event,2025-02-28,day,,,iati-energy-id-2026-09-28-6f94b98dea09fb9aa195,2026-09-28
timing-observation-iati-energy-id-2026-09-28-6f94b98dea09fb9aa195-tx-57,observation-iati-energy-id-2026-09-28-6f94b98dea09fb9aa195-tx-57,event,2025-03-31,day,,,iati-energy-id-2026-09-28-6f94b98dea09fb9aa195,2026-09-28
timing-observation-iati-energy-id-2026-09-28-6f94b98dea09fb9aa195-tx-58,observation-iati-energy-id-2026-09-28-6f94b98dea09fb9aa195-tx-58,event,2025-04-30,day,,,iati-energy-id-2026-09-28-6f94b98dea09fb9aa195,2026-09-28
timing-observation-iati-energy-id-2026-09-28-6f94b98dea09fb9aa195-tx-59,observation-iati-energy-id-2026-09-28-6f94b98dea09fb9aa195-tx-59,event,2025-05-31,day,,,iati-energy-id-2026-09-28-6f94b98dea09fb9aa195,2026-09-28
timing-observation-iati-energy-id-2026-09-28-6f94b98dea09fb9aa195-tx-60,observation-iati-energy-id-2026-09-28-6f94b98dea09fb9aa195-tx-60,event,2025-06-30,day,,,iati-energy-id-2026-09-28-6f94b98dea09fb9aa195,2026-09-28
timing-observation-iati-energy-id-2026-09-28-6f94b98dea09fb9aa195-tx-61,observation-iati-energy-id-2026-09-28-6f94b98dea09fb9aa195-tx-61,event,2025-07-31,day,,,iati-energy-id-2026-09-28-6f94b98dea09fb9aa195,2026-09-28
timing-observation-iati-energy-id-2026-09-28-6f94b98dea09fb9aa195-tx-62,observation-iati-energy-id-2026-09-28-6f94b98dea09fb9aa195-tx-62,event,2025-08-31,day,,,iati-energy-id-2026-09-28-6f94b98dea09fb9aa195,2026-09-28
timing-observation-iati-energy-id-2026-09-28-6f94b98dea09fb9aa195-tx-63,observation-iati-energy-id-2026-09-28-6f94b98dea09fb9aa195-tx-63,event,2025-09-30,day,,,iati-energy-id-2026-09-28-6f94b98dea09fb9aa195,2026-09-28
timing-observation-iati-energy-id-2026-09-28-6f94b98dea09fb9aa195-tx-64,observation-iati-energy-id-2026-09-28-6f94b98dea09fb9aa195-tx-64,event,2025-10-31,day,,,iati-energy-id-2026-09-28-6f94b98dea09fb9aa195,2026-09-28
timing-observation-iati-energy-id-2026-09-28-6f94b98dea09fb9aa195-tx-65,observation-iati-energy-id-2026-09-28-6f94b98dea09fb9aa195-tx-65,event,2025-11-30,day,,,iati-energy-id-2026-09-28-6f94b98dea09fb9aa195,2026-09-28
timing-observation-iati-energy-id-2026-09-28-6f94b98dea09fb9aa195-tx-66,observation-iati-energy-id-2026-09-28-6f94b98dea09fb9aa195-tx-66,event,2025-12-31,day,,,iati-energy-id-2026-09-28-6f94b98dea09fb9aa195,2026-09-28
timing-observation-iati-energy-id-2026-09-28-6f94b98dea09fb9aa195-tx-67,observation-iati-energy-id-2026-09-28-6f94b98dea09fb9aa195-tx-67,event,2026-01-31,day,,,iati-energy-id-2026-09-28-6f94b98dea09fb9aa195,2026-09-28
timing-observation-iati-energy-id-2026-09-28-6f94b98dea09fb9aa195-tx-68,observation-iati-energy-id-2026-09-28-6f94b98dea09fb9aa195-tx-68,event,2026-02-28,day,,,iati-energy-id-2026-09-28-6f94b98dea09fb9aa195,2026-09-28
timing-observation-iati-energy-id-2026-09-28-6f94b98dea09fb9aa195-tx-69,observation-iati-energy-id-2026-09-28-6f94b98dea09fb9aa195-tx-69,event,2026-03-31,day,,,iati-energy-id-2026-09-28-6f94b98dea09fb9aa195,2026-09-28
timing-observation-iati-energy-id-2026-09-28-6f94b98dea09fb9aa195-tx-70,observation-iati-energy-id-2026-09-28-6f94b98dea09fb9aa195-tx-70,event,2026-04-30,day,,,iati-energy-id-2026-09-28-6f94b98dea09fb9aa195,2026-09-28
timing-observation-iati-energy-id-2026-09-28-6f94b98dea09fb9aa195-tx-71,observation-iati-energy-id-2026-09-28-6f94b98dea09fb9aa195-tx-71,event,2026-05-31,day,,,iati-energy-id-2026-09-28-6f94b98dea09fb9aa195,2026-09-28
timing-observation-iati-energy-id-2026-09-28-6f94b98dea09fb9aa195-tx-72,observation-iati-energy-id-2026-09-28-6f94b98dea09fb9aa195-tx-72,event,2026-06-30,day,,,iati-energy-id-2026-09-28-6f94b98dea09fb9aa195,2026-09-28
timing-observation-iati-energy-id-2026-09-28-6f94b98dea09fb9aa195-tx-73,observation-iati-energy-id-2026-09-28-6f94b98dea09fb9aa195-tx-73,event,2026-07-31,day,,,iati-energy-id-2026-09-28-6f94b98dea09fb9aa195,2026-09-28
timing-observation-iati-energy-id-2026-09-28-be9b445f5e6ef4fd8cbe-tx-1,observation-iati-energy-id-2026-09-28-be9b445f5e6ef4fd8cbe-tx-1,event,2020-08-19,day,,,iati-energy-id-2026-09-28-be9b445f5e6ef4fd8cbe,2026-09-28
timing-observation-iati-energy-id-2026-09-28-be9b445f5e6ef4fd8cbe-tx-2,observation-iati-energy-id-2026-09-28-be9b445f5e6ef4fd8cbe-tx-2,event,2020-08-31,day,,,iati-energy-id-2026-09-28-be9b445f5e6ef4fd8cbe,2026-09-28
timing-observation-iati-energy-id-2026-09-28-be9b445f5e6ef4fd8cbe-tx-3,observation-iati-energy-id-2026-09-28-be9b445f5e6ef4fd8cbe-tx-3,event,2020-09-30,day,,,iati-energy-id-2026-09-28-be9b445f5e6ef4fd8cbe,2026-09-28
timing-observation-iati-energy-id-2026-09-28-be9b445f5e6ef4fd8cbe-tx-4,observation-iati-energy-id-2026-09-28-be9b445f5e6ef4fd8cbe-tx-4,event,2020-10-31,day,,,iati-energy-id-2026-09-28-be9b445f5e6ef4fd8cbe,2026-09-28
timing-observation-iati-energy-id-2026-09-28-be9b445f5e6ef4fd8cbe-tx-5,observation-iati-energy-id-2026-09-28-be9b445f5e6ef4fd8cbe-tx-5,event,2020-11-30,day,,,iati-energy-id-2026-09-28-be9b445f5e6ef4fd8cbe,2026-09-28
timing-observation-iati-energy-id-2026-09-28-be9b445f5e6ef4fd8cbe-tx-6,observation-iati-energy-id-2026-09-28-be9b445f5e6ef4fd8cbe-tx-6,event,2020-12-31,day,,,iati-energy-id-2026-09-28-be9b445f5e6ef4fd8cbe,2026-09-28
timing-observation-iati-energy-id-2026-09-28-be9b445f5e6ef4fd8cbe-tx-7,observation-iati-energy-id-2026-09-28-be9b445f5e6ef4fd8cbe-tx-7,event,2021-01-31,day,,,iati-energy-id-2026-09-28-be9b445f5e6ef4fd8cbe,2026-09-28
timing-observation-iati-energy-id-2026-09-28-be9b445f5e6ef4fd8cbe-tx-8,observation-iati-energy-id-2026-09-28-be9b445f5e6ef4fd8cbe-tx-8,event,2021-02-28,day,,,iati-energy-id-2026-09-28-be9b445f5e6ef4fd8cbe,2026-09-28
timing-observation-iati-energy-id-2026-09-28-be9b445f5e6ef4fd8cbe-tx-9,observation-iati-energy-id-2026-09-28-be9b445f5e6ef4fd8cbe-tx-9,event,2021-03-31,day,,,iati-energy-id-2026-09-28-be9b445f5e6ef4fd8cbe,2026-09-28
timing-observation-iati-energy-id-2026-09-28-be9b445f5e6ef4fd8cbe-tx-10,observation-iati-energy-id-2026-09-28-be9b445f5e6ef4fd8cbe-tx-10,event,2021-04-30,day,,,iati-energy-id-2026-09-28-be9b445f5e6ef4fd8cbe,2026-09-28
timing-observation-iati-energy-id-2026-09-28-be9b445f5e6ef4fd8cbe-tx-11,observation-iati-energy-id-2026-09-28-be9b445f5e6ef4fd8cbe-tx-11,event,2021-05-31,day,,,iati-energy-id-2026-09-28-be9b445f5e6ef4fd8cbe,2026-09-28
timing-observation-iati-energy-id-2026-09-28-be9b445f5e6ef4fd8cbe-tx-12,observation-iati-energy-id-2026-09-28-be9b445f5e6ef4fd8cbe-tx-12,event,2021-06-30,day,,,iati-energy-id-2026-09-28-be9b445f5e6ef4fd8cbe,2026-09-28
timing-observation-iati-energy-id-2026-09-28-be9b445f5e6ef4fd8cbe-tx-13,observation-iati-energy-id-2026-09-28-be9b445f5e6ef4fd8cbe-tx-13,event,2021-07-31,day,,,iati-energy-id-2026-09-28-be9b445f5e6ef4fd8cbe,2026-09-28
timing-observation-iati-energy-id-2026-09-28-be9b445f5e6ef4fd8cbe-tx-14,observation-iati-energy-id-2026-09-28-be9b445f5e6ef4fd8cbe-tx-14,event,2021-08-31,day,,,iati-energy-id-2026-09-28-be9b445f5e6ef4fd8cbe,2026-09-28
timing-observation-iati-energy-id-2026-09-28-be9b445f5e6ef4fd8cbe-tx-15,observation-iati-energy-id-2026-09-28-be9b445f5e6ef4fd8cbe-tx-15,event,2021-09-30,day,,,iati-energy-id-2026-09-28-be9b445f5e6ef4fd8cbe,2026-09-28
timing-observation-iati-energy-id-2026-09-28-be9b445f5e6ef4fd8cbe-tx-16,observation-iati-energy-id-2026-09-28-be9b445f5e6ef4fd8cbe-tx-16,event,2021-10-31,day,,,iati-energy-id-2026-09-28-be9b445f5e6ef4fd8cbe,2026-09-28
timing-observation-iati-energy-id-2026-09-28-be9b445f5e6ef4fd8cbe-tx-17,observation-iati-energy-id-2026-09-28-be9b445f5e6ef4fd8cbe-tx-17,event,2021-11-30,day,,,iati-energy-id-2026-09-28-be9b445f5e6ef4fd8cbe,2026-09-28
timing-observation-iati-energy-id-2026-09-28-be9b445f5e6ef4fd8cbe-tx-18,observation-iati-energy-id-2026-09-28-be9b445f5e6ef4fd8cbe-tx-18,event,2021-12-31,day,,,iati-energy-id-2026-09-28-be9b445f5e6ef4fd8cbe,2026-09-28
timing-observation-iati-energy-id-2026-09-28-be9b445f5e6ef4fd8cbe-tx-19,observation-iati-energy-id-2026-09-28-be9b445f5e6ef4fd8cbe-tx-19,event,2022-01-31,day,,,iati-energy-id-2026-09-28-be9b445f5e6ef4fd8cbe,2026-09-28
timing-observation-iati-energy-id-2026-09-28-be9b445f5e6ef4fd8cbe-tx-20,observation-iati-energy-id-2026-09-28-be9b445f5e6ef4fd8cbe-tx-20,event,2022-02-28,day,,,iati-energy-id-2026-09-28-be9b445f5e6ef4fd8cbe,2026-09-28
timing-observation-iati-energy-id-2026-09-28-be9b445f5e6ef4fd8cbe-tx-21,observation-iati-energy-id-2026-09-28-be9b445f5e6ef4fd8cbe-tx-21,event,2022-03-31,day,,,iati-energy-id-2026-09-28-be9b445f5e6ef4fd8cbe,2026-09-28
timing-observation-iati-energy-id-2026-09-28-be9b445f5e6ef4fd8cbe-tx-22,observation-iati-energy-id-2026-09-28-be9b445f5e6ef4fd8cbe-tx-22,event,2022-04-30,day,,,iati-energy-id-2026-09-28-be9b445f5e6ef4fd8cbe,2026-09-28
timing-observation-iati-energy-id-2026-09-28-be9b445f5e6ef4fd8cbe-tx-23,observation-iati-energy-id-2026-09-28-be9b445f5e6ef4fd8cbe-tx-23,event,2022-05-31,day,,,iati-energy-id-2026-09-28-be9b445f5e6ef4fd8cbe,2026-09-28
timing-observation-iati-energy-id-2026-09-28-be9b445f5e6ef4fd8cbe-tx-24,observation-iati-energy-id-2026-09-28-be9b445f5e6ef4fd8cbe-tx-24,event,2022-06-30,day,,,iati-energy-id-2026-09-28-be9b445f5e6ef4fd8cbe,2026-09-28
timing-observation-iati-energy-id-2026-09-28-be9b445f5e6ef4fd8cbe-tx-25,observation-iati-energy-id-2026-09-28-be9b445f5e6ef4fd8cbe-tx-25,event,2022-07-31,day,,,iati-energy-id-2026-09-28-be9b445f5e6ef4fd8cbe,2026-09-28
timing-observation-iati-energy-id-2026-09-28-be9b445f5e6ef4fd8cbe-tx-26,observation-iati-energy-id-2026-09-28-be9b445f5e6ef4fd8cbe-tx-26,event,2022-08-31,day,,,iati-energy-id-2026-09-28-be9b445f5e6ef4fd8cbe,2026-09-28
timing-observation-iati-energy-id-2026-09-28-be9b445f5e6ef4fd8cbe-tx-27,observation-iati-energy-id-2026-09-28-be9b445f5e6ef4fd8cbe-tx-27,event,2022-09-30,day,,,iati-energy-id-2026-09-28-be9b445f5e6ef4fd8cbe,2026-09-28
timing-observation-iati-energy-id-2026-09-28-be9b445f5e6ef4fd8cbe-tx-28,observation-iati-energy-id-2026-09-28-be9b445f5e6ef4fd8cbe-tx-28,event,2022-10-31,day,,,iati-energy-id-2026-09-28-be9b445f5e6ef4fd8cbe,2026-09-28
timing-observation-iati-energy-id-2026-09-28-be9b445f5e6ef4fd8cbe-tx-29,observation-iati-energy-id-2026-09-28-be9b445f5e6ef4fd8cbe-tx-29,event,2022-11-30,day,,,iati-energy-id-2026-09-28-be9b445f5e6ef4fd8cbe,2026-09-28
timing-observation-iati-energy-id-2026-09-28-be9b445f5e6ef4fd8cbe-tx-30,observation-iati-energy-id-2026-09-28-be9b445f5e6ef4fd8cbe-tx-30,event,2022-12-31,day,,,iati-energy-id-2026-09-28-be9b445f5e6ef4fd8cbe,2026-09-28
timing-observation-iati-energy-id-2026-09-28-be9b445f5e6ef4fd8cbe-tx-31,observation-iati-energy-id-2026-09-28-be9b445f5e6ef4fd8cbe-tx-31,event,2023-01-31,day,,,iati-energy-id-2026-09-28-be9b445f5e6ef4fd8cbe,2026-09-28
timing-observation-iati-energy-id-2026-09-28-be9b445f5e6ef4fd8cbe-tx-32,observation-iati-energy-id-2026-09-28-be9b445f5e6ef4fd8cbe-tx-32,event,2023-02-28,day,,,iati-energy-id-2026-09-28-be9b445f5e6ef4fd8cbe,2026-09-28
timing-observation-iati-energy-id-2026-09-28-be9b445f5e6ef4fd8cbe-tx-33,observation-iati-energy-id-2026-09-28-be9b445f5e6ef4fd8cbe-tx-33,event,2023-03-31,day,,,iati-energy-id-2026-09-28-be9b445f5e6ef4fd8cbe,2026-09-28
timing-observation-iati-energy-id-2026-09-28-be9b445f5e6ef4fd8cbe-tx-34,observation-iati-energy-id-2026-09-28-be9b445f5e6ef4fd8cbe-tx-34,event,2023-04-30,day,,,iati-energy-id-2026-09-28-be9b445f5e6ef4fd8cbe,2026-09-28
timing-observation-iati-energy-id-2026-09-28-be9b445f5e6ef4fd8cbe-tx-35,observation-iati-energy-id-2026-09-28-be9b445f5e6ef4fd8cbe-tx-35,event,2023-05-31,day,,,iati-energy-id-2026-09-28-be9b445f5e6ef4fd8cbe,2026-09-28
timing-observation-iati-energy-id-2026-09-28-be9b445f5e6ef4fd8cbe-tx-36,observation-iati-energy-id-2026-09-28-be9b445f5e6ef4fd8cbe-tx-36,event,2023-06-30,day,,,iati-energy-id-2026-09-28-be9b445f5e6ef4fd8cbe,2026-09-28
timing-observation-iati-energy-id-2026-09-28-be9b445f5e6ef4fd8cbe-tx-37,observation-iati-energy-id-2026-09-28-be9b445f5e6ef4fd8cbe-tx-37,event,2023-07-31,day,,,iati-energy-id-2026-09-28-be9b445f5e6ef4fd8cbe,2026-09-28
timing-observation-iati-energy-id-2026-09-28-be9b445f5e6ef4fd8cbe-tx-38,observation-iati-energy-id-2026-09-28-be9b445f5e6ef4fd8cbe-tx-38,event,2023-08-31,day,,,iati-energy-id-2026-09-28-be9b445f5e6ef4fd8cbe,2026-09-28
timing-observation-iati-energy-id-2026-09-28-be9b445f5e6ef4fd8cbe-tx-39,observation-iati-energy-id-2026-09-28-be9b445f5e6ef4fd8cbe-tx-39,event,2023-09-30,day,,,iati-energy-id-2026-09-28-be9b445f5e6ef4fd8cbe,2026-09-28
timing-observation-iati-energy-id-2026-09-28-be9b445f5e6ef4fd8cbe-tx-40,observation-iati-energy-id-2026-09-28-be9b445f5e6ef4fd8cbe-tx-40,event,2023-10-31,day,,,iati-energy-id-2026-09-28-be9b445f5e6ef4fd8cbe,2026-09-28
timing-observation-iati-energy-id-2026-09-28-be9b445f5e6ef4fd8cbe-tx-41,observation-iati-energy-id-2026-09-28-be9b445f5e6ef4fd8cbe-tx-41,event,2023-11-30,day,,,iati-energy-id-2026-09-28-be9b445f5e6ef4fd8cbe,2026-09-28
timing-observation-iati-energy-id-2026-09-28-be9b445f5e6ef4fd8cbe-tx-42,observation-iati-energy-id-2026-09-28-be9b445f5e6ef4fd8cbe-tx-42,event,2023-12-31,day,,,iati-energy-id-2026-09-28-be9b445f5e6ef4fd8cbe,2026-09-28
timing-observation-iati-energy-id-2026-09-28-be9b445f5e6ef4fd8cbe-tx-43,observation-iati-energy-id-2026-09-28-be9b445f5e6ef4fd8cbe-tx-43,event,2024-01-31,day,,,iati-energy-id-2026-09-28-be9b445f5e6ef4fd8cbe,2026-09-28
timing-observation-iati-energy-id-2026-09-28-be9b445f5e6ef4fd8cbe-tx-44,observation-iati-energy-id-2026-09-28-be9b445f5e6ef4fd8cbe-tx-44,event,2024-02-29,day,,,iati-energy-id-2026-09-28-be9b445f5e6ef4fd8cbe,2026-09-28
timing-observation-iati-energy-id-2026-09-28-be9b445f5e6ef4fd8cbe-tx-45,observation-iati-energy-id-2026-09-28-be9b445f5e6ef4fd8cbe-tx-45,event,2024-03-31,day,,,iati-energy-id-2026-09-28-be9b445f5e6ef4fd8cbe,2026-09-28
timing-observation-iati-energy-id-2026-09-28-be9b445f5e6ef4fd8cbe-tx-46,observation-iati-energy-id-2026-09-28-be9b445f5e6ef4fd8cbe-tx-46,event,2024-04-30,day,,,iati-energy-id-2026-09-28-be9b445f5e6ef4fd8cbe,2026-09-28
timing-observation-iati-energy-id-2026-09-28-be9b445f5e6ef4fd8cbe-tx-47,observation-iati-energy-id-2026-09-28-be9b445f5e6ef4fd8cbe-tx-47,event,2024-05-31,day,,,iati-energy-id-2026-09-28-be9b445f5e6ef4fd8cbe,2026-09-28
timing-observation-iati-energy-id-2026-09-28-be9b445f5e6ef4fd8cbe-tx-48,observation-iati-energy-id-2026-09-28-be9b445f5e6ef4fd8cbe-tx-48,event,2024-06-30,day,,,iati-energy-id-2026-09-28-be9b445f5e6ef4fd8cbe,2026-09-28
timing-observation-iati-energy-id-2026-09-28-be9b445f5e6ef4fd8cbe-tx-49,observation-iati-energy-id-2026-09-28-be9b445f5e6ef4fd8cbe-tx-49,event,2024-07-31,day,,,iati-energy-id-2026-09-28-be9b445f5e6ef4fd8cbe,2026-09-28
timing-observation-iati-energy-id-2026-09-28-be9b445f5e6ef4fd8cbe-tx-50,observation-iati-energy-id-2026-09-28-be9b445f5e6ef4fd8cbe-tx-50,event,2024-08-31,day,,,iati-energy-id-2026-09-28-be9b445f5e6ef4fd8cbe,2026-09-28
timing-observation-iati-energy-id-2026-09-28-be9b445f5e6ef4fd8cbe-tx-51,observation-iati-energy-id-2026-09-28-be9b445f5e6ef4fd8cbe-tx-51,event,2024-09-30,day,,,iati-energy-id-2026-09-28-be9b445f5e6ef4fd8cbe,2026-09-28
timing-observation-iati-energy-id-2026-09-28-be9b445f5e6ef4fd8cbe-tx-52,observation-iati-energy-id-2026-09-28-be9b445f5e6ef4fd8cbe-tx-52,event,2024-10-31,day,,,iati-energy-id-2026-09-28-be9b445f5e6ef4fd8cbe,2026-09-28
timing-observation-iati-energy-id-2026-09-28-be9b445f5e6ef4fd8cbe-tx-53,observation-iati-energy-id-2026-09-28-be9b445f5e6ef4fd8cbe-tx-53,event,2024-11-30,day,,,iati-energy-id-2026-09-28-be9b445f5e6ef4fd8cbe,2026-09-28
timing-observation-iati-energy-id-2026-09-28-be9b445f5e6ef4fd8cbe-tx-54,observation-iati-energy-id-2026-09-28-be9b445f5e6ef4fd8cbe-tx-54,event,2024-12-31,day,,,iati-energy-id-2026-09-28-be9b445f5e6ef4fd8cbe,2026-09-28
timing-observation-iati-energy-id-2026-09-28-be9b445f5e6ef4fd8cbe-tx-55,observation-iati-energy-id-2026-09-28-be9b445f5e6ef4fd8cbe-tx-55,event,2025-01-31,day,,,iati-energy-id-2026-09-28-be9b445f5e6ef4fd8cbe,2026-09-28
timing-observation-iati-energy-id-2026-09-28-be9b445f5e6ef4fd8cbe-tx-56,observation-iati-energy-id-2026-09-28-be9b445f5e6ef4fd8cbe-tx-56,event,2025-02-28,day,,,iati-energy-id-2026-09-28-be9b445f5e6ef4fd8cbe,2026-09-28
timing-observation-iati-energy-id-2026-09-28-be9b445f5e6ef4fd8cbe-tx-57,observation-iati-energy-id-2026-09-28-be9b445f5e6ef4fd8cbe-tx-57,event,2025-03-31,day,,,iati-energy-id-2026-09-28-be9b445f5e6ef4fd8cbe,2026-09-28
timing-observation-iati-energy-id-2026-09-28-be9b445f5e6ef4fd8cbe-tx-58,observation-iati-energy-id-2026-09-28-be9b445f5e6ef4fd8cbe-tx-58,event,2025-04-30,day,,,iati-energy-id-2026-09-28-be9b445f5e6ef4fd8cbe,2026-09-28
timing-observation-iati-energy-id-2026-09-28-be9b445f5e6ef4fd8cbe-tx-59,observation-iati-energy-id-2026-09-28-be9b445f5e6ef4fd8cbe-tx-59,event,2025-05-31,day,,,iati-energy-id-2026-09-28-be9b445f5e6ef4fd8cbe,2026-09-28
timing-observation-iati-energy-id-2026-09-28-be9b445f5e6ef4fd8cbe-tx-60,observation-iati-energy-id-2026-09-28-be9b445f5e6ef4fd8cbe-tx-60,event,2025-06-30,day,,,iati-energy-id-2026-09-28-be9b445f5e6ef4fd8cbe,2026-09-28
timing-observation-iati-energy-id-2026-09-28-be9b445f5e6ef4fd8cbe-tx-61,observation-iati-energy-id-2026-09-28-be9b445f5e6ef4fd8cbe-tx-61,event,2025-07-31,day,,,iati-energy-id-2026-09-28-be9b445f5e6ef4fd8cbe,2026-09-28
timing-observation-iati-energy-id-2026-09-28-be9b445f5e6ef4fd8cbe-tx-62,observation-iati-energy-id-2026-09-28-be9b445f5e6ef4fd8cbe-tx-62,event,2025-08-31,day,,,iati-energy-id-2026-09-28-be9b445f5e6ef4fd8cbe,2026-09-28
timing-observation-iati-energy-id-2026-09-28-be9b445f5e6ef4fd8cbe-tx-63,observation-iati-energy-id-2026-09-28-be9b445f5e6ef4fd8cbe-tx-63,event,2025-09-30,day,,,iati-energy-id-2026-09-28-be9b445f5e6ef4fd8cbe,2026-09-28
timing-observation-iati-energy-id-2026-09-28-be9b445f5e6ef4fd8cbe-tx-64,observation-iati-energy-id-2026-09-28-be9b445f5e6ef4fd8cbe-tx-64,event,2025-10-31,day,,,iati-energy-id-2026-09-28-be9b445f5e6ef4fd8cbe,2026-09-28
timing-observation-iati-energy-id-2026-09-28-be9b445f5e6ef4fd8cbe-tx-65,observation-iati-energy-id-2026-09-28-be9b445f5e6ef4fd8cbe-tx-65,event,2025-11-30,day,,,iati-energy-id-2026-09-28-be9b445f5e6ef4fd8cbe,2026-09-28
timing-observation-iati-energy-id-2026-09-28-be9b445f5e6ef4fd8cbe-tx-66,observation-iati-energy-id-2026-09-28-be9b445f5e6ef4fd8cbe-tx-66,event,2025-12-31,day,,,iati-energy-id-2026-09-28-be9b445f5e6ef4fd8cbe,2026-09-28
timing-observation-iati-energy-id-2026-09-28-be9b445f5e6ef4fd8cbe-tx-67,observation-iati-energy-id-2026-09-28-be9b445f5e6ef4fd8cbe-tx-67,event,2026-01-31,day,,,iati-energy-id-2026-09-28-be9b445f5e6ef4fd8cbe,2026-09-28
timing-observation-iati-energy-id-2026-09-28-be9b445f5e6ef4fd8cbe-tx-68,observation-iati-energy-id-2026-09-28-be9b445f5e6ef4fd8cbe-tx-68,event,2026-02-28,day,,,iati-energy-id-2026-09-28-be9b445f5e6ef4fd8cbe,2026-09-28
timing-observation-iati-energy-id-2026-09-28-be9b445f5e6ef4fd8cbe-tx-69,observation-iati-energy-id-2026-09-28-be9b445f5e6ef4fd8cbe-tx-69,event,2026-03-31,day,,,iati-energy-id-2026-09-28-be9b445f5e6ef4fd8cbe,2026-09-28
timing-observation-iati-energy-id-2026-09-28-be9b445f5e6ef4fd8cbe-tx-70,observation-iati-energy-id-2026-09-28-be9b445f5e6ef4fd8cbe-tx-70,event,2026-04-30,day,,,iati-energy-id-2026-09-28-be9b445f5e6ef4fd8cbe,2026-09-28
timing-observation-iati-energy-id-2026-09-28-be9b445f5e6ef4fd8cbe-tx-71,observation-iati-energy-id-2026-09-28-be9b445f5e6ef4fd8cbe-tx-71,event,2026-05-31,day,,,iati-energy-id-2026-09-28-be9b445f5e6ef4fd8cbe,2026-09-28
timing-observation-iati-energy-id-2026-09-28-be9b445f5e6ef4fd8cbe-tx-72,observation-iati-energy-id-2026-09-28-be9b445f5e6ef4fd8cbe-tx-72,event,2026-06-30,day,,,iati-energy-id-2026-09-28-be9b445f5e6ef4fd8cbe,2026-09-28
timing-observation-iati-energy-id-2026-09-28-be9b445f5e6ef4fd8cbe-tx-73,observation-iati-energy-id-2026-09-28-be9b445f5e6ef4fd8cbe-tx-73,event,2026-07-31,day,,,iati-energy-id-2026-09-28-be9b445f5e6ef4fd8cbe,2026-09-28
timing-observation-iati-energy-id-2026-09-28-1f1cae903f38ae3e9a63-tx-1,observation-iati-energy-id-2026-09-28-1f1cae903f38ae3e9a63-tx-1,event,2025-12-09,day,,,iati-energy-id-2026-09-28-1f1cae903f38ae3e9a63,2026-09-28
timing-observation-iati-energy-id-2026-09-28-1f1cae903f38ae3e9a63-tx-2,observation-iati-energy-id-2026-09-28-1f1cae903f38ae3e9a63-tx-2,event,2025-12-31,day,,,iati-energy-id-2026-09-28-1f1cae903f38ae3e9a63,2026-09-28
timing-observation-iati-energy-id-2026-09-28-1f1cae903f38ae3e9a63-tx-3,observation-iati-energy-id-2026-09-28-1f1cae903f38ae3e9a63-tx-3,event,2026-01-31,day,,,iati-energy-id-2026-09-28-1f1cae903f38ae3e9a63,2026-09-28
timing-observation-iati-energy-id-2026-09-28-1f1cae903f38ae3e9a63-tx-4,observation-iati-energy-id-2026-09-28-1f1cae903f38ae3e9a63-tx-4,event,2026-02-28,day,,,iati-energy-id-2026-09-28-1f1cae903f38ae3e9a63,2026-09-28
timing-observation-iati-energy-id-2026-09-28-1f1cae903f38ae3e9a63-tx-5,observation-iati-energy-id-2026-09-28-1f1cae903f38ae3e9a63-tx-5,event,2026-03-31,day,,,iati-energy-id-2026-09-28-1f1cae903f38ae3e9a63,2026-09-28
timing-observation-iati-energy-id-2026-09-28-1f1cae903f38ae3e9a63-tx-6,observation-iati-energy-id-2026-09-28-1f1cae903f38ae3e9a63-tx-6,event,2026-04-30,day,,,iati-energy-id-2026-09-28-1f1cae903f38ae3e9a63,2026-09-28
timing-observation-iati-energy-id-2026-09-28-1f1cae903f38ae3e9a63-tx-7,observation-iati-energy-id-2026-09-28-1f1cae903f38ae3e9a63-tx-7,event,2026-05-31,day,,,iati-energy-id-2026-09-28-1f1cae903f38ae3e9a63,2026-09-28
timing-observation-iati-energy-id-2026-09-28-1f1cae903f38ae3e9a63-tx-8,observation-iati-energy-id-2026-09-28-1f1cae903f38ae3e9a63-tx-8,event,2026-06-30,day,,,iati-energy-id-2026-09-28-1f1cae903f38ae3e9a63,2026-09-28
timing-observation-iati-energy-id-2026-09-28-1f1cae903f38ae3e9a63-tx-9,observation-iati-energy-id-2026-09-28-1f1cae903f38ae3e9a63-tx-9,event,2026-07-31,day,,,iati-energy-id-2026-09-28-1f1cae903f38ae3e9a63,2026-09-28
timing-observation-iati-energy-id-2026-09-28-17da48128d17a463ede7-tx-1,observation-iati-energy-id-2026-09-28-17da48128d17a463ede7-tx-1,event,2024-12-24,day,,,iati-energy-id-2026-09-28-17da48128d17a463ede7,2026-09-28
timing-observation-iati-energy-id-2026-09-28-17da48128d17a463ede7-tx-2,observation-iati-energy-id-2026-09-28-17da48128d17a463ede7-tx-2,event,2024-12-31,day,,,iati-energy-id-2026-09-28-17da48128d17a463ede7,2026-09-28
timing-observation-iati-energy-id-2026-09-28-17da48128d17a463ede7-tx-3,observation-iati-energy-id-2026-09-28-17da48128d17a463ede7-tx-3,event,2025-01-31,day,,,iati-energy-id-2026-09-28-17da48128d17a463ede7,2026-09-28
timing-observation-iati-energy-id-2026-09-28-17da48128d17a463ede7-tx-4,observation-iati-energy-id-2026-09-28-17da48128d17a463ede7-tx-4,event,2025-02-28,day,,,iati-energy-id-2026-09-28-17da48128d17a463ede7,2026-09-28
timing-observation-iati-energy-id-2026-09-28-17da48128d17a463ede7-tx-5,observation-iati-energy-id-2026-09-28-17da48128d17a463ede7-tx-5,event,2025-03-31,day,,,iati-energy-id-2026-09-28-17da48128d17a463ede7,2026-09-28
timing-observation-iati-energy-id-2026-09-28-17da48128d17a463ede7-tx-6,observation-iati-energy-id-2026-09-28-17da48128d17a463ede7-tx-6,event,2025-04-30,day,,,iati-energy-id-2026-09-28-17da48128d17a463ede7,2026-09-28
timing-observation-iati-energy-id-2026-09-28-17da48128d17a463ede7-tx-7,observation-iati-energy-id-2026-09-28-17da48128d17a463ede7-tx-7,event,2025-05-31,day,,,iati-energy-id-2026-09-28-17da48128d17a463ede7,2026-09-28
timing-observation-iati-energy-id-2026-09-28-17da48128d17a463ede7-tx-8,observation-iati-energy-id-2026-09-28-17da48128d17a463ede7-tx-8,event,2025-06-30,day,,,iati-energy-id-2026-09-28-17da48128d17a463ede7,2026-09-28
timing-observation-iati-energy-id-2026-09-28-17da48128d17a463ede7-tx-9,observation-iati-energy-id-2026-09-28-17da48128d17a463ede7-tx-9,event,2025-07-31,day,,,iati-energy-id-2026-09-28-17da48128d17a463ede7,2026-09-28
timing-observation-iati-energy-id-2026-09-28-17da48128d17a463ede7-tx-10,observation-iati-energy-id-2026-09-28-17da48128d17a463ede7-tx-10,event,2025-08-31,day,,,iati-energy-id-2026-09-28-17da48128d17a463ede7,2026-09-28
timing-observation-iati-energy-id-2026-09-28-17da48128d17a463ede7-tx-11,observation-iati-energy-id-2026-09-28-17da48128d17a463ede7-tx-11,event,2025-09-30,day,,,iati-energy-id-2026-09-28-17da48128d17a463ede7,2026-09-28
timing-observation-iati-energy-id-2026-09-28-17da48128d17a463ede7-tx-12,observation-iati-energy-id-2026-09-28-17da48128d17a463ede7-tx-12,event,2025-10-31,day,,,iati-energy-id-2026-09-28-17da48128d17a463ede7,2026-09-28
timing-observation-iati-energy-id-2026-09-28-17da48128d17a463ede7-tx-13,observation-iati-energy-id-2026-09-28-17da48128d17a463ede7-tx-13,event,2025-11-30,day,,,iati-energy-id-2026-09-28-17da48128d17a463ede7,2026-09-28
timing-observation-iati-energy-id-2026-09-28-17da48128d17a463ede7-tx-14,observation-iati-energy-id-2026-09-28-17da48128d17a463ede7-tx-14,event,2025-12-31,day,,,iati-energy-id-2026-09-28-17da48128d17a463ede7,2026-09-28
timing-observation-iati-energy-id-2026-09-28-17da48128d17a463ede7-tx-15,observation-iati-energy-id-2026-09-28-17da48128d17a463ede7-tx-15,event,2026-01-31,day,,,iati-energy-id-2026-09-28-17da48128d17a463ede7,2026-09-28
timing-observation-iati-energy-id-2026-09-28-17da48128d17a463ede7-tx-16,observation-iati-energy-id-2026-09-28-17da48128d17a463ede7-tx-16,event,2026-02-28,day,,,iati-energy-id-2026-09-28-17da48128d17a463ede7,2026-09-28
timing-observation-iati-energy-id-2026-09-28-17da48128d17a463ede7-tx-17,observation-iati-energy-id-2026-09-28-17da48128d17a463ede7-tx-17,event,2026-03-31,day,,,iati-energy-id-2026-09-28-17da48128d17a463ede7,2026-09-28
timing-observation-iati-energy-id-2026-09-28-17da48128d17a463ede7-tx-18,observation-iati-energy-id-2026-09-28-17da48128d17a463ede7-tx-18,event,2026-04-30,day,,,iati-energy-id-2026-09-28-17da48128d17a463ede7,2026-09-28
timing-observation-iati-energy-id-2026-09-28-17da48128d17a463ede7-tx-19,observation-iati-energy-id-2026-09-28-17da48128d17a463ede7-tx-19,event,2026-05-31,day,,,iati-energy-id-2026-09-28-17da48128d17a463ede7,2026-09-28
timing-observation-iati-energy-id-2026-09-28-17da48128d17a463ede7-tx-20,observation-iati-energy-id-2026-09-28-17da48128d17a463ede7-tx-20,event,2026-06-30,day,,,iati-energy-id-2026-09-28-17da48128d17a463ede7,2026-09-28
timing-observation-iati-energy-id-2026-09-28-17da48128d17a463ede7-tx-21,observation-iati-energy-id-2026-09-28-17da48128d17a463ede7-tx-21,event,2026-07-31,day,,,iati-energy-id-2026-09-28-17da48128d17a463ede7,2026-09-28
timing-observation-iati-energy-id-2026-09-28-44d9445a3c002d0576c9-tx-1,observation-iati-energy-id-2026-09-28-44d9445a3c002d0576c9-tx-1,event,1998-10-05,day,,,iati-energy-id-2026-09-28-44d9445a3c002d0576c9,2026-09-28
timing-observation-iati-energy-id-2026-09-28-44d9445a3c002d0576c9-tx-2,observation-iati-energy-id-2026-09-28-44d9445a3c002d0576c9-tx-2,event,1998-10-13,day,,,iati-energy-id-2026-09-28-44d9445a3c002d0576c9,2026-09-28
timing-observation-iati-energy-id-2026-09-28-44d9445a3c002d0576c9-tx-3,observation-iati-energy-id-2026-09-28-44d9445a3c002d0576c9-tx-3,event,1998-12-21,day,,,iati-energy-id-2026-09-28-44d9445a3c002d0576c9,2026-09-28
timing-observation-iati-energy-id-2026-09-28-44d9445a3c002d0576c9-tx-4,observation-iati-energy-id-2026-09-28-44d9445a3c002d0576c9-tx-4,event,1998-12-22,day,,,iati-energy-id-2026-09-28-44d9445a3c002d0576c9,2026-09-28
timing-observation-iati-energy-id-2026-09-28-44d9445a3c002d0576c9-tx-5,observation-iati-energy-id-2026-09-28-44d9445a3c002d0576c9-tx-5,event,1998-09-25,day,,,iati-energy-id-2026-09-28-44d9445a3c002d0576c9,2026-09-28
timing-observation-iati-energy-id-2026-09-28-44d9445a3c002d0576c9-tx-6,observation-iati-energy-id-2026-09-28-44d9445a3c002d0576c9-tx-6,event,1999-10-01,day,,,iati-energy-id-2026-09-28-44d9445a3c002d0576c9,2026-09-28
timing-observation-iati-energy-id-2026-09-28-44d9445a3c002d0576c9-tx-7,observation-iati-energy-id-2026-09-28-44d9445a3c002d0576c9-tx-7,event,1999-02-02,day,,,iati-energy-id-2026-09-28-44d9445a3c002d0576c9,2026-09-28
timing-observation-iati-energy-id-2026-09-28-44d9445a3c002d0576c9-tx-8,observation-iati-energy-id-2026-09-28-44d9445a3c002d0576c9-tx-8,event,1999-02-03,day,,,iati-energy-id-2026-09-28-44d9445a3c002d0576c9,2026-09-28
timing-observation-iati-energy-id-2026-09-28-44d9445a3c002d0576c9-tx-9,observation-iati-energy-id-2026-09-28-44d9445a3c002d0576c9-tx-9,event,1999-01-04,day,,,iati-energy-id-2026-09-28-44d9445a3c002d0576c9,2026-09-28
timing-observation-iati-energy-id-2026-09-28-44d9445a3c002d0576c9-tx-10,observation-iati-energy-id-2026-09-28-44d9445a3c002d0576c9-tx-10,event,1999-10-04,day,,,iati-energy-id-2026-09-28-44d9445a3c002d0576c9,2026-09-28
timing-observation-iati-energy-id-2026-09-28-44d9445a3c002d0576c9-tx-11,observation-iati-energy-id-2026-09-28-44d9445a3c002d0576c9-tx-11,event,1999-03-05,day,,,iati-energy-id-2026-09-28-44d9445a3c002d0576c9,2026-09-28
timing-observation-iati-energy-id-2026-09-28-44d9445a3c002d0576c9-tx-12,observation-iati-energy-id-2026-09-28-44d9445a3c002d0576c9-tx-12,event,1999-09-07,day,,,iati-energy-id-2026-09-28-44d9445a3c002d0576c9,2026-09-28
timing-observation-iati-energy-id-2026-09-28-44d9445a3c002d0576c9-tx-13,observation-iati-energy-id-2026-09-28-44d9445a3c002d0576c9-tx-13,event,1999-11-08,day,,,iati-energy-id-2026-09-28-44d9445a3c002d0576c9,2026-09-28
timing-observation-iati-energy-id-2026-09-28-44d9445a3c002d0576c9-tx-14,observation-iati-energy-id-2026-09-28-44d9445a3c002d0576c9-tx-14,event,1999-08-13,day,,,iati-energy-id-2026-09-28-44d9445a3c002d0576c9,2026-09-28
timing-observation-iati-energy-id-2026-09-28-44d9445a3c002d0576c9-tx-15,observation-iati-energy-id-2026-09-28-44d9445a3c002d0576c9-tx-15,event,1999-09-13,day,,,iati-energy-id-2026-09-28-44d9445a3c002d0576c9,2026-09-28
timing-observation-iati-energy-id-2026-09-28-44d9445a3c002d0576c9-tx-16,observation-iati-energy-id-2026-09-28-44d9445a3c002d0576c9-tx-16,event,1999-07-14,day,,,iati-energy-id-2026-09-28-44d9445a3c002d0576c9,2026-09-28
timing-observation-iati-energy-id-2026-09-28-44d9445a3c002d0576c9-tx-17,observation-iati-energy-id-2026-09-28-44d9445a3c002d0576c9-tx-17,event,1999-05-20,day,,,iati-energy-id-2026-09-28-44d9445a3c002d0576c9,2026-09-28
timing-observation-iati-energy-id-2026-09-28-44d9445a3c002d0576c9-tx-18,observation-iati-energy-id-2026-09-28-44d9445a3c002d0576c9-tx-18,event,1999-09-20,day,,,iati-energy-id-2026-09-28-44d9445a3c002d0576c9,2026-09-28
timing-observation-iati-energy-id-2026-09-28-44d9445a3c002d0576c9-tx-19,observation-iati-energy-id-2026-09-28-44d9445a3c002d0576c9-tx-19,event,1999-11-22,day,,,iati-energy-id-2026-09-28-44d9445a3c002d0576c9,2026-09-28
timing-observation-iati-energy-id-2026-09-28-44d9445a3c002d0576c9-tx-20,observation-iati-energy-id-2026-09-28-44d9445a3c002d0576c9-tx-20,event,1999-06-23,day,,,iati-energy-id-2026-09-28-44d9445a3c002d0576c9,2026-09-28
timing-observation-iati-energy-id-2026-09-28-44d9445a3c002d0576c9-tx-21,observation-iati-energy-id-2026-09-28-44d9445a3c002d0576c9-tx-21,event,1999-12-24,day,,,iati-energy-id-2026-09-28-44d9445a3c002d0576c9,2026-09-28
timing-observation-iati-energy-id-2026-09-28-44d9445a3c002d0576c9-tx-22,observation-iati-energy-id-2026-09-28-44d9445a3c002d0576c9-tx-22,event,1999-01-25,day,,,iati-energy-id-2026-09-28-44d9445a3c002d0576c9,2026-09-28
timing-observation-iati-energy-id-2026-09-28-44d9445a3c002d0576c9-tx-23,observation-iati-energy-id-2026-09-28-44d9445a3c002d0576c9-tx-23,event,1999-08-26,day,,,iati-energy-id-2026-09-28-44d9445a3c002d0576c9,2026-09-28
timing-observation-iati-energy-id-2026-09-28-44d9445a3c002d0576c9-tx-24,observation-iati-energy-id-2026-09-28-44d9445a3c002d0576c9-tx-24,event,1999-08-27,day,,,iati-energy-id-2026-09-28-44d9445a3c002d0576c9,2026-09-28
timing-observation-iati-energy-id-2026-09-28-44d9445a3c002d0576c9-tx-25,observation-iati-energy-id-2026-09-28-44d9445a3c002d0576c9-tx-25,event,1999-09-27,day,,,iati-energy-id-2026-09-28-44d9445a3c002d0576c9,2026-09-28
timing-observation-iati-energy-id-2026-09-28-44d9445a3c002d0576c9-tx-26,observation-iati-energy-id-2026-09-28-44d9445a3c002d0576c9-tx-26,event,2000-09-01,day,,,iati-energy-id-2026-09-28-44d9445a3c002d0576c9,2026-09-28
timing-observation-iati-energy-id-2026-09-28-44d9445a3c002d0576c9-tx-27,observation-iati-energy-id-2026-09-28-44d9445a3c002d0576c9-tx-27,event,2000-10-02,day,,,iati-energy-id-2026-09-28-44d9445a3c002d0576c9,2026-09-28
timing-observation-iati-energy-id-2026-09-28-44d9445a3c002d0576c9-tx-28,observation-iati-energy-id-2026-09-28-44d9445a3c002d0576c9-tx-28,event,2000-10-03,day,,,iati-energy-id-2026-09-28-44d9445a3c002d0576c9,2026-09-28
timing-observation-iati-energy-id-2026-09-28-44d9445a3c002d0576c9-tx-29,observation-iati-energy-id-2026-09-28-44d9445a3c002d0576c9-tx-29,event,2000-01-05,day,,,iati-energy-id-2026-09-28-44d9445a3c002d0576c9,2026-09-28
timing-observation-iati-energy-id-2026-09-28-44d9445a3c002d0576c9-tx-30,observation-iati-energy-id-2026-09-28-44d9445a3c002d0576c9-tx-30,event,2000-10-05,day,,,iati-energy-id-2026-09-28-44d9445a3c002d0576c9,2026-09-28
timing-observation-iati-energy-id-2026-09-28-44d9445a3c002d0576c9-tx-31,observation-iati-energy-id-2026-09-28-44d9445a3c002d0576c9-tx-31,event,2000-09-06,day,,,iati-energy-id-2026-09-28-44d9445a3c002d0576c9,2026-09-28
timing-observation-iati-energy-id-2026-09-28-44d9445a3c002d0576c9-tx-32,observation-iati-energy-id-2026-09-28-44d9445a3c002d0576c9-tx-32,event,2000-10-06,day,,,iati-energy-id-2026-09-28-44d9445a3c002d0576c9,2026-09-28
timing-observation-iati-energy-id-2026-09-28-44d9445a3c002d0576c9-tx-33,observation-iati-energy-id-2026-09-28-44d9445a3c002d0576c9-tx-33,event,2000-03-07,day,,,iati-energy-id-2026-09-28-44d9445a3c002d0576c9,2026-09-28
timing-observation-iati-energy-id-2026-09-28-44d9445a3c002d0576c9-tx-34,observation-iati-energy-id-2026-09-28-44d9445a3c002d0576c9-tx-34,event,2000-04-07,day,,,iati-energy-id-2026-09-28-44d9445a3c002d0576c9,2026-09-28
timing-observation-iati-energy-id-2026-09-28-44d9445a3c002d0576c9-tx-35,observation-iati-energy-id-2026-09-28-44d9445a3c002d0576c9-tx-35,event,2000-05-08,day,,,iati-energy-id-2026-09-28-44d9445a3c002d0576c9,2026-09-28
timing-observation-iati-energy-id-2026-09-28-44d9445a3c002d0576c9-tx-36,observation-iati-energy-id-2026-09-28-44d9445a3c002d0576c9-tx-36,event,2000-05-09,day,,,iati-energy-id-2026-09-28-44d9445a3c002d0576c9,2026-09-28
timing-observation-iati-energy-id-2026-09-28-44d9445a3c002d0576c9-tx-37,observation-iati-energy-id-2026-09-28-44d9445a3c002d0576c9-tx-37,event,2000-06-09,day,,,iati-energy-id-2026-09-28-44d9445a3c002d0576c9,2026-09-28
timing-observation-iati-energy-id-2026-09-28-44d9445a3c002d0576c9-tx-38,observation-iati-energy-id-2026-09-28-44d9445a3c002d0576c9-tx-38,event,2000-01-10,day,,,iati-energy-id-2026-09-28-44d9445a3c002d0576c9,2026-09-28
timing-observation-iati-energy-id-2026-09-28-44d9445a3c002d0576c9-tx-39,observation-iati-energy-id-2026-09-28-44d9445a3c002d0576c9-tx-39,event,2000-10-10,day,,,iati-energy-id-2026-09-28-44d9445a3c002d0576c9,2026-09-28
timing-observation-iati-energy-id-2026-09-28-44d9445a3c002d0576c9-tx-40,observation-iati-energy-id-2026-09-28-44d9445a3c002d0576c9-tx-40,event,2000-04-14,day,,,iati-energy-id-2026-09-28-44d9445a3c002d0576c9,2026-09-28
timing-observation-iati-energy-id-2026-09-28-44d9445a3c002d0576c9-tx-41,observation-iati-energy-id-2026-09-28-44d9445a3c002d0576c9-tx-41,event,2000-05-15,day,,,iati-energy-id-2026-09-28-44d9445a3c002d0576c9,2026-09-28
timing-observation-iati-energy-id-2026-09-28-44d9445a3c002d0576c9-tx-42,observation-iati-energy-id-2026-09-28-44d9445a3c002d0576c9-tx-42,event,2000-11-17,day,,,iati-energy-id-2026-09-28-44d9445a3c002d0576c9,2026-09-28
timing-observation-iati-energy-id-2026-09-28-44d9445a3c002d0576c9-tx-43,observation-iati-energy-id-2026-09-28-44d9445a3c002d0576c9-tx-43,event,2000-10-18,day,,,iati-energy-id-2026-09-28-44d9445a3c002d0576c9,2026-09-28
timing-observation-iati-energy-id-2026-09-28-44d9445a3c002d0576c9-tx-44,observation-iati-energy-id-2026-09-28-44d9445a3c002d0576c9-tx-44,event,2000-10-20,day,,,iati-energy-id-2026-09-28-44d9445a3c002d0576c9,2026-09-28
timing-observation-iati-energy-id-2026-09-28-44d9445a3c002d0576c9-tx-45,observation-iati-energy-id-2026-09-28-44d9445a3c002d0576c9-tx-45,event,2000-06-22,day,,,iati-energy-id-2026-09-28-44d9445a3c002d0576c9,2026-09-28
timing-observation-iati-energy-id-2026-09-28-44d9445a3c002d0576c9-tx-46,observation-iati-energy-id-2026-09-28-44d9445a3c002d0576c9-tx-46,event,2000-03-24,day,,,iati-energy-id-2026-09-28-44d9445a3c002d0576c9,2026-09-28
timing-observation-iati-energy-id-2026-09-28-44d9445a3c002d0576c9-tx-47,observation-iati-energy-id-2026-09-28-44d9445a3c002d0576c9-tx-47,event,2000-10-24,day,,,iati-energy-id-2026-09-28-44d9445a3c002d0576c9,2026-09-28
timing-observation-iati-energy-id-2026-09-28-44d9445a3c002d0576c9-tx-48,observation-iati-energy-id-2026-09-28-44d9445a3c002d0576c9-tx-48,event,2000-11-24,day,,,iati-energy-id-2026-09-28-44d9445a3c002d0576c9,2026-09-28
timing-observation-iati-energy-id-2026-09-28-44d9445a3c002d0576c9-tx-49,observation-iati-energy-id-2026-09-28-44d9445a3c002d0576c9-tx-49,event,2000-01-28,day,,,iati-energy-id-2026-09-28-44d9445a3c002d0576c9,2026-09-28
timing-observation-iati-energy-id-2026-09-28-44d9445a3c002d0576c9-tx-50,observation-iati-energy-id-2026-09-28-44d9445a3c002d0576c9-tx-50,event,2000-11-28,day,,,iati-energy-id-2026-09-28-44d9445a3c002d0576c9,2026-09-28
timing-observation-iati-energy-id-2026-09-28-44d9445a3c002d0576c9-tx-51,observation-iati-energy-id-2026-09-28-44d9445a3c002d0576c9-tx-51,event,2000-05-30,day,,,iati-energy-id-2026-09-28-44d9445a3c002d0576c9,2026-09-28
timing-observation-iati-energy-id-2026-09-28-44d9445a3c002d0576c9-tx-52,observation-iati-energy-id-2026-09-28-44d9445a3c002d0576c9-tx-52,event,2001-06-06,day,,,iati-energy-id-2026-09-28-44d9445a3c002d0576c9,2026-09-28
timing-observation-iati-energy-id-2026-09-28-44d9445a3c002d0576c9-tx-53,observation-iati-energy-id-2026-09-28-44d9445a3c002d0576c9-tx-53,event,2001-03-09,day,,,iati-energy-id-2026-09-28-44d9445a3c002d0576c9,2026-09-28
timing-observation-iati-energy-id-2026-09-28-44d9445a3c002d0576c9-tx-54,observation-iati-energy-id-2026-09-28-44d9445a3c002d0576c9-tx-54,event,2001-04-19,day,,,iati-energy-id-2026-09-28-44d9445a3c002d0576c9,2026-09-28
timing-observation-iati-energy-id-2026-09-28-44d9445a3c002d0576c9-tx-55,observation-iati-energy-id-2026-09-28-44d9445a3c002d0576c9-tx-55,event,2001-04-20,day,,,iati-energy-id-2026-09-28-44d9445a3c002d0576c9,2026-09-28
timing-observation-iati-energy-id-2026-09-28-44d9445a3c002d0576c9-tx-56,observation-iati-energy-id-2026-09-28-44d9445a3c002d0576c9-tx-56,event,2001-07-23,day,,,iati-energy-id-2026-09-28-44d9445a3c002d0576c9,2026-09-28
timing-observation-iati-energy-id-2026-09-28-44d9445a3c002d0576c9-tx-57,observation-iati-energy-id-2026-09-28-44d9445a3c002d0576c9-tx-57,event,2001-01-25,day,,,iati-energy-id-2026-09-28-44d9445a3c002d0576c9,2026-09-28
timing-observation-iati-energy-id-2026-09-28-44d9445a3c002d0576c9-tx-58,observation-iati-energy-id-2026-09-28-44d9445a3c002d0576c9-tx-58,event,2001-04-26,day,,,iati-energy-id-2026-09-28-44d9445a3c002d0576c9,2026-09-28
timing-observation-iati-energy-id-2026-09-28-44d9445a3c002d0576c9-tx-117,observation-iati-energy-id-2026-09-28-44d9445a3c002d0576c9-tx-117,event,1995-01-23,day,,,iati-energy-id-2026-09-28-44d9445a3c002d0576c9,2026-09-28
timing-observation-iati-energy-id-2026-09-28-cb19d934e62603ec69eb-tx-1,observation-iati-energy-id-2026-09-28-cb19d934e62603ec69eb-tx-1,event,2005-12-21,day,,,iati-energy-id-2026-09-28-cb19d934e62603ec69eb,2026-09-28
timing-observation-iati-energy-id-2026-09-28-cb19d934e62603ec69eb-tx-2,observation-iati-energy-id-2026-09-28-cb19d934e62603ec69eb-tx-2,event,2005-12-22,day,,,iati-energy-id-2026-09-28-cb19d934e62603ec69eb,2026-09-28
timing-observation-iati-energy-id-2026-09-28-cb19d934e62603ec69eb-tx-3,observation-iati-energy-id-2026-09-28-cb19d934e62603ec69eb-tx-3,event,2007-02-01,day,,,iati-energy-id-2026-09-28-cb19d934e62603ec69eb,2026-09-28
timing-observation-iati-energy-id-2026-09-28-cb19d934e62603ec69eb-tx-4,observation-iati-energy-id-2026-09-28-cb19d934e62603ec69eb-tx-4,event,2007-01-19,day,,,iati-energy-id-2026-09-28-cb19d934e62603ec69eb,2026-09-28
timing-observation-iati-energy-id-2026-09-28-cb19d934e62603ec69eb-tx-5,observation-iati-energy-id-2026-09-28-cb19d934e62603ec69eb-tx-5,event,2007-02-26,day,,,iati-energy-id-2026-09-28-cb19d934e62603ec69eb,2026-09-28
timing-observation-iati-energy-id-2026-09-28-cb19d934e62603ec69eb-tx-11,observation-iati-energy-id-2026-09-28-cb19d934e62603ec69eb-tx-11,event,1997-03-03,day,,,iati-energy-id-2026-09-28-cb19d934e62603ec69eb,2026-09-28
timing-observation-iati-energy-id-2026-09-28-cb2d14d2b210fde6e35c-tx-1,observation-iati-energy-id-2026-09-28-cb2d14d2b210fde6e35c-tx-1,event,2018-11-01,day,,,iati-energy-id-2026-09-28-cb2d14d2b210fde6e35c,2026-09-28
timing-observation-iati-energy-id-2026-09-28-cb2d14d2b210fde6e35c-tx-2,observation-iati-energy-id-2026-09-28-cb2d14d2b210fde6e35c-tx-2,event,2018-11-02,day,,,iati-energy-id-2026-09-28-cb2d14d2b210fde6e35c,2026-09-28
timing-observation-iati-energy-id-2026-09-28-cb2d14d2b210fde6e35c-tx-3,observation-iati-energy-id-2026-09-28-cb2d14d2b210fde6e35c-tx-3,event,2018-08-06,day,,,iati-energy-id-2026-09-28-cb2d14d2b210fde6e35c,2026-09-28
timing-observation-iati-energy-id-2026-09-28-cb2d14d2b210fde6e35c-tx-4,observation-iati-energy-id-2026-09-28-cb2d14d2b210fde6e35c-tx-4,event,2018-12-06,day,,,iati-energy-id-2026-09-28-cb2d14d2b210fde6e35c,2026-09-28
timing-observation-iati-energy-id-2026-09-28-cb2d14d2b210fde6e35c-tx-5,observation-iati-energy-id-2026-09-28-cb2d14d2b210fde6e35c-tx-5,event,2018-12-11,day,,,iati-energy-id-2026-09-28-cb2d14d2b210fde6e35c,2026-09-28
timing-observation-iati-energy-id-2026-09-28-cb2d14d2b210fde6e35c-tx-6,observation-iati-energy-id-2026-09-28-cb2d14d2b210fde6e35c-tx-6,event,2018-09-17,day,,,iati-energy-id-2026-09-28-cb2d14d2b210fde6e35c,2026-09-28
timing-observation-iati-energy-id-2026-09-28-cb2d14d2b210fde6e35c-tx-7,observation-iati-energy-id-2026-09-28-cb2d14d2b210fde6e35c-tx-7,event,2018-12-17,day,,,iati-energy-id-2026-09-28-cb2d14d2b210fde6e35c,2026-09-28
timing-observation-iati-energy-id-2026-09-28-cb2d14d2b210fde6e35c-tx-8,observation-iati-energy-id-2026-09-28-cb2d14d2b210fde6e35c-tx-8,event,2018-12-18,day,,,iati-energy-id-2026-09-28-cb2d14d2b210fde6e35c,2026-09-28
timing-observation-iati-energy-id-2026-09-28-cb2d14d2b210fde6e35c-tx-9,observation-iati-energy-id-2026-09-28-cb2d14d2b210fde6e35c-tx-9,event,2018-12-20,day,,,iati-energy-id-2026-09-28-cb2d14d2b210fde6e35c,2026-09-28
timing-observation-iati-energy-id-2026-09-28-cb2d14d2b210fde6e35c-tx-10,observation-iati-energy-id-2026-09-28-cb2d14d2b210fde6e35c-tx-10,event,2018-11-23,day,,,iati-energy-id-2026-09-28-cb2d14d2b210fde6e35c,2026-09-28
timing-observation-iati-energy-id-2026-09-28-cb2d14d2b210fde6e35c-tx-11,observation-iati-energy-id-2026-09-28-cb2d14d2b210fde6e35c-tx-11,event,2019-04-01,day,,,iati-energy-id-2026-09-28-cb2d14d2b210fde6e35c,2026-09-28
timing-observation-iati-energy-id-2026-09-28-cb2d14d2b210fde6e35c-tx-12,observation-iati-energy-id-2026-09-28-cb2d14d2b210fde6e35c-tx-12,event,2019-08-01,day,,,iati-energy-id-2026-09-28-cb2d14d2b210fde6e35c,2026-09-28
timing-observation-iati-energy-id-2026-09-28-cb2d14d2b210fde6e35c-tx-13,observation-iati-energy-id-2026-09-28-cb2d14d2b210fde6e35c-tx-13,event,2019-11-01,day,,,iati-energy-id-2026-09-28-cb2d14d2b210fde6e35c,2026-09-28
timing-observation-iati-energy-id-2026-09-28-cb2d14d2b210fde6e35c-tx-14,observation-iati-energy-id-2026-09-28-cb2d14d2b210fde6e35c-tx-14,event,2019-08-02,day,,,iati-energy-id-2026-09-28-cb2d14d2b210fde6e35c,2026-09-28
timing-observation-iati-energy-id-2026-09-28-cb2d14d2b210fde6e35c-tx-15,observation-iati-energy-id-2026-09-28-cb2d14d2b210fde6e35c-tx-15,event,2019-05-03,day,,,iati-energy-id-2026-09-28-cb2d14d2b210fde6e35c,2026-09-28
timing-observation-iati-energy-id-2026-09-28-cb2d14d2b210fde6e35c-tx-16,observation-iati-energy-id-2026-09-28-cb2d14d2b210fde6e35c-tx-16,event,2019-07-03,day,,,iati-energy-id-2026-09-28-cb2d14d2b210fde6e35c,2026-09-28
timing-observation-iati-energy-id-2026-09-28-cb2d14d2b210fde6e35c-tx-17,observation-iati-energy-id-2026-09-28-cb2d14d2b210fde6e35c-tx-17,event,2019-12-03,day,,,iati-energy-id-2026-09-28-cb2d14d2b210fde6e35c,2026-09-28
timing-observation-iati-energy-id-2026-09-28-cb2d14d2b210fde6e35c-tx-18,observation-iati-energy-id-2026-09-28-cb2d14d2b210fde6e35c-tx-18,event,2019-01-04,day,,,iati-energy-id-2026-09-28-cb2d14d2b210fde6e35c,2026-09-28
timing-observation-iati-energy-id-2026-09-28-cb2d14d2b210fde6e35c-tx-19,observation-iati-energy-id-2026-09-28-cb2d14d2b210fde6e35c-tx-19,event,2019-11-04,day,,,iati-energy-id-2026-09-28-cb2d14d2b210fde6e35c,2026-09-28
timing-observation-iati-energy-id-2026-09-28-cb2d14d2b210fde6e35c-tx-20,observation-iati-energy-id-2026-09-28-cb2d14d2b210fde6e35c-tx-20,event,2019-04-05,day,,,iati-energy-id-2026-09-28-cb2d14d2b210fde6e35c,2026-09-28
timing-observation-iati-energy-id-2026-09-28-cb2d14d2b210fde6e35c-tx-21,observation-iati-energy-id-2026-09-28-cb2d14d2b210fde6e35c-tx-21,event,2019-07-05,day,,,iati-energy-id-2026-09-28-cb2d14d2b210fde6e35c,2026-09-28
timing-observation-iati-energy-id-2026-09-28-cb2d14d2b210fde6e35c-tx-22,observation-iati-energy-id-2026-09-28-cb2d14d2b210fde6e35c-tx-22,event,2019-09-05,day,,,iati-energy-id-2026-09-28-cb2d14d2b210fde6e35c,2026-09-28
timing-observation-iati-energy-id-2026-09-28-cb2d14d2b210fde6e35c-tx-23,observation-iati-energy-id-2026-09-28-cb2d14d2b210fde6e35c-tx-23,event,2019-02-06,day,,,iati-energy-id-2026-09-28-cb2d14d2b210fde6e35c,2026-09-28
timing-observation-iati-energy-id-2026-09-28-cb2d14d2b210fde6e35c-tx-24,observation-iati-energy-id-2026-09-28-cb2d14d2b210fde6e35c-tx-24,event,2019-08-06,day,,,iati-energy-id-2026-09-28-cb2d14d2b210fde6e35c,2026-09-28
timing-observation-iati-energy-id-2026-09-28-cb2d14d2b210fde6e35c-tx-25,observation-iati-energy-id-2026-09-28-cb2d14d2b210fde6e35c-tx-25,event,2019-11-07,day,,,iati-energy-id-2026-09-28-cb2d14d2b210fde6e35c,2026-09-28
timing-observation-iati-energy-id-2026-09-28-cb2d14d2b210fde6e35c-tx-26,observation-iati-energy-id-2026-09-28-cb2d14d2b210fde6e35c-tx-26,event,2019-02-08,day,,,iati-energy-id-2026-09-28-cb2d14d2b210fde6e35c,2026-09-28
timing-observation-iati-energy-id-2026-09-28-cb2d14d2b210fde6e35c-tx-27,observation-iati-energy-id-2026-09-28-cb2d14d2b210fde6e35c-tx-27,event,2019-03-08,day,,,iati-energy-id-2026-09-28-cb2d14d2b210fde6e35c,2026-09-28
timing-observation-iati-energy-id-2026-09-28-cb2d14d2b210fde6e35c-tx-28,observation-iati-energy-id-2026-09-28-cb2d14d2b210fde6e35c-tx-28,event,2019-08-08,day,,,iati-energy-id-2026-09-28-cb2d14d2b210fde6e35c,2026-09-28
timing-observation-iati-energy-id-2026-09-28-cb2d14d2b210fde6e35c-tx-29,observation-iati-energy-id-2026-09-28-cb2d14d2b210fde6e35c-tx-29,event,2019-10-08,day,,,iati-energy-id-2026-09-28-cb2d14d2b210fde6e35c,2026-09-28
timing-observation-iati-energy-id-2026-09-28-cb2d14d2b210fde6e35c-tx-30,observation-iati-energy-id-2026-09-28-cb2d14d2b210fde6e35c-tx-30,event,2019-04-09,day,,,iati-energy-id-2026-09-28-cb2d14d2b210fde6e35c,2026-09-28
timing-observation-iati-energy-id-2026-09-28-cb2d14d2b210fde6e35c-tx-31,observation-iati-energy-id-2026-09-28-cb2d14d2b210fde6e35c-tx-31,event,2019-05-09,day,,,iati-energy-id-2026-09-28-cb2d14d2b210fde6e35c,2026-09-28
timing-observation-iati-energy-id-2026-09-28-cb2d14d2b210fde6e35c-tx-32,observation-iati-energy-id-2026-09-28-cb2d14d2b210fde6e35c-tx-32,event,2019-09-09,day,,,iati-energy-id-2026-09-28-cb2d14d2b210fde6e35c,2026-09-28
timing-observation-iati-energy-id-2026-09-28-cb2d14d2b210fde6e35c-tx-33,observation-iati-energy-id-2026-09-28-cb2d14d2b210fde6e35c-tx-33,event,2019-12-09,day,,,iati-energy-id-2026-09-28-cb2d14d2b210fde6e35c,2026-09-28
timing-observation-iati-energy-id-2026-09-28-cb2d14d2b210fde6e35c-tx-34,observation-iati-energy-id-2026-09-28-cb2d14d2b210fde6e35c-tx-34,event,2019-09-10,day,,,iati-energy-id-2026-09-28-cb2d14d2b210fde6e35c,2026-09-28
timing-observation-iati-energy-id-2026-09-28-cb2d14d2b210fde6e35c-tx-35,observation-iati-energy-id-2026-09-28-cb2d14d2b210fde6e35c-tx-35,event,2019-10-10,day,,,iati-energy-id-2026-09-28-cb2d14d2b210fde6e35c,2026-09-28
timing-observation-iati-energy-id-2026-09-28-cb2d14d2b210fde6e35c-tx-36,observation-iati-energy-id-2026-09-28-cb2d14d2b210fde6e35c-tx-36,event,2019-01-11,day,,,iati-energy-id-2026-09-28-cb2d14d2b210fde6e35c,2026-09-28
timing-observation-iati-energy-id-2026-09-28-cb2d14d2b210fde6e35c-tx-37,observation-iati-energy-id-2026-09-28-cb2d14d2b210fde6e35c-tx-37,event,2019-07-11,day,,,iati-energy-id-2026-09-28-cb2d14d2b210fde6e35c,2026-09-28
timing-observation-iati-energy-id-2026-09-28-cb2d14d2b210fde6e35c-tx-38,observation-iati-energy-id-2026-09-28-cb2d14d2b210fde6e35c-tx-38,event,2019-11-12,day,,,iati-energy-id-2026-09-28-cb2d14d2b210fde6e35c,2026-09-28
timing-observation-iati-energy-id-2026-09-28-cb2d14d2b210fde6e35c-tx-39,observation-iati-energy-id-2026-09-28-cb2d14d2b210fde6e35c-tx-39,event,2019-08-13,day,,,iati-energy-id-2026-09-28-cb2d14d2b210fde6e35c,2026-09-28
timing-observation-iati-energy-id-2026-09-28-cb2d14d2b210fde6e35c-tx-40,observation-iati-energy-id-2026-09-28-cb2d14d2b210fde6e35c-tx-40,event,2019-09-13,day,,,iati-energy-id-2026-09-28-cb2d14d2b210fde6e35c,2026-09-28
timing-observation-iati-energy-id-2026-09-28-cb2d14d2b210fde6e35c-tx-41,observation-iati-energy-id-2026-09-28-cb2d14d2b210fde6e35c-tx-41,event,2019-10-15,day,,,iati-energy-id-2026-09-28-cb2d14d2b210fde6e35c,2026-09-28
timing-observation-iati-energy-id-2026-09-28-cb2d14d2b210fde6e35c-tx-42,observation-iati-energy-id-2026-09-28-cb2d14d2b210fde6e35c-tx-42,event,2019-05-16,day,,,iati-energy-id-2026-09-28-cb2d14d2b210fde6e35c,2026-09-28
timing-observation-iati-energy-id-2026-09-28-cb2d14d2b210fde6e35c-tx-43,observation-iati-energy-id-2026-09-28-cb2d14d2b210fde6e35c-tx-43,event,2019-09-16,day,,,iati-energy-id-2026-09-28-cb2d14d2b210fde6e35c,2026-09-28
timing-observation-iati-energy-id-2026-09-28-cb2d14d2b210fde6e35c-tx-44,observation-iati-energy-id-2026-09-28-cb2d14d2b210fde6e35c-tx-44,event,2019-05-17,day,,,iati-energy-id-2026-09-28-cb2d14d2b210fde6e35c,2026-09-28
timing-observation-iati-energy-id-2026-09-28-cb2d14d2b210fde6e35c-tx-45,observation-iati-energy-id-2026-09-28-cb2d14d2b210fde6e35c-tx-45,event,2019-06-17,day,,,iati-energy-id-2026-09-28-cb2d14d2b210fde6e35c,2026-09-28
timing-observation-iati-energy-id-2026-09-28-cb2d14d2b210fde6e35c-tx-46,observation-iati-energy-id-2026-09-28-cb2d14d2b210fde6e35c-tx-46,event,2019-09-17,day,,,iati-energy-id-2026-09-28-cb2d14d2b210fde6e35c,2026-09-28
timing-observation-iati-energy-id-2026-09-28-cb2d14d2b210fde6e35c-tx-47,observation-iati-energy-id-2026-09-28-cb2d14d2b210fde6e35c-tx-47,event,2019-12-17,day,,,iati-energy-id-2026-09-28-cb2d14d2b210fde6e35c,2026-09-28
timing-observation-iati-energy-id-2026-09-28-cb2d14d2b210fde6e35c-tx-48,observation-iati-energy-id-2026-09-28-cb2d14d2b210fde6e35c-tx-48,event,2019-03-18,day,,,iati-energy-id-2026-09-28-cb2d14d2b210fde6e35c,2026-09-28
timing-observation-iati-energy-id-2026-09-28-cb2d14d2b210fde6e35c-tx-49,observation-iati-energy-id-2026-09-28-cb2d14d2b210fde6e35c-tx-49,event,2019-06-18,day,,,iati-energy-id-2026-09-28-cb2d14d2b210fde6e35c,2026-09-28
timing-observation-iati-energy-id-2026-09-28-cb2d14d2b210fde6e35c-tx-50,observation-iati-energy-id-2026-09-28-cb2d14d2b210fde6e35c-tx-50,event,2019-07-18,day,,,iati-energy-id-2026-09-28-cb2d14d2b210fde6e35c,2026-09-28
timing-observation-iati-energy-id-2026-09-28-cb2d14d2b210fde6e35c-tx-51,observation-iati-energy-id-2026-09-28-cb2d14d2b210fde6e35c-tx-51,event,2019-03-19,day,,,iati-energy-id-2026-09-28-cb2d14d2b210fde6e35c,2026-09-28
timing-observation-iati-energy-id-2026-09-28-cb2d14d2b210fde6e35c-tx-52,observation-iati-energy-id-2026-09-28-cb2d14d2b210fde6e35c-tx-52,event,2019-07-19,day,,,iati-energy-id-2026-09-28-cb2d14d2b210fde6e35c,2026-09-28
timing-observation-iati-energy-id-2026-09-28-cb2d14d2b210fde6e35c-tx-53,observation-iati-energy-id-2026-09-28-cb2d14d2b210fde6e35c-tx-53,event,2019-11-19,day,,,iati-energy-id-2026-09-28-cb2d14d2b210fde6e35c,2026-09-28
timing-observation-iati-energy-id-2026-09-28-cb2d14d2b210fde6e35c-tx-54,observation-iati-energy-id-2026-09-28-cb2d14d2b210fde6e35c-tx-54,event,2019-09-20,day,,,iati-energy-id-2026-09-28-cb2d14d2b210fde6e35c,2026-09-28
timing-observation-iati-energy-id-2026-09-28-cb2d14d2b210fde6e35c-tx-55,observation-iati-energy-id-2026-09-28-cb2d14d2b210fde6e35c-tx-55,event,2019-12-20,day,,,iati-energy-id-2026-09-28-cb2d14d2b210fde6e35c,2026-09-28
timing-observation-iati-energy-id-2026-09-28-cb2d14d2b210fde6e35c-tx-56,observation-iati-energy-id-2026-09-28-cb2d14d2b210fde6e35c-tx-56,event,2019-02-21,day,,,iati-energy-id-2026-09-28-cb2d14d2b210fde6e35c,2026-09-28
timing-observation-iati-energy-id-2026-09-28-cb2d14d2b210fde6e35c-tx-57,observation-iati-energy-id-2026-09-28-cb2d14d2b210fde6e35c-tx-57,event,2019-05-21,day,,,iati-energy-id-2026-09-28-cb2d14d2b210fde6e35c,2026-09-28
timing-observation-iati-energy-id-2026-09-28-cb2d14d2b210fde6e35c-tx-58,observation-iati-energy-id-2026-09-28-cb2d14d2b210fde6e35c-tx-58,event,2019-06-21,day,,,iati-energy-id-2026-09-28-cb2d14d2b210fde6e35c,2026-09-28
timing-observation-iati-energy-id-2026-09-28-cb2d14d2b210fde6e35c-tx-59,observation-iati-energy-id-2026-09-28-cb2d14d2b210fde6e35c-tx-59,event,2019-11-21,day,,,iati-energy-id-2026-09-28-cb2d14d2b210fde6e35c,2026-09-28
timing-observation-iati-energy-id-2026-09-28-cb2d14d2b210fde6e35c-tx-60,observation-iati-energy-id-2026-09-28-cb2d14d2b210fde6e35c-tx-60,event,2019-01-22,day,,,iati-energy-id-2026-09-28-cb2d14d2b210fde6e35c,2026-09-28
timing-observation-iati-energy-id-2026-09-28-cb2d14d2b210fde6e35c-tx-61,observation-iati-energy-id-2026-09-28-cb2d14d2b210fde6e35c-tx-61,event,2019-05-23,day,,,iati-energy-id-2026-09-28-cb2d14d2b210fde6e35c,2026-09-28
timing-observation-iati-energy-id-2026-09-28-cb2d14d2b210fde6e35c-tx-62,observation-iati-energy-id-2026-09-28-cb2d14d2b210fde6e35c-tx-62,event,2019-08-23,day,,,iati-energy-id-2026-09-28-cb2d14d2b210fde6e35c,2026-09-28
timing-observation-iati-energy-id-2026-09-28-cb2d14d2b210fde6e35c-tx-63,observation-iati-energy-id-2026-09-28-cb2d14d2b210fde6e35c-tx-63,event,2019-07-24,day,,,iati-energy-id-2026-09-28-cb2d14d2b210fde6e35c,2026-09-28
timing-observation-iati-energy-id-2026-09-28-cb2d14d2b210fde6e35c-tx-64,observation-iati-energy-id-2026-09-28-cb2d14d2b210fde6e35c-tx-64,event,2019-10-24,day,,,iati-energy-id-2026-09-28-cb2d14d2b210fde6e35c,2026-09-28
timing-observation-iati-energy-id-2026-09-28-cb2d14d2b210fde6e35c-tx-65,observation-iati-energy-id-2026-09-28-cb2d14d2b210fde6e35c-tx-65,event,2019-04-25,day,,,iati-energy-id-2026-09-28-cb2d14d2b210fde6e35c,2026-09-28
timing-observation-iati-energy-id-2026-09-28-cb2d14d2b210fde6e35c-tx-66,observation-iati-energy-id-2026-09-28-cb2d14d2b210fde6e35c-tx-66,event,2019-10-25,day,,,iati-energy-id-2026-09-28-cb2d14d2b210fde6e35c,2026-09-28
timing-observation-iati-energy-id-2026-09-28-cb2d14d2b210fde6e35c-tx-67,observation-iati-energy-id-2026-09-28-cb2d14d2b210fde6e35c-tx-67,event,2019-02-26,day,,,iati-energy-id-2026-09-28-cb2d14d2b210fde6e35c,2026-09-28
timing-observation-iati-energy-id-2026-09-28-cb2d14d2b210fde6e35c-tx-68,observation-iati-energy-id-2026-09-28-cb2d14d2b210fde6e35c-tx-68,event,2019-11-26,day,,,iati-energy-id-2026-09-28-cb2d14d2b210fde6e35c,2026-09-28
timing-observation-iati-energy-id-2026-09-28-cb2d14d2b210fde6e35c-tx-69,observation-iati-energy-id-2026-09-28-cb2d14d2b210fde6e35c-tx-69,event,2019-08-27,day,,,iati-energy-id-2026-09-28-cb2d14d2b210fde6e35c,2026-09-28
timing-observation-iati-energy-id-2026-09-28-cb2d14d2b210fde6e35c-tx-70,observation-iati-energy-id-2026-09-28-cb2d14d2b210fde6e35c-tx-70,event,2019-09-27,day,,,iati-energy-id-2026-09-28-cb2d14d2b210fde6e35c,2026-09-28
timing-observation-iati-energy-id-2026-09-28-cb2d14d2b210fde6e35c-tx-71,observation-iati-energy-id-2026-09-28-cb2d14d2b210fde6e35c-tx-71,event,2019-07-29,day,,,iati-energy-id-2026-09-28-cb2d14d2b210fde6e35c,2026-09-28
timing-observation-iati-energy-id-2026-09-28-cb2d14d2b210fde6e35c-tx-72,observation-iati-energy-id-2026-09-28-cb2d14d2b210fde6e35c-tx-72,event,2019-08-29,day,,,iati-energy-id-2026-09-28-cb2d14d2b210fde6e35c,2026-09-28
timing-observation-iati-energy-id-2026-09-28-cb2d14d2b210fde6e35c-tx-73,observation-iati-energy-id-2026-09-28-cb2d14d2b210fde6e35c-tx-73,event,2019-11-29,day,,,iati-energy-id-2026-09-28-cb2d14d2b210fde6e35c,2026-09-28
timing-observation-iati-energy-id-2026-09-28-cb2d14d2b210fde6e35c-tx-74,observation-iati-energy-id-2026-09-28-cb2d14d2b210fde6e35c-tx-74,event,2019-08-30,day,,,iati-energy-id-2026-09-28-cb2d14d2b210fde6e35c,2026-09-28
timing-observation-iati-energy-id-2026-09-28-cb2d14d2b210fde6e35c-tx-75,observation-iati-energy-id-2026-09-28-cb2d14d2b210fde6e35c-tx-75,event,2019-01-31,day,,,iati-energy-id-2026-09-28-cb2d14d2b210fde6e35c,2026-09-28
timing-observation-iati-energy-id-2026-09-28-cb2d14d2b210fde6e35c-tx-76,observation-iati-energy-id-2026-09-28-cb2d14d2b210fde6e35c-tx-76,event,2020-09-01,day,,,iati-energy-id-2026-09-28-cb2d14d2b210fde6e35c,2026-09-28
timing-observation-iati-energy-id-2026-09-28-cb2d14d2b210fde6e35c-tx-77,observation-iati-energy-id-2026-09-28-cb2d14d2b210fde6e35c-tx-77,event,2020-12-01,day,,,iati-energy-id-2026-09-28-cb2d14d2b210fde6e35c,2026-09-28
timing-observation-iati-energy-id-2026-09-28-cb2d14d2b210fde6e35c-tx-78,observation-iati-energy-id-2026-09-28-cb2d14d2b210fde6e35c-tx-78,event,2020-01-02,day,,,iati-energy-id-2026-09-28-cb2d14d2b210fde6e35c,2026-09-28
timing-observation-iati-energy-id-2026-09-28-cb2d14d2b210fde6e35c-tx-79,observation-iati-energy-id-2026-09-28-cb2d14d2b210fde6e35c-tx-79,event,2020-10-02,day,,,iati-energy-id-2026-09-28-cb2d14d2b210fde6e35c,2026-09-28
timing-observation-iati-energy-id-2026-09-28-cb2d14d2b210fde6e35c-tx-80,observation-iati-energy-id-2026-09-28-cb2d14d2b210fde6e35c-tx-80,event,2020-11-03,day,,,iati-energy-id-2026-09-28-cb2d14d2b210fde6e35c,2026-09-28
timing-observation-iati-energy-id-2026-09-28-cb2d14d2b210fde6e35c-tx-81,observation-iati-energy-id-2026-09-28-cb2d14d2b210fde6e35c-tx-81,event,2020-12-03,day,,,iati-energy-id-2026-09-28-cb2d14d2b210fde6e35c,2026-09-28
timing-observation-iati-energy-id-2026-09-28-cb2d14d2b210fde6e35c-tx-82,observation-iati-energy-id-2026-09-28-cb2d14d2b210fde6e35c-tx-82,event,2020-02-04,day,,,iati-energy-id-2026-09-28-cb2d14d2b210fde6e35c,2026-09-28
timing-observation-iati-energy-id-2026-09-28-cb2d14d2b210fde6e35c-tx-83,observation-iati-energy-id-2026-09-28-cb2d14d2b210fde6e35c-tx-83,event,2020-12-04,day,,,iati-energy-id-2026-09-28-cb2d14d2b210fde6e35c,2026-09-28
timing-observation-iati-energy-id-2026-09-28-cb2d14d2b210fde6e35c-tx-84,observation-iati-energy-id-2026-09-28-cb2d14d2b210fde6e35c-tx-84,event,2020-02-06,day,,,iati-energy-id-2026-09-28-cb2d14d2b210fde6e35c,2026-09-28
timing-observation-iati-energy-id-2026-09-28-cb2d14d2b210fde6e35c-tx-85,observation-iati-energy-id-2026-09-28-cb2d14d2b210fde6e35c-tx-85,event,2020-03-06,day,,,iati-energy-id-2026-09-28-cb2d14d2b210fde6e35c,2026-09-28
timing-observation-iati-energy-id-2026-09-28-cb2d14d2b210fde6e35c-tx-86,observation-iati-energy-id-2026-09-28-cb2d14d2b210fde6e35c-tx-86,event,2020-04-06,day,,,iati-energy-id-2026-09-28-cb2d14d2b210fde6e35c,2026-09-28
timing-observation-iati-energy-id-2026-09-28-cb2d14d2b210fde6e35c-tx-87,observation-iati-energy-id-2026-09-28-cb2d14d2b210fde6e35c-tx-87,event,2020-07-07,day,,,iati-energy-id-2026-09-28-cb2d14d2b210fde6e35c,2026-09-28
timing-observation-iati-energy-id-2026-09-28-cb2d14d2b210fde6e35c-tx-88,observation-iati-energy-id-2026-09-28-cb2d14d2b210fde6e35c-tx-88,event,2020-12-07,day,,,iati-energy-id-2026-09-28-cb2d14d2b210fde6e35c,2026-09-28
timing-observation-iati-energy-id-2026-09-28-cb2d14d2b210fde6e35c-tx-89,observation-iati-energy-id-2026-09-28-cb2d14d2b210fde6e35c-tx-89,event,2020-01-08,day,,,iati-energy-id-2026-09-28-cb2d14d2b210fde6e35c,2026-09-28
timing-observation-iati-energy-id-2026-09-28-cb2d14d2b210fde6e35c-tx-90,observation-iati-energy-id-2026-09-28-cb2d14d2b210fde6e35c-tx-90,event,2020-05-08,day,,,iati-energy-id-2026-09-28-cb2d14d2b210fde6e35c,2026-09-28
timing-observation-iati-energy-id-2026-09-28-cb2d14d2b210fde6e35c-tx-91,observation-iati-energy-id-2026-09-28-cb2d14d2b210fde6e35c-tx-91,event,2020-07-08,day,,,iati-energy-id-2026-09-28-cb2d14d2b210fde6e35c,2026-09-28
timing-observation-iati-energy-id-2026-09-28-cb2d14d2b210fde6e35c-tx-92,observation-iati-energy-id-2026-09-28-cb2d14d2b210fde6e35c-tx-92,event,2020-09-08,day,,,iati-energy-id-2026-09-28-cb2d14d2b210fde6e35c,2026-09-28
timing-observation-iati-energy-id-2026-09-28-cb2d14d2b210fde6e35c-tx-93,observation-iati-energy-id-2026-09-28-cb2d14d2b210fde6e35c-tx-93,event,2020-10-08,day,,,iati-energy-id-2026-09-28-cb2d14d2b210fde6e35c,2026-09-28
timing-observation-iati-energy-id-2026-09-28-cb2d14d2b210fde6e35c-tx-94,observation-iati-energy-id-2026-09-28-cb2d14d2b210fde6e35c-tx-94,event,2020-04-09,day,,,iati-energy-id-2026-09-28-cb2d14d2b210fde6e35c,2026-09-28
timing-observation-iati-energy-id-2026-09-28-cb2d14d2b210fde6e35c-tx-95,observation-iati-energy-id-2026-09-28-cb2d14d2b210fde6e35c-tx-95,event,2020-07-09,day,,,iati-energy-id-2026-09-28-cb2d14d2b210fde6e35c,2026-09-28
timing-observation-iati-energy-id-2026-09-28-cb2d14d2b210fde6e35c-tx-96,observation-iati-energy-id-2026-09-28-cb2d14d2b210fde6e35c-tx-96,event,2020-03-10,day,,,iati-energy-id-2026-09-28-cb2d14d2b210fde6e35c,2026-09-28
timing-observation-iati-energy-id-2026-09-28-cb2d14d2b210fde6e35c-tx-97,observation-iati-energy-id-2026-09-28-cb2d14d2b210fde6e35c-tx-97,event,2020-09-10,day,,,iati-energy-id-2026-09-28-cb2d14d2b210fde6e35c,2026-09-28
timing-observation-iati-energy-id-2026-09-28-cb2d14d2b210fde6e35c-tx-98,observation-iati-energy-id-2026-09-28-cb2d14d2b210fde6e35c-tx-98,event,2020-02-11,day,,,iati-energy-id-2026-09-28-cb2d14d2b210fde6e35c,2026-09-28
timing-observation-iati-energy-id-2026-09-28-cb2d14d2b210fde6e35c-tx-99,observation-iati-energy-id-2026-09-28-cb2d14d2b210fde6e35c-tx-99,event,2020-06-11,day,,,iati-energy-id-2026-09-28-cb2d14d2b210fde6e35c,2026-09-28
timing-observation-iati-energy-id-2026-09-28-cb2d14d2b210fde6e35c-tx-100,observation-iati-energy-id-2026-09-28-cb2d14d2b210fde6e35c-tx-100,event,2020-12-11,day,,,iati-energy-id-2026-09-28-cb2d14d2b210fde6e35c,2026-09-28
timing-observation-iati-energy-id-2026-09-28-cb2d14d2b210fde6e35c-tx-101,observation-iati-energy-id-2026-09-28-cb2d14d2b210fde6e35c-tx-101,event,2020-11-12,day,,,iati-energy-id-2026-09-28-cb2d14d2b210fde6e35c,2026-09-28
timing-observation-iati-energy-id-2026-09-28-cb2d14d2b210fde6e35c-tx-102,observation-iati-energy-id-2026-09-28-cb2d14d2b210fde6e35c-tx-102,event,2020-05-13,day,,,iati-energy-id-2026-09-28-cb2d14d2b210fde6e35c,2026-09-28
timing-observation-iati-energy-id-2026-09-28-cb2d14d2b210fde6e35c-tx-103,observation-iati-energy-id-2026-09-28-cb2d14d2b210fde6e35c-tx-103,event,2020-08-13,day,,,iati-energy-id-2026-09-28-cb2d14d2b210fde6e35c,2026-09-28
timing-observation-iati-energy-id-2026-09-28-cb2d14d2b210fde6e35c-tx-104,observation-iati-energy-id-2026-09-28-cb2d14d2b210fde6e35c-tx-104,event,2020-05-14,day,,,iati-energy-id-2026-09-28-cb2d14d2b210fde6e35c,2026-09-28
timing-observation-iati-energy-id-2026-09-28-cb2d14d2b210fde6e35c-tx-105,observation-iati-energy-id-2026-09-28-cb2d14d2b210fde6e35c-tx-105,event,2020-07-14,day,,,iati-energy-id-2026-09-28-cb2d14d2b210fde6e35c,2026-09-28
timing-observation-iati-energy-id-2026-09-28-cb2d14d2b210fde6e35c-tx-106,observation-iati-energy-id-2026-09-28-cb2d14d2b210fde6e35c-tx-106,event,2020-03-16,day,,,iati-energy-id-2026-09-28-cb2d14d2b210fde6e35c,2026-09-28
timing-observation-iati-energy-id-2026-09-28-cb2d14d2b210fde6e35c-tx-107,observation-iati-energy-id-2026-09-28-cb2d14d2b210fde6e35c-tx-107,event,2020-04-16,day,,,iati-energy-id-2026-09-28-cb2d14d2b210fde6e35c,2026-09-28
timing-observation-iati-energy-id-2026-09-28-cb2d14d2b210fde6e35c-tx-108,observation-iati-energy-id-2026-09-28-cb2d14d2b210fde6e35c-tx-108,event,2020-06-16,day,,,iati-energy-id-2026-09-28-cb2d14d2b210fde6e35c,2026-09-28
timing-observation-iati-energy-id-2026-09-28-cb2d14d2b210fde6e35c-tx-109,observation-iati-energy-id-2026-09-28-cb2d14d2b210fde6e35c-tx-109,event,2020-07-16,day,,,iati-energy-id-2026-09-28-cb2d14d2b210fde6e35c,2026-09-28
timing-observation-iati-energy-id-2026-09-28-cb2d14d2b210fde6e35c-tx-110,observation-iati-energy-id-2026-09-28-cb2d14d2b210fde6e35c-tx-110,event,2020-07-17,day,,,iati-energy-id-2026-09-28-cb2d14d2b210fde6e35c,2026-09-28
timing-observation-iati-energy-id-2026-09-28-cb2d14d2b210fde6e35c-tx-111,observation-iati-energy-id-2026-09-28-cb2d14d2b210fde6e35c-tx-111,event,2020-09-17,day,,,iati-energy-id-2026-09-28-cb2d14d2b210fde6e35c,2026-09-28
timing-observation-iati-energy-id-2026-09-28-cb2d14d2b210fde6e35c-tx-112,observation-iati-energy-id-2026-09-28-cb2d14d2b210fde6e35c-tx-112,event,2020-11-17,day,,,iati-energy-id-2026-09-28-cb2d14d2b210fde6e35c,2026-09-28
timing-observation-iati-energy-id-2026-09-28-cb2d14d2b210fde6e35c-tx-113,observation-iati-energy-id-2026-09-28-cb2d14d2b210fde6e35c-tx-113,event,2020-12-17,day,,,iati-energy-id-2026-09-28-cb2d14d2b210fde6e35c,2026-09-28
timing-observation-iati-energy-id-2026-09-28-cb2d14d2b210fde6e35c-tx-114,observation-iati-energy-id-2026-09-28-cb2d14d2b210fde6e35c-tx-114,event,2020-06-18,day,,,iati-energy-id-2026-09-28-cb2d14d2b210fde6e35c,2026-09-28
timing-observation-iati-energy-id-2026-09-28-cb2d14d2b210fde6e35c-tx-115,observation-iati-energy-id-2026-09-28-cb2d14d2b210fde6e35c-tx-115,event,2020-09-18,day,,,iati-energy-id-2026-09-28-cb2d14d2b210fde6e35c,2026-09-28
timing-observation-iati-energy-id-2026-09-28-cb2d14d2b210fde6e35c-tx-116,observation-iati-energy-id-2026-09-28-cb2d14d2b210fde6e35c-tx-116,event,2020-03-20,day,,,iati-energy-id-2026-09-28-cb2d14d2b210fde6e35c,2026-09-28
timing-observation-iati-energy-id-2026-09-28-cb2d14d2b210fde6e35c-tx-117,observation-iati-energy-id-2026-09-28-cb2d14d2b210fde6e35c-tx-117,event,2020-05-20,day,,,iati-energy-id-2026-09-28-cb2d14d2b210fde6e35c,2026-09-28
timing-observation-iati-energy-id-2026-09-28-cb2d14d2b210fde6e35c-tx-118,observation-iati-energy-id-2026-09-28-cb2d14d2b210fde6e35c-tx-118,event,2020-07-20,day,,,iati-energy-id-2026-09-28-cb2d14d2b210fde6e35c,2026-09-28
timing-observation-iati-energy-id-2026-09-28-cb2d14d2b210fde6e35c-tx-119,observation-iati-energy-id-2026-09-28-cb2d14d2b210fde6e35c-tx-119,event,2020-01-21,day,,,iati-energy-id-2026-09-28-cb2d14d2b210fde6e35c,2026-09-28
timing-observation-iati-energy-id-2026-09-28-cb2d14d2b210fde6e35c-tx-120,observation-iati-energy-id-2026-09-28-cb2d14d2b210fde6e35c-tx-120,event,2020-12-21,day,,,iati-energy-id-2026-09-28-cb2d14d2b210fde6e35c,2026-09-28
timing-observation-iati-energy-id-2026-09-28-cb2d14d2b210fde6e35c-tx-121,observation-iati-energy-id-2026-09-28-cb2d14d2b210fde6e35c-tx-121,event,2020-06-22,day,,,iati-energy-id-2026-09-28-cb2d14d2b210fde6e35c,2026-09-28
timing-observation-iati-energy-id-2026-09-28-cb2d14d2b210fde6e35c-tx-122,observation-iati-energy-id-2026-09-28-cb2d14d2b210fde6e35c-tx-122,event,2020-12-22,day,,,iati-energy-id-2026-09-28-cb2d14d2b210fde6e35c,2026-09-28
timing-observation-iati-energy-id-2026-09-28-cb2d14d2b210fde6e35c-tx-123,observation-iati-energy-id-2026-09-28-cb2d14d2b210fde6e35c-tx-123,event,2020-04-24,day,,,iati-energy-id-2026-09-28-cb2d14d2b210fde6e35c,2026-09-28
timing-observation-iati-energy-id-2026-09-28-cb2d14d2b210fde6e35c-tx-124,observation-iati-energy-id-2026-09-28-cb2d14d2b210fde6e35c-tx-124,event,2020-07-24,day,,,iati-energy-id-2026-09-28-cb2d14d2b210fde6e35c,2026-09-28
timing-observation-iati-energy-id-2026-09-28-cb2d14d2b210fde6e35c-tx-125,observation-iati-energy-id-2026-09-28-cb2d14d2b210fde6e35c-tx-125,event,2020-09-24,day,,,iati-energy-id-2026-09-28-cb2d14d2b210fde6e35c,2026-09-28
timing-observation-iati-energy-id-2026-09-28-cb2d14d2b210fde6e35c-tx-126,observation-iati-energy-id-2026-09-28-cb2d14d2b210fde6e35c-tx-126,event,2020-11-24,day,,,iati-energy-id-2026-09-28-cb2d14d2b210fde6e35c,2026-09-28
timing-observation-iati-energy-id-2026-09-28-cb2d14d2b210fde6e35c-tx-127,observation-iati-energy-id-2026-09-28-cb2d14d2b210fde6e35c-tx-127,event,2020-08-25,day,,,iati-energy-id-2026-09-28-cb2d14d2b210fde6e35c,2026-09-28
timing-observation-iati-energy-id-2026-09-28-cb2d14d2b210fde6e35c-tx-128,observation-iati-energy-id-2026-09-28-cb2d14d2b210fde6e35c-tx-128,event,2020-08-26,day,,,iati-energy-id-2026-09-28-cb2d14d2b210fde6e35c,2026-09-28
timing-observation-iati-energy-id-2026-09-28-cb2d14d2b210fde6e35c-tx-129,observation-iati-energy-id-2026-09-28-cb2d14d2b210fde6e35c-tx-129,event,2020-02-27,day,,,iati-energy-id-2026-09-28-cb2d14d2b210fde6e35c,2026-09-28
timing-observation-iati-energy-id-2026-09-28-cb2d14d2b210fde6e35c-tx-130,observation-iati-energy-id-2026-09-28-cb2d14d2b210fde6e35c-tx-130,event,2020-03-27,day,,,iati-energy-id-2026-09-28-cb2d14d2b210fde6e35c,2026-09-28
timing-observation-iati-energy-id-2026-09-28-cb2d14d2b210fde6e35c-tx-131,observation-iati-energy-id-2026-09-28-cb2d14d2b210fde6e35c-tx-131,event,2020-04-27,day,,,iati-energy-id-2026-09-28-cb2d14d2b210fde6e35c,2026-09-28
timing-observation-iati-energy-id-2026-09-28-cb2d14d2b210fde6e35c-tx-132,observation-iati-energy-id-2026-09-28-cb2d14d2b210fde6e35c-tx-132,event,2020-10-27,day,,,iati-energy-id-2026-09-28-cb2d14d2b210fde6e35c,2026-09-28
timing-observation-iati-energy-id-2026-09-28-cb2d14d2b210fde6e35c-tx-133,observation-iati-energy-id-2026-09-28-cb2d14d2b210fde6e35c-tx-133,event,2020-11-27,day,,,iati-energy-id-2026-09-28-cb2d14d2b210fde6e35c,2026-09-28
timing-observation-iati-energy-id-2026-09-28-cb2d14d2b210fde6e35c-tx-134,observation-iati-energy-id-2026-09-28-cb2d14d2b210fde6e35c-tx-134,event,2020-02-28,day,,,iati-energy-id-2026-09-28-cb2d14d2b210fde6e35c,2026-09-28
timing-observation-iati-energy-id-2026-09-28-cb2d14d2b210fde6e35c-tx-135,observation-iati-energy-id-2026-09-28-cb2d14d2b210fde6e35c-tx-135,event,2020-05-28,day,,,iati-energy-id-2026-09-28-cb2d14d2b210fde6e35c,2026-09-28
timing-observation-iati-energy-id-2026-09-28-cb2d14d2b210fde6e35c-tx-136,observation-iati-energy-id-2026-09-28-cb2d14d2b210fde6e35c-tx-136,event,2020-07-30,day,,,iati-energy-id-2026-09-28-cb2d14d2b210fde6e35c,2026-09-28
timing-observation-iati-energy-id-2026-09-28-cb2d14d2b210fde6e35c-tx-137,observation-iati-energy-id-2026-09-28-cb2d14d2b210fde6e35c-tx-137,event,2021-11-01,day,,,iati-energy-id-2026-09-28-cb2d14d2b210fde6e35c,2026-09-28
timing-observation-iati-energy-id-2026-09-28-cb2d14d2b210fde6e35c-tx-138,observation-iati-energy-id-2026-09-28-cb2d14d2b210fde6e35c-tx-138,event,2021-06-03,day,,,iati-energy-id-2026-09-28-cb2d14d2b210fde6e35c,2026-09-28
timing-observation-iati-energy-id-2026-09-28-cb2d14d2b210fde6e35c-tx-139,observation-iati-energy-id-2026-09-28-cb2d14d2b210fde6e35c-tx-139,event,2021-01-04,day,,,iati-energy-id-2026-09-28-cb2d14d2b210fde6e35c,2026-09-28
timing-observation-iati-energy-id-2026-09-28-cb2d14d2b210fde6e35c-tx-140,observation-iati-energy-id-2026-09-28-cb2d14d2b210fde6e35c-tx-140,event,2021-05-04,day,,,iati-energy-id-2026-09-28-cb2d14d2b210fde6e35c,2026-09-28
timing-observation-iati-energy-id-2026-09-28-cb2d14d2b210fde6e35c-tx-141,observation-iati-energy-id-2026-09-28-cb2d14d2b210fde6e35c-tx-141,event,2021-01-05,day,,,iati-energy-id-2026-09-28-cb2d14d2b210fde6e35c,2026-09-28
timing-observation-iati-energy-id-2026-09-28-cb2d14d2b210fde6e35c-tx-142,observation-iati-energy-id-2026-09-28-cb2d14d2b210fde6e35c-tx-142,event,2021-03-05,day,,,iati-energy-id-2026-09-28-cb2d14d2b210fde6e35c,2026-09-28
timing-observation-iati-energy-id-2026-09-28-cb2d14d2b210fde6e35c-tx-143,observation-iati-energy-id-2026-09-28-cb2d14d2b210fde6e35c-tx-143,event,2021-10-05,day,,,iati-energy-id-2026-09-28-cb2d14d2b210fde6e35c,2026-09-28
timing-observation-iati-energy-id-2026-09-28-cb2d14d2b210fde6e35c-tx-144,observation-iati-energy-id-2026-09-28-cb2d14d2b210fde6e35c-tx-144,event,2021-07-06,day,,,iati-energy-id-2026-09-28-cb2d14d2b210fde6e35c,2026-09-28
timing-observation-iati-energy-id-2026-09-28-cb2d14d2b210fde6e35c-tx-145,observation-iati-energy-id-2026-09-28-cb2d14d2b210fde6e35c-tx-145,event,2021-10-06,day,,,iati-energy-id-2026-09-28-cb2d14d2b210fde6e35c,2026-09-28
timing-observation-iati-energy-id-2026-09-28-cb2d14d2b210fde6e35c-tx-146,observation-iati-energy-id-2026-09-28-cb2d14d2b210fde6e35c-tx-146,event,2021-03-10,day,,,iati-energy-id-2026-09-28-cb2d14d2b210fde6e35c,2026-09-28
timing-observation-iati-energy-id-2026-09-28-cb2d14d2b210fde6e35c-tx-147,observation-iati-energy-id-2026-09-28-cb2d14d2b210fde6e35c-tx-147,event,2021-05-10,day,,,iati-energy-id-2026-09-28-cb2d14d2b210fde6e35c,2026-09-28
timing-observation-iati-energy-id-2026-09-28-cb2d14d2b210fde6e35c-tx-148,observation-iati-energy-id-2026-09-28-cb2d14d2b210fde6e35c-tx-148,event,2021-11-10,day,,,iati-energy-id-2026-09-28-cb2d14d2b210fde6e35c,2026-09-28
timing-observation-iati-energy-id-2026-09-28-cb2d14d2b210fde6e35c-tx-149,observation-iati-energy-id-2026-09-28-cb2d14d2b210fde6e35c-tx-149,event,2021-12-10,day,,,iati-energy-id-2026-09-28-cb2d14d2b210fde6e35c,2026-09-28
timing-observation-iati-energy-id-2026-09-28-cb2d14d2b210fde6e35c-tx-150,observation-iati-energy-id-2026-09-28-cb2d14d2b210fde6e35c-tx-150,event,2021-08-12,day,,,iati-energy-id-2026-09-28-cb2d14d2b210fde6e35c,2026-09-28
timing-observation-iati-energy-id-2026-09-28-cb2d14d2b210fde6e35c-tx-151,observation-iati-energy-id-2026-09-28-cb2d14d2b210fde6e35c-tx-151,event,2021-11-12,day,,,iati-energy-id-2026-09-28-cb2d14d2b210fde6e35c,2026-09-28
timing-observation-iati-energy-id-2026-09-28-cb2d14d2b210fde6e35c-tx-152,observation-iati-energy-id-2026-09-28-cb2d14d2b210fde6e35c-tx-152,event,2021-12-13,day,,,iati-energy-id-2026-09-28-cb2d14d2b210fde6e35c,2026-09-28
timing-observation-iati-energy-id-2026-09-28-cb2d14d2b210fde6e35c-tx-153,observation-iati-energy-id-2026-09-28-cb2d14d2b210fde6e35c-tx-153,event,2021-01-14,day,,,iati-energy-id-2026-09-28-cb2d14d2b210fde6e35c,2026-09-28
timing-observation-iati-energy-id-2026-09-28-cb2d14d2b210fde6e35c-tx-154,observation-iati-energy-id-2026-09-28-cb2d14d2b210fde6e35c-tx-154,event,2021-06-14,day,,,iati-energy-id-2026-09-28-cb2d14d2b210fde6e35c,2026-09-28
timing-observation-iati-energy-id-2026-09-28-cb2d14d2b210fde6e35c-tx-155,observation-iati-energy-id-2026-09-28-cb2d14d2b210fde6e35c-tx-155,event,2021-12-20,day,,,iati-energy-id-2026-09-28-cb2d14d2b210fde6e35c,2026-09-28
timing-observation-iati-energy-id-2026-09-28-cb2d14d2b210fde6e35c-tx-156,observation-iati-energy-id-2026-09-28-cb2d14d2b210fde6e35c-tx-156,event,2021-04-21,day,,,iati-energy-id-2026-09-28-cb2d14d2b210fde6e35c,2026-09-28
timing-observation-iati-energy-id-2026-09-28-cb2d14d2b210fde6e35c-tx-157,observation-iati-energy-id-2026-09-28-cb2d14d2b210fde6e35c-tx-157,event,2021-06-21,day,,,iati-energy-id-2026-09-28-cb2d14d2b210fde6e35c,2026-09-28
timing-observation-iati-energy-id-2026-09-28-cb2d14d2b210fde6e35c-tx-158,observation-iati-energy-id-2026-09-28-cb2d14d2b210fde6e35c-tx-158,event,2021-04-22,day,,,iati-energy-id-2026-09-28-cb2d14d2b210fde6e35c,2026-09-28
timing-observation-iati-energy-id-2026-09-28-cb2d14d2b210fde6e35c-tx-159,observation-iati-energy-id-2026-09-28-cb2d14d2b210fde6e35c-tx-159,event,2021-06-23,day,,,iati-energy-id-2026-09-28-cb2d14d2b210fde6e35c,2026-09-28
timing-observation-iati-energy-id-2026-09-28-cb2d14d2b210fde6e35c-tx-160,observation-iati-energy-id-2026-09-28-cb2d14d2b210fde6e35c-tx-160,event,2021-12-23,day,,,iati-energy-id-2026-09-28-cb2d14d2b210fde6e35c,2026-09-28
timing-observation-iati-energy-id-2026-09-28-cb2d14d2b210fde6e35c-tx-161,observation-iati-energy-id-2026-09-28-cb2d14d2b210fde6e35c-tx-161,event,2021-12-24,day,,,iati-energy-id-2026-09-28-cb2d14d2b210fde6e35c,2026-09-28
timing-observation-iati-energy-id-2026-09-28-cb2d14d2b210fde6e35c-tx-162,observation-iati-energy-id-2026-09-28-cb2d14d2b210fde6e35c-tx-162,event,2021-06-25,day,,,iati-energy-id-2026-09-28-cb2d14d2b210fde6e35c,2026-09-28
timing-observation-iati-energy-id-2026-09-28-cb2d14d2b210fde6e35c-tx-163,observation-iati-energy-id-2026-09-28-cb2d14d2b210fde6e35c-tx-163,event,2021-01-26,day,,,iati-energy-id-2026-09-28-cb2d14d2b210fde6e35c,2026-09-28
timing-observation-iati-energy-id-2026-09-28-cb2d14d2b210fde6e35c-tx-164,observation-iati-energy-id-2026-09-28-cb2d14d2b210fde6e35c-tx-164,event,2021-05-28,day,,,iati-energy-id-2026-09-28-cb2d14d2b210fde6e35c,2026-09-28
timing-observation-iati-energy-id-2026-09-28-cb2d14d2b210fde6e35c-tx-165,observation-iati-energy-id-2026-09-28-cb2d14d2b210fde6e35c-tx-165,event,2021-10-29,day,,,iati-energy-id-2026-09-28-cb2d14d2b210fde6e35c,2026-09-28
timing-observation-iati-energy-id-2026-09-28-cb2d14d2b210fde6e35c-tx-166,observation-iati-energy-id-2026-09-28-cb2d14d2b210fde6e35c-tx-166,event,2021-11-29,day,,,iati-energy-id-2026-09-28-cb2d14d2b210fde6e35c,2026-09-28
timing-observation-iati-energy-id-2026-09-28-cb2d14d2b210fde6e35c-tx-167,observation-iati-energy-id-2026-09-28-cb2d14d2b210fde6e35c-tx-167,event,2021-08-30,day,,,iati-energy-id-2026-09-28-cb2d14d2b210fde6e35c,2026-09-28
timing-observation-iati-energy-id-2026-09-28-cb2d14d2b210fde6e35c-tx-168,observation-iati-energy-id-2026-09-28-cb2d14d2b210fde6e35c-tx-168,event,2021-09-30,day,,,iati-energy-id-2026-09-28-cb2d14d2b210fde6e35c,2026-09-28
timing-observation-iati-energy-id-2026-09-28-cb2d14d2b210fde6e35c-tx-169,observation-iati-energy-id-2026-09-28-cb2d14d2b210fde6e35c-tx-169,event,2021-03-31,day,,,iati-energy-id-2026-09-28-cb2d14d2b210fde6e35c,2026-09-28
timing-observation-iati-energy-id-2026-09-28-cb2d14d2b210fde6e35c-tx-170,observation-iati-energy-id-2026-09-28-cb2d14d2b210fde6e35c-tx-170,event,2021-12-31,day,,,iati-energy-id-2026-09-28-cb2d14d2b210fde6e35c,2026-09-28
timing-observation-iati-energy-id-2026-09-28-cb2d14d2b210fde6e35c-tx-171,observation-iati-energy-id-2026-09-28-cb2d14d2b210fde6e35c-tx-171,event,2022-08-01,day,,,iati-energy-id-2026-09-28-cb2d14d2b210fde6e35c,2026-09-28
timing-observation-iati-energy-id-2026-09-28-cb2d14d2b210fde6e35c-tx-172,observation-iati-energy-id-2026-09-28-cb2d14d2b210fde6e35c-tx-172,event,2022-09-01,day,,,iati-energy-id-2026-09-28-cb2d14d2b210fde6e35c,2026-09-28
timing-observation-iati-energy-id-2026-09-28-cb2d14d2b210fde6e35c-tx-173,observation-iati-energy-id-2026-09-28-cb2d14d2b210fde6e35c-tx-173,event,2022-02-03,day,,,iati-energy-id-2026-09-28-cb2d14d2b210fde6e35c,2026-09-28
timing-observation-iati-energy-id-2026-09-28-cb2d14d2b210fde6e35c-tx-174,observation-iati-energy-id-2026-09-28-cb2d14d2b210fde6e35c-tx-174,event,2022-01-06,day,,,iati-energy-id-2026-09-28-cb2d14d2b210fde6e35c,2026-09-28
timing-observation-iati-energy-id-2026-09-28-cb2d14d2b210fde6e35c-tx-175,observation-iati-energy-id-2026-09-28-cb2d14d2b210fde6e35c-tx-175,event,2022-05-10,day,,,iati-energy-id-2026-09-28-cb2d14d2b210fde6e35c,2026-09-28
timing-observation-iati-energy-id-2026-09-28-cb2d14d2b210fde6e35c-tx-176,observation-iati-energy-id-2026-09-28-cb2d14d2b210fde6e35c-tx-176,event,2022-10-12,day,,,iati-energy-id-2026-09-28-cb2d14d2b210fde6e35c,2026-09-28
timing-observation-iati-energy-id-2026-09-28-cb2d14d2b210fde6e35c-tx-177,observation-iati-energy-id-2026-09-28-cb2d14d2b210fde6e35c-tx-177,event,2022-04-13,day,,,iati-energy-id-2026-09-28-cb2d14d2b210fde6e35c,2026-09-28
timing-observation-iati-energy-id-2026-09-28-cb2d14d2b210fde6e35c-tx-178,observation-iati-energy-id-2026-09-28-cb2d14d2b210fde6e35c-tx-178,event,2022-09-14,day,,,iati-energy-id-2026-09-28-cb2d14d2b210fde6e35c,2026-09-28
timing-observation-iati-energy-id-2026-09-28-cb2d14d2b210fde6e35c-tx-179,observation-iati-energy-id-2026-09-28-cb2d14d2b210fde6e35c-tx-179,event,2022-10-14,day,,,iati-energy-id-2026-09-28-cb2d14d2b210fde6e35c,2026-09-28
timing-observation-iati-energy-id-2026-09-28-cb2d14d2b210fde6e35c-tx-180,observation-iati-energy-id-2026-09-28-cb2d14d2b210fde6e35c-tx-180,event,2022-12-14,day,,,iati-energy-id-2026-09-28-cb2d14d2b210fde6e35c,2026-09-28
timing-observation-iati-energy-id-2026-09-28-cb2d14d2b210fde6e35c-tx-181,observation-iati-energy-id-2026-09-28-cb2d14d2b210fde6e35c-tx-181,event,2022-09-16,day,,,iati-energy-id-2026-09-28-cb2d14d2b210fde6e35c,2026-09-28
timing-observation-iati-energy-id-2026-09-28-cb2d14d2b210fde6e35c-tx-182,observation-iati-energy-id-2026-09-28-cb2d14d2b210fde6e35c-tx-182,event,2022-12-16,day,,,iati-energy-id-2026-09-28-cb2d14d2b210fde6e35c,2026-09-28
timing-observation-iati-energy-id-2026-09-28-cb2d14d2b210fde6e35c-tx-183,observation-iati-energy-id-2026-09-28-cb2d14d2b210fde6e35c-tx-183,event,2022-05-17,day,,,iati-energy-id-2026-09-28-cb2d14d2b210fde6e35c,2026-09-28
timing-observation-iati-energy-id-2026-09-28-cb2d14d2b210fde6e35c-tx-184,observation-iati-energy-id-2026-09-28-cb2d14d2b210fde6e35c-tx-184,event,2022-05-18,day,,,iati-energy-id-2026-09-28-cb2d14d2b210fde6e35c,2026-09-28
timing-observation-iati-energy-id-2026-09-28-cb2d14d2b210fde6e35c-tx-185,observation-iati-energy-id-2026-09-28-cb2d14d2b210fde6e35c-tx-185,event,2022-11-18,day,,,iati-energy-id-2026-09-28-cb2d14d2b210fde6e35c,2026-09-28
timing-observation-iati-energy-id-2026-09-28-cb2d14d2b210fde6e35c-tx-186,observation-iati-energy-id-2026-09-28-cb2d14d2b210fde6e35c-tx-186,event,2022-04-20,day,,,iati-energy-id-2026-09-28-cb2d14d2b210fde6e35c,2026-09-28
timing-observation-iati-energy-id-2026-09-28-cb2d14d2b210fde6e35c-tx-187,observation-iati-energy-id-2026-09-28-cb2d14d2b210fde6e35c-tx-187,event,2022-12-20,day,,,iati-energy-id-2026-09-28-cb2d14d2b210fde6e35c,2026-09-28
timing-observation-iati-energy-id-2026-09-28-cb2d14d2b210fde6e35c-tx-188,observation-iati-energy-id-2026-09-28-cb2d14d2b210fde6e35c-tx-188,event,2022-12-21,day,,,iati-energy-id-2026-09-28-cb2d14d2b210fde6e35c,2026-09-28
timing-observation-iati-energy-id-2026-09-28-cb2d14d2b210fde6e35c-tx-189,observation-iati-energy-id-2026-09-28-cb2d14d2b210fde6e35c-tx-189,event,2022-04-22,day,,,iati-energy-id-2026-09-28-cb2d14d2b210fde6e35c,2026-09-28
timing-observation-iati-energy-id-2026-09-28-cb2d14d2b210fde6e35c-tx-190,observation-iati-energy-id-2026-09-28-cb2d14d2b210fde6e35c-tx-190,event,2022-08-22,day,,,iati-energy-id-2026-09-28-cb2d14d2b210fde6e35c,2026-09-28
timing-observation-iati-energy-id-2026-09-28-cb2d14d2b210fde6e35c-tx-191,observation-iati-energy-id-2026-09-28-cb2d14d2b210fde6e35c-tx-191,event,2022-12-22,day,,,iati-energy-id-2026-09-28-cb2d14d2b210fde6e35c,2026-09-28
timing-observation-iati-energy-id-2026-09-28-cb2d14d2b210fde6e35c-tx-192,observation-iati-energy-id-2026-09-28-cb2d14d2b210fde6e35c-tx-192,event,2022-03-25,day,,,iati-energy-id-2026-09-28-cb2d14d2b210fde6e35c,2026-09-28
timing-observation-iati-energy-id-2026-09-28-cb2d14d2b210fde6e35c-tx-193,observation-iati-energy-id-2026-09-28-cb2d14d2b210fde6e35c-tx-193,event,2022-08-25,day,,,iati-energy-id-2026-09-28-cb2d14d2b210fde6e35c,2026-09-28
timing-observation-iati-energy-id-2026-09-28-cb2d14d2b210fde6e35c-tx-194,observation-iati-energy-id-2026-09-28-cb2d14d2b210fde6e35c-tx-194,event,2022-07-26,day,,,iati-energy-id-2026-09-28-cb2d14d2b210fde6e35c,2026-09-28
timing-observation-iati-energy-id-2026-09-28-cb2d14d2b210fde6e35c-tx-195,observation-iati-energy-id-2026-09-28-cb2d14d2b210fde6e35c-tx-195,event,2022-08-26,day,,,iati-energy-id-2026-09-28-cb2d14d2b210fde6e35c,2026-09-28
timing-observation-iati-energy-id-2026-09-28-cb2d14d2b210fde6e35c-tx-196,observation-iati-energy-id-2026-09-28-cb2d14d2b210fde6e35c-tx-196,event,2022-09-28,day,,,iati-energy-id-2026-09-28-cb2d14d2b210fde6e35c,2026-09-28
timing-observation-iati-energy-id-2026-09-28-cb2d14d2b210fde6e35c-tx-197,observation-iati-energy-id-2026-09-28-cb2d14d2b210fde6e35c-tx-197,event,2022-03-30,day,,,iati-energy-id-2026-09-28-cb2d14d2b210fde6e35c,2026-09-28
timing-observation-iati-energy-id-2026-09-28-cb2d14d2b210fde6e35c-tx-198,observation-iati-energy-id-2026-09-28-cb2d14d2b210fde6e35c-tx-198,event,2022-12-30,day,,,iati-energy-id-2026-09-28-cb2d14d2b210fde6e35c,2026-09-28
timing-observation-iati-energy-id-2026-09-28-cb2d14d2b210fde6e35c-tx-199,observation-iati-energy-id-2026-09-28-cb2d14d2b210fde6e35c-tx-199,event,2023-08-01,day,,,iati-energy-id-2026-09-28-cb2d14d2b210fde6e35c,2026-09-28
timing-observation-iati-energy-id-2026-09-28-cb2d14d2b210fde6e35c-tx-200,observation-iati-energy-id-2026-09-28-cb2d14d2b210fde6e35c-tx-200,event,2023-12-01,day,,,iati-energy-id-2026-09-28-cb2d14d2b210fde6e35c,2026-09-28
timing-observation-iati-energy-id-2026-09-28-cb2d14d2b210fde6e35c-tx-201,observation-iati-energy-id-2026-09-28-cb2d14d2b210fde6e35c-tx-201,event,2023-04-03,day,,,iati-energy-id-2026-09-28-cb2d14d2b210fde6e35c,2026-09-28
timing-observation-iati-energy-id-2026-09-28-cb2d14d2b210fde6e35c-tx-202,observation-iati-energy-id-2026-09-28-cb2d14d2b210fde6e35c-tx-202,event,2023-05-03,day,,,iati-energy-id-2026-09-28-cb2d14d2b210fde6e35c,2026-09-28
timing-observation-iati-energy-id-2026-09-28-cb2d14d2b210fde6e35c-tx-203,observation-iati-energy-id-2026-09-28-cb2d14d2b210fde6e35c-tx-203,event,2023-06-05,day,,,iati-energy-id-2026-09-28-cb2d14d2b210fde6e35c,2026-09-28
timing-observation-iati-energy-id-2026-09-28-cb2d14d2b210fde6e35c-tx-204,observation-iati-energy-id-2026-09-28-cb2d14d2b210fde6e35c-tx-204,event,2023-07-06,day,,,iati-energy-id-2026-09-28-cb2d14d2b210fde6e35c,2026-09-28
timing-observation-iati-energy-id-2026-09-28-cb2d14d2b210fde6e35c-tx-205,observation-iati-energy-id-2026-09-28-cb2d14d2b210fde6e35c-tx-205,event,2023-08-07,day,,,iati-energy-id-2026-09-28-cb2d14d2b210fde6e35c,2026-09-28
timing-observation-iati-energy-id-2026-09-28-cb2d14d2b210fde6e35c-tx-206,observation-iati-energy-id-2026-09-28-cb2d14d2b210fde6e35c-tx-206,event,2023-03-09,day,,,iati-energy-id-2026-09-28-cb2d14d2b210fde6e35c,2026-09-28
timing-observation-iati-energy-id-2026-09-28-cb2d14d2b210fde6e35c-tx-207,observation-iati-energy-id-2026-09-28-cb2d14d2b210fde6e35c-tx-207,event,2023-05-11,day,,,iati-energy-id-2026-09-28-cb2d14d2b210fde6e35c,2026-09-28
timing-observation-iati-energy-id-2026-09-28-cb2d14d2b210fde6e35c-tx-208,observation-iati-energy-id-2026-09-28-cb2d14d2b210fde6e35c-tx-208,event,2023-08-11,day,,,iati-energy-id-2026-09-28-cb2d14d2b210fde6e35c,2026-09-28
timing-observation-iati-energy-id-2026-09-28-cb2d14d2b210fde6e35c-tx-209,observation-iati-energy-id-2026-09-28-cb2d14d2b210fde6e35c-tx-209,event,2023-05-12,day,,,iati-energy-id-2026-09-28-cb2d14d2b210fde6e35c,2026-09-28
timing-observation-iati-energy-id-2026-09-28-cb2d14d2b210fde6e35c-tx-210,observation-iati-energy-id-2026-09-28-cb2d14d2b210fde6e35c-tx-210,event,2023-03-13,day,,,iati-energy-id-2026-09-28-cb2d14d2b210fde6e35c,2026-09-28
timing-observation-iati-energy-id-2026-09-28-cb2d14d2b210fde6e35c-tx-211,observation-iati-energy-id-2026-09-28-cb2d14d2b210fde6e35c-tx-211,event,2023-12-13,day,,,iati-energy-id-2026-09-28-cb2d14d2b210fde6e35c,2026-09-28
timing-observation-iati-energy-id-2026-09-28-cb2d14d2b210fde6e35c-tx-212,observation-iati-energy-id-2026-09-28-cb2d14d2b210fde6e35c-tx-212,event,2023-08-14,day,,,iati-energy-id-2026-09-28-cb2d14d2b210fde6e35c,2026-09-28
timing-observation-iati-energy-id-2026-09-28-cb2d14d2b210fde6e35c-tx-213,observation-iati-energy-id-2026-09-28-cb2d14d2b210fde6e35c-tx-213,event,2023-06-15,day,,,iati-energy-id-2026-09-28-cb2d14d2b210fde6e35c,2026-09-28
timing-observation-iati-energy-id-2026-09-28-cb2d14d2b210fde6e35c-tx-214,observation-iati-energy-id-2026-09-28-cb2d14d2b210fde6e35c-tx-214,event,2023-03-20,day,,,iati-energy-id-2026-09-28-cb2d14d2b210fde6e35c,2026-09-28
timing-observation-iati-energy-id-2026-09-28-cb2d14d2b210fde6e35c-tx-215,observation-iati-energy-id-2026-09-28-cb2d14d2b210fde6e35c-tx-215,event,2023-12-20,day,,,iati-energy-id-2026-09-28-cb2d14d2b210fde6e35c,2026-09-28
timing-observation-iati-energy-id-2026-09-28-cb2d14d2b210fde6e35c-tx-216,observation-iati-energy-id-2026-09-28-cb2d14d2b210fde6e35c-tx-216,event,2023-08-25,day,,,iati-energy-id-2026-09-28-cb2d14d2b210fde6e35c,2026-09-28
timing-observation-iati-energy-id-2026-09-28-cb2d14d2b210fde6e35c-tx-217,observation-iati-energy-id-2026-09-28-cb2d14d2b210fde6e35c-tx-217,event,2023-07-26,day,,,iati-energy-id-2026-09-28-cb2d14d2b210fde6e35c,2026-09-28
timing-observation-iati-energy-id-2026-09-28-cb2d14d2b210fde6e35c-tx-218,observation-iati-energy-id-2026-09-28-cb2d14d2b210fde6e35c-tx-218,event,2023-03-27,day,,,iati-energy-id-2026-09-28-cb2d14d2b210fde6e35c,2026-09-28
timing-observation-iati-energy-id-2026-09-28-cb2d14d2b210fde6e35c-tx-219,observation-iati-energy-id-2026-09-28-cb2d14d2b210fde6e35c-tx-219,event,2023-04-27,day,,,iati-energy-id-2026-09-28-cb2d14d2b210fde6e35c,2026-09-28
timing-observation-iati-energy-id-2026-09-28-cb2d14d2b210fde6e35c-tx-220,observation-iati-energy-id-2026-09-28-cb2d14d2b210fde6e35c-tx-220,event,2023-09-29,day,,,iati-energy-id-2026-09-28-cb2d14d2b210fde6e35c,2026-09-28
timing-observation-iati-energy-id-2026-09-28-cb2d14d2b210fde6e35c-tx-221,observation-iati-energy-id-2026-09-28-cb2d14d2b210fde6e35c-tx-221,event,2023-05-31,day,,,iati-energy-id-2026-09-28-cb2d14d2b210fde6e35c,2026-09-28
timing-observation-iati-energy-id-2026-09-28-cb2d14d2b210fde6e35c-tx-222,observation-iati-energy-id-2026-09-28-cb2d14d2b210fde6e35c-tx-222,event,2024-01-25,day,,,iati-energy-id-2026-09-28-cb2d14d2b210fde6e35c,2026-09-28
timing-observation-iati-energy-id-2026-09-28-cb2d14d2b210fde6e35c-tx-445,observation-iati-energy-id-2026-09-28-cb2d14d2b210fde6e35c-tx-445,event,2016-03-27,day,,,iati-energy-id-2026-09-28-cb2d14d2b210fde6e35c,2026-09-28
timing-observation-iati-energy-id-2026-09-28-b586c162652fc1634b07-tx-1,observation-iati-energy-id-2026-09-28-b586c162652fc1634b07-tx-1,event,2017-12-31,day,,,iati-energy-id-2026-09-28-b586c162652fc1634b07,2026-09-28
timing-observation-iati-energy-id-2026-09-28-a2f4bee007817b7a1aa0-tx-1,observation-iati-energy-id-2026-09-28-a2f4bee007817b7a1aa0-tx-1,event,2018-12-31,day,,,iati-energy-id-2026-09-28-a2f4bee007817b7a1aa0,2026-09-28
timing-observation-iati-energy-id-2026-09-28-d2364e97053148ab8eaa-tx-1,observation-iati-energy-id-2026-09-28-d2364e97053148ab8eaa-tx-1,event,2022-12-31,day,,,iati-energy-id-2026-09-28-d2364e97053148ab8eaa,2026-09-28
timing-observation-iati-energy-id-2026-09-28-ae9047f33d945e066d5c-tx-1,observation-iati-energy-id-2026-09-28-ae9047f33d945e066d5c-tx-1,event,2025-01-01,day,,,iati-energy-id-2026-09-28-ae9047f33d945e066d5c,2026-09-28
timing-observation-iati-energy-id-2026-09-28-ae9047f33d945e066d5c-tx-3,observation-iati-energy-id-2026-09-28-ae9047f33d945e066d5c-tx-3,event,2025-01-01,day,,,iati-energy-id-2026-09-28-ae9047f33d945e066d5c,2026-09-28
timing-observation-iati-energy-id-2026-09-28-3490842d8d65bd5990d5-tx-1,observation-iati-energy-id-2026-09-28-3490842d8d65bd5990d5-tx-1,event,2018-10-15,day,,,iati-energy-id-2026-09-28-3490842d8d65bd5990d5,2026-09-28
timing-observation-iati-energy-id-2026-09-28-3490842d8d65bd5990d5-tx-2,observation-iati-energy-id-2026-09-28-3490842d8d65bd5990d5-tx-2,event,2018-11-15,day,,,iati-energy-id-2026-09-28-3490842d8d65bd5990d5,2026-09-28
timing-observation-iati-energy-id-2026-09-28-3490842d8d65bd5990d5-tx-3,observation-iati-energy-id-2026-09-28-3490842d8d65bd5990d5-tx-3,event,2018-12-15,day,,,iati-energy-id-2026-09-28-3490842d8d65bd5990d5,2026-09-28
timing-observation-iati-energy-id-2026-09-28-3490842d8d65bd5990d5-tx-4,observation-iati-energy-id-2026-09-28-3490842d8d65bd5990d5-tx-4,event,2018-08-08,day,,,iati-energy-id-2026-09-28-3490842d8d65bd5990d5,2026-09-28
timing-observation-iati-energy-id-2026-09-28-7a5a23044dc0861d53ff-tx-1,observation-iati-energy-id-2026-09-28-7a5a23044dc0861d53ff-tx-1,event,2022-12-15,day,,,iati-energy-id-2026-09-28-7a5a23044dc0861d53ff,2026-09-28
timing-observation-iati-energy-id-2026-09-28-7a5a23044dc0861d53ff-tx-2,observation-iati-energy-id-2026-09-28-7a5a23044dc0861d53ff-tx-2,event,2022-12-08,day,,,iati-energy-id-2026-09-28-7a5a23044dc0861d53ff,2026-09-28
timing-observation-iati-energy-id-2026-09-28-1f78b319183621ff1fa4-tx-1,observation-iati-energy-id-2026-09-28-1f78b319183621ff1fa4-tx-1,event,2017-03-30,day,,,iati-energy-id-2026-09-28-1f78b319183621ff1fa4,2026-09-28
timing-observation-iati-energy-id-2026-09-28-1f78b319183621ff1fa4-tx-2,observation-iati-energy-id-2026-09-28-1f78b319183621ff1fa4-tx-2,event,2019-01-14,day,,,iati-energy-id-2026-09-28-1f78b319183621ff1fa4,2026-09-28
timing-observation-iati-energy-id-2026-09-28-1f78b319183621ff1fa4-tx-3,observation-iati-energy-id-2026-09-28-1f78b319183621ff1fa4-tx-3,event,2017-03-07,day,,,iati-energy-id-2026-09-28-1f78b319183621ff1fa4,2026-09-28
timing-observation-iati-energy-id-2026-09-28-62d5972c013cfb8b6449-tx-1,observation-iati-energy-id-2026-09-28-62d5972c013cfb8b6449-tx-1,event,2026-03-30,day,,,iati-energy-id-2026-09-28-62d5972c013cfb8b6449,2026-09-28
timing-observation-iati-energy-id-2026-09-28-4db2a1e9c7ee4da3be7e-tx-1,observation-iati-energy-id-2026-09-28-4db2a1e9c7ee4da3be7e-tx-1,event,2023-03-31,day,,,iati-energy-id-2026-09-28-4db2a1e9c7ee4da3be7e,2026-09-28
