timing_id,observation_id,date_role,date,date_precision,lower_bound,upper_bound,line_id,recorded_at
crs-flow-oecd-crs-energy-zaf-2021-q-2026-09-28-md-20799174-period_start,crs-flow-oecd-crs-energy-zaf-2021-q-2026-09-28-md-20799174,period_start,2021,year,2021-01-01,2021-12-31,oecd-crs-energy-zaf-2021-q-2026-09-28-md-20799174,2026-09-28
crs-flow-oecd-crs-energy-zaf-2021-q-2026-09-28-md-20799174-period_end,crs-flow-oecd-crs-energy-zaf-2021-q-2026-09-28-md-20799174,period_end,2021,year,2021-01-01,2021-12-31,oecd-crs-energy-zaf-2021-q-2026-09-28-md-20799174,2026-09-28
crs-flow-oecd-crs-energy-zaf-2021-q-2026-09-28-md-20799172-period_start,crs-flow-oecd-crs-energy-zaf-2021-q-2026-09-28-md-20799172,period_start,2021,year,2021-01-01,2021-12-31,oecd-crs-energy-zaf-2021-q-2026-09-28-md-20799172,2026-09-28
crs-flow-oecd-crs-energy-zaf-2021-q-2026-09-28-md-20799172-period_end,crs-flow-oecd-crs-energy-zaf-2021-q-2026-09-28-md-20799172,period_end,2021,year,2021-01-01,2021-12-31,oecd-crs-energy-zaf-2021-q-2026-09-28-md-20799172,2026-09-28
crs-flow-oecd-crs-energy-zaf-2021-q-2026-09-28-md-20791728-period_start,crs-flow-oecd-crs-energy-zaf-2021-q-2026-09-28-md-20791728,period_start,2021,year,2021-01-01,2021-12-31,oecd-crs-energy-zaf-2021-q-2026-09-28-md-20791728,2026-09-28
crs-flow-oecd-crs-energy-zaf-2021-q-2026-09-28-md-20791728-period_end,crs-flow-oecd-crs-energy-zaf-2021-q-2026-09-28-md-20791728,period_end,2021,year,2021-01-01,2021-12-31,oecd-crs-energy-zaf-2021-q-2026-09-28-md-20791728,2026-09-28
crs-flow-oecd-crs-energy-zaf-2021-q-2026-09-28-md-20794473-period_start,crs-flow-oecd-crs-energy-zaf-2021-q-2026-09-28-md-20794473,period_start,2021,year,2021-01-01,2021-12-31,oecd-crs-energy-zaf-2021-q-2026-09-28-md-20794473,2026-09-28
crs-flow-oecd-crs-energy-zaf-2021-q-2026-09-28-md-20794473-period_end,crs-flow-oecd-crs-energy-zaf-2021-q-2026-09-28-md-20794473,period_end,2021,year,2021-01-01,2021-12-31,oecd-crs-energy-zaf-2021-q-2026-09-28-md-20794473,2026-09-28
crs-flow-oecd-crs-energy-zaf-2021-q-2026-09-28-md-20790256-period_start,crs-flow-oecd-crs-energy-zaf-2021-q-2026-09-28-md-20790256,period_start,2021,year,2021-01-01,2021-12-31,oecd-crs-energy-zaf-2021-q-2026-09-28-md-20790256,2026-09-28
crs-flow-oecd-crs-energy-zaf-2021-q-2026-09-28-md-20790256-period_end,crs-flow-oecd-crs-energy-zaf-2021-q-2026-09-28-md-20790256,period_end,2021,year,2021-01-01,2021-12-31,oecd-crs-energy-zaf-2021-q-2026-09-28-md-20790256,2026-09-28
crs-flow-oecd-crs-energy-zaf-2021-q-2026-09-28-md-20784883-period_start,crs-flow-oecd-crs-energy-zaf-2021-q-2026-09-28-md-20784883,period_start,2021,year,2021-01-01,2021-12-31,oecd-crs-energy-zaf-2021-q-2026-09-28-md-20784883,2026-09-28
crs-flow-oecd-crs-energy-zaf-2021-q-2026-09-28-md-20784883-period_end,crs-flow-oecd-crs-energy-zaf-2021-q-2026-09-28-md-20784883,period_end,2021,year,2021-01-01,2021-12-31,oecd-crs-energy-zaf-2021-q-2026-09-28-md-20784883,2026-09-28
crs-flow-oecd-crs-energy-zaf-2021-q-2026-09-28-md-20245297-period_start,crs-flow-oecd-crs-energy-zaf-2021-q-2026-09-28-md-20245297,period_start,2021,year,2021-01-01,2021-12-31,oecd-crs-energy-zaf-2021-q-2026-09-28-md-20245297,2026-09-28
crs-flow-oecd-crs-energy-zaf-2021-q-2026-09-28-md-20245297-period_end,crs-flow-oecd-crs-energy-zaf-2021-q-2026-09-28-md-20245297,period_end,2021,year,2021-01-01,2021-12-31,oecd-crs-energy-zaf-2021-q-2026-09-28-md-20245297,2026-09-28
crs-flow-oecd-crs-energy-zaf-2021-q-2026-09-28-md-20800329-period_start,crs-flow-oecd-crs-energy-zaf-2021-q-2026-09-28-md-20800329,period_start,2021,year,2021-01-01,2021-12-31,oecd-crs-energy-zaf-2021-q-2026-09-28-md-20800329,2026-09-28
crs-flow-oecd-crs-energy-zaf-2021-q-2026-09-28-md-20800329-period_end,crs-flow-oecd-crs-energy-zaf-2021-q-2026-09-28-md-20800329,period_end,2021,year,2021-01-01,2021-12-31,oecd-crs-energy-zaf-2021-q-2026-09-28-md-20800329,2026-09-28
crs-flow-oecd-crs-energy-zaf-2021-q-2026-09-28-md-20249070-period_start,crs-flow-oecd-crs-energy-zaf-2021-q-2026-09-28-md-20249070,period_start,2021,year,2021-01-01,2021-12-31,oecd-crs-energy-zaf-2021-q-2026-09-28-md-20249070,2026-09-28
crs-flow-oecd-crs-energy-zaf-2021-q-2026-09-28-md-20249070-period_end,crs-flow-oecd-crs-energy-zaf-2021-q-2026-09-28-md-20249070,period_end,2021,year,2021-01-01,2021-12-31,oecd-crs-energy-zaf-2021-q-2026-09-28-md-20249070,2026-09-28
crs-flow-oecd-crs-energy-zaf-2021-q-2026-09-28-md-20688650-period_start,crs-flow-oecd-crs-energy-zaf-2021-q-2026-09-28-md-20688650,period_start,2021,year,2021-01-01,2021-12-31,oecd-crs-energy-zaf-2021-q-2026-09-28-md-20688650,2026-09-28
crs-flow-oecd-crs-energy-zaf-2021-q-2026-09-28-md-20688650-period_end,crs-flow-oecd-crs-energy-zaf-2021-q-2026-09-28-md-20688650,period_end,2021,year,2021-01-01,2021-12-31,oecd-crs-energy-zaf-2021-q-2026-09-28-md-20688650,2026-09-28
crs-flow-oecd-crs-energy-zaf-2021-q-2026-09-28-md-20688688-period_start,crs-flow-oecd-crs-energy-zaf-2021-q-2026-09-28-md-20688688,period_start,2021,year,2021-01-01,2021-12-31,oecd-crs-energy-zaf-2021-q-2026-09-28-md-20688688,2026-09-28
crs-flow-oecd-crs-energy-zaf-2021-q-2026-09-28-md-20688688-period_end,crs-flow-oecd-crs-energy-zaf-2021-q-2026-09-28-md-20688688,period_end,2021,year,2021-01-01,2021-12-31,oecd-crs-energy-zaf-2021-q-2026-09-28-md-20688688,2026-09-28
crs-flow-oecd-crs-energy-zaf-2021-q-2026-09-28-md-20627304-period_start,crs-flow-oecd-crs-energy-zaf-2021-q-2026-09-28-md-20627304,period_start,2021,year,2021-01-01,2021-12-31,oecd-crs-energy-zaf-2021-q-2026-09-28-md-20627304,2026-09-28
crs-flow-oecd-crs-energy-zaf-2021-q-2026-09-28-md-20627304-period_end,crs-flow-oecd-crs-energy-zaf-2021-q-2026-09-28-md-20627304,period_end,2021,year,2021-01-01,2021-12-31,oecd-crs-energy-zaf-2021-q-2026-09-28-md-20627304,2026-09-28
crs-flow-oecd-crs-energy-zaf-2021-q-2026-09-28-md-20634374-period_start,crs-flow-oecd-crs-energy-zaf-2021-q-2026-09-28-md-20634374,period_start,2021,year,2021-01-01,2021-12-31,oecd-crs-energy-zaf-2021-q-2026-09-28-md-20634374,2026-09-28
crs-flow-oecd-crs-energy-zaf-2021-q-2026-09-28-md-20634374-period_end,crs-flow-oecd-crs-energy-zaf-2021-q-2026-09-28-md-20634374,period_end,2021,year,2021-01-01,2021-12-31,oecd-crs-energy-zaf-2021-q-2026-09-28-md-20634374,2026-09-28
crs-flow-oecd-crs-energy-zaf-2021-q-2026-09-28-md-20621370-period_start,crs-flow-oecd-crs-energy-zaf-2021-q-2026-09-28-md-20621370,period_start,2021,year,2021-01-01,2021-12-31,oecd-crs-energy-zaf-2021-q-2026-09-28-md-20621370,2026-09-28
crs-flow-oecd-crs-energy-zaf-2021-q-2026-09-28-md-20621370-period_end,crs-flow-oecd-crs-energy-zaf-2021-q-2026-09-28-md-20621370,period_end,2021,year,2021-01-01,2021-12-31,oecd-crs-energy-zaf-2021-q-2026-09-28-md-20621370,2026-09-28
crs-flow-oecd-crs-energy-zaf-2021-q-2026-09-28-md-20117779-period_start,crs-flow-oecd-crs-energy-zaf-2021-q-2026-09-28-md-20117779,period_start,2021,year,2021-01-01,2021-12-31,oecd-crs-energy-zaf-2021-q-2026-09-28-md-20117779,2026-09-28
crs-flow-oecd-crs-energy-zaf-2021-q-2026-09-28-md-20117779-period_end,crs-flow-oecd-crs-energy-zaf-2021-q-2026-09-28-md-20117779,period_end,2021,year,2021-01-01,2021-12-31,oecd-crs-energy-zaf-2021-q-2026-09-28-md-20117779,2026-09-28
crs-flow-oecd-crs-energy-zaf-2021-q-2026-09-28-md-20169883-period_start,crs-flow-oecd-crs-energy-zaf-2021-q-2026-09-28-md-20169883,period_start,2021,year,2021-01-01,2021-12-31,oecd-crs-energy-zaf-2021-q-2026-09-28-md-20169883,2026-09-28
crs-flow-oecd-crs-energy-zaf-2021-q-2026-09-28-md-20169883-period_end,crs-flow-oecd-crs-energy-zaf-2021-q-2026-09-28-md-20169883,period_end,2021,year,2021-01-01,2021-12-31,oecd-crs-energy-zaf-2021-q-2026-09-28-md-20169883,2026-09-28
crs-flow-oecd-crs-energy-zaf-2021-q-2026-09-28-md-20716716-period_start,crs-flow-oecd-crs-energy-zaf-2021-q-2026-09-28-md-20716716,period_start,2021,year,2021-01-01,2021-12-31,oecd-crs-energy-zaf-2021-q-2026-09-28-md-20716716,2026-09-28
crs-flow-oecd-crs-energy-zaf-2021-q-2026-09-28-md-20716716-period_end,crs-flow-oecd-crs-energy-zaf-2021-q-2026-09-28-md-20716716,period_end,2021,year,2021-01-01,2021-12-31,oecd-crs-energy-zaf-2021-q-2026-09-28-md-20716716,2026-09-28
crs-flow-oecd-crs-energy-zaf-2021-q-2026-09-28-md-20190290-period_start,crs-flow-oecd-crs-energy-zaf-2021-q-2026-09-28-md-20190290,period_start,2021,year,2021-01-01,2021-12-31,oecd-crs-energy-zaf-2021-q-2026-09-28-md-20190290,2026-09-28
crs-flow-oecd-crs-energy-zaf-2021-q-2026-09-28-md-20190290-period_end,crs-flow-oecd-crs-energy-zaf-2021-q-2026-09-28-md-20190290,period_end,2021,year,2021-01-01,2021-12-31,oecd-crs-energy-zaf-2021-q-2026-09-28-md-20190290,2026-09-28
crs-flow-oecd-crs-energy-zaf-2021-q-2026-09-28-md-20250324-period_start,crs-flow-oecd-crs-energy-zaf-2021-q-2026-09-28-md-20250324,period_start,2021,year,2021-01-01,2021-12-31,oecd-crs-energy-zaf-2021-q-2026-09-28-md-20250324,2026-09-28
crs-flow-oecd-crs-energy-zaf-2021-q-2026-09-28-md-20250324-period_end,crs-flow-oecd-crs-energy-zaf-2021-q-2026-09-28-md-20250324,period_end,2021,year,2021-01-01,2021-12-31,oecd-crs-energy-zaf-2021-q-2026-09-28-md-20250324,2026-09-28
crs-flow-oecd-crs-energy-zaf-2021-q-2026-09-28-md-20679556-period_start,crs-flow-oecd-crs-energy-zaf-2021-q-2026-09-28-md-20679556,period_start,2021,year,2021-01-01,2021-12-31,oecd-crs-energy-zaf-2021-q-2026-09-28-md-20679556,2026-09-28
crs-flow-oecd-crs-energy-zaf-2021-q-2026-09-28-md-20679556-period_end,crs-flow-oecd-crs-energy-zaf-2021-q-2026-09-28-md-20679556,period_end,2021,year,2021-01-01,2021-12-31,oecd-crs-energy-zaf-2021-q-2026-09-28-md-20679556,2026-09-28
crs-flow-oecd-crs-energy-zaf-2021-q-2026-09-28-md-20759579-period_start,crs-flow-oecd-crs-energy-zaf-2021-q-2026-09-28-md-20759579,period_start,2021,year,2021-01-01,2021-12-31,oecd-crs-energy-zaf-2021-q-2026-09-28-md-20759579,2026-09-28
crs-flow-oecd-crs-energy-zaf-2021-q-2026-09-28-md-20759579-period_end,crs-flow-oecd-crs-energy-zaf-2021-q-2026-09-28-md-20759579,period_end,2021,year,2021-01-01,2021-12-31,oecd-crs-energy-zaf-2021-q-2026-09-28-md-20759579,2026-09-28
crs-flow-oecd-crs-energy-zaf-2022-q-2026-09-28-md-21344844-period_start,crs-flow-oecd-crs-energy-zaf-2022-q-2026-09-28-md-21344844,period_start,2022,year,2022-01-01,2022-12-31,oecd-crs-energy-zaf-2022-q-2026-09-28-md-21344844,2026-09-28
crs-flow-oecd-crs-energy-zaf-2022-q-2026-09-28-md-21344844-period_end,crs-flow-oecd-crs-energy-zaf-2022-q-2026-09-28-md-21344844,period_end,2022,year,2022-01-01,2022-12-31,oecd-crs-energy-zaf-2022-q-2026-09-28-md-21344844,2026-09-28
crs-flow-oecd-crs-energy-zaf-2022-q-2026-09-28-md-21862832-period_start,crs-flow-oecd-crs-energy-zaf-2022-q-2026-09-28-md-21862832,period_start,2022,year,2022-01-01,2022-12-31,oecd-crs-energy-zaf-2022-q-2026-09-28-md-21862832,2026-09-28
crs-flow-oecd-crs-energy-zaf-2022-q-2026-09-28-md-21862832-period_end,crs-flow-oecd-crs-energy-zaf-2022-q-2026-09-28-md-21862832,period_end,2022,year,2022-01-01,2022-12-31,oecd-crs-energy-zaf-2022-q-2026-09-28-md-21862832,2026-09-28
crs-flow-oecd-crs-energy-zaf-2022-q-2026-09-28-md-20963249-period_start,crs-flow-oecd-crs-energy-zaf-2022-q-2026-09-28-md-20963249,period_start,2022,year,2022-01-01,2022-12-31,oecd-crs-energy-zaf-2022-q-2026-09-28-md-20963249,2026-09-28
crs-flow-oecd-crs-energy-zaf-2022-q-2026-09-28-md-20963249-period_end,crs-flow-oecd-crs-energy-zaf-2022-q-2026-09-28-md-20963249,period_end,2022,year,2022-01-01,2022-12-31,oecd-crs-energy-zaf-2022-q-2026-09-28-md-20963249,2026-09-28
crs-flow-oecd-crs-energy-zaf-2022-q-2026-09-28-md-20963508-period_start,crs-flow-oecd-crs-energy-zaf-2022-q-2026-09-28-md-20963508,period_start,2022,year,2022-01-01,2022-12-31,oecd-crs-energy-zaf-2022-q-2026-09-28-md-20963508,2026-09-28
crs-flow-oecd-crs-energy-zaf-2022-q-2026-09-28-md-20963508-period_end,crs-flow-oecd-crs-energy-zaf-2022-q-2026-09-28-md-20963508,period_end,2022,year,2022-01-01,2022-12-31,oecd-crs-energy-zaf-2022-q-2026-09-28-md-20963508,2026-09-28
crs-flow-oecd-crs-energy-zaf-2022-q-2026-09-28-md-20963502-period_start,crs-flow-oecd-crs-energy-zaf-2022-q-2026-09-28-md-20963502,period_start,2022,year,2022-01-01,2022-12-31,oecd-crs-energy-zaf-2022-q-2026-09-28-md-20963502,2026-09-28
crs-flow-oecd-crs-energy-zaf-2022-q-2026-09-28-md-20963502-period_end,crs-flow-oecd-crs-energy-zaf-2022-q-2026-09-28-md-20963502,period_end,2022,year,2022-01-01,2022-12-31,oecd-crs-energy-zaf-2022-q-2026-09-28-md-20963502,2026-09-28
crs-flow-oecd-crs-energy-zaf-2022-q-2026-09-28-md-20963261-period_start,crs-flow-oecd-crs-energy-zaf-2022-q-2026-09-28-md-20963261,period_start,2022,year,2022-01-01,2022-12-31,oecd-crs-energy-zaf-2022-q-2026-09-28-md-20963261,2026-09-28
crs-flow-oecd-crs-energy-zaf-2022-q-2026-09-28-md-20963261-period_end,crs-flow-oecd-crs-energy-zaf-2022-q-2026-09-28-md-20963261,period_end,2022,year,2022-01-01,2022-12-31,oecd-crs-energy-zaf-2022-q-2026-09-28-md-20963261,2026-09-28
crs-flow-oecd-crs-energy-zaf-2022-q-2026-09-28-md-21765530-period_start,crs-flow-oecd-crs-energy-zaf-2022-q-2026-09-28-md-21765530,period_start,2022,year,2022-01-01,2022-12-31,oecd-crs-energy-zaf-2022-q-2026-09-28-md-21765530,2026-09-28
crs-flow-oecd-crs-energy-zaf-2022-q-2026-09-28-md-21765530-period_end,crs-flow-oecd-crs-energy-zaf-2022-q-2026-09-28-md-21765530,period_end,2022,year,2022-01-01,2022-12-31,oecd-crs-energy-zaf-2022-q-2026-09-28-md-21765530,2026-09-28
crs-flow-oecd-crs-energy-zaf-2022-q-2026-09-28-md-21765531-period_start,crs-flow-oecd-crs-energy-zaf-2022-q-2026-09-28-md-21765531,period_start,2022,year,2022-01-01,2022-12-31,oecd-crs-energy-zaf-2022-q-2026-09-28-md-21765531,2026-09-28
crs-flow-oecd-crs-energy-zaf-2022-q-2026-09-28-md-21765531-period_end,crs-flow-oecd-crs-energy-zaf-2022-q-2026-09-28-md-21765531,period_end,2022,year,2022-01-01,2022-12-31,oecd-crs-energy-zaf-2022-q-2026-09-28-md-21765531,2026-09-28
crs-flow-oecd-crs-energy-zaf-2022-q-2026-09-28-md-21765529-period_start,crs-flow-oecd-crs-energy-zaf-2022-q-2026-09-28-md-21765529,period_start,2022,year,2022-01-01,2022-12-31,oecd-crs-energy-zaf-2022-q-2026-09-28-md-21765529,2026-09-28
crs-flow-oecd-crs-energy-zaf-2022-q-2026-09-28-md-21765529-period_end,crs-flow-oecd-crs-energy-zaf-2022-q-2026-09-28-md-21765529,period_end,2022,year,2022-01-01,2022-12-31,oecd-crs-energy-zaf-2022-q-2026-09-28-md-21765529,2026-09-28
crs-flow-oecd-crs-energy-zaf-2022-q-2026-09-28-md-21265518-period_start,crs-flow-oecd-crs-energy-zaf-2022-q-2026-09-28-md-21265518,period_start,2022,year,2022-01-01,2022-12-31,oecd-crs-energy-zaf-2022-q-2026-09-28-md-21265518,2026-09-28
crs-flow-oecd-crs-energy-zaf-2022-q-2026-09-28-md-21265518-period_end,crs-flow-oecd-crs-energy-zaf-2022-q-2026-09-28-md-21265518,period_end,2022,year,2022-01-01,2022-12-31,oecd-crs-energy-zaf-2022-q-2026-09-28-md-21265518,2026-09-28
crs-flow-oecd-crs-energy-zaf-2022-q-2026-09-28-md-21413584-period_start,crs-flow-oecd-crs-energy-zaf-2022-q-2026-09-28-md-21413584,period_start,2022,year,2022-01-01,2022-12-31,oecd-crs-energy-zaf-2022-q-2026-09-28-md-21413584,2026-09-28
crs-flow-oecd-crs-energy-zaf-2022-q-2026-09-28-md-21413584-period_end,crs-flow-oecd-crs-energy-zaf-2022-q-2026-09-28-md-21413584,period_end,2022,year,2022-01-01,2022-12-31,oecd-crs-energy-zaf-2022-q-2026-09-28-md-21413584,2026-09-28
crs-flow-oecd-crs-energy-zaf-2022-q-2026-09-28-md-21743232-period_start,crs-flow-oecd-crs-energy-zaf-2022-q-2026-09-28-md-21743232,period_start,2022,year,2022-01-01,2022-12-31,oecd-crs-energy-zaf-2022-q-2026-09-28-md-21743232,2026-09-28
crs-flow-oecd-crs-energy-zaf-2022-q-2026-09-28-md-21743232-period_end,crs-flow-oecd-crs-energy-zaf-2022-q-2026-09-28-md-21743232,period_end,2022,year,2022-01-01,2022-12-31,oecd-crs-energy-zaf-2022-q-2026-09-28-md-21743232,2026-09-28
crs-flow-oecd-crs-energy-zaf-2022-q-2026-09-28-md-21743233-period_start,crs-flow-oecd-crs-energy-zaf-2022-q-2026-09-28-md-21743233,period_start,2022,year,2022-01-01,2022-12-31,oecd-crs-energy-zaf-2022-q-2026-09-28-md-21743233,2026-09-28
crs-flow-oecd-crs-energy-zaf-2022-q-2026-09-28-md-21743233-period_end,crs-flow-oecd-crs-energy-zaf-2022-q-2026-09-28-md-21743233,period_end,2022,year,2022-01-01,2022-12-31,oecd-crs-energy-zaf-2022-q-2026-09-28-md-21743233,2026-09-28
crs-flow-oecd-crs-energy-zaf-2022-q-2026-09-28-md-21853577-period_start,crs-flow-oecd-crs-energy-zaf-2022-q-2026-09-28-md-21853577,period_start,2022,year,2022-01-01,2022-12-31,oecd-crs-energy-zaf-2022-q-2026-09-28-md-21853577,2026-09-28
crs-flow-oecd-crs-energy-zaf-2022-q-2026-09-28-md-21853577-period_end,crs-flow-oecd-crs-energy-zaf-2022-q-2026-09-28-md-21853577,period_end,2022,year,2022-01-01,2022-12-31,oecd-crs-energy-zaf-2022-q-2026-09-28-md-21853577,2026-09-28
crs-flow-oecd-crs-energy-zaf-2022-q-2026-09-28-md-21005826-period_start,crs-flow-oecd-crs-energy-zaf-2022-q-2026-09-28-md-21005826,period_start,2022,year,2022-01-01,2022-12-31,oecd-crs-energy-zaf-2022-q-2026-09-28-md-21005826,2026-09-28
crs-flow-oecd-crs-energy-zaf-2022-q-2026-09-28-md-21005826-period_end,crs-flow-oecd-crs-energy-zaf-2022-q-2026-09-28-md-21005826,period_end,2022,year,2022-01-01,2022-12-31,oecd-crs-energy-zaf-2022-q-2026-09-28-md-21005826,2026-09-28
crs-flow-oecd-crs-energy-zaf-2022-q-2026-09-28-md-20959899-period_start,crs-flow-oecd-crs-energy-zaf-2022-q-2026-09-28-md-20959899,period_start,2022,year,2022-01-01,2022-12-31,oecd-crs-energy-zaf-2022-q-2026-09-28-md-20959899,2026-09-28
crs-flow-oecd-crs-energy-zaf-2022-q-2026-09-28-md-20959899-period_end,crs-flow-oecd-crs-energy-zaf-2022-q-2026-09-28-md-20959899,period_end,2022,year,2022-01-01,2022-12-31,oecd-crs-energy-zaf-2022-q-2026-09-28-md-20959899,2026-09-28
crs-flow-oecd-crs-energy-zaf-2022-q-2026-09-28-md-20925134-period_start,crs-flow-oecd-crs-energy-zaf-2022-q-2026-09-28-md-20925134,period_start,2022,year,2022-01-01,2022-12-31,oecd-crs-energy-zaf-2022-q-2026-09-28-md-20925134,2026-09-28
crs-flow-oecd-crs-energy-zaf-2022-q-2026-09-28-md-20925134-period_end,crs-flow-oecd-crs-energy-zaf-2022-q-2026-09-28-md-20925134,period_end,2022,year,2022-01-01,2022-12-31,oecd-crs-energy-zaf-2022-q-2026-09-28-md-20925134,2026-09-28
crs-flow-oecd-crs-energy-zaf-2022-q-2026-09-28-md-20923310-period_start,crs-flow-oecd-crs-energy-zaf-2022-q-2026-09-28-md-20923310,period_start,2022,year,2022-01-01,2022-12-31,oecd-crs-energy-zaf-2022-q-2026-09-28-md-20923310,2026-09-28
crs-flow-oecd-crs-energy-zaf-2022-q-2026-09-28-md-20923310-period_end,crs-flow-oecd-crs-energy-zaf-2022-q-2026-09-28-md-20923310,period_end,2022,year,2022-01-01,2022-12-31,oecd-crs-energy-zaf-2022-q-2026-09-28-md-20923310,2026-09-28
crs-flow-oecd-crs-energy-zaf-2022-q-2026-09-28-md-20923285-period_start,crs-flow-oecd-crs-energy-zaf-2022-q-2026-09-28-md-20923285,period_start,2022,year,2022-01-01,2022-12-31,oecd-crs-energy-zaf-2022-q-2026-09-28-md-20923285,2026-09-28
crs-flow-oecd-crs-energy-zaf-2022-q-2026-09-28-md-20923285-period_end,crs-flow-oecd-crs-energy-zaf-2022-q-2026-09-28-md-20923285,period_end,2022,year,2022-01-01,2022-12-31,oecd-crs-energy-zaf-2022-q-2026-09-28-md-20923285,2026-09-28
crs-flow-oecd-crs-energy-zaf-2022-q-2026-09-28-md-21763687-period_start,crs-flow-oecd-crs-energy-zaf-2022-q-2026-09-28-md-21763687,period_start,2022,year,2022-01-01,2022-12-31,oecd-crs-energy-zaf-2022-q-2026-09-28-md-21763687,2026-09-28
crs-flow-oecd-crs-energy-zaf-2022-q-2026-09-28-md-21763687-period_end,crs-flow-oecd-crs-energy-zaf-2022-q-2026-09-28-md-21763687,period_end,2022,year,2022-01-01,2022-12-31,oecd-crs-energy-zaf-2022-q-2026-09-28-md-21763687,2026-09-28
crs-flow-oecd-crs-energy-zaf-2022-q-2026-09-28-md-21046465-period_start,crs-flow-oecd-crs-energy-zaf-2022-q-2026-09-28-md-21046465,period_start,2022,year,2022-01-01,2022-12-31,oecd-crs-energy-zaf-2022-q-2026-09-28-md-21046465,2026-09-28
crs-flow-oecd-crs-energy-zaf-2022-q-2026-09-28-md-21046465-period_end,crs-flow-oecd-crs-energy-zaf-2022-q-2026-09-28-md-21046465,period_end,2022,year,2022-01-01,2022-12-31,oecd-crs-energy-zaf-2022-q-2026-09-28-md-21046465,2026-09-28
crs-flow-oecd-crs-energy-zaf-2022-q-2026-09-28-md-21048428-period_start,crs-flow-oecd-crs-energy-zaf-2022-q-2026-09-28-md-21048428,period_start,2022,year,2022-01-01,2022-12-31,oecd-crs-energy-zaf-2022-q-2026-09-28-md-21048428,2026-09-28
crs-flow-oecd-crs-energy-zaf-2022-q-2026-09-28-md-21048428-period_end,crs-flow-oecd-crs-energy-zaf-2022-q-2026-09-28-md-21048428,period_end,2022,year,2022-01-01,2022-12-31,oecd-crs-energy-zaf-2022-q-2026-09-28-md-21048428,2026-09-28
crs-flow-oecd-crs-energy-zaf-2022-q-2026-09-28-md-21048463-period_start,crs-flow-oecd-crs-energy-zaf-2022-q-2026-09-28-md-21048463,period_start,2022,year,2022-01-01,2022-12-31,oecd-crs-energy-zaf-2022-q-2026-09-28-md-21048463,2026-09-28
crs-flow-oecd-crs-energy-zaf-2022-q-2026-09-28-md-21048463-period_end,crs-flow-oecd-crs-energy-zaf-2022-q-2026-09-28-md-21048463,period_end,2022,year,2022-01-01,2022-12-31,oecd-crs-energy-zaf-2022-q-2026-09-28-md-21048463,2026-09-28
crs-flow-oecd-crs-energy-zaf-2022-q-2026-09-28-md-21048464-period_start,crs-flow-oecd-crs-energy-zaf-2022-q-2026-09-28-md-21048464,period_start,2022,year,2022-01-01,2022-12-31,oecd-crs-energy-zaf-2022-q-2026-09-28-md-21048464,2026-09-28
crs-flow-oecd-crs-energy-zaf-2022-q-2026-09-28-md-21048464-period_end,crs-flow-oecd-crs-energy-zaf-2022-q-2026-09-28-md-21048464,period_end,2022,year,2022-01-01,2022-12-31,oecd-crs-energy-zaf-2022-q-2026-09-28-md-21048464,2026-09-28
crs-flow-oecd-crs-energy-zaf-2022-q-2026-09-28-md-21048465-period_start,crs-flow-oecd-crs-energy-zaf-2022-q-2026-09-28-md-21048465,period_start,2022,year,2022-01-01,2022-12-31,oecd-crs-energy-zaf-2022-q-2026-09-28-md-21048465,2026-09-28
crs-flow-oecd-crs-energy-zaf-2022-q-2026-09-28-md-21048465-period_end,crs-flow-oecd-crs-energy-zaf-2022-q-2026-09-28-md-21048465,period_end,2022,year,2022-01-01,2022-12-31,oecd-crs-energy-zaf-2022-q-2026-09-28-md-21048465,2026-09-28
crs-flow-oecd-crs-energy-zaf-2022-q-2026-09-28-md-21046441-period_start,crs-flow-oecd-crs-energy-zaf-2022-q-2026-09-28-md-21046441,period_start,2022,year,2022-01-01,2022-12-31,oecd-crs-energy-zaf-2022-q-2026-09-28-md-21046441,2026-09-28
crs-flow-oecd-crs-energy-zaf-2022-q-2026-09-28-md-21046441-period_end,crs-flow-oecd-crs-energy-zaf-2022-q-2026-09-28-md-21046441,period_end,2022,year,2022-01-01,2022-12-31,oecd-crs-energy-zaf-2022-q-2026-09-28-md-21046441,2026-09-28
crs-flow-oecd-crs-energy-zaf-2022-q-2026-09-28-md-20994182-period_start,crs-flow-oecd-crs-energy-zaf-2022-q-2026-09-28-md-20994182,period_start,2022,year,2022-01-01,2022-12-31,oecd-crs-energy-zaf-2022-q-2026-09-28-md-20994182,2026-09-28
crs-flow-oecd-crs-energy-zaf-2022-q-2026-09-28-md-20994182-period_end,crs-flow-oecd-crs-energy-zaf-2022-q-2026-09-28-md-20994182,period_end,2022,year,2022-01-01,2022-12-31,oecd-crs-energy-zaf-2022-q-2026-09-28-md-20994182,2026-09-28
crs-flow-oecd-crs-energy-zaf-2022-q-2026-09-28-md-21403759-period_start,crs-flow-oecd-crs-energy-zaf-2022-q-2026-09-28-md-21403759,period_start,2022,year,2022-01-01,2022-12-31,oecd-crs-energy-zaf-2022-q-2026-09-28-md-21403759,2026-09-28
crs-flow-oecd-crs-energy-zaf-2022-q-2026-09-28-md-21403759-period_end,crs-flow-oecd-crs-energy-zaf-2022-q-2026-09-28-md-21403759,period_end,2022,year,2022-01-01,2022-12-31,oecd-crs-energy-zaf-2022-q-2026-09-28-md-21403759,2026-09-28
crs-flow-oecd-crs-energy-zaf-2022-q-2026-09-28-md-20994826-period_start,crs-flow-oecd-crs-energy-zaf-2022-q-2026-09-28-md-20994826,period_start,2022,year,2022-01-01,2022-12-31,oecd-crs-energy-zaf-2022-q-2026-09-28-md-20994826,2026-09-28
crs-flow-oecd-crs-energy-zaf-2022-q-2026-09-28-md-20994826-period_end,crs-flow-oecd-crs-energy-zaf-2022-q-2026-09-28-md-20994826,period_end,2022,year,2022-01-01,2022-12-31,oecd-crs-energy-zaf-2022-q-2026-09-28-md-20994826,2026-09-28
crs-flow-oecd-crs-energy-zaf-2022-q-2026-09-28-md-20994192-period_start,crs-flow-oecd-crs-energy-zaf-2022-q-2026-09-28-md-20994192,period_start,2022,year,2022-01-01,2022-12-31,oecd-crs-energy-zaf-2022-q-2026-09-28-md-20994192,2026-09-28
crs-flow-oecd-crs-energy-zaf-2022-q-2026-09-28-md-20994192-period_end,crs-flow-oecd-crs-energy-zaf-2022-q-2026-09-28-md-20994192,period_end,2022,year,2022-01-01,2022-12-31,oecd-crs-energy-zaf-2022-q-2026-09-28-md-20994192,2026-09-28
crs-flow-oecd-crs-energy-zaf-2022-q-2026-09-28-md-21404919-period_start,crs-flow-oecd-crs-energy-zaf-2022-q-2026-09-28-md-21404919,period_start,2022,year,2022-01-01,2022-12-31,oecd-crs-energy-zaf-2022-q-2026-09-28-md-21404919,2026-09-28
crs-flow-oecd-crs-energy-zaf-2022-q-2026-09-28-md-21404919-period_end,crs-flow-oecd-crs-energy-zaf-2022-q-2026-09-28-md-21404919,period_end,2022,year,2022-01-01,2022-12-31,oecd-crs-energy-zaf-2022-q-2026-09-28-md-21404919,2026-09-28
crs-flow-oecd-crs-energy-zaf-2022-q-2026-09-28-md-21403749-period_start,crs-flow-oecd-crs-energy-zaf-2022-q-2026-09-28-md-21403749,period_start,2022,year,2022-01-01,2022-12-31,oecd-crs-energy-zaf-2022-q-2026-09-28-md-21403749,2026-09-28
crs-flow-oecd-crs-energy-zaf-2022-q-2026-09-28-md-21403749-period_end,crs-flow-oecd-crs-energy-zaf-2022-q-2026-09-28-md-21403749,period_end,2022,year,2022-01-01,2022-12-31,oecd-crs-energy-zaf-2022-q-2026-09-28-md-21403749,2026-09-28
crs-flow-oecd-crs-energy-zaf-2022-q-2026-09-28-md-21046102-period_start,crs-flow-oecd-crs-energy-zaf-2022-q-2026-09-28-md-21046102,period_start,2022,year,2022-01-01,2022-12-31,oecd-crs-energy-zaf-2022-q-2026-09-28-md-21046102,2026-09-28
crs-flow-oecd-crs-energy-zaf-2022-q-2026-09-28-md-21046102-period_end,crs-flow-oecd-crs-energy-zaf-2022-q-2026-09-28-md-21046102,period_end,2022,year,2022-01-01,2022-12-31,oecd-crs-energy-zaf-2022-q-2026-09-28-md-21046102,2026-09-28
crs-flow-oecd-crs-energy-zaf-2022-q-2026-09-28-md-21384667-period_start,crs-flow-oecd-crs-energy-zaf-2022-q-2026-09-28-md-21384667,period_start,2022,year,2022-01-01,2022-12-31,oecd-crs-energy-zaf-2022-q-2026-09-28-md-21384667,2026-09-28
crs-flow-oecd-crs-energy-zaf-2022-q-2026-09-28-md-21384667-period_end,crs-flow-oecd-crs-energy-zaf-2022-q-2026-09-28-md-21384667,period_end,2022,year,2022-01-01,2022-12-31,oecd-crs-energy-zaf-2022-q-2026-09-28-md-21384667,2026-09-28
crs-flow-oecd-crs-energy-zaf-2022-q-2026-09-28-md-21329218-period_start,crs-flow-oecd-crs-energy-zaf-2022-q-2026-09-28-md-21329218,period_start,2022,year,2022-01-01,2022-12-31,oecd-crs-energy-zaf-2022-q-2026-09-28-md-21329218,2026-09-28
crs-flow-oecd-crs-energy-zaf-2022-q-2026-09-28-md-21329218-period_end,crs-flow-oecd-crs-energy-zaf-2022-q-2026-09-28-md-21329218,period_end,2022,year,2022-01-01,2022-12-31,oecd-crs-energy-zaf-2022-q-2026-09-28-md-21329218,2026-09-28
crs-flow-oecd-crs-energy-zaf-2022-q-2026-09-28-md-21833950-period_start,crs-flow-oecd-crs-energy-zaf-2022-q-2026-09-28-md-21833950,period_start,2022,year,2022-01-01,2022-12-31,oecd-crs-energy-zaf-2022-q-2026-09-28-md-21833950,2026-09-28
crs-flow-oecd-crs-energy-zaf-2022-q-2026-09-28-md-21833950-period_end,crs-flow-oecd-crs-energy-zaf-2022-q-2026-09-28-md-21833950,period_end,2022,year,2022-01-01,2022-12-31,oecd-crs-energy-zaf-2022-q-2026-09-28-md-21833950,2026-09-28
crs-flow-oecd-crs-energy-zaf-2022-q-2026-09-28-md-21314613-period_start,crs-flow-oecd-crs-energy-zaf-2022-q-2026-09-28-md-21314613,period_start,2022,year,2022-01-01,2022-12-31,oecd-crs-energy-zaf-2022-q-2026-09-28-md-21314613,2026-09-28
crs-flow-oecd-crs-energy-zaf-2022-q-2026-09-28-md-21314613-period_end,crs-flow-oecd-crs-energy-zaf-2022-q-2026-09-28-md-21314613,period_end,2022,year,2022-01-01,2022-12-31,oecd-crs-energy-zaf-2022-q-2026-09-28-md-21314613,2026-09-28
crs-flow-oecd-crs-energy-zaf-2022-q-2026-09-28-md-21823783-period_start,crs-flow-oecd-crs-energy-zaf-2022-q-2026-09-28-md-21823783,period_start,2022,year,2022-01-01,2022-12-31,oecd-crs-energy-zaf-2022-q-2026-09-28-md-21823783,2026-09-28
crs-flow-oecd-crs-energy-zaf-2022-q-2026-09-28-md-21823783-period_end,crs-flow-oecd-crs-energy-zaf-2022-q-2026-09-28-md-21823783,period_end,2022,year,2022-01-01,2022-12-31,oecd-crs-energy-zaf-2022-q-2026-09-28-md-21823783,2026-09-28
crs-flow-oecd-crs-energy-zaf-2022-q-2026-09-28-md-21005546-period_start,crs-flow-oecd-crs-energy-zaf-2022-q-2026-09-28-md-21005546,period_start,2022,year,2022-01-01,2022-12-31,oecd-crs-energy-zaf-2022-q-2026-09-28-md-21005546,2026-09-28
crs-flow-oecd-crs-energy-zaf-2022-q-2026-09-28-md-21005546-period_end,crs-flow-oecd-crs-energy-zaf-2022-q-2026-09-28-md-21005546,period_end,2022,year,2022-01-01,2022-12-31,oecd-crs-energy-zaf-2022-q-2026-09-28-md-21005546,2026-09-28
crs-flow-oecd-crs-energy-zaf-2022-q-2026-09-28-md-21271986-period_start,crs-flow-oecd-crs-energy-zaf-2022-q-2026-09-28-md-21271986,period_start,2022,year,2022-01-01,2022-12-31,oecd-crs-energy-zaf-2022-q-2026-09-28-md-21271986,2026-09-28
crs-flow-oecd-crs-energy-zaf-2022-q-2026-09-28-md-21271986-period_end,crs-flow-oecd-crs-energy-zaf-2022-q-2026-09-28-md-21271986,period_end,2022,year,2022-01-01,2022-12-31,oecd-crs-energy-zaf-2022-q-2026-09-28-md-21271986,2026-09-28
crs-flow-oecd-crs-energy-zaf-2022-q-2026-09-28-md-21779455-period_start,crs-flow-oecd-crs-energy-zaf-2022-q-2026-09-28-md-21779455,period_start,2022,year,2022-01-01,2022-12-31,oecd-crs-energy-zaf-2022-q-2026-09-28-md-21779455,2026-09-28
crs-flow-oecd-crs-energy-zaf-2022-q-2026-09-28-md-21779455-period_end,crs-flow-oecd-crs-energy-zaf-2022-q-2026-09-28-md-21779455,period_end,2022,year,2022-01-01,2022-12-31,oecd-crs-energy-zaf-2022-q-2026-09-28-md-21779455,2026-09-28
crs-flow-oecd-crs-energy-zaf-2022-q-2026-09-28-md-20982231-period_start,crs-flow-oecd-crs-energy-zaf-2022-q-2026-09-28-md-20982231,period_start,2022,year,2022-01-01,2022-12-31,oecd-crs-energy-zaf-2022-q-2026-09-28-md-20982231,2026-09-28
crs-flow-oecd-crs-energy-zaf-2022-q-2026-09-28-md-20982231-period_end,crs-flow-oecd-crs-energy-zaf-2022-q-2026-09-28-md-20982231,period_end,2022,year,2022-01-01,2022-12-31,oecd-crs-energy-zaf-2022-q-2026-09-28-md-20982231,2026-09-28
crs-flow-oecd-crs-energy-zaf-2022-q-2026-09-28-md-20982233-period_start,crs-flow-oecd-crs-energy-zaf-2022-q-2026-09-28-md-20982233,period_start,2022,year,2022-01-01,2022-12-31,oecd-crs-energy-zaf-2022-q-2026-09-28-md-20982233,2026-09-28
crs-flow-oecd-crs-energy-zaf-2022-q-2026-09-28-md-20982233-period_end,crs-flow-oecd-crs-energy-zaf-2022-q-2026-09-28-md-20982233,period_end,2022,year,2022-01-01,2022-12-31,oecd-crs-energy-zaf-2022-q-2026-09-28-md-20982233,2026-09-28
crs-flow-oecd-crs-energy-zaf-2022-q-2026-09-28-md-20982640-period_start,crs-flow-oecd-crs-energy-zaf-2022-q-2026-09-28-md-20982640,period_start,2022,year,2022-01-01,2022-12-31,oecd-crs-energy-zaf-2022-q-2026-09-28-md-20982640,2026-09-28
crs-flow-oecd-crs-energy-zaf-2022-q-2026-09-28-md-20982640-period_end,crs-flow-oecd-crs-energy-zaf-2022-q-2026-09-28-md-20982640,period_end,2022,year,2022-01-01,2022-12-31,oecd-crs-energy-zaf-2022-q-2026-09-28-md-20982640,2026-09-28
crs-flow-oecd-crs-energy-zaf-2022-q-2026-09-28-md-20970447-period_start,crs-flow-oecd-crs-energy-zaf-2022-q-2026-09-28-md-20970447,period_start,2022,year,2022-01-01,2022-12-31,oecd-crs-energy-zaf-2022-q-2026-09-28-md-20970447,2026-09-28
crs-flow-oecd-crs-energy-zaf-2022-q-2026-09-28-md-20970447-period_end,crs-flow-oecd-crs-energy-zaf-2022-q-2026-09-28-md-20970447,period_end,2022,year,2022-01-01,2022-12-31,oecd-crs-energy-zaf-2022-q-2026-09-28-md-20970447,2026-09-28
crs-flow-oecd-crs-energy-zaf-2022-q-2026-09-28-md-20962323-period_start,crs-flow-oecd-crs-energy-zaf-2022-q-2026-09-28-md-20962323,period_start,2022,year,2022-01-01,2022-12-31,oecd-crs-energy-zaf-2022-q-2026-09-28-md-20962323,2026-09-28
crs-flow-oecd-crs-energy-zaf-2022-q-2026-09-28-md-20962323-period_end,crs-flow-oecd-crs-energy-zaf-2022-q-2026-09-28-md-20962323,period_end,2022,year,2022-01-01,2022-12-31,oecd-crs-energy-zaf-2022-q-2026-09-28-md-20962323,2026-09-28
crs-flow-oecd-crs-energy-zaf-2022-q-2026-09-28-md-20970446-period_start,crs-flow-oecd-crs-energy-zaf-2022-q-2026-09-28-md-20970446,period_start,2022,year,2022-01-01,2022-12-31,oecd-crs-energy-zaf-2022-q-2026-09-28-md-20970446,2026-09-28
crs-flow-oecd-crs-energy-zaf-2022-q-2026-09-28-md-20970446-period_end,crs-flow-oecd-crs-energy-zaf-2022-q-2026-09-28-md-20970446,period_end,2022,year,2022-01-01,2022-12-31,oecd-crs-energy-zaf-2022-q-2026-09-28-md-20970446,2026-09-28
crs-flow-oecd-crs-energy-zaf-2022-q-2026-09-28-md-20977399-period_start,crs-flow-oecd-crs-energy-zaf-2022-q-2026-09-28-md-20977399,period_start,2022,year,2022-01-01,2022-12-31,oecd-crs-energy-zaf-2022-q-2026-09-28-md-20977399,2026-09-28
crs-flow-oecd-crs-energy-zaf-2022-q-2026-09-28-md-20977399-period_end,crs-flow-oecd-crs-energy-zaf-2022-q-2026-09-28-md-20977399,period_end,2022,year,2022-01-01,2022-12-31,oecd-crs-energy-zaf-2022-q-2026-09-28-md-20977399,2026-09-28
crs-flow-oecd-crs-energy-zaf-2022-q-2026-09-28-md-20965345-period_start,crs-flow-oecd-crs-energy-zaf-2022-q-2026-09-28-md-20965345,period_start,2022,year,2022-01-01,2022-12-31,oecd-crs-energy-zaf-2022-q-2026-09-28-md-20965345,2026-09-28
crs-flow-oecd-crs-energy-zaf-2022-q-2026-09-28-md-20965345-period_end,crs-flow-oecd-crs-energy-zaf-2022-q-2026-09-28-md-20965345,period_end,2022,year,2022-01-01,2022-12-31,oecd-crs-energy-zaf-2022-q-2026-09-28-md-20965345,2026-09-28
crs-flow-oecd-crs-energy-zaf-2022-q-2026-09-28-md-20961212-period_start,crs-flow-oecd-crs-energy-zaf-2022-q-2026-09-28-md-20961212,period_start,2022,year,2022-01-01,2022-12-31,oecd-crs-energy-zaf-2022-q-2026-09-28-md-20961212,2026-09-28
crs-flow-oecd-crs-energy-zaf-2022-q-2026-09-28-md-20961212-period_end,crs-flow-oecd-crs-energy-zaf-2022-q-2026-09-28-md-20961212,period_end,2022,year,2022-01-01,2022-12-31,oecd-crs-energy-zaf-2022-q-2026-09-28-md-20961212,2026-09-28
crs-flow-oecd-crs-energy-zaf-2022-q-2026-09-28-md-21389621-period_start,crs-flow-oecd-crs-energy-zaf-2022-q-2026-09-28-md-21389621,period_start,2022,year,2022-01-01,2022-12-31,oecd-crs-energy-zaf-2022-q-2026-09-28-md-21389621,2026-09-28
crs-flow-oecd-crs-energy-zaf-2022-q-2026-09-28-md-21389621-period_end,crs-flow-oecd-crs-energy-zaf-2022-q-2026-09-28-md-21389621,period_end,2022,year,2022-01-01,2022-12-31,oecd-crs-energy-zaf-2022-q-2026-09-28-md-21389621,2026-09-28
crs-flow-oecd-crs-energy-zaf-2022-q-2026-09-28-md-21389622-period_start,crs-flow-oecd-crs-energy-zaf-2022-q-2026-09-28-md-21389622,period_start,2022,year,2022-01-01,2022-12-31,oecd-crs-energy-zaf-2022-q-2026-09-28-md-21389622,2026-09-28
crs-flow-oecd-crs-energy-zaf-2022-q-2026-09-28-md-21389622-period_end,crs-flow-oecd-crs-energy-zaf-2022-q-2026-09-28-md-21389622,period_end,2022,year,2022-01-01,2022-12-31,oecd-crs-energy-zaf-2022-q-2026-09-28-md-21389622,2026-09-28
crs-flow-oecd-crs-energy-zaf-2022-q-2026-09-28-md-21440389-period_start,crs-flow-oecd-crs-energy-zaf-2022-q-2026-09-28-md-21440389,period_start,2022,year,2022-01-01,2022-12-31,oecd-crs-energy-zaf-2022-q-2026-09-28-md-21440389,2026-09-28
crs-flow-oecd-crs-energy-zaf-2022-q-2026-09-28-md-21440389-period_end,crs-flow-oecd-crs-energy-zaf-2022-q-2026-09-28-md-21440389,period_end,2022,year,2022-01-01,2022-12-31,oecd-crs-energy-zaf-2022-q-2026-09-28-md-21440389,2026-09-28
crs-flow-oecd-crs-energy-zaf-2022-q-2026-09-28-md-21046008-period_start,crs-flow-oecd-crs-energy-zaf-2022-q-2026-09-28-md-21046008,period_start,2022,year,2022-01-01,2022-12-31,oecd-crs-energy-zaf-2022-q-2026-09-28-md-21046008,2026-09-28
crs-flow-oecd-crs-energy-zaf-2022-q-2026-09-28-md-21046008-period_end,crs-flow-oecd-crs-energy-zaf-2022-q-2026-09-28-md-21046008,period_end,2022,year,2022-01-01,2022-12-31,oecd-crs-energy-zaf-2022-q-2026-09-28-md-21046008,2026-09-28
crs-flow-oecd-crs-energy-zaf-2022-q-2026-09-28-md-21440388-period_start,crs-flow-oecd-crs-energy-zaf-2022-q-2026-09-28-md-21440388,period_start,2022,year,2022-01-01,2022-12-31,oecd-crs-energy-zaf-2022-q-2026-09-28-md-21440388,2026-09-28
crs-flow-oecd-crs-energy-zaf-2022-q-2026-09-28-md-21440388-period_end,crs-flow-oecd-crs-energy-zaf-2022-q-2026-09-28-md-21440388,period_end,2022,year,2022-01-01,2022-12-31,oecd-crs-energy-zaf-2022-q-2026-09-28-md-21440388,2026-09-28
crs-flow-oecd-crs-energy-zaf-2022-q-2026-09-28-md-21046005-period_start,crs-flow-oecd-crs-energy-zaf-2022-q-2026-09-28-md-21046005,period_start,2022,year,2022-01-01,2022-12-31,oecd-crs-energy-zaf-2022-q-2026-09-28-md-21046005,2026-09-28
crs-flow-oecd-crs-energy-zaf-2022-q-2026-09-28-md-21046005-period_end,crs-flow-oecd-crs-energy-zaf-2022-q-2026-09-28-md-21046005,period_end,2022,year,2022-01-01,2022-12-31,oecd-crs-energy-zaf-2022-q-2026-09-28-md-21046005,2026-09-28
crs-flow-oecd-crs-energy-zaf-2022-q-2026-09-28-md-21440381-period_start,crs-flow-oecd-crs-energy-zaf-2022-q-2026-09-28-md-21440381,period_start,2022,year,2022-01-01,2022-12-31,oecd-crs-energy-zaf-2022-q-2026-09-28-md-21440381,2026-09-28
crs-flow-oecd-crs-energy-zaf-2022-q-2026-09-28-md-21440381-period_end,crs-flow-oecd-crs-energy-zaf-2022-q-2026-09-28-md-21440381,period_end,2022,year,2022-01-01,2022-12-31,oecd-crs-energy-zaf-2022-q-2026-09-28-md-21440381,2026-09-28
crs-flow-oecd-crs-energy-zaf-2022-q-2026-09-28-md-21440385-period_start,crs-flow-oecd-crs-energy-zaf-2022-q-2026-09-28-md-21440385,period_start,2022,year,2022-01-01,2022-12-31,oecd-crs-energy-zaf-2022-q-2026-09-28-md-21440385,2026-09-28
crs-flow-oecd-crs-energy-zaf-2022-q-2026-09-28-md-21440385-period_end,crs-flow-oecd-crs-energy-zaf-2022-q-2026-09-28-md-21440385,period_end,2022,year,2022-01-01,2022-12-31,oecd-crs-energy-zaf-2022-q-2026-09-28-md-21440385,2026-09-28
crs-flow-oecd-crs-energy-zaf-2022-q-2026-09-28-md-21046002-period_start,crs-flow-oecd-crs-energy-zaf-2022-q-2026-09-28-md-21046002,period_start,2022,year,2022-01-01,2022-12-31,oecd-crs-energy-zaf-2022-q-2026-09-28-md-21046002,2026-09-28
crs-flow-oecd-crs-energy-zaf-2022-q-2026-09-28-md-21046002-period_end,crs-flow-oecd-crs-energy-zaf-2022-q-2026-09-28-md-21046002,period_end,2022,year,2022-01-01,2022-12-31,oecd-crs-energy-zaf-2022-q-2026-09-28-md-21046002,2026-09-28
crs-flow-oecd-crs-energy-zaf-2022-q-2026-09-28-md-21440387-period_start,crs-flow-oecd-crs-energy-zaf-2022-q-2026-09-28-md-21440387,period_start,2022,year,2022-01-01,2022-12-31,oecd-crs-energy-zaf-2022-q-2026-09-28-md-21440387,2026-09-28
crs-flow-oecd-crs-energy-zaf-2022-q-2026-09-28-md-21440387-period_end,crs-flow-oecd-crs-energy-zaf-2022-q-2026-09-28-md-21440387,period_end,2022,year,2022-01-01,2022-12-31,oecd-crs-energy-zaf-2022-q-2026-09-28-md-21440387,2026-09-28
crs-flow-oecd-crs-energy-zaf-2022-q-2026-09-28-md-21440382-period_start,crs-flow-oecd-crs-energy-zaf-2022-q-2026-09-28-md-21440382,period_start,2022,year,2022-01-01,2022-12-31,oecd-crs-energy-zaf-2022-q-2026-09-28-md-21440382,2026-09-28
crs-flow-oecd-crs-energy-zaf-2022-q-2026-09-28-md-21440382-period_end,crs-flow-oecd-crs-energy-zaf-2022-q-2026-09-28-md-21440382,period_end,2022,year,2022-01-01,2022-12-31,oecd-crs-energy-zaf-2022-q-2026-09-28-md-21440382,2026-09-28
crs-flow-oecd-crs-energy-zaf-2022-q-2026-09-28-md-21440383-period_start,crs-flow-oecd-crs-energy-zaf-2022-q-2026-09-28-md-21440383,period_start,2022,year,2022-01-01,2022-12-31,oecd-crs-energy-zaf-2022-q-2026-09-28-md-21440383,2026-09-28
crs-flow-oecd-crs-energy-zaf-2022-q-2026-09-28-md-21440383-period_end,crs-flow-oecd-crs-energy-zaf-2022-q-2026-09-28-md-21440383,period_end,2022,year,2022-01-01,2022-12-31,oecd-crs-energy-zaf-2022-q-2026-09-28-md-21440383,2026-09-28
crs-flow-oecd-crs-energy-zaf-2022-q-2026-09-28-md-21046009-period_start,crs-flow-oecd-crs-energy-zaf-2022-q-2026-09-28-md-21046009,period_start,2022,year,2022-01-01,2022-12-31,oecd-crs-energy-zaf-2022-q-2026-09-28-md-21046009,2026-09-28
crs-flow-oecd-crs-energy-zaf-2022-q-2026-09-28-md-21046009-period_end,crs-flow-oecd-crs-energy-zaf-2022-q-2026-09-28-md-21046009,period_end,2022,year,2022-01-01,2022-12-31,oecd-crs-energy-zaf-2022-q-2026-09-28-md-21046009,2026-09-28
crs-flow-oecd-crs-energy-zaf-2022-q-2026-09-28-md-21046004-period_start,crs-flow-oecd-crs-energy-zaf-2022-q-2026-09-28-md-21046004,period_start,2022,year,2022-01-01,2022-12-31,oecd-crs-energy-zaf-2022-q-2026-09-28-md-21046004,2026-09-28
crs-flow-oecd-crs-energy-zaf-2022-q-2026-09-28-md-21046004-period_end,crs-flow-oecd-crs-energy-zaf-2022-q-2026-09-28-md-21046004,period_end,2022,year,2022-01-01,2022-12-31,oecd-crs-energy-zaf-2022-q-2026-09-28-md-21046004,2026-09-28
crs-flow-oecd-crs-energy-zaf-2022-q-2026-09-28-md-21440386-period_start,crs-flow-oecd-crs-energy-zaf-2022-q-2026-09-28-md-21440386,period_start,2022,year,2022-01-01,2022-12-31,oecd-crs-energy-zaf-2022-q-2026-09-28-md-21440386,2026-09-28
crs-flow-oecd-crs-energy-zaf-2022-q-2026-09-28-md-21440386-period_end,crs-flow-oecd-crs-energy-zaf-2022-q-2026-09-28-md-21440386,period_end,2022,year,2022-01-01,2022-12-31,oecd-crs-energy-zaf-2022-q-2026-09-28-md-21440386,2026-09-28
crs-flow-oecd-crs-energy-zaf-2022-q-2026-09-28-md-21046003-period_start,crs-flow-oecd-crs-energy-zaf-2022-q-2026-09-28-md-21046003,period_start,2022,year,2022-01-01,2022-12-31,oecd-crs-energy-zaf-2022-q-2026-09-28-md-21046003,2026-09-28
crs-flow-oecd-crs-energy-zaf-2022-q-2026-09-28-md-21046003-period_end,crs-flow-oecd-crs-energy-zaf-2022-q-2026-09-28-md-21046003,period_end,2022,year,2022-01-01,2022-12-31,oecd-crs-energy-zaf-2022-q-2026-09-28-md-21046003,2026-09-28
crs-flow-oecd-crs-energy-zaf-2022-q-2026-09-28-md-21046010-period_start,crs-flow-oecd-crs-energy-zaf-2022-q-2026-09-28-md-21046010,period_start,2022,year,2022-01-01,2022-12-31,oecd-crs-energy-zaf-2022-q-2026-09-28-md-21046010,2026-09-28
crs-flow-oecd-crs-energy-zaf-2022-q-2026-09-28-md-21046010-period_end,crs-flow-oecd-crs-energy-zaf-2022-q-2026-09-28-md-21046010,period_end,2022,year,2022-01-01,2022-12-31,oecd-crs-energy-zaf-2022-q-2026-09-28-md-21046010,2026-09-28
crs-flow-oecd-crs-energy-zaf-2022-q-2026-09-28-md-21046007-period_start,crs-flow-oecd-crs-energy-zaf-2022-q-2026-09-28-md-21046007,period_start,2022,year,2022-01-01,2022-12-31,oecd-crs-energy-zaf-2022-q-2026-09-28-md-21046007,2026-09-28
crs-flow-oecd-crs-energy-zaf-2022-q-2026-09-28-md-21046007-period_end,crs-flow-oecd-crs-energy-zaf-2022-q-2026-09-28-md-21046007,period_end,2022,year,2022-01-01,2022-12-31,oecd-crs-energy-zaf-2022-q-2026-09-28-md-21046007,2026-09-28
crs-flow-oecd-crs-energy-zaf-2022-q-2026-09-28-md-21046006-period_start,crs-flow-oecd-crs-energy-zaf-2022-q-2026-09-28-md-21046006,period_start,2022,year,2022-01-01,2022-12-31,oecd-crs-energy-zaf-2022-q-2026-09-28-md-21046006,2026-09-28
crs-flow-oecd-crs-energy-zaf-2022-q-2026-09-28-md-21046006-period_end,crs-flow-oecd-crs-energy-zaf-2022-q-2026-09-28-md-21046006,period_end,2022,year,2022-01-01,2022-12-31,oecd-crs-energy-zaf-2022-q-2026-09-28-md-21046006,2026-09-28
crs-flow-oecd-crs-energy-zaf-2022-q-2026-09-28-md-21046011-period_start,crs-flow-oecd-crs-energy-zaf-2022-q-2026-09-28-md-21046011,period_start,2022,year,2022-01-01,2022-12-31,oecd-crs-energy-zaf-2022-q-2026-09-28-md-21046011,2026-09-28
crs-flow-oecd-crs-energy-zaf-2022-q-2026-09-28-md-21046011-period_end,crs-flow-oecd-crs-energy-zaf-2022-q-2026-09-28-md-21046011,period_end,2022,year,2022-01-01,2022-12-31,oecd-crs-energy-zaf-2022-q-2026-09-28-md-21046011,2026-09-28
crs-flow-oecd-crs-energy-zaf-2022-q-2026-09-28-md-21440380-period_start,crs-flow-oecd-crs-energy-zaf-2022-q-2026-09-28-md-21440380,period_start,2022,year,2022-01-01,2022-12-31,oecd-crs-energy-zaf-2022-q-2026-09-28-md-21440380,2026-09-28
crs-flow-oecd-crs-energy-zaf-2022-q-2026-09-28-md-21440380-period_end,crs-flow-oecd-crs-energy-zaf-2022-q-2026-09-28-md-21440380,period_end,2022,year,2022-01-01,2022-12-31,oecd-crs-energy-zaf-2022-q-2026-09-28-md-21440380,2026-09-28
crs-flow-oecd-crs-energy-zaf-2022-q-2026-09-28-md-21440384-period_start,crs-flow-oecd-crs-energy-zaf-2022-q-2026-09-28-md-21440384,period_start,2022,year,2022-01-01,2022-12-31,oecd-crs-energy-zaf-2022-q-2026-09-28-md-21440384,2026-09-28
crs-flow-oecd-crs-energy-zaf-2022-q-2026-09-28-md-21440384-period_end,crs-flow-oecd-crs-energy-zaf-2022-q-2026-09-28-md-21440384,period_end,2022,year,2022-01-01,2022-12-31,oecd-crs-energy-zaf-2022-q-2026-09-28-md-21440384,2026-09-28
crs-flow-oecd-crs-energy-zaf-2022-q-2026-09-28-md-21386540-period_start,crs-flow-oecd-crs-energy-zaf-2022-q-2026-09-28-md-21386540,period_start,2022,year,2022-01-01,2022-12-31,oecd-crs-energy-zaf-2022-q-2026-09-28-md-21386540,2026-09-28
crs-flow-oecd-crs-energy-zaf-2022-q-2026-09-28-md-21386540-period_end,crs-flow-oecd-crs-energy-zaf-2022-q-2026-09-28-md-21386540,period_end,2022,year,2022-01-01,2022-12-31,oecd-crs-energy-zaf-2022-q-2026-09-28-md-21386540,2026-09-28
crs-flow-oecd-crs-energy-zaf-2022-q-2026-09-28-md-21389398-period_start,crs-flow-oecd-crs-energy-zaf-2022-q-2026-09-28-md-21389398,period_start,2022,year,2022-01-01,2022-12-31,oecd-crs-energy-zaf-2022-q-2026-09-28-md-21389398,2026-09-28
crs-flow-oecd-crs-energy-zaf-2022-q-2026-09-28-md-21389398-period_end,crs-flow-oecd-crs-energy-zaf-2022-q-2026-09-28-md-21389398,period_end,2022,year,2022-01-01,2022-12-31,oecd-crs-energy-zaf-2022-q-2026-09-28-md-21389398,2026-09-28
crs-flow-oecd-crs-energy-zaf-2022-q-2026-09-28-md-21388317-period_start,crs-flow-oecd-crs-energy-zaf-2022-q-2026-09-28-md-21388317,period_start,2022,year,2022-01-01,2022-12-31,oecd-crs-energy-zaf-2022-q-2026-09-28-md-21388317,2026-09-28
crs-flow-oecd-crs-energy-zaf-2022-q-2026-09-28-md-21388317-period_end,crs-flow-oecd-crs-energy-zaf-2022-q-2026-09-28-md-21388317,period_end,2022,year,2022-01-01,2022-12-31,oecd-crs-energy-zaf-2022-q-2026-09-28-md-21388317,2026-09-28
crs-flow-oecd-crs-energy-zaf-2022-q-2026-09-28-md-20970812-period_start,crs-flow-oecd-crs-energy-zaf-2022-q-2026-09-28-md-20970812,period_start,2022,year,2022-01-01,2022-12-31,oecd-crs-energy-zaf-2022-q-2026-09-28-md-20970812,2026-09-28
crs-flow-oecd-crs-energy-zaf-2022-q-2026-09-28-md-20970812-period_end,crs-flow-oecd-crs-energy-zaf-2022-q-2026-09-28-md-20970812,period_end,2022,year,2022-01-01,2022-12-31,oecd-crs-energy-zaf-2022-q-2026-09-28-md-20970812,2026-09-28
crs-flow-oecd-crs-energy-zaf-2022-q-2026-09-28-md-20970813-period_start,crs-flow-oecd-crs-energy-zaf-2022-q-2026-09-28-md-20970813,period_start,2022,year,2022-01-01,2022-12-31,oecd-crs-energy-zaf-2022-q-2026-09-28-md-20970813,2026-09-28
crs-flow-oecd-crs-energy-zaf-2022-q-2026-09-28-md-20970813-period_end,crs-flow-oecd-crs-energy-zaf-2022-q-2026-09-28-md-20970813,period_end,2022,year,2022-01-01,2022-12-31,oecd-crs-energy-zaf-2022-q-2026-09-28-md-20970813,2026-09-28
crs-flow-oecd-crs-energy-zaf-2022-q-2026-09-28-md-21390517-period_start,crs-flow-oecd-crs-energy-zaf-2022-q-2026-09-28-md-21390517,period_start,2022,year,2022-01-01,2022-12-31,oecd-crs-energy-zaf-2022-q-2026-09-28-md-21390517,2026-09-28
crs-flow-oecd-crs-energy-zaf-2022-q-2026-09-28-md-21390517-period_end,crs-flow-oecd-crs-energy-zaf-2022-q-2026-09-28-md-21390517,period_end,2022,year,2022-01-01,2022-12-31,oecd-crs-energy-zaf-2022-q-2026-09-28-md-21390517,2026-09-28
crs-flow-oecd-crs-energy-zaf-2022-q-2026-09-28-md-21390516-period_start,crs-flow-oecd-crs-energy-zaf-2022-q-2026-09-28-md-21390516,period_start,2022,year,2022-01-01,2022-12-31,oecd-crs-energy-zaf-2022-q-2026-09-28-md-21390516,2026-09-28
crs-flow-oecd-crs-energy-zaf-2022-q-2026-09-28-md-21390516-period_end,crs-flow-oecd-crs-energy-zaf-2022-q-2026-09-28-md-21390516,period_end,2022,year,2022-01-01,2022-12-31,oecd-crs-energy-zaf-2022-q-2026-09-28-md-21390516,2026-09-28
crs-flow-oecd-crs-energy-zaf-2022-q-2026-09-28-md-21390514-period_start,crs-flow-oecd-crs-energy-zaf-2022-q-2026-09-28-md-21390514,period_start,2022,year,2022-01-01,2022-12-31,oecd-crs-energy-zaf-2022-q-2026-09-28-md-21390514,2026-09-28
crs-flow-oecd-crs-energy-zaf-2022-q-2026-09-28-md-21390514-period_end,crs-flow-oecd-crs-energy-zaf-2022-q-2026-09-28-md-21390514,period_end,2022,year,2022-01-01,2022-12-31,oecd-crs-energy-zaf-2022-q-2026-09-28-md-21390514,2026-09-28
crs-flow-oecd-crs-energy-zaf-2022-q-2026-09-28-md-20970837-period_start,crs-flow-oecd-crs-energy-zaf-2022-q-2026-09-28-md-20970837,period_start,2022,year,2022-01-01,2022-12-31,oecd-crs-energy-zaf-2022-q-2026-09-28-md-20970837,2026-09-28
crs-flow-oecd-crs-energy-zaf-2022-q-2026-09-28-md-20970837-period_end,crs-flow-oecd-crs-energy-zaf-2022-q-2026-09-28-md-20970837,period_end,2022,year,2022-01-01,2022-12-31,oecd-crs-energy-zaf-2022-q-2026-09-28-md-20970837,2026-09-28
crs-flow-oecd-crs-energy-zaf-2022-q-2026-09-28-md-21390542-period_start,crs-flow-oecd-crs-energy-zaf-2022-q-2026-09-28-md-21390542,period_start,2022,year,2022-01-01,2022-12-31,oecd-crs-energy-zaf-2022-q-2026-09-28-md-21390542,2026-09-28
crs-flow-oecd-crs-energy-zaf-2022-q-2026-09-28-md-21390542-period_end,crs-flow-oecd-crs-energy-zaf-2022-q-2026-09-28-md-21390542,period_end,2022,year,2022-01-01,2022-12-31,oecd-crs-energy-zaf-2022-q-2026-09-28-md-21390542,2026-09-28
crs-flow-oecd-crs-energy-zaf-2022-q-2026-09-28-md-21390515-period_start,crs-flow-oecd-crs-energy-zaf-2022-q-2026-09-28-md-21390515,period_start,2022,year,2022-01-01,2022-12-31,oecd-crs-energy-zaf-2022-q-2026-09-28-md-21390515,2026-09-28
crs-flow-oecd-crs-energy-zaf-2022-q-2026-09-28-md-21390515-period_end,crs-flow-oecd-crs-energy-zaf-2022-q-2026-09-28-md-21390515,period_end,2022,year,2022-01-01,2022-12-31,oecd-crs-energy-zaf-2022-q-2026-09-28-md-21390515,2026-09-28
crs-flow-oecd-crs-energy-zaf-2022-q-2026-09-28-md-20970809-period_start,crs-flow-oecd-crs-energy-zaf-2022-q-2026-09-28-md-20970809,period_start,2022,year,2022-01-01,2022-12-31,oecd-crs-energy-zaf-2022-q-2026-09-28-md-20970809,2026-09-28
crs-flow-oecd-crs-energy-zaf-2022-q-2026-09-28-md-20970809-period_end,crs-flow-oecd-crs-energy-zaf-2022-q-2026-09-28-md-20970809,period_end,2022,year,2022-01-01,2022-12-31,oecd-crs-energy-zaf-2022-q-2026-09-28-md-20970809,2026-09-28
crs-flow-oecd-crs-energy-zaf-2022-q-2026-09-28-md-21390513-period_start,crs-flow-oecd-crs-energy-zaf-2022-q-2026-09-28-md-21390513,period_start,2022,year,2022-01-01,2022-12-31,oecd-crs-energy-zaf-2022-q-2026-09-28-md-21390513,2026-09-28
crs-flow-oecd-crs-energy-zaf-2022-q-2026-09-28-md-21390513-period_end,crs-flow-oecd-crs-energy-zaf-2022-q-2026-09-28-md-21390513,period_end,2022,year,2022-01-01,2022-12-31,oecd-crs-energy-zaf-2022-q-2026-09-28-md-21390513,2026-09-28
crs-flow-oecd-crs-energy-zaf-2022-q-2026-09-28-md-21390541-period_start,crs-flow-oecd-crs-energy-zaf-2022-q-2026-09-28-md-21390541,period_start,2022,year,2022-01-01,2022-12-31,oecd-crs-energy-zaf-2022-q-2026-09-28-md-21390541,2026-09-28
crs-flow-oecd-crs-energy-zaf-2022-q-2026-09-28-md-21390541-period_end,crs-flow-oecd-crs-energy-zaf-2022-q-2026-09-28-md-21390541,period_end,2022,year,2022-01-01,2022-12-31,oecd-crs-energy-zaf-2022-q-2026-09-28-md-21390541,2026-09-28
crs-flow-oecd-crs-energy-zaf-2022-q-2026-09-28-md-20970814-period_start,crs-flow-oecd-crs-energy-zaf-2022-q-2026-09-28-md-20970814,period_start,2022,year,2022-01-01,2022-12-31,oecd-crs-energy-zaf-2022-q-2026-09-28-md-20970814,2026-09-28
crs-flow-oecd-crs-energy-zaf-2022-q-2026-09-28-md-20970814-period_end,crs-flow-oecd-crs-energy-zaf-2022-q-2026-09-28-md-20970814,period_end,2022,year,2022-01-01,2022-12-31,oecd-crs-energy-zaf-2022-q-2026-09-28-md-20970814,2026-09-28
crs-flow-oecd-crs-energy-zaf-2022-q-2026-09-28-md-20970811-period_start,crs-flow-oecd-crs-energy-zaf-2022-q-2026-09-28-md-20970811,period_start,2022,year,2022-01-01,2022-12-31,oecd-crs-energy-zaf-2022-q-2026-09-28-md-20970811,2026-09-28
crs-flow-oecd-crs-energy-zaf-2022-q-2026-09-28-md-20970811-period_end,crs-flow-oecd-crs-energy-zaf-2022-q-2026-09-28-md-20970811,period_end,2022,year,2022-01-01,2022-12-31,oecd-crs-energy-zaf-2022-q-2026-09-28-md-20970811,2026-09-28
crs-flow-oecd-crs-energy-zaf-2022-q-2026-09-28-md-21390518-period_start,crs-flow-oecd-crs-energy-zaf-2022-q-2026-09-28-md-21390518,period_start,2022,year,2022-01-01,2022-12-31,oecd-crs-energy-zaf-2022-q-2026-09-28-md-21390518,2026-09-28
crs-flow-oecd-crs-energy-zaf-2022-q-2026-09-28-md-21390518-period_end,crs-flow-oecd-crs-energy-zaf-2022-q-2026-09-28-md-21390518,period_end,2022,year,2022-01-01,2022-12-31,oecd-crs-energy-zaf-2022-q-2026-09-28-md-21390518,2026-09-28
crs-flow-oecd-crs-energy-zaf-2022-q-2026-09-28-md-20970810-period_start,crs-flow-oecd-crs-energy-zaf-2022-q-2026-09-28-md-20970810,period_start,2022,year,2022-01-01,2022-12-31,oecd-crs-energy-zaf-2022-q-2026-09-28-md-20970810,2026-09-28
crs-flow-oecd-crs-energy-zaf-2022-q-2026-09-28-md-20970810-period_end,crs-flow-oecd-crs-energy-zaf-2022-q-2026-09-28-md-20970810,period_end,2022,year,2022-01-01,2022-12-31,oecd-crs-energy-zaf-2022-q-2026-09-28-md-20970810,2026-09-28
crs-flow-oecd-crs-energy-zaf-2022-q-2026-09-28-md-21296855-period_start,crs-flow-oecd-crs-energy-zaf-2022-q-2026-09-28-md-21296855,period_start,2022,year,2022-01-01,2022-12-31,oecd-crs-energy-zaf-2022-q-2026-09-28-md-21296855,2026-09-28
crs-flow-oecd-crs-energy-zaf-2022-q-2026-09-28-md-21296855-period_end,crs-flow-oecd-crs-energy-zaf-2022-q-2026-09-28-md-21296855,period_end,2022,year,2022-01-01,2022-12-31,oecd-crs-energy-zaf-2022-q-2026-09-28-md-21296855,2026-09-28
crs-flow-oecd-crs-energy-zaf-2022-q-2026-09-28-md-21801550-period_start,crs-flow-oecd-crs-energy-zaf-2022-q-2026-09-28-md-21801550,period_start,2022,year,2022-01-01,2022-12-31,oecd-crs-energy-zaf-2022-q-2026-09-28-md-21801550,2026-09-28
crs-flow-oecd-crs-energy-zaf-2022-q-2026-09-28-md-21801550-period_end,crs-flow-oecd-crs-energy-zaf-2022-q-2026-09-28-md-21801550,period_end,2022,year,2022-01-01,2022-12-31,oecd-crs-energy-zaf-2022-q-2026-09-28-md-21801550,2026-09-28
crs-flow-oecd-crs-energy-zaf-2022-q-2026-09-28-md-21296504-period_start,crs-flow-oecd-crs-energy-zaf-2022-q-2026-09-28-md-21296504,period_start,2022,year,2022-01-01,2022-12-31,oecd-crs-energy-zaf-2022-q-2026-09-28-md-21296504,2026-09-28
crs-flow-oecd-crs-energy-zaf-2022-q-2026-09-28-md-21296504-period_end,crs-flow-oecd-crs-energy-zaf-2022-q-2026-09-28-md-21296504,period_end,2022,year,2022-01-01,2022-12-31,oecd-crs-energy-zaf-2022-q-2026-09-28-md-21296504,2026-09-28
crs-flow-oecd-crs-energy-zaf-2022-q-2026-09-28-md-21012747-period_start,crs-flow-oecd-crs-energy-zaf-2022-q-2026-09-28-md-21012747,period_start,2022,year,2022-01-01,2022-12-31,oecd-crs-energy-zaf-2022-q-2026-09-28-md-21012747,2026-09-28
crs-flow-oecd-crs-energy-zaf-2022-q-2026-09-28-md-21012747-period_end,crs-flow-oecd-crs-energy-zaf-2022-q-2026-09-28-md-21012747,period_end,2022,year,2022-01-01,2022-12-31,oecd-crs-energy-zaf-2022-q-2026-09-28-md-21012747,2026-09-28
crs-flow-oecd-crs-energy-zaf-2022-q-2026-09-28-md-21851776-period_start,crs-flow-oecd-crs-energy-zaf-2022-q-2026-09-28-md-21851776,period_start,2022,year,2022-01-01,2022-12-31,oecd-crs-energy-zaf-2022-q-2026-09-28-md-21851776,2026-09-28
crs-flow-oecd-crs-energy-zaf-2022-q-2026-09-28-md-21851776-period_end,crs-flow-oecd-crs-energy-zaf-2022-q-2026-09-28-md-21851776,period_end,2022,year,2022-01-01,2022-12-31,oecd-crs-energy-zaf-2022-q-2026-09-28-md-21851776,2026-09-28
crs-flow-oecd-crs-energy-zaf-2022-q-2026-09-28-md-21336302-period_start,crs-flow-oecd-crs-energy-zaf-2022-q-2026-09-28-md-21336302,period_start,2022,year,2022-01-01,2022-12-31,oecd-crs-energy-zaf-2022-q-2026-09-28-md-21336302,2026-09-28
crs-flow-oecd-crs-energy-zaf-2022-q-2026-09-28-md-21336302-period_end,crs-flow-oecd-crs-energy-zaf-2022-q-2026-09-28-md-21336302,period_end,2022,year,2022-01-01,2022-12-31,oecd-crs-energy-zaf-2022-q-2026-09-28-md-21336302,2026-09-28
crs-flow-oecd-crs-energy-zaf-2022-q-2026-09-28-md-21312786-period_start,crs-flow-oecd-crs-energy-zaf-2022-q-2026-09-28-md-21312786,period_start,2022,year,2022-01-01,2022-12-31,oecd-crs-energy-zaf-2022-q-2026-09-28-md-21312786,2026-09-28
crs-flow-oecd-crs-energy-zaf-2022-q-2026-09-28-md-21312786-period_end,crs-flow-oecd-crs-energy-zaf-2022-q-2026-09-28-md-21312786,period_end,2022,year,2022-01-01,2022-12-31,oecd-crs-energy-zaf-2022-q-2026-09-28-md-21312786,2026-09-28
crs-flow-oecd-crs-energy-zaf-2022-q-2026-09-28-md-21313263-period_start,crs-flow-oecd-crs-energy-zaf-2022-q-2026-09-28-md-21313263,period_start,2022,year,2022-01-01,2022-12-31,oecd-crs-energy-zaf-2022-q-2026-09-28-md-21313263,2026-09-28
crs-flow-oecd-crs-energy-zaf-2022-q-2026-09-28-md-21313263-period_end,crs-flow-oecd-crs-energy-zaf-2022-q-2026-09-28-md-21313263,period_end,2022,year,2022-01-01,2022-12-31,oecd-crs-energy-zaf-2022-q-2026-09-28-md-21313263,2026-09-28
crs-flow-oecd-crs-energy-zaf-2022-q-2026-09-28-md-21817964-period_start,crs-flow-oecd-crs-energy-zaf-2022-q-2026-09-28-md-21817964,period_start,2022,year,2022-01-01,2022-12-31,oecd-crs-energy-zaf-2022-q-2026-09-28-md-21817964,2026-09-28
crs-flow-oecd-crs-energy-zaf-2022-q-2026-09-28-md-21817964-period_end,crs-flow-oecd-crs-energy-zaf-2022-q-2026-09-28-md-21817964,period_end,2022,year,2022-01-01,2022-12-31,oecd-crs-energy-zaf-2022-q-2026-09-28-md-21817964,2026-09-28
crs-flow-oecd-crs-energy-zaf-2022-q-2026-09-28-md-20970838-period_start,crs-flow-oecd-crs-energy-zaf-2022-q-2026-09-28-md-20970838,period_start,2022,year,2022-01-01,2022-12-31,oecd-crs-energy-zaf-2022-q-2026-09-28-md-20970838,2026-09-28
crs-flow-oecd-crs-energy-zaf-2022-q-2026-09-28-md-20970838-period_end,crs-flow-oecd-crs-energy-zaf-2022-q-2026-09-28-md-20970838,period_end,2022,year,2022-01-01,2022-12-31,oecd-crs-energy-zaf-2022-q-2026-09-28-md-20970838,2026-09-28
crs-flow-oecd-crs-energy-zaf-2022-q-2026-09-28-md-20945415-period_start,crs-flow-oecd-crs-energy-zaf-2022-q-2026-09-28-md-20945415,period_start,2022,year,2022-01-01,2022-12-31,oecd-crs-energy-zaf-2022-q-2026-09-28-md-20945415,2026-09-28
crs-flow-oecd-crs-energy-zaf-2022-q-2026-09-28-md-20945415-period_end,crs-flow-oecd-crs-energy-zaf-2022-q-2026-09-28-md-20945415,period_end,2022,year,2022-01-01,2022-12-31,oecd-crs-energy-zaf-2022-q-2026-09-28-md-20945415,2026-09-28
crs-flow-oecd-crs-energy-zaf-2022-q-2026-09-28-md-21802371-period_start,crs-flow-oecd-crs-energy-zaf-2022-q-2026-09-28-md-21802371,period_start,2022,year,2022-01-01,2022-12-31,oecd-crs-energy-zaf-2022-q-2026-09-28-md-21802371,2026-09-28
crs-flow-oecd-crs-energy-zaf-2022-q-2026-09-28-md-21802371-period_end,crs-flow-oecd-crs-energy-zaf-2022-q-2026-09-28-md-21802371,period_end,2022,year,2022-01-01,2022-12-31,oecd-crs-energy-zaf-2022-q-2026-09-28-md-21802371,2026-09-28
crs-flow-oecd-crs-energy-zaf-2022-q-2026-09-28-md-21794203-period_start,crs-flow-oecd-crs-energy-zaf-2022-q-2026-09-28-md-21794203,period_start,2022,year,2022-01-01,2022-12-31,oecd-crs-energy-zaf-2022-q-2026-09-28-md-21794203,2026-09-28
crs-flow-oecd-crs-energy-zaf-2022-q-2026-09-28-md-21794203-period_end,crs-flow-oecd-crs-energy-zaf-2022-q-2026-09-28-md-21794203,period_end,2022,year,2022-01-01,2022-12-31,oecd-crs-energy-zaf-2022-q-2026-09-28-md-21794203,2026-09-28
crs-flow-oecd-crs-energy-zaf-2022-q-2026-09-28-md-21304928-period_start,crs-flow-oecd-crs-energy-zaf-2022-q-2026-09-28-md-21304928,period_start,2022,year,2022-01-01,2022-12-31,oecd-crs-energy-zaf-2022-q-2026-09-28-md-21304928,2026-09-28
crs-flow-oecd-crs-energy-zaf-2022-q-2026-09-28-md-21304928-period_end,crs-flow-oecd-crs-energy-zaf-2022-q-2026-09-28-md-21304928,period_end,2022,year,2022-01-01,2022-12-31,oecd-crs-energy-zaf-2022-q-2026-09-28-md-21304928,2026-09-28
crs-flow-oecd-crs-energy-zaf-2022-q-2026-09-28-md-21806063-period_start,crs-flow-oecd-crs-energy-zaf-2022-q-2026-09-28-md-21806063,period_start,2022,year,2022-01-01,2022-12-31,oecd-crs-energy-zaf-2022-q-2026-09-28-md-21806063,2026-09-28
crs-flow-oecd-crs-energy-zaf-2022-q-2026-09-28-md-21806063-period_end,crs-flow-oecd-crs-energy-zaf-2022-q-2026-09-28-md-21806063,period_end,2022,year,2022-01-01,2022-12-31,oecd-crs-energy-zaf-2022-q-2026-09-28-md-21806063,2026-09-28
crs-flow-oecd-crs-energy-zaf-2022-q-2026-09-28-md-21304930-period_start,crs-flow-oecd-crs-energy-zaf-2022-q-2026-09-28-md-21304930,period_start,2022,year,2022-01-01,2022-12-31,oecd-crs-energy-zaf-2022-q-2026-09-28-md-21304930,2026-09-28
crs-flow-oecd-crs-energy-zaf-2022-q-2026-09-28-md-21304930-period_end,crs-flow-oecd-crs-energy-zaf-2022-q-2026-09-28-md-21304930,period_end,2022,year,2022-01-01,2022-12-31,oecd-crs-energy-zaf-2022-q-2026-09-28-md-21304930,2026-09-28
crs-flow-oecd-crs-energy-zaf-2022-q-2026-09-28-md-21450307-period_start,crs-flow-oecd-crs-energy-zaf-2022-q-2026-09-28-md-21450307,period_start,2022,year,2022-01-01,2022-12-31,oecd-crs-energy-zaf-2022-q-2026-09-28-md-21450307,2026-09-28
crs-flow-oecd-crs-energy-zaf-2022-q-2026-09-28-md-21450307-period_end,crs-flow-oecd-crs-energy-zaf-2022-q-2026-09-28-md-21450307,period_end,2022,year,2022-01-01,2022-12-31,oecd-crs-energy-zaf-2022-q-2026-09-28-md-21450307,2026-09-28
crs-flow-oecd-crs-energy-zaf-2022-q-2026-09-28-md-21450293-period_start,crs-flow-oecd-crs-energy-zaf-2022-q-2026-09-28-md-21450293,period_start,2022,year,2022-01-01,2022-12-31,oecd-crs-energy-zaf-2022-q-2026-09-28-md-21450293,2026-09-28
crs-flow-oecd-crs-energy-zaf-2022-q-2026-09-28-md-21450293-period_end,crs-flow-oecd-crs-energy-zaf-2022-q-2026-09-28-md-21450293,period_end,2022,year,2022-01-01,2022-12-31,oecd-crs-energy-zaf-2022-q-2026-09-28-md-21450293,2026-09-28
crs-flow-oecd-crs-energy-zaf-2022-q-2026-09-28-md-21450308-period_start,crs-flow-oecd-crs-energy-zaf-2022-q-2026-09-28-md-21450308,period_start,2022,year,2022-01-01,2022-12-31,oecd-crs-energy-zaf-2022-q-2026-09-28-md-21450308,2026-09-28
crs-flow-oecd-crs-energy-zaf-2022-q-2026-09-28-md-21450308-period_end,crs-flow-oecd-crs-energy-zaf-2022-q-2026-09-28-md-21450308,period_end,2022,year,2022-01-01,2022-12-31,oecd-crs-energy-zaf-2022-q-2026-09-28-md-21450308,2026-09-28
crs-flow-oecd-crs-energy-zaf-2022-q-2026-09-28-md-21044140-period_start,crs-flow-oecd-crs-energy-zaf-2022-q-2026-09-28-md-21044140,period_start,2022,year,2022-01-01,2022-12-31,oecd-crs-energy-zaf-2022-q-2026-09-28-md-21044140,2026-09-28
crs-flow-oecd-crs-energy-zaf-2022-q-2026-09-28-md-21044140-period_end,crs-flow-oecd-crs-energy-zaf-2022-q-2026-09-28-md-21044140,period_end,2022,year,2022-01-01,2022-12-31,oecd-crs-energy-zaf-2022-q-2026-09-28-md-21044140,2026-09-28
crs-flow-oecd-crs-energy-zaf-2022-q-2026-09-28-md-21044154-period_start,crs-flow-oecd-crs-energy-zaf-2022-q-2026-09-28-md-21044154,period_start,2022,year,2022-01-01,2022-12-31,oecd-crs-energy-zaf-2022-q-2026-09-28-md-21044154,2026-09-28
crs-flow-oecd-crs-energy-zaf-2022-q-2026-09-28-md-21044154-period_end,crs-flow-oecd-crs-energy-zaf-2022-q-2026-09-28-md-21044154,period_end,2022,year,2022-01-01,2022-12-31,oecd-crs-energy-zaf-2022-q-2026-09-28-md-21044154,2026-09-28
crs-flow-oecd-crs-energy-zaf-2022-q-2026-09-28-md-21806065-period_start,crs-flow-oecd-crs-energy-zaf-2022-q-2026-09-28-md-21806065,period_start,2022,year,2022-01-01,2022-12-31,oecd-crs-energy-zaf-2022-q-2026-09-28-md-21806065,2026-09-28
crs-flow-oecd-crs-energy-zaf-2022-q-2026-09-28-md-21806065-period_end,crs-flow-oecd-crs-energy-zaf-2022-q-2026-09-28-md-21806065,period_end,2022,year,2022-01-01,2022-12-31,oecd-crs-energy-zaf-2022-q-2026-09-28-md-21806065,2026-09-28
crs-flow-oecd-crs-energy-zaf-2022-q-2026-09-28-md-21393870-period_start,crs-flow-oecd-crs-energy-zaf-2022-q-2026-09-28-md-21393870,period_start,2022,year,2022-01-01,2022-12-31,oecd-crs-energy-zaf-2022-q-2026-09-28-md-21393870,2026-09-28
crs-flow-oecd-crs-energy-zaf-2022-q-2026-09-28-md-21393870-period_end,crs-flow-oecd-crs-energy-zaf-2022-q-2026-09-28-md-21393870,period_end,2022,year,2022-01-01,2022-12-31,oecd-crs-energy-zaf-2022-q-2026-09-28-md-21393870,2026-09-28
crs-flow-oecd-crs-energy-zaf-2022-q-2026-09-28-md-20980170-period_start,crs-flow-oecd-crs-energy-zaf-2022-q-2026-09-28-md-20980170,period_start,2022,year,2022-01-01,2022-12-31,oecd-crs-energy-zaf-2022-q-2026-09-28-md-20980170,2026-09-28
crs-flow-oecd-crs-energy-zaf-2022-q-2026-09-28-md-20980170-period_end,crs-flow-oecd-crs-energy-zaf-2022-q-2026-09-28-md-20980170,period_end,2022,year,2022-01-01,2022-12-31,oecd-crs-energy-zaf-2022-q-2026-09-28-md-20980170,2026-09-28
crs-flow-oecd-crs-energy-zaf-2022-q-2026-09-28-md-21857827-period_start,crs-flow-oecd-crs-energy-zaf-2022-q-2026-09-28-md-21857827,period_start,2022,year,2022-01-01,2022-12-31,oecd-crs-energy-zaf-2022-q-2026-09-28-md-21857827,2026-09-28
crs-flow-oecd-crs-energy-zaf-2022-q-2026-09-28-md-21857827-period_end,crs-flow-oecd-crs-energy-zaf-2022-q-2026-09-28-md-21857827,period_end,2022,year,2022-01-01,2022-12-31,oecd-crs-energy-zaf-2022-q-2026-09-28-md-21857827,2026-09-28
crs-flow-oecd-crs-energy-zaf-2022-q-2026-09-28-md-20923262-period_start,crs-flow-oecd-crs-energy-zaf-2022-q-2026-09-28-md-20923262,period_start,2022,year,2022-01-01,2022-12-31,oecd-crs-energy-zaf-2022-q-2026-09-28-md-20923262,2026-09-28
crs-flow-oecd-crs-energy-zaf-2022-q-2026-09-28-md-20923262-period_end,crs-flow-oecd-crs-energy-zaf-2022-q-2026-09-28-md-20923262,period_end,2022,year,2022-01-01,2022-12-31,oecd-crs-energy-zaf-2022-q-2026-09-28-md-20923262,2026-09-28
crs-flow-oecd-crs-energy-zaf-2022-q-2026-09-28-md-20928101-period_start,crs-flow-oecd-crs-energy-zaf-2022-q-2026-09-28-md-20928101,period_start,2022,year,2022-01-01,2022-12-31,oecd-crs-energy-zaf-2022-q-2026-09-28-md-20928101,2026-09-28
crs-flow-oecd-crs-energy-zaf-2022-q-2026-09-28-md-20928101-period_end,crs-flow-oecd-crs-energy-zaf-2022-q-2026-09-28-md-20928101,period_end,2022,year,2022-01-01,2022-12-31,oecd-crs-energy-zaf-2022-q-2026-09-28-md-20928101,2026-09-28
crs-flow-oecd-crs-energy-zaf-2023-q-2026-09-28-md-22933234-period_start,crs-flow-oecd-crs-energy-zaf-2023-q-2026-09-28-md-22933234,period_start,2023,year,2023-01-01,2023-12-31,oecd-crs-energy-zaf-2023-q-2026-09-28-md-22933234,2026-09-28
crs-flow-oecd-crs-energy-zaf-2023-q-2026-09-28-md-22933234-period_end,crs-flow-oecd-crs-energy-zaf-2023-q-2026-09-28-md-22933234,period_end,2023,year,2023-01-01,2023-12-31,oecd-crs-energy-zaf-2023-q-2026-09-28-md-22933234,2026-09-28
crs-flow-oecd-crs-energy-zaf-2023-q-2026-09-28-md-22315185-period_start,crs-flow-oecd-crs-energy-zaf-2023-q-2026-09-28-md-22315185,period_start,2023,year,2023-01-01,2023-12-31,oecd-crs-energy-zaf-2023-q-2026-09-28-md-22315185,2026-09-28
crs-flow-oecd-crs-energy-zaf-2023-q-2026-09-28-md-22315185-period_end,crs-flow-oecd-crs-energy-zaf-2023-q-2026-09-28-md-22315185,period_end,2023,year,2023-01-01,2023-12-31,oecd-crs-energy-zaf-2023-q-2026-09-28-md-22315185,2026-09-28
crs-flow-oecd-crs-energy-zaf-2023-q-2026-09-28-md-22315304-period_start,crs-flow-oecd-crs-energy-zaf-2023-q-2026-09-28-md-22315304,period_start,2023,year,2023-01-01,2023-12-31,oecd-crs-energy-zaf-2023-q-2026-09-28-md-22315304,2026-09-28
crs-flow-oecd-crs-energy-zaf-2023-q-2026-09-28-md-22315304-period_end,crs-flow-oecd-crs-energy-zaf-2023-q-2026-09-28-md-22315304,period_end,2023,year,2023-01-01,2023-12-31,oecd-crs-energy-zaf-2023-q-2026-09-28-md-22315304,2026-09-28
crs-flow-oecd-crs-energy-zaf-2023-q-2026-09-28-md-22933353-period_start,crs-flow-oecd-crs-energy-zaf-2023-q-2026-09-28-md-22933353,period_start,2023,year,2023-01-01,2023-12-31,oecd-crs-energy-zaf-2023-q-2026-09-28-md-22933353,2026-09-28
crs-flow-oecd-crs-energy-zaf-2023-q-2026-09-28-md-22933353-period_end,crs-flow-oecd-crs-energy-zaf-2023-q-2026-09-28-md-22933353,period_end,2023,year,2023-01-01,2023-12-31,oecd-crs-energy-zaf-2023-q-2026-09-28-md-22933353,2026-09-28
crs-flow-oecd-crs-energy-zaf-2023-q-2026-09-28-md-22933435-period_start,crs-flow-oecd-crs-energy-zaf-2023-q-2026-09-28-md-22933435,period_start,2023,year,2023-01-01,2023-12-31,oecd-crs-energy-zaf-2023-q-2026-09-28-md-22933435,2026-09-28
crs-flow-oecd-crs-energy-zaf-2023-q-2026-09-28-md-22933435-period_end,crs-flow-oecd-crs-energy-zaf-2023-q-2026-09-28-md-22933435,period_end,2023,year,2023-01-01,2023-12-31,oecd-crs-energy-zaf-2023-q-2026-09-28-md-22933435,2026-09-28
crs-flow-oecd-crs-energy-zaf-2023-q-2026-09-28-md-22321403-period_start,crs-flow-oecd-crs-energy-zaf-2023-q-2026-09-28-md-22321403,period_start,2023,year,2023-01-01,2023-12-31,oecd-crs-energy-zaf-2023-q-2026-09-28-md-22321403,2026-09-28
crs-flow-oecd-crs-energy-zaf-2023-q-2026-09-28-md-22321403-period_end,crs-flow-oecd-crs-energy-zaf-2023-q-2026-09-28-md-22321403,period_end,2023,year,2023-01-01,2023-12-31,oecd-crs-energy-zaf-2023-q-2026-09-28-md-22321403,2026-09-28
crs-flow-oecd-crs-energy-zaf-2023-q-2026-09-28-md-22321395-period_start,crs-flow-oecd-crs-energy-zaf-2023-q-2026-09-28-md-22321395,period_start,2023,year,2023-01-01,2023-12-31,oecd-crs-energy-zaf-2023-q-2026-09-28-md-22321395,2026-09-28
crs-flow-oecd-crs-energy-zaf-2023-q-2026-09-28-md-22321395-period_end,crs-flow-oecd-crs-energy-zaf-2023-q-2026-09-28-md-22321395,period_end,2023,year,2023-01-01,2023-12-31,oecd-crs-energy-zaf-2023-q-2026-09-28-md-22321395,2026-09-28
crs-flow-oecd-crs-energy-zaf-2023-q-2026-09-28-md-22313984-period_start,crs-flow-oecd-crs-energy-zaf-2023-q-2026-09-28-md-22313984,period_start,2023,year,2023-01-01,2023-12-31,oecd-crs-energy-zaf-2023-q-2026-09-28-md-22313984,2026-09-28
crs-flow-oecd-crs-energy-zaf-2023-q-2026-09-28-md-22313984-period_end,crs-flow-oecd-crs-energy-zaf-2023-q-2026-09-28-md-22313984,period_end,2023,year,2023-01-01,2023-12-31,oecd-crs-energy-zaf-2023-q-2026-09-28-md-22313984,2026-09-28
crs-flow-oecd-crs-energy-zaf-2023-q-2026-09-28-md-22751705-period_start,crs-flow-oecd-crs-energy-zaf-2023-q-2026-09-28-md-22751705,period_start,2023,year,2023-01-01,2023-12-31,oecd-crs-energy-zaf-2023-q-2026-09-28-md-22751705,2026-09-28
crs-flow-oecd-crs-energy-zaf-2023-q-2026-09-28-md-22751705-period_end,crs-flow-oecd-crs-energy-zaf-2023-q-2026-09-28-md-22751705,period_end,2023,year,2023-01-01,2023-12-31,oecd-crs-energy-zaf-2023-q-2026-09-28-md-22751705,2026-09-28
crs-flow-oecd-crs-energy-zaf-2023-q-2026-09-28-md-22751704-period_start,crs-flow-oecd-crs-energy-zaf-2023-q-2026-09-28-md-22751704,period_start,2023,year,2023-01-01,2023-12-31,oecd-crs-energy-zaf-2023-q-2026-09-28-md-22751704,2026-09-28
crs-flow-oecd-crs-energy-zaf-2023-q-2026-09-28-md-22751704-period_end,crs-flow-oecd-crs-energy-zaf-2023-q-2026-09-28-md-22751704,period_end,2023,year,2023-01-01,2023-12-31,oecd-crs-energy-zaf-2023-q-2026-09-28-md-22751704,2026-09-28
crs-flow-oecd-crs-energy-zaf-2023-q-2026-09-28-md-22760681-period_start,crs-flow-oecd-crs-energy-zaf-2023-q-2026-09-28-md-22760681,period_start,2023,year,2023-01-01,2023-12-31,oecd-crs-energy-zaf-2023-q-2026-09-28-md-22760681,2026-09-28
crs-flow-oecd-crs-energy-zaf-2023-q-2026-09-28-md-22760681-period_end,crs-flow-oecd-crs-energy-zaf-2023-q-2026-09-28-md-22760681,period_end,2023,year,2023-01-01,2023-12-31,oecd-crs-energy-zaf-2023-q-2026-09-28-md-22760681,2026-09-28
crs-flow-oecd-crs-energy-zaf-2023-q-2026-09-28-md-22887293-period_start,crs-flow-oecd-crs-energy-zaf-2023-q-2026-09-28-md-22887293,period_start,2023,year,2023-01-01,2023-12-31,oecd-crs-energy-zaf-2023-q-2026-09-28-md-22887293,2026-09-28
crs-flow-oecd-crs-energy-zaf-2023-q-2026-09-28-md-22887293-period_end,crs-flow-oecd-crs-energy-zaf-2023-q-2026-09-28-md-22887293,period_end,2023,year,2023-01-01,2023-12-31,oecd-crs-energy-zaf-2023-q-2026-09-28-md-22887293,2026-09-28
crs-flow-oecd-crs-energy-zaf-2023-q-2026-09-28-md-22887287-period_start,crs-flow-oecd-crs-energy-zaf-2023-q-2026-09-28-md-22887287,period_start,2023,year,2023-01-01,2023-12-31,oecd-crs-energy-zaf-2023-q-2026-09-28-md-22887287,2026-09-28
crs-flow-oecd-crs-energy-zaf-2023-q-2026-09-28-md-22887287-period_end,crs-flow-oecd-crs-energy-zaf-2023-q-2026-09-28-md-22887287,period_end,2023,year,2023-01-01,2023-12-31,oecd-crs-energy-zaf-2023-q-2026-09-28-md-22887287,2026-09-28
crs-flow-oecd-crs-energy-zaf-2023-q-2026-09-28-md-22267300-period_start,crs-flow-oecd-crs-energy-zaf-2023-q-2026-09-28-md-22267300,period_start,2023,year,2023-01-01,2023-12-31,oecd-crs-energy-zaf-2023-q-2026-09-28-md-22267300,2026-09-28
crs-flow-oecd-crs-energy-zaf-2023-q-2026-09-28-md-22267300-period_end,crs-flow-oecd-crs-energy-zaf-2023-q-2026-09-28-md-22267300,period_end,2023,year,2023-01-01,2023-12-31,oecd-crs-energy-zaf-2023-q-2026-09-28-md-22267300,2026-09-28
crs-flow-oecd-crs-energy-zaf-2023-q-2026-09-28-md-22857512-period_start,crs-flow-oecd-crs-energy-zaf-2023-q-2026-09-28-md-22857512,period_start,2023,year,2023-01-01,2023-12-31,oecd-crs-energy-zaf-2023-q-2026-09-28-md-22857512,2026-09-28
crs-flow-oecd-crs-energy-zaf-2023-q-2026-09-28-md-22857512-period_end,crs-flow-oecd-crs-energy-zaf-2023-q-2026-09-28-md-22857512,period_end,2023,year,2023-01-01,2023-12-31,oecd-crs-energy-zaf-2023-q-2026-09-28-md-22857512,2026-09-28
crs-flow-oecd-crs-energy-zaf-2023-q-2026-09-28-md-22866771-period_start,crs-flow-oecd-crs-energy-zaf-2023-q-2026-09-28-md-22866771,period_start,2023,year,2023-01-01,2023-12-31,oecd-crs-energy-zaf-2023-q-2026-09-28-md-22866771,2026-09-28
crs-flow-oecd-crs-energy-zaf-2023-q-2026-09-28-md-22866771-period_end,crs-flow-oecd-crs-energy-zaf-2023-q-2026-09-28-md-22866771,period_end,2023,year,2023-01-01,2023-12-31,oecd-crs-energy-zaf-2023-q-2026-09-28-md-22866771,2026-09-28
crs-flow-oecd-crs-energy-zaf-2023-q-2026-09-28-md-22865859-period_start,crs-flow-oecd-crs-energy-zaf-2023-q-2026-09-28-md-22865859,period_start,2023,year,2023-01-01,2023-12-31,oecd-crs-energy-zaf-2023-q-2026-09-28-md-22865859,2026-09-28
crs-flow-oecd-crs-energy-zaf-2023-q-2026-09-28-md-22865859-period_end,crs-flow-oecd-crs-energy-zaf-2023-q-2026-09-28-md-22865859,period_end,2023,year,2023-01-01,2023-12-31,oecd-crs-energy-zaf-2023-q-2026-09-28-md-22865859,2026-09-28
crs-flow-oecd-crs-energy-zaf-2023-q-2026-09-28-md-22839724-period_start,crs-flow-oecd-crs-energy-zaf-2023-q-2026-09-28-md-22839724,period_start,2023,year,2023-01-01,2023-12-31,oecd-crs-energy-zaf-2023-q-2026-09-28-md-22839724,2026-09-28
crs-flow-oecd-crs-energy-zaf-2023-q-2026-09-28-md-22839724-period_end,crs-flow-oecd-crs-energy-zaf-2023-q-2026-09-28-md-22839724,period_end,2023,year,2023-01-01,2023-12-31,oecd-crs-energy-zaf-2023-q-2026-09-28-md-22839724,2026-09-28
crs-flow-oecd-crs-energy-zaf-2023-q-2026-09-28-md-22256989-period_start,crs-flow-oecd-crs-energy-zaf-2023-q-2026-09-28-md-22256989,period_start,2023,year,2023-01-01,2023-12-31,oecd-crs-energy-zaf-2023-q-2026-09-28-md-22256989,2026-09-28
crs-flow-oecd-crs-energy-zaf-2023-q-2026-09-28-md-22256989-period_end,crs-flow-oecd-crs-energy-zaf-2023-q-2026-09-28-md-22256989,period_end,2023,year,2023-01-01,2023-12-31,oecd-crs-energy-zaf-2023-q-2026-09-28-md-22256989,2026-09-28
crs-flow-oecd-crs-energy-zaf-2023-q-2026-09-28-md-22313472-period_start,crs-flow-oecd-crs-energy-zaf-2023-q-2026-09-28-md-22313472,period_start,2023,year,2023-01-01,2023-12-31,oecd-crs-energy-zaf-2023-q-2026-09-28-md-22313472,2026-09-28
crs-flow-oecd-crs-energy-zaf-2023-q-2026-09-28-md-22313472-period_end,crs-flow-oecd-crs-energy-zaf-2023-q-2026-09-28-md-22313472,period_end,2023,year,2023-01-01,2023-12-31,oecd-crs-energy-zaf-2023-q-2026-09-28-md-22313472,2026-09-28
crs-flow-oecd-crs-energy-zaf-2023-q-2026-09-28-md-22923401-period_start,crs-flow-oecd-crs-energy-zaf-2023-q-2026-09-28-md-22923401,period_start,2023,year,2023-01-01,2023-12-31,oecd-crs-energy-zaf-2023-q-2026-09-28-md-22923401,2026-09-28
crs-flow-oecd-crs-energy-zaf-2023-q-2026-09-28-md-22923401-period_end,crs-flow-oecd-crs-energy-zaf-2023-q-2026-09-28-md-22923401,period_end,2023,year,2023-01-01,2023-12-31,oecd-crs-energy-zaf-2023-q-2026-09-28-md-22923401,2026-09-28
crs-flow-oecd-crs-energy-zaf-2023-q-2026-09-28-md-22918466-period_start,crs-flow-oecd-crs-energy-zaf-2023-q-2026-09-28-md-22918466,period_start,2023,year,2023-01-01,2023-12-31,oecd-crs-energy-zaf-2023-q-2026-09-28-md-22918466,2026-09-28
crs-flow-oecd-crs-energy-zaf-2023-q-2026-09-28-md-22918466-period_end,crs-flow-oecd-crs-energy-zaf-2023-q-2026-09-28-md-22918466,period_end,2023,year,2023-01-01,2023-12-31,oecd-crs-energy-zaf-2023-q-2026-09-28-md-22918466,2026-09-28
crs-flow-oecd-crs-energy-zaf-2023-q-2026-09-28-md-22305008-period_start,crs-flow-oecd-crs-energy-zaf-2023-q-2026-09-28-md-22305008,period_start,2023,year,2023-01-01,2023-12-31,oecd-crs-energy-zaf-2023-q-2026-09-28-md-22305008,2026-09-28
crs-flow-oecd-crs-energy-zaf-2023-q-2026-09-28-md-22305008-period_end,crs-flow-oecd-crs-energy-zaf-2023-q-2026-09-28-md-22305008,period_end,2023,year,2023-01-01,2023-12-31,oecd-crs-energy-zaf-2023-q-2026-09-28-md-22305008,2026-09-28
crs-flow-oecd-crs-energy-zaf-2023-q-2026-09-28-md-22918502-period_start,crs-flow-oecd-crs-energy-zaf-2023-q-2026-09-28-md-22918502,period_start,2023,year,2023-01-01,2023-12-31,oecd-crs-energy-zaf-2023-q-2026-09-28-md-22918502,2026-09-28
crs-flow-oecd-crs-energy-zaf-2023-q-2026-09-28-md-22918502-period_end,crs-flow-oecd-crs-energy-zaf-2023-q-2026-09-28-md-22918502,period_end,2023,year,2023-01-01,2023-12-31,oecd-crs-energy-zaf-2023-q-2026-09-28-md-22918502,2026-09-28
crs-flow-oecd-crs-energy-zaf-2023-q-2026-09-28-md-22307030-period_start,crs-flow-oecd-crs-energy-zaf-2023-q-2026-09-28-md-22307030,period_start,2023,year,2023-01-01,2023-12-31,oecd-crs-energy-zaf-2023-q-2026-09-28-md-22307030,2026-09-28
crs-flow-oecd-crs-energy-zaf-2023-q-2026-09-28-md-22307030-period_end,crs-flow-oecd-crs-energy-zaf-2023-q-2026-09-28-md-22307030,period_end,2023,year,2023-01-01,2023-12-31,oecd-crs-energy-zaf-2023-q-2026-09-28-md-22307030,2026-09-28
crs-flow-oecd-crs-energy-zaf-2023-q-2026-09-28-md-22919121-period_start,crs-flow-oecd-crs-energy-zaf-2023-q-2026-09-28-md-22919121,period_start,2023,year,2023-01-01,2023-12-31,oecd-crs-energy-zaf-2023-q-2026-09-28-md-22919121,2026-09-28
crs-flow-oecd-crs-energy-zaf-2023-q-2026-09-28-md-22919121-period_end,crs-flow-oecd-crs-energy-zaf-2023-q-2026-09-28-md-22919121,period_end,2023,year,2023-01-01,2023-12-31,oecd-crs-energy-zaf-2023-q-2026-09-28-md-22919121,2026-09-28
crs-flow-oecd-crs-energy-zaf-2023-q-2026-09-28-md-22304630-period_start,crs-flow-oecd-crs-energy-zaf-2023-q-2026-09-28-md-22304630,period_start,2023,year,2023-01-01,2023-12-31,oecd-crs-energy-zaf-2023-q-2026-09-28-md-22304630,2026-09-28
crs-flow-oecd-crs-energy-zaf-2023-q-2026-09-28-md-22304630-period_end,crs-flow-oecd-crs-energy-zaf-2023-q-2026-09-28-md-22304630,period_end,2023,year,2023-01-01,2023-12-31,oecd-crs-energy-zaf-2023-q-2026-09-28-md-22304630,2026-09-28
crs-flow-oecd-crs-energy-zaf-2023-q-2026-09-28-md-22304836-period_start,crs-flow-oecd-crs-energy-zaf-2023-q-2026-09-28-md-22304836,period_start,2023,year,2023-01-01,2023-12-31,oecd-crs-energy-zaf-2023-q-2026-09-28-md-22304836,2026-09-28
crs-flow-oecd-crs-energy-zaf-2023-q-2026-09-28-md-22304836-period_end,crs-flow-oecd-crs-energy-zaf-2023-q-2026-09-28-md-22304836,period_end,2023,year,2023-01-01,2023-12-31,oecd-crs-energy-zaf-2023-q-2026-09-28-md-22304836,2026-09-28
crs-flow-oecd-crs-energy-zaf-2023-q-2026-09-28-md-22303013-period_start,crs-flow-oecd-crs-energy-zaf-2023-q-2026-09-28-md-22303013,period_start,2023,year,2023-01-01,2023-12-31,oecd-crs-energy-zaf-2023-q-2026-09-28-md-22303013,2026-09-28
crs-flow-oecd-crs-energy-zaf-2023-q-2026-09-28-md-22303013-period_end,crs-flow-oecd-crs-energy-zaf-2023-q-2026-09-28-md-22303013,period_end,2023,year,2023-01-01,2023-12-31,oecd-crs-energy-zaf-2023-q-2026-09-28-md-22303013,2026-09-28
crs-flow-oecd-crs-energy-zaf-2023-q-2026-09-28-md-22925091-period_start,crs-flow-oecd-crs-energy-zaf-2023-q-2026-09-28-md-22925091,period_start,2023,year,2023-01-01,2023-12-31,oecd-crs-energy-zaf-2023-q-2026-09-28-md-22925091,2026-09-28
crs-flow-oecd-crs-energy-zaf-2023-q-2026-09-28-md-22925091-period_end,crs-flow-oecd-crs-energy-zaf-2023-q-2026-09-28-md-22925091,period_end,2023,year,2023-01-01,2023-12-31,oecd-crs-energy-zaf-2023-q-2026-09-28-md-22925091,2026-09-28
crs-flow-oecd-crs-energy-zaf-2023-q-2026-09-28-md-22918825-period_start,crs-flow-oecd-crs-energy-zaf-2023-q-2026-09-28-md-22918825,period_start,2023,year,2023-01-01,2023-12-31,oecd-crs-energy-zaf-2023-q-2026-09-28-md-22918825,2026-09-28
crs-flow-oecd-crs-energy-zaf-2023-q-2026-09-28-md-22918825-period_end,crs-flow-oecd-crs-energy-zaf-2023-q-2026-09-28-md-22918825,period_end,2023,year,2023-01-01,2023-12-31,oecd-crs-energy-zaf-2023-q-2026-09-28-md-22918825,2026-09-28
crs-flow-oecd-crs-energy-zaf-2023-q-2026-09-28-md-22302636-period_start,crs-flow-oecd-crs-energy-zaf-2023-q-2026-09-28-md-22302636,period_start,2023,year,2023-01-01,2023-12-31,oecd-crs-energy-zaf-2023-q-2026-09-28-md-22302636,2026-09-28
crs-flow-oecd-crs-energy-zaf-2023-q-2026-09-28-md-22302636-period_end,crs-flow-oecd-crs-energy-zaf-2023-q-2026-09-28-md-22302636,period_end,2023,year,2023-01-01,2023-12-31,oecd-crs-energy-zaf-2023-q-2026-09-28-md-22302636,2026-09-28
crs-flow-oecd-crs-energy-zaf-2023-q-2026-09-28-md-22924885-period_start,crs-flow-oecd-crs-energy-zaf-2023-q-2026-09-28-md-22924885,period_start,2023,year,2023-01-01,2023-12-31,oecd-crs-energy-zaf-2023-q-2026-09-28-md-22924885,2026-09-28
crs-flow-oecd-crs-energy-zaf-2023-q-2026-09-28-md-22924885-period_end,crs-flow-oecd-crs-energy-zaf-2023-q-2026-09-28-md-22924885,period_end,2023,year,2023-01-01,2023-12-31,oecd-crs-energy-zaf-2023-q-2026-09-28-md-22924885,2026-09-28
crs-flow-oecd-crs-energy-zaf-2023-q-2026-09-28-md-22301423-period_start,crs-flow-oecd-crs-energy-zaf-2023-q-2026-09-28-md-22301423,period_start,2023,year,2023-01-01,2023-12-31,oecd-crs-energy-zaf-2023-q-2026-09-28-md-22301423,2026-09-28
crs-flow-oecd-crs-energy-zaf-2023-q-2026-09-28-md-22301423-period_end,crs-flow-oecd-crs-energy-zaf-2023-q-2026-09-28-md-22301423,period_end,2023,year,2023-01-01,2023-12-31,oecd-crs-energy-zaf-2023-q-2026-09-28-md-22301423,2026-09-28
crs-flow-oecd-crs-energy-zaf-2023-q-2026-09-28-md-22916846-period_start,crs-flow-oecd-crs-energy-zaf-2023-q-2026-09-28-md-22916846,period_start,2023,year,2023-01-01,2023-12-31,oecd-crs-energy-zaf-2023-q-2026-09-28-md-22916846,2026-09-28
crs-flow-oecd-crs-energy-zaf-2023-q-2026-09-28-md-22916846-period_end,crs-flow-oecd-crs-energy-zaf-2023-q-2026-09-28-md-22916846,period_end,2023,year,2023-01-01,2023-12-31,oecd-crs-energy-zaf-2023-q-2026-09-28-md-22916846,2026-09-28
crs-flow-oecd-crs-energy-zaf-2023-q-2026-09-28-md-22301428-period_start,crs-flow-oecd-crs-energy-zaf-2023-q-2026-09-28-md-22301428,period_start,2023,year,2023-01-01,2023-12-31,oecd-crs-energy-zaf-2023-q-2026-09-28-md-22301428,2026-09-28
crs-flow-oecd-crs-energy-zaf-2023-q-2026-09-28-md-22301428-period_end,crs-flow-oecd-crs-energy-zaf-2023-q-2026-09-28-md-22301428,period_end,2023,year,2023-01-01,2023-12-31,oecd-crs-energy-zaf-2023-q-2026-09-28-md-22301428,2026-09-28
crs-flow-oecd-crs-energy-zaf-2023-q-2026-09-28-md-22916851-period_start,crs-flow-oecd-crs-energy-zaf-2023-q-2026-09-28-md-22916851,period_start,2023,year,2023-01-01,2023-12-31,oecd-crs-energy-zaf-2023-q-2026-09-28-md-22916851,2026-09-28
crs-flow-oecd-crs-energy-zaf-2023-q-2026-09-28-md-22916851-period_end,crs-flow-oecd-crs-energy-zaf-2023-q-2026-09-28-md-22916851,period_end,2023,year,2023-01-01,2023-12-31,oecd-crs-energy-zaf-2023-q-2026-09-28-md-22916851,2026-09-28
crs-flow-oecd-crs-energy-zaf-2023-q-2026-09-28-md-22321911-period_start,crs-flow-oecd-crs-energy-zaf-2023-q-2026-09-28-md-22321911,period_start,2023,year,2023-01-01,2023-12-31,oecd-crs-energy-zaf-2023-q-2026-09-28-md-22321911,2026-09-28
crs-flow-oecd-crs-energy-zaf-2023-q-2026-09-28-md-22321911-period_end,crs-flow-oecd-crs-energy-zaf-2023-q-2026-09-28-md-22321911,period_end,2023,year,2023-01-01,2023-12-31,oecd-crs-energy-zaf-2023-q-2026-09-28-md-22321911,2026-09-28
crs-flow-oecd-crs-energy-zaf-2023-q-2026-09-28-md-22304955-period_start,crs-flow-oecd-crs-energy-zaf-2023-q-2026-09-28-md-22304955,period_start,2023,year,2023-01-01,2023-12-31,oecd-crs-energy-zaf-2023-q-2026-09-28-md-22304955,2026-09-28
crs-flow-oecd-crs-energy-zaf-2023-q-2026-09-28-md-22304955-period_end,crs-flow-oecd-crs-energy-zaf-2023-q-2026-09-28-md-22304955,period_end,2023,year,2023-01-01,2023-12-31,oecd-crs-energy-zaf-2023-q-2026-09-28-md-22304955,2026-09-28
crs-flow-oecd-crs-energy-zaf-2023-q-2026-09-28-md-22321912-period_start,crs-flow-oecd-crs-energy-zaf-2023-q-2026-09-28-md-22321912,period_start,2023,year,2023-01-01,2023-12-31,oecd-crs-energy-zaf-2023-q-2026-09-28-md-22321912,2026-09-28
crs-flow-oecd-crs-energy-zaf-2023-q-2026-09-28-md-22321912-period_end,crs-flow-oecd-crs-energy-zaf-2023-q-2026-09-28-md-22321912,period_end,2023,year,2023-01-01,2023-12-31,oecd-crs-energy-zaf-2023-q-2026-09-28-md-22321912,2026-09-28
crs-flow-oecd-crs-energy-zaf-2023-q-2026-09-28-md-22306974-period_start,crs-flow-oecd-crs-energy-zaf-2023-q-2026-09-28-md-22306974,period_start,2023,year,2023-01-01,2023-12-31,oecd-crs-energy-zaf-2023-q-2026-09-28-md-22306974,2026-09-28
crs-flow-oecd-crs-energy-zaf-2023-q-2026-09-28-md-22306974-period_end,crs-flow-oecd-crs-energy-zaf-2023-q-2026-09-28-md-22306974,period_end,2023,year,2023-01-01,2023-12-31,oecd-crs-energy-zaf-2023-q-2026-09-28-md-22306974,2026-09-28
crs-flow-oecd-crs-energy-zaf-2023-q-2026-09-28-md-22938597-period_start,crs-flow-oecd-crs-energy-zaf-2023-q-2026-09-28-md-22938597,period_start,2023,year,2023-01-01,2023-12-31,oecd-crs-energy-zaf-2023-q-2026-09-28-md-22938597,2026-09-28
crs-flow-oecd-crs-energy-zaf-2023-q-2026-09-28-md-22938597-period_end,crs-flow-oecd-crs-energy-zaf-2023-q-2026-09-28-md-22938597,period_end,2023,year,2023-01-01,2023-12-31,oecd-crs-energy-zaf-2023-q-2026-09-28-md-22938597,2026-09-28
crs-flow-oecd-crs-energy-zaf-2023-q-2026-09-28-md-22938598-period_start,crs-flow-oecd-crs-energy-zaf-2023-q-2026-09-28-md-22938598,period_start,2023,year,2023-01-01,2023-12-31,oecd-crs-energy-zaf-2023-q-2026-09-28-md-22938598,2026-09-28
crs-flow-oecd-crs-energy-zaf-2023-q-2026-09-28-md-22938598-period_end,crs-flow-oecd-crs-energy-zaf-2023-q-2026-09-28-md-22938598,period_end,2023,year,2023-01-01,2023-12-31,oecd-crs-energy-zaf-2023-q-2026-09-28-md-22938598,2026-09-28
crs-flow-oecd-crs-energy-zaf-2023-q-2026-09-28-md-22321913-period_start,crs-flow-oecd-crs-energy-zaf-2023-q-2026-09-28-md-22321913,period_start,2023,year,2023-01-01,2023-12-31,oecd-crs-energy-zaf-2023-q-2026-09-28-md-22321913,2026-09-28
crs-flow-oecd-crs-energy-zaf-2023-q-2026-09-28-md-22321913-period_end,crs-flow-oecd-crs-energy-zaf-2023-q-2026-09-28-md-22321913,period_end,2023,year,2023-01-01,2023-12-31,oecd-crs-energy-zaf-2023-q-2026-09-28-md-22321913,2026-09-28
crs-flow-oecd-crs-energy-zaf-2023-q-2026-09-28-md-22938599-period_start,crs-flow-oecd-crs-energy-zaf-2023-q-2026-09-28-md-22938599,period_start,2023,year,2023-01-01,2023-12-31,oecd-crs-energy-zaf-2023-q-2026-09-28-md-22938599,2026-09-28
crs-flow-oecd-crs-energy-zaf-2023-q-2026-09-28-md-22938599-period_end,crs-flow-oecd-crs-energy-zaf-2023-q-2026-09-28-md-22938599,period_end,2023,year,2023-01-01,2023-12-31,oecd-crs-energy-zaf-2023-q-2026-09-28-md-22938599,2026-09-28
crs-flow-oecd-crs-energy-zaf-2023-q-2026-09-28-md-22918413-period_start,crs-flow-oecd-crs-energy-zaf-2023-q-2026-09-28-md-22918413,period_start,2023,year,2023-01-01,2023-12-31,oecd-crs-energy-zaf-2023-q-2026-09-28-md-22918413,2026-09-28
crs-flow-oecd-crs-energy-zaf-2023-q-2026-09-28-md-22918413-period_end,crs-flow-oecd-crs-energy-zaf-2023-q-2026-09-28-md-22918413,period_end,2023,year,2023-01-01,2023-12-31,oecd-crs-energy-zaf-2023-q-2026-09-28-md-22918413,2026-09-28
crs-flow-oecd-crs-energy-zaf-2023-q-2026-09-28-md-22718828-period_start,crs-flow-oecd-crs-energy-zaf-2023-q-2026-09-28-md-22718828,period_start,2023,year,2023-01-01,2023-12-31,oecd-crs-energy-zaf-2023-q-2026-09-28-md-22718828,2026-09-28
crs-flow-oecd-crs-energy-zaf-2023-q-2026-09-28-md-22718828-period_end,crs-flow-oecd-crs-energy-zaf-2023-q-2026-09-28-md-22718828,period_end,2023,year,2023-01-01,2023-12-31,oecd-crs-energy-zaf-2023-q-2026-09-28-md-22718828,2026-09-28
crs-flow-oecd-crs-energy-zaf-2023-q-2026-09-28-md-22147643-period_start,crs-flow-oecd-crs-energy-zaf-2023-q-2026-09-28-md-22147643,period_start,2023,year,2023-01-01,2023-12-31,oecd-crs-energy-zaf-2023-q-2026-09-28-md-22147643,2026-09-28
crs-flow-oecd-crs-energy-zaf-2023-q-2026-09-28-md-22147643-period_end,crs-flow-oecd-crs-energy-zaf-2023-q-2026-09-28-md-22147643,period_end,2023,year,2023-01-01,2023-12-31,oecd-crs-energy-zaf-2023-q-2026-09-28-md-22147643,2026-09-28
crs-flow-oecd-crs-energy-zaf-2023-q-2026-09-28-md-22147644-period_start,crs-flow-oecd-crs-energy-zaf-2023-q-2026-09-28-md-22147644,period_start,2023,year,2023-01-01,2023-12-31,oecd-crs-energy-zaf-2023-q-2026-09-28-md-22147644,2026-09-28
crs-flow-oecd-crs-energy-zaf-2023-q-2026-09-28-md-22147644-period_end,crs-flow-oecd-crs-energy-zaf-2023-q-2026-09-28-md-22147644,period_end,2023,year,2023-01-01,2023-12-31,oecd-crs-energy-zaf-2023-q-2026-09-28-md-22147644,2026-09-28
crs-flow-oecd-crs-energy-zaf-2023-q-2026-09-28-md-22218054-period_start,crs-flow-oecd-crs-energy-zaf-2023-q-2026-09-28-md-22218054,period_start,2023,year,2023-01-01,2023-12-31,oecd-crs-energy-zaf-2023-q-2026-09-28-md-22218054,2026-09-28
crs-flow-oecd-crs-energy-zaf-2023-q-2026-09-28-md-22218054-period_end,crs-flow-oecd-crs-energy-zaf-2023-q-2026-09-28-md-22218054,period_end,2023,year,2023-01-01,2023-12-31,oecd-crs-energy-zaf-2023-q-2026-09-28-md-22218054,2026-09-28
crs-flow-oecd-crs-energy-zaf-2023-q-2026-09-28-md-22218057-period_start,crs-flow-oecd-crs-energy-zaf-2023-q-2026-09-28-md-22218057,period_start,2023,year,2023-01-01,2023-12-31,oecd-crs-energy-zaf-2023-q-2026-09-28-md-22218057,2026-09-28
crs-flow-oecd-crs-energy-zaf-2023-q-2026-09-28-md-22218057-period_end,crs-flow-oecd-crs-energy-zaf-2023-q-2026-09-28-md-22218057,period_end,2023,year,2023-01-01,2023-12-31,oecd-crs-energy-zaf-2023-q-2026-09-28-md-22218057,2026-09-28
crs-flow-oecd-crs-energy-zaf-2023-q-2026-09-28-md-22800400-period_start,crs-flow-oecd-crs-energy-zaf-2023-q-2026-09-28-md-22800400,period_start,2023,year,2023-01-01,2023-12-31,oecd-crs-energy-zaf-2023-q-2026-09-28-md-22800400,2026-09-28
crs-flow-oecd-crs-energy-zaf-2023-q-2026-09-28-md-22800400-period_end,crs-flow-oecd-crs-energy-zaf-2023-q-2026-09-28-md-22800400,period_end,2023,year,2023-01-01,2023-12-31,oecd-crs-energy-zaf-2023-q-2026-09-28-md-22800400,2026-09-28
crs-flow-oecd-crs-energy-zaf-2023-q-2026-09-28-md-22218055-period_start,crs-flow-oecd-crs-energy-zaf-2023-q-2026-09-28-md-22218055,period_start,2023,year,2023-01-01,2023-12-31,oecd-crs-energy-zaf-2023-q-2026-09-28-md-22218055,2026-09-28
crs-flow-oecd-crs-energy-zaf-2023-q-2026-09-28-md-22218055-period_end,crs-flow-oecd-crs-energy-zaf-2023-q-2026-09-28-md-22218055,period_end,2023,year,2023-01-01,2023-12-31,oecd-crs-energy-zaf-2023-q-2026-09-28-md-22218055,2026-09-28
crs-flow-oecd-crs-energy-zaf-2023-q-2026-09-28-md-22218056-period_start,crs-flow-oecd-crs-energy-zaf-2023-q-2026-09-28-md-22218056,period_start,2023,year,2023-01-01,2023-12-31,oecd-crs-energy-zaf-2023-q-2026-09-28-md-22218056,2026-09-28
crs-flow-oecd-crs-energy-zaf-2023-q-2026-09-28-md-22218056-period_end,crs-flow-oecd-crs-energy-zaf-2023-q-2026-09-28-md-22218056,period_end,2023,year,2023-01-01,2023-12-31,oecd-crs-energy-zaf-2023-q-2026-09-28-md-22218056,2026-09-28
crs-flow-oecd-crs-energy-zaf-2023-q-2026-09-28-md-22765289-period_start,crs-flow-oecd-crs-energy-zaf-2023-q-2026-09-28-md-22765289,period_start,2023,year,2023-01-01,2023-12-31,oecd-crs-energy-zaf-2023-q-2026-09-28-md-22765289,2026-09-28
crs-flow-oecd-crs-energy-zaf-2023-q-2026-09-28-md-22765289-period_end,crs-flow-oecd-crs-energy-zaf-2023-q-2026-09-28-md-22765289,period_end,2023,year,2023-01-01,2023-12-31,oecd-crs-energy-zaf-2023-q-2026-09-28-md-22765289,2026-09-28
crs-flow-oecd-crs-energy-zaf-2023-q-2026-09-28-md-22749482-period_start,crs-flow-oecd-crs-energy-zaf-2023-q-2026-09-28-md-22749482,period_start,2023,year,2023-01-01,2023-12-31,oecd-crs-energy-zaf-2023-q-2026-09-28-md-22749482,2026-09-28
crs-flow-oecd-crs-energy-zaf-2023-q-2026-09-28-md-22749482-period_end,crs-flow-oecd-crs-energy-zaf-2023-q-2026-09-28-md-22749482,period_end,2023,year,2023-01-01,2023-12-31,oecd-crs-energy-zaf-2023-q-2026-09-28-md-22749482,2026-09-28
crs-flow-oecd-crs-energy-zaf-2023-q-2026-09-28-md-22149161-period_start,crs-flow-oecd-crs-energy-zaf-2023-q-2026-09-28-md-22149161,period_start,2023,year,2023-01-01,2023-12-31,oecd-crs-energy-zaf-2023-q-2026-09-28-md-22149161,2026-09-28
crs-flow-oecd-crs-energy-zaf-2023-q-2026-09-28-md-22149161-period_end,crs-flow-oecd-crs-energy-zaf-2023-q-2026-09-28-md-22149161,period_end,2023,year,2023-01-01,2023-12-31,oecd-crs-energy-zaf-2023-q-2026-09-28-md-22149161,2026-09-28
crs-flow-oecd-crs-energy-zaf-2023-q-2026-09-28-md-22693117-period_start,crs-flow-oecd-crs-energy-zaf-2023-q-2026-09-28-md-22693117,period_start,2023,year,2023-01-01,2023-12-31,oecd-crs-energy-zaf-2023-q-2026-09-28-md-22693117,2026-09-28
crs-flow-oecd-crs-energy-zaf-2023-q-2026-09-28-md-22693117-period_end,crs-flow-oecd-crs-energy-zaf-2023-q-2026-09-28-md-22693117,period_end,2023,year,2023-01-01,2023-12-31,oecd-crs-energy-zaf-2023-q-2026-09-28-md-22693117,2026-09-28
crs-flow-oecd-crs-energy-zaf-2023-q-2026-09-28-md-22693116-period_start,crs-flow-oecd-crs-energy-zaf-2023-q-2026-09-28-md-22693116,period_start,2023,year,2023-01-01,2023-12-31,oecd-crs-energy-zaf-2023-q-2026-09-28-md-22693116,2026-09-28
crs-flow-oecd-crs-energy-zaf-2023-q-2026-09-28-md-22693116-period_end,crs-flow-oecd-crs-energy-zaf-2023-q-2026-09-28-md-22693116,period_end,2023,year,2023-01-01,2023-12-31,oecd-crs-energy-zaf-2023-q-2026-09-28-md-22693116,2026-09-28
crs-flow-oecd-crs-energy-zaf-2023-q-2026-09-28-md-22149162-period_start,crs-flow-oecd-crs-energy-zaf-2023-q-2026-09-28-md-22149162,period_start,2023,year,2023-01-01,2023-12-31,oecd-crs-energy-zaf-2023-q-2026-09-28-md-22149162,2026-09-28
crs-flow-oecd-crs-energy-zaf-2023-q-2026-09-28-md-22149162-period_end,crs-flow-oecd-crs-energy-zaf-2023-q-2026-09-28-md-22149162,period_end,2023,year,2023-01-01,2023-12-31,oecd-crs-energy-zaf-2023-q-2026-09-28-md-22149162,2026-09-28
crs-flow-oecd-crs-energy-zaf-2023-q-2026-09-28-md-22832308-period_start,crs-flow-oecd-crs-energy-zaf-2023-q-2026-09-28-md-22832308,period_start,2023,year,2023-01-01,2023-12-31,oecd-crs-energy-zaf-2023-q-2026-09-28-md-22832308,2026-09-28
crs-flow-oecd-crs-energy-zaf-2023-q-2026-09-28-md-22832308-period_end,crs-flow-oecd-crs-energy-zaf-2023-q-2026-09-28-md-22832308,period_end,2023,year,2023-01-01,2023-12-31,oecd-crs-energy-zaf-2023-q-2026-09-28-md-22832308,2026-09-28
crs-flow-oecd-crs-energy-zaf-2023-q-2026-09-28-md-22832309-period_start,crs-flow-oecd-crs-energy-zaf-2023-q-2026-09-28-md-22832309,period_start,2023,year,2023-01-01,2023-12-31,oecd-crs-energy-zaf-2023-q-2026-09-28-md-22832309,2026-09-28
crs-flow-oecd-crs-energy-zaf-2023-q-2026-09-28-md-22832309-period_end,crs-flow-oecd-crs-energy-zaf-2023-q-2026-09-28-md-22832309,period_end,2023,year,2023-01-01,2023-12-31,oecd-crs-energy-zaf-2023-q-2026-09-28-md-22832309,2026-09-28
crs-flow-oecd-crs-energy-zaf-2023-q-2026-09-28-md-22241968-period_start,crs-flow-oecd-crs-energy-zaf-2023-q-2026-09-28-md-22241968,period_start,2023,year,2023-01-01,2023-12-31,oecd-crs-energy-zaf-2023-q-2026-09-28-md-22241968,2026-09-28
crs-flow-oecd-crs-energy-zaf-2023-q-2026-09-28-md-22241968-period_end,crs-flow-oecd-crs-energy-zaf-2023-q-2026-09-28-md-22241968,period_end,2023,year,2023-01-01,2023-12-31,oecd-crs-energy-zaf-2023-q-2026-09-28-md-22241968,2026-09-28
crs-flow-oecd-crs-energy-zaf-2023-q-2026-09-28-md-22241967-period_start,crs-flow-oecd-crs-energy-zaf-2023-q-2026-09-28-md-22241967,period_start,2023,year,2023-01-01,2023-12-31,oecd-crs-energy-zaf-2023-q-2026-09-28-md-22241967,2026-09-28
crs-flow-oecd-crs-energy-zaf-2023-q-2026-09-28-md-22241967-period_end,crs-flow-oecd-crs-energy-zaf-2023-q-2026-09-28-md-22241967,period_end,2023,year,2023-01-01,2023-12-31,oecd-crs-energy-zaf-2023-q-2026-09-28-md-22241967,2026-09-28
crs-flow-oecd-crs-energy-zaf-2023-q-2026-09-28-md-22232436-period_start,crs-flow-oecd-crs-energy-zaf-2023-q-2026-09-28-md-22232436,period_start,2023,year,2023-01-01,2023-12-31,oecd-crs-energy-zaf-2023-q-2026-09-28-md-22232436,2026-09-28
crs-flow-oecd-crs-energy-zaf-2023-q-2026-09-28-md-22232436-period_end,crs-flow-oecd-crs-energy-zaf-2023-q-2026-09-28-md-22232436,period_end,2023,year,2023-01-01,2023-12-31,oecd-crs-energy-zaf-2023-q-2026-09-28-md-22232436,2026-09-28
crs-flow-oecd-crs-energy-zaf-2023-q-2026-09-28-md-22818597-period_start,crs-flow-oecd-crs-energy-zaf-2023-q-2026-09-28-md-22818597,period_start,2023,year,2023-01-01,2023-12-31,oecd-crs-energy-zaf-2023-q-2026-09-28-md-22818597,2026-09-28
crs-flow-oecd-crs-energy-zaf-2023-q-2026-09-28-md-22818597-period_end,crs-flow-oecd-crs-energy-zaf-2023-q-2026-09-28-md-22818597,period_end,2023,year,2023-01-01,2023-12-31,oecd-crs-energy-zaf-2023-q-2026-09-28-md-22818597,2026-09-28
crs-flow-oecd-crs-energy-zaf-2023-q-2026-09-28-md-22819012-period_start,crs-flow-oecd-crs-energy-zaf-2023-q-2026-09-28-md-22819012,period_start,2023,year,2023-01-01,2023-12-31,oecd-crs-energy-zaf-2023-q-2026-09-28-md-22819012,2026-09-28
crs-flow-oecd-crs-energy-zaf-2023-q-2026-09-28-md-22819012-period_end,crs-flow-oecd-crs-energy-zaf-2023-q-2026-09-28-md-22819012,period_end,2023,year,2023-01-01,2023-12-31,oecd-crs-energy-zaf-2023-q-2026-09-28-md-22819012,2026-09-28
crs-flow-oecd-crs-energy-zaf-2023-q-2026-09-28-md-22800362-period_start,crs-flow-oecd-crs-energy-zaf-2023-q-2026-09-28-md-22800362,period_start,2023,year,2023-01-01,2023-12-31,oecd-crs-energy-zaf-2023-q-2026-09-28-md-22800362,2026-09-28
crs-flow-oecd-crs-energy-zaf-2023-q-2026-09-28-md-22800362-period_end,crs-flow-oecd-crs-energy-zaf-2023-q-2026-09-28-md-22800362,period_end,2023,year,2023-01-01,2023-12-31,oecd-crs-energy-zaf-2023-q-2026-09-28-md-22800362,2026-09-28
crs-flow-oecd-crs-energy-zaf-2023-q-2026-09-28-md-22218053-period_start,crs-flow-oecd-crs-energy-zaf-2023-q-2026-09-28-md-22218053,period_start,2023,year,2023-01-01,2023-12-31,oecd-crs-energy-zaf-2023-q-2026-09-28-md-22218053,2026-09-28
crs-flow-oecd-crs-energy-zaf-2023-q-2026-09-28-md-22218053-period_end,crs-flow-oecd-crs-energy-zaf-2023-q-2026-09-28-md-22218053,period_end,2023,year,2023-01-01,2023-12-31,oecd-crs-energy-zaf-2023-q-2026-09-28-md-22218053,2026-09-28
crs-flow-oecd-crs-energy-zaf-2023-q-2026-09-28-md-22665601-period_start,crs-flow-oecd-crs-energy-zaf-2023-q-2026-09-28-md-22665601,period_start,2023,year,2023-01-01,2023-12-31,oecd-crs-energy-zaf-2023-q-2026-09-28-md-22665601,2026-09-28
crs-flow-oecd-crs-energy-zaf-2023-q-2026-09-28-md-22665601-period_end,crs-flow-oecd-crs-energy-zaf-2023-q-2026-09-28-md-22665601,period_end,2023,year,2023-01-01,2023-12-31,oecd-crs-energy-zaf-2023-q-2026-09-28-md-22665601,2026-09-28
crs-flow-oecd-crs-energy-zaf-2023-q-2026-09-28-md-22313982-period_start,crs-flow-oecd-crs-energy-zaf-2023-q-2026-09-28-md-22313982,period_start,2023,year,2023-01-01,2023-12-31,oecd-crs-energy-zaf-2023-q-2026-09-28-md-22313982,2026-09-28
crs-flow-oecd-crs-energy-zaf-2023-q-2026-09-28-md-22313982-period_end,crs-flow-oecd-crs-energy-zaf-2023-q-2026-09-28-md-22313982,period_end,2023,year,2023-01-01,2023-12-31,oecd-crs-energy-zaf-2023-q-2026-09-28-md-22313982,2026-09-28
crs-flow-oecd-crs-energy-zaf-2023-q-2026-09-28-md-22313983-period_start,crs-flow-oecd-crs-energy-zaf-2023-q-2026-09-28-md-22313983,period_start,2023,year,2023-01-01,2023-12-31,oecd-crs-energy-zaf-2023-q-2026-09-28-md-22313983,2026-09-28
crs-flow-oecd-crs-energy-zaf-2023-q-2026-09-28-md-22313983-period_end,crs-flow-oecd-crs-energy-zaf-2023-q-2026-09-28-md-22313983,period_end,2023,year,2023-01-01,2023-12-31,oecd-crs-energy-zaf-2023-q-2026-09-28-md-22313983,2026-09-28
crs-flow-oecd-crs-energy-zaf-2023-q-2026-09-28-md-22799100-period_start,crs-flow-oecd-crs-energy-zaf-2023-q-2026-09-28-md-22799100,period_start,2023,year,2023-01-01,2023-12-31,oecd-crs-energy-zaf-2023-q-2026-09-28-md-22799100,2026-09-28
crs-flow-oecd-crs-energy-zaf-2023-q-2026-09-28-md-22799100-period_end,crs-flow-oecd-crs-energy-zaf-2023-q-2026-09-28-md-22799100,period_end,2023,year,2023-01-01,2023-12-31,oecd-crs-energy-zaf-2023-q-2026-09-28-md-22799100,2026-09-28
crs-flow-oecd-crs-energy-zaf-2023-q-2026-09-28-md-22892525-period_start,crs-flow-oecd-crs-energy-zaf-2023-q-2026-09-28-md-22892525,period_start,2023,year,2023-01-01,2023-12-31,oecd-crs-energy-zaf-2023-q-2026-09-28-md-22892525,2026-09-28
crs-flow-oecd-crs-energy-zaf-2023-q-2026-09-28-md-22892525-period_end,crs-flow-oecd-crs-energy-zaf-2023-q-2026-09-28-md-22892525,period_end,2023,year,2023-01-01,2023-12-31,oecd-crs-energy-zaf-2023-q-2026-09-28-md-22892525,2026-09-28
crs-flow-oecd-crs-energy-zaf-2023-q-2026-09-28-md-22892523-period_start,crs-flow-oecd-crs-energy-zaf-2023-q-2026-09-28-md-22892523,period_start,2023,year,2023-01-01,2023-12-31,oecd-crs-energy-zaf-2023-q-2026-09-28-md-22892523,2026-09-28
crs-flow-oecd-crs-energy-zaf-2023-q-2026-09-28-md-22892523-period_end,crs-flow-oecd-crs-energy-zaf-2023-q-2026-09-28-md-22892523,period_end,2023,year,2023-01-01,2023-12-31,oecd-crs-energy-zaf-2023-q-2026-09-28-md-22892523,2026-09-28
crs-flow-oecd-crs-energy-zaf-2023-q-2026-09-28-md-22915332-period_start,crs-flow-oecd-crs-energy-zaf-2023-q-2026-09-28-md-22915332,period_start,2023,year,2023-01-01,2023-12-31,oecd-crs-energy-zaf-2023-q-2026-09-28-md-22915332,2026-09-28
crs-flow-oecd-crs-energy-zaf-2023-q-2026-09-28-md-22915332-period_end,crs-flow-oecd-crs-energy-zaf-2023-q-2026-09-28-md-22915332,period_end,2023,year,2023-01-01,2023-12-31,oecd-crs-energy-zaf-2023-q-2026-09-28-md-22915332,2026-09-28
crs-flow-oecd-crs-energy-zaf-2023-q-2026-09-28-md-22915094-period_start,crs-flow-oecd-crs-energy-zaf-2023-q-2026-09-28-md-22915094,period_start,2023,year,2023-01-01,2023-12-31,oecd-crs-energy-zaf-2023-q-2026-09-28-md-22915094,2026-09-28
crs-flow-oecd-crs-energy-zaf-2023-q-2026-09-28-md-22915094-period_end,crs-flow-oecd-crs-energy-zaf-2023-q-2026-09-28-md-22915094,period_end,2023,year,2023-01-01,2023-12-31,oecd-crs-energy-zaf-2023-q-2026-09-28-md-22915094,2026-09-28
crs-flow-oecd-crs-energy-zaf-2023-q-2026-09-28-md-22915331-period_start,crs-flow-oecd-crs-energy-zaf-2023-q-2026-09-28-md-22915331,period_start,2023,year,2023-01-01,2023-12-31,oecd-crs-energy-zaf-2023-q-2026-09-28-md-22915331,2026-09-28
crs-flow-oecd-crs-energy-zaf-2023-q-2026-09-28-md-22915331-period_end,crs-flow-oecd-crs-energy-zaf-2023-q-2026-09-28-md-22915331,period_end,2023,year,2023-01-01,2023-12-31,oecd-crs-energy-zaf-2023-q-2026-09-28-md-22915331,2026-09-28
crs-flow-oecd-crs-energy-zaf-2023-q-2026-09-28-md-22915357-period_start,crs-flow-oecd-crs-energy-zaf-2023-q-2026-09-28-md-22915357,period_start,2023,year,2023-01-01,2023-12-31,oecd-crs-energy-zaf-2023-q-2026-09-28-md-22915357,2026-09-28
crs-flow-oecd-crs-energy-zaf-2023-q-2026-09-28-md-22915357-period_end,crs-flow-oecd-crs-energy-zaf-2023-q-2026-09-28-md-22915357,period_end,2023,year,2023-01-01,2023-12-31,oecd-crs-energy-zaf-2023-q-2026-09-28-md-22915357,2026-09-28
crs-flow-oecd-crs-energy-zaf-2023-q-2026-09-28-md-22915330-period_start,crs-flow-oecd-crs-energy-zaf-2023-q-2026-09-28-md-22915330,period_start,2023,year,2023-01-01,2023-12-31,oecd-crs-energy-zaf-2023-q-2026-09-28-md-22915330,2026-09-28
crs-flow-oecd-crs-energy-zaf-2023-q-2026-09-28-md-22915330-period_end,crs-flow-oecd-crs-energy-zaf-2023-q-2026-09-28-md-22915330,period_end,2023,year,2023-01-01,2023-12-31,oecd-crs-energy-zaf-2023-q-2026-09-28-md-22915330,2026-09-28
crs-flow-oecd-crs-energy-zaf-2023-q-2026-09-28-md-22915329-period_start,crs-flow-oecd-crs-energy-zaf-2023-q-2026-09-28-md-22915329,period_start,2023,year,2023-01-01,2023-12-31,oecd-crs-energy-zaf-2023-q-2026-09-28-md-22915329,2026-09-28
crs-flow-oecd-crs-energy-zaf-2023-q-2026-09-28-md-22915329-period_end,crs-flow-oecd-crs-energy-zaf-2023-q-2026-09-28-md-22915329,period_end,2023,year,2023-01-01,2023-12-31,oecd-crs-energy-zaf-2023-q-2026-09-28-md-22915329,2026-09-28
crs-flow-oecd-crs-energy-zaf-2023-q-2026-09-28-md-22915328-period_start,crs-flow-oecd-crs-energy-zaf-2023-q-2026-09-28-md-22915328,period_start,2023,year,2023-01-01,2023-12-31,oecd-crs-energy-zaf-2023-q-2026-09-28-md-22915328,2026-09-28
crs-flow-oecd-crs-energy-zaf-2023-q-2026-09-28-md-22915328-period_end,crs-flow-oecd-crs-energy-zaf-2023-q-2026-09-28-md-22915328,period_end,2023,year,2023-01-01,2023-12-31,oecd-crs-energy-zaf-2023-q-2026-09-28-md-22915328,2026-09-28
crs-flow-oecd-crs-energy-zaf-2023-q-2026-09-28-md-22915356-period_start,crs-flow-oecd-crs-energy-zaf-2023-q-2026-09-28-md-22915356,period_start,2023,year,2023-01-01,2023-12-31,oecd-crs-energy-zaf-2023-q-2026-09-28-md-22915356,2026-09-28
crs-flow-oecd-crs-energy-zaf-2023-q-2026-09-28-md-22915356-period_end,crs-flow-oecd-crs-energy-zaf-2023-q-2026-09-28-md-22915356,period_end,2023,year,2023-01-01,2023-12-31,oecd-crs-energy-zaf-2023-q-2026-09-28-md-22915356,2026-09-28
crs-flow-oecd-crs-energy-zaf-2023-q-2026-09-28-md-22911443-period_start,crs-flow-oecd-crs-energy-zaf-2023-q-2026-09-28-md-22911443,period_start,2023,year,2023-01-01,2023-12-31,oecd-crs-energy-zaf-2023-q-2026-09-28-md-22911443,2026-09-28
crs-flow-oecd-crs-energy-zaf-2023-q-2026-09-28-md-22911443-period_end,crs-flow-oecd-crs-energy-zaf-2023-q-2026-09-28-md-22911443,period_end,2023,year,2023-01-01,2023-12-31,oecd-crs-energy-zaf-2023-q-2026-09-28-md-22911443,2026-09-28
crs-flow-oecd-crs-energy-zaf-2023-q-2026-09-28-md-22915333-period_start,crs-flow-oecd-crs-energy-zaf-2023-q-2026-09-28-md-22915333,period_start,2023,year,2023-01-01,2023-12-31,oecd-crs-energy-zaf-2023-q-2026-09-28-md-22915333,2026-09-28
crs-flow-oecd-crs-energy-zaf-2023-q-2026-09-28-md-22915333-period_end,crs-flow-oecd-crs-energy-zaf-2023-q-2026-09-28-md-22915333,period_end,2023,year,2023-01-01,2023-12-31,oecd-crs-energy-zaf-2023-q-2026-09-28-md-22915333,2026-09-28
crs-flow-oecd-crs-energy-zaf-2023-q-2026-09-28-md-22909821-period_start,crs-flow-oecd-crs-energy-zaf-2023-q-2026-09-28-md-22909821,period_start,2023,year,2023-01-01,2023-12-31,oecd-crs-energy-zaf-2023-q-2026-09-28-md-22909821,2026-09-28
crs-flow-oecd-crs-energy-zaf-2023-q-2026-09-28-md-22909821-period_end,crs-flow-oecd-crs-energy-zaf-2023-q-2026-09-28-md-22909821,period_end,2023,year,2023-01-01,2023-12-31,oecd-crs-energy-zaf-2023-q-2026-09-28-md-22909821,2026-09-28
crs-flow-oecd-crs-energy-zaf-2023-q-2026-09-28-md-22909820-period_start,crs-flow-oecd-crs-energy-zaf-2023-q-2026-09-28-md-22909820,period_start,2023,year,2023-01-01,2023-12-31,oecd-crs-energy-zaf-2023-q-2026-09-28-md-22909820,2026-09-28
crs-flow-oecd-crs-energy-zaf-2023-q-2026-09-28-md-22909820-period_end,crs-flow-oecd-crs-energy-zaf-2023-q-2026-09-28-md-22909820,period_end,2023,year,2023-01-01,2023-12-31,oecd-crs-energy-zaf-2023-q-2026-09-28-md-22909820,2026-09-28
crs-flow-oecd-crs-energy-zaf-2023-q-2026-09-28-md-22904014-period_start,crs-flow-oecd-crs-energy-zaf-2023-q-2026-09-28-md-22904014,period_start,2023,year,2023-01-01,2023-12-31,oecd-crs-energy-zaf-2023-q-2026-09-28-md-22904014,2026-09-28
crs-flow-oecd-crs-energy-zaf-2023-q-2026-09-28-md-22904014-period_end,crs-flow-oecd-crs-energy-zaf-2023-q-2026-09-28-md-22904014,period_end,2023,year,2023-01-01,2023-12-31,oecd-crs-energy-zaf-2023-q-2026-09-28-md-22904014,2026-09-28
crs-flow-oecd-crs-energy-zaf-2023-q-2026-09-28-md-22904183-period_start,crs-flow-oecd-crs-energy-zaf-2023-q-2026-09-28-md-22904183,period_start,2023,year,2023-01-01,2023-12-31,oecd-crs-energy-zaf-2023-q-2026-09-28-md-22904183,2026-09-28
crs-flow-oecd-crs-energy-zaf-2023-q-2026-09-28-md-22904183-period_end,crs-flow-oecd-crs-energy-zaf-2023-q-2026-09-28-md-22904183,period_end,2023,year,2023-01-01,2023-12-31,oecd-crs-energy-zaf-2023-q-2026-09-28-md-22904183,2026-09-28
crs-flow-oecd-crs-energy-zaf-2023-q-2026-09-28-md-22904184-period_start,crs-flow-oecd-crs-energy-zaf-2023-q-2026-09-28-md-22904184,period_start,2023,year,2023-01-01,2023-12-31,oecd-crs-energy-zaf-2023-q-2026-09-28-md-22904184,2026-09-28
crs-flow-oecd-crs-energy-zaf-2023-q-2026-09-28-md-22904184-period_end,crs-flow-oecd-crs-energy-zaf-2023-q-2026-09-28-md-22904184,period_end,2023,year,2023-01-01,2023-12-31,oecd-crs-energy-zaf-2023-q-2026-09-28-md-22904184,2026-09-28
crs-flow-oecd-crs-energy-zaf-2023-q-2026-09-28-md-22295380-period_start,crs-flow-oecd-crs-energy-zaf-2023-q-2026-09-28-md-22295380,period_start,2023,year,2023-01-01,2023-12-31,oecd-crs-energy-zaf-2023-q-2026-09-28-md-22295380,2026-09-28
crs-flow-oecd-crs-energy-zaf-2023-q-2026-09-28-md-22295380-period_end,crs-flow-oecd-crs-energy-zaf-2023-q-2026-09-28-md-22295380,period_end,2023,year,2023-01-01,2023-12-31,oecd-crs-energy-zaf-2023-q-2026-09-28-md-22295380,2026-09-28
crs-flow-oecd-crs-energy-zaf-2023-q-2026-09-28-md-22295379-period_start,crs-flow-oecd-crs-energy-zaf-2023-q-2026-09-28-md-22295379,period_start,2023,year,2023-01-01,2023-12-31,oecd-crs-energy-zaf-2023-q-2026-09-28-md-22295379,2026-09-28
crs-flow-oecd-crs-energy-zaf-2023-q-2026-09-28-md-22295379-period_end,crs-flow-oecd-crs-energy-zaf-2023-q-2026-09-28-md-22295379,period_end,2023,year,2023-01-01,2023-12-31,oecd-crs-energy-zaf-2023-q-2026-09-28-md-22295379,2026-09-28
crs-flow-oecd-crs-energy-zaf-2023-q-2026-09-28-md-22295136-period_start,crs-flow-oecd-crs-energy-zaf-2023-q-2026-09-28-md-22295136,period_start,2023,year,2023-01-01,2023-12-31,oecd-crs-energy-zaf-2023-q-2026-09-28-md-22295136,2026-09-28
crs-flow-oecd-crs-energy-zaf-2023-q-2026-09-28-md-22295136-period_end,crs-flow-oecd-crs-energy-zaf-2023-q-2026-09-28-md-22295136,period_end,2023,year,2023-01-01,2023-12-31,oecd-crs-energy-zaf-2023-q-2026-09-28-md-22295136,2026-09-28
crs-flow-oecd-crs-energy-zaf-2023-q-2026-09-28-md-22295135-period_start,crs-flow-oecd-crs-energy-zaf-2023-q-2026-09-28-md-22295135,period_start,2023,year,2023-01-01,2023-12-31,oecd-crs-energy-zaf-2023-q-2026-09-28-md-22295135,2026-09-28
crs-flow-oecd-crs-energy-zaf-2023-q-2026-09-28-md-22295135-period_end,crs-flow-oecd-crs-energy-zaf-2023-q-2026-09-28-md-22295135,period_end,2023,year,2023-01-01,2023-12-31,oecd-crs-energy-zaf-2023-q-2026-09-28-md-22295135,2026-09-28
crs-flow-oecd-crs-energy-zaf-2023-q-2026-09-28-md-22903283-period_start,crs-flow-oecd-crs-energy-zaf-2023-q-2026-09-28-md-22903283,period_start,2023,year,2023-01-01,2023-12-31,oecd-crs-energy-zaf-2023-q-2026-09-28-md-22903283,2026-09-28
crs-flow-oecd-crs-energy-zaf-2023-q-2026-09-28-md-22903283-period_end,crs-flow-oecd-crs-energy-zaf-2023-q-2026-09-28-md-22903283,period_end,2023,year,2023-01-01,2023-12-31,oecd-crs-energy-zaf-2023-q-2026-09-28-md-22903283,2026-09-28
crs-flow-oecd-crs-energy-zaf-2023-q-2026-09-28-md-22903282-period_start,crs-flow-oecd-crs-energy-zaf-2023-q-2026-09-28-md-22903282,period_start,2023,year,2023-01-01,2023-12-31,oecd-crs-energy-zaf-2023-q-2026-09-28-md-22903282,2026-09-28
crs-flow-oecd-crs-energy-zaf-2023-q-2026-09-28-md-22903282-period_end,crs-flow-oecd-crs-energy-zaf-2023-q-2026-09-28-md-22903282,period_end,2023,year,2023-01-01,2023-12-31,oecd-crs-energy-zaf-2023-q-2026-09-28-md-22903282,2026-09-28
crs-flow-oecd-crs-energy-zaf-2023-q-2026-09-28-md-22895440-period_start,crs-flow-oecd-crs-energy-zaf-2023-q-2026-09-28-md-22895440,period_start,2023,year,2023-01-01,2023-12-31,oecd-crs-energy-zaf-2023-q-2026-09-28-md-22895440,2026-09-28
crs-flow-oecd-crs-energy-zaf-2023-q-2026-09-28-md-22895440-period_end,crs-flow-oecd-crs-energy-zaf-2023-q-2026-09-28-md-22895440,period_end,2023,year,2023-01-01,2023-12-31,oecd-crs-energy-zaf-2023-q-2026-09-28-md-22895440,2026-09-28
crs-flow-oecd-crs-energy-zaf-2023-q-2026-09-28-md-22286848-period_start,crs-flow-oecd-crs-energy-zaf-2023-q-2026-09-28-md-22286848,period_start,2023,year,2023-01-01,2023-12-31,oecd-crs-energy-zaf-2023-q-2026-09-28-md-22286848,2026-09-28
crs-flow-oecd-crs-energy-zaf-2023-q-2026-09-28-md-22286848-period_end,crs-flow-oecd-crs-energy-zaf-2023-q-2026-09-28-md-22286848,period_end,2023,year,2023-01-01,2023-12-31,oecd-crs-energy-zaf-2023-q-2026-09-28-md-22286848,2026-09-28
crs-flow-oecd-crs-energy-zaf-2023-q-2026-09-28-md-22286578-period_start,crs-flow-oecd-crs-energy-zaf-2023-q-2026-09-28-md-22286578,period_start,2023,year,2023-01-01,2023-12-31,oecd-crs-energy-zaf-2023-q-2026-09-28-md-22286578,2026-09-28
crs-flow-oecd-crs-energy-zaf-2023-q-2026-09-28-md-22286578-period_end,crs-flow-oecd-crs-energy-zaf-2023-q-2026-09-28-md-22286578,period_end,2023,year,2023-01-01,2023-12-31,oecd-crs-energy-zaf-2023-q-2026-09-28-md-22286578,2026-09-28
crs-flow-oecd-crs-energy-zaf-2023-q-2026-09-28-md-22895105-period_start,crs-flow-oecd-crs-energy-zaf-2023-q-2026-09-28-md-22895105,period_start,2023,year,2023-01-01,2023-12-31,oecd-crs-energy-zaf-2023-q-2026-09-28-md-22895105,2026-09-28
crs-flow-oecd-crs-energy-zaf-2023-q-2026-09-28-md-22895105-period_end,crs-flow-oecd-crs-energy-zaf-2023-q-2026-09-28-md-22895105,period_end,2023,year,2023-01-01,2023-12-31,oecd-crs-energy-zaf-2023-q-2026-09-28-md-22895105,2026-09-28
crs-flow-oecd-crs-energy-zaf-2023-q-2026-09-28-md-22895243-period_start,crs-flow-oecd-crs-energy-zaf-2023-q-2026-09-28-md-22895243,period_start,2023,year,2023-01-01,2023-12-31,oecd-crs-energy-zaf-2023-q-2026-09-28-md-22895243,2026-09-28
crs-flow-oecd-crs-energy-zaf-2023-q-2026-09-28-md-22895243-period_end,crs-flow-oecd-crs-energy-zaf-2023-q-2026-09-28-md-22895243,period_end,2023,year,2023-01-01,2023-12-31,oecd-crs-energy-zaf-2023-q-2026-09-28-md-22895243,2026-09-28
crs-flow-oecd-crs-energy-zaf-2023-q-2026-09-28-md-22286429-period_start,crs-flow-oecd-crs-energy-zaf-2023-q-2026-09-28-md-22286429,period_start,2023,year,2023-01-01,2023-12-31,oecd-crs-energy-zaf-2023-q-2026-09-28-md-22286429,2026-09-28
crs-flow-oecd-crs-energy-zaf-2023-q-2026-09-28-md-22286429-period_end,crs-flow-oecd-crs-energy-zaf-2023-q-2026-09-28-md-22286429,period_end,2023,year,2023-01-01,2023-12-31,oecd-crs-energy-zaf-2023-q-2026-09-28-md-22286429,2026-09-28
crs-flow-oecd-crs-energy-zaf-2023-q-2026-09-28-md-22892987-period_start,crs-flow-oecd-crs-energy-zaf-2023-q-2026-09-28-md-22892987,period_start,2023,year,2023-01-01,2023-12-31,oecd-crs-energy-zaf-2023-q-2026-09-28-md-22892987,2026-09-28
crs-flow-oecd-crs-energy-zaf-2023-q-2026-09-28-md-22892987-period_end,crs-flow-oecd-crs-energy-zaf-2023-q-2026-09-28-md-22892987,period_end,2023,year,2023-01-01,2023-12-31,oecd-crs-energy-zaf-2023-q-2026-09-28-md-22892987,2026-09-28
crs-flow-oecd-crs-energy-zaf-2023-q-2026-09-28-md-22895242-period_start,crs-flow-oecd-crs-energy-zaf-2023-q-2026-09-28-md-22895242,period_start,2023,year,2023-01-01,2023-12-31,oecd-crs-energy-zaf-2023-q-2026-09-28-md-22895242,2026-09-28
crs-flow-oecd-crs-energy-zaf-2023-q-2026-09-28-md-22895242-period_end,crs-flow-oecd-crs-energy-zaf-2023-q-2026-09-28-md-22895242,period_end,2023,year,2023-01-01,2023-12-31,oecd-crs-energy-zaf-2023-q-2026-09-28-md-22895242,2026-09-28
crs-flow-oecd-crs-energy-zaf-2023-q-2026-09-28-md-22289751-period_start,crs-flow-oecd-crs-energy-zaf-2023-q-2026-09-28-md-22289751,period_start,2023,year,2023-01-01,2023-12-31,oecd-crs-energy-zaf-2023-q-2026-09-28-md-22289751,2026-09-28
crs-flow-oecd-crs-energy-zaf-2023-q-2026-09-28-md-22289751-period_end,crs-flow-oecd-crs-energy-zaf-2023-q-2026-09-28-md-22289751,period_end,2023,year,2023-01-01,2023-12-31,oecd-crs-energy-zaf-2023-q-2026-09-28-md-22289751,2026-09-28
crs-flow-oecd-crs-energy-zaf-2023-q-2026-09-28-md-22286579-period_start,crs-flow-oecd-crs-energy-zaf-2023-q-2026-09-28-md-22286579,period_start,2023,year,2023-01-01,2023-12-31,oecd-crs-energy-zaf-2023-q-2026-09-28-md-22286579,2026-09-28
crs-flow-oecd-crs-energy-zaf-2023-q-2026-09-28-md-22286579-period_end,crs-flow-oecd-crs-energy-zaf-2023-q-2026-09-28-md-22286579,period_end,2023,year,2023-01-01,2023-12-31,oecd-crs-energy-zaf-2023-q-2026-09-28-md-22286579,2026-09-28
crs-flow-oecd-crs-energy-zaf-2023-q-2026-09-28-md-22910011-period_start,crs-flow-oecd-crs-energy-zaf-2023-q-2026-09-28-md-22910011,period_start,2023,year,2023-01-01,2023-12-31,oecd-crs-energy-zaf-2023-q-2026-09-28-md-22910011,2026-09-28
crs-flow-oecd-crs-energy-zaf-2023-q-2026-09-28-md-22910011-period_end,crs-flow-oecd-crs-energy-zaf-2023-q-2026-09-28-md-22910011,period_end,2023,year,2023-01-01,2023-12-31,oecd-crs-energy-zaf-2023-q-2026-09-28-md-22910011,2026-09-28
crs-flow-oecd-crs-energy-zaf-2023-q-2026-09-28-md-22910010-period_start,crs-flow-oecd-crs-energy-zaf-2023-q-2026-09-28-md-22910010,period_start,2023,year,2023-01-01,2023-12-31,oecd-crs-energy-zaf-2023-q-2026-09-28-md-22910010,2026-09-28
crs-flow-oecd-crs-energy-zaf-2023-q-2026-09-28-md-22910010-period_end,crs-flow-oecd-crs-energy-zaf-2023-q-2026-09-28-md-22910010,period_end,2023,year,2023-01-01,2023-12-31,oecd-crs-energy-zaf-2023-q-2026-09-28-md-22910010,2026-09-28
crs-flow-oecd-crs-energy-zaf-2023-q-2026-09-28-md-22910006-period_start,crs-flow-oecd-crs-energy-zaf-2023-q-2026-09-28-md-22910006,period_start,2023,year,2023-01-01,2023-12-31,oecd-crs-energy-zaf-2023-q-2026-09-28-md-22910006,2026-09-28
crs-flow-oecd-crs-energy-zaf-2023-q-2026-09-28-md-22910006-period_end,crs-flow-oecd-crs-energy-zaf-2023-q-2026-09-28-md-22910006,period_end,2023,year,2023-01-01,2023-12-31,oecd-crs-energy-zaf-2023-q-2026-09-28-md-22910006,2026-09-28
crs-flow-oecd-crs-energy-zaf-2023-q-2026-09-28-md-22910009-period_start,crs-flow-oecd-crs-energy-zaf-2023-q-2026-09-28-md-22910009,period_start,2023,year,2023-01-01,2023-12-31,oecd-crs-energy-zaf-2023-q-2026-09-28-md-22910009,2026-09-28
crs-flow-oecd-crs-energy-zaf-2023-q-2026-09-28-md-22910009-period_end,crs-flow-oecd-crs-energy-zaf-2023-q-2026-09-28-md-22910009,period_end,2023,year,2023-01-01,2023-12-31,oecd-crs-energy-zaf-2023-q-2026-09-28-md-22910009,2026-09-28
crs-flow-oecd-crs-energy-zaf-2023-q-2026-09-28-md-22910007-period_start,crs-flow-oecd-crs-energy-zaf-2023-q-2026-09-28-md-22910007,period_start,2023,year,2023-01-01,2023-12-31,oecd-crs-energy-zaf-2023-q-2026-09-28-md-22910007,2026-09-28
crs-flow-oecd-crs-energy-zaf-2023-q-2026-09-28-md-22910007-period_end,crs-flow-oecd-crs-energy-zaf-2023-q-2026-09-28-md-22910007,period_end,2023,year,2023-01-01,2023-12-31,oecd-crs-energy-zaf-2023-q-2026-09-28-md-22910007,2026-09-28
crs-flow-oecd-crs-energy-zaf-2023-q-2026-09-28-md-22910005-period_start,crs-flow-oecd-crs-energy-zaf-2023-q-2026-09-28-md-22910005,period_start,2023,year,2023-01-01,2023-12-31,oecd-crs-energy-zaf-2023-q-2026-09-28-md-22910005,2026-09-28
crs-flow-oecd-crs-energy-zaf-2023-q-2026-09-28-md-22910005-period_end,crs-flow-oecd-crs-energy-zaf-2023-q-2026-09-28-md-22910005,period_end,2023,year,2023-01-01,2023-12-31,oecd-crs-energy-zaf-2023-q-2026-09-28-md-22910005,2026-09-28
crs-flow-oecd-crs-energy-zaf-2023-q-2026-09-28-md-22910004-period_start,crs-flow-oecd-crs-energy-zaf-2023-q-2026-09-28-md-22910004,period_start,2023,year,2023-01-01,2023-12-31,oecd-crs-energy-zaf-2023-q-2026-09-28-md-22910004,2026-09-28
crs-flow-oecd-crs-energy-zaf-2023-q-2026-09-28-md-22910004-period_end,crs-flow-oecd-crs-energy-zaf-2023-q-2026-09-28-md-22910004,period_end,2023,year,2023-01-01,2023-12-31,oecd-crs-energy-zaf-2023-q-2026-09-28-md-22910004,2026-09-28
crs-flow-oecd-crs-energy-zaf-2023-q-2026-09-28-md-22910008-period_start,crs-flow-oecd-crs-energy-zaf-2023-q-2026-09-28-md-22910008,period_start,2023,year,2023-01-01,2023-12-31,oecd-crs-energy-zaf-2023-q-2026-09-28-md-22910008,2026-09-28
crs-flow-oecd-crs-energy-zaf-2023-q-2026-09-28-md-22910008-period_end,crs-flow-oecd-crs-energy-zaf-2023-q-2026-09-28-md-22910008,period_end,2023,year,2023-01-01,2023-12-31,oecd-crs-energy-zaf-2023-q-2026-09-28-md-22910008,2026-09-28
crs-flow-oecd-crs-energy-zaf-2023-q-2026-09-28-md-22908616-period_start,crs-flow-oecd-crs-energy-zaf-2023-q-2026-09-28-md-22908616,period_start,2023,year,2023-01-01,2023-12-31,oecd-crs-energy-zaf-2023-q-2026-09-28-md-22908616,2026-09-28
crs-flow-oecd-crs-energy-zaf-2023-q-2026-09-28-md-22908616-period_end,crs-flow-oecd-crs-energy-zaf-2023-q-2026-09-28-md-22908616,period_end,2023,year,2023-01-01,2023-12-31,oecd-crs-energy-zaf-2023-q-2026-09-28-md-22908616,2026-09-28
crs-flow-oecd-crs-energy-zaf-2023-q-2026-09-28-md-22300686-period_start,crs-flow-oecd-crs-energy-zaf-2023-q-2026-09-28-md-22300686,period_start,2023,year,2023-01-01,2023-12-31,oecd-crs-energy-zaf-2023-q-2026-09-28-md-22300686,2026-09-28
crs-flow-oecd-crs-energy-zaf-2023-q-2026-09-28-md-22300686-period_end,crs-flow-oecd-crs-energy-zaf-2023-q-2026-09-28-md-22300686,period_end,2023,year,2023-01-01,2023-12-31,oecd-crs-energy-zaf-2023-q-2026-09-28-md-22300686,2026-09-28
crs-flow-oecd-crs-energy-zaf-2023-q-2026-09-28-md-22915648-period_start,crs-flow-oecd-crs-energy-zaf-2023-q-2026-09-28-md-22915648,period_start,2023,year,2023-01-01,2023-12-31,oecd-crs-energy-zaf-2023-q-2026-09-28-md-22915648,2026-09-28
crs-flow-oecd-crs-energy-zaf-2023-q-2026-09-28-md-22915648-period_end,crs-flow-oecd-crs-energy-zaf-2023-q-2026-09-28-md-22915648,period_end,2023,year,2023-01-01,2023-12-31,oecd-crs-energy-zaf-2023-q-2026-09-28-md-22915648,2026-09-28
crs-flow-oecd-crs-energy-zaf-2023-q-2026-09-28-md-22297160-period_start,crs-flow-oecd-crs-energy-zaf-2023-q-2026-09-28-md-22297160,period_start,2023,year,2023-01-01,2023-12-31,oecd-crs-energy-zaf-2023-q-2026-09-28-md-22297160,2026-09-28
crs-flow-oecd-crs-energy-zaf-2023-q-2026-09-28-md-22297160-period_end,crs-flow-oecd-crs-energy-zaf-2023-q-2026-09-28-md-22297160,period_end,2023,year,2023-01-01,2023-12-31,oecd-crs-energy-zaf-2023-q-2026-09-28-md-22297160,2026-09-28
crs-flow-oecd-crs-energy-zaf-2023-q-2026-09-28-md-22782925-period_start,crs-flow-oecd-crs-energy-zaf-2023-q-2026-09-28-md-22782925,period_start,2023,year,2023-01-01,2023-12-31,oecd-crs-energy-zaf-2023-q-2026-09-28-md-22782925,2026-09-28
crs-flow-oecd-crs-energy-zaf-2023-q-2026-09-28-md-22782925-period_end,crs-flow-oecd-crs-energy-zaf-2023-q-2026-09-28-md-22782925,period_end,2023,year,2023-01-01,2023-12-31,oecd-crs-energy-zaf-2023-q-2026-09-28-md-22782925,2026-09-28
crs-flow-oecd-crs-energy-zaf-2023-q-2026-09-28-md-22206970-period_start,crs-flow-oecd-crs-energy-zaf-2023-q-2026-09-28-md-22206970,period_start,2023,year,2023-01-01,2023-12-31,oecd-crs-energy-zaf-2023-q-2026-09-28-md-22206970,2026-09-28
crs-flow-oecd-crs-energy-zaf-2023-q-2026-09-28-md-22206970-period_end,crs-flow-oecd-crs-energy-zaf-2023-q-2026-09-28-md-22206970,period_end,2023,year,2023-01-01,2023-12-31,oecd-crs-energy-zaf-2023-q-2026-09-28-md-22206970,2026-09-28
crs-flow-oecd-crs-energy-zaf-2023-q-2026-09-28-md-22878519-period_start,crs-flow-oecd-crs-energy-zaf-2023-q-2026-09-28-md-22878519,period_start,2023,year,2023-01-01,2023-12-31,oecd-crs-energy-zaf-2023-q-2026-09-28-md-22878519,2026-09-28
crs-flow-oecd-crs-energy-zaf-2023-q-2026-09-28-md-22878519-period_end,crs-flow-oecd-crs-energy-zaf-2023-q-2026-09-28-md-22878519,period_end,2023,year,2023-01-01,2023-12-31,oecd-crs-energy-zaf-2023-q-2026-09-28-md-22878519,2026-09-28
crs-flow-oecd-crs-energy-zaf-2023-q-2026-09-28-md-22889570-period_start,crs-flow-oecd-crs-energy-zaf-2023-q-2026-09-28-md-22889570,period_start,2023,year,2023-01-01,2023-12-31,oecd-crs-energy-zaf-2023-q-2026-09-28-md-22889570,2026-09-28
crs-flow-oecd-crs-energy-zaf-2023-q-2026-09-28-md-22889570-period_end,crs-flow-oecd-crs-energy-zaf-2023-q-2026-09-28-md-22889570,period_end,2023,year,2023-01-01,2023-12-31,oecd-crs-energy-zaf-2023-q-2026-09-28-md-22889570,2026-09-28
crs-flow-oecd-crs-energy-zaf-2023-q-2026-09-28-md-22941938-period_start,crs-flow-oecd-crs-energy-zaf-2023-q-2026-09-28-md-22941938,period_start,2023,year,2023-01-01,2023-12-31,oecd-crs-energy-zaf-2023-q-2026-09-28-md-22941938,2026-09-28
crs-flow-oecd-crs-energy-zaf-2023-q-2026-09-28-md-22941938-period_end,crs-flow-oecd-crs-energy-zaf-2023-q-2026-09-28-md-22941938,period_end,2023,year,2023-01-01,2023-12-31,oecd-crs-energy-zaf-2023-q-2026-09-28-md-22941938,2026-09-28
crs-flow-oecd-crs-energy-zaf-2023-q-2026-09-28-md-22730250-period_start,crs-flow-oecd-crs-energy-zaf-2023-q-2026-09-28-md-22730250,period_start,2023,year,2023-01-01,2023-12-31,oecd-crs-energy-zaf-2023-q-2026-09-28-md-22730250,2026-09-28
crs-flow-oecd-crs-energy-zaf-2023-q-2026-09-28-md-22730250-period_end,crs-flow-oecd-crs-energy-zaf-2023-q-2026-09-28-md-22730250,period_end,2023,year,2023-01-01,2023-12-31,oecd-crs-energy-zaf-2023-q-2026-09-28-md-22730250,2026-09-28
crs-flow-oecd-crs-energy-zaf-2023-q-2026-09-28-md-22730259-period_start,crs-flow-oecd-crs-energy-zaf-2023-q-2026-09-28-md-22730259,period_start,2023,year,2023-01-01,2023-12-31,oecd-crs-energy-zaf-2023-q-2026-09-28-md-22730259,2026-09-28
crs-flow-oecd-crs-energy-zaf-2023-q-2026-09-28-md-22730259-period_end,crs-flow-oecd-crs-energy-zaf-2023-q-2026-09-28-md-22730259,period_end,2023,year,2023-01-01,2023-12-31,oecd-crs-energy-zaf-2023-q-2026-09-28-md-22730259,2026-09-28
crs-flow-oecd-crs-energy-zaf-2023-q-2026-09-28-md-22730258-period_start,crs-flow-oecd-crs-energy-zaf-2023-q-2026-09-28-md-22730258,period_start,2023,year,2023-01-01,2023-12-31,oecd-crs-energy-zaf-2023-q-2026-09-28-md-22730258,2026-09-28
crs-flow-oecd-crs-energy-zaf-2023-q-2026-09-28-md-22730258-period_end,crs-flow-oecd-crs-energy-zaf-2023-q-2026-09-28-md-22730258,period_end,2023,year,2023-01-01,2023-12-31,oecd-crs-energy-zaf-2023-q-2026-09-28-md-22730258,2026-09-28
crs-flow-oecd-crs-energy-zaf-2023-q-2026-09-28-md-22730251-period_start,crs-flow-oecd-crs-energy-zaf-2023-q-2026-09-28-md-22730251,period_start,2023,year,2023-01-01,2023-12-31,oecd-crs-energy-zaf-2023-q-2026-09-28-md-22730251,2026-09-28
crs-flow-oecd-crs-energy-zaf-2023-q-2026-09-28-md-22730251-period_end,crs-flow-oecd-crs-energy-zaf-2023-q-2026-09-28-md-22730251,period_end,2023,year,2023-01-01,2023-12-31,oecd-crs-energy-zaf-2023-q-2026-09-28-md-22730251,2026-09-28
crs-flow-oecd-crs-energy-zaf-2023-q-2026-09-28-md-22636297-period_start,crs-flow-oecd-crs-energy-zaf-2023-q-2026-09-28-md-22636297,period_start,2023,year,2023-01-01,2023-12-31,oecd-crs-energy-zaf-2023-q-2026-09-28-md-22636297,2026-09-28
crs-flow-oecd-crs-energy-zaf-2023-q-2026-09-28-md-22636297-period_end,crs-flow-oecd-crs-energy-zaf-2023-q-2026-09-28-md-22636297,period_end,2023,year,2023-01-01,2023-12-31,oecd-crs-energy-zaf-2023-q-2026-09-28-md-22636297,2026-09-28
crs-flow-oecd-crs-energy-zaf-2023-q-2026-09-28-md-22115425-period_start,crs-flow-oecd-crs-energy-zaf-2023-q-2026-09-28-md-22115425,period_start,2023,year,2023-01-01,2023-12-31,oecd-crs-energy-zaf-2023-q-2026-09-28-md-22115425,2026-09-28
crs-flow-oecd-crs-energy-zaf-2023-q-2026-09-28-md-22115425-period_end,crs-flow-oecd-crs-energy-zaf-2023-q-2026-09-28-md-22115425,period_end,2023,year,2023-01-01,2023-12-31,oecd-crs-energy-zaf-2023-q-2026-09-28-md-22115425,2026-09-28
crs-flow-oecd-crs-energy-zaf-2023-q-2026-09-28-md-22718567-period_start,crs-flow-oecd-crs-energy-zaf-2023-q-2026-09-28-md-22718567,period_start,2023,year,2023-01-01,2023-12-31,oecd-crs-energy-zaf-2023-q-2026-09-28-md-22718567,2026-09-28
crs-flow-oecd-crs-energy-zaf-2023-q-2026-09-28-md-22718567-period_end,crs-flow-oecd-crs-energy-zaf-2023-q-2026-09-28-md-22718567,period_end,2023,year,2023-01-01,2023-12-31,oecd-crs-energy-zaf-2023-q-2026-09-28-md-22718567,2026-09-28
crs-flow-oecd-crs-energy-zaf-2023-q-2026-09-28-md-22718565-period_start,crs-flow-oecd-crs-energy-zaf-2023-q-2026-09-28-md-22718565,period_start,2023,year,2023-01-01,2023-12-31,oecd-crs-energy-zaf-2023-q-2026-09-28-md-22718565,2026-09-28
crs-flow-oecd-crs-energy-zaf-2023-q-2026-09-28-md-22718565-period_end,crs-flow-oecd-crs-energy-zaf-2023-q-2026-09-28-md-22718565,period_end,2023,year,2023-01-01,2023-12-31,oecd-crs-energy-zaf-2023-q-2026-09-28-md-22718565,2026-09-28
crs-flow-oecd-crs-energy-zaf-2023-q-2026-09-28-md-22666029-period_start,crs-flow-oecd-crs-energy-zaf-2023-q-2026-09-28-md-22666029,period_start,2023,year,2023-01-01,2023-12-31,oecd-crs-energy-zaf-2023-q-2026-09-28-md-22666029,2026-09-28
crs-flow-oecd-crs-energy-zaf-2023-q-2026-09-28-md-22666029-period_end,crs-flow-oecd-crs-energy-zaf-2023-q-2026-09-28-md-22666029,period_end,2023,year,2023-01-01,2023-12-31,oecd-crs-energy-zaf-2023-q-2026-09-28-md-22666029,2026-09-28
crs-flow-oecd-crs-energy-zaf-2023-q-2026-09-28-md-22127038-period_start,crs-flow-oecd-crs-energy-zaf-2023-q-2026-09-28-md-22127038,period_start,2023,year,2023-01-01,2023-12-31,oecd-crs-energy-zaf-2023-q-2026-09-28-md-22127038,2026-09-28
crs-flow-oecd-crs-energy-zaf-2023-q-2026-09-28-md-22127038-period_end,crs-flow-oecd-crs-energy-zaf-2023-q-2026-09-28-md-22127038,period_end,2023,year,2023-01-01,2023-12-31,oecd-crs-energy-zaf-2023-q-2026-09-28-md-22127038,2026-09-28
crs-flow-oecd-crs-energy-zaf-2023-q-2026-09-28-md-22666031-period_start,crs-flow-oecd-crs-energy-zaf-2023-q-2026-09-28-md-22666031,period_start,2023,year,2023-01-01,2023-12-31,oecd-crs-energy-zaf-2023-q-2026-09-28-md-22666031,2026-09-28
crs-flow-oecd-crs-energy-zaf-2023-q-2026-09-28-md-22666031-period_end,crs-flow-oecd-crs-energy-zaf-2023-q-2026-09-28-md-22666031,period_end,2023,year,2023-01-01,2023-12-31,oecd-crs-energy-zaf-2023-q-2026-09-28-md-22666031,2026-09-28
crs-flow-oecd-crs-energy-zaf-2023-q-2026-09-28-md-22127040-period_start,crs-flow-oecd-crs-energy-zaf-2023-q-2026-09-28-md-22127040,period_start,2023,year,2023-01-01,2023-12-31,oecd-crs-energy-zaf-2023-q-2026-09-28-md-22127040,2026-09-28
crs-flow-oecd-crs-energy-zaf-2023-q-2026-09-28-md-22127040-period_end,crs-flow-oecd-crs-energy-zaf-2023-q-2026-09-28-md-22127040,period_end,2023,year,2023-01-01,2023-12-31,oecd-crs-energy-zaf-2023-q-2026-09-28-md-22127040,2026-09-28
crs-flow-oecd-crs-energy-zaf-2023-q-2026-09-28-md-22660366-period_start,crs-flow-oecd-crs-energy-zaf-2023-q-2026-09-28-md-22660366,period_start,2023,year,2023-01-01,2023-12-31,oecd-crs-energy-zaf-2023-q-2026-09-28-md-22660366,2026-09-28
crs-flow-oecd-crs-energy-zaf-2023-q-2026-09-28-md-22660366-period_end,crs-flow-oecd-crs-energy-zaf-2023-q-2026-09-28-md-22660366,period_end,2023,year,2023-01-01,2023-12-31,oecd-crs-energy-zaf-2023-q-2026-09-28-md-22660366,2026-09-28
crs-flow-oecd-crs-energy-zaf-2023-q-2026-09-28-md-22127485-period_start,crs-flow-oecd-crs-energy-zaf-2023-q-2026-09-28-md-22127485,period_start,2023,year,2023-01-01,2023-12-31,oecd-crs-energy-zaf-2023-q-2026-09-28-md-22127485,2026-09-28
crs-flow-oecd-crs-energy-zaf-2023-q-2026-09-28-md-22127485-period_end,crs-flow-oecd-crs-energy-zaf-2023-q-2026-09-28-md-22127485,period_end,2023,year,2023-01-01,2023-12-31,oecd-crs-energy-zaf-2023-q-2026-09-28-md-22127485,2026-09-28
crs-flow-oecd-crs-energy-zaf-2023-q-2026-09-28-md-22765465-period_start,crs-flow-oecd-crs-energy-zaf-2023-q-2026-09-28-md-22765465,period_start,2023,year,2023-01-01,2023-12-31,oecd-crs-energy-zaf-2023-q-2026-09-28-md-22765465,2026-09-28
crs-flow-oecd-crs-energy-zaf-2023-q-2026-09-28-md-22765465-period_end,crs-flow-oecd-crs-energy-zaf-2023-q-2026-09-28-md-22765465,period_end,2023,year,2023-01-01,2023-12-31,oecd-crs-energy-zaf-2023-q-2026-09-28-md-22765465,2026-09-28
crs-flow-oecd-crs-energy-zaf-2023-q-2026-09-28-md-22201992-period_start,crs-flow-oecd-crs-energy-zaf-2023-q-2026-09-28-md-22201992,period_start,2023,year,2023-01-01,2023-12-31,oecd-crs-energy-zaf-2023-q-2026-09-28-md-22201992,2026-09-28
crs-flow-oecd-crs-energy-zaf-2023-q-2026-09-28-md-22201992-period_end,crs-flow-oecd-crs-energy-zaf-2023-q-2026-09-28-md-22201992,period_end,2023,year,2023-01-01,2023-12-31,oecd-crs-energy-zaf-2023-q-2026-09-28-md-22201992,2026-09-28
crs-flow-oecd-crs-energy-zaf-2023-q-2026-09-28-md-22232850-period_start,crs-flow-oecd-crs-energy-zaf-2023-q-2026-09-28-md-22232850,period_start,2023,year,2023-01-01,2023-12-31,oecd-crs-energy-zaf-2023-q-2026-09-28-md-22232850,2026-09-28
crs-flow-oecd-crs-energy-zaf-2023-q-2026-09-28-md-22232850-period_end,crs-flow-oecd-crs-energy-zaf-2023-q-2026-09-28-md-22232850,period_end,2023,year,2023-01-01,2023-12-31,oecd-crs-energy-zaf-2023-q-2026-09-28-md-22232850,2026-09-28
crs-flow-oecd-crs-energy-zaf-2023-q-2026-09-28-md-22819011-period_start,crs-flow-oecd-crs-energy-zaf-2023-q-2026-09-28-md-22819011,period_start,2023,year,2023-01-01,2023-12-31,oecd-crs-energy-zaf-2023-q-2026-09-28-md-22819011,2026-09-28
crs-flow-oecd-crs-energy-zaf-2023-q-2026-09-28-md-22819011-period_end,crs-flow-oecd-crs-energy-zaf-2023-q-2026-09-28-md-22819011,period_end,2023,year,2023-01-01,2023-12-31,oecd-crs-energy-zaf-2023-q-2026-09-28-md-22819011,2026-09-28
crs-flow-oecd-crs-energy-zaf-2023-q-2026-09-28-md-22232851-period_start,crs-flow-oecd-crs-energy-zaf-2023-q-2026-09-28-md-22232851,period_start,2023,year,2023-01-01,2023-12-31,oecd-crs-energy-zaf-2023-q-2026-09-28-md-22232851,2026-09-28
crs-flow-oecd-crs-energy-zaf-2023-q-2026-09-28-md-22232851-period_end,crs-flow-oecd-crs-energy-zaf-2023-q-2026-09-28-md-22232851,period_end,2023,year,2023-01-01,2023-12-31,oecd-crs-energy-zaf-2023-q-2026-09-28-md-22232851,2026-09-28
crs-flow-oecd-crs-energy-zaf-2023-q-2026-09-28-md-22176549-period_start,crs-flow-oecd-crs-energy-zaf-2023-q-2026-09-28-md-22176549,period_start,2023,year,2023-01-01,2023-12-31,oecd-crs-energy-zaf-2023-q-2026-09-28-md-22176549,2026-09-28
crs-flow-oecd-crs-energy-zaf-2023-q-2026-09-28-md-22176549-period_end,crs-flow-oecd-crs-energy-zaf-2023-q-2026-09-28-md-22176549,period_end,2023,year,2023-01-01,2023-12-31,oecd-crs-energy-zaf-2023-q-2026-09-28-md-22176549,2026-09-28
crs-flow-oecd-crs-energy-zaf-2023-q-2026-09-28-md-22702437-period_start,crs-flow-oecd-crs-energy-zaf-2023-q-2026-09-28-md-22702437,period_start,2023,year,2023-01-01,2023-12-31,oecd-crs-energy-zaf-2023-q-2026-09-28-md-22702437,2026-09-28
crs-flow-oecd-crs-energy-zaf-2023-q-2026-09-28-md-22702437-period_end,crs-flow-oecd-crs-energy-zaf-2023-q-2026-09-28-md-22702437,period_end,2023,year,2023-01-01,2023-12-31,oecd-crs-energy-zaf-2023-q-2026-09-28-md-22702437,2026-09-28
crs-flow-oecd-crs-energy-zaf-2023-q-2026-09-28-md-22705495-period_start,crs-flow-oecd-crs-energy-zaf-2023-q-2026-09-28-md-22705495,period_start,2023,year,2023-01-01,2023-12-31,oecd-crs-energy-zaf-2023-q-2026-09-28-md-22705495,2026-09-28
crs-flow-oecd-crs-energy-zaf-2023-q-2026-09-28-md-22705495-period_end,crs-flow-oecd-crs-energy-zaf-2023-q-2026-09-28-md-22705495,period_end,2023,year,2023-01-01,2023-12-31,oecd-crs-energy-zaf-2023-q-2026-09-28-md-22705495,2026-09-28
crs-flow-oecd-crs-energy-zaf-2023-q-2026-09-28-md-22157953-period_start,crs-flow-oecd-crs-energy-zaf-2023-q-2026-09-28-md-22157953,period_start,2023,year,2023-01-01,2023-12-31,oecd-crs-energy-zaf-2023-q-2026-09-28-md-22157953,2026-09-28
crs-flow-oecd-crs-energy-zaf-2023-q-2026-09-28-md-22157953-period_end,crs-flow-oecd-crs-energy-zaf-2023-q-2026-09-28-md-22157953,period_end,2023,year,2023-01-01,2023-12-31,oecd-crs-energy-zaf-2023-q-2026-09-28-md-22157953,2026-09-28
crs-flow-oecd-crs-energy-zaf-2023-q-2026-09-28-md-22777897-period_start,crs-flow-oecd-crs-energy-zaf-2023-q-2026-09-28-md-22777897,period_start,2023,year,2023-01-01,2023-12-31,oecd-crs-energy-zaf-2023-q-2026-09-28-md-22777897,2026-09-28
crs-flow-oecd-crs-energy-zaf-2023-q-2026-09-28-md-22777897-period_end,crs-flow-oecd-crs-energy-zaf-2023-q-2026-09-28-md-22777897,period_end,2023,year,2023-01-01,2023-12-31,oecd-crs-energy-zaf-2023-q-2026-09-28-md-22777897,2026-09-28
crs-flow-oecd-crs-energy-zaf-2023-q-2026-09-28-md-22780758-period_start,crs-flow-oecd-crs-energy-zaf-2023-q-2026-09-28-md-22780758,period_start,2023,year,2023-01-01,2023-12-31,oecd-crs-energy-zaf-2023-q-2026-09-28-md-22780758,2026-09-28
crs-flow-oecd-crs-energy-zaf-2023-q-2026-09-28-md-22780758-period_end,crs-flow-oecd-crs-energy-zaf-2023-q-2026-09-28-md-22780758,period_end,2023,year,2023-01-01,2023-12-31,oecd-crs-energy-zaf-2023-q-2026-09-28-md-22780758,2026-09-28
crs-flow-oecd-crs-energy-zaf-2023-q-2026-09-28-md-22784001-period_start,crs-flow-oecd-crs-energy-zaf-2023-q-2026-09-28-md-22784001,period_start,2023,year,2023-01-01,2023-12-31,oecd-crs-energy-zaf-2023-q-2026-09-28-md-22784001,2026-09-28
crs-flow-oecd-crs-energy-zaf-2023-q-2026-09-28-md-22784001-period_end,crs-flow-oecd-crs-energy-zaf-2023-q-2026-09-28-md-22784001,period_end,2023,year,2023-01-01,2023-12-31,oecd-crs-energy-zaf-2023-q-2026-09-28-md-22784001,2026-09-28
crs-flow-oecd-crs-energy-zaf-2023-q-2026-09-28-md-22744503-period_start,crs-flow-oecd-crs-energy-zaf-2023-q-2026-09-28-md-22744503,period_start,2023,year,2023-01-01,2023-12-31,oecd-crs-energy-zaf-2023-q-2026-09-28-md-22744503,2026-09-28
crs-flow-oecd-crs-energy-zaf-2023-q-2026-09-28-md-22744503-period_end,crs-flow-oecd-crs-energy-zaf-2023-q-2026-09-28-md-22744503,period_end,2023,year,2023-01-01,2023-12-31,oecd-crs-energy-zaf-2023-q-2026-09-28-md-22744503,2026-09-28
crs-flow-oecd-crs-energy-zaf-2024-q-2026-09-28-md-26261674-period_start,crs-flow-oecd-crs-energy-zaf-2024-q-2026-09-28-md-26261674,period_start,2024,year,2024-01-01,2024-12-31,oecd-crs-energy-zaf-2024-q-2026-09-28-md-26261674,2026-09-28
crs-flow-oecd-crs-energy-zaf-2024-q-2026-09-28-md-26261674-period_end,crs-flow-oecd-crs-energy-zaf-2024-q-2026-09-28-md-26261674,period_end,2024,year,2024-01-01,2024-12-31,oecd-crs-energy-zaf-2024-q-2026-09-28-md-26261674,2026-09-28
crs-flow-oecd-crs-energy-zaf-2024-q-2026-09-28-md-26735187-period_start,crs-flow-oecd-crs-energy-zaf-2024-q-2026-09-28-md-26735187,period_start,2024,year,2024-01-01,2024-12-31,oecd-crs-energy-zaf-2024-q-2026-09-28-md-26735187,2026-09-28
crs-flow-oecd-crs-energy-zaf-2024-q-2026-09-28-md-26735187-period_end,crs-flow-oecd-crs-energy-zaf-2024-q-2026-09-28-md-26735187,period_end,2024,year,2024-01-01,2024-12-31,oecd-crs-energy-zaf-2024-q-2026-09-28-md-26735187,2026-09-28
crs-flow-oecd-crs-energy-zaf-2024-q-2026-09-28-md-26225463-period_start,crs-flow-oecd-crs-energy-zaf-2024-q-2026-09-28-md-26225463,period_start,2024,year,2024-01-01,2024-12-31,oecd-crs-energy-zaf-2024-q-2026-09-28-md-26225463,2026-09-28
crs-flow-oecd-crs-energy-zaf-2024-q-2026-09-28-md-26225463-period_end,crs-flow-oecd-crs-energy-zaf-2024-q-2026-09-28-md-26225463,period_end,2024,year,2024-01-01,2024-12-31,oecd-crs-energy-zaf-2024-q-2026-09-28-md-26225463,2026-09-28
crs-flow-oecd-crs-energy-zaf-2024-q-2026-09-28-md-26710305-period_start,crs-flow-oecd-crs-energy-zaf-2024-q-2026-09-28-md-26710305,period_start,2024,year,2024-01-01,2024-12-31,oecd-crs-energy-zaf-2024-q-2026-09-28-md-26710305,2026-09-28
crs-flow-oecd-crs-energy-zaf-2024-q-2026-09-28-md-26710305-period_end,crs-flow-oecd-crs-energy-zaf-2024-q-2026-09-28-md-26710305,period_end,2024,year,2024-01-01,2024-12-31,oecd-crs-energy-zaf-2024-q-2026-09-28-md-26710305,2026-09-28
crs-flow-oecd-crs-energy-zaf-2024-q-2026-09-28-md-26441807-period_start,crs-flow-oecd-crs-energy-zaf-2024-q-2026-09-28-md-26441807,period_start,2024,year,2024-01-01,2024-12-31,oecd-crs-energy-zaf-2024-q-2026-09-28-md-26441807,2026-09-28
crs-flow-oecd-crs-energy-zaf-2024-q-2026-09-28-md-26441807-period_end,crs-flow-oecd-crs-energy-zaf-2024-q-2026-09-28-md-26441807,period_end,2024,year,2024-01-01,2024-12-31,oecd-crs-energy-zaf-2024-q-2026-09-28-md-26441807,2026-09-28
crs-flow-oecd-crs-energy-zaf-2024-q-2026-09-28-md-26441703-period_start,crs-flow-oecd-crs-energy-zaf-2024-q-2026-09-28-md-26441703,period_start,2024,year,2024-01-01,2024-12-31,oecd-crs-energy-zaf-2024-q-2026-09-28-md-26441703,2026-09-28
crs-flow-oecd-crs-energy-zaf-2024-q-2026-09-28-md-26441703-period_end,crs-flow-oecd-crs-energy-zaf-2024-q-2026-09-28-md-26441703,period_end,2024,year,2024-01-01,2024-12-31,oecd-crs-energy-zaf-2024-q-2026-09-28-md-26441703,2026-09-28
crs-flow-oecd-crs-energy-zaf-2024-q-2026-09-28-md-26300084-period_start,crs-flow-oecd-crs-energy-zaf-2024-q-2026-09-28-md-26300084,period_start,2024,year,2024-01-01,2024-12-31,oecd-crs-energy-zaf-2024-q-2026-09-28-md-26300084,2026-09-28
crs-flow-oecd-crs-energy-zaf-2024-q-2026-09-28-md-26300084-period_end,crs-flow-oecd-crs-energy-zaf-2024-q-2026-09-28-md-26300084,period_end,2024,year,2024-01-01,2024-12-31,oecd-crs-energy-zaf-2024-q-2026-09-28-md-26300084,2026-09-28
crs-flow-oecd-crs-energy-zaf-2024-q-2026-09-28-md-26306965-period_start,crs-flow-oecd-crs-energy-zaf-2024-q-2026-09-28-md-26306965,period_start,2024,year,2024-01-01,2024-12-31,oecd-crs-energy-zaf-2024-q-2026-09-28-md-26306965,2026-09-28
crs-flow-oecd-crs-energy-zaf-2024-q-2026-09-28-md-26306965-period_end,crs-flow-oecd-crs-energy-zaf-2024-q-2026-09-28-md-26306965,period_end,2024,year,2024-01-01,2024-12-31,oecd-crs-energy-zaf-2024-q-2026-09-28-md-26306965,2026-09-28
crs-flow-oecd-crs-energy-zaf-2024-q-2026-09-28-md-26383019-period_start,crs-flow-oecd-crs-energy-zaf-2024-q-2026-09-28-md-26383019,period_start,2024,year,2024-01-01,2024-12-31,oecd-crs-energy-zaf-2024-q-2026-09-28-md-26383019,2026-09-28
crs-flow-oecd-crs-energy-zaf-2024-q-2026-09-28-md-26383019-period_end,crs-flow-oecd-crs-energy-zaf-2024-q-2026-09-28-md-26383019,period_end,2024,year,2024-01-01,2024-12-31,oecd-crs-energy-zaf-2024-q-2026-09-28-md-26383019,2026-09-28
crs-flow-oecd-crs-energy-zaf-2024-q-2026-09-28-md-26474517-period_start,crs-flow-oecd-crs-energy-zaf-2024-q-2026-09-28-md-26474517,period_start,2024,year,2024-01-01,2024-12-31,oecd-crs-energy-zaf-2024-q-2026-09-28-md-26474517,2026-09-28
crs-flow-oecd-crs-energy-zaf-2024-q-2026-09-28-md-26474517-period_end,crs-flow-oecd-crs-energy-zaf-2024-q-2026-09-28-md-26474517,period_end,2024,year,2024-01-01,2024-12-31,oecd-crs-energy-zaf-2024-q-2026-09-28-md-26474517,2026-09-28
crs-flow-oecd-crs-energy-zaf-2024-q-2026-09-28-md-26474527-period_start,crs-flow-oecd-crs-energy-zaf-2024-q-2026-09-28-md-26474527,period_start,2024,year,2024-01-01,2024-12-31,oecd-crs-energy-zaf-2024-q-2026-09-28-md-26474527,2026-09-28
crs-flow-oecd-crs-energy-zaf-2024-q-2026-09-28-md-26474527-period_end,crs-flow-oecd-crs-energy-zaf-2024-q-2026-09-28-md-26474527,period_end,2024,year,2024-01-01,2024-12-31,oecd-crs-energy-zaf-2024-q-2026-09-28-md-26474527,2026-09-28
crs-flow-oecd-crs-energy-zaf-2024-q-2026-09-28-md-26474342-period_start,crs-flow-oecd-crs-energy-zaf-2024-q-2026-09-28-md-26474342,period_start,2024,year,2024-01-01,2024-12-31,oecd-crs-energy-zaf-2024-q-2026-09-28-md-26474342,2026-09-28
crs-flow-oecd-crs-energy-zaf-2024-q-2026-09-28-md-26474342-period_end,crs-flow-oecd-crs-energy-zaf-2024-q-2026-09-28-md-26474342,period_end,2024,year,2024-01-01,2024-12-31,oecd-crs-energy-zaf-2024-q-2026-09-28-md-26474342,2026-09-28
crs-flow-oecd-crs-energy-zaf-2024-q-2026-09-28-md-26373868-period_start,crs-flow-oecd-crs-energy-zaf-2024-q-2026-09-28-md-26373868,period_start,2024,year,2024-01-01,2024-12-31,oecd-crs-energy-zaf-2024-q-2026-09-28-md-26373868,2026-09-28
crs-flow-oecd-crs-energy-zaf-2024-q-2026-09-28-md-26373868-period_end,crs-flow-oecd-crs-energy-zaf-2024-q-2026-09-28-md-26373868,period_end,2024,year,2024-01-01,2024-12-31,oecd-crs-energy-zaf-2024-q-2026-09-28-md-26373868,2026-09-28
crs-flow-oecd-crs-energy-zaf-2024-q-2026-09-28-md-26860846-period_start,crs-flow-oecd-crs-energy-zaf-2024-q-2026-09-28-md-26860846,period_start,2024,year,2024-01-01,2024-12-31,oecd-crs-energy-zaf-2024-q-2026-09-28-md-26860846,2026-09-28
crs-flow-oecd-crs-energy-zaf-2024-q-2026-09-28-md-26860846-period_end,crs-flow-oecd-crs-energy-zaf-2024-q-2026-09-28-md-26860846,period_end,2024,year,2024-01-01,2024-12-31,oecd-crs-energy-zaf-2024-q-2026-09-28-md-26860846,2026-09-28
crs-flow-oecd-crs-energy-zaf-2024-q-2026-09-28-md-26358162-period_start,crs-flow-oecd-crs-energy-zaf-2024-q-2026-09-28-md-26358162,period_start,2024,year,2024-01-01,2024-12-31,oecd-crs-energy-zaf-2024-q-2026-09-28-md-26358162,2026-09-28
crs-flow-oecd-crs-energy-zaf-2024-q-2026-09-28-md-26358162-period_end,crs-flow-oecd-crs-energy-zaf-2024-q-2026-09-28-md-26358162,period_end,2024,year,2024-01-01,2024-12-31,oecd-crs-energy-zaf-2024-q-2026-09-28-md-26358162,2026-09-28
crs-flow-oecd-crs-energy-zaf-2024-q-2026-09-28-md-26373867-period_start,crs-flow-oecd-crs-energy-zaf-2024-q-2026-09-28-md-26373867,period_start,2024,year,2024-01-01,2024-12-31,oecd-crs-energy-zaf-2024-q-2026-09-28-md-26373867,2026-09-28
crs-flow-oecd-crs-energy-zaf-2024-q-2026-09-28-md-26373867-period_end,crs-flow-oecd-crs-energy-zaf-2024-q-2026-09-28-md-26373867,period_end,2024,year,2024-01-01,2024-12-31,oecd-crs-energy-zaf-2024-q-2026-09-28-md-26373867,2026-09-28
crs-flow-oecd-crs-energy-zaf-2024-q-2026-09-28-md-26372446-period_start,crs-flow-oecd-crs-energy-zaf-2024-q-2026-09-28-md-26372446,period_start,2024,year,2024-01-01,2024-12-31,oecd-crs-energy-zaf-2024-q-2026-09-28-md-26372446,2026-09-28
crs-flow-oecd-crs-energy-zaf-2024-q-2026-09-28-md-26372446-period_end,crs-flow-oecd-crs-energy-zaf-2024-q-2026-09-28-md-26372446,period_end,2024,year,2024-01-01,2024-12-31,oecd-crs-energy-zaf-2024-q-2026-09-28-md-26372446,2026-09-28
crs-flow-oecd-crs-energy-zaf-2024-q-2026-09-28-md-26800834-period_start,crs-flow-oecd-crs-energy-zaf-2024-q-2026-09-28-md-26800834,period_start,2024,year,2024-01-01,2024-12-31,oecd-crs-energy-zaf-2024-q-2026-09-28-md-26800834,2026-09-28
crs-flow-oecd-crs-energy-zaf-2024-q-2026-09-28-md-26800834-period_end,crs-flow-oecd-crs-energy-zaf-2024-q-2026-09-28-md-26800834,period_end,2024,year,2024-01-01,2024-12-31,oecd-crs-energy-zaf-2024-q-2026-09-28-md-26800834,2026-09-28
crs-flow-oecd-crs-energy-zaf-2024-q-2026-09-28-md-26398567-period_start,crs-flow-oecd-crs-energy-zaf-2024-q-2026-09-28-md-26398567,period_start,2024,year,2024-01-01,2024-12-31,oecd-crs-energy-zaf-2024-q-2026-09-28-md-26398567,2026-09-28
crs-flow-oecd-crs-energy-zaf-2024-q-2026-09-28-md-26398567-period_end,crs-flow-oecd-crs-energy-zaf-2024-q-2026-09-28-md-26398567,period_end,2024,year,2024-01-01,2024-12-31,oecd-crs-energy-zaf-2024-q-2026-09-28-md-26398567,2026-09-28
crs-flow-oecd-crs-energy-zaf-2024-q-2026-09-28-md-26835957-period_start,crs-flow-oecd-crs-energy-zaf-2024-q-2026-09-28-md-26835957,period_start,2024,year,2024-01-01,2024-12-31,oecd-crs-energy-zaf-2024-q-2026-09-28-md-26835957,2026-09-28
crs-flow-oecd-crs-energy-zaf-2024-q-2026-09-28-md-26835957-period_end,crs-flow-oecd-crs-energy-zaf-2024-q-2026-09-28-md-26835957,period_end,2024,year,2024-01-01,2024-12-31,oecd-crs-energy-zaf-2024-q-2026-09-28-md-26835957,2026-09-28
crs-flow-oecd-crs-energy-zaf-2024-q-2026-09-28-md-26835973-period_start,crs-flow-oecd-crs-energy-zaf-2024-q-2026-09-28-md-26835973,period_start,2024,year,2024-01-01,2024-12-31,oecd-crs-energy-zaf-2024-q-2026-09-28-md-26835973,2026-09-28
crs-flow-oecd-crs-energy-zaf-2024-q-2026-09-28-md-26835973-period_end,crs-flow-oecd-crs-energy-zaf-2024-q-2026-09-28-md-26835973,period_end,2024,year,2024-01-01,2024-12-31,oecd-crs-energy-zaf-2024-q-2026-09-28-md-26835973,2026-09-28
crs-flow-oecd-crs-energy-zaf-2024-q-2026-09-28-md-26398552-period_start,crs-flow-oecd-crs-energy-zaf-2024-q-2026-09-28-md-26398552,period_start,2024,year,2024-01-01,2024-12-31,oecd-crs-energy-zaf-2024-q-2026-09-28-md-26398552,2026-09-28
crs-flow-oecd-crs-energy-zaf-2024-q-2026-09-28-md-26398552-period_end,crs-flow-oecd-crs-energy-zaf-2024-q-2026-09-28-md-26398552,period_end,2024,year,2024-01-01,2024-12-31,oecd-crs-energy-zaf-2024-q-2026-09-28-md-26398552,2026-09-28
crs-flow-oecd-crs-energy-zaf-2024-q-2026-09-28-md-26398545-period_start,crs-flow-oecd-crs-energy-zaf-2024-q-2026-09-28-md-26398545,period_start,2024,year,2024-01-01,2024-12-31,oecd-crs-energy-zaf-2024-q-2026-09-28-md-26398545,2026-09-28
crs-flow-oecd-crs-energy-zaf-2024-q-2026-09-28-md-26398545-period_end,crs-flow-oecd-crs-energy-zaf-2024-q-2026-09-28-md-26398545,period_end,2024,year,2024-01-01,2024-12-31,oecd-crs-energy-zaf-2024-q-2026-09-28-md-26398545,2026-09-28
crs-flow-oecd-crs-energy-zaf-2024-q-2026-09-28-md-26398583-period_start,crs-flow-oecd-crs-energy-zaf-2024-q-2026-09-28-md-26398583,period_start,2024,year,2024-01-01,2024-12-31,oecd-crs-energy-zaf-2024-q-2026-09-28-md-26398583,2026-09-28
crs-flow-oecd-crs-energy-zaf-2024-q-2026-09-28-md-26398583-period_end,crs-flow-oecd-crs-energy-zaf-2024-q-2026-09-28-md-26398583,period_end,2024,year,2024-01-01,2024-12-31,oecd-crs-energy-zaf-2024-q-2026-09-28-md-26398583,2026-09-28
crs-flow-oecd-crs-energy-zaf-2024-q-2026-09-28-md-26391586-period_start,crs-flow-oecd-crs-energy-zaf-2024-q-2026-09-28-md-26391586,period_start,2024,year,2024-01-01,2024-12-31,oecd-crs-energy-zaf-2024-q-2026-09-28-md-26391586,2026-09-28
crs-flow-oecd-crs-energy-zaf-2024-q-2026-09-28-md-26391586-period_end,crs-flow-oecd-crs-energy-zaf-2024-q-2026-09-28-md-26391586,period_end,2024,year,2024-01-01,2024-12-31,oecd-crs-energy-zaf-2024-q-2026-09-28-md-26391586,2026-09-28
crs-flow-oecd-crs-energy-zaf-2024-q-2026-09-28-md-26833471-period_start,crs-flow-oecd-crs-energy-zaf-2024-q-2026-09-28-md-26833471,period_start,2024,year,2024-01-01,2024-12-31,oecd-crs-energy-zaf-2024-q-2026-09-28-md-26833471,2026-09-28
crs-flow-oecd-crs-energy-zaf-2024-q-2026-09-28-md-26833471-period_end,crs-flow-oecd-crs-energy-zaf-2024-q-2026-09-28-md-26833471,period_end,2024,year,2024-01-01,2024-12-31,oecd-crs-energy-zaf-2024-q-2026-09-28-md-26833471,2026-09-28
crs-flow-oecd-crs-energy-zaf-2024-q-2026-09-28-md-26835942-period_start,crs-flow-oecd-crs-energy-zaf-2024-q-2026-09-28-md-26835942,period_start,2024,year,2024-01-01,2024-12-31,oecd-crs-energy-zaf-2024-q-2026-09-28-md-26835942,2026-09-28
crs-flow-oecd-crs-energy-zaf-2024-q-2026-09-28-md-26835942-period_end,crs-flow-oecd-crs-energy-zaf-2024-q-2026-09-28-md-26835942,period_end,2024,year,2024-01-01,2024-12-31,oecd-crs-energy-zaf-2024-q-2026-09-28-md-26835942,2026-09-28
crs-flow-oecd-crs-energy-zaf-2024-q-2026-09-28-md-26399235-period_start,crs-flow-oecd-crs-energy-zaf-2024-q-2026-09-28-md-26399235,period_start,2024,year,2024-01-01,2024-12-31,oecd-crs-energy-zaf-2024-q-2026-09-28-md-26399235,2026-09-28
crs-flow-oecd-crs-energy-zaf-2024-q-2026-09-28-md-26399235-period_end,crs-flow-oecd-crs-energy-zaf-2024-q-2026-09-28-md-26399235,period_end,2024,year,2024-01-01,2024-12-31,oecd-crs-energy-zaf-2024-q-2026-09-28-md-26399235,2026-09-28
crs-flow-oecd-crs-energy-zaf-2024-q-2026-09-28-md-26835935-period_start,crs-flow-oecd-crs-energy-zaf-2024-q-2026-09-28-md-26835935,period_start,2024,year,2024-01-01,2024-12-31,oecd-crs-energy-zaf-2024-q-2026-09-28-md-26835935,2026-09-28
crs-flow-oecd-crs-energy-zaf-2024-q-2026-09-28-md-26835935-period_end,crs-flow-oecd-crs-energy-zaf-2024-q-2026-09-28-md-26835935,period_end,2024,year,2024-01-01,2024-12-31,oecd-crs-energy-zaf-2024-q-2026-09-28-md-26835935,2026-09-28
crs-flow-oecd-crs-energy-zaf-2024-q-2026-09-28-md-26831759-period_start,crs-flow-oecd-crs-energy-zaf-2024-q-2026-09-28-md-26831759,period_start,2024,year,2024-01-01,2024-12-31,oecd-crs-energy-zaf-2024-q-2026-09-28-md-26831759,2026-09-28
crs-flow-oecd-crs-energy-zaf-2024-q-2026-09-28-md-26831759-period_end,crs-flow-oecd-crs-energy-zaf-2024-q-2026-09-28-md-26831759,period_end,2024,year,2024-01-01,2024-12-31,oecd-crs-energy-zaf-2024-q-2026-09-28-md-26831759,2026-09-28
crs-flow-oecd-crs-energy-zaf-2024-q-2026-09-28-md-26394663-period_start,crs-flow-oecd-crs-energy-zaf-2024-q-2026-09-28-md-26394663,period_start,2024,year,2024-01-01,2024-12-31,oecd-crs-energy-zaf-2024-q-2026-09-28-md-26394663,2026-09-28
crs-flow-oecd-crs-energy-zaf-2024-q-2026-09-28-md-26394663-period_end,crs-flow-oecd-crs-energy-zaf-2024-q-2026-09-28-md-26394663,period_end,2024,year,2024-01-01,2024-12-31,oecd-crs-energy-zaf-2024-q-2026-09-28-md-26394663,2026-09-28
crs-flow-oecd-crs-energy-zaf-2024-q-2026-09-28-md-26832055-period_start,crs-flow-oecd-crs-energy-zaf-2024-q-2026-09-28-md-26832055,period_start,2024,year,2024-01-01,2024-12-31,oecd-crs-energy-zaf-2024-q-2026-09-28-md-26832055,2026-09-28
crs-flow-oecd-crs-energy-zaf-2024-q-2026-09-28-md-26832055-period_end,crs-flow-oecd-crs-energy-zaf-2024-q-2026-09-28-md-26832055,period_end,2024,year,2024-01-01,2024-12-31,oecd-crs-energy-zaf-2024-q-2026-09-28-md-26832055,2026-09-28
crs-flow-oecd-crs-energy-zaf-2024-q-2026-09-28-md-26392849-period_start,crs-flow-oecd-crs-energy-zaf-2024-q-2026-09-28-md-26392849,period_start,2024,year,2024-01-01,2024-12-31,oecd-crs-energy-zaf-2024-q-2026-09-28-md-26392849,2026-09-28
crs-flow-oecd-crs-energy-zaf-2024-q-2026-09-28-md-26392849-period_end,crs-flow-oecd-crs-energy-zaf-2024-q-2026-09-28-md-26392849,period_end,2024,year,2024-01-01,2024-12-31,oecd-crs-energy-zaf-2024-q-2026-09-28-md-26392849,2026-09-28
crs-flow-oecd-crs-energy-zaf-2024-q-2026-09-28-md-26832041-period_start,crs-flow-oecd-crs-energy-zaf-2024-q-2026-09-28-md-26832041,period_start,2024,year,2024-01-01,2024-12-31,oecd-crs-energy-zaf-2024-q-2026-09-28-md-26832041,2026-09-28
crs-flow-oecd-crs-energy-zaf-2024-q-2026-09-28-md-26832041-period_end,crs-flow-oecd-crs-energy-zaf-2024-q-2026-09-28-md-26832041,period_end,2024,year,2024-01-01,2024-12-31,oecd-crs-energy-zaf-2024-q-2026-09-28-md-26832041,2026-09-28
crs-flow-oecd-crs-energy-zaf-2024-q-2026-09-28-md-26392850-period_start,crs-flow-oecd-crs-energy-zaf-2024-q-2026-09-28-md-26392850,period_start,2024,year,2024-01-01,2024-12-31,oecd-crs-energy-zaf-2024-q-2026-09-28-md-26392850,2026-09-28
crs-flow-oecd-crs-energy-zaf-2024-q-2026-09-28-md-26392850-period_end,crs-flow-oecd-crs-energy-zaf-2024-q-2026-09-28-md-26392850,period_end,2024,year,2024-01-01,2024-12-31,oecd-crs-energy-zaf-2024-q-2026-09-28-md-26392850,2026-09-28
crs-flow-oecd-crs-energy-zaf-2024-q-2026-09-28-md-26832042-period_start,crs-flow-oecd-crs-energy-zaf-2024-q-2026-09-28-md-26832042,period_start,2024,year,2024-01-01,2024-12-31,oecd-crs-energy-zaf-2024-q-2026-09-28-md-26832042,2026-09-28
crs-flow-oecd-crs-energy-zaf-2024-q-2026-09-28-md-26832042-period_end,crs-flow-oecd-crs-energy-zaf-2024-q-2026-09-28-md-26832042,period_end,2024,year,2024-01-01,2024-12-31,oecd-crs-energy-zaf-2024-q-2026-09-28-md-26832042,2026-09-28
crs-flow-oecd-crs-energy-zaf-2024-q-2026-09-28-md-26394670-period_start,crs-flow-oecd-crs-energy-zaf-2024-q-2026-09-28-md-26394670,period_start,2024,year,2024-01-01,2024-12-31,oecd-crs-energy-zaf-2024-q-2026-09-28-md-26394670,2026-09-28
crs-flow-oecd-crs-energy-zaf-2024-q-2026-09-28-md-26394670-period_end,crs-flow-oecd-crs-energy-zaf-2024-q-2026-09-28-md-26394670,period_end,2024,year,2024-01-01,2024-12-31,oecd-crs-energy-zaf-2024-q-2026-09-28-md-26394670,2026-09-28
crs-flow-oecd-crs-energy-zaf-2024-q-2026-09-28-md-26832062-period_start,crs-flow-oecd-crs-energy-zaf-2024-q-2026-09-28-md-26832062,period_start,2024,year,2024-01-01,2024-12-31,oecd-crs-energy-zaf-2024-q-2026-09-28-md-26832062,2026-09-28
crs-flow-oecd-crs-energy-zaf-2024-q-2026-09-28-md-26832062-period_end,crs-flow-oecd-crs-energy-zaf-2024-q-2026-09-28-md-26832062,period_end,2024,year,2024-01-01,2024-12-31,oecd-crs-energy-zaf-2024-q-2026-09-28-md-26832062,2026-09-28
crs-flow-oecd-crs-energy-zaf-2024-q-2026-09-28-md-26185785-period_start,crs-flow-oecd-crs-energy-zaf-2024-q-2026-09-28-md-26185785,period_start,2024,year,2024-01-01,2024-12-31,oecd-crs-energy-zaf-2024-q-2026-09-28-md-26185785,2026-09-28
crs-flow-oecd-crs-energy-zaf-2024-q-2026-09-28-md-26185785-period_end,crs-flow-oecd-crs-energy-zaf-2024-q-2026-09-28-md-26185785,period_end,2024,year,2024-01-01,2024-12-31,oecd-crs-energy-zaf-2024-q-2026-09-28-md-26185785,2026-09-28
crs-flow-oecd-crs-energy-zaf-2024-q-2026-09-28-md-26185675-period_start,crs-flow-oecd-crs-energy-zaf-2024-q-2026-09-28-md-26185675,period_start,2024,year,2024-01-01,2024-12-31,oecd-crs-energy-zaf-2024-q-2026-09-28-md-26185675,2026-09-28
crs-flow-oecd-crs-energy-zaf-2024-q-2026-09-28-md-26185675-period_end,crs-flow-oecd-crs-energy-zaf-2024-q-2026-09-28-md-26185675,period_end,2024,year,2024-01-01,2024-12-31,oecd-crs-energy-zaf-2024-q-2026-09-28-md-26185675,2026-09-28
crs-flow-oecd-crs-energy-zaf-2024-q-2026-09-28-md-26222712-period_start,crs-flow-oecd-crs-energy-zaf-2024-q-2026-09-28-md-26222712,period_start,2024,year,2024-01-01,2024-12-31,oecd-crs-energy-zaf-2024-q-2026-09-28-md-26222712,2026-09-28
crs-flow-oecd-crs-energy-zaf-2024-q-2026-09-28-md-26222712-period_end,crs-flow-oecd-crs-energy-zaf-2024-q-2026-09-28-md-26222712,period_end,2024,year,2024-01-01,2024-12-31,oecd-crs-energy-zaf-2024-q-2026-09-28-md-26222712,2026-09-28
crs-flow-oecd-crs-energy-zaf-2024-q-2026-09-28-md-26222660-period_start,crs-flow-oecd-crs-energy-zaf-2024-q-2026-09-28-md-26222660,period_start,2024,year,2024-01-01,2024-12-31,oecd-crs-energy-zaf-2024-q-2026-09-28-md-26222660,2026-09-28
crs-flow-oecd-crs-energy-zaf-2024-q-2026-09-28-md-26222660-period_end,crs-flow-oecd-crs-energy-zaf-2024-q-2026-09-28-md-26222660,period_end,2024,year,2024-01-01,2024-12-31,oecd-crs-energy-zaf-2024-q-2026-09-28-md-26222660,2026-09-28
crs-flow-oecd-crs-energy-zaf-2024-q-2026-09-28-md-26222639-period_start,crs-flow-oecd-crs-energy-zaf-2024-q-2026-09-28-md-26222639,period_start,2024,year,2024-01-01,2024-12-31,oecd-crs-energy-zaf-2024-q-2026-09-28-md-26222639,2026-09-28
crs-flow-oecd-crs-energy-zaf-2024-q-2026-09-28-md-26222639-period_end,crs-flow-oecd-crs-energy-zaf-2024-q-2026-09-28-md-26222639,period_end,2024,year,2024-01-01,2024-12-31,oecd-crs-energy-zaf-2024-q-2026-09-28-md-26222639,2026-09-28
crs-flow-oecd-crs-energy-zaf-2024-q-2026-09-28-md-26222661-period_start,crs-flow-oecd-crs-energy-zaf-2024-q-2026-09-28-md-26222661,period_start,2024,year,2024-01-01,2024-12-31,oecd-crs-energy-zaf-2024-q-2026-09-28-md-26222661,2026-09-28
crs-flow-oecd-crs-energy-zaf-2024-q-2026-09-28-md-26222661-period_end,crs-flow-oecd-crs-energy-zaf-2024-q-2026-09-28-md-26222661,period_end,2024,year,2024-01-01,2024-12-31,oecd-crs-energy-zaf-2024-q-2026-09-28-md-26222661,2026-09-28
crs-flow-oecd-crs-energy-zaf-2024-q-2026-09-28-md-26713202-period_start,crs-flow-oecd-crs-energy-zaf-2024-q-2026-09-28-md-26713202,period_start,2024,year,2024-01-01,2024-12-31,oecd-crs-energy-zaf-2024-q-2026-09-28-md-26713202,2026-09-28
crs-flow-oecd-crs-energy-zaf-2024-q-2026-09-28-md-26713202-period_end,crs-flow-oecd-crs-energy-zaf-2024-q-2026-09-28-md-26713202,period_end,2024,year,2024-01-01,2024-12-31,oecd-crs-energy-zaf-2024-q-2026-09-28-md-26713202,2026-09-28
crs-flow-oecd-crs-energy-zaf-2024-q-2026-09-28-md-26711176-period_start,crs-flow-oecd-crs-energy-zaf-2024-q-2026-09-28-md-26711176,period_start,2024,year,2024-01-01,2024-12-31,oecd-crs-energy-zaf-2024-q-2026-09-28-md-26711176,2026-09-28
crs-flow-oecd-crs-energy-zaf-2024-q-2026-09-28-md-26711176-period_end,crs-flow-oecd-crs-energy-zaf-2024-q-2026-09-28-md-26711176,period_end,2024,year,2024-01-01,2024-12-31,oecd-crs-energy-zaf-2024-q-2026-09-28-md-26711176,2026-09-28
crs-flow-oecd-crs-energy-zaf-2024-q-2026-09-28-md-26711178-period_start,crs-flow-oecd-crs-energy-zaf-2024-q-2026-09-28-md-26711178,period_start,2024,year,2024-01-01,2024-12-31,oecd-crs-energy-zaf-2024-q-2026-09-28-md-26711178,2026-09-28
crs-flow-oecd-crs-energy-zaf-2024-q-2026-09-28-md-26711178-period_end,crs-flow-oecd-crs-energy-zaf-2024-q-2026-09-28-md-26711178,period_end,2024,year,2024-01-01,2024-12-31,oecd-crs-energy-zaf-2024-q-2026-09-28-md-26711178,2026-09-28
crs-flow-oecd-crs-energy-zaf-2024-q-2026-09-28-md-26711175-period_start,crs-flow-oecd-crs-energy-zaf-2024-q-2026-09-28-md-26711175,period_start,2024,year,2024-01-01,2024-12-31,oecd-crs-energy-zaf-2024-q-2026-09-28-md-26711175,2026-09-28
crs-flow-oecd-crs-energy-zaf-2024-q-2026-09-28-md-26711175-period_end,crs-flow-oecd-crs-energy-zaf-2024-q-2026-09-28-md-26711175,period_end,2024,year,2024-01-01,2024-12-31,oecd-crs-energy-zaf-2024-q-2026-09-28-md-26711175,2026-09-28
crs-flow-oecd-crs-energy-zaf-2024-q-2026-09-28-md-26711172-period_start,crs-flow-oecd-crs-energy-zaf-2024-q-2026-09-28-md-26711172,period_start,2024,year,2024-01-01,2024-12-31,oecd-crs-energy-zaf-2024-q-2026-09-28-md-26711172,2026-09-28
crs-flow-oecd-crs-energy-zaf-2024-q-2026-09-28-md-26711172-period_end,crs-flow-oecd-crs-energy-zaf-2024-q-2026-09-28-md-26711172,period_end,2024,year,2024-01-01,2024-12-31,oecd-crs-energy-zaf-2024-q-2026-09-28-md-26711172,2026-09-28
crs-flow-oecd-crs-energy-zaf-2024-q-2026-09-28-md-26711174-period_start,crs-flow-oecd-crs-energy-zaf-2024-q-2026-09-28-md-26711174,period_start,2024,year,2024-01-01,2024-12-31,oecd-crs-energy-zaf-2024-q-2026-09-28-md-26711174,2026-09-28
crs-flow-oecd-crs-energy-zaf-2024-q-2026-09-28-md-26711174-period_end,crs-flow-oecd-crs-energy-zaf-2024-q-2026-09-28-md-26711174,period_end,2024,year,2024-01-01,2024-12-31,oecd-crs-energy-zaf-2024-q-2026-09-28-md-26711174,2026-09-28
crs-flow-oecd-crs-energy-zaf-2024-q-2026-09-28-md-26711177-period_start,crs-flow-oecd-crs-energy-zaf-2024-q-2026-09-28-md-26711177,period_start,2024,year,2024-01-01,2024-12-31,oecd-crs-energy-zaf-2024-q-2026-09-28-md-26711177,2026-09-28
crs-flow-oecd-crs-energy-zaf-2024-q-2026-09-28-md-26711177-period_end,crs-flow-oecd-crs-energy-zaf-2024-q-2026-09-28-md-26711177,period_end,2024,year,2024-01-01,2024-12-31,oecd-crs-energy-zaf-2024-q-2026-09-28-md-26711177,2026-09-28
crs-flow-oecd-crs-energy-zaf-2024-q-2026-09-28-md-26765041-period_start,crs-flow-oecd-crs-energy-zaf-2024-q-2026-09-28-md-26765041,period_start,2024,year,2024-01-01,2024-12-31,oecd-crs-energy-zaf-2024-q-2026-09-28-md-26765041,2026-09-28
crs-flow-oecd-crs-energy-zaf-2024-q-2026-09-28-md-26765041-period_end,crs-flow-oecd-crs-energy-zaf-2024-q-2026-09-28-md-26765041,period_end,2024,year,2024-01-01,2024-12-31,oecd-crs-energy-zaf-2024-q-2026-09-28-md-26765041,2026-09-28
crs-flow-oecd-crs-energy-zaf-2024-q-2026-09-28-md-26284143-period_start,crs-flow-oecd-crs-energy-zaf-2024-q-2026-09-28-md-26284143,period_start,2024,year,2024-01-01,2024-12-31,oecd-crs-energy-zaf-2024-q-2026-09-28-md-26284143,2026-09-28
crs-flow-oecd-crs-energy-zaf-2024-q-2026-09-28-md-26284143-period_end,crs-flow-oecd-crs-energy-zaf-2024-q-2026-09-28-md-26284143,period_end,2024,year,2024-01-01,2024-12-31,oecd-crs-energy-zaf-2024-q-2026-09-28-md-26284143,2026-09-28
crs-flow-oecd-crs-energy-zaf-2024-q-2026-09-28-md-26284141-period_start,crs-flow-oecd-crs-energy-zaf-2024-q-2026-09-28-md-26284141,period_start,2024,year,2024-01-01,2024-12-31,oecd-crs-energy-zaf-2024-q-2026-09-28-md-26284141,2026-09-28
crs-flow-oecd-crs-energy-zaf-2024-q-2026-09-28-md-26284141-period_end,crs-flow-oecd-crs-energy-zaf-2024-q-2026-09-28-md-26284141,period_end,2024,year,2024-01-01,2024-12-31,oecd-crs-energy-zaf-2024-q-2026-09-28-md-26284141,2026-09-28
crs-flow-oecd-crs-energy-zaf-2024-q-2026-09-28-md-26757921-period_start,crs-flow-oecd-crs-energy-zaf-2024-q-2026-09-28-md-26757921,period_start,2024,year,2024-01-01,2024-12-31,oecd-crs-energy-zaf-2024-q-2026-09-28-md-26757921,2026-09-28
crs-flow-oecd-crs-energy-zaf-2024-q-2026-09-28-md-26757921-period_end,crs-flow-oecd-crs-energy-zaf-2024-q-2026-09-28-md-26757921,period_end,2024,year,2024-01-01,2024-12-31,oecd-crs-energy-zaf-2024-q-2026-09-28-md-26757921,2026-09-28
crs-flow-oecd-crs-energy-zaf-2024-q-2026-09-28-md-26768861-period_start,crs-flow-oecd-crs-energy-zaf-2024-q-2026-09-28-md-26768861,period_start,2024,year,2024-01-01,2024-12-31,oecd-crs-energy-zaf-2024-q-2026-09-28-md-26768861,2026-09-28
crs-flow-oecd-crs-energy-zaf-2024-q-2026-09-28-md-26768861-period_end,crs-flow-oecd-crs-energy-zaf-2024-q-2026-09-28-md-26768861,period_end,2024,year,2024-01-01,2024-12-31,oecd-crs-energy-zaf-2024-q-2026-09-28-md-26768861,2026-09-28
crs-flow-oecd-crs-energy-zaf-2024-q-2026-09-28-md-26757922-period_start,crs-flow-oecd-crs-energy-zaf-2024-q-2026-09-28-md-26757922,period_start,2024,year,2024-01-01,2024-12-31,oecd-crs-energy-zaf-2024-q-2026-09-28-md-26757922,2026-09-28
crs-flow-oecd-crs-energy-zaf-2024-q-2026-09-28-md-26757922-period_end,crs-flow-oecd-crs-energy-zaf-2024-q-2026-09-28-md-26757922,period_end,2024,year,2024-01-01,2024-12-31,oecd-crs-energy-zaf-2024-q-2026-09-28-md-26757922,2026-09-28
crs-flow-oecd-crs-energy-zaf-2024-q-2026-09-28-md-26290098-period_start,crs-flow-oecd-crs-energy-zaf-2024-q-2026-09-28-md-26290098,period_start,2024,year,2024-01-01,2024-12-31,oecd-crs-energy-zaf-2024-q-2026-09-28-md-26290098,2026-09-28
crs-flow-oecd-crs-energy-zaf-2024-q-2026-09-28-md-26290098-period_end,crs-flow-oecd-crs-energy-zaf-2024-q-2026-09-28-md-26290098,period_end,2024,year,2024-01-01,2024-12-31,oecd-crs-energy-zaf-2024-q-2026-09-28-md-26290098,2026-09-28
crs-flow-oecd-crs-energy-zaf-2024-q-2026-09-28-md-26757077-period_start,crs-flow-oecd-crs-energy-zaf-2024-q-2026-09-28-md-26757077,period_start,2024,year,2024-01-01,2024-12-31,oecd-crs-energy-zaf-2024-q-2026-09-28-md-26757077,2026-09-28
crs-flow-oecd-crs-energy-zaf-2024-q-2026-09-28-md-26757077-period_end,crs-flow-oecd-crs-energy-zaf-2024-q-2026-09-28-md-26757077,period_end,2024,year,2024-01-01,2024-12-31,oecd-crs-energy-zaf-2024-q-2026-09-28-md-26757077,2026-09-28
crs-flow-oecd-crs-energy-zaf-2024-q-2026-09-28-md-26294442-period_start,crs-flow-oecd-crs-energy-zaf-2024-q-2026-09-28-md-26294442,period_start,2024,year,2024-01-01,2024-12-31,oecd-crs-energy-zaf-2024-q-2026-09-28-md-26294442,2026-09-28
crs-flow-oecd-crs-energy-zaf-2024-q-2026-09-28-md-26294442-period_end,crs-flow-oecd-crs-energy-zaf-2024-q-2026-09-28-md-26294442,period_end,2024,year,2024-01-01,2024-12-31,oecd-crs-energy-zaf-2024-q-2026-09-28-md-26294442,2026-09-28
crs-flow-oecd-crs-energy-zaf-2024-q-2026-09-28-md-26759468-period_start,crs-flow-oecd-crs-energy-zaf-2024-q-2026-09-28-md-26759468,period_start,2024,year,2024-01-01,2024-12-31,oecd-crs-energy-zaf-2024-q-2026-09-28-md-26759468,2026-09-28
crs-flow-oecd-crs-energy-zaf-2024-q-2026-09-28-md-26759468-period_end,crs-flow-oecd-crs-energy-zaf-2024-q-2026-09-28-md-26759468,period_end,2024,year,2024-01-01,2024-12-31,oecd-crs-energy-zaf-2024-q-2026-09-28-md-26759468,2026-09-28
crs-flow-oecd-crs-energy-zaf-2024-q-2026-09-28-md-26280307-period_start,crs-flow-oecd-crs-energy-zaf-2024-q-2026-09-28-md-26280307,period_start,2024,year,2024-01-01,2024-12-31,oecd-crs-energy-zaf-2024-q-2026-09-28-md-26280307,2026-09-28
crs-flow-oecd-crs-energy-zaf-2024-q-2026-09-28-md-26280307-period_end,crs-flow-oecd-crs-energy-zaf-2024-q-2026-09-28-md-26280307,period_end,2024,year,2024-01-01,2024-12-31,oecd-crs-energy-zaf-2024-q-2026-09-28-md-26280307,2026-09-28
crs-flow-oecd-crs-energy-zaf-2024-q-2026-09-28-md-26759467-period_start,crs-flow-oecd-crs-energy-zaf-2024-q-2026-09-28-md-26759467,period_start,2024,year,2024-01-01,2024-12-31,oecd-crs-energy-zaf-2024-q-2026-09-28-md-26759467,2026-09-28
crs-flow-oecd-crs-energy-zaf-2024-q-2026-09-28-md-26759467-period_end,crs-flow-oecd-crs-energy-zaf-2024-q-2026-09-28-md-26759467,period_end,2024,year,2024-01-01,2024-12-31,oecd-crs-energy-zaf-2024-q-2026-09-28-md-26759467,2026-09-28
crs-flow-oecd-crs-energy-zaf-2024-q-2026-09-28-md-26280306-period_start,crs-flow-oecd-crs-energy-zaf-2024-q-2026-09-28-md-26280306,period_start,2024,year,2024-01-01,2024-12-31,oecd-crs-energy-zaf-2024-q-2026-09-28-md-26280306,2026-09-28
crs-flow-oecd-crs-energy-zaf-2024-q-2026-09-28-md-26280306-period_end,crs-flow-oecd-crs-energy-zaf-2024-q-2026-09-28-md-26280306,period_end,2024,year,2024-01-01,2024-12-31,oecd-crs-energy-zaf-2024-q-2026-09-28-md-26280306,2026-09-28
crs-flow-oecd-crs-energy-zaf-2024-q-2026-09-28-md-26283880-period_start,crs-flow-oecd-crs-energy-zaf-2024-q-2026-09-28-md-26283880,period_start,2024,year,2024-01-01,2024-12-31,oecd-crs-energy-zaf-2024-q-2026-09-28-md-26283880,2026-09-28
crs-flow-oecd-crs-energy-zaf-2024-q-2026-09-28-md-26283880-period_end,crs-flow-oecd-crs-energy-zaf-2024-q-2026-09-28-md-26283880,period_end,2024,year,2024-01-01,2024-12-31,oecd-crs-energy-zaf-2024-q-2026-09-28-md-26283880,2026-09-28
crs-flow-oecd-crs-energy-zaf-2024-q-2026-09-28-md-26764316-period_start,crs-flow-oecd-crs-energy-zaf-2024-q-2026-09-28-md-26764316,period_start,2024,year,2024-01-01,2024-12-31,oecd-crs-energy-zaf-2024-q-2026-09-28-md-26764316,2026-09-28
crs-flow-oecd-crs-energy-zaf-2024-q-2026-09-28-md-26764316-period_end,crs-flow-oecd-crs-energy-zaf-2024-q-2026-09-28-md-26764316,period_end,2024,year,2024-01-01,2024-12-31,oecd-crs-energy-zaf-2024-q-2026-09-28-md-26764316,2026-09-28
crs-flow-oecd-crs-energy-zaf-2024-q-2026-09-28-md-26405500-period_start,crs-flow-oecd-crs-energy-zaf-2024-q-2026-09-28-md-26405500,period_start,2024,year,2024-01-01,2024-12-31,oecd-crs-energy-zaf-2024-q-2026-09-28-md-26405500,2026-09-28
crs-flow-oecd-crs-energy-zaf-2024-q-2026-09-28-md-26405500-period_end,crs-flow-oecd-crs-energy-zaf-2024-q-2026-09-28-md-26405500,period_end,2024,year,2024-01-01,2024-12-31,oecd-crs-energy-zaf-2024-q-2026-09-28-md-26405500,2026-09-28
crs-flow-oecd-crs-energy-zaf-2024-q-2026-09-28-md-26413436-period_start,crs-flow-oecd-crs-energy-zaf-2024-q-2026-09-28-md-26413436,period_start,2024,year,2024-01-01,2024-12-31,oecd-crs-energy-zaf-2024-q-2026-09-28-md-26413436,2026-09-28
crs-flow-oecd-crs-energy-zaf-2024-q-2026-09-28-md-26413436-period_end,crs-flow-oecd-crs-energy-zaf-2024-q-2026-09-28-md-26413436,period_end,2024,year,2024-01-01,2024-12-31,oecd-crs-energy-zaf-2024-q-2026-09-28-md-26413436,2026-09-28
crs-flow-oecd-crs-energy-zaf-2024-q-2026-09-28-md-26413268-period_start,crs-flow-oecd-crs-energy-zaf-2024-q-2026-09-28-md-26413268,period_start,2024,year,2024-01-01,2024-12-31,oecd-crs-energy-zaf-2024-q-2026-09-28-md-26413268,2026-09-28
crs-flow-oecd-crs-energy-zaf-2024-q-2026-09-28-md-26413268-period_end,crs-flow-oecd-crs-energy-zaf-2024-q-2026-09-28-md-26413268,period_end,2024,year,2024-01-01,2024-12-31,oecd-crs-energy-zaf-2024-q-2026-09-28-md-26413268,2026-09-28
crs-flow-oecd-crs-energy-zaf-2024-q-2026-09-28-md-26413435-period_start,crs-flow-oecd-crs-energy-zaf-2024-q-2026-09-28-md-26413435,period_start,2024,year,2024-01-01,2024-12-31,oecd-crs-energy-zaf-2024-q-2026-09-28-md-26413435,2026-09-28
crs-flow-oecd-crs-energy-zaf-2024-q-2026-09-28-md-26413435-period_end,crs-flow-oecd-crs-energy-zaf-2024-q-2026-09-28-md-26413435,period_end,2024,year,2024-01-01,2024-12-31,oecd-crs-energy-zaf-2024-q-2026-09-28-md-26413435,2026-09-28
crs-flow-oecd-crs-energy-zaf-2024-q-2026-09-28-md-26405864-period_start,crs-flow-oecd-crs-energy-zaf-2024-q-2026-09-28-md-26405864,period_start,2024,year,2024-01-01,2024-12-31,oecd-crs-energy-zaf-2024-q-2026-09-28-md-26405864,2026-09-28
crs-flow-oecd-crs-energy-zaf-2024-q-2026-09-28-md-26405864-period_end,crs-flow-oecd-crs-energy-zaf-2024-q-2026-09-28-md-26405864,period_end,2024,year,2024-01-01,2024-12-31,oecd-crs-energy-zaf-2024-q-2026-09-28-md-26405864,2026-09-28
crs-flow-oecd-crs-energy-zaf-2024-q-2026-09-28-md-26459529-period_start,crs-flow-oecd-crs-energy-zaf-2024-q-2026-09-28-md-26459529,period_start,2024,year,2024-01-01,2024-12-31,oecd-crs-energy-zaf-2024-q-2026-09-28-md-26459529,2026-09-28
crs-flow-oecd-crs-energy-zaf-2024-q-2026-09-28-md-26459529-period_end,crs-flow-oecd-crs-energy-zaf-2024-q-2026-09-28-md-26459529,period_end,2024,year,2024-01-01,2024-12-31,oecd-crs-energy-zaf-2024-q-2026-09-28-md-26459529,2026-09-28
crs-flow-oecd-crs-energy-zaf-2024-q-2026-09-28-md-26413066-period_start,crs-flow-oecd-crs-energy-zaf-2024-q-2026-09-28-md-26413066,period_start,2024,year,2024-01-01,2024-12-31,oecd-crs-energy-zaf-2024-q-2026-09-28-md-26413066,2026-09-28
crs-flow-oecd-crs-energy-zaf-2024-q-2026-09-28-md-26413066-period_end,crs-flow-oecd-crs-energy-zaf-2024-q-2026-09-28-md-26413066,period_end,2024,year,2024-01-01,2024-12-31,oecd-crs-energy-zaf-2024-q-2026-09-28-md-26413066,2026-09-28
crs-flow-oecd-crs-energy-zaf-2024-q-2026-09-28-md-26406909-period_start,crs-flow-oecd-crs-energy-zaf-2024-q-2026-09-28-md-26406909,period_start,2024,year,2024-01-01,2024-12-31,oecd-crs-energy-zaf-2024-q-2026-09-28-md-26406909,2026-09-28
crs-flow-oecd-crs-energy-zaf-2024-q-2026-09-28-md-26406909-period_end,crs-flow-oecd-crs-energy-zaf-2024-q-2026-09-28-md-26406909,period_end,2024,year,2024-01-01,2024-12-31,oecd-crs-energy-zaf-2024-q-2026-09-28-md-26406909,2026-09-28
crs-flow-oecd-crs-energy-zaf-2024-q-2026-09-28-md-26410602-period_start,crs-flow-oecd-crs-energy-zaf-2024-q-2026-09-28-md-26410602,period_start,2024,year,2024-01-01,2024-12-31,oecd-crs-energy-zaf-2024-q-2026-09-28-md-26410602,2026-09-28
crs-flow-oecd-crs-energy-zaf-2024-q-2026-09-28-md-26410602-period_end,crs-flow-oecd-crs-energy-zaf-2024-q-2026-09-28-md-26410602,period_end,2024,year,2024-01-01,2024-12-31,oecd-crs-energy-zaf-2024-q-2026-09-28-md-26410602,2026-09-28
crs-flow-oecd-crs-energy-zaf-2024-q-2026-09-28-md-26410600-period_start,crs-flow-oecd-crs-energy-zaf-2024-q-2026-09-28-md-26410600,period_start,2024,year,2024-01-01,2024-12-31,oecd-crs-energy-zaf-2024-q-2026-09-28-md-26410600,2026-09-28
crs-flow-oecd-crs-energy-zaf-2024-q-2026-09-28-md-26410600-period_end,crs-flow-oecd-crs-energy-zaf-2024-q-2026-09-28-md-26410600,period_end,2024,year,2024-01-01,2024-12-31,oecd-crs-energy-zaf-2024-q-2026-09-28-md-26410600,2026-09-28
crs-flow-oecd-crs-energy-zaf-2024-q-2026-09-28-md-26410605-period_start,crs-flow-oecd-crs-energy-zaf-2024-q-2026-09-28-md-26410605,period_start,2024,year,2024-01-01,2024-12-31,oecd-crs-energy-zaf-2024-q-2026-09-28-md-26410605,2026-09-28
crs-flow-oecd-crs-energy-zaf-2024-q-2026-09-28-md-26410605-period_end,crs-flow-oecd-crs-energy-zaf-2024-q-2026-09-28-md-26410605,period_end,2024,year,2024-01-01,2024-12-31,oecd-crs-energy-zaf-2024-q-2026-09-28-md-26410605,2026-09-28
crs-flow-oecd-crs-energy-zaf-2024-q-2026-09-28-md-26410593-period_start,crs-flow-oecd-crs-energy-zaf-2024-q-2026-09-28-md-26410593,period_start,2024,year,2024-01-01,2024-12-31,oecd-crs-energy-zaf-2024-q-2026-09-28-md-26410593,2026-09-28
crs-flow-oecd-crs-energy-zaf-2024-q-2026-09-28-md-26410593-period_end,crs-flow-oecd-crs-energy-zaf-2024-q-2026-09-28-md-26410593,period_end,2024,year,2024-01-01,2024-12-31,oecd-crs-energy-zaf-2024-q-2026-09-28-md-26410593,2026-09-28
crs-flow-oecd-crs-energy-zaf-2024-q-2026-09-28-md-26410596-period_start,crs-flow-oecd-crs-energy-zaf-2024-q-2026-09-28-md-26410596,period_start,2024,year,2024-01-01,2024-12-31,oecd-crs-energy-zaf-2024-q-2026-09-28-md-26410596,2026-09-28
crs-flow-oecd-crs-energy-zaf-2024-q-2026-09-28-md-26410596-period_end,crs-flow-oecd-crs-energy-zaf-2024-q-2026-09-28-md-26410596,period_end,2024,year,2024-01-01,2024-12-31,oecd-crs-energy-zaf-2024-q-2026-09-28-md-26410596,2026-09-28
crs-flow-oecd-crs-energy-zaf-2024-q-2026-09-28-md-26410595-period_start,crs-flow-oecd-crs-energy-zaf-2024-q-2026-09-28-md-26410595,period_start,2024,year,2024-01-01,2024-12-31,oecd-crs-energy-zaf-2024-q-2026-09-28-md-26410595,2026-09-28
crs-flow-oecd-crs-energy-zaf-2024-q-2026-09-28-md-26410595-period_end,crs-flow-oecd-crs-energy-zaf-2024-q-2026-09-28-md-26410595,period_end,2024,year,2024-01-01,2024-12-31,oecd-crs-energy-zaf-2024-q-2026-09-28-md-26410595,2026-09-28
crs-flow-oecd-crs-energy-zaf-2024-q-2026-09-28-md-26410690-period_start,crs-flow-oecd-crs-energy-zaf-2024-q-2026-09-28-md-26410690,period_start,2024,year,2024-01-01,2024-12-31,oecd-crs-energy-zaf-2024-q-2026-09-28-md-26410690,2026-09-28
crs-flow-oecd-crs-energy-zaf-2024-q-2026-09-28-md-26410690-period_end,crs-flow-oecd-crs-energy-zaf-2024-q-2026-09-28-md-26410690,period_end,2024,year,2024-01-01,2024-12-31,oecd-crs-energy-zaf-2024-q-2026-09-28-md-26410690,2026-09-28
crs-flow-oecd-crs-energy-zaf-2024-q-2026-09-28-md-26410688-period_start,crs-flow-oecd-crs-energy-zaf-2024-q-2026-09-28-md-26410688,period_start,2024,year,2024-01-01,2024-12-31,oecd-crs-energy-zaf-2024-q-2026-09-28-md-26410688,2026-09-28
crs-flow-oecd-crs-energy-zaf-2024-q-2026-09-28-md-26410688-period_end,crs-flow-oecd-crs-energy-zaf-2024-q-2026-09-28-md-26410688,period_end,2024,year,2024-01-01,2024-12-31,oecd-crs-energy-zaf-2024-q-2026-09-28-md-26410688,2026-09-28
crs-flow-oecd-crs-energy-zaf-2024-q-2026-09-28-md-26407705-period_start,crs-flow-oecd-crs-energy-zaf-2024-q-2026-09-28-md-26407705,period_start,2024,year,2024-01-01,2024-12-31,oecd-crs-energy-zaf-2024-q-2026-09-28-md-26407705,2026-09-28
crs-flow-oecd-crs-energy-zaf-2024-q-2026-09-28-md-26407705-period_end,crs-flow-oecd-crs-energy-zaf-2024-q-2026-09-28-md-26407705,period_end,2024,year,2024-01-01,2024-12-31,oecd-crs-energy-zaf-2024-q-2026-09-28-md-26407705,2026-09-28
crs-flow-oecd-crs-energy-zaf-2024-q-2026-09-28-md-26407706-period_start,crs-flow-oecd-crs-energy-zaf-2024-q-2026-09-28-md-26407706,period_start,2024,year,2024-01-01,2024-12-31,oecd-crs-energy-zaf-2024-q-2026-09-28-md-26407706,2026-09-28
crs-flow-oecd-crs-energy-zaf-2024-q-2026-09-28-md-26407706-period_end,crs-flow-oecd-crs-energy-zaf-2024-q-2026-09-28-md-26407706,period_end,2024,year,2024-01-01,2024-12-31,oecd-crs-energy-zaf-2024-q-2026-09-28-md-26407706,2026-09-28
crs-flow-oecd-crs-energy-zaf-2024-q-2026-09-28-md-26468960-period_start,crs-flow-oecd-crs-energy-zaf-2024-q-2026-09-28-md-26468960,period_start,2024,year,2024-01-01,2024-12-31,oecd-crs-energy-zaf-2024-q-2026-09-28-md-26468960,2026-09-28
crs-flow-oecd-crs-energy-zaf-2024-q-2026-09-28-md-26468960-period_end,crs-flow-oecd-crs-energy-zaf-2024-q-2026-09-28-md-26468960,period_end,2024,year,2024-01-01,2024-12-31,oecd-crs-energy-zaf-2024-q-2026-09-28-md-26468960,2026-09-28
crs-flow-oecd-crs-energy-zaf-2024-q-2026-09-28-md-26408285-period_start,crs-flow-oecd-crs-energy-zaf-2024-q-2026-09-28-md-26408285,period_start,2024,year,2024-01-01,2024-12-31,oecd-crs-energy-zaf-2024-q-2026-09-28-md-26408285,2026-09-28
crs-flow-oecd-crs-energy-zaf-2024-q-2026-09-28-md-26408285-period_end,crs-flow-oecd-crs-energy-zaf-2024-q-2026-09-28-md-26408285,period_end,2024,year,2024-01-01,2024-12-31,oecd-crs-energy-zaf-2024-q-2026-09-28-md-26408285,2026-09-28
crs-flow-oecd-crs-energy-zaf-2024-q-2026-09-28-md-26408284-period_start,crs-flow-oecd-crs-energy-zaf-2024-q-2026-09-28-md-26408284,period_start,2024,year,2024-01-01,2024-12-31,oecd-crs-energy-zaf-2024-q-2026-09-28-md-26408284,2026-09-28
crs-flow-oecd-crs-energy-zaf-2024-q-2026-09-28-md-26408284-period_end,crs-flow-oecd-crs-energy-zaf-2024-q-2026-09-28-md-26408284,period_end,2024,year,2024-01-01,2024-12-31,oecd-crs-energy-zaf-2024-q-2026-09-28-md-26408284,2026-09-28
crs-flow-oecd-crs-energy-zaf-2024-q-2026-09-28-md-26408283-period_start,crs-flow-oecd-crs-energy-zaf-2024-q-2026-09-28-md-26408283,period_start,2024,year,2024-01-01,2024-12-31,oecd-crs-energy-zaf-2024-q-2026-09-28-md-26408283,2026-09-28
crs-flow-oecd-crs-energy-zaf-2024-q-2026-09-28-md-26408283-period_end,crs-flow-oecd-crs-energy-zaf-2024-q-2026-09-28-md-26408283,period_end,2024,year,2024-01-01,2024-12-31,oecd-crs-energy-zaf-2024-q-2026-09-28-md-26408283,2026-09-28
crs-flow-oecd-crs-energy-zaf-2024-q-2026-09-28-md-26408282-period_start,crs-flow-oecd-crs-energy-zaf-2024-q-2026-09-28-md-26408282,period_start,2024,year,2024-01-01,2024-12-31,oecd-crs-energy-zaf-2024-q-2026-09-28-md-26408282,2026-09-28
crs-flow-oecd-crs-energy-zaf-2024-q-2026-09-28-md-26408282-period_end,crs-flow-oecd-crs-energy-zaf-2024-q-2026-09-28-md-26408282,period_end,2024,year,2024-01-01,2024-12-31,oecd-crs-energy-zaf-2024-q-2026-09-28-md-26408282,2026-09-28
crs-flow-oecd-crs-energy-zaf-2024-q-2026-09-28-md-26408135-period_start,crs-flow-oecd-crs-energy-zaf-2024-q-2026-09-28-md-26408135,period_start,2024,year,2024-01-01,2024-12-31,oecd-crs-energy-zaf-2024-q-2026-09-28-md-26408135,2026-09-28
crs-flow-oecd-crs-energy-zaf-2024-q-2026-09-28-md-26408135-period_end,crs-flow-oecd-crs-energy-zaf-2024-q-2026-09-28-md-26408135,period_end,2024,year,2024-01-01,2024-12-31,oecd-crs-energy-zaf-2024-q-2026-09-28-md-26408135,2026-09-28
crs-flow-oecd-crs-energy-zaf-2024-q-2026-09-28-md-26408136-period_start,crs-flow-oecd-crs-energy-zaf-2024-q-2026-09-28-md-26408136,period_start,2024,year,2024-01-01,2024-12-31,oecd-crs-energy-zaf-2024-q-2026-09-28-md-26408136,2026-09-28
crs-flow-oecd-crs-energy-zaf-2024-q-2026-09-28-md-26408136-period_end,crs-flow-oecd-crs-energy-zaf-2024-q-2026-09-28-md-26408136,period_end,2024,year,2024-01-01,2024-12-31,oecd-crs-energy-zaf-2024-q-2026-09-28-md-26408136,2026-09-28
crs-flow-oecd-crs-energy-zaf-2024-q-2026-09-28-md-26838683-period_start,crs-flow-oecd-crs-energy-zaf-2024-q-2026-09-28-md-26838683,period_start,2024,year,2024-01-01,2024-12-31,oecd-crs-energy-zaf-2024-q-2026-09-28-md-26838683,2026-09-28
crs-flow-oecd-crs-energy-zaf-2024-q-2026-09-28-md-26838683-period_end,crs-flow-oecd-crs-energy-zaf-2024-q-2026-09-28-md-26838683,period_end,2024,year,2024-01-01,2024-12-31,oecd-crs-energy-zaf-2024-q-2026-09-28-md-26838683,2026-09-28
crs-flow-oecd-crs-energy-zaf-2024-q-2026-09-28-md-26838703-period_start,crs-flow-oecd-crs-energy-zaf-2024-q-2026-09-28-md-26838703,period_start,2024,year,2024-01-01,2024-12-31,oecd-crs-energy-zaf-2024-q-2026-09-28-md-26838703,2026-09-28
crs-flow-oecd-crs-energy-zaf-2024-q-2026-09-28-md-26838703-period_end,crs-flow-oecd-crs-energy-zaf-2024-q-2026-09-28-md-26838703,period_end,2024,year,2024-01-01,2024-12-31,oecd-crs-energy-zaf-2024-q-2026-09-28-md-26838703,2026-09-28
crs-flow-oecd-crs-energy-zaf-2024-q-2026-09-28-md-26472863-period_start,crs-flow-oecd-crs-energy-zaf-2024-q-2026-09-28-md-26472863,period_start,2024,year,2024-01-01,2024-12-31,oecd-crs-energy-zaf-2024-q-2026-09-28-md-26472863,2026-09-28
crs-flow-oecd-crs-energy-zaf-2024-q-2026-09-28-md-26472863-period_end,crs-flow-oecd-crs-energy-zaf-2024-q-2026-09-28-md-26472863,period_end,2024,year,2024-01-01,2024-12-31,oecd-crs-energy-zaf-2024-q-2026-09-28-md-26472863,2026-09-28
crs-flow-oecd-crs-energy-zaf-2024-q-2026-09-28-md-26879545-period_start,crs-flow-oecd-crs-energy-zaf-2024-q-2026-09-28-md-26879545,period_start,2024,year,2024-01-01,2024-12-31,oecd-crs-energy-zaf-2024-q-2026-09-28-md-26879545,2026-09-28
crs-flow-oecd-crs-energy-zaf-2024-q-2026-09-28-md-26879545-period_end,crs-flow-oecd-crs-energy-zaf-2024-q-2026-09-28-md-26879545,period_end,2024,year,2024-01-01,2024-12-31,oecd-crs-energy-zaf-2024-q-2026-09-28-md-26879545,2026-09-28
crs-flow-oecd-crs-energy-zaf-2024-q-2026-09-28-md-26404015-period_start,crs-flow-oecd-crs-energy-zaf-2024-q-2026-09-28-md-26404015,period_start,2024,year,2024-01-01,2024-12-31,oecd-crs-energy-zaf-2024-q-2026-09-28-md-26404015,2026-09-28
crs-flow-oecd-crs-energy-zaf-2024-q-2026-09-28-md-26404015-period_end,crs-flow-oecd-crs-energy-zaf-2024-q-2026-09-28-md-26404015,period_end,2024,year,2024-01-01,2024-12-31,oecd-crs-energy-zaf-2024-q-2026-09-28-md-26404015,2026-09-28
crs-flow-oecd-crs-energy-zaf-2024-q-2026-09-28-md-26839656-period_start,crs-flow-oecd-crs-energy-zaf-2024-q-2026-09-28-md-26839656,period_start,2024,year,2024-01-01,2024-12-31,oecd-crs-energy-zaf-2024-q-2026-09-28-md-26839656,2026-09-28
crs-flow-oecd-crs-energy-zaf-2024-q-2026-09-28-md-26839656-period_end,crs-flow-oecd-crs-energy-zaf-2024-q-2026-09-28-md-26839656,period_end,2024,year,2024-01-01,2024-12-31,oecd-crs-energy-zaf-2024-q-2026-09-28-md-26839656,2026-09-28
crs-flow-oecd-crs-energy-zaf-2024-q-2026-09-28-md-26406386-period_start,crs-flow-oecd-crs-energy-zaf-2024-q-2026-09-28-md-26406386,period_start,2024,year,2024-01-01,2024-12-31,oecd-crs-energy-zaf-2024-q-2026-09-28-md-26406386,2026-09-28
crs-flow-oecd-crs-energy-zaf-2024-q-2026-09-28-md-26406386-period_end,crs-flow-oecd-crs-energy-zaf-2024-q-2026-09-28-md-26406386,period_end,2024,year,2024-01-01,2024-12-31,oecd-crs-energy-zaf-2024-q-2026-09-28-md-26406386,2026-09-28
crs-flow-oecd-crs-energy-zaf-2024-q-2026-09-28-md-26841383-period_start,crs-flow-oecd-crs-energy-zaf-2024-q-2026-09-28-md-26841383,period_start,2024,year,2024-01-01,2024-12-31,oecd-crs-energy-zaf-2024-q-2026-09-28-md-26841383,2026-09-28
crs-flow-oecd-crs-energy-zaf-2024-q-2026-09-28-md-26841383-period_end,crs-flow-oecd-crs-energy-zaf-2024-q-2026-09-28-md-26841383,period_end,2024,year,2024-01-01,2024-12-31,oecd-crs-energy-zaf-2024-q-2026-09-28-md-26841383,2026-09-28
crs-flow-oecd-crs-energy-zaf-2024-q-2026-09-28-md-26457399-period_start,crs-flow-oecd-crs-energy-zaf-2024-q-2026-09-28-md-26457399,period_start,2024,year,2024-01-01,2024-12-31,oecd-crs-energy-zaf-2024-q-2026-09-28-md-26457399,2026-09-28
crs-flow-oecd-crs-energy-zaf-2024-q-2026-09-28-md-26457399-period_end,crs-flow-oecd-crs-energy-zaf-2024-q-2026-09-28-md-26457399,period_end,2024,year,2024-01-01,2024-12-31,oecd-crs-energy-zaf-2024-q-2026-09-28-md-26457399,2026-09-28
crs-flow-oecd-crs-energy-zaf-2024-q-2026-09-28-md-26872024-period_start,crs-flow-oecd-crs-energy-zaf-2024-q-2026-09-28-md-26872024,period_start,2024,year,2024-01-01,2024-12-31,oecd-crs-energy-zaf-2024-q-2026-09-28-md-26872024,2026-09-28
crs-flow-oecd-crs-energy-zaf-2024-q-2026-09-28-md-26872024-period_end,crs-flow-oecd-crs-energy-zaf-2024-q-2026-09-28-md-26872024,period_end,2024,year,2024-01-01,2024-12-31,oecd-crs-energy-zaf-2024-q-2026-09-28-md-26872024,2026-09-28
crs-flow-oecd-crs-energy-zaf-2024-q-2026-09-28-md-26880101-period_start,crs-flow-oecd-crs-energy-zaf-2024-q-2026-09-28-md-26880101,period_start,2024,year,2024-01-01,2024-12-31,oecd-crs-energy-zaf-2024-q-2026-09-28-md-26880101,2026-09-28
crs-flow-oecd-crs-energy-zaf-2024-q-2026-09-28-md-26880101-period_end,crs-flow-oecd-crs-energy-zaf-2024-q-2026-09-28-md-26880101,period_end,2024,year,2024-01-01,2024-12-31,oecd-crs-energy-zaf-2024-q-2026-09-28-md-26880101,2026-09-28
crs-flow-oecd-crs-energy-zaf-2024-q-2026-09-28-md-26468959-period_start,crs-flow-oecd-crs-energy-zaf-2024-q-2026-09-28-md-26468959,period_start,2024,year,2024-01-01,2024-12-31,oecd-crs-energy-zaf-2024-q-2026-09-28-md-26468959,2026-09-28
crs-flow-oecd-crs-energy-zaf-2024-q-2026-09-28-md-26468959-period_end,crs-flow-oecd-crs-energy-zaf-2024-q-2026-09-28-md-26468959,period_end,2024,year,2024-01-01,2024-12-31,oecd-crs-energy-zaf-2024-q-2026-09-28-md-26468959,2026-09-28
crs-flow-oecd-crs-energy-zaf-2024-q-2026-09-28-md-26839111-period_start,crs-flow-oecd-crs-energy-zaf-2024-q-2026-09-28-md-26839111,period_start,2024,year,2024-01-01,2024-12-31,oecd-crs-energy-zaf-2024-q-2026-09-28-md-26839111,2026-09-28
crs-flow-oecd-crs-energy-zaf-2024-q-2026-09-28-md-26839111-period_end,crs-flow-oecd-crs-energy-zaf-2024-q-2026-09-28-md-26839111,period_end,2024,year,2024-01-01,2024-12-31,oecd-crs-energy-zaf-2024-q-2026-09-28-md-26839111,2026-09-28
crs-flow-oecd-crs-energy-zaf-2024-q-2026-09-28-md-26414533-period_start,crs-flow-oecd-crs-energy-zaf-2024-q-2026-09-28-md-26414533,period_start,2024,year,2024-01-01,2024-12-31,oecd-crs-energy-zaf-2024-q-2026-09-28-md-26414533,2026-09-28
crs-flow-oecd-crs-energy-zaf-2024-q-2026-09-28-md-26414533-period_end,crs-flow-oecd-crs-energy-zaf-2024-q-2026-09-28-md-26414533,period_end,2024,year,2024-01-01,2024-12-31,oecd-crs-energy-zaf-2024-q-2026-09-28-md-26414533,2026-09-28
crs-flow-oecd-crs-energy-zaf-2024-q-2026-09-28-md-26839110-period_start,crs-flow-oecd-crs-energy-zaf-2024-q-2026-09-28-md-26839110,period_start,2024,year,2024-01-01,2024-12-31,oecd-crs-energy-zaf-2024-q-2026-09-28-md-26839110,2026-09-28
crs-flow-oecd-crs-energy-zaf-2024-q-2026-09-28-md-26839110-period_end,crs-flow-oecd-crs-energy-zaf-2024-q-2026-09-28-md-26839110,period_end,2024,year,2024-01-01,2024-12-31,oecd-crs-energy-zaf-2024-q-2026-09-28-md-26839110,2026-09-28
crs-flow-oecd-crs-energy-zaf-2024-q-2026-09-28-md-26711173-period_start,crs-flow-oecd-crs-energy-zaf-2024-q-2026-09-28-md-26711173,period_start,2024,year,2024-01-01,2024-12-31,oecd-crs-energy-zaf-2024-q-2026-09-28-md-26711173,2026-09-28
crs-flow-oecd-crs-energy-zaf-2024-q-2026-09-28-md-26711173-period_end,crs-flow-oecd-crs-energy-zaf-2024-q-2026-09-28-md-26711173,period_end,2024,year,2024-01-01,2024-12-31,oecd-crs-energy-zaf-2024-q-2026-09-28-md-26711173,2026-09-28
crs-flow-oecd-crs-energy-zaf-2024-q-2026-09-28-md-26224935-period_start,crs-flow-oecd-crs-energy-zaf-2024-q-2026-09-28-md-26224935,period_start,2024,year,2024-01-01,2024-12-31,oecd-crs-energy-zaf-2024-q-2026-09-28-md-26224935,2026-09-28
crs-flow-oecd-crs-energy-zaf-2024-q-2026-09-28-md-26224935-period_end,crs-flow-oecd-crs-energy-zaf-2024-q-2026-09-28-md-26224935,period_end,2024,year,2024-01-01,2024-12-31,oecd-crs-energy-zaf-2024-q-2026-09-28-md-26224935,2026-09-28
crs-flow-oecd-crs-energy-zaf-2024-q-2026-09-28-md-26224936-period_start,crs-flow-oecd-crs-energy-zaf-2024-q-2026-09-28-md-26224936,period_start,2024,year,2024-01-01,2024-12-31,oecd-crs-energy-zaf-2024-q-2026-09-28-md-26224936,2026-09-28
crs-flow-oecd-crs-energy-zaf-2024-q-2026-09-28-md-26224936-period_end,crs-flow-oecd-crs-energy-zaf-2024-q-2026-09-28-md-26224936,period_end,2024,year,2024-01-01,2024-12-31,oecd-crs-energy-zaf-2024-q-2026-09-28-md-26224936,2026-09-28
crs-flow-oecd-crs-energy-zaf-2024-q-2026-09-28-md-26820555-period_start,crs-flow-oecd-crs-energy-zaf-2024-q-2026-09-28-md-26820555,period_start,2024,year,2024-01-01,2024-12-31,oecd-crs-energy-zaf-2024-q-2026-09-28-md-26820555,2026-09-28
crs-flow-oecd-crs-energy-zaf-2024-q-2026-09-28-md-26820555-period_end,crs-flow-oecd-crs-energy-zaf-2024-q-2026-09-28-md-26820555,period_end,2024,year,2024-01-01,2024-12-31,oecd-crs-energy-zaf-2024-q-2026-09-28-md-26820555,2026-09-28
crs-flow-oecd-crs-energy-zaf-2024-q-2026-09-28-md-26342861-period_start,crs-flow-oecd-crs-energy-zaf-2024-q-2026-09-28-md-26342861,period_start,2024,year,2024-01-01,2024-12-31,oecd-crs-energy-zaf-2024-q-2026-09-28-md-26342861,2026-09-28
crs-flow-oecd-crs-energy-zaf-2024-q-2026-09-28-md-26342861-period_end,crs-flow-oecd-crs-energy-zaf-2024-q-2026-09-28-md-26342861,period_end,2024,year,2024-01-01,2024-12-31,oecd-crs-energy-zaf-2024-q-2026-09-28-md-26342861,2026-09-28
crs-flow-oecd-crs-energy-zaf-2024-q-2026-09-28-md-26786510-period_start,crs-flow-oecd-crs-energy-zaf-2024-q-2026-09-28-md-26786510,period_start,2024,year,2024-01-01,2024-12-31,oecd-crs-energy-zaf-2024-q-2026-09-28-md-26786510,2026-09-28
crs-flow-oecd-crs-energy-zaf-2024-q-2026-09-28-md-26786510-period_end,crs-flow-oecd-crs-energy-zaf-2024-q-2026-09-28-md-26786510,period_end,2024,year,2024-01-01,2024-12-31,oecd-crs-energy-zaf-2024-q-2026-09-28-md-26786510,2026-09-28
crs-flow-oecd-crs-energy-zaf-2024-q-2026-09-28-md-26783231-period_start,crs-flow-oecd-crs-energy-zaf-2024-q-2026-09-28-md-26783231,period_start,2024,year,2024-01-01,2024-12-31,oecd-crs-energy-zaf-2024-q-2026-09-28-md-26783231,2026-09-28
crs-flow-oecd-crs-energy-zaf-2024-q-2026-09-28-md-26783231-period_end,crs-flow-oecd-crs-energy-zaf-2024-q-2026-09-28-md-26783231,period_end,2024,year,2024-01-01,2024-12-31,oecd-crs-energy-zaf-2024-q-2026-09-28-md-26783231,2026-09-28
crs-flow-oecd-crs-energy-zaf-2024-q-2026-09-28-md-26324637-period_start,crs-flow-oecd-crs-energy-zaf-2024-q-2026-09-28-md-26324637,period_start,2024,year,2024-01-01,2024-12-31,oecd-crs-energy-zaf-2024-q-2026-09-28-md-26324637,2026-09-28
crs-flow-oecd-crs-energy-zaf-2024-q-2026-09-28-md-26324637-period_end,crs-flow-oecd-crs-energy-zaf-2024-q-2026-09-28-md-26324637,period_end,2024,year,2024-01-01,2024-12-31,oecd-crs-energy-zaf-2024-q-2026-09-28-md-26324637,2026-09-28
crs-flow-oecd-crs-energy-zaf-2024-q-2026-09-28-md-26844924-period_start,crs-flow-oecd-crs-energy-zaf-2024-q-2026-09-28-md-26844924,period_start,2024,year,2024-01-01,2024-12-31,oecd-crs-energy-zaf-2024-q-2026-09-28-md-26844924,2026-09-28
crs-flow-oecd-crs-energy-zaf-2024-q-2026-09-28-md-26844924-period_end,crs-flow-oecd-crs-energy-zaf-2024-q-2026-09-28-md-26844924,period_end,2024,year,2024-01-01,2024-12-31,oecd-crs-energy-zaf-2024-q-2026-09-28-md-26844924,2026-09-28
crs-flow-oecd-crs-energy-zaf-2024-q-2026-09-28-md-26411874-period_start,crs-flow-oecd-crs-energy-zaf-2024-q-2026-09-28-md-26411874,period_start,2024,year,2024-01-01,2024-12-31,oecd-crs-energy-zaf-2024-q-2026-09-28-md-26411874,2026-09-28
crs-flow-oecd-crs-energy-zaf-2024-q-2026-09-28-md-26411874-period_end,crs-flow-oecd-crs-energy-zaf-2024-q-2026-09-28-md-26411874,period_end,2024,year,2024-01-01,2024-12-31,oecd-crs-energy-zaf-2024-q-2026-09-28-md-26411874,2026-09-28
crs-flow-oecd-crs-energy-zaf-2024-q-2026-09-28-md-26413639-period_start,crs-flow-oecd-crs-energy-zaf-2024-q-2026-09-28-md-26413639,period_start,2024,year,2024-01-01,2024-12-31,oecd-crs-energy-zaf-2024-q-2026-09-28-md-26413639,2026-09-28
crs-flow-oecd-crs-energy-zaf-2024-q-2026-09-28-md-26413639-period_end,crs-flow-oecd-crs-energy-zaf-2024-q-2026-09-28-md-26413639,period_end,2024,year,2024-01-01,2024-12-31,oecd-crs-energy-zaf-2024-q-2026-09-28-md-26413639,2026-09-28
crs-flow-oecd-crs-energy-zaf-2024-q-2026-09-28-md-26845679-period_start,crs-flow-oecd-crs-energy-zaf-2024-q-2026-09-28-md-26845679,period_start,2024,year,2024-01-01,2024-12-31,oecd-crs-energy-zaf-2024-q-2026-09-28-md-26845679,2026-09-28
crs-flow-oecd-crs-energy-zaf-2024-q-2026-09-28-md-26845679-period_end,crs-flow-oecd-crs-energy-zaf-2024-q-2026-09-28-md-26845679,period_end,2024,year,2024-01-01,2024-12-31,oecd-crs-energy-zaf-2024-q-2026-09-28-md-26845679,2026-09-28
crs-flow-oecd-crs-energy-zaf-2024-q-2026-09-28-md-26344633-period_start,crs-flow-oecd-crs-energy-zaf-2024-q-2026-09-28-md-26344633,period_start,2024,year,2024-01-01,2024-12-31,oecd-crs-energy-zaf-2024-q-2026-09-28-md-26344633,2026-09-28
crs-flow-oecd-crs-energy-zaf-2024-q-2026-09-28-md-26344633-period_end,crs-flow-oecd-crs-energy-zaf-2024-q-2026-09-28-md-26344633,period_end,2024,year,2024-01-01,2024-12-31,oecd-crs-energy-zaf-2024-q-2026-09-28-md-26344633,2026-09-28
crs-flow-oecd-crs-energy-zaf-2024-q-2026-09-28-md-26797650-period_start,crs-flow-oecd-crs-energy-zaf-2024-q-2026-09-28-md-26797650,period_start,2024,year,2024-01-01,2024-12-31,oecd-crs-energy-zaf-2024-q-2026-09-28-md-26797650,2026-09-28
crs-flow-oecd-crs-energy-zaf-2024-q-2026-09-28-md-26797650-period_end,crs-flow-oecd-crs-energy-zaf-2024-q-2026-09-28-md-26797650,period_end,2024,year,2024-01-01,2024-12-31,oecd-crs-energy-zaf-2024-q-2026-09-28-md-26797650,2026-09-28
crs-flow-oecd-crs-energy-zaf-2024-q-2026-09-28-md-26730154-period_start,crs-flow-oecd-crs-energy-zaf-2024-q-2026-09-28-md-26730154,period_start,2024,year,2024-01-01,2024-12-31,oecd-crs-energy-zaf-2024-q-2026-09-28-md-26730154,2026-09-28
crs-flow-oecd-crs-energy-zaf-2024-q-2026-09-28-md-26730154-period_end,crs-flow-oecd-crs-energy-zaf-2024-q-2026-09-28-md-26730154,period_end,2024,year,2024-01-01,2024-12-31,oecd-crs-energy-zaf-2024-q-2026-09-28-md-26730154,2026-09-28
crs-flow-oecd-crs-energy-zaf-2024-q-2026-09-28-md-26730153-period_start,crs-flow-oecd-crs-energy-zaf-2024-q-2026-09-28-md-26730153,period_start,2024,year,2024-01-01,2024-12-31,oecd-crs-energy-zaf-2024-q-2026-09-28-md-26730153,2026-09-28
crs-flow-oecd-crs-energy-zaf-2024-q-2026-09-28-md-26730153-period_end,crs-flow-oecd-crs-energy-zaf-2024-q-2026-09-28-md-26730153,period_end,2024,year,2024-01-01,2024-12-31,oecd-crs-energy-zaf-2024-q-2026-09-28-md-26730153,2026-09-28
crs-flow-oecd-crs-energy-zaf-2024-q-2026-09-28-md-26246869-period_start,crs-flow-oecd-crs-energy-zaf-2024-q-2026-09-28-md-26246869,period_start,2024,year,2024-01-01,2024-12-31,oecd-crs-energy-zaf-2024-q-2026-09-28-md-26246869,2026-09-28
crs-flow-oecd-crs-energy-zaf-2024-q-2026-09-28-md-26246869-period_end,crs-flow-oecd-crs-energy-zaf-2024-q-2026-09-28-md-26246869,period_end,2024,year,2024-01-01,2024-12-31,oecd-crs-energy-zaf-2024-q-2026-09-28-md-26246869,2026-09-28
crs-flow-oecd-crs-energy-zaf-2024-q-2026-09-28-md-26730152-period_start,crs-flow-oecd-crs-energy-zaf-2024-q-2026-09-28-md-26730152,period_start,2024,year,2024-01-01,2024-12-31,oecd-crs-energy-zaf-2024-q-2026-09-28-md-26730152,2026-09-28
crs-flow-oecd-crs-energy-zaf-2024-q-2026-09-28-md-26730152-period_end,crs-flow-oecd-crs-energy-zaf-2024-q-2026-09-28-md-26730152,period_end,2024,year,2024-01-01,2024-12-31,oecd-crs-energy-zaf-2024-q-2026-09-28-md-26730152,2026-09-28
crs-flow-oecd-crs-energy-zaf-2024-q-2026-09-28-md-26246868-period_start,crs-flow-oecd-crs-energy-zaf-2024-q-2026-09-28-md-26246868,period_start,2024,year,2024-01-01,2024-12-31,oecd-crs-energy-zaf-2024-q-2026-09-28-md-26246868,2026-09-28
crs-flow-oecd-crs-energy-zaf-2024-q-2026-09-28-md-26246868-period_end,crs-flow-oecd-crs-energy-zaf-2024-q-2026-09-28-md-26246868,period_end,2024,year,2024-01-01,2024-12-31,oecd-crs-energy-zaf-2024-q-2026-09-28-md-26246868,2026-09-28
crs-flow-oecd-crs-energy-zaf-2024-q-2026-09-28-md-26246867-period_start,crs-flow-oecd-crs-energy-zaf-2024-q-2026-09-28-md-26246867,period_start,2024,year,2024-01-01,2024-12-31,oecd-crs-energy-zaf-2024-q-2026-09-28-md-26246867,2026-09-28
crs-flow-oecd-crs-energy-zaf-2024-q-2026-09-28-md-26246867-period_end,crs-flow-oecd-crs-energy-zaf-2024-q-2026-09-28-md-26246867,period_end,2024,year,2024-01-01,2024-12-31,oecd-crs-energy-zaf-2024-q-2026-09-28-md-26246867,2026-09-28
crs-flow-oecd-crs-energy-zaf-2024-q-2026-09-28-md-26255582-period_start,crs-flow-oecd-crs-energy-zaf-2024-q-2026-09-28-md-26255582,period_start,2024,year,2024-01-01,2024-12-31,oecd-crs-energy-zaf-2024-q-2026-09-28-md-26255582,2026-09-28
crs-flow-oecd-crs-energy-zaf-2024-q-2026-09-28-md-26255582-period_end,crs-flow-oecd-crs-energy-zaf-2024-q-2026-09-28-md-26255582,period_end,2024,year,2024-01-01,2024-12-31,oecd-crs-energy-zaf-2024-q-2026-09-28-md-26255582,2026-09-28
crs-flow-oecd-crs-energy-zaf-2024-q-2026-09-28-md-26255470-period_start,crs-flow-oecd-crs-energy-zaf-2024-q-2026-09-28-md-26255470,period_start,2024,year,2024-01-01,2024-12-31,oecd-crs-energy-zaf-2024-q-2026-09-28-md-26255470,2026-09-28
crs-flow-oecd-crs-energy-zaf-2024-q-2026-09-28-md-26255470-period_end,crs-flow-oecd-crs-energy-zaf-2024-q-2026-09-28-md-26255470,period_end,2024,year,2024-01-01,2024-12-31,oecd-crs-energy-zaf-2024-q-2026-09-28-md-26255470,2026-09-28
crs-flow-oecd-crs-energy-zaf-2024-q-2026-09-28-md-26731137-period_start,crs-flow-oecd-crs-energy-zaf-2024-q-2026-09-28-md-26731137,period_start,2024,year,2024-01-01,2024-12-31,oecd-crs-energy-zaf-2024-q-2026-09-28-md-26731137,2026-09-28
crs-flow-oecd-crs-energy-zaf-2024-q-2026-09-28-md-26731137-period_end,crs-flow-oecd-crs-energy-zaf-2024-q-2026-09-28-md-26731137,period_end,2024,year,2024-01-01,2024-12-31,oecd-crs-energy-zaf-2024-q-2026-09-28-md-26731137,2026-09-28
crs-flow-oecd-crs-energy-zaf-2024-q-2026-09-28-md-26255581-period_start,crs-flow-oecd-crs-energy-zaf-2024-q-2026-09-28-md-26255581,period_start,2024,year,2024-01-01,2024-12-31,oecd-crs-energy-zaf-2024-q-2026-09-28-md-26255581,2026-09-28
crs-flow-oecd-crs-energy-zaf-2024-q-2026-09-28-md-26255581-period_end,crs-flow-oecd-crs-energy-zaf-2024-q-2026-09-28-md-26255581,period_end,2024,year,2024-01-01,2024-12-31,oecd-crs-energy-zaf-2024-q-2026-09-28-md-26255581,2026-09-28
crs-flow-oecd-crs-energy-zaf-2024-q-2026-09-28-md-26731138-period_start,crs-flow-oecd-crs-energy-zaf-2024-q-2026-09-28-md-26731138,period_start,2024,year,2024-01-01,2024-12-31,oecd-crs-energy-zaf-2024-q-2026-09-28-md-26731138,2026-09-28
crs-flow-oecd-crs-energy-zaf-2024-q-2026-09-28-md-26731138-period_end,crs-flow-oecd-crs-energy-zaf-2024-q-2026-09-28-md-26731138,period_end,2024,year,2024-01-01,2024-12-31,oecd-crs-energy-zaf-2024-q-2026-09-28-md-26731138,2026-09-28
crs-flow-oecd-crs-energy-zaf-2024-q-2026-09-28-md-26251180-period_start,crs-flow-oecd-crs-energy-zaf-2024-q-2026-09-28-md-26251180,period_start,2024,year,2024-01-01,2024-12-31,oecd-crs-energy-zaf-2024-q-2026-09-28-md-26251180,2026-09-28
crs-flow-oecd-crs-energy-zaf-2024-q-2026-09-28-md-26251180-period_end,crs-flow-oecd-crs-energy-zaf-2024-q-2026-09-28-md-26251180,period_end,2024,year,2024-01-01,2024-12-31,oecd-crs-energy-zaf-2024-q-2026-09-28-md-26251180,2026-09-28
crs-flow-oecd-crs-energy-zaf-2024-q-2026-09-28-md-26251181-period_start,crs-flow-oecd-crs-energy-zaf-2024-q-2026-09-28-md-26251181,period_start,2024,year,2024-01-01,2024-12-31,oecd-crs-energy-zaf-2024-q-2026-09-28-md-26251181,2026-09-28
crs-flow-oecd-crs-energy-zaf-2024-q-2026-09-28-md-26251181-period_end,crs-flow-oecd-crs-energy-zaf-2024-q-2026-09-28-md-26251181,period_end,2024,year,2024-01-01,2024-12-31,oecd-crs-energy-zaf-2024-q-2026-09-28-md-26251181,2026-09-28
crs-flow-oecd-crs-energy-zaf-2024-q-2026-09-28-md-26249082-period_start,crs-flow-oecd-crs-energy-zaf-2024-q-2026-09-28-md-26249082,period_start,2024,year,2024-01-01,2024-12-31,oecd-crs-energy-zaf-2024-q-2026-09-28-md-26249082,2026-09-28
crs-flow-oecd-crs-energy-zaf-2024-q-2026-09-28-md-26249082-period_end,crs-flow-oecd-crs-energy-zaf-2024-q-2026-09-28-md-26249082,period_end,2024,year,2024-01-01,2024-12-31,oecd-crs-energy-zaf-2024-q-2026-09-28-md-26249082,2026-09-28
crs-flow-oecd-crs-energy-zaf-2024-q-2026-09-28-md-26253627-period_start,crs-flow-oecd-crs-energy-zaf-2024-q-2026-09-28-md-26253627,period_start,2024,year,2024-01-01,2024-12-31,oecd-crs-energy-zaf-2024-q-2026-09-28-md-26253627,2026-09-28
crs-flow-oecd-crs-energy-zaf-2024-q-2026-09-28-md-26253627-period_end,crs-flow-oecd-crs-energy-zaf-2024-q-2026-09-28-md-26253627,period_end,2024,year,2024-01-01,2024-12-31,oecd-crs-energy-zaf-2024-q-2026-09-28-md-26253627,2026-09-28
crs-flow-oecd-crs-energy-zaf-2024-q-2026-09-28-md-26696224-period_start,crs-flow-oecd-crs-energy-zaf-2024-q-2026-09-28-md-26696224,period_start,2024,year,2024-01-01,2024-12-31,oecd-crs-energy-zaf-2024-q-2026-09-28-md-26696224,2026-09-28
crs-flow-oecd-crs-energy-zaf-2024-q-2026-09-28-md-26696224-period_end,crs-flow-oecd-crs-energy-zaf-2024-q-2026-09-28-md-26696224,period_end,2024,year,2024-01-01,2024-12-31,oecd-crs-energy-zaf-2024-q-2026-09-28-md-26696224,2026-09-28
crs-flow-oecd-crs-energy-zaf-2024-q-2026-09-28-md-26696204-period_start,crs-flow-oecd-crs-energy-zaf-2024-q-2026-09-28-md-26696204,period_start,2024,year,2024-01-01,2024-12-31,oecd-crs-energy-zaf-2024-q-2026-09-28-md-26696204,2026-09-28
crs-flow-oecd-crs-energy-zaf-2024-q-2026-09-28-md-26696204-period_end,crs-flow-oecd-crs-energy-zaf-2024-q-2026-09-28-md-26696204,period_end,2024,year,2024-01-01,2024-12-31,oecd-crs-energy-zaf-2024-q-2026-09-28-md-26696204,2026-09-28
crs-flow-oecd-crs-energy-zaf-2024-q-2026-09-28-md-26200202-period_start,crs-flow-oecd-crs-energy-zaf-2024-q-2026-09-28-md-26200202,period_start,2024,year,2024-01-01,2024-12-31,oecd-crs-energy-zaf-2024-q-2026-09-28-md-26200202,2026-09-28
crs-flow-oecd-crs-energy-zaf-2024-q-2026-09-28-md-26200202-period_end,crs-flow-oecd-crs-energy-zaf-2024-q-2026-09-28-md-26200202,period_end,2024,year,2024-01-01,2024-12-31,oecd-crs-energy-zaf-2024-q-2026-09-28-md-26200202,2026-09-28
crs-flow-oecd-crs-energy-zaf-2024-q-2026-09-28-md-26696209-period_start,crs-flow-oecd-crs-energy-zaf-2024-q-2026-09-28-md-26696209,period_start,2024,year,2024-01-01,2024-12-31,oecd-crs-energy-zaf-2024-q-2026-09-28-md-26696209,2026-09-28
crs-flow-oecd-crs-energy-zaf-2024-q-2026-09-28-md-26696209-period_end,crs-flow-oecd-crs-energy-zaf-2024-q-2026-09-28-md-26696209,period_end,2024,year,2024-01-01,2024-12-31,oecd-crs-energy-zaf-2024-q-2026-09-28-md-26696209,2026-09-28
crs-flow-oecd-crs-energy-zaf-2024-q-2026-09-28-md-26696199-period_start,crs-flow-oecd-crs-energy-zaf-2024-q-2026-09-28-md-26696199,period_start,2024,year,2024-01-01,2024-12-31,oecd-crs-energy-zaf-2024-q-2026-09-28-md-26696199,2026-09-28
crs-flow-oecd-crs-energy-zaf-2024-q-2026-09-28-md-26696199-period_end,crs-flow-oecd-crs-energy-zaf-2024-q-2026-09-28-md-26696199,period_end,2024,year,2024-01-01,2024-12-31,oecd-crs-energy-zaf-2024-q-2026-09-28-md-26696199,2026-09-28
crs-flow-oecd-crs-energy-zaf-2024-q-2026-09-28-md-26200207-period_start,crs-flow-oecd-crs-energy-zaf-2024-q-2026-09-28-md-26200207,period_start,2024,year,2024-01-01,2024-12-31,oecd-crs-energy-zaf-2024-q-2026-09-28-md-26200207,2026-09-28
crs-flow-oecd-crs-energy-zaf-2024-q-2026-09-28-md-26200207-period_end,crs-flow-oecd-crs-energy-zaf-2024-q-2026-09-28-md-26200207,period_end,2024,year,2024-01-01,2024-12-31,oecd-crs-energy-zaf-2024-q-2026-09-28-md-26200207,2026-09-28
crs-flow-oecd-crs-energy-zaf-2024-q-2026-09-28-md-26696229-period_start,crs-flow-oecd-crs-energy-zaf-2024-q-2026-09-28-md-26696229,period_start,2024,year,2024-01-01,2024-12-31,oecd-crs-energy-zaf-2024-q-2026-09-28-md-26696229,2026-09-28
crs-flow-oecd-crs-energy-zaf-2024-q-2026-09-28-md-26696229-period_end,crs-flow-oecd-crs-energy-zaf-2024-q-2026-09-28-md-26696229,period_end,2024,year,2024-01-01,2024-12-31,oecd-crs-energy-zaf-2024-q-2026-09-28-md-26696229,2026-09-28
crs-flow-oecd-crs-energy-zaf-2024-q-2026-09-28-md-26696239-period_start,crs-flow-oecd-crs-energy-zaf-2024-q-2026-09-28-md-26696239,period_start,2024,year,2024-01-01,2024-12-31,oecd-crs-energy-zaf-2024-q-2026-09-28-md-26696239,2026-09-28
crs-flow-oecd-crs-energy-zaf-2024-q-2026-09-28-md-26696239-period_end,crs-flow-oecd-crs-energy-zaf-2024-q-2026-09-28-md-26696239,period_end,2024,year,2024-01-01,2024-12-31,oecd-crs-energy-zaf-2024-q-2026-09-28-md-26696239,2026-09-28
crs-flow-oecd-crs-energy-zaf-2024-q-2026-09-28-md-26200237-period_start,crs-flow-oecd-crs-energy-zaf-2024-q-2026-09-28-md-26200237,period_start,2024,year,2024-01-01,2024-12-31,oecd-crs-energy-zaf-2024-q-2026-09-28-md-26200237,2026-09-28
crs-flow-oecd-crs-energy-zaf-2024-q-2026-09-28-md-26200237-period_end,crs-flow-oecd-crs-energy-zaf-2024-q-2026-09-28-md-26200237,period_end,2024,year,2024-01-01,2024-12-31,oecd-crs-energy-zaf-2024-q-2026-09-28-md-26200237,2026-09-28
crs-flow-oecd-crs-energy-zaf-2024-q-2026-09-28-md-26200222-period_start,crs-flow-oecd-crs-energy-zaf-2024-q-2026-09-28-md-26200222,period_start,2024,year,2024-01-01,2024-12-31,oecd-crs-energy-zaf-2024-q-2026-09-28-md-26200222,2026-09-28
crs-flow-oecd-crs-energy-zaf-2024-q-2026-09-28-md-26200222-period_end,crs-flow-oecd-crs-energy-zaf-2024-q-2026-09-28-md-26200222,period_end,2024,year,2024-01-01,2024-12-31,oecd-crs-energy-zaf-2024-q-2026-09-28-md-26200222,2026-09-28
crs-flow-oecd-crs-energy-zaf-2024-q-2026-09-28-md-26200242-period_start,crs-flow-oecd-crs-energy-zaf-2024-q-2026-09-28-md-26200242,period_start,2024,year,2024-01-01,2024-12-31,oecd-crs-energy-zaf-2024-q-2026-09-28-md-26200242,2026-09-28
crs-flow-oecd-crs-energy-zaf-2024-q-2026-09-28-md-26200242-period_end,crs-flow-oecd-crs-energy-zaf-2024-q-2026-09-28-md-26200242,period_end,2024,year,2024-01-01,2024-12-31,oecd-crs-energy-zaf-2024-q-2026-09-28-md-26200242,2026-09-28
crs-flow-oecd-crs-energy-zaf-2024-q-2026-09-28-md-26696219-period_start,crs-flow-oecd-crs-energy-zaf-2024-q-2026-09-28-md-26696219,period_start,2024,year,2024-01-01,2024-12-31,oecd-crs-energy-zaf-2024-q-2026-09-28-md-26696219,2026-09-28
crs-flow-oecd-crs-energy-zaf-2024-q-2026-09-28-md-26696219-period_end,crs-flow-oecd-crs-energy-zaf-2024-q-2026-09-28-md-26696219,period_end,2024,year,2024-01-01,2024-12-31,oecd-crs-energy-zaf-2024-q-2026-09-28-md-26696219,2026-09-28
crs-flow-oecd-crs-energy-zaf-2024-q-2026-09-28-md-26200232-period_start,crs-flow-oecd-crs-energy-zaf-2024-q-2026-09-28-md-26200232,period_start,2024,year,2024-01-01,2024-12-31,oecd-crs-energy-zaf-2024-q-2026-09-28-md-26200232,2026-09-28
crs-flow-oecd-crs-energy-zaf-2024-q-2026-09-28-md-26200232-period_end,crs-flow-oecd-crs-energy-zaf-2024-q-2026-09-28-md-26200232,period_end,2024,year,2024-01-01,2024-12-31,oecd-crs-energy-zaf-2024-q-2026-09-28-md-26200232,2026-09-28
crs-flow-oecd-crs-energy-zaf-2024-q-2026-09-28-md-26200212-period_start,crs-flow-oecd-crs-energy-zaf-2024-q-2026-09-28-md-26200212,period_start,2024,year,2024-01-01,2024-12-31,oecd-crs-energy-zaf-2024-q-2026-09-28-md-26200212,2026-09-28
crs-flow-oecd-crs-energy-zaf-2024-q-2026-09-28-md-26200212-period_end,crs-flow-oecd-crs-energy-zaf-2024-q-2026-09-28-md-26200212,period_end,2024,year,2024-01-01,2024-12-31,oecd-crs-energy-zaf-2024-q-2026-09-28-md-26200212,2026-09-28
crs-flow-oecd-crs-energy-zaf-2024-q-2026-09-28-md-26696234-period_start,crs-flow-oecd-crs-energy-zaf-2024-q-2026-09-28-md-26696234,period_start,2024,year,2024-01-01,2024-12-31,oecd-crs-energy-zaf-2024-q-2026-09-28-md-26696234,2026-09-28
crs-flow-oecd-crs-energy-zaf-2024-q-2026-09-28-md-26696234-period_end,crs-flow-oecd-crs-energy-zaf-2024-q-2026-09-28-md-26696234,period_end,2024,year,2024-01-01,2024-12-31,oecd-crs-energy-zaf-2024-q-2026-09-28-md-26696234,2026-09-28
crs-flow-oecd-crs-energy-zaf-2024-q-2026-09-28-md-26200227-period_start,crs-flow-oecd-crs-energy-zaf-2024-q-2026-09-28-md-26200227,period_start,2024,year,2024-01-01,2024-12-31,oecd-crs-energy-zaf-2024-q-2026-09-28-md-26200227,2026-09-28
crs-flow-oecd-crs-energy-zaf-2024-q-2026-09-28-md-26200227-period_end,crs-flow-oecd-crs-energy-zaf-2024-q-2026-09-28-md-26200227,period_end,2024,year,2024-01-01,2024-12-31,oecd-crs-energy-zaf-2024-q-2026-09-28-md-26200227,2026-09-28
crs-flow-oecd-crs-energy-zaf-2024-q-2026-09-28-md-26206067-period_start,crs-flow-oecd-crs-energy-zaf-2024-q-2026-09-28-md-26206067,period_start,2024,year,2024-01-01,2024-12-31,oecd-crs-energy-zaf-2024-q-2026-09-28-md-26206067,2026-09-28
crs-flow-oecd-crs-energy-zaf-2024-q-2026-09-28-md-26206067-period_end,crs-flow-oecd-crs-energy-zaf-2024-q-2026-09-28-md-26206067,period_end,2024,year,2024-01-01,2024-12-31,oecd-crs-energy-zaf-2024-q-2026-09-28-md-26206067,2026-09-28
crs-flow-oecd-crs-energy-zaf-2024-q-2026-09-28-md-26687596-period_start,crs-flow-oecd-crs-energy-zaf-2024-q-2026-09-28-md-26687596,period_start,2024,year,2024-01-01,2024-12-31,oecd-crs-energy-zaf-2024-q-2026-09-28-md-26687596,2026-09-28
crs-flow-oecd-crs-energy-zaf-2024-q-2026-09-28-md-26687596-period_end,crs-flow-oecd-crs-energy-zaf-2024-q-2026-09-28-md-26687596,period_end,2024,year,2024-01-01,2024-12-31,oecd-crs-energy-zaf-2024-q-2026-09-28-md-26687596,2026-09-28
crs-flow-oecd-crs-energy-zaf-2024-q-2026-09-28-md-26206097-period_start,crs-flow-oecd-crs-energy-zaf-2024-q-2026-09-28-md-26206097,period_start,2024,year,2024-01-01,2024-12-31,oecd-crs-energy-zaf-2024-q-2026-09-28-md-26206097,2026-09-28
crs-flow-oecd-crs-energy-zaf-2024-q-2026-09-28-md-26206097-period_end,crs-flow-oecd-crs-energy-zaf-2024-q-2026-09-28-md-26206097,period_end,2024,year,2024-01-01,2024-12-31,oecd-crs-energy-zaf-2024-q-2026-09-28-md-26206097,2026-09-28
crs-flow-oecd-crs-energy-zaf-2024-q-2026-09-28-md-26687887-period_start,crs-flow-oecd-crs-energy-zaf-2024-q-2026-09-28-md-26687887,period_start,2024,year,2024-01-01,2024-12-31,oecd-crs-energy-zaf-2024-q-2026-09-28-md-26687887,2026-09-28
crs-flow-oecd-crs-energy-zaf-2024-q-2026-09-28-md-26687887-period_end,crs-flow-oecd-crs-energy-zaf-2024-q-2026-09-28-md-26687887,period_end,2024,year,2024-01-01,2024-12-31,oecd-crs-energy-zaf-2024-q-2026-09-28-md-26687887,2026-09-28
crs-flow-oecd-crs-energy-zaf-2024-q-2026-09-28-md-26206062-period_start,crs-flow-oecd-crs-energy-zaf-2024-q-2026-09-28-md-26206062,period_start,2024,year,2024-01-01,2024-12-31,oecd-crs-energy-zaf-2024-q-2026-09-28-md-26206062,2026-09-28
crs-flow-oecd-crs-energy-zaf-2024-q-2026-09-28-md-26206062-period_end,crs-flow-oecd-crs-energy-zaf-2024-q-2026-09-28-md-26206062,period_end,2024,year,2024-01-01,2024-12-31,oecd-crs-energy-zaf-2024-q-2026-09-28-md-26206062,2026-09-28
crs-flow-oecd-crs-energy-zaf-2024-q-2026-09-28-md-26206052-period_start,crs-flow-oecd-crs-energy-zaf-2024-q-2026-09-28-md-26206052,period_start,2024,year,2024-01-01,2024-12-31,oecd-crs-energy-zaf-2024-q-2026-09-28-md-26206052,2026-09-28
crs-flow-oecd-crs-energy-zaf-2024-q-2026-09-28-md-26206052-period_end,crs-flow-oecd-crs-energy-zaf-2024-q-2026-09-28-md-26206052,period_end,2024,year,2024-01-01,2024-12-31,oecd-crs-energy-zaf-2024-q-2026-09-28-md-26206052,2026-09-28
crs-flow-oecd-crs-energy-zaf-2024-q-2026-09-28-md-26206107-period_start,crs-flow-oecd-crs-energy-zaf-2024-q-2026-09-28-md-26206107,period_start,2024,year,2024-01-01,2024-12-31,oecd-crs-energy-zaf-2024-q-2026-09-28-md-26206107,2026-09-28
crs-flow-oecd-crs-energy-zaf-2024-q-2026-09-28-md-26206107-period_end,crs-flow-oecd-crs-energy-zaf-2024-q-2026-09-28-md-26206107,period_end,2024,year,2024-01-01,2024-12-31,oecd-crs-energy-zaf-2024-q-2026-09-28-md-26206107,2026-09-28
crs-flow-oecd-crs-energy-zaf-2024-q-2026-09-28-md-26687938-period_start,crs-flow-oecd-crs-energy-zaf-2024-q-2026-09-28-md-26687938,period_start,2024,year,2024-01-01,2024-12-31,oecd-crs-energy-zaf-2024-q-2026-09-28-md-26687938,2026-09-28
crs-flow-oecd-crs-energy-zaf-2024-q-2026-09-28-md-26687938-period_end,crs-flow-oecd-crs-energy-zaf-2024-q-2026-09-28-md-26687938,period_end,2024,year,2024-01-01,2024-12-31,oecd-crs-energy-zaf-2024-q-2026-09-28-md-26687938,2026-09-28
crs-flow-oecd-crs-energy-zaf-2024-q-2026-09-28-md-26206077-period_start,crs-flow-oecd-crs-energy-zaf-2024-q-2026-09-28-md-26206077,period_start,2024,year,2024-01-01,2024-12-31,oecd-crs-energy-zaf-2024-q-2026-09-28-md-26206077,2026-09-28
crs-flow-oecd-crs-energy-zaf-2024-q-2026-09-28-md-26206077-period_end,crs-flow-oecd-crs-energy-zaf-2024-q-2026-09-28-md-26206077,period_end,2024,year,2024-01-01,2024-12-31,oecd-crs-energy-zaf-2024-q-2026-09-28-md-26206077,2026-09-28
crs-flow-oecd-crs-energy-zaf-2024-q-2026-09-28-md-26687613-period_start,crs-flow-oecd-crs-energy-zaf-2024-q-2026-09-28-md-26687613,period_start,2024,year,2024-01-01,2024-12-31,oecd-crs-energy-zaf-2024-q-2026-09-28-md-26687613,2026-09-28
crs-flow-oecd-crs-energy-zaf-2024-q-2026-09-28-md-26687613-period_end,crs-flow-oecd-crs-energy-zaf-2024-q-2026-09-28-md-26687613,period_end,2024,year,2024-01-01,2024-12-31,oecd-crs-energy-zaf-2024-q-2026-09-28-md-26687613,2026-09-28
crs-flow-oecd-crs-energy-zaf-2024-q-2026-09-28-md-26687843-period_start,crs-flow-oecd-crs-energy-zaf-2024-q-2026-09-28-md-26687843,period_start,2024,year,2024-01-01,2024-12-31,oecd-crs-energy-zaf-2024-q-2026-09-28-md-26687843,2026-09-28
crs-flow-oecd-crs-energy-zaf-2024-q-2026-09-28-md-26687843-period_end,crs-flow-oecd-crs-energy-zaf-2024-q-2026-09-28-md-26687843,period_end,2024,year,2024-01-01,2024-12-31,oecd-crs-energy-zaf-2024-q-2026-09-28-md-26687843,2026-09-28
crs-flow-oecd-crs-energy-zaf-2024-q-2026-09-28-md-26687876-period_start,crs-flow-oecd-crs-energy-zaf-2024-q-2026-09-28-md-26687876,period_start,2024,year,2024-01-01,2024-12-31,oecd-crs-energy-zaf-2024-q-2026-09-28-md-26687876,2026-09-28
crs-flow-oecd-crs-energy-zaf-2024-q-2026-09-28-md-26687876-period_end,crs-flow-oecd-crs-energy-zaf-2024-q-2026-09-28-md-26687876,period_end,2024,year,2024-01-01,2024-12-31,oecd-crs-energy-zaf-2024-q-2026-09-28-md-26687876,2026-09-28
crs-flow-oecd-crs-energy-zaf-2024-q-2026-09-28-md-26206102-period_start,crs-flow-oecd-crs-energy-zaf-2024-q-2026-09-28-md-26206102,period_start,2024,year,2024-01-01,2024-12-31,oecd-crs-energy-zaf-2024-q-2026-09-28-md-26206102,2026-09-28
crs-flow-oecd-crs-energy-zaf-2024-q-2026-09-28-md-26206102-period_end,crs-flow-oecd-crs-energy-zaf-2024-q-2026-09-28-md-26206102,period_end,2024,year,2024-01-01,2024-12-31,oecd-crs-energy-zaf-2024-q-2026-09-28-md-26206102,2026-09-28
crs-flow-oecd-crs-energy-zaf-2024-q-2026-09-28-md-26687554-period_start,crs-flow-oecd-crs-energy-zaf-2024-q-2026-09-28-md-26687554,period_start,2024,year,2024-01-01,2024-12-31,oecd-crs-energy-zaf-2024-q-2026-09-28-md-26687554,2026-09-28
crs-flow-oecd-crs-energy-zaf-2024-q-2026-09-28-md-26687554-period_end,crs-flow-oecd-crs-energy-zaf-2024-q-2026-09-28-md-26687554,period_end,2024,year,2024-01-01,2024-12-31,oecd-crs-energy-zaf-2024-q-2026-09-28-md-26687554,2026-09-28
crs-flow-oecd-crs-energy-zaf-2024-q-2026-09-28-md-26687763-period_start,crs-flow-oecd-crs-energy-zaf-2024-q-2026-09-28-md-26687763,period_start,2024,year,2024-01-01,2024-12-31,oecd-crs-energy-zaf-2024-q-2026-09-28-md-26687763,2026-09-28
crs-flow-oecd-crs-energy-zaf-2024-q-2026-09-28-md-26687763-period_end,crs-flow-oecd-crs-energy-zaf-2024-q-2026-09-28-md-26687763,period_end,2024,year,2024-01-01,2024-12-31,oecd-crs-energy-zaf-2024-q-2026-09-28-md-26687763,2026-09-28
crs-flow-oecd-crs-energy-zaf-2024-q-2026-09-28-md-26206122-period_start,crs-flow-oecd-crs-energy-zaf-2024-q-2026-09-28-md-26206122,period_start,2024,year,2024-01-01,2024-12-31,oecd-crs-energy-zaf-2024-q-2026-09-28-md-26206122,2026-09-28
crs-flow-oecd-crs-energy-zaf-2024-q-2026-09-28-md-26206122-period_end,crs-flow-oecd-crs-energy-zaf-2024-q-2026-09-28-md-26206122,period_end,2024,year,2024-01-01,2024-12-31,oecd-crs-energy-zaf-2024-q-2026-09-28-md-26206122,2026-09-28
crs-flow-oecd-crs-energy-zaf-2024-q-2026-09-28-md-26687900-period_start,crs-flow-oecd-crs-energy-zaf-2024-q-2026-09-28-md-26687900,period_start,2024,year,2024-01-01,2024-12-31,oecd-crs-energy-zaf-2024-q-2026-09-28-md-26687900,2026-09-28
crs-flow-oecd-crs-energy-zaf-2024-q-2026-09-28-md-26687900-period_end,crs-flow-oecd-crs-energy-zaf-2024-q-2026-09-28-md-26687900,period_end,2024,year,2024-01-01,2024-12-31,oecd-crs-energy-zaf-2024-q-2026-09-28-md-26687900,2026-09-28
crs-flow-oecd-crs-energy-zaf-2024-q-2026-09-28-md-26206112-period_start,crs-flow-oecd-crs-energy-zaf-2024-q-2026-09-28-md-26206112,period_start,2024,year,2024-01-01,2024-12-31,oecd-crs-energy-zaf-2024-q-2026-09-28-md-26206112,2026-09-28
crs-flow-oecd-crs-energy-zaf-2024-q-2026-09-28-md-26206112-period_end,crs-flow-oecd-crs-energy-zaf-2024-q-2026-09-28-md-26206112,period_end,2024,year,2024-01-01,2024-12-31,oecd-crs-energy-zaf-2024-q-2026-09-28-md-26206112,2026-09-28
crs-flow-oecd-crs-energy-zaf-2024-q-2026-09-28-md-26206087-period_start,crs-flow-oecd-crs-energy-zaf-2024-q-2026-09-28-md-26206087,period_start,2024,year,2024-01-01,2024-12-31,oecd-crs-energy-zaf-2024-q-2026-09-28-md-26206087,2026-09-28
crs-flow-oecd-crs-energy-zaf-2024-q-2026-09-28-md-26206087-period_end,crs-flow-oecd-crs-energy-zaf-2024-q-2026-09-28-md-26206087,period_end,2024,year,2024-01-01,2024-12-31,oecd-crs-energy-zaf-2024-q-2026-09-28-md-26206087,2026-09-28
crs-flow-oecd-crs-energy-zaf-2024-q-2026-09-28-md-26687951-period_start,crs-flow-oecd-crs-energy-zaf-2024-q-2026-09-28-md-26687951,period_start,2024,year,2024-01-01,2024-12-31,oecd-crs-energy-zaf-2024-q-2026-09-28-md-26687951,2026-09-28
crs-flow-oecd-crs-energy-zaf-2024-q-2026-09-28-md-26687951-period_end,crs-flow-oecd-crs-energy-zaf-2024-q-2026-09-28-md-26687951,period_end,2024,year,2024-01-01,2024-12-31,oecd-crs-energy-zaf-2024-q-2026-09-28-md-26687951,2026-09-28
crs-flow-oecd-crs-energy-zaf-2024-q-2026-09-28-md-26687830-period_start,crs-flow-oecd-crs-energy-zaf-2024-q-2026-09-28-md-26687830,period_start,2024,year,2024-01-01,2024-12-31,oecd-crs-energy-zaf-2024-q-2026-09-28-md-26687830,2026-09-28
crs-flow-oecd-crs-energy-zaf-2024-q-2026-09-28-md-26687830-period_end,crs-flow-oecd-crs-energy-zaf-2024-q-2026-09-28-md-26687830,period_end,2024,year,2024-01-01,2024-12-31,oecd-crs-energy-zaf-2024-q-2026-09-28-md-26687830,2026-09-28
crs-flow-oecd-crs-energy-zaf-2024-q-2026-09-28-md-26206127-period_start,crs-flow-oecd-crs-energy-zaf-2024-q-2026-09-28-md-26206127,period_start,2024,year,2024-01-01,2024-12-31,oecd-crs-energy-zaf-2024-q-2026-09-28-md-26206127,2026-09-28
crs-flow-oecd-crs-energy-zaf-2024-q-2026-09-28-md-26206127-period_end,crs-flow-oecd-crs-energy-zaf-2024-q-2026-09-28-md-26206127,period_end,2024,year,2024-01-01,2024-12-31,oecd-crs-energy-zaf-2024-q-2026-09-28-md-26206127,2026-09-28
crs-flow-oecd-crs-energy-zaf-2024-q-2026-09-28-md-26687570-period_start,crs-flow-oecd-crs-energy-zaf-2024-q-2026-09-28-md-26687570,period_start,2024,year,2024-01-01,2024-12-31,oecd-crs-energy-zaf-2024-q-2026-09-28-md-26687570,2026-09-28
crs-flow-oecd-crs-energy-zaf-2024-q-2026-09-28-md-26687570-period_end,crs-flow-oecd-crs-energy-zaf-2024-q-2026-09-28-md-26687570,period_end,2024,year,2024-01-01,2024-12-31,oecd-crs-energy-zaf-2024-q-2026-09-28-md-26687570,2026-09-28
crs-flow-oecd-crs-energy-zaf-2024-q-2026-09-28-md-26206117-period_start,crs-flow-oecd-crs-energy-zaf-2024-q-2026-09-28-md-26206117,period_start,2024,year,2024-01-01,2024-12-31,oecd-crs-energy-zaf-2024-q-2026-09-28-md-26206117,2026-09-28
crs-flow-oecd-crs-energy-zaf-2024-q-2026-09-28-md-26206117-period_end,crs-flow-oecd-crs-energy-zaf-2024-q-2026-09-28-md-26206117,period_end,2024,year,2024-01-01,2024-12-31,oecd-crs-energy-zaf-2024-q-2026-09-28-md-26206117,2026-09-28
crs-flow-oecd-crs-energy-zaf-2024-q-2026-09-28-md-26206082-period_start,crs-flow-oecd-crs-energy-zaf-2024-q-2026-09-28-md-26206082,period_start,2024,year,2024-01-01,2024-12-31,oecd-crs-energy-zaf-2024-q-2026-09-28-md-26206082,2026-09-28
crs-flow-oecd-crs-energy-zaf-2024-q-2026-09-28-md-26206082-period_end,crs-flow-oecd-crs-energy-zaf-2024-q-2026-09-28-md-26206082,period_end,2024,year,2024-01-01,2024-12-31,oecd-crs-energy-zaf-2024-q-2026-09-28-md-26206082,2026-09-28
crs-flow-oecd-crs-energy-zaf-2024-q-2026-09-28-md-26206057-period_start,crs-flow-oecd-crs-energy-zaf-2024-q-2026-09-28-md-26206057,period_start,2024,year,2024-01-01,2024-12-31,oecd-crs-energy-zaf-2024-q-2026-09-28-md-26206057,2026-09-28
crs-flow-oecd-crs-energy-zaf-2024-q-2026-09-28-md-26206057-period_end,crs-flow-oecd-crs-energy-zaf-2024-q-2026-09-28-md-26206057,period_end,2024,year,2024-01-01,2024-12-31,oecd-crs-energy-zaf-2024-q-2026-09-28-md-26206057,2026-09-28
crs-flow-oecd-crs-energy-zaf-2024-q-2026-09-28-md-26206092-period_start,crs-flow-oecd-crs-energy-zaf-2024-q-2026-09-28-md-26206092,period_start,2024,year,2024-01-01,2024-12-31,oecd-crs-energy-zaf-2024-q-2026-09-28-md-26206092,2026-09-28
crs-flow-oecd-crs-energy-zaf-2024-q-2026-09-28-md-26206092-period_end,crs-flow-oecd-crs-energy-zaf-2024-q-2026-09-28-md-26206092,period_end,2024,year,2024-01-01,2024-12-31,oecd-crs-energy-zaf-2024-q-2026-09-28-md-26206092,2026-09-28
crs-flow-oecd-crs-energy-zaf-2024-q-2026-09-28-md-26687928-period_start,crs-flow-oecd-crs-energy-zaf-2024-q-2026-09-28-md-26687928,period_start,2024,year,2024-01-01,2024-12-31,oecd-crs-energy-zaf-2024-q-2026-09-28-md-26687928,2026-09-28
crs-flow-oecd-crs-energy-zaf-2024-q-2026-09-28-md-26687928-period_end,crs-flow-oecd-crs-energy-zaf-2024-q-2026-09-28-md-26687928,period_end,2024,year,2024-01-01,2024-12-31,oecd-crs-energy-zaf-2024-q-2026-09-28-md-26687928,2026-09-28
crs-flow-oecd-crs-energy-zaf-2024-q-2026-09-28-md-26687803-period_start,crs-flow-oecd-crs-energy-zaf-2024-q-2026-09-28-md-26687803,period_start,2024,year,2024-01-01,2024-12-31,oecd-crs-energy-zaf-2024-q-2026-09-28-md-26687803,2026-09-28
crs-flow-oecd-crs-energy-zaf-2024-q-2026-09-28-md-26687803-period_end,crs-flow-oecd-crs-energy-zaf-2024-q-2026-09-28-md-26687803,period_end,2024,year,2024-01-01,2024-12-31,oecd-crs-energy-zaf-2024-q-2026-09-28-md-26687803,2026-09-28
crs-flow-oecd-crs-energy-zaf-2024-q-2026-09-28-md-26687794-period_start,crs-flow-oecd-crs-energy-zaf-2024-q-2026-09-28-md-26687794,period_start,2024,year,2024-01-01,2024-12-31,oecd-crs-energy-zaf-2024-q-2026-09-28-md-26687794,2026-09-28
crs-flow-oecd-crs-energy-zaf-2024-q-2026-09-28-md-26687794-period_end,crs-flow-oecd-crs-energy-zaf-2024-q-2026-09-28-md-26687794,period_end,2024,year,2024-01-01,2024-12-31,oecd-crs-energy-zaf-2024-q-2026-09-28-md-26687794,2026-09-28
crs-flow-oecd-crs-energy-zaf-2024-q-2026-09-28-md-26206072-period_start,crs-flow-oecd-crs-energy-zaf-2024-q-2026-09-28-md-26206072,period_start,2024,year,2024-01-01,2024-12-31,oecd-crs-energy-zaf-2024-q-2026-09-28-md-26206072,2026-09-28
crs-flow-oecd-crs-energy-zaf-2024-q-2026-09-28-md-26206072-period_end,crs-flow-oecd-crs-energy-zaf-2024-q-2026-09-28-md-26206072,period_end,2024,year,2024-01-01,2024-12-31,oecd-crs-energy-zaf-2024-q-2026-09-28-md-26206072,2026-09-28
crs-flow-oecd-crs-energy-zaf-2024-q-2026-09-28-md-26687721-period_start,crs-flow-oecd-crs-energy-zaf-2024-q-2026-09-28-md-26687721,period_start,2024,year,2024-01-01,2024-12-31,oecd-crs-energy-zaf-2024-q-2026-09-28-md-26687721,2026-09-28
crs-flow-oecd-crs-energy-zaf-2024-q-2026-09-28-md-26687721-period_end,crs-flow-oecd-crs-energy-zaf-2024-q-2026-09-28-md-26687721,period_end,2024,year,2024-01-01,2024-12-31,oecd-crs-energy-zaf-2024-q-2026-09-28-md-26687721,2026-09-28
crs-flow-oecd-crs-energy-zaf-2024-q-2026-09-28-md-26696214-period_start,crs-flow-oecd-crs-energy-zaf-2024-q-2026-09-28-md-26696214,period_start,2024,year,2024-01-01,2024-12-31,oecd-crs-energy-zaf-2024-q-2026-09-28-md-26696214,2026-09-28
crs-flow-oecd-crs-energy-zaf-2024-q-2026-09-28-md-26696214-period_end,crs-flow-oecd-crs-energy-zaf-2024-q-2026-09-28-md-26696214,period_end,2024,year,2024-01-01,2024-12-31,oecd-crs-energy-zaf-2024-q-2026-09-28-md-26696214,2026-09-28
crs-flow-oecd-crs-energy-zaf-2024-q-2026-09-28-md-26412076-period_start,crs-flow-oecd-crs-energy-zaf-2024-q-2026-09-28-md-26412076,period_start,2024,year,2024-01-01,2024-12-31,oecd-crs-energy-zaf-2024-q-2026-09-28-md-26412076,2026-09-28
crs-flow-oecd-crs-energy-zaf-2024-q-2026-09-28-md-26412076-period_end,crs-flow-oecd-crs-energy-zaf-2024-q-2026-09-28-md-26412076,period_end,2024,year,2024-01-01,2024-12-31,oecd-crs-energy-zaf-2024-q-2026-09-28-md-26412076,2026-09-28
crs-flow-oecd-crs-energy-zaf-2024-q-2026-09-28-md-26435383-period_start,crs-flow-oecd-crs-energy-zaf-2024-q-2026-09-28-md-26435383,period_start,2024,year,2024-01-01,2024-12-31,oecd-crs-energy-zaf-2024-q-2026-09-28-md-26435383,2026-09-28
crs-flow-oecd-crs-energy-zaf-2024-q-2026-09-28-md-26435383-period_end,crs-flow-oecd-crs-energy-zaf-2024-q-2026-09-28-md-26435383,period_end,2024,year,2024-01-01,2024-12-31,oecd-crs-energy-zaf-2024-q-2026-09-28-md-26435383,2026-09-28
crs-flow-oecd-crs-energy-zaf-2024-q-2026-09-28-md-26791591-period_start,crs-flow-oecd-crs-energy-zaf-2024-q-2026-09-28-md-26791591,period_start,2024,year,2024-01-01,2024-12-31,oecd-crs-energy-zaf-2024-q-2026-09-28-md-26791591,2026-09-28
crs-flow-oecd-crs-energy-zaf-2024-q-2026-09-28-md-26791591-period_end,crs-flow-oecd-crs-energy-zaf-2024-q-2026-09-28-md-26791591,period_end,2024,year,2024-01-01,2024-12-31,oecd-crs-energy-zaf-2024-q-2026-09-28-md-26791591,2026-09-28
crs-flow-oecd-crs-energy-zaf-2024-q-2026-09-28-md-26331112-period_start,crs-flow-oecd-crs-energy-zaf-2024-q-2026-09-28-md-26331112,period_start,2024,year,2024-01-01,2024-12-31,oecd-crs-energy-zaf-2024-q-2026-09-28-md-26331112,2026-09-28
crs-flow-oecd-crs-energy-zaf-2024-q-2026-09-28-md-26331112-period_end,crs-flow-oecd-crs-energy-zaf-2024-q-2026-09-28-md-26331112,period_end,2024,year,2024-01-01,2024-12-31,oecd-crs-energy-zaf-2024-q-2026-09-28-md-26331112,2026-09-28
crs-flow-oecd-crs-energy-zaf-2024-q-2026-09-28-md-26389341-period_start,crs-flow-oecd-crs-energy-zaf-2024-q-2026-09-28-md-26389341,period_start,2024,year,2024-01-01,2024-12-31,oecd-crs-energy-zaf-2024-q-2026-09-28-md-26389341,2026-09-28
crs-flow-oecd-crs-energy-zaf-2024-q-2026-09-28-md-26389341-period_end,crs-flow-oecd-crs-energy-zaf-2024-q-2026-09-28-md-26389341,period_end,2024,year,2024-01-01,2024-12-31,oecd-crs-energy-zaf-2024-q-2026-09-28-md-26389341,2026-09-28
crs-flow-oecd-crs-energy-zaf-2024-q-2026-09-28-md-26389354-period_start,crs-flow-oecd-crs-energy-zaf-2024-q-2026-09-28-md-26389354,period_start,2024,year,2024-01-01,2024-12-31,oecd-crs-energy-zaf-2024-q-2026-09-28-md-26389354,2026-09-28
crs-flow-oecd-crs-energy-zaf-2024-q-2026-09-28-md-26389354-period_end,crs-flow-oecd-crs-energy-zaf-2024-q-2026-09-28-md-26389354,period_end,2024,year,2024-01-01,2024-12-31,oecd-crs-energy-zaf-2024-q-2026-09-28-md-26389354,2026-09-28
crs-flow-oecd-crs-energy-zaf-2024-q-2026-09-28-md-26200217-period_start,crs-flow-oecd-crs-energy-zaf-2024-q-2026-09-28-md-26200217,period_start,2024,year,2024-01-01,2024-12-31,oecd-crs-energy-zaf-2024-q-2026-09-28-md-26200217,2026-09-28
crs-flow-oecd-crs-energy-zaf-2024-q-2026-09-28-md-26200217-period_end,crs-flow-oecd-crs-energy-zaf-2024-q-2026-09-28-md-26200217,period_end,2024,year,2024-01-01,2024-12-31,oecd-crs-energy-zaf-2024-q-2026-09-28-md-26200217,2026-09-28
crs-flow-oecd-crs-energy-zaf-2024-q-2026-09-28-md-26414532-period_start,crs-flow-oecd-crs-energy-zaf-2024-q-2026-09-28-md-26414532,period_start,2024,year,2024-01-01,2024-12-31,oecd-crs-energy-zaf-2024-q-2026-09-28-md-26414532,2026-09-28
crs-flow-oecd-crs-energy-zaf-2024-q-2026-09-28-md-26414532-period_end,crs-flow-oecd-crs-energy-zaf-2024-q-2026-09-28-md-26414532,period_end,2024,year,2024-01-01,2024-12-31,oecd-crs-energy-zaf-2024-q-2026-09-28-md-26414532,2026-09-28
crs-flow-oecd-crs-energy-zaf-2024-q-2026-09-28-md-26769301-period_start,crs-flow-oecd-crs-energy-zaf-2024-q-2026-09-28-md-26769301,period_start,2024,year,2024-01-01,2024-12-31,oecd-crs-energy-zaf-2024-q-2026-09-28-md-26769301,2026-09-28
crs-flow-oecd-crs-energy-zaf-2024-q-2026-09-28-md-26769301-period_end,crs-flow-oecd-crs-energy-zaf-2024-q-2026-09-28-md-26769301,period_end,2024,year,2024-01-01,2024-12-31,oecd-crs-energy-zaf-2024-q-2026-09-28-md-26769301,2026-09-28
crs-flow-oecd-crs-energy-zaf-2024-q-2026-09-28-md-26294016-period_start,crs-flow-oecd-crs-energy-zaf-2024-q-2026-09-28-md-26294016,period_start,2024,year,2024-01-01,2024-12-31,oecd-crs-energy-zaf-2024-q-2026-09-28-md-26294016,2026-09-28
crs-flow-oecd-crs-energy-zaf-2024-q-2026-09-28-md-26294016-period_end,crs-flow-oecd-crs-energy-zaf-2024-q-2026-09-28-md-26294016,period_end,2024,year,2024-01-01,2024-12-31,oecd-crs-energy-zaf-2024-q-2026-09-28-md-26294016,2026-09-28
crs-flow-oecd-crs-energy-zaf-2024-q-2026-09-28-md-26185060-period_start,crs-flow-oecd-crs-energy-zaf-2024-q-2026-09-28-md-26185060,period_start,2024,year,2024-01-01,2024-12-31,oecd-crs-energy-zaf-2024-q-2026-09-28-md-26185060,2026-09-28
crs-flow-oecd-crs-energy-zaf-2024-q-2026-09-28-md-26185060-period_end,crs-flow-oecd-crs-energy-zaf-2024-q-2026-09-28-md-26185060,period_end,2024,year,2024-01-01,2024-12-31,oecd-crs-energy-zaf-2024-q-2026-09-28-md-26185060,2026-09-28
