relation_id,from_kind,from_id,relation,to_kind,to_id,role,valid_from,valid_to,status,method,method_version,confidence,decided_at,decided_by,supersedes,line_id
same_as-document-idn-cipp-2023-cpr-mirror--idn-cipp-2023,document,idn-cipp-2023-cpr-mirror,same_as,document,idn-cipp-2023,,,,candidate,mirror_review,1,,2026-09-23,scripts/jetp/build_evidence_layer.py,,
0875.tier2.29723177b9c5e8a0,line,idn-cipp-2023-cpr-mirror-hydro-43,same_as,line,idn-jetp-progress-report-2025-hydro-149,,,,candidate,normalized_label,1,0.5,2026-09-24,scripts/jetp/build_reconciliation.py,,idn-cipp-2023-cpr-mirror-hydro-43
0875.tier2.2f344576eef63d91,line,idn-cipp-2023-cpr-mirror-hydro-43,same_as,line,idn-jetp-progress-report-2025-hydro-101,,,,candidate,normalized_label,1,0.5,2026-09-24,scripts/jetp/build_reconciliation.py,,idn-cipp-2023-cpr-mirror-hydro-43
0875.tier2.3e8aed1dacd6dce5,line,idn-cipp-2023-cpr-mirror-hydro-27,same_as,line,idn-jetp-progress-report-2025-hydro-101,,,,candidate,normalized_label,1,0.5,2026-09-24,scripts/jetp/build_reconciliation.py,,idn-cipp-2023-cpr-mirror-hydro-27
0875.tier2.5d117edfdccb7bfa,line,idn-cipp-2023-cpr-mirror-hydro-27,same_as,line,idn-jetp-progress-report-2025-hydro-149,,,,candidate,normalized_label,1,0.5,2026-09-24,scripts/jetp/build_reconciliation.py,,idn-cipp-2023-cpr-mirror-hydro-27
0875.tier2.a14257d4ed2fc5e2,line,idn-cipp-2023-cpr-mirror-hydro-26,same_as,line,idn-jetp-progress-report-2025-hydro-101,,,,candidate,normalized_label,1,0.5,2026-09-24,scripts/jetp/build_reconciliation.py,,idn-cipp-2023-cpr-mirror-hydro-26
0875.tier2.a79ad345eb5c1872,line,idn-cipp-2023-cpr-mirror-hydro-10,same_as,line,idn-jetp-progress-report-2025-hydro-149,,,,candidate,normalized_label,1,0.5,2026-09-24,scripts/jetp/build_reconciliation.py,,idn-cipp-2023-cpr-mirror-hydro-10
0875.tier2.b1852dd2a7311b95,line,idn-cipp-2023-cpr-mirror-hydro-10,same_as,line,idn-jetp-progress-report-2025-hydro-101,,,,candidate,normalized_label,1,0.5,2026-09-24,scripts/jetp/build_reconciliation.py,,idn-cipp-2023-cpr-mirror-hydro-10
0875.tier2.dc4e7db6c452d1de,line,idn-cipp-2023-cpr-mirror-hydro-8,same_as,line,idn-jetp-progress-report-2025-hydro-149,,,,candidate,normalized_label,1,0.5,2026-09-24,scripts/jetp/build_reconciliation.py,,idn-cipp-2023-cpr-mirror-hydro-8
0875.tier2.e10f27fabed992cd,line,idn-cipp-2023-cpr-mirror-hydro-26,same_as,line,idn-jetp-progress-report-2025-hydro-149,,,,candidate,normalized_label,1,0.5,2026-09-24,scripts/jetp/build_reconciliation.py,,idn-cipp-2023-cpr-mirror-hydro-26
0875.tier2.ffcc190924e839c2,line,idn-cipp-2023-cpr-mirror-hydro-8,same_as,line,idn-jetp-progress-report-2025-hydro-101,,,,candidate,normalized_label,1,0.5,2026-09-24,scripts/jetp/build_reconciliation.py,,idn-cipp-2023-cpr-mirror-hydro-8
0877.ruptl.idn-cipp-bioenergy-001,line,idn-cipp-2023-cpr-mirror-bioenergy-1,member_of,perimeter,idn-cipp-ruptl-plan-lines,,,,accepted,source_ruptl_flag,1,,2026-09-28,scripts/jetp/build_perimeters.py,,idn-cipp-2023-cpr-mirror-bioenergy-1
0877.ruptl.idn-cipp-bioenergy-002,line,idn-cipp-2023-cpr-mirror-bioenergy-2,member_of,perimeter,idn-cipp-ruptl-plan-lines,,,,accepted,source_ruptl_flag,1,,2026-09-28,scripts/jetp/build_perimeters.py,,idn-cipp-2023-cpr-mirror-bioenergy-2
0877.ruptl.idn-cipp-bioenergy-003,line,idn-cipp-2023-cpr-mirror-bioenergy-3,member_of,perimeter,idn-cipp-ruptl-plan-lines,,,,accepted,source_ruptl_flag,1,,2026-09-28,scripts/jetp/build_perimeters.py,,idn-cipp-2023-cpr-mirror-bioenergy-3
0877.ruptl.idn-cipp-bioenergy-004,line,idn-cipp-2023-cpr-mirror-bioenergy-4,member_of,perimeter,idn-cipp-ruptl-plan-lines,,,,accepted,source_ruptl_flag,1,,2026-09-28,scripts/jetp/build_perimeters.py,,idn-cipp-2023-cpr-mirror-bioenergy-4
0877.ruptl.idn-cipp-bioenergy-005,line,idn-cipp-2023-cpr-mirror-bioenergy-5,member_of,perimeter,idn-cipp-ruptl-plan-lines,,,,accepted,source_ruptl_flag,1,,2026-09-28,scripts/jetp/build_perimeters.py,,idn-cipp-2023-cpr-mirror-bioenergy-5
0877.ruptl.idn-cipp-bioenergy-006,line,idn-cipp-2023-cpr-mirror-bioenergy-6,member_of,perimeter,idn-cipp-ruptl-plan-lines,,,,accepted,source_ruptl_flag,1,,2026-09-28,scripts/jetp/build_perimeters.py,,idn-cipp-2023-cpr-mirror-bioenergy-6
0877.ruptl.idn-cipp-bioenergy-007,line,idn-cipp-2023-cpr-mirror-bioenergy-7,member_of,perimeter,idn-cipp-ruptl-plan-lines,,,,accepted,source_ruptl_flag,1,,2026-09-28,scripts/jetp/build_perimeters.py,,idn-cipp-2023-cpr-mirror-bioenergy-7
0877.ruptl.idn-cipp-bioenergy-008,line,idn-cipp-2023-cpr-mirror-bioenergy-8,member_of,perimeter,idn-cipp-ruptl-plan-lines,,,,accepted,source_ruptl_flag,1,,2026-09-28,scripts/jetp/build_perimeters.py,,idn-cipp-2023-cpr-mirror-bioenergy-8
0877.ruptl.idn-cipp-bioenergy-011,line,idn-cipp-2023-cpr-mirror-bioenergy-11,member_of,perimeter,idn-cipp-ruptl-plan-lines,,,,accepted,source_ruptl_flag,1,,2026-09-28,scripts/jetp/build_perimeters.py,,idn-cipp-2023-cpr-mirror-bioenergy-11
0877.ruptl.idn-cipp-bioenergy-012,line,idn-cipp-2023-cpr-mirror-bioenergy-12,member_of,perimeter,idn-cipp-ruptl-plan-lines,,,,accepted,source_ruptl_flag,1,,2026-09-28,scripts/jetp/build_perimeters.py,,idn-cipp-2023-cpr-mirror-bioenergy-12
0877.ruptl.idn-cipp-bioenergy-013,line,idn-cipp-2023-cpr-mirror-bioenergy-13,member_of,perimeter,idn-cipp-ruptl-plan-lines,,,,accepted,source_ruptl_flag,1,,2026-09-28,scripts/jetp/build_perimeters.py,,idn-cipp-2023-cpr-mirror-bioenergy-13
0877.ruptl.idn-cipp-bioenergy-014,line,idn-cipp-2023-cpr-mirror-bioenergy-14,member_of,perimeter,idn-cipp-ruptl-plan-lines,,,,accepted,source_ruptl_flag,1,,2026-09-28,scripts/jetp/build_perimeters.py,,idn-cipp-2023-cpr-mirror-bioenergy-14
0877.ruptl.idn-cipp-bioenergy-015,line,idn-cipp-2023-cpr-mirror-bioenergy-15,member_of,perimeter,idn-cipp-ruptl-plan-lines,,,,accepted,source_ruptl_flag,1,,2026-09-28,scripts/jetp/build_perimeters.py,,idn-cipp-2023-cpr-mirror-bioenergy-15
0877.ruptl.idn-cipp-bioenergy-016,line,idn-cipp-2023-cpr-mirror-bioenergy-16,member_of,perimeter,idn-cipp-ruptl-plan-lines,,,,accepted,source_ruptl_flag,1,,2026-09-28,scripts/jetp/build_perimeters.py,,idn-cipp-2023-cpr-mirror-bioenergy-16
0877.ruptl.idn-cipp-bioenergy-017,line,idn-cipp-2023-cpr-mirror-bioenergy-17,member_of,perimeter,idn-cipp-ruptl-plan-lines,,,,accepted,source_ruptl_flag,1,,2026-09-28,scripts/jetp/build_perimeters.py,,idn-cipp-2023-cpr-mirror-bioenergy-17
0877.ruptl.idn-cipp-bioenergy-018,line,idn-cipp-2023-cpr-mirror-bioenergy-18,member_of,perimeter,idn-cipp-ruptl-plan-lines,,,,accepted,source_ruptl_flag,1,,2026-09-28,scripts/jetp/build_perimeters.py,,idn-cipp-2023-cpr-mirror-bioenergy-18
0877.ruptl.idn-cipp-bioenergy-020,line,idn-cipp-2023-cpr-mirror-bioenergy-20,member_of,perimeter,idn-cipp-ruptl-plan-lines,,,,accepted,source_ruptl_flag,1,,2026-09-28,scripts/jetp/build_perimeters.py,,idn-cipp-2023-cpr-mirror-bioenergy-20
0877.ruptl.idn-cipp-bioenergy-021,line,idn-cipp-2023-cpr-mirror-bioenergy-21,member_of,perimeter,idn-cipp-ruptl-plan-lines,,,,accepted,source_ruptl_flag,1,,2026-09-28,scripts/jetp/build_perimeters.py,,idn-cipp-2023-cpr-mirror-bioenergy-21
0877.ruptl.idn-cipp-bioenergy-023,line,idn-cipp-2023-cpr-mirror-bioenergy-23,member_of,perimeter,idn-cipp-ruptl-plan-lines,,,,accepted,source_ruptl_flag,1,,2026-09-28,scripts/jetp/build_perimeters.py,,idn-cipp-2023-cpr-mirror-bioenergy-23
0877.ruptl.idn-cipp-bioenergy-024,line,idn-cipp-2023-cpr-mirror-bioenergy-24,member_of,perimeter,idn-cipp-ruptl-plan-lines,,,,accepted,source_ruptl_flag,1,,2026-09-28,scripts/jetp/build_perimeters.py,,idn-cipp-2023-cpr-mirror-bioenergy-24
0877.ruptl.idn-cipp-bioenergy-025,line,idn-cipp-2023-cpr-mirror-bioenergy-25,member_of,perimeter,idn-cipp-ruptl-plan-lines,,,,accepted,source_ruptl_flag,1,,2026-09-28,scripts/jetp/build_perimeters.py,,idn-cipp-2023-cpr-mirror-bioenergy-25
0877.ruptl.idn-cipp-bioenergy-026,line,idn-cipp-2023-cpr-mirror-bioenergy-26,member_of,perimeter,idn-cipp-ruptl-plan-lines,,,,accepted,source_ruptl_flag,1,,2026-09-28,scripts/jetp/build_perimeters.py,,idn-cipp-2023-cpr-mirror-bioenergy-26
0877.ruptl.idn-cipp-bioenergy-027,line,idn-cipp-2023-cpr-mirror-bioenergy-27,member_of,perimeter,idn-cipp-ruptl-plan-lines,,,,accepted,source_ruptl_flag,1,,2026-09-28,scripts/jetp/build_perimeters.py,,idn-cipp-2023-cpr-mirror-bioenergy-27
0877.ruptl.idn-cipp-bioenergy-028,line,idn-cipp-2023-cpr-mirror-bioenergy-28,member_of,perimeter,idn-cipp-ruptl-plan-lines,,,,accepted,source_ruptl_flag,1,,2026-09-28,scripts/jetp/build_perimeters.py,,idn-cipp-2023-cpr-mirror-bioenergy-28
0877.ruptl.idn-cipp-bioenergy-030,line,idn-cipp-2023-cpr-mirror-bioenergy-30,member_of,perimeter,idn-cipp-ruptl-plan-lines,,,,accepted,source_ruptl_flag,1,,2026-09-28,scripts/jetp/build_perimeters.py,,idn-cipp-2023-cpr-mirror-bioenergy-30
0877.ruptl.idn-cipp-bioenergy-031,line,idn-cipp-2023-cpr-mirror-bioenergy-31,member_of,perimeter,idn-cipp-ruptl-plan-lines,,,,accepted,source_ruptl_flag,1,,2026-09-28,scripts/jetp/build_perimeters.py,,idn-cipp-2023-cpr-mirror-bioenergy-31
0877.ruptl.idn-cipp-bioenergy-033,line,idn-cipp-2023-cpr-mirror-bioenergy-33,member_of,perimeter,idn-cipp-ruptl-plan-lines,,,,accepted,source_ruptl_flag,1,,2026-09-28,scripts/jetp/build_perimeters.py,,idn-cipp-2023-cpr-mirror-bioenergy-33
0877.ruptl.idn-cipp-geothermal-002,line,idn-cipp-2023-cpr-mirror-geothermal-2,member_of,perimeter,idn-cipp-ruptl-plan-lines,,,,accepted,source_ruptl_flag,1,,2026-09-28,scripts/jetp/build_perimeters.py,,idn-cipp-2023-cpr-mirror-geothermal-2
0877.ruptl.idn-cipp-geothermal-003,line,idn-cipp-2023-cpr-mirror-geothermal-3,member_of,perimeter,idn-cipp-ruptl-plan-lines,,,,accepted,source_ruptl_flag,1,,2026-09-28,scripts/jetp/build_perimeters.py,,idn-cipp-2023-cpr-mirror-geothermal-3
0877.ruptl.idn-cipp-geothermal-004,line,idn-cipp-2023-cpr-mirror-geothermal-4,member_of,perimeter,idn-cipp-ruptl-plan-lines,,,,accepted,source_ruptl_flag,1,,2026-09-28,scripts/jetp/build_perimeters.py,,idn-cipp-2023-cpr-mirror-geothermal-4
0877.ruptl.idn-cipp-geothermal-005,line,idn-cipp-2023-cpr-mirror-geothermal-5,member_of,perimeter,idn-cipp-ruptl-plan-lines,,,,accepted,source_ruptl_flag,1,,2026-09-28,scripts/jetp/build_perimeters.py,,idn-cipp-2023-cpr-mirror-geothermal-5
0877.ruptl.idn-cipp-geothermal-007,line,idn-cipp-2023-cpr-mirror-geothermal-7,member_of,perimeter,idn-cipp-ruptl-plan-lines,,,,accepted,source_ruptl_flag,1,,2026-09-28,scripts/jetp/build_perimeters.py,,idn-cipp-2023-cpr-mirror-geothermal-7
0877.ruptl.idn-cipp-geothermal-014,line,idn-cipp-2023-cpr-mirror-geothermal-14,member_of,perimeter,idn-cipp-ruptl-plan-lines,,,,accepted,source_ruptl_flag,1,,2026-09-28,scripts/jetp/build_perimeters.py,,idn-cipp-2023-cpr-mirror-geothermal-14
0877.ruptl.idn-cipp-geothermal-015,line,idn-cipp-2023-cpr-mirror-geothermal-15,member_of,perimeter,idn-cipp-ruptl-plan-lines,,,,accepted,source_ruptl_flag,1,,2026-09-28,scripts/jetp/build_perimeters.py,,idn-cipp-2023-cpr-mirror-geothermal-15
0877.ruptl.idn-cipp-geothermal-016,line,idn-cipp-2023-cpr-mirror-geothermal-16,member_of,perimeter,idn-cipp-ruptl-plan-lines,,,,accepted,source_ruptl_flag,1,,2026-09-28,scripts/jetp/build_perimeters.py,,idn-cipp-2023-cpr-mirror-geothermal-16
0877.ruptl.idn-cipp-geothermal-018,line,idn-cipp-2023-cpr-mirror-geothermal-18,member_of,perimeter,idn-cipp-ruptl-plan-lines,,,,accepted,source_ruptl_flag,1,,2026-09-28,scripts/jetp/build_perimeters.py,,idn-cipp-2023-cpr-mirror-geothermal-18
0877.ruptl.idn-cipp-geothermal-019,line,idn-cipp-2023-cpr-mirror-geothermal-19,member_of,perimeter,idn-cipp-ruptl-plan-lines,,,,accepted,source_ruptl_flag,1,,2026-09-28,scripts/jetp/build_perimeters.py,,idn-cipp-2023-cpr-mirror-geothermal-19
0877.ruptl.idn-cipp-geothermal-020,line,idn-cipp-2023-cpr-mirror-geothermal-20,member_of,perimeter,idn-cipp-ruptl-plan-lines,,,,accepted,source_ruptl_flag,1,,2026-09-28,scripts/jetp/build_perimeters.py,,idn-cipp-2023-cpr-mirror-geothermal-20
0877.ruptl.idn-cipp-geothermal-021,line,idn-cipp-2023-cpr-mirror-geothermal-21,member_of,perimeter,idn-cipp-ruptl-plan-lines,,,,accepted,source_ruptl_flag,1,,2026-09-28,scripts/jetp/build_perimeters.py,,idn-cipp-2023-cpr-mirror-geothermal-21
0877.ruptl.idn-cipp-geothermal-022,line,idn-cipp-2023-cpr-mirror-geothermal-22,member_of,perimeter,idn-cipp-ruptl-plan-lines,,,,accepted,source_ruptl_flag,1,,2026-09-28,scripts/jetp/build_perimeters.py,,idn-cipp-2023-cpr-mirror-geothermal-22
0877.ruptl.idn-cipp-geothermal-023,line,idn-cipp-2023-cpr-mirror-geothermal-23,member_of,perimeter,idn-cipp-ruptl-plan-lines,,,,accepted,source_ruptl_flag,1,,2026-09-28,scripts/jetp/build_perimeters.py,,idn-cipp-2023-cpr-mirror-geothermal-23
0877.ruptl.idn-cipp-geothermal-024,line,idn-cipp-2023-cpr-mirror-geothermal-24,member_of,perimeter,idn-cipp-ruptl-plan-lines,,,,accepted,source_ruptl_flag,1,,2026-09-28,scripts/jetp/build_perimeters.py,,idn-cipp-2023-cpr-mirror-geothermal-24
0877.ruptl.idn-cipp-geothermal-025,line,idn-cipp-2023-cpr-mirror-geothermal-25,member_of,perimeter,idn-cipp-ruptl-plan-lines,,,,accepted,source_ruptl_flag,1,,2026-09-28,scripts/jetp/build_perimeters.py,,idn-cipp-2023-cpr-mirror-geothermal-25
0877.ruptl.idn-cipp-geothermal-026,line,idn-cipp-2023-cpr-mirror-geothermal-26,member_of,perimeter,idn-cipp-ruptl-plan-lines,,,,accepted,source_ruptl_flag,1,,2026-09-28,scripts/jetp/build_perimeters.py,,idn-cipp-2023-cpr-mirror-geothermal-26
0877.ruptl.idn-cipp-geothermal-027,line,idn-cipp-2023-cpr-mirror-geothermal-27,member_of,perimeter,idn-cipp-ruptl-plan-lines,,,,accepted,source_ruptl_flag,1,,2026-09-28,scripts/jetp/build_perimeters.py,,idn-cipp-2023-cpr-mirror-geothermal-27
0877.ruptl.idn-cipp-geothermal-028,line,idn-cipp-2023-cpr-mirror-geothermal-28,member_of,perimeter,idn-cipp-ruptl-plan-lines,,,,accepted,source_ruptl_flag,1,,2026-09-28,scripts/jetp/build_perimeters.py,,idn-cipp-2023-cpr-mirror-geothermal-28
0877.ruptl.idn-cipp-geothermal-029,line,idn-cipp-2023-cpr-mirror-geothermal-29,member_of,perimeter,idn-cipp-ruptl-plan-lines,,,,accepted,source_ruptl_flag,1,,2026-09-28,scripts/jetp/build_perimeters.py,,idn-cipp-2023-cpr-mirror-geothermal-29
0877.ruptl.idn-cipp-geothermal-030,line,idn-cipp-2023-cpr-mirror-geothermal-30,member_of,perimeter,idn-cipp-ruptl-plan-lines,,,,accepted,source_ruptl_flag,1,,2026-09-28,scripts/jetp/build_perimeters.py,,idn-cipp-2023-cpr-mirror-geothermal-30
0877.ruptl.idn-cipp-geothermal-031,line,idn-cipp-2023-cpr-mirror-geothermal-31,member_of,perimeter,idn-cipp-ruptl-plan-lines,,,,accepted,source_ruptl_flag,1,,2026-09-28,scripts/jetp/build_perimeters.py,,idn-cipp-2023-cpr-mirror-geothermal-31
0877.ruptl.idn-cipp-geothermal-032,line,idn-cipp-2023-cpr-mirror-geothermal-32,member_of,perimeter,idn-cipp-ruptl-plan-lines,,,,accepted,source_ruptl_flag,1,,2026-09-28,scripts/jetp/build_perimeters.py,,idn-cipp-2023-cpr-mirror-geothermal-32
0877.ruptl.idn-cipp-geothermal-033,line,idn-cipp-2023-cpr-mirror-geothermal-33,member_of,perimeter,idn-cipp-ruptl-plan-lines,,,,accepted,source_ruptl_flag,1,,2026-09-28,scripts/jetp/build_perimeters.py,,idn-cipp-2023-cpr-mirror-geothermal-33
0877.ruptl.idn-cipp-geothermal-034,line,idn-cipp-2023-cpr-mirror-geothermal-34,member_of,perimeter,idn-cipp-ruptl-plan-lines,,,,accepted,source_ruptl_flag,1,,2026-09-28,scripts/jetp/build_perimeters.py,,idn-cipp-2023-cpr-mirror-geothermal-34
0877.ruptl.idn-cipp-geothermal-035,line,idn-cipp-2023-cpr-mirror-geothermal-35,member_of,perimeter,idn-cipp-ruptl-plan-lines,,,,accepted,source_ruptl_flag,1,,2026-09-28,scripts/jetp/build_perimeters.py,,idn-cipp-2023-cpr-mirror-geothermal-35
0877.ruptl.idn-cipp-geothermal-043,line,idn-cipp-2023-cpr-mirror-geothermal-43,member_of,perimeter,idn-cipp-ruptl-plan-lines,,,,accepted,source_ruptl_flag,1,,2026-09-28,scripts/jetp/build_perimeters.py,,idn-cipp-2023-cpr-mirror-geothermal-43
0877.ruptl.idn-cipp-geothermal-050,line,idn-cipp-2023-cpr-mirror-geothermal-50,member_of,perimeter,idn-cipp-ruptl-plan-lines,,,,accepted,source_ruptl_flag,1,,2026-09-28,scripts/jetp/build_perimeters.py,,idn-cipp-2023-cpr-mirror-geothermal-50
0877.ruptl.idn-cipp-geothermal-051,line,idn-cipp-2023-cpr-mirror-geothermal-51,member_of,perimeter,idn-cipp-ruptl-plan-lines,,,,accepted,source_ruptl_flag,1,,2026-09-28,scripts/jetp/build_perimeters.py,,idn-cipp-2023-cpr-mirror-geothermal-51
0877.ruptl.idn-cipp-geothermal-055,line,idn-cipp-2023-cpr-mirror-geothermal-55,member_of,perimeter,idn-cipp-ruptl-plan-lines,,,,accepted,source_ruptl_flag,1,,2026-09-28,scripts/jetp/build_perimeters.py,,idn-cipp-2023-cpr-mirror-geothermal-55
0877.ruptl.idn-cipp-geothermal-057,line,idn-cipp-2023-cpr-mirror-geothermal-57,member_of,perimeter,idn-cipp-ruptl-plan-lines,,,,accepted,source_ruptl_flag,1,,2026-09-28,scripts/jetp/build_perimeters.py,,idn-cipp-2023-cpr-mirror-geothermal-57
0877.ruptl.idn-cipp-geothermal-061,line,idn-cipp-2023-cpr-mirror-geothermal-61,member_of,perimeter,idn-cipp-ruptl-plan-lines,,,,accepted,source_ruptl_flag,1,,2026-09-28,scripts/jetp/build_perimeters.py,,idn-cipp-2023-cpr-mirror-geothermal-61
0877.ruptl.idn-cipp-geothermal-067,line,idn-cipp-2023-cpr-mirror-geothermal-67,member_of,perimeter,idn-cipp-ruptl-plan-lines,,,,accepted,source_ruptl_flag,1,,2026-09-28,scripts/jetp/build_perimeters.py,,idn-cipp-2023-cpr-mirror-geothermal-67
0877.ruptl.idn-cipp-geothermal-070,line,idn-cipp-2023-cpr-mirror-geothermal-70,member_of,perimeter,idn-cipp-ruptl-plan-lines,,,,accepted,source_ruptl_flag,1,,2026-09-28,scripts/jetp/build_perimeters.py,,idn-cipp-2023-cpr-mirror-geothermal-70
0877.ruptl.idn-cipp-geothermal-071,line,idn-cipp-2023-cpr-mirror-geothermal-71,member_of,perimeter,idn-cipp-ruptl-plan-lines,,,,accepted,source_ruptl_flag,1,,2026-09-28,scripts/jetp/build_perimeters.py,,idn-cipp-2023-cpr-mirror-geothermal-71
0877.ruptl.idn-cipp-geothermal-072,line,idn-cipp-2023-cpr-mirror-geothermal-72,member_of,perimeter,idn-cipp-ruptl-plan-lines,,,,accepted,source_ruptl_flag,1,,2026-09-28,scripts/jetp/build_perimeters.py,,idn-cipp-2023-cpr-mirror-geothermal-72
0877.ruptl.idn-cipp-geothermal-073,line,idn-cipp-2023-cpr-mirror-geothermal-73,member_of,perimeter,idn-cipp-ruptl-plan-lines,,,,accepted,source_ruptl_flag,1,,2026-09-28,scripts/jetp/build_perimeters.py,,idn-cipp-2023-cpr-mirror-geothermal-73
0877.ruptl.idn-cipp-geothermal-074,line,idn-cipp-2023-cpr-mirror-geothermal-74,member_of,perimeter,idn-cipp-ruptl-plan-lines,,,,accepted,source_ruptl_flag,1,,2026-09-28,scripts/jetp/build_perimeters.py,,idn-cipp-2023-cpr-mirror-geothermal-74
0877.ruptl.idn-cipp-hydro-002,line,idn-cipp-2023-cpr-mirror-hydro-2,member_of,perimeter,idn-cipp-ruptl-plan-lines,,,,accepted,source_ruptl_flag,1,,2026-09-28,scripts/jetp/build_perimeters.py,,idn-cipp-2023-cpr-mirror-hydro-2
0877.ruptl.idn-cipp-hydro-003,line,idn-cipp-2023-cpr-mirror-hydro-3,member_of,perimeter,idn-cipp-ruptl-plan-lines,,,,accepted,source_ruptl_flag,1,,2026-09-28,scripts/jetp/build_perimeters.py,,idn-cipp-2023-cpr-mirror-hydro-3
0877.ruptl.idn-cipp-hydro-006,line,idn-cipp-2023-cpr-mirror-hydro-6,member_of,perimeter,idn-cipp-ruptl-plan-lines,,,,accepted,source_ruptl_flag,1,,2026-09-28,scripts/jetp/build_perimeters.py,,idn-cipp-2023-cpr-mirror-hydro-6
0877.ruptl.idn-cipp-hydro-007,line,idn-cipp-2023-cpr-mirror-hydro-7,member_of,perimeter,idn-cipp-ruptl-plan-lines,,,,accepted,source_ruptl_flag,1,,2026-09-28,scripts/jetp/build_perimeters.py,,idn-cipp-2023-cpr-mirror-hydro-7
0877.ruptl.idn-cipp-hydro-011,line,idn-cipp-2023-cpr-mirror-hydro-11,member_of,perimeter,idn-cipp-ruptl-plan-lines,,,,accepted,source_ruptl_flag,1,,2026-09-28,scripts/jetp/build_perimeters.py,,idn-cipp-2023-cpr-mirror-hydro-11
0877.ruptl.idn-cipp-hydro-012,line,idn-cipp-2023-cpr-mirror-hydro-12,member_of,perimeter,idn-cipp-ruptl-plan-lines,,,,accepted,source_ruptl_flag,1,,2026-09-28,scripts/jetp/build_perimeters.py,,idn-cipp-2023-cpr-mirror-hydro-12
0877.ruptl.idn-cipp-hydro-013,line,idn-cipp-2023-cpr-mirror-hydro-13,member_of,perimeter,idn-cipp-ruptl-plan-lines,,,,accepted,source_ruptl_flag,1,,2026-09-28,scripts/jetp/build_perimeters.py,,idn-cipp-2023-cpr-mirror-hydro-13
0877.ruptl.idn-cipp-hydro-014,line,idn-cipp-2023-cpr-mirror-hydro-14,member_of,perimeter,idn-cipp-ruptl-plan-lines,,,,accepted,source_ruptl_flag,1,,2026-09-28,scripts/jetp/build_perimeters.py,,idn-cipp-2023-cpr-mirror-hydro-14
0877.ruptl.idn-cipp-hydro-018,line,idn-cipp-2023-cpr-mirror-hydro-18,member_of,perimeter,idn-cipp-ruptl-plan-lines,,,,accepted,source_ruptl_flag,1,,2026-09-28,scripts/jetp/build_perimeters.py,,idn-cipp-2023-cpr-mirror-hydro-18
0877.ruptl.idn-cipp-hydro-019,line,idn-cipp-2023-cpr-mirror-hydro-19,member_of,perimeter,idn-cipp-ruptl-plan-lines,,,,accepted,source_ruptl_flag,1,,2026-09-28,scripts/jetp/build_perimeters.py,,idn-cipp-2023-cpr-mirror-hydro-19
0877.ruptl.idn-cipp-hydro-020,line,idn-cipp-2023-cpr-mirror-hydro-20,member_of,perimeter,idn-cipp-ruptl-plan-lines,,,,accepted,source_ruptl_flag,1,,2026-09-28,scripts/jetp/build_perimeters.py,,idn-cipp-2023-cpr-mirror-hydro-20
0877.ruptl.idn-cipp-hydro-021,line,idn-cipp-2023-cpr-mirror-hydro-21,member_of,perimeter,idn-cipp-ruptl-plan-lines,,,,accepted,source_ruptl_flag,1,,2026-09-28,scripts/jetp/build_perimeters.py,,idn-cipp-2023-cpr-mirror-hydro-21
0877.ruptl.idn-cipp-hydro-022,line,idn-cipp-2023-cpr-mirror-hydro-22,member_of,perimeter,idn-cipp-ruptl-plan-lines,,,,accepted,source_ruptl_flag,1,,2026-09-28,scripts/jetp/build_perimeters.py,,idn-cipp-2023-cpr-mirror-hydro-22
0877.ruptl.idn-cipp-hydro-023,line,idn-cipp-2023-cpr-mirror-hydro-23,member_of,perimeter,idn-cipp-ruptl-plan-lines,,,,accepted,source_ruptl_flag,1,,2026-09-28,scripts/jetp/build_perimeters.py,,idn-cipp-2023-cpr-mirror-hydro-23
0877.ruptl.idn-cipp-hydro-024,line,idn-cipp-2023-cpr-mirror-hydro-24,member_of,perimeter,idn-cipp-ruptl-plan-lines,,,,accepted,source_ruptl_flag,1,,2026-09-28,scripts/jetp/build_perimeters.py,,idn-cipp-2023-cpr-mirror-hydro-24
0877.ruptl.idn-cipp-hydro-025,line,idn-cipp-2023-cpr-mirror-hydro-25,member_of,perimeter,idn-cipp-ruptl-plan-lines,,,,accepted,source_ruptl_flag,1,,2026-09-28,scripts/jetp/build_perimeters.py,,idn-cipp-2023-cpr-mirror-hydro-25
0877.ruptl.idn-cipp-hydro-026,line,idn-cipp-2023-cpr-mirror-hydro-26,member_of,perimeter,idn-cipp-ruptl-plan-lines,,,,accepted,source_ruptl_flag,1,,2026-09-28,scripts/jetp/build_perimeters.py,,idn-cipp-2023-cpr-mirror-hydro-26
0877.ruptl.idn-cipp-hydro-027,line,idn-cipp-2023-cpr-mirror-hydro-27,member_of,perimeter,idn-cipp-ruptl-plan-lines,,,,accepted,source_ruptl_flag,1,,2026-09-28,scripts/jetp/build_perimeters.py,,idn-cipp-2023-cpr-mirror-hydro-27
0877.ruptl.idn-cipp-hydro-031,line,idn-cipp-2023-cpr-mirror-hydro-31,member_of,perimeter,idn-cipp-ruptl-plan-lines,,,,accepted,source_ruptl_flag,1,,2026-09-28,scripts/jetp/build_perimeters.py,,idn-cipp-2023-cpr-mirror-hydro-31
0877.ruptl.idn-cipp-hydro-032,line,idn-cipp-2023-cpr-mirror-hydro-32,member_of,perimeter,idn-cipp-ruptl-plan-lines,,,,accepted,source_ruptl_flag,1,,2026-09-28,scripts/jetp/build_perimeters.py,,idn-cipp-2023-cpr-mirror-hydro-32
0877.ruptl.idn-cipp-hydro-033,line,idn-cipp-2023-cpr-mirror-hydro-33,member_of,perimeter,idn-cipp-ruptl-plan-lines,,,,accepted,source_ruptl_flag,1,,2026-09-28,scripts/jetp/build_perimeters.py,,idn-cipp-2023-cpr-mirror-hydro-33
0877.ruptl.idn-cipp-hydro-034,line,idn-cipp-2023-cpr-mirror-hydro-34,member_of,perimeter,idn-cipp-ruptl-plan-lines,,,,accepted,source_ruptl_flag,1,,2026-09-28,scripts/jetp/build_perimeters.py,,idn-cipp-2023-cpr-mirror-hydro-34
0877.ruptl.idn-cipp-hydro-035,line,idn-cipp-2023-cpr-mirror-hydro-35,member_of,perimeter,idn-cipp-ruptl-plan-lines,,,,accepted,source_ruptl_flag,1,,2026-09-28,scripts/jetp/build_perimeters.py,,idn-cipp-2023-cpr-mirror-hydro-35
0877.ruptl.idn-cipp-hydro-036,line,idn-cipp-2023-cpr-mirror-hydro-36,member_of,perimeter,idn-cipp-ruptl-plan-lines,,,,accepted,source_ruptl_flag,1,,2026-09-28,scripts/jetp/build_perimeters.py,,idn-cipp-2023-cpr-mirror-hydro-36
0877.ruptl.idn-cipp-hydro-037,line,idn-cipp-2023-cpr-mirror-hydro-37,member_of,perimeter,idn-cipp-ruptl-plan-lines,,,,accepted,source_ruptl_flag,1,,2026-09-28,scripts/jetp/build_perimeters.py,,idn-cipp-2023-cpr-mirror-hydro-37
0877.ruptl.idn-cipp-hydro-038,line,idn-cipp-2023-cpr-mirror-hydro-38,member_of,perimeter,idn-cipp-ruptl-plan-lines,,,,accepted,source_ruptl_flag,1,,2026-09-28,scripts/jetp/build_perimeters.py,,idn-cipp-2023-cpr-mirror-hydro-38
0877.ruptl.idn-cipp-hydro-039,line,idn-cipp-2023-cpr-mirror-hydro-39,member_of,perimeter,idn-cipp-ruptl-plan-lines,,,,accepted,source_ruptl_flag,1,,2026-09-28,scripts/jetp/build_perimeters.py,,idn-cipp-2023-cpr-mirror-hydro-39
0877.ruptl.idn-cipp-hydro-040,line,idn-cipp-2023-cpr-mirror-hydro-40,member_of,perimeter,idn-cipp-ruptl-plan-lines,,,,accepted,source_ruptl_flag,1,,2026-09-28,scripts/jetp/build_perimeters.py,,idn-cipp-2023-cpr-mirror-hydro-40
0877.ruptl.idn-cipp-hydro-042,line,idn-cipp-2023-cpr-mirror-hydro-42,member_of,perimeter,idn-cipp-ruptl-plan-lines,,,,accepted,source_ruptl_flag,1,,2026-09-28,scripts/jetp/build_perimeters.py,,idn-cipp-2023-cpr-mirror-hydro-42
0877.ruptl.idn-cipp-hydro-043,line,idn-cipp-2023-cpr-mirror-hydro-43,member_of,perimeter,idn-cipp-ruptl-plan-lines,,,,accepted,source_ruptl_flag,1,,2026-09-28,scripts/jetp/build_perimeters.py,,idn-cipp-2023-cpr-mirror-hydro-43
0877.ruptl.idn-cipp-hydro-044,line,idn-cipp-2023-cpr-mirror-hydro-44,member_of,perimeter,idn-cipp-ruptl-plan-lines,,,,accepted,source_ruptl_flag,1,,2026-09-28,scripts/jetp/build_perimeters.py,,idn-cipp-2023-cpr-mirror-hydro-44
0877.ruptl.idn-cipp-hydro-045,line,idn-cipp-2023-cpr-mirror-hydro-45,member_of,perimeter,idn-cipp-ruptl-plan-lines,,,,accepted,source_ruptl_flag,1,,2026-09-28,scripts/jetp/build_perimeters.py,,idn-cipp-2023-cpr-mirror-hydro-45
0877.ruptl.idn-cipp-hydro-046,line,idn-cipp-2023-cpr-mirror-hydro-46,member_of,perimeter,idn-cipp-ruptl-plan-lines,,,,accepted,source_ruptl_flag,1,,2026-09-28,scripts/jetp/build_perimeters.py,,idn-cipp-2023-cpr-mirror-hydro-46
0877.ruptl.idn-cipp-hydro-047,line,idn-cipp-2023-cpr-mirror-hydro-47,member_of,perimeter,idn-cipp-ruptl-plan-lines,,,,accepted,source_ruptl_flag,1,,2026-09-28,scripts/jetp/build_perimeters.py,,idn-cipp-2023-cpr-mirror-hydro-47
0877.ruptl.idn-cipp-hydro-048,line,idn-cipp-2023-cpr-mirror-hydro-48,member_of,perimeter,idn-cipp-ruptl-plan-lines,,,,accepted,source_ruptl_flag,1,,2026-09-28,scripts/jetp/build_perimeters.py,,idn-cipp-2023-cpr-mirror-hydro-48
0877.ruptl.idn-cipp-hydro-051,line,idn-cipp-2023-cpr-mirror-hydro-51,member_of,perimeter,idn-cipp-ruptl-plan-lines,,,,accepted,source_ruptl_flag,1,,2026-09-28,scripts/jetp/build_perimeters.py,,idn-cipp-2023-cpr-mirror-hydro-51
0877.ruptl.idn-cipp-hydro-053,line,idn-cipp-2023-cpr-mirror-hydro-53,member_of,perimeter,idn-cipp-ruptl-plan-lines,,,,accepted,source_ruptl_flag,1,,2026-09-28,scripts/jetp/build_perimeters.py,,idn-cipp-2023-cpr-mirror-hydro-53
0877.ruptl.idn-cipp-hydro-055,line,idn-cipp-2023-cpr-mirror-hydro-55,member_of,perimeter,idn-cipp-ruptl-plan-lines,,,,accepted,source_ruptl_flag,1,,2026-09-28,scripts/jetp/build_perimeters.py,,idn-cipp-2023-cpr-mirror-hydro-55
0877.ruptl.idn-cipp-hydro-056,line,idn-cipp-2023-cpr-mirror-hydro-56,member_of,perimeter,idn-cipp-ruptl-plan-lines,,,,accepted,source_ruptl_flag,1,,2026-09-28,scripts/jetp/build_perimeters.py,,idn-cipp-2023-cpr-mirror-hydro-56
0877.ruptl.idn-cipp-hydro-060,line,idn-cipp-2023-cpr-mirror-hydro-60,member_of,perimeter,idn-cipp-ruptl-plan-lines,,,,accepted,source_ruptl_flag,1,,2026-09-28,scripts/jetp/build_perimeters.py,,idn-cipp-2023-cpr-mirror-hydro-60
0877.ruptl.idn-cipp-hydro-061,line,idn-cipp-2023-cpr-mirror-hydro-61,member_of,perimeter,idn-cipp-ruptl-plan-lines,,,,accepted,source_ruptl_flag,1,,2026-09-28,scripts/jetp/build_perimeters.py,,idn-cipp-2023-cpr-mirror-hydro-61
0877.ruptl.idn-cipp-hydro-062,line,idn-cipp-2023-cpr-mirror-hydro-62,member_of,perimeter,idn-cipp-ruptl-plan-lines,,,,accepted,source_ruptl_flag,1,,2026-09-28,scripts/jetp/build_perimeters.py,,idn-cipp-2023-cpr-mirror-hydro-62
0877.ruptl.idn-cipp-hydro-063,line,idn-cipp-2023-cpr-mirror-hydro-63,member_of,perimeter,idn-cipp-ruptl-plan-lines,,,,accepted,source_ruptl_flag,1,,2026-09-28,scripts/jetp/build_perimeters.py,,idn-cipp-2023-cpr-mirror-hydro-63
0877.ruptl.idn-cipp-hydro-064,line,idn-cipp-2023-cpr-mirror-hydro-64,member_of,perimeter,idn-cipp-ruptl-plan-lines,,,,accepted,source_ruptl_flag,1,,2026-09-28,scripts/jetp/build_perimeters.py,,idn-cipp-2023-cpr-mirror-hydro-64
0877.ruptl.idn-cipp-hydro-065,line,idn-cipp-2023-cpr-mirror-hydro-65,member_of,perimeter,idn-cipp-ruptl-plan-lines,,,,accepted,source_ruptl_flag,1,,2026-09-28,scripts/jetp/build_perimeters.py,,idn-cipp-2023-cpr-mirror-hydro-65
0877.ruptl.idn-cipp-hydro-067,line,idn-cipp-2023-cpr-mirror-hydro-67,member_of,perimeter,idn-cipp-ruptl-plan-lines,,,,accepted,source_ruptl_flag,1,,2026-09-28,scripts/jetp/build_perimeters.py,,idn-cipp-2023-cpr-mirror-hydro-67
0877.ruptl.idn-cipp-hydro-068,line,idn-cipp-2023-cpr-mirror-hydro-68,member_of,perimeter,idn-cipp-ruptl-plan-lines,,,,accepted,source_ruptl_flag,1,,2026-09-28,scripts/jetp/build_perimeters.py,,idn-cipp-2023-cpr-mirror-hydro-68
0877.ruptl.idn-cipp-hydro-069,line,idn-cipp-2023-cpr-mirror-hydro-69,member_of,perimeter,idn-cipp-ruptl-plan-lines,,,,accepted,source_ruptl_flag,1,,2026-09-28,scripts/jetp/build_perimeters.py,,idn-cipp-2023-cpr-mirror-hydro-69
0877.ruptl.idn-cipp-hydro-071,line,idn-cipp-2023-cpr-mirror-hydro-71,member_of,perimeter,idn-cipp-ruptl-plan-lines,,,,accepted,source_ruptl_flag,1,,2026-09-28,scripts/jetp/build_perimeters.py,,idn-cipp-2023-cpr-mirror-hydro-71
0877.ruptl.idn-cipp-hydro-073,line,idn-cipp-2023-cpr-mirror-hydro-73,member_of,perimeter,idn-cipp-ruptl-plan-lines,,,,accepted,source_ruptl_flag,1,,2026-09-28,scripts/jetp/build_perimeters.py,,idn-cipp-2023-cpr-mirror-hydro-73
0877.ruptl.idn-cipp-hydro-074,line,idn-cipp-2023-cpr-mirror-hydro-74,member_of,perimeter,idn-cipp-ruptl-plan-lines,,,,accepted,source_ruptl_flag,1,,2026-09-28,scripts/jetp/build_perimeters.py,,idn-cipp-2023-cpr-mirror-hydro-74
0877.ruptl.idn-cipp-hydro-075,line,idn-cipp-2023-cpr-mirror-hydro-75,member_of,perimeter,idn-cipp-ruptl-plan-lines,,,,accepted,source_ruptl_flag,1,,2026-09-28,scripts/jetp/build_perimeters.py,,idn-cipp-2023-cpr-mirror-hydro-75
0877.ruptl.idn-cipp-hydro-076,line,idn-cipp-2023-cpr-mirror-hydro-76,member_of,perimeter,idn-cipp-ruptl-plan-lines,,,,accepted,source_ruptl_flag,1,,2026-09-28,scripts/jetp/build_perimeters.py,,idn-cipp-2023-cpr-mirror-hydro-76
0877.ruptl.idn-cipp-hydro-077,line,idn-cipp-2023-cpr-mirror-hydro-77,member_of,perimeter,idn-cipp-ruptl-plan-lines,,,,accepted,source_ruptl_flag,1,,2026-09-28,scripts/jetp/build_perimeters.py,,idn-cipp-2023-cpr-mirror-hydro-77
0877.ruptl.idn-cipp-hydro-078,line,idn-cipp-2023-cpr-mirror-hydro-78,member_of,perimeter,idn-cipp-ruptl-plan-lines,,,,accepted,source_ruptl_flag,1,,2026-09-28,scripts/jetp/build_perimeters.py,,idn-cipp-2023-cpr-mirror-hydro-78
0877.ruptl.idn-cipp-hydro-079,line,idn-cipp-2023-cpr-mirror-hydro-79,member_of,perimeter,idn-cipp-ruptl-plan-lines,,,,accepted,source_ruptl_flag,1,,2026-09-28,scripts/jetp/build_perimeters.py,,idn-cipp-2023-cpr-mirror-hydro-79
0877.ruptl.idn-cipp-hydro-080,line,idn-cipp-2023-cpr-mirror-hydro-80,member_of,perimeter,idn-cipp-ruptl-plan-lines,,,,accepted,source_ruptl_flag,1,,2026-09-28,scripts/jetp/build_perimeters.py,,idn-cipp-2023-cpr-mirror-hydro-80
0877.ruptl.idn-cipp-hydro-081,line,idn-cipp-2023-cpr-mirror-hydro-81,member_of,perimeter,idn-cipp-ruptl-plan-lines,,,,accepted,source_ruptl_flag,1,,2026-09-28,scripts/jetp/build_perimeters.py,,idn-cipp-2023-cpr-mirror-hydro-81
0877.ruptl.idn-cipp-hydro-082,line,idn-cipp-2023-cpr-mirror-hydro-82,member_of,perimeter,idn-cipp-ruptl-plan-lines,,,,accepted,source_ruptl_flag,1,,2026-09-28,scripts/jetp/build_perimeters.py,,idn-cipp-2023-cpr-mirror-hydro-82
0877.ruptl.idn-cipp-hydro-083,line,idn-cipp-2023-cpr-mirror-hydro-83,member_of,perimeter,idn-cipp-ruptl-plan-lines,,,,accepted,source_ruptl_flag,1,,2026-09-28,scripts/jetp/build_perimeters.py,,idn-cipp-2023-cpr-mirror-hydro-83
0877.ruptl.idn-cipp-hydro-085,line,idn-cipp-2023-cpr-mirror-hydro-85,member_of,perimeter,idn-cipp-ruptl-plan-lines,,,,accepted,source_ruptl_flag,1,,2026-09-28,scripts/jetp/build_perimeters.py,,idn-cipp-2023-cpr-mirror-hydro-85
0877.ruptl.idn-cipp-hydro-088,line,idn-cipp-2023-cpr-mirror-hydro-88,member_of,perimeter,idn-cipp-ruptl-plan-lines,,,,accepted,source_ruptl_flag,1,,2026-09-28,scripts/jetp/build_perimeters.py,,idn-cipp-2023-cpr-mirror-hydro-88
0877.ruptl.idn-cipp-hydro-089,line,idn-cipp-2023-cpr-mirror-hydro-89,member_of,perimeter,idn-cipp-ruptl-plan-lines,,,,accepted,source_ruptl_flag,1,,2026-09-28,scripts/jetp/build_perimeters.py,,idn-cipp-2023-cpr-mirror-hydro-89
0877.ruptl.idn-cipp-hydro-090,line,idn-cipp-2023-cpr-mirror-hydro-90,member_of,perimeter,idn-cipp-ruptl-plan-lines,,,,accepted,source_ruptl_flag,1,,2026-09-28,scripts/jetp/build_perimeters.py,,idn-cipp-2023-cpr-mirror-hydro-90
0877.ruptl.idn-cipp-hydro-092,line,idn-cipp-2023-cpr-mirror-hydro-92,member_of,perimeter,idn-cipp-ruptl-plan-lines,,,,accepted,source_ruptl_flag,1,,2026-09-28,scripts/jetp/build_perimeters.py,,idn-cipp-2023-cpr-mirror-hydro-92
0877.ruptl.idn-cipp-hydro-093,line,idn-cipp-2023-cpr-mirror-hydro-93,member_of,perimeter,idn-cipp-ruptl-plan-lines,,,,accepted,source_ruptl_flag,1,,2026-09-28,scripts/jetp/build_perimeters.py,,idn-cipp-2023-cpr-mirror-hydro-93
0877.ruptl.idn-cipp-hydro-095,line,idn-cipp-2023-cpr-mirror-hydro-95,member_of,perimeter,idn-cipp-ruptl-plan-lines,,,,accepted,source_ruptl_flag,1,,2026-09-28,scripts/jetp/build_perimeters.py,,idn-cipp-2023-cpr-mirror-hydro-95
0877.ruptl.idn-cipp-hydro-096,line,idn-cipp-2023-cpr-mirror-hydro-96,member_of,perimeter,idn-cipp-ruptl-plan-lines,,,,accepted,source_ruptl_flag,1,,2026-09-28,scripts/jetp/build_perimeters.py,,idn-cipp-2023-cpr-mirror-hydro-96
0877.ruptl.idn-cipp-hydro-099,line,idn-cipp-2023-cpr-mirror-hydro-99,member_of,perimeter,idn-cipp-ruptl-plan-lines,,,,accepted,source_ruptl_flag,1,,2026-09-28,scripts/jetp/build_perimeters.py,,idn-cipp-2023-cpr-mirror-hydro-99
0877.ruptl.idn-cipp-hydro-102,line,idn-cipp-2023-cpr-mirror-hydro-102,member_of,perimeter,idn-cipp-ruptl-plan-lines,,,,accepted,source_ruptl_flag,1,,2026-09-28,scripts/jetp/build_perimeters.py,,idn-cipp-2023-cpr-mirror-hydro-102
0877.ruptl.idn-cipp-hydro-106,line,idn-cipp-2023-cpr-mirror-hydro-106,member_of,perimeter,idn-cipp-ruptl-plan-lines,,,,accepted,source_ruptl_flag,1,,2026-09-28,scripts/jetp/build_perimeters.py,,idn-cipp-2023-cpr-mirror-hydro-106
0877.ruptl.idn-cipp-hydro-108,line,idn-cipp-2023-cpr-mirror-hydro-108,member_of,perimeter,idn-cipp-ruptl-plan-lines,,,,accepted,source_ruptl_flag,1,,2026-09-28,scripts/jetp/build_perimeters.py,,idn-cipp-2023-cpr-mirror-hydro-108
0877.ruptl.idn-cipp-hydro-111,line,idn-cipp-2023-cpr-mirror-hydro-111,member_of,perimeter,idn-cipp-ruptl-plan-lines,,,,accepted,source_ruptl_flag,1,,2026-09-28,scripts/jetp/build_perimeters.py,,idn-cipp-2023-cpr-mirror-hydro-111
0877.ruptl.idn-cipp-hydro-112,line,idn-cipp-2023-cpr-mirror-hydro-112,member_of,perimeter,idn-cipp-ruptl-plan-lines,,,,accepted,source_ruptl_flag,1,,2026-09-28,scripts/jetp/build_perimeters.py,,idn-cipp-2023-cpr-mirror-hydro-112
0877.ruptl.idn-cipp-hydro-113,line,idn-cipp-2023-cpr-mirror-hydro-113,member_of,perimeter,idn-cipp-ruptl-plan-lines,,,,accepted,source_ruptl_flag,1,,2026-09-28,scripts/jetp/build_perimeters.py,,idn-cipp-2023-cpr-mirror-hydro-113
0877.ruptl.idn-cipp-hydro-114,line,idn-cipp-2023-cpr-mirror-hydro-114,member_of,perimeter,idn-cipp-ruptl-plan-lines,,,,accepted,source_ruptl_flag,1,,2026-09-28,scripts/jetp/build_perimeters.py,,idn-cipp-2023-cpr-mirror-hydro-114
0877.ruptl.idn-cipp-hydro-115,line,idn-cipp-2023-cpr-mirror-hydro-115,member_of,perimeter,idn-cipp-ruptl-plan-lines,,,,accepted,source_ruptl_flag,1,,2026-09-28,scripts/jetp/build_perimeters.py,,idn-cipp-2023-cpr-mirror-hydro-115
0877.ruptl.idn-cipp-hydro-117,line,idn-cipp-2023-cpr-mirror-hydro-117,member_of,perimeter,idn-cipp-ruptl-plan-lines,,,,accepted,source_ruptl_flag,1,,2026-09-28,scripts/jetp/build_perimeters.py,,idn-cipp-2023-cpr-mirror-hydro-117
0877.ruptl.idn-cipp-hydro-119,line,idn-cipp-2023-cpr-mirror-hydro-119,member_of,perimeter,idn-cipp-ruptl-plan-lines,,,,accepted,source_ruptl_flag,1,,2026-09-28,scripts/jetp/build_perimeters.py,,idn-cipp-2023-cpr-mirror-hydro-119
0877.ruptl.idn-cipp-hydro-120,line,idn-cipp-2023-cpr-mirror-hydro-120,member_of,perimeter,idn-cipp-ruptl-plan-lines,,,,accepted,source_ruptl_flag,1,,2026-09-28,scripts/jetp/build_perimeters.py,,idn-cipp-2023-cpr-mirror-hydro-120
0877.ruptl.idn-cipp-hydro-121,line,idn-cipp-2023-cpr-mirror-hydro-121,member_of,perimeter,idn-cipp-ruptl-plan-lines,,,,accepted,source_ruptl_flag,1,,2026-09-28,scripts/jetp/build_perimeters.py,,idn-cipp-2023-cpr-mirror-hydro-121
0877.ruptl.idn-cipp-hydro-122,line,idn-cipp-2023-cpr-mirror-hydro-122,member_of,perimeter,idn-cipp-ruptl-plan-lines,,,,accepted,source_ruptl_flag,1,,2026-09-28,scripts/jetp/build_perimeters.py,,idn-cipp-2023-cpr-mirror-hydro-122
0877.ruptl.idn-cipp-hydro-123,line,idn-cipp-2023-cpr-mirror-hydro-123,member_of,perimeter,idn-cipp-ruptl-plan-lines,,,,accepted,source_ruptl_flag,1,,2026-09-28,scripts/jetp/build_perimeters.py,,idn-cipp-2023-cpr-mirror-hydro-123
0877.ruptl.idn-cipp-hydro-125,line,idn-cipp-2023-cpr-mirror-hydro-125,member_of,perimeter,idn-cipp-ruptl-plan-lines,,,,accepted,source_ruptl_flag,1,,2026-09-28,scripts/jetp/build_perimeters.py,,idn-cipp-2023-cpr-mirror-hydro-125
0877.ruptl.idn-cipp-hydro-128,line,idn-cipp-2023-cpr-mirror-hydro-128,member_of,perimeter,idn-cipp-ruptl-plan-lines,,,,accepted,source_ruptl_flag,1,,2026-09-28,scripts/jetp/build_perimeters.py,,idn-cipp-2023-cpr-mirror-hydro-128
0877.ruptl.idn-cipp-hydro-129,line,idn-cipp-2023-cpr-mirror-hydro-129,member_of,perimeter,idn-cipp-ruptl-plan-lines,,,,accepted,source_ruptl_flag,1,,2026-09-28,scripts/jetp/build_perimeters.py,,idn-cipp-2023-cpr-mirror-hydro-129
0877.ruptl.idn-cipp-hydro-132,line,idn-cipp-2023-cpr-mirror-hydro-132,member_of,perimeter,idn-cipp-ruptl-plan-lines,,,,accepted,source_ruptl_flag,1,,2026-09-28,scripts/jetp/build_perimeters.py,,idn-cipp-2023-cpr-mirror-hydro-132
0877.ruptl.idn-cipp-hydro-133,line,idn-cipp-2023-cpr-mirror-hydro-133,member_of,perimeter,idn-cipp-ruptl-plan-lines,,,,accepted,source_ruptl_flag,1,,2026-09-28,scripts/jetp/build_perimeters.py,,idn-cipp-2023-cpr-mirror-hydro-133
0877.ruptl.idn-cipp-hydro-134,line,idn-cipp-2023-cpr-mirror-hydro-134,member_of,perimeter,idn-cipp-ruptl-plan-lines,,,,accepted,source_ruptl_flag,1,,2026-09-28,scripts/jetp/build_perimeters.py,,idn-cipp-2023-cpr-mirror-hydro-134
0877.ruptl.idn-cipp-hydro-138,line,idn-cipp-2023-cpr-mirror-hydro-138,member_of,perimeter,idn-cipp-ruptl-plan-lines,,,,accepted,source_ruptl_flag,1,,2026-09-28,scripts/jetp/build_perimeters.py,,idn-cipp-2023-cpr-mirror-hydro-138
0877.ruptl.idn-cipp-hydro-142,line,idn-cipp-2023-cpr-mirror-hydro-142,member_of,perimeter,idn-cipp-ruptl-plan-lines,,,,accepted,source_ruptl_flag,1,,2026-09-28,scripts/jetp/build_perimeters.py,,idn-cipp-2023-cpr-mirror-hydro-142
0877.ruptl.idn-cipp-hydro-143,line,idn-cipp-2023-cpr-mirror-hydro-143,member_of,perimeter,idn-cipp-ruptl-plan-lines,,,,accepted,source_ruptl_flag,1,,2026-09-28,scripts/jetp/build_perimeters.py,,idn-cipp-2023-cpr-mirror-hydro-143
0877.ruptl.idn-cipp-hydro-146,line,idn-cipp-2023-cpr-mirror-hydro-146,member_of,perimeter,idn-cipp-ruptl-plan-lines,,,,accepted,source_ruptl_flag,1,,2026-09-28,scripts/jetp/build_perimeters.py,,idn-cipp-2023-cpr-mirror-hydro-146
0877.ruptl.idn-cipp-hydro-147,line,idn-cipp-2023-cpr-mirror-hydro-147,member_of,perimeter,idn-cipp-ruptl-plan-lines,,,,accepted,source_ruptl_flag,1,,2026-09-28,scripts/jetp/build_perimeters.py,,idn-cipp-2023-cpr-mirror-hydro-147
0877.ruptl.idn-cipp-hydro-148,line,idn-cipp-2023-cpr-mirror-hydro-148,member_of,perimeter,idn-cipp-ruptl-plan-lines,,,,accepted,source_ruptl_flag,1,,2026-09-28,scripts/jetp/build_perimeters.py,,idn-cipp-2023-cpr-mirror-hydro-148
0877.ruptl.idn-cipp-hydro-149,line,idn-cipp-2023-cpr-mirror-hydro-149,member_of,perimeter,idn-cipp-ruptl-plan-lines,,,,accepted,source_ruptl_flag,1,,2026-09-28,scripts/jetp/build_perimeters.py,,idn-cipp-2023-cpr-mirror-hydro-149
0877.ruptl.idn-cipp-hydro-150,line,idn-cipp-2023-cpr-mirror-hydro-150,member_of,perimeter,idn-cipp-ruptl-plan-lines,,,,accepted,source_ruptl_flag,1,,2026-09-28,scripts/jetp/build_perimeters.py,,idn-cipp-2023-cpr-mirror-hydro-150
0877.ruptl.idn-cipp-hydro-151,line,idn-cipp-2023-cpr-mirror-hydro-151,member_of,perimeter,idn-cipp-ruptl-plan-lines,,,,accepted,source_ruptl_flag,1,,2026-09-28,scripts/jetp/build_perimeters.py,,idn-cipp-2023-cpr-mirror-hydro-151
0877.ruptl.idn-cipp-hydro-152,line,idn-cipp-2023-cpr-mirror-hydro-152,member_of,perimeter,idn-cipp-ruptl-plan-lines,,,,accepted,source_ruptl_flag,1,,2026-09-28,scripts/jetp/build_perimeters.py,,idn-cipp-2023-cpr-mirror-hydro-152
0877.ruptl.idn-cipp-hydro-154,line,idn-cipp-2023-cpr-mirror-hydro-154,member_of,perimeter,idn-cipp-ruptl-plan-lines,,,,accepted,source_ruptl_flag,1,,2026-09-28,scripts/jetp/build_perimeters.py,,idn-cipp-2023-cpr-mirror-hydro-154
0877.ruptl.idn-cipp-hydro-155,line,idn-cipp-2023-cpr-mirror-hydro-155,member_of,perimeter,idn-cipp-ruptl-plan-lines,,,,accepted,source_ruptl_flag,1,,2026-09-28,scripts/jetp/build_perimeters.py,,idn-cipp-2023-cpr-mirror-hydro-155
0877.ruptl.idn-cipp-hydro-156,line,idn-cipp-2023-cpr-mirror-hydro-156,member_of,perimeter,idn-cipp-ruptl-plan-lines,,,,accepted,source_ruptl_flag,1,,2026-09-28,scripts/jetp/build_perimeters.py,,idn-cipp-2023-cpr-mirror-hydro-156
0877.ruptl.idn-cipp-hydro-158,line,idn-cipp-2023-cpr-mirror-hydro-158,member_of,perimeter,idn-cipp-ruptl-plan-lines,,,,accepted,source_ruptl_flag,1,,2026-09-28,scripts/jetp/build_perimeters.py,,idn-cipp-2023-cpr-mirror-hydro-158
0877.ruptl.idn-cipp-solar-001,line,idn-cipp-2023-cpr-mirror-solar-1,member_of,perimeter,idn-cipp-ruptl-plan-lines,,,,accepted,source_ruptl_flag,1,,2026-09-28,scripts/jetp/build_perimeters.py,,idn-cipp-2023-cpr-mirror-solar-1
0877.ruptl.idn-cipp-solar-002,line,idn-cipp-2023-cpr-mirror-solar-2,member_of,perimeter,idn-cipp-ruptl-plan-lines,,,,accepted,source_ruptl_flag,1,,2026-09-28,scripts/jetp/build_perimeters.py,,idn-cipp-2023-cpr-mirror-solar-2
0877.ruptl.idn-cipp-solar-004,line,idn-cipp-2023-cpr-mirror-solar-4,member_of,perimeter,idn-cipp-ruptl-plan-lines,,,,accepted,source_ruptl_flag,1,,2026-09-28,scripts/jetp/build_perimeters.py,,idn-cipp-2023-cpr-mirror-solar-4
0877.ruptl.idn-cipp-solar-005,line,idn-cipp-2023-cpr-mirror-solar-5,member_of,perimeter,idn-cipp-ruptl-plan-lines,,,,accepted,source_ruptl_flag,1,,2026-09-28,scripts/jetp/build_perimeters.py,,idn-cipp-2023-cpr-mirror-solar-5
0877.ruptl.idn-cipp-solar-007,line,idn-cipp-2023-cpr-mirror-solar-7,member_of,perimeter,idn-cipp-ruptl-plan-lines,,,,accepted,source_ruptl_flag,1,,2026-09-28,scripts/jetp/build_perimeters.py,,idn-cipp-2023-cpr-mirror-solar-7
0877.ruptl.idn-cipp-solar-008,line,idn-cipp-2023-cpr-mirror-solar-8,member_of,perimeter,idn-cipp-ruptl-plan-lines,,,,accepted,source_ruptl_flag,1,,2026-09-28,scripts/jetp/build_perimeters.py,,idn-cipp-2023-cpr-mirror-solar-8
0877.ruptl.idn-cipp-solar-024,line,idn-cipp-2023-cpr-mirror-solar-24,member_of,perimeter,idn-cipp-ruptl-plan-lines,,,,accepted,source_ruptl_flag,1,,2026-09-28,scripts/jetp/build_perimeters.py,,idn-cipp-2023-cpr-mirror-solar-24
0877.ruptl.idn-cipp-solar-025,line,idn-cipp-2023-cpr-mirror-solar-25,member_of,perimeter,idn-cipp-ruptl-plan-lines,,,,accepted,source_ruptl_flag,1,,2026-09-28,scripts/jetp/build_perimeters.py,,idn-cipp-2023-cpr-mirror-solar-25
0877.ruptl.idn-cipp-solar-026,line,idn-cipp-2023-cpr-mirror-solar-26,member_of,perimeter,idn-cipp-ruptl-plan-lines,,,,accepted,source_ruptl_flag,1,,2026-09-28,scripts/jetp/build_perimeters.py,,idn-cipp-2023-cpr-mirror-solar-26
0877.ruptl.idn-cipp-solar-027,line,idn-cipp-2023-cpr-mirror-solar-27,member_of,perimeter,idn-cipp-ruptl-plan-lines,,,,accepted,source_ruptl_flag,1,,2026-09-28,scripts/jetp/build_perimeters.py,,idn-cipp-2023-cpr-mirror-solar-27
0877.ruptl.idn-cipp-solar-028,line,idn-cipp-2023-cpr-mirror-solar-28,member_of,perimeter,idn-cipp-ruptl-plan-lines,,,,accepted,source_ruptl_flag,1,,2026-09-28,scripts/jetp/build_perimeters.py,,idn-cipp-2023-cpr-mirror-solar-28
0877.ruptl.idn-cipp-solar-029,line,idn-cipp-2023-cpr-mirror-solar-29,member_of,perimeter,idn-cipp-ruptl-plan-lines,,,,accepted,source_ruptl_flag,1,,2026-09-28,scripts/jetp/build_perimeters.py,,idn-cipp-2023-cpr-mirror-solar-29
0877.ruptl.idn-cipp-solar-030,line,idn-cipp-2023-cpr-mirror-solar-30,member_of,perimeter,idn-cipp-ruptl-plan-lines,,,,accepted,source_ruptl_flag,1,,2026-09-28,scripts/jetp/build_perimeters.py,,idn-cipp-2023-cpr-mirror-solar-30
0877.ruptl.idn-cipp-solar-032,line,idn-cipp-2023-cpr-mirror-solar-32,member_of,perimeter,idn-cipp-ruptl-plan-lines,,,,accepted,source_ruptl_flag,1,,2026-09-28,scripts/jetp/build_perimeters.py,,idn-cipp-2023-cpr-mirror-solar-32
0877.ruptl.idn-cipp-solar-033,line,idn-cipp-2023-cpr-mirror-solar-33,member_of,perimeter,idn-cipp-ruptl-plan-lines,,,,accepted,source_ruptl_flag,1,,2026-09-28,scripts/jetp/build_perimeters.py,,idn-cipp-2023-cpr-mirror-solar-33
0877.ruptl.idn-cipp-solar-034,line,idn-cipp-2023-cpr-mirror-solar-34,member_of,perimeter,idn-cipp-ruptl-plan-lines,,,,accepted,source_ruptl_flag,1,,2026-09-28,scripts/jetp/build_perimeters.py,,idn-cipp-2023-cpr-mirror-solar-34
0877.ruptl.idn-cipp-solar-035,line,idn-cipp-2023-cpr-mirror-solar-35,member_of,perimeter,idn-cipp-ruptl-plan-lines,,,,accepted,source_ruptl_flag,1,,2026-09-28,scripts/jetp/build_perimeters.py,,idn-cipp-2023-cpr-mirror-solar-35
0877.ruptl.idn-cipp-solar-036,line,idn-cipp-2023-cpr-mirror-solar-36,member_of,perimeter,idn-cipp-ruptl-plan-lines,,,,accepted,source_ruptl_flag,1,,2026-09-28,scripts/jetp/build_perimeters.py,,idn-cipp-2023-cpr-mirror-solar-36
0877.ruptl.idn-cipp-solar-037,line,idn-cipp-2023-cpr-mirror-solar-37,member_of,perimeter,idn-cipp-ruptl-plan-lines,,,,accepted,source_ruptl_flag,1,,2026-09-28,scripts/jetp/build_perimeters.py,,idn-cipp-2023-cpr-mirror-solar-37
0877.ruptl.idn-cipp-solar-038,line,idn-cipp-2023-cpr-mirror-solar-38,member_of,perimeter,idn-cipp-ruptl-plan-lines,,,,accepted,source_ruptl_flag,1,,2026-09-28,scripts/jetp/build_perimeters.py,,idn-cipp-2023-cpr-mirror-solar-38
0877.ruptl.idn-cipp-solar-039,line,idn-cipp-2023-cpr-mirror-solar-39,member_of,perimeter,idn-cipp-ruptl-plan-lines,,,,accepted,source_ruptl_flag,1,,2026-09-28,scripts/jetp/build_perimeters.py,,idn-cipp-2023-cpr-mirror-solar-39
0877.ruptl.idn-cipp-solar-040,line,idn-cipp-2023-cpr-mirror-solar-40,member_of,perimeter,idn-cipp-ruptl-plan-lines,,,,accepted,source_ruptl_flag,1,,2026-09-28,scripts/jetp/build_perimeters.py,,idn-cipp-2023-cpr-mirror-solar-40
0877.ruptl.idn-cipp-solar-041,line,idn-cipp-2023-cpr-mirror-solar-41,member_of,perimeter,idn-cipp-ruptl-plan-lines,,,,accepted,source_ruptl_flag,1,,2026-09-28,scripts/jetp/build_perimeters.py,,idn-cipp-2023-cpr-mirror-solar-41
0877.ruptl.idn-cipp-solar-043,line,idn-cipp-2023-cpr-mirror-solar-43,member_of,perimeter,idn-cipp-ruptl-plan-lines,,,,accepted,source_ruptl_flag,1,,2026-09-28,scripts/jetp/build_perimeters.py,,idn-cipp-2023-cpr-mirror-solar-43
0877.ruptl.idn-cipp-solar-046,line,idn-cipp-2023-cpr-mirror-solar-46,member_of,perimeter,idn-cipp-ruptl-plan-lines,,,,accepted,source_ruptl_flag,1,,2026-09-28,scripts/jetp/build_perimeters.py,,idn-cipp-2023-cpr-mirror-solar-46
0877.ruptl.idn-cipp-solar-047,line,idn-cipp-2023-cpr-mirror-solar-47,member_of,perimeter,idn-cipp-ruptl-plan-lines,,,,accepted,source_ruptl_flag,1,,2026-09-28,scripts/jetp/build_perimeters.py,,idn-cipp-2023-cpr-mirror-solar-47
0877.ruptl.idn-cipp-solar-048,line,idn-cipp-2023-cpr-mirror-solar-48,member_of,perimeter,idn-cipp-ruptl-plan-lines,,,,accepted,source_ruptl_flag,1,,2026-09-28,scripts/jetp/build_perimeters.py,,idn-cipp-2023-cpr-mirror-solar-48
0877.ruptl.idn-cipp-solar-049,line,idn-cipp-2023-cpr-mirror-solar-49,member_of,perimeter,idn-cipp-ruptl-plan-lines,,,,accepted,source_ruptl_flag,1,,2026-09-28,scripts/jetp/build_perimeters.py,,idn-cipp-2023-cpr-mirror-solar-49
0877.ruptl.idn-cipp-solar-051,line,idn-cipp-2023-cpr-mirror-solar-51,member_of,perimeter,idn-cipp-ruptl-plan-lines,,,,accepted,source_ruptl_flag,1,,2026-09-28,scripts/jetp/build_perimeters.py,,idn-cipp-2023-cpr-mirror-solar-51
0877.ruptl.idn-cipp-solar-053,line,idn-cipp-2023-cpr-mirror-solar-53,member_of,perimeter,idn-cipp-ruptl-plan-lines,,,,accepted,source_ruptl_flag,1,,2026-09-28,scripts/jetp/build_perimeters.py,,idn-cipp-2023-cpr-mirror-solar-53
0877.ruptl.idn-cipp-solar-054,line,idn-cipp-2023-cpr-mirror-solar-54,member_of,perimeter,idn-cipp-ruptl-plan-lines,,,,accepted,source_ruptl_flag,1,,2026-09-28,scripts/jetp/build_perimeters.py,,idn-cipp-2023-cpr-mirror-solar-54
0877.ruptl.idn-cipp-solar-055,line,idn-cipp-2023-cpr-mirror-solar-55,member_of,perimeter,idn-cipp-ruptl-plan-lines,,,,accepted,source_ruptl_flag,1,,2026-09-28,scripts/jetp/build_perimeters.py,,idn-cipp-2023-cpr-mirror-solar-55
0877.ruptl.idn-cipp-solar-056,line,idn-cipp-2023-cpr-mirror-solar-56,member_of,perimeter,idn-cipp-ruptl-plan-lines,,,,accepted,source_ruptl_flag,1,,2026-09-28,scripts/jetp/build_perimeters.py,,idn-cipp-2023-cpr-mirror-solar-56
0877.ruptl.idn-cipp-solar-057,line,idn-cipp-2023-cpr-mirror-solar-57,member_of,perimeter,idn-cipp-ruptl-plan-lines,,,,accepted,source_ruptl_flag,1,,2026-09-28,scripts/jetp/build_perimeters.py,,idn-cipp-2023-cpr-mirror-solar-57
0877.ruptl.idn-cipp-solar-058,line,idn-cipp-2023-cpr-mirror-solar-58,member_of,perimeter,idn-cipp-ruptl-plan-lines,,,,accepted,source_ruptl_flag,1,,2026-09-28,scripts/jetp/build_perimeters.py,,idn-cipp-2023-cpr-mirror-solar-58
0877.ruptl.idn-cipp-solar-059,line,idn-cipp-2023-cpr-mirror-solar-59,member_of,perimeter,idn-cipp-ruptl-plan-lines,,,,accepted,source_ruptl_flag,1,,2026-09-28,scripts/jetp/build_perimeters.py,,idn-cipp-2023-cpr-mirror-solar-59
0877.ruptl.idn-cipp-solar-060,line,idn-cipp-2023-cpr-mirror-solar-60,member_of,perimeter,idn-cipp-ruptl-plan-lines,,,,accepted,source_ruptl_flag,1,,2026-09-28,scripts/jetp/build_perimeters.py,,idn-cipp-2023-cpr-mirror-solar-60
0877.ruptl.idn-cipp-solar-061,line,idn-cipp-2023-cpr-mirror-solar-61,member_of,perimeter,idn-cipp-ruptl-plan-lines,,,,accepted,source_ruptl_flag,1,,2026-09-28,scripts/jetp/build_perimeters.py,,idn-cipp-2023-cpr-mirror-solar-61
0877.ruptl.idn-cipp-solar-062,line,idn-cipp-2023-cpr-mirror-solar-62,member_of,perimeter,idn-cipp-ruptl-plan-lines,,,,accepted,source_ruptl_flag,1,,2026-09-28,scripts/jetp/build_perimeters.py,,idn-cipp-2023-cpr-mirror-solar-62
0877.ruptl.idn-cipp-solar-063,line,idn-cipp-2023-cpr-mirror-solar-63,member_of,perimeter,idn-cipp-ruptl-plan-lines,,,,accepted,source_ruptl_flag,1,,2026-09-28,scripts/jetp/build_perimeters.py,,idn-cipp-2023-cpr-mirror-solar-63
0877.ruptl.idn-cipp-solar-064,line,idn-cipp-2023-cpr-mirror-solar-64,member_of,perimeter,idn-cipp-ruptl-plan-lines,,,,accepted,source_ruptl_flag,1,,2026-09-28,scripts/jetp/build_perimeters.py,,idn-cipp-2023-cpr-mirror-solar-64
0877.ruptl.idn-cipp-transmission-002,line,idn-cipp-2023-cpr-mirror-transmission-2,member_of,perimeter,idn-cipp-ruptl-plan-lines,,,,accepted,source_ruptl_flag,1,,2026-09-28,scripts/jetp/build_perimeters.py,,idn-cipp-2023-cpr-mirror-transmission-2
0877.ruptl.idn-cipp-transmission-003,line,idn-cipp-2023-cpr-mirror-transmission-3,member_of,perimeter,idn-cipp-ruptl-plan-lines,,,,accepted,source_ruptl_flag,1,,2026-09-28,scripts/jetp/build_perimeters.py,,idn-cipp-2023-cpr-mirror-transmission-3
0877.ruptl.idn-cipp-transmission-005,line,idn-cipp-2023-cpr-mirror-transmission-5,member_of,perimeter,idn-cipp-ruptl-plan-lines,,,,accepted,source_ruptl_flag,1,,2026-09-28,scripts/jetp/build_perimeters.py,,idn-cipp-2023-cpr-mirror-transmission-5
0877.ruptl.idn-cipp-transmission-008,line,idn-cipp-2023-cpr-mirror-transmission-8,member_of,perimeter,idn-cipp-ruptl-plan-lines,,,,accepted,source_ruptl_flag,1,,2026-09-28,scripts/jetp/build_perimeters.py,,idn-cipp-2023-cpr-mirror-transmission-8
0877.ruptl.idn-cipp-transmission-009,line,idn-cipp-2023-cpr-mirror-transmission-9,member_of,perimeter,idn-cipp-ruptl-plan-lines,,,,accepted,source_ruptl_flag,1,,2026-09-28,scripts/jetp/build_perimeters.py,,idn-cipp-2023-cpr-mirror-transmission-9
0877.ruptl.idn-cipp-transmission-012,line,idn-cipp-2023-cpr-mirror-transmission-12,member_of,perimeter,idn-cipp-ruptl-plan-lines,,,,accepted,source_ruptl_flag,1,,2026-09-28,scripts/jetp/build_perimeters.py,,idn-cipp-2023-cpr-mirror-transmission-12
0877.ruptl.idn-cipp-transmission-014,line,idn-cipp-2023-cpr-mirror-transmission-14,member_of,perimeter,idn-cipp-ruptl-plan-lines,,,,accepted,source_ruptl_flag,1,,2026-09-28,scripts/jetp/build_perimeters.py,,idn-cipp-2023-cpr-mirror-transmission-14
0877.ruptl.idn-cipp-transmission-021,line,idn-cipp-2023-cpr-mirror-transmission-21,member_of,perimeter,idn-cipp-ruptl-plan-lines,,,,accepted,source_ruptl_flag,1,,2026-09-28,scripts/jetp/build_perimeters.py,,idn-cipp-2023-cpr-mirror-transmission-21
0877.ruptl.idn-cipp-transmission-026,line,idn-cipp-2023-cpr-mirror-transmission-26,member_of,perimeter,idn-cipp-ruptl-plan-lines,,,,accepted,source_ruptl_flag,1,,2026-09-28,scripts/jetp/build_perimeters.py,,idn-cipp-2023-cpr-mirror-transmission-26
0877.ruptl.idn-cipp-transmission-027,line,idn-cipp-2023-cpr-mirror-transmission-27,member_of,perimeter,idn-cipp-ruptl-plan-lines,,,,accepted,source_ruptl_flag,1,,2026-09-28,scripts/jetp/build_perimeters.py,,idn-cipp-2023-cpr-mirror-transmission-27
0877.ruptl.idn-cipp-transmission-029,line,idn-cipp-2023-cpr-mirror-transmission-29,member_of,perimeter,idn-cipp-ruptl-plan-lines,,,,accepted,source_ruptl_flag,1,,2026-09-28,scripts/jetp/build_perimeters.py,,idn-cipp-2023-cpr-mirror-transmission-29
0877.ruptl.idn-cipp-transmission-032,line,idn-cipp-2023-cpr-mirror-transmission-32,member_of,perimeter,idn-cipp-ruptl-plan-lines,,,,accepted,source_ruptl_flag,1,,2026-09-28,scripts/jetp/build_perimeters.py,,idn-cipp-2023-cpr-mirror-transmission-32
0877.ruptl.idn-cipp-transmission-033,line,idn-cipp-2023-cpr-mirror-transmission-33,member_of,perimeter,idn-cipp-ruptl-plan-lines,,,,accepted,source_ruptl_flag,1,,2026-09-28,scripts/jetp/build_perimeters.py,,idn-cipp-2023-cpr-mirror-transmission-33
0877.ruptl.idn-cipp-wind-001,line,idn-cipp-2023-cpr-mirror-wind-1,member_of,perimeter,idn-cipp-ruptl-plan-lines,,,,accepted,source_ruptl_flag,1,,2026-09-28,scripts/jetp/build_perimeters.py,,idn-cipp-2023-cpr-mirror-wind-1
0877.ruptl.idn-cipp-wind-012,line,idn-cipp-2023-cpr-mirror-wind-12,member_of,perimeter,idn-cipp-ruptl-plan-lines,,,,accepted,source_ruptl_flag,1,,2026-09-28,scripts/jetp/build_perimeters.py,,idn-cipp-2023-cpr-mirror-wind-12
0877.ruptl.idn-cipp-wind-013,line,idn-cipp-2023-cpr-mirror-wind-13,member_of,perimeter,idn-cipp-ruptl-plan-lines,,,,accepted,source_ruptl_flag,1,,2026-09-28,scripts/jetp/build_perimeters.py,,idn-cipp-2023-cpr-mirror-wind-13
0877.ruptl.idn-cipp-wind-014,line,idn-cipp-2023-cpr-mirror-wind-14,member_of,perimeter,idn-cipp-ruptl-plan-lines,,,,accepted,source_ruptl_flag,1,,2026-09-28,scripts/jetp/build_perimeters.py,,idn-cipp-2023-cpr-mirror-wind-14
0877.ruptl.idn-cipp-wind-015,line,idn-cipp-2023-cpr-mirror-wind-15,member_of,perimeter,idn-cipp-ruptl-plan-lines,,,,accepted,source_ruptl_flag,1,,2026-09-28,scripts/jetp/build_perimeters.py,,idn-cipp-2023-cpr-mirror-wind-15
0877.ruptl.idn-cipp-wind-017,line,idn-cipp-2023-cpr-mirror-wind-17,member_of,perimeter,idn-cipp-ruptl-plan-lines,,,,accepted,source_ruptl_flag,1,,2026-09-28,scripts/jetp/build_perimeters.py,,idn-cipp-2023-cpr-mirror-wind-17
0877.ruptl.idn-cipp-wind-036,line,idn-cipp-2023-cpr-mirror-wind-36,member_of,perimeter,idn-cipp-ruptl-plan-lines,,,,accepted,source_ruptl_flag,1,,2026-09-28,scripts/jetp/build_perimeters.py,,idn-cipp-2023-cpr-mirror-wind-36
0877.ruptl.idn-cipp-wind-043,line,idn-cipp-2023-cpr-mirror-wind-43,member_of,perimeter,idn-cipp-ruptl-plan-lines,,,,accepted,source_ruptl_flag,1,,2026-09-28,scripts/jetp/build_perimeters.py,,idn-cipp-2023-cpr-mirror-wind-43
0877.partnership.agreement-idn-fin-isle-1,agreement,agreement-idn-fin-isle-1,member_of,perimeter,idn-jetp,,,,accepted,accepted_register_referent,1,,2026-09-28,scripts/jetp/build_perimeters.py,,idn-world-bank-isle1-technical-assessment-2022-claim-66
0877.partnership.agreement-idn-fin-xurya-rooftop,agreement,agreement-idn-fin-xurya-rooftop,member_of,perimeter,idn-jetp,,,,accepted,accepted_register_referent,1,,2026-09-28,scripts/jetp/build_perimeters.py,,idn-jetp-xurya-equity-2024-claim-75
0877.partnership.agreement-idn-fin-pbl-aset,agreement,agreement-idn-fin-pbl-aset,member_of,perimeter,idn-jetp,,,,accepted,accepted_register_referent,1,,2026-09-28,scripts/jetp/build_perimeters.py,,idn-adb-aset-news-2024-claim-69
0877.partnership.agreement-idn-fin-rbl-aicet,agreement,agreement-idn-fin-rbl-aicet,member_of,perimeter,idn-jetp,,,,accepted,accepted_register_referent,1,,2026-09-28,scripts/jetp/build_perimeters.py,,idn-adb-aicet-news-2025-claim-70
0877.partnership.agreement-idn-fin-saguling-floating-solar,agreement,agreement-idn-fin-saguling-floating-solar,member_of,perimeter,idn-jetp,,,,accepted,accepted_register_referent,1,,2026-09-28,scripts/jetp/build_perimeters.py,,idn-cipp-2023-cpr-mirror-solar-9
0877.partnership.agreement-idn-fin-mrt-north-south,agreement,agreement-idn-fin-mrt-north-south,member_of,perimeter,idn-jetp,,,,accepted,accepted_register_referent,1,,2026-09-28,scripts/jetp/build_perimeters.py,,idn-jica-mrt-north-south-2023-claim-68
0877.partnership.agreement-idn-fin-mrt-east-west,agreement,agreement-idn-fin-mrt-east-west,member_of,perimeter,idn-jetp,,,,accepted,accepted_register_referent,1,,2026-09-28,scripts/jetp/build_perimeters.py,,idn-jetp-progress-report-2025-energy-efficiency-1
0877.partnership.agreement-idn-grant-wolcot,agreement,agreement-idn-grant-wolcot,member_of,perimeter,idn-jetp,,,,accepted,accepted_register_referent,1,,2026-09-28,scripts/jetp/build_perimeters.py,,idn-portfolio-wolcot-portfolio-1
0877.partnership.agreement-idn-grant-esmap-canada,agreement,agreement-idn-grant-esmap-canada,member_of,perimeter,idn-jetp,,,,accepted,accepted_register_referent,1,,2026-09-28,scripts/jetp/build_perimeters.py,,idn-portfolio-esmap-canada-portfolio-2
0877.partnership.agreement-idn-grant-cefim,agreement,agreement-idn-grant-cefim,member_of,perimeter,idn-jetp,,,,accepted,accepted_register_referent,1,,2026-09-28,scripts/jetp/build_perimeters.py,,idn-portfolio-cefim-portfolio-5
0877.partnership.agreement-idn-grant-cetp,agreement,agreement-idn-grant-cetp,member_of,perimeter,idn-jetp,,,,accepted,accepted_register_referent,1,,2026-09-28,scripts/jetp/build_perimeters.py,,idn-portfolio-cetp-portfolio-6
0877.partnership.agreement-idn-grant-enerkey,agreement,agreement-idn-grant-enerkey,member_of,perimeter,idn-jetp,,,,accepted,accepted_register_referent,1,,2026-09-28,scripts/jetp/build_perimeters.py,,idn-portfolio-enerkey-portfolio-7
0877.partnership.agreement-idn-grant-eu-indonesia-cooperation-facility,agreement,agreement-idn-grant-eu-indonesia-cooperation-facility,member_of,perimeter,idn-jetp,,,,accepted,accepted_register_referent,1,,2026-09-28,scripts/jetp/build_perimeters.py,,idn-portfolio-euicf-portfolio-8
0877.partnership.agreement-idn-grant-s4i,agreement,agreement-idn-grant-s4i,member_of,perimeter,idn-jetp,,,,accepted,accepted_register_referent,1,,2026-09-28,scripts/jetp/build_perimeters.py,,idn-portfolio-s4i-portfolio-9
0877.partnership.agreement-idn-grant-sdg-indonesia-one,agreement,agreement-idn-grant-sdg-indonesia-one,member_of,perimeter,idn-jetp,,,,accepted,accepted_register_referent,1,,2026-09-28,scripts/jetp/build_perimeters.py,,idn-portfolio-sdg-one-portfolio-10
0877.partnership.agreement-idn-grant-ipdf,agreement,agreement-idn-grant-ipdf,member_of,perimeter,idn-jetp,,,,accepted,accepted_register_referent,1,,2026-09-28,scripts/jetp/build_perimeters.py,,idn-portfolio-ipdf-portfolio-13
0877.partnership.agreement-idn-grant-efsd-energy-preparation,agreement,agreement-idn-grant-efsd-energy-preparation,member_of,perimeter,idn-jetp,,,,accepted,accepted_register_referent,1,,2026-09-28,scripts/jetp/build_perimeters.py,,idn-portfolio-efsd-portfolio-14
0877.partnership.agreement-idn-grant-etmptf,agreement,agreement-idn-grant-etmptf,member_of,perimeter,idn-jetp,,,,accepted,accepted_register_referent,1,,2026-09-28,scripts/jetp/build_perimeters.py,,idn-portfolio-etmptf-portfolio-15
0877.partnership.agreement-idn-grant-seti,agreement,agreement-idn-grant-seti,member_of,perimeter,idn-jetp,,,,accepted,accepted_register_referent,1,,2026-09-28,scripts/jetp/build_perimeters.py,,idn-portfolio-seti-portfolio-16
0877.partnership.agreement-idn-grant-etap,agreement,agreement-idn-grant-etap,member_of,perimeter,idn-jetp,,,,accepted,accepted_register_referent,1,,2026-09-28,scripts/jetp/build_perimeters.py,,idn-portfolio-etap-portfolio-17
0877.partnership.agreement-idn-grant-iki-jet,agreement,agreement-idn-grant-iki-jet,member_of,perimeter,idn-jetp,,,,accepted,accepted_register_referent,1,,2026-09-28,scripts/jetp/build_perimeters.py,,idn-portfolio-iki-jet-portfolio-18
0877.partnership.agreement-idn-grant-asia-low-carbon-buildings,agreement,agreement-idn-grant-asia-low-carbon-buildings,member_of,perimeter,idn-jetp,,,,accepted,accepted_register_referent,1,,2026-09-28,scripts/jetp/build_perimeters.py,,idn-portfolio-low-carbon-buildings-portfolio-19
0877.partnership.agreement-idn-grant-gesit,agreement,agreement-idn-grant-gesit,member_of,perimeter,idn-jetp,,,,accepted,accepted_register_referent,1,,2026-09-28,scripts/jetp/build_perimeters.py,,idn-portfolio-gesit-portfolio-20
0877.partnership.agreement-idn-grant-reep2,agreement,agreement-idn-grant-reep2,member_of,perimeter,idn-jetp,,,,accepted,accepted_register_referent,1,,2026-09-28,scripts/jetp/build_perimeters.py,,idn-portfolio-reep2-portfolio-21
0877.partnership.agreement-idn-grant-case,agreement,agreement-idn-grant-case,member_of,perimeter,idn-jetp,,,,accepted,accepted_register_referent,1,,2026-09-28,scripts/jetp/build_perimeters.py,,idn-portfolio-case-portfolio-22
0877.partnership.agreement-idn-grant-entri,agreement,agreement-idn-grant-entri,member_of,perimeter,idn-jetp,,,,accepted,accepted_register_referent,1,,2026-09-28,scripts/jetp/build_perimeters.py,,idn-portfolio-entri-portfolio-23
0877.partnership.agreement-idn-grant-explore,agreement,agreement-idn-grant-explore,member_of,perimeter,idn-jetp,,,,accepted,accepted_register_referent,1,,2026-09-28,scripts/jetp/build_perimeters.py,,idn-portfolio-explore-portfolio-24
0877.partnership.agreement-idn-grant-candi-umbul-telomoyo,agreement,agreement-idn-grant-candi-umbul-telomoyo,member_of,perimeter,idn-jetp,,,,accepted,accepted_register_referent,1,,2026-09-28,scripts/jetp/build_perimeters.py,,idn-portfolio-candi-umbul-portfolio-25
0877.partnership.agreement-idn-grant-sustainable-hydropower-2,agreement,agreement-idn-grant-sustainable-hydropower-2,member_of,perimeter,idn-jetp,,,,accepted,accepted_register_referent,1,,2026-09-28,scripts/jetp/build_perimeters.py,,idn-portfolio-sustainable-hydropower-portfolio-26
0877.partnership.agreement-idn-grant-jetp-esia-study,agreement,agreement-idn-grant-jetp-esia-study,member_of,perimeter,idn-jetp,,,,accepted,accepted_register_referent,1,,2026-09-28,scripts/jetp/build_perimeters.py,,idn-portfolio-jetp-esia-portfolio-27
0877.partnership.agreement-idn-grant-perform,agreement,agreement-idn-grant-perform,member_of,perimeter,idn-jetp,,,,accepted,accepted_register_referent,1,,2026-09-28,scripts/jetp/build_perimeters.py,,idn-portfolio-perform-portfolio-28
0877.partnership.agreement-idn-grant-jetp-financing-facilitation,agreement,agreement-idn-grant-jetp-financing-facilitation,member_of,perimeter,idn-jetp,,,,accepted,accepted_register_referent,1,,2026-09-28,scripts/jetp/build_perimeters.py,,idn-portfolio-jetp-financing-portfolio-29
0877.partnership.agreement-idn-grant-re2grid,agreement,agreement-idn-grant-re2grid,member_of,perimeter,idn-jetp,,,,accepted,accepted_register_referent,1,,2026-09-28,scripts/jetp/build_perimeters.py,,idn-portfolio-re2grid-portfolio-30
0877.partnership.agreement-idn-grant-re2cool,agreement,agreement-idn-grant-re2cool,member_of,perimeter,idn-jetp,,,,accepted,accepted_register_referent,1,,2026-09-28,scripts/jetp/build_perimeters.py,,idn-portfolio-re2cool-portfolio-31
0877.partnership.agreement-idn-grant-carbon-monetization,agreement,agreement-idn-grant-carbon-monetization,member_of,perimeter,idn-jetp,,,,accepted,accepted_register_referent,1,,2026-09-28,scripts/jetp/build_perimeters.py,,idn-portfolio-carbon-monetization-portfolio-32
0877.partnership.agreement-idn-grant-energy-hub,agreement,agreement-idn-grant-energy-hub,member_of,perimeter,idn-jetp,,,,accepted,accepted_register_referent,1,,2026-09-28,scripts/jetp/build_perimeters.py,,idn-portfolio-energy-hub-portfolio-33
0877.partnership.agreement-idn-grant-iki-flex-jetp,agreement,agreement-idn-grant-iki-flex-jetp,member_of,perimeter,idn-jetp,,,,accepted,accepted_register_referent,1,,2026-09-28,scripts/jetp/build_perimeters.py,,idn-portfolio-iki-flex-portfolio-34
0877.partnership.agreement-idn-grant-jetp-secretariat-capacity,agreement,agreement-idn-grant-jetp-secretariat-capacity,member_of,perimeter,idn-jetp,,,,accepted,accepted_register_referent,1,,2026-09-28,scripts/jetp/build_perimeters.py,,idn-portfolio-secretariat-capacity-portfolio-35
0877.partnership.agreement-idn-grant-patuha-2,agreement,agreement-idn-grant-patuha-2,member_of,perimeter,idn-jetp,,,,accepted,accepted_register_referent,1,,2026-09-28,scripts/jetp/build_perimeters.py,,idn-portfolio-patuha2-portfolio-36
0877.partnership.agreement-idn-grant-mentari-policy,agreement,agreement-idn-grant-mentari-policy,member_of,perimeter,idn-jetp,,,,accepted,accepted_register_referent,1,,2026-09-28,scripts/jetp/build_perimeters.py,,idn-portfolio-mentari-policy-portfolio-37
0877.partnership.agreement-idn-grant-green-energy-transition-indonesia,agreement,agreement-idn-grant-green-energy-transition-indonesia,member_of,perimeter,idn-jetp,,,,accepted,accepted_register_referent,1,,2026-09-28,scripts/jetp/build_perimeters.py,,idn-portfolio-green-energy-transition-portfolio-38
0877.partnership.agreement-idn-grant-uk-pact,agreement,agreement-idn-grant-uk-pact,member_of,perimeter,idn-jetp,,,,accepted,accepted_register_referent,1,,2026-09-28,scripts/jetp/build_perimeters.py,,idn-portfolio-uk-pact-portfolio-39
0877.partnership.agreement-idn-grant-jt-framework-phase-2,agreement,agreement-idn-grant-jt-framework-phase-2,member_of,perimeter,idn-jetp,,,,accepted,accepted_register_referent,1,,2026-09-28,scripts/jetp/build_perimeters.py,,idn-portfolio-jt-framework-portfolio-40
0877.partnership.agreement-idn-grant-mentari-vgf,agreement,agreement-idn-grant-mentari-vgf,member_of,perimeter,idn-jetp,,,,accepted,accepted_register_referent,1,,2026-09-28,scripts/jetp/build_perimeters.py,,idn-portfolio-mentari-vgf-portfolio-41
0877.partnership.agreement-idn-grant-growth-gateway,agreement,agreement-idn-grant-growth-gateway,member_of,perimeter,idn-jetp,,,,accepted,accepted_register_referent,1,,2026-09-28,scripts/jetp/build_perimeters.py,,idn-portfolio-growth-gateway-portfolio-42
0877.partnership.agreement-idn-grant-esmap-uk,agreement,agreement-idn-grant-esmap-uk,member_of,perimeter,idn-jetp,,,,accepted,accepted_register_referent,1,,2026-09-28,scripts/jetp/build_perimeters.py,,idn-portfolio-esmap-uk-portfolio-43
0877.partnership.agreement-idn-grant-pt-smi-early-retirement,agreement,agreement-idn-grant-pt-smi-early-retirement,member_of,perimeter,idn-jetp,,,,accepted,accepted_register_referent,1,,2026-09-28,scripts/jetp/build_perimeters.py,,idn-portfolio-pt-smi-retirement-portfolio-44
0877.partnership.agreement-idn-grant-cfpp-site-repurposing,agreement,agreement-idn-grant-cfpp-site-repurposing,member_of,perimeter,idn-jetp,,,,accepted,accepted_register_referent,1,,2026-09-28,scripts/jetp/build_perimeters.py,,idn-portfolio-cfpp-repurposing-portfolio-45
0877.partnership.agreement-idn-grant-just-transition-coal-regions,agreement,agreement-idn-grant-just-transition-coal-regions,member_of,perimeter,idn-jetp,,,,accepted,accepted_register_referent,1,,2026-09-28,scripts/jetp/build_perimeters.py,,idn-portfolio-jt-coal-regions-portfolio-46
0877.partnership.agreement-idn-etp-canada-2025,agreement,agreement-idn-etp-canada-2025,member_of,perimeter,idn-jetp,,,,accepted,accepted_register_referent,1,,2026-09-28,scripts/jetp/build_perimeters.py,,idn-progress25-t4-3-4-etp-canada
0877.partnership.agreement-idn-etp-uk-2025,agreement,agreement-idn-etp-uk-2025,member_of,perimeter,idn-jetp,,,,accepted,accepted_register_referent,1,,2026-09-28,scripts/jetp/build_perimeters.py,,idn-progress25-t4-3-11-etp-uk
0877.partnership.agreement-idn-gecs-kfw-portal-2026,agreement,agreement-idn-gecs-kfw-portal-2026,member_of,perimeter,idn-jetp,,,,accepted,accepted_register_referent,1,,2026-09-28,scripts/jetp/build_perimeters.py,,idn-portfolio-project-gecs-claim-76
0877.partnership.agreement-idn-ietf-eu-2025,agreement,agreement-idn-ietf-eu-2025,member_of,perimeter,idn-jetp,,,,accepted,accepted_register_referent,1,,2026-09-28,scripts/jetp/build_perimeters.py,,idn-progress25-t4-3-6-ietf-eu
0877.partnership.agreement-idn-ietf-france-2025,agreement,agreement-idn-ietf-france-2025,member_of,perimeter,idn-jetp,,,,accepted,accepted_register_referent,1,,2026-09-28,scripts/jetp/build_perimeters.py,,idn-progress25-t4-3-7-ietf-france
0877.partnership.agreement-idn-muara-laboh-jbic-2025,agreement,agreement-idn-muara-laboh-jbic-2025,member_of,perimeter,idn-jetp,,,,accepted,accepted_register_referent,1,,2026-09-28,scripts/jetp/build_perimeters.py,,idn-progress25-t4-3-2-muara-laboh-jbic
0877.partnership.agreement-idn-nagajaya-norfund-portal-2026,agreement,agreement-idn-nagajaya-norfund-portal-2026,member_of,perimeter,idn-jetp,,,,accepted,accepted_register_referent,1,,2026-09-28,scripts/jetp/build_perimeters.py,,idn-portfolio-project-nagajaya-claim-78
0877.partnership.agreement-idn-sreap-kfw-2025,agreement,agreement-idn-sreap-kfw-2025,member_of,perimeter,idn-jetp,,,,accepted,accepted_register_referent,1,,2026-09-28,scripts/jetp/build_perimeters.py,,idn-progress25-t4-3-2-sreap-kfw
member-of-world-bank-pre-jetp-closed-energy-world-bank-projects-id-2026-09-13-P003825,line,world-bank-projects-id-2026-09-13-P003825,member_of,perimeter,world-bank-pre-jetp-closed-energy,,,,accepted,closed_pre_jetp_energy_v1,1,1,2026-09-28,scripts/jetp/build_comparators.py,,world-bank-projects-id-2026-09-13-P003825
member-of-world-bank-pre-jetp-closed-energy-world-bank-projects-id-2026-09-13-P003835,line,world-bank-projects-id-2026-09-13-P003835,member_of,perimeter,world-bank-pre-jetp-closed-energy,,,,accepted,closed_pre_jetp_energy_v1,1,1,2026-09-28,scripts/jetp/build_comparators.py,,world-bank-projects-id-2026-09-13-P003835
member-of-world-bank-pre-jetp-closed-energy-world-bank-projects-id-2026-09-13-P003846,line,world-bank-projects-id-2026-09-13-P003846,member_of,perimeter,world-bank-pre-jetp-closed-energy,,,,accepted,closed_pre_jetp_energy_v1,1,1,2026-09-28,scripts/jetp/build_comparators.py,,world-bank-projects-id-2026-09-13-P003846
member-of-world-bank-pre-jetp-closed-energy-world-bank-projects-id-2026-09-13-P003875,line,world-bank-projects-id-2026-09-13-P003875,member_of,perimeter,world-bank-pre-jetp-closed-energy,,,,accepted,closed_pre_jetp_energy_v1,1,1,2026-09-28,scripts/jetp/build_comparators.py,,world-bank-projects-id-2026-09-13-P003875
member-of-world-bank-pre-jetp-closed-energy-world-bank-projects-id-2026-09-13-P003910,line,world-bank-projects-id-2026-09-13-P003910,member_of,perimeter,world-bank-pre-jetp-closed-energy,,,,accepted,closed_pre_jetp_energy_v1,1,1,2026-09-28,scripts/jetp/build_comparators.py,,world-bank-projects-id-2026-09-13-P003910
member-of-world-bank-pre-jetp-closed-energy-world-bank-projects-id-2026-09-13-P003916,line,world-bank-projects-id-2026-09-13-P003916,member_of,perimeter,world-bank-pre-jetp-closed-energy,,,,accepted,closed_pre_jetp_energy_v1,1,1,2026-09-28,scripts/jetp/build_comparators.py,,world-bank-projects-id-2026-09-13-P003916
member-of-world-bank-pre-jetp-closed-energy-world-bank-projects-id-2026-09-13-P003918,line,world-bank-projects-id-2026-09-13-P003918,member_of,perimeter,world-bank-pre-jetp-closed-energy,,,,accepted,closed_pre_jetp_energy_v1,1,1,2026-09-28,scripts/jetp/build_comparators.py,,world-bank-projects-id-2026-09-13-P003918
member-of-world-bank-pre-jetp-closed-energy-world-bank-projects-id-2026-09-13-P003920,line,world-bank-projects-id-2026-09-13-P003920,member_of,perimeter,world-bank-pre-jetp-closed-energy,,,,accepted,closed_pre_jetp_energy_v1,1,1,2026-09-28,scripts/jetp/build_comparators.py,,world-bank-projects-id-2026-09-13-P003920
member-of-world-bank-pre-jetp-closed-energy-world-bank-projects-id-2026-09-13-P003975,line,world-bank-projects-id-2026-09-13-P003975,member_of,perimeter,world-bank-pre-jetp-closed-energy,,,,accepted,closed_pre_jetp_energy_v1,1,1,2026-09-28,scripts/jetp/build_comparators.py,,world-bank-projects-id-2026-09-13-P003975
member-of-world-bank-pre-jetp-closed-energy-world-bank-projects-id-2026-09-13-P003979,line,world-bank-projects-id-2026-09-13-P003979,member_of,perimeter,world-bank-pre-jetp-closed-energy,,,,accepted,closed_pre_jetp_energy_v1,1,1,2026-09-28,scripts/jetp/build_comparators.py,,world-bank-projects-id-2026-09-13-P003979
member-of-world-bank-pre-jetp-closed-energy-world-bank-projects-id-2026-09-13-P004007,line,world-bank-projects-id-2026-09-13-P004007,member_of,perimeter,world-bank-pre-jetp-closed-energy,,,,accepted,closed_pre_jetp_energy_v1,1,1,2026-09-28,scripts/jetp/build_comparators.py,,world-bank-projects-id-2026-09-13-P004007
member-of-world-bank-pre-jetp-closed-energy-world-bank-projects-id-2026-09-13-P004021,line,world-bank-projects-id-2026-09-13-P004021,member_of,perimeter,world-bank-pre-jetp-closed-energy,,,,accepted,closed_pre_jetp_energy_v1,1,1,2026-09-28,scripts/jetp/build_comparators.py,,world-bank-projects-id-2026-09-13-P004021
member-of-world-bank-pre-jetp-closed-energy-world-bank-projects-id-2026-09-13-P035544,line,world-bank-projects-id-2026-09-13-P035544,member_of,perimeter,world-bank-pre-jetp-closed-energy,,,,accepted,closed_pre_jetp_energy_v1,1,1,2026-09-28,scripts/jetp/build_comparators.py,,world-bank-projects-id-2026-09-13-P035544
member-of-world-bank-pre-jetp-closed-energy-world-bank-projects-id-2026-09-13-P042882,line,world-bank-projects-id-2026-09-13-P042882,member_of,perimeter,world-bank-pre-jetp-closed-energy,,,,accepted,closed_pre_jetp_energy_v1,1,1,2026-09-28,scripts/jetp/build_comparators.py,,world-bank-projects-id-2026-09-13-P042882
member-of-world-bank-pre-jetp-closed-energy-world-bank-projects-id-2026-09-13-P042944,line,world-bank-projects-id-2026-09-13-P042944,member_of,perimeter,world-bank-pre-jetp-closed-energy,,,,accepted,closed_pre_jetp_energy_v1,1,1,2026-09-28,scripts/jetp/build_comparators.py,,world-bank-projects-id-2026-09-13-P042944
member-of-world-bank-pre-jetp-closed-energy-world-bank-projects-id-2026-09-13-P063913,line,world-bank-projects-id-2026-09-13-P063913,member_of,perimeter,world-bank-pre-jetp-closed-energy,,,,accepted,closed_pre_jetp_energy_v1,1,1,2026-09-28,scripts/jetp/build_comparators.py,,world-bank-projects-id-2026-09-13-P063913
member-of-world-bank-pre-jetp-closed-energy-world-bank-projects-id-2026-09-13-P076174,line,world-bank-projects-id-2026-09-13-P076174,member_of,perimeter,world-bank-pre-jetp-closed-energy,,,,accepted,closed_pre_jetp_energy_v1,1,1,2026-09-28,scripts/jetp/build_comparators.py,,world-bank-projects-id-2026-09-13-P076174
member-of-world-bank-pre-jetp-closed-energy-world-bank-projects-id-2026-09-13-P076271,line,world-bank-projects-id-2026-09-13-P076271,member_of,perimeter,world-bank-pre-jetp-closed-energy,,,,accepted,closed_pre_jetp_energy_v1,1,1,2026-09-28,scripts/jetp/build_comparators.py,,world-bank-projects-id-2026-09-13-P076271
member-of-world-bank-pre-jetp-closed-energy-world-bank-projects-id-2026-09-13-P084860,line,world-bank-projects-id-2026-09-13-P084860,member_of,perimeter,world-bank-pre-jetp-closed-energy,,,,accepted,closed_pre_jetp_energy_v1,1,1,2026-09-28,scripts/jetp/build_comparators.py,,world-bank-projects-id-2026-09-13-P084860
member-of-world-bank-pre-jetp-closed-energy-world-bank-projects-id-2026-09-13-P092218,line,world-bank-projects-id-2026-09-13-P092218,member_of,perimeter,world-bank-pre-jetp-closed-energy,,,,accepted,closed_pre_jetp_energy_v1,1,1,2026-09-28,scripts/jetp/build_comparators.py,,world-bank-projects-id-2026-09-13-P092218
member-of-world-bank-pre-jetp-closed-energy-world-bank-projects-id-2026-09-13-P096677,line,world-bank-projects-id-2026-09-13-P096677,member_of,perimeter,world-bank-pre-jetp-closed-energy,,,,accepted,closed_pre_jetp_energy_v1,1,1,2026-09-28,scripts/jetp/build_comparators.py,,world-bank-projects-id-2026-09-13-P096677
member-of-world-bank-pre-jetp-closed-energy-world-bank-projects-id-2026-09-13-P107163,line,world-bank-projects-id-2026-09-13-P107163,member_of,perimeter,world-bank-pre-jetp-closed-energy,,,,accepted,closed_pre_jetp_energy_v1,1,1,2026-09-28,scripts/jetp/build_comparators.py,,world-bank-projects-id-2026-09-13-P107163
member-of-world-bank-pre-jetp-closed-energy-world-bank-projects-id-2026-09-13-P111905,line,world-bank-projects-id-2026-09-13-P111905,member_of,perimeter,world-bank-pre-jetp-closed-energy,,,,accepted,closed_pre_jetp_energy_v1,1,1,2026-09-28,scripts/jetp/build_comparators.py,,world-bank-projects-id-2026-09-13-P111905
member-of-world-bank-pre-jetp-closed-energy-world-bank-projects-id-2026-09-13-P112158,line,world-bank-projects-id-2026-09-13-P112158,member_of,perimeter,world-bank-pre-jetp-closed-energy,,,,accepted,closed_pre_jetp_energy_v1,1,1,2026-09-28,scripts/jetp/build_comparators.py,,world-bank-projects-id-2026-09-13-P112158
member-of-world-bank-pre-jetp-closed-energy-world-bank-projects-id-2026-09-13-P113078,line,world-bank-projects-id-2026-09-13-P113078,member_of,perimeter,world-bank-pre-jetp-closed-energy,,,,accepted,closed_pre_jetp_energy_v1,1,1,2026-09-28,scripts/jetp/build_comparators.py,,world-bank-projects-id-2026-09-13-P113078
member-of-world-bank-pre-jetp-closed-energy-world-bank-projects-id-2026-09-13-P115100,line,world-bank-projects-id-2026-09-13-P115100,member_of,perimeter,world-bank-pre-jetp-closed-energy,,,,accepted,closed_pre_jetp_energy_v1,1,1,2026-09-28,scripts/jetp/build_comparators.py,,world-bank-projects-id-2026-09-13-P115100
member-of-world-bank-pre-jetp-closed-energy-world-bank-projects-id-2026-09-13-P115102,line,world-bank-projects-id-2026-09-13-P115102,member_of,perimeter,world-bank-pre-jetp-closed-energy,,,,accepted,closed_pre_jetp_energy_v1,1,1,2026-09-28,scripts/jetp/build_comparators.py,,world-bank-projects-id-2026-09-13-P115102
member-of-world-bank-pre-jetp-closed-energy-world-bank-projects-id-2026-09-13-P116855,line,world-bank-projects-id-2026-09-13-P116855,member_of,perimeter,world-bank-pre-jetp-closed-energy,,,,accepted,closed_pre_jetp_energy_v1,1,1,2026-09-28,scripts/jetp/build_comparators.py,,world-bank-projects-id-2026-09-13-P116855
member-of-world-bank-pre-jetp-closed-energy-world-bank-projects-id-2026-09-13-P117323,line,world-bank-projects-id-2026-09-13-P117323,member_of,perimeter,world-bank-pre-jetp-closed-energy,,,,accepted,closed_pre_jetp_energy_v1,1,1,2026-09-28,scripts/jetp/build_comparators.py,,world-bank-projects-id-2026-09-13-P117323
member-of-world-bank-pre-jetp-closed-energy-world-bank-projects-id-2026-09-13-P120313,line,world-bank-projects-id-2026-09-13-P120313,member_of,perimeter,world-bank-pre-jetp-closed-energy,,,,accepted,closed_pre_jetp_energy_v1,1,1,2026-09-28,scripts/jetp/build_comparators.py,,world-bank-projects-id-2026-09-13-P120313
member-of-world-bank-pre-jetp-closed-energy-world-bank-projects-id-2026-09-13-P123994,line,world-bank-projects-id-2026-09-13-P123994,member_of,perimeter,world-bank-pre-jetp-closed-energy,,,,accepted,closed_pre_jetp_energy_v1,1,1,2026-09-28,scripts/jetp/build_comparators.py,,world-bank-projects-id-2026-09-13-P123994
member-of-world-bank-pre-jetp-closed-energy-world-bank-projects-id-2026-09-13-P125405,line,world-bank-projects-id-2026-09-13-P125405,member_of,perimeter,world-bank-pre-jetp-closed-energy,,,,accepted,closed_pre_jetp_energy_v1,1,1,2026-09-28,scripts/jetp/build_comparators.py,,world-bank-projects-id-2026-09-13-P125405
member-of-world-bank-pre-jetp-closed-energy-world-bank-projects-id-2026-09-13-P126137,line,world-bank-projects-id-2026-09-13-P126137,member_of,perimeter,world-bank-pre-jetp-closed-energy,,,,accepted,closed_pre_jetp_energy_v1,1,1,2026-09-28,scripts/jetp/build_comparators.py,,world-bank-projects-id-2026-09-13-P126137
member-of-world-bank-pre-jetp-closed-energy-world-bank-projects-id-2026-09-13-P126138,line,world-bank-projects-id-2026-09-13-P126138,member_of,perimeter,world-bank-pre-jetp-closed-energy,,,,accepted,closed_pre_jetp_energy_v1,1,1,2026-09-28,scripts/jetp/build_comparators.py,,world-bank-projects-id-2026-09-13-P126138
member-of-world-bank-pre-jetp-closed-energy-world-bank-projects-id-2026-09-13-P128826,line,world-bank-projects-id-2026-09-13-P128826,member_of,perimeter,world-bank-pre-jetp-closed-energy,,,,accepted,closed_pre_jetp_energy_v1,1,1,2026-09-28,scripts/jetp/build_comparators.py,,world-bank-projects-id-2026-09-13-P128826
member-of-world-bank-pre-jetp-closed-energy-world-bank-projects-id-2026-09-13-P130909,line,world-bank-projects-id-2026-09-13-P130909,member_of,perimeter,world-bank-pre-jetp-closed-energy,,,,accepted,closed_pre_jetp_energy_v1,1,1,2026-09-28,scripts/jetp/build_comparators.py,,world-bank-projects-id-2026-09-13-P130909
member-of-world-bank-pre-jetp-closed-energy-world-bank-projects-id-2026-09-13-P154291,line,world-bank-projects-id-2026-09-13-P154291,member_of,perimeter,world-bank-pre-jetp-closed-energy,,,,accepted,closed_pre_jetp_energy_v1,1,1,2026-09-28,scripts/jetp/build_comparators.py,,world-bank-projects-id-2026-09-13-P154291
member-of-world-bank-pre-jetp-closed-energy-world-bank-projects-id-2026-09-13-P172439,line,world-bank-projects-id-2026-09-13-P172439,member_of,perimeter,world-bank-pre-jetp-closed-energy,,,,accepted,closed_pre_jetp_energy_v1,1,1,2026-09-28,scripts/jetp/build_comparators.py,,world-bank-projects-id-2026-09-13-P172439
same-as-oecd-crs-energy-idn-2006-q-2026-09-28-md-1981403,line,oecd-crs-energy-idn-2006-q-2026-09-28-md-1981403,same_as,line,oecd-crs-energy-idn-2005-q-2026-09-28-md-1346173,,,,accepted,exact_oecd_donor_and_project_id,1,1,2026-09-28,scripts/jetp/build_crs_comparators.py,,oecd-crs-energy-idn-2006-q-2026-09-28-md-1981403
same-as-oecd-crs-energy-idn-2006-q-2026-09-28-md-1981375,line,oecd-crs-energy-idn-2006-q-2026-09-28-md-1981375,same_as,line,oecd-crs-energy-idn-2005-q-2026-09-28-md-1345964,,,,accepted,exact_oecd_donor_and_project_id,1,1,2026-09-28,scripts/jetp/build_crs_comparators.py,,oecd-crs-energy-idn-2006-q-2026-09-28-md-1981375
same-as-oecd-crs-energy-idn-2006-q-2026-09-28-md-2032028,line,oecd-crs-energy-idn-2006-q-2026-09-28-md-2032028,same_as,line,oecd-crs-energy-idn-2005-q-2026-09-28-md-1589874,,,,accepted,exact_oecd_donor_and_project_id,1,1,2026-09-28,scripts/jetp/build_crs_comparators.py,,oecd-crs-energy-idn-2006-q-2026-09-28-md-2032028
same-as-oecd-crs-energy-idn-2006-q-2026-09-28-md-2033811,line,oecd-crs-energy-idn-2006-q-2026-09-28-md-2033811,same_as,line,oecd-crs-energy-idn-2005-q-2026-09-28-md-1591447,,,,accepted,exact_oecd_donor_and_project_id,1,1,2026-09-28,scripts/jetp/build_crs_comparators.py,,oecd-crs-energy-idn-2006-q-2026-09-28-md-2033811
same-as-oecd-crs-energy-idn-2006-q-2026-09-28-md-2032027,line,oecd-crs-energy-idn-2006-q-2026-09-28-md-2032027,same_as,line,oecd-crs-energy-idn-2005-q-2026-09-28-md-1589936,,,,accepted,exact_oecd_donor_and_project_id,1,1,2026-09-28,scripts/jetp/build_crs_comparators.py,,oecd-crs-energy-idn-2006-q-2026-09-28-md-2032027
same-as-oecd-crs-energy-idn-2006-q-2026-09-28-md-2033812,line,oecd-crs-energy-idn-2006-q-2026-09-28-md-2033812,same_as,line,oecd-crs-energy-idn-2005-q-2026-09-28-md-1591448,,,,accepted,exact_oecd_donor_and_project_id,1,1,2026-09-28,scripts/jetp/build_crs_comparators.py,,oecd-crs-energy-idn-2006-q-2026-09-28-md-2033812
same-as-oecd-crs-energy-idn-2006-q-2026-09-28-md-1981404,line,oecd-crs-energy-idn-2006-q-2026-09-28-md-1981404,same_as,line,oecd-crs-energy-idn-2005-q-2026-09-28-md-1346174,,,,accepted,exact_oecd_donor_and_project_id,1,1,2026-09-28,scripts/jetp/build_crs_comparators.py,,oecd-crs-energy-idn-2006-q-2026-09-28-md-1981404
same-as-oecd-crs-energy-idn-2006-q-2026-09-28-md-2064830,line,oecd-crs-energy-idn-2006-q-2026-09-28-md-2064830,same_as,line,oecd-crs-energy-idn-2005-q-2026-09-28-md-1617277,,,,accepted,exact_oecd_donor_and_project_id,1,1,2026-09-28,scripts/jetp/build_crs_comparators.py,,oecd-crs-energy-idn-2006-q-2026-09-28-md-2064830
same-as-oecd-crs-energy-idn-2006-q-2026-09-28-md-2065503,line,oecd-crs-energy-idn-2006-q-2026-09-28-md-2065503,same_as,line,oecd-crs-energy-idn-2005-q-2026-09-28-md-1618960,,,,accepted,exact_oecd_donor_and_project_id,1,1,2026-09-28,scripts/jetp/build_crs_comparators.py,,oecd-crs-energy-idn-2006-q-2026-09-28-md-2065503
same-as-oecd-crs-energy-idn-2006-q-2026-09-28-md-2065482,line,oecd-crs-energy-idn-2006-q-2026-09-28-md-2065482,same_as,line,oecd-crs-energy-idn-2005-q-2026-09-28-md-1409177,,,,accepted,exact_oecd_donor_and_project_id,1,1,2026-09-28,scripts/jetp/build_crs_comparators.py,,oecd-crs-energy-idn-2006-q-2026-09-28-md-2065482
same-as-oecd-crs-energy-idn-2006-q-2026-09-28-md-2065456,line,oecd-crs-energy-idn-2006-q-2026-09-28-md-2065456,same_as,line,oecd-crs-energy-idn-2005-q-2026-09-28-md-1618939,,,,accepted,exact_oecd_donor_and_project_id,1,1,2026-09-28,scripts/jetp/build_crs_comparators.py,,oecd-crs-energy-idn-2006-q-2026-09-28-md-2065456
same-as-oecd-crs-energy-idn-2006-q-2026-09-28-md-2065502,line,oecd-crs-energy-idn-2006-q-2026-09-28-md-2065502,same_as,line,oecd-crs-energy-idn-2005-q-2026-09-28-md-1618959,,,,accepted,exact_oecd_donor_and_project_id,1,1,2026-09-28,scripts/jetp/build_crs_comparators.py,,oecd-crs-energy-idn-2006-q-2026-09-28-md-2065502
same-as-oecd-crs-energy-idn-2006-q-2026-09-28-md-1981359,line,oecd-crs-energy-idn-2006-q-2026-09-28-md-1981359,same_as,line,oecd-crs-energy-idn-2005-q-2026-09-28-md-1345930,,,,accepted,exact_oecd_donor_and_project_id,1,1,2026-09-28,scripts/jetp/build_crs_comparators.py,,oecd-crs-energy-idn-2006-q-2026-09-28-md-1981359
same-as-oecd-crs-energy-idn-2006-q-2026-09-28-md-2064968,line,oecd-crs-energy-idn-2006-q-2026-09-28-md-2064968,same_as,line,oecd-crs-energy-idn-2005-q-2026-09-28-md-1407582,,,,accepted,exact_oecd_donor_and_project_id,1,1,2026-09-28,scripts/jetp/build_crs_comparators.py,,oecd-crs-energy-idn-2006-q-2026-09-28-md-2064968
same-as-oecd-crs-energy-idn-2006-q-2026-09-28-md-2034762,line,oecd-crs-energy-idn-2006-q-2026-09-28-md-2034762,same_as,line,oecd-crs-energy-idn-2005-q-2026-09-28-md-1575172,,,,accepted,exact_oecd_donor_and_project_id,1,1,2026-09-28,scripts/jetp/build_crs_comparators.py,,oecd-crs-energy-idn-2006-q-2026-09-28-md-2034762
same-as-oecd-crs-energy-idn-2006-q-2026-09-28-md-2065400,line,oecd-crs-energy-idn-2006-q-2026-09-28-md-2065400,same_as,line,oecd-crs-energy-idn-2005-q-2026-09-28-md-1618696,,,,accepted,exact_oecd_donor_and_project_id,1,1,2026-09-28,scripts/jetp/build_crs_comparators.py,,oecd-crs-energy-idn-2006-q-2026-09-28-md-2065400
same-as-oecd-crs-energy-idn-2006-q-2026-09-28-md-2065465,line,oecd-crs-energy-idn-2006-q-2026-09-28-md-2065465,same_as,line,oecd-crs-energy-idn-2005-q-2026-09-28-md-1618961,,,,accepted,exact_oecd_donor_and_project_id,1,1,2026-09-28,scripts/jetp/build_crs_comparators.py,,oecd-crs-energy-idn-2006-q-2026-09-28-md-2065465
same-as-oecd-crs-energy-idn-2006-q-2026-09-28-md-2065464,line,oecd-crs-energy-idn-2006-q-2026-09-28-md-2065464,same_as,line,oecd-crs-energy-idn-2005-q-2026-09-28-md-1618959,,,,accepted,exact_oecd_donor_and_project_id,1,1,2026-09-28,scripts/jetp/build_crs_comparators.py,,oecd-crs-energy-idn-2006-q-2026-09-28-md-2065464
same-as-oecd-crs-energy-idn-2006-q-2026-09-28-md-2065433,line,oecd-crs-energy-idn-2006-q-2026-09-28-md-2065433,same_as,line,oecd-crs-energy-idn-2005-q-2026-09-28-md-1617461,,,,accepted,exact_oecd_donor_and_project_id,1,1,2026-09-28,scripts/jetp/build_crs_comparators.py,,oecd-crs-energy-idn-2006-q-2026-09-28-md-2065433
same-as-oecd-crs-energy-idn-2007-q-2026-09-28-md-2240524,line,oecd-crs-energy-idn-2007-q-2026-09-28-md-2240524,same_as,line,oecd-crs-energy-idn-2005-q-2026-09-28-md-1591447,,,,accepted,exact_oecd_donor_and_project_id,1,1,2026-09-28,scripts/jetp/build_crs_comparators.py,,oecd-crs-energy-idn-2007-q-2026-09-28-md-2240524
same-as-oecd-crs-energy-idn-2007-q-2026-09-28-md-2228703,line,oecd-crs-energy-idn-2007-q-2026-09-28-md-2228703,same_as,line,oecd-crs-energy-idn-2005-q-2026-09-28-md-1589874,,,,accepted,exact_oecd_donor_and_project_id,1,1,2026-09-28,scripts/jetp/build_crs_comparators.py,,oecd-crs-energy-idn-2007-q-2026-09-28-md-2228703
same-as-oecd-crs-energy-idn-2007-q-2026-09-28-md-2228702,line,oecd-crs-energy-idn-2007-q-2026-09-28-md-2228702,same_as,line,oecd-crs-energy-idn-2005-q-2026-09-28-md-1589936,,,,accepted,exact_oecd_donor_and_project_id,1,1,2026-09-28,scripts/jetp/build_crs_comparators.py,,oecd-crs-energy-idn-2007-q-2026-09-28-md-2228702
same-as-oecd-crs-energy-idn-2007-q-2026-09-28-md-2174257,line,oecd-crs-energy-idn-2007-q-2026-09-28-md-2174257,same_as,line,oecd-crs-energy-idn-2005-q-2026-09-28-md-1346173,,,,accepted,exact_oecd_donor_and_project_id,1,1,2026-09-28,scripts/jetp/build_crs_comparators.py,,oecd-crs-energy-idn-2007-q-2026-09-28-md-2174257
same-as-oecd-crs-energy-idn-2007-q-2026-09-28-md-2268988,line,oecd-crs-energy-idn-2007-q-2026-09-28-md-2268988,same_as,line,oecd-crs-energy-idn-2005-q-2026-09-28-md-1346174,,,,accepted,exact_oecd_donor_and_project_id,1,1,2026-09-28,scripts/jetp/build_crs_comparators.py,,oecd-crs-energy-idn-2007-q-2026-09-28-md-2268988
same-as-oecd-crs-energy-idn-2007-q-2026-09-28-md-2240525,line,oecd-crs-energy-idn-2007-q-2026-09-28-md-2240525,same_as,line,oecd-crs-energy-idn-2005-q-2026-09-28-md-1591448,,,,accepted,exact_oecd_donor_and_project_id,1,1,2026-09-28,scripts/jetp/build_crs_comparators.py,,oecd-crs-energy-idn-2007-q-2026-09-28-md-2240525
same-as-oecd-crs-energy-idn-2007-q-2026-09-28-md-2211536,line,oecd-crs-energy-idn-2007-q-2026-09-28-md-2211536,same_as,line,oecd-crs-energy-idn-2006-q-2026-09-28-md-1991173,,,,accepted,exact_oecd_donor_and_project_id,1,1,2026-09-28,scripts/jetp/build_crs_comparators.py,,oecd-crs-energy-idn-2007-q-2026-09-28-md-2211536
same-as-oecd-crs-energy-idn-2007-q-2026-09-28-md-2432766,line,oecd-crs-energy-idn-2007-q-2026-09-28-md-2432766,same_as,line,oecd-crs-energy-idn-2006-q-2026-09-28-md-1991173,,,,accepted,exact_oecd_donor_and_project_id,1,1,2026-09-28,scripts/jetp/build_crs_comparators.py,,oecd-crs-energy-idn-2007-q-2026-09-28-md-2432766
same-as-oecd-crs-energy-idn-2007-q-2026-09-28-md-2249495,line,oecd-crs-energy-idn-2007-q-2026-09-28-md-2249495,same_as,line,oecd-crs-energy-idn-2005-q-2026-09-28-md-1408210,,,,accepted,exact_oecd_donor_and_project_id,1,1,2026-09-28,scripts/jetp/build_crs_comparators.py,,oecd-crs-energy-idn-2007-q-2026-09-28-md-2249495
same-as-oecd-crs-energy-idn-2007-q-2026-09-28-md-2269032,line,oecd-crs-energy-idn-2007-q-2026-09-28-md-2269032,same_as,line,oecd-crs-energy-idn-2006-q-2026-09-28-md-1999048,,,,accepted,exact_oecd_donor_and_project_id,1,1,2026-09-28,scripts/jetp/build_crs_comparators.py,,oecd-crs-energy-idn-2007-q-2026-09-28-md-2269032
same-as-oecd-crs-energy-idn-2007-q-2026-09-28-md-2313931,line,oecd-crs-energy-idn-2007-q-2026-09-28-md-2313931,same_as,line,oecd-crs-energy-idn-2005-q-2026-09-28-md-1409177,,,,accepted,exact_oecd_donor_and_project_id,1,1,2026-09-28,scripts/jetp/build_crs_comparators.py,,oecd-crs-energy-idn-2007-q-2026-09-28-md-2313931
same-as-oecd-crs-energy-idn-2007-q-2026-09-28-md-2313916,line,oecd-crs-energy-idn-2007-q-2026-09-28-md-2313916,same_as,line,oecd-crs-energy-idn-2006-q-2026-09-28-md-2065508,,,,accepted,exact_oecd_donor_and_project_id,1,1,2026-09-28,scripts/jetp/build_crs_comparators.py,,oecd-crs-energy-idn-2007-q-2026-09-28-md-2313916
same-as-oecd-crs-energy-idn-2007-q-2026-09-28-md-2314087,line,oecd-crs-energy-idn-2007-q-2026-09-28-md-2314087,same_as,line,oecd-crs-energy-idn-2005-q-2026-09-28-md-1618960,,,,accepted,exact_oecd_donor_and_project_id,1,1,2026-09-28,scripts/jetp/build_crs_comparators.py,,oecd-crs-energy-idn-2007-q-2026-09-28-md-2314087
same-as-oecd-crs-energy-idn-2007-q-2026-09-28-md-2313947,line,oecd-crs-energy-idn-2007-q-2026-09-28-md-2313947,same_as,line,oecd-crs-energy-idn-2005-q-2026-09-28-md-1618939,,,,accepted,exact_oecd_donor_and_project_id,1,1,2026-09-28,scripts/jetp/build_crs_comparators.py,,oecd-crs-energy-idn-2007-q-2026-09-28-md-2313947
same-as-oecd-crs-energy-idn-2007-q-2026-09-28-md-2313946,line,oecd-crs-energy-idn-2007-q-2026-09-28-md-2313946,same_as,line,oecd-crs-energy-idn-2005-q-2026-09-28-md-1409175,,,,accepted,exact_oecd_donor_and_project_id,1,1,2026-09-28,scripts/jetp/build_crs_comparators.py,,oecd-crs-energy-idn-2007-q-2026-09-28-md-2313946
same-as-oecd-crs-energy-idn-2007-q-2026-09-28-md-2313917,line,oecd-crs-energy-idn-2007-q-2026-09-28-md-2313917,same_as,line,oecd-crs-energy-idn-2005-q-2026-09-28-md-1618696,,,,accepted,exact_oecd_donor_and_project_id,1,1,2026-09-28,scripts/jetp/build_crs_comparators.py,,oecd-crs-energy-idn-2007-q-2026-09-28-md-2313917
same-as-oecd-crs-energy-idn-2007-q-2026-09-28-md-2313915,line,oecd-crs-energy-idn-2007-q-2026-09-28-md-2313915,same_as,line,oecd-crs-energy-idn-2005-q-2026-09-28-md-1618961,,,,accepted,exact_oecd_donor_and_project_id,1,1,2026-09-28,scripts/jetp/build_crs_comparators.py,,oecd-crs-energy-idn-2007-q-2026-09-28-md-2313915
same-as-oecd-crs-energy-idn-2007-q-2026-09-28-md-2313922,line,oecd-crs-energy-idn-2007-q-2026-09-28-md-2313922,same_as,line,oecd-crs-energy-idn-2005-q-2026-09-28-md-1618959,,,,accepted,exact_oecd_donor_and_project_id,1,1,2026-09-28,scripts/jetp/build_crs_comparators.py,,oecd-crs-energy-idn-2007-q-2026-09-28-md-2313922
same-as-oecd-crs-energy-idn-2007-q-2026-09-28-md-2313939,line,oecd-crs-energy-idn-2007-q-2026-09-28-md-2313939,same_as,line,oecd-crs-energy-idn-2005-q-2026-09-28-md-1618959,,,,accepted,exact_oecd_donor_and_project_id,1,1,2026-09-28,scripts/jetp/build_crs_comparators.py,,oecd-crs-energy-idn-2007-q-2026-09-28-md-2313939
same-as-oecd-crs-energy-idn-2007-q-2026-09-28-md-2453165,line,oecd-crs-energy-idn-2007-q-2026-09-28-md-2453165,same_as,line,oecd-crs-energy-idn-2006-q-2026-09-28-md-1760083,,,,accepted,exact_oecd_donor_and_project_id,1,1,2026-09-28,scripts/jetp/build_crs_comparators.py,,oecd-crs-energy-idn-2007-q-2026-09-28-md-2453165
same-as-oecd-crs-energy-idn-2007-q-2026-09-28-md-2448783,line,oecd-crs-energy-idn-2007-q-2026-09-28-md-2448783,same_as,line,oecd-crs-energy-idn-2006-q-2026-09-28-md-1760083,,,,accepted,exact_oecd_donor_and_project_id,1,1,2026-09-28,scripts/jetp/build_crs_comparators.py,,oecd-crs-energy-idn-2007-q-2026-09-28-md-2448783
same-as-oecd-crs-energy-idn-2007-q-2026-09-28-md-2225999,line,oecd-crs-energy-idn-2007-q-2026-09-28-md-2225999,same_as,line,oecd-crs-energy-idn-2006-q-2026-09-28-md-1760083,,,,accepted,exact_oecd_donor_and_project_id,1,1,2026-09-28,scripts/jetp/build_crs_comparators.py,,oecd-crs-energy-idn-2007-q-2026-09-28-md-2225999
same-as-oecd-crs-energy-idn-2007-q-2026-09-28-md-2199444,line,oecd-crs-energy-idn-2007-q-2026-09-28-md-2199444,same_as,line,oecd-crs-energy-idn-2006-q-2026-09-28-md-1989906,,,,accepted,exact_oecd_donor_and_project_id,1,1,2026-09-28,scripts/jetp/build_crs_comparators.py,,oecd-crs-energy-idn-2007-q-2026-09-28-md-2199444
same-as-oecd-crs-energy-idn-2007-q-2026-09-28-md-2220786,line,oecd-crs-energy-idn-2007-q-2026-09-28-md-2220786,same_as,line,oecd-crs-energy-idn-2006-q-2026-09-28-md-1760083,,,,accepted,exact_oecd_donor_and_project_id,1,1,2026-09-28,scripts/jetp/build_crs_comparators.py,,oecd-crs-energy-idn-2007-q-2026-09-28-md-2220786
same-as-oecd-crs-energy-idn-2007-q-2026-09-28-md-2506805,line,oecd-crs-energy-idn-2007-q-2026-09-28-md-2506805,same_as,line,oecd-crs-energy-idn-2006-q-2026-09-28-md-1799768,,,,accepted,exact_oecd_donor_and_project_id,1,1,2026-09-28,scripts/jetp/build_crs_comparators.py,,oecd-crs-energy-idn-2007-q-2026-09-28-md-2506805
same-as-oecd-crs-energy-idn-2007-q-2026-09-28-md-2506865,line,oecd-crs-energy-idn-2007-q-2026-09-28-md-2506865,same_as,line,oecd-crs-energy-idn-2005-q-2026-09-28-md-1617277,,,,accepted,exact_oecd_donor_and_project_id,1,1,2026-09-28,scripts/jetp/build_crs_comparators.py,,oecd-crs-energy-idn-2007-q-2026-09-28-md-2506865
same-as-oecd-crs-energy-idn-2008-q-2026-09-28-md-2719018,line,oecd-crs-energy-idn-2008-q-2026-09-28-md-2719018,same_as,line,oecd-crs-energy-idn-2007-q-2026-09-28-md-2481488,,,,accepted,exact_oecd_donor_and_project_id,1,1,2026-09-28,scripts/jetp/build_crs_comparators.py,,oecd-crs-energy-idn-2008-q-2026-09-28-md-2719018
same-as-oecd-crs-energy-idn-2008-q-2026-09-28-md-2715820,line,oecd-crs-energy-idn-2008-q-2026-09-28-md-2715820,same_as,line,oecd-crs-energy-idn-2005-q-2026-09-28-md-1591447,,,,accepted,exact_oecd_donor_and_project_id,1,1,2026-09-28,scripts/jetp/build_crs_comparators.py,,oecd-crs-energy-idn-2008-q-2026-09-28-md-2715820
same-as-oecd-crs-energy-idn-2008-q-2026-09-28-md-2714942,line,oecd-crs-energy-idn-2008-q-2026-09-28-md-2714942,same_as,line,oecd-crs-energy-idn-2005-q-2026-09-28-md-1589936,,,,accepted,exact_oecd_donor_and_project_id,1,1,2026-09-28,scripts/jetp/build_crs_comparators.py,,oecd-crs-energy-idn-2008-q-2026-09-28-md-2714942
same-as-oecd-crs-energy-idn-2008-q-2026-09-28-md-2714885,line,oecd-crs-energy-idn-2008-q-2026-09-28-md-2714885,same_as,line,oecd-crs-energy-idn-2005-q-2026-09-28-md-1589874,,,,accepted,exact_oecd_donor_and_project_id,1,1,2026-09-28,scripts/jetp/build_crs_comparators.py,,oecd-crs-energy-idn-2008-q-2026-09-28-md-2714885
same-as-oecd-crs-energy-idn-2008-q-2026-09-28-md-2715821,line,oecd-crs-energy-idn-2008-q-2026-09-28-md-2715821,same_as,line,oecd-crs-energy-idn-2005-q-2026-09-28-md-1591448,,,,accepted,exact_oecd_donor_and_project_id,1,1,2026-09-28,scripts/jetp/build_crs_comparators.py,,oecd-crs-energy-idn-2008-q-2026-09-28-md-2715821
same-as-oecd-crs-energy-idn-2008-q-2026-09-28-md-2929042,line,oecd-crs-energy-idn-2008-q-2026-09-28-md-2929042,same_as,line,oecd-crs-energy-zaf-2007-q-2026-09-28-md-2475552,,,,accepted,exact_oecd_donor_and_project_id,1,1,2026-09-28,scripts/jetp/build_crs_comparators.py,,oecd-crs-energy-idn-2008-q-2026-09-28-md-2929042
same-as-oecd-crs-energy-idn-2008-q-2026-09-28-md-2699056,line,oecd-crs-energy-idn-2008-q-2026-09-28-md-2699056,same_as,line,oecd-crs-energy-zaf-2007-q-2026-09-28-md-2475552,,,,accepted,exact_oecd_donor_and_project_id,1,1,2026-09-28,scripts/jetp/build_crs_comparators.py,,oecd-crs-energy-idn-2008-q-2026-09-28-md-2699056
same-as-oecd-crs-energy-idn-2008-q-2026-09-28-md-2699769,line,oecd-crs-energy-idn-2008-q-2026-09-28-md-2699769,same_as,line,oecd-crs-energy-zaf-2007-q-2026-09-28-md-2475484,,,,accepted,exact_oecd_donor_and_project_id,1,1,2026-09-28,scripts/jetp/build_crs_comparators.py,,oecd-crs-energy-idn-2008-q-2026-09-28-md-2699769
same-as-oecd-crs-energy-idn-2008-q-2026-09-28-md-2929291,line,oecd-crs-energy-idn-2008-q-2026-09-28-md-2929291,same_as,line,oecd-crs-energy-zaf-2007-q-2026-09-28-md-2475484,,,,accepted,exact_oecd_donor_and_project_id,1,1,2026-09-28,scripts/jetp/build_crs_comparators.py,,oecd-crs-energy-idn-2008-q-2026-09-28-md-2929291
same-as-oecd-crs-energy-idn-2008-q-2026-09-28-md-2639943,line,oecd-crs-energy-idn-2008-q-2026-09-28-md-2639943,same_as,line,oecd-crs-energy-idn-2005-q-2026-09-28-md-1346173,,,,accepted,exact_oecd_donor_and_project_id,1,1,2026-09-28,scripts/jetp/build_crs_comparators.py,,oecd-crs-energy-idn-2008-q-2026-09-28-md-2639943
same-as-oecd-crs-energy-idn-2008-q-2026-09-28-md-2640015,line,oecd-crs-energy-idn-2008-q-2026-09-28-md-2640015,same_as,line,oecd-crs-energy-idn-2005-q-2026-09-28-md-1346174,,,,accepted,exact_oecd_donor_and_project_id,1,1,2026-09-28,scripts/jetp/build_crs_comparators.py,,oecd-crs-energy-idn-2008-q-2026-09-28-md-2640015
same-as-oecd-crs-energy-idn-2008-q-2026-09-28-md-2732248,line,oecd-crs-energy-idn-2008-q-2026-09-28-md-2732248,same_as,line,oecd-crs-energy-idn-2006-q-2026-09-28-md-1799768,,,,accepted,exact_oecd_donor_and_project_id,1,1,2026-09-28,scripts/jetp/build_crs_comparators.py,,oecd-crs-energy-idn-2008-q-2026-09-28-md-2732248
same-as-oecd-crs-energy-idn-2008-q-2026-09-28-md-2888441,line,oecd-crs-energy-idn-2008-q-2026-09-28-md-2888441,same_as,line,oecd-crs-energy-idn-2007-q-2026-09-28-md-2443664,,,,accepted,exact_oecd_donor_and_project_id,1,1,2026-09-28,scripts/jetp/build_crs_comparators.py,,oecd-crs-energy-idn-2008-q-2026-09-28-md-2888441
same-as-oecd-crs-energy-idn-2008-q-2026-09-28-md-2891258,line,oecd-crs-energy-idn-2008-q-2026-09-28-md-2891258,same_as,line,oecd-crs-energy-idn-2006-q-2026-09-28-md-1760410,,,,accepted,exact_oecd_donor_and_project_id,1,1,2026-09-28,scripts/jetp/build_crs_comparators.py,,oecd-crs-energy-idn-2008-q-2026-09-28-md-2891258
same-as-oecd-crs-energy-idn-2008-q-2026-09-28-md-2638027,line,oecd-crs-energy-idn-2008-q-2026-09-28-md-2638027,same_as,line,oecd-crs-energy-idn-2006-q-2026-09-28-md-1760410,,,,accepted,exact_oecd_donor_and_project_id,1,1,2026-09-28,scripts/jetp/build_crs_comparators.py,,oecd-crs-energy-idn-2008-q-2026-09-28-md-2638027
same-as-oecd-crs-energy-idn-2008-q-2026-09-28-md-2890702,line,oecd-crs-energy-idn-2008-q-2026-09-28-md-2890702,same_as,line,oecd-crs-energy-idn-2006-q-2026-09-28-md-1760083,,,,accepted,exact_oecd_donor_and_project_id,1,1,2026-09-28,scripts/jetp/build_crs_comparators.py,,oecd-crs-energy-idn-2008-q-2026-09-28-md-2890702
same-as-oecd-crs-energy-idn-2008-q-2026-09-28-md-2870682,line,oecd-crs-energy-idn-2008-q-2026-09-28-md-2870682,same_as,line,oecd-crs-energy-idn-2006-q-2026-09-28-md-1991173,,,,accepted,exact_oecd_donor_and_project_id,1,1,2026-09-28,scripts/jetp/build_crs_comparators.py,,oecd-crs-energy-idn-2008-q-2026-09-28-md-2870682
same-as-oecd-crs-energy-idn-2008-q-2026-09-28-md-2618719,line,oecd-crs-energy-idn-2008-q-2026-09-28-md-2618719,same_as,line,oecd-crs-energy-idn-2006-q-2026-09-28-md-1991173,,,,accepted,exact_oecd_donor_and_project_id,1,1,2026-09-28,scripts/jetp/build_crs_comparators.py,,oecd-crs-energy-idn-2008-q-2026-09-28-md-2618719
same-as-oecd-crs-energy-idn-2008-q-2026-09-28-md-2635778,line,oecd-crs-energy-idn-2008-q-2026-09-28-md-2635778,same_as,line,oecd-crs-energy-idn-2007-q-2026-09-28-md-2443664,,,,accepted,exact_oecd_donor_and_project_id,1,1,2026-09-28,scripts/jetp/build_crs_comparators.py,,oecd-crs-energy-idn-2008-q-2026-09-28-md-2635778
same-as-oecd-crs-energy-idn-2008-q-2026-09-28-md-2735851,line,oecd-crs-energy-idn-2008-q-2026-09-28-md-2735851,same_as,line,oecd-crs-energy-idn-2007-q-2026-09-28-md-2284745,,,,accepted,exact_oecd_donor_and_project_id,1,1,2026-09-28,scripts/jetp/build_crs_comparators.py,,oecd-crs-energy-idn-2008-q-2026-09-28-md-2735851
same-as-oecd-crs-energy-idn-2008-q-2026-09-28-md-2735869,line,oecd-crs-energy-idn-2008-q-2026-09-28-md-2735869,same_as,line,oecd-crs-energy-idn-2007-q-2026-09-28-md-2284419,,,,accepted,exact_oecd_donor_and_project_id,1,1,2026-09-28,scripts/jetp/build_crs_comparators.py,,oecd-crs-energy-idn-2008-q-2026-09-28-md-2735869
same-as-oecd-crs-energy-idn-2008-q-2026-09-28-md-2637685,line,oecd-crs-energy-idn-2008-q-2026-09-28-md-2637685,same_as,line,oecd-crs-energy-idn-2006-q-2026-09-28-md-1760083,,,,accepted,exact_oecd_donor_and_project_id,1,1,2026-09-28,scripts/jetp/build_crs_comparators.py,,oecd-crs-energy-idn-2008-q-2026-09-28-md-2637685
same-as-oecd-crs-energy-idn-2009-q-2026-09-28-md-3753881,line,oecd-crs-energy-idn-2009-q-2026-09-28-md-3753881,same_as,line,oecd-crs-energy-idn-2005-q-2026-09-28-md-1346173,,,,accepted,exact_oecd_donor_and_project_id,1,1,2026-09-28,scripts/jetp/build_crs_comparators.py,,oecd-crs-energy-idn-2009-q-2026-09-28-md-3753881
same-as-oecd-crs-energy-idn-2009-q-2026-09-28-md-3705638,line,oecd-crs-energy-idn-2009-q-2026-09-28-md-3705638,same_as,line,oecd-crs-energy-idn-2005-q-2026-09-28-md-1346174,,,,accepted,exact_oecd_donor_and_project_id,1,1,2026-09-28,scripts/jetp/build_crs_comparators.py,,oecd-crs-energy-idn-2009-q-2026-09-28-md-3705638
same-as-oecd-crs-energy-idn-2009-q-2026-09-28-md-3703905,line,oecd-crs-energy-idn-2009-q-2026-09-28-md-3703905,same_as,line,oecd-crs-energy-idn-2005-q-2026-09-28-md-1591448,,,,accepted,exact_oecd_donor_and_project_id,1,1,2026-09-28,scripts/jetp/build_crs_comparators.py,,oecd-crs-energy-idn-2009-q-2026-09-28-md-3703905
same-as-oecd-crs-energy-idn-2009-q-2026-09-28-md-3703468,line,oecd-crs-energy-idn-2009-q-2026-09-28-md-3703468,same_as,line,oecd-crs-energy-idn-2005-q-2026-09-28-md-1589874,,,,accepted,exact_oecd_donor_and_project_id,1,1,2026-09-28,scripts/jetp/build_crs_comparators.py,,oecd-crs-energy-idn-2009-q-2026-09-28-md-3703468
same-as-oecd-crs-energy-idn-2009-q-2026-09-28-md-3675652,line,oecd-crs-energy-idn-2009-q-2026-09-28-md-3675652,same_as,line,oecd-crs-energy-idn-2005-q-2026-09-28-md-1345964,,,,accepted,exact_oecd_donor_and_project_id,1,1,2026-09-28,scripts/jetp/build_crs_comparators.py,,oecd-crs-energy-idn-2009-q-2026-09-28-md-3675652
same-as-oecd-crs-energy-idn-2009-q-2026-09-28-md-3675650,line,oecd-crs-energy-idn-2009-q-2026-09-28-md-3675650,same_as,line,oecd-crs-energy-idn-2005-q-2026-09-28-md-1345930,,,,accepted,exact_oecd_donor_and_project_id,1,1,2026-09-28,scripts/jetp/build_crs_comparators.py,,oecd-crs-energy-idn-2009-q-2026-09-28-md-3675650
same-as-oecd-crs-energy-idn-2009-q-2026-09-28-md-3703467,line,oecd-crs-energy-idn-2009-q-2026-09-28-md-3703467,same_as,line,oecd-crs-energy-idn-2005-q-2026-09-28-md-1589936,,,,accepted,exact_oecd_donor_and_project_id,1,1,2026-09-28,scripts/jetp/build_crs_comparators.py,,oecd-crs-energy-idn-2009-q-2026-09-28-md-3703467
same-as-oecd-crs-energy-idn-2009-q-2026-09-28-md-3703879,line,oecd-crs-energy-idn-2009-q-2026-09-28-md-3703879,same_as,line,oecd-crs-energy-idn-2005-q-2026-09-28-md-1591447,,,,accepted,exact_oecd_donor_and_project_id,1,1,2026-09-28,scripts/jetp/build_crs_comparators.py,,oecd-crs-energy-idn-2009-q-2026-09-28-md-3703879
same-as-oecd-crs-energy-idn-2009-q-2026-09-28-md-3585685,line,oecd-crs-energy-idn-2009-q-2026-09-28-md-3585685,same_as,line,oecd-crs-energy-idn-2006-q-2026-09-28-md-1991173,,,,accepted,exact_oecd_donor_and_project_id,1,1,2026-09-28,scripts/jetp/build_crs_comparators.py,,oecd-crs-energy-idn-2009-q-2026-09-28-md-3585685
same-as-oecd-crs-energy-idn-2009-q-2026-09-28-md-3634338,line,oecd-crs-energy-idn-2009-q-2026-09-28-md-3634338,same_as,line,oecd-crs-energy-idn-2008-q-2026-09-28-md-2607956,,,,accepted,exact_oecd_donor_and_project_id,1,1,2026-09-28,scripts/jetp/build_crs_comparators.py,,oecd-crs-energy-idn-2009-q-2026-09-28-md-3634338
same-as-oecd-crs-energy-idn-2009-q-2026-09-28-md-3722773,line,oecd-crs-energy-idn-2009-q-2026-09-28-md-3722773,same_as,line,oecd-crs-energy-idn-2008-q-2026-09-28-md-2690965,,,,accepted,exact_oecd_donor_and_project_id,1,1,2026-09-28,scripts/jetp/build_crs_comparators.py,,oecd-crs-energy-idn-2009-q-2026-09-28-md-3722773
same-as-oecd-crs-energy-idn-2009-q-2026-09-28-md-3607042,line,oecd-crs-energy-idn-2009-q-2026-09-28-md-3607042,same_as,line,oecd-crs-energy-idn-2008-q-2026-09-28-md-2600743,,,,accepted,exact_oecd_donor_and_project_id,1,1,2026-09-28,scripts/jetp/build_crs_comparators.py,,oecd-crs-energy-idn-2009-q-2026-09-28-md-3607042
same-as-oecd-crs-energy-idn-2009-q-2026-09-28-md-3558161,line,oecd-crs-energy-idn-2009-q-2026-09-28-md-3558161,same_as,line,oecd-crs-energy-idn-2008-q-2026-09-28-md-2718489,,,,accepted,exact_oecd_donor_and_project_id,1,1,2026-09-28,scripts/jetp/build_crs_comparators.py,,oecd-crs-energy-idn-2009-q-2026-09-28-md-3558161
same-as-oecd-crs-energy-idn-2009-q-2026-09-28-md-3722646,line,oecd-crs-energy-idn-2009-q-2026-09-28-md-3722646,same_as,line,oecd-crs-energy-idn-2008-q-2026-09-28-md-2687963,,,,accepted,exact_oecd_donor_and_project_id,1,1,2026-09-28,scripts/jetp/build_crs_comparators.py,,oecd-crs-energy-idn-2009-q-2026-09-28-md-3722646
same-as-oecd-crs-energy-idn-2009-q-2026-09-28-md-3607019,line,oecd-crs-energy-idn-2009-q-2026-09-28-md-3607019,same_as,line,oecd-crs-energy-idn-2008-q-2026-09-28-md-2599348,,,,accepted,exact_oecd_donor_and_project_id,1,1,2026-09-28,scripts/jetp/build_crs_comparators.py,,oecd-crs-energy-idn-2009-q-2026-09-28-md-3607019
same-as-oecd-crs-energy-idn-2009-q-2026-09-28-md-3558155,line,oecd-crs-energy-idn-2009-q-2026-09-28-md-3558155,same_as,line,oecd-crs-energy-idn-2008-q-2026-09-28-md-2718488,,,,accepted,exact_oecd_donor_and_project_id,1,1,2026-09-28,scripts/jetp/build_crs_comparators.py,,oecd-crs-energy-idn-2009-q-2026-09-28-md-3558155
same-as-oecd-crs-energy-idn-2009-q-2026-09-28-md-3722645,line,oecd-crs-energy-idn-2009-q-2026-09-28-md-3722645,same_as,line,oecd-crs-energy-idn-2008-q-2026-09-28-md-2687963,,,,accepted,exact_oecd_donor_and_project_id,1,1,2026-09-28,scripts/jetp/build_crs_comparators.py,,oecd-crs-energy-idn-2009-q-2026-09-28-md-3722645
same-as-oecd-crs-energy-idn-2009-q-2026-09-28-md-3558108,line,oecd-crs-energy-idn-2009-q-2026-09-28-md-3558108,same_as,line,oecd-crs-energy-idn-2008-q-2026-09-28-md-2718363,,,,accepted,exact_oecd_donor_and_project_id,1,1,2026-09-28,scripts/jetp/build_crs_comparators.py,,oecd-crs-energy-idn-2009-q-2026-09-28-md-3558108
same-as-oecd-crs-energy-idn-2009-q-2026-09-28-md-3722774,line,oecd-crs-energy-idn-2009-q-2026-09-28-md-3722774,same_as,line,oecd-crs-energy-idn-2008-q-2026-09-28-md-2691719,,,,accepted,exact_oecd_donor_and_project_id,1,1,2026-09-28,scripts/jetp/build_crs_comparators.py,,oecd-crs-energy-idn-2009-q-2026-09-28-md-3722774
same-as-oecd-crs-energy-idn-2009-q-2026-09-28-md-3628691,line,oecd-crs-energy-idn-2009-q-2026-09-28-md-3628691,same_as,line,oecd-crs-energy-idn-2006-q-2026-09-28-md-1799768,,,,accepted,exact_oecd_donor_and_project_id,1,1,2026-09-28,scripts/jetp/build_crs_comparators.py,,oecd-crs-energy-idn-2009-q-2026-09-28-md-3628691
same-as-oecd-crs-energy-idn-2009-q-2026-09-28-md-3346008,line,oecd-crs-energy-idn-2009-q-2026-09-28-md-3346008,same_as,line,oecd-crs-energy-idn-2005-q-2026-09-28-md-1617277,,,,accepted,exact_oecd_donor_and_project_id,1,1,2026-09-28,scripts/jetp/build_crs_comparators.py,,oecd-crs-energy-idn-2009-q-2026-09-28-md-3346008
same-as-oecd-crs-energy-idn-2009-q-2026-09-28-md-3733325,line,oecd-crs-energy-idn-2009-q-2026-09-28-md-3733325,same_as,line,oecd-crs-energy-idn-2005-q-2026-09-28-md-1617277,,,,accepted,exact_oecd_donor_and_project_id,1,1,2026-09-28,scripts/jetp/build_crs_comparators.py,,oecd-crs-energy-idn-2009-q-2026-09-28-md-3733325
same-as-oecd-crs-energy-idn-2009-q-2026-09-28-md-3283607,line,oecd-crs-energy-idn-2009-q-2026-09-28-md-3283607,same_as,line,oecd-crs-energy-idn-2007-q-2026-09-28-md-2284745,,,,accepted,exact_oecd_donor_and_project_id,1,1,2026-09-28,scripts/jetp/build_crs_comparators.py,,oecd-crs-energy-idn-2009-q-2026-09-28-md-3283607
same-as-oecd-crs-energy-idn-2009-q-2026-09-28-md-3283652,line,oecd-crs-energy-idn-2009-q-2026-09-28-md-3283652,same_as,line,oecd-crs-energy-idn-2007-q-2026-09-28-md-2284419,,,,accepted,exact_oecd_donor_and_project_id,1,1,2026-09-28,scripts/jetp/build_crs_comparators.py,,oecd-crs-energy-idn-2009-q-2026-09-28-md-3283652
same-as-oecd-crs-energy-idn-2009-q-2026-09-28-md-3691469,line,oecd-crs-energy-idn-2009-q-2026-09-28-md-3691469,same_as,line,oecd-crs-energy-idn-2007-q-2026-09-28-md-2284745,,,,accepted,exact_oecd_donor_and_project_id,1,1,2026-09-28,scripts/jetp/build_crs_comparators.py,,oecd-crs-energy-idn-2009-q-2026-09-28-md-3691469
same-as-oecd-crs-energy-idn-2009-q-2026-09-28-md-3691625,line,oecd-crs-energy-idn-2009-q-2026-09-28-md-3691625,same_as,line,oecd-crs-energy-idn-2007-q-2026-09-28-md-2284419,,,,accepted,exact_oecd_donor_and_project_id,1,1,2026-09-28,scripts/jetp/build_crs_comparators.py,,oecd-crs-energy-idn-2009-q-2026-09-28-md-3691625
same-as-oecd-crs-energy-idn-2009-q-2026-09-28-md-3654832,line,oecd-crs-energy-idn-2009-q-2026-09-28-md-3654832,same_as,line,oecd-crs-energy-idn-2008-q-2026-09-28-md-2894012,,,,accepted,exact_oecd_donor_and_project_id,1,1,2026-09-28,scripts/jetp/build_crs_comparators.py,,oecd-crs-energy-idn-2009-q-2026-09-28-md-3654832
same-as-oecd-crs-energy-idn-2009-q-2026-09-28-md-3596416,line,oecd-crs-energy-idn-2009-q-2026-09-28-md-3596416,same_as,line,oecd-crs-energy-idn-2006-q-2026-09-28-md-1760083,,,,accepted,exact_oecd_donor_and_project_id,1,1,2026-09-28,scripts/jetp/build_crs_comparators.py,,oecd-crs-energy-idn-2009-q-2026-09-28-md-3596416
same-as-oecd-crs-energy-idn-2009-q-2026-09-28-md-3276732,line,oecd-crs-energy-idn-2009-q-2026-09-28-md-3276732,same_as,line,oecd-crs-energy-idn-2006-q-2026-09-28-md-1760083,,,,accepted,exact_oecd_donor_and_project_id,1,1,2026-09-28,scripts/jetp/build_crs_comparators.py,,oecd-crs-energy-idn-2009-q-2026-09-28-md-3276732
same-as-oecd-crs-energy-idn-2010-q-2026-09-28-md-4345988,line,oecd-crs-energy-idn-2010-q-2026-09-28-md-4345988,same_as,line,oecd-crs-energy-idn-2005-q-2026-09-28-md-1346174,,,,accepted,exact_oecd_donor_and_project_id,1,1,2026-09-28,scripts/jetp/build_crs_comparators.py,,oecd-crs-energy-idn-2010-q-2026-09-28-md-4345988
same-as-oecd-crs-energy-idn-2010-q-2026-09-28-md-4338910,line,oecd-crs-energy-idn-2010-q-2026-09-28-md-4338910,same_as,line,oecd-crs-energy-idn-2005-q-2026-09-28-md-1346173,,,,accepted,exact_oecd_donor_and_project_id,1,1,2026-09-28,scripts/jetp/build_crs_comparators.py,,oecd-crs-energy-idn-2010-q-2026-09-28-md-4338910
same-as-oecd-crs-energy-idn-2010-q-2026-09-28-md-4338777,line,oecd-crs-energy-idn-2010-q-2026-09-28-md-4338777,same_as,line,oecd-crs-energy-idn-2005-q-2026-09-28-md-1345930,,,,accepted,exact_oecd_donor_and_project_id,1,1,2026-09-28,scripts/jetp/build_crs_comparators.py,,oecd-crs-energy-idn-2010-q-2026-09-28-md-4338777
same-as-oecd-crs-energy-idn-2010-q-2026-09-28-md-4338805,line,oecd-crs-energy-idn-2010-q-2026-09-28-md-4338805,same_as,line,oecd-crs-energy-idn-2005-q-2026-09-28-md-1345964,,,,accepted,exact_oecd_donor_and_project_id,1,1,2026-09-28,scripts/jetp/build_crs_comparators.py,,oecd-crs-energy-idn-2010-q-2026-09-28-md-4338805
same-as-oecd-crs-energy-idn-2010-q-2026-09-28-md-4345671,line,oecd-crs-energy-idn-2010-q-2026-09-28-md-4345671,same_as,line,oecd-crs-energy-idn-2009-q-2026-09-28-md-3755483,,,,accepted,exact_oecd_donor_and_project_id,1,1,2026-09-28,scripts/jetp/build_crs_comparators.py,,oecd-crs-energy-idn-2010-q-2026-09-28-md-4345671
same-as-oecd-crs-energy-idn-2010-q-2026-09-28-md-4345669,line,oecd-crs-energy-idn-2010-q-2026-09-28-md-4345669,same_as,line,oecd-crs-energy-idn-2009-q-2026-09-28-md-3755481,,,,accepted,exact_oecd_donor_and_project_id,1,1,2026-09-28,scripts/jetp/build_crs_comparators.py,,oecd-crs-energy-idn-2010-q-2026-09-28-md-4345669
same-as-oecd-crs-energy-idn-2010-q-2026-09-28-md-3990449,line,oecd-crs-energy-idn-2010-q-2026-09-28-md-3990449,same_as,line,oecd-crs-energy-idn-2009-q-2026-09-28-md-3345013,,,,accepted,exact_oecd_donor_and_project_id,1,1,2026-09-28,scripts/jetp/build_crs_comparators.py,,oecd-crs-energy-idn-2010-q-2026-09-28-md-3990449
same-as-oecd-crs-energy-idn-2010-q-2026-09-28-md-3990473,line,oecd-crs-energy-idn-2010-q-2026-09-28-md-3990473,same_as,line,oecd-crs-energy-idn-2009-q-2026-09-28-md-3345013,,,,accepted,exact_oecd_donor_and_project_id,1,1,2026-09-28,scripts/jetp/build_crs_comparators.py,,oecd-crs-energy-idn-2010-q-2026-09-28-md-3990473
same-as-oecd-crs-energy-idn-2010-q-2026-09-28-md-4363863,line,oecd-crs-energy-idn-2010-q-2026-09-28-md-4363863,same_as,line,oecd-crs-energy-idn-2009-q-2026-09-28-md-3345013,,,,accepted,exact_oecd_donor_and_project_id,1,1,2026-09-28,scripts/jetp/build_crs_comparators.py,,oecd-crs-energy-idn-2010-q-2026-09-28-md-4363863
same-as-oecd-crs-energy-idn-2010-q-2026-09-28-md-4363864,line,oecd-crs-energy-idn-2010-q-2026-09-28-md-4363864,same_as,line,oecd-crs-energy-idn-2009-q-2026-09-28-md-3345013,,,,accepted,exact_oecd_donor_and_project_id,1,1,2026-09-28,scripts/jetp/build_crs_comparators.py,,oecd-crs-energy-idn-2010-q-2026-09-28-md-4363864
same-as-oecd-crs-energy-idn-2010-q-2026-09-28-md-4237884,line,oecd-crs-energy-idn-2010-q-2026-09-28-md-4237884,same_as,line,oecd-crs-energy-idn-2009-q-2026-09-28-md-3558681,,,,accepted,exact_oecd_donor_and_project_id,1,1,2026-09-28,scripts/jetp/build_crs_comparators.py,,oecd-crs-energy-idn-2010-q-2026-09-28-md-4237884
same-as-oecd-crs-energy-idn-2010-q-2026-09-28-md-4238045,line,oecd-crs-energy-idn-2010-q-2026-09-28-md-4238045,same_as,line,oecd-crs-energy-idn-2009-q-2026-09-28-md-3238577,,,,accepted,exact_oecd_donor_and_project_id,1,1,2026-09-28,scripts/jetp/build_crs_comparators.py,,oecd-crs-energy-idn-2010-q-2026-09-28-md-4238045
same-as-oecd-crs-energy-idn-2010-q-2026-09-28-md-4316485,line,oecd-crs-energy-idn-2010-q-2026-09-28-md-4316485,same_as,line,oecd-crs-energy-idn-2008-q-2026-09-28-md-2687963,,,,accepted,exact_oecd_donor_and_project_id,1,1,2026-09-28,scripts/jetp/build_crs_comparators.py,,oecd-crs-energy-idn-2010-q-2026-09-28-md-4316485
same-as-oecd-crs-energy-idn-2010-q-2026-09-28-md-4329290,line,oecd-crs-energy-idn-2010-q-2026-09-28-md-4329290,same_as,line,oecd-crs-energy-idn-2009-q-2026-09-28-md-3726863,,,,accepted,exact_oecd_donor_and_project_id,1,1,2026-09-28,scripts/jetp/build_crs_comparators.py,,oecd-crs-energy-idn-2010-q-2026-09-28-md-4329290
same-as-oecd-crs-energy-idn-2010-q-2026-09-28-md-4312930,line,oecd-crs-energy-idn-2010-q-2026-09-28-md-4312930,same_as,line,oecd-crs-energy-idn-2008-q-2026-09-28-md-2599348,,,,accepted,exact_oecd_donor_and_project_id,1,1,2026-09-28,scripts/jetp/build_crs_comparators.py,,oecd-crs-energy-idn-2010-q-2026-09-28-md-4312930
same-as-oecd-crs-energy-idn-2010-q-2026-09-28-md-4329338,line,oecd-crs-energy-idn-2010-q-2026-09-28-md-4329338,same_as,line,oecd-crs-energy-idn-2009-q-2026-09-28-md-3726867,,,,accepted,exact_oecd_donor_and_project_id,1,1,2026-09-28,scripts/jetp/build_crs_comparators.py,,oecd-crs-energy-idn-2010-q-2026-09-28-md-4329338
same-as-oecd-crs-energy-idn-2010-q-2026-09-28-md-4297557,line,oecd-crs-energy-idn-2010-q-2026-09-28-md-4297557,same_as,line,oecd-crs-energy-idn-2008-q-2026-09-28-md-2718489,,,,accepted,exact_oecd_donor_and_project_id,1,1,2026-09-28,scripts/jetp/build_crs_comparators.py,,oecd-crs-energy-idn-2010-q-2026-09-28-md-4297557
same-as-oecd-crs-energy-idn-2010-q-2026-09-28-md-4316486,line,oecd-crs-energy-idn-2010-q-2026-09-28-md-4316486,same_as,line,oecd-crs-energy-idn-2008-q-2026-09-28-md-2687963,,,,accepted,exact_oecd_donor_and_project_id,1,1,2026-09-28,scripts/jetp/build_crs_comparators.py,,oecd-crs-energy-idn-2010-q-2026-09-28-md-4316486
same-as-oecd-crs-energy-idn-2010-q-2026-09-28-md-4297548,line,oecd-crs-energy-idn-2010-q-2026-09-28-md-4297548,same_as,line,oecd-crs-energy-idn-2008-q-2026-09-28-md-2718363,,,,accepted,exact_oecd_donor_and_project_id,1,1,2026-09-28,scripts/jetp/build_crs_comparators.py,,oecd-crs-energy-idn-2010-q-2026-09-28-md-4297548
same-as-oecd-crs-energy-idn-2010-q-2026-09-28-md-4329953,line,oecd-crs-energy-idn-2010-q-2026-09-28-md-4329953,same_as,line,oecd-crs-energy-idn-2009-q-2026-09-28-md-3302903,,,,accepted,exact_oecd_donor_and_project_id,1,1,2026-09-28,scripts/jetp/build_crs_comparators.py,,oecd-crs-energy-idn-2010-q-2026-09-28-md-4329953
same-as-oecd-crs-energy-idn-2010-q-2026-09-28-md-4332516,line,oecd-crs-energy-idn-2010-q-2026-09-28-md-4332516,same_as,line,oecd-crs-energy-idn-2008-q-2026-09-28-md-2691719,,,,accepted,exact_oecd_donor_and_project_id,1,1,2026-09-28,scripts/jetp/build_crs_comparators.py,,oecd-crs-energy-idn-2010-q-2026-09-28-md-4332516
same-as-oecd-crs-energy-idn-2010-q-2026-09-28-md-4297556,line,oecd-crs-energy-idn-2010-q-2026-09-28-md-4297556,same_as,line,oecd-crs-energy-idn-2008-q-2026-09-28-md-2718488,,,,accepted,exact_oecd_donor_and_project_id,1,1,2026-09-28,scripts/jetp/build_crs_comparators.py,,oecd-crs-energy-idn-2010-q-2026-09-28-md-4297556
same-as-oecd-crs-energy-idn-2010-q-2026-09-28-md-4341450,line,oecd-crs-energy-idn-2010-q-2026-09-28-md-4341450,same_as,line,oecd-crs-energy-idn-2006-q-2026-09-28-md-1799768,,,,accepted,exact_oecd_donor_and_project_id,1,1,2026-09-28,scripts/jetp/build_crs_comparators.py,,oecd-crs-energy-idn-2010-q-2026-09-28-md-4341450
same-as-oecd-crs-energy-idn-2010-q-2026-09-28-md-4203803,line,oecd-crs-energy-idn-2010-q-2026-09-28-md-4203803,same_as,line,oecd-crs-energy-idn-2006-q-2026-09-28-md-1989906,,,,accepted,exact_oecd_donor_and_project_id,1,1,2026-09-28,scripts/jetp/build_crs_comparators.py,,oecd-crs-energy-idn-2010-q-2026-09-28-md-4203803
same-as-oecd-crs-energy-idn-2010-q-2026-09-28-md-4226005,line,oecd-crs-energy-idn-2010-q-2026-09-28-md-4226005,same_as,line,oecd-crs-energy-idn-2008-q-2026-09-28-md-2605101,,,,accepted,exact_oecd_donor_and_project_id,1,1,2026-09-28,scripts/jetp/build_crs_comparators.py,,oecd-crs-energy-idn-2010-q-2026-09-28-md-4226005
same-as-oecd-crs-energy-idn-2010-q-2026-09-28-md-3901200,line,oecd-crs-energy-idn-2010-q-2026-09-28-md-3901200,same_as,line,oecd-crs-energy-idn-2008-q-2026-09-28-md-2607956,,,,accepted,exact_oecd_donor_and_project_id,1,1,2026-09-28,scripts/jetp/build_crs_comparators.py,,oecd-crs-energy-idn-2010-q-2026-09-28-md-3901200
same-as-oecd-crs-energy-idn-2010-q-2026-09-28-md-4223102,line,oecd-crs-energy-idn-2010-q-2026-09-28-md-4223102,same_as,line,oecd-crs-energy-idn-2009-q-2026-09-28-md-3245221,,,,accepted,exact_oecd_donor_and_project_id,1,1,2026-09-28,scripts/jetp/build_crs_comparators.py,,oecd-crs-energy-idn-2010-q-2026-09-28-md-4223102
same-as-oecd-crs-energy-idn-2010-q-2026-09-28-md-4332515,line,oecd-crs-energy-idn-2010-q-2026-09-28-md-4332515,same_as,line,oecd-crs-energy-idn-2008-q-2026-09-28-md-2690965,,,,accepted,exact_oecd_donor_and_project_id,1,1,2026-09-28,scripts/jetp/build_crs_comparators.py,,oecd-crs-energy-idn-2010-q-2026-09-28-md-4332515
same-as-oecd-crs-energy-idn-2010-q-2026-09-28-md-4312948,line,oecd-crs-energy-idn-2010-q-2026-09-28-md-4312948,same_as,line,oecd-crs-energy-idn-2008-q-2026-09-28-md-2600743,,,,accepted,exact_oecd_donor_and_project_id,1,1,2026-09-28,scripts/jetp/build_crs_comparators.py,,oecd-crs-energy-idn-2010-q-2026-09-28-md-4312948
same-as-oecd-crs-energy-idn-2010-q-2026-09-28-md-4237773,line,oecd-crs-energy-idn-2010-q-2026-09-28-md-4237773,same_as,line,oecd-crs-energy-idn-2006-q-2026-09-28-md-1991173,,,,accepted,exact_oecd_donor_and_project_id,1,1,2026-09-28,scripts/jetp/build_crs_comparators.py,,oecd-crs-energy-idn-2010-q-2026-09-28-md-4237773
same-as-oecd-crs-energy-idn-2010-q-2026-09-28-md-4337057,line,oecd-crs-energy-idn-2010-q-2026-09-28-md-4337057,same_as,line,oecd-crs-energy-idn-2009-q-2026-09-28-md-3270656,,,,accepted,exact_oecd_donor_and_project_id,1,1,2026-09-28,scripts/jetp/build_crs_comparators.py,,oecd-crs-energy-idn-2010-q-2026-09-28-md-4337057
same-as-oecd-crs-energy-idn-2010-q-2026-09-28-md-4337044,line,oecd-crs-energy-idn-2010-q-2026-09-28-md-4337044,same_as,line,oecd-crs-energy-idn-2009-q-2026-09-28-md-3270655,,,,accepted,exact_oecd_donor_and_project_id,1,1,2026-09-28,scripts/jetp/build_crs_comparators.py,,oecd-crs-energy-idn-2010-q-2026-09-28-md-4337044
same-as-oecd-crs-energy-idn-2010-q-2026-09-28-md-4324348,line,oecd-crs-energy-idn-2010-q-2026-09-28-md-4324348,same_as,line,oecd-crs-energy-idn-2006-q-2026-09-28-md-1760083,,,,accepted,exact_oecd_donor_and_project_id,1,1,2026-09-28,scripts/jetp/build_crs_comparators.py,,oecd-crs-energy-idn-2010-q-2026-09-28-md-4324348
same-as-oecd-crs-energy-idn-2010-q-2026-09-28-md-3967049,line,oecd-crs-energy-idn-2010-q-2026-09-28-md-3967049,same_as,line,oecd-crs-energy-idn-2006-q-2026-09-28-md-1760083,,,,accepted,exact_oecd_donor_and_project_id,1,1,2026-09-28,scripts/jetp/build_crs_comparators.py,,oecd-crs-energy-idn-2010-q-2026-09-28-md-3967049
same-as-oecd-crs-energy-idn-2011-q-2026-09-28-md-4412886,line,oecd-crs-energy-idn-2011-q-2026-09-28-md-4412886,same_as,line,oecd-crs-energy-idn-2005-q-2026-09-28-md-1346173,,,,accepted,exact_oecd_donor_and_project_id,1,1,2026-09-28,scripts/jetp/build_crs_comparators.py,,oecd-crs-energy-idn-2011-q-2026-09-28-md-4412886
same-as-oecd-crs-energy-idn-2011-q-2026-09-28-md-4414643,line,oecd-crs-energy-idn-2011-q-2026-09-28-md-4414643,same_as,line,oecd-crs-energy-idn-2005-q-2026-09-28-md-1346174,,,,accepted,exact_oecd_donor_and_project_id,1,1,2026-09-28,scripts/jetp/build_crs_comparators.py,,oecd-crs-energy-idn-2011-q-2026-09-28-md-4414643
same-as-oecd-crs-energy-idn-2011-q-2026-09-28-md-4463049,line,oecd-crs-energy-idn-2011-q-2026-09-28-md-4463049,same_as,line,oecd-crs-energy-idn-2005-q-2026-09-28-md-1345930,,,,accepted,exact_oecd_donor_and_project_id,1,1,2026-09-28,scripts/jetp/build_crs_comparators.py,,oecd-crs-energy-idn-2011-q-2026-09-28-md-4463049
same-as-oecd-crs-energy-idn-2011-q-2026-09-28-md-4472258,line,oecd-crs-energy-idn-2011-q-2026-09-28-md-4472258,same_as,line,oecd-crs-energy-idn-2009-q-2026-09-28-md-3755483,,,,accepted,exact_oecd_donor_and_project_id,1,1,2026-09-28,scripts/jetp/build_crs_comparators.py,,oecd-crs-energy-idn-2011-q-2026-09-28-md-4472258
same-as-oecd-crs-energy-idn-2011-q-2026-09-28-md-4472257,line,oecd-crs-energy-idn-2011-q-2026-09-28-md-4472257,same_as,line,oecd-crs-energy-idn-2009-q-2026-09-28-md-3755481,,,,accepted,exact_oecd_donor_and_project_id,1,1,2026-09-28,scripts/jetp/build_crs_comparators.py,,oecd-crs-energy-idn-2011-q-2026-09-28-md-4472257
same-as-oecd-crs-energy-idn-2011-q-2026-09-28-md-4534332,line,oecd-crs-energy-idn-2011-q-2026-09-28-md-4534332,same_as,line,oecd-crs-energy-idn-2010-q-2026-09-28-md-3979461,,,,accepted,exact_oecd_donor_and_project_id,1,1,2026-09-28,scripts/jetp/build_crs_comparators.py,,oecd-crs-energy-idn-2011-q-2026-09-28-md-4534332
same-as-oecd-crs-energy-idn-2011-q-2026-09-28-md-4541397,line,oecd-crs-energy-idn-2011-q-2026-09-28-md-4541397,same_as,line,oecd-crs-energy-idn-2010-q-2026-09-28-md-4342706,,,,accepted,exact_oecd_donor_and_project_id,1,1,2026-09-28,scripts/jetp/build_crs_comparators.py,,oecd-crs-energy-idn-2011-q-2026-09-28-md-4541397
same-as-oecd-crs-energy-idn-2011-q-2026-09-28-md-4537581,line,oecd-crs-energy-idn-2011-q-2026-09-28-md-4537581,same_as,line,oecd-crs-energy-idn-2010-q-2026-09-28-md-4392487,,,,accepted,exact_oecd_donor_and_project_id,1,1,2026-09-28,scripts/jetp/build_crs_comparators.py,,oecd-crs-energy-idn-2011-q-2026-09-28-md-4537581
same-as-oecd-crs-energy-idn-2011-q-2026-09-28-md-4423584,line,oecd-crs-energy-idn-2011-q-2026-09-28-md-4423584,same_as,line,oecd-crs-energy-idn-2010-q-2026-09-28-md-3935428,,,,accepted,exact_oecd_donor_and_project_id,1,1,2026-09-28,scripts/jetp/build_crs_comparators.py,,oecd-crs-energy-idn-2011-q-2026-09-28-md-4423584
same-as-oecd-crs-energy-idn-2011-q-2026-09-28-md-4490684,line,oecd-crs-energy-idn-2011-q-2026-09-28-md-4490684,same_as,line,oecd-crs-energy-idn-2010-q-2026-09-28-md-4322763,,,,accepted,exact_oecd_donor_and_project_id,1,1,2026-09-28,scripts/jetp/build_crs_comparators.py,,oecd-crs-energy-idn-2011-q-2026-09-28-md-4490684
same-as-oecd-crs-energy-idn-2011-q-2026-09-28-md-4489721,line,oecd-crs-energy-idn-2011-q-2026-09-28-md-4489721,same_as,line,oecd-crs-energy-idn-2010-q-2026-09-28-md-4322725,,,,accepted,exact_oecd_donor_and_project_id,1,1,2026-09-28,scripts/jetp/build_crs_comparators.py,,oecd-crs-energy-idn-2011-q-2026-09-28-md-4489721
same-as-oecd-crs-energy-idn-2011-q-2026-09-28-md-4490681,line,oecd-crs-energy-idn-2011-q-2026-09-28-md-4490681,same_as,line,oecd-crs-energy-idn-2010-q-2026-09-28-md-3968587,,,,accepted,exact_oecd_donor_and_project_id,1,1,2026-09-28,scripts/jetp/build_crs_comparators.py,,oecd-crs-energy-idn-2011-q-2026-09-28-md-4490681
same-as-oecd-crs-energy-idn-2011-q-2026-09-28-md-4463050,line,oecd-crs-energy-idn-2011-q-2026-09-28-md-4463050,same_as,line,oecd-crs-energy-idn-2005-q-2026-09-28-md-1345964,,,,accepted,exact_oecd_donor_and_project_id,1,1,2026-09-28,scripts/jetp/build_crs_comparators.py,,oecd-crs-energy-idn-2011-q-2026-09-28-md-4463050
same-as-oecd-crs-energy-idn-2011-q-2026-09-28-md-4475085,line,oecd-crs-energy-idn-2011-q-2026-09-28-md-4475085,same_as,line,oecd-crs-energy-idn-2007-q-2026-09-28-md-2284419,,,,accepted,exact_oecd_donor_and_project_id,1,1,2026-09-28,scripts/jetp/build_crs_comparators.py,,oecd-crs-energy-idn-2011-q-2026-09-28-md-4475085
same-as-oecd-crs-energy-idn-2011-q-2026-09-28-md-4417299,line,oecd-crs-energy-idn-2011-q-2026-09-28-md-4417299,same_as,line,oecd-crs-energy-idn-2009-q-2026-09-28-md-3558681,,,,accepted,exact_oecd_donor_and_project_id,1,1,2026-09-28,scripts/jetp/build_crs_comparators.py,,oecd-crs-energy-idn-2011-q-2026-09-28-md-4417299
same-as-oecd-crs-energy-idn-2011-q-2026-09-28-md-4417270,line,oecd-crs-energy-idn-2011-q-2026-09-28-md-4417270,same_as,line,oecd-crs-energy-idn-2009-q-2026-09-28-md-3238577,,,,accepted,exact_oecd_donor_and_project_id,1,1,2026-09-28,scripts/jetp/build_crs_comparators.py,,oecd-crs-energy-idn-2011-q-2026-09-28-md-4417270
same-as-oecd-crs-energy-idn-2011-q-2026-09-28-md-4993138,line,oecd-crs-energy-idn-2011-q-2026-09-28-md-4993138,same_as,line,oecd-crs-energy-idn-2006-q-2026-09-28-md-1799768,,,,accepted,exact_oecd_donor_and_project_id,1,1,2026-09-28,scripts/jetp/build_crs_comparators.py,,oecd-crs-energy-idn-2011-q-2026-09-28-md-4993138
same-as-oecd-crs-energy-idn-2011-q-2026-09-28-md-4471383,line,oecd-crs-energy-idn-2011-q-2026-09-28-md-4471383,same_as,line,oecd-crs-energy-idn-2009-q-2026-09-28-md-3270656,,,,accepted,exact_oecd_donor_and_project_id,1,1,2026-09-28,scripts/jetp/build_crs_comparators.py,,oecd-crs-energy-idn-2011-q-2026-09-28-md-4471383
same-as-oecd-crs-energy-idn-2011-q-2026-09-28-md-4471374,line,oecd-crs-energy-idn-2011-q-2026-09-28-md-4471374,same_as,line,oecd-crs-energy-idn-2009-q-2026-09-28-md-3270655,,,,accepted,exact_oecd_donor_and_project_id,1,1,2026-09-28,scripts/jetp/build_crs_comparators.py,,oecd-crs-energy-idn-2011-q-2026-09-28-md-4471374
same-as-oecd-crs-energy-idn-2011-q-2026-09-28-md-4428218,line,oecd-crs-energy-idn-2011-q-2026-09-28-md-4428218,same_as,line,oecd-crs-energy-idn-2008-q-2026-09-28-md-2607956,,,,accepted,exact_oecd_donor_and_project_id,1,1,2026-09-28,scripts/jetp/build_crs_comparators.py,,oecd-crs-energy-idn-2011-q-2026-09-28-md-4428218
same-as-oecd-crs-energy-idn-2011-q-2026-09-28-md-4401405,line,oecd-crs-energy-idn-2011-q-2026-09-28-md-4401405,same_as,line,oecd-crs-energy-idn-2006-q-2026-09-28-md-1991173,,,,accepted,exact_oecd_donor_and_project_id,1,1,2026-09-28,scripts/jetp/build_crs_comparators.py,,oecd-crs-energy-idn-2011-q-2026-09-28-md-4401405
same-as-oecd-crs-energy-idn-2011-q-2026-09-28-md-4397084,line,oecd-crs-energy-idn-2011-q-2026-09-28-md-4397084,same_as,line,oecd-crs-energy-idn-2009-q-2026-09-28-md-3245221,,,,accepted,exact_oecd_donor_and_project_id,1,1,2026-09-28,scripts/jetp/build_crs_comparators.py,,oecd-crs-energy-idn-2011-q-2026-09-28-md-4397084
same-as-oecd-crs-energy-idn-2011-q-2026-09-28-md-4530896,line,oecd-crs-energy-idn-2011-q-2026-09-28-md-4530896,same_as,line,oecd-crs-energy-idn-2010-q-2026-09-28-md-4330881,,,,accepted,exact_oecd_donor_and_project_id,1,1,2026-09-28,scripts/jetp/build_crs_comparators.py,,oecd-crs-energy-idn-2011-q-2026-09-28-md-4530896
same-as-oecd-crs-energy-idn-2011-q-2026-09-28-md-4795880,line,oecd-crs-energy-idn-2011-q-2026-09-28-md-4795880,same_as,line,oecd-crs-energy-idn-2010-q-2026-09-28-md-4330881,,,,accepted,exact_oecd_donor_and_project_id,1,1,2026-09-28,scripts/jetp/build_crs_comparators.py,,oecd-crs-energy-idn-2011-q-2026-09-28-md-4795880
same-as-oecd-crs-energy-idn-2011-q-2026-09-28-md-4520814,line,oecd-crs-energy-idn-2011-q-2026-09-28-md-4520814,same_as,line,oecd-crs-energy-idn-2009-q-2026-09-28-md-3302903,,,,accepted,exact_oecd_donor_and_project_id,1,1,2026-09-28,scripts/jetp/build_crs_comparators.py,,oecd-crs-energy-idn-2011-q-2026-09-28-md-4520814
same-as-oecd-crs-energy-idn-2011-q-2026-09-28-md-4478016,line,oecd-crs-energy-idn-2011-q-2026-09-28-md-4478016,same_as,line,oecd-crs-energy-idn-2010-q-2026-09-28-md-4329329,,,,accepted,exact_oecd_donor_and_project_id,1,1,2026-09-28,scripts/jetp/build_crs_comparators.py,,oecd-crs-energy-idn-2011-q-2026-09-28-md-4478016
same-as-oecd-crs-energy-idn-2011-q-2026-09-28-md-4990467,line,oecd-crs-energy-idn-2011-q-2026-09-28-md-4990467,same_as,line,oecd-crs-energy-idn-2008-q-2026-09-28-md-2718489,,,,accepted,exact_oecd_donor_and_project_id,1,1,2026-09-28,scripts/jetp/build_crs_comparators.py,,oecd-crs-energy-idn-2011-q-2026-09-28-md-4990467
same-as-oecd-crs-energy-idn-2011-q-2026-09-28-md-4990466,line,oecd-crs-energy-idn-2011-q-2026-09-28-md-4990466,same_as,line,oecd-crs-energy-idn-2008-q-2026-09-28-md-2718488,,,,accepted,exact_oecd_donor_and_project_id,1,1,2026-09-28,scripts/jetp/build_crs_comparators.py,,oecd-crs-energy-idn-2011-q-2026-09-28-md-4990466
same-as-oecd-crs-energy-idn-2011-q-2026-09-28-md-4429278,line,oecd-crs-energy-idn-2011-q-2026-09-28-md-4429278,same_as,line,oecd-crs-energy-idn-2008-q-2026-09-28-md-2599348,,,,accepted,exact_oecd_donor_and_project_id,1,1,2026-09-28,scripts/jetp/build_crs_comparators.py,,oecd-crs-energy-idn-2011-q-2026-09-28-md-4429278
same-as-oecd-crs-energy-idn-2011-q-2026-09-28-md-4498289,line,oecd-crs-energy-idn-2011-q-2026-09-28-md-4498289,same_as,line,oecd-crs-energy-idn-2008-q-2026-09-28-md-2687963,,,,accepted,exact_oecd_donor_and_project_id,1,1,2026-09-28,scripts/jetp/build_crs_comparators.py,,oecd-crs-energy-idn-2011-q-2026-09-28-md-4498289
same-as-oecd-crs-energy-idn-2011-q-2026-09-28-md-4498301,line,oecd-crs-energy-idn-2011-q-2026-09-28-md-4498301,same_as,line,oecd-crs-energy-idn-2008-q-2026-09-28-md-2691719,,,,accepted,exact_oecd_donor_and_project_id,1,1,2026-09-28,scripts/jetp/build_crs_comparators.py,,oecd-crs-energy-idn-2011-q-2026-09-28-md-4498301
same-as-oecd-crs-energy-idn-2011-q-2026-09-28-md-4498300,line,oecd-crs-energy-idn-2011-q-2026-09-28-md-4498300,same_as,line,oecd-crs-energy-idn-2008-q-2026-09-28-md-2690965,,,,accepted,exact_oecd_donor_and_project_id,1,1,2026-09-28,scripts/jetp/build_crs_comparators.py,,oecd-crs-energy-idn-2011-q-2026-09-28-md-4498300
same-as-oecd-crs-energy-idn-2011-q-2026-09-28-md-4990417,line,oecd-crs-energy-idn-2011-q-2026-09-28-md-4990417,same_as,line,oecd-crs-energy-idn-2008-q-2026-09-28-md-2718363,,,,accepted,exact_oecd_donor_and_project_id,1,1,2026-09-28,scripts/jetp/build_crs_comparators.py,,oecd-crs-energy-idn-2011-q-2026-09-28-md-4990417
same-as-oecd-crs-energy-idn-2011-q-2026-09-28-md-4429314,line,oecd-crs-energy-idn-2011-q-2026-09-28-md-4429314,same_as,line,oecd-crs-energy-idn-2008-q-2026-09-28-md-2600743,,,,accepted,exact_oecd_donor_and_project_id,1,1,2026-09-28,scripts/jetp/build_crs_comparators.py,,oecd-crs-energy-idn-2011-q-2026-09-28-md-4429314
same-as-oecd-crs-energy-idn-2011-q-2026-09-28-md-4478017,line,oecd-crs-energy-idn-2011-q-2026-09-28-md-4478017,same_as,line,oecd-crs-energy-idn-2009-q-2026-09-28-md-3726867,,,,accepted,exact_oecd_donor_and_project_id,1,1,2026-09-28,scripts/jetp/build_crs_comparators.py,,oecd-crs-energy-idn-2011-q-2026-09-28-md-4478017
same-as-oecd-crs-energy-idn-2011-q-2026-09-28-md-4478046,line,oecd-crs-energy-idn-2011-q-2026-09-28-md-4478046,same_as,line,oecd-crs-energy-idn-2009-q-2026-09-28-md-3726863,,,,accepted,exact_oecd_donor_and_project_id,1,1,2026-09-28,scripts/jetp/build_crs_comparators.py,,oecd-crs-energy-idn-2011-q-2026-09-28-md-4478046
same-as-oecd-crs-energy-idn-2011-q-2026-09-28-md-4498288,line,oecd-crs-energy-idn-2011-q-2026-09-28-md-4498288,same_as,line,oecd-crs-energy-idn-2008-q-2026-09-28-md-2687963,,,,accepted,exact_oecd_donor_and_project_id,1,1,2026-09-28,scripts/jetp/build_crs_comparators.py,,oecd-crs-energy-idn-2011-q-2026-09-28-md-4498288
same-as-oecd-crs-energy-idn-2011-q-2026-09-28-md-4467214,line,oecd-crs-energy-idn-2011-q-2026-09-28-md-4467214,same_as,line,oecd-crs-energy-idn-2010-q-2026-09-28-md-4306319,,,,accepted,exact_oecd_donor_and_project_id,1,1,2026-09-28,scripts/jetp/build_crs_comparators.py,,oecd-crs-energy-idn-2011-q-2026-09-28-md-4467214
same-as-oecd-crs-energy-idn-2011-q-2026-09-28-md-4415389,line,oecd-crs-energy-idn-2011-q-2026-09-28-md-4415389,same_as,line,oecd-crs-energy-idn-2006-q-2026-09-28-md-1989906,,,,accepted,exact_oecd_donor_and_project_id,1,1,2026-09-28,scripts/jetp/build_crs_comparators.py,,oecd-crs-energy-idn-2011-q-2026-09-28-md-4415389
same-as-oecd-crs-energy-idn-2011-q-2026-09-28-md-4490675,line,oecd-crs-energy-idn-2011-q-2026-09-28-md-4490675,same_as,line,oecd-crs-energy-idn-2010-q-2026-09-28-md-3968537,,,,accepted,exact_oecd_donor_and_project_id,1,1,2026-09-28,scripts/jetp/build_crs_comparators.py,,oecd-crs-energy-idn-2011-q-2026-09-28-md-4490675
same-as-oecd-crs-energy-idn-2011-q-2026-09-28-md-4456508,line,oecd-crs-energy-idn-2011-q-2026-09-28-md-4456508,same_as,line,oecd-crs-energy-idn-2010-q-2026-09-28-md-4281923,,,,accepted,exact_oecd_donor_and_project_id,1,1,2026-09-28,scripts/jetp/build_crs_comparators.py,,oecd-crs-energy-idn-2011-q-2026-09-28-md-4456508
same-as-oecd-crs-energy-idn-2011-q-2026-09-28-md-4454294,line,oecd-crs-energy-idn-2011-q-2026-09-28-md-4454294,same_as,line,oecd-crs-energy-idn-2010-q-2026-09-28-md-4278812,,,,accepted,exact_oecd_donor_and_project_id,1,1,2026-09-28,scripts/jetp/build_crs_comparators.py,,oecd-crs-energy-idn-2011-q-2026-09-28-md-4454294
same-as-oecd-crs-energy-idn-2011-q-2026-09-28-md-4747182,line,oecd-crs-energy-idn-2011-q-2026-09-28-md-4747182,same_as,line,oecd-crs-energy-idn-2006-q-2026-09-28-md-1760083,,,,accepted,exact_oecd_donor_and_project_id,1,1,2026-09-28,scripts/jetp/build_crs_comparators.py,,oecd-crs-energy-idn-2011-q-2026-09-28-md-4747182
same-as-oecd-crs-energy-idn-2011-q-2026-09-28-md-4785533,line,oecd-crs-energy-idn-2011-q-2026-09-28-md-4785533,same_as,line,oecd-crs-energy-idn-2010-q-2026-09-28-md-3978183,,,,accepted,exact_oecd_donor_and_project_id,1,1,2026-09-28,scripts/jetp/build_crs_comparators.py,,oecd-crs-energy-idn-2011-q-2026-09-28-md-4785533
same-as-oecd-crs-energy-idn-2011-q-2026-09-28-md-4467862,line,oecd-crs-energy-idn-2011-q-2026-09-28-md-4467862,same_as,line,oecd-crs-energy-idn-2006-q-2026-09-28-md-1760083,,,,accepted,exact_oecd_donor_and_project_id,1,1,2026-09-28,scripts/jetp/build_crs_comparators.py,,oecd-crs-energy-idn-2011-q-2026-09-28-md-4467862
same-as-oecd-crs-energy-idn-2011-q-2026-09-28-md-4519358,line,oecd-crs-energy-idn-2011-q-2026-09-28-md-4519358,same_as,line,oecd-crs-energy-idn-2010-q-2026-09-28-md-3978183,,,,accepted,exact_oecd_donor_and_project_id,1,1,2026-09-28,scripts/jetp/build_crs_comparators.py,,oecd-crs-energy-idn-2011-q-2026-09-28-md-4519358
same-as-oecd-crs-energy-idn-2011-q-2026-09-28-md-4483222,line,oecd-crs-energy-idn-2011-q-2026-09-28-md-4483222,same_as,line,oecd-crs-energy-idn-2009-q-2026-09-28-md-3333876,,,,accepted,exact_oecd_donor_and_project_id,1,1,2026-09-28,scripts/jetp/build_crs_comparators.py,,oecd-crs-energy-idn-2011-q-2026-09-28-md-4483222
same-as-oecd-crs-energy-idn-2011-q-2026-09-28-md-4778060,line,oecd-crs-energy-idn-2011-q-2026-09-28-md-4778060,same_as,line,oecd-crs-energy-idn-2009-q-2026-09-28-md-3345013,,,,accepted,exact_oecd_donor_and_project_id,1,1,2026-09-28,scripts/jetp/build_crs_comparators.py,,oecd-crs-energy-idn-2011-q-2026-09-28-md-4778060
same-as-oecd-crs-energy-idn-2011-q-2026-09-28-md-4542520,line,oecd-crs-energy-idn-2011-q-2026-09-28-md-4542520,same_as,line,oecd-crs-energy-idn-2009-q-2026-09-28-md-3345013,,,,accepted,exact_oecd_donor_and_project_id,1,1,2026-09-28,scripts/jetp/build_crs_comparators.py,,oecd-crs-energy-idn-2011-q-2026-09-28-md-4542520
same-as-oecd-crs-energy-idn-2011-q-2026-09-28-md-4475113,line,oecd-crs-energy-idn-2011-q-2026-09-28-md-4475113,same_as,line,oecd-crs-energy-idn-2007-q-2026-09-28-md-2284745,,,,accepted,exact_oecd_donor_and_project_id,1,1,2026-09-28,scripts/jetp/build_crs_comparators.py,,oecd-crs-energy-idn-2011-q-2026-09-28-md-4475113
same-as-oecd-crs-energy-idn-2012-q-2026-09-28-md-5607404,line,oecd-crs-energy-idn-2012-q-2026-09-28-md-5607404,same_as,line,oecd-crs-energy-idn-2010-q-2026-09-28-md-3978742,,,,accepted,exact_oecd_donor_and_project_id,1,1,2026-09-28,scripts/jetp/build_crs_comparators.py,,oecd-crs-energy-idn-2012-q-2026-09-28-md-5607404
same-as-oecd-crs-energy-idn-2012-q-2026-09-28-md-5607427,line,oecd-crs-energy-idn-2012-q-2026-09-28-md-5607427,same_as,line,oecd-crs-energy-idn-2010-q-2026-09-28-md-3978743,,,,accepted,exact_oecd_donor_and_project_id,1,1,2026-09-28,scripts/jetp/build_crs_comparators.py,,oecd-crs-energy-idn-2012-q-2026-09-28-md-5607427
same-as-oecd-crs-energy-idn-2012-q-2026-09-28-md-5547190,line,oecd-crs-energy-idn-2012-q-2026-09-28-md-5547190,same_as,line,oecd-crs-energy-idn-2009-q-2026-09-28-md-3755481,,,,accepted,exact_oecd_donor_and_project_id,1,1,2026-09-28,scripts/jetp/build_crs_comparators.py,,oecd-crs-energy-idn-2012-q-2026-09-28-md-5547190
same-as-oecd-crs-energy-idn-2012-q-2026-09-28-md-5547191,line,oecd-crs-energy-idn-2012-q-2026-09-28-md-5547191,same_as,line,oecd-crs-energy-idn-2009-q-2026-09-28-md-3755483,,,,accepted,exact_oecd_donor_and_project_id,1,1,2026-09-28,scripts/jetp/build_crs_comparators.py,,oecd-crs-energy-idn-2012-q-2026-09-28-md-5547191
same-as-oecd-crs-energy-idn-2012-q-2026-09-28-md-5569420,line,oecd-crs-energy-idn-2012-q-2026-09-28-md-5569420,same_as,line,oecd-crs-energy-idn-2010-q-2026-09-28-md-4392487,,,,accepted,exact_oecd_donor_and_project_id,1,1,2026-09-28,scripts/jetp/build_crs_comparators.py,,oecd-crs-energy-idn-2012-q-2026-09-28-md-5569420
same-as-oecd-crs-energy-idn-2012-q-2026-09-28-md-5567755,line,oecd-crs-energy-idn-2012-q-2026-09-28-md-5567755,same_as,line,oecd-crs-energy-idn-2010-q-2026-09-28-md-4342706,,,,accepted,exact_oecd_donor_and_project_id,1,1,2026-09-28,scripts/jetp/build_crs_comparators.py,,oecd-crs-energy-idn-2012-q-2026-09-28-md-5567755
same-as-oecd-crs-energy-idn-2012-q-2026-09-28-md-5569679,line,oecd-crs-energy-idn-2012-q-2026-09-28-md-5569679,same_as,line,oecd-crs-energy-idn-2010-q-2026-09-28-md-3935428,,,,accepted,exact_oecd_donor_and_project_id,1,1,2026-09-28,scripts/jetp/build_crs_comparators.py,,oecd-crs-energy-idn-2012-q-2026-09-28-md-5569679
same-as-oecd-crs-energy-idn-2012-q-2026-09-28-md-5454041,line,oecd-crs-energy-idn-2012-q-2026-09-28-md-5454041,same_as,line,oecd-crs-energy-idn-2011-q-2026-09-28-md-4711544,,,,accepted,exact_oecd_donor_and_project_id,1,1,2026-09-28,scripts/jetp/build_crs_comparators.py,,oecd-crs-energy-idn-2012-q-2026-09-28-md-5454041
same-as-oecd-crs-energy-idn-2012-q-2026-09-28-md-5453990,line,oecd-crs-energy-idn-2012-q-2026-09-28-md-5453990,same_as,line,oecd-crs-energy-idn-2011-q-2026-09-28-md-4710610,,,,accepted,exact_oecd_donor_and_project_id,1,1,2026-09-28,scripts/jetp/build_crs_comparators.py,,oecd-crs-energy-idn-2012-q-2026-09-28-md-5453990
same-as-oecd-crs-energy-idn-2012-q-2026-09-28-md-5145658,line,oecd-crs-energy-idn-2012-q-2026-09-28-md-5145658,same_as,line,oecd-crs-energy-idn-2011-q-2026-09-28-md-4710610,,,,accepted,exact_oecd_donor_and_project_id,1,1,2026-09-28,scripts/jetp/build_crs_comparators.py,,oecd-crs-energy-idn-2012-q-2026-09-28-md-5145658
same-as-oecd-crs-energy-idn-2012-q-2026-09-28-md-5507588,line,oecd-crs-energy-idn-2012-q-2026-09-28-md-5507588,same_as,line,oecd-crs-energy-idn-2007-q-2026-09-28-md-2284419,,,,accepted,exact_oecd_donor_and_project_id,1,1,2026-09-28,scripts/jetp/build_crs_comparators.py,,oecd-crs-energy-idn-2012-q-2026-09-28-md-5507588
same-as-oecd-crs-energy-idn-2012-q-2026-09-28-md-5507494,line,oecd-crs-energy-idn-2012-q-2026-09-28-md-5507494,same_as,line,oecd-crs-energy-idn-2007-q-2026-09-28-md-2284745,,,,accepted,exact_oecd_donor_and_project_id,1,1,2026-09-28,scripts/jetp/build_crs_comparators.py,,oecd-crs-energy-idn-2012-q-2026-09-28-md-5507494
same-as-oecd-crs-energy-idn-2012-q-2026-09-28-md-5144391,line,oecd-crs-energy-idn-2012-q-2026-09-28-md-5144391,same_as,line,oecd-crs-energy-idn-2011-q-2026-09-28-md-4417831,,,,accepted,exact_oecd_donor_and_project_id,1,1,2026-09-28,scripts/jetp/build_crs_comparators.py,,oecd-crs-energy-idn-2012-q-2026-09-28-md-5144391
same-as-oecd-crs-energy-idn-2012-q-2026-09-28-md-5452725,line,oecd-crs-energy-idn-2012-q-2026-09-28-md-5452725,same_as,line,oecd-crs-energy-idn-2011-q-2026-09-28-md-4417831,,,,accepted,exact_oecd_donor_and_project_id,1,1,2026-09-28,scripts/jetp/build_crs_comparators.py,,oecd-crs-energy-idn-2012-q-2026-09-28-md-5452725
same-as-oecd-crs-energy-idn-2012-q-2026-09-28-md-5568162,line,oecd-crs-energy-idn-2012-q-2026-09-28-md-5568162,same_as,line,oecd-crs-energy-idn-2010-q-2026-09-28-md-3979918,,,,accepted,exact_oecd_donor_and_project_id,1,1,2026-09-28,scripts/jetp/build_crs_comparators.py,,oecd-crs-energy-idn-2012-q-2026-09-28-md-5568162
same-as-oecd-crs-energy-idn-2012-q-2026-09-28-md-5152990,line,oecd-crs-energy-idn-2012-q-2026-09-28-md-5152990,same_as,line,oecd-crs-energy-idn-2008-q-2026-09-28-md-2607956,,,,accepted,exact_oecd_donor_and_project_id,1,1,2026-09-28,scripts/jetp/build_crs_comparators.py,,oecd-crs-energy-idn-2012-q-2026-09-28-md-5152990
same-as-oecd-crs-energy-idn-2012-q-2026-09-28-md-5488980,line,oecd-crs-energy-idn-2012-q-2026-09-28-md-5488980,same_as,line,oecd-crs-energy-idn-2008-q-2026-09-28-md-2605101,,,,accepted,exact_oecd_donor_and_project_id,1,1,2026-09-28,scripts/jetp/build_crs_comparators.py,,oecd-crs-energy-idn-2012-q-2026-09-28-md-5488980
same-as-oecd-crs-energy-idn-2012-q-2026-09-28-md-5475673,line,oecd-crs-energy-idn-2012-q-2026-09-28-md-5475673,same_as,line,oecd-crs-energy-idn-2009-q-2026-09-28-md-3245221,,,,accepted,exact_oecd_donor_and_project_id,1,1,2026-09-28,scripts/jetp/build_crs_comparators.py,,oecd-crs-energy-idn-2012-q-2026-09-28-md-5475673
same-as-oecd-crs-energy-idn-2012-q-2026-09-28-md-5547636,line,oecd-crs-energy-idn-2012-q-2026-09-28-md-5547636,same_as,line,oecd-crs-energy-idn-2009-q-2026-09-28-md-3270655,,,,accepted,exact_oecd_donor_and_project_id,1,1,2026-09-28,scripts/jetp/build_crs_comparators.py,,oecd-crs-energy-idn-2012-q-2026-09-28-md-5547636
same-as-oecd-crs-energy-idn-2012-q-2026-09-28-md-5547737,line,oecd-crs-energy-idn-2012-q-2026-09-28-md-5547737,same_as,line,oecd-crs-energy-idn-2011-q-2026-09-28-md-4471409,,,,accepted,exact_oecd_donor_and_project_id,1,1,2026-09-28,scripts/jetp/build_crs_comparators.py,,oecd-crs-energy-idn-2012-q-2026-09-28-md-5547737
same-as-oecd-crs-energy-idn-2012-q-2026-09-28-md-5561667,line,oecd-crs-energy-idn-2012-q-2026-09-28-md-5561667,same_as,line,oecd-crs-energy-idn-2010-q-2026-09-28-md-3979461,,,,accepted,exact_oecd_donor_and_project_id,1,1,2026-09-28,scripts/jetp/build_crs_comparators.py,,oecd-crs-energy-idn-2012-q-2026-09-28-md-5561667
same-as-oecd-crs-energy-idn-2012-q-2026-09-28-md-5245935,line,oecd-crs-energy-idn-2012-q-2026-09-28-md-5245935,same_as,line,oecd-crs-energy-idn-2010-q-2026-09-28-md-4330881,,,,accepted,exact_oecd_donor_and_project_id,1,1,2026-09-28,scripts/jetp/build_crs_comparators.py,,oecd-crs-energy-idn-2012-q-2026-09-28-md-5245935
same-as-oecd-crs-energy-idn-2012-q-2026-09-28-md-5542008,line,oecd-crs-energy-idn-2012-q-2026-09-28-md-5542008,same_as,line,oecd-crs-energy-idn-2010-q-2026-09-28-md-4330881,,,,accepted,exact_oecd_donor_and_project_id,1,1,2026-09-28,scripts/jetp/build_crs_comparators.py,,oecd-crs-energy-idn-2012-q-2026-09-28-md-5542008
same-as-oecd-crs-energy-idn-2012-q-2026-09-28-md-5232399,line,oecd-crs-energy-idn-2012-q-2026-09-28-md-5232399,same_as,line,oecd-crs-energy-idn-2011-q-2026-09-28-md-4530844,,,,accepted,exact_oecd_donor_and_project_id,1,1,2026-09-28,scripts/jetp/build_crs_comparators.py,,oecd-crs-energy-idn-2012-q-2026-09-28-md-5232399
same-as-oecd-crs-energy-idn-2012-q-2026-09-28-md-5245660,line,oecd-crs-energy-idn-2012-q-2026-09-28-md-5245660,same_as,line,oecd-crs-energy-idn-2011-q-2026-09-28-md-5011087,,,,accepted,exact_oecd_donor_and_project_id,1,1,2026-09-28,scripts/jetp/build_crs_comparators.py,,oecd-crs-energy-idn-2012-q-2026-09-28-md-5245660
same-as-oecd-crs-energy-idn-2012-q-2026-09-28-md-5541508,line,oecd-crs-energy-idn-2012-q-2026-09-28-md-5541508,same_as,line,oecd-crs-energy-idn-2011-q-2026-09-28-md-5011087,,,,accepted,exact_oecd_donor_and_project_id,1,1,2026-09-28,scripts/jetp/build_crs_comparators.py,,oecd-crs-energy-idn-2012-q-2026-09-28-md-5541508
same-as-oecd-crs-energy-idn-2012-q-2026-09-28-md-5604261,line,oecd-crs-energy-idn-2012-q-2026-09-28-md-5604261,same_as,line,oecd-crs-energy-idn-2011-q-2026-09-28-md-4530844,,,,accepted,exact_oecd_donor_and_project_id,1,1,2026-09-28,scripts/jetp/build_crs_comparators.py,,oecd-crs-energy-idn-2012-q-2026-09-28-md-5604261
same-as-oecd-crs-energy-idn-2012-q-2026-09-28-md-5568446,line,oecd-crs-energy-idn-2012-q-2026-09-28-md-5568446,same_as,line,oecd-crs-energy-idn-2010-q-2026-09-28-md-4329329,,,,accepted,exact_oecd_donor_and_project_id,1,1,2026-09-28,scripts/jetp/build_crs_comparators.py,,oecd-crs-energy-idn-2012-q-2026-09-28-md-5568446
same-as-oecd-crs-energy-idn-2012-q-2026-09-28-md-5569374,line,oecd-crs-energy-idn-2012-q-2026-09-28-md-5569374,same_as,line,oecd-crs-energy-idn-2008-q-2026-09-28-md-2691719,,,,accepted,exact_oecd_donor_and_project_id,1,1,2026-09-28,scripts/jetp/build_crs_comparators.py,,oecd-crs-energy-idn-2012-q-2026-09-28-md-5569374
same-as-oecd-crs-energy-idn-2012-q-2026-09-28-md-5568453,line,oecd-crs-energy-idn-2012-q-2026-09-28-md-5568453,same_as,line,oecd-crs-energy-idn-2009-q-2026-09-28-md-3726867,,,,accepted,exact_oecd_donor_and_project_id,1,1,2026-09-28,scripts/jetp/build_crs_comparators.py,,oecd-crs-energy-idn-2012-q-2026-09-28-md-5568453
same-as-oecd-crs-energy-idn-2012-q-2026-09-28-md-5524362,line,oecd-crs-energy-idn-2012-q-2026-09-28-md-5524362,same_as,line,oecd-crs-energy-idn-2011-q-2026-09-28-md-4728771,,,,accepted,exact_oecd_donor_and_project_id,1,1,2026-09-28,scripts/jetp/build_crs_comparators.py,,oecd-crs-energy-idn-2012-q-2026-09-28-md-5524362
same-as-oecd-crs-energy-idn-2012-q-2026-09-28-md-5569373,line,oecd-crs-energy-idn-2012-q-2026-09-28-md-5569373,same_as,line,oecd-crs-energy-idn-2008-q-2026-09-28-md-2690965,,,,accepted,exact_oecd_donor_and_project_id,1,1,2026-09-28,scripts/jetp/build_crs_comparators.py,,oecd-crs-energy-idn-2012-q-2026-09-28-md-5569373
same-as-oecd-crs-energy-idn-2012-q-2026-09-28-md-5565564,line,oecd-crs-energy-idn-2012-q-2026-09-28-md-5565564,same_as,line,oecd-crs-energy-idn-2010-q-2026-09-28-md-4306319,,,,accepted,exact_oecd_donor_and_project_id,1,1,2026-09-28,scripts/jetp/build_crs_comparators.py,,oecd-crs-energy-idn-2012-q-2026-09-28-md-5565564
same-as-oecd-crs-energy-idn-2012-q-2026-09-28-md-5568450,line,oecd-crs-energy-idn-2012-q-2026-09-28-md-5568450,same_as,line,oecd-crs-energy-idn-2009-q-2026-09-28-md-3726863,,,,accepted,exact_oecd_donor_and_project_id,1,1,2026-09-28,scripts/jetp/build_crs_comparators.py,,oecd-crs-energy-idn-2012-q-2026-09-28-md-5568450
same-as-oecd-crs-energy-idn-2012-q-2026-09-28-md-5521679,line,oecd-crs-energy-idn-2012-q-2026-09-28-md-5521679,same_as,line,oecd-crs-energy-idn-2008-q-2026-09-28-md-2599348,,,,accepted,exact_oecd_donor_and_project_id,1,1,2026-09-28,scripts/jetp/build_crs_comparators.py,,oecd-crs-energy-idn-2012-q-2026-09-28-md-5521679
same-as-oecd-crs-energy-idn-2012-q-2026-09-28-md-5569355,line,oecd-crs-energy-idn-2012-q-2026-09-28-md-5569355,same_as,line,oecd-crs-energy-idn-2008-q-2026-09-28-md-2687963,,,,accepted,exact_oecd_donor_and_project_id,1,1,2026-09-28,scripts/jetp/build_crs_comparators.py,,oecd-crs-energy-idn-2012-q-2026-09-28-md-5569355
same-as-oecd-crs-energy-idn-2012-q-2026-09-28-md-5607367,line,oecd-crs-energy-idn-2012-q-2026-09-28-md-5607367,same_as,line,oecd-crs-energy-idn-2011-q-2026-09-28-md-4707490,,,,accepted,exact_oecd_donor_and_project_id,1,1,2026-09-28,scripts/jetp/build_crs_comparators.py,,oecd-crs-energy-idn-2012-q-2026-09-28-md-5607367
same-as-oecd-crs-energy-idn-2012-q-2026-09-28-md-5547096,line,oecd-crs-energy-idn-2012-q-2026-09-28-md-5547096,same_as,line,oecd-crs-energy-idn-2010-q-2026-09-28-md-3980199,,,,accepted,exact_oecd_donor_and_project_id,1,1,2026-09-28,scripts/jetp/build_crs_comparators.py,,oecd-crs-energy-idn-2012-q-2026-09-28-md-5547096
same-as-oecd-crs-energy-idn-2012-q-2026-09-28-md-5552444,line,oecd-crs-energy-idn-2012-q-2026-09-28-md-5552444,same_as,line,oecd-crs-energy-idn-2011-q-2026-09-28-md-4511957,,,,accepted,exact_oecd_donor_and_project_id,1,1,2026-09-28,scripts/jetp/build_crs_comparators.py,,oecd-crs-energy-idn-2012-q-2026-09-28-md-5552444
same-as-oecd-crs-energy-idn-2012-q-2026-09-28-md-5239670,line,oecd-crs-energy-idn-2012-q-2026-09-28-md-5239670,same_as,line,oecd-crs-energy-idn-2011-q-2026-09-28-md-4511957,,,,accepted,exact_oecd_donor_and_project_id,1,1,2026-09-28,scripts/jetp/build_crs_comparators.py,,oecd-crs-energy-idn-2012-q-2026-09-28-md-5239670
same-as-oecd-crs-energy-idn-2012-q-2026-09-28-md-5523502,line,oecd-crs-energy-idn-2012-q-2026-09-28-md-5523502,same_as,line,oecd-crs-energy-idn-2011-q-2026-09-28-md-4692482,,,,accepted,exact_oecd_donor_and_project_id,1,1,2026-09-28,scripts/jetp/build_crs_comparators.py,,oecd-crs-energy-idn-2012-q-2026-09-28-md-5523502
same-as-oecd-crs-energy-idn-2012-q-2026-09-28-md-5517620,line,oecd-crs-energy-idn-2012-q-2026-09-28-md-5517620,same_as,line,oecd-crs-energy-idn-2011-q-2026-09-28-md-4718472,,,,accepted,exact_oecd_donor_and_project_id,1,1,2026-09-28,scripts/jetp/build_crs_comparators.py,,oecd-crs-energy-idn-2012-q-2026-09-28-md-5517620
same-as-oecd-crs-energy-idn-2012-q-2026-09-28-md-5525591,line,oecd-crs-energy-idn-2012-q-2026-09-28-md-5525591,same_as,line,oecd-crs-energy-idn-2009-q-2026-09-28-md-3333876,,,,accepted,exact_oecd_donor_and_project_id,1,1,2026-09-28,scripts/jetp/build_crs_comparators.py,,oecd-crs-energy-idn-2012-q-2026-09-28-md-5525591
same-as-oecd-crs-energy-idn-2012-q-2026-09-28-md-5488828,line,oecd-crs-energy-idn-2012-q-2026-09-28-md-5488828,same_as,line,oecd-crs-energy-idn-2010-q-2026-09-28-md-4278812,,,,accepted,exact_oecd_donor_and_project_id,1,1,2026-09-28,scripts/jetp/build_crs_comparators.py,,oecd-crs-energy-idn-2012-q-2026-09-28-md-5488828
same-as-oecd-crs-energy-idn-2012-q-2026-09-28-md-5513083,line,oecd-crs-energy-idn-2012-q-2026-09-28-md-5513083,same_as,line,oecd-crs-energy-idn-2008-q-2026-09-28-md-2718488,,,,accepted,exact_oecd_donor_and_project_id,1,1,2026-09-28,scripts/jetp/build_crs_comparators.py,,oecd-crs-energy-idn-2012-q-2026-09-28-md-5513083
same-as-oecd-crs-energy-idn-2012-q-2026-09-28-md-5565753,line,oecd-crs-energy-idn-2012-q-2026-09-28-md-5565753,same_as,line,oecd-crs-energy-idn-2009-q-2026-09-28-md-3302903,,,,accepted,exact_oecd_donor_and_project_id,1,1,2026-09-28,scripts/jetp/build_crs_comparators.py,,oecd-crs-energy-idn-2012-q-2026-09-28-md-5565753
same-as-oecd-crs-energy-idn-2012-q-2026-09-28-md-5513084,line,oecd-crs-energy-idn-2012-q-2026-09-28-md-5513084,same_as,line,oecd-crs-energy-idn-2008-q-2026-09-28-md-2718489,,,,accepted,exact_oecd_donor_and_project_id,1,1,2026-09-28,scripts/jetp/build_crs_comparators.py,,oecd-crs-energy-idn-2012-q-2026-09-28-md-5513084
same-as-oecd-crs-energy-idn-2012-q-2026-09-28-md-5521644,line,oecd-crs-energy-idn-2012-q-2026-09-28-md-5521644,same_as,line,oecd-crs-energy-idn-2008-q-2026-09-28-md-2600743,,,,accepted,exact_oecd_donor_and_project_id,1,1,2026-09-28,scripts/jetp/build_crs_comparators.py,,oecd-crs-energy-idn-2012-q-2026-09-28-md-5521644
same-as-oecd-crs-energy-idn-2013-q-2026-09-28-md-6190728,line,oecd-crs-energy-idn-2013-q-2026-09-28-md-6190728,same_as,line,oecd-crs-energy-idn-2010-q-2026-09-28-md-3979461,,,,accepted,exact_oecd_donor_and_project_id,1,1,2026-09-28,scripts/jetp/build_crs_comparators.py,,oecd-crs-energy-idn-2013-q-2026-09-28-md-6190728
same-as-oecd-crs-energy-idn-2013-q-2026-09-28-md-6137994,line,oecd-crs-energy-idn-2013-q-2026-09-28-md-6137994,same_as,line,oecd-crs-energy-idn-2010-q-2026-09-28-md-3980199,,,,accepted,exact_oecd_donor_and_project_id,1,1,2026-09-28,scripts/jetp/build_crs_comparators.py,,oecd-crs-energy-idn-2013-q-2026-09-28-md-6137994
same-as-oecd-crs-energy-idn-2013-q-2026-09-28-md-6103464,line,oecd-crs-energy-idn-2013-q-2026-09-28-md-6103464,same_as,line,oecd-crs-energy-idn-2011-q-2026-09-28-md-4707490,,,,accepted,exact_oecd_donor_and_project_id,1,1,2026-09-28,scripts/jetp/build_crs_comparators.py,,oecd-crs-energy-idn-2013-q-2026-09-28-md-6103464
same-as-oecd-crs-energy-idn-2013-q-2026-09-28-md-6135956,line,oecd-crs-energy-idn-2013-q-2026-09-28-md-6135956,same_as,line,oecd-crs-energy-idn-2009-q-2026-09-28-md-3755481,,,,accepted,exact_oecd_donor_and_project_id,1,1,2026-09-28,scripts/jetp/build_crs_comparators.py,,oecd-crs-energy-idn-2013-q-2026-09-28-md-6135956
same-as-oecd-crs-energy-idn-2013-q-2026-09-28-md-6136029,line,oecd-crs-energy-idn-2013-q-2026-09-28-md-6136029,same_as,line,oecd-crs-energy-idn-2009-q-2026-09-28-md-3755483,,,,accepted,exact_oecd_donor_and_project_id,1,1,2026-09-28,scripts/jetp/build_crs_comparators.py,,oecd-crs-energy-idn-2013-q-2026-09-28-md-6136029
same-as-oecd-crs-energy-idn-2013-q-2026-09-28-md-6106156,line,oecd-crs-energy-idn-2013-q-2026-09-28-md-6106156,same_as,line,oecd-crs-energy-idn-2010-q-2026-09-28-md-3978743,,,,accepted,exact_oecd_donor_and_project_id,1,1,2026-09-28,scripts/jetp/build_crs_comparators.py,,oecd-crs-energy-idn-2013-q-2026-09-28-md-6106156
same-as-oecd-crs-energy-idn-2013-q-2026-09-28-md-6250819,line,oecd-crs-energy-idn-2013-q-2026-09-28-md-6250819,same_as,line,oecd-crs-energy-idn-2010-q-2026-09-28-md-3979918,,,,accepted,exact_oecd_donor_and_project_id,1,1,2026-09-28,scripts/jetp/build_crs_comparators.py,,oecd-crs-energy-idn-2013-q-2026-09-28-md-6250819
same-as-oecd-crs-energy-idn-2013-q-2026-09-28-md-6198541,line,oecd-crs-energy-idn-2013-q-2026-09-28-md-6198541,same_as,line,oecd-crs-energy-idn-2010-q-2026-09-28-md-4392487,,,,accepted,exact_oecd_donor_and_project_id,1,1,2026-09-28,scripts/jetp/build_crs_comparators.py,,oecd-crs-energy-idn-2013-q-2026-09-28-md-6198541
same-as-oecd-crs-energy-idn-2013-q-2026-09-28-md-6205062,line,oecd-crs-energy-idn-2013-q-2026-09-28-md-6205062,same_as,line,oecd-crs-energy-idn-2010-q-2026-09-28-md-4342706,,,,accepted,exact_oecd_donor_and_project_id,1,1,2026-09-28,scripts/jetp/build_crs_comparators.py,,oecd-crs-energy-idn-2013-q-2026-09-28-md-6205062
same-as-oecd-crs-energy-idn-2013-q-2026-09-28-md-6176608,line,oecd-crs-energy-idn-2013-q-2026-09-28-md-6176608,same_as,line,oecd-crs-energy-idn-2011-q-2026-09-28-md-4710610,,,,accepted,exact_oecd_donor_and_project_id,1,1,2026-09-28,scripts/jetp/build_crs_comparators.py,,oecd-crs-energy-idn-2013-q-2026-09-28-md-6176608
same-as-oecd-crs-energy-idn-2013-q-2026-09-28-md-5841902,line,oecd-crs-energy-idn-2013-q-2026-09-28-md-5841902,same_as,line,oecd-crs-energy-idn-2011-q-2026-09-28-md-4710610,,,,accepted,exact_oecd_donor_and_project_id,1,1,2026-09-28,scripts/jetp/build_crs_comparators.py,,oecd-crs-energy-idn-2013-q-2026-09-28-md-5841902
same-as-oecd-crs-energy-idn-2013-q-2026-09-28-md-6173964,line,oecd-crs-energy-idn-2013-q-2026-09-28-md-6173964,same_as,line,oecd-crs-energy-idn-2011-q-2026-09-28-md-4417831,,,,accepted,exact_oecd_donor_and_project_id,1,1,2026-09-28,scripts/jetp/build_crs_comparators.py,,oecd-crs-energy-idn-2013-q-2026-09-28-md-6173964
same-as-oecd-crs-energy-idn-2013-q-2026-09-28-md-6106118,line,oecd-crs-energy-idn-2013-q-2026-09-28-md-6106118,same_as,line,oecd-crs-energy-idn-2010-q-2026-09-28-md-3978742,,,,accepted,exact_oecd_donor_and_project_id,1,1,2026-09-28,scripts/jetp/build_crs_comparators.py,,oecd-crs-energy-idn-2013-q-2026-09-28-md-6106118
same-as-oecd-crs-energy-idn-2013-q-2026-09-28-md-6154255,line,oecd-crs-energy-idn-2013-q-2026-09-28-md-6154255,same_as,line,oecd-crs-energy-idn-2007-q-2026-09-28-md-2284419,,,,accepted,exact_oecd_donor_and_project_id,1,1,2026-09-28,scripts/jetp/build_crs_comparators.py,,oecd-crs-energy-idn-2013-q-2026-09-28-md-6154255
same-as-oecd-crs-energy-idn-2013-q-2026-09-28-md-6154144,line,oecd-crs-energy-idn-2013-q-2026-09-28-md-6154144,same_as,line,oecd-crs-energy-idn-2007-q-2026-09-28-md-2284745,,,,accepted,exact_oecd_donor_and_project_id,1,1,2026-09-28,scripts/jetp/build_crs_comparators.py,,oecd-crs-energy-idn-2013-q-2026-09-28-md-6154144
same-as-oecd-crs-energy-idn-2013-q-2026-09-28-md-6076782,line,oecd-crs-energy-idn-2013-q-2026-09-28-md-6076782,same_as,line,oecd-crs-energy-idn-2009-q-2026-09-28-md-3245221,,,,accepted,exact_oecd_donor_and_project_id,1,1,2026-09-28,scripts/jetp/build_crs_comparators.py,,oecd-crs-energy-idn-2013-q-2026-09-28-md-6076782
same-as-oecd-crs-energy-idn-2013-q-2026-09-28-md-6081072,line,oecd-crs-energy-idn-2013-q-2026-09-28-md-6081072,same_as,line,oecd-crs-energy-idn-2012-q-2026-09-28-md-5217452,,,,accepted,exact_oecd_donor_and_project_id,1,1,2026-09-28,scripts/jetp/build_crs_comparators.py,,oecd-crs-energy-idn-2013-q-2026-09-28-md-6081072
same-as-oecd-crs-energy-idn-2013-q-2026-09-28-md-5762276,line,oecd-crs-energy-idn-2013-q-2026-09-28-md-5762276,same_as,line,oecd-crs-energy-idn-2012-q-2026-09-28-md-5217452,,,,accepted,exact_oecd_donor_and_project_id,1,1,2026-09-28,scripts/jetp/build_crs_comparators.py,,oecd-crs-energy-idn-2013-q-2026-09-28-md-5762276
same-as-oecd-crs-energy-idn-2013-q-2026-09-28-md-6110059,line,oecd-crs-energy-idn-2013-q-2026-09-28-md-6110059,same_as,line,oecd-crs-energy-idn-2011-q-2026-09-28-md-4763621,,,,accepted,exact_oecd_donor_and_project_id,1,1,2026-09-28,scripts/jetp/build_crs_comparators.py,,oecd-crs-energy-idn-2013-q-2026-09-28-md-6110059
same-as-oecd-crs-energy-idn-2013-q-2026-09-28-md-6175334,line,oecd-crs-energy-idn-2013-q-2026-09-28-md-6175334,same_as,line,oecd-crs-energy-idn-2012-q-2026-09-28-md-5236834,,,,accepted,exact_oecd_donor_and_project_id,1,1,2026-09-28,scripts/jetp/build_crs_comparators.py,,oecd-crs-energy-idn-2013-q-2026-09-28-md-6175334
same-as-oecd-crs-energy-idn-2013-q-2026-09-28-md-6121082,line,oecd-crs-energy-idn-2013-q-2026-09-28-md-6121082,same_as,line,oecd-crs-energy-idn-2010-q-2026-09-28-md-4306319,,,,accepted,exact_oecd_donor_and_project_id,1,1,2026-09-28,scripts/jetp/build_crs_comparators.py,,oecd-crs-energy-idn-2013-q-2026-09-28-md-6121082
same-as-oecd-crs-energy-idn-2013-q-2026-09-28-md-6112002,line,oecd-crs-energy-idn-2013-q-2026-09-28-md-6112002,same_as,line,oecd-crs-energy-idn-2009-q-2026-09-28-md-3302903,,,,accepted,exact_oecd_donor_and_project_id,1,1,2026-09-28,scripts/jetp/build_crs_comparators.py,,oecd-crs-energy-idn-2013-q-2026-09-28-md-6112002
same-as-oecd-crs-energy-idn-2013-q-2026-09-28-md-6216670,line,oecd-crs-energy-idn-2013-q-2026-09-28-md-6216670,same_as,line,oecd-crs-energy-idn-2009-q-2026-09-28-md-3726863,,,,accepted,exact_oecd_donor_and_project_id,1,1,2026-09-28,scripts/jetp/build_crs_comparators.py,,oecd-crs-energy-idn-2013-q-2026-09-28-md-6216670
same-as-oecd-crs-energy-idn-2013-q-2026-09-28-md-6177556,line,oecd-crs-energy-idn-2013-q-2026-09-28-md-6177556,same_as,line,oecd-crs-energy-idn-2008-q-2026-09-28-md-2691719,,,,accepted,exact_oecd_donor_and_project_id,1,1,2026-09-28,scripts/jetp/build_crs_comparators.py,,oecd-crs-energy-idn-2013-q-2026-09-28-md-6177556
same-as-oecd-crs-energy-idn-2013-q-2026-09-28-md-6216634,line,oecd-crs-energy-idn-2013-q-2026-09-28-md-6216634,same_as,line,oecd-crs-energy-idn-2009-q-2026-09-28-md-3726867,,,,accepted,exact_oecd_donor_and_project_id,1,1,2026-09-28,scripts/jetp/build_crs_comparators.py,,oecd-crs-energy-idn-2013-q-2026-09-28-md-6216634
same-as-oecd-crs-energy-idn-2013-q-2026-09-28-md-6089819,line,oecd-crs-energy-idn-2013-q-2026-09-28-md-6089819,same_as,line,oecd-crs-energy-idn-2011-q-2026-09-28-md-4728771,,,,accepted,exact_oecd_donor_and_project_id,1,1,2026-09-28,scripts/jetp/build_crs_comparators.py,,oecd-crs-energy-idn-2013-q-2026-09-28-md-6089819
same-as-oecd-crs-energy-idn-2013-q-2026-09-28-md-6085171,line,oecd-crs-energy-idn-2013-q-2026-09-28-md-6085171,same_as,line,oecd-crs-energy-idn-2008-q-2026-09-28-md-2600743,,,,accepted,exact_oecd_donor_and_project_id,1,1,2026-09-28,scripts/jetp/build_crs_comparators.py,,oecd-crs-energy-idn-2013-q-2026-09-28-md-6085171
same-as-oecd-crs-energy-idn-2013-q-2026-09-28-md-6068539,line,oecd-crs-energy-idn-2013-q-2026-09-28-md-6068539,same_as,line,oecd-crs-energy-idn-2008-q-2026-09-28-md-2718488,,,,accepted,exact_oecd_donor_and_project_id,1,1,2026-09-28,scripts/jetp/build_crs_comparators.py,,oecd-crs-energy-idn-2013-q-2026-09-28-md-6068539
same-as-oecd-crs-energy-idn-2013-q-2026-09-28-md-6085147,line,oecd-crs-energy-idn-2013-q-2026-09-28-md-6085147,same_as,line,oecd-crs-energy-idn-2008-q-2026-09-28-md-2599348,,,,accepted,exact_oecd_donor_and_project_id,1,1,2026-09-28,scripts/jetp/build_crs_comparators.py,,oecd-crs-energy-idn-2013-q-2026-09-28-md-6085147
same-as-oecd-crs-energy-idn-2013-q-2026-09-28-md-6177555,line,oecd-crs-energy-idn-2013-q-2026-09-28-md-6177555,same_as,line,oecd-crs-energy-idn-2008-q-2026-09-28-md-2690965,,,,accepted,exact_oecd_donor_and_project_id,1,1,2026-09-28,scripts/jetp/build_crs_comparators.py,,oecd-crs-energy-idn-2013-q-2026-09-28-md-6177555
same-as-oecd-crs-energy-idn-2013-q-2026-09-28-md-6216633,line,oecd-crs-energy-idn-2013-q-2026-09-28-md-6216633,same_as,line,oecd-crs-energy-idn-2010-q-2026-09-28-md-4329329,,,,accepted,exact_oecd_donor_and_project_id,1,1,2026-09-28,scripts/jetp/build_crs_comparators.py,,oecd-crs-energy-idn-2013-q-2026-09-28-md-6216633
same-as-oecd-crs-energy-idn-2013-q-2026-09-28-md-6116905,line,oecd-crs-energy-idn-2013-q-2026-09-28-md-6116905,same_as,line,oecd-crs-energy-idn-2011-q-2026-09-28-md-4692482,,,,accepted,exact_oecd_donor_and_project_id,1,1,2026-09-28,scripts/jetp/build_crs_comparators.py,,oecd-crs-energy-idn-2013-q-2026-09-28-md-6116905
same-as-oecd-crs-energy-idn-2013-q-2026-09-28-md-6114579,line,oecd-crs-energy-idn-2013-q-2026-09-28-md-6114579,same_as,line,oecd-crs-energy-idn-2009-q-2026-09-28-md-3312138,,,,accepted,exact_oecd_donor_and_project_id,1,1,2026-09-28,scripts/jetp/build_crs_comparators.py,,oecd-crs-energy-idn-2013-q-2026-09-28-md-6114579
same-as-oecd-crs-energy-idn-2013-q-2026-09-28-md-6114501,line,oecd-crs-energy-idn-2013-q-2026-09-28-md-6114501,same_as,line,oecd-crs-energy-idn-2012-q-2026-09-28-md-5483934,,,,accepted,exact_oecd_donor_and_project_id,1,1,2026-09-28,scripts/jetp/build_crs_comparators.py,,oecd-crs-energy-idn-2013-q-2026-09-28-md-6114501
same-as-oecd-crs-energy-idn-2013-q-2026-09-28-md-6114500,line,oecd-crs-energy-idn-2013-q-2026-09-28-md-6114500,same_as,line,oecd-crs-energy-idn-2012-q-2026-09-28-md-5147363,,,,accepted,exact_oecd_donor_and_project_id,1,1,2026-09-28,scripts/jetp/build_crs_comparators.py,,oecd-crs-energy-idn-2013-q-2026-09-28-md-6114500
same-as-oecd-crs-energy-idn-2013-q-2026-09-28-md-6105522,line,oecd-crs-energy-idn-2013-q-2026-09-28-md-6105522,same_as,line,oecd-crs-energy-idn-2012-q-2026-09-28-md-5146802,,,,accepted,exact_oecd_donor_and_project_id,1,1,2026-09-28,scripts/jetp/build_crs_comparators.py,,oecd-crs-energy-idn-2013-q-2026-09-28-md-6105522
same-as-oecd-crs-energy-idn-2013-q-2026-09-28-md-6185742,line,oecd-crs-energy-idn-2013-q-2026-09-28-md-6185742,same_as,line,oecd-crs-energy-idn-2012-q-2026-09-28-md-5516082,,,,accepted,exact_oecd_donor_and_project_id,1,1,2026-09-28,scripts/jetp/build_crs_comparators.py,,oecd-crs-energy-idn-2013-q-2026-09-28-md-6185742
same-as-oecd-crs-energy-idn-2013-q-2026-09-28-md-6172743,line,oecd-crs-energy-idn-2013-q-2026-09-28-md-6172743,same_as,line,oecd-crs-energy-idn-2009-q-2026-09-28-md-3333876,,,,accepted,exact_oecd_donor_and_project_id,1,1,2026-09-28,scripts/jetp/build_crs_comparators.py,,oecd-crs-energy-idn-2013-q-2026-09-28-md-6172743
same-as-oecd-crs-energy-idn-2013-q-2026-09-28-md-5839632,line,oecd-crs-energy-idn-2013-q-2026-09-28-md-5839632,same_as,line,oecd-crs-energy-idn-2009-q-2026-09-28-md-3333876,,,,accepted,exact_oecd_donor_and_project_id,1,1,2026-09-28,scripts/jetp/build_crs_comparators.py,,oecd-crs-energy-idn-2013-q-2026-09-28-md-5839632
same-as-oecd-crs-energy-idn-2013-q-2026-09-28-md-6178527,line,oecd-crs-energy-idn-2013-q-2026-09-28-md-6178527,same_as,line,oecd-crs-energy-idn-2012-q-2026-09-28-md-5172019,,,,accepted,exact_oecd_donor_and_project_id,1,1,2026-09-28,scripts/jetp/build_crs_comparators.py,,oecd-crs-energy-idn-2013-q-2026-09-28-md-6178527
same-as-oecd-crs-energy-idn-2013-q-2026-09-28-md-5765959,line,oecd-crs-energy-idn-2013-q-2026-09-28-md-5765959,same_as,line,oecd-crs-energy-idn-2012-q-2026-09-28-md-5586785,,,,accepted,exact_oecd_donor_and_project_id,1,1,2026-09-28,scripts/jetp/build_crs_comparators.py,,oecd-crs-energy-idn-2013-q-2026-09-28-md-5765959
same-as-oecd-crs-energy-idn-2013-q-2026-09-28-md-6087299,line,oecd-crs-energy-idn-2013-q-2026-09-28-md-6087299,same_as,line,oecd-crs-energy-idn-2012-q-2026-09-28-md-5586785,,,,accepted,exact_oecd_donor_and_project_id,1,1,2026-09-28,scripts/jetp/build_crs_comparators.py,,oecd-crs-energy-idn-2013-q-2026-09-28-md-6087299
same-as-oecd-crs-energy-idn-2013-q-2026-09-28-md-6068540,line,oecd-crs-energy-idn-2013-q-2026-09-28-md-6068540,same_as,line,oecd-crs-energy-idn-2008-q-2026-09-28-md-2718489,,,,accepted,exact_oecd_donor_and_project_id,1,1,2026-09-28,scripts/jetp/build_crs_comparators.py,,oecd-crs-energy-idn-2013-q-2026-09-28-md-6068540
same-as-oecd-crs-energy-idn-2013-q-2026-09-28-md-6097422,line,oecd-crs-energy-idn-2013-q-2026-09-28-md-6097422,same_as,line,oecd-crs-energy-idn-2012-q-2026-09-28-md-5145062,,,,accepted,exact_oecd_donor_and_project_id,1,1,2026-09-28,scripts/jetp/build_crs_comparators.py,,oecd-crs-energy-idn-2013-q-2026-09-28-md-6097422
same-as-oecd-crs-energy-idn-2014-q-2026-09-28-md-6822595,line,oecd-crs-energy-idn-2014-q-2026-09-28-md-6822595,same_as,line,oecd-crs-energy-idn-2010-q-2026-09-28-md-3979461,,,,accepted,exact_oecd_donor_and_project_id,1,1,2026-09-28,scripts/jetp/build_crs_comparators.py,,oecd-crs-energy-idn-2014-q-2026-09-28-md-6822595
same-as-oecd-crs-energy-idn-2014-q-2026-09-28-md-6811586,line,oecd-crs-energy-idn-2014-q-2026-09-28-md-6811586,same_as,line,oecd-crs-energy-idn-2009-q-2026-09-28-md-3755481,,,,accepted,exact_oecd_donor_and_project_id,1,1,2026-09-28,scripts/jetp/build_crs_comparators.py,,oecd-crs-energy-idn-2014-q-2026-09-28-md-6811586
same-as-oecd-crs-energy-idn-2014-q-2026-09-28-md-6811587,line,oecd-crs-energy-idn-2014-q-2026-09-28-md-6811587,same_as,line,oecd-crs-energy-idn-2009-q-2026-09-28-md-3755483,,,,accepted,exact_oecd_donor_and_project_id,1,1,2026-09-28,scripts/jetp/build_crs_comparators.py,,oecd-crs-energy-idn-2014-q-2026-09-28-md-6811587
same-as-oecd-crs-energy-idn-2014-q-2026-09-28-md-6808700,line,oecd-crs-energy-idn-2014-q-2026-09-28-md-6808700,same_as,line,oecd-crs-energy-idn-2011-q-2026-09-28-md-4707438,,,,accepted,exact_oecd_donor_and_project_id,1,1,2026-09-28,scripts/jetp/build_crs_comparators.py,,oecd-crs-energy-idn-2014-q-2026-09-28-md-6808700
same-as-oecd-crs-energy-idn-2014-q-2026-09-28-md-6808813,line,oecd-crs-energy-idn-2014-q-2026-09-28-md-6808813,same_as,line,oecd-crs-energy-idn-2011-q-2026-09-28-md-4707436,,,,accepted,exact_oecd_donor_and_project_id,1,1,2026-09-28,scripts/jetp/build_crs_comparators.py,,oecd-crs-energy-idn-2014-q-2026-09-28-md-6808813
same-as-oecd-crs-energy-idn-2014-q-2026-09-28-md-6808807,line,oecd-crs-energy-idn-2014-q-2026-09-28-md-6808807,same_as,line,oecd-crs-energy-idn-2011-q-2026-09-28-md-4707490,,,,accepted,exact_oecd_donor_and_project_id,1,1,2026-09-28,scripts/jetp/build_crs_comparators.py,,oecd-crs-energy-idn-2014-q-2026-09-28-md-6808807
same-as-oecd-crs-energy-idn-2014-q-2026-09-28-md-6807980,line,oecd-crs-energy-idn-2014-q-2026-09-28-md-6807980,same_as,line,oecd-crs-energy-idn-2012-q-2026-09-28-md-5228479,,,,accepted,exact_oecd_donor_and_project_id,1,1,2026-09-28,scripts/jetp/build_crs_comparators.py,,oecd-crs-energy-idn-2014-q-2026-09-28-md-6807980
same-as-oecd-crs-energy-idn-2014-q-2026-09-28-md-6812344,line,oecd-crs-energy-idn-2014-q-2026-09-28-md-6812344,same_as,line,oecd-crs-energy-idn-2010-q-2026-09-28-md-3980199,,,,accepted,exact_oecd_donor_and_project_id,1,1,2026-09-28,scripts/jetp/build_crs_comparators.py,,oecd-crs-energy-idn-2014-q-2026-09-28-md-6812344
same-as-oecd-crs-energy-idn-2014-q-2026-09-28-md-6827347,line,oecd-crs-energy-idn-2014-q-2026-09-28-md-6827347,same_as,line,oecd-crs-energy-idn-2010-q-2026-09-28-md-3979918,,,,accepted,exact_oecd_donor_and_project_id,1,1,2026-09-28,scripts/jetp/build_crs_comparators.py,,oecd-crs-energy-idn-2014-q-2026-09-28-md-6827347
same-as-oecd-crs-energy-idn-2014-q-2026-09-28-md-6834418,line,oecd-crs-energy-idn-2014-q-2026-09-28-md-6834418,same_as,line,oecd-crs-energy-idn-2013-q-2026-09-28-md-6250895,,,,accepted,exact_oecd_donor_and_project_id,1,1,2026-09-28,scripts/jetp/build_crs_comparators.py,,oecd-crs-energy-idn-2014-q-2026-09-28-md-6834418
same-as-oecd-crs-energy-idn-2014-q-2026-09-28-md-6827336,line,oecd-crs-energy-idn-2014-q-2026-09-28-md-6827336,same_as,line,oecd-crs-energy-idn-2013-q-2026-09-28-md-5846788,,,,accepted,exact_oecd_donor_and_project_id,1,1,2026-09-28,scripts/jetp/build_crs_comparators.py,,oecd-crs-energy-idn-2014-q-2026-09-28-md-6827336
same-as-oecd-crs-energy-idn-2014-q-2026-09-28-md-6826339,line,oecd-crs-energy-idn-2014-q-2026-09-28-md-6826339,same_as,line,oecd-crs-energy-idn-2010-q-2026-09-28-md-4342706,,,,accepted,exact_oecd_donor_and_project_id,1,1,2026-09-28,scripts/jetp/build_crs_comparators.py,,oecd-crs-energy-idn-2014-q-2026-09-28-md-6826339
same-as-oecd-crs-energy-idn-2014-q-2026-09-28-md-6832956,line,oecd-crs-energy-idn-2014-q-2026-09-28-md-6832956,same_as,line,oecd-crs-energy-idn-2010-q-2026-09-28-md-4392487,,,,accepted,exact_oecd_donor_and_project_id,1,1,2026-09-28,scripts/jetp/build_crs_comparators.py,,oecd-crs-energy-idn-2014-q-2026-09-28-md-6832956
same-as-oecd-crs-energy-idn-2014-q-2026-09-28-md-6817207,line,oecd-crs-energy-idn-2014-q-2026-09-28-md-6817207,same_as,line,oecd-crs-energy-idn-2013-q-2026-09-28-md-6250469,,,,accepted,exact_oecd_donor_and_project_id,1,1,2026-09-28,scripts/jetp/build_crs_comparators.py,,oecd-crs-energy-idn-2014-q-2026-09-28-md-6817207
same-as-oecd-crs-energy-idn-2014-q-2026-09-28-md-6783537,line,oecd-crs-energy-idn-2014-q-2026-09-28-md-6783537,same_as,line,oecd-crs-energy-idn-2011-q-2026-09-28-md-4710610,,,,accepted,exact_oecd_donor_and_project_id,1,1,2026-09-28,scripts/jetp/build_crs_comparators.py,,oecd-crs-energy-idn-2014-q-2026-09-28-md-6783537
same-as-oecd-crs-energy-idn-2014-q-2026-09-28-md-6731232,line,oecd-crs-energy-idn-2014-q-2026-09-28-md-6731232,same_as,line,oecd-crs-energy-idn-2007-q-2026-09-28-md-2284419,,,,accepted,exact_oecd_donor_and_project_id,1,1,2026-09-28,scripts/jetp/build_crs_comparators.py,,oecd-crs-energy-idn-2014-q-2026-09-28-md-6731232
same-as-oecd-crs-energy-idn-2014-q-2026-09-28-md-6706129,line,oecd-crs-energy-idn-2014-q-2026-09-28-md-6706129,same_as,line,oecd-crs-energy-idn-2007-q-2026-09-28-md-2284745,,,,accepted,exact_oecd_donor_and_project_id,1,1,2026-09-28,scripts/jetp/build_crs_comparators.py,,oecd-crs-energy-idn-2014-q-2026-09-28-md-6706129
same-as-oecd-crs-energy-idn-2014-q-2026-09-28-md-6733090,line,oecd-crs-energy-idn-2014-q-2026-09-28-md-6733090,same_as,line,oecd-crs-energy-idn-2013-q-2026-09-28-md-6116865,,,,accepted,exact_oecd_donor_and_project_id,1,1,2026-09-28,scripts/jetp/build_crs_comparators.py,,oecd-crs-energy-idn-2014-q-2026-09-28-md-6733090
same-as-oecd-crs-energy-idn-2014-q-2026-09-28-md-6741248,line,oecd-crs-energy-idn-2014-q-2026-09-28-md-6741248,same_as,line,oecd-crs-energy-idn-2013-q-2026-09-28-md-6106378,,,,accepted,exact_oecd_donor_and_project_id,1,1,2026-09-28,scripts/jetp/build_crs_comparators.py,,oecd-crs-energy-idn-2014-q-2026-09-28-md-6741248
same-as-oecd-crs-energy-idn-2014-q-2026-09-28-md-6741011,line,oecd-crs-energy-idn-2014-q-2026-09-28-md-6741011,same_as,line,oecd-crs-energy-idn-2013-q-2026-09-28-md-6106190,,,,accepted,exact_oecd_donor_and_project_id,1,1,2026-09-28,scripts/jetp/build_crs_comparators.py,,oecd-crs-energy-idn-2014-q-2026-09-28-md-6741011
same-as-oecd-crs-energy-idn-2014-q-2026-09-28-md-6406781,line,oecd-crs-energy-idn-2014-q-2026-09-28-md-6406781,same_as,line,oecd-crs-energy-idn-2013-q-2026-09-28-md-6106190,,,,accepted,exact_oecd_donor_and_project_id,1,1,2026-09-28,scripts/jetp/build_crs_comparators.py,,oecd-crs-energy-idn-2014-q-2026-09-28-md-6406781
same-as-oecd-crs-energy-idn-2014-q-2026-09-28-md-6741006,line,oecd-crs-energy-idn-2014-q-2026-09-28-md-6741006,same_as,line,oecd-crs-energy-idn-2013-q-2026-09-28-md-6105327,,,,accepted,exact_oecd_donor_and_project_id,1,1,2026-09-28,scripts/jetp/build_crs_comparators.py,,oecd-crs-energy-idn-2014-q-2026-09-28-md-6741006
same-as-oecd-crs-energy-idn-2014-q-2026-09-28-md-6406765,line,oecd-crs-energy-idn-2014-q-2026-09-28-md-6406765,same_as,line,oecd-crs-energy-idn-2013-q-2026-09-28-md-5790036,,,,accepted,exact_oecd_donor_and_project_id,1,1,2026-09-28,scripts/jetp/build_crs_comparators.py,,oecd-crs-energy-idn-2014-q-2026-09-28-md-6406765
same-as-oecd-crs-energy-idn-2014-q-2026-09-28-md-6815549,line,oecd-crs-energy-idn-2014-q-2026-09-28-md-6815549,same_as,line,oecd-crs-energy-idn-2011-q-2026-09-28-md-4511957,,,,accepted,exact_oecd_donor_and_project_id,1,1,2026-09-28,scripts/jetp/build_crs_comparators.py,,oecd-crs-energy-idn-2014-q-2026-09-28-md-6815549
same-as-oecd-crs-energy-idn-2014-q-2026-09-28-md-6467886,line,oecd-crs-energy-idn-2014-q-2026-09-28-md-6467886,same_as,line,oecd-crs-energy-idn-2011-q-2026-09-28-md-4511957,,,,accepted,exact_oecd_donor_and_project_id,1,1,2026-09-28,scripts/jetp/build_crs_comparators.py,,oecd-crs-energy-idn-2014-q-2026-09-28-md-6467886
same-as-oecd-crs-energy-idn-2014-q-2026-09-28-md-6812701,line,oecd-crs-energy-idn-2014-q-2026-09-28-md-6812701,same_as,line,oecd-crs-energy-idn-2012-q-2026-09-28-md-5236834,,,,accepted,exact_oecd_donor_and_project_id,1,1,2026-09-28,scripts/jetp/build_crs_comparators.py,,oecd-crs-energy-idn-2014-q-2026-09-28-md-6812701
same-as-oecd-crs-energy-idn-2014-q-2026-09-28-md-6809277,line,oecd-crs-energy-idn-2014-q-2026-09-28-md-6809277,same_as,line,oecd-crs-energy-idn-2011-q-2026-09-28-md-4763621,,,,accepted,exact_oecd_donor_and_project_id,1,1,2026-09-28,scripts/jetp/build_crs_comparators.py,,oecd-crs-energy-idn-2014-q-2026-09-28-md-6809277
same-as-oecd-crs-energy-idn-2014-q-2026-09-28-md-6741049,line,oecd-crs-energy-idn-2014-q-2026-09-28-md-6741049,same_as,line,oecd-crs-energy-idn-2013-q-2026-09-28-md-5790036,,,,accepted,exact_oecd_donor_and_project_id,1,1,2026-09-28,scripts/jetp/build_crs_comparators.py,,oecd-crs-energy-idn-2014-q-2026-09-28-md-6741049
same-as-oecd-crs-energy-idn-2014-q-2026-09-28-md-6740999,line,oecd-crs-energy-idn-2014-q-2026-09-28-md-6740999,same_as,line,oecd-crs-energy-idn-2013-q-2026-09-28-md-5789874,,,,accepted,exact_oecd_donor_and_project_id,1,1,2026-09-28,scripts/jetp/build_crs_comparators.py,,oecd-crs-energy-idn-2014-q-2026-09-28-md-6740999
same-as-oecd-crs-energy-idn-2014-q-2026-09-28-md-6715548,line,oecd-crs-energy-idn-2014-q-2026-09-28-md-6715548,same_as,line,oecd-crs-energy-idn-2013-q-2026-09-28-md-6086249,,,,accepted,exact_oecd_donor_and_project_id,1,1,2026-09-28,scripts/jetp/build_crs_comparators.py,,oecd-crs-energy-idn-2014-q-2026-09-28-md-6715548
same-as-oecd-crs-energy-idn-2014-q-2026-09-28-md-6812451,line,oecd-crs-energy-idn-2014-q-2026-09-28-md-6812451,same_as,line,oecd-crs-energy-idn-2011-q-2026-09-28-md-4471409,,,,accepted,exact_oecd_donor_and_project_id,1,1,2026-09-28,scripts/jetp/build_crs_comparators.py,,oecd-crs-energy-idn-2014-q-2026-09-28-md-6812451
same-as-oecd-crs-energy-idn-2014-q-2026-09-28-md-6812469,line,oecd-crs-energy-idn-2014-q-2026-09-28-md-6812469,same_as,line,oecd-crs-energy-idn-2009-q-2026-09-28-md-3270656,,,,accepted,exact_oecd_donor_and_project_id,1,1,2026-09-28,scripts/jetp/build_crs_comparators.py,,oecd-crs-energy-idn-2014-q-2026-09-28-md-6812469
same-as-oecd-crs-energy-idn-2014-q-2026-09-28-md-6813066,line,oecd-crs-energy-idn-2014-q-2026-09-28-md-6813066,same_as,line,oecd-crs-energy-idn-2013-q-2026-09-28-md-5803589,,,,accepted,exact_oecd_donor_and_project_id,1,1,2026-09-28,scripts/jetp/build_crs_comparators.py,,oecd-crs-energy-idn-2014-q-2026-09-28-md-6813066
same-as-oecd-crs-energy-idn-2014-q-2026-09-28-md-6495439,line,oecd-crs-energy-idn-2014-q-2026-09-28-md-6495439,same_as,line,oecd-crs-energy-idn-2013-q-2026-09-28-md-5803589,,,,accepted,exact_oecd_donor_and_project_id,1,1,2026-09-28,scripts/jetp/build_crs_comparators.py,,oecd-crs-energy-idn-2014-q-2026-09-28-md-6495439
same-as-oecd-crs-energy-idn-2014-q-2026-09-28-md-6789940,line,oecd-crs-energy-idn-2014-q-2026-09-28-md-6789940,same_as,line,oecd-crs-energy-idn-2008-q-2026-09-28-md-2718488,,,,accepted,exact_oecd_donor_and_project_id,1,1,2026-09-28,scripts/jetp/build_crs_comparators.py,,oecd-crs-energy-idn-2014-q-2026-09-28-md-6789940
same-as-oecd-crs-energy-idn-2014-q-2026-09-28-md-6775458,line,oecd-crs-energy-idn-2014-q-2026-09-28-md-6775458,same_as,line,oecd-crs-energy-idn-2009-q-2026-09-28-md-3726863,,,,accepted,exact_oecd_donor_and_project_id,1,1,2026-09-28,scripts/jetp/build_crs_comparators.py,,oecd-crs-energy-idn-2014-q-2026-09-28-md-6775458
same-as-oecd-crs-energy-idn-2014-q-2026-09-28-md-6825632,line,oecd-crs-energy-idn-2014-q-2026-09-28-md-6825632,same_as,line,oecd-crs-energy-idn-2008-q-2026-09-28-md-2599348,,,,accepted,exact_oecd_donor_and_project_id,1,1,2026-09-28,scripts/jetp/build_crs_comparators.py,,oecd-crs-energy-idn-2014-q-2026-09-28-md-6825632
same-as-oecd-crs-energy-idn-2014-q-2026-09-28-md-6775489,line,oecd-crs-energy-idn-2014-q-2026-09-28-md-6775489,same_as,line,oecd-crs-energy-idn-2010-q-2026-09-28-md-4329329,,,,accepted,exact_oecd_donor_and_project_id,1,1,2026-09-28,scripts/jetp/build_crs_comparators.py,,oecd-crs-energy-idn-2014-q-2026-09-28-md-6775489
same-as-oecd-crs-energy-idn-2014-q-2026-09-28-md-6775490,line,oecd-crs-energy-idn-2014-q-2026-09-28-md-6775490,same_as,line,oecd-crs-energy-idn-2009-q-2026-09-28-md-3726867,,,,accepted,exact_oecd_donor_and_project_id,1,1,2026-09-28,scripts/jetp/build_crs_comparators.py,,oecd-crs-energy-idn-2014-q-2026-09-28-md-6775490
same-as-oecd-crs-energy-idn-2014-q-2026-09-28-md-6825627,line,oecd-crs-energy-idn-2014-q-2026-09-28-md-6825627,same_as,line,oecd-crs-energy-idn-2008-q-2026-09-28-md-2600743,,,,accepted,exact_oecd_donor_and_project_id,1,1,2026-09-28,scripts/jetp/build_crs_comparators.py,,oecd-crs-energy-idn-2014-q-2026-09-28-md-6825627
same-as-oecd-crs-energy-idn-2014-q-2026-09-28-md-6775006,line,oecd-crs-energy-idn-2014-q-2026-09-28-md-6775006,same_as,line,oecd-crs-energy-idn-2013-q-2026-09-28-md-5776258,,,,accepted,exact_oecd_donor_and_project_id,1,1,2026-09-28,scripts/jetp/build_crs_comparators.py,,oecd-crs-energy-idn-2014-q-2026-09-28-md-6775006
same-as-oecd-crs-energy-idn-2014-q-2026-09-28-md-6774223,line,oecd-crs-energy-idn-2014-q-2026-09-28-md-6774223,same_as,line,oecd-crs-energy-idn-2010-q-2026-09-28-md-4306319,,,,accepted,exact_oecd_donor_and_project_id,1,1,2026-09-28,scripts/jetp/build_crs_comparators.py,,oecd-crs-energy-idn-2014-q-2026-09-28-md-6774223
same-as-oecd-crs-energy-idn-2014-q-2026-09-28-md-6768704,line,oecd-crs-energy-idn-2014-q-2026-09-28-md-6768704,same_as,line,oecd-crs-energy-idn-2011-q-2026-09-28-md-4728771,,,,accepted,exact_oecd_donor_and_project_id,1,1,2026-09-28,scripts/jetp/build_crs_comparators.py,,oecd-crs-energy-idn-2014-q-2026-09-28-md-6768704
same-as-oecd-crs-energy-idn-2014-q-2026-09-28-md-6775105,line,oecd-crs-energy-idn-2014-q-2026-09-28-md-6775105,same_as,line,oecd-crs-energy-idn-2009-q-2026-09-28-md-3302903,,,,accepted,exact_oecd_donor_and_project_id,1,1,2026-09-28,scripts/jetp/build_crs_comparators.py,,oecd-crs-energy-idn-2014-q-2026-09-28-md-6775105
same-as-oecd-crs-energy-idn-2014-q-2026-09-28-md-6760411,line,oecd-crs-energy-idn-2014-q-2026-09-28-md-6760411,same_as,line,oecd-crs-energy-idn-2011-q-2026-09-28-md-4692482,,,,accepted,exact_oecd_donor_and_project_id,1,1,2026-09-28,scripts/jetp/build_crs_comparators.py,,oecd-crs-energy-idn-2014-q-2026-09-28-md-6760411
same-as-oecd-crs-energy-idn-2014-q-2026-09-28-md-6698868,line,oecd-crs-energy-idn-2014-q-2026-09-28-md-6698868,same_as,line,oecd-crs-energy-idn-2012-q-2026-09-28-md-5146802,,,,accepted,exact_oecd_donor_and_project_id,1,1,2026-09-28,scripts/jetp/build_crs_comparators.py,,oecd-crs-energy-idn-2014-q-2026-09-28-md-6698868
same-as-oecd-crs-energy-idn-2014-q-2026-09-28-md-6702873,line,oecd-crs-energy-idn-2014-q-2026-09-28-md-6702873,same_as,line,oecd-crs-energy-idn-2012-q-2026-09-28-md-5483934,,,,accepted,exact_oecd_donor_and_project_id,1,1,2026-09-28,scripts/jetp/build_crs_comparators.py,,oecd-crs-energy-idn-2014-q-2026-09-28-md-6702873
same-as-oecd-crs-energy-idn-2014-q-2026-09-28-md-6702743,line,oecd-crs-energy-idn-2014-q-2026-09-28-md-6702743,same_as,line,oecd-crs-energy-idn-2009-q-2026-09-28-md-3312138,,,,accepted,exact_oecd_donor_and_project_id,1,1,2026-09-28,scripts/jetp/build_crs_comparators.py,,oecd-crs-energy-idn-2014-q-2026-09-28-md-6702743
same-as-oecd-crs-energy-idn-2014-q-2026-09-28-md-6703578,line,oecd-crs-energy-idn-2014-q-2026-09-28-md-6703578,same_as,line,oecd-crs-energy-idn-2013-q-2026-09-28-md-6114731,,,,accepted,exact_oecd_donor_and_project_id,1,1,2026-09-28,scripts/jetp/build_crs_comparators.py,,oecd-crs-energy-idn-2014-q-2026-09-28-md-6703578
same-as-oecd-crs-energy-idn-2014-q-2026-09-28-md-6702877,line,oecd-crs-energy-idn-2014-q-2026-09-28-md-6702877,same_as,line,oecd-crs-energy-idn-2012-q-2026-09-28-md-5147363,,,,accepted,exact_oecd_donor_and_project_id,1,1,2026-09-28,scripts/jetp/build_crs_comparators.py,,oecd-crs-energy-idn-2014-q-2026-09-28-md-6702877
same-as-oecd-crs-energy-idn-2014-q-2026-09-28-md-6695107,line,oecd-crs-energy-idn-2014-q-2026-09-28-md-6695107,same_as,line,oecd-crs-energy-idn-2012-q-2026-09-28-md-5145062,,,,accepted,exact_oecd_donor_and_project_id,1,1,2026-09-28,scripts/jetp/build_crs_comparators.py,,oecd-crs-energy-idn-2014-q-2026-09-28-md-6695107
same-as-oecd-crs-energy-idn-2014-q-2026-09-28-md-6695171,line,oecd-crs-energy-idn-2014-q-2026-09-28-md-6695171,same_as,line,oecd-crs-energy-idn-2012-q-2026-09-28-md-5145251,,,,accepted,exact_oecd_donor_and_project_id,1,1,2026-09-28,scripts/jetp/build_crs_comparators.py,,oecd-crs-energy-idn-2014-q-2026-09-28-md-6695171
same-as-oecd-crs-energy-idn-2014-q-2026-09-28-md-6804818,line,oecd-crs-energy-idn-2014-q-2026-09-28-md-6804818,same_as,line,oecd-crs-energy-idn-2013-q-2026-09-28-md-6076883,,,,accepted,exact_oecd_donor_and_project_id,1,1,2026-09-28,scripts/jetp/build_crs_comparators.py,,oecd-crs-energy-idn-2014-q-2026-09-28-md-6804818
same-as-oecd-crs-energy-idn-2014-q-2026-09-28-md-6727701,line,oecd-crs-energy-idn-2014-q-2026-09-28-md-6727701,same_as,line,oecd-crs-energy-idn-2012-q-2026-09-28-md-5172019,,,,accepted,exact_oecd_donor_and_project_id,1,1,2026-09-28,scripts/jetp/build_crs_comparators.py,,oecd-crs-energy-idn-2014-q-2026-09-28-md-6727701
same-as-oecd-crs-energy-idn-2014-q-2026-09-28-md-6735659,line,oecd-crs-energy-idn-2014-q-2026-09-28-md-6735659,same_as,line,oecd-crs-energy-idn-2009-q-2026-09-28-md-3333876,,,,accepted,exact_oecd_donor_and_project_id,1,1,2026-09-28,scripts/jetp/build_crs_comparators.py,,oecd-crs-energy-idn-2014-q-2026-09-28-md-6735659
same-as-oecd-crs-energy-idn-2014-q-2026-09-28-md-6768705,line,oecd-crs-energy-idn-2014-q-2026-09-28-md-6768705,same_as,line,oecd-crs-energy-idn-2011-q-2026-09-28-md-4728771,,,,accepted,exact_oecd_donor_and_project_id,1,1,2026-09-28,scripts/jetp/build_crs_comparators.py,,oecd-crs-energy-idn-2014-q-2026-09-28-md-6768705
same-as-oecd-crs-energy-idn-2015-q-2026-09-28-md-7439911,line,oecd-crs-energy-idn-2015-q-2026-09-28-md-7439911,same_as,line,oecd-crs-energy-idn-2011-q-2026-09-28-md-4707436,,,,accepted,exact_oecd_donor_and_project_id,1,1,2026-09-28,scripts/jetp/build_crs_comparators.py,,oecd-crs-energy-idn-2015-q-2026-09-28-md-7439911
same-as-oecd-crs-energy-idn-2015-q-2026-09-28-md-7439912,line,oecd-crs-energy-idn-2015-q-2026-09-28-md-7439912,same_as,line,oecd-crs-energy-idn-2011-q-2026-09-28-md-4707438,,,,accepted,exact_oecd_donor_and_project_id,1,1,2026-09-28,scripts/jetp/build_crs_comparators.py,,oecd-crs-energy-idn-2015-q-2026-09-28-md-7439912
same-as-oecd-crs-energy-idn-2015-q-2026-09-28-md-7439903,line,oecd-crs-energy-idn-2015-q-2026-09-28-md-7439903,same_as,line,oecd-crs-energy-idn-2011-q-2026-09-28-md-4707490,,,,accepted,exact_oecd_donor_and_project_id,1,1,2026-09-28,scripts/jetp/build_crs_comparators.py,,oecd-crs-energy-idn-2015-q-2026-09-28-md-7439903
same-as-oecd-crs-energy-idn-2015-q-2026-09-28-md-7439924,line,oecd-crs-energy-idn-2015-q-2026-09-28-md-7439924,same_as,line,oecd-crs-energy-idn-2013-q-2026-09-28-md-5807409,,,,accepted,exact_oecd_donor_and_project_id,1,1,2026-09-28,scripts/jetp/build_crs_comparators.py,,oecd-crs-energy-idn-2015-q-2026-09-28-md-7439924
same-as-oecd-crs-energy-idn-2015-q-2026-09-28-md-7457688,line,oecd-crs-energy-idn-2015-q-2026-09-28-md-7457688,same_as,line,oecd-crs-energy-idn-2014-q-2026-09-28-md-6496834,,,,accepted,exact_oecd_donor_and_project_id,1,1,2026-09-28,scripts/jetp/build_crs_comparators.py,,oecd-crs-energy-idn-2015-q-2026-09-28-md-7457688
same-as-oecd-crs-energy-idn-2015-q-2026-09-28-md-7105645,line,oecd-crs-energy-idn-2015-q-2026-09-28-md-7105645,same_as,line,oecd-crs-energy-idn-2014-q-2026-09-28-md-6488823,,,,accepted,exact_oecd_donor_and_project_id,1,1,2026-09-28,scripts/jetp/build_crs_comparators.py,,oecd-crs-energy-idn-2015-q-2026-09-28-md-7105645
same-as-oecd-crs-energy-idn-2015-q-2026-09-28-md-7105530,line,oecd-crs-energy-idn-2015-q-2026-09-28-md-7105530,same_as,line,oecd-crs-energy-idn-2014-q-2026-09-28-md-6496834,,,,accepted,exact_oecd_donor_and_project_id,1,1,2026-09-28,scripts/jetp/build_crs_comparators.py,,oecd-crs-energy-idn-2015-q-2026-09-28-md-7105530
same-as-oecd-crs-energy-idn-2015-q-2026-09-28-md-7457734,line,oecd-crs-energy-idn-2015-q-2026-09-28-md-7457734,same_as,line,oecd-crs-energy-idn-2014-q-2026-09-28-md-6488823,,,,accepted,exact_oecd_donor_and_project_id,1,1,2026-09-28,scripts/jetp/build_crs_comparators.py,,oecd-crs-energy-idn-2015-q-2026-09-28-md-7457734
same-as-oecd-crs-energy-idn-2015-q-2026-09-28-md-7105529,line,oecd-crs-energy-idn-2015-q-2026-09-28-md-7105529,same_as,line,oecd-crs-energy-idn-2014-q-2026-09-28-md-6860044,,,,accepted,exact_oecd_donor_and_project_id,1,1,2026-09-28,scripts/jetp/build_crs_comparators.py,,oecd-crs-energy-idn-2015-q-2026-09-28-md-7105529
same-as-oecd-crs-energy-idn-2015-q-2026-09-28-md-7457687,line,oecd-crs-energy-idn-2015-q-2026-09-28-md-7457687,same_as,line,oecd-crs-energy-idn-2014-q-2026-09-28-md-6860044,,,,accepted,exact_oecd_donor_and_project_id,1,1,2026-09-28,scripts/jetp/build_crs_comparators.py,,oecd-crs-energy-idn-2015-q-2026-09-28-md-7457687
same-as-oecd-crs-energy-idn-2015-q-2026-09-28-md-7302115,line,oecd-crs-energy-idn-2015-q-2026-09-28-md-7302115,same_as,line,oecd-crs-energy-idn-2013-q-2026-09-28-md-5846788,,,,accepted,exact_oecd_donor_and_project_id,1,1,2026-09-28,scripts/jetp/build_crs_comparators.py,,oecd-crs-energy-idn-2015-q-2026-09-28-md-7302115
same-as-oecd-crs-energy-idn-2015-q-2026-09-28-md-7417262,line,oecd-crs-energy-idn-2015-q-2026-09-28-md-7417262,same_as,line,oecd-crs-energy-idn-2010-q-2026-09-28-md-3979918,,,,accepted,exact_oecd_donor_and_project_id,1,1,2026-09-28,scripts/jetp/build_crs_comparators.py,,oecd-crs-energy-idn-2015-q-2026-09-28-md-7417262
same-as-oecd-crs-energy-idn-2015-q-2026-09-28-md-7425216,line,oecd-crs-energy-idn-2015-q-2026-09-28-md-7425216,same_as,line,oecd-crs-energy-idn-2013-q-2026-09-28-md-5847073,,,,accepted,exact_oecd_donor_and_project_id,1,1,2026-09-28,scripts/jetp/build_crs_comparators.py,,oecd-crs-energy-idn-2015-q-2026-09-28-md-7425216
same-as-oecd-crs-energy-idn-2015-q-2026-09-28-md-7423918,line,oecd-crs-energy-idn-2015-q-2026-09-28-md-7423918,same_as,line,oecd-crs-energy-idn-2013-q-2026-09-28-md-6250895,,,,accepted,exact_oecd_donor_and_project_id,1,1,2026-09-28,scripts/jetp/build_crs_comparators.py,,oecd-crs-energy-idn-2015-q-2026-09-28-md-7423918
same-as-oecd-crs-energy-idn-2015-q-2026-09-28-md-7316148,line,oecd-crs-energy-idn-2015-q-2026-09-28-md-7316148,same_as,line,oecd-crs-energy-idn-2014-q-2026-09-28-md-6404403,,,,accepted,exact_oecd_donor_and_project_id,1,1,2026-09-28,scripts/jetp/build_crs_comparators.py,,oecd-crs-energy-idn-2015-q-2026-09-28-md-7316148
same-as-oecd-crs-energy-idn-2015-q-2026-09-28-md-7418756,line,oecd-crs-energy-idn-2015-q-2026-09-28-md-7418756,same_as,line,oecd-crs-energy-idn-2013-q-2026-09-28-md-6250469,,,,accepted,exact_oecd_donor_and_project_id,1,1,2026-09-28,scripts/jetp/build_crs_comparators.py,,oecd-crs-energy-idn-2015-q-2026-09-28-md-7418756
same-as-oecd-crs-energy-idn-2015-q-2026-09-28-md-7042224,line,oecd-crs-energy-idn-2015-q-2026-09-28-md-7042224,same_as,line,oecd-crs-energy-idn-2013-q-2026-09-28-md-5790036,,,,accepted,exact_oecd_donor_and_project_id,1,1,2026-09-28,scripts/jetp/build_crs_comparators.py,,oecd-crs-energy-idn-2015-q-2026-09-28-md-7042224
same-as-oecd-crs-energy-idn-2015-q-2026-09-28-md-7319275,line,oecd-crs-energy-idn-2015-q-2026-09-28-md-7319275,same_as,line,oecd-crs-energy-idn-2007-q-2026-09-28-md-2284419,,,,accepted,exact_oecd_donor_and_project_id,1,1,2026-09-28,scripts/jetp/build_crs_comparators.py,,oecd-crs-energy-idn-2015-q-2026-09-28-md-7319275
same-as-oecd-crs-energy-idn-2015-q-2026-09-28-md-7382178,line,oecd-crs-energy-idn-2015-q-2026-09-28-md-7382178,same_as,line,oecd-crs-energy-idn-2013-q-2026-09-28-md-5790036,,,,accepted,exact_oecd_donor_and_project_id,1,1,2026-09-28,scripts/jetp/build_crs_comparators.py,,oecd-crs-energy-idn-2015-q-2026-09-28-md-7382178
same-as-oecd-crs-energy-idn-2015-q-2026-09-28-md-7362809,line,oecd-crs-energy-idn-2015-q-2026-09-28-md-7362809,same_as,line,oecd-crs-energy-idn-2013-q-2026-09-28-md-5776258,,,,accepted,exact_oecd_donor_and_project_id,1,1,2026-09-28,scripts/jetp/build_crs_comparators.py,,oecd-crs-energy-idn-2015-q-2026-09-28-md-7362809
same-as-oecd-crs-energy-idn-2015-q-2026-09-28-md-7362808,line,oecd-crs-energy-idn-2015-q-2026-09-28-md-7362808,same_as,line,oecd-crs-energy-idn-2011-q-2026-09-28-md-4728771,,,,accepted,exact_oecd_donor_and_project_id,1,1,2026-09-28,scripts/jetp/build_crs_comparators.py,,oecd-crs-energy-idn-2015-q-2026-09-28-md-7362808
same-as-oecd-crs-energy-idn-2015-q-2026-09-28-md-7362762,line,oecd-crs-energy-idn-2015-q-2026-09-28-md-7362762,same_as,line,oecd-crs-energy-idn-2011-q-2026-09-28-md-4728771,,,,accepted,exact_oecd_donor_and_project_id,1,1,2026-09-28,scripts/jetp/build_crs_comparators.py,,oecd-crs-energy-idn-2015-q-2026-09-28-md-7362762
same-as-oecd-crs-energy-idn-2015-q-2026-09-28-md-7362761,line,oecd-crs-energy-idn-2015-q-2026-09-28-md-7362761,same_as,line,oecd-crs-energy-idn-2010-q-2026-09-28-md-3963746,,,,accepted,exact_oecd_donor_and_project_id,1,1,2026-09-28,scripts/jetp/build_crs_comparators.py,,oecd-crs-energy-idn-2015-q-2026-09-28-md-7362761
same-as-oecd-crs-energy-idn-2015-q-2026-09-28-md-7362768,line,oecd-crs-energy-idn-2015-q-2026-09-28-md-7362768,same_as,line,oecd-crs-energy-idn-2010-q-2026-09-28-md-4306319,,,,accepted,exact_oecd_donor_and_project_id,1,1,2026-09-28,scripts/jetp/build_crs_comparators.py,,oecd-crs-energy-idn-2015-q-2026-09-28-md-7362768
same-as-oecd-crs-energy-idn-2015-q-2026-09-28-md-7362760,line,oecd-crs-energy-idn-2015-q-2026-09-28-md-7362760,same_as,line,oecd-crs-energy-idn-2009-q-2026-09-28-md-3302903,,,,accepted,exact_oecd_donor_and_project_id,1,1,2026-09-28,scripts/jetp/build_crs_comparators.py,,oecd-crs-energy-idn-2015-q-2026-09-28-md-7362760
same-as-oecd-crs-energy-idn-2015-q-2026-09-28-md-7362757,line,oecd-crs-energy-idn-2015-q-2026-09-28-md-7362757,same_as,line,oecd-crs-energy-idn-2009-q-2026-09-28-md-3726867,,,,accepted,exact_oecd_donor_and_project_id,1,1,2026-09-28,scripts/jetp/build_crs_comparators.py,,oecd-crs-energy-idn-2015-q-2026-09-28-md-7362757
same-as-oecd-crs-energy-idn-2015-q-2026-09-28-md-7362769,line,oecd-crs-energy-idn-2015-q-2026-09-28-md-7362769,same_as,line,oecd-crs-energy-idn-2009-q-2026-09-28-md-3726863,,,,accepted,exact_oecd_donor_and_project_id,1,1,2026-09-28,scripts/jetp/build_crs_comparators.py,,oecd-crs-energy-idn-2015-q-2026-09-28-md-7362769
same-as-oecd-crs-energy-idn-2015-q-2026-09-28-md-7340449,line,oecd-crs-energy-idn-2015-q-2026-09-28-md-7340449,same_as,line,oecd-crs-energy-idn-2014-q-2026-09-28-md-6386872,,,,accepted,exact_oecd_donor_and_project_id,1,1,2026-09-28,scripts/jetp/build_crs_comparators.py,,oecd-crs-energy-idn-2015-q-2026-09-28-md-7340449
same-as-oecd-crs-energy-idn-2015-q-2026-09-28-md-7342402,line,oecd-crs-energy-idn-2015-q-2026-09-28-md-7342402,same_as,line,oecd-crs-energy-idn-2012-q-2026-09-28-md-5483934,,,,accepted,exact_oecd_donor_and_project_id,1,1,2026-09-28,scripts/jetp/build_crs_comparators.py,,oecd-crs-energy-idn-2015-q-2026-09-28-md-7342402
same-as-oecd-crs-energy-idn-2015-q-2026-09-28-md-7341867,line,oecd-crs-energy-idn-2015-q-2026-09-28-md-7341867,same_as,line,oecd-crs-energy-idn-2013-q-2026-09-28-md-6114731,,,,accepted,exact_oecd_donor_and_project_id,1,1,2026-09-28,scripts/jetp/build_crs_comparators.py,,oecd-crs-energy-idn-2015-q-2026-09-28-md-7341867
same-as-oecd-crs-energy-idn-2015-q-2026-09-28-md-7016789,line,oecd-crs-energy-idn-2015-q-2026-09-28-md-7016789,same_as,line,oecd-crs-energy-idn-2012-q-2026-09-28-md-5147363,,,,accepted,exact_oecd_donor_and_project_id,1,1,2026-09-28,scripts/jetp/build_crs_comparators.py,,oecd-crs-energy-idn-2015-q-2026-09-28-md-7016789
same-as-oecd-crs-energy-idn-2015-q-2026-09-28-md-7342401,line,oecd-crs-energy-idn-2015-q-2026-09-28-md-7342401,same_as,line,oecd-crs-energy-idn-2012-q-2026-09-28-md-5147363,,,,accepted,exact_oecd_donor_and_project_id,1,1,2026-09-28,scripts/jetp/build_crs_comparators.py,,oecd-crs-energy-idn-2015-q-2026-09-28-md-7342401
same-as-oecd-crs-energy-idn-2015-q-2026-09-28-md-7340170,line,oecd-crs-energy-idn-2015-q-2026-09-28-md-7340170,same_as,line,oecd-crs-energy-idn-2012-q-2026-09-28-md-5146802,,,,accepted,exact_oecd_donor_and_project_id,1,1,2026-09-28,scripts/jetp/build_crs_comparators.py,,oecd-crs-energy-idn-2015-q-2026-09-28-md-7340170
same-as-oecd-crs-energy-idn-2015-q-2026-09-28-md-7015025,line,oecd-crs-energy-idn-2015-q-2026-09-28-md-7015025,same_as,line,oecd-crs-energy-idn-2012-q-2026-09-28-md-5146802,,,,accepted,exact_oecd_donor_and_project_id,1,1,2026-09-28,scripts/jetp/build_crs_comparators.py,,oecd-crs-energy-idn-2015-q-2026-09-28-md-7015025
same-as-oecd-crs-energy-idn-2015-q-2026-09-28-md-7297479,line,oecd-crs-energy-idn-2015-q-2026-09-28-md-7297479,same_as,line,oecd-crs-energy-idn-2013-q-2026-09-28-md-6086249,,,,accepted,exact_oecd_donor_and_project_id,1,1,2026-09-28,scripts/jetp/build_crs_comparators.py,,oecd-crs-energy-idn-2015-q-2026-09-28-md-7297479
same-as-oecd-crs-energy-idn-2015-q-2026-09-28-md-7399786,line,oecd-crs-energy-idn-2015-q-2026-09-28-md-7399786,same_as,line,oecd-crs-energy-idn-2009-q-2026-09-28-md-3333876,,,,accepted,exact_oecd_donor_and_project_id,1,1,2026-09-28,scripts/jetp/build_crs_comparators.py,,oecd-crs-energy-idn-2015-q-2026-09-28-md-7399786
same-as-oecd-crs-energy-idn-2015-q-2026-09-28-md-7446021,line,oecd-crs-energy-idn-2015-q-2026-09-28-md-7446021,same_as,line,oecd-crs-energy-idn-2011-q-2026-09-28-md-4763621,,,,accepted,exact_oecd_donor_and_project_id,1,1,2026-09-28,scripts/jetp/build_crs_comparators.py,,oecd-crs-energy-idn-2015-q-2026-09-28-md-7446021
same-as-oecd-crs-energy-idn-2015-q-2026-09-28-md-7448027,line,oecd-crs-energy-idn-2015-q-2026-09-28-md-7448027,same_as,line,oecd-crs-energy-idn-2012-q-2026-09-28-md-5236834,,,,accepted,exact_oecd_donor_and_project_id,1,1,2026-09-28,scripts/jetp/build_crs_comparators.py,,oecd-crs-energy-idn-2015-q-2026-09-28-md-7448027
same-as-oecd-crs-energy-idn-2015-q-2026-09-28-md-7446982,line,oecd-crs-energy-idn-2015-q-2026-09-28-md-7446982,same_as,line,oecd-crs-energy-idn-2011-q-2026-09-28-md-4511957,,,,accepted,exact_oecd_donor_and_project_id,1,1,2026-09-28,scripts/jetp/build_crs_comparators.py,,oecd-crs-energy-idn-2015-q-2026-09-28-md-7446982
same-as-oecd-crs-energy-idn-2015-q-2026-09-28-md-7101474,line,oecd-crs-energy-idn-2015-q-2026-09-28-md-7101474,same_as,line,oecd-crs-energy-idn-2011-q-2026-09-28-md-4511957,,,,accepted,exact_oecd_donor_and_project_id,1,1,2026-09-28,scripts/jetp/build_crs_comparators.py,,oecd-crs-energy-idn-2015-q-2026-09-28-md-7101474
same-as-oecd-crs-energy-idn-2015-q-2026-09-28-md-7433074,line,oecd-crs-energy-idn-2015-q-2026-09-28-md-7433074,same_as,line,oecd-crs-energy-idn-2010-q-2026-09-28-md-3979461,,,,accepted,exact_oecd_donor_and_project_id,1,1,2026-09-28,scripts/jetp/build_crs_comparators.py,,oecd-crs-energy-idn-2015-q-2026-09-28-md-7433074
same-as-oecd-crs-energy-idn-2015-q-2026-09-28-md-7331226,line,oecd-crs-energy-idn-2015-q-2026-09-28-md-7331226,same_as,line,oecd-crs-energy-idn-2012-q-2026-09-28-md-5235935,,,,accepted,exact_oecd_donor_and_project_id,1,1,2026-09-28,scripts/jetp/build_crs_comparators.py,,oecd-crs-energy-idn-2015-q-2026-09-28-md-7331226
same-as-oecd-crs-energy-idn-2015-q-2026-09-28-md-7439894,line,oecd-crs-energy-idn-2015-q-2026-09-28-md-7439894,same_as,line,oecd-crs-energy-idn-2012-q-2026-09-28-md-5228479,,,,accepted,exact_oecd_donor_and_project_id,1,1,2026-09-28,scripts/jetp/build_crs_comparators.py,,oecd-crs-energy-idn-2015-q-2026-09-28-md-7439894
same-as-oecd-crs-energy-idn-2015-q-2026-09-28-md-7439885,line,oecd-crs-energy-idn-2015-q-2026-09-28-md-7439885,same_as,line,oecd-crs-energy-idn-2010-q-2026-09-28-md-3980199,,,,accepted,exact_oecd_donor_and_project_id,1,1,2026-09-28,scripts/jetp/build_crs_comparators.py,,oecd-crs-energy-idn-2015-q-2026-09-28-md-7439885
same-as-oecd-crs-energy-idn-2016-q-2026-09-28-md-16653532,line,oecd-crs-energy-idn-2016-q-2026-09-28-md-16653532,same_as,line,oecd-crs-energy-idn-2015-q-2026-09-28-md-6997410,,,,accepted,exact_oecd_donor_and_project_id,1,1,2026-09-28,scripts/jetp/build_crs_comparators.py,,oecd-crs-energy-idn-2016-q-2026-09-28-md-16653532
same-as-oecd-crs-energy-idn-2016-q-2026-09-28-md-16653294,line,oecd-crs-energy-idn-2016-q-2026-09-28-md-16653294,same_as,line,oecd-crs-energy-idn-2015-q-2026-09-28-md-6997398,,,,accepted,exact_oecd_donor_and_project_id,1,1,2026-09-28,scripts/jetp/build_crs_comparators.py,,oecd-crs-energy-idn-2016-q-2026-09-28-md-16653294
same-as-oecd-crs-energy-idn-2016-q-2026-09-28-md-16773027,line,oecd-crs-energy-idn-2016-q-2026-09-28-md-16773027,same_as,line,oecd-crs-energy-idn-2015-q-2026-09-28-md-7101791,,,,accepted,exact_oecd_donor_and_project_id,1,1,2026-09-28,scripts/jetp/build_crs_comparators.py,,oecd-crs-energy-idn-2016-q-2026-09-28-md-16773027
same-as-oecd-crs-energy-idn-2016-q-2026-09-28-md-16773253,line,oecd-crs-energy-idn-2016-q-2026-09-28-md-16773253,same_as,line,oecd-crs-energy-idn-2011-q-2026-09-28-md-4707438,,,,accepted,exact_oecd_donor_and_project_id,1,1,2026-09-28,scripts/jetp/build_crs_comparators.py,,oecd-crs-energy-idn-2016-q-2026-09-28-md-16773253
same-as-oecd-crs-energy-idn-2016-q-2026-09-28-md-16773252,line,oecd-crs-energy-idn-2016-q-2026-09-28-md-16773252,same_as,line,oecd-crs-energy-idn-2011-q-2026-09-28-md-4707436,,,,accepted,exact_oecd_donor_and_project_id,1,1,2026-09-28,scripts/jetp/build_crs_comparators.py,,oecd-crs-energy-idn-2016-q-2026-09-28-md-16773252
same-as-oecd-crs-energy-idn-2016-q-2026-09-28-md-16773227,line,oecd-crs-energy-idn-2016-q-2026-09-28-md-16773227,same_as,line,oecd-crs-energy-idn-2011-q-2026-09-28-md-4707490,,,,accepted,exact_oecd_donor_and_project_id,1,1,2026-09-28,scripts/jetp/build_crs_comparators.py,,oecd-crs-energy-idn-2016-q-2026-09-28-md-16773227
same-as-oecd-crs-energy-idn-2016-q-2026-09-28-md-16772852,line,oecd-crs-energy-idn-2016-q-2026-09-28-md-16772852,same_as,line,oecd-crs-energy-idn-2012-q-2026-09-28-md-5228479,,,,accepted,exact_oecd_donor_and_project_id,1,1,2026-09-28,scripts/jetp/build_crs_comparators.py,,oecd-crs-energy-idn-2016-q-2026-09-28-md-16772852
same-as-oecd-crs-energy-idn-2016-q-2026-09-28-md-16772795,line,oecd-crs-energy-idn-2016-q-2026-09-28-md-16772795,same_as,line,oecd-crs-energy-idn-2013-q-2026-09-28-md-5807409,,,,accepted,exact_oecd_donor_and_project_id,1,1,2026-09-28,scripts/jetp/build_crs_comparators.py,,oecd-crs-energy-idn-2016-q-2026-09-28-md-16772795
same-as-oecd-crs-energy-idn-2016-q-2026-09-28-md-16736143,line,oecd-crs-energy-idn-2016-q-2026-09-28-md-16736143,same_as,line,oecd-crs-energy-idn-2010-q-2026-09-28-md-3980199,,,,accepted,exact_oecd_donor_and_project_id,1,1,2026-09-28,scripts/jetp/build_crs_comparators.py,,oecd-crs-energy-idn-2016-q-2026-09-28-md-16736143
same-as-oecd-crs-energy-idn-2016-q-2026-09-28-md-16656146,line,oecd-crs-energy-idn-2016-q-2026-09-28-md-16656146,same_as,line,oecd-crs-energy-idn-2015-q-2026-09-28-md-7067719,,,,accepted,exact_oecd_donor_and_project_id,1,1,2026-09-28,scripts/jetp/build_crs_comparators.py,,oecd-crs-energy-idn-2016-q-2026-09-28-md-16656146
same-as-oecd-crs-energy-idn-2016-q-2026-09-28-md-16655961,line,oecd-crs-energy-idn-2016-q-2026-09-28-md-16655961,same_as,line,oecd-crs-energy-idn-2013-q-2026-09-28-md-5846788,,,,accepted,exact_oecd_donor_and_project_id,1,1,2026-09-28,scripts/jetp/build_crs_comparators.py,,oecd-crs-energy-idn-2016-q-2026-09-28-md-16655961
same-as-oecd-crs-energy-idn-2016-q-2026-09-28-md-16656534,line,oecd-crs-energy-idn-2016-q-2026-09-28-md-16656534,same_as,line,oecd-crs-energy-idn-2015-q-2026-09-28-md-6998603,,,,accepted,exact_oecd_donor_and_project_id,1,1,2026-09-28,scripts/jetp/build_crs_comparators.py,,oecd-crs-energy-idn-2016-q-2026-09-28-md-16656534
same-as-oecd-crs-energy-idn-2016-q-2026-09-28-md-16656656,line,oecd-crs-energy-idn-2016-q-2026-09-28-md-16656656,same_as,line,oecd-crs-energy-idn-2013-q-2026-09-28-md-5847073,,,,accepted,exact_oecd_donor_and_project_id,1,1,2026-09-28,scripts/jetp/build_crs_comparators.py,,oecd-crs-energy-idn-2016-q-2026-09-28-md-16656656
same-as-oecd-crs-energy-idn-2016-q-2026-09-28-md-16656517,line,oecd-crs-energy-idn-2016-q-2026-09-28-md-16656517,same_as,line,oecd-crs-energy-idn-2015-q-2026-09-28-md-7063442,,,,accepted,exact_oecd_donor_and_project_id,1,1,2026-09-28,scripts/jetp/build_crs_comparators.py,,oecd-crs-energy-idn-2016-q-2026-09-28-md-16656517
same-as-oecd-crs-energy-idn-2016-q-2026-09-28-md-16661095,line,oecd-crs-energy-idn-2016-q-2026-09-28-md-16661095,same_as,line,oecd-crs-energy-idn-2014-q-2026-09-28-md-6471010,,,,accepted,exact_oecd_donor_and_project_id,1,1,2026-09-28,scripts/jetp/build_crs_comparators.py,,oecd-crs-energy-idn-2016-q-2026-09-28-md-16661095
same-as-oecd-crs-energy-idn-2016-q-2026-09-28-md-16782370,line,oecd-crs-energy-idn-2016-q-2026-09-28-md-16782370,same_as,line,oecd-crs-energy-zaf-2020-q-2026-09-28-md-19802799,,,,accepted,exact_oecd_donor_and_project_id,1,1,2026-09-28,scripts/jetp/build_crs_comparators.py,,oecd-crs-energy-idn-2016-q-2026-09-28-md-16782370
same-as-oecd-crs-energy-idn-2016-q-2026-09-28-md-16686205,line,oecd-crs-energy-idn-2016-q-2026-09-28-md-16686205,same_as,line,oecd-crs-energy-idn-2014-q-2026-09-28-md-6404403,,,,accepted,exact_oecd_donor_and_project_id,1,1,2026-09-28,scripts/jetp/build_crs_comparators.py,,oecd-crs-energy-idn-2016-q-2026-09-28-md-16686205
same-as-oecd-crs-energy-idn-2016-q-2026-09-28-md-16581132,line,oecd-crs-energy-idn-2016-q-2026-09-28-md-16581132,same_as,line,oecd-crs-energy-idn-2015-q-2026-09-28-md-7101317,,,,accepted,exact_oecd_donor_and_project_id,1,1,2026-09-28,scripts/jetp/build_crs_comparators.py,,oecd-crs-energy-idn-2016-q-2026-09-28-md-16581132
same-as-oecd-crs-energy-idn-2016-q-2026-09-28-md-16775361,line,oecd-crs-energy-idn-2016-q-2026-09-28-md-16775361,same_as,line,oecd-crs-energy-idn-2007-q-2026-09-28-md-2284419,,,,accepted,exact_oecd_donor_and_project_id,1,1,2026-09-28,scripts/jetp/build_crs_comparators.py,,oecd-crs-energy-idn-2016-q-2026-09-28-md-16775361
same-as-oecd-crs-energy-idn-2016-q-2026-09-28-md-16653621,line,oecd-crs-energy-idn-2016-q-2026-09-28-md-16653621,same_as,line,oecd-crs-energy-idn-2011-q-2026-09-28-md-4471409,,,,accepted,exact_oecd_donor_and_project_id,1,1,2026-09-28,scripts/jetp/build_crs_comparators.py,,oecd-crs-energy-idn-2016-q-2026-09-28-md-16653621
same-as-oecd-crs-energy-idn-2016-q-2026-09-28-md-16673400,line,oecd-crs-energy-idn-2016-q-2026-09-28-md-16673400,same_as,line,oecd-crs-energy-idn-2009-q-2026-09-28-md-3270656,,,,accepted,exact_oecd_donor_and_project_id,1,1,2026-09-28,scripts/jetp/build_crs_comparators.py,,oecd-crs-energy-idn-2016-q-2026-09-28-md-16673400
same-as-oecd-crs-energy-idn-2016-q-2026-09-28-md-16601796,line,oecd-crs-energy-idn-2016-q-2026-09-28-md-16601796,same_as,line,oecd-crs-energy-idn-2015-q-2026-09-28-md-7411785,,,,accepted,exact_oecd_donor_and_project_id,1,1,2026-09-28,scripts/jetp/build_crs_comparators.py,,oecd-crs-energy-idn-2016-q-2026-09-28-md-16601796
same-as-oecd-crs-energy-idn-2016-q-2026-09-28-md-16753553,line,oecd-crs-energy-idn-2016-q-2026-09-28-md-16753553,same_as,line,oecd-crs-energy-idn-2015-q-2026-09-28-md-7411785,,,,accepted,exact_oecd_donor_and_project_id,1,1,2026-09-28,scripts/jetp/build_crs_comparators.py,,oecd-crs-energy-idn-2016-q-2026-09-28-md-16753553
same-as-oecd-crs-energy-idn-2016-q-2026-09-28-md-16743527,line,oecd-crs-energy-idn-2016-q-2026-09-28-md-16743527,same_as,line,oecd-crs-energy-idn-2013-q-2026-09-28-md-5776292,,,,accepted,exact_oecd_donor_and_project_id,1,1,2026-09-28,scripts/jetp/build_crs_comparators.py,,oecd-crs-energy-idn-2016-q-2026-09-28-md-16743527
same-as-oecd-crs-energy-idn-2016-q-2026-09-28-md-16737576,line,oecd-crs-energy-idn-2016-q-2026-09-28-md-16737576,same_as,line,oecd-crs-energy-idn-2013-q-2026-09-28-md-5776258,,,,accepted,exact_oecd_donor_and_project_id,1,1,2026-09-28,scripts/jetp/build_crs_comparators.py,,oecd-crs-energy-idn-2016-q-2026-09-28-md-16737576
same-as-oecd-crs-energy-idn-2016-q-2026-09-28-md-16750545,line,oecd-crs-energy-idn-2016-q-2026-09-28-md-16750545,same_as,line,oecd-crs-energy-idn-2009-q-2026-09-28-md-3726867,,,,accepted,exact_oecd_donor_and_project_id,1,1,2026-09-28,scripts/jetp/build_crs_comparators.py,,oecd-crs-energy-idn-2016-q-2026-09-28-md-16750545
same-as-oecd-crs-energy-idn-2016-q-2026-09-28-md-16737575,line,oecd-crs-energy-idn-2016-q-2026-09-28-md-16737575,same_as,line,oecd-crs-energy-idn-2011-q-2026-09-28-md-4728771,,,,accepted,exact_oecd_donor_and_project_id,1,1,2026-09-28,scripts/jetp/build_crs_comparators.py,,oecd-crs-energy-idn-2016-q-2026-09-28-md-16737575
same-as-oecd-crs-energy-idn-2016-q-2026-09-28-md-16737585,line,oecd-crs-energy-idn-2016-q-2026-09-28-md-16737585,same_as,line,oecd-crs-energy-idn-2011-q-2026-09-28-md-4728771,,,,accepted,exact_oecd_donor_and_project_id,1,1,2026-09-28,scripts/jetp/build_crs_comparators.py,,oecd-crs-energy-idn-2016-q-2026-09-28-md-16737585
same-as-oecd-crs-energy-idn-2016-q-2026-09-28-md-16668689,line,oecd-crs-energy-idn-2016-q-2026-09-28-md-16668689,same_as,line,oecd-crs-energy-idn-2013-q-2026-09-28-md-6114731,,,,accepted,exact_oecd_donor_and_project_id,1,1,2026-09-28,scripts/jetp/build_crs_comparators.py,,oecd-crs-energy-idn-2016-q-2026-09-28-md-16668689
same-as-oecd-crs-energy-idn-2016-q-2026-09-28-md-16676244,line,oecd-crs-energy-idn-2016-q-2026-09-28-md-16676244,same_as,line,oecd-crs-energy-idn-2012-q-2026-09-28-md-5483934,,,,accepted,exact_oecd_donor_and_project_id,1,1,2026-09-28,scripts/jetp/build_crs_comparators.py,,oecd-crs-energy-idn-2016-q-2026-09-28-md-16676244
same-as-oecd-crs-energy-idn-2016-q-2026-09-28-md-16672000,line,oecd-crs-energy-idn-2016-q-2026-09-28-md-16672000,same_as,line,oecd-crs-energy-idn-2014-q-2026-09-28-md-6386872,,,,accepted,exact_oecd_donor_and_project_id,1,1,2026-09-28,scripts/jetp/build_crs_comparators.py,,oecd-crs-energy-idn-2016-q-2026-09-28-md-16672000
same-as-oecd-crs-energy-idn-2016-q-2026-09-28-md-16692189,line,oecd-crs-energy-idn-2016-q-2026-09-28-md-16692189,same_as,line,oecd-crs-energy-idn-2012-q-2026-09-28-md-5147363,,,,accepted,exact_oecd_donor_and_project_id,1,1,2026-09-28,scripts/jetp/build_crs_comparators.py,,oecd-crs-energy-idn-2016-q-2026-09-28-md-16692189
same-as-oecd-crs-energy-idn-2016-q-2026-09-28-md-16550020,line,oecd-crs-energy-idn-2016-q-2026-09-28-md-16550020,same_as,line,oecd-crs-energy-idn-2012-q-2026-09-28-md-5147363,,,,accepted,exact_oecd_donor_and_project_id,1,1,2026-09-28,scripts/jetp/build_crs_comparators.py,,oecd-crs-energy-idn-2016-q-2026-09-28-md-16550020
same-as-oecd-crs-energy-idn-2016-q-2026-09-28-md-16537244,line,oecd-crs-energy-idn-2016-q-2026-09-28-md-16537244,same_as,line,oecd-crs-energy-idn-2012-q-2026-09-28-md-5146802,,,,accepted,exact_oecd_donor_and_project_id,1,1,2026-09-28,scripts/jetp/build_crs_comparators.py,,oecd-crs-energy-idn-2016-q-2026-09-28-md-16537244
same-as-oecd-crs-energy-idn-2016-q-2026-09-28-md-16702588,line,oecd-crs-energy-idn-2016-q-2026-09-28-md-16702588,same_as,line,oecd-crs-energy-idn-2013-q-2026-09-28-md-5813182,,,,accepted,exact_oecd_donor_and_project_id,1,1,2026-09-28,scripts/jetp/build_crs_comparators.py,,oecd-crs-energy-idn-2016-q-2026-09-28-md-16702588
same-as-oecd-crs-energy-idn-2016-q-2026-09-28-md-16703927,line,oecd-crs-energy-idn-2016-q-2026-09-28-md-16703927,same_as,line,oecd-crs-energy-idn-2015-q-2026-09-28-md-7061320,,,,accepted,exact_oecd_donor_and_project_id,1,1,2026-09-28,scripts/jetp/build_crs_comparators.py,,oecd-crs-energy-idn-2016-q-2026-09-28-md-16703927
same-as-oecd-crs-energy-idn-2016-q-2026-09-28-md-16702581,line,oecd-crs-energy-idn-2016-q-2026-09-28-md-16702581,same_as,line,oecd-crs-energy-idn-2014-q-2026-09-28-md-6748577,,,,accepted,exact_oecd_donor_and_project_id,1,1,2026-09-28,scripts/jetp/build_crs_comparators.py,,oecd-crs-energy-idn-2016-q-2026-09-28-md-16702581
same-as-oecd-crs-energy-idn-2016-q-2026-09-28-md-16704185,line,oecd-crs-energy-idn-2016-q-2026-09-28-md-16704185,same_as,line,oecd-crs-energy-idn-2015-q-2026-09-28-md-7082620,,,,accepted,exact_oecd_donor_and_project_id,1,1,2026-09-28,scripts/jetp/build_crs_comparators.py,,oecd-crs-energy-idn-2016-q-2026-09-28-md-16704185
same-as-oecd-crs-energy-idn-2016-q-2026-09-28-md-16715880,line,oecd-crs-energy-idn-2016-q-2026-09-28-md-16715880,same_as,line,oecd-crs-energy-idn-2013-q-2026-09-28-md-6086249,,,,accepted,exact_oecd_donor_and_project_id,1,1,2026-09-28,scripts/jetp/build_crs_comparators.py,,oecd-crs-energy-idn-2016-q-2026-09-28-md-16715880
same-as-oecd-crs-energy-idn-2016-q-2026-09-28-md-16703047,line,oecd-crs-energy-idn-2016-q-2026-09-28-md-16703047,same_as,line,oecd-crs-energy-idn-2014-q-2026-09-28-md-6428766,,,,accepted,exact_oecd_donor_and_project_id,1,1,2026-09-28,scripts/jetp/build_crs_comparators.py,,oecd-crs-energy-idn-2016-q-2026-09-28-md-16703047
same-as-oecd-crs-energy-idn-2016-q-2026-09-28-md-16711329,line,oecd-crs-energy-idn-2016-q-2026-09-28-md-16711329,same_as,line,oecd-crs-energy-idn-2015-q-2026-09-28-md-7406134,,,,accepted,exact_oecd_donor_and_project_id,1,1,2026-09-28,scripts/jetp/build_crs_comparators.py,,oecd-crs-energy-idn-2016-q-2026-09-28-md-16711329
same-as-oecd-crs-energy-idn-2016-q-2026-09-28-md-16721003,line,oecd-crs-energy-idn-2016-q-2026-09-28-md-16721003,same_as,line,oecd-crs-energy-idn-2015-q-2026-09-28-md-7088300,,,,accepted,exact_oecd_donor_and_project_id,1,1,2026-09-28,scripts/jetp/build_crs_comparators.py,,oecd-crs-energy-idn-2016-q-2026-09-28-md-16721003
same-as-oecd-crs-energy-idn-2016-q-2026-09-28-md-16736875,line,oecd-crs-energy-idn-2016-q-2026-09-28-md-16736875,same_as,line,oecd-crs-energy-idn-2015-q-2026-09-28-md-7101317,,,,accepted,exact_oecd_donor_and_project_id,1,1,2026-09-28,scripts/jetp/build_crs_comparators.py,,oecd-crs-energy-idn-2016-q-2026-09-28-md-16736875
same-as-oecd-crs-energy-idn-2016-q-2026-09-28-md-16737029,line,oecd-crs-energy-idn-2016-q-2026-09-28-md-16737029,same_as,line,oecd-crs-energy-idn-2012-q-2026-09-28-md-5236834,,,,accepted,exact_oecd_donor_and_project_id,1,1,2026-09-28,scripts/jetp/build_crs_comparators.py,,oecd-crs-energy-idn-2016-q-2026-09-28-md-16737029
same-as-oecd-crs-energy-idn-2016-q-2026-09-28-md-16581251,line,oecd-crs-energy-idn-2016-q-2026-09-28-md-16581251,same_as,line,oecd-crs-energy-idn-2012-q-2026-09-28-md-5236834,,,,accepted,exact_oecd_donor_and_project_id,1,1,2026-09-28,scripts/jetp/build_crs_comparators.py,,oecd-crs-energy-idn-2016-q-2026-09-28-md-16581251
same-as-oecd-crs-energy-idn-2016-q-2026-09-28-md-16736767,line,oecd-crs-energy-idn-2016-q-2026-09-28-md-16736767,same_as,line,oecd-crs-energy-idn-2011-q-2026-09-28-md-4511957,,,,accepted,exact_oecd_donor_and_project_id,1,1,2026-09-28,scripts/jetp/build_crs_comparators.py,,oecd-crs-energy-idn-2016-q-2026-09-28-md-16736767
same-as-oecd-crs-energy-idn-2016-q-2026-09-28-md-16748238,line,oecd-crs-energy-idn-2016-q-2026-09-28-md-16748238,same_as,line,oecd-crs-energy-idn-2010-q-2026-09-28-md-4306319,,,,accepted,exact_oecd_donor_and_project_id,1,1,2026-09-28,scripts/jetp/build_crs_comparators.py,,oecd-crs-energy-idn-2016-q-2026-09-28-md-16748238
same-as-oecd-crs-energy-idn-2016-q-2026-09-28-md-16739106,line,oecd-crs-energy-idn-2016-q-2026-09-28-md-16739106,same_as,line,oecd-crs-energy-idn-2009-q-2026-09-28-md-3302903,,,,accepted,exact_oecd_donor_and_project_id,1,1,2026-09-28,scripts/jetp/build_crs_comparators.py,,oecd-crs-energy-idn-2016-q-2026-09-28-md-16739106
same-as-oecd-crs-energy-idn-2016-q-2026-09-28-md-16649885,line,oecd-crs-energy-idn-2016-q-2026-09-28-md-16649885,same_as,line,oecd-crs-energy-idn-2009-q-2026-09-28-md-3726863,,,,accepted,exact_oecd_donor_and_project_id,1,1,2026-09-28,scripts/jetp/build_crs_comparators.py,,oecd-crs-energy-idn-2016-q-2026-09-28-md-16649885
same-as-oecd-crs-energy-idn-2016-q-2026-09-28-md-16672042,line,oecd-crs-energy-idn-2016-q-2026-09-28-md-16672042,same_as,line,oecd-crs-energy-idn-2012-q-2026-09-28-md-5146802,,,,accepted,exact_oecd_donor_and_project_id,1,1,2026-09-28,scripts/jetp/build_crs_comparators.py,,oecd-crs-energy-idn-2016-q-2026-09-28-md-16672042
same-as-oecd-crs-energy-idn-2017-q-2026-09-28-md-17401076,line,oecd-crs-energy-idn-2017-q-2026-09-28-md-17401076,same_as,line,oecd-crs-energy-idn-2016-q-2026-09-28-md-16611904,,,,accepted,exact_oecd_donor_and_project_id,1,1,2026-09-28,scripts/jetp/build_crs_comparators.py,,oecd-crs-energy-idn-2017-q-2026-09-28-md-17401076
same-as-oecd-crs-energy-idn-2017-q-2026-09-28-md-17393416,line,oecd-crs-energy-idn-2017-q-2026-09-28-md-17393416,same_as,line,oecd-crs-energy-idn-2016-q-2026-09-28-md-16611908,,,,accepted,exact_oecd_donor_and_project_id,1,1,2026-09-28,scripts/jetp/build_crs_comparators.py,,oecd-crs-energy-idn-2017-q-2026-09-28-md-17393416
same-as-oecd-crs-energy-idn-2017-q-2026-09-28-md-17393131,line,oecd-crs-energy-idn-2017-q-2026-09-28-md-17393131,same_as,line,oecd-crs-energy-idn-2011-q-2026-09-28-md-4707438,,,,accepted,exact_oecd_donor_and_project_id,1,1,2026-09-28,scripts/jetp/build_crs_comparators.py,,oecd-crs-energy-idn-2017-q-2026-09-28-md-17393131
same-as-oecd-crs-energy-idn-2017-q-2026-09-28-md-17393110,line,oecd-crs-energy-idn-2017-q-2026-09-28-md-17393110,same_as,line,oecd-crs-energy-idn-2011-q-2026-09-28-md-4707436,,,,accepted,exact_oecd_donor_and_project_id,1,1,2026-09-28,scripts/jetp/build_crs_comparators.py,,oecd-crs-energy-idn-2017-q-2026-09-28-md-17393110
same-as-oecd-crs-energy-idn-2017-q-2026-09-28-md-17401177,line,oecd-crs-energy-idn-2017-q-2026-09-28-md-17401177,same_as,line,oecd-crs-energy-idn-2011-q-2026-09-28-md-4707490,,,,accepted,exact_oecd_donor_and_project_id,1,1,2026-09-28,scripts/jetp/build_crs_comparators.py,,oecd-crs-energy-idn-2017-q-2026-09-28-md-17401177
same-as-oecd-crs-energy-idn-2017-q-2026-09-28-md-17401119,line,oecd-crs-energy-idn-2017-q-2026-09-28-md-17401119,same_as,line,oecd-crs-energy-idn-2012-q-2026-09-28-md-5228479,,,,accepted,exact_oecd_donor_and_project_id,1,1,2026-09-28,scripts/jetp/build_crs_comparators.py,,oecd-crs-energy-idn-2017-q-2026-09-28-md-17401119
same-as-oecd-crs-energy-idn-2017-q-2026-09-28-md-17404273,line,oecd-crs-energy-idn-2017-q-2026-09-28-md-17404273,same_as,line,oecd-crs-energy-idn-2015-q-2026-09-28-md-6998603,,,,accepted,exact_oecd_donor_and_project_id,1,1,2026-09-28,scripts/jetp/build_crs_comparators.py,,oecd-crs-energy-idn-2017-q-2026-09-28-md-17404273
same-as-oecd-crs-energy-idn-2017-q-2026-09-28-md-17404426,line,oecd-crs-energy-idn-2017-q-2026-09-28-md-17404426,same_as,line,oecd-crs-energy-idn-2013-q-2026-09-28-md-5847073,,,,accepted,exact_oecd_donor_and_project_id,1,1,2026-09-28,scripts/jetp/build_crs_comparators.py,,oecd-crs-energy-idn-2017-q-2026-09-28-md-17404426
same-as-oecd-crs-energy-idn-2017-q-2026-09-28-md-17408500,line,oecd-crs-energy-idn-2017-q-2026-09-28-md-17408500,same_as,line,oecd-crs-energy-idn-2013-q-2026-09-28-md-5846788,,,,accepted,exact_oecd_donor_and_project_id,1,1,2026-09-28,scripts/jetp/build_crs_comparators.py,,oecd-crs-energy-idn-2017-q-2026-09-28-md-17408500
same-as-oecd-crs-energy-idn-2017-q-2026-09-28-md-17404920,line,oecd-crs-energy-idn-2017-q-2026-09-28-md-17404920,same_as,line,oecd-crs-energy-idn-2015-q-2026-09-28-md-7067719,,,,accepted,exact_oecd_donor_and_project_id,1,1,2026-09-28,scripts/jetp/build_crs_comparators.py,,oecd-crs-energy-idn-2017-q-2026-09-28-md-17404920
same-as-oecd-crs-energy-idn-2017-q-2026-09-28-md-17404845,line,oecd-crs-energy-idn-2017-q-2026-09-28-md-17404845,same_as,line,oecd-crs-energy-idn-2015-q-2026-09-28-md-7063442,,,,accepted,exact_oecd_donor_and_project_id,1,1,2026-09-28,scripts/jetp/build_crs_comparators.py,,oecd-crs-energy-idn-2017-q-2026-09-28-md-17404845
same-as-oecd-crs-energy-idn-2017-q-2026-09-28-md-16851472,line,oecd-crs-energy-idn-2017-q-2026-09-28-md-16851472,same_as,line,oecd-crs-energy-idn-2016-q-2026-09-28-md-16549878,,,,accepted,exact_oecd_donor_and_project_id,1,1,2026-09-28,scripts/jetp/build_crs_comparators.py,,oecd-crs-energy-idn-2017-q-2026-09-28-md-16851472
same-as-oecd-crs-energy-idn-2017-q-2026-09-28-md-17375061,line,oecd-crs-energy-idn-2017-q-2026-09-28-md-17375061,same_as,line,oecd-crs-energy-idn-2016-q-2026-09-28-md-16819239,,,,accepted,exact_oecd_donor_and_project_id,1,1,2026-09-28,scripts/jetp/build_crs_comparators.py,,oecd-crs-energy-idn-2017-q-2026-09-28-md-17375061
same-as-oecd-crs-energy-idn-2017-q-2026-09-28-md-17381338,line,oecd-crs-energy-idn-2017-q-2026-09-28-md-17381338,same_as,line,oecd-crs-energy-idn-2016-q-2026-09-28-md-16649541,,,,accepted,exact_oecd_donor_and_project_id,1,1,2026-09-28,scripts/jetp/build_crs_comparators.py,,oecd-crs-energy-idn-2017-q-2026-09-28-md-17381338
same-as-oecd-crs-energy-idn-2017-q-2026-09-28-md-17396720,line,oecd-crs-energy-idn-2017-q-2026-09-28-md-17396720,same_as,line,oecd-crs-energy-idn-2016-q-2026-09-28-md-16697578,,,,accepted,exact_oecd_donor_and_project_id,1,1,2026-09-28,scripts/jetp/build_crs_comparators.py,,oecd-crs-energy-idn-2017-q-2026-09-28-md-17396720
same-as-oecd-crs-energy-idn-2017-q-2026-09-28-md-17020918,line,oecd-crs-energy-idn-2017-q-2026-09-28-md-17020918,same_as,line,oecd-crs-energy-idn-2016-q-2026-09-28-md-16649541,,,,accepted,exact_oecd_donor_and_project_id,1,1,2026-09-28,scripts/jetp/build_crs_comparators.py,,oecd-crs-energy-idn-2017-q-2026-09-28-md-17020918
same-as-oecd-crs-energy-idn-2017-q-2026-09-28-md-17390735,line,oecd-crs-energy-idn-2017-q-2026-09-28-md-17390735,same_as,line,oecd-crs-energy-idn-2016-q-2026-09-28-md-16649539,,,,accepted,exact_oecd_donor_and_project_id,1,1,2026-09-28,scripts/jetp/build_crs_comparators.py,,oecd-crs-energy-idn-2017-q-2026-09-28-md-17390735
same-as-oecd-crs-energy-idn-2017-q-2026-09-28-md-17026575,line,oecd-crs-energy-idn-2017-q-2026-09-28-md-17026575,same_as,line,oecd-crs-energy-idn-2016-q-2026-09-28-md-16649539,,,,accepted,exact_oecd_donor_and_project_id,1,1,2026-09-28,scripts/jetp/build_crs_comparators.py,,oecd-crs-energy-idn-2017-q-2026-09-28-md-17026575
same-as-oecd-crs-energy-idn-2017-q-2026-09-28-md-17027318,line,oecd-crs-energy-idn-2017-q-2026-09-28-md-17027318,same_as,line,oecd-crs-energy-idn-2016-q-2026-09-28-md-16697578,,,,accepted,exact_oecd_donor_and_project_id,1,1,2026-09-28,scripts/jetp/build_crs_comparators.py,,oecd-crs-energy-idn-2017-q-2026-09-28-md-17027318
same-as-oecd-crs-energy-idn-2017-q-2026-09-28-md-17390254,line,oecd-crs-energy-idn-2017-q-2026-09-28-md-17390254,same_as,line,oecd-crs-energy-idn-2013-q-2026-09-28-md-5807409,,,,accepted,exact_oecd_donor_and_project_id,1,1,2026-09-28,scripts/jetp/build_crs_comparators.py,,oecd-crs-energy-idn-2017-q-2026-09-28-md-17390254
same-as-oecd-crs-energy-idn-2017-q-2026-09-28-md-17392813,line,oecd-crs-energy-idn-2017-q-2026-09-28-md-17392813,same_as,line,oecd-crs-energy-idn-2010-q-2026-09-28-md-3980199,,,,accepted,exact_oecd_donor_and_project_id,1,1,2026-09-28,scripts/jetp/build_crs_comparators.py,,oecd-crs-energy-idn-2017-q-2026-09-28-md-17392813
same-as-oecd-crs-energy-idn-2017-q-2026-09-28-md-17401134,line,oecd-crs-energy-idn-2017-q-2026-09-28-md-17401134,same_as,line,oecd-crs-energy-idn-2016-q-2026-09-28-md-16522989,,,,accepted,exact_oecd_donor_and_project_id,1,1,2026-09-28,scripts/jetp/build_crs_comparators.py,,oecd-crs-energy-idn-2017-q-2026-09-28-md-17401134
same-as-oecd-crs-energy-idn-2017-q-2026-09-28-md-17337331,line,oecd-crs-energy-idn-2017-q-2026-09-28-md-17337331,same_as,line,oecd-crs-energy-idn-2014-q-2026-09-28-md-6404403,,,,accepted,exact_oecd_donor_and_project_id,1,1,2026-09-28,scripts/jetp/build_crs_comparators.py,,oecd-crs-energy-idn-2017-q-2026-09-28-md-17337331
same-as-oecd-crs-energy-idn-2017-q-2026-09-28-md-16843487,line,oecd-crs-energy-idn-2017-q-2026-09-28-md-16843487,same_as,line,oecd-crs-energy-idn-2015-q-2026-09-28-md-7101317,,,,accepted,exact_oecd_donor_and_project_id,1,1,2026-09-28,scripts/jetp/build_crs_comparators.py,,oecd-crs-energy-idn-2017-q-2026-09-28-md-16843487
same-as-oecd-crs-energy-idn-2017-q-2026-09-28-md-17111339,line,oecd-crs-energy-idn-2017-q-2026-09-28-md-17111339,same_as,line,oecd-crs-energy-idn-2016-q-2026-09-28-md-16581243,,,,accepted,exact_oecd_donor_and_project_id,1,1,2026-09-28,scripts/jetp/build_crs_comparators.py,,oecd-crs-energy-idn-2017-q-2026-09-28-md-17111339
same-as-oecd-crs-energy-idn-2017-q-2026-09-28-md-17109224,line,oecd-crs-energy-idn-2017-q-2026-09-28-md-17109224,same_as,line,oecd-crs-energy-idn-2015-q-2026-09-28-md-7101317,,,,accepted,exact_oecd_donor_and_project_id,1,1,2026-09-28,scripts/jetp/build_crs_comparators.py,,oecd-crs-energy-idn-2017-q-2026-09-28-md-17109224
same-as-oecd-crs-energy-idn-2017-q-2026-09-28-md-16843615,line,oecd-crs-energy-idn-2017-q-2026-09-28-md-16843615,same_as,line,oecd-crs-energy-idn-2016-q-2026-09-28-md-16581243,,,,accepted,exact_oecd_donor_and_project_id,1,1,2026-09-28,scripts/jetp/build_crs_comparators.py,,oecd-crs-energy-idn-2017-q-2026-09-28-md-16843615
same-as-oecd-crs-energy-idn-2017-q-2026-09-28-md-17123754,line,oecd-crs-energy-idn-2017-q-2026-09-28-md-17123754,same_as,line,oecd-crs-energy-idn-2012-q-2026-09-28-md-5236834,,,,accepted,exact_oecd_donor_and_project_id,1,1,2026-09-28,scripts/jetp/build_crs_comparators.py,,oecd-crs-energy-idn-2017-q-2026-09-28-md-17123754
same-as-oecd-crs-energy-idn-2017-q-2026-09-28-md-16861192,line,oecd-crs-energy-idn-2017-q-2026-09-28-md-16861192,same_as,line,oecd-crs-energy-idn-2012-q-2026-09-28-md-5236834,,,,accepted,exact_oecd_donor_and_project_id,1,1,2026-09-28,scripts/jetp/build_crs_comparators.py,,oecd-crs-energy-idn-2017-q-2026-09-28-md-16861192
same-as-oecd-crs-energy-idn-2017-q-2026-09-28-md-16846618,line,oecd-crs-energy-idn-2017-q-2026-09-28-md-16846618,same_as,line,oecd-crs-energy-idn-2016-q-2026-09-28-md-16581325,,,,accepted,exact_oecd_donor_and_project_id,1,1,2026-09-28,scripts/jetp/build_crs_comparators.py,,oecd-crs-energy-idn-2017-q-2026-09-28-md-16846618
same-as-oecd-crs-energy-idn-2017-q-2026-09-28-md-17411991,line,oecd-crs-energy-idn-2017-q-2026-09-28-md-17411991,same_as,line,oecd-crs-energy-idn-2013-q-2026-09-28-md-6086249,,,,accepted,exact_oecd_donor_and_project_id,1,1,2026-09-28,scripts/jetp/build_crs_comparators.py,,oecd-crs-energy-idn-2017-q-2026-09-28-md-17411991
same-as-oecd-crs-energy-idn-2017-q-2026-09-28-md-17477736,line,oecd-crs-energy-idn-2017-q-2026-09-28-md-17477736,same_as,line,oecd-crs-energy-idn-2013-q-2026-09-28-md-5776258,,,,accepted,exact_oecd_donor_and_project_id,1,1,2026-09-28,scripts/jetp/build_crs_comparators.py,,oecd-crs-energy-idn-2017-q-2026-09-28-md-17477736
same-as-oecd-crs-energy-idn-2017-q-2026-09-28-md-17480054,line,oecd-crs-energy-idn-2017-q-2026-09-28-md-17480054,same_as,line,oecd-crs-energy-idn-2013-q-2026-09-28-md-5776292,,,,accepted,exact_oecd_donor_and_project_id,1,1,2026-09-28,scripts/jetp/build_crs_comparators.py,,oecd-crs-energy-idn-2017-q-2026-09-28-md-17480054
same-as-oecd-crs-energy-idn-2017-q-2026-09-28-md-17476366,line,oecd-crs-energy-idn-2017-q-2026-09-28-md-17476366,same_as,line,oecd-crs-energy-idn-2013-q-2026-09-28-md-5776258,,,,accepted,exact_oecd_donor_and_project_id,1,1,2026-09-28,scripts/jetp/build_crs_comparators.py,,oecd-crs-energy-idn-2017-q-2026-09-28-md-17476366
same-as-oecd-crs-energy-idn-2017-q-2026-09-28-md-17480928,line,oecd-crs-energy-idn-2017-q-2026-09-28-md-17480928,same_as,line,oecd-crs-energy-idn-2015-q-2026-09-28-md-7047455,,,,accepted,exact_oecd_donor_and_project_id,1,1,2026-09-28,scripts/jetp/build_crs_comparators.py,,oecd-crs-energy-idn-2017-q-2026-09-28-md-17480928
same-as-oecd-crs-energy-idn-2017-q-2026-09-28-md-17484045,line,oecd-crs-energy-idn-2017-q-2026-09-28-md-17484045,same_as,line,oecd-crs-energy-idn-2011-q-2026-09-28-md-4728771,,,,accepted,exact_oecd_donor_and_project_id,1,1,2026-09-28,scripts/jetp/build_crs_comparators.py,,oecd-crs-energy-idn-2017-q-2026-09-28-md-17484045
same-as-oecd-crs-energy-idn-2017-q-2026-09-28-md-17492423,line,oecd-crs-energy-idn-2017-q-2026-09-28-md-17492423,same_as,line,oecd-crs-energy-idn-2011-q-2026-09-28-md-4728771,,,,accepted,exact_oecd_donor_and_project_id,1,1,2026-09-28,scripts/jetp/build_crs_comparators.py,,oecd-crs-energy-idn-2017-q-2026-09-28-md-17492423
same-as-oecd-crs-energy-idn-2017-q-2026-09-28-md-17486777,line,oecd-crs-energy-idn-2017-q-2026-09-28-md-17486777,same_as,line,oecd-crs-energy-idn-2009-q-2026-09-28-md-3302903,,,,accepted,exact_oecd_donor_and_project_id,1,1,2026-09-28,scripts/jetp/build_crs_comparators.py,,oecd-crs-energy-idn-2017-q-2026-09-28-md-17486777
same-as-oecd-crs-energy-idn-2017-q-2026-09-28-md-17429378,line,oecd-crs-energy-idn-2017-q-2026-09-28-md-17429378,same_as,line,oecd-crs-energy-idn-2016-q-2026-09-28-md-16540071,,,,accepted,exact_oecd_donor_and_project_id,1,1,2026-09-28,scripts/jetp/build_crs_comparators.py,,oecd-crs-energy-idn-2017-q-2026-09-28-md-17429378
same-as-oecd-crs-energy-idn-2017-q-2026-09-28-md-17423893,line,oecd-crs-energy-idn-2017-q-2026-09-28-md-17423893,same_as,line,oecd-crs-energy-idn-2016-q-2026-09-28-md-16671657,,,,accepted,exact_oecd_donor_and_project_id,1,1,2026-09-28,scripts/jetp/build_crs_comparators.py,,oecd-crs-energy-idn-2017-q-2026-09-28-md-17423893
same-as-oecd-crs-energy-idn-2017-q-2026-09-28-md-17421638,line,oecd-crs-energy-idn-2017-q-2026-09-28-md-17421638,same_as,line,oecd-crs-energy-idn-2013-q-2026-09-28-md-6114731,,,,accepted,exact_oecd_donor_and_project_id,1,1,2026-09-28,scripts/jetp/build_crs_comparators.py,,oecd-crs-energy-idn-2017-q-2026-09-28-md-17421638
same-as-oecd-crs-energy-idn-2017-q-2026-09-28-md-17418437,line,oecd-crs-energy-idn-2017-q-2026-09-28-md-17418437,same_as,line,oecd-crs-energy-idn-2016-q-2026-09-28-md-16668098,,,,accepted,exact_oecd_donor_and_project_id,1,1,2026-09-28,scripts/jetp/build_crs_comparators.py,,oecd-crs-energy-idn-2017-q-2026-09-28-md-17418437
same-as-oecd-crs-energy-idn-2017-q-2026-09-28-md-17424038,line,oecd-crs-energy-idn-2017-q-2026-09-28-md-17424038,same_as,line,oecd-crs-energy-idn-2015-q-2026-09-28-md-7016820,,,,accepted,exact_oecd_donor_and_project_id,1,1,2026-09-28,scripts/jetp/build_crs_comparators.py,,oecd-crs-energy-idn-2017-q-2026-09-28-md-17424038
same-as-oecd-crs-energy-idn-2017-q-2026-09-28-md-17433879,line,oecd-crs-energy-idn-2017-q-2026-09-28-md-17433879,same_as,line,oecd-crs-energy-idn-2016-q-2026-09-28-md-16539510,,,,accepted,exact_oecd_donor_and_project_id,1,1,2026-09-28,scripts/jetp/build_crs_comparators.py,,oecd-crs-energy-idn-2017-q-2026-09-28-md-17433879
same-as-oecd-crs-energy-idn-2017-q-2026-09-28-md-17421924,line,oecd-crs-energy-idn-2017-q-2026-09-28-md-17421924,same_as,line,oecd-crs-energy-idn-2012-q-2026-09-28-md-5146802,,,,accepted,exact_oecd_donor_and_project_id,1,1,2026-09-28,scripts/jetp/build_crs_comparators.py,,oecd-crs-energy-idn-2017-q-2026-09-28-md-17421924
same-as-oecd-crs-energy-idn-2017-q-2026-09-28-md-17421055,line,oecd-crs-energy-idn-2017-q-2026-09-28-md-17421055,same_as,line,oecd-crs-energy-idn-2014-q-2026-09-28-md-6386872,,,,accepted,exact_oecd_donor_and_project_id,1,1,2026-09-28,scripts/jetp/build_crs_comparators.py,,oecd-crs-energy-idn-2017-q-2026-09-28-md-17421055
same-as-oecd-crs-energy-idn-2017-q-2026-09-28-md-17035315,line,oecd-crs-energy-idn-2017-q-2026-09-28-md-17035315,same_as,line,oecd-crs-energy-idn-2014-q-2026-09-28-md-6386872,,,,accepted,exact_oecd_donor_and_project_id,1,1,2026-09-28,scripts/jetp/build_crs_comparators.py,,oecd-crs-energy-idn-2017-q-2026-09-28-md-17035315
same-as-oecd-crs-energy-idn-2017-q-2026-09-28-md-17042050,line,oecd-crs-energy-idn-2017-q-2026-09-28-md-17042050,same_as,line,oecd-crs-energy-idn-2012-q-2026-09-28-md-5146802,,,,accepted,exact_oecd_donor_and_project_id,1,1,2026-09-28,scripts/jetp/build_crs_comparators.py,,oecd-crs-energy-idn-2017-q-2026-09-28-md-17042050
same-as-oecd-crs-energy-idn-2017-q-2026-09-28-md-17487532,line,oecd-crs-energy-idn-2017-q-2026-09-28-md-17487532,same_as,line,oecd-crs-energy-idn-2009-q-2026-09-28-md-3726863,,,,accepted,exact_oecd_donor_and_project_id,1,1,2026-09-28,scripts/jetp/build_crs_comparators.py,,oecd-crs-energy-idn-2017-q-2026-09-28-md-17487532
same-as-oecd-crs-energy-idn-2017-q-2026-09-28-md-17476967,line,oecd-crs-energy-idn-2017-q-2026-09-28-md-17476967,same_as,line,oecd-crs-energy-idn-2010-q-2026-09-28-md-4306319,,,,accepted,exact_oecd_donor_and_project_id,1,1,2026-09-28,scripts/jetp/build_crs_comparators.py,,oecd-crs-energy-idn-2017-q-2026-09-28-md-17476967
same-as-oecd-crs-energy-idn-2017-q-2026-09-28-md-17484799,line,oecd-crs-energy-idn-2017-q-2026-09-28-md-17484799,same_as,line,oecd-crs-energy-idn-2009-q-2026-09-28-md-3726867,,,,accepted,exact_oecd_donor_and_project_id,1,1,2026-09-28,scripts/jetp/build_crs_comparators.py,,oecd-crs-energy-idn-2017-q-2026-09-28-md-17484799
same-as-oecd-crs-energy-idn-2017-q-2026-09-28-md-16834696,line,oecd-crs-energy-idn-2017-q-2026-09-28-md-16834696,same_as,line,oecd-crs-energy-idn-2015-q-2026-09-28-md-7023224,,,,accepted,exact_oecd_donor_and_project_id,1,1,2026-09-28,scripts/jetp/build_crs_comparators.py,,oecd-crs-energy-idn-2017-q-2026-09-28-md-16834696
same-as-oecd-crs-energy-idn-2017-q-2026-09-28-md-16834866,line,oecd-crs-energy-idn-2017-q-2026-09-28-md-16834866,same_as,line,oecd-crs-energy-idn-2015-q-2026-09-28-md-7061320,,,,accepted,exact_oecd_donor_and_project_id,1,1,2026-09-28,scripts/jetp/build_crs_comparators.py,,oecd-crs-energy-idn-2017-q-2026-09-28-md-16834866
same-as-oecd-crs-energy-idn-2017-q-2026-09-28-md-16856881,line,oecd-crs-energy-idn-2017-q-2026-09-28-md-16856881,same_as,line,oecd-crs-energy-idn-2014-q-2026-09-28-md-6748577,,,,accepted,exact_oecd_donor_and_project_id,1,1,2026-09-28,scripts/jetp/build_crs_comparators.py,,oecd-crs-energy-idn-2017-q-2026-09-28-md-16856881
same-as-oecd-crs-energy-idn-2017-q-2026-09-28-md-17401287,line,oecd-crs-energy-idn-2017-q-2026-09-28-md-17401287,same_as,line,oecd-crs-energy-idn-2016-q-2026-09-28-md-16582223,,,,accepted,exact_oecd_donor_and_project_id,1,1,2026-09-28,scripts/jetp/build_crs_comparators.py,,oecd-crs-energy-idn-2017-q-2026-09-28-md-17401287
same-as-oecd-crs-energy-idn-2017-q-2026-09-28-md-17365820,line,oecd-crs-energy-idn-2017-q-2026-09-28-md-17365820,same_as,line,oecd-crs-energy-idn-2016-q-2026-09-28-md-16698682,,,,accepted,exact_oecd_donor_and_project_id,1,1,2026-09-28,scripts/jetp/build_crs_comparators.py,,oecd-crs-energy-idn-2017-q-2026-09-28-md-17365820
same-as-oecd-crs-energy-idn-2018-q-2026-09-28-md-18129467,line,oecd-crs-energy-idn-2018-q-2026-09-28-md-18129467,same_as,line,oecd-crs-energy-idn-2016-q-2026-09-28-md-16627329,,,,accepted,exact_oecd_donor_and_project_id,1,1,2026-09-28,scripts/jetp/build_crs_comparators.py,,oecd-crs-energy-idn-2018-q-2026-09-28-md-18129467
same-as-oecd-crs-energy-idn-2018-q-2026-09-28-md-18129466,line,oecd-crs-energy-idn-2018-q-2026-09-28-md-18129466,same_as,line,oecd-crs-energy-idn-2017-q-2026-09-28-md-16847741,,,,accepted,exact_oecd_donor_and_project_id,1,1,2026-09-28,scripts/jetp/build_crs_comparators.py,,oecd-crs-energy-idn-2018-q-2026-09-28-md-18129466
same-as-oecd-crs-energy-idn-2018-q-2026-09-28-md-18159522,line,oecd-crs-energy-idn-2018-q-2026-09-28-md-18159522,same_as,line,oecd-crs-energy-idn-2011-q-2026-09-28-md-4707490,,,,accepted,exact_oecd_donor_and_project_id,1,1,2026-09-28,scripts/jetp/build_crs_comparators.py,,oecd-crs-energy-idn-2018-q-2026-09-28-md-18159522
same-as-oecd-crs-energy-idn-2018-q-2026-09-28-md-18244423,line,oecd-crs-energy-idn-2018-q-2026-09-28-md-18244423,same_as,line,oecd-crs-energy-idn-2017-q-2026-09-28-md-17402015,,,,accepted,exact_oecd_donor_and_project_id,1,1,2026-09-28,scripts/jetp/build_crs_comparators.py,,oecd-crs-energy-idn-2018-q-2026-09-28-md-18244423
same-as-oecd-crs-energy-idn-2018-q-2026-09-28-md-18244393,line,oecd-crs-energy-idn-2018-q-2026-09-28-md-18244393,same_as,line,oecd-crs-energy-idn-2017-q-2026-09-28-md-17399064,,,,accepted,exact_oecd_donor_and_project_id,1,1,2026-09-28,scripts/jetp/build_crs_comparators.py,,oecd-crs-energy-idn-2018-q-2026-09-28-md-18244393
same-as-oecd-crs-energy-idn-2018-q-2026-09-28-md-18249047,line,oecd-crs-energy-idn-2018-q-2026-09-28-md-18249047,same_as,line,oecd-crs-energy-idn-2015-q-2026-09-28-md-6998603,,,,accepted,exact_oecd_donor_and_project_id,1,1,2026-09-28,scripts/jetp/build_crs_comparators.py,,oecd-crs-energy-idn-2018-q-2026-09-28-md-18249047
same-as-oecd-crs-energy-idn-2018-q-2026-09-28-md-18141288,line,oecd-crs-energy-idn-2018-q-2026-09-28-md-18141288,same_as,line,oecd-crs-energy-idn-2017-q-2026-09-28-md-17408223,,,,accepted,exact_oecd_donor_and_project_id,1,1,2026-09-28,scripts/jetp/build_crs_comparators.py,,oecd-crs-energy-idn-2018-q-2026-09-28-md-18141288
same-as-oecd-crs-energy-idn-2018-q-2026-09-28-md-18131399,line,oecd-crs-energy-idn-2018-q-2026-09-28-md-18131399,same_as,line,oecd-crs-energy-idn-2017-q-2026-09-28-md-17030556,,,,accepted,exact_oecd_donor_and_project_id,1,1,2026-09-28,scripts/jetp/build_crs_comparators.py,,oecd-crs-energy-idn-2018-q-2026-09-28-md-18131399
same-as-oecd-crs-energy-idn-2018-q-2026-09-28-md-18147113,line,oecd-crs-energy-idn-2018-q-2026-09-28-md-18147113,same_as,line,oecd-crs-energy-idn-2013-q-2026-09-28-md-5846788,,,,accepted,exact_oecd_donor_and_project_id,1,1,2026-09-28,scripts/jetp/build_crs_comparators.py,,oecd-crs-energy-idn-2018-q-2026-09-28-md-18147113
same-as-oecd-crs-energy-idn-2018-q-2026-09-28-md-18141318,line,oecd-crs-energy-idn-2018-q-2026-09-28-md-18141318,same_as,line,oecd-crs-energy-idn-2013-q-2026-09-28-md-5847073,,,,accepted,exact_oecd_donor_and_project_id,1,1,2026-09-28,scripts/jetp/build_crs_comparators.py,,oecd-crs-energy-idn-2018-q-2026-09-28-md-18141318
same-as-oecd-crs-energy-idn-2018-q-2026-09-28-md-18134225,line,oecd-crs-energy-idn-2018-q-2026-09-28-md-18134225,same_as,line,oecd-crs-energy-idn-2015-q-2026-09-28-md-7067719,,,,accepted,exact_oecd_donor_and_project_id,1,1,2026-09-28,scripts/jetp/build_crs_comparators.py,,oecd-crs-energy-idn-2018-q-2026-09-28-md-18134225
same-as-oecd-crs-energy-idn-2018-q-2026-09-28-md-18141173,line,oecd-crs-energy-idn-2018-q-2026-09-28-md-18141173,same_as,line,oecd-crs-energy-idn-2014-q-2026-09-28-md-6471010,,,,accepted,exact_oecd_donor_and_project_id,1,1,2026-09-28,scripts/jetp/build_crs_comparators.py,,oecd-crs-energy-idn-2018-q-2026-09-28-md-18141173
same-as-oecd-crs-energy-idn-2018-q-2026-09-28-md-18134372,line,oecd-crs-energy-idn-2018-q-2026-09-28-md-18134372,same_as,line,oecd-crs-energy-idn-2016-q-2026-09-28-md-16549878,,,,accepted,exact_oecd_donor_and_project_id,1,1,2026-09-28,scripts/jetp/build_crs_comparators.py,,oecd-crs-energy-idn-2018-q-2026-09-28-md-18134372
same-as-oecd-crs-energy-idn-2018-q-2026-09-28-md-18131754,line,oecd-crs-energy-idn-2018-q-2026-09-28-md-18131754,same_as,line,oecd-crs-energy-idn-2017-q-2026-09-28-md-17030787,,,,accepted,exact_oecd_donor_and_project_id,1,1,2026-09-28,scripts/jetp/build_crs_comparators.py,,oecd-crs-energy-idn-2018-q-2026-09-28-md-18131754
same-as-oecd-crs-energy-idn-2018-q-2026-09-28-md-18127793,line,oecd-crs-energy-idn-2018-q-2026-09-28-md-18127793,same_as,line,oecd-crs-energy-idn-2017-q-2026-09-28-md-17030700,,,,accepted,exact_oecd_donor_and_project_id,1,1,2026-09-28,scripts/jetp/build_crs_comparators.py,,oecd-crs-energy-idn-2018-q-2026-09-28-md-18127793
same-as-oecd-crs-energy-idn-2018-q-2026-09-28-md-18151362,line,oecd-crs-energy-idn-2018-q-2026-09-28-md-18151362,same_as,line,oecd-crs-energy-idn-2016-q-2026-09-28-md-16819239,,,,accepted,exact_oecd_donor_and_project_id,1,1,2026-09-28,scripts/jetp/build_crs_comparators.py,,oecd-crs-energy-idn-2018-q-2026-09-28-md-18151362
same-as-oecd-crs-energy-idn-2018-q-2026-09-28-md-17740240,line,oecd-crs-energy-idn-2018-q-2026-09-28-md-17740240,same_as,line,oecd-crs-energy-idn-2016-q-2026-09-28-md-16581243,,,,accepted,exact_oecd_donor_and_project_id,1,1,2026-09-28,scripts/jetp/build_crs_comparators.py,,oecd-crs-energy-idn-2018-q-2026-09-28-md-17740240
same-as-oecd-crs-energy-idn-2018-q-2026-09-28-md-17740115,line,oecd-crs-energy-idn-2018-q-2026-09-28-md-17740115,same_as,line,oecd-crs-energy-idn-2012-q-2026-09-28-md-5236834,,,,accepted,exact_oecd_donor_and_project_id,1,1,2026-09-28,scripts/jetp/build_crs_comparators.py,,oecd-crs-energy-idn-2018-q-2026-09-28-md-17740115
same-as-oecd-crs-energy-idn-2018-q-2026-09-28-md-18171451,line,oecd-crs-energy-idn-2018-q-2026-09-28-md-18171451,same_as,line,oecd-crs-energy-idn-2012-q-2026-09-28-md-5236834,,,,accepted,exact_oecd_donor_and_project_id,1,1,2026-09-28,scripts/jetp/build_crs_comparators.py,,oecd-crs-energy-idn-2018-q-2026-09-28-md-18171451
same-as-oecd-crs-energy-idn-2018-q-2026-09-28-md-18171907,line,oecd-crs-energy-idn-2018-q-2026-09-28-md-18171907,same_as,line,oecd-crs-energy-idn-2016-q-2026-09-28-md-16581243,,,,accepted,exact_oecd_donor_and_project_id,1,1,2026-09-28,scripts/jetp/build_crs_comparators.py,,oecd-crs-energy-idn-2018-q-2026-09-28-md-18171907
same-as-oecd-crs-energy-idn-2018-q-2026-09-28-md-18171903,line,oecd-crs-energy-idn-2018-q-2026-09-28-md-18171903,same_as,line,oecd-crs-energy-idn-2015-q-2026-09-28-md-7101317,,,,accepted,exact_oecd_donor_and_project_id,1,1,2026-09-28,scripts/jetp/build_crs_comparators.py,,oecd-crs-energy-idn-2018-q-2026-09-28-md-18171903
same-as-oecd-crs-energy-idn-2018-q-2026-09-28-md-18171948,line,oecd-crs-energy-idn-2018-q-2026-09-28-md-18171948,same_as,line,oecd-crs-energy-idn-2017-q-2026-09-28-md-16843708,,,,accepted,exact_oecd_donor_and_project_id,1,1,2026-09-28,scripts/jetp/build_crs_comparators.py,,oecd-crs-energy-idn-2018-q-2026-09-28-md-18171948
same-as-oecd-crs-energy-idn-2018-q-2026-09-28-md-17739945,line,oecd-crs-energy-idn-2018-q-2026-09-28-md-17739945,same_as,line,oecd-crs-energy-idn-2017-q-2026-09-28-md-17111722,,,,accepted,exact_oecd_donor_and_project_id,1,1,2026-09-28,scripts/jetp/build_crs_comparators.py,,oecd-crs-energy-idn-2018-q-2026-09-28-md-17739945
same-as-oecd-crs-energy-idn-2018-q-2026-09-28-md-18170801,line,oecd-crs-energy-idn-2018-q-2026-09-28-md-18170801,same_as,line,oecd-crs-energy-idn-2017-q-2026-09-28-md-17111722,,,,accepted,exact_oecd_donor_and_project_id,1,1,2026-09-28,scripts/jetp/build_crs_comparators.py,,oecd-crs-energy-idn-2018-q-2026-09-28-md-18170801
same-as-oecd-crs-energy-idn-2018-q-2026-09-28-md-17725758,line,oecd-crs-energy-idn-2018-q-2026-09-28-md-17725758,same_as,line,oecd-crs-energy-idn-2017-q-2026-09-28-md-17041524,,,,accepted,exact_oecd_donor_and_project_id,1,1,2026-09-28,scripts/jetp/build_crs_comparators.py,,oecd-crs-energy-idn-2018-q-2026-09-28-md-17725758
same-as-oecd-crs-energy-idn-2018-q-2026-09-28-md-18127574,line,oecd-crs-energy-idn-2018-q-2026-09-28-md-18127574,same_as,line,oecd-crs-energy-idn-2017-q-2026-09-28-md-17041524,,,,accepted,exact_oecd_donor_and_project_id,1,1,2026-09-28,scripts/jetp/build_crs_comparators.py,,oecd-crs-energy-idn-2018-q-2026-09-28-md-18127574
same-as-oecd-crs-energy-idn-2018-q-2026-09-28-md-18249148,line,oecd-crs-energy-idn-2018-q-2026-09-28-md-18249148,same_as,line,oecd-crs-energy-idn-2013-q-2026-09-28-md-5776258,,,,accepted,exact_oecd_donor_and_project_id,1,1,2026-09-28,scripts/jetp/build_crs_comparators.py,,oecd-crs-energy-idn-2018-q-2026-09-28-md-18249148
same-as-oecd-crs-energy-idn-2018-q-2026-09-28-md-18043452,line,oecd-crs-energy-idn-2018-q-2026-09-28-md-18043452,same_as,line,oecd-crs-energy-idn-2015-q-2026-09-28-md-7047455,,,,accepted,exact_oecd_donor_and_project_id,1,1,2026-09-28,scripts/jetp/build_crs_comparators.py,,oecd-crs-energy-idn-2018-q-2026-09-28-md-18043452
same-as-oecd-crs-energy-idn-2018-q-2026-09-28-md-18043284,line,oecd-crs-energy-idn-2018-q-2026-09-28-md-18043284,same_as,line,oecd-crs-energy-idn-2011-q-2026-09-28-md-4728771,,,,accepted,exact_oecd_donor_and_project_id,1,1,2026-09-28,scripts/jetp/build_crs_comparators.py,,oecd-crs-energy-idn-2018-q-2026-09-28-md-18043284
same-as-oecd-crs-energy-idn-2018-q-2026-09-28-md-18050436,line,oecd-crs-energy-idn-2018-q-2026-09-28-md-18050436,same_as,line,oecd-crs-energy-idn-2011-q-2026-09-28-md-4728771,,,,accepted,exact_oecd_donor_and_project_id,1,1,2026-09-28,scripts/jetp/build_crs_comparators.py,,oecd-crs-energy-idn-2018-q-2026-09-28-md-18050436
same-as-oecd-crs-energy-idn-2018-q-2026-09-28-md-18046785,line,oecd-crs-energy-idn-2018-q-2026-09-28-md-18046785,same_as,line,oecd-crs-energy-idn-2013-q-2026-09-28-md-5776258,,,,accepted,exact_oecd_donor_and_project_id,1,1,2026-09-28,scripts/jetp/build_crs_comparators.py,,oecd-crs-energy-idn-2018-q-2026-09-28-md-18046785
same-as-oecd-crs-energy-idn-2018-q-2026-09-28-md-18044550,line,oecd-crs-energy-idn-2018-q-2026-09-28-md-18044550,same_as,line,oecd-crs-energy-idn-2013-q-2026-09-28-md-5776292,,,,accepted,exact_oecd_donor_and_project_id,1,1,2026-09-28,scripts/jetp/build_crs_comparators.py,,oecd-crs-energy-idn-2018-q-2026-09-28-md-18044550
same-as-oecd-crs-energy-idn-2018-q-2026-09-28-md-18051665,line,oecd-crs-energy-idn-2018-q-2026-09-28-md-18051665,same_as,line,oecd-crs-energy-idn-2010-q-2026-09-28-md-4306319,,,,accepted,exact_oecd_donor_and_project_id,1,1,2026-09-28,scripts/jetp/build_crs_comparators.py,,oecd-crs-energy-idn-2018-q-2026-09-28-md-18051665
same-as-oecd-crs-energy-idn-2018-q-2026-09-28-md-18043032,line,oecd-crs-energy-idn-2018-q-2026-09-28-md-18043032,same_as,line,oecd-crs-energy-idn-2009-q-2026-09-28-md-3726863,,,,accepted,exact_oecd_donor_and_project_id,1,1,2026-09-28,scripts/jetp/build_crs_comparators.py,,oecd-crs-energy-idn-2018-q-2026-09-28-md-18043032
same-as-oecd-crs-energy-idn-2018-q-2026-09-28-md-18181703,line,oecd-crs-energy-idn-2018-q-2026-09-28-md-18181703,same_as,line,oecd-crs-energy-idn-2017-q-2026-09-28-md-17037302,,,,accepted,exact_oecd_donor_and_project_id,1,1,2026-09-28,scripts/jetp/build_crs_comparators.py,,oecd-crs-energy-idn-2018-q-2026-09-28-md-18181703
same-as-oecd-crs-energy-idn-2018-q-2026-09-28-md-18192338,line,oecd-crs-energy-idn-2018-q-2026-09-28-md-18192338,same_as,line,oecd-crs-energy-idn-2016-q-2026-09-28-md-16671657,,,,accepted,exact_oecd_donor_and_project_id,1,1,2026-09-28,scripts/jetp/build_crs_comparators.py,,oecd-crs-energy-idn-2018-q-2026-09-28-md-18192338
same-as-oecd-crs-energy-idn-2018-q-2026-09-28-md-18182535,line,oecd-crs-energy-idn-2018-q-2026-09-28-md-18182535,same_as,line,oecd-crs-energy-idn-2016-q-2026-09-28-md-16540071,,,,accepted,exact_oecd_donor_and_project_id,1,1,2026-09-28,scripts/jetp/build_crs_comparators.py,,oecd-crs-energy-idn-2018-q-2026-09-28-md-18182535
same-as-oecd-crs-energy-idn-2018-q-2026-09-28-md-18185064,line,oecd-crs-energy-idn-2018-q-2026-09-28-md-18185064,same_as,line,oecd-crs-energy-idn-2016-q-2026-09-28-md-16668098,,,,accepted,exact_oecd_donor_and_project_id,1,1,2026-09-28,scripts/jetp/build_crs_comparators.py,,oecd-crs-energy-idn-2018-q-2026-09-28-md-18185064
same-as-oecd-crs-energy-idn-2018-q-2026-09-28-md-18185009,line,oecd-crs-energy-idn-2018-q-2026-09-28-md-18185009,same_as,line,oecd-crs-energy-idn-2013-q-2026-09-28-md-6114731,,,,accepted,exact_oecd_donor_and_project_id,1,1,2026-09-28,scripts/jetp/build_crs_comparators.py,,oecd-crs-energy-idn-2018-q-2026-09-28-md-18185009
same-as-oecd-crs-energy-idn-2018-q-2026-09-28-md-18187885,line,oecd-crs-energy-idn-2018-q-2026-09-28-md-18187885,same_as,line,oecd-crs-energy-idn-2014-q-2026-09-28-md-6386872,,,,accepted,exact_oecd_donor_and_project_id,1,1,2026-09-28,scripts/jetp/build_crs_comparators.py,,oecd-crs-energy-idn-2018-q-2026-09-28-md-18187885
same-as-oecd-crs-energy-idn-2018-q-2026-09-28-md-18175327,line,oecd-crs-energy-idn-2018-q-2026-09-28-md-18175327,same_as,line,oecd-crs-energy-idn-2012-q-2026-09-28-md-5146802,,,,accepted,exact_oecd_donor_and_project_id,1,1,2026-09-28,scripts/jetp/build_crs_comparators.py,,oecd-crs-energy-idn-2018-q-2026-09-28-md-18175327
same-as-oecd-crs-energy-idn-2018-q-2026-09-28-md-18183453,line,oecd-crs-energy-idn-2018-q-2026-09-28-md-18183453,same_as,line,oecd-crs-energy-idn-2017-q-2026-09-28-md-17033183,,,,accepted,exact_oecd_donor_and_project_id,1,1,2026-09-28,scripts/jetp/build_crs_comparators.py,,oecd-crs-energy-idn-2018-q-2026-09-28-md-18183453
same-as-oecd-crs-energy-idn-2018-q-2026-09-28-md-18189573,line,oecd-crs-energy-idn-2018-q-2026-09-28-md-18189573,same_as,line,oecd-crs-energy-idn-2015-q-2026-09-28-md-7016820,,,,accepted,exact_oecd_donor_and_project_id,1,1,2026-09-28,scripts/jetp/build_crs_comparators.py,,oecd-crs-energy-idn-2018-q-2026-09-28-md-18189573
same-as-oecd-crs-energy-idn-2018-q-2026-09-28-md-18188827,line,oecd-crs-energy-idn-2018-q-2026-09-28-md-18188827,same_as,line,oecd-crs-energy-idn-2015-q-2026-09-28-md-7017214,,,,accepted,exact_oecd_donor_and_project_id,1,1,2026-09-28,scripts/jetp/build_crs_comparators.py,,oecd-crs-energy-idn-2018-q-2026-09-28-md-18188827
same-as-oecd-crs-energy-idn-2018-q-2026-09-28-md-17748965,line,oecd-crs-energy-idn-2018-q-2026-09-28-md-17748965,same_as,line,oecd-crs-energy-idn-2015-q-2026-09-28-md-7016820,,,,accepted,exact_oecd_donor_and_project_id,1,1,2026-09-28,scripts/jetp/build_crs_comparators.py,,oecd-crs-energy-idn-2018-q-2026-09-28-md-17748965
same-as-oecd-crs-energy-idn-2018-q-2026-09-28-md-18233012,line,oecd-crs-energy-idn-2018-q-2026-09-28-md-18233012,same_as,line,oecd-crs-energy-idn-2015-q-2026-09-28-md-7061320,,,,accepted,exact_oecd_donor_and_project_id,1,1,2026-09-28,scripts/jetp/build_crs_comparators.py,,oecd-crs-energy-idn-2018-q-2026-09-28-md-18233012
same-as-oecd-crs-energy-idn-2018-q-2026-09-28-md-18233682,line,oecd-crs-energy-idn-2018-q-2026-09-28-md-18233682,same_as,line,oecd-crs-energy-idn-2015-q-2026-09-28-md-7023224,,,,accepted,exact_oecd_donor_and_project_id,1,1,2026-09-28,scripts/jetp/build_crs_comparators.py,,oecd-crs-energy-idn-2018-q-2026-09-28-md-18233682
same-as-oecd-crs-energy-idn-2018-q-2026-09-28-md-18230280,line,oecd-crs-energy-idn-2018-q-2026-09-28-md-18230280,same_as,line,oecd-crs-energy-idn-2014-q-2026-09-28-md-6428766,,,,accepted,exact_oecd_donor_and_project_id,1,1,2026-09-28,scripts/jetp/build_crs_comparators.py,,oecd-crs-energy-idn-2018-q-2026-09-28-md-18230280
same-as-oecd-crs-energy-idn-2018-q-2026-09-28-md-18235698,line,oecd-crs-energy-idn-2018-q-2026-09-28-md-18235698,same_as,line,oecd-crs-energy-idn-2014-q-2026-09-28-md-6748577,,,,accepted,exact_oecd_donor_and_project_id,1,1,2026-09-28,scripts/jetp/build_crs_comparators.py,,oecd-crs-energy-idn-2018-q-2026-09-28-md-18235698
same-as-oecd-crs-energy-idn-2018-q-2026-09-28-md-18037270,line,oecd-crs-energy-idn-2018-q-2026-09-28-md-18037270,same_as,line,oecd-crs-energy-idn-2012-q-2026-09-28-md-5235935,,,,accepted,exact_oecd_donor_and_project_id,1,1,2026-09-28,scripts/jetp/build_crs_comparators.py,,oecd-crs-energy-idn-2018-q-2026-09-28-md-18037270
same-as-oecd-crs-energy-idn-2018-q-2026-09-28-md-17653700,line,oecd-crs-energy-idn-2018-q-2026-09-28-md-17653700,same_as,line,oecd-crs-energy-idn-2012-q-2026-09-28-md-5235935,,,,accepted,exact_oecd_donor_and_project_id,1,1,2026-09-28,scripts/jetp/build_crs_comparators.py,,oecd-crs-energy-idn-2018-q-2026-09-28-md-17653700
same-as-oecd-crs-energy-idn-2018-q-2026-09-28-md-17679154,line,oecd-crs-energy-idn-2018-q-2026-09-28-md-17679154,same_as,line,oecd-crs-energy-idn-2017-q-2026-09-28-md-17367217,,,,accepted,exact_oecd_donor_and_project_id,1,1,2026-09-28,scripts/jetp/build_crs_comparators.py,,oecd-crs-energy-idn-2018-q-2026-09-28-md-17679154
same-as-oecd-crs-energy-idn-2018-q-2026-09-28-md-18042045,line,oecd-crs-energy-idn-2018-q-2026-09-28-md-18042045,same_as,line,oecd-crs-energy-idn-2016-q-2026-09-28-md-16698682,,,,accepted,exact_oecd_donor_and_project_id,1,1,2026-09-28,scripts/jetp/build_crs_comparators.py,,oecd-crs-energy-idn-2018-q-2026-09-28-md-18042045
same-as-oecd-crs-energy-idn-2018-q-2026-09-28-md-18034429,line,oecd-crs-energy-idn-2018-q-2026-09-28-md-18034429,same_as,line,oecd-crs-energy-idn-2012-q-2026-09-28-md-5235935,,,,accepted,exact_oecd_donor_and_project_id,1,1,2026-09-28,scripts/jetp/build_crs_comparators.py,,oecd-crs-energy-idn-2018-q-2026-09-28-md-18034429
same-as-oecd-crs-energy-idn-2018-q-2026-09-28-md-18159652,line,oecd-crs-energy-idn-2018-q-2026-09-28-md-18159652,same_as,line,oecd-crs-energy-idn-2013-q-2026-09-28-md-5807409,,,,accepted,exact_oecd_donor_and_project_id,1,1,2026-09-28,scripts/jetp/build_crs_comparators.py,,oecd-crs-energy-idn-2018-q-2026-09-28-md-18159652
same-as-oecd-crs-energy-idn-2018-q-2026-09-28-md-18156180,line,oecd-crs-energy-idn-2018-q-2026-09-28-md-18156180,same_as,line,oecd-crs-energy-idn-2012-q-2026-09-28-md-5228479,,,,accepted,exact_oecd_donor_and_project_id,1,1,2026-09-28,scripts/jetp/build_crs_comparators.py,,oecd-crs-energy-idn-2018-q-2026-09-28-md-18156180
same-as-oecd-crs-energy-idn-2018-q-2026-09-28-md-18156196,line,oecd-crs-energy-idn-2018-q-2026-09-28-md-18156196,same_as,line,oecd-crs-energy-idn-2010-q-2026-09-28-md-3980199,,,,accepted,exact_oecd_donor_and_project_id,1,1,2026-09-28,scripts/jetp/build_crs_comparators.py,,oecd-crs-energy-idn-2018-q-2026-09-28-md-18156196
same-as-oecd-crs-energy-idn-2018-q-2026-09-28-md-18159608,line,oecd-crs-energy-idn-2018-q-2026-09-28-md-18159608,same_as,line,oecd-crs-energy-idn-2016-q-2026-09-28-md-16522989,,,,accepted,exact_oecd_donor_and_project_id,1,1,2026-09-28,scripts/jetp/build_crs_comparators.py,,oecd-crs-energy-idn-2018-q-2026-09-28-md-18159608
same-as-oecd-crs-energy-idn-2018-q-2026-09-28-md-18078436,line,oecd-crs-energy-idn-2018-q-2026-09-28-md-18078436,same_as,line,oecd-crs-energy-idn-2017-q-2026-09-28-md-17367217,,,,accepted,exact_oecd_donor_and_project_id,1,1,2026-09-28,scripts/jetp/build_crs_comparators.py,,oecd-crs-energy-idn-2018-q-2026-09-28-md-18078436
same-as-oecd-crs-energy-idn-2019-q-2026-09-28-md-19062722,line,oecd-crs-energy-idn-2019-q-2026-09-28-md-19062722,same_as,line,oecd-crs-energy-idn-2016-q-2026-09-28-md-16522989,,,,accepted,exact_oecd_donor_and_project_id,1,1,2026-09-28,scripts/jetp/build_crs_comparators.py,,oecd-crs-energy-idn-2019-q-2026-09-28-md-19062722
same-as-oecd-crs-energy-idn-2019-q-2026-09-28-md-19039408,line,oecd-crs-energy-idn-2019-q-2026-09-28-md-19039408,same_as,line,oecd-crs-energy-idn-2013-q-2026-09-28-md-5807409,,,,accepted,exact_oecd_donor_and_project_id,1,1,2026-09-28,scripts/jetp/build_crs_comparators.py,,oecd-crs-energy-idn-2019-q-2026-09-28-md-19039408
same-as-oecd-crs-energy-idn-2019-q-2026-09-28-md-19042609,line,oecd-crs-energy-idn-2019-q-2026-09-28-md-19042609,same_as,line,oecd-crs-energy-idn-2011-q-2026-09-28-md-4707490,,,,accepted,exact_oecd_donor_and_project_id,1,1,2026-09-28,scripts/jetp/build_crs_comparators.py,,oecd-crs-energy-idn-2019-q-2026-09-28-md-19042609
same-as-oecd-crs-energy-idn-2019-q-2026-09-28-md-19062757,line,oecd-crs-energy-idn-2019-q-2026-09-28-md-19062757,same_as,line,oecd-crs-energy-idn-2010-q-2026-09-28-md-3980199,,,,accepted,exact_oecd_donor_and_project_id,1,1,2026-09-28,scripts/jetp/build_crs_comparators.py,,oecd-crs-energy-idn-2019-q-2026-09-28-md-19062757
same-as-oecd-crs-energy-idn-2019-q-2026-09-28-md-18930207,line,oecd-crs-energy-idn-2019-q-2026-09-28-md-18930207,same_as,line,oecd-crs-energy-idn-2015-q-2026-09-28-md-6998603,,,,accepted,exact_oecd_donor_and_project_id,1,1,2026-09-28,scripts/jetp/build_crs_comparators.py,,oecd-crs-energy-idn-2019-q-2026-09-28-md-18930207
same-as-oecd-crs-energy-idn-2019-q-2026-09-28-md-18930291,line,oecd-crs-energy-idn-2019-q-2026-09-28-md-18930291,same_as,line,oecd-crs-energy-idn-2017-q-2026-09-28-md-17408223,,,,accepted,exact_oecd_donor_and_project_id,1,1,2026-09-28,scripts/jetp/build_crs_comparators.py,,oecd-crs-energy-idn-2019-q-2026-09-28-md-18930291
same-as-oecd-crs-energy-idn-2019-q-2026-09-28-md-18935484,line,oecd-crs-energy-idn-2019-q-2026-09-28-md-18935484,same_as,line,oecd-crs-energy-idn-2013-q-2026-09-28-md-5847073,,,,accepted,exact_oecd_donor_and_project_id,1,1,2026-09-28,scripts/jetp/build_crs_comparators.py,,oecd-crs-energy-idn-2019-q-2026-09-28-md-18935484
same-as-oecd-crs-energy-idn-2019-q-2026-09-28-md-18930832,line,oecd-crs-energy-idn-2019-q-2026-09-28-md-18930832,same_as,line,oecd-crs-energy-idn-2013-q-2026-09-28-md-5846788,,,,accepted,exact_oecd_donor_and_project_id,1,1,2026-09-28,scripts/jetp/build_crs_comparators.py,,oecd-crs-energy-idn-2019-q-2026-09-28-md-18930832
same-as-oecd-crs-energy-idn-2019-q-2026-09-28-md-18934036,line,oecd-crs-energy-idn-2019-q-2026-09-28-md-18934036,same_as,line,oecd-crs-energy-idn-2018-q-2026-09-28-md-18134211,,,,accepted,exact_oecd_donor_and_project_id,1,1,2026-09-28,scripts/jetp/build_crs_comparators.py,,oecd-crs-energy-idn-2019-q-2026-09-28-md-18934036
same-as-oecd-crs-energy-idn-2019-q-2026-09-28-md-18934037,line,oecd-crs-energy-idn-2019-q-2026-09-28-md-18934037,same_as,line,oecd-crs-energy-idn-2018-q-2026-09-28-md-18134211,,,,accepted,exact_oecd_donor_and_project_id,1,1,2026-09-28,scripts/jetp/build_crs_comparators.py,,oecd-crs-energy-idn-2019-q-2026-09-28-md-18934037
same-as-oecd-crs-energy-idn-2019-q-2026-09-28-md-18934035,line,oecd-crs-energy-idn-2019-q-2026-09-28-md-18934035,same_as,line,oecd-crs-energy-idn-2018-q-2026-09-28-md-18134211,,,,accepted,exact_oecd_donor_and_project_id,1,1,2026-09-28,scripts/jetp/build_crs_comparators.py,,oecd-crs-energy-idn-2019-q-2026-09-28-md-18934035
same-as-oecd-crs-energy-idn-2019-q-2026-09-28-md-18930477,line,oecd-crs-energy-idn-2019-q-2026-09-28-md-18930477,same_as,line,oecd-crs-energy-idn-2016-q-2026-09-28-md-16549878,,,,accepted,exact_oecd_donor_and_project_id,1,1,2026-09-28,scripts/jetp/build_crs_comparators.py,,oecd-crs-energy-idn-2019-q-2026-09-28-md-18930477
same-as-oecd-crs-energy-idn-2019-q-2026-09-28-md-18938332,line,oecd-crs-energy-idn-2019-q-2026-09-28-md-18938332,same_as,line,oecd-crs-energy-idn-2018-q-2026-09-28-md-17718173,,,,accepted,exact_oecd_donor_and_project_id,1,1,2026-09-28,scripts/jetp/build_crs_comparators.py,,oecd-crs-energy-idn-2019-q-2026-09-28-md-18938332
same-as-oecd-crs-energy-idn-2019-q-2026-09-28-md-18938233,line,oecd-crs-energy-idn-2019-q-2026-09-28-md-18938233,same_as,line,oecd-crs-energy-idn-2018-q-2026-09-28-md-17718028,,,,accepted,exact_oecd_donor_and_project_id,1,1,2026-09-28,scripts/jetp/build_crs_comparators.py,,oecd-crs-energy-idn-2019-q-2026-09-28-md-18938233
same-as-oecd-crs-energy-idn-2019-q-2026-09-28-md-18935617,line,oecd-crs-energy-idn-2019-q-2026-09-28-md-18935617,same_as,line,oecd-crs-energy-idn-2017-q-2026-09-28-md-17030700,,,,accepted,exact_oecd_donor_and_project_id,1,1,2026-09-28,scripts/jetp/build_crs_comparators.py,,oecd-crs-energy-idn-2019-q-2026-09-28-md-18935617
same-as-oecd-crs-energy-idn-2019-q-2026-09-28-md-18955296,line,oecd-crs-energy-idn-2019-q-2026-09-28-md-18955296,same_as,line,oecd-crs-energy-idn-2016-q-2026-09-28-md-16819239,,,,accepted,exact_oecd_donor_and_project_id,1,1,2026-09-28,scripts/jetp/build_crs_comparators.py,,oecd-crs-energy-idn-2019-q-2026-09-28-md-18955296
same-as-oecd-crs-energy-idn-2019-q-2026-09-28-md-18520259,line,oecd-crs-energy-idn-2019-q-2026-09-28-md-18520259,same_as,line,oecd-crs-energy-idn-2018-q-2026-09-28-md-17669128,,,,accepted,exact_oecd_donor_and_project_id,1,1,2026-09-28,scripts/jetp/build_crs_comparators.py,,oecd-crs-energy-idn-2019-q-2026-09-28-md-18520259
same-as-oecd-crs-energy-idn-2019-q-2026-09-28-md-18965506,line,oecd-crs-energy-idn-2019-q-2026-09-28-md-18965506,same_as,line,oecd-crs-energy-idn-2018-q-2026-09-28-md-17669128,,,,accepted,exact_oecd_donor_and_project_id,1,1,2026-09-28,scripts/jetp/build_crs_comparators.py,,oecd-crs-energy-idn-2019-q-2026-09-28-md-18965506
same-as-oecd-crs-energy-idn-2019-q-2026-09-28-md-18865935,line,oecd-crs-energy-idn-2019-q-2026-09-28-md-18865935,same_as,line,oecd-crs-energy-idn-2018-q-2026-09-28-md-17689374,,,,accepted,exact_oecd_donor_and_project_id,1,1,2026-09-28,scripts/jetp/build_crs_comparators.py,,oecd-crs-energy-idn-2019-q-2026-09-28-md-18865935
same-as-oecd-crs-energy-idn-2019-q-2026-09-28-md-19059604,line,oecd-crs-energy-idn-2019-q-2026-09-28-md-19059604,same_as,line,oecd-crs-energy-idn-2016-q-2026-09-28-md-16581243,,,,accepted,exact_oecd_donor_and_project_id,1,1,2026-09-28,scripts/jetp/build_crs_comparators.py,,oecd-crs-energy-idn-2019-q-2026-09-28-md-19059604
same-as-oecd-crs-energy-idn-2019-q-2026-09-28-md-18941218,line,oecd-crs-energy-idn-2019-q-2026-09-28-md-18941218,same_as,line,oecd-crs-energy-idn-2012-q-2026-09-28-md-5236834,,,,accepted,exact_oecd_donor_and_project_id,1,1,2026-09-28,scripts/jetp/build_crs_comparators.py,,oecd-crs-energy-idn-2019-q-2026-09-28-md-18941218
same-as-oecd-crs-energy-idn-2019-q-2026-09-28-md-18941324,line,oecd-crs-energy-idn-2019-q-2026-09-28-md-18941324,same_as,line,oecd-crs-energy-idn-2017-q-2026-09-28-md-16843708,,,,accepted,exact_oecd_donor_and_project_id,1,1,2026-09-28,scripts/jetp/build_crs_comparators.py,,oecd-crs-energy-idn-2019-q-2026-09-28-md-18941324
same-as-oecd-crs-energy-idn-2019-q-2026-09-28-md-19059588,line,oecd-crs-energy-idn-2019-q-2026-09-28-md-19059588,same_as,line,oecd-crs-energy-idn-2015-q-2026-09-28-md-7101317,,,,accepted,exact_oecd_donor_and_project_id,1,1,2026-09-28,scripts/jetp/build_crs_comparators.py,,oecd-crs-energy-idn-2019-q-2026-09-28-md-19059588
same-as-oecd-crs-energy-idn-2019-q-2026-09-28-md-18583937,line,oecd-crs-energy-idn-2019-q-2026-09-28-md-18583937,same_as,line,oecd-crs-energy-idn-2015-q-2026-09-28-md-7101317,,,,accepted,exact_oecd_donor_and_project_id,1,1,2026-09-28,scripts/jetp/build_crs_comparators.py,,oecd-crs-energy-idn-2019-q-2026-09-28-md-18583937
same-as-oecd-crs-energy-idn-2019-q-2026-09-28-md-18938636,line,oecd-crs-energy-idn-2019-q-2026-09-28-md-18938636,same_as,line,oecd-crs-energy-idn-2018-q-2026-09-28-md-17722484,,,,accepted,exact_oecd_donor_and_project_id,1,1,2026-09-28,scripts/jetp/build_crs_comparators.py,,oecd-crs-energy-idn-2019-q-2026-09-28-md-18938636
same-as-oecd-crs-energy-idn-2019-q-2026-09-28-md-18932260,line,oecd-crs-energy-idn-2019-q-2026-09-28-md-18932260,same_as,line,oecd-crs-energy-idn-2018-q-2026-09-28-md-18130111,,,,accepted,exact_oecd_donor_and_project_id,1,1,2026-09-28,scripts/jetp/build_crs_comparators.py,,oecd-crs-energy-idn-2019-q-2026-09-28-md-18932260
same-as-oecd-crs-energy-idn-2019-q-2026-09-28-md-18492596,line,oecd-crs-energy-idn-2019-q-2026-09-28-md-18492596,same_as,line,oecd-crs-energy-idn-2018-q-2026-09-28-md-18130111,,,,accepted,exact_oecd_donor_and_project_id,1,1,2026-09-28,scripts/jetp/build_crs_comparators.py,,oecd-crs-energy-idn-2019-q-2026-09-28-md-18492596
same-as-oecd-crs-energy-idn-2019-q-2026-09-28-md-18828075,line,oecd-crs-energy-idn-2019-q-2026-09-28-md-18828075,same_as,line,oecd-crs-energy-idn-2018-q-2026-09-28-md-18033126,,,,accepted,exact_oecd_donor_and_project_id,1,1,2026-09-28,scripts/jetp/build_crs_comparators.py,,oecd-crs-energy-idn-2019-q-2026-09-28-md-18828075
same-as-oecd-crs-energy-idn-2019-q-2026-09-28-md-18992858,line,oecd-crs-energy-idn-2019-q-2026-09-28-md-18992858,same_as,line,oecd-crs-energy-idn-2015-q-2026-09-28-md-7047455,,,,accepted,exact_oecd_donor_and_project_id,1,1,2026-09-28,scripts/jetp/build_crs_comparators.py,,oecd-crs-energy-idn-2019-q-2026-09-28-md-18992858
same-as-oecd-crs-energy-idn-2019-q-2026-09-28-md-18987107,line,oecd-crs-energy-idn-2019-q-2026-09-28-md-18987107,same_as,line,oecd-crs-energy-idn-2011-q-2026-09-28-md-4728771,,,,accepted,exact_oecd_donor_and_project_id,1,1,2026-09-28,scripts/jetp/build_crs_comparators.py,,oecd-crs-energy-idn-2019-q-2026-09-28-md-18987107
same-as-oecd-crs-energy-idn-2019-q-2026-09-28-md-19056923,line,oecd-crs-energy-idn-2019-q-2026-09-28-md-19056923,same_as,line,oecd-crs-energy-idn-2013-q-2026-09-28-md-5776292,,,,accepted,exact_oecd_donor_and_project_id,1,1,2026-09-28,scripts/jetp/build_crs_comparators.py,,oecd-crs-energy-idn-2019-q-2026-09-28-md-19056923
same-as-oecd-crs-energy-idn-2019-q-2026-09-28-md-19002806,line,oecd-crs-energy-idn-2019-q-2026-09-28-md-19002806,same_as,line,oecd-crs-energy-idn-2013-q-2026-09-28-md-5776258,,,,accepted,exact_oecd_donor_and_project_id,1,1,2026-09-28,scripts/jetp/build_crs_comparators.py,,oecd-crs-energy-idn-2019-q-2026-09-28-md-19002806
same-as-oecd-crs-energy-idn-2019-q-2026-09-28-md-18996544,line,oecd-crs-energy-idn-2019-q-2026-09-28-md-18996544,same_as,line,oecd-crs-energy-idn-2011-q-2026-09-28-md-4728771,,,,accepted,exact_oecd_donor_and_project_id,1,1,2026-09-28,scripts/jetp/build_crs_comparators.py,,oecd-crs-energy-idn-2019-q-2026-09-28-md-18996544
same-as-oecd-crs-energy-idn-2019-q-2026-09-28-md-18975292,line,oecd-crs-energy-idn-2019-q-2026-09-28-md-18975292,same_as,line,oecd-crs-energy-idn-2017-q-2026-09-28-md-17399064,,,,accepted,exact_oecd_donor_and_project_id,1,1,2026-09-28,scripts/jetp/build_crs_comparators.py,,oecd-crs-energy-idn-2019-q-2026-09-28-md-18975292
same-as-oecd-crs-energy-idn-2019-q-2026-09-28-md-18908185,line,oecd-crs-energy-idn-2019-q-2026-09-28-md-18908185,same_as,line,oecd-crs-energy-idn-2017-q-2026-09-28-md-17033727,,,,accepted,exact_oecd_donor_and_project_id,1,1,2026-09-28,scripts/jetp/build_crs_comparators.py,,oecd-crs-energy-idn-2019-q-2026-09-28-md-18908185
same-as-oecd-crs-energy-idn-2019-q-2026-09-28-md-18991238,line,oecd-crs-energy-idn-2019-q-2026-09-28-md-18991238,same_as,line,oecd-crs-energy-idn-2009-q-2026-09-28-md-3726863,,,,accepted,exact_oecd_donor_and_project_id,1,1,2026-09-28,scripts/jetp/build_crs_comparators.py,,oecd-crs-energy-idn-2019-q-2026-09-28-md-18991238
same-as-oecd-crs-energy-idn-2019-q-2026-09-28-md-18991783,line,oecd-crs-energy-idn-2019-q-2026-09-28-md-18991783,same_as,line,oecd-crs-energy-idn-2010-q-2026-09-28-md-4306319,,,,accepted,exact_oecd_donor_and_project_id,1,1,2026-09-28,scripts/jetp/build_crs_comparators.py,,oecd-crs-energy-idn-2019-q-2026-09-28-md-18991783
same-as-oecd-crs-energy-idn-2019-q-2026-09-28-md-18858128,line,oecd-crs-energy-idn-2019-q-2026-09-28-md-18858128,same_as,line,oecd-crs-energy-idn-2016-q-2026-09-28-md-16671657,,,,accepted,exact_oecd_donor_and_project_id,1,1,2026-09-28,scripts/jetp/build_crs_comparators.py,,oecd-crs-energy-idn-2019-q-2026-09-28-md-18858128
same-as-oecd-crs-energy-idn-2019-q-2026-09-28-md-18844454,line,oecd-crs-energy-idn-2019-q-2026-09-28-md-18844454,same_as,line,oecd-crs-energy-idn-2016-q-2026-09-28-md-16540071,,,,accepted,exact_oecd_donor_and_project_id,1,1,2026-09-28,scripts/jetp/build_crs_comparators.py,,oecd-crs-energy-idn-2019-q-2026-09-28-md-18844454
same-as-oecd-crs-energy-idn-2019-q-2026-09-28-md-18844082,line,oecd-crs-energy-idn-2019-q-2026-09-28-md-18844082,same_as,line,oecd-crs-energy-idn-2017-q-2026-09-28-md-17039117,,,,accepted,exact_oecd_donor_and_project_id,1,1,2026-09-28,scripts/jetp/build_crs_comparators.py,,oecd-crs-energy-idn-2019-q-2026-09-28-md-18844082
same-as-oecd-crs-energy-idn-2019-q-2026-09-28-md-18848589,line,oecd-crs-energy-idn-2019-q-2026-09-28-md-18848589,same_as,line,oecd-crs-energy-idn-2017-q-2026-09-28-md-17037302,,,,accepted,exact_oecd_donor_and_project_id,1,1,2026-09-28,scripts/jetp/build_crs_comparators.py,,oecd-crs-energy-idn-2019-q-2026-09-28-md-18848589
same-as-oecd-crs-energy-idn-2019-q-2026-09-28-md-18840027,line,oecd-crs-energy-idn-2019-q-2026-09-28-md-18840027,same_as,line,oecd-crs-energy-idn-2016-q-2026-09-28-md-16668098,,,,accepted,exact_oecd_donor_and_project_id,1,1,2026-09-28,scripts/jetp/build_crs_comparators.py,,oecd-crs-energy-idn-2019-q-2026-09-28-md-18840027
same-as-oecd-crs-energy-idn-2019-q-2026-09-28-md-18836577,line,oecd-crs-energy-idn-2019-q-2026-09-28-md-18836577,same_as,line,oecd-crs-energy-idn-2015-q-2026-09-28-md-7016820,,,,accepted,exact_oecd_donor_and_project_id,1,1,2026-09-28,scripts/jetp/build_crs_comparators.py,,oecd-crs-energy-idn-2019-q-2026-09-28-md-18836577
same-as-oecd-crs-energy-idn-2019-q-2026-09-28-md-18842686,line,oecd-crs-energy-idn-2019-q-2026-09-28-md-18842686,same_as,line,oecd-crs-energy-idn-2014-q-2026-09-28-md-6386872,,,,accepted,exact_oecd_donor_and_project_id,1,1,2026-09-28,scripts/jetp/build_crs_comparators.py,,oecd-crs-energy-idn-2019-q-2026-09-28-md-18842686
same-as-oecd-crs-energy-idn-2019-q-2026-09-28-md-18431930,line,oecd-crs-energy-idn-2019-q-2026-09-28-md-18431930,same_as,line,oecd-crs-energy-idn-2014-q-2026-09-28-md-6386872,,,,accepted,exact_oecd_donor_and_project_id,1,1,2026-09-28,scripts/jetp/build_crs_comparators.py,,oecd-crs-energy-idn-2019-q-2026-09-28-md-18431930
same-as-oecd-crs-energy-idn-2019-q-2026-09-28-md-19003085,line,oecd-crs-energy-idn-2019-q-2026-09-28-md-19003085,same_as,line,oecd-crs-energy-idn-2015-q-2026-09-28-md-7023224,,,,accepted,exact_oecd_donor_and_project_id,1,1,2026-09-28,scripts/jetp/build_crs_comparators.py,,oecd-crs-energy-idn-2019-q-2026-09-28-md-19003085
same-as-oecd-crs-energy-idn-2019-q-2026-09-28-md-18872143,line,oecd-crs-energy-idn-2019-q-2026-09-28-md-18872143,same_as,line,oecd-crs-energy-idn-2017-q-2026-09-28-md-17032410,,,,accepted,exact_oecd_donor_and_project_id,1,1,2026-09-28,scripts/jetp/build_crs_comparators.py,,oecd-crs-energy-idn-2019-q-2026-09-28-md-18872143
same-as-oecd-crs-energy-idn-2019-q-2026-09-28-md-18861955,line,oecd-crs-energy-idn-2019-q-2026-09-28-md-18861955,same_as,line,oecd-crs-energy-idn-2018-q-2026-09-28-md-18116124,,,,accepted,exact_oecd_donor_and_project_id,1,1,2026-09-28,scripts/jetp/build_crs_comparators.py,,oecd-crs-energy-idn-2019-q-2026-09-28-md-18861955
same-as-oecd-crs-energy-idn-2019-q-2026-09-28-md-18861950,line,oecd-crs-energy-idn-2019-q-2026-09-28-md-18861950,same_as,line,oecd-crs-energy-idn-2018-q-2026-09-28-md-18115771,,,,accepted,exact_oecd_donor_and_project_id,1,1,2026-09-28,scripts/jetp/build_crs_comparators.py,,oecd-crs-energy-idn-2019-q-2026-09-28-md-18861950
same-as-oecd-crs-energy-idn-2019-q-2026-09-28-md-18851356,line,oecd-crs-energy-idn-2019-q-2026-09-28-md-18851356,same_as,line,oecd-crs-energy-idn-2017-q-2026-09-28-md-17009670,,,,accepted,exact_oecd_donor_and_project_id,1,1,2026-09-28,scripts/jetp/build_crs_comparators.py,,oecd-crs-energy-idn-2019-q-2026-09-28-md-18851356
same-as-oecd-crs-energy-idn-2019-q-2026-09-28-md-19050546,line,oecd-crs-energy-idn-2019-q-2026-09-28-md-19050546,same_as,line,oecd-crs-energy-idn-2017-q-2026-09-28-md-17367217,,,,accepted,exact_oecd_donor_and_project_id,1,1,2026-09-28,scripts/jetp/build_crs_comparators.py,,oecd-crs-energy-idn-2019-q-2026-09-28-md-19050546
same-as-oecd-crs-energy-idn-2019-q-2026-09-28-md-18584689,line,oecd-crs-energy-idn-2019-q-2026-09-28-md-18584689,same_as,line,oecd-crs-energy-idn-2017-q-2026-09-28-md-17367217,,,,accepted,exact_oecd_donor_and_project_id,1,1,2026-09-28,scripts/jetp/build_crs_comparators.py,,oecd-crs-energy-idn-2019-q-2026-09-28-md-18584689
same-as-oecd-crs-energy-idn-2020-q-2026-09-28-md-19900698,line,oecd-crs-energy-idn-2020-q-2026-09-28-md-19900698,same_as,line,oecd-crs-energy-idn-2019-q-2026-09-28-md-18585456,,,,accepted,exact_oecd_donor_and_project_id,1,1,2026-09-28,scripts/jetp/build_crs_comparators.py,,oecd-crs-energy-idn-2020-q-2026-09-28-md-19900698
same-as-oecd-crs-energy-idn-2020-q-2026-09-28-md-19847969,line,oecd-crs-energy-idn-2020-q-2026-09-28-md-19847969,same_as,line,oecd-crs-energy-idn-2011-q-2026-09-28-md-4707490,,,,accepted,exact_oecd_donor_and_project_id,1,1,2026-09-28,scripts/jetp/build_crs_comparators.py,,oecd-crs-energy-idn-2020-q-2026-09-28-md-19847969
same-as-oecd-crs-energy-idn-2020-q-2026-09-28-md-19839911,line,oecd-crs-energy-idn-2020-q-2026-09-28-md-19839911,same_as,line,oecd-crs-energy-idn-2013-q-2026-09-28-md-5807409,,,,accepted,exact_oecd_donor_and_project_id,1,1,2026-09-28,scripts/jetp/build_crs_comparators.py,,oecd-crs-energy-idn-2020-q-2026-09-28-md-19839911
same-as-oecd-crs-energy-idn-2020-q-2026-09-28-md-19848061,line,oecd-crs-energy-idn-2020-q-2026-09-28-md-19848061,same_as,line,oecd-crs-energy-idn-2010-q-2026-09-28-md-3980199,,,,accepted,exact_oecd_donor_and_project_id,1,1,2026-09-28,scripts/jetp/build_crs_comparators.py,,oecd-crs-energy-idn-2020-q-2026-09-28-md-19848061
same-as-oecd-crs-energy-idn-2020-q-2026-09-28-md-19847993,line,oecd-crs-energy-idn-2020-q-2026-09-28-md-19847993,same_as,line,oecd-crs-energy-idn-2016-q-2026-09-28-md-16522989,,,,accepted,exact_oecd_donor_and_project_id,1,1,2026-09-28,scripts/jetp/build_crs_comparators.py,,oecd-crs-energy-idn-2020-q-2026-09-28-md-19847993
same-as-oecd-crs-energy-idn-2020-q-2026-09-28-md-19676215,line,oecd-crs-energy-idn-2020-q-2026-09-28-md-19676215,same_as,line,oecd-crs-energy-idn-2017-q-2026-09-28-md-17408223,,,,accepted,exact_oecd_donor_and_project_id,1,1,2026-09-28,scripts/jetp/build_crs_comparators.py,,oecd-crs-energy-idn-2020-q-2026-09-28-md-19676215
same-as-oecd-crs-energy-idn-2020-q-2026-09-28-md-19673972,line,oecd-crs-energy-idn-2020-q-2026-09-28-md-19673972,same_as,line,oecd-crs-energy-idn-2015-q-2026-09-28-md-6998603,,,,accepted,exact_oecd_donor_and_project_id,1,1,2026-09-28,scripts/jetp/build_crs_comparators.py,,oecd-crs-energy-idn-2020-q-2026-09-28-md-19673972
same-as-oecd-crs-energy-idn-2020-q-2026-09-28-md-19679264,line,oecd-crs-energy-idn-2020-q-2026-09-28-md-19679264,same_as,line,oecd-crs-energy-idn-2017-q-2026-09-28-md-17030700,,,,accepted,exact_oecd_donor_and_project_id,1,1,2026-09-28,scripts/jetp/build_crs_comparators.py,,oecd-crs-energy-idn-2020-q-2026-09-28-md-19679264
same-as-oecd-crs-energy-idn-2020-q-2026-09-28-md-19673631,line,oecd-crs-energy-idn-2020-q-2026-09-28-md-19673631,same_as,line,oecd-crs-energy-idn-2016-q-2026-09-28-md-16549878,,,,accepted,exact_oecd_donor_and_project_id,1,1,2026-09-28,scripts/jetp/build_crs_comparators.py,,oecd-crs-energy-idn-2020-q-2026-09-28-md-19673631
same-as-oecd-crs-energy-idn-2020-q-2026-09-28-md-19682512,line,oecd-crs-energy-idn-2020-q-2026-09-28-md-19682512,same_as,line,oecd-crs-energy-idn-2018-q-2026-09-28-md-17718173,,,,accepted,exact_oecd_donor_and_project_id,1,1,2026-09-28,scripts/jetp/build_crs_comparators.py,,oecd-crs-energy-idn-2020-q-2026-09-28-md-19682512
same-as-oecd-crs-energy-idn-2020-q-2026-09-28-md-19682407,line,oecd-crs-energy-idn-2020-q-2026-09-28-md-19682407,same_as,line,oecd-crs-energy-idn-2019-q-2026-09-28-md-18506020,,,,accepted,exact_oecd_donor_and_project_id,1,1,2026-09-28,scripts/jetp/build_crs_comparators.py,,oecd-crs-energy-idn-2020-q-2026-09-28-md-19682407
same-as-oecd-crs-energy-idn-2020-q-2026-09-28-md-19679992,line,oecd-crs-energy-idn-2020-q-2026-09-28-md-19679992,same_as,line,oecd-crs-energy-idn-2018-q-2026-09-28-md-17718028,,,,accepted,exact_oecd_donor_and_project_id,1,1,2026-09-28,scripts/jetp/build_crs_comparators.py,,oecd-crs-energy-idn-2020-q-2026-09-28-md-19679992
same-as-oecd-crs-energy-idn-2020-q-2026-09-28-md-19889956,line,oecd-crs-energy-idn-2020-q-2026-09-28-md-19889956,same_as,line,oecd-crs-energy-idn-2018-q-2026-09-28-md-17779682,,,,accepted,exact_oecd_donor_and_project_id,1,1,2026-09-28,scripts/jetp/build_crs_comparators.py,,oecd-crs-energy-idn-2020-q-2026-09-28-md-19889956
same-as-oecd-crs-energy-idn-2020-q-2026-09-28-md-19759993,line,oecd-crs-energy-idn-2020-q-2026-09-28-md-19759993,same_as,line,oecd-crs-energy-idn-2019-q-2026-09-28-md-18966048,,,,accepted,exact_oecd_donor_and_project_id,1,1,2026-09-28,scripts/jetp/build_crs_comparators.py,,oecd-crs-energy-idn-2020-q-2026-09-28-md-19759993
same-as-oecd-crs-energy-idn-2020-q-2026-09-28-md-19298063,line,oecd-crs-energy-idn-2020-q-2026-09-28-md-19298063,same_as,line,oecd-crs-energy-idn-2019-q-2026-09-28-md-18966048,,,,accepted,exact_oecd_donor_and_project_id,1,1,2026-09-28,scripts/jetp/build_crs_comparators.py,,oecd-crs-energy-idn-2020-q-2026-09-28-md-19298063
same-as-oecd-crs-energy-idn-2020-q-2026-09-28-md-19763892,line,oecd-crs-energy-idn-2020-q-2026-09-28-md-19763892,same_as,line,oecd-crs-energy-idn-2019-q-2026-09-28-md-18522458,,,,accepted,exact_oecd_donor_and_project_id,1,1,2026-09-28,scripts/jetp/build_crs_comparators.py,,oecd-crs-energy-idn-2020-q-2026-09-28-md-19763892
same-as-oecd-crs-energy-idn-2020-q-2026-09-28-md-19298107,line,oecd-crs-energy-idn-2020-q-2026-09-28-md-19298107,same_as,line,oecd-crs-energy-idn-2019-q-2026-09-28-md-18966334,,,,accepted,exact_oecd_donor_and_project_id,1,1,2026-09-28,scripts/jetp/build_crs_comparators.py,,oecd-crs-energy-idn-2020-q-2026-09-28-md-19298107
same-as-oecd-crs-energy-idn-2020-q-2026-09-28-md-19756078,line,oecd-crs-energy-idn-2020-q-2026-09-28-md-19756078,same_as,line,oecd-crs-energy-idn-2019-q-2026-09-28-md-18966334,,,,accepted,exact_oecd_donor_and_project_id,1,1,2026-09-28,scripts/jetp/build_crs_comparators.py,,oecd-crs-energy-idn-2020-q-2026-09-28-md-19756078
same-as-oecd-crs-energy-idn-2020-q-2026-09-28-md-19299277,line,oecd-crs-energy-idn-2020-q-2026-09-28-md-19299277,same_as,line,oecd-crs-energy-idn-2019-q-2026-09-28-md-18522458,,,,accepted,exact_oecd_donor_and_project_id,1,1,2026-09-28,scripts/jetp/build_crs_comparators.py,,oecd-crs-energy-idn-2020-q-2026-09-28-md-19299277
same-as-oecd-crs-energy-idn-2020-q-2026-09-28-md-19851502,line,oecd-crs-energy-idn-2020-q-2026-09-28-md-19851502,same_as,line,oecd-crs-energy-idn-2019-q-2026-09-28-md-18862638,,,,accepted,exact_oecd_donor_and_project_id,1,1,2026-09-28,scripts/jetp/build_crs_comparators.py,,oecd-crs-energy-idn-2020-q-2026-09-28-md-19851502
same-as-oecd-crs-energy-idn-2020-q-2026-09-28-md-19747892,line,oecd-crs-energy-idn-2020-q-2026-09-28-md-19747892,same_as,line,oecd-crs-energy-idn-2012-q-2026-09-28-md-5236834,,,,accepted,exact_oecd_donor_and_project_id,1,1,2026-09-28,scripts/jetp/build_crs_comparators.py,,oecd-crs-energy-idn-2020-q-2026-09-28-md-19747892
same-as-oecd-crs-energy-idn-2020-q-2026-09-28-md-19866237,line,oecd-crs-energy-idn-2020-q-2026-09-28-md-19866237,same_as,line,oecd-crs-energy-idn-2018-q-2026-09-28-md-18033126,,,,accepted,exact_oecd_donor_and_project_id,1,1,2026-09-28,scripts/jetp/build_crs_comparators.py,,oecd-crs-energy-idn-2020-q-2026-09-28-md-19866237
same-as-oecd-crs-energy-idn-2020-q-2026-09-28-md-19805095,line,oecd-crs-energy-idn-2020-q-2026-09-28-md-19805095,same_as,line,oecd-crs-energy-idn-2019-q-2026-09-28-md-18936867,,,,accepted,exact_oecd_donor_and_project_id,1,1,2026-09-28,scripts/jetp/build_crs_comparators.py,,oecd-crs-energy-idn-2020-q-2026-09-28-md-19805095
same-as-oecd-crs-energy-idn-2020-q-2026-09-28-md-19804583,line,oecd-crs-energy-idn-2020-q-2026-09-28-md-19804583,same_as,line,oecd-crs-energy-idn-2018-q-2026-09-28-md-18130111,,,,accepted,exact_oecd_donor_and_project_id,1,1,2026-09-28,scripts/jetp/build_crs_comparators.py,,oecd-crs-energy-idn-2020-q-2026-09-28-md-19804583
same-as-oecd-crs-energy-idn-2020-q-2026-09-28-md-19322776,line,oecd-crs-energy-idn-2020-q-2026-09-28-md-19322776,same_as,line,oecd-crs-energy-idn-2018-q-2026-09-28-md-18130111,,,,accepted,exact_oecd_donor_and_project_id,1,1,2026-09-28,scripts/jetp/build_crs_comparators.py,,oecd-crs-energy-idn-2020-q-2026-09-28-md-19322776
same-as-oecd-crs-energy-idn-2020-q-2026-09-28-md-19329054,line,oecd-crs-energy-idn-2020-q-2026-09-28-md-19329054,same_as,line,oecd-crs-energy-idn-2019-q-2026-09-28-md-19052971,,,,accepted,exact_oecd_donor_and_project_id,1,1,2026-09-28,scripts/jetp/build_crs_comparators.py,,oecd-crs-energy-idn-2020-q-2026-09-28-md-19329054
same-as-oecd-crs-energy-idn-2020-q-2026-09-28-md-19795730,line,oecd-crs-energy-idn-2020-q-2026-09-28-md-19795730,same_as,line,oecd-crs-energy-idn-2019-q-2026-09-28-md-19052971,,,,accepted,exact_oecd_donor_and_project_id,1,1,2026-09-28,scripts/jetp/build_crs_comparators.py,,oecd-crs-energy-idn-2020-q-2026-09-28-md-19795730
same-as-oecd-crs-energy-idn-2020-q-2026-09-28-md-19700135,line,oecd-crs-energy-idn-2020-q-2026-09-28-md-19700135,same_as,line,oecd-crs-energy-idn-2009-q-2026-09-28-md-3726863,,,,accepted,exact_oecd_donor_and_project_id,1,1,2026-09-28,scripts/jetp/build_crs_comparators.py,,oecd-crs-energy-idn-2020-q-2026-09-28-md-19700135
same-as-oecd-crs-energy-idn-2020-q-2026-09-28-md-19698155,line,oecd-crs-energy-idn-2020-q-2026-09-28-md-19698155,same_as,line,oecd-crs-energy-idn-2015-q-2026-09-28-md-7047455,,,,accepted,exact_oecd_donor_and_project_id,1,1,2026-09-28,scripts/jetp/build_crs_comparators.py,,oecd-crs-energy-idn-2020-q-2026-09-28-md-19698155
same-as-oecd-crs-energy-idn-2020-q-2026-09-28-md-19696739,line,oecd-crs-energy-idn-2020-q-2026-09-28-md-19696739,same_as,line,oecd-crs-energy-idn-2011-q-2026-09-28-md-4728771,,,,accepted,exact_oecd_donor_and_project_id,1,1,2026-09-28,scripts/jetp/build_crs_comparators.py,,oecd-crs-energy-idn-2020-q-2026-09-28-md-19696739
same-as-oecd-crs-energy-idn-2020-q-2026-09-28-md-19693505,line,oecd-crs-energy-idn-2020-q-2026-09-28-md-19693505,same_as,line,oecd-crs-energy-idn-2011-q-2026-09-28-md-4728771,,,,accepted,exact_oecd_donor_and_project_id,1,1,2026-09-28,scripts/jetp/build_crs_comparators.py,,oecd-crs-energy-idn-2020-q-2026-09-28-md-19693505
same-as-oecd-crs-energy-idn-2020-q-2026-09-28-md-19852355,line,oecd-crs-energy-idn-2020-q-2026-09-28-md-19852355,same_as,line,oecd-crs-energy-idn-2013-q-2026-09-28-md-5776258,,,,accepted,exact_oecd_donor_and_project_id,1,1,2026-09-28,scripts/jetp/build_crs_comparators.py,,oecd-crs-energy-idn-2020-q-2026-09-28-md-19852355
same-as-oecd-crs-energy-idn-2020-q-2026-09-28-md-19852645,line,oecd-crs-energy-idn-2020-q-2026-09-28-md-19852645,same_as,line,oecd-crs-energy-idn-2010-q-2026-09-28-md-4306319,,,,accepted,exact_oecd_donor_and_project_id,1,1,2026-09-28,scripts/jetp/build_crs_comparators.py,,oecd-crs-energy-idn-2020-q-2026-09-28-md-19852645
same-as-oecd-crs-energy-idn-2020-q-2026-09-28-md-19835241,line,oecd-crs-energy-idn-2020-q-2026-09-28-md-19835241,same_as,line,oecd-crs-energy-idn-2016-q-2026-09-28-md-16671657,,,,accepted,exact_oecd_donor_and_project_id,1,1,2026-09-28,scripts/jetp/build_crs_comparators.py,,oecd-crs-energy-idn-2020-q-2026-09-28-md-19835241
same-as-oecd-crs-energy-idn-2020-q-2026-09-28-md-19835504,line,oecd-crs-energy-idn-2020-q-2026-09-28-md-19835504,same_as,line,oecd-crs-energy-idn-2016-q-2026-09-28-md-16540071,,,,accepted,exact_oecd_donor_and_project_id,1,1,2026-09-28,scripts/jetp/build_crs_comparators.py,,oecd-crs-energy-idn-2020-q-2026-09-28-md-19835504
same-as-oecd-crs-energy-idn-2020-q-2026-09-28-md-19839650,line,oecd-crs-energy-idn-2020-q-2026-09-28-md-19839650,same_as,line,oecd-crs-energy-idn-2015-q-2026-09-28-md-7016820,,,,accepted,exact_oecd_donor_and_project_id,1,1,2026-09-28,scripts/jetp/build_crs_comparators.py,,oecd-crs-energy-idn-2020-q-2026-09-28-md-19839650
same-as-oecd-crs-energy-idn-2020-q-2026-09-28-md-19845037,line,oecd-crs-energy-idn-2020-q-2026-09-28-md-19845037,same_as,line,oecd-crs-energy-idn-2017-q-2026-09-28-md-17038902,,,,accepted,exact_oecd_donor_and_project_id,1,1,2026-09-28,scripts/jetp/build_crs_comparators.py,,oecd-crs-energy-idn-2020-q-2026-09-28-md-19845037
same-as-oecd-crs-energy-idn-2020-q-2026-09-28-md-19839019,line,oecd-crs-energy-idn-2020-q-2026-09-28-md-19839019,same_as,line,oecd-crs-energy-idn-2015-q-2026-09-28-md-7017214,,,,accepted,exact_oecd_donor_and_project_id,1,1,2026-09-28,scripts/jetp/build_crs_comparators.py,,oecd-crs-energy-idn-2020-q-2026-09-28-md-19839019
same-as-oecd-crs-energy-idn-2020-q-2026-09-28-md-19686496,line,oecd-crs-energy-idn-2020-q-2026-09-28-md-19686496,same_as,line,oecd-crs-energy-idn-2013-q-2026-09-28-md-5776292,,,,accepted,exact_oecd_donor_and_project_id,1,1,2026-09-28,scripts/jetp/build_crs_comparators.py,,oecd-crs-energy-idn-2020-q-2026-09-28-md-19686496
same-as-oecd-crs-energy-idn-2020-q-2026-09-28-md-19769520,line,oecd-crs-energy-idn-2020-q-2026-09-28-md-19769520,same_as,line,oecd-crs-energy-idn-2019-q-2026-09-28-md-18541125,,,,accepted,exact_oecd_donor_and_project_id,1,1,2026-09-28,scripts/jetp/build_crs_comparators.py,,oecd-crs-energy-idn-2020-q-2026-09-28-md-19769520
same-as-oecd-crs-energy-idn-2020-q-2026-09-28-md-19772923,line,oecd-crs-energy-idn-2020-q-2026-09-28-md-19772923,same_as,line,oecd-crs-energy-idn-2015-q-2026-09-28-md-7023224,,,,accepted,exact_oecd_donor_and_project_id,1,1,2026-09-28,scripts/jetp/build_crs_comparators.py,,oecd-crs-energy-idn-2020-q-2026-09-28-md-19772923
same-as-oecd-crs-energy-idn-2020-q-2026-09-28-md-19750264,line,oecd-crs-energy-idn-2020-q-2026-09-28-md-19750264,same_as,line,oecd-crs-energy-idn-2016-q-2026-09-28-md-16581243,,,,accepted,exact_oecd_donor_and_project_id,1,1,2026-09-28,scripts/jetp/build_crs_comparators.py,,oecd-crs-energy-idn-2020-q-2026-09-28-md-19750264
same-as-oecd-crs-energy-idn-2020-q-2026-09-28-md-19750140,line,oecd-crs-energy-idn-2020-q-2026-09-28-md-19750140,same_as,line,oecd-crs-energy-idn-2015-q-2026-09-28-md-7101317,,,,accepted,exact_oecd_donor_and_project_id,1,1,2026-09-28,scripts/jetp/build_crs_comparators.py,,oecd-crs-energy-idn-2020-q-2026-09-28-md-19750140
same-as-oecd-crs-energy-idn-2020-q-2026-09-28-md-19750328,line,oecd-crs-energy-idn-2020-q-2026-09-28-md-19750328,same_as,line,oecd-crs-energy-idn-2017-q-2026-09-28-md-16843708,,,,accepted,exact_oecd_donor_and_project_id,1,1,2026-09-28,scripts/jetp/build_crs_comparators.py,,oecd-crs-energy-idn-2020-q-2026-09-28-md-19750328
same-as-oecd-crs-energy-idn-2020-q-2026-09-28-md-19731791,line,oecd-crs-energy-idn-2020-q-2026-09-28-md-19731791,same_as,line,oecd-crs-energy-idn-2019-q-2026-09-28-md-18962024,,,,accepted,exact_oecd_donor_and_project_id,1,1,2026-09-28,scripts/jetp/build_crs_comparators.py,,oecd-crs-energy-idn-2020-q-2026-09-28-md-19731791
same-as-oecd-crs-energy-idn-2020-q-2026-09-28-md-19670624,line,oecd-crs-energy-idn-2020-q-2026-09-28-md-19670624,same_as,line,oecd-crs-energy-idn-2018-q-2026-09-28-md-17691085,,,,accepted,exact_oecd_donor_and_project_id,1,1,2026-09-28,scripts/jetp/build_crs_comparators.py,,oecd-crs-energy-idn-2020-q-2026-09-28-md-19670624
same-as-oecd-crs-energy-idn-2020-q-2026-09-28-md-19665402,line,oecd-crs-energy-idn-2020-q-2026-09-28-md-19665402,same_as,line,oecd-crs-energy-idn-2019-q-2026-09-28-md-18447181,,,,accepted,exact_oecd_donor_and_project_id,1,1,2026-09-28,scripts/jetp/build_crs_comparators.py,,oecd-crs-energy-idn-2020-q-2026-09-28-md-19665402
same-as-oecd-crs-energy-idn-2020-q-2026-09-28-md-19292473,line,oecd-crs-energy-idn-2020-q-2026-09-28-md-19292473,same_as,line,oecd-crs-energy-idn-2019-q-2026-09-28-md-18901986,,,,accepted,exact_oecd_donor_and_project_id,1,1,2026-09-28,scripts/jetp/build_crs_comparators.py,,oecd-crs-energy-idn-2020-q-2026-09-28-md-19292473
same-as-oecd-crs-energy-idn-2020-q-2026-09-28-md-19745563,line,oecd-crs-energy-idn-2020-q-2026-09-28-md-19745563,same_as,line,oecd-crs-energy-idn-2019-q-2026-09-28-md-18901986,,,,accepted,exact_oecd_donor_and_project_id,1,1,2026-09-28,scripts/jetp/build_crs_comparators.py,,oecd-crs-energy-idn-2020-q-2026-09-28-md-19745563
same-as-oecd-crs-energy-idn-2020-q-2026-09-28-md-19751319,line,oecd-crs-energy-idn-2020-q-2026-09-28-md-19751319,same_as,line,oecd-crs-energy-idn-2019-q-2026-09-28-md-18907618,,,,accepted,exact_oecd_donor_and_project_id,1,1,2026-09-28,scripts/jetp/build_crs_comparators.py,,oecd-crs-energy-idn-2020-q-2026-09-28-md-19751319
same-as-oecd-crs-energy-idn-2020-q-2026-09-28-md-19291193,line,oecd-crs-energy-idn-2020-q-2026-09-28-md-19291193,same_as,line,oecd-crs-energy-idn-2019-q-2026-09-28-md-18907618,,,,accepted,exact_oecd_donor_and_project_id,1,1,2026-09-28,scripts/jetp/build_crs_comparators.py,,oecd-crs-energy-idn-2020-q-2026-09-28-md-19291193
same-as-oecd-crs-energy-idn-2020-q-2026-09-28-md-19313681,line,oecd-crs-energy-idn-2020-q-2026-09-28-md-19313681,same_as,line,oecd-crs-energy-idn-2019-q-2026-09-28-md-18992434,,,,accepted,exact_oecd_donor_and_project_id,1,1,2026-09-28,scripts/jetp/build_crs_comparators.py,,oecd-crs-energy-idn-2020-q-2026-09-28-md-19313681
same-as-oecd-crs-energy-idn-2021-q-2026-09-28-md-20741275,line,oecd-crs-energy-idn-2021-q-2026-09-28-md-20741275,same_as,line,oecd-crs-energy-idn-2019-q-2026-09-28-md-18579154,,,,accepted,exact_oecd_donor_and_project_id,1,1,2026-09-28,scripts/jetp/build_crs_comparators.py,,oecd-crs-energy-idn-2021-q-2026-09-28-md-20741275
same-as-oecd-crs-energy-idn-2021-q-2026-09-28-md-20665638,line,oecd-crs-energy-idn-2021-q-2026-09-28-md-20665638,same_as,line,oecd-crs-energy-idn-2017-q-2026-09-28-md-17402015,,,,accepted,exact_oecd_donor_and_project_id,1,1,2026-09-28,scripts/jetp/build_crs_comparators.py,,oecd-crs-energy-idn-2021-q-2026-09-28-md-20665638
same-as-oecd-crs-energy-idn-2021-q-2026-09-28-md-20741273,line,oecd-crs-energy-idn-2021-q-2026-09-28-md-20741273,same_as,line,oecd-crs-energy-idn-2019-q-2026-09-28-md-18579134,,,,accepted,exact_oecd_donor_and_project_id,1,1,2026-09-28,scripts/jetp/build_crs_comparators.py,,oecd-crs-energy-idn-2021-q-2026-09-28-md-20741273
same-as-oecd-crs-energy-idn-2021-q-2026-09-28-md-20741272,line,oecd-crs-energy-idn-2021-q-2026-09-28-md-20741272,same_as,line,oecd-crs-energy-idn-2016-q-2026-09-28-md-16627329,,,,accepted,exact_oecd_donor_and_project_id,1,1,2026-09-28,scripts/jetp/build_crs_comparators.py,,oecd-crs-energy-idn-2021-q-2026-09-28-md-20741272
same-as-oecd-crs-energy-idn-2021-q-2026-09-28-md-20725758,line,oecd-crs-energy-idn-2021-q-2026-09-28-md-20725758,same_as,line,oecd-crs-energy-idn-2017-q-2026-09-28-md-17408223,,,,accepted,exact_oecd_donor_and_project_id,1,1,2026-09-28,scripts/jetp/build_crs_comparators.py,,oecd-crs-energy-idn-2021-q-2026-09-28-md-20725758
same-as-oecd-crs-energy-idn-2021-q-2026-09-28-md-20728555,line,oecd-crs-energy-idn-2021-q-2026-09-28-md-20728555,same_as,line,oecd-crs-energy-idn-2018-q-2026-09-28-md-17718028,,,,accepted,exact_oecd_donor_and_project_id,1,1,2026-09-28,scripts/jetp/build_crs_comparators.py,,oecd-crs-energy-idn-2021-q-2026-09-28-md-20728555
same-as-oecd-crs-energy-idn-2021-q-2026-09-28-md-20726146,line,oecd-crs-energy-idn-2021-q-2026-09-28-md-20726146,same_as,line,oecd-crs-energy-idn-2019-q-2026-09-28-md-18506020,,,,accepted,exact_oecd_donor_and_project_id,1,1,2026-09-28,scripts/jetp/build_crs_comparators.py,,oecd-crs-energy-idn-2021-q-2026-09-28-md-20726146
same-as-oecd-crs-energy-idn-2021-q-2026-09-28-md-20727413,line,oecd-crs-energy-idn-2021-q-2026-09-28-md-20727413,same_as,line,oecd-crs-energy-idn-2018-q-2026-09-28-md-17718173,,,,accepted,exact_oecd_donor_and_project_id,1,1,2026-09-28,scripts/jetp/build_crs_comparators.py,,oecd-crs-energy-idn-2021-q-2026-09-28-md-20727413
same-as-oecd-crs-energy-idn-2021-q-2026-09-28-md-20725616,line,oecd-crs-energy-idn-2021-q-2026-09-28-md-20725616,same_as,line,oecd-crs-energy-idn-2020-q-2026-09-28-md-19245954,,,,accepted,exact_oecd_donor_and_project_id,1,1,2026-09-28,scripts/jetp/build_crs_comparators.py,,oecd-crs-energy-idn-2021-q-2026-09-28-md-20725616
same-as-oecd-crs-energy-idn-2021-q-2026-09-28-md-20725303,line,oecd-crs-energy-idn-2021-q-2026-09-28-md-20725303,same_as,line,oecd-crs-energy-idn-2020-q-2026-09-28-md-19246381,,,,accepted,exact_oecd_donor_and_project_id,1,1,2026-09-28,scripts/jetp/build_crs_comparators.py,,oecd-crs-energy-idn-2021-q-2026-09-28-md-20725303
same-as-oecd-crs-energy-idn-2021-q-2026-09-28-md-20836808,line,oecd-crs-energy-idn-2021-q-2026-09-28-md-20836808,same_as,line,oecd-crs-energy-idn-2020-q-2026-09-28-md-19811205,,,,accepted,exact_oecd_donor_and_project_id,1,1,2026-09-28,scripts/jetp/build_crs_comparators.py,,oecd-crs-energy-idn-2021-q-2026-09-28-md-20836808
same-as-oecd-crs-energy-idn-2021-q-2026-09-28-md-20663697,line,oecd-crs-energy-idn-2021-q-2026-09-28-md-20663697,same_as,line,oecd-crs-energy-idn-2011-q-2026-09-28-md-4707490,,,,accepted,exact_oecd_donor_and_project_id,1,1,2026-09-28,scripts/jetp/build_crs_comparators.py,,oecd-crs-energy-idn-2021-q-2026-09-28-md-20663697
same-as-oecd-crs-energy-idn-2021-q-2026-09-28-md-20817539,line,oecd-crs-energy-idn-2021-q-2026-09-28-md-20817539,same_as,line,oecd-crs-energy-idn-2020-q-2026-09-28-md-19761964,,,,accepted,exact_oecd_donor_and_project_id,1,1,2026-09-28,scripts/jetp/build_crs_comparators.py,,oecd-crs-energy-idn-2021-q-2026-09-28-md-20817539
same-as-oecd-crs-energy-idn-2021-q-2026-09-28-md-20817540,line,oecd-crs-energy-idn-2021-q-2026-09-28-md-20817540,same_as,line,oecd-crs-energy-idn-2020-q-2026-09-28-md-19763417,,,,accepted,exact_oecd_donor_and_project_id,1,1,2026-09-28,scripts/jetp/build_crs_comparators.py,,oecd-crs-energy-idn-2021-q-2026-09-28-md-20817540
same-as-oecd-crs-energy-idn-2021-q-2026-09-28-md-20779446,line,oecd-crs-energy-idn-2021-q-2026-09-28-md-20779446,same_as,line,oecd-crs-energy-idn-2015-q-2026-09-28-md-7101317,,,,accepted,exact_oecd_donor_and_project_id,1,1,2026-09-28,scripts/jetp/build_crs_comparators.py,,oecd-crs-energy-idn-2021-q-2026-09-28-md-20779446
same-as-oecd-crs-energy-idn-2021-q-2026-09-28-md-20771910,line,oecd-crs-energy-idn-2021-q-2026-09-28-md-20771910,same_as,line,oecd-crs-energy-idn-2016-q-2026-09-28-md-16581243,,,,accepted,exact_oecd_donor_and_project_id,1,1,2026-09-28,scripts/jetp/build_crs_comparators.py,,oecd-crs-energy-idn-2021-q-2026-09-28-md-20771910
same-as-oecd-crs-energy-idn-2021-q-2026-09-28-md-20779333,line,oecd-crs-energy-idn-2021-q-2026-09-28-md-20779333,same_as,line,oecd-crs-energy-idn-2012-q-2026-09-28-md-5236834,,,,accepted,exact_oecd_donor_and_project_id,1,1,2026-09-28,scripts/jetp/build_crs_comparators.py,,oecd-crs-energy-idn-2021-q-2026-09-28-md-20779333
same-as-oecd-crs-energy-idn-2021-q-2026-09-28-md-20687767,line,oecd-crs-energy-idn-2021-q-2026-09-28-md-20687767,same_as,line,oecd-crs-energy-idn-2018-q-2026-09-28-md-18033126,,,,accepted,exact_oecd_donor_and_project_id,1,1,2026-09-28,scripts/jetp/build_crs_comparators.py,,oecd-crs-energy-idn-2021-q-2026-09-28-md-20687767
same-as-oecd-crs-energy-idn-2021-q-2026-09-28-md-20744999,line,oecd-crs-energy-idn-2021-q-2026-09-28-md-20744999,same_as,line,oecd-crs-energy-idn-2020-q-2026-09-28-md-19795896,,,,accepted,exact_oecd_donor_and_project_id,1,1,2026-09-28,scripts/jetp/build_crs_comparators.py,,oecd-crs-energy-idn-2021-q-2026-09-28-md-20744999
same-as-oecd-crs-energy-idn-2021-q-2026-09-28-md-20654131,line,oecd-crs-energy-idn-2021-q-2026-09-28-md-20654131,same_as,line,oecd-crs-energy-idn-2010-q-2026-09-28-md-4306319,,,,accepted,exact_oecd_donor_and_project_id,1,1,2026-09-28,scripts/jetp/build_crs_comparators.py,,oecd-crs-energy-idn-2021-q-2026-09-28-md-20654131
same-as-oecd-crs-energy-idn-2021-q-2026-09-28-md-20640005,line,oecd-crs-energy-idn-2021-q-2026-09-28-md-20640005,same_as,line,oecd-crs-energy-idn-2013-q-2026-09-28-md-5776292,,,,accepted,exact_oecd_donor_and_project_id,1,1,2026-09-28,scripts/jetp/build_crs_comparators.py,,oecd-crs-energy-idn-2021-q-2026-09-28-md-20640005
same-as-oecd-crs-energy-idn-2021-q-2026-09-28-md-20639867,line,oecd-crs-energy-idn-2021-q-2026-09-28-md-20639867,same_as,line,oecd-crs-energy-idn-2011-q-2026-09-28-md-4728771,,,,accepted,exact_oecd_donor_and_project_id,1,1,2026-09-28,scripts/jetp/build_crs_comparators.py,,oecd-crs-energy-idn-2021-q-2026-09-28-md-20639867
same-as-oecd-crs-energy-idn-2021-q-2026-09-28-md-20654132,line,oecd-crs-energy-idn-2021-q-2026-09-28-md-20654132,same_as,line,oecd-crs-energy-idn-2009-q-2026-09-28-md-3726863,,,,accepted,exact_oecd_donor_and_project_id,1,1,2026-09-28,scripts/jetp/build_crs_comparators.py,,oecd-crs-energy-idn-2021-q-2026-09-28-md-20654132
same-as-oecd-crs-energy-idn-2021-q-2026-09-28-md-20793775,line,oecd-crs-energy-idn-2021-q-2026-09-28-md-20793775,same_as,line,oecd-crs-energy-idn-2020-q-2026-09-28-md-19357007,,,,accepted,exact_oecd_donor_and_project_id,1,1,2026-09-28,scripts/jetp/build_crs_comparators.py,,oecd-crs-energy-idn-2021-q-2026-09-28-md-20793775
same-as-oecd-crs-energy-idn-2021-q-2026-09-28-md-20788702,line,oecd-crs-energy-idn-2021-q-2026-09-28-md-20788702,same_as,line,oecd-crs-energy-idn-2017-q-2026-09-28-md-17039117,,,,accepted,exact_oecd_donor_and_project_id,1,1,2026-09-28,scripts/jetp/build_crs_comparators.py,,oecd-crs-energy-idn-2021-q-2026-09-28-md-20788702
same-as-oecd-crs-energy-idn-2021-q-2026-09-28-md-20795910,line,oecd-crs-energy-idn-2021-q-2026-09-28-md-20795910,same_as,line,oecd-crs-energy-idn-2020-q-2026-09-28-md-19832634,,,,accepted,exact_oecd_donor_and_project_id,1,1,2026-09-28,scripts/jetp/build_crs_comparators.py,,oecd-crs-energy-idn-2021-q-2026-09-28-md-20795910
same-as-oecd-crs-energy-idn-2021-q-2026-09-28-md-20795903,line,oecd-crs-energy-idn-2021-q-2026-09-28-md-20795903,same_as,line,oecd-crs-energy-idn-2016-q-2026-09-28-md-16671657,,,,accepted,exact_oecd_donor_and_project_id,1,1,2026-09-28,scripts/jetp/build_crs_comparators.py,,oecd-crs-energy-idn-2021-q-2026-09-28-md-20795903
same-as-oecd-crs-energy-idn-2021-q-2026-09-28-md-20799828,line,oecd-crs-energy-idn-2021-q-2026-09-28-md-20799828,same_as,line,oecd-crs-energy-idn-2020-q-2026-09-28-md-19841825,,,,accepted,exact_oecd_donor_and_project_id,1,1,2026-09-28,scripts/jetp/build_crs_comparators.py,,oecd-crs-energy-idn-2021-q-2026-09-28-md-20799828
same-as-oecd-crs-energy-idn-2021-q-2026-09-28-md-20799827,line,oecd-crs-energy-idn-2021-q-2026-09-28-md-20799827,same_as,line,oecd-crs-energy-idn-2020-q-2026-09-28-md-19829292,,,,accepted,exact_oecd_donor_and_project_id,1,1,2026-09-28,scripts/jetp/build_crs_comparators.py,,oecd-crs-energy-idn-2021-q-2026-09-28-md-20799827
same-as-oecd-crs-energy-idn-2021-q-2026-09-28-md-20799957,line,oecd-crs-energy-idn-2021-q-2026-09-28-md-20799957,same_as,line,oecd-crs-energy-idn-2020-q-2026-09-28-md-19357644,,,,accepted,exact_oecd_donor_and_project_id,1,1,2026-09-28,scripts/jetp/build_crs_comparators.py,,oecd-crs-energy-idn-2021-q-2026-09-28-md-20799957
same-as-oecd-crs-energy-idn-2021-q-2026-09-28-md-20789882,line,oecd-crs-energy-idn-2021-q-2026-09-28-md-20789882,same_as,line,oecd-crs-energy-idn-2016-q-2026-09-28-md-16542691,,,,accepted,exact_oecd_donor_and_project_id,1,1,2026-09-28,scripts/jetp/build_crs_comparators.py,,oecd-crs-energy-idn-2021-q-2026-09-28-md-20789882
same-as-oecd-crs-energy-idn-2021-q-2026-09-28-md-20789780,line,oecd-crs-energy-idn-2021-q-2026-09-28-md-20789780,same_as,line,oecd-crs-energy-idn-2015-q-2026-09-28-md-7016820,,,,accepted,exact_oecd_donor_and_project_id,1,1,2026-09-28,scripts/jetp/build_crs_comparators.py,,oecd-crs-energy-idn-2021-q-2026-09-28-md-20789780
same-as-oecd-crs-energy-idn-2021-q-2026-09-28-md-20792373,line,oecd-crs-energy-idn-2021-q-2026-09-28-md-20792373,same_as,line,oecd-crs-energy-idn-2018-q-2026-09-28-md-17743232,,,,accepted,exact_oecd_donor_and_project_id,1,1,2026-09-28,scripts/jetp/build_crs_comparators.py,,oecd-crs-energy-idn-2021-q-2026-09-28-md-20792373
same-as-oecd-crs-energy-idn-2021-q-2026-09-28-md-20792365,line,oecd-crs-energy-idn-2021-q-2026-09-28-md-20792365,same_as,line,oecd-crs-energy-idn-2015-q-2026-09-28-md-7016820,,,,accepted,exact_oecd_donor_and_project_id,1,1,2026-09-28,scripts/jetp/build_crs_comparators.py,,oecd-crs-energy-idn-2021-q-2026-09-28-md-20792365
same-as-oecd-crs-energy-idn-2021-q-2026-09-28-md-20789978,line,oecd-crs-energy-idn-2021-q-2026-09-28-md-20789978,same_as,line,oecd-crs-energy-idn-2017-q-2026-09-28-md-17038902,,,,accepted,exact_oecd_donor_and_project_id,1,1,2026-09-28,scripts/jetp/build_crs_comparators.py,,oecd-crs-energy-idn-2021-q-2026-09-28-md-20789978
same-as-oecd-crs-energy-idn-2021-q-2026-09-28-md-20630561,line,oecd-crs-energy-idn-2021-q-2026-09-28-md-20630561,same_as,line,oecd-crs-energy-idn-2015-q-2026-09-28-md-7023224,,,,accepted,exact_oecd_donor_and_project_id,1,1,2026-09-28,scripts/jetp/build_crs_comparators.py,,oecd-crs-energy-idn-2021-q-2026-09-28-md-20630561
same-as-oecd-crs-energy-idn-2021-q-2026-09-28-md-20726338,line,oecd-crs-energy-idn-2021-q-2026-09-28-md-20726338,same_as,line,oecd-crs-energy-idn-2020-q-2026-09-28-md-19284914,,,,accepted,exact_oecd_donor_and_project_id,1,1,2026-09-28,scripts/jetp/build_crs_comparators.py,,oecd-crs-energy-idn-2021-q-2026-09-28-md-20726338
same-as-oecd-crs-energy-idn-2021-q-2026-09-28-md-20197912,line,oecd-crs-energy-idn-2021-q-2026-09-28-md-20197912,same_as,line,oecd-crs-energy-idn-2020-q-2026-09-28-md-19729425,,,,accepted,exact_oecd_donor_and_project_id,1,1,2026-09-28,scripts/jetp/build_crs_comparators.py,,oecd-crs-energy-idn-2021-q-2026-09-28-md-20197912
same-as-oecd-crs-energy-idn-2021-q-2026-09-28-md-20196930,line,oecd-crs-energy-idn-2021-q-2026-09-28-md-20196930,same_as,line,oecd-crs-energy-idn-2020-q-2026-09-28-md-19284914,,,,accepted,exact_oecd_donor_and_project_id,1,1,2026-09-28,scripts/jetp/build_crs_comparators.py,,oecd-crs-energy-idn-2021-q-2026-09-28-md-20196930
same-as-oecd-crs-energy-idn-2021-q-2026-09-28-md-20730527,line,oecd-crs-energy-idn-2021-q-2026-09-28-md-20730527,same_as,line,oecd-crs-energy-idn-2019-q-2026-09-28-md-18962024,,,,accepted,exact_oecd_donor_and_project_id,1,1,2026-09-28,scripts/jetp/build_crs_comparators.py,,oecd-crs-energy-idn-2021-q-2026-09-28-md-20730527
same-as-oecd-crs-energy-idn-2021-q-2026-09-28-md-20730328,line,oecd-crs-energy-idn-2021-q-2026-09-28-md-20730328,same_as,line,oecd-crs-energy-idn-2020-q-2026-09-28-md-19729425,,,,accepted,exact_oecd_donor_and_project_id,1,1,2026-09-28,scripts/jetp/build_crs_comparators.py,,oecd-crs-energy-idn-2021-q-2026-09-28-md-20730328
same-as-oecd-crs-energy-idn-2021-q-2026-09-28-md-20194775,line,oecd-crs-energy-idn-2021-q-2026-09-28-md-20194775,same_as,line,oecd-crs-energy-idn-2019-q-2026-09-28-md-18962024,,,,accepted,exact_oecd_donor_and_project_id,1,1,2026-09-28,scripts/jetp/build_crs_comparators.py,,oecd-crs-energy-idn-2021-q-2026-09-28-md-20194775
same-as-oecd-crs-energy-idn-2021-q-2026-09-28-md-20197869,line,oecd-crs-energy-idn-2021-q-2026-09-28-md-20197869,same_as,line,oecd-crs-energy-idn-2020-q-2026-09-28-md-19284914,,,,accepted,exact_oecd_donor_and_project_id,1,1,2026-09-28,scripts/jetp/build_crs_comparators.py,,oecd-crs-energy-idn-2021-q-2026-09-28-md-20197869
same-as-oecd-crs-energy-idn-2021-q-2026-09-28-md-20730293,line,oecd-crs-energy-idn-2021-q-2026-09-28-md-20730293,same_as,line,oecd-crs-energy-idn-2020-q-2026-09-28-md-19284914,,,,accepted,exact_oecd_donor_and_project_id,1,1,2026-09-28,scripts/jetp/build_crs_comparators.py,,oecd-crs-energy-idn-2021-q-2026-09-28-md-20730293
same-as-oecd-crs-energy-idn-2021-q-2026-09-28-md-20197913,line,oecd-crs-energy-idn-2021-q-2026-09-28-md-20197913,same_as,line,oecd-crs-energy-idn-2020-q-2026-09-28-md-19284914,,,,accepted,exact_oecd_donor_and_project_id,1,1,2026-09-28,scripts/jetp/build_crs_comparators.py,,oecd-crs-energy-idn-2021-q-2026-09-28-md-20197913
same-as-oecd-crs-energy-idn-2021-q-2026-09-28-md-20170112,line,oecd-crs-energy-idn-2021-q-2026-09-28-md-20170112,same_as,line,oecd-crs-energy-idn-2019-q-2026-09-28-md-18829329,,,,accepted,exact_oecd_donor_and_project_id,1,1,2026-09-28,scripts/jetp/build_crs_comparators.py,,oecd-crs-energy-idn-2021-q-2026-09-28-md-20170112
same-as-oecd-crs-energy-idn-2021-q-2026-09-28-md-20687490,line,oecd-crs-energy-idn-2021-q-2026-09-28-md-20687490,same_as,line,oecd-crs-energy-idn-2019-q-2026-09-28-md-18829329,,,,accepted,exact_oecd_donor_and_project_id,1,1,2026-09-28,scripts/jetp/build_crs_comparators.py,,oecd-crs-energy-idn-2021-q-2026-09-28-md-20687490
same-as-oecd-crs-energy-idn-2021-q-2026-09-28-md-20213022,line,oecd-crs-energy-idn-2021-q-2026-09-28-md-20213022,same_as,line,oecd-crs-energy-idn-2019-q-2026-09-28-md-18907618,,,,accepted,exact_oecd_donor_and_project_id,1,1,2026-09-28,scripts/jetp/build_crs_comparators.py,,oecd-crs-energy-idn-2021-q-2026-09-28-md-20213022
same-as-oecd-crs-energy-idn-2021-q-2026-09-28-md-20746526,line,oecd-crs-energy-idn-2021-q-2026-09-28-md-20746526,same_as,line,oecd-crs-energy-idn-2019-q-2026-09-28-md-18907618,,,,accepted,exact_oecd_donor_and_project_id,1,1,2026-09-28,scripts/jetp/build_crs_comparators.py,,oecd-crs-energy-idn-2021-q-2026-09-28-md-20746526
same-as-oecd-crs-energy-idn-2021-q-2026-09-28-md-20687535,line,oecd-crs-energy-idn-2021-q-2026-09-28-md-20687535,same_as,line,oecd-crs-energy-idn-2020-q-2026-09-28-md-19371512,,,,accepted,exact_oecd_donor_and_project_id,1,1,2026-09-28,scripts/jetp/build_crs_comparators.py,,oecd-crs-energy-idn-2021-q-2026-09-28-md-20687535
same-as-oecd-crs-energy-idn-2021-q-2026-09-28-md-20694590,line,oecd-crs-energy-idn-2021-q-2026-09-28-md-20694590,same_as,line,oecd-crs-energy-idn-2020-q-2026-09-28-md-19667289,,,,accepted,exact_oecd_donor_and_project_id,1,1,2026-09-28,scripts/jetp/build_crs_comparators.py,,oecd-crs-energy-idn-2021-q-2026-09-28-md-20694590
same-as-oecd-crs-energy-idn-2021-q-2026-09-28-md-20795898,line,oecd-crs-energy-idn-2021-q-2026-09-28-md-20795898,same_as,line,oecd-crs-energy-idn-2016-q-2026-09-28-md-16540071,,,,accepted,exact_oecd_donor_and_project_id,1,1,2026-09-28,scripts/jetp/build_crs_comparators.py,,oecd-crs-energy-idn-2021-q-2026-09-28-md-20795898
same-as-oecd-crs-energy-idn-2021-q-2026-09-28-md-20250905,line,oecd-crs-energy-idn-2021-q-2026-09-28-md-20250905,same_as,line,oecd-crs-energy-idn-2016-q-2026-09-28-md-16540071,,,,accepted,exact_oecd_donor_and_project_id,1,1,2026-09-28,scripts/jetp/build_crs_comparators.py,,oecd-crs-energy-idn-2021-q-2026-09-28-md-20250905
same-as-oecd-crs-energy-idn-2021-q-2026-09-28-md-20639866,line,oecd-crs-energy-idn-2021-q-2026-09-28-md-20639866,same_as,line,oecd-crs-energy-idn-2011-q-2026-09-28-md-4728771,,,,accepted,exact_oecd_donor_and_project_id,1,1,2026-09-28,scripts/jetp/build_crs_comparators.py,,oecd-crs-energy-idn-2021-q-2026-09-28-md-20639866
same-as-oecd-crs-energy-idn-2021-q-2026-09-28-md-20640143,line,oecd-crs-energy-idn-2021-q-2026-09-28-md-20640143,same_as,line,oecd-crs-energy-idn-2015-q-2026-09-28-md-7047455,,,,accepted,exact_oecd_donor_and_project_id,1,1,2026-09-28,scripts/jetp/build_crs_comparators.py,,oecd-crs-energy-idn-2021-q-2026-09-28-md-20640143
same-as-oecd-crs-energy-idn-2021-q-2026-09-28-md-20787172,line,oecd-crs-energy-idn-2021-q-2026-09-28-md-20787172,same_as,line,oecd-crs-energy-idn-2019-q-2026-09-28-md-18447181,,,,accepted,exact_oecd_donor_and_project_id,1,1,2026-09-28,scripts/jetp/build_crs_comparators.py,,oecd-crs-energy-idn-2021-q-2026-09-28-md-20787172
same-as-oecd-crs-energy-idn-2022-q-2026-09-28-md-21762568,line,oecd-crs-energy-idn-2022-q-2026-09-28-md-21762568,same_as,line,oecd-crs-energy-idn-2021-q-2026-09-28-md-20755738,,,,accepted,exact_oecd_donor_and_project_id,1,1,2026-09-28,scripts/jetp/build_crs_comparators.py,,oecd-crs-energy-idn-2022-q-2026-09-28-md-21762568
same-as-oecd-crs-energy-idn-2022-q-2026-09-28-md-20996436,line,oecd-crs-energy-idn-2022-q-2026-09-28-md-20996436,same_as,line,oecd-crs-energy-idn-2021-q-2026-09-28-md-20677155,,,,accepted,exact_oecd_donor_and_project_id,1,1,2026-09-28,scripts/jetp/build_crs_comparators.py,,oecd-crs-energy-idn-2022-q-2026-09-28-md-20996436
same-as-oecd-crs-energy-idn-2022-q-2026-09-28-md-20996427,line,oecd-crs-energy-idn-2022-q-2026-09-28-md-20996427,same_as,line,oecd-crs-energy-idn-2021-q-2026-09-28-md-20685539,,,,accepted,exact_oecd_donor_and_project_id,1,1,2026-09-28,scripts/jetp/build_crs_comparators.py,,oecd-crs-energy-idn-2022-q-2026-09-28-md-20996427
same-as-oecd-crs-energy-idn-2022-q-2026-09-28-md-20959891,line,oecd-crs-energy-idn-2022-q-2026-09-28-md-20959891,same_as,line,oecd-crs-energy-idn-2019-q-2026-09-28-md-18579154,,,,accepted,exact_oecd_donor_and_project_id,1,1,2026-09-28,scripts/jetp/build_crs_comparators.py,,oecd-crs-energy-idn-2022-q-2026-09-28-md-20959891
same-as-oecd-crs-energy-idn-2022-q-2026-09-28-md-20960148,line,oecd-crs-energy-idn-2022-q-2026-09-28-md-20960148,same_as,line,oecd-crs-energy-idn-2020-q-2026-09-28-md-19724289,,,,accepted,exact_oecd_donor_and_project_id,1,1,2026-09-28,scripts/jetp/build_crs_comparators.py,,oecd-crs-energy-idn-2022-q-2026-09-28-md-20960148
same-as-oecd-crs-energy-idn-2022-q-2026-09-28-md-20963088,line,oecd-crs-energy-idn-2022-q-2026-09-28-md-20963088,same_as,line,oecd-crs-energy-idn-2020-q-2026-09-28-md-19723908,,,,accepted,exact_oecd_donor_and_project_id,1,1,2026-09-28,scripts/jetp/build_crs_comparators.py,,oecd-crs-energy-idn-2022-q-2026-09-28-md-20963088
same-as-oecd-crs-energy-idn-2022-q-2026-09-28-md-21765533,line,oecd-crs-energy-idn-2022-q-2026-09-28-md-21765533,same_as,line,oecd-crs-energy-idn-2011-q-2026-09-28-md-4707490,,,,accepted,exact_oecd_donor_and_project_id,1,1,2026-09-28,scripts/jetp/build_crs_comparators.py,,oecd-crs-energy-idn-2022-q-2026-09-28-md-21765533
same-as-oecd-crs-energy-idn-2022-q-2026-09-28-md-21024304,line,oecd-crs-energy-idn-2022-q-2026-09-28-md-21024304,same_as,line,oecd-crs-energy-idn-2017-q-2026-09-28-md-17408223,,,,accepted,exact_oecd_donor_and_project_id,1,1,2026-09-28,scripts/jetp/build_crs_comparators.py,,oecd-crs-energy-idn-2022-q-2026-09-28-md-21024304
same-as-oecd-crs-energy-idn-2022-q-2026-09-28-md-21024194,line,oecd-crs-energy-idn-2022-q-2026-09-28-md-21024194,same_as,line,oecd-crs-energy-idn-2018-q-2026-09-28-md-17718173,,,,accepted,exact_oecd_donor_and_project_id,1,1,2026-09-28,scripts/jetp/build_crs_comparators.py,,oecd-crs-energy-idn-2022-q-2026-09-28-md-21024194
same-as-oecd-crs-energy-idn-2022-q-2026-09-28-md-21030923,line,oecd-crs-energy-idn-2022-q-2026-09-28-md-21030923,same_as,line,oecd-crs-energy-idn-2019-q-2026-09-28-md-18506020,,,,accepted,exact_oecd_donor_and_project_id,1,1,2026-09-28,scripts/jetp/build_crs_comparators.py,,oecd-crs-energy-idn-2022-q-2026-09-28-md-21030923
same-as-oecd-crs-energy-idn-2022-q-2026-09-28-md-21870533,line,oecd-crs-energy-idn-2022-q-2026-09-28-md-21870533,same_as,line,oecd-crs-energy-idn-2021-q-2026-09-28-md-20839244,,,,accepted,exact_oecd_donor_and_project_id,1,1,2026-09-28,scripts/jetp/build_crs_comparators.py,,oecd-crs-energy-idn-2022-q-2026-09-28-md-21870533
same-as-oecd-crs-energy-idn-2022-q-2026-09-28-md-21866644,line,oecd-crs-energy-idn-2022-q-2026-09-28-md-21866644,same_as,line,oecd-crs-energy-idn-2021-q-2026-09-28-md-20838224,,,,accepted,exact_oecd_donor_and_project_id,1,1,2026-09-28,scripts/jetp/build_crs_comparators.py,,oecd-crs-energy-idn-2022-q-2026-09-28-md-21866644
same-as-oecd-crs-energy-idn-2022-q-2026-09-28-md-21851424,line,oecd-crs-energy-idn-2022-q-2026-09-28-md-21851424,same_as,line,oecd-crs-energy-idn-2019-q-2026-09-28-md-18944635,,,,accepted,exact_oecd_donor_and_project_id,1,1,2026-09-28,scripts/jetp/build_crs_comparators.py,,oecd-crs-energy-idn-2022-q-2026-09-28-md-21851424
same-as-oecd-crs-energy-idn-2022-q-2026-09-28-md-20987427,line,oecd-crs-energy-idn-2022-q-2026-09-28-md-20987427,same_as,line,oecd-crs-energy-idn-2021-q-2026-09-28-md-20915937,,,,accepted,exact_oecd_donor_and_project_id,1,1,2026-09-28,scripts/jetp/build_crs_comparators.py,,oecd-crs-energy-idn-2022-q-2026-09-28-md-20987427
same-as-oecd-crs-energy-idn-2022-q-2026-09-28-md-21044238,line,oecd-crs-energy-idn-2022-q-2026-09-28-md-21044238,same_as,line,oecd-crs-energy-idn-2018-q-2026-09-28-md-18033126,,,,accepted,exact_oecd_donor_and_project_id,1,1,2026-09-28,scripts/jetp/build_crs_comparators.py,,oecd-crs-energy-idn-2022-q-2026-09-28-md-21044238
same-as-oecd-crs-energy-idn-2022-q-2026-09-28-md-21274480,line,oecd-crs-energy-idn-2022-q-2026-09-28-md-21274480,same_as,line,oecd-crs-energy-idn-2021-q-2026-09-28-md-20744015,,,,accepted,exact_oecd_donor_and_project_id,1,1,2026-09-28,scripts/jetp/build_crs_comparators.py,,oecd-crs-energy-idn-2022-q-2026-09-28-md-21274480
same-as-oecd-crs-energy-idn-2022-q-2026-09-28-md-21781929,line,oecd-crs-energy-idn-2022-q-2026-09-28-md-21781929,same_as,line,oecd-crs-energy-idn-2021-q-2026-09-28-md-20744015,,,,accepted,exact_oecd_donor_and_project_id,1,1,2026-09-28,scripts/jetp/build_crs_comparators.py,,oecd-crs-energy-idn-2022-q-2026-09-28-md-21781929
same-as-oecd-crs-energy-idn-2022-q-2026-09-28-md-21778730,line,oecd-crs-energy-idn-2022-q-2026-09-28-md-21778730,same_as,line,oecd-crs-energy-idn-2021-q-2026-09-28-md-20211500,,,,accepted,exact_oecd_donor_and_project_id,1,1,2026-09-28,scripts/jetp/build_crs_comparators.py,,oecd-crs-energy-idn-2022-q-2026-09-28-md-21778730
same-as-oecd-crs-energy-idn-2022-q-2026-09-28-md-21009496,line,oecd-crs-energy-idn-2022-q-2026-09-28-md-21009496,same_as,line,oecd-crs-energy-idn-2020-q-2026-09-28-md-19326392,,,,accepted,exact_oecd_donor_and_project_id,1,1,2026-09-28,scripts/jetp/build_crs_comparators.py,,oecd-crs-energy-idn-2022-q-2026-09-28-md-21009496
same-as-oecd-crs-energy-idn-2022-q-2026-09-28-md-21275854,line,oecd-crs-energy-idn-2022-q-2026-09-28-md-21275854,same_as,line,oecd-crs-energy-idn-2021-q-2026-09-28-md-20745129,,,,accepted,exact_oecd_donor_and_project_id,1,1,2026-09-28,scripts/jetp/build_crs_comparators.py,,oecd-crs-energy-idn-2022-q-2026-09-28-md-21275854
same-as-oecd-crs-energy-idn-2022-q-2026-09-28-md-21035742,line,oecd-crs-energy-idn-2022-q-2026-09-28-md-21035742,same_as,line,oecd-crs-energy-idn-2020-q-2026-09-28-md-19246381,,,,accepted,exact_oecd_donor_and_project_id,1,1,2026-09-28,scripts/jetp/build_crs_comparators.py,,oecd-crs-energy-idn-2022-q-2026-09-28-md-21035742
same-as-oecd-crs-energy-idn-2022-q-2026-09-28-md-21035944,line,oecd-crs-energy-idn-2022-q-2026-09-28-md-21035944,same_as,line,oecd-crs-energy-idn-2021-q-2026-09-28-md-20195930,,,,accepted,exact_oecd_donor_and_project_id,1,1,2026-09-28,scripts/jetp/build_crs_comparators.py,,oecd-crs-energy-idn-2022-q-2026-09-28-md-21035944
same-as-oecd-crs-energy-idn-2022-q-2026-09-28-md-21783286,line,oecd-crs-energy-idn-2022-q-2026-09-28-md-21783286,same_as,line,oecd-crs-energy-idn-2021-q-2026-09-28-md-20745129,,,,accepted,exact_oecd_donor_and_project_id,1,1,2026-09-28,scripts/jetp/build_crs_comparators.py,,oecd-crs-energy-idn-2022-q-2026-09-28-md-21783286
same-as-oecd-crs-energy-idn-2022-q-2026-09-28-md-21782878,line,oecd-crs-energy-idn-2022-q-2026-09-28-md-21782878,same_as,line,oecd-crs-energy-idn-2020-q-2026-09-28-md-19795896,,,,accepted,exact_oecd_donor_and_project_id,1,1,2026-09-28,scripts/jetp/build_crs_comparators.py,,oecd-crs-energy-idn-2022-q-2026-09-28-md-21782878
same-as-oecd-crs-energy-idn-2022-q-2026-09-28-md-21779596,line,oecd-crs-energy-idn-2022-q-2026-09-28-md-21779596,same_as,line,oecd-crs-energy-idn-2021-q-2026-09-28-md-20677412,,,,accepted,exact_oecd_donor_and_project_id,1,1,2026-09-28,scripts/jetp/build_crs_comparators.py,,oecd-crs-energy-idn-2022-q-2026-09-28-md-21779596
same-as-oecd-crs-energy-idn-2022-q-2026-09-28-md-21837973,line,oecd-crs-energy-idn-2022-q-2026-09-28-md-21837973,same_as,line,oecd-crs-energy-idn-2010-q-2026-09-28-md-4306319,,,,accepted,exact_oecd_donor_and_project_id,1,1,2026-09-28,scripts/jetp/build_crs_comparators.py,,oecd-crs-energy-idn-2022-q-2026-09-28-md-21837973
same-as-oecd-crs-energy-idn-2022-q-2026-09-28-md-21822887,line,oecd-crs-energy-idn-2022-q-2026-09-28-md-21822887,same_as,line,oecd-crs-energy-idn-2011-q-2026-09-28-md-4728771,,,,accepted,exact_oecd_donor_and_project_id,1,1,2026-09-28,scripts/jetp/build_crs_comparators.py,,oecd-crs-energy-idn-2022-q-2026-09-28-md-21822887
same-as-oecd-crs-energy-idn-2022-q-2026-09-28-md-21822882,line,oecd-crs-energy-idn-2022-q-2026-09-28-md-21822882,same_as,line,oecd-crs-energy-idn-2011-q-2026-09-28-md-4728771,,,,accepted,exact_oecd_donor_and_project_id,1,1,2026-09-28,scripts/jetp/build_crs_comparators.py,,oecd-crs-energy-idn-2022-q-2026-09-28-md-21822882
same-as-oecd-crs-energy-idn-2022-q-2026-09-28-md-20978972,line,oecd-crs-energy-idn-2022-q-2026-09-28-md-20978972,same_as,line,oecd-crs-energy-idn-2016-q-2026-09-28-md-16671657,,,,accepted,exact_oecd_donor_and_project_id,1,1,2026-09-28,scripts/jetp/build_crs_comparators.py,,oecd-crs-energy-idn-2022-q-2026-09-28-md-20978972
same-as-oecd-crs-energy-idn-2022-q-2026-09-28-md-20978978,line,oecd-crs-energy-idn-2022-q-2026-09-28-md-20978978,same_as,line,oecd-crs-energy-idn-2020-q-2026-09-28-md-19832634,,,,accepted,exact_oecd_donor_and_project_id,1,1,2026-09-28,scripts/jetp/build_crs_comparators.py,,oecd-crs-energy-idn-2022-q-2026-09-28-md-20978978
same-as-oecd-crs-energy-idn-2022-q-2026-09-28-md-20972709,line,oecd-crs-energy-idn-2022-q-2026-09-28-md-20972709,same_as,line,oecd-crs-energy-idn-2020-q-2026-09-28-md-19357007,,,,accepted,exact_oecd_donor_and_project_id,1,1,2026-09-28,scripts/jetp/build_crs_comparators.py,,oecd-crs-energy-idn-2022-q-2026-09-28-md-20972709
same-as-oecd-crs-energy-idn-2022-q-2026-09-28-md-20973614,line,oecd-crs-energy-idn-2022-q-2026-09-28-md-20973614,same_as,line,oecd-crs-energy-idn-2020-q-2026-09-28-md-19350575,,,,accepted,exact_oecd_donor_and_project_id,1,1,2026-09-28,scripts/jetp/build_crs_comparators.py,,oecd-crs-energy-idn-2022-q-2026-09-28-md-20973614
same-as-oecd-crs-energy-idn-2022-q-2026-09-28-md-20970879,line,oecd-crs-energy-idn-2022-q-2026-09-28-md-20970879,same_as,line,oecd-crs-energy-idn-2020-q-2026-09-28-md-19841825,,,,accepted,exact_oecd_donor_and_project_id,1,1,2026-09-28,scripts/jetp/build_crs_comparators.py,,oecd-crs-energy-idn-2022-q-2026-09-28-md-20970879
same-as-oecd-crs-energy-idn-2022-q-2026-09-28-md-20970878,line,oecd-crs-energy-idn-2022-q-2026-09-28-md-20970878,same_as,line,oecd-crs-energy-idn-2020-q-2026-09-28-md-19829292,,,,accepted,exact_oecd_donor_and_project_id,1,1,2026-09-28,scripts/jetp/build_crs_comparators.py,,oecd-crs-energy-idn-2022-q-2026-09-28-md-20970878
same-as-oecd-crs-energy-idn-2022-q-2026-09-28-md-20970725,line,oecd-crs-energy-idn-2022-q-2026-09-28-md-20970725,same_as,line,oecd-crs-energy-idn-2020-q-2026-09-28-md-19357644,,,,accepted,exact_oecd_donor_and_project_id,1,1,2026-09-28,scripts/jetp/build_crs_comparators.py,,oecd-crs-energy-idn-2022-q-2026-09-28-md-20970725
same-as-oecd-crs-energy-idn-2022-q-2026-09-28-md-20963952,line,oecd-crs-energy-idn-2022-q-2026-09-28-md-20963952,same_as,line,oecd-crs-energy-idn-2020-q-2026-09-28-md-19842063,,,,accepted,exact_oecd_donor_and_project_id,1,1,2026-09-28,scripts/jetp/build_crs_comparators.py,,oecd-crs-energy-idn-2022-q-2026-09-28-md-20963952
same-as-oecd-crs-energy-idn-2022-q-2026-09-28-md-20965296,line,oecd-crs-energy-idn-2022-q-2026-09-28-md-20965296,same_as,line,oecd-crs-energy-idn-2017-q-2026-09-28-md-17038902,,,,accepted,exact_oecd_donor_and_project_id,1,1,2026-09-28,scripts/jetp/build_crs_comparators.py,,oecd-crs-energy-idn-2022-q-2026-09-28-md-20965296
same-as-oecd-crs-energy-idn-2022-q-2026-09-28-md-20965335,line,oecd-crs-energy-idn-2022-q-2026-09-28-md-20965335,same_as,line,oecd-crs-energy-idn-2018-q-2026-09-28-md-17743232,,,,accepted,exact_oecd_donor_and_project_id,1,1,2026-09-28,scripts/jetp/build_crs_comparators.py,,oecd-crs-energy-idn-2022-q-2026-09-28-md-20965335
same-as-oecd-crs-energy-idn-2022-q-2026-09-28-md-20965415,line,oecd-crs-energy-idn-2022-q-2026-09-28-md-20965415,same_as,line,oecd-crs-energy-idn-2020-q-2026-09-28-md-19352157,,,,accepted,exact_oecd_donor_and_project_id,1,1,2026-09-28,scripts/jetp/build_crs_comparators.py,,oecd-crs-energy-idn-2022-q-2026-09-28-md-20965415
same-as-oecd-crs-energy-idn-2022-q-2026-09-28-md-20965332,line,oecd-crs-energy-idn-2022-q-2026-09-28-md-20965332,same_as,line,oecd-crs-energy-idn-2018-q-2026-09-28-md-17743008,,,,accepted,exact_oecd_donor_and_project_id,1,1,2026-09-28,scripts/jetp/build_crs_comparators.py,,oecd-crs-energy-idn-2022-q-2026-09-28-md-20965332
same-as-oecd-crs-energy-idn-2022-q-2026-09-28-md-21389561,line,oecd-crs-energy-idn-2022-q-2026-09-28-md-21389561,same_as,line,oecd-crs-energy-idn-2017-q-2026-09-28-md-17038902,,,,accepted,exact_oecd_donor_and_project_id,1,1,2026-09-28,scripts/jetp/build_crs_comparators.py,,oecd-crs-energy-idn-2022-q-2026-09-28-md-21389561
same-as-oecd-crs-energy-idn-2022-q-2026-09-28-md-21044136,line,oecd-crs-energy-idn-2022-q-2026-09-28-md-21044136,same_as,line,oecd-crs-energy-idn-2020-q-2026-09-28-md-19371512,,,,accepted,exact_oecd_donor_and_project_id,1,1,2026-09-28,scripts/jetp/build_crs_comparators.py,,oecd-crs-energy-idn-2022-q-2026-09-28-md-21044136
same-as-oecd-crs-energy-idn-2022-q-2026-09-28-md-21762928,line,oecd-crs-energy-idn-2022-q-2026-09-28-md-21762928,same_as,line,oecd-crs-energy-idn-2020-q-2026-09-28-md-19667289,,,,accepted,exact_oecd_donor_and_project_id,1,1,2026-09-28,scripts/jetp/build_crs_comparators.py,,oecd-crs-energy-idn-2022-q-2026-09-28-md-21762928
same-as-oecd-crs-energy-idn-2022-q-2026-09-28-md-21794342,line,oecd-crs-energy-idn-2022-q-2026-09-28-md-21794342,same_as,line,oecd-crs-energy-idn-2015-q-2026-09-28-md-7023224,,,,accepted,exact_oecd_donor_and_project_id,1,1,2026-09-28,scripts/jetp/build_crs_comparators.py,,oecd-crs-energy-idn-2022-q-2026-09-28-md-21794342
same-as-oecd-crs-energy-idn-2022-q-2026-09-28-md-21794193,line,oecd-crs-energy-idn-2022-q-2026-09-28-md-21794193,same_as,line,oecd-crs-energy-idn-2019-q-2026-09-28-md-18541125,,,,accepted,exact_oecd_donor_and_project_id,1,1,2026-09-28,scripts/jetp/build_crs_comparators.py,,oecd-crs-energy-idn-2022-q-2026-09-28-md-21794193
same-as-oecd-crs-energy-idn-2022-q-2026-09-28-md-21761558,line,oecd-crs-energy-idn-2022-q-2026-09-28-md-21761558,same_as,line,oecd-crs-energy-idn-2021-q-2026-09-28-md-20748553,,,,accepted,exact_oecd_donor_and_project_id,1,1,2026-09-28,scripts/jetp/build_crs_comparators.py,,oecd-crs-energy-idn-2022-q-2026-09-28-md-21761558
same-as-oecd-crs-energy-idn-2022-q-2026-09-28-md-21798280,line,oecd-crs-energy-idn-2022-q-2026-09-28-md-21798280,same_as,line,oecd-crs-energy-idn-2021-q-2026-09-28-md-20122189,,,,accepted,exact_oecd_donor_and_project_id,1,1,2026-09-28,scripts/jetp/build_crs_comparators.py,,oecd-crs-energy-idn-2022-q-2026-09-28-md-21798280
same-as-oecd-crs-energy-idn-2022-q-2026-09-28-md-21312984,line,oecd-crs-energy-idn-2022-q-2026-09-28-md-21312984,same_as,line,oecd-crs-energy-idn-2020-q-2026-09-28-md-19729425,,,,accepted,exact_oecd_donor_and_project_id,1,1,2026-09-28,scripts/jetp/build_crs_comparators.py,,oecd-crs-energy-idn-2022-q-2026-09-28-md-21312984
same-as-oecd-crs-energy-idn-2022-q-2026-09-28-md-21817628,line,oecd-crs-energy-idn-2022-q-2026-09-28-md-21817628,same_as,line,oecd-crs-energy-idn-2020-q-2026-09-28-md-19729425,,,,accepted,exact_oecd_donor_and_project_id,1,1,2026-09-28,scripts/jetp/build_crs_comparators.py,,oecd-crs-energy-idn-2022-q-2026-09-28-md-21817628
same-as-oecd-crs-energy-idn-2022-q-2026-09-28-md-21817670,line,oecd-crs-energy-idn-2022-q-2026-09-28-md-21817670,same_as,line,oecd-crs-energy-idn-2020-q-2026-09-28-md-19284914,,,,accepted,exact_oecd_donor_and_project_id,1,1,2026-09-28,scripts/jetp/build_crs_comparators.py,,oecd-crs-energy-idn-2022-q-2026-09-28-md-21817670
same-as-oecd-crs-energy-idn-2022-q-2026-09-28-md-21824851,line,oecd-crs-energy-idn-2022-q-2026-09-28-md-21824851,same_as,line,oecd-crs-energy-idn-2016-q-2026-09-28-md-16698682,,,,accepted,exact_oecd_donor_and_project_id,1,1,2026-09-28,scripts/jetp/build_crs_comparators.py,,oecd-crs-energy-idn-2022-q-2026-09-28-md-21824851
same-as-oecd-crs-energy-idn-2022-q-2026-09-28-md-21312773,line,oecd-crs-energy-idn-2022-q-2026-09-28-md-21312773,same_as,line,oecd-crs-energy-idn-2016-q-2026-09-28-md-16698682,,,,accepted,exact_oecd_donor_and_project_id,1,1,2026-09-28,scripts/jetp/build_crs_comparators.py,,oecd-crs-energy-idn-2022-q-2026-09-28-md-21312773
same-as-oecd-crs-energy-idn-2022-q-2026-09-28-md-21817669,line,oecd-crs-energy-idn-2022-q-2026-09-28-md-21817669,same_as,line,oecd-crs-energy-idn-2020-q-2026-09-28-md-19284914,,,,accepted,exact_oecd_donor_and_project_id,1,1,2026-09-28,scripts/jetp/build_crs_comparators.py,,oecd-crs-energy-idn-2022-q-2026-09-28-md-21817669
same-as-oecd-crs-energy-idn-2022-q-2026-09-28-md-21312995,line,oecd-crs-energy-idn-2022-q-2026-09-28-md-21312995,same_as,line,oecd-crs-energy-idn-2020-q-2026-09-28-md-19284914,,,,accepted,exact_oecd_donor_and_project_id,1,1,2026-09-28,scripts/jetp/build_crs_comparators.py,,oecd-crs-energy-idn-2022-q-2026-09-28-md-21312995
same-as-oecd-crs-energy-idn-2022-q-2026-09-28-md-21450493,line,oecd-crs-energy-idn-2022-q-2026-09-28-md-21450493,same_as,line,oecd-crs-energy-idn-2019-q-2026-09-28-md-18828938,,,,accepted,exact_oecd_donor_and_project_id,1,1,2026-09-28,scripts/jetp/build_crs_comparators.py,,oecd-crs-energy-idn-2022-q-2026-09-28-md-21450493
same-as-oecd-crs-energy-idn-2022-q-2026-09-28-md-21450491,line,oecd-crs-energy-idn-2022-q-2026-09-28-md-21450491,same_as,line,oecd-crs-energy-idn-2019-q-2026-09-28-md-18829076,,,,accepted,exact_oecd_donor_and_project_id,1,1,2026-09-28,scripts/jetp/build_crs_comparators.py,,oecd-crs-energy-idn-2022-q-2026-09-28-md-21450491
same-as-oecd-crs-energy-idn-2022-q-2026-09-28-md-21044543,line,oecd-crs-energy-idn-2022-q-2026-09-28-md-21044543,same_as,line,oecd-crs-energy-idn-2020-q-2026-09-28-md-19866715,,,,accepted,exact_oecd_donor_and_project_id,1,1,2026-09-28,scripts/jetp/build_crs_comparators.py,,oecd-crs-energy-idn-2022-q-2026-09-28-md-21044543
same-as-oecd-crs-energy-idn-2022-q-2026-09-28-md-21044452,line,oecd-crs-energy-idn-2022-q-2026-09-28-md-21044452,same_as,line,oecd-crs-energy-idn-2019-q-2026-09-28-md-18828938,,,,accepted,exact_oecd_donor_and_project_id,1,1,2026-09-28,scripts/jetp/build_crs_comparators.py,,oecd-crs-energy-idn-2022-q-2026-09-28-md-21044452
same-as-oecd-crs-energy-idn-2022-q-2026-09-28-md-21044450,line,oecd-crs-energy-idn-2022-q-2026-09-28-md-21044450,same_as,line,oecd-crs-energy-idn-2019-q-2026-09-28-md-18829076,,,,accepted,exact_oecd_donor_and_project_id,1,1,2026-09-28,scripts/jetp/build_crs_comparators.py,,oecd-crs-energy-idn-2022-q-2026-09-28-md-21044450
same-as-oecd-crs-energy-idn-2022-q-2026-09-28-md-21044451,line,oecd-crs-energy-idn-2022-q-2026-09-28-md-21044451,same_as,line,oecd-crs-energy-idn-2019-q-2026-09-28-md-18828863,,,,accepted,exact_oecd_donor_and_project_id,1,1,2026-09-28,scripts/jetp/build_crs_comparators.py,,oecd-crs-energy-idn-2022-q-2026-09-28-md-21044451
same-as-oecd-crs-energy-idn-2022-q-2026-09-28-md-21814256,line,oecd-crs-energy-idn-2022-q-2026-09-28-md-21814256,same_as,line,oecd-crs-energy-idn-2019-q-2026-09-28-md-18907618,,,,accepted,exact_oecd_donor_and_project_id,1,1,2026-09-28,scripts/jetp/build_crs_comparators.py,,oecd-crs-energy-idn-2022-q-2026-09-28-md-21814256
same-as-oecd-crs-energy-idn-2022-q-2026-09-28-md-21311383,line,oecd-crs-energy-idn-2022-q-2026-09-28-md-21311383,same_as,line,oecd-crs-energy-idn-2019-q-2026-09-28-md-18907618,,,,accepted,exact_oecd_donor_and_project_id,1,1,2026-09-28,scripts/jetp/build_crs_comparators.py,,oecd-crs-energy-idn-2022-q-2026-09-28-md-21311383
same-as-oecd-crs-energy-idn-2022-q-2026-09-28-md-21450492,line,oecd-crs-energy-idn-2022-q-2026-09-28-md-21450492,same_as,line,oecd-crs-energy-idn-2019-q-2026-09-28-md-18828863,,,,accepted,exact_oecd_donor_and_project_id,1,1,2026-09-28,scripts/jetp/build_crs_comparators.py,,oecd-crs-energy-idn-2022-q-2026-09-28-md-21450492
same-as-oecd-crs-energy-idn-2022-q-2026-09-28-md-21440031,line,oecd-crs-energy-idn-2022-q-2026-09-28-md-21440031,same_as,line,oecd-crs-energy-idn-2020-q-2026-09-28-md-19866715,,,,accepted,exact_oecd_donor_and_project_id,1,1,2026-09-28,scripts/jetp/build_crs_comparators.py,,oecd-crs-energy-idn-2022-q-2026-09-28-md-21440031
same-as-oecd-crs-energy-idn-2022-q-2026-09-28-md-21823450,line,oecd-crs-energy-idn-2022-q-2026-09-28-md-21823450,same_as,line,oecd-crs-energy-idn-2015-q-2026-09-28-md-7047455,,,,accepted,exact_oecd_donor_and_project_id,1,1,2026-09-28,scripts/jetp/build_crs_comparators.py,,oecd-crs-energy-idn-2022-q-2026-09-28-md-21823450
same-as-oecd-crs-energy-idn-2023-q-2026-09-28-md-22665274,line,oecd-crs-energy-idn-2023-q-2026-09-28-md-22665274,same_as,line,oecd-crs-energy-idn-2021-q-2026-09-28-md-20677155,,,,accepted,exact_oecd_donor_and_project_id,1,1,2026-09-28,scripts/jetp/build_crs_comparators.py,,oecd-crs-energy-idn-2023-q-2026-09-28-md-22665274
same-as-oecd-crs-energy-idn-2023-q-2026-09-28-md-22751683,line,oecd-crs-energy-idn-2023-q-2026-09-28-md-22751683,same_as,line,oecd-crs-energy-idn-2019-q-2026-09-28-md-18579154,,,,accepted,exact_oecd_donor_and_project_id,1,1,2026-09-28,scripts/jetp/build_crs_comparators.py,,oecd-crs-energy-idn-2023-q-2026-09-28-md-22751683
same-as-oecd-crs-energy-idn-2023-q-2026-09-28-md-22751682,line,oecd-crs-energy-idn-2023-q-2026-09-28-md-22751682,same_as,line,oecd-crs-energy-idn-2019-q-2026-09-28-md-18579134,,,,accepted,exact_oecd_donor_and_project_id,1,1,2026-09-28,scripts/jetp/build_crs_comparators.py,,oecd-crs-energy-idn-2023-q-2026-09-28-md-22751682
same-as-oecd-crs-energy-idn-2023-q-2026-09-28-md-22798914,line,oecd-crs-energy-idn-2023-q-2026-09-28-md-22798914,same_as,line,oecd-crs-energy-idn-2021-q-2026-09-28-md-20152042,,,,accepted,exact_oecd_donor_and_project_id,1,1,2026-09-28,scripts/jetp/build_crs_comparators.py,,oecd-crs-energy-idn-2023-q-2026-09-28-md-22798914
same-as-oecd-crs-energy-idn-2023-q-2026-09-28-md-22798913,line,oecd-crs-energy-idn-2023-q-2026-09-28-md-22798913,same_as,line,oecd-crs-energy-idn-2021-q-2026-09-28-md-20152041,,,,accepted,exact_oecd_donor_and_project_id,1,1,2026-09-28,scripts/jetp/build_crs_comparators.py,,oecd-crs-energy-idn-2023-q-2026-09-28-md-22798913
same-as-oecd-crs-energy-idn-2023-q-2026-09-28-md-22884160,line,oecd-crs-energy-idn-2023-q-2026-09-28-md-22884160,same_as,line,oecd-crs-energy-idn-2022-q-2026-09-28-md-21426983,,,,accepted,exact_oecd_donor_and_project_id,1,1,2026-09-28,scripts/jetp/build_crs_comparators.py,,oecd-crs-energy-idn-2023-q-2026-09-28-md-22884160
same-as-oecd-crs-energy-idn-2023-q-2026-09-28-md-22888257,line,oecd-crs-energy-idn-2023-q-2026-09-28-md-22888257,same_as,line,oecd-crs-energy-idn-2020-q-2026-09-28-md-19246381,,,,accepted,exact_oecd_donor_and_project_id,1,1,2026-09-28,scripts/jetp/build_crs_comparators.py,,oecd-crs-energy-idn-2023-q-2026-09-28-md-22888257
same-as-oecd-crs-energy-idn-2023-q-2026-09-28-md-22884166,line,oecd-crs-energy-idn-2023-q-2026-09-28-md-22884166,same_as,line,oecd-crs-energy-idn-2020-q-2026-09-28-md-19245954,,,,accepted,exact_oecd_donor_and_project_id,1,1,2026-09-28,scripts/jetp/build_crs_comparators.py,,oecd-crs-energy-idn-2023-q-2026-09-28-md-22884166
same-as-oecd-crs-energy-idn-2023-q-2026-09-28-md-22851183,line,oecd-crs-energy-idn-2023-q-2026-09-28-md-22851183,same_as,line,oecd-crs-energy-idn-2022-q-2026-09-28-md-21879980,,,,accepted,exact_oecd_donor_and_project_id,1,1,2026-09-28,scripts/jetp/build_crs_comparators.py,,oecd-crs-energy-idn-2023-q-2026-09-28-md-22851183
same-as-oecd-crs-energy-idn-2023-q-2026-09-28-md-22262569,line,oecd-crs-energy-idn-2023-q-2026-09-28-md-22262569,same_as,line,oecd-crs-energy-idn-2022-q-2026-09-28-md-21879980,,,,accepted,exact_oecd_donor_and_project_id,1,1,2026-09-28,scripts/jetp/build_crs_comparators.py,,oecd-crs-energy-idn-2023-q-2026-09-28-md-22262569
same-as-oecd-crs-energy-idn-2023-q-2026-09-28-md-22851184,line,oecd-crs-energy-idn-2023-q-2026-09-28-md-22851184,same_as,line,oecd-crs-energy-idn-2022-q-2026-09-28-md-21879980,,,,accepted,exact_oecd_donor_and_project_id,1,1,2026-09-28,scripts/jetp/build_crs_comparators.py,,oecd-crs-energy-idn-2023-q-2026-09-28-md-22851184
same-as-oecd-crs-energy-idn-2023-q-2026-09-28-md-22851182,line,oecd-crs-energy-idn-2023-q-2026-09-28-md-22851182,same_as,line,oecd-crs-energy-idn-2022-q-2026-09-28-md-21879980,,,,accepted,exact_oecd_donor_and_project_id,1,1,2026-09-28,scripts/jetp/build_crs_comparators.py,,oecd-crs-energy-idn-2023-q-2026-09-28-md-22851182
same-as-oecd-crs-energy-idn-2023-q-2026-09-28-md-22841719,line,oecd-crs-energy-idn-2023-q-2026-09-28-md-22841719,same_as,line,oecd-crs-energy-idn-2021-q-2026-09-28-md-20839244,,,,accepted,exact_oecd_donor_and_project_id,1,1,2026-09-28,scripts/jetp/build_crs_comparators.py,,oecd-crs-energy-idn-2023-q-2026-09-28-md-22841719
same-as-oecd-crs-energy-idn-2023-q-2026-09-28-md-22920679,line,oecd-crs-energy-idn-2023-q-2026-09-28-md-22920679,same_as,line,oecd-crs-energy-idn-2022-q-2026-09-28-md-20997237,,,,accepted,exact_oecd_donor_and_project_id,1,1,2026-09-28,scripts/jetp/build_crs_comparators.py,,oecd-crs-energy-idn-2023-q-2026-09-28-md-22920679
same-as-oecd-crs-energy-idn-2023-q-2026-09-28-md-22306153,line,oecd-crs-energy-idn-2023-q-2026-09-28-md-22306153,same_as,line,oecd-crs-energy-idn-2022-q-2026-09-28-md-20997237,,,,accepted,exact_oecd_donor_and_project_id,1,1,2026-09-28,scripts/jetp/build_crs_comparators.py,,oecd-crs-energy-idn-2023-q-2026-09-28-md-22306153
same-as-oecd-crs-energy-idn-2023-q-2026-09-28-md-22306999,line,oecd-crs-energy-idn-2023-q-2026-09-28-md-22306999,same_as,line,oecd-crs-energy-idn-2022-q-2026-09-28-md-20995250,,,,accepted,exact_oecd_donor_and_project_id,1,1,2026-09-28,scripts/jetp/build_crs_comparators.py,,oecd-crs-energy-idn-2023-q-2026-09-28-md-22306999
same-as-oecd-crs-energy-idn-2023-q-2026-09-28-md-22306990,line,oecd-crs-energy-idn-2023-q-2026-09-28-md-22306990,same_as,line,oecd-crs-energy-idn-2022-q-2026-09-28-md-20995246,,,,accepted,exact_oecd_donor_and_project_id,1,1,2026-09-28,scripts/jetp/build_crs_comparators.py,,oecd-crs-energy-idn-2023-q-2026-09-28-md-22306990
same-as-oecd-crs-energy-idn-2023-q-2026-09-28-md-22306997,line,oecd-crs-energy-idn-2023-q-2026-09-28-md-22306997,same_as,line,oecd-crs-energy-idn-2022-q-2026-09-28-md-20995250,,,,accepted,exact_oecd_donor_and_project_id,1,1,2026-09-28,scripts/jetp/build_crs_comparators.py,,oecd-crs-energy-idn-2023-q-2026-09-28-md-22306997
same-as-oecd-crs-energy-idn-2023-q-2026-09-28-md-22306986,line,oecd-crs-energy-idn-2023-q-2026-09-28-md-22306986,same_as,line,oecd-crs-energy-idn-2022-q-2026-09-28-md-20995246,,,,accepted,exact_oecd_donor_and_project_id,1,1,2026-09-28,scripts/jetp/build_crs_comparators.py,,oecd-crs-energy-idn-2023-q-2026-09-28-md-22306986
same-as-oecd-crs-energy-idn-2023-q-2026-09-28-md-22306994,line,oecd-crs-energy-idn-2023-q-2026-09-28-md-22306994,same_as,line,oecd-crs-energy-idn-2022-q-2026-09-28-md-20995249,,,,accepted,exact_oecd_donor_and_project_id,1,1,2026-09-28,scripts/jetp/build_crs_comparators.py,,oecd-crs-energy-idn-2023-q-2026-09-28-md-22306994
same-as-oecd-crs-energy-idn-2023-q-2026-09-28-md-22917962,line,oecd-crs-energy-idn-2023-q-2026-09-28-md-22917962,same_as,line,oecd-crs-energy-idn-2022-q-2026-09-28-md-20995246,,,,accepted,exact_oecd_donor_and_project_id,1,1,2026-09-28,scripts/jetp/build_crs_comparators.py,,oecd-crs-energy-idn-2023-q-2026-09-28-md-22917962
same-as-oecd-crs-energy-idn-2023-q-2026-09-28-md-22917963,line,oecd-crs-energy-idn-2023-q-2026-09-28-md-22917963,same_as,line,oecd-crs-energy-idn-2022-q-2026-09-28-md-20995249,,,,accepted,exact_oecd_donor_and_project_id,1,1,2026-09-28,scripts/jetp/build_crs_comparators.py,,oecd-crs-energy-idn-2023-q-2026-09-28-md-22917963
same-as-oecd-crs-energy-idn-2023-q-2026-09-28-md-22917964,line,oecd-crs-energy-idn-2023-q-2026-09-28-md-22917964,same_as,line,oecd-crs-energy-idn-2022-q-2026-09-28-md-20995249,,,,accepted,exact_oecd_donor_and_project_id,1,1,2026-09-28,scripts/jetp/build_crs_comparators.py,,oecd-crs-energy-idn-2023-q-2026-09-28-md-22917964
same-as-oecd-crs-energy-idn-2023-q-2026-09-28-md-22917965,line,oecd-crs-energy-idn-2023-q-2026-09-28-md-22917965,same_as,line,oecd-crs-energy-idn-2022-q-2026-09-28-md-20995250,,,,accepted,exact_oecd_donor_and_project_id,1,1,2026-09-28,scripts/jetp/build_crs_comparators.py,,oecd-crs-energy-idn-2023-q-2026-09-28-md-22917965
same-as-oecd-crs-energy-idn-2023-q-2026-09-28-md-22306995,line,oecd-crs-energy-idn-2023-q-2026-09-28-md-22306995,same_as,line,oecd-crs-energy-idn-2022-q-2026-09-28-md-20995249,,,,accepted,exact_oecd_donor_and_project_id,1,1,2026-09-28,scripts/jetp/build_crs_comparators.py,,oecd-crs-energy-idn-2023-q-2026-09-28-md-22306995
same-as-oecd-crs-energy-idn-2023-q-2026-09-28-md-22917966,line,oecd-crs-energy-idn-2023-q-2026-09-28-md-22917966,same_as,line,oecd-crs-energy-idn-2022-q-2026-09-28-md-20995250,,,,accepted,exact_oecd_donor_and_project_id,1,1,2026-09-28,scripts/jetp/build_crs_comparators.py,,oecd-crs-energy-idn-2023-q-2026-09-28-md-22917966
same-as-oecd-crs-energy-idn-2023-q-2026-09-28-md-22917961,line,oecd-crs-energy-idn-2023-q-2026-09-28-md-22917961,same_as,line,oecd-crs-energy-idn-2022-q-2026-09-28-md-20995246,,,,accepted,exact_oecd_donor_and_project_id,1,1,2026-09-28,scripts/jetp/build_crs_comparators.py,,oecd-crs-energy-idn-2023-q-2026-09-28-md-22917961
same-as-oecd-crs-energy-idn-2023-q-2026-09-28-md-22878596,line,oecd-crs-energy-idn-2023-q-2026-09-28-md-22878596,same_as,line,oecd-crs-energy-idn-2021-q-2026-09-28-md-20915937,,,,accepted,exact_oecd_donor_and_project_id,1,1,2026-09-28,scripts/jetp/build_crs_comparators.py,,oecd-crs-energy-idn-2023-q-2026-09-28-md-22878596
same-as-oecd-crs-energy-idn-2023-q-2026-09-28-md-22692504,line,oecd-crs-energy-idn-2023-q-2026-09-28-md-22692504,same_as,line,oecd-crs-energy-idn-2020-q-2026-09-28-md-19667289,,,,accepted,exact_oecd_donor_and_project_id,1,1,2026-09-28,scripts/jetp/build_crs_comparators.py,,oecd-crs-energy-idn-2023-q-2026-09-28-md-22692504
same-as-oecd-crs-energy-idn-2023-q-2026-09-28-md-22932284,line,oecd-crs-energy-idn-2023-q-2026-09-28-md-22932284,same_as,line,oecd-crs-energy-idn-2020-q-2026-09-28-md-19371512,,,,accepted,exact_oecd_donor_and_project_id,1,1,2026-09-28,scripts/jetp/build_crs_comparators.py,,oecd-crs-energy-idn-2023-q-2026-09-28-md-22932284
same-as-oecd-crs-energy-idn-2023-q-2026-09-28-md-22784559,line,oecd-crs-energy-idn-2023-q-2026-09-28-md-22784559,same_as,line,oecd-crs-energy-idn-2022-q-2026-09-28-md-21774479,,,,accepted,exact_oecd_donor_and_project_id,1,1,2026-09-28,scripts/jetp/build_crs_comparators.py,,oecd-crs-energy-idn-2023-q-2026-09-28-md-22784559
same-as-oecd-crs-energy-idn-2023-q-2026-09-28-md-22743691,line,oecd-crs-energy-idn-2023-q-2026-09-28-md-22743691,same_as,line,oecd-crs-energy-idn-2022-q-2026-09-28-md-21255979,,,,accepted,exact_oecd_donor_and_project_id,1,1,2026-09-28,scripts/jetp/build_crs_comparators.py,,oecd-crs-energy-idn-2023-q-2026-09-28-md-22743691
same-as-oecd-crs-energy-idn-2023-q-2026-09-28-md-22743692,line,oecd-crs-energy-idn-2023-q-2026-09-28-md-22743692,same_as,line,oecd-crs-energy-idn-2022-q-2026-09-28-md-21255981,,,,accepted,exact_oecd_donor_and_project_id,1,1,2026-09-28,scripts/jetp/build_crs_comparators.py,,oecd-crs-energy-idn-2023-q-2026-09-28-md-22743692
same-as-oecd-crs-energy-idn-2023-q-2026-09-28-md-22693861,line,oecd-crs-energy-idn-2023-q-2026-09-28-md-22693861,same_as,line,oecd-crs-energy-idn-2022-q-2026-09-28-md-21821483,,,,accepted,exact_oecd_donor_and_project_id,1,1,2026-09-28,scripts/jetp/build_crs_comparators.py,,oecd-crs-energy-idn-2023-q-2026-09-28-md-22693861
same-as-oecd-crs-energy-idn-2023-q-2026-09-28-md-22694182,line,oecd-crs-energy-idn-2023-q-2026-09-28-md-22694182,same_as,line,oecd-crs-energy-idn-2022-q-2026-09-28-md-21821831,,,,accepted,exact_oecd_donor_and_project_id,1,1,2026-09-28,scripts/jetp/build_crs_comparators.py,,oecd-crs-energy-idn-2023-q-2026-09-28-md-22694182
same-as-oecd-crs-energy-idn-2023-q-2026-09-28-md-22694218,line,oecd-crs-energy-idn-2023-q-2026-09-28-md-22694218,same_as,line,oecd-crs-energy-idn-2022-q-2026-09-28-md-21315743,,,,accepted,exact_oecd_donor_and_project_id,1,1,2026-09-28,scripts/jetp/build_crs_comparators.py,,oecd-crs-energy-idn-2023-q-2026-09-28-md-22694218
same-as-oecd-crs-energy-idn-2023-q-2026-09-28-md-22694122,line,oecd-crs-energy-idn-2023-q-2026-09-28-md-22694122,same_as,line,oecd-crs-energy-idn-2022-q-2026-09-28-md-21821773,,,,accepted,exact_oecd_donor_and_project_id,1,1,2026-09-28,scripts/jetp/build_crs_comparators.py,,oecd-crs-energy-idn-2023-q-2026-09-28-md-22694122
same-as-oecd-crs-energy-idn-2023-q-2026-09-28-md-22694121,line,oecd-crs-energy-idn-2023-q-2026-09-28-md-22694121,same_as,line,oecd-crs-energy-idn-2022-q-2026-09-28-md-21821773,,,,accepted,exact_oecd_donor_and_project_id,1,1,2026-09-28,scripts/jetp/build_crs_comparators.py,,oecd-crs-energy-idn-2023-q-2026-09-28-md-22694121
same-as-oecd-crs-energy-idn-2023-q-2026-09-28-md-22694180,line,oecd-crs-energy-idn-2023-q-2026-09-28-md-22694180,same_as,line,oecd-crs-energy-idn-2022-q-2026-09-28-md-21821831,,,,accepted,exact_oecd_donor_and_project_id,1,1,2026-09-28,scripts/jetp/build_crs_comparators.py,,oecd-crs-energy-idn-2023-q-2026-09-28-md-22694180
same-as-oecd-crs-energy-idn-2023-q-2026-09-28-md-22694181,line,oecd-crs-energy-idn-2023-q-2026-09-28-md-22694181,same_as,line,oecd-crs-energy-idn-2022-q-2026-09-28-md-21821831,,,,accepted,exact_oecd_donor_and_project_id,1,1,2026-09-28,scripts/jetp/build_crs_comparators.py,,oecd-crs-energy-idn-2023-q-2026-09-28-md-22694181
same-as-oecd-crs-energy-idn-2023-q-2026-09-28-md-22151848,line,oecd-crs-energy-idn-2023-q-2026-09-28-md-22151848,same_as,line,oecd-crs-energy-idn-2022-q-2026-09-28-md-21315743,,,,accepted,exact_oecd_donor_and_project_id,1,1,2026-09-28,scripts/jetp/build_crs_comparators.py,,oecd-crs-energy-idn-2023-q-2026-09-28-md-22151848
same-as-oecd-crs-energy-idn-2023-q-2026-09-28-md-22693881,line,oecd-crs-energy-idn-2023-q-2026-09-28-md-22693881,same_as,line,oecd-crs-energy-idn-2022-q-2026-09-28-md-21821513,,,,accepted,exact_oecd_donor_and_project_id,1,1,2026-09-28,scripts/jetp/build_crs_comparators.py,,oecd-crs-energy-idn-2023-q-2026-09-28-md-22693881
same-as-oecd-crs-energy-idn-2023-q-2026-09-28-md-22694123,line,oecd-crs-energy-idn-2023-q-2026-09-28-md-22694123,same_as,line,oecd-crs-energy-idn-2022-q-2026-09-28-md-21821773,,,,accepted,exact_oecd_donor_and_project_id,1,1,2026-09-28,scripts/jetp/build_crs_comparators.py,,oecd-crs-energy-idn-2023-q-2026-09-28-md-22694123
same-as-oecd-crs-energy-idn-2023-q-2026-09-28-md-22151750,line,oecd-crs-energy-idn-2023-q-2026-09-28-md-22151750,same_as,line,oecd-crs-energy-idn-2022-q-2026-09-28-md-21821552,,,,accepted,exact_oecd_donor_and_project_id,1,1,2026-09-28,scripts/jetp/build_crs_comparators.py,,oecd-crs-energy-idn-2023-q-2026-09-28-md-22151750
same-as-oecd-crs-energy-idn-2023-q-2026-09-28-md-22693914,line,oecd-crs-energy-idn-2023-q-2026-09-28-md-22693914,same_as,line,oecd-crs-energy-idn-2022-q-2026-09-28-md-21821552,,,,accepted,exact_oecd_donor_and_project_id,1,1,2026-09-28,scripts/jetp/build_crs_comparators.py,,oecd-crs-energy-idn-2023-q-2026-09-28-md-22693914
same-as-oecd-crs-energy-idn-2023-q-2026-09-28-md-22792726,line,oecd-crs-energy-idn-2023-q-2026-09-28-md-22792726,same_as,line,oecd-crs-energy-idn-2021-q-2026-09-28-md-20745129,,,,accepted,exact_oecd_donor_and_project_id,1,1,2026-09-28,scripts/jetp/build_crs_comparators.py,,oecd-crs-energy-idn-2023-q-2026-09-28-md-22792726
same-as-oecd-crs-energy-idn-2023-q-2026-09-28-md-22214150,line,oecd-crs-energy-idn-2023-q-2026-09-28-md-22214150,same_as,line,oecd-crs-energy-idn-2021-q-2026-09-28-md-20745129,,,,accepted,exact_oecd_donor_and_project_id,1,1,2026-09-28,scripts/jetp/build_crs_comparators.py,,oecd-crs-energy-idn-2023-q-2026-09-28-md-22214150
same-as-oecd-crs-energy-idn-2023-q-2026-09-28-md-22793968,line,oecd-crs-energy-idn-2023-q-2026-09-28-md-22793968,same_as,line,oecd-crs-energy-idn-2022-q-2026-09-28-md-21780159,,,,accepted,exact_oecd_donor_and_project_id,1,1,2026-09-28,scripts/jetp/build_crs_comparators.py,,oecd-crs-energy-idn-2023-q-2026-09-28-md-22793968
same-as-oecd-crs-energy-idn-2023-q-2026-09-28-md-22214605,line,oecd-crs-energy-idn-2023-q-2026-09-28-md-22214605,same_as,line,oecd-crs-energy-idn-2022-q-2026-09-28-md-21780159,,,,accepted,exact_oecd_donor_and_project_id,1,1,2026-09-28,scripts/jetp/build_crs_comparators.py,,oecd-crs-energy-idn-2023-q-2026-09-28-md-22214605
same-as-oecd-crs-energy-idn-2023-q-2026-09-28-md-22793580,line,oecd-crs-energy-idn-2023-q-2026-09-28-md-22793580,same_as,line,oecd-crs-energy-idn-2021-q-2026-09-28-md-20211500,,,,accepted,exact_oecd_donor_and_project_id,1,1,2026-09-28,scripts/jetp/build_crs_comparators.py,,oecd-crs-energy-idn-2023-q-2026-09-28-md-22793580
same-as-oecd-crs-energy-idn-2023-q-2026-09-28-md-22787803,line,oecd-crs-energy-idn-2023-q-2026-09-28-md-22787803,same_as,line,oecd-crs-energy-idn-2020-q-2026-09-28-md-19795896,,,,accepted,exact_oecd_donor_and_project_id,1,1,2026-09-28,scripts/jetp/build_crs_comparators.py,,oecd-crs-energy-idn-2023-q-2026-09-28-md-22787803
same-as-oecd-crs-energy-idn-2023-q-2026-09-28-md-22794704,line,oecd-crs-energy-idn-2023-q-2026-09-28-md-22794704,same_as,line,oecd-crs-energy-idn-2022-q-2026-09-28-md-21780472,,,,accepted,exact_oecd_donor_and_project_id,1,1,2026-09-28,scripts/jetp/build_crs_comparators.py,,oecd-crs-energy-idn-2023-q-2026-09-28-md-22794704
same-as-oecd-crs-energy-idn-2023-q-2026-09-28-md-22794801,line,oecd-crs-energy-idn-2023-q-2026-09-28-md-22794801,same_as,line,oecd-crs-energy-idn-2022-q-2026-09-28-md-21276416,,,,accepted,exact_oecd_donor_and_project_id,1,1,2026-09-28,scripts/jetp/build_crs_comparators.py,,oecd-crs-energy-idn-2023-q-2026-09-28-md-22794801
same-as-oecd-crs-energy-idn-2023-q-2026-09-28-md-22788828,line,oecd-crs-energy-idn-2023-q-2026-09-28-md-22788828,same_as,line,oecd-crs-energy-idn-2022-q-2026-09-28-md-21274597,,,,accepted,exact_oecd_donor_and_project_id,1,1,2026-09-28,scripts/jetp/build_crs_comparators.py,,oecd-crs-energy-idn-2023-q-2026-09-28-md-22788828
same-as-oecd-crs-energy-idn-2023-q-2026-09-28-md-22214623,line,oecd-crs-energy-idn-2023-q-2026-09-28-md-22214623,same_as,line,oecd-crs-energy-idn-2021-q-2026-09-28-md-20744015,,,,accepted,exact_oecd_donor_and_project_id,1,1,2026-09-28,scripts/jetp/build_crs_comparators.py,,oecd-crs-energy-idn-2023-q-2026-09-28-md-22214623
same-as-oecd-crs-energy-idn-2023-q-2026-09-28-md-22793986,line,oecd-crs-energy-idn-2023-q-2026-09-28-md-22793986,same_as,line,oecd-crs-energy-idn-2021-q-2026-09-28-md-20744015,,,,accepted,exact_oecd_donor_and_project_id,1,1,2026-09-28,scripts/jetp/build_crs_comparators.py,,oecd-crs-energy-idn-2023-q-2026-09-28-md-22793986
same-as-oecd-crs-energy-idn-2023-q-2026-09-28-md-22938896,line,oecd-crs-energy-idn-2023-q-2026-09-28-md-22938896,same_as,line,oecd-crs-energy-idn-2010-q-2026-09-28-md-4306319,,,,accepted,exact_oecd_donor_and_project_id,1,1,2026-09-28,scripts/jetp/build_crs_comparators.py,,oecd-crs-energy-idn-2023-q-2026-09-28-md-22938896
same-as-oecd-crs-energy-idn-2023-q-2026-09-28-md-22689785,line,oecd-crs-energy-idn-2023-q-2026-09-28-md-22689785,same_as,line,oecd-crs-energy-idn-2015-q-2026-09-28-md-7047455,,,,accepted,exact_oecd_donor_and_project_id,1,1,2026-09-28,scripts/jetp/build_crs_comparators.py,,oecd-crs-energy-idn-2023-q-2026-09-28-md-22689785
same-as-oecd-crs-energy-idn-2023-q-2026-09-28-md-22677376,line,oecd-crs-energy-idn-2023-q-2026-09-28-md-22677376,same_as,line,oecd-crs-energy-idn-2013-q-2026-09-28-md-6086249,,,,accepted,exact_oecd_donor_and_project_id,1,1,2026-09-28,scripts/jetp/build_crs_comparators.py,,oecd-crs-energy-idn-2023-q-2026-09-28-md-22677376
same-as-oecd-crs-energy-idn-2023-q-2026-09-28-md-22898790,line,oecd-crs-energy-idn-2023-q-2026-09-28-md-22898790,same_as,line,oecd-crs-energy-idn-2016-q-2026-09-28-md-16671657,,,,accepted,exact_oecd_donor_and_project_id,1,1,2026-09-28,scripts/jetp/build_crs_comparators.py,,oecd-crs-energy-idn-2023-q-2026-09-28-md-22898790
same-as-oecd-crs-energy-idn-2023-q-2026-09-28-md-22904370,line,oecd-crs-energy-idn-2023-q-2026-09-28-md-22904370,same_as,line,oecd-crs-energy-idn-2022-q-2026-09-28-md-21385705,,,,accepted,exact_oecd_donor_and_project_id,1,1,2026-09-28,scripts/jetp/build_crs_comparators.py,,oecd-crs-energy-idn-2023-q-2026-09-28-md-22904370
same-as-oecd-crs-energy-idn-2023-q-2026-09-28-md-22892236,line,oecd-crs-energy-idn-2023-q-2026-09-28-md-22892236,same_as,line,oecd-crs-energy-idn-2020-q-2026-09-28-md-19350575,,,,accepted,exact_oecd_donor_and_project_id,1,1,2026-09-28,scripts/jetp/build_crs_comparators.py,,oecd-crs-energy-idn-2023-q-2026-09-28-md-22892236
same-as-oecd-crs-energy-idn-2023-q-2026-09-28-md-22892147,line,oecd-crs-energy-idn-2023-q-2026-09-28-md-22892147,same_as,line,oecd-crs-energy-idn-2020-q-2026-09-28-md-19357007,,,,accepted,exact_oecd_donor_and_project_id,1,1,2026-09-28,scripts/jetp/build_crs_comparators.py,,oecd-crs-energy-idn-2023-q-2026-09-28-md-22892147
same-as-oecd-crs-energy-idn-2023-q-2026-09-28-md-22915374,line,oecd-crs-energy-idn-2023-q-2026-09-28-md-22915374,same_as,line,oecd-crs-energy-idn-2020-q-2026-09-28-md-19829292,,,,accepted,exact_oecd_donor_and_project_id,1,1,2026-09-28,scripts/jetp/build_crs_comparators.py,,oecd-crs-energy-idn-2023-q-2026-09-28-md-22915374
same-as-oecd-crs-energy-idn-2023-q-2026-09-28-md-22915258,line,oecd-crs-energy-idn-2023-q-2026-09-28-md-22915258,same_as,line,oecd-crs-energy-idn-2020-q-2026-09-28-md-19357644,,,,accepted,exact_oecd_donor_and_project_id,1,1,2026-09-28,scripts/jetp/build_crs_comparators.py,,oecd-crs-energy-idn-2023-q-2026-09-28-md-22915258
same-as-oecd-crs-energy-idn-2023-q-2026-09-28-md-22904185,line,oecd-crs-energy-idn-2023-q-2026-09-28-md-22904185,same_as,line,oecd-crs-energy-idn-2022-q-2026-09-28-md-21389626,,,,accepted,exact_oecd_donor_and_project_id,1,1,2026-09-28,scripts/jetp/build_crs_comparators.py,,oecd-crs-energy-idn-2023-q-2026-09-28-md-22904185
same-as-oecd-crs-energy-idn-2023-q-2026-09-28-md-22903977,line,oecd-crs-energy-idn-2023-q-2026-09-28-md-22903977,same_as,line,oecd-crs-energy-idn-2018-q-2026-09-28-md-17743008,,,,accepted,exact_oecd_donor_and_project_id,1,1,2026-09-28,scripts/jetp/build_crs_comparators.py,,oecd-crs-energy-idn-2023-q-2026-09-28-md-22903977
same-as-oecd-crs-energy-idn-2023-q-2026-09-28-md-22903973,line,oecd-crs-energy-idn-2023-q-2026-09-28-md-22903973,same_as,line,oecd-crs-energy-idn-2015-q-2026-09-28-md-7016820,,,,accepted,exact_oecd_donor_and_project_id,1,1,2026-09-28,scripts/jetp/build_crs_comparators.py,,oecd-crs-energy-idn-2023-q-2026-09-28-md-22903973
same-as-oecd-crs-energy-idn-2023-q-2026-09-28-md-22937562,line,oecd-crs-energy-idn-2023-q-2026-09-28-md-22937562,same_as,line,oecd-crs-energy-idn-2017-q-2026-09-28-md-17038902,,,,accepted,exact_oecd_donor_and_project_id,1,1,2026-09-28,scripts/jetp/build_crs_comparators.py,,oecd-crs-energy-idn-2023-q-2026-09-28-md-22937562
same-as-oecd-crs-energy-idn-2023-q-2026-09-28-md-22903983,line,oecd-crs-energy-idn-2023-q-2026-09-28-md-22903983,same_as,line,oecd-crs-energy-idn-2018-q-2026-09-28-md-17743232,,,,accepted,exact_oecd_donor_and_project_id,1,1,2026-09-28,scripts/jetp/build_crs_comparators.py,,oecd-crs-energy-idn-2023-q-2026-09-28-md-22903983
same-as-oecd-crs-energy-idn-2023-q-2026-09-28-md-22295252,line,oecd-crs-energy-idn-2023-q-2026-09-28-md-22295252,same_as,line,oecd-crs-energy-idn-2017-q-2026-09-28-md-17039117,,,,accepted,exact_oecd_donor_and_project_id,1,1,2026-09-28,scripts/jetp/build_crs_comparators.py,,oecd-crs-energy-idn-2023-q-2026-09-28-md-22295252
same-as-oecd-crs-energy-idn-2023-q-2026-09-28-md-22898795,line,oecd-crs-energy-idn-2023-q-2026-09-28-md-22898795,same_as,line,oecd-crs-energy-idn-2020-q-2026-09-28-md-19832634,,,,accepted,exact_oecd_donor_and_project_id,1,1,2026-09-28,scripts/jetp/build_crs_comparators.py,,oecd-crs-energy-idn-2023-q-2026-09-28-md-22898795
same-as-oecd-crs-energy-idn-2023-q-2026-09-28-md-22286928,line,oecd-crs-energy-idn-2023-q-2026-09-28-md-22286928,same_as,line,oecd-crs-energy-idn-2020-q-2026-09-28-md-19832634,,,,accepted,exact_oecd_donor_and_project_id,1,1,2026-09-28,scripts/jetp/build_crs_comparators.py,,oecd-crs-energy-idn-2023-q-2026-09-28-md-22286928
same-as-oecd-crs-energy-idn-2023-q-2026-09-28-md-22295632,line,oecd-crs-energy-idn-2023-q-2026-09-28-md-22295632,same_as,line,oecd-crs-energy-idn-2020-q-2026-09-28-md-19842063,,,,accepted,exact_oecd_donor_and_project_id,1,1,2026-09-28,scripts/jetp/build_crs_comparators.py,,oecd-crs-energy-idn-2023-q-2026-09-28-md-22295632
same-as-oecd-crs-energy-idn-2023-q-2026-09-28-md-22904869,line,oecd-crs-energy-idn-2023-q-2026-09-28-md-22904869,same_as,line,oecd-crs-energy-idn-2020-q-2026-09-28-md-19842063,,,,accepted,exact_oecd_donor_and_project_id,1,1,2026-09-28,scripts/jetp/build_crs_comparators.py,,oecd-crs-energy-idn-2023-q-2026-09-28-md-22904869
same-as-oecd-crs-energy-idn-2023-q-2026-09-28-md-22295657,line,oecd-crs-energy-idn-2023-q-2026-09-28-md-22295657,same_as,line,oecd-crs-energy-idn-2022-q-2026-09-28-md-20968038,,,,accepted,exact_oecd_donor_and_project_id,1,1,2026-09-28,scripts/jetp/build_crs_comparators.py,,oecd-crs-energy-idn-2023-q-2026-09-28-md-22295657
same-as-oecd-crs-energy-idn-2023-q-2026-09-28-md-22295655,line,oecd-crs-energy-idn-2023-q-2026-09-28-md-22295655,same_as,line,oecd-crs-energy-idn-2022-q-2026-09-28-md-20968038,,,,accepted,exact_oecd_donor_and_project_id,1,1,2026-09-28,scripts/jetp/build_crs_comparators.py,,oecd-crs-energy-idn-2023-q-2026-09-28-md-22295655
same-as-oecd-crs-energy-idn-2023-q-2026-09-28-md-22295656,line,oecd-crs-energy-idn-2023-q-2026-09-28-md-22295656,same_as,line,oecd-crs-energy-idn-2022-q-2026-09-28-md-20968038,,,,accepted,exact_oecd_donor_and_project_id,1,1,2026-09-28,scripts/jetp/build_crs_comparators.py,,oecd-crs-energy-idn-2023-q-2026-09-28-md-22295656
same-as-oecd-crs-energy-idn-2023-q-2026-09-28-md-22906847,line,oecd-crs-energy-idn-2023-q-2026-09-28-md-22906847,same_as,line,oecd-crs-energy-idn-2022-q-2026-09-28-md-20968038,,,,accepted,exact_oecd_donor_and_project_id,1,1,2026-09-28,scripts/jetp/build_crs_comparators.py,,oecd-crs-energy-idn-2023-q-2026-09-28-md-22906847
same-as-oecd-crs-energy-idn-2023-q-2026-09-28-md-22906852,line,oecd-crs-energy-idn-2023-q-2026-09-28-md-22906852,same_as,line,oecd-crs-energy-idn-2022-q-2026-09-28-md-20968038,,,,accepted,exact_oecd_donor_and_project_id,1,1,2026-09-28,scripts/jetp/build_crs_comparators.py,,oecd-crs-energy-idn-2023-q-2026-09-28-md-22906852
same-as-oecd-crs-energy-idn-2023-q-2026-09-28-md-22906853,line,oecd-crs-energy-idn-2023-q-2026-09-28-md-22906853,same_as,line,oecd-crs-energy-idn-2022-q-2026-09-28-md-20968038,,,,accepted,exact_oecd_donor_and_project_id,1,1,2026-09-28,scripts/jetp/build_crs_comparators.py,,oecd-crs-energy-idn-2023-q-2026-09-28-md-22906853
same-as-oecd-crs-energy-idn-2023-q-2026-09-28-md-22693913,line,oecd-crs-energy-idn-2023-q-2026-09-28-md-22693913,same_as,line,oecd-crs-energy-idn-2022-q-2026-09-28-md-21821552,,,,accepted,exact_oecd_donor_and_project_id,1,1,2026-09-28,scripts/jetp/build_crs_comparators.py,,oecd-crs-energy-idn-2023-q-2026-09-28-md-22693913
same-as-oecd-crs-energy-idn-2023-q-2026-09-28-md-22151749,line,oecd-crs-energy-idn-2023-q-2026-09-28-md-22151749,same_as,line,oecd-crs-energy-idn-2022-q-2026-09-28-md-21821552,,,,accepted,exact_oecd_donor_and_project_id,1,1,2026-09-28,scripts/jetp/build_crs_comparators.py,,oecd-crs-energy-idn-2023-q-2026-09-28-md-22151749
same-as-oecd-crs-energy-idn-2023-q-2026-09-28-md-22784135,line,oecd-crs-energy-idn-2023-q-2026-09-28-md-22784135,same_as,line,oecd-crs-energy-idn-2015-q-2026-09-28-md-7023224,,,,accepted,exact_oecd_donor_and_project_id,1,1,2026-09-28,scripts/jetp/build_crs_comparators.py,,oecd-crs-energy-idn-2023-q-2026-09-28-md-22784135
same-as-oecd-crs-energy-idn-2023-q-2026-09-28-md-22795347,line,oecd-crs-energy-idn-2023-q-2026-09-28-md-22795347,same_as,line,oecd-crs-energy-idn-2021-q-2026-09-28-md-20122087,,,,accepted,exact_oecd_donor_and_project_id,1,1,2026-09-28,scripts/jetp/build_crs_comparators.py,,oecd-crs-energy-idn-2023-q-2026-09-28-md-22795347
same-as-oecd-crs-energy-idn-2023-q-2026-09-28-md-22795878,line,oecd-crs-energy-idn-2023-q-2026-09-28-md-22795878,same_as,line,oecd-crs-energy-idn-2022-q-2026-09-28-md-21296955,,,,accepted,exact_oecd_donor_and_project_id,1,1,2026-09-28,scripts/jetp/build_crs_comparators.py,,oecd-crs-energy-idn-2023-q-2026-09-28-md-22795878
same-as-oecd-crs-energy-idn-2023-q-2026-09-28-md-22795399,line,oecd-crs-energy-idn-2023-q-2026-09-28-md-22795399,same_as,line,oecd-crs-energy-idn-2021-q-2026-09-28-md-20122189,,,,accepted,exact_oecd_donor_and_project_id,1,1,2026-09-28,scripts/jetp/build_crs_comparators.py,,oecd-crs-energy-idn-2023-q-2026-09-28-md-22795399
same-as-oecd-crs-energy-idn-2023-q-2026-09-28-md-22784020,line,oecd-crs-energy-idn-2023-q-2026-09-28-md-22784020,same_as,line,oecd-crs-energy-idn-2021-q-2026-09-28-md-20123506,,,,accepted,exact_oecd_donor_and_project_id,1,1,2026-09-28,scripts/jetp/build_crs_comparators.py,,oecd-crs-energy-idn-2023-q-2026-09-28-md-22784020
same-as-oecd-crs-energy-idn-2023-q-2026-09-28-md-22703003,line,oecd-crs-energy-idn-2023-q-2026-09-28-md-22703003,same_as,line,oecd-crs-energy-idn-2020-q-2026-09-28-md-19284914,,,,accepted,exact_oecd_donor_and_project_id,1,1,2026-09-28,scripts/jetp/build_crs_comparators.py,,oecd-crs-energy-idn-2023-q-2026-09-28-md-22703003
same-as-oecd-crs-energy-idn-2023-q-2026-09-28-md-22703002,line,oecd-crs-energy-idn-2023-q-2026-09-28-md-22703002,same_as,line,oecd-crs-energy-idn-2020-q-2026-09-28-md-19284914,,,,accepted,exact_oecd_donor_and_project_id,1,1,2026-09-28,scripts/jetp/build_crs_comparators.py,,oecd-crs-energy-idn-2023-q-2026-09-28-md-22703002
same-as-oecd-crs-energy-idn-2023-q-2026-09-28-md-22768238,line,oecd-crs-energy-idn-2023-q-2026-09-28-md-22768238,same_as,line,oecd-crs-energy-idn-2019-q-2026-09-28-md-18907618,,,,accepted,exact_oecd_donor_and_project_id,1,1,2026-09-28,scripts/jetp/build_crs_comparators.py,,oecd-crs-energy-idn-2023-q-2026-09-28-md-22768238
same-as-oecd-crs-energy-idn-2023-q-2026-09-28-md-22189644,line,oecd-crs-energy-idn-2023-q-2026-09-28-md-22189644,same_as,line,oecd-crs-energy-idn-2019-q-2026-09-28-md-18907618,,,,accepted,exact_oecd_donor_and_project_id,1,1,2026-09-28,scripts/jetp/build_crs_comparators.py,,oecd-crs-energy-idn-2023-q-2026-09-28-md-22189644
same-as-oecd-crs-energy-idn-2023-q-2026-09-28-md-22189649,line,oecd-crs-energy-idn-2023-q-2026-09-28-md-22189649,same_as,line,oecd-crs-energy-idn-2019-q-2026-09-28-md-18907618,,,,accepted,exact_oecd_donor_and_project_id,1,1,2026-09-28,scripts/jetp/build_crs_comparators.py,,oecd-crs-energy-idn-2023-q-2026-09-28-md-22189649
same-as-oecd-crs-energy-idn-2023-q-2026-09-28-md-22768243,line,oecd-crs-energy-idn-2023-q-2026-09-28-md-22768243,same_as,line,oecd-crs-energy-idn-2019-q-2026-09-28-md-18907618,,,,accepted,exact_oecd_donor_and_project_id,1,1,2026-09-28,scripts/jetp/build_crs_comparators.py,,oecd-crs-energy-idn-2023-q-2026-09-28-md-22768243
same-as-oecd-crs-energy-idn-2023-q-2026-09-28-md-22687721,line,oecd-crs-energy-idn-2023-q-2026-09-28-md-22687721,same_as,line,oecd-crs-energy-idn-2011-q-2026-09-28-md-4728771,,,,accepted,exact_oecd_donor_and_project_id,1,1,2026-09-28,scripts/jetp/build_crs_comparators.py,,oecd-crs-energy-idn-2023-q-2026-09-28-md-22687721
same-as-oecd-crs-energy-idn-2023-q-2026-09-28-md-22687725,line,oecd-crs-energy-idn-2023-q-2026-09-28-md-22687725,same_as,line,oecd-crs-energy-idn-2011-q-2026-09-28-md-4728771,,,,accepted,exact_oecd_donor_and_project_id,1,1,2026-09-28,scripts/jetp/build_crs_comparators.py,,oecd-crs-energy-idn-2023-q-2026-09-28-md-22687725
same-as-oecd-crs-energy-idn-2023-q-2026-09-28-md-22126817,line,oecd-crs-energy-idn-2023-q-2026-09-28-md-22126817,same_as,line,oecd-crs-energy-idn-2019-q-2026-09-28-md-18828863,,,,accepted,exact_oecd_donor_and_project_id,1,1,2026-09-28,scripts/jetp/build_crs_comparators.py,,oecd-crs-energy-idn-2023-q-2026-09-28-md-22126817
same-as-oecd-crs-energy-idn-2023-q-2026-09-28-md-22665808,line,oecd-crs-energy-idn-2023-q-2026-09-28-md-22665808,same_as,line,oecd-crs-energy-idn-2019-q-2026-09-28-md-18828863,,,,accepted,exact_oecd_donor_and_project_id,1,1,2026-09-28,scripts/jetp/build_crs_comparators.py,,oecd-crs-energy-idn-2023-q-2026-09-28-md-22665808
same-as-oecd-crs-energy-idn-2024-q-2026-09-28-md-26389338,line,oecd-crs-energy-idn-2024-q-2026-09-28-md-26389338,same_as,line,oecd-crs-energy-idn-2019-q-2026-09-28-md-18579154,,,,accepted,exact_oecd_donor_and_project_id,1,1,2026-09-28,scripts/jetp/build_crs_comparators.py,,oecd-crs-energy-idn-2024-q-2026-09-28-md-26389338
same-as-oecd-crs-energy-idn-2024-q-2026-09-28-md-26389351,line,oecd-crs-energy-idn-2024-q-2026-09-28-md-26389351,same_as,line,oecd-crs-energy-idn-2019-q-2026-09-28-md-18579134,,,,accepted,exact_oecd_donor_and_project_id,1,1,2026-09-28,scripts/jetp/build_crs_comparators.py,,oecd-crs-energy-idn-2024-q-2026-09-28-md-26389351
same-as-oecd-crs-energy-idn-2024-q-2026-09-28-md-26386161,line,oecd-crs-energy-idn-2024-q-2026-09-28-md-26386161,same_as,line,oecd-crs-energy-idn-2016-q-2026-09-28-md-16522989,,,,accepted,exact_oecd_donor_and_project_id,1,1,2026-09-28,scripts/jetp/build_crs_comparators.py,,oecd-crs-energy-idn-2024-q-2026-09-28-md-26386161
same-as-oecd-crs-energy-idn-2024-q-2026-09-28-md-26382709,line,oecd-crs-energy-idn-2024-q-2026-09-28-md-26382709,same_as,line,oecd-crs-energy-idn-2023-q-2026-09-28-md-22313879,,,,accepted,exact_oecd_donor_and_project_id,1,1,2026-09-28,scripts/jetp/build_crs_comparators.py,,oecd-crs-energy-idn-2024-q-2026-09-28-md-26382709
same-as-oecd-crs-energy-idn-2024-q-2026-09-28-md-26474111,line,oecd-crs-energy-idn-2024-q-2026-09-28-md-26474111,same_as,line,oecd-crs-energy-idn-2021-q-2026-09-28-md-20152042,,,,accepted,exact_oecd_donor_and_project_id,1,1,2026-09-28,scripts/jetp/build_crs_comparators.py,,oecd-crs-energy-idn-2024-q-2026-09-28-md-26474111
same-as-oecd-crs-energy-idn-2024-q-2026-09-28-md-26382708,line,oecd-crs-energy-idn-2024-q-2026-09-28-md-26382708,same_as,line,oecd-crs-energy-idn-2023-q-2026-09-28-md-22313878,,,,accepted,exact_oecd_donor_and_project_id,1,1,2026-09-28,scripts/jetp/build_crs_comparators.py,,oecd-crs-energy-idn-2024-q-2026-09-28-md-26382708
same-as-oecd-crs-energy-idn-2024-q-2026-09-28-md-26474109,line,oecd-crs-energy-idn-2024-q-2026-09-28-md-26474109,same_as,line,oecd-crs-energy-idn-2021-q-2026-09-28-md-20152041,,,,accepted,exact_oecd_donor_and_project_id,1,1,2026-09-28,scripts/jetp/build_crs_comparators.py,,oecd-crs-energy-idn-2024-q-2026-09-28-md-26474109
same-as-oecd-crs-energy-idn-2024-q-2026-09-28-md-26382707,line,oecd-crs-energy-idn-2024-q-2026-09-28-md-26382707,same_as,line,oecd-crs-energy-idn-2023-q-2026-09-28-md-22313877,,,,accepted,exact_oecd_donor_and_project_id,1,1,2026-09-28,scripts/jetp/build_crs_comparators.py,,oecd-crs-energy-idn-2024-q-2026-09-28-md-26382707
same-as-oecd-crs-energy-idn-2024-q-2026-09-28-md-26459379,line,oecd-crs-energy-idn-2024-q-2026-09-28-md-26459379,same_as,line,oecd-crs-energy-idn-2021-q-2026-09-28-md-20195930,,,,accepted,exact_oecd_donor_and_project_id,1,1,2026-09-28,scripts/jetp/build_crs_comparators.py,,oecd-crs-energy-idn-2024-q-2026-09-28-md-26459379
same-as-oecd-crs-energy-idn-2024-q-2026-09-28-md-26459288,line,oecd-crs-energy-idn-2024-q-2026-09-28-md-26459288,same_as,line,oecd-crs-energy-idn-2020-q-2026-09-28-md-19245954,,,,accepted,exact_oecd_donor_and_project_id,1,1,2026-09-28,scripts/jetp/build_crs_comparators.py,,oecd-crs-energy-idn-2024-q-2026-09-28-md-26459288
same-as-oecd-crs-energy-idn-2024-q-2026-09-28-md-26459250,line,oecd-crs-energy-idn-2024-q-2026-09-28-md-26459250,same_as,line,oecd-crs-energy-idn-2020-q-2026-09-28-md-19246381,,,,accepted,exact_oecd_donor_and_project_id,1,1,2026-09-28,scripts/jetp/build_crs_comparators.py,,oecd-crs-energy-idn-2024-q-2026-09-28-md-26459250
same-as-oecd-crs-energy-idn-2024-q-2026-09-28-md-26458402,line,oecd-crs-energy-idn-2024-q-2026-09-28-md-26458402,same_as,line,oecd-crs-energy-idn-2023-q-2026-09-28-md-22282075,,,,accepted,exact_oecd_donor_and_project_id,1,1,2026-09-28,scripts/jetp/build_crs_comparators.py,,oecd-crs-energy-idn-2024-q-2026-09-28-md-26458402
same-as-oecd-crs-energy-idn-2024-q-2026-09-28-md-26458401,line,oecd-crs-energy-idn-2024-q-2026-09-28-md-26458401,same_as,line,oecd-crs-energy-idn-2023-q-2026-09-28-md-22282075,,,,accepted,exact_oecd_donor_and_project_id,1,1,2026-09-28,scripts/jetp/build_crs_comparators.py,,oecd-crs-energy-idn-2024-q-2026-09-28-md-26458401
same-as-oecd-crs-energy-idn-2024-q-2026-09-28-md-26378319,line,oecd-crs-energy-idn-2024-q-2026-09-28-md-26378319,same_as,line,oecd-crs-energy-idn-2022-q-2026-09-28-md-21774479,,,,accepted,exact_oecd_donor_and_project_id,1,1,2026-09-28,scripts/jetp/build_crs_comparators.py,,oecd-crs-energy-idn-2024-q-2026-09-28-md-26378319
same-as-oecd-crs-energy-idn-2024-q-2026-09-28-md-26296742,line,oecd-crs-energy-idn-2024-q-2026-09-28-md-26296742,same_as,line,oecd-crs-energy-idn-2023-q-2026-09-28-md-22762387,,,,accepted,exact_oecd_donor_and_project_id,1,1,2026-09-28,scripts/jetp/build_crs_comparators.py,,oecd-crs-energy-idn-2024-q-2026-09-28-md-26296742
same-as-oecd-crs-energy-idn-2024-q-2026-09-28-md-26395387,line,oecd-crs-energy-idn-2024-q-2026-09-28-md-26395387,same_as,line,oecd-crs-energy-idn-2022-q-2026-09-28-md-20995250,,,,accepted,exact_oecd_donor_and_project_id,1,1,2026-09-28,scripts/jetp/build_crs_comparators.py,,oecd-crs-energy-idn-2024-q-2026-09-28-md-26395387
same-as-oecd-crs-energy-idn-2024-q-2026-09-28-md-26395384,line,oecd-crs-energy-idn-2024-q-2026-09-28-md-26395384,same_as,line,oecd-crs-energy-idn-2022-q-2026-09-28-md-20995246,,,,accepted,exact_oecd_donor_and_project_id,1,1,2026-09-28,scripts/jetp/build_crs_comparators.py,,oecd-crs-energy-idn-2024-q-2026-09-28-md-26395384
same-as-oecd-crs-energy-idn-2024-q-2026-09-28-md-26395385,line,oecd-crs-energy-idn-2024-q-2026-09-28-md-26395385,same_as,line,oecd-crs-energy-idn-2022-q-2026-09-28-md-20995246,,,,accepted,exact_oecd_donor_and_project_id,1,1,2026-09-28,scripts/jetp/build_crs_comparators.py,,oecd-crs-energy-idn-2024-q-2026-09-28-md-26395385
same-as-oecd-crs-energy-idn-2024-q-2026-09-28-md-26826703,line,oecd-crs-energy-idn-2024-q-2026-09-28-md-26826703,same_as,line,oecd-crs-energy-idn-2022-q-2026-09-28-md-20995246,,,,accepted,exact_oecd_donor_and_project_id,1,1,2026-09-28,scripts/jetp/build_crs_comparators.py,,oecd-crs-energy-idn-2024-q-2026-09-28-md-26826703
same-as-oecd-crs-energy-idn-2024-q-2026-09-28-md-26826706,line,oecd-crs-energy-idn-2024-q-2026-09-28-md-26826706,same_as,line,oecd-crs-energy-idn-2022-q-2026-09-28-md-20995250,,,,accepted,exact_oecd_donor_and_project_id,1,1,2026-09-28,scripts/jetp/build_crs_comparators.py,,oecd-crs-energy-idn-2024-q-2026-09-28-md-26826706
same-as-oecd-crs-energy-idn-2024-q-2026-09-28-md-26826701,line,oecd-crs-energy-idn-2024-q-2026-09-28-md-26826701,same_as,line,oecd-crs-energy-idn-2022-q-2026-09-28-md-20995246,,,,accepted,exact_oecd_donor_and_project_id,1,1,2026-09-28,scripts/jetp/build_crs_comparators.py,,oecd-crs-energy-idn-2024-q-2026-09-28-md-26826701
same-as-oecd-crs-energy-idn-2024-q-2026-09-28-md-26826705,line,oecd-crs-energy-idn-2024-q-2026-09-28-md-26826705,same_as,line,oecd-crs-energy-idn-2022-q-2026-09-28-md-20995250,,,,accepted,exact_oecd_donor_and_project_id,1,1,2026-09-28,scripts/jetp/build_crs_comparators.py,,oecd-crs-energy-idn-2024-q-2026-09-28-md-26826705
same-as-oecd-crs-energy-idn-2024-q-2026-09-28-md-26395386,line,oecd-crs-energy-idn-2024-q-2026-09-28-md-26395386,same_as,line,oecd-crs-energy-idn-2022-q-2026-09-28-md-20995250,,,,accepted,exact_oecd_donor_and_project_id,1,1,2026-09-28,scripts/jetp/build_crs_comparators.py,,oecd-crs-energy-idn-2024-q-2026-09-28-md-26395386
same-as-oecd-crs-energy-idn-2024-q-2026-09-28-md-26398751,line,oecd-crs-energy-idn-2024-q-2026-09-28-md-26398751,same_as,line,oecd-crs-energy-idn-2023-q-2026-09-28-md-22304841,,,,accepted,exact_oecd_donor_and_project_id,1,1,2026-09-28,scripts/jetp/build_crs_comparators.py,,oecd-crs-energy-idn-2024-q-2026-09-28-md-26398751
same-as-oecd-crs-energy-idn-2024-q-2026-09-28-md-26836141,line,oecd-crs-energy-idn-2024-q-2026-09-28-md-26836141,same_as,line,oecd-crs-energy-idn-2023-q-2026-09-28-md-22304841,,,,accepted,exact_oecd_donor_and_project_id,1,1,2026-09-28,scripts/jetp/build_crs_comparators.py,,oecd-crs-energy-idn-2024-q-2026-09-28-md-26836141
same-as-oecd-crs-energy-idn-2024-q-2026-09-28-md-26398570,line,oecd-crs-energy-idn-2024-q-2026-09-28-md-26398570,same_as,line,oecd-crs-energy-idn-2023-q-2026-09-28-md-22925094,,,,accepted,exact_oecd_donor_and_project_id,1,1,2026-09-28,scripts/jetp/build_crs_comparators.py,,oecd-crs-energy-idn-2024-q-2026-09-28-md-26398570
same-as-oecd-crs-energy-idn-2024-q-2026-09-28-md-26835960,line,oecd-crs-energy-idn-2024-q-2026-09-28-md-26835960,same_as,line,oecd-crs-energy-idn-2023-q-2026-09-28-md-22925094,,,,accepted,exact_oecd_donor_and_project_id,1,1,2026-09-28,scripts/jetp/build_crs_comparators.py,,oecd-crs-energy-idn-2024-q-2026-09-28-md-26835960
same-as-oecd-crs-energy-idn-2024-q-2026-09-28-md-26261665,line,oecd-crs-energy-idn-2024-q-2026-09-28-md-26261665,same_as,line,oecd-crs-energy-idn-2022-q-2026-09-28-md-21261311,,,,accepted,exact_oecd_donor_and_project_id,1,1,2026-09-28,scripts/jetp/build_crs_comparators.py,,oecd-crs-energy-idn-2024-q-2026-09-28-md-26261665
same-as-oecd-crs-energy-idn-2024-q-2026-09-28-md-26331045,line,oecd-crs-energy-idn-2024-q-2026-09-28-md-26331045,same_as,line,oecd-crs-energy-idn-2022-q-2026-09-28-md-21255981,,,,accepted,exact_oecd_donor_and_project_id,1,1,2026-09-28,scripts/jetp/build_crs_comparators.py,,oecd-crs-energy-idn-2024-q-2026-09-28-md-26331045
same-as-oecd-crs-energy-idn-2024-q-2026-09-28-md-26331044,line,oecd-crs-energy-idn-2024-q-2026-09-28-md-26331044,same_as,line,oecd-crs-energy-idn-2022-q-2026-09-28-md-21255979,,,,accepted,exact_oecd_donor_and_project_id,1,1,2026-09-28,scripts/jetp/build_crs_comparators.py,,oecd-crs-energy-idn-2024-q-2026-09-28-md-26331044
same-as-oecd-crs-energy-idn-2024-q-2026-09-28-md-26224595,line,oecd-crs-energy-idn-2024-q-2026-09-28-md-26224595,same_as,line,oecd-crs-energy-idn-2023-q-2026-09-28-md-22144248,,,,accepted,exact_oecd_donor_and_project_id,1,1,2026-09-28,scripts/jetp/build_crs_comparators.py,,oecd-crs-energy-idn-2024-q-2026-09-28-md-26224595
same-as-oecd-crs-energy-idn-2024-q-2026-09-28-md-26222627,line,oecd-crs-energy-idn-2024-q-2026-09-28-md-26222627,same_as,line,oecd-crs-energy-idn-2021-q-2026-09-28-md-20169921,,,,accepted,exact_oecd_donor_and_project_id,1,1,2026-09-28,scripts/jetp/build_crs_comparators.py,,oecd-crs-energy-idn-2024-q-2026-09-28-md-26222627
same-as-oecd-crs-energy-idn-2024-q-2026-09-28-md-26229293,line,oecd-crs-energy-idn-2024-q-2026-09-28-md-26229293,same_as,line,oecd-crs-energy-idn-2022-q-2026-09-28-md-21821552,,,,accepted,exact_oecd_donor_and_project_id,1,1,2026-09-28,scripts/jetp/build_crs_comparators.py,,oecd-crs-energy-idn-2024-q-2026-09-28-md-26229293
same-as-oecd-crs-energy-idn-2024-q-2026-09-28-md-26229268,line,oecd-crs-energy-idn-2024-q-2026-09-28-md-26229268,same_as,line,oecd-crs-energy-idn-2022-q-2026-09-28-md-21821513,,,,accepted,exact_oecd_donor_and_project_id,1,1,2026-09-28,scripts/jetp/build_crs_comparators.py,,oecd-crs-energy-idn-2024-q-2026-09-28-md-26229268
same-as-oecd-crs-energy-idn-2024-q-2026-09-28-md-26229592,line,oecd-crs-energy-idn-2024-q-2026-09-28-md-26229592,same_as,line,oecd-crs-energy-idn-2022-q-2026-09-28-md-21821773,,,,accepted,exact_oecd_donor_and_project_id,1,1,2026-09-28,scripts/jetp/build_crs_comparators.py,,oecd-crs-energy-idn-2024-q-2026-09-28-md-26229592
same-as-oecd-crs-energy-idn-2024-q-2026-09-28-md-26229255,line,oecd-crs-energy-idn-2024-q-2026-09-28-md-26229255,same_as,line,oecd-crs-energy-idn-2022-q-2026-09-28-md-21821483,,,,accepted,exact_oecd_donor_and_project_id,1,1,2026-09-28,scripts/jetp/build_crs_comparators.py,,oecd-crs-energy-idn-2024-q-2026-09-28-md-26229255
same-as-oecd-crs-energy-idn-2024-q-2026-09-28-md-26229590,line,oecd-crs-energy-idn-2024-q-2026-09-28-md-26229590,same_as,line,oecd-crs-energy-idn-2022-q-2026-09-28-md-21821773,,,,accepted,exact_oecd_donor_and_project_id,1,1,2026-09-28,scripts/jetp/build_crs_comparators.py,,oecd-crs-energy-idn-2024-q-2026-09-28-md-26229590
same-as-oecd-crs-energy-idn-2024-q-2026-09-28-md-26229591,line,oecd-crs-energy-idn-2024-q-2026-09-28-md-26229591,same_as,line,oecd-crs-energy-idn-2022-q-2026-09-28-md-21821773,,,,accepted,exact_oecd_donor_and_project_id,1,1,2026-09-28,scripts/jetp/build_crs_comparators.py,,oecd-crs-energy-idn-2024-q-2026-09-28-md-26229591
same-as-oecd-crs-energy-idn-2024-q-2026-09-28-md-26229294,line,oecd-crs-energy-idn-2024-q-2026-09-28-md-26229294,same_as,line,oecd-crs-energy-idn-2022-q-2026-09-28-md-21821552,,,,accepted,exact_oecd_donor_and_project_id,1,1,2026-09-28,scripts/jetp/build_crs_comparators.py,,oecd-crs-energy-idn-2024-q-2026-09-28-md-26229294
same-as-oecd-crs-energy-idn-2024-q-2026-09-28-md-26712382,line,oecd-crs-energy-idn-2024-q-2026-09-28-md-26712382,same_as,line,oecd-crs-energy-idn-2022-q-2026-09-28-md-21821831,,,,accepted,exact_oecd_donor_and_project_id,1,1,2026-09-28,scripts/jetp/build_crs_comparators.py,,oecd-crs-energy-idn-2024-q-2026-09-28-md-26712382
same-as-oecd-crs-energy-idn-2024-q-2026-09-28-md-26229630,line,oecd-crs-energy-idn-2024-q-2026-09-28-md-26229630,same_as,line,oecd-crs-energy-idn-2022-q-2026-09-28-md-21821831,,,,accepted,exact_oecd_donor_and_project_id,1,1,2026-09-28,scripts/jetp/build_crs_comparators.py,,oecd-crs-energy-idn-2024-q-2026-09-28-md-26229630
same-as-oecd-crs-energy-idn-2024-q-2026-09-28-md-26712384,line,oecd-crs-energy-idn-2024-q-2026-09-28-md-26712384,same_as,line,oecd-crs-energy-idn-2022-q-2026-09-28-md-21821831,,,,accepted,exact_oecd_donor_and_project_id,1,1,2026-09-28,scripts/jetp/build_crs_comparators.py,,oecd-crs-energy-idn-2024-q-2026-09-28-md-26712384
same-as-oecd-crs-energy-idn-2024-q-2026-09-28-md-26229628,line,oecd-crs-energy-idn-2024-q-2026-09-28-md-26229628,same_as,line,oecd-crs-energy-idn-2022-q-2026-09-28-md-21821831,,,,accepted,exact_oecd_donor_and_project_id,1,1,2026-09-28,scripts/jetp/build_crs_comparators.py,,oecd-crs-energy-idn-2024-q-2026-09-28-md-26229628
same-as-oecd-crs-energy-idn-2024-q-2026-09-28-md-26229629,line,oecd-crs-energy-idn-2024-q-2026-09-28-md-26229629,same_as,line,oecd-crs-energy-idn-2022-q-2026-09-28-md-21821831,,,,accepted,exact_oecd_donor_and_project_id,1,1,2026-09-28,scripts/jetp/build_crs_comparators.py,,oecd-crs-energy-idn-2024-q-2026-09-28-md-26229629
same-as-oecd-crs-energy-idn-2024-q-2026-09-28-md-26399921,line,oecd-crs-energy-idn-2024-q-2026-09-28-md-26399921,same_as,line,oecd-crs-energy-idn-2021-q-2026-09-28-md-20748553,,,,accepted,exact_oecd_donor_and_project_id,1,1,2026-09-28,scripts/jetp/build_crs_comparators.py,,oecd-crs-energy-idn-2024-q-2026-09-28-md-26399921
same-as-oecd-crs-energy-idn-2024-q-2026-09-28-md-26337843,line,oecd-crs-energy-idn-2024-q-2026-09-28-md-26337843,same_as,line,oecd-crs-energy-idn-2022-q-2026-09-28-md-21274597,,,,accepted,exact_oecd_donor_and_project_id,1,1,2026-09-28,scripts/jetp/build_crs_comparators.py,,oecd-crs-energy-idn-2024-q-2026-09-28-md-26337843
same-as-oecd-crs-energy-idn-2024-q-2026-09-28-md-26345626,line,oecd-crs-energy-idn-2024-q-2026-09-28-md-26345626,same_as,line,oecd-crs-energy-idn-2022-q-2026-09-28-md-21276416,,,,accepted,exact_oecd_donor_and_project_id,1,1,2026-09-28,scripts/jetp/build_crs_comparators.py,,oecd-crs-energy-idn-2024-q-2026-09-28-md-26345626
same-as-oecd-crs-energy-idn-2024-q-2026-09-28-md-26346485,line,oecd-crs-energy-idn-2024-q-2026-09-28-md-26346485,same_as,line,oecd-crs-energy-idn-2023-q-2026-09-28-md-22224508,,,,accepted,exact_oecd_donor_and_project_id,1,1,2026-09-28,scripts/jetp/build_crs_comparators.py,,oecd-crs-energy-idn-2024-q-2026-09-28-md-26346485
same-as-oecd-crs-energy-idn-2024-q-2026-09-28-md-26345508,line,oecd-crs-energy-idn-2024-q-2026-09-28-md-26345508,same_as,line,oecd-crs-energy-idn-2022-q-2026-09-28-md-21780472,,,,accepted,exact_oecd_donor_and_project_id,1,1,2026-09-28,scripts/jetp/build_crs_comparators.py,,oecd-crs-energy-idn-2024-q-2026-09-28-md-26345508
same-as-oecd-crs-energy-idn-2024-q-2026-09-28-md-26346065,line,oecd-crs-energy-idn-2024-q-2026-09-28-md-26346065,same_as,line,oecd-crs-energy-idn-2023-q-2026-09-28-md-22221301,,,,accepted,exact_oecd_donor_and_project_id,1,1,2026-09-28,scripts/jetp/build_crs_comparators.py,,oecd-crs-energy-idn-2024-q-2026-09-28-md-26346065
same-as-oecd-crs-energy-idn-2024-q-2026-09-28-md-26339043,line,oecd-crs-energy-idn-2024-q-2026-09-28-md-26339043,same_as,line,oecd-crs-energy-idn-2020-q-2026-09-28-md-19795896,,,,accepted,exact_oecd_donor_and_project_id,1,1,2026-09-28,scripts/jetp/build_crs_comparators.py,,oecd-crs-energy-idn-2024-q-2026-09-28-md-26339043
same-as-oecd-crs-energy-idn-2024-q-2026-09-28-md-26466991,line,oecd-crs-energy-idn-2024-q-2026-09-28-md-26466991,same_as,line,oecd-crs-energy-idn-2022-q-2026-09-28-md-21780159,,,,accepted,exact_oecd_donor_and_project_id,1,1,2026-09-28,scripts/jetp/build_crs_comparators.py,,oecd-crs-energy-idn-2024-q-2026-09-28-md-26466991
same-as-oecd-crs-energy-idn-2024-q-2026-09-28-md-26335754,line,oecd-crs-energy-idn-2024-q-2026-09-28-md-26335754,same_as,line,oecd-crs-energy-idn-2023-q-2026-09-28-md-22312723,,,,accepted,exact_oecd_donor_and_project_id,1,1,2026-09-28,scripts/jetp/build_crs_comparators.py,,oecd-crs-energy-idn-2024-q-2026-09-28-md-26335754
same-as-oecd-crs-energy-idn-2024-q-2026-09-28-md-26712383,line,oecd-crs-energy-idn-2024-q-2026-09-28-md-26712383,same_as,line,oecd-crs-energy-idn-2022-q-2026-09-28-md-21821831,,,,accepted,exact_oecd_donor_and_project_id,1,1,2026-09-28,scripts/jetp/build_crs_comparators.py,,oecd-crs-energy-idn-2024-q-2026-09-28-md-26712383
same-as-oecd-crs-energy-idn-2024-q-2026-09-28-md-26281393,line,oecd-crs-energy-idn-2024-q-2026-09-28-md-26281393,same_as,line,oecd-crs-energy-idn-2011-q-2026-09-28-md-4728771,,,,accepted,exact_oecd_donor_and_project_id,1,1,2026-09-28,scripts/jetp/build_crs_comparators.py,,oecd-crs-energy-idn-2024-q-2026-09-28-md-26281393
same-as-oecd-crs-energy-idn-2024-q-2026-09-28-md-26285742,line,oecd-crs-energy-idn-2024-q-2026-09-28-md-26285742,same_as,line,oecd-crs-energy-idn-2015-q-2026-09-28-md-7047455,,,,accepted,exact_oecd_donor_and_project_id,1,1,2026-09-28,scripts/jetp/build_crs_comparators.py,,oecd-crs-energy-idn-2024-q-2026-09-28-md-26285742
same-as-oecd-crs-energy-idn-2024-q-2026-09-28-md-26281392,line,oecd-crs-energy-idn-2024-q-2026-09-28-md-26281392,same_as,line,oecd-crs-energy-idn-2011-q-2026-09-28-md-4728771,,,,accepted,exact_oecd_donor_and_project_id,1,1,2026-09-28,scripts/jetp/build_crs_comparators.py,,oecd-crs-energy-idn-2024-q-2026-09-28-md-26281392
same-as-oecd-crs-energy-idn-2024-q-2026-09-28-md-26219381,line,oecd-crs-energy-idn-2024-q-2026-09-28-md-26219381,same_as,line,oecd-crs-energy-idn-2013-q-2026-09-28-md-6086249,,,,accepted,exact_oecd_donor_and_project_id,1,1,2026-09-28,scripts/jetp/build_crs_comparators.py,,oecd-crs-energy-idn-2024-q-2026-09-28-md-26219381
same-as-oecd-crs-energy-idn-2024-q-2026-09-28-md-26711454,line,oecd-crs-energy-idn-2024-q-2026-09-28-md-26711454,same_as,line,oecd-crs-energy-idn-2013-q-2026-09-28-md-6086249,,,,accepted,exact_oecd_donor_and_project_id,1,1,2026-09-28,scripts/jetp/build_crs_comparators.py,,oecd-crs-energy-idn-2024-q-2026-09-28-md-26711454
same-as-oecd-crs-energy-idn-2024-q-2026-09-28-md-26413255,line,oecd-crs-energy-idn-2024-q-2026-09-28-md-26413255,same_as,line,oecd-crs-energy-idn-2023-q-2026-09-28-md-22286416,,,,accepted,exact_oecd_donor_and_project_id,1,1,2026-09-28,scripts/jetp/build_crs_comparators.py,,oecd-crs-energy-idn-2024-q-2026-09-28-md-26413255
same-as-oecd-crs-energy-idn-2024-q-2026-09-28-md-26401609,line,oecd-crs-energy-idn-2024-q-2026-09-28-md-26401609,same_as,line,oecd-crs-energy-idn-2022-q-2026-09-28-md-21385705,,,,accepted,exact_oecd_donor_and_project_id,1,1,2026-09-28,scripts/jetp/build_crs_comparators.py,,oecd-crs-energy-idn-2024-q-2026-09-28-md-26401609
same-as-oecd-crs-energy-idn-2024-q-2026-09-28-md-26409644,line,oecd-crs-energy-idn-2024-q-2026-09-28-md-26409644,same_as,line,oecd-crs-energy-idn-2020-q-2026-09-28-md-19832634,,,,accepted,exact_oecd_donor_and_project_id,1,1,2026-09-28,scripts/jetp/build_crs_comparators.py,,oecd-crs-energy-idn-2024-q-2026-09-28-md-26409644
same-as-oecd-crs-energy-idn-2024-q-2026-09-28-md-26413402,line,oecd-crs-energy-idn-2024-q-2026-09-28-md-26413402,same_as,line,oecd-crs-energy-idn-2023-q-2026-09-28-md-22895215,,,,accepted,exact_oecd_donor_and_project_id,1,1,2026-09-28,scripts/jetp/build_crs_comparators.py,,oecd-crs-energy-idn-2024-q-2026-09-28-md-26413402
same-as-oecd-crs-energy-idn-2024-q-2026-09-28-md-26413401,line,oecd-crs-energy-idn-2024-q-2026-09-28-md-26413401,same_as,line,oecd-crs-energy-idn-2023-q-2026-09-28-md-22895215,,,,accepted,exact_oecd_donor_and_project_id,1,1,2026-09-28,scripts/jetp/build_crs_comparators.py,,oecd-crs-energy-idn-2024-q-2026-09-28-md-26413401
same-as-oecd-crs-energy-idn-2024-q-2026-09-28-md-26406797,line,oecd-crs-energy-idn-2024-q-2026-09-28-md-26406797,same_as,line,oecd-crs-energy-idn-2017-q-2026-09-28-md-17039117,,,,accepted,exact_oecd_donor_and_project_id,1,1,2026-09-28,scripts/jetp/build_crs_comparators.py,,oecd-crs-energy-idn-2024-q-2026-09-28-md-26406797
same-as-oecd-crs-energy-idn-2024-q-2026-09-28-md-26404780,line,oecd-crs-energy-idn-2024-q-2026-09-28-md-26404780,same_as,line,oecd-crs-energy-idn-2020-q-2026-09-28-md-19350575,,,,accepted,exact_oecd_donor_and_project_id,1,1,2026-09-28,scripts/jetp/build_crs_comparators.py,,oecd-crs-energy-idn-2024-q-2026-09-28-md-26404780
same-as-oecd-crs-energy-idn-2024-q-2026-09-28-md-26404711,line,oecd-crs-energy-idn-2024-q-2026-09-28-md-26404711,same_as,line,oecd-crs-energy-idn-2020-q-2026-09-28-md-19357007,,,,accepted,exact_oecd_donor_and_project_id,1,1,2026-09-28,scripts/jetp/build_crs_comparators.py,,oecd-crs-energy-idn-2024-q-2026-09-28-md-26404711
same-as-oecd-crs-energy-idn-2024-q-2026-09-28-md-26410710,line,oecd-crs-energy-idn-2024-q-2026-09-28-md-26410710,same_as,line,oecd-crs-energy-idn-2020-q-2026-09-28-md-19841825,,,,accepted,exact_oecd_donor_and_project_id,1,1,2026-09-28,scripts/jetp/build_crs_comparators.py,,oecd-crs-energy-idn-2024-q-2026-09-28-md-26410710
same-as-oecd-crs-energy-idn-2024-q-2026-09-28-md-26410708,line,oecd-crs-energy-idn-2024-q-2026-09-28-md-26410708,same_as,line,oecd-crs-energy-idn-2020-q-2026-09-28-md-19829292,,,,accepted,exact_oecd_donor_and_project_id,1,1,2026-09-28,scripts/jetp/build_crs_comparators.py,,oecd-crs-energy-idn-2024-q-2026-09-28-md-26410708
same-as-oecd-crs-energy-idn-2024-q-2026-09-28-md-26410489,line,oecd-crs-energy-idn-2024-q-2026-09-28-md-26410489,same_as,line,oecd-crs-energy-idn-2020-q-2026-09-28-md-19357644,,,,accepted,exact_oecd_donor_and_project_id,1,1,2026-09-28,scripts/jetp/build_crs_comparators.py,,oecd-crs-energy-idn-2024-q-2026-09-28-md-26410489
same-as-oecd-crs-energy-idn-2024-q-2026-09-28-md-26405127,line,oecd-crs-energy-idn-2024-q-2026-09-28-md-26405127,same_as,line,oecd-crs-energy-idn-2022-q-2026-09-28-md-20968038,,,,accepted,exact_oecd_donor_and_project_id,1,1,2026-09-28,scripts/jetp/build_crs_comparators.py,,oecd-crs-energy-idn-2024-q-2026-09-28-md-26405127
same-as-oecd-crs-energy-idn-2024-q-2026-09-28-md-26405129,line,oecd-crs-energy-idn-2024-q-2026-09-28-md-26405129,same_as,line,oecd-crs-energy-idn-2022-q-2026-09-28-md-20968038,,,,accepted,exact_oecd_donor_and_project_id,1,1,2026-09-28,scripts/jetp/build_crs_comparators.py,,oecd-crs-energy-idn-2024-q-2026-09-28-md-26405129
same-as-oecd-crs-energy-idn-2024-q-2026-09-28-md-26402501,line,oecd-crs-energy-idn-2024-q-2026-09-28-md-26402501,same_as,line,oecd-crs-energy-idn-2020-q-2026-09-28-md-19842063,,,,accepted,exact_oecd_donor_and_project_id,1,1,2026-09-28,scripts/jetp/build_crs_comparators.py,,oecd-crs-energy-idn-2024-q-2026-09-28-md-26402501
same-as-oecd-crs-energy-idn-2024-q-2026-09-28-md-26405128,line,oecd-crs-energy-idn-2024-q-2026-09-28-md-26405128,same_as,line,oecd-crs-energy-idn-2022-q-2026-09-28-md-20968038,,,,accepted,exact_oecd_donor_and_project_id,1,1,2026-09-28,scripts/jetp/build_crs_comparators.py,,oecd-crs-energy-idn-2024-q-2026-09-28-md-26405128
same-as-oecd-crs-energy-idn-2024-q-2026-09-28-md-26411161,line,oecd-crs-energy-idn-2024-q-2026-09-28-md-26411161,same_as,line,oecd-crs-energy-idn-2017-q-2026-09-28-md-17038902,,,,accepted,exact_oecd_donor_and_project_id,1,1,2026-09-28,scripts/jetp/build_crs_comparators.py,,oecd-crs-energy-idn-2024-q-2026-09-28-md-26411161
same-as-oecd-crs-energy-idn-2024-q-2026-09-28-md-26407687,line,oecd-crs-energy-idn-2024-q-2026-09-28-md-26407687,same_as,line,oecd-crs-energy-idn-2018-q-2026-09-28-md-17743008,,,,accepted,exact_oecd_donor_and_project_id,1,1,2026-09-28,scripts/jetp/build_crs_comparators.py,,oecd-crs-energy-idn-2024-q-2026-09-28-md-26407687
same-as-oecd-crs-energy-idn-2024-q-2026-09-28-md-26407685,line,oecd-crs-energy-idn-2024-q-2026-09-28-md-26407685,same_as,line,oecd-crs-energy-idn-2015-q-2026-09-28-md-7016820,,,,accepted,exact_oecd_donor_and_project_id,1,1,2026-09-28,scripts/jetp/build_crs_comparators.py,,oecd-crs-energy-idn-2024-q-2026-09-28-md-26407685
same-as-oecd-crs-energy-idn-2024-q-2026-09-28-md-26407941,line,oecd-crs-energy-idn-2024-q-2026-09-28-md-26407941,same_as,line,oecd-crs-energy-idn-2020-q-2026-09-28-md-19352157,,,,accepted,exact_oecd_donor_and_project_id,1,1,2026-09-28,scripts/jetp/build_crs_comparators.py,,oecd-crs-energy-idn-2024-q-2026-09-28-md-26407941
same-as-oecd-crs-energy-idn-2024-q-2026-09-28-md-26407693,line,oecd-crs-energy-idn-2024-q-2026-09-28-md-26407693,same_as,line,oecd-crs-energy-idn-2018-q-2026-09-28-md-17743232,,,,accepted,exact_oecd_donor_and_project_id,1,1,2026-09-28,scripts/jetp/build_crs_comparators.py,,oecd-crs-energy-idn-2024-q-2026-09-28-md-26407693
same-as-oecd-crs-energy-idn-2024-q-2026-09-28-md-26431225,line,oecd-crs-energy-idn-2024-q-2026-09-28-md-26431225,same_as,line,oecd-crs-energy-idn-2021-q-2026-09-28-md-20915937,,,,accepted,exact_oecd_donor_and_project_id,1,1,2026-09-28,scripts/jetp/build_crs_comparators.py,,oecd-crs-energy-idn-2024-q-2026-09-28-md-26431225
same-as-oecd-crs-energy-idn-2024-q-2026-09-28-md-26469681,line,oecd-crs-energy-idn-2024-q-2026-09-28-md-26469681,same_as,line,oecd-crs-energy-idn-2022-q-2026-09-28-md-21255287,,,,accepted,exact_oecd_donor_and_project_id,1,1,2026-09-28,scripts/jetp/build_crs_comparators.py,,oecd-crs-energy-idn-2024-q-2026-09-28-md-26469681
same-as-oecd-crs-energy-idn-2024-q-2026-09-28-md-26316010,line,oecd-crs-energy-idn-2024-q-2026-09-28-md-26316010,same_as,line,oecd-crs-energy-idn-2021-q-2026-09-28-md-20123506,,,,accepted,exact_oecd_donor_and_project_id,1,1,2026-09-28,scripts/jetp/build_crs_comparators.py,,oecd-crs-energy-idn-2024-q-2026-09-28-md-26316010
same-as-oecd-crs-energy-idn-2024-q-2026-09-28-md-26318429,line,oecd-crs-energy-idn-2024-q-2026-09-28-md-26318429,same_as,line,oecd-crs-energy-idn-2021-q-2026-09-28-md-20122087,,,,accepted,exact_oecd_donor_and_project_id,1,1,2026-09-28,scripts/jetp/build_crs_comparators.py,,oecd-crs-energy-idn-2024-q-2026-09-28-md-26318429
same-as-oecd-crs-energy-idn-2024-q-2026-09-28-md-26318467,line,oecd-crs-energy-idn-2024-q-2026-09-28-md-26318467,same_as,line,oecd-crs-energy-idn-2021-q-2026-09-28-md-20122189,,,,accepted,exact_oecd_donor_and_project_id,1,1,2026-09-28,scripts/jetp/build_crs_comparators.py,,oecd-crs-energy-idn-2024-q-2026-09-28-md-26318467
same-as-oecd-crs-energy-idn-2024-q-2026-09-28-md-26413912,line,oecd-crs-energy-idn-2024-q-2026-09-28-md-26413912,same_as,line,oecd-crs-energy-idn-2020-q-2026-09-28-md-19284914,,,,accepted,exact_oecd_donor_and_project_id,1,1,2026-09-28,scripts/jetp/build_crs_comparators.py,,oecd-crs-energy-idn-2024-q-2026-09-28-md-26413912
same-as-oecd-crs-energy-idn-2024-q-2026-09-28-md-26413913,line,oecd-crs-energy-idn-2024-q-2026-09-28-md-26413913,same_as,line,oecd-crs-energy-idn-2020-q-2026-09-28-md-19284914,,,,accepted,exact_oecd_donor_and_project_id,1,1,2026-09-28,scripts/jetp/build_crs_comparators.py,,oecd-crs-energy-idn-2024-q-2026-09-28-md-26413913
same-as-oecd-crs-energy-idn-2024-q-2026-09-28-md-26413881,line,oecd-crs-energy-idn-2024-q-2026-09-28-md-26413881,same_as,line,oecd-crs-energy-idn-2019-q-2026-09-28-md-18962024,,,,accepted,exact_oecd_donor_and_project_id,1,1,2026-09-28,scripts/jetp/build_crs_comparators.py,,oecd-crs-energy-idn-2024-q-2026-09-28-md-26413881
same-as-oecd-crs-energy-idn-2024-q-2026-09-28-md-26844446,line,oecd-crs-energy-idn-2024-q-2026-09-28-md-26844446,same_as,line,oecd-crs-energy-idn-2019-q-2026-09-28-md-18962024,,,,accepted,exact_oecd_donor_and_project_id,1,1,2026-09-28,scripts/jetp/build_crs_comparators.py,,oecd-crs-energy-idn-2024-q-2026-09-28-md-26844446
same-as-oecd-crs-energy-idn-2024-q-2026-09-28-md-26251186,line,oecd-crs-energy-idn-2024-q-2026-09-28-md-26251186,same_as,line,oecd-crs-energy-zaf-2023-q-2026-09-28-md-22730250,,,,accepted,exact_oecd_donor_and_project_id,1,1,2026-09-28,scripts/jetp/build_crs_comparators.py,,oecd-crs-energy-idn-2024-q-2026-09-28-md-26251186
same-as-oecd-crs-energy-idn-2024-q-2026-09-28-md-26251187,line,oecd-crs-energy-idn-2024-q-2026-09-28-md-26251187,same_as,line,oecd-crs-energy-zaf-2023-q-2026-09-28-md-22730250,,,,accepted,exact_oecd_donor_and_project_id,1,1,2026-09-28,scripts/jetp/build_crs_comparators.py,,oecd-crs-energy-idn-2024-q-2026-09-28-md-26251187
same-as-oecd-crs-energy-idn-2024-q-2026-09-28-md-26199610,line,oecd-crs-energy-idn-2024-q-2026-09-28-md-26199610,same_as,line,oecd-crs-energy-idn-2023-q-2026-09-28-md-22767524,,,,accepted,exact_oecd_donor_and_project_id,1,1,2026-09-28,scripts/jetp/build_crs_comparators.py,,oecd-crs-energy-idn-2024-q-2026-09-28-md-26199610
same-as-oecd-crs-energy-idn-2024-q-2026-09-28-md-26199797,line,oecd-crs-energy-idn-2024-q-2026-09-28-md-26199797,same_as,line,oecd-crs-energy-idn-2023-q-2026-09-28-md-22770057,,,,accepted,exact_oecd_donor_and_project_id,1,1,2026-09-28,scripts/jetp/build_crs_comparators.py,,oecd-crs-energy-idn-2024-q-2026-09-28-md-26199797
same-as-oecd-crs-energy-idn-2024-q-2026-09-28-md-26199638,line,oecd-crs-energy-idn-2024-q-2026-09-28-md-26199638,same_as,line,oecd-crs-energy-idn-2023-q-2026-09-28-md-22767524,,,,accepted,exact_oecd_donor_and_project_id,1,1,2026-09-28,scripts/jetp/build_crs_comparators.py,,oecd-crs-energy-idn-2024-q-2026-09-28-md-26199638
same-as-oecd-crs-energy-idn-2024-q-2026-09-28-md-26199640,line,oecd-crs-energy-idn-2024-q-2026-09-28-md-26199640,same_as,line,oecd-crs-energy-idn-2023-q-2026-09-28-md-22767524,,,,accepted,exact_oecd_donor_and_project_id,1,1,2026-09-28,scripts/jetp/build_crs_comparators.py,,oecd-crs-energy-idn-2024-q-2026-09-28-md-26199640
same-as-oecd-crs-energy-idn-2024-q-2026-09-28-md-26689370,line,oecd-crs-energy-idn-2024-q-2026-09-28-md-26689370,same_as,line,oecd-crs-energy-idn-2023-q-2026-09-28-md-22767524,,,,accepted,exact_oecd_donor_and_project_id,1,1,2026-09-28,scripts/jetp/build_crs_comparators.py,,oecd-crs-energy-idn-2024-q-2026-09-28-md-26689370
same-as-oecd-crs-energy-idn-2024-q-2026-09-28-md-26689378,line,oecd-crs-energy-idn-2024-q-2026-09-28-md-26689378,same_as,line,oecd-crs-energy-idn-2023-q-2026-09-28-md-22767524,,,,accepted,exact_oecd_donor_and_project_id,1,1,2026-09-28,scripts/jetp/build_crs_comparators.py,,oecd-crs-energy-idn-2024-q-2026-09-28-md-26689378
same-as-oecd-crs-energy-idn-2024-q-2026-09-28-md-26199631,line,oecd-crs-energy-idn-2024-q-2026-09-28-md-26199631,same_as,line,oecd-crs-energy-idn-2023-q-2026-09-28-md-22767524,,,,accepted,exact_oecd_donor_and_project_id,1,1,2026-09-28,scripts/jetp/build_crs_comparators.py,,oecd-crs-energy-idn-2024-q-2026-09-28-md-26199631
same-as-oecd-crs-energy-idn-2024-q-2026-09-28-md-26689518,line,oecd-crs-energy-idn-2024-q-2026-09-28-md-26689518,same_as,line,oecd-crs-energy-idn-2023-q-2026-09-28-md-22770057,,,,accepted,exact_oecd_donor_and_project_id,1,1,2026-09-28,scripts/jetp/build_crs_comparators.py,,oecd-crs-energy-idn-2024-q-2026-09-28-md-26689518
same-as-oecd-crs-energy-idn-2024-q-2026-09-28-md-26199796,line,oecd-crs-energy-idn-2024-q-2026-09-28-md-26199796,same_as,line,oecd-crs-energy-idn-2023-q-2026-09-28-md-22770057,,,,accepted,exact_oecd_donor_and_project_id,1,1,2026-09-28,scripts/jetp/build_crs_comparators.py,,oecd-crs-energy-idn-2024-q-2026-09-28-md-26199796
same-as-oecd-crs-energy-idn-2024-q-2026-09-28-md-26689519,line,oecd-crs-energy-idn-2024-q-2026-09-28-md-26689519,same_as,line,oecd-crs-energy-idn-2023-q-2026-09-28-md-22770057,,,,accepted,exact_oecd_donor_and_project_id,1,1,2026-09-28,scripts/jetp/build_crs_comparators.py,,oecd-crs-energy-idn-2024-q-2026-09-28-md-26689519
same-as-oecd-crs-energy-idn-2024-q-2026-09-28-md-26689359,line,oecd-crs-energy-idn-2024-q-2026-09-28-md-26689359,same_as,line,oecd-crs-energy-idn-2023-q-2026-09-28-md-22767524,,,,accepted,exact_oecd_donor_and_project_id,1,1,2026-09-28,scripts/jetp/build_crs_comparators.py,,oecd-crs-energy-idn-2024-q-2026-09-28-md-26689359
same-as-oecd-crs-energy-idn-2024-q-2026-09-28-md-26199620,line,oecd-crs-energy-idn-2024-q-2026-09-28-md-26199620,same_as,line,oecd-crs-energy-idn-2023-q-2026-09-28-md-22767524,,,,accepted,exact_oecd_donor_and_project_id,1,1,2026-09-28,scripts/jetp/build_crs_comparators.py,,oecd-crs-energy-idn-2024-q-2026-09-28-md-26199620
same-as-oecd-crs-energy-idn-2024-q-2026-09-28-md-26199611,line,oecd-crs-energy-idn-2024-q-2026-09-28-md-26199611,same_as,line,oecd-crs-energy-idn-2023-q-2026-09-28-md-22767524,,,,accepted,exact_oecd_donor_and_project_id,1,1,2026-09-28,scripts/jetp/build_crs_comparators.py,,oecd-crs-energy-idn-2024-q-2026-09-28-md-26199611
same-as-oecd-crs-energy-idn-2024-q-2026-09-28-md-26199619,line,oecd-crs-energy-idn-2024-q-2026-09-28-md-26199619,same_as,line,oecd-crs-energy-idn-2023-q-2026-09-28-md-22767524,,,,accepted,exact_oecd_donor_and_project_id,1,1,2026-09-28,scripts/jetp/build_crs_comparators.py,,oecd-crs-energy-idn-2024-q-2026-09-28-md-26199619
same-as-oecd-crs-energy-idn-2024-q-2026-09-28-md-26689354,line,oecd-crs-energy-idn-2024-q-2026-09-28-md-26689354,same_as,line,oecd-crs-energy-idn-2023-q-2026-09-28-md-22767524,,,,accepted,exact_oecd_donor_and_project_id,1,1,2026-09-28,scripts/jetp/build_crs_comparators.py,,oecd-crs-energy-idn-2024-q-2026-09-28-md-26689354
same-as-oecd-crs-energy-idn-2024-q-2026-09-28-md-26199633,line,oecd-crs-energy-idn-2024-q-2026-09-28-md-26199633,same_as,line,oecd-crs-energy-idn-2023-q-2026-09-28-md-22767524,,,,accepted,exact_oecd_donor_and_project_id,1,1,2026-09-28,scripts/jetp/build_crs_comparators.py,,oecd-crs-energy-idn-2024-q-2026-09-28-md-26199633
same-as-oecd-crs-energy-idn-2024-q-2026-09-28-md-26689368,line,oecd-crs-energy-idn-2024-q-2026-09-28-md-26689368,same_as,line,oecd-crs-energy-idn-2023-q-2026-09-28-md-22767524,,,,accepted,exact_oecd_donor_and_project_id,1,1,2026-09-28,scripts/jetp/build_crs_comparators.py,,oecd-crs-energy-idn-2024-q-2026-09-28-md-26689368
same-as-oecd-crs-energy-idn-2024-q-2026-09-28-md-26199615,line,oecd-crs-energy-idn-2024-q-2026-09-28-md-26199615,same_as,line,oecd-crs-energy-idn-2023-q-2026-09-28-md-22767524,,,,accepted,exact_oecd_donor_and_project_id,1,1,2026-09-28,scripts/jetp/build_crs_comparators.py,,oecd-crs-energy-idn-2024-q-2026-09-28-md-26199615
same-as-oecd-crs-energy-idn-2024-q-2026-09-28-md-26689363,line,oecd-crs-energy-idn-2024-q-2026-09-28-md-26689363,same_as,line,oecd-crs-energy-idn-2023-q-2026-09-28-md-22767524,,,,accepted,exact_oecd_donor_and_project_id,1,1,2026-09-28,scripts/jetp/build_crs_comparators.py,,oecd-crs-energy-idn-2024-q-2026-09-28-md-26689363
same-as-oecd-crs-energy-idn-2024-q-2026-09-28-md-26689355,line,oecd-crs-energy-idn-2024-q-2026-09-28-md-26689355,same_as,line,oecd-crs-energy-idn-2023-q-2026-09-28-md-22767524,,,,accepted,exact_oecd_donor_and_project_id,1,1,2026-09-28,scripts/jetp/build_crs_comparators.py,,oecd-crs-energy-idn-2024-q-2026-09-28-md-26689355
same-as-oecd-crs-energy-idn-2024-q-2026-09-28-md-26689362,line,oecd-crs-energy-idn-2024-q-2026-09-28-md-26689362,same_as,line,oecd-crs-energy-idn-2023-q-2026-09-28-md-22767524,,,,accepted,exact_oecd_donor_and_project_id,1,1,2026-09-28,scripts/jetp/build_crs_comparators.py,,oecd-crs-energy-idn-2024-q-2026-09-28-md-26689362
same-as-oecd-crs-energy-idn-2024-q-2026-09-28-md-26199614,line,oecd-crs-energy-idn-2024-q-2026-09-28-md-26199614,same_as,line,oecd-crs-energy-idn-2023-q-2026-09-28-md-22767524,,,,accepted,exact_oecd_donor_and_project_id,1,1,2026-09-28,scripts/jetp/build_crs_comparators.py,,oecd-crs-energy-idn-2024-q-2026-09-28-md-26199614
same-as-oecd-crs-energy-idn-2024-q-2026-09-28-md-26689358,line,oecd-crs-energy-idn-2024-q-2026-09-28-md-26689358,same_as,line,oecd-crs-energy-idn-2023-q-2026-09-28-md-22767524,,,,accepted,exact_oecd_donor_and_project_id,1,1,2026-09-28,scripts/jetp/build_crs_comparators.py,,oecd-crs-energy-idn-2024-q-2026-09-28-md-26689358
same-as-oecd-crs-energy-idn-2024-q-2026-09-28-md-26689381,line,oecd-crs-energy-idn-2024-q-2026-09-28-md-26689381,same_as,line,oecd-crs-energy-idn-2023-q-2026-09-28-md-22767524,,,,accepted,exact_oecd_donor_and_project_id,1,1,2026-09-28,scripts/jetp/build_crs_comparators.py,,oecd-crs-energy-idn-2024-q-2026-09-28-md-26689381
same-as-oecd-crs-energy-idn-2024-q-2026-09-28-md-26791400,line,oecd-crs-energy-idn-2024-q-2026-09-28-md-26791400,same_as,line,oecd-crs-energy-idn-2023-q-2026-09-28-md-22312723,,,,accepted,exact_oecd_donor_and_project_id,1,1,2026-09-28,scripts/jetp/build_crs_comparators.py,,oecd-crs-energy-idn-2024-q-2026-09-28-md-26791400
same-as-oecd-crs-energy-idn-2024-q-2026-09-28-md-26879339,line,oecd-crs-energy-idn-2024-q-2026-09-28-md-26879339,same_as,line,oecd-crs-energy-idn-2022-q-2026-09-28-md-21780159,,,,accepted,exact_oecd_donor_and_project_id,1,1,2026-09-28,scripts/jetp/build_crs_comparators.py,,oecd-crs-energy-idn-2024-q-2026-09-28-md-26879339
same-as-oecd-crs-energy-idn-2024-q-2026-09-28-md-26318853,line,oecd-crs-energy-idn-2024-q-2026-09-28-md-26318853,same_as,line,oecd-crs-energy-idn-2022-q-2026-09-28-md-21296955,,,,accepted,exact_oecd_donor_and_project_id,1,1,2026-09-28,scripts/jetp/build_crs_comparators.py,,oecd-crs-energy-idn-2024-q-2026-09-28-md-26318853
same-as-oecd-crs-energy-idn-2024-q-2026-09-28-md-26469682,line,oecd-crs-energy-idn-2024-q-2026-09-28-md-26469682,same_as,line,oecd-crs-energy-idn-2022-q-2026-09-28-md-21255287,,,,accepted,exact_oecd_donor_and_project_id,1,1,2026-09-28,scripts/jetp/build_crs_comparators.py,,oecd-crs-energy-idn-2024-q-2026-09-28-md-26469682
