DATAFLOW,DONOR,RECIPIENT,SECTOR,MEASURE,CHANNEL,MODALITY,FLOW_TYPE,PRICE_BASE,MD_DIM,MD_ID,UNIT_MEASURE,TIME_PERIOD,OBS_VALUE,BASE_PER,OBS_STATUS,UNIT_MULT,DECIMALS,DONOR_AGENCY,OECD_ID,DONOR_PROJECT_ID,REGION,INCOME_GROUP,CHANNELDELIVERY_CODE,CHANNELDELIVERY_NAME,CATEGORY_CODE,CATEGORY_NAME,FINANCETYPE_CODE,FINANCETYPE_NAME,BIMULTI_CODE,SHORT_DESCRIPTION,PROJECT_TITLE,LONG_DESCRIPTION,SDG_FOCUS,GENDER_EQUALITY,ENVIRONMENT,GOVERNANCE,RMNCH,DRR,NUTRITION,DISABILITY,BIODIVERSITY,CLIMATE_MITIGATION,CLIMATE_ADAPTATION,DESERTIFICATION,AMOUNT_TIED,AMOUNT_UNTIED,AMOUNT_PARTIALLY_UNTIED,NATURE_OF_SUBMISSION,PSIFLAG_CODE,PSIFLAG_NAME
OECD.DCD.FSD:DSD_CRS@DF_CRS(1.6),9OTH013,VNM,23183,11,40000,C01,D,Q,DD,26299596,USD,2024,0.015972,2024,A,6,6,Green Growth Planning and Implementation,2024000069,VN07,Far East Asia,LMICs,40000,Global Green Growth Institute,10,ODA,110,Standard grant,4,ENERGY CONSERVATION AND DEMAND-SIDE EFFICIENCY,Accelerating Innovations for Energy Efficiency Initiative,"Viet Nam is one of the most energy-intensive countries in East Asia. To support the Viet Nam - National Energy Efficiency Program (VNEEP3) which was set up by the government of Viet Nam to address this challenge  the European Union Delegation to Vietnam (EUD) and GGGI kicked off the &ldquo,Accelerating Innovative Start-ups for Energy Efficiency&rdquo, (AIS4EE) program in 2022. The project focuses on accelerating innovation and market development of the energy efficiency (EE) sector  with the following key components:&middot, Increasing investments in innovative business solutions to start-ups in EE for industry  transportation  and green building through the implementation of an acceleration program.&middot,  Improving innovative ecosystem for start-ups in energy efficiency in the long term through (i) training of trainers and building a network of start-up ecosystem stakeholders in energy efficiency, (ii) capacity building for potential EE start-up founders and investors and (iii) raising awareness for the public at large.",7.3;13.2,0,,,,,,,,,,,,,,1,,
OECD.DCD.FSD:DSD_CRS@DF_CRS(1.6),5ASDB01,VNM,23230,14,60000,C01,D,Q,DD,26458133,USD,2024,3,2024,A,6,6,Asian Development Bank,2024004574,LN4329-VIE,Far East Asia,LMICs,60000,Private Sector Institutions,21,Non-export credit OOF,421,Standard loan,4,GREENYELLOW SMART SOLUTIONS ROOFTOP SOLAR PROJECT,GreenYellow Smart Solutions Rooftop Solar Project,"The project entails the development of 45 solar photovoltaic systems located on the premises of large commercial and industrial consumers throughout Viet Nam, with a total installed capacity of 32.3 megawatts. Rooftop solar is an emerging form of renewable energy supply that has the potential to meet a significant portion of Vietnam's future energy needs and clean energy targets. The project will unlock significant growth potential for rooftop solar business in Viet Nam where local bank financing is not yet readily accessible for these projects. The project will also strengthen the institutional capacity of the Borrower to integrate gender-inclusive work practices and promote greater participation of women in the renewable energy industry.",7.1;5.1;17;13.a,1,,,,,,,,,,,,,,3,,
OECD.DCD.FSD:DSD_CRS@DF_CRS(1.6),5ASDB01,VNM,23110,11,10000,D02,D,Q,DD,26460352,USD,2024,0.007899,2024,A,6,6,Technical Assistance Special Fund (TASF),2024001806,TA10268-VIE,Far East Asia,LMICs,10000,Recipient Government,10,ODA,110,Standard grant,4,"ENHANCING EVIDENCE-BASED ECONOMIC MANAGEMENT CAPABILITY FOR SUSTAINABLE, INCLUSIVE, AND RESILIENT DEVELOPMENT","Enhancing Evidence-Based Economic Management Capability for Sustainable, Inclusive, and Resilient Development","The TA aims to enhance the Government of Viet Nam (GoV)?s evidence-based economic management capability including macroeconomic monitoring, planning and execution of public investment and external financing, and sector policies? formulation. The TA responds to requests by the GoV for near-and medium- term support on various economic management issues. ADB will serve as the TA executing agency, drawing on expertise of relevant bank staff through a OneADB team, while relevant government ministries, provinces and institutions will serve as implementing agencies for specific outputs as appropriate.",9.1;8.3;7.2;17.3;17.17;13.2,1,,,,,,,,,,,,,,3,,
OECD.DCD.FSD:DSD_CRS@DF_CRS(1.6),4EU001,VNM,23110,11,10000,A02,D,Q,DD,26301118,USD,2024,0.282042,2024,A,6,6,European Commission,2020000151903,PC-23770,Far East Asia,LMICs,10000,Central Government (recipient govt.),10,ODA,110,Standard grant,1,"IEEP - ACCELERATING ENERGY EFFICIENCY IN LARGER INDUSTRIES THROUGH ENERGY MANAGEMENT SYSTEMS, SYSTEM OPTIMIZATION AND THE PROMOTION AND ADOPTION OF EN","IEEP - Accelerating energy efficiency in larger industries through energy management systems, system optimization and the promotion and adoption of en","The overall objective of this project is to promote and stimulate market demand and increase the adoption of energy efficiency practices by industry (including large energy consumers - Designated Industrial Enterprises (DEUs) - and Small and Medium-sized Enterprises (SMEs) for greater energy performance, reduced carbon footprint, and enhanced productivity and competitiveness. The project in in line with the set targets and overarching objective outlined in the VNEEP3.",7;13,0,2,1,0,0,0,0,0,2,0,0,0.000000,0.000000,0.000000,3,,
OECD.DCD.FSD:DSD_CRS@DF_CRS(1.6),4EU001,VNM,23183,11,10000,A02,D,Q,DD,26301087,USD,2024,8.111616,2024,A,6,6,European Commission,2020000151001,PCC-429583,Far East Asia,LMICs,10000,Central Government (recipient govt.),10,ODA,110,Standard grant,1,SECTOR REFORM PERFORMANCE CONTRACT OF THE EU - VIET NAM SUSTAINABLE ENERGY TRANSITION PROGRAMME,Sector Reform Performance Contract of the EU - Viet Nam Sustainable Energy Transition Programme,"Building on the Energy Sector Policy Support Programme to enhance Access to Sustainable Energy in Rural Areas of Viet Nam, this action aims at contributing to a sustainable energy transition in Viet Nam. Its specific objectives are:  1.Improved energy efficiency   2.Larger share of renewable energy in the energy mix   3.Improved performance of the Viet Nam Energy Information System (VEIS).",7;13,0,2,1,0,0,0,0,0,2,0,0,0.000000,0.000000,0.000000,3,,
OECD.DCD.FSD:DSD_CRS@DF_CRS(1.6),4EU001,VNM,23183,11,10000,A02,D,Q,DD,26301122,USD,2024,0.987147,2024,A,6,6,European Commission,2020000151903,PC-23770,Far East Asia,LMICs,10000,Central Government (recipient govt.),10,ODA,110,Standard grant,1,"IEEP - ACCELERATING ENERGY EFFICIENCY IN LARGER INDUSTRIES THROUGH ENERGY MANAGEMENT SYSTEMS, SYSTEM OPTIMIZATION AND THE PROMOTION AND ADOPTION OF EN","IEEP - Accelerating energy efficiency in larger industries through energy management systems, system optimization and the promotion and adoption of en","The overall objective of this project is to promote and stimulate market demand and increase the adoption of energy efficiency practices by industry (including large energy consumers - Designated Industrial Enterprises (DEUs) - and Small and Medium-sized Enterprises (SMEs) for greater energy performance, reduced carbon footprint, and enhanced productivity and competitiveness. The project in in line with the set targets and overarching objective outlined in the VNEEP3.",7;13,0,2,1,0,0,0,0,0,2,0,0,0.000000,0.000000,0.000000,3,,
OECD.DCD.FSD:DSD_CRS@DF_CRS(1.6),4EU001,VNM,23110,11,10000,A02,D,Q,DD,26301086,USD,2024,1.622323,2024,A,6,6,European Commission,2020000151001,PCC-429583,Far East Asia,LMICs,10000,Central Government (recipient govt.),10,ODA,110,Standard grant,1,SECTOR REFORM PERFORMANCE CONTRACT OF THE EU - VIET NAM SUSTAINABLE ENERGY TRANSITION PROGRAMME,Sector Reform Performance Contract of the EU - Viet Nam Sustainable Energy Transition Programme,"Building on the Energy Sector Policy Support Programme to enhance Access to Sustainable Energy in Rural Areas of Viet Nam, this action aims at contributing to a sustainable energy transition in Viet Nam. Its specific objectives are:  1.Improved energy efficiency   2.Larger share of renewable energy in the energy mix   3.Improved performance of the Viet Nam Energy Information System (VEIS).",7;13,0,2,1,0,0,0,0,0,2,0,0,0.000000,0.000000,0.000000,3,,
OECD.DCD.FSD:DSD_CRS@DF_CRS(1.6),4EU001,VNM,23210,11,10000,A02,D,Q,DD,26301112,USD,2024,0.339939,2024,A,6,6,European Commission,2020000151003,PCC-428966,Far East Asia,LMICs,10000,Central Government (recipient govt.),10,ODA,110,Standard grant,1,ACCELERATING INNOVATIVE START-UPS FOR ENERGY EFFICIENCY (AIS4EE),Accelerating Innovative Start-ups for Energy Efficiency (AIS4EE),"In line with VNEEP 3 and the National Green Growth Strategy (VGGS), the project aims to improve energy efficiency of industry, transportation, and green building sectors in Vietnam. Outcome 1: Increased investments in innovative business solutions in energy efficiency for industry, transportation, and green building sectors in Viet Nam  Outcome 2: Enhanced policy framework for innovative start-ups in energy efficiency  Outcome 3: Improved innovative ecosystem for energy efficiency start-ups.",7;13,0,2,1,0,0,0,0,0,2,0,0,0.000000,0.000000,0.000000,3,,
OECD.DCD.FSD:DSD_CRS@DF_CRS(1.6),4EU001,VNM,23210,11,10000,A02,D,Q,DD,26301127,USD,2024,0.141021,2024,A,6,6,European Commission,2020000151903,PC-23770,Far East Asia,LMICs,10000,Central Government (recipient govt.),10,ODA,110,Standard grant,1,"IEEP - ACCELERATING ENERGY EFFICIENCY IN LARGER INDUSTRIES THROUGH ENERGY MANAGEMENT SYSTEMS, SYSTEM OPTIMIZATION AND THE PROMOTION AND ADOPTION OF EN","IEEP - Accelerating energy efficiency in larger industries through energy management systems, system optimization and the promotion and adoption of en","The overall objective of this project is to promote and stimulate market demand and increase the adoption of energy efficiency practices by industry (including large energy consumers - Designated Industrial Enterprises (DEUs) - and Small and Medium-sized Enterprises (SMEs) for greater energy performance, reduced carbon footprint, and enhanced productivity and competitiveness. The project in in line with the set targets and overarching objective outlined in the VNEEP3.",7;13,0,2,1,0,0,0,0,0,2,0,0,0.000000,0.000000,0.000000,3,,
OECD.DCD.FSD:DSD_CRS@DF_CRS(1.6),4EU001,VNM,23210,11,10000,A02,D,Q,DD,26301089,USD,2024,6.489293,2024,A,6,6,European Commission,2020000151001,PCC-429583,Far East Asia,LMICs,10000,Central Government (recipient govt.),10,ODA,110,Standard grant,1,SECTOR REFORM PERFORMANCE CONTRACT OF THE EU - VIET NAM SUSTAINABLE ENERGY TRANSITION PROGRAMME,Sector Reform Performance Contract of the EU - Viet Nam Sustainable Energy Transition Programme,"Building on the Energy Sector Policy Support Programme to enhance Access to Sustainable Energy in Rural Areas of Viet Nam, this action aims at contributing to a sustainable energy transition in Viet Nam. Its specific objectives are:  1.Improved energy efficiency   2.Larger share of renewable energy in the energy mix   3.Improved performance of the Viet Nam Energy Information System (VEIS).",7;13,0,2,1,0,0,0,0,0,2,0,0,0.000000,0.000000,0.000000,3,,
OECD.DCD.FSD:DSD_CRS@DF_CRS(1.6),4EU001,VNM,23183,11,10000,A02,D,Q,DD,26301109,USD,2024,0.424924,2024,A,6,6,European Commission,2020000151003,PCC-428966,Far East Asia,LMICs,10000,Central Government (recipient govt.),10,ODA,110,Standard grant,1,ACCELERATING INNOVATIVE START-UPS FOR ENERGY EFFICIENCY (AIS4EE),Accelerating Innovative Start-ups for Energy Efficiency (AIS4EE),"In line with VNEEP 3 and the National Green Growth Strategy (VGGS), the project aims to improve energy efficiency of industry, transportation, and green building sectors in Vietnam. Outcome 1: Increased investments in innovative business solutions in energy efficiency for industry, transportation, and green building sectors in Viet Nam  Outcome 2: Enhanced policy framework for innovative start-ups in energy efficiency  Outcome 3: Improved innovative ecosystem for energy efficiency start-ups.",7;13,0,2,1,0,0,0,0,0,2,0,0,0.000000,0.000000,0.000000,3,,
OECD.DCD.FSD:DSD_CRS@DF_CRS(1.6),4EU001,VNM,23110,11,10000,A02,D,Q,DD,26301108,USD,2024,0.084985,2024,A,6,6,European Commission,2020000151003,PCC-428966,Far East Asia,LMICs,10000,Central Government (recipient govt.),10,ODA,110,Standard grant,1,ACCELERATING INNOVATIVE START-UPS FOR ENERGY EFFICIENCY (AIS4EE),Accelerating Innovative Start-ups for Energy Efficiency (AIS4EE),"In line with VNEEP 3 and the National Green Growth Strategy (VGGS), the project aims to improve energy efficiency of industry, transportation, and green building sectors in Vietnam. Outcome 1: Increased investments in innovative business solutions in energy efficiency for industry, transportation, and green building sectors in Viet Nam  Outcome 2: Enhanced policy framework for innovative start-ups in energy efficiency  Outcome 3: Improved innovative ecosystem for energy efficiency start-ups.",7;13,0,2,1,0,0,0,0,0,2,0,0,0.000000,0.000000,0.000000,3,,
OECD.DCD.FSD:DSD_CRS@DF_CRS(1.6),4EU001,VNM,23350,11,60000,C01,D,Q,DD,26307081,USD,2024,0.020376,2024,A,6,6,European Commission,2021000329904,PC-15361,Far East Asia,LMICs,60000,Private sector in provider country,10,ODA,110,Standard grant,1,EXPENDITURE VERIFICATION TO DELEGATION AGREEMENT 2017/393-941,Expenditure Verification to Delegation Agreement 2017/393-941,Vietnam Annual Verification Plan 2022 - Expenditure Verification to Delegation Agreement 2017/393-941 GIZ,7;5;17,1,1,2,0,0,0,1,0,1,1,0,0.000000,0.000000,0.000000,3,,
OECD.DCD.FSD:DSD_CRS@DF_CRS(1.6),4EU001,VNM,23210,11,60000,C01,D,Q,DD,26301106,USD,2024,0.352334,2024,A,6,6,European Commission,2020000151002,PCC-431806,Far East Asia,LMICs,60000,Private sector in provider country,10,ODA,110,Standard grant,1,EU - VIET NAM SUSTAINABLE ENERGY TRANSITION FACILITY (THE EVSET FACILITY),EU - Viet Nam Sustainable Energy Transition Facility (the EVSET Facility),The EVSET Facility is one of the four complementary measures of the EU Viet Nam Sustainable Energy Transition Programme (SETP). Its overall objective is to provide technical assistance to the SETP and to the EU support to the energy sector in Viet Nam. The Facility will contribute to the SETP objectives of (i) improved energy efficiency  (ii) a larger share of renewable energy in the energy mix  and (iii) improved performance of the Viet Nam Energy Information System.,7;13,0,2,1,0,0,0,0,0,2,0,0,0.000000,0.000000,0.000000,3,,
OECD.DCD.FSD:DSD_CRS@DF_CRS(1.6),4EU001,VNM,23110,11,60000,C01,D,Q,DD,26301090,USD,2024,0.088083,2024,A,6,6,European Commission,2020000151002,PCC-431806,Far East Asia,LMICs,60000,Private sector in provider country,10,ODA,110,Standard grant,1,EU - VIET NAM SUSTAINABLE ENERGY TRANSITION FACILITY (THE EVSET FACILITY),EU - Viet Nam Sustainable Energy Transition Facility (the EVSET Facility),The EVSET Facility is one of the four complementary measures of the EU Viet Nam Sustainable Energy Transition Programme (SETP). Its overall objective is to provide technical assistance to the SETP and to the EU support to the energy sector in Viet Nam. The Facility will contribute to the SETP objectives of (i) improved energy efficiency  (ii) a larger share of renewable energy in the energy mix  and (iii) improved performance of the Viet Nam Energy Information System.,7;13,0,2,1,0,0,0,0,0,2,0,0,0.000000,0.000000,0.000000,3,,
OECD.DCD.FSD:DSD_CRS@DF_CRS(1.6),4EU001,VNM,23183,11,60000,C01,D,Q,DD,26301099,USD,2024,0.440417,2024,A,6,6,European Commission,2020000151002,PCC-431806,Far East Asia,LMICs,60000,Private sector in provider country,10,ODA,110,Standard grant,1,EU - VIET NAM SUSTAINABLE ENERGY TRANSITION FACILITY (THE EVSET FACILITY),EU - Viet Nam Sustainable Energy Transition Facility (the EVSET Facility),The EVSET Facility is one of the four complementary measures of the EU Viet Nam Sustainable Energy Transition Programme (SETP). Its overall objective is to provide technical assistance to the SETP and to the EU support to the energy sector in Viet Nam. The Facility will contribute to the SETP objectives of (i) improved energy efficiency  (ii) a larger share of renewable energy in the energy mix  and (iii) improved performance of the Viet Nam Energy Information System.,7;13,0,2,1,0,0,0,0,0,2,0,0,0.000000,0.000000,0.000000,3,,
OECD.DCD.FSD:DSD_CRS@DF_CRS(1.6),4EU001,VNM,23110,11,40000,C01,C,Q,DD,26767961,USD,2024,1.081549,2024,A,6,6,European Commission,2024604813,ACT-62629,Far East Asia,LMICs,40000,United Nations Development Programme ,10,ODA,110,Standard grant,1,SUPPORT TO THE VJETP SECRETARIAT,Support to the VJETP Secretariat,"The Overall Objective of this action is to provide assistance to the Viet Nam Just Energy Transition Partnership Secretariat and its 4 Working Groups towards implementation of the JETP Political Declaration and the JETP Resource Mobilisation Plan.The Specific Objectives of this action are to: 1.Enable the effective operation of the JETP Secretariat and its four Working Groups,2.Provide support to strengthen policy reforms and provide technical assistance to project development.The Action will achieve the specific objectives by strengthening planning and coordination of the JETP Secretariat and its 4 working Groups  increasing stakeholder engagement and awareness of JETP  and enhancing monitoring, evaluation and reporting on progress of JETP. Moreover, support will be given for enhancing policy review and adopting progressive regulations for accelerating JETP implementation  and for strengthening technical advice and guidance to key stakeholders for RMP investments.",8;7;13,0,2,1,0,0,0,0,0,2,0,0,0.000000,0.000000,1.081500,1,,
OECD.DCD.FSD:DSD_CRS@DF_CRS(1.6),9OTH022,VNM,23230,14,60000,C01,C,Q,DD,26680142,USD,2024,20,2024,A,6,6,Emerging Africa Infrastructure Fund,2024000185,841,Far East Asia,LMICs,60000,Private sector in recipient country,21,Non-export credit OOF,421,Standard loan,4,SOLAR ENERGY FOR CENTRALISED GRIDS,Project Helios,Project Helios,7.a;7.2;7.1;13.a,0,,,,,,0,0,2,0,,,,,1,,
OECD.DCD.FSD:DSD_CRS@DF_CRS(1.6),USA,VNM,23110,11,60000,C01,D,Q,DD,26351958,USD,2024,0.984712,2024,A,6,6,Agency for International Development,2024024127,76_71414,Far East Asia,LMICs,60000,Private sector in provider country,10,ODA,110,Standard grant,1,USAID VIETNAM URBAN ENERGY SECURITY ACTIVITY (TASK ORDER UNDER USAID RESILIENT CITIES ASIA,USAID Vietnam Urban Energy Security Activity (Task Order under USAID Resilient Cities Asia,"The Vietnam Urban Energy Security (VUES) is a 4-year, USAID funded activity that addresses the problems of growing energy demand and air pollution from large coal projects and current urban energy practices in Vietnam. The activity supports cities to take advantage of 1) the technological advancements and cost reductions of advanced, distributed energy solutions such as rooftop solar, battery storage, and demand response, 2) cleaner forms of transport, 3) energy efficiency and modern energy technologies for municipal services (such as LED street lighting, super-efficient air conditioners, etc.), and 4) business opportunities for local entrepreneurs in deploying distributed energy systems and services.",,0,0,0,0,0,0,,0,0,0,,,,,3,,
OECD.DCD.FSD:DSD_CRS@DF_CRS(1.6),USA,VNM,23630,11,60000,D02,D,Q,DD,26365121,USD,2024,0.327271,2024,A,6,6,Trade and Development Agency,2024012726,70_9967,Far East Asia,LMICs,60000,Private sector in provider country,10,ODA,110,Standard grant,1,"TECHNICAL ASSISTANCE - INFORMATION TECHNOLOGY ROADMAP 2.0 TECHNICAL ASSISTANCE, THROUGH ACTIONABLE STRATEGIES, LLC","Technical Assistance - Information Technology Roadmap 2.0 Technical Assistance, through Actionable Strategies, LLC",This grant funds a technical assistance for the National Power Transmission Corporation of Vietnam (EVNNPT) to modernize its IT systems. This technical assistance will help EVNNPT to develop a new enterprise architecture and IT roadmap to lead its deployment of modern smart grid technologies to meet the rapidly growing power transmission demand in Vietnam.,,0,2,0,0,0,0,,0,2,0,,,,,3,,
OECD.DCD.FSD:DSD_CRS@DF_CRS(1.6),5WB002,VNM,23230,13,10000,C01,D,Q,DD,26384310,USD,2024,0.312279,2024,A,6,6,IDA,2016015602,P154387.IDA58870.crs1,Far East Asia,LMICs,10000,Recipient Government,10,ODA,421,Standard loan,4,VIETNAM: PROJECT FOR IMPROVED LAND GOVERNANCE AND DATABASES (VILG),Vietnam: Project for Improved Land Governance and Databases (VILG),,,,,,,,,,,,,,,,,3,,
OECD.DCD.FSD:DSD_CRS@DF_CRS(1.6),5WB002,VNM,23110,13,10000,A02,D,Q,DD,26387485,USD,2024,28.953191,2024,A,6,6,IDA,2023025563,P181146.IDA73670.crs5,Far East Asia,LMICs,10000,Recipient Government,10,ODA,421,Standard loan,4,VIETNAM INCLUSIVE AND SUSTAINABLE RECOVERY DPF (2ND OPERATION),Vietnam inclusive and sustainable recovery DPF (2nd Operation),,,,,,,,,,,,,,,,,3,,
OECD.DCD.FSD:DSD_CRS@DF_CRS(1.6),GBR,VNM,23210,11,60000,D02,D,Q,DD,26398750,USD,2024,0.175943,2024,A,6,6,"Department for Business, Innovation and Skills",2023003074,ISPF-IUK-2BC54TT-4PCSDLJ-CU5JKUT,Far East Asia,LMICs,60000,Private sector in provider country,10,ODA,110,Standard grant,1,VIETNAMESE-FARM-CLEAN-MICROGRID,VIETNAMESE-FARM-CLEAN-MICROGRID,"The project named as CLEANGRID (VIETNAMESE-FARM-CLEAN-MICROGRID) studies feasibility of a microgrid system with clean/renewable energy sources including PV, treated biogas generator, and secondary life battery as energy storage for Vietnamese agriculture (pig) farm.The project target is to provide an affordable, reliable, and clean energy solution to Vietnamese agriculture farm whilst mitigate the environmental pollution from farm waste and unreliable/off-grid power supply with good return of investment.The beneficiaries of the project are both the farm workforces/owner and the neighbor community where often locates in poor rural/remote/distant area with unreliable/off-grid power supply. With low-cost and mobile energy for basic appliances such as lighting, cooking, water-pump, communication, internet access, the project will address both gender and social inclusion as well as encourage equality.Livestock sector plays an important role in Vietnamese agriculture with 73% meat production is pork (26.7milion pig-head for 2014) and 70% pig-head (60% pork product) are from smallholder/householder farms (WB report). To mitigate this environmental issue from animal waste, waste process via anaerobic digestion for biogas generation and then using on cooking and power generation is often considered. Therefore, an affordable purification biogas process to improve the in-site cooking and power generation efficiency as well as reducing erosion issue on appliances is one major part of the project. The treatment is based on waste material (bentonite) from Vietnamese local mining and therefore, a cost-effective approach. The cooking via biogas could change the wood cooking behavior in the distant area leading to reduction of pollution/deforestation.As a tropical country, Vietnam has high-potential on solar power. However, for any microgrid system, energy storage is highly expensive. For cost-effective, energy storage system using secondary life battery from electric bike/vehicle in Vietnamese market is another topic of interests of the project. Also, a microgrid control system for maximizing energy conversion efficiency and minimizing energy consumption is essential.The battery and DC/AC inverter modules are designed and developed in such a way that it is detachable as a mobile module for distant/remote area where electricity system is unavailable for community service such as water-pump.To facilitate the scale-up of the microgrid system concept with different power levels and more renewable energy power integration such as biomass power generation, wind-turbine..., an energy conversion loss model for microgrid system is developed and validated via in-lab test. Also, a business model including investment cost, performance cost, return on investment, and potential CO2 capture/reduction is developed.",,0,2,,0,0,0,0,0,2,0,0,0.000000,0.175900,0.000000,3,,
OECD.DCD.FSD:DSD_CRS@DF_CRS(1.6),GBR,VNM,23210,11,60000,D02,C,Q,DD,26836140,USD,2024,0.175943,2024,A,6,6,"Department for Business, Innovation and Skills",2023003074,ISPF-IUK-2BC54TT-4PCSDLJ-CU5JKUT,Far East Asia,LMICs,60000,Private sector in provider country,10,ODA,110,Standard grant,1,VIETNAMESE-FARM-CLEAN-MICROGRID,VIETNAMESE-FARM-CLEAN-MICROGRID,"The project named as CLEANGRID (VIETNAMESE-FARM-CLEAN-MICROGRID) studies feasibility of a microgrid system with clean/renewable energy sources including PV, treated biogas generator, and secondary life battery as energy storage for Vietnamese agriculture (pig) farm.The project target is to provide an affordable, reliable, and clean energy solution to Vietnamese agriculture farm whilst mitigate the environmental pollution from farm waste and unreliable/off-grid power supply with good return of investment.The beneficiaries of the project are both the farm workforces/owner and the neighbor community where often locates in poor rural/remote/distant area with unreliable/off-grid power supply. With low-cost and mobile energy for basic appliances such as lighting, cooking, water-pump, communication, internet access, the project will address both gender and social inclusion as well as encourage equality.Livestock sector plays an important role in Vietnamese agriculture with 73% meat production is pork (26.7milion pig-head for 2014) and 70% pig-head (60% pork product) are from smallholder/householder farms (WB report). To mitigate this environmental issue from animal waste, waste process via anaerobic digestion for biogas generation and then using on cooking and power generation is often considered. Therefore, an affordable purification biogas process to improve the in-site cooking and power generation efficiency as well as reducing erosion issue on appliances is one major part of the project. The treatment is based on waste material (bentonite) from Vietnamese local mining and therefore, a cost-effective approach. The cooking via biogas could change the wood cooking behavior in the distant area leading to reduction of pollution/deforestation.As a tropical country, Vietnam has high-potential on solar power. However, for any microgrid system, energy storage is highly expensive. For cost-effective, energy storage system using secondary life battery from electric bike/vehicle in Vietnamese market is another topic of interests of the project. Also, a microgrid control system for maximizing energy conversion efficiency and minimizing energy consumption is essential.The battery and DC/AC inverter modules are designed and developed in such a way that it is detachable as a mobile module for distant/remote area where electricity system is unavailable for community service such as water-pump.To facilitate the scale-up of the microgrid system concept with different power levels and more renewable energy power integration such as biomass power generation, wind-turbine..., an energy conversion loss model for microgrid system is developed and validated via in-lab test. Also, a business model including investment cost, performance cost, return on investment, and potential CO2 capture/reduction is developed.",,0,2,,0,0,0,0,0,2,0,0,0.000000,0.175900,0.000000,3,,
OECD.DCD.FSD:DSD_CRS@DF_CRS(1.6),9PRIV1644,VNM,23210,30,60000,C01,C,Q,DD,26706034,USD,2024,0.3,2024,A,6,6,Botnar Foundation,2024000038,202400038,Far East Asia,LMICs,60000,Private Sector Institutions,30,Private Development Finance,510,Common equity,6,PROMOTING CLEAN ENERGY TRANSITION: EV CHARGING INFRASTRUCTURE PROMOTING THE USE OF EVS,Fondation Botnar Venture Philanthropy Strategy,Promoting clean energy transition: EV charging infrastructure promoting the use of Evs,17.3,0,,,,,,0,0,2,0,,,,,8,,
OECD.DCD.FSD:DSD_CRS@DF_CRS(1.6),9PRIV1644,VNM,23210,30,60000,C01,D,Q,DD,26224231,USD,2024,0.3,2024,A,6,6,Botnar Foundation,2024000038,202400038,Far East Asia,LMICs,60000,Private Sector Institutions,30,Private Development Finance,510,Common equity,6,PROMOTING CLEAN ENERGY TRANSITION: EV CHARGING INFRASTRUCTURE PROMOTING THE USE OF EVS,Fondation Botnar Venture Philanthropy Strategy,Promoting clean energy transition: EV charging infrastructure promoting the use of Evs,17.3,0,,,,,,0,0,2,0,,,,,8,,
OECD.DCD.FSD:DSD_CRS@DF_CRS(1.6),SWE,VNM,23210,11,10000,C01,D,Q,DD,26331026,USD,2024,0.038052,2024,A,6,6,SwedFund,2020221232A,68026,Far East Asia,LMICs,10000,Public corporations (recipient govt.),10,ODA,110,Standard grant,1,ENERGI VIETNAM I,Energi Vietnam I,"Aim  to increase the availability of renewable energy thereby stimulating job creation and reduce CO2 emissions, creating a more efficient and stable electricity grid in Vietnam.",7.2;7.1;13.2;13.1,0,2,0,0,0,,,0,2,0,0,0.000000,0.000000,0.000000,3,,
OECD.DCD.FSD:DSD_CRS@DF_CRS(1.6),9OTH013,VNM,23183,11,40000,C01,C,Q,DD,26764559,USD,2024,0.016118,2024,A,6,6,Green Growth Planning and Implementation,2024000069,VN07,Far East Asia,LMICs,40000,Global Green Growth Institute,10,ODA,110,Standard grant,4,ENERGY CONSERVATION AND DEMAND-SIDE EFFICIENCY,Accelerating Innovations for Energy Efficiency Initiative,"Viet Nam is one of the most energy-intensive countries in East Asia. To support the Viet Nam - National Energy Efficiency Program (VNEEP3) which was set up by the government of Viet Nam to address this challenge  the European Union Delegation to Vietnam (EUD) and GGGI kicked off the &ldquo,Accelerating Innovative Start-ups for Energy Efficiency&rdquo, (AIS4EE) program in 2022. The project focuses on accelerating innovation and market development of the energy efficiency (EE) sector  with the following key components:&middot, Increasing investments in innovative business solutions to start-ups in EE for industry  transportation  and green building through the implementation of an acceleration program.&middot,  Improving innovative ecosystem for start-ups in energy efficiency in the long term through (i) training of trainers and building a network of start-up ecosystem stakeholders in energy efficiency, (ii) capacity building for potential EE start-up founders and investors and (iii) raising awareness for the public at large.",7.3;13.2,0,,,,,,,,,,,,,,1,,
OECD.DCD.FSD:DSD_CRS@DF_CRS(1.6),1UN014,VNM,23210,11,40000,C01,D,Q,DD,26447358,USD,2024,0.028753,2024,A,6,6,UNDP,2024001084,128140,Far East Asia,LMICs,40000,United Nations Development Programme ,10,ODA,110,Standard grant,4,UN HUMAN RIGHTS STANDARDS-UNDP-VNM-00128140,UN Human Rights Standards-UNDP-VNM-00128140,Fostering an Enabling Environment for the Implementation of UN Human Rights Standards in Viet Nam,16.6;16.3,1,,,,,,,,,,,,,,8,,
OECD.DCD.FSD:DSD_CRS@DF_CRS(1.6),1UN014,VNM,23210,11,40000,C01,C,Q,DD,26865190,USD,2024,0.028753,2024,A,6,6,UNDP,2024001084,128140,Far East Asia,LMICs,40000,United Nations Development Programme ,10,ODA,110,Standard grant,4,UN HUMAN RIGHTS STANDARDS-UNDP-VNM-00128140,UN Human Rights Standards-UNDP-VNM-00128140,Fostering an Enabling Environment for the Implementation of UN Human Rights Standards in Viet Nam,16.6;16.3,1,,,,,,,,,,,,,,8,,
OECD.DCD.FSD:DSD_CRS@DF_CRS(1.6),KOR,VNM,23183,11,10000,C01,D,Q,DD,26333636,USD,2024,1.303987,2024,A,6,6,Korea International Cooperation Agency,2021019440,2021020100053,Far East Asia,LMICs,10000,Other public entities in donor country,10,ODA,110,Standard grant,1,PROMOTING ENERGY EFFICIENCY INVESTMENT MARKET IN THE INDUSTRIAL SECTOR AND SUPPORTING THE NATIONAL GREEN GROWTH ACTION PLAN (GGAP)OF VIETNAM,Promoting energy efficiency investment market in the industrial sector and supporting the National Green Growth Action Plan (GGAP)of Vietnam,"Preparation for Energy Efficiency Investment Projects(energy efficiency project pipeline), Support in enforcement of Energy Efficiency and Conservation Regulations & Green Growth investment guidelines, Capacity Buildings, Surveys, studies and formulation of the PAPGG for Energy Intensive Provinces, Disseminate Energy Efficiency, Energy Conservation measures and Green Growth Action Plans of the provinces",7.a;13.3,0,2,0,0,0,,0,0,1,0,0,0.000000,0.000000,0.000000,3,,
OECD.DCD.FSD:DSD_CRS@DF_CRS(1.6),KOR,VNM,23210,11,30000,C01,D,Q,DD,26333861,USD,2024,0.005496,2024,A,6,6,Korea International Cooperation Agency,2022000865,2022070100288,Far East Asia,LMICs,30000,Public-Private Partnerships (PPP),10,ODA,110,Standard grant,1,LARGE-SCALE EXTRACTION AND DISSEMINATION OF ECO-FRIENDLY NEW ADDITIVE(CELLULOSE NANOFIBERS/NANOCELLULOSE) FOR CONCRETE AND PLASTIC REINFORCEMENT THROU,Large-scale extraction and dissemination of eco-friendly new additive(Cellulose nanofibers/Nanocellulose) for concrete and plastic reinforcement through recycling of sugarcane waste(bagasse) in Vietnam('22~'23)/Seed 1,"Green ODA for future generations: low-carbon transition, Problems occurred due to policy change for the treatment of sugar cane waste(bagasse) generated after the sugar refining process(change of policy prohibiting incineration form existing incineration treatment: Vietnam's Ministry of Natural Resources and Environment), The baguette that is being stored, left unattended, and buried due to the lack of treatment alternatives is solved through cellulos nao extraction, and further applied to eco-friendly technologies(eco-friendly concrete, biopolymer)",12.a;12.7;12.5,0,2,0,0,0,,0,0,2,1,0,0.000000,0.000000,0.000000,3,,
OECD.DCD.FSD:DSD_CRS@DF_CRS(1.6),KOR,VNM,23210,11,30000,C01,D,Q,DD,26337390,USD,2024,0.044004,2024,A,6,6,Korea International Cooperation Agency,2023003488,2023070100145,Far East Asia,LMICs,30000,Public-Private Partnerships (PPP),10,ODA,110,Standard grant,1,DEVELOPING A SMART POWER BANK REUSING DISCARDED BATTERY FOR RESOURCE CIRCULAR ECONOMY IN VIETNAM,Developing a Smart Power Bank reusing discarded battery for resource circular economy in Vietnam,"Smart power bank prototype development and patent application, Prototype production of smart power bank and local supply, Set up Smart Power bank pop-up booths and production of promotional materials, Securing local partners and verifying competitiveness",7.1;12.5,0,1,0,0,0,,0,0,1,0,0,0.000000,0.000000,0.000000,3,,
OECD.DCD.FSD:DSD_CRS@DF_CRS(1.6),5ASDB01,VNM,23630,14,10000,C01,D,Q,DD,26464308,USD,2024,5.325395,2024,A,6,6,Asian Development Bank,2024002293,LN3161-VIE,Far East Asia,LMICs,10000,Recipient Government,21,Non-export credit OOF,421,Standard loan,4,HA NOI AND HO CHI MINH CITY POWER GRID DEVELOPMENT SECTOR,Ha Noi and Ho Chi Minh City Power Grid Development Sector,"The project will strengthen the capacities and reliabilities of the power infrastructure in the two largest cities of the Socialist Republic of Viet Nam (Viet Nam) Ha Noi and Ho Chi Minh City through rehabilitation, expansion and development of the 220 kilovolt (kV) and 110 kV electricity power grids in the respective cities. The Government of Viet Nam has requested for a sector loan from ADB s OCR and a sector loan funded through participation of the AIF to assist with the financing of the project. The project is included in the country partnership strategy, 2012 2015 for Viet Nam.",9.4;9.1;17.17;17.16,,,,,,,,,,,,,,,3,,
OECD.DCD.FSD:DSD_CRS@DF_CRS(1.6),JPN,VNM,23110,11,10000,C01,D,Q,DD,26289896,USD,2024,0.007078,2024,A,6,6,Japanese International Co-operation Agency,2024952380,,Far East Asia,LMICs,10000,Recipient Government,10,ODA,110,Standard grant,1,TC AGGREGATED ACTIVITIES,TC AGGREGATED ACTIVITIES,TC AGGREGATED ACTIVITIES,7;13,,0,0,0,0,0,0,0,,,0,,,,1,,
OECD.DCD.FSD:DSD_CRS@DF_CRS(1.6),JPN,VNM,23110,11,10000,C01,C,Q,DD,26768469,USD,2024,0.007078,2024,A,6,6,Japanese International Co-operation Agency,2024952380,,Far East Asia,LMICs,10000,Recipient Government,10,ODA,110,Standard grant,1,TC AGGREGATED ACTIVITIES,TC AGGREGATED ACTIVITIES,TC AGGREGATED ACTIVITIES,7;13,,0,0,0,0,0,0,0,,,0,,,,1,,
OECD.DCD.FSD:DSD_CRS@DF_CRS(1.6),JPN,VNM,23110,11,10000,C01,C,Q,DD,26765976,USD,2024,8.7E-05,2024,A,6,6,Japanese International Co-operation Agency,2024951871,,Far East Asia,LMICs,10000,Recipient Government,10,ODA,110,Standard grant,1,TC AGGREGATED ACTIVITIES,TC AGGREGATED ACTIVITIES,TC AGGREGATED ACTIVITIES,7;13,,0,0,0,0,0,0,0,0,0,0,,,,1,,
OECD.DCD.FSD:DSD_CRS@DF_CRS(1.6),JPN,VNM,23110,11,10000,C01,D,Q,DD,26289306,USD,2024,8.7E-05,2024,A,6,6,Japanese International Co-operation Agency,2024951871,,Far East Asia,LMICs,10000,Recipient Government,10,ODA,110,Standard grant,1,TC AGGREGATED ACTIVITIES,TC AGGREGATED ACTIVITIES,TC AGGREGATED ACTIVITIES,7;13,,0,0,0,0,0,0,0,0,0,0,,,,1,,
OECD.DCD.FSD:DSD_CRS@DF_CRS(1.6),JPN,VNM,23110,11,10000,C01,D,Q,DD,26277829,USD,2024,0.002719,2024,A,6,6,Japanese International Co-operation Agency,2024955011,,Far East Asia,LMICs,10000,Recipient Government,10,ODA,110,Standard grant,1,TC AGGREGATED ACTIVITIES,TC AGGREGATED ACTIVITIES,TC AGGREGATED ACTIVITIES,7;13,,1,0,,0,0,0,0,1,0,,,,,1,,
OECD.DCD.FSD:DSD_CRS@DF_CRS(1.6),JPN,VNM,23110,11,10000,C01,C,Q,DD,26763840,USD,2024,1.8E-05,2024,A,6,6,Japanese International Co-operation Agency,2024962531,,Far East Asia,LMICs,10000,Recipient Government,10,ODA,110,Standard grant,1,TC AGGREGATED ACTIVITIES,TC AGGREGATED ACTIVITIES,TC AGGREGATED ACTIVITIES,7;13,,1,0,,0,0,0,0,1,0,,,,,1,,
OECD.DCD.FSD:DSD_CRS@DF_CRS(1.6),JPN,VNM,23110,11,10000,C01,D,Q,DD,26283404,USD,2024,1.8E-05,2024,A,6,6,Japanese International Co-operation Agency,2024962531,,Far East Asia,LMICs,10000,Recipient Government,10,ODA,110,Standard grant,1,TC AGGREGATED ACTIVITIES,TC AGGREGATED ACTIVITIES,TC AGGREGATED ACTIVITIES,7;13,,1,0,,0,0,0,0,1,0,,,,,1,,
OECD.DCD.FSD:DSD_CRS@DF_CRS(1.6),JPN,VNM,23110,11,10000,C01,C,Q,DD,26755162,USD,2024,0.150081,2024,A,6,6,Japanese International Co-operation Agency,2024955341,,Far East Asia,LMICs,10000,Recipient Government,10,ODA,110,Standard grant,1,TC AGGREGATED ACTIVITIES,TC AGGREGATED ACTIVITIES,TC AGGREGATED ACTIVITIES,7;13,,1,0,,0,0,0,0,1,0,,,,,1,,
OECD.DCD.FSD:DSD_CRS@DF_CRS(1.6),JPN,VNM,23110,11,10000,C01,C,Q,DD,26754839,USD,2024,0.002719,2024,A,6,6,Japanese International Co-operation Agency,2024955011,,Far East Asia,LMICs,10000,Recipient Government,10,ODA,110,Standard grant,1,TC AGGREGATED ACTIVITIES,TC AGGREGATED ACTIVITIES,TC AGGREGATED ACTIVITIES,7;13,,1,0,,0,0,0,0,1,0,,,,,1,,
OECD.DCD.FSD:DSD_CRS@DF_CRS(1.6),JPN,VNM,23110,11,10000,C01,D,Q,DD,26280389,USD,2024,0.150081,2024,A,6,6,Japanese International Co-operation Agency,2024955341,,Far East Asia,LMICs,10000,Recipient Government,10,ODA,110,Standard grant,1,TC AGGREGATED ACTIVITIES,TC AGGREGATED ACTIVITIES,TC AGGREGATED ACTIVITIES,7;13,,1,0,,0,0,0,0,1,0,,,,,1,,
OECD.DCD.FSD:DSD_CRS@DF_CRS(1.6),JPN,VNM,23110,11,10000,C01,D,Q,DD,26277830,USD,2024,0.006206,2024,A,6,6,Japanese International Co-operation Agency,2024955012,,Far East Asia,LMICs,10000,Recipient Government,10,ODA,110,Standard grant,1,TC AGGREGATED ACTIVITIES,TC AGGREGATED ACTIVITIES,TC AGGREGATED ACTIVITIES,7;13,,,,,,,,,0,0,,,,,1,,
OECD.DCD.FSD:DSD_CRS@DF_CRS(1.6),JPN,VNM,23110,11,10000,C01,C,Q,DD,26754840,USD,2024,0.006206,2024,A,6,6,Japanese International Co-operation Agency,2024955012,,Far East Asia,LMICs,10000,Recipient Government,10,ODA,110,Standard grant,1,TC AGGREGATED ACTIVITIES,TC AGGREGATED ACTIVITIES,TC AGGREGATED ACTIVITIES,7;13,,,,,,,,,0,0,,,,,1,,
OECD.DCD.FSD:DSD_CRS@DF_CRS(1.6),JPN,VNM,23110,11,10000,C01,C,Q,DD,26761680,USD,2024,0.005379,2024,A,6,6,Japanese International Co-operation Agency,2024959658,,Far East Asia,LMICs,10000,Recipient Government,10,ODA,110,Standard grant,1,TC AGGREGATED ACTIVITIES,TC AGGREGATED ACTIVITIES,TC AGGREGATED ACTIVITIES,7;13,,,,,,,,,,,,,,,1,,
OECD.DCD.FSD:DSD_CRS@DF_CRS(1.6),JPN,VNM,23110,11,10000,C01,D,Q,DD,26296508,USD,2024,0.005379,2024,A,6,6,Japanese International Co-operation Agency,2024959658,,Far East Asia,LMICs,10000,Recipient Government,10,ODA,110,Standard grant,1,TC AGGREGATED ACTIVITIES,TC AGGREGATED ACTIVITIES,TC AGGREGATED ACTIVITIES,7;13,,,,,,,,,,,,,,,1,,
OECD.DCD.FSD:DSD_CRS@DF_CRS(1.6),JPN,VNM,23210,11,10000,C01,D,Q,DD,26294215,USD,2024,0.098102,2024,A,6,6,Japanese International Co-operation Agency,2024952985,,Far East Asia,LMICs,10000,Recipient Government,10,ODA,110,Standard grant,1,TC AGGREGATED ACTIVITIES,TC AGGREGATED ACTIVITIES,TC AGGREGATED ACTIVITIES,7;13,,,,,,,,,,,,,,,1,,
OECD.DCD.FSD:DSD_CRS@DF_CRS(1.6),JPN,VNM,23210,11,10000,C01,C,Q,DD,26769584,USD,2024,0.098102,2024,A,6,6,Japanese International Co-operation Agency,2024952985,,Far East Asia,LMICs,10000,Recipient Government,10,ODA,110,Standard grant,1,TC AGGREGATED ACTIVITIES,TC AGGREGATED ACTIVITIES,TC AGGREGATED ACTIVITIES,7;13,,,,,,,,,,,,,,,1,,
OECD.DCD.FSD:DSD_CRS@DF_CRS(1.6),JPN,VNM,23110,11,20000,C01,D,Q,DD,26276930,USD,2024,0.19529,2024,A,6,6,Japanese International Co-operation Agency,2024951322,,Far East Asia,LMICs,20000,Donor country-based NGO,10,ODA,110,Standard grant,1,TC AGGREGATED ACTIVITIES,TC AGGREGATED ACTIVITIES,TC AGGREGATED ACTIVITIES,7;13,,2,0,0,,,,,0,0,0,,,,1,,
OECD.DCD.FSD:DSD_CRS@DF_CRS(1.6),JPN,VNM,23110,11,20000,C01,C,Q,DD,26754393,USD,2024,0.19529,2024,A,6,6,Japanese International Co-operation Agency,2024951322,,Far East Asia,LMICs,20000,Donor country-based NGO,10,ODA,110,Standard grant,1,TC AGGREGATED ACTIVITIES,TC AGGREGATED ACTIVITIES,TC AGGREGATED ACTIVITIES,7;13,,2,0,0,,,,,0,0,0,,,,1,,
OECD.DCD.FSD:DSD_CRS@DF_CRS(1.6),JPN,VNM,23320,13,10000,C01,D,Q,DD,26465644,USD,2024,8.1E-05,2024,A,6,6,Japanese International Co-operation Agency,2015003001,JICAVN13-P8,Far East Asia,LMICs,10000,Recipient Government,10,ODA,421,Standard loan,1,THAI BINH POWER PLANT AND TRANSMISSION LINES PROJECT(II),Thai Binh Power Plant and Transmission Lines Project(II),To meet the increasing power demand,,0,0,0,0,,,,0,0,0,0,,,,3,,
OECD.DCD.FSD:DSD_CRS@DF_CRS(1.6),DEU,VNM,23210,11,20000,B03,D,Q,DD,26459844,USD,2024,0.004867,2024,A,6,6,Federal Ministry for Economic Cooperation and Development,2021003223,201973817,Far East Asia,LMICs,20000,Donor country-based NGO,10,ODA,110,Standard grant,1,GREEN SOLUTIONS FOR ACCESS TO ENERGY FOR POOR COMMUNITIES IN THE MEKONG DELTA (CONTINUATION),Green solutions for access to energy for poor communities in the Mekong Delta (continuation),Green solutions for access to energy for poor communities in the Mekong Delta (continuation),7;13;12;10;1,1,2,,0,,,,0,1,0,0,0.000000,0.000000,,3,,
OECD.DCD.FSD:DSD_CRS@DF_CRS(1.6),DEU,VNM,23110,11,10000,C01,D,Q,DD,26405594,USD,2024,0.206486,2024,A,6,6,Federal Ministry for Economic Cooperation and Development,2020002028,201821065,Far East Asia,LMICs,10000,Public corporations (donor govt.),10,ODA,110,Standard grant,1,COMMERCIAL UND INDUSTRIAL ROOFTOP SOLAR (CIRTS),Commercial und Industrial Rooftop Solar (CIRTS),Conditions for the development of commercial rooftop solar energy market in Vietnam are improved,7;13,0,0,0,0,0,,0,0,2,0,0,0.000000,0.000000,,3,,
OECD.DCD.FSD:DSD_CRS@DF_CRS(1.6),DEU,VNM,23110,11,10000,C01,D,Q,DD,26405591,USD,2024,0.421816,2024,A,6,6,Federal Ministry for Economic Cooperation and Development,2020002021,201520519,Far East Asia,LMICs,10000,Public corporations (donor govt.),10,ODA,110,Standard grant,1,RENEWABLE ENERGY AND ENERGY EFFICIENCY,Renewable Energy and Energy Efficiency,The prerequisites for the use of renewable energies and the increase in energy efficiency have been improved by key players from the government and the economy.,7;13,1,1,0,0,0,,0,0,2,0,0,0.000000,0.000000,,3,,
OECD.DCD.FSD:DSD_CRS@DF_CRS(1.6),DEU,VNM,23210,13,10000,C01,D,Q,DD,26411149,USD,2024,2.037739,2024,A,6,6,KfW Bankengruppe (KfW banking group),2016131958,201468032,Far East Asia,LMICs,10000,Central Government (recipient govt.),10,ODA,421,Standard loan,1,EFFICIENT POWER GRIDS IN SMALL AND MEDIUM-SIZED CITIES - PHASE 1,Efficient Power Grids in Small and Medium-sized Cities - Phase 1,Efficient Power Grids in Small and Medium-sized Cities - Phase 1,7;13,0,1,0,0,,,,0,2,0,0,0.000000,0.000000,,3,,
OECD.DCD.FSD:DSD_CRS@DF_CRS(1.6),DEU,VNM,23630,13,10000,C01,D,Q,DD,26411190,USD,2024,13.248988,2024,A,6,6,KfW Bankengruppe (KfW banking group),2017133573,201567437,Far East Asia,LMICs,10000,Central Government (recipient govt.),10,ODA,421,Standard loan,1,"EFFICIENT POWER GRIDS IN SMALL AND MEDIUM-SIZED CITIES, PHASE 2","Efficient Power Grids in Small and Medium-sized Cities, Phase 2","Efficient Power Grids in Small and Medium-sized Cities, Phase 2",7;13,0,1,0,0,,,,0,2,0,0,0.000000,0.000000,,3,,
OECD.DCD.FSD:DSD_CRS@DF_CRS(1.6),DEU,VNM,23630,13,10000,C01,D,Q,DD,26411150,USD,2024,8.150955,2024,A,6,6,KfW Bankengruppe (KfW banking group),2016131958,201468032,Far East Asia,LMICs,10000,Central Government (recipient govt.),10,ODA,421,Standard loan,1,EFFICIENT POWER GRIDS IN SMALL AND MEDIUM-SIZED CITIES - PHASE 1,Efficient Power Grids in Small and Medium-sized Cities - Phase 1,Efficient Power Grids in Small and Medium-sized Cities - Phase 1,7;13,0,1,0,0,,,,0,2,0,0,0.000000,0.000000,,3,,
OECD.DCD.FSD:DSD_CRS@DF_CRS(1.6),DEU,VNM,23630,13,10000,C01,D,Q,DD,26411113,USD,2024,6.706986,2024,A,6,6,KfW Bankengruppe (KfW banking group),2014130858,201266659,Far East Asia,LMICs,10000,Central Government (recipient govt.),10,ODA,421,Standard loan,1,ENERGY EFFICIENCY IN URBAN AREAS,Energy Efficiency in Urban Areas,Finance the expansion and modernization of the transmission and distribution networks in metropolitan areas Hanoi and Ho Chi Minh,7;13;12,0,2,0,0,,,,0,2,0,0,0.000000,0.000000,,3,,
OECD.DCD.FSD:DSD_CRS@DF_CRS(1.6),DEU,VNM,23183,11,60000,C01,D,Q,DD,26404933,USD,2024,0.110115,2024,A,6,6,"Federal Ministry for the Enviroment, Climate Action, Nature Conservation and Nuclear Safety",2024001697B,67EXI5001B,Far East Asia,LMICs,60000,Other non-financial corporations (in provider country),10,ODA,110,Standard grant,1,SMART URBAN AREAS (SUA) - SUSTAINABLE SYSTEM SOLUTIONS FOR URBAN DEVELOPMENT,SMART URBAN AREAS (SUA) - Sustainable System Solutions for Urban Development,"The aim is to make a sustainable contribution to building management in the capital city of Hanoi with innovative and networkable high-efficiency pumps, green roofs and facades, and the efficient use of rainwater and graywater for urban development.",6.4,0,2,0,0,0,,0,0,1,0,0,0.000000,0.000000,,3,,
OECD.DCD.FSD:DSD_CRS@DF_CRS(1.6),DEU,VNM,23183,11,50000,C01,D,Q,DD,26404932,USD,2024,0.293821,2024,A,6,6,"Federal Ministry for the Enviroment, Climate Action, Nature Conservation and Nuclear Safety",2024001697A,67EXI5001A,Far East Asia,LMICs,50000,"University, college or other teaching institution, research institute or think-tank",10,ODA,110,Standard grant,1,SMART URBAN AREAS (SUA) - SUSTAINABLE SYSTEM SOLUTIONS FOR URBAN DEVELOPMENT,SMART URBAN AREAS (SUA) - Sustainable System Solutions for Urban Development,"The aim is to make a sustainable contribution to building management in the capital city of Hanoi with innovative and networkable high-efficiency pumps, green roofs and facades, and the efficient use of rainwater and graywater for urban development.",6.4,0,2,0,0,0,,0,0,1,0,0,0.000000,0.000000,,3,,
OECD.DCD.FSD:DSD_CRS@DF_CRS(1.6),DEU,VNM,23230,11,10000,B03,C,Q,DD,26865698,USD,2024,0.160286,2024,A,6,6,Federal Ministry for Economic Cooperation and Development,2022004638,202106003-5119,Far East Asia,LMICs,10000,Public corporations (donor govt.),10,ODA,110,Standard grant,1,INCLUSION & CLIMATE MITIGATION: SOLAR INSTALLATIONS WITH VOCATIONAL TRAINING & JOBS FOR DISABLED PERSONS,Inclusion & Climate Mitigation: Solar Installations with Vocational Training & Jobs for Disabled Persons,Inclusion & Climate Mitigation: Solar Installations with Vocational Training & Jobs for Disabled Persons,7;13;10;1,1,1,1,0,,,,0,2,0,0,0.000000,0.160300,,3,,
OECD.DCD.FSD:DSD_CRS@DF_CRS(1.6),DEU,VNM,23230,11,10000,C01,C,Q,DD,26841514,USD,2024,1.622323,2024,A,6,6,Federal Ministry for Economic Cooperation and Development,2024000225,202121598,Far East Asia,LMICs,10000,Public corporations (donor govt.),10,ODA,110,Standard grant,1,AGRI-PHOTOVOLTAICS FOR RURAL AREAS IN VIETNAM (APV),Agri-Photovoltaics for rural areas in Vietnam (APV),The conditions for the planning and technical capacities for a gender-sensitive and income-generating development of APV on agricultural land are created,7;13,1,1,0,0,0,,0,0,1,1,0,0.343900,1.278400,,1,,
OECD.DCD.FSD:DSD_CRS@DF_CRS(1.6),DEU,VNM,23230,11,10000,C01,D,Q,DD,26407110,USD,2024,0.000503,2024,A,6,6,Federal Ministry for Economic Cooperation and Development,2024000225,202121598,Far East Asia,LMICs,10000,Public corporations (donor govt.),10,ODA,110,Standard grant,1,AGRI-PHOTOVOLTAICS FOR RURAL AREAS IN VIETNAM (APV),Agri-Photovoltaics for rural areas in Vietnam (APV),The conditions for the planning and technical capacities for a gender-sensitive and income-generating development of APV on agricultural land are created,7;13,1,1,0,0,0,,0,0,1,1,0,0.343900,1.278400,,1,,
OECD.DCD.FSD:DSD_CRS@DF_CRS(1.6),DEU,VNM,23110,11,10000,C01,D,Q,DD,26473966,USD,2024,0.80456,2024,A,6,6,Federal Ministry for Economic Cooperation and Development,2022000954,202121556,Far East Asia,LMICs,10000,Public corporations (donor govt.),10,ODA,110,Standard grant,1,PROMOTING THE TRANSFORMATION OF THE ENERGY SECTOR IN VIETNAM (TEV),Promoting the transformation of the energy sector in Vietnam (TEV),"ContextViet Nam needs significant investment in electricity generation and grid expansion in order to keep pace with rising demand. At the same time, the country is endeavouring to meet its international climate commitments and is striving for energy security.As a result, Viet Nam is focusing more on renewable energy. The use of solar energy, in particular, has increased rapidly in recent years, thanks to short-term support measures. However, there is still a need for long-term planning with regard to the development of the power sector. The social and economic impacts of electrification also need to be taken into account, as this issue has not been given enough attention in energy-policy decisions so far.ObjectiveThe Vietnamese Government is using its enhanced understanding to implement the strategic, legal and technological requirements for a long-term, environmentally friendly energy transition.ApproachThe project provides support for the development of a long-term policy strategy for the energy transition, as well as the establishment of a legal and regulatory framework. In this context, the early transfer of knowledge about energy technologies boosts confidence that an energy transition is feasible. This includes improvements in the areas of renewable energy, energy efficiency, power grids and sector coupling.The project has three main fields of action:It enhances the skills of experts and managers when it comes to developing the strategic framework for the energy transition. There is a focus on the socio-economic impacts, in order to offer stakeholders in the Vietnamese power sector the necessary guidance for their investment decisions.The project seeks to strengthen capacities for the implementation of the energy transition strategy and the establishment of the legal and regulatory framework for renewable energy, grid integration, demand-side management and sector coupling.In addition, it ensures that technical experts and managers who work for grid operators and the Electricity Regulatory Authority learn more about technological solutions that promote the energy transition. ",7;13,1,1,1,0,0,,0,0,2,0,0,0.343900,1.278400,,3,,
OECD.DCD.FSD:DSD_CRS@DF_CRS(1.6),DEU,VNM,23183,11,10000,C01,D,Q,DD,26401696,USD,2024,0.241368,2024,A,6,6,Federal Ministry for Economic Cooperation and Development,2022000954,202121556,Far East Asia,LMICs,10000,Public corporations (donor govt.),10,ODA,110,Standard grant,1,PROMOTING THE TRANSFORMATION OF THE ENERGY SECTOR IN VIETNAM (TEV),Promoting the transformation of the energy sector in Vietnam (TEV),"ContextViet Nam needs significant investment in electricity generation and grid expansion in order to keep pace with rising demand. At the same time, the country is endeavouring to meet its international climate commitments and is striving for energy security.As a result, Viet Nam is focusing more on renewable energy. The use of solar energy, in particular, has increased rapidly in recent years, thanks to short-term support measures. However, there is still a need for long-term planning with regard to the development of the power sector. The social and economic impacts of electrification also need to be taken into account, as this issue has not been given enough attention in energy-policy decisions so far.ObjectiveThe Vietnamese Government is using its enhanced understanding to implement the strategic, legal and technological requirements for a long-term, environmentally friendly energy transition.ApproachThe project provides support for the development of a long-term policy strategy for the energy transition, as well as the establishment of a legal and regulatory framework. In this context, the early transfer of knowledge about energy technologies boosts confidence that an energy transition is feasible. This includes improvements in the areas of renewable energy, energy efficiency, power grids and sector coupling.The project has three main fields of action:It enhances the skills of experts and managers when it comes to developing the strategic framework for the energy transition. There is a focus on the socio-economic impacts, in order to offer stakeholders in the Vietnamese power sector the necessary guidance for their investment decisions.The project seeks to strengthen capacities for the implementation of the energy transition strategy and the establishment of the legal and regulatory framework for renewable energy, grid integration, demand-side management and sector coupling.In addition, it ensures that technical experts and managers who work for grid operators and the Electricity Regulatory Authority learn more about technological solutions that promote the energy transition. ",7;13,1,1,1,0,0,,0,0,2,0,0,0.103200,0.383500,,3,,
OECD.DCD.FSD:DSD_CRS@DF_CRS(1.6),DEU,VNM,23183,11,10000,C01,C,Q,DD,26839821,USD,2024,0.486697,2024,A,6,6,Federal Ministry for Economic Cooperation and Development,2022000954,202121556,Far East Asia,LMICs,10000,Public corporations (donor govt.),10,ODA,110,Standard grant,1,PROMOTING THE TRANSFORMATION OF THE ENERGY SECTOR IN VIETNAM (TEV),Promoting the transformation of the energy sector in Vietnam (TEV),"ContextViet Nam needs significant investment in electricity generation and grid expansion in order to keep pace with rising demand. At the same time, the country is endeavouring to meet its international climate commitments and is striving for energy security.As a result, Viet Nam is focusing more on renewable energy. The use of solar energy, in particular, has increased rapidly in recent years, thanks to short-term support measures. However, there is still a need for long-term planning with regard to the development of the power sector. The social and economic impacts of electrification also need to be taken into account, as this issue has not been given enough attention in energy-policy decisions so far.ObjectiveThe Vietnamese Government is using its enhanced understanding to implement the strategic, legal and technological requirements for a long-term, environmentally friendly energy transition.ApproachThe project provides support for the development of a long-term policy strategy for the energy transition, as well as the establishment of a legal and regulatory framework. In this context, the early transfer of knowledge about energy technologies boosts confidence that an energy transition is feasible. This includes improvements in the areas of renewable energy, energy efficiency, power grids and sector coupling.The project has three main fields of action:It enhances the skills of experts and managers when it comes to developing the strategic framework for the energy transition. There is a focus on the socio-economic impacts, in order to offer stakeholders in the Vietnamese power sector the necessary guidance for their investment decisions.The project seeks to strengthen capacities for the implementation of the energy transition strategy and the establishment of the legal and regulatory framework for renewable energy, grid integration, demand-side management and sector coupling.In addition, it ensures that technical experts and managers who work for grid operators and the Electricity Regulatory Authority learn more about technological solutions that promote the energy transition. ",7;13,1,1,1,0,0,,0,0,2,0,0,0.103200,0.383500,,3,,
OECD.DCD.FSD:DSD_CRS@DF_CRS(1.6),DEU,VNM,23230,11,10000,C01,D,Q,DD,26405595,USD,2024,0.825942,2024,A,6,6,Federal Ministry for Economic Cooperation and Development,2020002028,201821065,Far East Asia,LMICs,10000,Public corporations (donor govt.),10,ODA,110,Standard grant,1,COMMERCIAL UND INDUSTRIAL ROOFTOP SOLAR (CIRTS),Commercial und Industrial Rooftop Solar (CIRTS),Conditions for the development of commercial rooftop solar energy market in Vietnam are improved,7;13,0,0,0,0,0,,0,0,2,0,0,0.000000,0.000000,,3,,
OECD.DCD.FSD:DSD_CRS@DF_CRS(1.6),DEU,VNM,23110,11,10000,C01,D,Q,DD,26405122,USD,2024,1.747775,2024,A,6,6,Federal Ministry for Economic Affairs and Energy,2022009509,22_I_469_VNM_G_SHIFT,Far East Asia,LMICs,10000,Public corporations (donor govt.),10,ODA,110,Standard grant,1,SHIFT - SHIFTING INVESTMENT FLOWS TOWARDS GREEN TRANSFORMATION,SHIFT - Shifting Investment Flows Towards Green Transformation,"SHIFT is a joint program of six organizations that aims to accelerate the deployment of green and climate friendly technologies and practices to support Viet Nam achieve net zero emissions by 2050. To this end, the program will enhance know-how and capacities of relevant public and private stakeholders in the areas of green finance and energy transition. The outcome of the program is to improve green policy and finance frameworks for enhanced climate action in Viet Nam, especially in the energy sector. It addresses both supply and demand aspects of green investment, creating a positive feedback loop that will drive the transition towards a green and climate friendly economy. Five outputs will support the green finance framework, improve policies for the energy transition, supply green financial products through financial institutions, trigger demand by the private sector, particularly SMEs, and disseminate knowledge and raise awareness of a broader set of stakeholders.",7;13,1,1,1,,,,,0,2,0,0,0.000000,0.000000,,3,,
OECD.DCD.FSD:DSD_CRS@DF_CRS(1.6),DEU,VNM,23210,13,10000,C01,D,Q,DD,26411112,USD,2024,2.874423,2024,A,6,6,KfW Bankengruppe (KfW banking group),2014130858,201266659,Far East Asia,LMICs,10000,Central Government (recipient govt.),10,ODA,421,Standard loan,1,ENERGY EFFICIENCY IN URBAN AREAS,Energy Efficiency in Urban Areas,Finance the expansion and modernization of the transmission and distribution networks in metropolitan areas Hanoi and Ho Chi Minh,7;13;12,0,2,0,0,,,,0,2,0,0,0.000000,0.000000,,3,,
OECD.DCD.FSD:DSD_CRS@DF_CRS(1.6),DEU,VNM,23181,11,20000,D02,D,Q,DD,26405205,USD,2024,0.272677,2024,A,6,6,Federal Ministry for Economic Affairs and Energy,2022009565,IMG2020_I_002_VNM_Green Youth Labs,Far East Asia,LMICs,20000,Donor country-based NGO,10,ODA,110,Standard grant,1,GREEN YOUTH LABS: TRAINING PROGRAM FOR INNOVATION AND A SOCIALLY EQUITABLE ENERGY TRANSITION (GREENYOU),Green Youth labs: Training program for innovation and a socially equitable energy transition (GreenYOU),"Viet Nam is severely affected by the impacts of climate change. At the same time, due to its rapidly growing economy, the country is faced with the decision of how it will meet its increasing energy de-mand. The project uses a two-stage training programme to educate young professionals to become 'climate ambassadors' who advocate for low-carbon production and climate-friendly use of energy in the Vietnamese society. Through this, young people's awareness and skills to contribute to a socially just energy transition and sustainable end-use of energy will be strengthened. In a Youth Innovation Challenge, young people can submit proposals for model projects in their hometowns. Ten of these ideas are implemented each year. In addition, young people engage with politicians and business leaders as well as the climate movement and experts in Germany to enhance their voice in society and contribute with their own ideas to the transition to a low-carbon development model.",,0,1,2,,,,,0,2,0,0,0.000000,0.000000,,3,,
OECD.DCD.FSD:DSD_CRS@DF_CRS(1.6),DEU,VNM,23230,11,10000,B03,D,Q,DD,26451359,USD,2024,0.216314,2024,A,6,6,Federal Ministry for Economic Cooperation and Development,2022004638,202106003-5119,Far East Asia,LMICs,10000,Public corporations (donor govt.),10,ODA,110,Standard grant,1,INCLUSION & CLIMATE MITIGATION: SOLAR INSTALLATIONS WITH VOCATIONAL TRAINING & JOBS FOR DISABLED PERSONS,Inclusion & Climate Mitigation: Solar Installations with Vocational Training & Jobs for Disabled Persons,Inclusion & Climate Mitigation: Solar Installations with Vocational Training & Jobs for Disabled Persons,7;13;10;1,1,1,1,0,,,,0,2,0,0,0.000000,0.160300,,3,,
OECD.DCD.FSD:DSD_CRS@DF_CRS(1.6),DEU,VNM,23210,11,10000,C01,D,Q,DD,26401697,USD,2024,0.563192,2024,A,6,6,Federal Ministry for Economic Cooperation and Development,2022000954,202121556,Far East Asia,LMICs,10000,Public corporations (donor govt.),10,ODA,110,Standard grant,1,PROMOTING THE TRANSFORMATION OF THE ENERGY SECTOR IN VIETNAM (TEV),Promoting the transformation of the energy sector in Vietnam (TEV),"ContextViet Nam needs significant investment in electricity generation and grid expansion in order to keep pace with rising demand. At the same time, the country is endeavouring to meet its international climate commitments and is striving for energy security.As a result, Viet Nam is focusing more on renewable energy. The use of solar energy, in particular, has increased rapidly in recent years, thanks to short-term support measures. However, there is still a need for long-term planning with regard to the development of the power sector. The social and economic impacts of electrification also need to be taken into account, as this issue has not been given enough attention in energy-policy decisions so far.ObjectiveThe Vietnamese Government is using its enhanced understanding to implement the strategic, legal and technological requirements for a long-term, environmentally friendly energy transition.ApproachThe project provides support for the development of a long-term policy strategy for the energy transition, as well as the establishment of a legal and regulatory framework. In this context, the early transfer of knowledge about energy technologies boosts confidence that an energy transition is feasible. This includes improvements in the areas of renewable energy, energy efficiency, power grids and sector coupling.The project has three main fields of action:It enhances the skills of experts and managers when it comes to developing the strategic framework for the energy transition. There is a focus on the socio-economic impacts, in order to offer stakeholders in the Vietnamese power sector the necessary guidance for their investment decisions.The project seeks to strengthen capacities for the implementation of the energy transition strategy and the establishment of the legal and regulatory framework for renewable energy, grid integration, demand-side management and sector coupling.In addition, it ensures that technical experts and managers who work for grid operators and the Electricity Regulatory Authority learn more about technological solutions that promote the energy transition. ",7;13,1,1,1,0,0,,0,0,2,0,0,0.240800,0.894900,,3,,
OECD.DCD.FSD:DSD_CRS@DF_CRS(1.6),DEU,VNM,23210,11,10000,C01,C,Q,DD,26839822,USD,2024,1.135626,2024,A,6,6,Federal Ministry for Economic Cooperation and Development,2022000954,202121556,Far East Asia,LMICs,10000,Public corporations (donor govt.),10,ODA,110,Standard grant,1,PROMOTING THE TRANSFORMATION OF THE ENERGY SECTOR IN VIETNAM (TEV),Promoting the transformation of the energy sector in Vietnam (TEV),"ContextViet Nam needs significant investment in electricity generation and grid expansion in order to keep pace with rising demand. At the same time, the country is endeavouring to meet its international climate commitments and is striving for energy security.As a result, Viet Nam is focusing more on renewable energy. The use of solar energy, in particular, has increased rapidly in recent years, thanks to short-term support measures. However, there is still a need for long-term planning with regard to the development of the power sector. The social and economic impacts of electrification also need to be taken into account, as this issue has not been given enough attention in energy-policy decisions so far.ObjectiveThe Vietnamese Government is using its enhanced understanding to implement the strategic, legal and technological requirements for a long-term, environmentally friendly energy transition.ApproachThe project provides support for the development of a long-term policy strategy for the energy transition, as well as the establishment of a legal and regulatory framework. In this context, the early transfer of knowledge about energy technologies boosts confidence that an energy transition is feasible. This includes improvements in the areas of renewable energy, energy efficiency, power grids and sector coupling.The project has three main fields of action:It enhances the skills of experts and managers when it comes to developing the strategic framework for the energy transition. There is a focus on the socio-economic impacts, in order to offer stakeholders in the Vietnamese power sector the necessary guidance for their investment decisions.The project seeks to strengthen capacities for the implementation of the energy transition strategy and the establishment of the legal and regulatory framework for renewable energy, grid integration, demand-side management and sector coupling.In addition, it ensures that technical experts and managers who work for grid operators and the Electricity Regulatory Authority learn more about technological solutions that promote the energy transition. ",7;13,1,1,1,0,0,,0,0,2,0,0,0.240800,0.894900,,3,,
OECD.DCD.FSD:DSD_CRS@DF_CRS(1.6),DEU,VNM,23110,11,10000,C01,C,Q,DD,26879764,USD,2024,1.622323,2024,A,6,6,Federal Ministry for Economic Cooperation and Development,2022000954,202121556,Far East Asia,LMICs,10000,Public corporations (donor govt.),10,ODA,110,Standard grant,1,PROMOTING THE TRANSFORMATION OF THE ENERGY SECTOR IN VIETNAM (TEV),Promoting the transformation of the energy sector in Vietnam (TEV),"ContextViet Nam needs significant investment in electricity generation and grid expansion in order to keep pace with rising demand. At the same time, the country is endeavouring to meet its international climate commitments and is striving for energy security.As a result, Viet Nam is focusing more on renewable energy. The use of solar energy, in particular, has increased rapidly in recent years, thanks to short-term support measures. However, there is still a need for long-term planning with regard to the development of the power sector. The social and economic impacts of electrification also need to be taken into account, as this issue has not been given enough attention in energy-policy decisions so far.ObjectiveThe Vietnamese Government is using its enhanced understanding to implement the strategic, legal and technological requirements for a long-term, environmentally friendly energy transition.ApproachThe project provides support for the development of a long-term policy strategy for the energy transition, as well as the establishment of a legal and regulatory framework. In this context, the early transfer of knowledge about energy technologies boosts confidence that an energy transition is feasible. This includes improvements in the areas of renewable energy, energy efficiency, power grids and sector coupling.The project has three main fields of action:It enhances the skills of experts and managers when it comes to developing the strategic framework for the energy transition. There is a focus on the socio-economic impacts, in order to offer stakeholders in the Vietnamese power sector the necessary guidance for their investment decisions.The project seeks to strengthen capacities for the implementation of the energy transition strategy and the establishment of the legal and regulatory framework for renewable energy, grid integration, demand-side management and sector coupling.In addition, it ensures that technical experts and managers who work for grid operators and the Electricity Regulatory Authority learn more about technological solutions that promote the energy transition. ",7;13,1,1,1,0,0,,0,0,2,0,0,0.343900,1.278400,,3,,
OECD.DCD.FSD:DSD_CRS@DF_CRS(1.6),FRA,VNM,23110,11,10000,C01,D,Q,DD,26318747,USD,2024,0.020798,2024,A,6,6,French Development Agency,2022185400,CVN127001,Far East Asia,LMICs,10000,Public corporations (donor govt.),10,ODA,110,Standard grant,1,FEXTE JET-FEXTE TRANSITION ENERGÉTIQUE JUSTE,FEXTE JET-FEXTE Transition Energétique Juste,FEXTE Transition Energétique Juste-ELECTRICITE DE FRANCE-ENTREPRISE PRIVEE NON FINANCIERE dans le secteur de : Production d'électricité Sis à  PARIS-FRANCE,7,0,0,0,0,0,0,,0,0,0,0,,,,3,,
OECD.DCD.FSD:DSD_CRS@DF_CRS(1.6),FRA,VNM,23210,11,10000,C01,D,Q,DD,26318828,USD,2024,0.115465,2024,A,6,6,French Development Agency,2022213500,CVN126802,Far East Asia,LMICs,10000,Other public entities in donor country,10,ODA,110,Standard grant,1,"FEXTE RTE EVN-FEXTE PORTANT SUR BAC AI, NPT, TRANSITION ÉNERGÉTIQUE EVN","FEXTE RTE EVN-FEXTE portant sur Bac AI, NPT, transition énergétique EVN","FEXTE portant sur Bac AI, NPT, transition énergétique EVN-AGENCE FRANCAISE DE DEVELOPPEMENT-INSTITUTION FINANCIERE PUBLIQUE/PARAPUB. dans le secteur de : Autre distribution de crédit Sis à  PARIS CEDEX 12-FRANCE",7,0,0,0,0,0,0,,0,0,0,0,,,,3,,
OECD.DCD.FSD:DSD_CRS@DF_CRS(1.6),FRA,VNM,23210,11,10000,C01,D,Q,DD,26332873,USD,2024,0.292018,2024,A,6,6,French Development Agency,2023112400,CVN126801,Far East Asia,LMICs,10000,Public corporations (recipient govt.),10,ODA,110,Standard grant,1,"FEXTE RTE EVN-FEXTE PORTANT SUR BAC AI, NPT, TRANSITION ÉNERGÉTIQUE EVN","FEXTE RTE EVN-FEXTE portant sur Bac AI, NPT, transition énergétique EVN","FEXTE portant sur Bac AI, NPT, transition énergétique EVN-RTE international-ENTREPRISE PUBLI./PARAPUB. EPIC N.FINAN dans le secteur de : Transport d'électricité Sis à  PUTEAUX-FRANCE",7,0,0,0,,,,,0,0,0,,,,,3,,
OECD.DCD.FSD:DSD_CRS@DF_CRS(1.6),FRA,VNM,23220,13,10000,C01,D,Q,DD,26318523,USD,2024,26.2762,2024,A,6,6,French Development Agency,2021197200,CVN123401,Far East Asia,LMICs,10000,Public corporations (recipient govt.),10,ODA,421,Standard loan,1,FINANCEMENT DE L'EXTENSION CEN HYDROELEC-EXTENSION DE LA CENTRALE HYDROÉLECTRIQUE DE HOA BINH,FINANCEMENT DE L'EXTENSION CEN HYDROELEC-Extension de la centrale hydroélectrique de Hoa Binh,Extension de la centrale hydroélectrique de Hoa Binh-TAP DOAN DIEN LUC VIET NAM -ENTREPRISE PUBLI./PARAPUB. EPIC N.FINAN dans le secteur de : Production d'électricité Sis à  HANOI-VIET-NAM,9;7;17;16;13,0,2,1,0,0,0,,0,2,0,0,,,,3,,
OECD.DCD.FSD:DSD_CRS@DF_CRS(1.6),FRA,VNM,23183,13,10000,C01,D,Q,DD,26318629,USD,2024,12.786348,2024,A,6,6,French Development Agency,2022119300,CVN121801,Far East Asia,LMICs,10000,Public corporations (recipient govt.),10,ODA,421,Standard loan,1,RENFORCEMENT ENERGIES RENOUVELABLE SUD-PROGRAMME DE SOUTIEN À SPC POUR LE RENFORCEMENT DES RÉSEAUX ET L'INTÉGRATION D'ÉNERGIES RENOUVELABLES AU SUD DU,RENFORCEMENT ENERGIES RENOUVELABLE SUD-Programme de soutien à SPC pour le renforcement des réseaux et l'intégration d'énergies renouvelables au Sud du Vietnam,Programme de soutien à SPC pour le renforcement des réseaux et l'intégration d'énergies renouvelables au Sud du Vietnam-TAP DOAN DIEN LUC VIET NAM -ENTREPRISE PUBLI./PARAPUB. EPIC N.FINAN dans le secteur de : Production d'électricité Sis à  HANOI-VIET-NAM,7;16;13;12,0,1,1,0,0,0,,0,1,0,0,,,,3,,
OECD.DCD.FSD:DSD_CRS@DF_CRS(1.6),FRA,VNM,23220,13,10000,C01,D,Q,DD,26318443,USD,2024,29.463563,2024,A,6,6,French Development Agency,2021149800,CVN119303,Far East Asia,LMICs,10000,Public corporations (recipient govt.),10,ODA,421,Standard loan,1,EXTENSION CENTRALE HYDROELECTRIQUE IALY-VIETNAM ELECTRICITY. PROGRAMME DE SOUTIEN À EVN POUR LE DÉVELOPPEMENT DES ÉNERGIES RENOUVELABLES.,EXTENSION CENTRALE HYDROELECTRIQUE IALY-Vietnam Electricity. Programme de soutien à EVN pour le développement des énergies renouvelables.,Vietnam Electricity. Programme de soutien à EVN pour le développement des énergies renouvelables.-TAP DOAN DIEN LUC VIET NAM -ENTREPRISE PUBLI./PARAPUB. EPIC N.FINAN dans le secteur de : Production d'électricité Sis à  HANOI-VIET-NAM,7;16;13,0,2,1,0,0,0,,0,2,0,0,,,,3,,
OECD.DCD.FSD:DSD_CRS@DF_CRS(1.6),SWE,VNM,23181,11,20000,D02,D,Q,DD,26323422,USD,2024,0.141945,2024,A,6,6,Swedish International Development Authority,2020060688K,SE-0-SE-6-14365A0106-VNM-23181,Far East Asia,LMICs,20000,Donor country-based NGO,10,ODA,110,Standard grant,1,NIR ITP SUSTAINABILITY IMPACT ACCELERATOR SIA - SIA - NIR SUSTAINABILITY IMPACT ACCELERATOR 2024 NY STRATEGI,NIR ITP Sustainability Impact Accelerator SIA - SIA - NIR Sustainability Impact Accelerator 2024 ny strategi,"The main purpose of SIA is to offer flexible and context-specific capacity development initiatives for institutions in partner countries, with the overall goal of accelerating sustainable investments in infrastructure. Inadequate infrastructure and insufficient public services are underlying causes of poverty and exacerbates inequality. Capacity development requests from country institutions will be captured in collaboration with partners to Team Sweden, which include the Swedish Export Credit Agency (EKN), the Swedish Export Credit Corporation (SEK), Swedfund and Business Sweden.SIA is focused on capacity development connected to infrastructure investments in primarily renewable energy, access to qualitative and reliable energy, sustainable energy use and control, expansion of railways and sustainable urban public transport and other national strategy development initiatives. The majority of the program's initiatives/projects are carried out in Africa, Asia, South America and Europe. Initially operationwere planned in Bangladesh, Colombia, Laos, Tanzania, Uganda and Zambia. Through an amendment to the agreement in 2023, four new countries have been added, Iraq, Ivory coast, Mozambique and Ukraine.",9.4;9.1;17.9;17.17,0,1,0,0,0,,0,0,1,0,0,0.000000,0.000000,0.000000,3,,
OECD.DCD.FSD:DSD_CRS@DF_CRS(1.6),FIN,VNM,23270,11,60000,C01,C,Q,DD,26834608,USD,2024,0.06784,2024,A,6,6,Ministry of Foreign Affairs,2024240135,76909248,Far East Asia,LMICs,60000,"Holding companies, trusts and Special Purpose Vehicles (in provider country)",10,ODA,110,Standard grant,1,FINNPARTNERSHIP PROGRAMME,Finnpartnership programme,"Long term partnership with a local company / organisation (e.g. joint venture, subcontractor, import or other contract agreement )",9;8;11,0,2,0,0,1,0,0,0,1,0,0,0.000000,0.067800,0.000000,1,,
OECD.DCD.FSD:DSD_CRS@DF_CRS(1.6),FIN,VNM,23230,60,60000,C01,D,Q,DD,26403407,USD,2024,2.397182,2024,A,6,6,FinnFund,2021215002,80000303B,Far East Asia,LMICs,60000,Private sector in recipient country,60,PSI,510,Common equity,1,ODA EQUITY THROUGH FINNFUND,ODA equity through Finnfund,Funding and owning power solutions with solar photovoltaic components for commercial and industrial and utility clients with a targeted aggregated capacity of 50 MW. Significant portion of projects expected to be in Vietnam.,7.1,0,1,,,,,,0,2,0,0,,,,3,21,"Grant equivalents of individual PSI activities counted in ODA, equities reported ex-ante"
OECD.DCD.FSD:DSD_CRS@DF_CRS(1.6),FIN,VNM,23630,11,10000,C01,D,Q,DD,26403550,USD,2024,0.122995,2024,A,6,6,Ministry of Foreign Affairs,2011110131,76908601,Far East Asia,LMICs,10000,Central Government (recipient govt.),10,ODA,210,Interest subsidy,1,VIET/RURAL MV POWER NETWORK REHABILITATION IN FOUR PROVINCES,VIET/Rural MV Power Network Rehabilitation in four provinces,"The objective is to improve the capacity of electricity supply to meet the increasing load demand in the future, reduce power loss, ensure quality and reliability of electricity supply and reduce the selling price to households. The project has been on the drawing board for some time. The original total loan amount was estimated to be about EUR 6.0 million (1999). The project was divided into two phases and the first phase (EUR 3.5 million) has supposedly already been implemented. ELTEL applied in January 2004 for a buyer credit guarantee for the remaining amount of EUR 2.5 million but later (2005) the size of the project was raised to about EUR 9.4 million and the concessional credit requirement to about EUR 7.2 million. The present Feasibility Study proposes a concessional credit of about EUR 6.5 million.",7.1,0,0,0,0,0,0,0,0,0,0,0,,,,3,,
OECD.DCD.FSD:DSD_CRS@DF_CRS(1.6),FIN,VNM,23630,11,10000,C01,D,Q,DD,26403637,USD,2024,0.060465,2024,A,6,6,Ministry of Foreign Affairs,2014140865,76909122,Far East Asia,LMICs,10000,Recipient Government,10,ODA,110,Standard grant,1,"MINI-SCADA PROJECT, TAM KY CITY","Mini-Scada Project, Tam Ky City","The Project aims at improving reliability the power distribution system in the capital of Quang Nam Province, Tam City. The introduction of Mini-Scada is vital to minimize the system faults, reduce the risk of accidents and improve the reality of power supply. More realiable electricity supply will enhance economic growth and improve the living conditions of the habitants. The project will have no harmful environmental effects.The project meets the OECD requirements being under EUR 3,0 million and is in line with the current Finnish development policies and principles. The project owner is Central Power Cooperation",7.1,0,0,0,0,0,0,0,0,0,0,0,,,,3,,
OECD.DCD.FSD:DSD_CRS@DF_CRS(1.6),CAN,VNM,23110,11,40000,B032,D,Q,DD,26249176,USD,2024,0.486618,2024,A,6,6,Environment and Climate Change Canada,20237004980002,OGDGCXE23I011,Far East Asia,LMICs,40000,,10,ODA,110,Standard grant,1,SOUTHEAST ASIA ENERGY TRANSITION PARTNERSHIP / PARTENARIAT POUR LA TRANSITION ÉNERGÉTIQUE EN ASIE DU SUD-EST,Southeast Asia Energy Transition Partnership / Partenariat pour la transition énergétique en Asie du Sud-Est,"This project will support Canada's international climate change action, in alignment with Canada's clean energy transition goals. It will include a focus on increasing capacity to promote gender equity and empowerment, as well as advancing the phase-out of unabated coal-fired electricity.The project will provide multi year support, along with other key country partners (e.g. EU, France, Germany, Italy, Japan, UK, and the US), for the work of the International Energy Agency's Clean Energy Transitions Programme. The Programme harnesses the International Energy Agency's unique expertise, credibility, and convening power to deepen and accelerate the implementation of clean energy transitions in emerging economies. The Programme aims to advance expert level co-operation between countries/regions and assist policy makers and other relevant stakeholders in their clean energy transition priority setting and implementation activities.  This is done through high-level strategy planning, expert-level co-operation, technical capacity strengthening, and international experience sharing. / Ce projet soutiendra l'action internationale du Canada en matière de changement climatique, conformément aux objectifs du Canada en matière de transition vers l'énergie propre. Il mettra l'accent sur le renforcement de la capacité à promouvoir l'équité entre les sexes et l'autonomisation, ainsi que sur l'avancement de l'élimination progressive de l'électricité produite à partir de charbon non traité.Le projet fournira un soutien pluriannuel, avec d'autres pays partenaires clés (par exemple l'UE, la France, l'Allemagne, l'Italie, le Japon, le Royaume-Uni et les États-Unis), aux travaux du programme de transition vers l'énergie propre de l'Agence internationale de l'énergie (AIE). Ce programme exploite l'expertise, la crédibilité et le pouvoir de mobilisation uniques de l'Agence internationale de l'énergie pour approfondir et accélérer la mise en œuvre de transitions énergétiques propres dans les économies émergentes. Le programme vise à faire progresser la coopération au niveau des experts entre les pays/régions et à aider les décideurs politiques et les autres parties prenantes concernées dans leurs activités de définition des priorités et de mise en œuvre de la transition vers l'énergie propre.  Cela se fait par le biais d'une planification stratégique de haut niveau, d'une coopération au niveau des experts, d'un renforcement des capacités techniques et d'un partage d'expérience au niveau international./This project will support Canada's international climate change action, in alignment with Canada's clean energy transition goals. It will include a focus on increasing capacity to promote gender equity and empowerment, as well as advancing the phase-out of unabated coal-fired electricity.The project will provide multi year support, along with other key country partners (e.g. EU, France, Germany, Italy, Japan, UK, and the US), for the work of the International Energy Agency's Clean Energy Transitions Programme. The Programme harnesses the International Energy Agency's unique expertise, credibility, and convening power to deepen and accelerate the implementation of clean energy transitions in emerging economies. The Programme aims to advance expert level co-operation between countries/regions and assist policy makers and other relevant stakeholders in their clean energy transition priority setting and implementation activities.  This is done through high-level strategy planning, expert-level co-operation, technical capacity strengthening, and international experience sharing. / Ce projet soutiendra l'action internationale du Canada en matière de changement climatique, conformément aux objectifs du Canada en matière de transition vers l'énergie propre. Il mettra l'accent sur le renforcement de la capacité à promouvoir l'équité entre les sexes et l'autonomisation, ainsi que sur l'avancement de l'élimination progressive de l'électricité produite à partir",7;5;13,1,2,0,,0,,,0,2,0,0,0.000000,0.486600,0.000000,3,,
OECD.DCD.FSD:DSD_CRS@DF_CRS(1.6),CAN,VNM,23110,11,40000,B032,C,Q,DD,26727703,USD,2024,0.486618,2024,A,6,6,Environment and Climate Change Canada,20237004980002,OGDGCXE23I011,Far East Asia,LMICs,40000,,10,ODA,110,Standard grant,1,SOUTHEAST ASIA ENERGY TRANSITION PARTNERSHIP / PARTENARIAT POUR LA TRANSITION ÉNERGÉTIQUE EN ASIE DU SUD-EST,Southeast Asia Energy Transition Partnership / Partenariat pour la transition énergétique en Asie du Sud-Est,"This project will support Canada's international climate change action, in alignment with Canada's clean energy transition goals. It will include a focus on increasing capacity to promote gender equity and empowerment, as well as advancing the phase-out of unabated coal-fired electricity.The project will provide multi year support, along with other key country partners (e.g. EU, France, Germany, Italy, Japan, UK, and the US), for the work of the International Energy Agency's Clean Energy Transitions Programme. The Programme harnesses the International Energy Agency's unique expertise, credibility, and convening power to deepen and accelerate the implementation of clean energy transitions in emerging economies. The Programme aims to advance expert level co-operation between countries/regions and assist policy makers and other relevant stakeholders in their clean energy transition priority setting and implementation activities.  This is done through high-level strategy planning, expert-level co-operation, technical capacity strengthening, and international experience sharing. / Ce projet soutiendra l'action internationale du Canada en matière de changement climatique, conformément aux objectifs du Canada en matière de transition vers l'énergie propre. Il mettra l'accent sur le renforcement de la capacité à promouvoir l'équité entre les sexes et l'autonomisation, ainsi que sur l'avancement de l'élimination progressive de l'électricité produite à partir de charbon non traité.Le projet fournira un soutien pluriannuel, avec d'autres pays partenaires clés (par exemple l'UE, la France, l'Allemagne, l'Italie, le Japon, le Royaume-Uni et les États-Unis), aux travaux du programme de transition vers l'énergie propre de l'Agence internationale de l'énergie (AIE). Ce programme exploite l'expertise, la crédibilité et le pouvoir de mobilisation uniques de l'Agence internationale de l'énergie pour approfondir et accélérer la mise en œuvre de transitions énergétiques propres dans les économies émergentes. Le programme vise à faire progresser la coopération au niveau des experts entre les pays/régions et à aider les décideurs politiques et les autres parties prenantes concernées dans leurs activités de définition des priorités et de mise en œuvre de la transition vers l'énergie propre.  Cela se fait par le biais d'une planification stratégique de haut niveau, d'une coopération au niveau des experts, d'un renforcement des capacités techniques et d'un partage d'expérience au niveau international./This project will support Canada's international climate change action, in alignment with Canada's clean energy transition goals. It will include a focus on increasing capacity to promote gender equity and empowerment, as well as advancing the phase-out of unabated coal-fired electricity.The project will provide multi year support, along with other key country partners (e.g. EU, France, Germany, Italy, Japan, UK, and the US), for the work of the International Energy Agency's Clean Energy Transitions Programme. The Programme harnesses the International Energy Agency's unique expertise, credibility, and convening power to deepen and accelerate the implementation of clean energy transitions in emerging economies. The Programme aims to advance expert level co-operation between countries/regions and assist policy makers and other relevant stakeholders in their clean energy transition priority setting and implementation activities.  This is done through high-level strategy planning, expert-level co-operation, technical capacity strengthening, and international experience sharing. / Ce projet soutiendra l'action internationale du Canada en matière de changement climatique, conformément aux objectifs du Canada en matière de transition vers l'énergie propre. Il mettra l'accent sur le renforcement de la capacité à promouvoir l'équité entre les sexes et l'autonomisation, ainsi que sur l'avancement de l'élimination progressive de l'électricité produite à partir",7;5;13,1,2,0,,0,,,0,2,0,0,0.000000,0.486600,0.000000,3,,
OECD.DCD.FSD:DSD_CRS@DF_CRS(1.6),CAN,VNM,23181,11,60000,C01,C,Q,DD,26728979,USD,2024,0.017157,2024,A,6,6,Global Affairs Canada,20232000920001,P010407001,Far East Asia,LMICs,60000,Other non-financial corporations (in provider country),10,ODA,110,Standard grant,1,"SMALL AND MEDIUM-SIZED ENTERPRISES PROMOTE RESILIENCE, INCLUSION AND INNOVATIVE TRANSFORMATION/PETITES ET MOYENNES ENTREPRISES FAVORISENT LA RÉSILIENC","Small and Medium-Sized Enterprises Promote Resilience, Inclusion and Innovative Transformation/Petites et moyennes entreprises favorisent la résilience, l'inclusion et la transformation novatrice","This project seeks to enhance the socioeconomic wellbeing of ethnic minority women-focused small and medium-sized enterprises (SMEs) through clean growth in the agriculture sector of Yen Bai province of Vietnam. Project activities include: (1) providing technical assistance and training in inclusive business and financial management to ethnic minority women-focused micro, small and medium-sized enterprises (MSMEs), cooperatives and producer groups, (2) piloting of renewable energy and energy efficiency technology solutions, and (3) raising awareness campaigns and training to improve the ability of ethnic minority women to be active participants and leaders in clean economic growth in agriculture and to reduce barriers to their economic participation and leadership. This project aims to benefit 20,000 ethnic minority women directly, target approximately 75 MSMEs in Yen Bai province and indirectly benefit 843,000 people. Rural areas, like Yen Bai, are highly vulnerable to the impacts of climate change, given low-lying roads and a high dependence on rain-fed agriculture./Ce projet vise à améliorer le bien-être socioéconomique des petites et moyennes entreprises (PME), en mettant l'accent sur les femmes appartenant à des minorités ethniques, grâce à la croissance propre du secteur agricole de la province de Yen Bai au Vietnam. Les activités de ce projet comprennent : 1) fournir une assistance technique et une formation en gestion commerciale et financière inclusive aux microentreprises et aux petites et moyennes entreprises (MPME), aux coopératives et aux groupes de producteurs, en mettant l'accent sur les femmes appartenant à des minorités ethniques, 2) piloter des solutions technologiques en matière d'énergie renouvelable et d'efficacité énergétique, 3) lancer des campagnes de sensibilisation et d'activités de formation visant à améliorer la capacité des femmes appartenant à des minorités ethniques à participer activement à une croissance économique propre dans l'agriculture et à réduire les obstacles à leur participation économique et à leur leadership. Ce projet vise à bénéficier directement à 20 000 femmes issues de minorités ethniques, à cibler environ 75 MPME dans la province de Yen Bai et à bénéficier indirectement à 843 000 personnes. Les zones rurales, comme Yen Bai, sont très vulnérables aux effets des changements climatiques, en raison des routes dans les basses terres et de la forte dépendance à l'égard de l'agriculture pluviale.",7;5;2;15;13;12,1,2,0,0,0,0,0,0,1,1,0,0.000000,0.017200,0.000000,3,,
OECD.DCD.FSD:DSD_CRS@DF_CRS(1.6),CAN,VNM,23181,11,60000,C01,D,Q,DD,26252876,USD,2024,0.039759,2024,A,6,6,Global Affairs Canada,20232000920001,P010407001,Far East Asia,LMICs,60000,Other non-financial corporations (in provider country),10,ODA,110,Standard grant,1,"SMALL AND MEDIUM-SIZED ENTERPRISES PROMOTE RESILIENCE, INCLUSION AND INNOVATIVE TRANSFORMATION/PETITES ET MOYENNES ENTREPRISES FAVORISENT LA RÉSILIENC","Small and Medium-Sized Enterprises Promote Resilience, Inclusion and Innovative Transformation/Petites et moyennes entreprises favorisent la résilience, l'inclusion et la transformation novatrice","This project seeks to enhance the socioeconomic wellbeing of ethnic minority women-focused small and medium-sized enterprises (SMEs) through clean growth in the agriculture sector of Yen Bai province of Vietnam. Project activities include: (1) providing technical assistance and training in inclusive business and financial management to ethnic minority women-focused micro, small and medium-sized enterprises (MSMEs), cooperatives and producer groups, (2) piloting of renewable energy and energy efficiency technology solutions, and (3) raising awareness campaigns and training to improve the ability of ethnic minority women to be active participants and leaders in clean economic growth in agriculture and to reduce barriers to their economic participation and leadership. This project aims to benefit 20,000 ethnic minority women directly, target approximately 75 MSMEs in Yen Bai province and indirectly benefit 843,000 people. Rural areas, like Yen Bai, are highly vulnerable to the impacts of climate change, given low-lying roads and a high dependence on rain-fed agriculture./Ce projet vise à améliorer le bien-être socioéconomique des petites et moyennes entreprises (PME), en mettant l'accent sur les femmes appartenant à des minorités ethniques, grâce à la croissance propre du secteur agricole de la province de Yen Bai au Vietnam. Les activités de ce projet comprennent : 1) fournir une assistance technique et une formation en gestion commerciale et financière inclusive aux microentreprises et aux petites et moyennes entreprises (MPME), aux coopératives et aux groupes de producteurs, en mettant l'accent sur les femmes appartenant à des minorités ethniques, 2) piloter des solutions technologiques en matière d'énergie renouvelable et d'efficacité énergétique, 3) lancer des campagnes de sensibilisation et d'activités de formation visant à améliorer la capacité des femmes appartenant à des minorités ethniques à participer activement à une croissance économique propre dans l'agriculture et à réduire les obstacles à leur participation économique et à leur leadership. Ce projet vise à bénéficier directement à 20 000 femmes issues de minorités ethniques, à cibler environ 75 MPME dans la province de Yen Bai et à bénéficier indirectement à 843 000 personnes. Les zones rurales, comme Yen Bai, sont très vulnérables aux effets des changements climatiques, en raison des routes dans les basses terres et de la forte dépendance à l'égard de l'agriculture pluviale.",7;5;2;15;13;12,1,2,0,0,0,0,0,0,1,1,0,0.000000,0.017200,0.000000,3,,
OECD.DCD.FSD:DSD_CRS@DF_CRS(1.6),CAN,VNM,23110,11,20000,C01,D,Q,DD,26254595,USD,2024,0.228102,2024,A,6,6,Global Affairs Canada,20242003730001,P012917001,Far East Asia,LMICs,20000,Donor country-based NGO,10,ODA,110,Standard grant,1,ENABLING A HIGH-QUALITY FORESTRY CARBON MARKET IN VIETNAM/MISE EN PLACE D'UN MARCHÉ DU CARBONE FORESTIER DE HAUTE QUALITÉ AU VIETNAM,Enabling a High-Quality Forestry Carbon Market in Vietnam/Mise en place d'un marché du carbone forestier de haute qualité au Vietnam,"This project aims to improve the climate resilience of communities relying on forest ecosystems in Vietnam, especially women and Indigenous Peoples and Local Communities (IPLC).  The project seeks to achieved this by developing a high-quality, inclusive and gender-responsive forestry carbon market. It also addresses the power imbalances and barriers that IPLCs, particularly ethnic minority women, face in equitably participating in the forestry and carbon trade, ensuring consideration is given to their unique needs and climatic vulnerabilities. Given their exposure to climate change, the project supports four provinces in Vietnam: Ha Giang, Lai Chau, Son La, and Soc Trang. The three northwestern provinces (Lai Chau, Ha Giang, Son La) have experienced severe increases in temperature, with forecasts of an increase of 2-4ºC in the coming decades. Heat stress in the region is affecting forests, their biodiversity, and the availability of food and resources for IPLCs. The coastal province of Soc Trang, in the Mekong Delta, is affected by rising sea levels, causing the loss of mangroves, and impacting income-generating activities such as fishing. These provinces are among the poorest in Vietnam, with 95% of population being ethnic minority groups. Project activities include: (1) developing decision-making supporting tools for government agencies to design, implement and monitor a high-quality, inclusive and gender-responsive forestry carbon market, (2) facilitating policy dialogues at the national level between public and private sectors, civil society, and women or IPLCs-led organizations, for the design of legal frameworks that support high-quality, inclusive and gender-responsive forestry carbon market development, (3) training private sector actors on social, climate and biodiversity integrity principles for high-quality, inclusive and gender-responsive forestry carbon market development, and (4) developing guidelines and a toolbox to support community members, especially ethnic minority women and IPLCs and their enterprises, in designing and implementing high-quality, inclusive and gender-responsive forestry carbon projects that promote equitable and sustainable forest management. The project estimates 12,000 direct beneficiaries (6,000 women) and 244,125 indirect beneficiaries (122,063 ethnic minority women). This project also aims to support 400 decision-makers and 410 private sector actors./Ce projet vise à améliorer la résilience climatique des communautés qui dépendent des écosystèmes forestiers au Vietnam, en particulier les femmes et les peuples autochtones et les collectivités locales. Le projet vise à atteindre cet objectif en créant un marché du carbone forestier de haute qualité, inclusif et qui favorise l'égalité des genres. Il s'attaque également aux déséquilibres de pouvoir et aux obstacles auxquels sont confrontés les peuples autochtones et les collectivités locales, en particulier les femmes appartenant à des minorités ethniques, pour participer équitablement à la sylviculture et au commerce du carbone, en veillant à ce que leurs besoins uniques et leurs vulnérabilités devant les changements climatiques soient pris en considération. Le projet intervient dans quatre provinces du Vietnam caractérisées par leur vulnérabilité aux changements climatiques : Ha Giang, Lai Chau, Son La et Soc Trang. Les trois provinces du nord-ouest (Lai Chau, Ha Giang, Son La) ont connu de fortes hausses de température et l'on prévoit une augmentation de 2° à 4° C dans les décennies à venir. Le stress thermique dans la région affecte les forêts, leur biodiversité et la disponibilité de nourriture et de ressources pour les communautés autochtones et les collectivités locales. La province côtière de Soc Trang, dans le delta du Mékong, est touchée par l'élévation du niveau de la mer, qui entraîne la disparition des mangroves et des répercussions sur les activités créatrices de revenus telles que la pêche. Ces provinces comptent parmi les",7;5;15;13;11,1,2,0,0,0,0,0,1,2,2,0,0.000000,0.000000,0.000000,3,,
OECD.DCD.FSD:DSD_CRS@DF_CRS(1.6),AUS,VNM,23110,11,60000,C01,C,Q,DD,26691933,USD,2024,0.752044,2024,A,6,6,Australian Government,2024001081,INN037,Far East Asia,LMICs,60000,Other non-financial corporations (in provider country),10,ODA,110,Standard grant,1,PARTNERSHIPS FOR INFRASTRUCTURE (P4I),Partnerships for Infrastructure (P4I),"P4I's goal is to contribute to 'quality infrastructure development that drives sustainable, inclusive, and resilient growth in Southeast Asia'. The end-of-investment outcomes are 'Southeast Asian agencies improve decision-making and practise towards quality infrastructure' and 'Strong partnerships among Australian and Southeast Asian government agencies and other institutions build regional commitment to quality infrastructure investment'. P4I focusses on the transport, energy, and telecommunications sectors, and integrates cross-cutting issues of climate change, gender equality and social inclusion.",7.b;7.a;7.2;7.1;5.1;11.5,1,0,0,0,1,0,0,0,0,0,0,0.000000,0.752000,,8,,
OECD.DCD.FSD:DSD_CRS@DF_CRS(1.6),AUS,VNM,23110,11,60000,C01,D,Q,DD,26203288,USD,2024,0.752044,2024,A,6,6,Australian Government,2024001081,INN037,Far East Asia,LMICs,60000,Other non-financial corporations (in provider country),10,ODA,110,Standard grant,1,PARTNERSHIPS FOR INFRASTRUCTURE (P4I),Partnerships for Infrastructure (P4I),"P4I's goal is to contribute to 'quality infrastructure development that drives sustainable, inclusive, and resilient growth in Southeast Asia'. The end-of-investment outcomes are 'Southeast Asian agencies improve decision-making and practise towards quality infrastructure' and 'Strong partnerships among Australian and Southeast Asian government agencies and other institutions build regional commitment to quality infrastructure investment'. P4I focusses on the transport, energy, and telecommunications sectors, and integrates cross-cutting issues of climate change, gender equality and social inclusion.",7.b;7.a;7.2;7.1;5.1;11.5,1,0,0,0,1,0,0,0,0,0,0,0.000000,0.752000,,8,,
OECD.DCD.FSD:DSD_CRS@DF_CRS(1.6),AUS,VNM,23110,11,40000,C01,D,Q,DD,26194128,USD,2024,0.036289,2024,A,6,6,Australian Government,2024001839,INN683,Far East Asia,LMICs,40000,Mekong River Commission ,10,ODA,110,Standard grant,1,SUPPORTING MEKONG ARCHITECTURE – MEKONG RIVER COMMISSION,Supporting Mekong Architecture – Mekong River Commission,"The Mekong River Commission (MRC) is a treaty-based, inter-governmental river basin organisation (RBO) with a mandate to guide sustainable and equitable use of water and related resources in the Mekong River Basin.  Australia is a long-standing development partner to the MRC.Australia provides core funding to support implementation of the Mekong River Commission (MRC) Strategic Plan (SP 2021-25) and Mekong Basin Development Strategy (BDS) 2021-30. The funds are used for national and regional activities to promote transboundary cooperation. Additionally, Australia provides technical assistance (TA) to MRC via eWater to strengthen data and information systems and via Australian Water Partnership for smaller targeted TA. Collectively, Australia's support contributes to MRC's five strategic outcomes and vision of an economically prosperous, socially just, environmentally sound and climate resilient Mekong River Basin.",7.2;7.1;6.b;6.a;6.6;6.5;5.1;17.14;16;13.1,1,2,1,0,0,0,0,2,0,1,0,0.000000,0.036300,,8,,
OECD.DCD.FSD:DSD_CRS@DF_CRS(1.6),AUS,VNM,23220,11,50000,C01,D,Q,DD,26204935,USD,2024,0.055798,2024,A,6,6,Australian Government,2024004795,INO335,Far East Asia,LMICs,50000,"University, college or other teaching institution, research institute or think-tank",10,ODA,110,Standard grant,1,SUPPORT TO MRC ON PUMPED STORAGE HYDROPOWER STUDY,Support to MRC on Pumped Storage Hydropower Study,"This investment supports the Mekong River Commission's Proactive Regional Planning Project. It provides the Commission with technical assistance and analysis to assess opportunities for integrated water-energy planning, including pumped-storage hydropower. The investment also provides related technical assistance to the Commission's Member Countries. The goal of the investment is to support the Commission and Mekong countries to a) use water resources more flexibly to deliver a broader range of services, b) accelerate energy transition, and c) undertake sustainable development with low environmental and social impacts.",7.b;7.a;7.2;7.1;15.a;13.1,0,2,0,0,0,0,0,1,2,1,0,0.000000,0.055800,,8,,
OECD.DCD.FSD:DSD_CRS@DF_CRS(1.6),AUS,VNM,23210,11,50000,C01,C,Q,DD,26694133,USD,2024,0.055798,2024,A,6,6,Australian Government,2024004795,INO335,Far East Asia,LMICs,50000,"University, college or other teaching institution, research institute or think-tank",10,ODA,110,Standard grant,1,SUPPORT TO MRC ON PUMPED STORAGE HYDROPOWER STUDY,Support to MRC on Pumped Storage Hydropower Study,"This investment supports the Mekong River Commission's Proactive Regional Planning Project. It provides the Commission with technical assistance and analysis to assess opportunities for integrated water-energy planning, including pumped-storage hydropower. The investment also provides related technical assistance to the Commission's Member Countries. The goal of the investment is to support the Commission and Mekong countries to a) use water resources more flexibly to deliver a broader range of services, b) accelerate energy transition, and c) undertake sustainable development with low environmental and social impacts.",7.b;7.a;7.2;7.1;15.a;13.1,0,2,0,0,0,0,0,1,2,1,0,0.000000,0.055800,,8,,
OECD.DCD.FSD:DSD_CRS@DF_CRS(1.6),AUS,VNM,23110,11,40000,C01,C,Q,DD,26688940,USD,2024,0.036289,2024,A,6,6,Australian Government,2024001839,INN683,Far East Asia,LMICs,40000,Mekong River Commission ,10,ODA,110,Standard grant,1,SUPPORTING MEKONG ARCHITECTURE – MEKONG RIVER COMMISSION,Supporting Mekong Architecture – Mekong River Commission,"The Mekong River Commission (MRC) is a treaty-based, inter-governmental river basin organisation (RBO) with a mandate to guide sustainable and equitable use of water and related resources in the Mekong River Basin.  Australia is a long-standing development partner to the MRC.Australia provides core funding to support implementation of the Mekong River Commission (MRC) Strategic Plan (SP 2021-25) and Mekong Basin Development Strategy (BDS) 2021-30. The funds are used for national and regional activities to promote transboundary cooperation. Additionally, Australia provides technical assistance (TA) to MRC via eWater to strengthen data and information systems and via Australian Water Partnership for smaller targeted TA. Collectively, Australia's support contributes to MRC's five strategic outcomes and vision of an economically prosperous, socially just, environmentally sound and climate resilient Mekong River Basin.",7.2;7.1;6.b;6.a;6.6;6.5;5.1;17.14;16;13.1,1,2,1,0,0,0,0,2,0,1,0,0.000000,0.036300,,8,,
OECD.DCD.FSD:DSD_CRS@DF_CRS(1.6),AUS,VNM,23220,11,50000,C01,C,Q,DD,26694135,USD,2024,0.055798,2024,A,6,6,Australian Government,2024004795,INO335,Far East Asia,LMICs,50000,"University, college or other teaching institution, research institute or think-tank",10,ODA,110,Standard grant,1,SUPPORT TO MRC ON PUMPED STORAGE HYDROPOWER STUDY,Support to MRC on Pumped Storage Hydropower Study,"This investment supports the Mekong River Commission's Proactive Regional Planning Project. It provides the Commission with technical assistance and analysis to assess opportunities for integrated water-energy planning, including pumped-storage hydropower. The investment also provides related technical assistance to the Commission's Member Countries. The goal of the investment is to support the Commission and Mekong countries to a) use water resources more flexibly to deliver a broader range of services, b) accelerate energy transition, and c) undertake sustainable development with low environmental and social impacts.",7.b;7.a;7.2;7.1;15.a;13.1,0,2,0,0,0,0,0,1,2,1,0,0.000000,0.055800,,8,,
OECD.DCD.FSD:DSD_CRS@DF_CRS(1.6),AUS,VNM,23210,11,50000,C01,D,Q,DD,26204934,USD,2024,0.055798,2024,A,6,6,Australian Government,2024004795,INO335,Far East Asia,LMICs,50000,"University, college or other teaching institution, research institute or think-tank",10,ODA,110,Standard grant,1,SUPPORT TO MRC ON PUMPED STORAGE HYDROPOWER STUDY,Support to MRC on Pumped Storage Hydropower Study,"This investment supports the Mekong River Commission's Proactive Regional Planning Project. It provides the Commission with technical assistance and analysis to assess opportunities for integrated water-energy planning, including pumped-storage hydropower. The investment also provides related technical assistance to the Commission's Member Countries. The goal of the investment is to support the Commission and Mekong countries to a) use water resources more flexibly to deliver a broader range of services, b) accelerate energy transition, and c) undertake sustainable development with low environmental and social impacts.",7.b;7.a;7.2;7.1;15.a;13.1,0,2,0,0,0,0,0,1,2,1,0,0.000000,0.055800,,8,,
OECD.DCD.FSD:DSD_CRS@DF_CRS(1.6),AUS,VNM,23210,11,60000,C01,D,Q,DD,26199804,USD,2024,1.979414,2024,A,6,6,Australian Government,2024002864,INO146,Far East Asia,LMICs,60000,"Holding companies, trusts and Special Purpose Vehicles (in provider country)",10,ODA,110,Standard grant,1,AUSTRALIA-VIETNAM ENERGY TRANSITION PLATFORM (AVETP),Australia-Vietnam Energy Transition Platform (AVETP),"The Australia-Vietnam Energy Transition Platform (AVETP) is a climate finance mechanism to leverage private sector investment into the net zero transition in Vietnam. An allocation of $17 million will support the Renewable Energy Access and Capital Markets for Climate Action funds, as well as new opportunities in green infrastructure projects identified by InfraCo Asia and GuarantCo, through the Private Infrastructure Development Group. AVETP also includes a $3 million allocation for funds targeting small-and-medium enterprises through Australian Development Investments.",7.b;7.a;7.2;7.1;13.1,0,2,0,0,0,0,0,0,2,1,0,0.000000,1.979400,,8,,
OECD.DCD.FSD:DSD_CRS@DF_CRS(1.6),AUS,VNM,23210,11,60000,C01,C,Q,DD,26689527,USD,2024,1.979414,2024,A,6,6,Australian Government,2024002864,INO146,Far East Asia,LMICs,60000,"Holding companies, trusts and Special Purpose Vehicles (in provider country)",10,ODA,110,Standard grant,1,AUSTRALIA-VIETNAM ENERGY TRANSITION PLATFORM (AVETP),Australia-Vietnam Energy Transition Platform (AVETP),"The Australia-Vietnam Energy Transition Platform (AVETP) is a climate finance mechanism to leverage private sector investment into the net zero transition in Vietnam. An allocation of $17 million will support the Renewable Energy Access and Capital Markets for Climate Action funds, as well as new opportunities in green infrastructure projects identified by InfraCo Asia and GuarantCo, through the Private Infrastructure Development Group. AVETP also includes a $3 million allocation for funds targeting small-and-medium enterprises through Australian Development Investments.",7.b;7.a;7.2;7.1;13.1,0,2,0,0,0,0,0,0,2,1,0,0.000000,1.979400,,8,,
OECD.DCD.FSD:DSD_CRS@DF_CRS(1.6),AUS,VNM,23110,11,60000,C01,D,Q,DD,26199187,USD,2024,0.081056,2024,A,6,6,Australian Government,2024002650,INO032,Far East Asia,LMICs,60000,Private sector in provider country,10,ODA,110,Standard grant,1,AUSTRALIA-VIETNAM PARTNERSHIP FOR ECONOMIC GROWTH (AUS4GROWTH),Australia-Vietnam Partnership for Economic Growth (Aus4Growth),"This investment aim to close gaps in Vietnam's policy and practice to support enhanced economic growth, trade and investment, clean energy and transport, inclusion, and digital acceleration. The investment's objective is to boost trade, investment and inclusion, strengthen the economic partnership, and expand cooperation on climate and energy to contribute to global emission reductions. Aus4Growth is designed to support Vietnam's economic growth, and implementation of the Australia Vietnam Enhanced Economic Engagement Strategy and Comprehensive Strategic Partnership.",9.1;7.a;7.2;7.1;5.1;17.14;15;14;13.1;11.2,1,1,0,0,0,0,0,0,1,0,0,0.000000,0.081100,,8,,
OECD.DCD.FSD:DSD_CRS@DF_CRS(1.6),AUS,VNM,23110,11,40000,C01,D,Q,DD,26199180,USD,2024,0.013946,2024,A,6,6,Australian Government,2024002649,INO032,Far East Asia,LMICs,40000,OECD Development Centre ,10,ODA,110,Standard grant,1,AUSTRALIA-VIETNAM PARTNERSHIP FOR ECONOMIC GROWTH (AUS4GROWTH),Australia-Vietnam Partnership for Economic Growth (Aus4Growth),"This investment aim to close gaps in Vietnam's policy and practice to support enhanced economic growth, trade and investment, clean energy and transport, inclusion, and digital acceleration. The investment's objective is to boost trade, investment and inclusion, strengthen the economic partnership, and expand cooperation on climate and energy to contribute to global emission reductions. Aus4Growth is designed to support Vietnam's economic growth, and implementation of the Australia Vietnam Enhanced Economic Engagement Strategy and Comprehensive Strategic Partnership.",9.1;7.a;7.2;7.1;5.1;17.14;15;14;13.1;11.2,1,1,0,0,0,0,0,0,1,0,0,0.000000,0.013900,,8,,
OECD.DCD.FSD:DSD_CRS@DF_CRS(1.6),AUS,VNM,23110,11,40000,C01,C,Q,DD,26688741,USD,2024,0.013946,2024,A,6,6,Australian Government,2024002649,INO032,Far East Asia,LMICs,40000,OECD Development Centre ,10,ODA,110,Standard grant,1,AUSTRALIA-VIETNAM PARTNERSHIP FOR ECONOMIC GROWTH (AUS4GROWTH),Australia-Vietnam Partnership for Economic Growth (Aus4Growth),"This investment aim to close gaps in Vietnam's policy and practice to support enhanced economic growth, trade and investment, clean energy and transport, inclusion, and digital acceleration. The investment's objective is to boost trade, investment and inclusion, strengthen the economic partnership, and expand cooperation on climate and energy to contribute to global emission reductions. Aus4Growth is designed to support Vietnam's economic growth, and implementation of the Australia Vietnam Enhanced Economic Engagement Strategy and Comprehensive Strategic Partnership.",9.1;7.a;7.2;7.1;5.1;17.14;15;14;13.1;11.2,1,1,0,0,0,0,0,0,1,0,0,0.000000,0.013900,,8,,
OECD.DCD.FSD:DSD_CRS@DF_CRS(1.6),AUS,VNM,23110,11,60000,C01,D,Q,DD,26199202,USD,2024,0.071025,2024,A,6,6,Australian Government,2024002652,INO032,Far East Asia,LMICs,60000,Private sector in recipient country,10,ODA,110,Standard grant,1,AUSTRALIA-VIETNAM PARTNERSHIP FOR ECONOMIC GROWTH (AUS4GROWTH),Australia-Vietnam Partnership for Economic Growth (Aus4Growth),"This investment aim to close gaps in Vietnam's policy and practice to support enhanced economic growth, trade and investment, clean energy and transport, inclusion, and digital acceleration. The investment's objective is to boost trade, investment and inclusion, strengthen the economic partnership, and expand cooperation on climate and energy to contribute to global emission reductions. Aus4Growth is designed to support Vietnam's economic growth, and implementation of the Australia Vietnam Enhanced Economic Engagement Strategy and Comprehensive Strategic Partnership.",9.1;7.a;7.2;7.1;5.1;17.14;15;14;13.1;11.2,1,1,0,0,0,0,0,0,1,0,0,0.000000,0.071000,,8,,
OECD.DCD.FSD:DSD_CRS@DF_CRS(1.6),AUS,VNM,23110,11,10000,C01,D,Q,DD,26199172,USD,2024,0.000159,2024,A,6,6,Australian Government,2024002648,INO032,Far East Asia,LMICs,10000,Central Government (donor govt.),10,ODA,110,Standard grant,1,AUSTRALIA-VIETNAM PARTNERSHIP FOR ECONOMIC GROWTH (AUS4GROWTH),Australia-Vietnam Partnership for Economic Growth (Aus4Growth),"This investment aim to close gaps in Vietnam's policy and practice to support enhanced economic growth, trade and investment, clean energy and transport, inclusion, and digital acceleration. The investment's objective is to boost trade, investment and inclusion, strengthen the economic partnership, and expand cooperation on climate and energy to contribute to global emission reductions. Aus4Growth is designed to support Vietnam's economic growth, and implementation of the Australia Vietnam Enhanced Economic Engagement Strategy and Comprehensive Strategic Partnership.",9.1;7.a;7.2;7.1;5.1;17.14;15;14;13.1;11.2,1,1,0,0,0,0,0,0,1,0,0,0.000000,0.000200,,8,,
OECD.DCD.FSD:DSD_CRS@DF_CRS(1.6),AUS,VNM,23110,11,60000,C01,C,Q,DD,26688745,USD,2024,0.081056,2024,A,6,6,Australian Government,2024002650,INO032,Far East Asia,LMICs,60000,Private sector in provider country,10,ODA,110,Standard grant,1,AUSTRALIA-VIETNAM PARTNERSHIP FOR ECONOMIC GROWTH (AUS4GROWTH),Australia-Vietnam Partnership for Economic Growth (Aus4Growth),"This investment aim to close gaps in Vietnam's policy and practice to support enhanced economic growth, trade and investment, clean energy and transport, inclusion, and digital acceleration. The investment's objective is to boost trade, investment and inclusion, strengthen the economic partnership, and expand cooperation on climate and energy to contribute to global emission reductions. Aus4Growth is designed to support Vietnam's economic growth, and implementation of the Australia Vietnam Enhanced Economic Engagement Strategy and Comprehensive Strategic Partnership.",9.1;7.a;7.2;7.1;5.1;17.14;15;14;13.1;11.2,1,1,0,0,0,0,0,0,1,0,0,0.000000,0.081100,,8,,
OECD.DCD.FSD:DSD_CRS@DF_CRS(1.6),AUS,VNM,23110,11,60000,C01,C,Q,DD,26688753,USD,2024,0.071025,2024,A,6,6,Australian Government,2024002652,INO032,Far East Asia,LMICs,60000,Private sector in recipient country,10,ODA,110,Standard grant,1,AUSTRALIA-VIETNAM PARTNERSHIP FOR ECONOMIC GROWTH (AUS4GROWTH),Australia-Vietnam Partnership for Economic Growth (Aus4Growth),"This investment aim to close gaps in Vietnam's policy and practice to support enhanced economic growth, trade and investment, clean energy and transport, inclusion, and digital acceleration. The investment's objective is to boost trade, investment and inclusion, strengthen the economic partnership, and expand cooperation on climate and energy to contribute to global emission reductions. Aus4Growth is designed to support Vietnam's economic growth, and implementation of the Australia Vietnam Enhanced Economic Engagement Strategy and Comprehensive Strategic Partnership.",9.1;7.a;7.2;7.1;5.1;17.14;15;14;13.1;11.2,1,1,0,0,0,0,0,0,1,0,0,0.000000,0.071000,,8,,
OECD.DCD.FSD:DSD_CRS@DF_CRS(1.6),AUS,VNM,23110,11,60000,C01,D,Q,DD,26199193,USD,2024,0.005958,2024,A,6,6,Australian Government,2024002651,INO032,Far East Asia,LMICs,60000,Other non-financial corporations (in provider country),10,ODA,110,Standard grant,1,AUSTRALIA-VIETNAM PARTNERSHIP FOR ECONOMIC GROWTH (AUS4GROWTH),Australia-Vietnam Partnership for Economic Growth (Aus4Growth),"This investment aim to close gaps in Vietnam's policy and practice to support enhanced economic growth, trade and investment, clean energy and transport, inclusion, and digital acceleration. The investment's objective is to boost trade, investment and inclusion, strengthen the economic partnership, and expand cooperation on climate and energy to contribute to global emission reductions. Aus4Growth is designed to support Vietnam's economic growth, and implementation of the Australia Vietnam Enhanced Economic Engagement Strategy and Comprehensive Strategic Partnership.",9.1;7.a;7.2;7.1;5.1;17.14;15;14;13.1;11.2,1,1,0,0,0,0,0,0,1,0,0,0.000000,0.006000,,8,,
OECD.DCD.FSD:DSD_CRS@DF_CRS(1.6),AUS,VNM,23110,11,10000,C01,C,Q,DD,26688737,USD,2024,0.000159,2024,A,6,6,Australian Government,2024002648,INO032,Far East Asia,LMICs,10000,Central Government (donor govt.),10,ODA,110,Standard grant,1,AUSTRALIA-VIETNAM PARTNERSHIP FOR ECONOMIC GROWTH (AUS4GROWTH),Australia-Vietnam Partnership for Economic Growth (Aus4Growth),"This investment aim to close gaps in Vietnam's policy and practice to support enhanced economic growth, trade and investment, clean energy and transport, inclusion, and digital acceleration. The investment's objective is to boost trade, investment and inclusion, strengthen the economic partnership, and expand cooperation on climate and energy to contribute to global emission reductions. Aus4Growth is designed to support Vietnam's economic growth, and implementation of the Australia Vietnam Enhanced Economic Engagement Strategy and Comprehensive Strategic Partnership.",9.1;7.a;7.2;7.1;5.1;17.14;15;14;13.1;11.2,1,1,0,0,0,0,0,0,1,0,0,0.000000,0.000200,,8,,
OECD.DCD.FSD:DSD_CRS@DF_CRS(1.6),AUS,VNM,23110,11,60000,C01,C,Q,DD,26688749,USD,2024,0.005958,2024,A,6,6,Australian Government,2024002651,INO032,Far East Asia,LMICs,60000,Other non-financial corporations (in provider country),10,ODA,110,Standard grant,1,AUSTRALIA-VIETNAM PARTNERSHIP FOR ECONOMIC GROWTH (AUS4GROWTH),Australia-Vietnam Partnership for Economic Growth (Aus4Growth),"This investment aim to close gaps in Vietnam's policy and practice to support enhanced economic growth, trade and investment, clean energy and transport, inclusion, and digital acceleration. The investment's objective is to boost trade, investment and inclusion, strengthen the economic partnership, and expand cooperation on climate and energy to contribute to global emission reductions. Aus4Growth is designed to support Vietnam's economic growth, and implementation of the Australia Vietnam Enhanced Economic Engagement Strategy and Comprehensive Strategic Partnership.",9.1;7.a;7.2;7.1;5.1;17.14;15;14;13.1;11.2,1,1,0,0,0,0,0,0,1,0,0,0.000000,0.006000,,8,,
OECD.DCD.FSD:DSD_CRS@DF_CRS(1.6),AUS,VNM,23110,11,20000,C01,C,Q,DD,26687699,USD,2024,0.047232,2024,A,6,6,Australian Government,2024001540,INN464,Far East Asia,LMICs,20000,Donor country-based NGO,10,ODA,110,Standard grant,1,INCLUSIVE WATER GOVERNANCE AND STRENGTHENING CLIMATE RESILIENCE IN THE MEKONG REGION,Inclusive Water Governance and Strengthening Climate Resilience in the Mekong Region,"Building on previous Oxfam Inclusion Project, this investment has two complementary activities supporting civil society organizations (CSO) and community and women leaders to participate in water governance decision-making and strengthen community climate resilience in the Mekong sub-region. The investment supports civil society organizations partners, women leaders and communities in Cambodia, Laos, Myanmar, Thailand and Vietnam to engage with governments, inter-governmental bodies and the private sector in water resource governance, planning and development. It also supports targeted community and local authorities in the region to strengthen their disaster risk management and climate change adaptation through better access and use of hydro-meteorological data and awareness raising.",6.b;6.a;6.5;17.14;16.6;15;14;13.1;10.2,2,1,1,0,0,0,1,0,0,1,0,0.000000,0.047200,,8,,
OECD.DCD.FSD:DSD_CRS@DF_CRS(1.6),AUS,VNM,23110,11,20000,C01,D,Q,DD,26206685,USD,2024,0.047232,2024,A,6,6,Australian Government,2024001540,INN464,Far East Asia,LMICs,20000,Donor country-based NGO,10,ODA,110,Standard grant,1,INCLUSIVE WATER GOVERNANCE AND STRENGTHENING CLIMATE RESILIENCE IN THE MEKONG REGION,Inclusive Water Governance and Strengthening Climate Resilience in the Mekong Region,"Building on previous Oxfam Inclusion Project, this investment has two complementary activities supporting civil society organizations (CSO) and community and women leaders to participate in water governance decision-making and strengthen community climate resilience in the Mekong sub-region. The investment supports civil society organizations partners, women leaders and communities in Cambodia, Laos, Myanmar, Thailand and Vietnam to engage with governments, inter-governmental bodies and the private sector in water resource governance, planning and development. It also supports targeted community and local authorities in the region to strengthen their disaster risk management and climate change adaptation through better access and use of hydro-meteorological data and awareness raising.",6.b;6.a;6.5;17.14;16.6;15;14;13.1;10.2,2,1,1,0,0,0,1,0,0,1,0,0.000000,0.047200,,8,,
OECD.DCD.FSD:DSD_CRS@DF_CRS(1.6),AUS,VNM,23210,11,20000,C01,C,Q,DD,26689217,USD,2024,0.00291,2024,A,6,6,Australian Government,2024005358,INO560,Far East Asia,LMICs,20000,Donor country-based NGO,10,ODA,110,Standard grant,1,AUS PEOPLE FOR HEALTH EDU AND DEVELOPMENT ABROAD 2024 - 2029,Aus People for Health Edu and Development Abroad 2024 - 2029,"The ANCP is a unique Australian aid program. It is a partnership between the Australian Government and accredited Australian NGOs. For 50 years, this partnership has contributed to sustainable economic growth and poverty reduction in some of the world's poorest countries. The ANCP is the Australian Government's longest running and largest NGO program.",6.b;6.3;5.5;5.1;16;15;14;13.1;10.2,1,1,1,0,0,0,1,2,1,1,0,0.000000,0.002900,,8,,
OECD.DCD.FSD:DSD_CRS@DF_CRS(1.6),AUS,VNM,23210,11,20000,C01,D,Q,DD,26204180,USD,2024,0.00291,2024,A,6,6,Australian Government,2024005358,INO560,Far East Asia,LMICs,20000,Donor country-based NGO,10,ODA,110,Standard grant,1,AUS PEOPLE FOR HEALTH EDU AND DEVELOPMENT ABROAD 2024 - 2029,Aus People for Health Edu and Development Abroad 2024 - 2029,"The ANCP is a unique Australian aid program. It is a partnership between the Australian Government and accredited Australian NGOs. For 50 years, this partnership has contributed to sustainable economic growth and poverty reduction in some of the world's poorest countries. The ANCP is the Australian Government's longest running and largest NGO program.",6.b;6.3;5.5;5.1;16;15;14;13.1;10.2,1,1,1,0,0,0,1,2,1,1,0,0.000000,0.002900,,8,,
OECD.DCD.FSD:DSD_CRS@DF_CRS(1.6),USA,VNM,23210,11,60000,C01,C,Q,DD,26807930,USD,2024,3.5,2024,A,6,6,Agency for International Development,2024025284B,76_73322,Far East Asia,LMICs,60000,Private sector in recipient country,10,ODA,110,Standard grant,1,V-LEEP II,V-LEEP II,Vietnam Low Emission Energy Program II (V-LEEP II),,1,0,0,0,0,0,,0,0,0,,,3.500000,,1,,
OECD.DCD.FSD:DSD_CRS@DF_CRS(1.6),USA,VNM,23210,11,60000,C01,D,Q,DD,26353861,USD,2024,6.128452,2024,A,6,6,Agency for International Development,2024025284A,76_73322,Far East Asia,LMICs,60000,Private sector in recipient country,10,ODA,110,Standard grant,1,V-LEEP II,V-LEEP II,Vietnam Low Emission Energy Program II (V-LEEP II),,1,0,0,0,0,0,,0,0,0,,,2.721500,,1,,
OECD.DCD.FSD:DSD_CRS@DF_CRS(1.6),USA,VNM,23210,11,60000,C01,C,Q,DD,26807929,USD,2024,2.721537,2024,A,6,6,Agency for International Development,2024025284A,76_73322,Far East Asia,LMICs,60000,Private sector in recipient country,10,ODA,110,Standard grant,1,V-LEEP II,V-LEEP II,Vietnam Low Emission Energy Program II (V-LEEP II),,1,0,0,0,0,0,,0,0,0,,,2.721500,,1,,
OECD.DCD.FSD:DSD_CRS@DF_CRS(1.6),BEL,VNM,23182,11,20000,C01,C,Q,DD,26746416,USD,2024,0.032446,2024,A,6,6,provinces/municipalities,2024010286,6055,Far East Asia,LMICs,20000,Donor country-based NGO,10,ODA,110,Standard grant,1,PROVINCE VLAAMS-BRABANT - MEASURES FOR CLIMATE MITIGATION AND ADAPTATION IN VULNERABLE URBAN NEIGHBORHOODS IN VIETNAM,Province Vlaams-Brabant - Measures for climate mitigation and adaptation in vulnerable urban neighborhoods in Vietnam,,7,,,,,,,,,,,,,0.032400,,8,,
OECD.DCD.FSD:DSD_CRS@DF_CRS(1.6),BEL,VNM,23182,11,20000,C01,D,Q,DD,26272225,USD,2024,0.032446,2024,A,6,6,provinces/municipalities,2024010286,6055,Far East Asia,LMICs,20000,Donor country-based NGO,10,ODA,110,Standard grant,1,PROVINCE VLAAMS-BRABANT - MEASURES FOR CLIMATE MITIGATION AND ADAPTATION IN VULNERABLE URBAN NEIGHBORHOODS IN VIETNAM,Province Vlaams-Brabant - Measures for climate mitigation and adaptation in vulnerable urban neighborhoods in Vietnam,,7,,,,,,,,,,,,,0.032400,,8,,
OECD.DCD.FSD:DSD_CRS@DF_CRS(1.6),FIN,VNM,23630,11,10000,C01,D,Q,DD,26403638,USD,2024,0.060465,2024,A,6,6,Ministry of Foreign Affairs,2014140866,76909123,Far East Asia,LMICs,10000,Recipient Government,10,ODA,110,Standard grant,1,"MINISCADA PROJECT, PLEIKU CITY, GIA LAI PROVINCE","MiniScada Project, Pleiku City, Gia Lai province","The Project aims at improving reliability the power distribution system in the capital of Gia Lai province, Peliku City. The introduction of Mini-Scada is vital to minimize the system faults, reduce the risk of accidents and improve the reality of power supply. More realiable electricity supply will enhance economic growth and improve the living conditions of the habitants. The project will have no harmful environmental effects.The project meets the OECD requirements being under EUR 3,0 million and is in line with the current Finnish development policies and principles. The project owner is Central Power Cooperation",7.1,0,0,0,0,0,0,0,0,0,0,0,,,,3,,
