DATAFLOW,DONOR,RECIPIENT,SECTOR,MEASURE,CHANNEL,MODALITY,FLOW_TYPE,PRICE_BASE,MD_DIM,MD_ID,UNIT_MEASURE,TIME_PERIOD,OBS_VALUE,BASE_PER,OBS_STATUS,UNIT_MULT,DECIMALS,DONOR_AGENCY,OECD_ID,DONOR_PROJECT_ID,REGION,INCOME_GROUP,CHANNELDELIVERY_CODE,CHANNELDELIVERY_NAME,CATEGORY_CODE,CATEGORY_NAME,FINANCETYPE_CODE,FINANCETYPE_NAME,BIMULTI_CODE,SHORT_DESCRIPTION,PROJECT_TITLE,LONG_DESCRIPTION,SDG_FOCUS,GENDER_EQUALITY,ENVIRONMENT,GOVERNANCE,RMNCH,DRR,NUTRITION,DISABILITY,BIODIVERSITY,CLIMATE_MITIGATION,CLIMATE_ADAPTATION,DESERTIFICATION,AMOUNT_TIED,AMOUNT_UNTIED,AMOUNT_PARTIALLY_UNTIED,NATURE_OF_SUBMISSION,PSIFLAG_CODE,PSIFLAG_NAME
OECD.DCD.FSD:DSD_CRS@DF_CRS(1.6),9OTH011,VNM,23210,11,40000,C01,C,Q,DD,22289140,USD,2023,0.174058,2024,A,6,6,GEF Trust Fund,2023000625,11094,Far East Asia,LMICs,40000,United Nations Development Programme ,10,ODA,110,Standard grant,4,LD STAR ALLOCATION: IPS,Supporting the implementation of net-zero nature-positive (NZNP) solutions in Viet Nam,Supporting the implementation of net-zero nature-positive (NZNP) solutions in Viet Nam,9;8;7;5;17;12;11,,,,,,,,0,0,0,0,,,,1,,
OECD.DCD.FSD:DSD_CRS@DF_CRS(1.6),9OTH011,VNM,23210,11,40000,C01,C,Q,DD,22289131,USD,2023,0.522175,2024,A,6,6,GEF Trust Fund,2023000621,11094,Far East Asia,LMICs,40000,United Nations Development Programme ,10,ODA,110,Standard grant,4,CC IP MATCHING INCENTIVES,Supporting the implementation of net-zero nature-positive (NZNP) solutions in Viet Nam,Supporting the implementation of net-zero nature-positive (NZNP) solutions in Viet Nam,9;8;7;5;17;12;11,,,,,,,,0,0,0,0,,,,1,,
OECD.DCD.FSD:DSD_CRS@DF_CRS(1.6),9OTH011,VNM,23210,11,40000,C01,C,Q,DD,22289134,USD,2023,1.566524,2024,A,6,6,GEF Trust Fund,2023000622,11094,Far East Asia,LMICs,40000,United Nations Development Programme ,10,ODA,110,Standard grant,4,CC STAR ALLOCATION: IPS,Supporting the implementation of net-zero nature-positive (NZNP) solutions in Viet Nam,Supporting the implementation of net-zero nature-positive (NZNP) solutions in Viet Nam,9;8;7;5;17;12;11,,,,,,,,0,0,0,0,,,,1,,
OECD.DCD.FSD:DSD_CRS@DF_CRS(1.6),9OTH011,VNM,23210,11,40000,C01,C,Q,DD,22289137,USD,2023,0.116038,2024,A,6,6,GEF Trust Fund,2023000624,11094,Far East Asia,LMICs,40000,United Nations Development Programme ,10,ODA,110,Standard grant,4,BD IP MATCHING INCENTIVES,Supporting the implementation of net-zero nature-positive (NZNP) solutions in Viet Nam,Supporting the implementation of net-zero nature-positive (NZNP) solutions in Viet Nam,9;8;7;5;17;12;11,,,,,,,,0,0,0,0,,,,1,,
OECD.DCD.FSD:DSD_CRS@DF_CRS(1.6),9OTH011,VNM,23210,11,40000,C01,C,Q,DD,22289128,USD,2023,0.348117,2024,A,6,6,GEF Trust Fund,2023000619,11094,Far East Asia,LMICs,40000,United Nations Development Programme ,10,ODA,110,Standard grant,4,BD STAR ALLOCATION: IPS,Supporting the implementation of net-zero nature-positive (NZNP) solutions in Viet Nam,Supporting the implementation of net-zero nature-positive (NZNP) solutions in Viet Nam,9;8;7;5;17;12;11,,,,,,,,0,0,0,0,,,,1,,
OECD.DCD.FSD:DSD_CRS@DF_CRS(1.6),9OTH011,VNM,23210,11,40000,C01,C,Q,DD,22289125,USD,2023,0.058019,2024,A,6,6,GEF Trust Fund,2023000617,11094,Far East Asia,LMICs,40000,United Nations Development Programme ,10,ODA,110,Standard grant,4,LD IP MATCHING INCENTIVES,Supporting the implementation of net-zero nature-positive (NZNP) solutions in Viet Nam,Supporting the implementation of net-zero nature-positive (NZNP) solutions in Viet Nam,9;8;7;5;17;12;11,,,,,,,,0,0,0,0,,,,1,,
OECD.DCD.FSD:DSD_CRS@DF_CRS(1.6),9OTH013,VNM,23183,11,40000,C01,C,Q,DD,22137215,USD,2023,0.016889,2024,A,6,6,Green Growth Planning and Implementation,2023000070,VN07,Far East Asia,LMICs,40000,Global Green Growth Institute,10,ODA,110,Standard grant,4,ACCELERATING INNOVATIONS FOR ENERGY EFFICIENCY INITIATIVE,Accelerating Innovations for Energy Efficiency Initiative,,7.3;13.a,,,,,,,,,,,,,,,8,,
OECD.DCD.FSD:DSD_CRS@DF_CRS(1.6),9OTH013,VNM,23183,11,40000,C01,D,Q,DD,22665375,USD,2023,0.016889,2024,A,6,6,Green Growth Planning and Implementation,2023000070,VN07,Far East Asia,LMICs,40000,Global Green Growth Institute,10,ODA,110,Standard grant,4,ACCELERATING INNOVATIONS FOR ENERGY EFFICIENCY INITIATIVE,Accelerating Innovations for Energy Efficiency Initiative,,7.3;13.a,,,,,,,,,,,,,,,8,,
OECD.DCD.FSD:DSD_CRS@DF_CRS(1.6),9PRIV1618,VNM,23110,30,20000,B01,C,Q,DD,22307993,USD,2023,0.266454,2024,A,6,6,David & Lucile Packard Foundation,2023000163,2023-75529,Far East Asia,LMICs,20000,Donor country-based NGO,30,Private Development Finance,110,Standard grant,6,ENERGY POLICY AND ADMINISTRATIVE MANAGEMENT,Expanding the Legality and Sustainability of Wood Pellets and Facilitating a Transformative Shift to a Low-Carbon Economy in Vietnam,to expand the results of the Production of Sustainable Wood Pellets: Linking Interventions from Supply-Side to Demand-Side in Vietnam program while facilitating a transformative shift to a low emission economy in Vietnam,,0,,,,,,,2,0,0,,,,,8,,
OECD.DCD.FSD:DSD_CRS@DF_CRS(1.6),9PRIV1618,VNM,23110,30,20000,B01,D,Q,DD,22927422,USD,2023,0.266454,2024,A,6,6,David & Lucile Packard Foundation,2023000163,2023-75529,Far East Asia,LMICs,20000,Donor country-based NGO,30,Private Development Finance,110,Standard grant,6,ENERGY POLICY AND ADMINISTRATIVE MANAGEMENT,Expanding the Legality and Sustainability of Wood Pellets and Facilitating a Transformative Shift to a Low-Carbon Economy in Vietnam,to expand the results of the Production of Sustainable Wood Pellets: Linking Interventions from Supply-Side to Demand-Side in Vietnam program while facilitating a transformative shift to a low emission economy in Vietnam,,0,,,,,,,2,0,0,,,,,8,,
OECD.DCD.FSD:DSD_CRS@DF_CRS(1.6),5ASDB01,VNM,23230,11,60000,C01,C,Q,DD,22284557,USD,2023,3.071617,2024,A,6,6,Asian Development Bank,2023000226,LN4329-VIE,Far East Asia,LMICs,60000,Private Sector Institutions,10,ODA,110,Standard grant,4,GREENYELLOW SMART SOLUTIONS ROOFTOP SOLAR PROJECT,GreenYellow Smart Solutions Rooftop Solar Project,"In response to the urgent challenges confronting Kazakhstan's education sector in the mid-1990s, the Asian Development Bank (ADB) adopted a two-tiered approach to supporting the Government's needs. The Educational Rehabilitation and Management Improvement Project (ERMIP),  approved in January 1996, addressed the immediate needs in the sector. In parallel, ADB approved technical assistance (TA) in March 1995 for a comprehensive education and training sector study.  Under the first stage of the TA, consultants worked closely with the Ministry of Education and Science (MOES) to prepare a sector study, which was discussed at a national workshop in December 1995 and finalized in January 1996. The second stage of the TA involved the preparation of a feasibility study, which was the basis for processing the Basic Education Project (the Project) that the Board approved in September 1997.",7.1;5.1;17;13.a,1,,,,,,,,,,,,,,8,,
OECD.DCD.FSD:DSD_CRS@DF_CRS(1.6),5ASDB01,VNM,23230,14,60000,C01,C,Q,DD,22284556,USD,2023,3.071617,2024,A,6,6,Asian Development Bank,2023000225,GN0896-VIE,Far East Asia,LMICs,60000,Private Sector Institutions,21,Non-export credit OOF,421,Standard loan,4,GREENYELLOW SMART SOLUTIONS ROOFTOP SOLAR PROJECT,GreenYellow Smart Solutions Rooftop Solar Project,"In response to the urgent challenges confronting Kazakhstan's education sector in the mid-1990s, the Asian Development Bank (ADB) adopted a two-tiered approach to supporting the Government's needs. The Educational Rehabilitation and Management Improvement Project (ERMIP),  approved in January 1996, addressed the immediate needs in the sector. In parallel, ADB approved technical assistance (TA) in March 1995 for a comprehensive education and training sector study.  Under the first stage of the TA, consultants worked closely with the Ministry of Education and Science (MOES) to prepare a sector study, which was discussed at a national workshop in December 1995 and finalized in January 1996. The second stage of the TA involved the preparation of a feasibility study, which was the basis for processing the Basic Education Project (the Project) that the Board approved in September 1997.",7.1;5.1;17;13.a,1,,,,,,,,,,,,,,8,,
OECD.DCD.FSD:DSD_CRS@DF_CRS(1.6),5ASDB01,VNM,23270,14,60000,C01,D,Q,DD,22883892,USD,2023,6.143233,2024,A,6,6,Asian Development Bank,2023000890,LN4252-VIE,Far East Asia,LMICs,60000,Private Sector Institutions,21,Non-export credit OOF,421,Standard loan,4,BINH DUONG WASTE MANAGEMENT AND ENERGY EFFICIENCY PROJECT,Binh Duong Waste Management and Energy Efficiency Project,"The proceeds will be used for the purpose of financing the operation and expansion of (i) a composting plant with a capacity of 840 tons/day and (ii) an industrial and municipal solid waste incinerator using waste to energy (WTE) technology with a capacity of 200 tons/day at the South Binh Duong Solid Waste Treatment Complex in Binh Duong Province, Viet Nam.",7.2;5.2;17;13.a;12.5,1,,,,,,,,,,,,,,3,,
OECD.DCD.FSD:DSD_CRS@DF_CRS(1.6),5ASDB01,VNM,23240,14,60000,C01,D,Q,DD,22885416,USD,2023,23.95861,2024,A,6,6,Asian Development Bank,2023004223,LN4240-VIE,Far East Asia,LMICs,60000,Private Sector Institutions,21,Non-export credit OOF,421,Standard loan,4,AC ENERGY WIND POWER PROJECT,AC Energy Wind Power Project,"The loan will support the construction and operation of an 88-megawatt wind farm in Ninh Thuan province, Viet Nam. To fully reflect the purpose of the project: The originally reported SDG Focus is the following:1.1,1.5,5.1,5.2,5.5,7.1,7.2,9.4,10.1,10.2,13.a,17.",7.1;5.5;5.2;5.1;17;13.a;10.2;10.1;1.5;1.1,1,,,,,,,,,,,,,,3,,
OECD.DCD.FSD:DSD_CRS@DF_CRS(1.6),5ASDB01,VNM,23270,14,60000,C01,D,Q,DD,22885424,USD,2023,7.167105,2024,A,6,6,Asian Development Bank,2023004265,LN4252-VIE,Far East Asia,LMICs,60000,Private Sector Institutions,21,Non-export credit OOF,421,Standard loan,4,BINH DUONG WASTE MANAGEMENT AND ENERGY EFFICIENCY PROJECT,Binh Duong Waste Management and Energy Efficiency Project,"The proceeds will be used for the purpose of financing the operation and expansion of (i) a composting plant with a capacity of 840 tons/day and (ii) an industrial and municipal solid waste incinerator using waste to energy (WTE) technology with a capacity of 200 tons/day at the South Binh Duong Solid Waste Treatment Complex in Binh Duong Province, Viet Nam.",7.2;5.2;17;13.a;12.5,1,,,,,,,,,,,,,,3,,
OECD.DCD.FSD:DSD_CRS@DF_CRS(1.6),5ASDB01,VNM,23110,11,10000,D02,D,Q,DD,22889006,USD,2023,0.277703,2024,A,6,6,Technical Assistance Special Fund (TASF),2023002562,TA9012-VIE,Far East Asia,LMICs,10000,Recipient Government,10,ODA,110,Standard grant,4,POWER SECTOR REFORM PROGRAM,Power Sector Reform Program,"The TA will assist the Ministry of Industry and Trade (MOIT) in preparing relevant guidelines, roadmaps, and regulations for (i) a competitive market operation related to contract arrangement and prudential requirements under the Vietnam wholesale electricity market (VWEM) and (ii ) a mechanism ensuring long-term adequate supply, which can replace, improve, or complement the current mechanism through power development planning (PDP) and build-operate-transfer (BOT)",17,0,,,,,,,,,,,,,,3,,
OECD.DCD.FSD:DSD_CRS@DF_CRS(1.6),5ASDB01,VNM,23110,11,10000,D02,C,Q,DD,22281770,USD,2023,0.102387,2024,A,6,6,Technical Assistance Special Fund (TASF),2023000332,TA10268-VIE,Far East Asia,LMICs,10000,Recipient Government,10,ODA,110,Standard grant,4,"ENHANCING EVIDENCE-BASED ECONOMIC MANAGEMENT CAPABILITY FOR SUSTAINABLE, INCLUSIVE, AND RESILIENT DEVELOPMENT","Enhancing Evidence-Based Economic Management Capability for Sustainable, Inclusive, and Resilient Development","The TA aims to enhance the Government of Viet Nam (GoV)?s evidence-based economic management capability including macroeconomic monitoring, planning and execution of public investment and external financing, and sector policies? formulation. The TA responds to requests by the GoV for near-and medium- term support on various economic management issues. ADB will serve as the TA executing agency, drawing on expertise of relevant bank staff through a OneADB team, while relevant government ministries, provinces and institutions will serve as implementing agencies for specific outputs as appropriate.",9.1;8.3;7.2;17.3;17.17;13.2,1,,,,,,,,,,,,,,8,,
OECD.DCD.FSD:DSD_CRS@DF_CRS(1.6),4EU001,VNM,23183,11,10000,A02,D,Q,DD,22765207,USD,2023,12.246267,2024,A,6,6,European Commission,2020000151001,PCC-429583,Far East Asia,LMICs,10000,Central Government (recipient govt.),10,ODA,110,Standard grant,1,SECTOR REFORM PERFORMANCE CONTRACT OF THE EU - VIET NAM SUSTAINABLE ENERGY TRANSITION PROGRAMME,Sector Reform Performance Contract of the EU - Viet Nam Sustainable Energy Transition Programme,"Building on the Energy Sector Policy Support Programme to enhance Access to Sustainable Energy in Rural Areas of Viet Nam, this action aims at contributing to a sustainable energy transition in Viet Nam. Its specific objectives are:  1.Improved energy efficiency   2.Larger share of renewable energy in the energy mix   3.Improved performance of the Viet Nam Energy Information System (VEIS).",7;13,0,2,1,0,0,0,0,0,2,0,0,0.000000,0.000000,0.000000,3,,
OECD.DCD.FSD:DSD_CRS@DF_CRS(1.6),4EU001,VNM,23110,11,10000,A02,D,Q,DD,22765216,USD,2023,0.074368,2024,A,6,6,European Commission,2020000151904,PC-30243,Far East Asia,LMICs,10000,Central Government (recipient govt.),10,ODA,110,Standard grant,1,PUBLIC AWARENESS RAISING ON RENEWABLE ENERGY AND ENERGY EFFICIENCY IN VIETNAM,Public Awareness Raising on Renewable Energy and Energy Efficiency in Vietnam,Public Awareness Raising on Renewable Energy and Energy Efficiency in Vietnam,7;13,0,2,1,0,0,0,0,0,2,0,0,0.000000,0.000000,0.000000,3,,
OECD.DCD.FSD:DSD_CRS@DF_CRS(1.6),4EU001,VNM,23110,11,10000,A02,D,Q,DD,22765205,USD,2023,2.449253,2024,A,6,6,European Commission,2020000151001,PCC-429583,Far East Asia,LMICs,10000,Central Government (recipient govt.),10,ODA,110,Standard grant,1,SECTOR REFORM PERFORMANCE CONTRACT OF THE EU - VIET NAM SUSTAINABLE ENERGY TRANSITION PROGRAMME,Sector Reform Performance Contract of the EU - Viet Nam Sustainable Energy Transition Programme,"Building on the Energy Sector Policy Support Programme to enhance Access to Sustainable Energy in Rural Areas of Viet Nam, this action aims at contributing to a sustainable energy transition in Viet Nam. Its specific objectives are:  1.Improved energy efficiency   2.Larger share of renewable energy in the energy mix   3.Improved performance of the Viet Nam Energy Information System (VEIS).",7;13,0,2,1,0,0,0,0,0,2,0,0,0.000000,0.000000,0.000000,3,,
OECD.DCD.FSD:DSD_CRS@DF_CRS(1.6),4EU001,VNM,23210,11,10000,A02,D,Q,DD,22765220,USD,2023,0.297473,2024,A,6,6,European Commission,2020000151904,PC-30243,Far East Asia,LMICs,10000,Central Government (recipient govt.),10,ODA,110,Standard grant,1,PUBLIC AWARENESS RAISING ON RENEWABLE ENERGY AND ENERGY EFFICIENCY IN VIETNAM,Public Awareness Raising on Renewable Energy and Energy Efficiency in Vietnam,Public Awareness Raising on Renewable Energy and Energy Efficiency in Vietnam,7;13,0,2,1,0,0,0,0,0,2,0,0,0.000000,0.000000,0.000000,3,,
OECD.DCD.FSD:DSD_CRS@DF_CRS(1.6),4EU001,VNM,23183,11,10000,A02,D,Q,DD,22765219,USD,2023,0.371841,2024,A,6,6,European Commission,2020000151904,PC-30243,Far East Asia,LMICs,10000,Central Government (recipient govt.),10,ODA,110,Standard grant,1,PUBLIC AWARENESS RAISING ON RENEWABLE ENERGY AND ENERGY EFFICIENCY IN VIETNAM,Public Awareness Raising on Renewable Energy and Energy Efficiency in Vietnam,Public Awareness Raising on Renewable Energy and Energy Efficiency in Vietnam,7;13,0,2,1,0,0,0,0,0,2,0,0,0.000000,0.000000,0.000000,3,,
OECD.DCD.FSD:DSD_CRS@DF_CRS(1.6),4EU001,VNM,23210,11,10000,A02,D,Q,DD,22765208,USD,2023,9.797013,2024,A,6,6,European Commission,2020000151001,PCC-429583,Far East Asia,LMICs,10000,Central Government (recipient govt.),10,ODA,110,Standard grant,1,SECTOR REFORM PERFORMANCE CONTRACT OF THE EU - VIET NAM SUSTAINABLE ENERGY TRANSITION PROGRAMME,Sector Reform Performance Contract of the EU - Viet Nam Sustainable Energy Transition Programme,"Building on the Energy Sector Policy Support Programme to enhance Access to Sustainable Energy in Rural Areas of Viet Nam, this action aims at contributing to a sustainable energy transition in Viet Nam. Its specific objectives are:  1.Improved energy efficiency   2.Larger share of renewable energy in the energy mix   3.Improved performance of the Viet Nam Energy Information System (VEIS).",7;13,0,2,1,0,0,0,0,0,2,0,0,0.000000,0.000000,0.000000,3,,
OECD.DCD.FSD:DSD_CRS@DF_CRS(1.6),4EU001,VNM,23210,11,20000,C01,D,Q,DD,22760411,USD,2023,0.172931,2024,A,6,6,European Commission,2019000020005,PCC-415496,Far East Asia,LMICs,20000,International NGO,10,ODA,110,Standard grant,1,BIOMASS GASIFICATION TECHNOLOGY ¿ SUSTAINABLE ENERGY SOLUTION FOR AGRI-FOOD PROCESSING AND WASTE MANAGEMENT IN RURAL AREAS OF VIETNAM,Biomass Gasification Technology ¿ Sustainable Energy Solution for Agri-Food Processing and Waste Management in Rural Areas of Vietnam,"The Overall Objective of the Action is to promote sustainable agri-food processing and contribute to enhancing waste management in Vietnam by facilitating the adoption of Continuous Biomass Gasification Technology (CBGT) as renewable energy among agri-MSEs.  Specific objective/Outcome 1: Through application of CBGT, agri-MSEs in four provinces (Thai Nguyen, Tuyen Quang, Son La and Yen Bai) achieve improved product quality and efficient energy consumption and contribute to managing rural waste.  Specific objective/Outcome 2: Increased availability of mechanical and biomass supply services and access to finance for agri-MSEs to deploy CBGT consistently.  Specific objective/Outcome 3: ¿Buy-in¿ and support from relevant government agencies for further adoption and replication of CBGT in agri-food processing and other industries.  Intervention logic: The Action applies market principles in promoting CBGT to agri-MSEs. Understanding that the enterprises will only deploy CBGT by having a strong business case for its adoption as well as a good quality, low-cost and conveniently accessible support service system, Oxfam and local partners will conduct comprehensive interventions to promote CBGT to MSEs and to develop local support service systems.",7;5;13;12,1,2,1,0,0,0,0,0,2,0,0,0.000000,0.000000,0.000000,3,,
OECD.DCD.FSD:DSD_CRS@DF_CRS(1.6),4EU001,VNM,23220,11,10000,C01,D,Q,DD,22758228,USD,2023,0.445319,2024,A,6,6,European Commission,2017000339004,PCC-398573,Far East Asia,LMICs,10000,Other public entities in donor country,10,ODA,110,Standard grant,1,SUPPORTING HYDROELECTRIC ELECTRICITY GENERATION INCREASE IN VIETNAM,Supporting hydroelectric electricity generation increase in Vietnam,"The project aims at 1) reinforcing energy security in South Vietnam to cope with the increase in daily power consumption  and 2) supporting the development of renewable, low-carbon energy, thus contributing to GHG emission reduction.  Specific objectives of actions financed through EU funds: 1) Improving Health, Safety and Environment management systems on the hydropower extension construction sites handled by EVN and 2) Maximizing power generation from existing plants by optimizing O&M process",7;13,0,2,0,0,0,0,0,0,1,0,0,0.000000,0.000000,0.000000,3,,
OECD.DCD.FSD:DSD_CRS@DF_CRS(1.6),4EU001,VNM,23110,11,60000,C01,D,Q,DD,22765210,USD,2023,0.067006,2024,A,6,6,European Commission,2020000151002,PCC-431806,Far East Asia,LMICs,60000,Private sector in provider country,10,ODA,110,Standard grant,1,EU - VIET NAM SUSTAINABLE ENERGY TRANSITION FACILITY (THE EVSET FACILITY),EU - Viet Nam Sustainable Energy Transition Facility (the EVSET Facility),The EVSET Facility is one of the four complementary measures of the EU Viet Nam Sustainable Energy Transition Programme (SETP). Its overall objective is to provide technical assistance to the SETP and to the EU support to the energy sector in Viet Nam. The Facility will contribute to the SETP objectives of (i) improved energy efficiency  (ii) a larger share of renewable energy in the energy mix  and (iii) improved performance of the Viet Nam Energy Information System.,7;13,0,2,1,0,0,0,0,0,2,0,0,0.000000,0.000000,0.000000,3,,
OECD.DCD.FSD:DSD_CRS@DF_CRS(1.6),4EU001,VNM,23210,11,60000,C01,D,Q,DD,22765214,USD,2023,0.268024,2024,A,6,6,European Commission,2020000151002,PCC-431806,Far East Asia,LMICs,60000,Private sector in provider country,10,ODA,110,Standard grant,1,EU - VIET NAM SUSTAINABLE ENERGY TRANSITION FACILITY (THE EVSET FACILITY),EU - Viet Nam Sustainable Energy Transition Facility (the EVSET Facility),The EVSET Facility is one of the four complementary measures of the EU Viet Nam Sustainable Energy Transition Programme (SETP). Its overall objective is to provide technical assistance to the SETP and to the EU support to the energy sector in Viet Nam. The Facility will contribute to the SETP objectives of (i) improved energy efficiency  (ii) a larger share of renewable energy in the energy mix  and (iii) improved performance of the Viet Nam Energy Information System.,7;13,0,2,1,0,0,0,0,0,2,0,0,0.000000,0.000000,0.000000,3,,
OECD.DCD.FSD:DSD_CRS@DF_CRS(1.6),4EU001,VNM,23183,11,60000,C01,D,Q,DD,22765213,USD,2023,0.33503,2024,A,6,6,European Commission,2020000151002,PCC-431806,Far East Asia,LMICs,60000,Private sector in provider country,10,ODA,110,Standard grant,1,EU - VIET NAM SUSTAINABLE ENERGY TRANSITION FACILITY (THE EVSET FACILITY),EU - Viet Nam Sustainable Energy Transition Facility (the EVSET Facility),The EVSET Facility is one of the four complementary measures of the EU Viet Nam Sustainable Energy Transition Programme (SETP). Its overall objective is to provide technical assistance to the SETP and to the EU support to the energy sector in Viet Nam. The Facility will contribute to the SETP objectives of (i) improved energy efficiency  (ii) a larger share of renewable energy in the energy mix  and (iii) improved performance of the Viet Nam Energy Information System.,7;13,0,2,1,0,0,0,0,0,2,0,0,0.000000,0.000000,0.000000,3,,
OECD.DCD.FSD:DSD_CRS@DF_CRS(1.6),5WB002,VNM,23110,13,10000,A02,C,Q,DD,22222002,USD,2023,30.019933,2024,A,6,6,IDA,2023026135,P181146.IDA73670.crs5,Far East Asia,LMICs,10000,Recipient Government,10,ODA,421,Standard loan,4,VIETNAM INCLUSIVE AND SUSTAINABLE RECOVERY DPF (2ND OPERATION),Vietnam inclusive and sustainable recovery DPF (2nd Operation),,,1,,,,,,,,,,,,,,1,,
OECD.DCD.FSD:DSD_CRS@DF_CRS(1.6),5WB002,VNM,23230,13,10000,C01,D,Q,DD,22803063,USD,2023,7.80938,2024,A,6,6,IDA,2016015968,P154387.IDA58870.crs1,Far East Asia,LMICs,10000,Recipient Government,10,ODA,421,Standard loan,4,VIETNAM: PROJECT FOR IMPROVED LAND GOVERNANCE AND DATABASES (VILG),Vietnam: Project for Improved Land Governance and Databases (VILG),,,1,,,,,,,,,,,,,,3,,
OECD.DCD.FSD:DSD_CRS@DF_CRS(1.6),USA,VNM,23210,11,60000,D02,D,Q,DD,22866692,USD,2023,0.116086,2024,A,6,6,Trade and Development Agency,2023014313,70_10022,Far East Asia,LMICs,60000,Private sector in provider country,10,ODA,110,Standard grant,1,"NATIONAL LOAD DISPATCH CENTER ENERGY STORAGE, THROUGH GENERAL ELECTRIC COMPANY","National Load Dispatch Center Energy Storage, through General Electric Company","This grant funds a feasibility study for Vietnam Electricity (EVN), the state-owned power company in Vietnam, to develop energy storage in Vietnam. This feasibility study will help EVN determine the feasibility of deploying advanced energy storage (i.e. battery energy storage system) technologies to reduce power shortages and the need for additional peak generation in southern Vietnam. This memorandum serves to revise the Action Memo for the National Load Dispatch Center Energy Storage Feasibility Study.",9;7;13,0,0,0,0,0,0,,0,0,0,,,,,3,,
OECD.DCD.FSD:DSD_CRS@DF_CRS(1.6),USA,VNM,23110,11,60000,C01,D,Q,DD,22844286,USD,2023,0.064109,2024,A,6,6,Agency for International Development,2023022172,76_56243,Far East Asia,LMICs,60000,Private sector in recipient country,10,ODA,110,Standard grant,1,VIETNAM LOW EMISSION ENERGY PROGRAM (V-LEEP),Vietnam Low Emission Energy Program (V-LEEP),"The purpose of V-LEEP is to strengthen the foundation for low emission energy systems in Vietnam. The project has three components as follows:?Developing a Low Emission Strategy for the energy sector. Specifically, the activities will enhance GVN capacity to analyze and develop clean energy strategies, and evaluate emission mitigation options for decision making,?Enhancing capacity and improving the enabling environment for renewable energy development. Specifically, the activities will enhance capacity of government institutions to improve enabling environment for renewable energy development, enhance capacity of RE developers and private sector in large-scale RE development, and increase adoption of RE in industry. ?Increasing energy efficiency adoption and compliance. Specifically, the activities will enhance government capacity to strengthen energy efficiency policy implementation, and enhance energy efficiency investments in energy-intensive industry sectors.",9;7;15;14;13;12,1,2,0,0,0,0,,0,2,0,,,,,3,,
OECD.DCD.FSD:DSD_CRS@DF_CRS(1.6),USA,VNM,23210,11,60000,C01,D,Q,DD,22851449,USD,2023,0.545015,2024,A,6,6,Agency for International Development,2023026951A,76_65955,Far East Asia,LMICs,60000,Private sector in recipient country,10,ODA,110,Standard grant,1,V-LEEP II,V-LEEP II,Vietnam Low Emission Energy Program II (V-LEEP II),9;7;15;14;13;12,1,2,0,0,0,0,,0,2,0,,,,,3,,
OECD.DCD.FSD:DSD_CRS@DF_CRS(1.6),USA,VNM,23110,11,60000,C01,D,Q,DD,22847344,USD,2023,5.032574,2024,A,6,6,Agency for International Development,2023026031,76_63932,Far East Asia,LMICs,60000,Private sector in provider country,10,ODA,110,Standard grant,1,USAID VIETNAM URBAN ENERGY SECURITY ACTIVITY (TASK ORDER UNDER USAID RESILIENT CITIES ASIA,USAID Vietnam Urban Energy Security Activity (Task Order under USAID Resilient Cities Asia,"The Vietnam Urban Energy Security (VUES) is a 4-year, USAID funded activity that addresses the problems of growing energy demand and air pollution from large coal projects and current urban energy practices in Vietnam. The activity supports cities to take advantage of 1) the technological advancements and cost reductions of advanced, distributed energy solutions such as rooftop solar, battery storage, and demand response, 2) cleaner forms of transport, 3) energy efficiency and modern energy technologies for municipal services (such as LED street lighting, super-efficient air conditioners, etc.), and 4) business opportunities for local entrepreneurs in deploying distributed energy systems and services.",9;7,0,0,0,0,0,0,,0,0,0,,,,,3,,
OECD.DCD.FSD:DSD_CRS@DF_CRS(1.6),5ASDB01,VNM,23630,14,10000,C01,D,Q,DD,22883589,USD,2023,10.528713,2024,A,6,6,Asian Development Bank,2023001730,LN3161-VIE,Far East Asia,LMICs,10000,Recipient Government,21,Non-export credit OOF,421,Standard loan,4,HA NOI AND HO CHI MINH CITY POWER GRID DEVELOPMENT SECTOR,Ha Noi and Ho Chi Minh City Power Grid Development Sector,"The project will strengthen the capacities and reliabilities of the power infrastructure in the two largest cities of the Socialist Republic of Viet Nam (Viet Nam) Ha Noi and Ho Chi Minh City through rehabilitation, expansion and development of the 220 kilovolt (kV) and 110 kV electricity power grids in the respective cities. The Government of Viet Nam has requested for a sector loan from ADB s OCR and a sector loan funded through participation of the AIF to assist with the financing of the project. The project is included in the country partnership strategy, 2012 2015 for Viet Nam.",9.1;7.2;7.1;13.a,0,,,,,,,,,,,,,,3,,
OECD.DCD.FSD:DSD_CRS@DF_CRS(1.6),GBR,VNM,23110,11,60000,C01,C,Q,DD,22301328,USD,2023,0.046707,2024,A,6,6,"Foreign, Commonwealth and Development Office",2023000697,INT 2122 VHN ENABLE 001,Far East Asia,LMICs,60000,Private sector in third country,10,ODA,110,Standard grant,1,2122 VHN ENABLING,2122 VHN ENABLING,Second Energy Transition Council National Dialogue,7.a,,0,,0,,,0,0,0,0,0,,0.043900,,3,,
OECD.DCD.FSD:DSD_CRS@DF_CRS(1.6),GBR,VNM,23110,11,60000,C01,D,Q,DD,22921580,USD,2023,0.046706,2024,A,6,6,"Foreign, Commonwealth and Development Office",2023000697,INT 2122 VHN ENABLE 001,Far East Asia,LMICs,60000,Private sector in third country,10,ODA,110,Standard grant,1,2122 VHN ENABLING,2122 VHN ENABLING,Second Energy Transition Council National Dialogue,7.a,,0,,0,,,0,0,0,0,0,,0.043900,,3,,
OECD.DCD.FSD:DSD_CRS@DF_CRS(1.6),GBR,VNM,23210,11,50000,D02,D,Q,DD,22916830,USD,2023,0.137275,2024,A,6,6,"Department for Business, Innovation and Skills",2023002545,ISPF-IUK-2BC54TT-4PCSDLJ-CU5JKUT,Far East Asia,LMICs,50000,"University, college or other teaching institution, research institute or think-tank",10,ODA,110,Standard grant,1,VIETNAMESE-FARM-CLEAN-MICROGRID,VIETNAMESE-FARM-CLEAN-MICROGRID,"The project named as CLEANGRID (VIETNAMESE-FARM-CLEAN-MICROGRID) studies feasibility of a microgrid system with clean-renewable energy sources including PV, treated biogas generator, and secondary life battery as energy storage for Vietnamese agriculture (pig) farm.The project target is to provide an affordable, reliable, and clean energy solution to Vietnamese agriculture farm whilst mitigate the environmental pollution from farm waste and unreliable-off-grid power supply with good return of investment.The beneficiaries of the project are both the farm workforces-owner and the neighbor community where often locates in poor rural-remote-distant area with unreliable-off-grid power supply. With low-cost and mobile energy for basic appliances such as lighting, cooking, water-pump, communication, internet access, the project will address both gender and social inclusion as well as encourage equality.Livestock sector plays an important role in Vietnamese agriculture with 73% meat production is pork (26.7milion pig-head for 2014) and 70% pig-head (60% pork product) are from smallholder-householder farms (WB report). To mitigate this environmental issue from animal waste, waste process via anaerobic digestion for biogas generation and then using on cooking and power generation is often considered. Therefore, an affordable purification biogas process to improve the in-site cooking and power generation efficiency as well as reducing erosion issue on appliances is one major part of the project. The treatment is based on waste material (bentonite) from Vietnamese local mining and therefore, a cost-effective approach. The cooking via biogas could change the wood cooking behavior in the distant area leading to reduction of pollution-deforestation.As a tropical country, Vietnam has high-potential on solar power. However, for any microgrid system, energy storage is highly expensive. For cost-effective, energy storage system using secondary life battery from electric bike-vehicle in Vietnamese market is another topic of interests of the project. Also, a microgrid control system for maximizing energy conversion efficiency and minimizing energy consumption is essential.The battery and DC-AC inverter modules are designed and developed in such a way that it is detachable as a mobile module for distant-remote area where electricity system is unavailable for community service such as water-pump.To facilitate the scale-up of the microgrid system concept with different power levels and more renewable energy power integration such as biomass power generation, wind-turbine..., an energy conversion loss model for microgrid system is developed and validated via in-lab test. Also, a business model including investment cost, performance cost, return on investment, and potential CO2 capture-reduction is developed.",7.2,0,,,,0,0,0,0,2,0,0,,0.128900,,1,,
OECD.DCD.FSD:DSD_CRS@DF_CRS(1.6),GBR,VNM,23210,11,50000,D02,C,Q,DD,22298707,USD,2023,0.137276,2024,A,6,6,"Department for Business, Innovation and Skills",2023002545,ISPF-IUK-2BC54TT-4PCSDLJ-CU5JKUT,Far East Asia,LMICs,50000,"University, college or other teaching institution, research institute or think-tank",10,ODA,110,Standard grant,1,VIETNAMESE-FARM-CLEAN-MICROGRID,VIETNAMESE-FARM-CLEAN-MICROGRID,"The project named as CLEANGRID (VIETNAMESE-FARM-CLEAN-MICROGRID) studies feasibility of a microgrid system with clean-renewable energy sources including PV, treated biogas generator, and secondary life battery as energy storage for Vietnamese agriculture (pig) farm.The project target is to provide an affordable, reliable, and clean energy solution to Vietnamese agriculture farm whilst mitigate the environmental pollution from farm waste and unreliable-off-grid power supply with good return of investment.The beneficiaries of the project are both the farm workforces-owner and the neighbor community where often locates in poor rural-remote-distant area with unreliable-off-grid power supply. With low-cost and mobile energy for basic appliances such as lighting, cooking, water-pump, communication, internet access, the project will address both gender and social inclusion as well as encourage equality.Livestock sector plays an important role in Vietnamese agriculture with 73% meat production is pork (26.7milion pig-head for 2014) and 70% pig-head (60% pork product) are from smallholder-householder farms (WB report). To mitigate this environmental issue from animal waste, waste process via anaerobic digestion for biogas generation and then using on cooking and power generation is often considered. Therefore, an affordable purification biogas process to improve the in-site cooking and power generation efficiency as well as reducing erosion issue on appliances is one major part of the project. The treatment is based on waste material (bentonite) from Vietnamese local mining and therefore, a cost-effective approach. The cooking via biogas could change the wood cooking behavior in the distant area leading to reduction of pollution-deforestation.As a tropical country, Vietnam has high-potential on solar power. However, for any microgrid system, energy storage is highly expensive. For cost-effective, energy storage system using secondary life battery from electric bike-vehicle in Vietnamese market is another topic of interests of the project. Also, a microgrid control system for maximizing energy conversion efficiency and minimizing energy consumption is essential.The battery and DC-AC inverter modules are designed and developed in such a way that it is detachable as a mobile module for distant-remote area where electricity system is unavailable for community service such as water-pump.To facilitate the scale-up of the microgrid system concept with different power levels and more renewable energy power integration such as biomass power generation, wind-turbine..., an energy conversion loss model for microgrid system is developed and validated via in-lab test. Also, a business model including investment cost, performance cost, return on investment, and potential CO2 capture-reduction is developed.",7.2,0,,,,0,0,0,0,2,0,0,,0.128900,,1,,
OECD.DCD.FSD:DSD_CRS@DF_CRS(1.6),SWE,VNM,23210,11,10000,C01,D,Q,DD,22743681,USD,2023,0.023591,2024,A,6,6,SwedFund,2020221232A,68026,Far East Asia,LMICs,10000,Public corporations (recipient govt.),10,ODA,110,Standard grant,1,ENERGI VIETNAM I,Energi Vietnam I,Aim  to increase the availability of renewable energy thereby stimulating job creation and reduce CO2 emissions,7;13,0,2,,,,,,,2,0,,,,,3,,
OECD.DCD.FSD:DSD_CRS@DF_CRS(1.6),9PRIV1611,VNM,23110,30,20000,C01,D,Q,DD,22941973,USD,2023,0.606064,2024,A,6,6,Oak Foundation,202300116h,OCAY-23-550,Far East Asia,LMICs,20000,Donor country-based NGO,30,Private Development Finance,110,Standard grant,6,ENERGY POLICY AND ADMINISTRATIVE MANAGEMENT,Energy policy and administrative management,Special Fund,7.1,0,,,,,,0,0,0,0,0,,,,8,,
OECD.DCD.FSD:DSD_CRS@DF_CRS(1.6),9PRIV1611,VNM,23110,30,20000,C01,C,Q,DD,22319722,USD,2023,0.606064,2024,A,6,6,Oak Foundation,202300116h,OCAY-23-550,Far East Asia,LMICs,20000,Donor country-based NGO,30,Private Development Finance,110,Standard grant,6,ENERGY POLICY AND ADMINISTRATIVE MANAGEMENT,Energy policy and administrative management,Special Fund,7.1,0,,,,,,0,0,0,0,0,,,,8,,
OECD.DCD.FSD:DSD_CRS@DF_CRS(1.6),NZL,VNM,23210,11,40000,B032,D,Q,DD,22694220,USD,2023,8.468593,2024,A,6,6,Ministry of Foreign Affairs and Trade,2022000002v,ACT-0103082,Far East Asia,LMICs,40000,Asian Development Bank,10,ODA,110,Standard grant,1,ENERGY TRANSITION MECHANISM IN VIET NAM,Energy Transition Mechanism in Viet Nam,"The Asian Development Bank (ADB) led Energy Transition Mechanism (ETM) presents a solution to achieve the aspirational targets of South East Asian nations to mitigate climate change. The ETM is a new initiative in which blended finance is used to accelerate the retirement or repurposing of coal-fired power plants (CFPPs) to replace them with cleaner, more renewable sources of energy. ADB believes the ETM has the potential to be one of the biggest carbon reduction programmes in the world.",,1,2,1,0,0,0,0,0,2,1,0,,8.262100,,3,,
OECD.DCD.FSD:DSD_CRS@DF_CRS(1.6),KOR,VNM,23210,11,30000,C01,D,Q,DD,22793807,USD,2023,0.091586,2024,A,6,6,Korea International Cooperation Agency,2022000865,2022070100288,Far East Asia,LMICs,30000,Public-Private Partnerships (PPP),10,ODA,110,Standard grant,1,LARGE-SCALE EXTRACTION AND DISSEMINATION OF ECO-FRIENDLY NEW ADDITIVE(CELLULOSE NANOFIBERS/NANOCELLULOSE) FOR CONCRETE AND PLASTIC REINFORCEMENT THROU,Large-scale extraction and dissemination of eco-friendly new additive(Cellulose nanofibers/Nanocellulose) for concrete and plastic reinforcement through recycling of sugarcane waste(bagasse) in Vietnam('22~'23)/Seed 1,"Green ODA for future generations: low-carbon transition, Problems occurred due to policy change for the treatment of sugar cane waste(bagasse) generated after the sugar refining process(change of policy prohibiting incineration form existing incineration treatment: Vietnam's Ministry of Natural Resources and Environment), The baguette that is being stored, left unattended, and buried due to the lack of treatment alternatives is solved through cellulos nao extraction, and further applied to eco-friendly technologies(eco-friendly concrete, biopolymer)",12.a;12.7;12.5,0,2,0,0,0,,,0,2,1,0,0.000000,0.000000,0.000000,3,,
OECD.DCD.FSD:DSD_CRS@DF_CRS(1.6),9PRIV1644,VNM,23642,30,60000,C01,C,Q,DD,22298687,USD,2023,0.257577,2024,A,6,6,Botnar Foundation,2023000069,,Far East Asia,LMICs,60000,Private Sector Institutions,30,Private Development Finance,510,Common equity,6,INTELLIGENT AND INTEROPERABLE ELECTRIC VEHICLE CHARGING SOLUTIONS,Intelligent and interoperable electric vehicle charging solutions,,9.2;7.1;13;11,0,,,,,,,0,2,0,,,,,8,,
OECD.DCD.FSD:DSD_CRS@DF_CRS(1.6),9PRIV1644,VNM,23642,30,60000,C01,D,Q,DD,22916810,USD,2023,0.257577,2024,A,6,6,Botnar Foundation,2023000069,,Far East Asia,LMICs,60000,Private Sector Institutions,30,Private Development Finance,510,Common equity,6,INTELLIGENT AND INTEROPERABLE ELECTRIC VEHICLE CHARGING SOLUTIONS,Intelligent and interoperable electric vehicle charging solutions,,9.2;7.1;13;11,0,,,,,,,0,2,0,,,,,8,,
OECD.DCD.FSD:DSD_CRS@DF_CRS(1.6),KOR,VNM,23183,11,10000,C01,D,Q,DD,22793548,USD,2023,1.028878,2024,A,6,6,Korea International Cooperation Agency,2021019440,2021020100053,Far East Asia,LMICs,10000,Other public entities in donor country,10,ODA,110,Standard grant,1,PROMOTING ENERGY EFFICIENCY INVESTMENT MARKET IN THE INDUSTRIAL SECTOR AND SUPPORTING THE NATIONAL GREEN GROWTH ACTION PLAN (GGAP)OF VIETNAM,Promoting energy efficiency investment market in the industrial sector and supporting the National Green Growth Action Plan (GGAP)of Vietnam,"Preparation for Energy Efficiency Investment Projects(energy efficiency project pipeline), Support in enforcement of Energy Efficiency and Conservation Regulations & Green Growth investment guidelines, Capacity Buildings, Surveys, studies and formulation of the PAPGG for Energy Intensive Provinces, Disseminate Energy Efficiency, Energy Conservation measures and Green Growth Action Plans of the provinces",7.a;13.3,0,2,0,0,0,,,0,1,0,0,0.000000,0.000000,0.000000,3,,
OECD.DCD.FSD:DSD_CRS@DF_CRS(1.6),KOR,VNM,23642,11,30000,C01,D,Q,DD,22793579,USD,2023,0.020347,2024,A,6,6,Korea International Cooperation Agency,2021019510,2021070100479,Far East Asia,LMICs,30000,Public-Private Partnerships (PPP),10,ODA,110,Standard grant,1,GREEN MOBILITY BUSINESS BY CONVERTING INDONESIAN PETROL-POWERED MOTORCYCLES INTO ELECTRIC ONES AND IMPROVING VIETNAMESE ELECTRIC MOTORCYCLES(VIETNAM),Green mobility business by converting Indonesian petrol-powered motorcycles into electric ones and improving Vietnamese electric motorcycles(Vietnam),"To address this problem by converting petrol-powered motorcycles into electric ones and installing charging stations for them. In addition, improving the performance of existing electric motorcycles can be made possible by replacing the controllers with those of BlueWing Motors. Attaching GPSs to converted motorcycles allows the company to earn credits for carbon trading, giving rise to a chance to partner with major companies in the Social Impact aspect.",7.1;13.3,0,2,0,0,0,,,0,2,0,0,0.000000,0.000000,0.000000,3,,
OECD.DCD.FSD:DSD_CRS@DF_CRS(1.6),JPN,VNM,23110,11,10000,C01,C,Q,DD,22243589,USD,2023,0.005482,2024,A,6,6,Japanese International Co-operation Agency,2023958721,,Far East Asia,LMICs,10000,Recipient Government,10,ODA,110,Standard grant,1,TC AGGREGATED ACTIVITIES,TC AGGREGATED ACTIVITIES,TC AGGREGATED ACTIVITIES,7;13,,,,,,,,,0,0,,,,,1,,
OECD.DCD.FSD:DSD_CRS@DF_CRS(1.6),JPN,VNM,23210,11,10000,C01,D,Q,DD,22830651,USD,2023,0.00067,2024,A,6,6,Japanese International Co-operation Agency,2023958722,,Far East Asia,LMICs,10000,Recipient Government,10,ODA,110,Standard grant,1,TC AGGREGATED ACTIVITIES,TC AGGREGATED ACTIVITIES,TC AGGREGATED ACTIVITIES,7;13,,,,,,,,,0,0,,,,,1,,
OECD.DCD.FSD:DSD_CRS@DF_CRS(1.6),JPN,VNM,23110,11,10000,C01,C,Q,DD,22236843,USD,2023,0.061483,2024,A,6,6,Japanese International Co-operation Agency,2023952819,,Far East Asia,LMICs,10000,Recipient Government,10,ODA,110,Standard grant,1,TC AGGREGATED ACTIVITIES,TC AGGREGATED ACTIVITIES,TC AGGREGATED ACTIVITIES,7;13,,0,0,0,,,,,0,0,0,,,,1,,
OECD.DCD.FSD:DSD_CRS@DF_CRS(1.6),JPN,VNM,23110,11,10000,C01,D,Q,DD,22815073,USD,2023,0.013245,2024,A,6,6,Japanese International Co-operation Agency,2023954830,,Far East Asia,LMICs,10000,Recipient Government,10,ODA,110,Standard grant,1,TC AGGREGATED ACTIVITIES,TC AGGREGATED ACTIVITIES,TC AGGREGATED ACTIVITIES,7;13,,0,0,0,0,0,0,0,0,1,0,,,,1,,
OECD.DCD.FSD:DSD_CRS@DF_CRS(1.6),JPN,VNM,23110,11,10000,C01,D,Q,DD,22815378,USD,2023,0.047866,2024,A,6,6,Japanese International Co-operation Agency,2023955135,,Far East Asia,LMICs,10000,Recipient Government,10,ODA,110,Standard grant,1,TC AGGREGATED ACTIVITIES,TC AGGREGATED ACTIVITIES,TC AGGREGATED ACTIVITIES,9;8;7;12,,,,,,,,,0,1,,,,,1,,
OECD.DCD.FSD:DSD_CRS@DF_CRS(1.6),JPN,VNM,23210,11,10000,C01,D,Q,DD,22829290,USD,2023,0.024237,2024,A,6,6,Japanese International Co-operation Agency,2023962393,,Far East Asia,LMICs,10000,Recipient Government,10,ODA,110,Standard grant,1,TC AGGREGATED ACTIVITIES,TC AGGREGATED ACTIVITIES,TC AGGREGATED ACTIVITIES,7;13,0,2,0,0,0,0,0,0,2,0,0,,,,1,,
OECD.DCD.FSD:DSD_CRS@DF_CRS(1.6),JPN,VNM,23210,11,10000,C01,C,Q,DD,22241682,USD,2023,0.364193,2024,A,6,6,Japanese International Co-operation Agency,2023959281,,Far East Asia,LMICs,10000,Recipient Government,10,ODA,110,Standard grant,1,TC AGGREGATED ACTIVITIES,TC AGGREGATED ACTIVITIES,TC AGGREGATED ACTIVITIES,7;13,,,,,,,,,2,0,,,,,1,,
OECD.DCD.FSD:DSD_CRS@DF_CRS(1.6),JPN,VNM,23210,11,10000,C01,D,Q,DD,22826764,USD,2023,0.00181,2024,A,6,6,Japanese International Co-operation Agency,2023961655,,Far East Asia,LMICs,10000,Recipient Government,10,ODA,110,Standard grant,1,TC AGGREGATED ACTIVITIES,TC AGGREGATED ACTIVITIES,TC AGGREGATED ACTIVITIES,7;13,,2,0,0,0,0,0,0,2,0,0,,,,1,,
OECD.DCD.FSD:DSD_CRS@DF_CRS(1.6),JPN,VNM,23210,11,10000,C01,C,Q,DD,22233919,USD,2023,0.00181,2024,A,6,6,Japanese International Co-operation Agency,2023961655,,Far East Asia,LMICs,10000,Recipient Government,10,ODA,110,Standard grant,1,TC AGGREGATED ACTIVITIES,TC AGGREGATED ACTIVITIES,TC AGGREGATED ACTIVITIES,7;13,,2,0,0,0,0,0,0,2,0,0,,,,1,,
OECD.DCD.FSD:DSD_CRS@DF_CRS(1.6),JPN,VNM,23210,11,10000,C01,C,Q,DD,22238547,USD,2023,0.024237,2024,A,6,6,Japanese International Co-operation Agency,2023962393,,Far East Asia,LMICs,10000,Recipient Government,10,ODA,110,Standard grant,1,TC AGGREGATED ACTIVITIES,TC AGGREGATED ACTIVITIES,TC AGGREGATED ACTIVITIES,7;13,0,2,0,0,0,0,0,0,2,0,0,,,,1,,
OECD.DCD.FSD:DSD_CRS@DF_CRS(1.6),KOR,VNM,23210,11,30000,C01,C,Q,DD,22217143,USD,2023,0.231806,2024,A,6,6,Korea International Cooperation Agency,2023003488,2023070100145,Far East Asia,LMICs,30000,Public-Private Partnerships (PPP),10,ODA,110,Standard grant,1,DEVELOPING A SMART POWER BANK REUSING DISCARDED BATTERY FOR RESOURCE CIRCULAR ECONOMY IN VIETNAM,Developing a Smart Power Bank reusing discarded battery for resource circular economy in Vietnam,"Smart power bank prototype development and patent application, Prototype production of smart power bank and local supply, Set up Smart Power bank pop-up booths and production of promotional materials, Securing local partners and verifying competitiveness",7.1;12.5,0,1,0,0,0,,,0,1,0,0,0.000000,0.232600,0.000000,1,,
OECD.DCD.FSD:DSD_CRS@DF_CRS(1.6),KOR,VNM,23210,11,30000,C01,D,Q,DD,22792006,USD,2023,0.160275,2024,A,6,6,Korea International Cooperation Agency,2023003488,2023070100145,Far East Asia,LMICs,30000,Public-Private Partnerships (PPP),10,ODA,110,Standard grant,1,DEVELOPING A SMART POWER BANK REUSING DISCARDED BATTERY FOR RESOURCE CIRCULAR ECONOMY IN VIETNAM,Developing a Smart Power Bank reusing discarded battery for resource circular economy in Vietnam,"Smart power bank prototype development and patent application, Prototype production of smart power bank and local supply, Set up Smart Power bank pop-up booths and production of promotional materials, Securing local partners and verifying competitiveness",7.1;12.5,0,1,0,0,0,,,0,1,0,0,0.000000,0.232600,0.000000,1,,
OECD.DCD.FSD:DSD_CRS@DF_CRS(1.6),JPN,VNM,23110,11,10000,C01,D,Q,DD,22825613,USD,2023,0.061483,2024,A,6,6,Japanese International Co-operation Agency,2023952819,,Far East Asia,LMICs,10000,Recipient Government,10,ODA,110,Standard grant,1,TC AGGREGATED ACTIVITIES,TC AGGREGATED ACTIVITIES,TC AGGREGATED ACTIVITIES,7;13,,0,0,0,,,,,0,0,0,,,,1,,
OECD.DCD.FSD:DSD_CRS@DF_CRS(1.6),JPN,VNM,23210,11,10000,C01,D,Q,DD,22832023,USD,2023,0.364193,2024,A,6,6,Japanese International Co-operation Agency,2023959281,,Far East Asia,LMICs,10000,Recipient Government,10,ODA,110,Standard grant,1,TC AGGREGATED ACTIVITIES,TC AGGREGATED ACTIVITIES,TC AGGREGATED ACTIVITIES,7;13,,,,,,,,,2,0,,,,,1,,
OECD.DCD.FSD:DSD_CRS@DF_CRS(1.6),JPN,VNM,23110,11,10000,C01,D,Q,DD,22830650,USD,2023,0.005482,2024,A,6,6,Japanese International Co-operation Agency,2023958721,,Far East Asia,LMICs,10000,Recipient Government,10,ODA,110,Standard grant,1,TC AGGREGATED ACTIVITIES,TC AGGREGATED ACTIVITIES,TC AGGREGATED ACTIVITIES,7;13,,,,,,,,,0,0,,,,,1,,
OECD.DCD.FSD:DSD_CRS@DF_CRS(1.6),JPN,VNM,23210,11,10000,C01,C,Q,DD,22243590,USD,2023,0.00067,2024,A,6,6,Japanese International Co-operation Agency,2023958722,,Far East Asia,LMICs,10000,Recipient Government,10,ODA,110,Standard grant,1,TC AGGREGATED ACTIVITIES,TC AGGREGATED ACTIVITIES,TC AGGREGATED ACTIVITIES,7;13,,,,,,,,,0,0,,,,,1,,
OECD.DCD.FSD:DSD_CRS@DF_CRS(1.6),JPN,VNM,23110,11,10000,C01,C,Q,DD,22229217,USD,2023,0.047866,2024,A,6,6,Japanese International Co-operation Agency,2023955135,,Far East Asia,LMICs,10000,Recipient Government,10,ODA,110,Standard grant,1,TC AGGREGATED ACTIVITIES,TC AGGREGATED ACTIVITIES,TC AGGREGATED ACTIVITIES,9;8;7;12,,,,,,,,,0,1,,,,,1,,
OECD.DCD.FSD:DSD_CRS@DF_CRS(1.6),JPN,VNM,23110,11,10000,C01,C,Q,DD,22233918,USD,2023,0.002398,2024,A,6,6,Japanese International Co-operation Agency,2023961654,,Far East Asia,LMICs,10000,Recipient Government,10,ODA,110,Standard grant,1,TC AGGREGATED ACTIVITIES,TC AGGREGATED ACTIVITIES,TC AGGREGATED ACTIVITIES,7;13,,,,,,,,,0,1,,,,,1,,
OECD.DCD.FSD:DSD_CRS@DF_CRS(1.6),JPN,VNM,23110,11,10000,C01,D,Q,DD,22826763,USD,2023,0.002398,2024,A,6,6,Japanese International Co-operation Agency,2023961654,,Far East Asia,LMICs,10000,Recipient Government,10,ODA,110,Standard grant,1,TC AGGREGATED ACTIVITIES,TC AGGREGATED ACTIVITIES,TC AGGREGATED ACTIVITIES,7;13,,,,,,,,,0,1,,,,,1,,
OECD.DCD.FSD:DSD_CRS@DF_CRS(1.6),JPN,VNM,23110,11,10000,C01,C,Q,DD,22244254,USD,2023,0.013245,2024,A,6,6,Japanese International Co-operation Agency,2023954830,,Far East Asia,LMICs,10000,Recipient Government,10,ODA,110,Standard grant,1,TC AGGREGATED ACTIVITIES,TC AGGREGATED ACTIVITIES,TC AGGREGATED ACTIVITIES,7;13,,0,0,0,0,0,0,0,0,1,0,,,,1,,
OECD.DCD.FSD:DSD_CRS@DF_CRS(1.6),JPN,VNM,23110,11,10000,C01,C,Q,DD,22234755,USD,2023,0.006185,2024,A,6,6,Japanese International Co-operation Agency,2023952573,,Far East Asia,LMICs,10000,Recipient Government,10,ODA,110,Standard grant,1,TC AGGREGATED ACTIVITIES,TC AGGREGATED ACTIVITIES,TC AGGREGATED ACTIVITIES,7;13,,0,0,0,0,0,0,0,0,0,0,,,,1,,
OECD.DCD.FSD:DSD_CRS@DF_CRS(1.6),JPN,VNM,23110,11,10000,C01,D,Q,DD,22825367,USD,2023,0.006185,2024,A,6,6,Japanese International Co-operation Agency,2023952573,,Far East Asia,LMICs,10000,Recipient Government,10,ODA,110,Standard grant,1,TC AGGREGATED ACTIVITIES,TC AGGREGATED ACTIVITIES,TC AGGREGATED ACTIVITIES,7;13,,0,0,0,0,0,0,0,0,0,0,,,,1,,
OECD.DCD.FSD:DSD_CRS@DF_CRS(1.6),JPN,VNM,23110,11,20000,C01,C,Q,DD,22233934,USD,2023,0.089001,2024,A,6,6,Japanese International Co-operation Agency,2023951861,,Far East Asia,LMICs,20000,Donor country-based NGO,10,ODA,110,Standard grant,1,TC AGGREGATED ACTIVITIES,TC AGGREGATED ACTIVITIES,TC AGGREGATED ACTIVITIES,7;13,,2,0,0,,,,,1,1,0,,,,1,,
OECD.DCD.FSD:DSD_CRS@DF_CRS(1.6),JPN,VNM,23110,11,20000,C01,D,Q,DD,22821990,USD,2023,0.089001,2024,A,6,6,Japanese International Co-operation Agency,2023951861,,Far East Asia,LMICs,20000,Donor country-based NGO,10,ODA,110,Standard grant,1,TC AGGREGATED ACTIVITIES,TC AGGREGATED ACTIVITIES,TC AGGREGATED ACTIVITIES,7;13,,2,0,0,,,,,1,1,0,,,,1,,
OECD.DCD.FSD:DSD_CRS@DF_CRS(1.6),JPN,VNM,23110,11,40000,B03,D,Q,DD,22693090,USD,2023,0.485871,2024,A,6,6,Ministry of Foreign Affairs,2023050138,,Far East Asia,LMICs,40000,United Nations Development Programme ,10,ODA,110,Standard grant,1,JAPAN-UNDP SUPPORT FOR TRANSITION EFFORT TO DECARBONISATION/JUSTED)(VIET NAM),Japan-UNDP Support for Transition Effort to Decarbonisation/JUSTED)(Viet Nam),Support for Transition Effort to Decarbonisation in Viet Nam,13,0,1,,0,1,0,0,0,2,0,0,,0.508000,,8,,
OECD.DCD.FSD:DSD_CRS@DF_CRS(1.6),JPN,VNM,23110,11,40000,B03,D,Q,DD,22693089,USD,2023,0.269928,2024,A,6,6,Ministry of Foreign Affairs,2023050138,,Far East Asia,LMICs,40000,United Nations Development Programme ,10,ODA,110,Standard grant,1,JAPAN-UNDP SUPPORT FOR TRANSITION EFFORT TO DECARBONISATION/JUSTED)(VIET NAM),Japan-UNDP Support for Transition Effort to Decarbonisation/JUSTED)(Viet Nam),Support for Transition Effort to Decarbonisation in Viet Nam,13,0,1,,0,1,0,0,0,2,0,0,,0.282200,,8,,
OECD.DCD.FSD:DSD_CRS@DF_CRS(1.6),JPN,VNM,23110,11,40000,B03,C,Q,DD,22149134,USD,2023,0.269928,2024,A,6,6,Ministry of Foreign Affairs,2023050138,,Far East Asia,LMICs,40000,United Nations Development Programme ,10,ODA,110,Standard grant,1,JAPAN-UNDP SUPPORT FOR TRANSITION EFFORT TO DECARBONISATION/JUSTED)(VIET NAM),Japan-UNDP Support for Transition Effort to Decarbonisation/JUSTED)(Viet Nam),Support for Transition Effort to Decarbonisation in Viet Nam,13,0,1,,0,1,0,0,0,2,0,0,,0.282200,,8,,
OECD.DCD.FSD:DSD_CRS@DF_CRS(1.6),JPN,VNM,23110,11,40000,B03,C,Q,DD,22149135,USD,2023,0.485871,2024,A,6,6,Ministry of Foreign Affairs,2023050138,,Far East Asia,LMICs,40000,United Nations Development Programme ,10,ODA,110,Standard grant,1,JAPAN-UNDP SUPPORT FOR TRANSITION EFFORT TO DECARBONISATION/JUSTED)(VIET NAM),Japan-UNDP Support for Transition Effort to Decarbonisation/JUSTED)(Viet Nam),Support for Transition Effort to Decarbonisation in Viet Nam,13,0,1,,0,1,0,0,0,2,0,0,,0.508000,,8,,
OECD.DCD.FSD:DSD_CRS@DF_CRS(1.6),JPN,VNM,23320,13,10000,C01,D,Q,DD,22688078,USD,2023,0.489571,2024,A,6,6,Japanese International Co-operation Agency,2015003049,JICAVN14-P1,Far East Asia,LMICs,10000,Recipient Government,10,ODA,421,Standard loan,1,THAI BINH POWER PLANT AND TRANSMISSION LINES PROJECT (III),Thai Binh Power Plant and Transmission Lines Project (III),To meet the increasing power demand,,0,0,,0,0,0,0,0,0,0,0,,,,3,,
OECD.DCD.FSD:DSD_CRS@DF_CRS(1.6),JPN,VNM,23320,13,10000,C01,D,Q,DD,22687990,USD,2023,0.000165,2024,A,6,6,Japanese International Co-operation Agency,2015003001,JICAVN13-P8,Far East Asia,LMICs,10000,Recipient Government,10,ODA,421,Standard loan,1,THAI BINH POWER PLANT AND TRANSMISSION LINES PROJECT(II),Thai Binh Power Plant and Transmission Lines Project(II),To meet the increasing power demand,,0,0,,0,0,0,0,0,0,0,0,,,,3,,
OECD.DCD.FSD:DSD_CRS@DF_CRS(1.6),JPN,VNM,23320,13,10000,C01,D,Q,DD,22689818,USD,2023,5.6E-05,2024,A,6,6,Japanese International Co-operation Agency,2016003051,JICAVN15-P7,Far East Asia,LMICs,10000,Recipient Government,10,ODA,421,Standard loan,1,THAI BINH POWER PLANT AND TRANSMISSION LINES PROJECT (IV),Thai Binh Power Plant and Transmission Lines Project (IV),To meet the increasing power demand,,0,0,,0,0,0,0,0,0,0,0,,,,3,,
OECD.DCD.FSD:DSD_CRS@DF_CRS(1.6),DEU,VNM,23110,11,10000,C01,D,Q,DD,22904473,USD,2023,0.61663,2024,A,6,6,Federal Ministry for Economic Cooperation and Development,2022000954,202121556,Far East Asia,LMICs,10000,Public corporations (donor govt.),10,ODA,110,Standard grant,1,PROMOTING THE TRANSFORMATION OF THE ENERGY SECTOR IN VIET NAM (TEV),Promoting the transformation of the energy sector in Viet Nam (TEV),"The strategic, regulatory and technical preconditions for a climate and environmental friendly energy transition in Viet Nam are improved.",7;13,1,1,1,0,0,,,0,2,0,0,0.000000,0.000000,,3,,
OECD.DCD.FSD:DSD_CRS@DF_CRS(1.6),DEU,VNM,23110,11,10000,C01,D,Q,DD,22938365,USD,2023,0.279018,2024,A,6,6,Federal Ministry for Economic Cooperation and Development,2020002028,201821065,Far East Asia,LMICs,10000,Public corporations (donor govt.),10,ODA,110,Standard grant,1,COMMERCIAL & INDUSTRIAL ROOFTOP SOLAR (CIRTS),Commercial & Industrial Rooftop Solar (CIRTS),Conditions for the development of the commercial rooftop solar energy market in Viet Nam are improved.,7;13,0,0,0,0,0,,,0,2,0,0,0.000000,0.000000,,3,,
OECD.DCD.FSD:DSD_CRS@DF_CRS(1.6),DEU,VNM,23230,11,10000,C01,D,Q,DD,22894471,USD,2023,0.038747,2024,A,6,6,Federal Ministry for Economic Cooperation and Development,2022004638,202106003-5119,Far East Asia,LMICs,10000,Public corporations (donor govt.),10,ODA,110,Standard grant,1,INCLUSION & CLIMATE MITIGATION: SOLAR INSTALLATIONS WITH VOCATIONAL TRAINING & JOBS FOR DISABLED PERSONS,Inclusion & Climate Mitigation: Solar Installations with Vocational Training & Jobs for Disabled Persons,The goal is to enable german NGOs and their local partners to implement development projects.,7;13;11;10;1,1,1,1,0,,,,0,2,0,0,0.000000,0.000000,,3,,
OECD.DCD.FSD:DSD_CRS@DF_CRS(1.6),DEU,VNM,23183,11,10000,C01,D,Q,DD,22904474,USD,2023,0.184989,2024,A,6,6,Federal Ministry for Economic Cooperation and Development,2022000954,202121556,Far East Asia,LMICs,10000,Public corporations (donor govt.),10,ODA,110,Standard grant,1,PROMOTING THE TRANSFORMATION OF THE ENERGY SECTOR IN VIET NAM (TEV),Promoting the transformation of the energy sector in Viet Nam (TEV),"The strategic, regulatory and technical preconditions for a climate and environmental friendly energy transition in Viet Nam are improved.",7;13,1,1,1,0,0,,,0,2,0,0,0.000000,0.000000,,3,,
OECD.DCD.FSD:DSD_CRS@DF_CRS(1.6),DEU,VNM,23110,11,10000,C01,D,Q,DD,22892636,USD,2023,1.571972,2024,A,6,6,Federal Ministry for Economic Cooperation and Development,2020002021,201520519,Far East Asia,LMICs,10000,Public corporations (donor govt.),10,ODA,110,Standard grant,1,RENEWABLE ENERGY AND ENERGY EFFICIENCY,Renewable Energy and Energy Efficiency,The prerequisites for the use of renewable energies and the increase in energy efficiency have been improved by key players from the government and the economy.,7;13,1,1,0,0,0,,,0,2,0,0,0.000000,0.000000,,3,,
OECD.DCD.FSD:DSD_CRS@DF_CRS(1.6),DEU,VNM,23230,11,10000,C01,D,Q,DD,22938366,USD,2023,1.116074,2024,A,6,6,Federal Ministry for Economic Cooperation and Development,2020002028,201821065,Far East Asia,LMICs,10000,Public corporations (donor govt.),10,ODA,110,Standard grant,1,COMMERCIAL & INDUSTRIAL ROOFTOP SOLAR (CIRTS),Commercial & Industrial Rooftop Solar (CIRTS),Conditions for the development of the commercial rooftop solar energy market in Viet Nam are improved.,7;13,0,0,0,0,0,,,0,2,0,0,0.000000,0.000000,,3,,
OECD.DCD.FSD:DSD_CRS@DF_CRS(1.6),DEU,VNM,23210,11,10000,C01,D,Q,DD,22904475,USD,2023,0.431641,2024,A,6,6,Federal Ministry for Economic Cooperation and Development,2022000954,202121556,Far East Asia,LMICs,10000,Public corporations (donor govt.),10,ODA,110,Standard grant,1,PROMOTING THE TRANSFORMATION OF THE ENERGY SECTOR IN VIET NAM (TEV),Promoting the transformation of the energy sector in Viet Nam (TEV),"The strategic, regulatory and technical preconditions for a climate and environmental friendly energy transition in Viet Nam are improved.",7;13,1,1,1,0,0,,,0,2,0,0,0.000000,0.000000,,3,,
OECD.DCD.FSD:DSD_CRS@DF_CRS(1.6),DEU,VNM,23182,11,50000,D02,D,Q,DD,22911359,USD,2023,0.030353,2024,A,6,6,"Federal Ministry of Research, Technology and Space",2021011758,031B0707C,Far East Asia,LMICs,50000,"University, college or other teaching institution, research institute or think-tank",10,ODA,110,Standard grant,1,INTERNATIONAL COOPERATION IN PRODUCTION OF HEALTHY AND SAFE FOOD,International cooperation in production of healthy and safe food,International Bioeconomy 2016: SUVALIG - Sustainable biorefinery concept with a focus on the recovery of nutrients from biogas fermentation residues and HTC process water - Renewable energies for developing countries,9;7,0,2,0,0,0,,,0,0,1,0,0.000000,0.000000,,3,,
OECD.DCD.FSD:DSD_CRS@DF_CRS(1.6),DEU,VNM,23183,11,50000,C01,D,Q,DD,22909794,USD,2023,0.231446,2024,A,6,6,"Federal Ministry for the Enviroment, Climate Action, Nature Conservation and Nuclear Safety",2023004599A,67EXI5001A,Far East Asia,LMICs,50000,"University, college or other teaching institution, research institute or think-tank",10,ODA,110,Standard grant,1,SMART URBAN AREAS (SUA) - SUSTAINABLE SYSTEM SOLUTIONS FOR URBAN DEVELOPMENT,SMART URBAN AREAS (SUA) - Sustainable System Solutions for Urban Development,"The aim is to make a sustainable contribution to building management in the capital city of Hanoi with innovative and networkable high-efficiency pumps, green roofs and facades, and the efficient use of rainwater and graywater for urban development.",6.4;11.6,0,2,0,0,0,,,0,1,0,0,0.000000,0.000000,,3,,
OECD.DCD.FSD:DSD_CRS@DF_CRS(1.6),DEU,VNM,23183,11,60000,C01,D,Q,DD,22909795,USD,2023,0.01001,2024,A,6,6,"Federal Ministry for the Enviroment, Climate Action, Nature Conservation and Nuclear Safety",2023004599B,67EXI5001B,Far East Asia,LMICs,60000,Other non-financial corporations (in provider country),10,ODA,110,Standard grant,1,SMART URBAN AREAS (SUA) - SUSTAINABLE SYSTEM SOLUTIONS FOR URBAN DEVELOPMENT,SMART URBAN AREAS (SUA) - Sustainable System Solutions for Urban Development,"The aim is to make a sustainable contribution to building management in the capital city of Hanoi with innovative and networkable high-efficiency pumps, green roofs and facades, and the efficient use of rainwater and graywater for urban development.",6.4;11.6,0,2,0,0,0,,,0,1,0,0,0.000000,0.000000,,3,,
OECD.DCD.FSD:DSD_CRS@DF_CRS(1.6),DEU,VNM,23210,11,10000,C01,D,Q,DD,22906711,USD,2023,0.72883,2024,A,6,6,Federal Ministry for Economic Affairs and Energy,2022009399,19_I_358_VNM_G_Bioenergie,Far East Asia,LMICs,10000,Public corporations (donor govt.),10,ODA,110,Standard grant,1,CLIMATE PROTECTION THROUGH SUSTAINABLE BIOENERGY MARKETS IN VIET NAM,Climate Protection through Sustainable Bioenergy Markets in Viet Nam,"Vietnam's economy is booming to such an extent that the country's electricity consumption is expected to triple by 2030. The government is consequently expanding the use of biomass waste for electricity and heat generation to achieve the greenhouse gas reduction targets planned in Vietnam's nationally-determined contributions (NDCs). The project supports the development of a sustainable market in this area, advising consultants, project developers and investors on how to draw up feasibility studies, and providing the authorities with an instrument for the approval of biomass energy projects. It teaches staff from financial institutions how to examine and evaluate applications and develops a financing mechanism to favour suitable investments. The project initiates technology partnerships between national and international companies and research and development institutions to develop locally adapted solutions.",7;13,0,1,1,,,,,0,2,0,,0.000000,0.000000,,3,,
OECD.DCD.FSD:DSD_CRS@DF_CRS(1.6),DEU,VNM,23210,13,10000,C01,D,Q,DD,22903670,USD,2023,3.684985,2024,A,6,6,KfW Bankengruppe (KfW banking group),2016131958,201468032,Far East Asia,LMICs,10000,Central Government (recipient govt.),10,ODA,421,Standard loan,1,EFFICIENT POWER GRIDS IN SMALL AND MEDIUM-SIZED CITIES - PHASE 1,Efficient Power Grids in Small and Medium-sized Cities - Phase 1,Efficient Power Grids in Small and Medium-sized Cities - Phase 1,7;13,0,1,0,0,,,,0,2,0,0,0.000000,0.000000,,3,,
OECD.DCD.FSD:DSD_CRS@DF_CRS(1.6),DEU,VNM,23210,13,10000,C01,D,Q,DD,22903623,USD,2023,1.989347,2024,A,6,6,KfW Bankengruppe (KfW banking group),2014130858,201266659,Far East Asia,LMICs,10000,Central Government (recipient govt.),10,ODA,421,Standard loan,1,ENERGY EFFICIENCY IN URBAN AREAS,Energy Efficiency in Urban Areas,Finance the expansion and modernization of the transmission and distribution networks in metropolitan areas Hanoi and Ho Chi Minh,7;13,0,2,0,0,,,,0,2,0,0,0.000000,0.000000,,3,,
OECD.DCD.FSD:DSD_CRS@DF_CRS(1.6),DEU,VNM,23630,13,10000,C01,D,Q,DD,22903659,USD,2023,9.791089,2024,A,6,6,KfW Bankengruppe (KfW banking group),2016128781,201266667,Far East Asia,LMICs,10000,Central Government (recipient govt.),10,ODA,421,Standard loan,1,SMART GRID - TRANSMISSION EFFICIENCY,Smart Grid - Transmission Efficiency,Smart Grid - Transmission Efficiency,7;13,0,2,0,0,,,,0,2,0,0,0.000000,0.000000,,3,,
OECD.DCD.FSD:DSD_CRS@DF_CRS(1.6),DEU,VNM,23630,13,10000,C01,D,Q,DD,22903672,USD,2023,14.739942,2024,A,6,6,KfW Bankengruppe (KfW banking group),2016131958,201468032,Far East Asia,LMICs,10000,Central Government (recipient govt.),10,ODA,421,Standard loan,1,EFFICIENT POWER GRIDS IN SMALL AND MEDIUM-SIZED CITIES - PHASE 1,Efficient Power Grids in Small and Medium-sized Cities - Phase 1,Efficient Power Grids in Small and Medium-sized Cities - Phase 1,7;13,0,1,0,0,,,,0,2,0,0,0.000000,0.000000,,3,,
OECD.DCD.FSD:DSD_CRS@DF_CRS(1.6),DEU,VNM,23630,13,10000,C01,D,Q,DD,22903624,USD,2023,4.64181,2024,A,6,6,KfW Bankengruppe (KfW banking group),2014130858,201266659,Far East Asia,LMICs,10000,Central Government (recipient govt.),10,ODA,421,Standard loan,1,ENERGY EFFICIENCY IN URBAN AREAS,Energy Efficiency in Urban Areas,Finance the expansion and modernization of the transmission and distribution networks in metropolitan areas Hanoi and Ho Chi Minh,7;13,0,2,0,0,,,,0,2,0,0,0.000000,0.000000,,3,,
OECD.DCD.FSD:DSD_CRS@DF_CRS(1.6),DEU,VNM,23630,13,10000,C01,D,Q,DD,22903937,USD,2023,10.297509,2024,A,6,6,KfW Bankengruppe (KfW banking group),2017133573,201567437,Far East Asia,LMICs,10000,Central Government (recipient govt.),10,ODA,421,Standard loan,1,"EFFICIENT POWER GRIDS IN SMALL AND MEDIUM-SIZED CITIES, PHASE 2","Efficient Power Grids in Small and Medium-sized Cities, Phase 2","Efficient Power Grids in Small and Medium-sized Cities, Phase 2",7;13,0,1,0,0,,,,0,2,0,0,0.000000,0.000000,,3,,
OECD.DCD.FSD:DSD_CRS@DF_CRS(1.6),DEU,VNM,23181,11,20000,D02,D,Q,DD,22906984,USD,2023,0.201322,2024,A,6,6,Federal Ministry for Economic Affairs and Energy,2022009565,IMG2020_I_002_VNM_Green Youth Labs,Far East Asia,LMICs,20000,Donor country-based NGO,10,ODA,110,Standard grant,1,GREEN YOUTH LABS: TRAINING PROGRAM FOR INNOVATION AND A SOCIALLY EQUITABLE ENERGY TRANSITION (GREENYOU),Green Youth labs: Training program for innovation and a socially equitable energy transition (GreenYOU),"The project aims to engage young people in low-carbon production and climate-friendly energy use at local and national levels. This is done through a two-stage training programme: an introductory module in North, Central and South Viet Nam (with 50 participants each) and an advanced module in Central Viet Nam, whose participants (30 in total) are selected based on pre-submitted project ideas. The training content is geared towards the needs of the participants to further develop their project ideas and includes a critical analysis and discussion of the overall socio-political framework. This is followed by a public innovation challenge in which young people (up to 35) submit proposals for pilot projects in various categories (e.g. technology, awareness-raising). Each year, the best 10 project ideas are selected by a panel of experts and the young people are supported conceptually and financially in their implementation through mentoring. The innovation challenge is coupled with an Energy Transition Fair, where the project proposals are presented to the private sector. In the third year, a Young Energy Summit takes place. With the support of experts, the alumni of the programme reflect on existing political frameworks and translate their own experiences into political recommendations, which are published in a position paper and presented to government and business representatives at the summit. The participation of climate activists from Germany and alumni from other FES young leadership programmes promotes a North-South exchange. The participants of the 10 best projects will go on a study trip to Germany to learn about the experiences made there with the energy transition. If the envisioned travels are not possible due to the Corona-Pandemic, a close virtual exchange is strived for.",,0,1,2,,,,,0,2,0,0,0.000000,0.000000,,3,,
OECD.DCD.FSD:DSD_CRS@DF_CRS(1.6),DEU,VNM,23110,11,10000,C01,C,Q,DD,22295653,USD,2023,7.812842,2024,A,6,6,Federal Ministry for Economic Affairs and Energy,2022009509,22_I_469_VNM_G_SHIFT,Far East Asia,LMICs,10000,Public corporations (donor govt.),10,ODA,110,Standard grant,1,SHIFT - SHIFTING INVESTMENT FLOWS TOWARDS GREEN TRANSFORMATION,SHIFT - Shifting Investment Flows Towards Green Transformation,"The overall outcome of SHIFT is that green policy and investment frameworks for enhanced climate action in Viet Nam, especially in the energy sector, are improved (outcome). This helps Viet Nam on the path to (a) achieve its current conditional NDC target of reducing emissions by 27% in 2030 compared to BAU and its COP26 pledge to achieve net zero emissions by 2050, (b) to increase ambition of future NDC and (c) to achieve the SDGs and the objectives of the National Green Growth Strategy (impact). To this end, the project plans to deliver five interconnected outputs with associated work packages: (1) Improving the policy framework for green public and private investment and (2) improving the policy framework in favor of the energy transition, (3) increasing capacities of local financial players to supply green financial products, (4) increasing green investments by SMEs and other private sector actors, (5) facilitating a public discourse for an inclusive transition to a green economy.",9;8;7;13,1,1,1,,,,,0,2,0,0,1.477300,6.098500,,3,,
OECD.DCD.FSD:DSD_CRS@DF_CRS(1.6),DEU,VNM,23110,11,10000,C01,D,Q,DD,22906838,USD,2023,0.299839,2024,A,6,6,Federal Ministry for Economic Affairs and Energy,2022009509,22_I_469_VNM_G_SHIFT,Far East Asia,LMICs,10000,Public corporations (donor govt.),10,ODA,110,Standard grant,1,SHIFT - SHIFTING INVESTMENT FLOWS TOWARDS GREEN TRANSFORMATION,SHIFT - Shifting Investment Flows Towards Green Transformation,"The overall outcome of SHIFT is that green policy and investment frameworks for enhanced climate action in Viet Nam, especially in the energy sector, are improved (outcome). This helps Viet Nam on the path to (a) achieve its current conditional NDC target of reducing emissions by 27% in 2030 compared to BAU and its COP26 pledge to achieve net zero emissions by 2050, (b) to increase ambition of future NDC and (c) to achieve the SDGs and the objectives of the National Green Growth Strategy (impact). To this end, the project plans to deliver five interconnected outputs with associated work packages: (1) Improving the policy framework for green public and private investment and (2) improving the policy framework in favor of the energy transition, (3) increasing capacities of local financial players to supply green financial products, (4) increasing green investments by SMEs and other private sector actors, (5) facilitating a public discourse for an inclusive transition to a green economy.",9;8;7;13,1,1,1,,,,,0,2,0,0,1.477300,6.098500,,3,,
OECD.DCD.FSD:DSD_CRS@DF_CRS(1.6),FRA,VNM,23210,11,10000,C01,C,Q,DD,22211290,USD,2023,0.717702,2024,A,6,6,French Development Agency,2023AFD00064,CVN126801,Far East Asia,LMICs,10000,Public corporations (recipient govt.),10,ODA,110,Standard grant,1,"FEXTE RTE EVN - FEXTE PORTANT SUR BAC AI, NPT, TRANSITION ÉNERGÉTIQUE EVN","FEXTE RTE EVN - FEXTE portant sur Bac AI, NPT, transition énergétique EVN","FEXTE portant sur Bac AI, NPT, transition énergétique EVN",7;16;13,0,0,,,,,,0,0,0,,,0.702900,,1,,
OECD.DCD.FSD:DSD_CRS@DF_CRS(1.6),FRA,VNM,23210,11,10000,C01,D,Q,DD,22789950,USD,2023,0.110416,2024,A,6,6,French Development Agency,2023AFD00064,CVN126801,Far East Asia,LMICs,10000,Public corporations (recipient govt.),10,ODA,110,Standard grant,1,"FEXTE RTE EVN - FEXTE PORTANT SUR BAC AI, NPT, TRANSITION ÉNERGÉTIQUE EVN","FEXTE RTE EVN - FEXTE portant sur Bac AI, NPT, transition énergétique EVN","FEXTE portant sur Bac AI, NPT, transition énergétique EVN",7;16;13,0,0,,,,,,0,0,0,,,0.702900,,1,,
OECD.DCD.FSD:DSD_CRS@DF_CRS(1.6),FRA,VNM,23183,13,10000,C01,D,Q,DD,22795634,USD,2023,6.086927,2024,A,6,6,French Development Agency,2022119300,CVN121801,Far East Asia,LMICs,10000,Public corporations (recipient govt.),10,ODA,421,Standard loan,1,RÉSEAUX SUD VIETNAM - PROGRAMME DE SOUTIEN À SPC POUR LE RENFORCEMENT DES RÉSEAUX ET L'INTÉGRATION D'ÉNERGIES RENOUVELABLES AU SUD DU VIETNAM,Réseaux Sud Vietnam - Programme de soutien à SPC pour le renforcement des réseaux et l'intégration d'énergies renouvelables au Sud du Vietnam,"Soutien à EVN pour appui à sa filiale SPC en vue (i) d'améliorer la qualité du service électrique dans les zones rurales du Sud Vietnam, (ii) réduire les pertes techniques et (iii) permettre le développement des énergies renouvelables. Projets d'investissement en 110kV et 22 kV (moyenne tension) concernant soit un poste de transformation, soit une ligne, soit les deux , et installation de panneau solaire du Con Dao.",8;5;16;14;13;11;10,0,1,1,0,0,0,,0,1,0,0,,,,3,,
OECD.DCD.FSD:DSD_CRS@DF_CRS(1.6),FRA,VNM,23220,13,10000,C01,D,Q,DD,22795362,USD,2023,5.652065,2024,A,6,6,French Development Agency,2021149800,CVN119303,Far East Asia,LMICs,10000,Public corporations (recipient govt.),10,ODA,421,Standard loan,1,EVN 2- IALY+ SOLAIRE - VIETNAM ELECTRICITY. PROGRAMME DE SOUTIEN À EVN POUR LE DÉVELOPPEMENT DES ÉNERGIES RENOUVELABLES.,EVN 2- Ialy+ Solaire - Vietnam Electricity. Programme de soutien à EVN pour le développement des énergies renouvelables.,Extension de 50% de la capacité  de la centrale hydroélectrique de Ialy (+360MW) et financement de la centrale solaire Se San 4 (49 MWp). -Vietnam Electricity. Programme de soutien à EVN pour le développement des énergies renouvelables.,11,0,2,1,0,0,0,,0,2,0,0,,,,3,,
OECD.DCD.FSD:DSD_CRS@DF_CRS(1.6),FRA,VNM,23220,13,10000,C01,D,Q,DD,22795481,USD,2023,9.483221,2024,A,6,6,French Development Agency,2021197200,CVN123401,Far East Asia,LMICs,10000,Public corporations (recipient govt.),10,ODA,421,Standard loan,1,HOA BINH - EXTENSION DE LA CENTRALE HYDROÉLECTRIQUE DE HOA BINH,Hoa Binh - Extension de la centrale hydroélectrique de Hoa Binh,"Le projet d'extension de la centrale hydro-électrique de Hoa Binh (HB HPP) d'une capacité additionnelle de 1920 MW a pour finalité de renforcer la sécurité énergétique, d'augmenter l'approvisionnement en énergie propre et d'accompagner la transition énergétique du pays, à travers l'extension de la centrale hydroélectrique de Hoa Binh d'une capacité de pointe additionnelle de 480MW, produisant 500 millions de kWh supplémentaires par an. -Extension de la centrale hydroélectrique de Hoa Binh",9;7;17;16;13,0,2,1,0,0,0,,0,2,0,0,,,,3,,
OECD.DCD.FSD:DSD_CRS@DF_CRS(1.6),FIN,VNM,23630,11,10000,C01,D,Q,DD,22685349,USD,2023,0.064647,2024,A,6,6,Ministry of Foreign Affairs,2014140865,76909122,Far East Asia,LMICs,10000,Recipient Government,10,ODA,110,Standard grant,1,"MINI-SCADA PROJECT, TAM KY CITY","Mini-Scada Project, Tam Ky City","The Project aims at improving reliability the power distribution system in the capital of Quang Nam Province, Tam City. The introduction of Mini-Scada is vital to minimize the system faults, reduce the risk of accidents and improve the reality of power supply. More realiable electricity supply will enhance economic growth and improve the living conditions of the habitants. The project will have no harmful environmental effects.The project meets the OECD requirements being under EUR 3,0 million and is in line with the current Finnish development policies and principles. The project owner is Central Power Cooperation",,0,0,0,0,0,0,0,0,0,0,0,,,,3,,
OECD.DCD.FSD:DSD_CRS@DF_CRS(1.6),FIN,VNM,23630,11,10000,C01,D,Q,DD,22685350,USD,2023,0.064647,2024,A,6,6,Ministry of Foreign Affairs,2014140866,76909123,Far East Asia,LMICs,10000,Recipient Government,10,ODA,110,Standard grant,1,"MINISCADA PROJECT, PLEIKU CITY, GIA LAI PROVINCE","MiniScada Project, Pleiku City, Gia Lai province","The Project aims at improving reliability the power distribution system in the capital of Gia Lai province, Peliku City. The introduction of Mini-Scada is vital to minimize the system faults, reduce the risk of accidents and improve the reality of power supply. More realiable electricity supply will enhance economic growth and improve the living conditions of the habitants. The project will have no harmful environmental effects.The project meets the OECD requirements being under EUR 3,0 million and is in line with the current Finnish development policies and principles. The project owner is Central Power Cooperation",,0,0,0,0,0,0,1,0,0,0,0,,,,3,,
OECD.DCD.FSD:DSD_CRS@DF_CRS(1.6),FIN,VNM,23630,11,60000,C01,D,Q,DD,22685279,USD,2023,0.125278,2024,A,6,6,Ministry of Foreign Affairs,2011110131,76908601,Far East Asia,LMICs,60000,"Holding companies, trusts and Special Purpose Vehicles (in provider country)",10,ODA,210,Interest subsidy,1,VIET/RURAL MV POWER NETWORK REHABILITATION IN FOUR PROVINCES,VIET/Rural MV Power Network Rehabilitation in four provinces,"The objective is to improve the capacity of electricity supply to meet the increasing load demand in the future, reduce power loss, ensure quality and reliability of electricity supply and reduce the selling price to households. The project has been on the drawing board for some time. The original total loan amount was estimated to be about EUR 6.0 million (1999). The project was divided into two phases and the first phase (EUR 3.5 million) has supposedly already been implemented. ELTEL applied in January 2004 for a buyer credit guarantee for the remaining amount of EUR 2.5 million but later (2005) the size of the project was raised to about EUR 9.4 million and the concessional credit requirement to about EUR 7.2 million. The present Feasibility Study proposes a concessional credit of about EUR 6.5 million.",,0,0,0,0,0,0,0,0,0,0,0,,,,3,,
OECD.DCD.FSD:DSD_CRS@DF_CRS(1.6),FIN,VNM,23230,11,60000,C01,D,Q,DD,22682491,USD,2023,0.005713,2024,A,6,6,Ministry of Foreign Affairs,2005050008,76907001,Far East Asia,LMICs,60000,"Holding companies, trusts and Special Purpose Vehicles (in provider country)",10,ODA,210,Interest subsidy,1,VIET/SOLAR ENERGY PROJECT IN VIETNAM,VIET/Solar energy project in Vietnam,Application of Solar Energy to mountainous and ethnic minority areas of Vietnam.,,0,2,0,0,0,0,0,0,0,0,0,,,,3,,
OECD.DCD.FSD:DSD_CRS@DF_CRS(1.6),4EU001,VNM,23110,11,40000,C01,D,Q,DD,22749663,USD,2023,2.272239,2024,A,6,6,European Commission,2021000335904,PC-32672,Far East Asia,LMICs,40000,Regional Development Banks,10,ODA,110,Standard grant,1,EVN ¿ TEAM EUROPE ENERGY TRANSITION FACILITY,EVN ¿ Team Europe Energy Transition Facility,The facility aims to provide Technical Assistance (TA) to support Vietnam Electricity (EVN) in (i) the implementation of its energy transition strategy and (ii) the preparation and implementation of EVN projects linked to Vietnam¿s commitments towards carbon neutrality and coal phasing out as part of COP26 and to be co-financed by AFD / KfW / EIB and other DFIs (with non-sovereign or sovereign loans and guarantees).,8;7;5;13;11,1,2,0,0,1,0,0,0,2,0,0,0.000000,0.000000,0.000000,3,,
OECD.DCD.FSD:DSD_CRS@DF_CRS(1.6),CAN,VNM,23210,11,40000,B03,C,Q,DD,22184905,USD,2023,0.50179,2024,A,6,6,Environment and Climate Change Canada,20237004980002,GCXE23I011,Far East Asia,LMICs,40000,,10,ODA,110,Standard grant,1,SOUTHEAST ASIA ENERGY TRANSITION PARTNERSHIP,Southeast Asia Energy Transition Partnership,"The Southeast Asia Energy Transition Partnership (SEA-ETP) is a multi-stakeholders platform bringing together Governments, Philanthropies and Partner Countries to accelerate energy transition in Southeast Asia by increasing the deployment of renewable energy, energy efficiency and sustainable infrastructures. The partnership aims to empower its partner countries to transition towards an energy system that simultaneously ensures environmental sustainability, economic growth and energy security.",7;13,0,0,0,0,0,0,0,0,2,0,0,,0.494100,,3,,
OECD.DCD.FSD:DSD_CRS@DF_CRS(1.6),CAN,VNM,23210,11,40000,B03,D,Q,DD,22742754,USD,2023,0.50179,2024,A,6,6,Environment and Climate Change Canada,20237004980002,GCXE23I011,Far East Asia,LMICs,40000,,10,ODA,110,Standard grant,1,SOUTHEAST ASIA ENERGY TRANSITION PARTNERSHIP,Southeast Asia Energy Transition Partnership,"The Southeast Asia Energy Transition Partnership (SEA-ETP) is a multi-stakeholders platform bringing together Governments, Philanthropies and Partner Countries to accelerate energy transition in Southeast Asia by increasing the deployment of renewable energy, energy efficiency and sustainable infrastructures. The partnership aims to empower its partner countries to transition towards an energy system that simultaneously ensures environmental sustainability, economic growth and energy security.",7;13,0,0,0,0,0,0,0,0,2,0,0,,0.494100,,3,,
OECD.DCD.FSD:DSD_CRS@DF_CRS(1.6),CAN,VNM,23181,11,60000,C01,C,Q,DD,22118478,USD,2023,0.073499,2024,A,6,6,Global Affairs Canada,20232000920002,P010407001,Far East Asia,LMICs,60000,Other non-financial corporations (in provider country),10,ODA,110,Standard grant,1,"SMALL AND MEDIUM-SIZED ENTERPRISES PROMOTE RESILIENCE, INCLUSION AND INNOVATIVE TRANSFORMATION/PETITES ET MOYENNES ENTREPRISES FAVORISENT LA RÉSILIENC","Small and Medium-Sized Enterprises Promote Resilience, Inclusion and Innovative Transformation/Petites et moyennes entreprises favorisent la résilience, l'inclusion et la transformation novatrice","This project seeks to enhance the socioeconomic wellbeing of ethnic minority women-focused small and medium-sized enterprises (SMEs) through clean growth in the agriculture sector of Yen Bai province of Vietnam. Project activities include: (1) providing technical assistance and training in inclusive business and financial management to ethnic minority women-focused micro, small and medium-sized enterprises (MSMEs), cooperatives and producer groups, (2) piloting of renewable energy and energy efficiency technology solutions, and (3) raising awareness campaigns and training to improve the ability of ethnic minority women to be active participants and leaders in clean economic growth in agriculture and to reduce barriers to their economic participation and leadership. This project aims to benefit 20,000 ethnic minority women directly, target approximately 75 MSMEs in Yen Bai province and indirectly benefit 843,000 people. Rural areas, like Yen Bai, are highly vulnerable to the impacts of climate change, given low-lying roads and a high dependence on rain-fed agriculture. / Ce projet vise à améliorer le bien-être socioéconomique des petites et moyennes entreprises (PME), en mettant l'accent sur les femmes appartenant à des minorités ethniques, grâce à la croissance propre du secteur agricole de la province de Yen Bai au Vietnam. Les activités de ce projet comprennent : 1) fournir une assistance technique et une formation en gestion commerciale et financière inclusive aux microentreprises et aux petites et moyennes entreprises (MPME), aux coopératives et aux groupes de producteurs, en mettant l'accent sur les femmes appartenant à des minorités ethniques, 2) piloter des solutions technologiques en matière d'énergie renouvelable et d'efficacité énergétique, 3) lancer des campagnes de sensibilisation et d'activités de formation visant à améliorer la capacité des femmes appartenant à des minorités ethniques à participer activement à une croissance économique propre dans l'agriculture et à réduire les obstacles à leur participation économique et à leur leadership. Ce projet vise à bénéficier directement à 20 000 femmes issues de minorités ethniques, à cibler environ 75 MPME dans la province de Yen Bai et à bénéficier indirectement à 843 000 personnes. Les zones rurales, comme Yen Bai, sont très vulnérables aux effets des changements climatiques, en raison des routes dans les basses terres et de la forte dépendance à l'égard de l'agriculture pluviale.",7;2;15;12,1,2,0,0,0,0,0,0,1,1,0,,0.072400,,1,,
OECD.DCD.FSD:DSD_CRS@DF_CRS(1.6),CAN,VNM,23181,11,60000,C01,D,Q,DD,22642443,USD,2023,0.007283,2024,A,6,6,Global Affairs Canada,20232000920002,P010407001,Far East Asia,LMICs,60000,Other non-financial corporations (in provider country),10,ODA,110,Standard grant,1,"SMALL AND MEDIUM-SIZED ENTERPRISES PROMOTE RESILIENCE, INCLUSION AND INNOVATIVE TRANSFORMATION/PETITES ET MOYENNES ENTREPRISES FAVORISENT LA RÉSILIENC","Small and Medium-Sized Enterprises Promote Resilience, Inclusion and Innovative Transformation/Petites et moyennes entreprises favorisent la résilience, l'inclusion et la transformation novatrice","This project seeks to enhance the socioeconomic wellbeing of ethnic minority women-focused small and medium-sized enterprises (SMEs) through clean growth in the agriculture sector of Yen Bai province of Vietnam. Project activities include: (1) providing technical assistance and training in inclusive business and financial management to ethnic minority women-focused micro, small and medium-sized enterprises (MSMEs), cooperatives and producer groups, (2) piloting of renewable energy and energy efficiency technology solutions, and (3) raising awareness campaigns and training to improve the ability of ethnic minority women to be active participants and leaders in clean economic growth in agriculture and to reduce barriers to their economic participation and leadership. This project aims to benefit 20,000 ethnic minority women directly, target approximately 75 MSMEs in Yen Bai province and indirectly benefit 843,000 people. Rural areas, like Yen Bai, are highly vulnerable to the impacts of climate change, given low-lying roads and a high dependence on rain-fed agriculture. / Ce projet vise à améliorer le bien-être socioéconomique des petites et moyennes entreprises (PME), en mettant l'accent sur les femmes appartenant à des minorités ethniques, grâce à la croissance propre du secteur agricole de la province de Yen Bai au Vietnam. Les activités de ce projet comprennent : 1) fournir une assistance technique et une formation en gestion commerciale et financière inclusive aux microentreprises et aux petites et moyennes entreprises (MPME), aux coopératives et aux groupes de producteurs, en mettant l'accent sur les femmes appartenant à des minorités ethniques, 2) piloter des solutions technologiques en matière d'énergie renouvelable et d'efficacité énergétique, 3) lancer des campagnes de sensibilisation et d'activités de formation visant à améliorer la capacité des femmes appartenant à des minorités ethniques à participer activement à une croissance économique propre dans l'agriculture et à réduire les obstacles à leur participation économique et à leur leadership. Ce projet vise à bénéficier directement à 20 000 femmes issues de minorités ethniques, à cibler environ 75 MPME dans la province de Yen Bai et à bénéficier indirectement à 843 000 personnes. Les zones rurales, comme Yen Bai, sont très vulnérables aux effets des changements climatiques, en raison des routes dans les basses terres et de la forte dépendance à l'égard de l'agriculture pluviale.",7;2;15;12,1,2,0,0,0,0,0,0,1,1,0,,0.072400,,1,,
OECD.DCD.FSD:DSD_CRS@DF_CRS(1.6),CAN,VNM,23181,11,60000,C01,D,Q,DD,22642428,USD,2023,0.007283,2024,A,6,6,Global Affairs Canada,20232000920001,P010407001,Far East Asia,LMICs,60000,Other non-financial corporations (in provider country),10,ODA,110,Standard grant,1,"SMALL AND MEDIUM-SIZED ENTERPRISES PROMOTE RESILIENCE, INCLUSION AND INNOVATIVE TRANSFORMATION/PETITES ET MOYENNES ENTREPRISES FAVORISENT LA RÉSILIENC","Small and Medium-Sized Enterprises Promote Resilience, Inclusion and Innovative Transformation/Petites et moyennes entreprises favorisent la résilience, l'inclusion et la transformation novatrice","This project seeks to enhance the socioeconomic wellbeing of ethnic minority women-focused small and medium-sized enterprises (SMEs) through clean growth in the agriculture sector of Yen Bai province of Vietnam. Project activities include: (1) providing technical assistance and training in inclusive business and financial management to ethnic minority women-focused micro, small and medium-sized enterprises (MSMEs), cooperatives and producer groups, (2) piloting of renewable energy and energy efficiency technology solutions, and (3) raising awareness campaigns and training to improve the ability of ethnic minority women to be active participants and leaders in clean economic growth in agriculture and to reduce barriers to their economic participation and leadership. This project aims to benefit 20,000 ethnic minority women directly, target approximately 75 MSMEs in Yen Bai province and indirectly benefit 843,000 people. Rural areas, like Yen Bai, are highly vulnerable to the impacts of climate change, given low-lying roads and a high dependence on rain-fed agriculture. / Ce projet vise à améliorer le bien-être socioéconomique des petites et moyennes entreprises (PME), en mettant l'accent sur les femmes appartenant à des minorités ethniques, grâce à la croissance propre du secteur agricole de la province de Yen Bai au Vietnam. Les activités de ce projet comprennent : 1) fournir une assistance technique et une formation en gestion commerciale et financière inclusive aux microentreprises et aux petites et moyennes entreprises (MPME), aux coopératives et aux groupes de producteurs, en mettant l'accent sur les femmes appartenant à des minorités ethniques, 2) piloter des solutions technologiques en matière d'énergie renouvelable et d'efficacité énergétique, 3) lancer des campagnes de sensibilisation et d'activités de formation visant à améliorer la capacité des femmes appartenant à des minorités ethniques à participer activement à une croissance économique propre dans l'agriculture et à réduire les obstacles à leur participation économique et à leur leadership. Ce projet vise à bénéficier directement à 20 000 femmes issues de minorités ethniques, à cibler environ 75 MPME dans la province de Yen Bai et à bénéficier indirectement à 843 000 personnes. Les zones rurales, comme Yen Bai, sont très vulnérables aux effets des changements climatiques, en raison des routes dans les basses terres et de la forte dépendance à l'égard de l'agriculture pluviale.",7;2;15;12,1,2,0,0,0,0,0,0,1,1,0,,0.072400,,1,,
OECD.DCD.FSD:DSD_CRS@DF_CRS(1.6),CAN,VNM,23181,11,60000,C01,C,Q,DD,22118974,USD,2023,0.073499,2024,A,6,6,Global Affairs Canada,20232000920004,P010407001,Far East Asia,LMICs,60000,Other non-financial corporations (in provider country),10,ODA,110,Standard grant,1,"SMALL AND MEDIUM-SIZED ENTERPRISES PROMOTE RESILIENCE, INCLUSION AND INNOVATIVE TRANSFORMATION/PETITES ET MOYENNES ENTREPRISES FAVORISENT LA RÉSILIENC","Small and Medium-Sized Enterprises Promote Resilience, Inclusion and Innovative Transformation/Petites et moyennes entreprises favorisent la résilience, l'inclusion et la transformation novatrice","This project seeks to enhance the socioeconomic wellbeing of ethnic minority women-focused small and medium-sized enterprises (SMEs) through clean growth in the agriculture sector of Yen Bai province of Vietnam. Project activities include: (1) providing technical assistance and training in inclusive business and financial management to ethnic minority women-focused micro, small and medium-sized enterprises (MSMEs), cooperatives and producer groups, (2) piloting of renewable energy and energy efficiency technology solutions, and (3) raising awareness campaigns and training to improve the ability of ethnic minority women to be active participants and leaders in clean economic growth in agriculture and to reduce barriers to their economic participation and leadership. This project aims to benefit 20,000 ethnic minority women directly, target approximately 75 MSMEs in Yen Bai province and indirectly benefit 843,000 people. Rural areas, like Yen Bai, are highly vulnerable to the impacts of climate change, given low-lying roads and a high dependence on rain-fed agriculture. / Ce projet vise à améliorer le bien-être socioéconomique des petites et moyennes entreprises (PME), en mettant l'accent sur les femmes appartenant à des minorités ethniques, grâce à la croissance propre du secteur agricole de la province de Yen Bai au Vietnam. Les activités de ce projet comprennent : 1) fournir une assistance technique et une formation en gestion commerciale et financière inclusive aux microentreprises et aux petites et moyennes entreprises (MPME), aux coopératives et aux groupes de producteurs, en mettant l'accent sur les femmes appartenant à des minorités ethniques, 2) piloter des solutions technologiques en matière d'énergie renouvelable et d'efficacité énergétique, 3) lancer des campagnes de sensibilisation et d'activités de formation visant à améliorer la capacité des femmes appartenant à des minorités ethniques à participer activement à une croissance économique propre dans l'agriculture et à réduire les obstacles à leur participation économique et à leur leadership. Ce projet vise à bénéficier directement à 20 000 femmes issues de minorités ethniques, à cibler environ 75 MPME dans la province de Yen Bai et à bénéficier indirectement à 843 000 personnes. Les zones rurales, comme Yen Bai, sont très vulnérables aux effets des changements climatiques, en raison des routes dans les basses terres et de la forte dépendance à l'égard de l'agriculture pluviale.",7;2;15;12,1,2,0,0,0,0,0,0,1,1,0,,0.072400,,1,,
OECD.DCD.FSD:DSD_CRS@DF_CRS(1.6),CAN,VNM,23181,11,60000,C01,C,Q,DD,22118998,USD,2023,0.073499,2024,A,6,6,Global Affairs Canada,20232000920005,P010407001,Far East Asia,LMICs,60000,Other non-financial corporations (in provider country),10,ODA,110,Standard grant,1,"SMALL AND MEDIUM-SIZED ENTERPRISES PROMOTE RESILIENCE, INCLUSION AND INNOVATIVE TRANSFORMATION/PETITES ET MOYENNES ENTREPRISES FAVORISENT LA RÉSILIENC","Small and Medium-Sized Enterprises Promote Resilience, Inclusion and Innovative Transformation/Petites et moyennes entreprises favorisent la résilience, l'inclusion et la transformation novatrice","This project seeks to enhance the socioeconomic wellbeing of ethnic minority women-focused small and medium-sized enterprises (SMEs) through clean growth in the agriculture sector of Yen Bai province of Vietnam. Project activities include: (1) providing technical assistance and training in inclusive business and financial management to ethnic minority women-focused micro, small and medium-sized enterprises (MSMEs), cooperatives and producer groups, (2) piloting of renewable energy and energy efficiency technology solutions, and (3) raising awareness campaigns and training to improve the ability of ethnic minority women to be active participants and leaders in clean economic growth in agriculture and to reduce barriers to their economic participation and leadership. This project aims to benefit 20,000 ethnic minority women directly, target approximately 75 MSMEs in Yen Bai province and indirectly benefit 843,000 people. Rural areas, like Yen Bai, are highly vulnerable to the impacts of climate change, given low-lying roads and a high dependence on rain-fed agriculture. / Ce projet vise à améliorer le bien-être socioéconomique des petites et moyennes entreprises (PME), en mettant l'accent sur les femmes appartenant à des minorités ethniques, grâce à la croissance propre du secteur agricole de la province de Yen Bai au Vietnam. Les activités de ce projet comprennent : 1) fournir une assistance technique et une formation en gestion commerciale et financière inclusive aux microentreprises et aux petites et moyennes entreprises (MPME), aux coopératives et aux groupes de producteurs, en mettant l'accent sur les femmes appartenant à des minorités ethniques, 2) piloter des solutions technologiques en matière d'énergie renouvelable et d'efficacité énergétique, 3) lancer des campagnes de sensibilisation et d'activités de formation visant à améliorer la capacité des femmes appartenant à des minorités ethniques à participer activement à une croissance économique propre dans l'agriculture et à réduire les obstacles à leur participation économique et à leur leadership. Ce projet vise à bénéficier directement à 20 000 femmes issues de minorités ethniques, à cibler environ 75 MPME dans la province de Yen Bai et à bénéficier indirectement à 843 000 personnes. Les zones rurales, comme Yen Bai, sont très vulnérables aux effets des changements climatiques, en raison des routes dans les basses terres et de la forte dépendance à l'égard de l'agriculture pluviale.",7;2;15;12,1,2,0,0,0,0,0,0,1,1,0,,0.072400,,1,,
OECD.DCD.FSD:DSD_CRS@DF_CRS(1.6),CAN,VNM,23181,11,60000,C01,C,Q,DD,22119027,USD,2023,0.367494,2024,A,6,6,Global Affairs Canada,20232000920006,P010407001,Far East Asia,LMICs,60000,Other non-financial corporations (in provider country),10,ODA,110,Standard grant,1,"SMALL AND MEDIUM-SIZED ENTERPRISES PROMOTE RESILIENCE, INCLUSION AND INNOVATIVE TRANSFORMATION/PETITES ET MOYENNES ENTREPRISES FAVORISENT LA RÉSILIENC","Small and Medium-Sized Enterprises Promote Resilience, Inclusion and Innovative Transformation/Petites et moyennes entreprises favorisent la résilience, l'inclusion et la transformation novatrice","This project seeks to enhance the socioeconomic wellbeing of ethnic minority women-focused small and medium-sized enterprises (SMEs) through clean growth in the agriculture sector of Yen Bai province of Vietnam. Project activities include: (1) providing technical assistance and training in inclusive business and financial management to ethnic minority women-focused micro, small and medium-sized enterprises (MSMEs), cooperatives and producer groups, (2) piloting of renewable energy and energy efficiency technology solutions, and (3) raising awareness campaigns and training to improve the ability of ethnic minority women to be active participants and leaders in clean economic growth in agriculture and to reduce barriers to their economic participation and leadership. This project aims to benefit 20,000 ethnic minority women directly, target approximately 75 MSMEs in Yen Bai province and indirectly benefit 843,000 people. Rural areas, like Yen Bai, are highly vulnerable to the impacts of climate change, given low-lying roads and a high dependence on rain-fed agriculture. / Ce projet vise à améliorer le bien-être socioéconomique des petites et moyennes entreprises (PME), en mettant l'accent sur les femmes appartenant à des minorités ethniques, grâce à la croissance propre du secteur agricole de la province de Yen Bai au Vietnam. Les activités de ce projet comprennent : 1) fournir une assistance technique et une formation en gestion commerciale et financière inclusive aux microentreprises et aux petites et moyennes entreprises (MPME), aux coopératives et aux groupes de producteurs, en mettant l'accent sur les femmes appartenant à des minorités ethniques, 2) piloter des solutions technologiques en matière d'énergie renouvelable et d'efficacité énergétique, 3) lancer des campagnes de sensibilisation et d'activités de formation visant à améliorer la capacité des femmes appartenant à des minorités ethniques à participer activement à une croissance économique propre dans l'agriculture et à réduire les obstacles à leur participation économique et à leur leadership. Ce projet vise à bénéficier directement à 20 000 femmes issues de minorités ethniques, à cibler environ 75 MPME dans la province de Yen Bai et à bénéficier indirectement à 843 000 personnes. Les zones rurales, comme Yen Bai, sont très vulnérables aux effets des changements climatiques, en raison des routes dans les basses terres et de la forte dépendance à l'égard de l'agriculture pluviale.",7;2;15;12,1,2,0,0,0,0,0,0,1,1,0,,0.361900,,1,,
OECD.DCD.FSD:DSD_CRS@DF_CRS(1.6),CAN,VNM,23181,11,60000,C01,D,Q,DD,22642546,USD,2023,0.007283,2024,A,6,6,Global Affairs Canada,20232000920003,P010407001,Far East Asia,LMICs,60000,Other non-financial corporations (in provider country),10,ODA,110,Standard grant,1,"SMALL AND MEDIUM-SIZED ENTERPRISES PROMOTE RESILIENCE, INCLUSION AND INNOVATIVE TRANSFORMATION/PETITES ET MOYENNES ENTREPRISES FAVORISENT LA RÉSILIENC","Small and Medium-Sized Enterprises Promote Resilience, Inclusion and Innovative Transformation/Petites et moyennes entreprises favorisent la résilience, l'inclusion et la transformation novatrice","This project seeks to enhance the socioeconomic wellbeing of ethnic minority women-focused small and medium-sized enterprises (SMEs) through clean growth in the agriculture sector of Yen Bai province of Vietnam. Project activities include: (1) providing technical assistance and training in inclusive business and financial management to ethnic minority women-focused micro, small and medium-sized enterprises (MSMEs), cooperatives and producer groups, (2) piloting of renewable energy and energy efficiency technology solutions, and (3) raising awareness campaigns and training to improve the ability of ethnic minority women to be active participants and leaders in clean economic growth in agriculture and to reduce barriers to their economic participation and leadership. This project aims to benefit 20,000 ethnic minority women directly, target approximately 75 MSMEs in Yen Bai province and indirectly benefit 843,000 people. Rural areas, like Yen Bai, are highly vulnerable to the impacts of climate change, given low-lying roads and a high dependence on rain-fed agriculture. / Ce projet vise à améliorer le bien-être socioéconomique des petites et moyennes entreprises (PME), en mettant l'accent sur les femmes appartenant à des minorités ethniques, grâce à la croissance propre du secteur agricole de la province de Yen Bai au Vietnam. Les activités de ce projet comprennent : 1) fournir une assistance technique et une formation en gestion commerciale et financière inclusive aux microentreprises et aux petites et moyennes entreprises (MPME), aux coopératives et aux groupes de producteurs, en mettant l'accent sur les femmes appartenant à des minorités ethniques, 2) piloter des solutions technologiques en matière d'énergie renouvelable et d'efficacité énergétique, 3) lancer des campagnes de sensibilisation et d'activités de formation visant à améliorer la capacité des femmes appartenant à des minorités ethniques à participer activement à une croissance économique propre dans l'agriculture et à réduire les obstacles à leur participation économique et à leur leadership. Ce projet vise à bénéficier directement à 20 000 femmes issues de minorités ethniques, à cibler environ 75 MPME dans la province de Yen Bai et à bénéficier indirectement à 843 000 personnes. Les zones rurales, comme Yen Bai, sont très vulnérables aux effets des changements climatiques, en raison des routes dans les basses terres et de la forte dépendance à l'égard de l'agriculture pluviale.",7;2;15;12,1,2,0,0,0,0,0,0,1,1,0,,0.072400,,1,,
OECD.DCD.FSD:DSD_CRS@DF_CRS(1.6),CAN,VNM,23181,11,60000,C01,D,Q,DD,22642570,USD,2023,0.007283,2024,A,6,6,Global Affairs Canada,20232000920005,P010407001,Far East Asia,LMICs,60000,Other non-financial corporations (in provider country),10,ODA,110,Standard grant,1,"SMALL AND MEDIUM-SIZED ENTERPRISES PROMOTE RESILIENCE, INCLUSION AND INNOVATIVE TRANSFORMATION/PETITES ET MOYENNES ENTREPRISES FAVORISENT LA RÉSILIENC","Small and Medium-Sized Enterprises Promote Resilience, Inclusion and Innovative Transformation/Petites et moyennes entreprises favorisent la résilience, l'inclusion et la transformation novatrice","This project seeks to enhance the socioeconomic wellbeing of ethnic minority women-focused small and medium-sized enterprises (SMEs) through clean growth in the agriculture sector of Yen Bai province of Vietnam. Project activities include: (1) providing technical assistance and training in inclusive business and financial management to ethnic minority women-focused micro, small and medium-sized enterprises (MSMEs), cooperatives and producer groups, (2) piloting of renewable energy and energy efficiency technology solutions, and (3) raising awareness campaigns and training to improve the ability of ethnic minority women to be active participants and leaders in clean economic growth in agriculture and to reduce barriers to their economic participation and leadership. This project aims to benefit 20,000 ethnic minority women directly, target approximately 75 MSMEs in Yen Bai province and indirectly benefit 843,000 people. Rural areas, like Yen Bai, are highly vulnerable to the impacts of climate change, given low-lying roads and a high dependence on rain-fed agriculture. / Ce projet vise à améliorer le bien-être socioéconomique des petites et moyennes entreprises (PME), en mettant l'accent sur les femmes appartenant à des minorités ethniques, grâce à la croissance propre du secteur agricole de la province de Yen Bai au Vietnam. Les activités de ce projet comprennent : 1) fournir une assistance technique et une formation en gestion commerciale et financière inclusive aux microentreprises et aux petites et moyennes entreprises (MPME), aux coopératives et aux groupes de producteurs, en mettant l'accent sur les femmes appartenant à des minorités ethniques, 2) piloter des solutions technologiques en matière d'énergie renouvelable et d'efficacité énergétique, 3) lancer des campagnes de sensibilisation et d'activités de formation visant à améliorer la capacité des femmes appartenant à des minorités ethniques à participer activement à une croissance économique propre dans l'agriculture et à réduire les obstacles à leur participation économique et à leur leadership. Ce projet vise à bénéficier directement à 20 000 femmes issues de minorités ethniques, à cibler environ 75 MPME dans la province de Yen Bai et à bénéficier indirectement à 843 000 personnes. Les zones rurales, comme Yen Bai, sont très vulnérables aux effets des changements climatiques, en raison des routes dans les basses terres et de la forte dépendance à l'égard de l'agriculture pluviale.",7;2;15;12,1,2,0,0,0,0,0,0,1,1,0,,0.072400,,1,,
OECD.DCD.FSD:DSD_CRS@DF_CRS(1.6),CAN,VNM,23181,11,60000,C01,D,Q,DD,22642582,USD,2023,0.036417,2024,A,6,6,Global Affairs Canada,20232000920006,P010407001,Far East Asia,LMICs,60000,Other non-financial corporations (in provider country),10,ODA,110,Standard grant,1,"SMALL AND MEDIUM-SIZED ENTERPRISES PROMOTE RESILIENCE, INCLUSION AND INNOVATIVE TRANSFORMATION/PETITES ET MOYENNES ENTREPRISES FAVORISENT LA RÉSILIENC","Small and Medium-Sized Enterprises Promote Resilience, Inclusion and Innovative Transformation/Petites et moyennes entreprises favorisent la résilience, l'inclusion et la transformation novatrice","This project seeks to enhance the socioeconomic wellbeing of ethnic minority women-focused small and medium-sized enterprises (SMEs) through clean growth in the agriculture sector of Yen Bai province of Vietnam. Project activities include: (1) providing technical assistance and training in inclusive business and financial management to ethnic minority women-focused micro, small and medium-sized enterprises (MSMEs), cooperatives and producer groups, (2) piloting of renewable energy and energy efficiency technology solutions, and (3) raising awareness campaigns and training to improve the ability of ethnic minority women to be active participants and leaders in clean economic growth in agriculture and to reduce barriers to their economic participation and leadership. This project aims to benefit 20,000 ethnic minority women directly, target approximately 75 MSMEs in Yen Bai province and indirectly benefit 843,000 people. Rural areas, like Yen Bai, are highly vulnerable to the impacts of climate change, given low-lying roads and a high dependence on rain-fed agriculture. / Ce projet vise à améliorer le bien-être socioéconomique des petites et moyennes entreprises (PME), en mettant l'accent sur les femmes appartenant à des minorités ethniques, grâce à la croissance propre du secteur agricole de la province de Yen Bai au Vietnam. Les activités de ce projet comprennent : 1) fournir une assistance technique et une formation en gestion commerciale et financière inclusive aux microentreprises et aux petites et moyennes entreprises (MPME), aux coopératives et aux groupes de producteurs, en mettant l'accent sur les femmes appartenant à des minorités ethniques, 2) piloter des solutions technologiques en matière d'énergie renouvelable et d'efficacité énergétique, 3) lancer des campagnes de sensibilisation et d'activités de formation visant à améliorer la capacité des femmes appartenant à des minorités ethniques à participer activement à une croissance économique propre dans l'agriculture et à réduire les obstacles à leur participation économique et à leur leadership. Ce projet vise à bénéficier directement à 20 000 femmes issues de minorités ethniques, à cibler environ 75 MPME dans la province de Yen Bai et à bénéficier indirectement à 843 000 personnes. Les zones rurales, comme Yen Bai, sont très vulnérables aux effets des changements climatiques, en raison des routes dans les basses terres et de la forte dépendance à l'égard de l'agriculture pluviale.",7;2;15;12,1,2,0,0,0,0,0,0,1,1,0,,0.361900,,1,,
OECD.DCD.FSD:DSD_CRS@DF_CRS(1.6),CAN,VNM,23181,11,60000,C01,C,Q,DD,22118463,USD,2023,0.073499,2024,A,6,6,Global Affairs Canada,20232000920001,P010407001,Far East Asia,LMICs,60000,Other non-financial corporations (in provider country),10,ODA,110,Standard grant,1,"SMALL AND MEDIUM-SIZED ENTERPRISES PROMOTE RESILIENCE, INCLUSION AND INNOVATIVE TRANSFORMATION/PETITES ET MOYENNES ENTREPRISES FAVORISENT LA RÉSILIENC","Small and Medium-Sized Enterprises Promote Resilience, Inclusion and Innovative Transformation/Petites et moyennes entreprises favorisent la résilience, l'inclusion et la transformation novatrice","This project seeks to enhance the socioeconomic wellbeing of ethnic minority women-focused small and medium-sized enterprises (SMEs) through clean growth in the agriculture sector of Yen Bai province of Vietnam. Project activities include: (1) providing technical assistance and training in inclusive business and financial management to ethnic minority women-focused micro, small and medium-sized enterprises (MSMEs), cooperatives and producer groups, (2) piloting of renewable energy and energy efficiency technology solutions, and (3) raising awareness campaigns and training to improve the ability of ethnic minority women to be active participants and leaders in clean economic growth in agriculture and to reduce barriers to their economic participation and leadership. This project aims to benefit 20,000 ethnic minority women directly, target approximately 75 MSMEs in Yen Bai province and indirectly benefit 843,000 people. Rural areas, like Yen Bai, are highly vulnerable to the impacts of climate change, given low-lying roads and a high dependence on rain-fed agriculture. / Ce projet vise à améliorer le bien-être socioéconomique des petites et moyennes entreprises (PME), en mettant l'accent sur les femmes appartenant à des minorités ethniques, grâce à la croissance propre du secteur agricole de la province de Yen Bai au Vietnam. Les activités de ce projet comprennent : 1) fournir une assistance technique et une formation en gestion commerciale et financière inclusive aux microentreprises et aux petites et moyennes entreprises (MPME), aux coopératives et aux groupes de producteurs, en mettant l'accent sur les femmes appartenant à des minorités ethniques, 2) piloter des solutions technologiques en matière d'énergie renouvelable et d'efficacité énergétique, 3) lancer des campagnes de sensibilisation et d'activités de formation visant à améliorer la capacité des femmes appartenant à des minorités ethniques à participer activement à une croissance économique propre dans l'agriculture et à réduire les obstacles à leur participation économique et à leur leadership. Ce projet vise à bénéficier directement à 20 000 femmes issues de minorités ethniques, à cibler environ 75 MPME dans la province de Yen Bai et à bénéficier indirectement à 843 000 personnes. Les zones rurales, comme Yen Bai, sont très vulnérables aux effets des changements climatiques, en raison des routes dans les basses terres et de la forte dépendance à l'égard de l'agriculture pluviale.",7;2;15;12,1,2,0,0,0,0,0,0,1,1,0,,0.072400,,1,,
OECD.DCD.FSD:DSD_CRS@DF_CRS(1.6),CAN,VNM,23181,11,60000,C01,C,Q,DD,22118956,USD,2023,0.073499,2024,A,6,6,Global Affairs Canada,20232000920003,P010407001,Far East Asia,LMICs,60000,Other non-financial corporations (in provider country),10,ODA,110,Standard grant,1,"SMALL AND MEDIUM-SIZED ENTERPRISES PROMOTE RESILIENCE, INCLUSION AND INNOVATIVE TRANSFORMATION/PETITES ET MOYENNES ENTREPRISES FAVORISENT LA RÉSILIENC","Small and Medium-Sized Enterprises Promote Resilience, Inclusion and Innovative Transformation/Petites et moyennes entreprises favorisent la résilience, l'inclusion et la transformation novatrice","This project seeks to enhance the socioeconomic wellbeing of ethnic minority women-focused small and medium-sized enterprises (SMEs) through clean growth in the agriculture sector of Yen Bai province of Vietnam. Project activities include: (1) providing technical assistance and training in inclusive business and financial management to ethnic minority women-focused micro, small and medium-sized enterprises (MSMEs), cooperatives and producer groups, (2) piloting of renewable energy and energy efficiency technology solutions, and (3) raising awareness campaigns and training to improve the ability of ethnic minority women to be active participants and leaders in clean economic growth in agriculture and to reduce barriers to their economic participation and leadership. This project aims to benefit 20,000 ethnic minority women directly, target approximately 75 MSMEs in Yen Bai province and indirectly benefit 843,000 people. Rural areas, like Yen Bai, are highly vulnerable to the impacts of climate change, given low-lying roads and a high dependence on rain-fed agriculture. / Ce projet vise à améliorer le bien-être socioéconomique des petites et moyennes entreprises (PME), en mettant l'accent sur les femmes appartenant à des minorités ethniques, grâce à la croissance propre du secteur agricole de la province de Yen Bai au Vietnam. Les activités de ce projet comprennent : 1) fournir une assistance technique et une formation en gestion commerciale et financière inclusive aux microentreprises et aux petites et moyennes entreprises (MPME), aux coopératives et aux groupes de producteurs, en mettant l'accent sur les femmes appartenant à des minorités ethniques, 2) piloter des solutions technologiques en matière d'énergie renouvelable et d'efficacité énergétique, 3) lancer des campagnes de sensibilisation et d'activités de formation visant à améliorer la capacité des femmes appartenant à des minorités ethniques à participer activement à une croissance économique propre dans l'agriculture et à réduire les obstacles à leur participation économique et à leur leadership. Ce projet vise à bénéficier directement à 20 000 femmes issues de minorités ethniques, à cibler environ 75 MPME dans la province de Yen Bai et à bénéficier indirectement à 843 000 personnes. Les zones rurales, comme Yen Bai, sont très vulnérables aux effets des changements climatiques, en raison des routes dans les basses terres et de la forte dépendance à l'égard de l'agriculture pluviale.",7;2;15;12,1,2,0,0,0,0,0,0,1,1,0,,0.072400,,1,,
OECD.DCD.FSD:DSD_CRS@DF_CRS(1.6),CAN,VNM,23181,11,60000,C01,D,Q,DD,22642554,USD,2023,0.007283,2024,A,6,6,Global Affairs Canada,20232000920004,P010407001,Far East Asia,LMICs,60000,Other non-financial corporations (in provider country),10,ODA,110,Standard grant,1,"SMALL AND MEDIUM-SIZED ENTERPRISES PROMOTE RESILIENCE, INCLUSION AND INNOVATIVE TRANSFORMATION/PETITES ET MOYENNES ENTREPRISES FAVORISENT LA RÉSILIENC","Small and Medium-Sized Enterprises Promote Resilience, Inclusion and Innovative Transformation/Petites et moyennes entreprises favorisent la résilience, l'inclusion et la transformation novatrice","This project seeks to enhance the socioeconomic wellbeing of ethnic minority women-focused small and medium-sized enterprises (SMEs) through clean growth in the agriculture sector of Yen Bai province of Vietnam. Project activities include: (1) providing technical assistance and training in inclusive business and financial management to ethnic minority women-focused micro, small and medium-sized enterprises (MSMEs), cooperatives and producer groups, (2) piloting of renewable energy and energy efficiency technology solutions, and (3) raising awareness campaigns and training to improve the ability of ethnic minority women to be active participants and leaders in clean economic growth in agriculture and to reduce barriers to their economic participation and leadership. This project aims to benefit 20,000 ethnic minority women directly, target approximately 75 MSMEs in Yen Bai province and indirectly benefit 843,000 people. Rural areas, like Yen Bai, are highly vulnerable to the impacts of climate change, given low-lying roads and a high dependence on rain-fed agriculture. / Ce projet vise à améliorer le bien-être socioéconomique des petites et moyennes entreprises (PME), en mettant l'accent sur les femmes appartenant à des minorités ethniques, grâce à la croissance propre du secteur agricole de la province de Yen Bai au Vietnam. Les activités de ce projet comprennent : 1) fournir une assistance technique et une formation en gestion commerciale et financière inclusive aux microentreprises et aux petites et moyennes entreprises (MPME), aux coopératives et aux groupes de producteurs, en mettant l'accent sur les femmes appartenant à des minorités ethniques, 2) piloter des solutions technologiques en matière d'énergie renouvelable et d'efficacité énergétique, 3) lancer des campagnes de sensibilisation et d'activités de formation visant à améliorer la capacité des femmes appartenant à des minorités ethniques à participer activement à une croissance économique propre dans l'agriculture et à réduire les obstacles à leur participation économique et à leur leadership. Ce projet vise à bénéficier directement à 20 000 femmes issues de minorités ethniques, à cibler environ 75 MPME dans la province de Yen Bai et à bénéficier indirectement à 843 000 personnes. Les zones rurales, comme Yen Bai, sont très vulnérables aux effets des changements climatiques, en raison des routes dans les basses terres et de la forte dépendance à l'égard de l'agriculture pluviale.",7;2;15;12,1,2,0,0,0,0,0,0,1,1,0,,0.072400,,1,,
OECD.DCD.FSD:DSD_CRS@DF_CRS(1.6),CAN,VNM,23642,11,10000,C01,C,Q,DD,22181416,USD,2023,0.000151,2024,A,6,6,Global Affairs Canada,20232005480138,P012794001,Far East Asia,LMICs,10000,Central Government (donor govt.),10,ODA,110,Standard grant,1,INNOVATIVE & CLIMATE FINANCE MONITORING/CONTRAT DE SUIVI  IAIP,Innovative & Climate Finance Monitoring/Contrat de suivi  IAIP,"The project will monitor and assess Global Affairs Canada's innovative finance and climate finance program portfolio progress against the program performance measurement framework and monitor and assess risks and performance of individual projects for blended finance outcomes including development finance, additional commercial finance mobilized (including financial returns), and the results achieved on development objectives. / Le projet surveillera et évaluera les progrès du portefeuille du Programme d'aide internationale à l'innovation (IAIP) par rapport au cadre de mesure de la performance du programme et surveillera et évaluera les risques et la performance des projets individuels pour les résultats du financement mixte, y compris le financement du développement, le financement commercial supplémentaire mobilisé (y compris rendements financiers), et les résultats obtenus sur les objectifs de développement.",9;8;7;5;12;11,1,0,0,0,0,0,0,0,0,0,0,,0.000100,,1,,
OECD.DCD.FSD:DSD_CRS@DF_CRS(1.6),CAN,VNM,23642,11,10000,C01,C,Q,DD,22177906,USD,2023,0.000151,2024,A,6,6,Global Affairs Canada,20232005480008,P012794001,Far East Asia,LMICs,10000,Central Government (donor govt.),10,ODA,110,Standard grant,1,INNOVATIVE & CLIMATE FINANCE MONITORING/CONTRAT DE SUIVI  IAIP,Innovative & Climate Finance Monitoring/Contrat de suivi  IAIP,"The project will monitor and assess Global Affairs Canada's innovative finance and climate finance program portfolio progress against the program performance measurement framework and monitor and assess risks and performance of individual projects for blended finance outcomes including development finance, additional commercial finance mobilized (including financial returns), and the results achieved on development objectives. / Le projet surveillera et évaluera les progrès du portefeuille du Programme d'aide internationale à l'innovation (IAIP) par rapport au cadre de mesure de la performance du programme et surveillera et évaluera les risques et la performance des projets individuels pour les résultats du financement mixte, y compris le financement du développement, le financement commercial supplémentaire mobilisé (y compris rendements financiers), et les résultats obtenus sur les objectifs de développement.",9;8;7;5;12;11,1,0,0,0,0,0,0,0,0,0,0,,0.000100,,1,,
OECD.DCD.FSD:DSD_CRS@DF_CRS(1.6),CAN,VNM,23231,11,10000,C01,C,Q,DD,22181415,USD,2023,0.000151,2024,A,6,6,Global Affairs Canada,20232005480138,P012794001,Far East Asia,LMICs,10000,Central Government (donor govt.),10,ODA,110,Standard grant,1,INNOVATIVE & CLIMATE FINANCE MONITORING/CONTRAT DE SUIVI  IAIP,Innovative & Climate Finance Monitoring/Contrat de suivi  IAIP,"The project will monitor and assess Global Affairs Canada's innovative finance and climate finance program portfolio progress against the program performance measurement framework and monitor and assess risks and performance of individual projects for blended finance outcomes including development finance, additional commercial finance mobilized (including financial returns), and the results achieved on development objectives. / Le projet surveillera et évaluera les progrès du portefeuille du Programme d'aide internationale à l'innovation (IAIP) par rapport au cadre de mesure de la performance du programme et surveillera et évaluera les risques et la performance des projets individuels pour les résultats du financement mixte, y compris le financement du développement, le financement commercial supplémentaire mobilisé (y compris rendements financiers), et les résultats obtenus sur les objectifs de développement.",9;8;7;5;12;11,1,0,0,0,0,0,0,0,0,0,0,,0.000100,,1,,
OECD.DCD.FSD:DSD_CRS@DF_CRS(1.6),CAN,VNM,23231,11,10000,C01,C,Q,DD,22180985,USD,2023,0.000151,2024,A,6,6,Global Affairs Canada,20232005480095,P012794001,Far East Asia,LMICs,10000,Central Government (donor govt.),10,ODA,110,Standard grant,1,INNOVATIVE & CLIMATE FINANCE MONITORING/CONTRAT DE SUIVI  IAIP,Innovative & Climate Finance Monitoring/Contrat de suivi  IAIP,"The project will monitor and assess Global Affairs Canada's innovative finance and climate finance program portfolio progress against the program performance measurement framework and monitor and assess risks and performance of individual projects for blended finance outcomes including development finance, additional commercial finance mobilized (including financial returns), and the results achieved on development objectives. / Le projet surveillera et évaluera les progrès du portefeuille du Programme d'aide internationale à l'innovation (IAIP) par rapport au cadre de mesure de la performance du programme et surveillera et évaluera les risques et la performance des projets individuels pour les résultats du financement mixte, y compris le financement du développement, le financement commercial supplémentaire mobilisé (y compris rendements financiers), et les résultats obtenus sur les objectifs de développement.",9;8;7;5;12;11,1,0,0,0,0,0,0,0,0,0,0,,0.000100,,1,,
OECD.DCD.FSD:DSD_CRS@DF_CRS(1.6),CAN,VNM,23231,11,10000,C01,C,Q,DD,22178789,USD,2023,0.000151,2024,A,6,6,Global Affairs Canada,20232005480040,P012794001,Far East Asia,LMICs,10000,Central Government (donor govt.),10,ODA,110,Standard grant,1,INNOVATIVE & CLIMATE FINANCE MONITORING/CONTRAT DE SUIVI  IAIP,Innovative & Climate Finance Monitoring/Contrat de suivi  IAIP,"The project will monitor and assess Global Affairs Canada's innovative finance and climate finance program portfolio progress against the program performance measurement framework and monitor and assess risks and performance of individual projects for blended finance outcomes including development finance, additional commercial finance mobilized (including financial returns), and the results achieved on development objectives. / Le projet surveillera et évaluera les progrès du portefeuille du Programme d'aide internationale à l'innovation (IAIP) par rapport au cadre de mesure de la performance du programme et surveillera et évaluera les risques et la performance des projets individuels pour les résultats du financement mixte, y compris le financement du développement, le financement commercial supplémentaire mobilisé (y compris rendements financiers), et les résultats obtenus sur les objectifs de développement.",9;8;7;5;12;11,1,0,0,0,0,0,0,0,0,0,0,,0.000100,,1,,
OECD.DCD.FSD:DSD_CRS@DF_CRS(1.6),CAN,VNM,23642,11,10000,C01,C,Q,DD,22181561,USD,2023,0.000151,2024,A,6,6,Global Affairs Canada,20232005480152,P012794001,Far East Asia,LMICs,10000,Central Government (donor govt.),10,ODA,110,Standard grant,1,INNOVATIVE & CLIMATE FINANCE MONITORING/CONTRAT DE SUIVI  IAIP,Innovative & Climate Finance Monitoring/Contrat de suivi  IAIP,"The project will monitor and assess Global Affairs Canada's innovative finance and climate finance program portfolio progress against the program performance measurement framework and monitor and assess risks and performance of individual projects for blended finance outcomes including development finance, additional commercial finance mobilized (including financial returns), and the results achieved on development objectives. / Le projet surveillera et évaluera les progrès du portefeuille du Programme d'aide internationale à l'innovation (IAIP) par rapport au cadre de mesure de la performance du programme et surveillera et évaluera les risques et la performance des projets individuels pour les résultats du financement mixte, y compris le financement du développement, le financement commercial supplémentaire mobilisé (y compris rendements financiers), et les résultats obtenus sur les objectifs de développement.",9;8;7;5;12;11,1,0,0,0,0,0,0,0,0,0,0,,0.000100,,1,,
OECD.DCD.FSD:DSD_CRS@DF_CRS(1.6),CAN,VNM,23642,11,10000,C01,C,Q,DD,22180986,USD,2023,0.000151,2024,A,6,6,Global Affairs Canada,20232005480095,P012794001,Far East Asia,LMICs,10000,Central Government (donor govt.),10,ODA,110,Standard grant,1,INNOVATIVE & CLIMATE FINANCE MONITORING/CONTRAT DE SUIVI  IAIP,Innovative & Climate Finance Monitoring/Contrat de suivi  IAIP,"The project will monitor and assess Global Affairs Canada's innovative finance and climate finance program portfolio progress against the program performance measurement framework and monitor and assess risks and performance of individual projects for blended finance outcomes including development finance, additional commercial finance mobilized (including financial returns), and the results achieved on development objectives. / Le projet surveillera et évaluera les progrès du portefeuille du Programme d'aide internationale à l'innovation (IAIP) par rapport au cadre de mesure de la performance du programme et surveillera et évaluera les risques et la performance des projets individuels pour les résultats du financement mixte, y compris le financement du développement, le financement commercial supplémentaire mobilisé (y compris rendements financiers), et les résultats obtenus sur les objectifs de développement.",9;8;7;5;12;11,1,0,0,0,0,0,0,0,0,0,0,,0.000100,,1,,
OECD.DCD.FSD:DSD_CRS@DF_CRS(1.6),CAN,VNM,23642,11,10000,C01,C,Q,DD,22178596,USD,2023,0.000151,2024,A,6,6,Global Affairs Canada,20232005480032,P012794001,Far East Asia,LMICs,10000,Central Government (donor govt.),10,ODA,110,Standard grant,1,INNOVATIVE & CLIMATE FINANCE MONITORING/CONTRAT DE SUIVI  IAIP,Innovative & Climate Finance Monitoring/Contrat de suivi  IAIP,"The project will monitor and assess Global Affairs Canada's innovative finance and climate finance program portfolio progress against the program performance measurement framework and monitor and assess risks and performance of individual projects for blended finance outcomes including development finance, additional commercial finance mobilized (including financial returns), and the results achieved on development objectives. / Le projet surveillera et évaluera les progrès du portefeuille du Programme d'aide internationale à l'innovation (IAIP) par rapport au cadre de mesure de la performance du programme et surveillera et évaluera les risques et la performance des projets individuels pour les résultats du financement mixte, y compris le financement du développement, le financement commercial supplémentaire mobilisé (y compris rendements financiers), et les résultats obtenus sur les objectifs de développement.",9;8;7;5;12;11,1,0,0,0,0,0,0,0,0,0,0,,0.000100,,1,,
OECD.DCD.FSD:DSD_CRS@DF_CRS(1.6),CAN,VNM,23231,11,10000,C01,C,Q,DD,22181025,USD,2023,0.000151,2024,A,6,6,Global Affairs Canada,20232005480099,P012794001,Far East Asia,LMICs,10000,Central Government (donor govt.),10,ODA,110,Standard grant,1,INNOVATIVE & CLIMATE FINANCE MONITORING/CONTRAT DE SUIVI  IAIP,Innovative & Climate Finance Monitoring/Contrat de suivi  IAIP,"The project will monitor and assess Global Affairs Canada's innovative finance and climate finance program portfolio progress against the program performance measurement framework and monitor and assess risks and performance of individual projects for blended finance outcomes including development finance, additional commercial finance mobilized (including financial returns), and the results achieved on development objectives. / Le projet surveillera et évaluera les progrès du portefeuille du Programme d'aide internationale à l'innovation (IAIP) par rapport au cadre de mesure de la performance du programme et surveillera et évaluera les risques et la performance des projets individuels pour les résultats du financement mixte, y compris le financement du développement, le financement commercial supplémentaire mobilisé (y compris rendements financiers), et les résultats obtenus sur les objectifs de développement.",9;8;7;5;12;11,1,0,0,0,0,0,0,0,0,0,0,,0.000100,,1,,
OECD.DCD.FSD:DSD_CRS@DF_CRS(1.6),CAN,VNM,23642,11,10000,C01,C,Q,DD,22178790,USD,2023,0.000151,2024,A,6,6,Global Affairs Canada,20232005480040,P012794001,Far East Asia,LMICs,10000,Central Government (donor govt.),10,ODA,110,Standard grant,1,INNOVATIVE & CLIMATE FINANCE MONITORING/CONTRAT DE SUIVI  IAIP,Innovative & Climate Finance Monitoring/Contrat de suivi  IAIP,"The project will monitor and assess Global Affairs Canada's innovative finance and climate finance program portfolio progress against the program performance measurement framework and monitor and assess risks and performance of individual projects for blended finance outcomes including development finance, additional commercial finance mobilized (including financial returns), and the results achieved on development objectives. / Le projet surveillera et évaluera les progrès du portefeuille du Programme d'aide internationale à l'innovation (IAIP) par rapport au cadre de mesure de la performance du programme et surveillera et évaluera les risques et la performance des projets individuels pour les résultats du financement mixte, y compris le financement du développement, le financement commercial supplémentaire mobilisé (y compris rendements financiers), et les résultats obtenus sur les objectifs de développement.",9;8;7;5;12;11,1,0,0,0,0,0,0,0,0,0,0,,0.000100,,1,,
OECD.DCD.FSD:DSD_CRS@DF_CRS(1.6),CAN,VNM,23231,11,10000,C01,C,Q,DD,22179613,USD,2023,0.000151,2024,A,6,6,Global Affairs Canada,20232005480065,P012794001,Far East Asia,LMICs,10000,Central Government (donor govt.),10,ODA,110,Standard grant,1,INNOVATIVE & CLIMATE FINANCE MONITORING/CONTRAT DE SUIVI  IAIP,Innovative & Climate Finance Monitoring/Contrat de suivi  IAIP,"The project will monitor and assess Global Affairs Canada's innovative finance and climate finance program portfolio progress against the program performance measurement framework and monitor and assess risks and performance of individual projects for blended finance outcomes including development finance, additional commercial finance mobilized (including financial returns), and the results achieved on development objectives. / Le projet surveillera et évaluera les progrès du portefeuille du Programme d'aide internationale à l'innovation (IAIP) par rapport au cadre de mesure de la performance du programme et surveillera et évaluera les risques et la performance des projets individuels pour les résultats du financement mixte, y compris le financement du développement, le financement commercial supplémentaire mobilisé (y compris rendements financiers), et les résultats obtenus sur les objectifs de développement.",9;8;7;5;12;11,1,0,0,0,0,0,0,0,0,0,0,,0.000100,,1,,
OECD.DCD.FSD:DSD_CRS@DF_CRS(1.6),CAN,VNM,23642,11,10000,C01,C,Q,DD,22178004,USD,2023,7.5E-05,2024,A,6,6,Global Affairs Canada,20232005480014,P012794001,Far East Asia,LMICs,10000,Central Government (donor govt.),10,ODA,110,Standard grant,1,INNOVATIVE & CLIMATE FINANCE MONITORING/CONTRAT DE SUIVI  IAIP,Innovative & Climate Finance Monitoring/Contrat de suivi  IAIP,"The project will monitor and assess Global Affairs Canada's innovative finance and climate finance program portfolio progress against the program performance measurement framework and monitor and assess risks and performance of individual projects for blended finance outcomes including development finance, additional commercial finance mobilized (including financial returns), and the results achieved on development objectives. / Le projet surveillera et évaluera les progrès du portefeuille du Programme d'aide internationale à l'innovation (IAIP) par rapport au cadre de mesure de la performance du programme et surveillera et évaluera les risques et la performance des projets individuels pour les résultats du financement mixte, y compris le financement du développement, le financement commercial supplémentaire mobilisé (y compris rendements financiers), et les résultats obtenus sur les objectifs de développement.",9;8;7;5;12;11,1,0,0,0,0,0,0,0,0,0,0,,0.000100,,1,,
OECD.DCD.FSD:DSD_CRS@DF_CRS(1.6),CAN,VNM,23642,11,10000,C01,C,Q,DD,22179538,USD,2023,0.000151,2024,A,6,6,Global Affairs Canada,20232005480062,P012794001,Far East Asia,LMICs,10000,Central Government (donor govt.),10,ODA,110,Standard grant,1,INNOVATIVE & CLIMATE FINANCE MONITORING/CONTRAT DE SUIVI  IAIP,Innovative & Climate Finance Monitoring/Contrat de suivi  IAIP,"The project will monitor and assess Global Affairs Canada's innovative finance and climate finance program portfolio progress against the program performance measurement framework and monitor and assess risks and performance of individual projects for blended finance outcomes including development finance, additional commercial finance mobilized (including financial returns), and the results achieved on development objectives. / Le projet surveillera et évaluera les progrès du portefeuille du Programme d'aide internationale à l'innovation (IAIP) par rapport au cadre de mesure de la performance du programme et surveillera et évaluera les risques et la performance des projets individuels pour les résultats du financement mixte, y compris le financement du développement, le financement commercial supplémentaire mobilisé (y compris rendements financiers), et les résultats obtenus sur les objectifs de développement.",9;8;7;5;12;11,1,0,0,0,0,0,0,0,0,0,0,,0.000100,,1,,
OECD.DCD.FSD:DSD_CRS@DF_CRS(1.6),CAN,VNM,23231,11,10000,C01,C,Q,DD,22177904,USD,2023,0.000151,2024,A,6,6,Global Affairs Canada,20232005480008,P012794001,Far East Asia,LMICs,10000,Central Government (donor govt.),10,ODA,110,Standard grant,1,INNOVATIVE & CLIMATE FINANCE MONITORING/CONTRAT DE SUIVI  IAIP,Innovative & Climate Finance Monitoring/Contrat de suivi  IAIP,"The project will monitor and assess Global Affairs Canada's innovative finance and climate finance program portfolio progress against the program performance measurement framework and monitor and assess risks and performance of individual projects for blended finance outcomes including development finance, additional commercial finance mobilized (including financial returns), and the results achieved on development objectives. / Le projet surveillera et évaluera les progrès du portefeuille du Programme d'aide internationale à l'innovation (IAIP) par rapport au cadre de mesure de la performance du programme et surveillera et évaluera les risques et la performance des projets individuels pour les résultats du financement mixte, y compris le financement du développement, le financement commercial supplémentaire mobilisé (y compris rendements financiers), et les résultats obtenus sur les objectifs de développement.",9;8;7;5;12;11,1,0,0,0,0,0,0,0,0,0,0,,0.000100,,1,,
OECD.DCD.FSD:DSD_CRS@DF_CRS(1.6),CAN,VNM,23642,11,10000,C01,C,Q,DD,22181026,USD,2023,0.000151,2024,A,6,6,Global Affairs Canada,20232005480099,P012794001,Far East Asia,LMICs,10000,Central Government (donor govt.),10,ODA,110,Standard grant,1,INNOVATIVE & CLIMATE FINANCE MONITORING/CONTRAT DE SUIVI  IAIP,Innovative & Climate Finance Monitoring/Contrat de suivi  IAIP,"The project will monitor and assess Global Affairs Canada's innovative finance and climate finance program portfolio progress against the program performance measurement framework and monitor and assess risks and performance of individual projects for blended finance outcomes including development finance, additional commercial finance mobilized (including financial returns), and the results achieved on development objectives. / Le projet surveillera et évaluera les progrès du portefeuille du Programme d'aide internationale à l'innovation (IAIP) par rapport au cadre de mesure de la performance du programme et surveillera et évaluera les risques et la performance des projets individuels pour les résultats du financement mixte, y compris le financement du développement, le financement commercial supplémentaire mobilisé (y compris rendements financiers), et les résultats obtenus sur les objectifs de développement.",9;8;7;5;12;11,1,0,0,0,0,0,0,0,0,0,0,,0.000100,,1,,
OECD.DCD.FSD:DSD_CRS@DF_CRS(1.6),CAN,VNM,23642,11,10000,C01,C,Q,DD,22179618,USD,2023,0.000151,2024,A,6,6,Global Affairs Canada,20232005480065,P012794001,Far East Asia,LMICs,10000,Central Government (donor govt.),10,ODA,110,Standard grant,1,INNOVATIVE & CLIMATE FINANCE MONITORING/CONTRAT DE SUIVI  IAIP,Innovative & Climate Finance Monitoring/Contrat de suivi  IAIP,"The project will monitor and assess Global Affairs Canada's innovative finance and climate finance program portfolio progress against the program performance measurement framework and monitor and assess risks and performance of individual projects for blended finance outcomes including development finance, additional commercial finance mobilized (including financial returns), and the results achieved on development objectives. / Le projet surveillera et évaluera les progrès du portefeuille du Programme d'aide internationale à l'innovation (IAIP) par rapport au cadre de mesure de la performance du programme et surveillera et évaluera les risques et la performance des projets individuels pour les résultats du financement mixte, y compris le financement du développement, le financement commercial supplémentaire mobilisé (y compris rendements financiers), et les résultats obtenus sur les objectifs de développement.",9;8;7;5;12;11,1,0,0,0,0,0,0,0,0,0,0,,0.000100,,1,,
OECD.DCD.FSD:DSD_CRS@DF_CRS(1.6),CAN,VNM,23642,11,10000,C01,C,Q,DD,22181246,USD,2023,7.5E-05,2024,A,6,6,Global Affairs Canada,20232005480121,P012794001,Far East Asia,LMICs,10000,Central Government (donor govt.),10,ODA,110,Standard grant,1,INNOVATIVE & CLIMATE FINANCE MONITORING/CONTRAT DE SUIVI  IAIP,Innovative & Climate Finance Monitoring/Contrat de suivi  IAIP,"The project will monitor and assess Global Affairs Canada's innovative finance and climate finance program portfolio progress against the program performance measurement framework and monitor and assess risks and performance of individual projects for blended finance outcomes including development finance, additional commercial finance mobilized (including financial returns), and the results achieved on development objectives. / Le projet surveillera et évaluera les progrès du portefeuille du Programme d'aide internationale à l'innovation (IAIP) par rapport au cadre de mesure de la performance du programme et surveillera et évaluera les risques et la performance des projets individuels pour les résultats du financement mixte, y compris le financement du développement, le financement commercial supplémentaire mobilisé (y compris rendements financiers), et les résultats obtenus sur les objectifs de développement.",9;8;7;5;12;11,1,0,0,0,0,0,0,0,0,0,0,,0.000100,,1,,
OECD.DCD.FSD:DSD_CRS@DF_CRS(1.6),CAN,VNM,23231,11,10000,C01,C,Q,DD,22181245,USD,2023,7.5E-05,2024,A,6,6,Global Affairs Canada,20232005480121,P012794001,Far East Asia,LMICs,10000,Central Government (donor govt.),10,ODA,110,Standard grant,1,INNOVATIVE & CLIMATE FINANCE MONITORING/CONTRAT DE SUIVI  IAIP,Innovative & Climate Finance Monitoring/Contrat de suivi  IAIP,"The project will monitor and assess Global Affairs Canada's innovative finance and climate finance program portfolio progress against the program performance measurement framework and monitor and assess risks and performance of individual projects for blended finance outcomes including development finance, additional commercial finance mobilized (including financial returns), and the results achieved on development objectives. / Le projet surveillera et évaluera les progrès du portefeuille du Programme d'aide internationale à l'innovation (IAIP) par rapport au cadre de mesure de la performance du programme et surveillera et évaluera les risques et la performance des projets individuels pour les résultats du financement mixte, y compris le financement du développement, le financement commercial supplémentaire mobilisé (y compris rendements financiers), et les résultats obtenus sur les objectifs de développement.",9;8;7;5;12;11,1,0,0,0,0,0,0,0,0,0,0,,0.000100,,1,,
OECD.DCD.FSD:DSD_CRS@DF_CRS(1.6),CAN,VNM,23231,11,10000,C01,C,Q,DD,22181560,USD,2023,0.000151,2024,A,6,6,Global Affairs Canada,20232005480152,P012794001,Far East Asia,LMICs,10000,Central Government (donor govt.),10,ODA,110,Standard grant,1,INNOVATIVE & CLIMATE FINANCE MONITORING/CONTRAT DE SUIVI  IAIP,Innovative & Climate Finance Monitoring/Contrat de suivi  IAIP,"The project will monitor and assess Global Affairs Canada's innovative finance and climate finance program portfolio progress against the program performance measurement framework and monitor and assess risks and performance of individual projects for blended finance outcomes including development finance, additional commercial finance mobilized (including financial returns), and the results achieved on development objectives. / Le projet surveillera et évaluera les progrès du portefeuille du Programme d'aide internationale à l'innovation (IAIP) par rapport au cadre de mesure de la performance du programme et surveillera et évaluera les risques et la performance des projets individuels pour les résultats du financement mixte, y compris le financement du développement, le financement commercial supplémentaire mobilisé (y compris rendements financiers), et les résultats obtenus sur les objectifs de développement.",9;8;7;5;12;11,1,0,0,0,0,0,0,0,0,0,0,,0.000100,,1,,
OECD.DCD.FSD:DSD_CRS@DF_CRS(1.6),CAN,VNM,23231,11,10000,C01,C,Q,DD,22178593,USD,2023,0.000151,2024,A,6,6,Global Affairs Canada,20232005480032,P012794001,Far East Asia,LMICs,10000,Central Government (donor govt.),10,ODA,110,Standard grant,1,INNOVATIVE & CLIMATE FINANCE MONITORING/CONTRAT DE SUIVI  IAIP,Innovative & Climate Finance Monitoring/Contrat de suivi  IAIP,"The project will monitor and assess Global Affairs Canada's innovative finance and climate finance program portfolio progress against the program performance measurement framework and monitor and assess risks and performance of individual projects for blended finance outcomes including development finance, additional commercial finance mobilized (including financial returns), and the results achieved on development objectives. / Le projet surveillera et évaluera les progrès du portefeuille du Programme d'aide internationale à l'innovation (IAIP) par rapport au cadre de mesure de la performance du programme et surveillera et évaluera les risques et la performance des projets individuels pour les résultats du financement mixte, y compris le financement du développement, le financement commercial supplémentaire mobilisé (y compris rendements financiers), et les résultats obtenus sur les objectifs de développement.",9;8;7;5;12;11,1,0,0,0,0,0,0,0,0,0,0,,0.000100,,1,,
OECD.DCD.FSD:DSD_CRS@DF_CRS(1.6),CAN,VNM,23231,11,10000,C01,C,Q,DD,22179532,USD,2023,0.000151,2024,A,6,6,Global Affairs Canada,20232005480062,P012794001,Far East Asia,LMICs,10000,Central Government (donor govt.),10,ODA,110,Standard grant,1,INNOVATIVE & CLIMATE FINANCE MONITORING/CONTRAT DE SUIVI  IAIP,Innovative & Climate Finance Monitoring/Contrat de suivi  IAIP,"The project will monitor and assess Global Affairs Canada's innovative finance and climate finance program portfolio progress against the program performance measurement framework and monitor and assess risks and performance of individual projects for blended finance outcomes including development finance, additional commercial finance mobilized (including financial returns), and the results achieved on development objectives. / Le projet surveillera et évaluera les progrès du portefeuille du Programme d'aide internationale à l'innovation (IAIP) par rapport au cadre de mesure de la performance du programme et surveillera et évaluera les risques et la performance des projets individuels pour les résultats du financement mixte, y compris le financement du développement, le financement commercial supplémentaire mobilisé (y compris rendements financiers), et les résultats obtenus sur les objectifs de développement.",9;8;7;5;12;11,1,0,0,0,0,0,0,0,0,0,0,,0.000100,,1,,
OECD.DCD.FSD:DSD_CRS@DF_CRS(1.6),CAN,VNM,23231,11,10000,C01,C,Q,DD,22178002,USD,2023,7.5E-05,2024,A,6,6,Global Affairs Canada,20232005480014,P012794001,Far East Asia,LMICs,10000,Central Government (donor govt.),10,ODA,110,Standard grant,1,INNOVATIVE & CLIMATE FINANCE MONITORING/CONTRAT DE SUIVI  IAIP,Innovative & Climate Finance Monitoring/Contrat de suivi  IAIP,"The project will monitor and assess Global Affairs Canada's innovative finance and climate finance program portfolio progress against the program performance measurement framework and monitor and assess risks and performance of individual projects for blended finance outcomes including development finance, additional commercial finance mobilized (including financial returns), and the results achieved on development objectives. / Le projet surveillera et évaluera les progrès du portefeuille du Programme d'aide internationale à l'innovation (IAIP) par rapport au cadre de mesure de la performance du programme et surveillera et évaluera les risques et la performance des projets individuels pour les résultats du financement mixte, y compris le financement du développement, le financement commercial supplémentaire mobilisé (y compris rendements financiers), et les résultats obtenus sur les objectifs de développement.",9;8;7;5;12;11,1,0,0,0,0,0,0,0,0,0,0,,0.000100,,1,,
OECD.DCD.FSD:DSD_CRS@DF_CRS(1.6),CAN,VNM,23231,11,10000,C01,C,Q,DD,22184505,USD,2023,7.5E-05,2024,A,6,6,Global Affairs Canada,20232005500019,P012794002,Far East Asia,LMICs,10000,Central Government (donor govt.),10,ODA,110,Standard grant,1,IAIP MONITORING CONTRACT/CONTRAT DE SUIVI  IAIP,IAIP Monitoring Contract/Contrat de suivi  IAIP,"The project will monitor and assess the International Assistance Innovation Program (IAIP) portfolio progress against the program performance measurement framework and monitor and assess risks and performance of individual projects for blended finance outcomes including development finance, additional commercial finance mobilized (including financial returns), and the results achieved on development objectives. / Le projet surveillera et évaluera les progrès du portefeuille du Programme d'aide internationale à l'innovation (IAIP) par rapport au cadre de mesure de la performance du programme et surveillera et évaluera les risques et la performance des projets individuels pour les résultats du financement mixte, y compris le financement du développement, le financement commercial supplémentaire mobilisé (y compris rendements financiers), et les résultats obtenus sur les objectifs de développement.",9;8;7;5;12;11,1,0,0,0,0,0,0,0,0,0,0,,0.000100,,1,,
OECD.DCD.FSD:DSD_CRS@DF_CRS(1.6),CAN,VNM,23642,11,10000,C01,C,Q,DD,22183875,USD,2023,0.000151,2024,A,6,6,Global Affairs Canada,20232005500110,P012794002,Far East Asia,LMICs,10000,Central Government (donor govt.),10,ODA,110,Standard grant,1,IAIP MONITORING CONTRACT/CONTRAT DE SUIVI  IAIP,IAIP Monitoring Contract/Contrat de suivi  IAIP,"The project will monitor and assess the International Assistance Innovation Program (IAIP) portfolio progress against the program performance measurement framework and monitor and assess risks and performance of individual projects for blended finance outcomes including development finance, additional commercial finance mobilized (including financial returns), and the results achieved on development objectives. / Le projet surveillera et évaluera les progrès du portefeuille du Programme d'aide internationale à l'innovation (IAIP) par rapport au cadre de mesure de la performance du programme et surveillera et évaluera les risques et la performance des projets individuels pour les résultats du financement mixte, y compris le financement du développement, le financement commercial supplémentaire mobilisé (y compris rendements financiers), et les résultats obtenus sur les objectifs de développement.",9;8;7;5;12;11,1,0,0,0,0,0,0,0,0,0,0,,0.000100,,1,,
OECD.DCD.FSD:DSD_CRS@DF_CRS(1.6),CAN,VNM,23231,11,10000,C01,C,Q,DD,22183873,USD,2023,0.000151,2024,A,6,6,Global Affairs Canada,20232005500110,P012794002,Far East Asia,LMICs,10000,Central Government (donor govt.),10,ODA,110,Standard grant,1,IAIP MONITORING CONTRACT/CONTRAT DE SUIVI  IAIP,IAIP Monitoring Contract/Contrat de suivi  IAIP,"The project will monitor and assess the International Assistance Innovation Program (IAIP) portfolio progress against the program performance measurement framework and monitor and assess risks and performance of individual projects for blended finance outcomes including development finance, additional commercial finance mobilized (including financial returns), and the results achieved on development objectives. / Le projet surveillera et évaluera les progrès du portefeuille du Programme d'aide internationale à l'innovation (IAIP) par rapport au cadre de mesure de la performance du programme et surveillera et évaluera les risques et la performance des projets individuels pour les résultats du financement mixte, y compris le financement du développement, le financement commercial supplémentaire mobilisé (y compris rendements financiers), et les résultats obtenus sur les objectifs de développement.",9;8;7;5;12;11,1,0,0,0,0,0,0,0,0,0,0,,0.000100,,1,,
OECD.DCD.FSD:DSD_CRS@DF_CRS(1.6),CAN,VNM,23642,11,10000,C01,C,Q,DD,22181748,USD,2023,0.000151,2024,A,6,6,Global Affairs Canada,20232005500005,P012794002,Far East Asia,LMICs,10000,Central Government (donor govt.),10,ODA,110,Standard grant,1,IAIP MONITORING CONTRACT/CONTRAT DE SUIVI  IAIP,IAIP Monitoring Contract/Contrat de suivi  IAIP,"The project will monitor and assess the International Assistance Innovation Program (IAIP) portfolio progress against the program performance measurement framework and monitor and assess risks and performance of individual projects for blended finance outcomes including development finance, additional commercial finance mobilized (including financial returns), and the results achieved on development objectives. / Le projet surveillera et évaluera les progrès du portefeuille du Programme d'aide internationale à l'innovation (IAIP) par rapport au cadre de mesure de la performance du programme et surveillera et évaluera les risques et la performance des projets individuels pour les résultats du financement mixte, y compris le financement du développement, le financement commercial supplémentaire mobilisé (y compris rendements financiers), et les résultats obtenus sur les objectifs de développement.",9;8;7;5;12;11,1,0,0,0,0,0,0,0,0,0,0,,0.000100,,1,,
OECD.DCD.FSD:DSD_CRS@DF_CRS(1.6),CAN,VNM,23231,11,10000,C01,C,Q,DD,22180699,USD,2023,7.5E-05,2024,A,6,6,Global Affairs Canada,20232005500062,P012794002,Far East Asia,LMICs,10000,Central Government (donor govt.),10,ODA,110,Standard grant,1,IAIP MONITORING CONTRACT/CONTRAT DE SUIVI  IAIP,IAIP Monitoring Contract/Contrat de suivi  IAIP,"The project will monitor and assess the International Assistance Innovation Program (IAIP) portfolio progress against the program performance measurement framework and monitor and assess risks and performance of individual projects for blended finance outcomes including development finance, additional commercial finance mobilized (including financial returns), and the results achieved on development objectives. / Le projet surveillera et évaluera les progrès du portefeuille du Programme d'aide internationale à l'innovation (IAIP) par rapport au cadre de mesure de la performance du programme et surveillera et évaluera les risques et la performance des projets individuels pour les résultats du financement mixte, y compris le financement du développement, le financement commercial supplémentaire mobilisé (y compris rendements financiers), et les résultats obtenus sur les objectifs de développement.",9;8;7;5;12;11,1,0,0,0,0,0,0,0,0,0,0,,0.000100,,1,,
OECD.DCD.FSD:DSD_CRS@DF_CRS(1.6),CAN,VNM,23642,11,10000,C01,C,Q,DD,22184280,USD,2023,0.000151,2024,A,6,6,Global Affairs Canada,20232005500150,P012794002,Far East Asia,LMICs,10000,Central Government (donor govt.),10,ODA,110,Standard grant,1,IAIP MONITORING CONTRACT/CONTRAT DE SUIVI  IAIP,IAIP Monitoring Contract/Contrat de suivi  IAIP,"The project will monitor and assess the International Assistance Innovation Program (IAIP) portfolio progress against the program performance measurement framework and monitor and assess risks and performance of individual projects for blended finance outcomes including development finance, additional commercial finance mobilized (including financial returns), and the results achieved on development objectives. / Le projet surveillera et évaluera les progrès du portefeuille du Programme d'aide internationale à l'innovation (IAIP) par rapport au cadre de mesure de la performance du programme et surveillera et évaluera les risques et la performance des projets individuels pour les résultats du financement mixte, y compris le financement du développement, le financement commercial supplémentaire mobilisé (y compris rendements financiers), et les résultats obtenus sur les objectifs de développement.",9;8;7;5;12;11,1,0,0,0,0,0,0,0,0,0,0,,0.000100,,1,,
OECD.DCD.FSD:DSD_CRS@DF_CRS(1.6),CAN,VNM,23642,11,10000,C01,C,Q,DD,22180700,USD,2023,7.5E-05,2024,A,6,6,Global Affairs Canada,20232005500062,P012794002,Far East Asia,LMICs,10000,Central Government (donor govt.),10,ODA,110,Standard grant,1,IAIP MONITORING CONTRACT/CONTRAT DE SUIVI  IAIP,IAIP Monitoring Contract/Contrat de suivi  IAIP,"The project will monitor and assess the International Assistance Innovation Program (IAIP) portfolio progress against the program performance measurement framework and monitor and assess risks and performance of individual projects for blended finance outcomes including development finance, additional commercial finance mobilized (including financial returns), and the results achieved on development objectives. / Le projet surveillera et évaluera les progrès du portefeuille du Programme d'aide internationale à l'innovation (IAIP) par rapport au cadre de mesure de la performance du programme et surveillera et évaluera les risques et la performance des projets individuels pour les résultats du financement mixte, y compris le financement du développement, le financement commercial supplémentaire mobilisé (y compris rendements financiers), et les résultats obtenus sur les objectifs de développement.",9;8;7;5;12;11,1,0,0,0,0,0,0,0,0,0,0,,0.000100,,1,,
OECD.DCD.FSD:DSD_CRS@DF_CRS(1.6),CAN,VNM,23642,11,10000,C01,C,Q,DD,22180640,USD,2023,0.000151,2024,A,6,6,Global Affairs Canada,20232005500056,P012794002,Far East Asia,LMICs,10000,Central Government (donor govt.),10,ODA,110,Standard grant,1,IAIP MONITORING CONTRACT/CONTRAT DE SUIVI  IAIP,IAIP Monitoring Contract/Contrat de suivi  IAIP,"The project will monitor and assess the International Assistance Innovation Program (IAIP) portfolio progress against the program performance measurement framework and monitor and assess risks and performance of individual projects for blended finance outcomes including development finance, additional commercial finance mobilized (including financial returns), and the results achieved on development objectives. / Le projet surveillera et évaluera les progrès du portefeuille du Programme d'aide internationale à l'innovation (IAIP) par rapport au cadre de mesure de la performance du programme et surveillera et évaluera les risques et la performance des projets individuels pour les résultats du financement mixte, y compris le financement du développement, le financement commercial supplémentaire mobilisé (y compris rendements financiers), et les résultats obtenus sur les objectifs de développement.",9;8;7;5;12;11,1,0,0,0,0,0,0,0,0,0,0,,0.000100,,1,,
OECD.DCD.FSD:DSD_CRS@DF_CRS(1.6),CAN,VNM,23231,11,10000,C01,C,Q,DD,22180779,USD,2023,0.000151,2024,A,6,6,Global Affairs Canada,20232005500070,P012794002,Far East Asia,LMICs,10000,Central Government (donor govt.),10,ODA,110,Standard grant,1,IAIP MONITORING CONTRACT/CONTRAT DE SUIVI  IAIP,IAIP Monitoring Contract/Contrat de suivi  IAIP,"The project will monitor and assess the International Assistance Innovation Program (IAIP) portfolio progress against the program performance measurement framework and monitor and assess risks and performance of individual projects for blended finance outcomes including development finance, additional commercial finance mobilized (including financial returns), and the results achieved on development objectives. / Le projet surveillera et évaluera les progrès du portefeuille du Programme d'aide internationale à l'innovation (IAIP) par rapport au cadre de mesure de la performance du programme et surveillera et évaluera les risques et la performance des projets individuels pour les résultats du financement mixte, y compris le financement du développement, le financement commercial supplémentaire mobilisé (y compris rendements financiers), et les résultats obtenus sur les objectifs de développement.",9;8;7;5;12;11,1,0,0,0,0,0,0,0,0,0,0,,0.000100,,1,,
OECD.DCD.FSD:DSD_CRS@DF_CRS(1.6),CAN,VNM,23642,11,10000,C01,C,Q,DD,22180355,USD,2023,0.000151,2024,A,6,6,Global Affairs Canada,20232005500041,P012794002,Far East Asia,LMICs,10000,Central Government (donor govt.),10,ODA,110,Standard grant,1,IAIP MONITORING CONTRACT/CONTRAT DE SUIVI  IAIP,IAIP Monitoring Contract/Contrat de suivi  IAIP,"The project will monitor and assess the International Assistance Innovation Program (IAIP) portfolio progress against the program performance measurement framework and monitor and assess risks and performance of individual projects for blended finance outcomes including development finance, additional commercial finance mobilized (including financial returns), and the results achieved on development objectives. / Le projet surveillera et évaluera les progrès du portefeuille du Programme d'aide internationale à l'innovation (IAIP) par rapport au cadre de mesure de la performance du programme et surveillera et évaluera les risques et la performance des projets individuels pour les résultats du financement mixte, y compris le financement du développement, le financement commercial supplémentaire mobilisé (y compris rendements financiers), et les résultats obtenus sur les objectifs de développement.",9;8;7;5;12;11,1,0,0,0,0,0,0,0,0,0,0,,0.000100,,1,,
OECD.DCD.FSD:DSD_CRS@DF_CRS(1.6),CAN,VNM,23642,11,10000,C01,C,Q,DD,22184506,USD,2023,7.5E-05,2024,A,6,6,Global Affairs Canada,20232005500019,P012794002,Far East Asia,LMICs,10000,Central Government (donor govt.),10,ODA,110,Standard grant,1,IAIP MONITORING CONTRACT/CONTRAT DE SUIVI  IAIP,IAIP Monitoring Contract/Contrat de suivi  IAIP,"The project will monitor and assess the International Assistance Innovation Program (IAIP) portfolio progress against the program performance measurement framework and monitor and assess risks and performance of individual projects for blended finance outcomes including development finance, additional commercial finance mobilized (including financial returns), and the results achieved on development objectives. / Le projet surveillera et évaluera les progrès du portefeuille du Programme d'aide internationale à l'innovation (IAIP) par rapport au cadre de mesure de la performance du programme et surveillera et évaluera les risques et la performance des projets individuels pour les résultats du financement mixte, y compris le financement du développement, le financement commercial supplémentaire mobilisé (y compris rendements financiers), et les résultats obtenus sur les objectifs de développement.",9;8;7;5;12;11,1,0,0,0,0,0,0,0,0,0,0,,0.000100,,1,,
OECD.DCD.FSD:DSD_CRS@DF_CRS(1.6),CAN,VNM,23231,11,10000,C01,C,Q,DD,22180659,USD,2023,0.000151,2024,A,6,6,Global Affairs Canada,20232005500058,P012794002,Far East Asia,LMICs,10000,Central Government (donor govt.),10,ODA,110,Standard grant,1,IAIP MONITORING CONTRACT/CONTRAT DE SUIVI  IAIP,IAIP Monitoring Contract/Contrat de suivi  IAIP,"The project will monitor and assess the International Assistance Innovation Program (IAIP) portfolio progress against the program performance measurement framework and monitor and assess risks and performance of individual projects for blended finance outcomes including development finance, additional commercial finance mobilized (including financial returns), and the results achieved on development objectives. / Le projet surveillera et évaluera les progrès du portefeuille du Programme d'aide internationale à l'innovation (IAIP) par rapport au cadre de mesure de la performance du programme et surveillera et évaluera les risques et la performance des projets individuels pour les résultats du financement mixte, y compris le financement du développement, le financement commercial supplémentaire mobilisé (y compris rendements financiers), et les résultats obtenus sur les objectifs de développement.",9;8;7;5;12;11,1,0,0,0,0,0,0,0,0,0,0,,0.000100,,1,,
OECD.DCD.FSD:DSD_CRS@DF_CRS(1.6),CAN,VNM,23642,11,10000,C01,C,Q,DD,22180660,USD,2023,0.000151,2024,A,6,6,Global Affairs Canada,20232005500058,P012794002,Far East Asia,LMICs,10000,Central Government (donor govt.),10,ODA,110,Standard grant,1,IAIP MONITORING CONTRACT/CONTRAT DE SUIVI  IAIP,IAIP Monitoring Contract/Contrat de suivi  IAIP,"The project will monitor and assess the International Assistance Innovation Program (IAIP) portfolio progress against the program performance measurement framework and monitor and assess risks and performance of individual projects for blended finance outcomes including development finance, additional commercial finance mobilized (including financial returns), and the results achieved on development objectives. / Le projet surveillera et évaluera les progrès du portefeuille du Programme d'aide internationale à l'innovation (IAIP) par rapport au cadre de mesure de la performance du programme et surveillera et évaluera les risques et la performance des projets individuels pour les résultats du financement mixte, y compris le financement du développement, le financement commercial supplémentaire mobilisé (y compris rendements financiers), et les résultats obtenus sur les objectifs de développement.",9;8;7;5;12;11,1,0,0,0,0,0,0,0,0,0,0,,0.000100,,1,,
OECD.DCD.FSD:DSD_CRS@DF_CRS(1.6),CAN,VNM,23231,11,10000,C01,C,Q,DD,22180348,USD,2023,0.000151,2024,A,6,6,Global Affairs Canada,20232005500041,P012794002,Far East Asia,LMICs,10000,Central Government (donor govt.),10,ODA,110,Standard grant,1,IAIP MONITORING CONTRACT/CONTRAT DE SUIVI  IAIP,IAIP Monitoring Contract/Contrat de suivi  IAIP,"The project will monitor and assess the International Assistance Innovation Program (IAIP) portfolio progress against the program performance measurement framework and monitor and assess risks and performance of individual projects for blended finance outcomes including development finance, additional commercial finance mobilized (including financial returns), and the results achieved on development objectives. / Le projet surveillera et évaluera les progrès du portefeuille du Programme d'aide internationale à l'innovation (IAIP) par rapport au cadre de mesure de la performance du programme et surveillera et évaluera les risques et la performance des projets individuels pour les résultats du financement mixte, y compris le financement du développement, le financement commercial supplémentaire mobilisé (y compris rendements financiers), et les résultats obtenus sur les objectifs de développement.",9;8;7;5;12;11,1,0,0,0,0,0,0,0,0,0,0,,0.000100,,1,,
OECD.DCD.FSD:DSD_CRS@DF_CRS(1.6),CAN,VNM,23642,11,10000,C01,C,Q,DD,22182904,USD,2023,0.000151,2024,A,6,6,Global Affairs Canada,20232005500079,P012794002,Far East Asia,LMICs,10000,Central Government (donor govt.),10,ODA,110,Standard grant,1,IAIP MONITORING CONTRACT/CONTRAT DE SUIVI  IAIP,IAIP Monitoring Contract/Contrat de suivi  IAIP,"The project will monitor and assess the International Assistance Innovation Program (IAIP) portfolio progress against the program performance measurement framework and monitor and assess risks and performance of individual projects for blended finance outcomes including development finance, additional commercial finance mobilized (including financial returns), and the results achieved on development objectives. / Le projet surveillera et évaluera les progrès du portefeuille du Programme d'aide internationale à l'innovation (IAIP) par rapport au cadre de mesure de la performance du programme et surveillera et évaluera les risques et la performance des projets individuels pour les résultats du financement mixte, y compris le financement du développement, le financement commercial supplémentaire mobilisé (y compris rendements financiers), et les résultats obtenus sur les objectifs de développement.",9;8;7;5;12;11,1,0,0,0,0,0,0,0,0,0,0,,0.000100,,1,,
OECD.DCD.FSD:DSD_CRS@DF_CRS(1.6),CAN,VNM,23642,11,10000,C01,C,Q,DD,22183930,USD,2023,0.000151,2024,A,6,6,Global Affairs Canada,20232005500115,P012794002,Far East Asia,LMICs,10000,Central Government (donor govt.),10,ODA,110,Standard grant,1,IAIP MONITORING CONTRACT/CONTRAT DE SUIVI  IAIP,IAIP Monitoring Contract/Contrat de suivi  IAIP,"The project will monitor and assess the International Assistance Innovation Program (IAIP) portfolio progress against the program performance measurement framework and monitor and assess risks and performance of individual projects for blended finance outcomes including development finance, additional commercial finance mobilized (including financial returns), and the results achieved on development objectives. / Le projet surveillera et évaluera les progrès du portefeuille du Programme d'aide internationale à l'innovation (IAIP) par rapport au cadre de mesure de la performance du programme et surveillera et évaluera les risques et la performance des projets individuels pour les résultats du financement mixte, y compris le financement du développement, le financement commercial supplémentaire mobilisé (y compris rendements financiers), et les résultats obtenus sur les objectifs de développement.",9;8;7;5;12;11,1,0,0,0,0,0,0,0,0,0,0,,0.000100,,1,,
OECD.DCD.FSD:DSD_CRS@DF_CRS(1.6),CAN,VNM,23231,11,10000,C01,C,Q,DD,22182902,USD,2023,0.000151,2024,A,6,6,Global Affairs Canada,20232005500079,P012794002,Far East Asia,LMICs,10000,Central Government (donor govt.),10,ODA,110,Standard grant,1,IAIP MONITORING CONTRACT/CONTRAT DE SUIVI  IAIP,IAIP Monitoring Contract/Contrat de suivi  IAIP,"The project will monitor and assess the International Assistance Innovation Program (IAIP) portfolio progress against the program performance measurement framework and monitor and assess risks and performance of individual projects for blended finance outcomes including development finance, additional commercial finance mobilized (including financial returns), and the results achieved on development objectives. / Le projet surveillera et évaluera les progrès du portefeuille du Programme d'aide internationale à l'innovation (IAIP) par rapport au cadre de mesure de la performance du programme et surveillera et évaluera les risques et la performance des projets individuels pour les résultats du financement mixte, y compris le financement du développement, le financement commercial supplémentaire mobilisé (y compris rendements financiers), et les résultats obtenus sur les objectifs de développement.",9;8;7;5;12;11,1,0,0,0,0,0,0,0,0,0,0,,0.000100,,1,,
OECD.DCD.FSD:DSD_CRS@DF_CRS(1.6),CAN,VNM,23642,11,10000,C01,C,Q,DD,22180780,USD,2023,0.000151,2024,A,6,6,Global Affairs Canada,20232005500070,P012794002,Far East Asia,LMICs,10000,Central Government (donor govt.),10,ODA,110,Standard grant,1,IAIP MONITORING CONTRACT/CONTRAT DE SUIVI  IAIP,IAIP Monitoring Contract/Contrat de suivi  IAIP,"The project will monitor and assess the International Assistance Innovation Program (IAIP) portfolio progress against the program performance measurement framework and monitor and assess risks and performance of individual projects for blended finance outcomes including development finance, additional commercial finance mobilized (including financial returns), and the results achieved on development objectives. / Le projet surveillera et évaluera les progrès du portefeuille du Programme d'aide internationale à l'innovation (IAIP) par rapport au cadre de mesure de la performance du programme et surveillera et évaluera les risques et la performance des projets individuels pour les résultats du financement mixte, y compris le financement du développement, le financement commercial supplémentaire mobilisé (y compris rendements financiers), et les résultats obtenus sur les objectifs de développement.",9;8;7;5;12;11,1,0,0,0,0,0,0,0,0,0,0,,0.000100,,1,,
OECD.DCD.FSD:DSD_CRS@DF_CRS(1.6),CAN,VNM,23231,11,10000,C01,C,Q,DD,22184279,USD,2023,0.000151,2024,A,6,6,Global Affairs Canada,20232005500150,P012794002,Far East Asia,LMICs,10000,Central Government (donor govt.),10,ODA,110,Standard grant,1,IAIP MONITORING CONTRACT/CONTRAT DE SUIVI  IAIP,IAIP Monitoring Contract/Contrat de suivi  IAIP,"The project will monitor and assess the International Assistance Innovation Program (IAIP) portfolio progress against the program performance measurement framework and monitor and assess risks and performance of individual projects for blended finance outcomes including development finance, additional commercial finance mobilized (including financial returns), and the results achieved on development objectives. / Le projet surveillera et évaluera les progrès du portefeuille du Programme d'aide internationale à l'innovation (IAIP) par rapport au cadre de mesure de la performance du programme et surveillera et évaluera les risques et la performance des projets individuels pour les résultats du financement mixte, y compris le financement du développement, le financement commercial supplémentaire mobilisé (y compris rendements financiers), et les résultats obtenus sur les objectifs de développement.",9;8;7;5;12;11,1,0,0,0,0,0,0,0,0,0,0,,0.000100,,1,,
OECD.DCD.FSD:DSD_CRS@DF_CRS(1.6),CAN,VNM,23231,11,10000,C01,C,Q,DD,22181747,USD,2023,0.000151,2024,A,6,6,Global Affairs Canada,20232005500005,P012794002,Far East Asia,LMICs,10000,Central Government (donor govt.),10,ODA,110,Standard grant,1,IAIP MONITORING CONTRACT/CONTRAT DE SUIVI  IAIP,IAIP Monitoring Contract/Contrat de suivi  IAIP,"The project will monitor and assess the International Assistance Innovation Program (IAIP) portfolio progress against the program performance measurement framework and monitor and assess risks and performance of individual projects for blended finance outcomes including development finance, additional commercial finance mobilized (including financial returns), and the results achieved on development objectives. / Le projet surveillera et évaluera les progrès du portefeuille du Programme d'aide internationale à l'innovation (IAIP) par rapport au cadre de mesure de la performance du programme et surveillera et évaluera les risques et la performance des projets individuels pour les résultats du financement mixte, y compris le financement du développement, le financement commercial supplémentaire mobilisé (y compris rendements financiers), et les résultats obtenus sur les objectifs de développement.",9;8;7;5;12;11,1,0,0,0,0,0,0,0,0,0,0,,0.000100,,1,,
OECD.DCD.FSD:DSD_CRS@DF_CRS(1.6),CAN,VNM,23231,11,10000,C01,C,Q,DD,22183929,USD,2023,0.000151,2024,A,6,6,Global Affairs Canada,20232005500115,P012794002,Far East Asia,LMICs,10000,Central Government (donor govt.),10,ODA,110,Standard grant,1,IAIP MONITORING CONTRACT/CONTRAT DE SUIVI  IAIP,IAIP Monitoring Contract/Contrat de suivi  IAIP,"The project will monitor and assess the International Assistance Innovation Program (IAIP) portfolio progress against the program performance measurement framework and monitor and assess risks and performance of individual projects for blended finance outcomes including development finance, additional commercial finance mobilized (including financial returns), and the results achieved on development objectives. / Le projet surveillera et évaluera les progrès du portefeuille du Programme d'aide internationale à l'innovation (IAIP) par rapport au cadre de mesure de la performance du programme et surveillera et évaluera les risques et la performance des projets individuels pour les résultats du financement mixte, y compris le financement du développement, le financement commercial supplémentaire mobilisé (y compris rendements financiers), et les résultats obtenus sur les objectifs de développement.",9;8;7;5;12;11,1,0,0,0,0,0,0,0,0,0,0,,0.000100,,1,,
OECD.DCD.FSD:DSD_CRS@DF_CRS(1.6),CAN,VNM,23231,11,10000,C01,C,Q,DD,22180639,USD,2023,0.000151,2024,A,6,6,Global Affairs Canada,20232005500056,P012794002,Far East Asia,LMICs,10000,Central Government (donor govt.),10,ODA,110,Standard grant,1,IAIP MONITORING CONTRACT/CONTRAT DE SUIVI  IAIP,IAIP Monitoring Contract/Contrat de suivi  IAIP,"The project will monitor and assess the International Assistance Innovation Program (IAIP) portfolio progress against the program performance measurement framework and monitor and assess risks and performance of individual projects for blended finance outcomes including development finance, additional commercial finance mobilized (including financial returns), and the results achieved on development objectives. / Le projet surveillera et évaluera les progrès du portefeuille du Programme d'aide internationale à l'innovation (IAIP) par rapport au cadre de mesure de la performance du programme et surveillera et évaluera les risques et la performance des projets individuels pour les résultats du financement mixte, y compris le financement du développement, le financement commercial supplémentaire mobilisé (y compris rendements financiers), et les résultats obtenus sur les objectifs de développement.",9;8;7;5;12;11,1,0,0,0,0,0,0,0,0,0,0,,0.000100,,1,,
OECD.DCD.FSD:DSD_CRS@DF_CRS(1.6),BEL,VNM,23230,14,10000,C01,C,Q,DD,22127509,USD,2023,1.350521,2024,A,6,6,Belgian Investment Company for Developing Countries,2023009983,5499,Far East Asia,LMICs,10000,,21,Non-export credit OOF,510,Common equity,1,SUSI ASIA ENERGY TRANSITION FUND - ASIA CLEAN CAPITAL VIETNAM (ACCV),SUSI Asia Energy Transition Fund - Asia Clean Capital Vietnam (ACCV),,,,,,,,,,,,,,,,,8,4,Details of PSI activities that are reported under the institutional approach
OECD.DCD.FSD:DSD_CRS@DF_CRS(1.6),BEL,VNM,23230,14,10000,C01,D,Q,DD,22660441,USD,2023,1.927495,2024,A,6,6,Belgian Investment Company for Developing Countries,2023009985,5501,Far East Asia,LMICs,10000,,21,Non-export credit OOF,510,Common equity,1,SUSI ASIA ENERGY TRANSITION FUND - OFFGRID ADVANCED SUSTAINABLE INFRASTRUCTURE SOLUTIONS (OASIS),SUSI Asia Energy Transition Fund - Offgrid Advanced Sustainable Infrastructure Solutions (OASIS),,,,,,,,,,,,,,,,,8,4,Details of PSI activities that are reported under the institutional approach
OECD.DCD.FSD:DSD_CRS@DF_CRS(1.6),BEL,VNM,23230,14,10000,C01,C,Q,DD,22127516,USD,2023,1.927495,2024,A,6,6,Belgian Investment Company for Developing Countries,2023009985,5501,Far East Asia,LMICs,10000,,21,Non-export credit OOF,510,Common equity,1,SUSI ASIA ENERGY TRANSITION FUND - OFFGRID ADVANCED SUSTAINABLE INFRASTRUCTURE SOLUTIONS (OASIS),SUSI Asia Energy Transition Fund - Offgrid Advanced Sustainable Infrastructure Solutions (OASIS),,,,,,,,,,,,,,,,,8,4,Details of PSI activities that are reported under the institutional approach
OECD.DCD.FSD:DSD_CRS@DF_CRS(1.6),BEL,VNM,23230,14,10000,C01,D,Q,DD,22660435,USD,2023,1.350521,2024,A,6,6,Belgian Investment Company for Developing Countries,2023009983,5499,Far East Asia,LMICs,10000,,21,Non-export credit OOF,510,Common equity,1,SUSI ASIA ENERGY TRANSITION FUND - ASIA CLEAN CAPITAL VIETNAM (ACCV),SUSI Asia Energy Transition Fund - Asia Clean Capital Vietnam (ACCV),,,,,,,,,,,,,,,,,8,4,Details of PSI activities that are reported under the institutional approach
OECD.DCD.FSD:DSD_CRS@DF_CRS(1.6),FRA,VNM,23110,11,60000,C01,D,Q,DD,22795786,USD,2023,0.292266,2024,A,6,6,French Development Agency,2022185400,CVN127001,Far East Asia,LMICs,60000,Other non-financial corporations (in recipient country),10,ODA,110,Standard grant,1,FEXTE JET - FEXTE TRANSITION ENERGÉTIQUE JUSTE,FEXTE JET - FEXTE Transition Energétique Juste,FEXTE pour accompagner Electricité du Vietnam dans sa transition énergétique juste.,7;16;13,0,0,,0,0,0,,0,0,0,0,,,,3,,
OECD.DCD.FSD:DSD_CRS@DF_CRS(1.6),FRA,VNM,23210,11,10000,C01,D,Q,DD,22795848,USD,2023,0.057702,2024,A,6,6,French Development Agency,2022213500,CVN126802,Far East Asia,LMICs,10000,Other public entities in donor country,10,ODA,110,Standard grant,1,"FEXTE RTE EVN - FEXTE PORTANT SUR BAC AI, NPT, TRANSITION ÉNERGÉTIQUE EVN","FEXTE RTE EVN - FEXTE portant sur Bac AI, NPT, transition énergétique EVN","FEXTE portant sur les faisabilités du projet Bac AI, projet NPT, ainsi que la transition énergétique",7;16;13,0,0,,0,0,0,,0,0,0,0,,,,3,,
OECD.DCD.FSD:DSD_CRS@DF_CRS(1.6),FRA,VNM,23220,11,10000,C01,D,Q,DD,22780771,USD,2023,0.151134,2024,A,6,6,French Development Agency,2019240300,CVN123403,Far East Asia,LMICs,10000,Other public entities in donor country,10,ODA,110,Standard grant,1,HOA BINH - EXTENSION DE LA CENTRALE HYDROÉLECTRIQUE DE HOA BINH,Hoa Binh - Extension de la centrale hydroélectrique de Hoa Binh,Projet  d'extension de la centrale hydro-électrique de Hoa Binh (HB HPP) d'une capacité additionnelle de 480MW,9;7;17;16;13,0,0,1,0,0,0,,0,0,0,0,,,,3,,
OECD.DCD.FSD:DSD_CRS@DF_CRS(1.6),AUS,VNM,23110,11,40000,A02,D,Q,DD,22772106,USD,2023,0.036373,2024,A,6,6,Australian Government,2023005018,INN683,Far East Asia,LMICs,40000,Mekong River Commission ,10,ODA,110,Standard grant,1,SUPPORTING MEKONG ARCHITECTURE - MRC,Supporting Mekong Architecture - MRC,This investment has two activities both supporting Mekong River Commission 1) Australia's contribution to MRC's basket fund to implement its USD60 million five-year strategic plan 2021-2025 and 2) eWater's technical support to MRC. The key expected outcome of this investment is enhanced rules-based and transparent transboundary cooperation in the Mekong subregion. The investment will support stability of the subregion by seeking to protect established regional governance norms and strengthen regional architecture for building longer-term resilience. The investment is intended to continue through new activity covering the next MRC SP 2026-30.,7.b;7.a;7.2;7.1;6.b;6.a;6.6;6.5;5.1;11.6,1,1,1,0,0,0,0,1,1,1,0,0.000000,0.035700,,8,,
OECD.DCD.FSD:DSD_CRS@DF_CRS(1.6),AUS,VNM,23110,11,90000,A02,C,Q,DD,22199920,USD,2023,0.00433,2024,A,6,6,Australian Government,2023005032,INN683,Far East Asia,LMICs,90000,Other,10,ODA,110,Standard grant,1,SUPPORTING MEKONG ARCHITECTURE - MRC,Supporting Mekong Architecture - MRC,This investment has two activities both supporting Mekong River Commission 1) Australia's contribution to MRC's basket fund to implement its USD60 million five-year strategic plan 2021-2025 and 2) eWater's technical support to MRC. The key expected outcome of this investment is enhanced rules-based and transparent transboundary cooperation in the Mekong subregion. The investment will support stability of the subregion by seeking to protect established regional governance norms and strengthen regional architecture for building longer-term resilience. The investment is intended to continue through new activity covering the next MRC SP 2026-30.,7.b;7.a;7.2;7.1;6.b;6.a;6.6;6.5;5.1;11.6,1,1,1,0,0,0,0,1,1,1,0,0.000000,0.004200,,8,,
OECD.DCD.FSD:DSD_CRS@DF_CRS(1.6),AUS,VNM,23110,11,40000,A02,C,Q,DD,22199862,USD,2023,0.036373,2024,A,6,6,Australian Government,2023005018,INN683,Far East Asia,LMICs,40000,Mekong River Commission ,10,ODA,110,Standard grant,1,SUPPORTING MEKONG ARCHITECTURE - MRC,Supporting Mekong Architecture - MRC,This investment has two activities both supporting Mekong River Commission 1) Australia's contribution to MRC's basket fund to implement its USD60 million five-year strategic plan 2021-2025 and 2) eWater's technical support to MRC. The key expected outcome of this investment is enhanced rules-based and transparent transboundary cooperation in the Mekong subregion. The investment will support stability of the subregion by seeking to protect established regional governance norms and strengthen regional architecture for building longer-term resilience. The investment is intended to continue through new activity covering the next MRC SP 2026-30.,7.b;7.a;7.2;7.1;6.b;6.a;6.6;6.5;5.1;11.6,1,1,1,0,0,0,0,1,1,1,0,0.000000,0.035700,,8,,
OECD.DCD.FSD:DSD_CRS@DF_CRS(1.6),AUS,VNM,23110,11,90000,A02,C,Q,DD,22199960,USD,2023,0.041136,2024,A,6,6,Australian Government,2023005042,INN683,Far East Asia,LMICs,90000,Other,10,ODA,110,Standard grant,1,SUPPORTING MEKONG ARCHITECTURE - MRC,Supporting Mekong Architecture - MRC,This investment has two activities both supporting Mekong River Commission 1) Australia's contribution to MRC's basket fund to implement its USD60 million five-year strategic plan 2021-2025 and 2) eWater's technical support to MRC. The key expected outcome of this investment is enhanced rules-based and transparent transboundary cooperation in the Mekong subregion. The investment will support stability of the subregion by seeking to protect established regional governance norms and strengthen regional architecture for building longer-term resilience. The investment is intended to continue through new activity covering the next MRC SP 2026-30.,7.b;7.a;7.2;7.1;6.b;6.a;6.6;6.5;5.1;11.6,1,1,1,0,0,0,0,1,1,1,0,0.000000,0.040300,,8,,
OECD.DCD.FSD:DSD_CRS@DF_CRS(1.6),AUS,VNM,23110,11,90000,A02,D,Q,DD,22772164,USD,2023,0.00433,2024,A,6,6,Australian Government,2023005032,INN683,Far East Asia,LMICs,90000,Other,10,ODA,110,Standard grant,1,SUPPORTING MEKONG ARCHITECTURE - MRC,Supporting Mekong Architecture - MRC,This investment has two activities both supporting Mekong River Commission 1) Australia's contribution to MRC's basket fund to implement its USD60 million five-year strategic plan 2021-2025 and 2) eWater's technical support to MRC. The key expected outcome of this investment is enhanced rules-based and transparent transboundary cooperation in the Mekong subregion. The investment will support stability of the subregion by seeking to protect established regional governance norms and strengthen regional architecture for building longer-term resilience. The investment is intended to continue through new activity covering the next MRC SP 2026-30.,7.b;7.a;7.2;7.1;6.b;6.a;6.6;6.5;5.1;11.6,1,1,1,0,0,0,0,1,1,1,0,0.000000,0.004200,,8,,
OECD.DCD.FSD:DSD_CRS@DF_CRS(1.6),AUS,VNM,23110,11,90000,A02,D,Q,DD,22772204,USD,2023,0.041136,2024,A,6,6,Australian Government,2023005042,INN683,Far East Asia,LMICs,90000,Other,10,ODA,110,Standard grant,1,SUPPORTING MEKONG ARCHITECTURE - MRC,Supporting Mekong Architecture - MRC,This investment has two activities both supporting Mekong River Commission 1) Australia's contribution to MRC's basket fund to implement its USD60 million five-year strategic plan 2021-2025 and 2) eWater's technical support to MRC. The key expected outcome of this investment is enhanced rules-based and transparent transboundary cooperation in the Mekong subregion. The investment will support stability of the subregion by seeking to protect established regional governance norms and strengthen regional architecture for building longer-term resilience. The investment is intended to continue through new activity covering the next MRC SP 2026-30.,7.b;7.a;7.2;7.1;6.b;6.a;6.6;6.5;5.1;11.6,1,1,1,0,0,0,0,1,1,1,0,0.000000,0.040300,,8,,
OECD.DCD.FSD:DSD_CRS@DF_CRS(1.6),AUS,VNM,23210,11,40000,C01,C,Q,DD,22196268,USD,2023,11.515726,2024,A,6,6,Australian Government,2023004207,INO146,Far East Asia,LMICs,40000,Private Infrastructure Development Group ,10,ODA,110,Standard grant,1,AUSTRALIA-VIETNAM ENERGY TRANSITION PLATFORM (AVETP),Australia-Vietnam Energy Transition Platform (AVETP),"The Australia-Vietnam Energy Transition Platform will have three strands. It will:- Establish the Renewable Energy Access Fund to facilitate an increase in the amount of investment by PIDG in Vietnam. This increased investment by PIDG will mobilise climate finance, accelerate energy transition and enable a higher number of people to access renewable energy sources. Avoided GHG emissions, and improved climate resilience of Vietnam's energy investments will be measured through a country outcome framework aligned with PIDG forthcoming 2023-2030 strategy.- Establish the Capital Markets for Climate Action Fund to allow PIDG company GuarantCo to push the frontier of Vietnam's capital market development for climate finance and energy transition, including bringing a focus on nature-based solutions.- Provide additional investment capital for InfraCo Asia and GuarantCo to invest in new deals in Vietnam.",7.b;7.a;7.2;7.1,0,2,0,0,0,0,0,0,2,0,0,0.000000,11.294900,,8,,
OECD.DCD.FSD:DSD_CRS@DF_CRS(1.6),AUS,VNM,23182,11,20000,C01,D,Q,DD,22774378,USD,2023,0.071045,2024,A,6,6,Australian Government,2023003412,INN876,Far East Asia,LMICs,20000,International NGO,10,ODA,110,Standard grant,1,"MEKONG AUSTRALIA PARTNERSHIP - WATER, ENERGY AND CLIMATE: THINK TANKS","Mekong Australia Partnership - Water, Energy and Climate: Think Tanks","Facilitation of evidence-based policy dialogues covering water, energy and climate issues though facilitating research, analysis and capacity building for Think Tanks in the Mekong region. Development of linkages between Australian and Mekong-based research institutions to be developed.",7.b;7.a;7.3;7.2;7.1;6.b;6.a;6.5;12.a;11.6,0,1,0,0,0,0,0,0,1,1,0,0.000000,0.069700,,8,,
OECD.DCD.FSD:DSD_CRS@DF_CRS(1.6),AUS,VNM,23210,11,40000,C01,D,Q,DD,22770072,USD,2023,11.515726,2024,A,6,6,Australian Government,2023004207,INO146,Far East Asia,LMICs,40000,Private Infrastructure Development Group ,10,ODA,110,Standard grant,1,AUSTRALIA-VIETNAM ENERGY TRANSITION PLATFORM (AVETP),Australia-Vietnam Energy Transition Platform (AVETP),"The Australia-Vietnam Energy Transition Platform will have three strands. It will:- Establish the Renewable Energy Access Fund to facilitate an increase in the amount of investment by PIDG in Vietnam. This increased investment by PIDG will mobilise climate finance, accelerate energy transition and enable a higher number of people to access renewable energy sources. Avoided GHG emissions, and improved climate resilience of Vietnam's energy investments will be measured through a country outcome framework aligned with PIDG forthcoming 2023-2030 strategy.- Establish the Capital Markets for Climate Action Fund to allow PIDG company GuarantCo to push the frontier of Vietnam's capital market development for climate finance and energy transition, including bringing a focus on nature-based solutions.- Provide additional investment capital for InfraCo Asia and GuarantCo to invest in new deals in Vietnam.",7.b;7.a;7.2;7.1,0,2,0,0,0,0,0,0,2,0,0,0.000000,11.294900,,8,,
OECD.DCD.FSD:DSD_CRS@DF_CRS(1.6),AUS,VNM,23181,11,40000,C01,D,Q,DD,22769748,USD,2023,0.254023,2024,A,6,6,Australian Government,2023004113,INO109,Far East Asia,LMICs,40000,Asian Development Bank,10,ODA,110,Standard grant,1,ACCELERATING THE CLEAN ENERGY TRANSITION IN SOUTHEAST ASIA,Accelerating the Clean Energy Transition in Southeast Asia,Co-financing with ADB to support Southeast Asian countries in transitioning to a cleaner energy future.This Co-financing with ADB will support activities under Output 5 ('Enhance regional power grid integration') of the Technical Assistance on Accelerating the Clean Energy Transition in Southeast Asia. The support targets to enable ADB to continue serving as the secretariat of the GMS Regional Power Trade Coordination Committee (RPTCC) and build stronger link with similar activities undertaken at the ASEAN-level under the ASEAN Power Grid initiative.,7.b;7.a;7.2;7.1;13.1,0,2,0,0,0,0,0,0,2,1,0,0.000000,0.249200,,8,,
OECD.DCD.FSD:DSD_CRS@DF_CRS(1.6),AUS,VNM,23181,11,40000,C01,C,Q,DD,22196164,USD,2023,0.254023,2024,A,6,6,Australian Government,2023004113,INO109,Far East Asia,LMICs,40000,Asian Development Bank,10,ODA,110,Standard grant,1,ACCELERATING THE CLEAN ENERGY TRANSITION IN SOUTHEAST ASIA,Accelerating the Clean Energy Transition in Southeast Asia,Co-financing with ADB to support Southeast Asian countries in transitioning to a cleaner energy future.This Co-financing with ADB will support activities under Output 5 ('Enhance regional power grid integration') of the Technical Assistance on Accelerating the Clean Energy Transition in Southeast Asia. The support targets to enable ADB to continue serving as the secretariat of the GMS Regional Power Trade Coordination Committee (RPTCC) and build stronger link with similar activities undertaken at the ASEAN-level under the ASEAN Power Grid initiative.,7.b;7.a;7.2;7.1;13.1,0,2,0,0,0,0,0,0,2,1,0,0.000000,0.249200,,8,,
OECD.DCD.FSD:DSD_CRS@DF_CRS(1.6),AUS,VNM,23182,11,20000,C01,C,Q,DD,22198755,USD,2023,0.071045,2024,A,6,6,Australian Government,2023003412,INN876,Far East Asia,LMICs,20000,International NGO,10,ODA,110,Standard grant,1,"MEKONG AUSTRALIA PARTNERSHIP - WATER, ENERGY AND CLIMATE: THINK TANKS","Mekong Australia Partnership - Water, Energy and Climate: Think Tanks","Facilitation of evidence-based policy dialogues covering water, energy and climate issues though facilitating research, analysis and capacity building for Think Tanks in the Mekong region. Development of linkages between Australian and Mekong-based research institutions to be developed.",7.b;7.a;7.3;7.2;7.1;6.b;6.a;6.5;12.a;11.6,0,1,0,0,0,0,0,0,1,1,0,0.000000,0.069700,,8,,
OECD.DCD.FSD:DSD_CRS@DF_CRS(1.6),AUS,VNM,23182,11,60000,C01,D,Q,DD,22774684,USD,2023,0.008737,2024,A,6,6,Australian Government,2023003471,INN903,Far East Asia,LMICs,60000,Other non-financial corporations (in recipient country),10,ODA,110,Standard grant,1,MEKONG AUSTRALIA PARTNERSHIP WATER ENERGY AND CLIMATE - PROGRAM SUPPORT AND ADVISORY COSTS,Mekong Australia Partnership Water Energy and Climate - Program Support and Advisory Costs,"Includes all costs associated with Bangkok Post and Canberra staff participation in design, administration, monitoring and evaluation and other ODA eligible matters  of MAP-WEC. This Investment will also cover costs associated with MAP-WEC Advisors including salary, support, administration and all other related costs",7.b;7.a;7.3;7.2;7.1;6.b;6.a;6.5;3.d;3.8,0,1,0,0,0,0,0,1,0,0,0,0.000000,0.008600,,8,,
OECD.DCD.FSD:DSD_CRS@DF_CRS(1.6),AUS,VNM,23182,11,60000,C01,C,Q,DD,22201641,USD,2023,0.008737,2024,A,6,6,Australian Government,2023003471,INN903,Far East Asia,LMICs,60000,Other non-financial corporations (in recipient country),10,ODA,110,Standard grant,1,MEKONG AUSTRALIA PARTNERSHIP WATER ENERGY AND CLIMATE - PROGRAM SUPPORT AND ADVISORY COSTS,Mekong Australia Partnership Water Energy and Climate - Program Support and Advisory Costs,"Includes all costs associated with Bangkok Post and Canberra staff participation in design, administration, monitoring and evaluation and other ODA eligible matters  of MAP-WEC. This Investment will also cover costs associated with MAP-WEC Advisors including salary, support, administration and all other related costs",7.b;7.a;7.3;7.2;7.1;6.b;6.a;6.5;3.d;3.8,0,1,0,0,0,0,0,1,0,0,0,0.000000,0.008600,,8,,
OECD.DCD.FSD:DSD_CRS@DF_CRS(1.6),AUS,VNM,23110,11,10000,C01,C,Q,DD,22191674,USD,2023,0.005675,2024,A,6,6,Australian Government,2023001422,INN037,Far East Asia,LMICs,10000,Central Government (donor govt.),10,ODA,110,Standard grant,1,PARTNERSHIPS FOR INFRASTRUCTURE (P4I),Partnerships for Infrastructure (P4I),"P4I's goal is to contribute to 'quality infrastructure development that drives inclusive growth in Southeast Asia'. The end-of-investment outcome is 'Improved decision-making towards quality infrastructure underpinned by strong government-to-government partnerships'. P4I has three focus areas: planning and prioritisation of projects, implementation support for public infrastructure procurement, and sector policy and regulation. Climate change, gender equality and social inclusion are integrated throughout. P4I is delivered via four linked approaches: a quick response mechanism with high calibre advisers to provide advice at short notice to Southeast Asian governments and regional institutions, long term engagement through government-to-government partnerships, technical assistance that supplements and supports government to government partnerships, and regional networking and learning to bring together Australian experts with Southeast Asian counterparts.",9.1;7.b;7.a;7.2;7.1;5.1;12.a;11.6;11.5;11.2,1,1,0,0,1,0,0,0,1,1,0,0.000000,0.005600,,8,,
OECD.DCD.FSD:DSD_CRS@DF_CRS(1.6),AUS,VNM,23110,11,10000,C01,D,Q,DD,22768465,USD,2023,0.056751,2024,A,6,6,Australian Government,2023001421,INN037,Far East Asia,LMICs,10000,Donor Government,10,ODA,110,Standard grant,1,PARTNERSHIPS FOR INFRASTRUCTURE (P4I),Partnerships for Infrastructure (P4I),"P4I's goal is to contribute to 'quality infrastructure development that drives inclusive growth in Southeast Asia'. The end-of-investment outcome is 'Improved decision-making towards quality infrastructure underpinned by strong government-to-government partnerships'. P4I has three focus areas: planning and prioritisation of projects, implementation support for public infrastructure procurement, and sector policy and regulation. Climate change, gender equality and social inclusion are integrated throughout. P4I is delivered via four linked approaches: a quick response mechanism with high calibre advisers to provide advice at short notice to Southeast Asian governments and regional institutions, long term engagement through government-to-government partnerships, technical assistance that supplements and supports government to government partnerships, and regional networking and learning to bring together Australian experts with Southeast Asian counterparts.",9.1;7.b;7.a;7.2;7.1;5.1;12.a;11.6;11.5;11.2,1,1,0,0,1,0,0,0,1,1,0,0.000000,0.055700,,8,,
OECD.DCD.FSD:DSD_CRS@DF_CRS(1.6),AUS,VNM,23110,11,10000,C01,C,Q,DD,22191671,USD,2023,0.056751,2024,A,6,6,Australian Government,2023001421,INN037,Far East Asia,LMICs,10000,Donor Government,10,ODA,110,Standard grant,1,PARTNERSHIPS FOR INFRASTRUCTURE (P4I),Partnerships for Infrastructure (P4I),"P4I's goal is to contribute to 'quality infrastructure development that drives inclusive growth in Southeast Asia'. The end-of-investment outcome is 'Improved decision-making towards quality infrastructure underpinned by strong government-to-government partnerships'. P4I has three focus areas: planning and prioritisation of projects, implementation support for public infrastructure procurement, and sector policy and regulation. Climate change, gender equality and social inclusion are integrated throughout. P4I is delivered via four linked approaches: a quick response mechanism with high calibre advisers to provide advice at short notice to Southeast Asian governments and regional institutions, long term engagement through government-to-government partnerships, technical assistance that supplements and supports government to government partnerships, and regional networking and learning to bring together Australian experts with Southeast Asian counterparts.",9.1;7.b;7.a;7.2;7.1;5.1;12.a;11.6;11.5;11.2,1,1,0,0,1,0,0,0,1,1,0,0.000000,0.055700,,8,,
OECD.DCD.FSD:DSD_CRS@DF_CRS(1.6),AUS,VNM,23110,11,40000,C01,D,Q,DD,22768474,USD,2023,0.042876,2024,A,6,6,Australian Government,2023001424,INN037,Far East Asia,LMICs,40000,International Bank for Reconstruction and Development ,10,ODA,110,Standard grant,1,PARTNERSHIPS FOR INFRASTRUCTURE (P4I),Partnerships for Infrastructure (P4I),"P4I's goal is to contribute to 'quality infrastructure development that drives inclusive growth in Southeast Asia'. The end-of-investment outcome is 'Improved decision-making towards quality infrastructure underpinned by strong government-to-government partnerships'. P4I has three focus areas: planning and prioritisation of projects, implementation support for public infrastructure procurement, and sector policy and regulation. Climate change, gender equality and social inclusion are integrated throughout. P4I is delivered via four linked approaches: a quick response mechanism with high calibre advisers to provide advice at short notice to Southeast Asian governments and regional institutions, long term engagement through government-to-government partnerships, technical assistance that supplements and supports government to government partnerships, and regional networking and learning to bring together Australian experts with Southeast Asian counterparts.",9.1;7.b;7.a;7.2;7.1;5.1;12.a;11.6;11.5;11.2,1,1,0,0,1,0,0,0,1,1,0,0.000000,0.042100,,8,,
OECD.DCD.FSD:DSD_CRS@DF_CRS(1.6),AUS,VNM,23110,11,40000,C01,C,Q,DD,22191680,USD,2023,0.042876,2024,A,6,6,Australian Government,2023001424,INN037,Far East Asia,LMICs,40000,International Bank for Reconstruction and Development ,10,ODA,110,Standard grant,1,PARTNERSHIPS FOR INFRASTRUCTURE (P4I),Partnerships for Infrastructure (P4I),"P4I's goal is to contribute to 'quality infrastructure development that drives inclusive growth in Southeast Asia'. The end-of-investment outcome is 'Improved decision-making towards quality infrastructure underpinned by strong government-to-government partnerships'. P4I has three focus areas: planning and prioritisation of projects, implementation support for public infrastructure procurement, and sector policy and regulation. Climate change, gender equality and social inclusion are integrated throughout. P4I is delivered via four linked approaches: a quick response mechanism with high calibre advisers to provide advice at short notice to Southeast Asian governments and regional institutions, long term engagement through government-to-government partnerships, technical assistance that supplements and supports government to government partnerships, and regional networking and learning to bring together Australian experts with Southeast Asian counterparts.",9.1;7.b;7.a;7.2;7.1;5.1;12.a;11.6;11.5;11.2,1,1,0,0,1,0,0,0,1,1,0,0.000000,0.042100,,8,,
OECD.DCD.FSD:DSD_CRS@DF_CRS(1.6),AUS,VNM,23110,11,10000,C01,D,Q,DD,22768468,USD,2023,0.005675,2024,A,6,6,Australian Government,2023001422,INN037,Far East Asia,LMICs,10000,Central Government (donor govt.),10,ODA,110,Standard grant,1,PARTNERSHIPS FOR INFRASTRUCTURE (P4I),Partnerships for Infrastructure (P4I),"P4I's goal is to contribute to 'quality infrastructure development that drives inclusive growth in Southeast Asia'. The end-of-investment outcome is 'Improved decision-making towards quality infrastructure underpinned by strong government-to-government partnerships'. P4I has three focus areas: planning and prioritisation of projects, implementation support for public infrastructure procurement, and sector policy and regulation. Climate change, gender equality and social inclusion are integrated throughout. P4I is delivered via four linked approaches: a quick response mechanism with high calibre advisers to provide advice at short notice to Southeast Asian governments and regional institutions, long term engagement through government-to-government partnerships, technical assistance that supplements and supports government to government partnerships, and regional networking and learning to bring together Australian experts with Southeast Asian counterparts.",9.1;7.b;7.a;7.2;7.1;5.1;12.a;11.6;11.5;11.2,1,1,0,0,1,0,0,0,1,1,0,0.000000,0.005600,,8,,
OECD.DCD.FSD:DSD_CRS@DF_CRS(1.6),AUS,VNM,23110,11,90000,C01,C,Q,DD,22191683,USD,2023,0.732464,2024,A,6,6,Australian Government,2023001425,INN037,Far East Asia,LMICs,90000,Other,10,ODA,110,Standard grant,1,PARTNERSHIPS FOR INFRASTRUCTURE (P4I),Partnerships for Infrastructure (P4I),"P4I's goal is to contribute to 'quality infrastructure development that drives inclusive growth in Southeast Asia'. The end-of-investment outcome is 'Improved decision-making towards quality infrastructure underpinned by strong government-to-government partnerships'. P4I has three focus areas: planning and prioritisation of projects, implementation support for public infrastructure procurement, and sector policy and regulation. Climate change, gender equality and social inclusion are integrated throughout. P4I is delivered via four linked approaches: a quick response mechanism with high calibre advisers to provide advice at short notice to Southeast Asian governments and regional institutions, long term engagement through government-to-government partnerships, technical assistance that supplements and supports government to government partnerships, and regional networking and learning to bring together Australian experts with Southeast Asian counterparts.",9.1;7.b;7.a;7.2;7.1;5.1;12.a;11.6;11.5;11.2,1,1,0,0,1,0,0,0,1,1,0,0.000000,0.718400,,8,,
OECD.DCD.FSD:DSD_CRS@DF_CRS(1.6),AUS,VNM,23110,11,90000,C01,D,Q,DD,22768480,USD,2023,0.010682,2024,A,6,6,Australian Government,2023001426,INN037,Far East Asia,LMICs,90000,Other,10,ODA,110,Standard grant,1,PARTNERSHIPS FOR INFRASTRUCTURE (P4I),Partnerships for Infrastructure (P4I),"P4I's goal is to contribute to 'quality infrastructure development that drives inclusive growth in Southeast Asia'. The end-of-investment outcome is 'Improved decision-making towards quality infrastructure underpinned by strong government-to-government partnerships'. P4I has three focus areas: planning and prioritisation of projects, implementation support for public infrastructure procurement, and sector policy and regulation. Climate change, gender equality and social inclusion are integrated throughout. P4I is delivered via four linked approaches: a quick response mechanism with high calibre advisers to provide advice at short notice to Southeast Asian governments and regional institutions, long term engagement through government-to-government partnerships, technical assistance that supplements and supports government to government partnerships, and regional networking and learning to bring together Australian experts with Southeast Asian counterparts.",9.1;7.b;7.a;7.2;7.1;5.1;12.a;11.6;11.5;11.2,1,1,0,0,1,0,0,0,1,1,0,0.000000,0.010500,,8,,
OECD.DCD.FSD:DSD_CRS@DF_CRS(1.6),AUS,VNM,23110,11,90000,C01,C,Q,DD,22191686,USD,2023,0.010682,2024,A,6,6,Australian Government,2023001426,INN037,Far East Asia,LMICs,90000,Other,10,ODA,110,Standard grant,1,PARTNERSHIPS FOR INFRASTRUCTURE (P4I),Partnerships for Infrastructure (P4I),"P4I's goal is to contribute to 'quality infrastructure development that drives inclusive growth in Southeast Asia'. The end-of-investment outcome is 'Improved decision-making towards quality infrastructure underpinned by strong government-to-government partnerships'. P4I has three focus areas: planning and prioritisation of projects, implementation support for public infrastructure procurement, and sector policy and regulation. Climate change, gender equality and social inclusion are integrated throughout. P4I is delivered via four linked approaches: a quick response mechanism with high calibre advisers to provide advice at short notice to Southeast Asian governments and regional institutions, long term engagement through government-to-government partnerships, technical assistance that supplements and supports government to government partnerships, and regional networking and learning to bring together Australian experts with Southeast Asian counterparts.",9.1;7.b;7.a;7.2;7.1;5.1;12.a;11.6;11.5;11.2,1,1,0,0,1,0,0,0,1,1,0,0.000000,0.010500,,8,,
OECD.DCD.FSD:DSD_CRS@DF_CRS(1.6),AUS,VNM,23110,11,90000,C01,D,Q,DD,22768477,USD,2023,0.732464,2024,A,6,6,Australian Government,2023001425,INN037,Far East Asia,LMICs,90000,Other,10,ODA,110,Standard grant,1,PARTNERSHIPS FOR INFRASTRUCTURE (P4I),Partnerships for Infrastructure (P4I),"P4I's goal is to contribute to 'quality infrastructure development that drives inclusive growth in Southeast Asia'. The end-of-investment outcome is 'Improved decision-making towards quality infrastructure underpinned by strong government-to-government partnerships'. P4I has three focus areas: planning and prioritisation of projects, implementation support for public infrastructure procurement, and sector policy and regulation. Climate change, gender equality and social inclusion are integrated throughout. P4I is delivered via four linked approaches: a quick response mechanism with high calibre advisers to provide advice at short notice to Southeast Asian governments and regional institutions, long term engagement through government-to-government partnerships, technical assistance that supplements and supports government to government partnerships, and regional networking and learning to bring together Australian experts with Southeast Asian counterparts.",9.1;7.b;7.a;7.2;7.1;5.1;12.a;11.6;11.5;11.2,1,1,0,0,1,0,0,0,1,1,0,0.000000,0.718400,,8,,
OECD.DCD.FSD:DSD_CRS@DF_CRS(1.6),AUS,VNM,23182,11,90000,C01,D,Q,DD,22933792,USD,2023,0.000264,2024,A,6,6,Australian Government,2023003472,INN903,Far East Asia,LMICs,90000,Other,10,ODA,110,Standard grant,1,MEKONG AUSTRALIA PARTNERSHIP WATER ENERGY AND CLIMATE - PROGRAM SUPPORT AND ADVISORY COSTS,Mekong Australia Partnership Water Energy and Climate - Program Support and Advisory Costs,"Includes all costs associated with Bangkok Post and Canberra staff participation in design, administration, monitoring and evaluation and other ODA eligible matters  of MAP-WEC. This Investment will also cover costs associated with MAP-WEC Advisors including salary, support, administration and all other related costs",7.b;7.a;7.3;7.2;7.1;6.b;6.a;6.5;3.d;3.8,0,1,0,0,0,0,0,1,0,0,0,0.000000,0.000300,,8,,
OECD.DCD.FSD:DSD_CRS@DF_CRS(1.6),AUS,VNM,23182,11,90000,C01,D,Q,DD,22774694,USD,2023,0.007838,2024,A,6,6,Australian Government,2023003473,INN903,Far East Asia,LMICs,90000,Other,10,ODA,110,Standard grant,1,MEKONG AUSTRALIA PARTNERSHIP WATER ENERGY AND CLIMATE - PROGRAM SUPPORT AND ADVISORY COSTS,Mekong Australia Partnership Water Energy and Climate - Program Support and Advisory Costs,"Includes all costs associated with Bangkok Post and Canberra staff participation in design, administration, monitoring and evaluation and other ODA eligible matters  of MAP-WEC. This Investment will also cover costs associated with MAP-WEC Advisors including salary, support, administration and all other related costs",7.b;7.a;7.3;7.2;7.1;6.b;6.a;6.5;3.d;3.8,0,1,0,0,0,0,0,1,0,0,0,0.000000,0.007700,,8,,
OECD.DCD.FSD:DSD_CRS@DF_CRS(1.6),AUS,VNM,23182,11,90000,C01,C,Q,DD,22201647,USD,2023,0.007838,2024,A,6,6,Australian Government,2023003473,INN903,Far East Asia,LMICs,90000,Other,10,ODA,110,Standard grant,1,MEKONG AUSTRALIA PARTNERSHIP WATER ENERGY AND CLIMATE - PROGRAM SUPPORT AND ADVISORY COSTS,Mekong Australia Partnership Water Energy and Climate - Program Support and Advisory Costs,"Includes all costs associated with Bangkok Post and Canberra staff participation in design, administration, monitoring and evaluation and other ODA eligible matters  of MAP-WEC. This Investment will also cover costs associated with MAP-WEC Advisors including salary, support, administration and all other related costs",7.b;7.a;7.3;7.2;7.1;6.b;6.a;6.5;3.d;3.8,0,1,0,0,0,0,0,1,0,0,0,0.000000,0.007700,,8,,
OECD.DCD.FSD:DSD_CRS@DF_CRS(1.6),AUS,VNM,23182,11,90000,C01,C,Q,DD,22315968,USD,2023,0.000264,2024,A,6,6,Australian Government,2023003472,INN903,Far East Asia,LMICs,90000,Other,10,ODA,110,Standard grant,1,MEKONG AUSTRALIA PARTNERSHIP WATER ENERGY AND CLIMATE - PROGRAM SUPPORT AND ADVISORY COSTS,Mekong Australia Partnership Water Energy and Climate - Program Support and Advisory Costs,"Includes all costs associated with Bangkok Post and Canberra staff participation in design, administration, monitoring and evaluation and other ODA eligible matters  of MAP-WEC. This Investment will also cover costs associated with MAP-WEC Advisors including salary, support, administration and all other related costs",7.b;7.a;7.3;7.2;7.1;6.b;6.a;6.5;3.d;3.8,0,1,0,0,0,0,0,1,0,0,0,0.000000,0.000300,,8,,
OECD.DCD.FSD:DSD_CRS@DF_CRS(1.6),AUS,VNM,23110,11,90000,C01,D,Q,DD,22767267,USD,2023,0.065162,2024,A,6,6,Australian Government,2023003907,INO032,Far East Asia,LMICs,90000,Other,10,ODA,110,Standard grant,1,AUS4GROWTH (VIETNAM),Aus4Growth (Vietnam),"The Australia-Vietnam Partnership for Economic Growth will extend Australia's longstanding partnership with Vietnam to support Vietnam 's ambitions of becoming an upper middle-income country by 2030 and a high-income country by 2045. The partnership  will support key reforms in sectors that are fundamental drivers of sustained and inclusive economic growth, including transport infrastructure, energy, and trade, while also strengthening the overall competitiveness of the economy. It will  build Vietnam's capacity to engage in, and support the international rules-based trading system and will contribute to expanding the trade and investment relationship between Australia and Vietnam.The Partnership will help guide and coordinate the activities of other Australian-funded multilateral and regional economic programs to ensure we maximize our combined resources and adopt a joined up a approach to Australia's economic development assistance in Vietnam.",9.1;8.a;7.b;7.a;7.2;7.1;5.1;10.a;10.6;10.2,1,1,0,0,0,0,1,0,1,0,0,0.000000,0.063900,,8,,
OECD.DCD.FSD:DSD_CRS@DF_CRS(1.6),AUS,VNM,23110,11,90000,C01,C,Q,DD,22203670,USD,2023,0.025402,2024,A,6,6,Australian Government,2023001055,INM405,Far East Asia,LMICs,90000,Other,10,ODA,110,Standard grant,1,AUSTRALIA - MEKONG WATER FACILITY,Australia - Mekong Water Facility,"The need for effective and rules-based water governance in the Greater Mekong region has never been so apparent.  Economic growth, future quality of life and regional stability are strongly linked to the choices made by countries on how to share, develop and manage water to produce food and energy, maintain vital ecosystems and sustain livelihoods. Australia provides $14.86 million grant to Australian Water Partnership to manage Australia-Mekong Water Facility (2019-2024). Through this Facility it will provide government to government line of cooperation, it will offer a responsive, nimble and flexible mechanism for Australia to further enhance our existing water-related partnerships with the governments of the region. The overall goal of the Facility is to enhance rules-based governance for water, food and energy security in the Greater Mekong region.",7.b;7.a;7.2;7.1;6.b;6.a;6.5;5.1;12.a;11.6,1,1,1,0,0,0,0,1,1,1,0,0.000000,0.024900,,8,,
OECD.DCD.FSD:DSD_CRS@DF_CRS(1.6),AUS,VNM,23110,11,90000,C01,D,Q,DD,22775251,USD,2023,0.025402,2024,A,6,6,Australian Government,2023001055,INM405,Far East Asia,LMICs,90000,Other,10,ODA,110,Standard grant,1,AUSTRALIA - MEKONG WATER FACILITY,Australia - Mekong Water Facility,"The need for effective and rules-based water governance in the Greater Mekong region has never been so apparent.  Economic growth, future quality of life and regional stability are strongly linked to the choices made by countries on how to share, develop and manage water to produce food and energy, maintain vital ecosystems and sustain livelihoods. Australia provides $14.86 million grant to Australian Water Partnership to manage Australia-Mekong Water Facility (2019-2024). Through this Facility it will provide government to government line of cooperation, it will offer a responsive, nimble and flexible mechanism for Australia to further enhance our existing water-related partnerships with the governments of the region. The overall goal of the Facility is to enhance rules-based governance for water, food and energy security in the Greater Mekong region.",7.b;7.a;7.2;7.1;6.b;6.a;6.5;5.1;12.a;11.6,1,1,1,0,0,0,0,1,1,1,0,0.000000,0.024900,,8,,
OECD.DCD.FSD:DSD_CRS@DF_CRS(1.6),AUS,VNM,23110,11,90000,C01,C,Q,DD,22202386,USD,2023,0.065162,2024,A,6,6,Australian Government,2023003907,INO032,Far East Asia,LMICs,90000,Other,10,ODA,110,Standard grant,1,AUS4GROWTH (VIETNAM),Aus4Growth (Vietnam),"The Australia-Vietnam Partnership for Economic Growth will extend Australia's longstanding partnership with Vietnam to support Vietnam 's ambitions of becoming an upper middle-income country by 2030 and a high-income country by 2045. The partnership  will support key reforms in sectors that are fundamental drivers of sustained and inclusive economic growth, including transport infrastructure, energy, and trade, while also strengthening the overall competitiveness of the economy. It will  build Vietnam's capacity to engage in, and support the international rules-based trading system and will contribute to expanding the trade and investment relationship between Australia and Vietnam.The Partnership will help guide and coordinate the activities of other Australian-funded multilateral and regional economic programs to ensure we maximize our combined resources and adopt a joined up a approach to Australia's economic development assistance in Vietnam.",9.1;8.a;7.b;7.a;7.2;7.1;5.1;10.a;10.6;10.2,1,1,0,0,0,0,1,0,1,0,0,0.000000,0.063900,,8,,
OECD.DCD.FSD:DSD_CRS@DF_CRS(1.6),AUS,VNM,23110,11,20000,C01,C,Q,DD,22191677,USD,2023,0.005675,2024,A,6,6,Australian Government,2023001423,INN037,Far East Asia,LMICs,20000,Donor country-based NGO,10,ODA,110,Standard grant,1,PARTNERSHIPS FOR INFRASTRUCTURE (P4I),Partnerships for Infrastructure (P4I),"P4I's goal is to contribute to 'quality infrastructure development that drives inclusive growth in Southeast Asia'. The end-of-investment outcome is 'Improved decision-making towards quality infrastructure underpinned by strong government-to-government partnerships'. P4I has three focus areas: planning and prioritisation of projects, implementation support for public infrastructure procurement, and sector policy and regulation. Climate change, gender equality and social inclusion are integrated throughout. P4I is delivered via four linked approaches: a quick response mechanism with high calibre advisers to provide advice at short notice to Southeast Asian governments and regional institutions, long term engagement through government-to-government partnerships, technical assistance that supplements and supports government to government partnerships, and regional networking and learning to bring together Australian experts with Southeast Asian counterparts.",9.1;7.b;7.a;7.2;7.1;5.1;12.a;11.6;11.5;11.2,1,1,0,0,1,0,0,0,1,1,0,0.000000,0.005600,,8,,
OECD.DCD.FSD:DSD_CRS@DF_CRS(1.6),AUS,VNM,23110,11,20000,C01,D,Q,DD,22768471,USD,2023,0.005675,2024,A,6,6,Australian Government,2023001423,INN037,Far East Asia,LMICs,20000,Donor country-based NGO,10,ODA,110,Standard grant,1,PARTNERSHIPS FOR INFRASTRUCTURE (P4I),Partnerships for Infrastructure (P4I),"P4I's goal is to contribute to 'quality infrastructure development that drives inclusive growth in Southeast Asia'. The end-of-investment outcome is 'Improved decision-making towards quality infrastructure underpinned by strong government-to-government partnerships'. P4I has three focus areas: planning and prioritisation of projects, implementation support for public infrastructure procurement, and sector policy and regulation. Climate change, gender equality and social inclusion are integrated throughout. P4I is delivered via four linked approaches: a quick response mechanism with high calibre advisers to provide advice at short notice to Southeast Asian governments and regional institutions, long term engagement through government-to-government partnerships, technical assistance that supplements and supports government to government partnerships, and regional networking and learning to bring together Australian experts with Southeast Asian counterparts.",9.1;7.b;7.a;7.2;7.1;5.1;12.a;11.6;11.5;11.2,1,1,0,0,1,0,0,0,1,1,0,0.000000,0.005600,,8,,
OECD.DCD.FSD:DSD_CRS@DF_CRS(1.6),AUS,VNM,23110,11,20000,C01,C,Q,DD,22197692,USD,2023,0.074514,2024,A,6,6,Australian Government,2023002341,INN464,Far East Asia,LMICs,20000,Donor country-based NGO,10,ODA,110,Standard grant,1,INCLUSIVE WATER GOVERNANCE AND STRENGTHENING CLIMATE RESILIENCE IN THE MEKONG REGION,Inclusive Water Governance and Strengthening Climate Resilience in the Mekong Region,"Building on Oxfam's Inclusion Project, this investment has two complementary activities supporting CSOs, community and women leaders to participate in water governance decision-making and strengthen community climate resilience in the Mekong sub-region. It supports CSO partners, women leaders and communities in Cambodia, Laos, Myanmar, Thailand and Vietnam and at the regional level, to engage with and influence governments, inter-governmental bodies and the private sector in water resource governance, planning and development. It also supports targeted community and local authorities in the region to strengthen their disaster risk management and climate change adaptation through better access and use of hydro-meteorological data and awareness raising.IP2's EOPO is water resources governance processes at the national and regional levels in the Greater Mekong Sub-region are more inclusive of civil society, women and marginalised social groups.",7.b;7.a;7.2;7.1;6.b;6.a;6.5;12.a;11.6;10.2,2,1,1,0,0,0,1,1,1,1,0,0.000000,0.073100,,8,,
OECD.DCD.FSD:DSD_CRS@DF_CRS(1.6),AUS,VNM,23110,11,20000,C01,D,Q,DD,22778379,USD,2023,0.074514,2024,A,6,6,Australian Government,2023002341,INN464,Far East Asia,LMICs,20000,Donor country-based NGO,10,ODA,110,Standard grant,1,INCLUSIVE WATER GOVERNANCE AND STRENGTHENING CLIMATE RESILIENCE IN THE MEKONG REGION,Inclusive Water Governance and Strengthening Climate Resilience in the Mekong Region,"Building on Oxfam's Inclusion Project, this investment has two complementary activities supporting CSOs, community and women leaders to participate in water governance decision-making and strengthen community climate resilience in the Mekong sub-region. It supports CSO partners, women leaders and communities in Cambodia, Laos, Myanmar, Thailand and Vietnam and at the regional level, to engage with and influence governments, inter-governmental bodies and the private sector in water resource governance, planning and development. It also supports targeted community and local authorities in the region to strengthen their disaster risk management and climate change adaptation through better access and use of hydro-meteorological data and awareness raising.IP2's EOPO is water resources governance processes at the national and regional levels in the Greater Mekong Sub-region are more inclusive of civil society, women and marginalised social groups.",7.b;7.a;7.2;7.1;6.b;6.a;6.5;12.a;11.6;10.2,2,1,1,0,0,0,1,1,1,1,0,0.000000,0.073100,,8,,
OECD.DCD.FSD:DSD_CRS@DF_CRS(1.6),AUS,VNM,23182,11,20000,C01,C,Q,DD,22198927,USD,2023,0.02618,2024,A,6,6,Australian Government,2023001776,INN222,Far East Asia,LMICs,20000,Donor country-based NGO,10,ODA,110,Standard grant,1,OXFAM AUSTRALIA,Oxfam Australia,"The ANCP is a unique Australian aid program. It is a partnership between the Australian Government and accredited Australian NGOs. For over 40 years, this partnership has contributed to sustainable economic growth and poverty reduction in some of the world's poorest countries. The ANCP is the Australian Government's longest running and largest NGO program. The total value of the ANCP is $132.5 million in the 2019-20 financial year, of which Oxfam Australia will receive $10,125,709.00.",3.8;2.c;2.5;2.4;2.3;2.2;2.1;1.5;1.3;1.1,1,1,1,0,0,0,1,1,1,1,0,0.000000,0.025700,,8,,
OECD.DCD.FSD:DSD_CRS@DF_CRS(1.6),AUS,VNM,23210,11,20000,C01,C,Q,DD,22198928,USD,2023,0.052466,2024,A,6,6,Australian Government,2023001776,INN222,Far East Asia,LMICs,20000,Donor country-based NGO,10,ODA,110,Standard grant,1,OXFAM AUSTRALIA,Oxfam Australia,"The ANCP is a unique Australian aid program. It is a partnership between the Australian Government and accredited Australian NGOs. For over 40 years, this partnership has contributed to sustainable economic growth and poverty reduction in some of the world's poorest countries. The ANCP is the Australian Government's longest running and largest NGO program. The total value of the ANCP is $132.5 million in the 2019-20 financial year, of which Oxfam Australia will receive $10,125,709.00.",3.8;2.c;2.5;2.4;2.3;2.2;2.1;1.5;1.3;1.1,1,1,1,0,0,0,1,1,1,1,0,0.000000,0.051500,,8,,
OECD.DCD.FSD:DSD_CRS@DF_CRS(1.6),AUS,VNM,23110,11,20000,C01,C,Q,DD,22198926,USD,2023,0.02618,2024,A,6,6,Australian Government,2023001776,INN222,Far East Asia,LMICs,20000,Donor country-based NGO,10,ODA,110,Standard grant,1,OXFAM AUSTRALIA,Oxfam Australia,"The ANCP is a unique Australian aid program. It is a partnership between the Australian Government and accredited Australian NGOs. For over 40 years, this partnership has contributed to sustainable economic growth and poverty reduction in some of the world's poorest countries. The ANCP is the Australian Government's longest running and largest NGO program. The total value of the ANCP is $132.5 million in the 2019-20 financial year, of which Oxfam Australia will receive $10,125,709.00.",3.8;2.c;2.5;2.4;2.3;2.2;2.1;1.5;1.3;1.1,1,1,1,0,0,0,1,1,1,1,0,0.000000,0.025700,,8,,
OECD.DCD.FSD:DSD_CRS@DF_CRS(1.6),AUS,VNM,23182,11,20000,C01,D,Q,DD,22763953,USD,2023,0.02618,2024,A,6,6,Australian Government,2023001776,INN222,Far East Asia,LMICs,20000,Donor country-based NGO,10,ODA,110,Standard grant,1,OXFAM AUSTRALIA,Oxfam Australia,"The ANCP is a unique Australian aid program. It is a partnership between the Australian Government and accredited Australian NGOs. For over 40 years, this partnership has contributed to sustainable economic growth and poverty reduction in some of the world's poorest countries. The ANCP is the Australian Government's longest running and largest NGO program. The total value of the ANCP is $132.5 million in the 2019-20 financial year, of which Oxfam Australia will receive $10,125,709.00.",3.8;2.c;2.5;2.4;2.3;2.2;2.1;1.5;1.3;1.1,1,1,1,0,0,0,1,1,1,1,0,0.000000,0.025700,,8,,
OECD.DCD.FSD:DSD_CRS@DF_CRS(1.6),USA,VNM,23110,11,60000,C01,C,Q,DD,22264583,USD,2023,0.512412,2024,A,6,6,Agency for International Development,2023026951B,76_65955,Far East Asia,LMICs,60000,Private sector in recipient country,10,ODA,110,Standard grant,1,V-LEEP II,V-LEEP II,Vietnam Low Emission Energy Program II (V-LEEP II),9;7;15;14;13;12,1,2,0,0,0,0,,0,2,0,,,0.500000,,1,,
OECD.DCD.FSD:DSD_CRS@DF_CRS(1.6),USA,VNM,23210,11,60000,C01,C,Q,DD,22264584,USD,2023,6.445073,2024,A,6,6,Agency for International Development,2023026951C,76_65955,Far East Asia,LMICs,60000,Private sector in recipient country,10,ODA,110,Standard grant,1,V-LEEP II,V-LEEP II,Vietnam Low Emission Energy Program II (V-LEEP II),9;7;15;14;13;12,1,2,0,0,0,0,,0,2,0,,,6.289000,,1,,
OECD.DCD.FSD:DSD_CRS@DF_CRS(1.6),USA,VNM,23210,11,60000,C01,D,Q,DD,22851451,USD,2023,5.317136,2024,A,6,6,Agency for International Development,2023026951C,76_65955,Far East Asia,LMICs,60000,Private sector in recipient country,10,ODA,110,Standard grant,1,V-LEEP II,V-LEEP II,Vietnam Low Emission Energy Program II (V-LEEP II),9;7;15;14;13;12,1,2,0,0,0,0,,0,2,0,,,6.289000,,1,,
OECD.DCD.FSD:DSD_CRS@DF_CRS(1.6),USA,VNM,23110,11,60000,C01,D,Q,DD,22851450,USD,2023,0.512412,2024,A,6,6,Agency for International Development,2023026951B,76_65955,Far East Asia,LMICs,60000,Private sector in recipient country,10,ODA,110,Standard grant,1,V-LEEP II,V-LEEP II,Vietnam Low Emission Energy Program II (V-LEEP II),9;7;15;14;13;12,1,2,0,0,0,0,,0,2,0,,,0.500000,,1,,
OECD.DCD.FSD:DSD_CRS@DF_CRS(1.6),AUS,VNM,23210,11,20000,C01,D,Q,DD,22763954,USD,2023,0.052466,2024,A,6,6,Australian Government,2023001776,INN222,Far East Asia,LMICs,20000,Donor country-based NGO,10,ODA,110,Standard grant,1,OXFAM AUSTRALIA,Oxfam Australia,"The ANCP is a unique Australian aid program. It is a partnership between the Australian Government and accredited Australian NGOs. For over 40 years, this partnership has contributed to sustainable economic growth and poverty reduction in some of the world's poorest countries. The ANCP is the Australian Government's longest running and largest NGO program. The total value of the ANCP is $132.5 million in the 2019-20 financial year, of which Oxfam Australia will receive $10,125,709.00.",3.8;2.c;2.5;2.4;2.3;2.2;2.1;1.5;1.3;1.1,1,1,1,0,0,0,1,1,1,1,0,0.000000,0.051500,,8,,
OECD.DCD.FSD:DSD_CRS@DF_CRS(1.6),AUS,VNM,23110,11,20000,C01,D,Q,DD,22763952,USD,2023,0.02618,2024,A,6,6,Australian Government,2023001776,INN222,Far East Asia,LMICs,20000,Donor country-based NGO,10,ODA,110,Standard grant,1,OXFAM AUSTRALIA,Oxfam Australia,"The ANCP is a unique Australian aid program. It is a partnership between the Australian Government and accredited Australian NGOs. For over 40 years, this partnership has contributed to sustainable economic growth and poverty reduction in some of the world's poorest countries. The ANCP is the Australian Government's longest running and largest NGO program. The total value of the ANCP is $132.5 million in the 2019-20 financial year, of which Oxfam Australia will receive $10,125,709.00.",3.8;2.c;2.5;2.4;2.3;2.2;2.1;1.5;1.3;1.1,1,1,1,0,0,0,1,1,1,1,0,0.000000,0.025700,,8,,
OECD.DCD.FSD:DSD_CRS@DF_CRS(1.6),NZL,VNM,23210,11,40000,B032,C,Q,DD,22151850,USD,2023,8.466769,2024,A,6,6,Ministry of Foreign Affairs and Trade,2022000002v,ACT-0103082,Far East Asia,LMICs,40000,Asian Development Bank,10,ODA,110,Standard grant,1,ENERGY TRANSITION MECHANISM IN VIET NAM,Energy Transition Mechanism in Viet Nam,"The Asian Development Bank (ADB) led Energy Transition Mechanism (ETM) presents a solution to achieve the aspirational targets of South East Asian nations to mitigate climate change. The ETM is a new initiative in which blended finance is used to accelerate the retirement or repurposing of coal-fired power plants (CFPPs) to replace them with cleaner, more renewable sources of energy. ADB believes the ETM has the potential to be one of the biggest carbon reduction programmes in the world.",,1,2,1,0,0,0,0,0,2,1,0,,8.262100,,3,,
OECD.DCD.FSD:DSD_CRS@DF_CRS(1.6),JPN,VNM,23210,11,40000,B03,C,Q,DD,22149136,USD,2023,0.323914,2024,A,6,6,Ministry of Foreign Affairs,2023050138,,Far East Asia,LMICs,40000,United Nations Development Programme ,10,ODA,110,Standard grant,1,JAPAN-UNDP SUPPORT FOR TRANSITION EFFORT TO DECARBONISATION/JUSTED)(VIET NAM),Japan-UNDP Support for Transition Effort to Decarbonisation/JUSTED)(Viet Nam),Support for Transition Effort to Decarbonisation in Viet Nam,13,0,1,,0,1,0,0,0,2,0,0,,0.338700,,8,,
OECD.DCD.FSD:DSD_CRS@DF_CRS(1.6),JPN,VNM,23210,11,40000,B03,D,Q,DD,22693091,USD,2023,0.323914,2024,A,6,6,Ministry of Foreign Affairs,2023050138,,Far East Asia,LMICs,40000,United Nations Development Programme ,10,ODA,110,Standard grant,1,JAPAN-UNDP SUPPORT FOR TRANSITION EFFORT TO DECARBONISATION/JUSTED)(VIET NAM),Japan-UNDP Support for Transition Effort to Decarbonisation/JUSTED)(Viet Nam),Support for Transition Effort to Decarbonisation in Viet Nam,13,0,1,,0,1,0,0,0,2,0,0,,0.338700,,8,,
