DATAFLOW,DONOR,RECIPIENT,SECTOR,MEASURE,CHANNEL,MODALITY,FLOW_TYPE,PRICE_BASE,MD_DIM,MD_ID,UNIT_MEASURE,TIME_PERIOD,OBS_VALUE,BASE_PER,OBS_STATUS,UNIT_MULT,DECIMALS,DONOR_AGENCY,OECD_ID,DONOR_PROJECT_ID,REGION,INCOME_GROUP,CHANNELDELIVERY_CODE,CHANNELDELIVERY_NAME,CATEGORY_CODE,CATEGORY_NAME,FINANCETYPE_CODE,FINANCETYPE_NAME,BIMULTI_CODE,SHORT_DESCRIPTION,PROJECT_TITLE,LONG_DESCRIPTION,SDG_FOCUS,GENDER_EQUALITY,ENVIRONMENT,GOVERNANCE,RMNCH,DRR,NUTRITION,DISABILITY,BIODIVERSITY,CLIMATE_MITIGATION,CLIMATE_ADAPTATION,DESERTIFICATION,AMOUNT_TIED,AMOUNT_UNTIED,AMOUNT_PARTIALLY_UNTIED,NATURE_OF_SUBMISSION,PSIFLAG_CODE,PSIFLAG_NAME
OECD.DCD.FSD:DSD_CRS@DF_CRS(1.6),5WB002,SEN,23110,13,10000,C01,D,Q,DD,21011244,USD,2022,0.657388,2024,A,6,6,IDA,2012013829,P125565.IDA58920.crs2,South of Sahara,LDCs,10000,Recipient Government,10,ODA,421,Standard loan,4,ELECTRICITY SECTOR SUPPORT PROJECT,Electricity Sector Support Project,,,,,,,,,,,,,,,,,3,,
OECD.DCD.FSD:DSD_CRS@DF_CRS(1.6),5WB002,SEN,23630,13,10000,C01,D,Q,DD,21768783,USD,2022,17.594834,2024,A,6,6,IDA,2017015981,P147921.IDA60330.crs1,South of Sahara,LDCs,10000,Recipient Government,10,ODA,421,Standard loan,4,OMVS - TRANSMISSION EXPANSION  PROJECT,OMVS - TRANSMISSION EXPANSION  PROJECT,,,,,,,,,,,,,,,,,3,,
OECD.DCD.FSD:DSD_CRS@DF_CRS(1.6),5WB002,SEN,23630,13,10000,C01,D,Q,DD,21768146,USD,2022,3.801273,2024,A,6,6,IDA,2015015730,P146830.IDA56620.crs1,South of Sahara,LDCs,10000,Recipient Government,10,ODA,421,Standard loan,4,OMVG INTERCONNECTION PROJECT,OMVG Interconnection Project,,,,,,,,,,,,,,,,,3,,
OECD.DCD.FSD:DSD_CRS@DF_CRS(1.6),5WB002,SEN,23110,13,10000,C01,D,Q,DD,21768784,USD,2022,2.864279,2024,A,6,6,IDA,2017015982,P147921.IDA60330.crs2,South of Sahara,LDCs,10000,Recipient Government,10,ODA,421,Standard loan,4,OMVS - TRANSMISSION EXPANSION  PROJECT,OMVS - TRANSMISSION EXPANSION  PROJECT,,,,,,,,,,,,,,,,,3,,
OECD.DCD.FSD:DSD_CRS@DF_CRS(1.6),5WB002,SEN,23630,13,10000,C01,D,Q,DD,21011243,USD,2022,12.490469,2024,A,6,6,IDA,2012013828,P125565.IDA58920.crs1,South of Sahara,LDCs,10000,Recipient Government,10,ODA,421,Standard loan,4,ELECTRICITY SECTOR SUPPORT PROJECT,Electricity Sector Support Project,,,,,,,,,,,,,,,,,3,,
OECD.DCD.FSD:DSD_CRS@DF_CRS(1.6),5WB002,SEN,23631,14,10000,C01,C,Q,DD,21416596,USD,2022,88.683691,2024,A,6,6,IDA,2022024937,P176620.IDA70470.crs1,South of Sahara,LDCs,10000,Recipient Government,21,Non-export credit OOF,421,Standard loan,4,SENEGAL ENERGY ACCESS SCALE UP PROJECT,Senegal Energy Access Scale Up Project,,,,,,,,,,,,,,,,,1,,
OECD.DCD.FSD:DSD_CRS@DF_CRS(1.6),5RDB009,SEN,23630,14,10000,C01,D,Q,DD,21774374,USD,2022,3.86866,2024,A,6,6,Ordinary Capital Resources,2022001257,2SE 0138,South of Sahara,LDCs,10000,Recipient Government,21,Non-export credit OOF,421,Standard loan,4,REGIONAL ELECTRICITY INTERCONNECTION PROJECT,Regional Electricity Interconnection Project,"The project aims at enhancing regional economic integration and accelerating the efforts towards alleviation of poverty and socio_economic development through further expansion of cross_border energy exchange between Mauritania and Senegal. The project will provide more sustainable, reliable and affordable supply of electricity and boost foreign currency earnings for Mauritania through monetization of gas resources of Mauritania through power exports to Senegal.  The project will include construction of 219 km double tern HV transmission line, expansion of Tobene substation and construction of Saint Louis power substation.",9.1;7.b,,,,,,,,,,,,,,,3,,
OECD.DCD.FSD:DSD_CRS@DF_CRS(1.6),5RDB009,SEN,23630,14,10000,C01,D,Q,DD,21774533,USD,2022,3.872549,2024,A,6,6,Ordinary Capital Resources,2022001434,SEN0157,South of Sahara,LDCs,10000,Recipient Government,21,Non-export credit OOF,421,Standard loan,4,RURAL ELECTRIFICATION PROJECT,Rural Electrification Project,"The project aims at supporting the Government's efforts towards the eradication of extreme poverty, particularly in rural areas, through supplying electricity.  The project includes construction of hybrid solar/diesel power stations, hybridization of the existing power plants, construction of local grid with medium and low voltage networks and aerial transformers, supplying and installing autonomous solar street lamps.  The project will benefit 188 villages, 45,000 people, connect 200 schools, 156 health centers, 180 community centers by 2022.",7.1,,,,,,,,,,,,,,,3,,
OECD.DCD.FSD:DSD_CRS@DF_CRS(1.6),5RDB009,SEN,23630,14,10000,C01,D,Q,DD,21774377,USD,2022,10.661039,2024,A,6,6,Ordinary Capital Resources,2022001260,2SE 0151,South of Sahara,LDCs,10000,Recipient Government,21,Non-export credit OOF,421,Standard loan,4,OMVG HIGH VOLTAGE ELECTRICITY INTERCONNECTION PROJECT,OMVG High Voltage Electricity Interconnection Project,"The project aims at contributing to meet the increased demand for electricity by supplying an additional 1,348 GWh per annum (946 GWh from Kaleta HEPP (in Guinea) and 402 GWh from Sambangalou HEPP (in Senegal)) or about 12% of their electrical energy needs in 2020. The project will also contribute to increase access by providing grid electricity supply to 338,736 inhabitants in 15 locations in the project area by 2020. The project comprises electricity interconnection network and electrification of localities. Refer also to (GIN0124)",7.1,,,,,,,,,,,,,,,3,,
OECD.DCD.FSD:DSD_CRS@DF_CRS(1.6),5RDB009,SEN,23630,14,10000,C01,D,Q,DD,21774376,USD,2022,11.37007,2024,A,6,6,Ordinary Capital Resources,2022001259,2SE 0141,South of Sahara,LDCs,10000,Recipient Government,21,Non-export credit OOF,421,Standard loan,4,DAKAR ELECTRICITY TRANSMISSION PROJECT,Dakar Electricity Transmission Project,"The project aims at providing sustainable, reliable and environment friendly electricity supply to Dakar region by installing  a 22_km long 225 kV underground transmission line between Kounoune and Patte d'Oie substations and installation of a 110_km long 225 kV overhead transmission line between Kaolack and Mbour substations. On completion, electricity transmission capacity will increase from 370 MW in 2014 to 690 MW in 2018.",9.b;9.1;7.1,,,,,,,,,,,,,,,3,,
OECD.DCD.FSD:DSD_CRS@DF_CRS(1.6),5WB002,SEN,23631,14,10000,C01,D,Q,DD,21011001,USD,2022,1.836698,2024,A,6,6,IDA,2022024937,P176620.IDA70470.crs1,South of Sahara,LDCs,10000,Recipient Government,21,Non-export credit OOF,421,Standard loan,4,SENEGAL ENERGY ACCESS SCALE UP PROJECT,Senegal Energy Access Scale Up Project,,,,,,,,,,,,,,,,,1,,
OECD.DCD.FSD:DSD_CRS@DF_CRS(1.6),5WB002,SEN,23630,11,10000,C01,D,Q,DD,21770696,USD,2022,5.10143,2024,A,6,6,IDA,2021020956,P167569.IDAD8280.crs1,South of Sahara,LDCs,10000,Recipient Government,10,ODA,110,Standard grant,4,REGIONAL ELECTRICITY ACCESS AND BEST PROJECT,Regional Electricity Access and BEST Project,,,,,,,,,,,,,,,,,3,,
OECD.DCD.FSD:DSD_CRS@DF_CRS(1.6),5WB002,SEN,23110,11,10000,C01,D,Q,DD,21770697,USD,2022,0.325625,2024,A,6,6,IDA,2021020957,P167569.IDAD8280.crs2,South of Sahara,LDCs,10000,Recipient Government,10,ODA,110,Standard grant,4,REGIONAL ELECTRICITY ACCESS AND BEST PROJECT,Regional Electricity Access and BEST Project,,,,,,,,,,,,,,,,,3,,
OECD.DCD.FSD:DSD_CRS@DF_CRS(1.6),5AFDB001,SEN,23110,14,10000,C01,D,Q,DD,21763844,USD,2022,0.324916,2024,A,6,6,AfDB Ordinary Capital,2022000730,2000200003103,South of Sahara,LDCs,10000,Recipient Government,21,Non-export credit OOF,421,Standard loan,4,AMELIORATION ACCES A ELECTRICITE,AMELIORATION ACCES A ELECTRICITE,AfDB Sector: Power. AfDB Sub-sector: Electricity.,7.1,,,,,,,,,,,,,,,3,,
OECD.DCD.FSD:DSD_CRS@DF_CRS(1.6),5AFDB001,SEN,23110,14,60000,C01,C,Q,DD,21263552,USD,2022,58.859287,2024,A,6,6,AfDB Ordinary Capital,2022001109,2000130019980,South of Sahara,LDCs,60000,Private sector in recipient country,21,Non-export credit OOF,421,Standard loan,4,MALICOUNDA 120 MW HFO IPP,MALICOUNDA 120 MW HFO IPP,AfDB Sector: Power. AfDB Sub-sector: Power.,7.1,,,,,,,,,,,,,,,1,,
OECD.DCD.FSD:DSD_CRS@DF_CRS(1.6),5RDB009,SEN,23630,14,10000,C01,D,Q,DD,21774532,USD,2022,5.762424,2024,A,6,6,Ordinary Capital Resources,2022001433,SEN0138,South of Sahara,LDCs,10000,Recipient Government,21,Non-export credit OOF,421,Standard loan,4,REGIONAL ELECTRICITY INTERCONNECTION PROJECT,Regional Electricity Interconnection Project,"The project aims at enhancing regional economic integration and accelerating the efforts towards alleviation of poverty and socio_economic development through further expansion of cross_border energy exchange between Mauritania and Senegal. The project will provide more sustainable, reliable and affordable supply of electricity and boost foreign currency earnings for Mauritania through monetization of gas resources of Mauritania through power exports to Senegal.  The project will include construction of 219 km double tern HV transmission line, expansion of Tobene substation and construction of Saint Louis power substation.",9.1;7.b,,,,,,,,,,,,,,,3,,
OECD.DCD.FSD:DSD_CRS@DF_CRS(1.6),4EU001,SEN,23230,11,20000,C01,D,Q,DD,21855064,USD,2022,0.615258,2024,A,6,6,European Commission,2013000590003,SCR.CTR.351553,South of Sahara,LDCs,20000,Donor country-based NGO,10,ODA,110,Standard grant,1,PROGRES-LAIT : PROGRAMME RÉGIONAL D'EXTENSION DE L'HORIZON DES OPPORTUNITÉS DE VALORISATION DE LA CHAÎNE DE VALEUR LAIT PAR L'ACCÈS AUX SERVICES ENERG,PROGRES-Lait : Programme Régional d'Extension de l'Horizon des Opportunités de Valorisation de la Chaîne de valeur Lait par l'Accès aux Services Energétiques durables,"Le PROGRES-Lait, est un programme régional de développement de la chaine de valeur lait, qui met au cœur de sa démarche l'entreprenariat rural, en mettant à la disposition des acteurs notamment les femmes à la base, d'abord des plateformes énergétiques pour la conservation du lait et, ensuite une approche de Partenariat Public Privé à vocation Communautaire (PPPC) comme instrument de développement du marché dans sept bassins de production au Sénégal et en Mauritanie.  L'objectif global du programme est le développement de l'économie rurale à travers l'extension de l'horizon des opportunités de valorisation de la chaine de valeur lait par l'amélioration de l'accès aux services énergétiques durables <Objectif(s) spécifique(s)> 1) Renforcer l'accès à l'énergie durable et stable, 2) Promotion de l'entreprenariat, notamment féminin, pour le renforcement du pouvoir économique des femmes par l'accès aux plateformes solaires de conservation du lait , 3) Mise en place de modèles d'organisation efficaces des petits producteurs et de partenariat innovant susceptible d'impulser le développement d'un marché autonome de collecte et de commercialisation du lait à travers la professionnalisation de la chaine de valeur",7;5,2,1,1,1,0,0,0,0,1,0,1,0.000000,0.000000,0.000000,3,,
OECD.DCD.FSD:DSD_CRS@DF_CRS(1.6),4EU001,SEN,23110,11,10000,C01,D,Q,DD,21855943,USD,2022,0.008621,2024,A,6,6,European Commission,2016000509002,SCR.CTR.384810,South of Sahara,LDCs,10000,Other public entities in donor country,10,ODA,110,Standard grant,1,UNE PLANIFICATION INTERCOMMUNALE SENSIBLE AU CHANGEMENT CLIMATIQUE ET À L'ÉNERGIE - VILLE DE PIKINE,Une planification intercommunale sensible au changement climatique et à l'énergie - VILLE DE PIKINE,Une planification intercommunale sensible au changement climatique et à l'énergie - VILLE DE PIKINE,7,0,2,0,0,0,0,0,0,1,2,0,0.000000,0.000000,0.000000,3,,
OECD.DCD.FSD:DSD_CRS@DF_CRS(1.6),4EU001,SEN,23110,11,10000,C01,D,Q,DD,21853385,USD,2022,0.029525,2024,A,6,6,European Commission,2019000411902,JAD.801168,South of Sahara,LDCs,10000,Public corporations (recipient govt.),10,ODA,110,Standard grant,1,VÉRIFICATION DES DÉPENSES DES CONTRATS DE SUBVENTIONS N°379399 (MAIRIE DE DAKAR) ET N°384810 (MAIRIE DE PIKINE) - SENEGAL,Vérification des dépenses des contrats de subventions n°379399 (Mairie de Dakar) et n°384810 (Mairie de Pikine) - SENEGAL,Vérification des dépenses des contrats de subventions n°379399 (Ville de Dakar) et 384810 (Ville de Pikine),7;11,0,1,0,0,0,0,0,0,1,1,0,0.000000,0.000000,0.000000,3,,
OECD.DCD.FSD:DSD_CRS@DF_CRS(1.6),4EU001,SEN,23232,11,10000,C01,D,Q,DD,21864441,USD,2022,1.779592,2024,A,6,6,European Development Fund,2019000311001,AID.CTR.432488,South of Sahara,LDCs,10000,Central Government (recipient govt.),10,ODA,110,Standard grant,1,PROMOTION DE L'ACCÈS À L'ÉLECTRICITÉ POUR LES PERSONNES VIVANT DANS DES VILLAGES ISOLÉS HORS RÉSEAU AU SÉNÉGAL (PRO-ACCÈS),Promotion de l'accès à l'électricité pour les personnes vivant dans des villages isolés hors réseau au Sénégal (Pro-Accès),Objectif global : Promotion de la création d'emplois dans les régions les plus défavorisées du Sénégal.Objectif(s) spécifique(s) : Accroître l'accès à l'électricité pour les ménages ruraux et les petites entreprises principalement dans les zones hors réseau des zones d'intervention sélectionnées du PADERAU.,7;5;1,1,1,1,0,0,0,0,0,1,1,1,0.000000,0.000000,0.000000,3,,
OECD.DCD.FSD:DSD_CRS@DF_CRS(1.6),4EU001,SEN,23231,11,10000,C01,D,Q,DD,21851301,USD,2022,0.002952,2024,A,6,6,European Development Fund,2018000543025,AID.CTR.426541,South of Sahara,LDCs,10000,Local Government (recipient govt.),10,ODA,110,Standard grant,1,PRESTATIONS D'AUDIT COMPLÉMENTAIRE,Prestations d'Audit complémentaire,Audit complémentaire des activités du projet ECREEE de janvier à Mars 2020,8;2,0,1,0,0,0,1,0,0,0,1,0,0.000000,0.000000,0.000000,3,,
OECD.DCD.FSD:DSD_CRS@DF_CRS(1.6),4EU001,SEN,23110,11,10000,C01,D,Q,DD,21851307,USD,2022,0.016132,2024,A,6,6,European Development Fund,2018000543904,JAF.845413,South of Sahara,LDCs,10000,Public corporations (recipient govt.),10,ODA,110,Standard grant,1,AUDIT VERIFICATION DES DÉPENSES SUBVENTION BIOGAZ,Audit verification des dépenses subvention biogaz,Audit verification des dépenses de la subvention biogaz,7,0,1,0,0,0,0,0,0,1,0,0,0.000000,0.000000,0.000000,3,,
OECD.DCD.FSD:DSD_CRS@DF_CRS(1.6),4EU001,SEN,23182,11,10000,C01,D,Q,DD,21864446,USD,2022,0.472394,2024,A,6,6,European Development Fund,2019000311905,AID.CTR.433022,South of Sahara,LDCs,10000,Third Country Government (Delegated co-operation),10,ODA,110,Standard grant,1,APPUI À L'ACCÈS UNIVERSEL À L'ÉLECTRICITÉ PAR EXCTENSIONS DE RÉSEAUX,Appui à l'accès universel à l'électricité par exctensions de réseaux,Objectif général : contribuer à promouvoir le développement humain et la prospérité dans les régions sénégalaises de Matam et Ziguinchor.    Objectif spécifique :   1. Contribuer à une amélioration qualitative et quantitative de l'accès universel à l'énergie des populations rurales et frontalières    2.Contribuer à la création d'emplois pour les jeunes et l'autonomisation des femmes par l'accès à l'électricité    3. Contribuer au développement d'un système électrique  à faibles émissions de GES,9;8;7;5;13;10;1,1,1,1,0,0,0,0,0,1,0,0,0.000000,0.000000,0.000000,3,,
OECD.DCD.FSD:DSD_CRS@DF_CRS(1.6),4EU001,SEN,23210,11,10000,C01,D,Q,DD,21864443,USD,2022,0.114508,2024,A,6,6,European Development Fund,2019000311901,JAF.1071924,South of Sahara,LDCs,10000,Third Country Government (Delegated co-operation),10,ODA,110,Standard grant,1,ASSISTANCE TECHNIQUE POUR L¿APPUI À LA DUE AU SÉNÉGAL ET À SES PARTENAIRES POUR L¿INTÉGRATION DU GENRE DANS LE PROGRAMME PADERAU,Assistance technique pour l¿appui à la DUE au Sénégal et à ses partenaires pour l¿intégration du genre dans le programme PADERAU,"Renforcer la prise en compte du genre dans le PADERAU, afin de contribuer à l¿accès équitable des populations rurales, en particulier les des femmes et des filles, aux bénéfices liés à l¿électrification.Fournir une assistance technique à la DUE et à ses partenaires pour développer et renforcer de manière transversale et ciblée la prise en compte du genre dans le PADERAU, évaluer ses actions à travers un Spectrum genre et développer des actions de communication et visibilité.",8;7;5;13;10,1,1,1,0,0,0,0,0,1,0,0,0.000000,0.000000,0.000000,3,,
OECD.DCD.FSD:DSD_CRS@DF_CRS(1.6),4EU001,SEN,23630,11,10000,C01,D,Q,DD,21864445,USD,2022,0.177148,2024,A,6,6,European Development Fund,2019000311904,AID.CTR.437365,South of Sahara,LDCs,10000,Central Government (donor govt.),10,ODA,110,Standard grant,1,RENFORCEMENT DE CAPACITÉS POUR LES INSTITUTIONS DU SECTEUR DE L'ÉLECTRICITÉ DANS LE PILOTAGE DU PROGRAMME D'ACCÈS UNIVERSEL AU SÉNÉGAL,Renforcement de capacités pour les institutions du secteur de l'électricité dans le pilotage du Programme d'Accès Universel au Sénégal,,8;7;5;13;10,1,1,1,0,0,0,0,0,1,0,0,0.000000,0.000000,0.000000,3,,
OECD.DCD.FSD:DSD_CRS@DF_CRS(1.6),4EU001,SEN,23210,11,10000,C01,D,Q,DD,21864447,USD,2022,2.834366,2024,A,6,6,European Development Fund,2019000311905,AID.CTR.433022,South of Sahara,LDCs,10000,Third Country Government (Delegated co-operation),10,ODA,110,Standard grant,1,APPUI À L'ACCÈS UNIVERSEL À L'ÉLECTRICITÉ PAR EXCTENSIONS DE RÉSEAUX,Appui à l'accès universel à l'électricité par exctensions de réseaux,Objectif général : contribuer à promouvoir le développement humain et la prospérité dans les régions sénégalaises de Matam et Ziguinchor.    Objectif spécifique :   1. Contribuer à une amélioration qualitative et quantitative de l'accès universel à l'énergie des populations rurales et frontalières    2.Contribuer à la création d'emplois pour les jeunes et l'autonomisation des femmes par l'accès à l'électricité    3. Contribuer au développement d'un système électrique  à faibles émissions de GES,9;8;7;5;13;10;1,1,1,1,0,0,0,0,0,1,0,0,0.000000,0.000000,0.000000,3,,
OECD.DCD.FSD:DSD_CRS@DF_CRS(1.6),4EU001,SEN,23630,11,10000,C01,D,Q,DD,21864448,USD,2022,1.417183,2024,A,6,6,European Development Fund,2019000311905,AID.CTR.433022,South of Sahara,LDCs,10000,Third Country Government (Delegated co-operation),10,ODA,110,Standard grant,1,APPUI À L'ACCÈS UNIVERSEL À L'ÉLECTRICITÉ PAR EXCTENSIONS DE RÉSEAUX,Appui à l'accès universel à l'électricité par exctensions de réseaux,Objectif général : contribuer à promouvoir le développement humain et la prospérité dans les régions sénégalaises de Matam et Ziguinchor.    Objectif spécifique :   1. Contribuer à une amélioration qualitative et quantitative de l'accès universel à l'énergie des populations rurales et frontalières    2.Contribuer à la création d'emplois pour les jeunes et l'autonomisation des femmes par l'accès à l'électricité    3. Contribuer au développement d'un système électrique  à faibles émissions de GES,9;8;7;5;13;10;1,1,1,1,0,0,0,0,0,1,0,0,0.000000,0.000000,0.000000,3,,
OECD.DCD.FSD:DSD_CRS@DF_CRS(1.6),4EU001,SEN,23210,11,10000,C01,D,Q,DD,21864444,USD,2022,0.177148,2024,A,6,6,European Development Fund,2019000311904,AID.CTR.437365,South of Sahara,LDCs,10000,Central Government (donor govt.),10,ODA,110,Standard grant,1,RENFORCEMENT DE CAPACITÉS POUR LES INSTITUTIONS DU SECTEUR DE L'ÉLECTRICITÉ DANS LE PILOTAGE DU PROGRAMME D'ACCÈS UNIVERSEL AU SÉNÉGAL,Renforcement de capacités pour les institutions du secteur de l'électricité dans le pilotage du Programme d'Accès Universel au Sénégal,,8;7;5;13;10,1,1,1,0,0,0,0,0,1,0,0,0.000000,0.000000,0.000000,3,,
OECD.DCD.FSD:DSD_CRS@DF_CRS(1.6),4EU001,SEN,23210,11,10000,C01,D,Q,DD,21864442,USD,2022,0.070469,2024,A,6,6,European Development Fund,2019000311002,AID.CTR.437043,South of Sahara,LDCs,10000,Central Government (recipient govt.),10,ODA,110,Standard grant,1,ASSISTANCE TECHNIQUE POUR L'APPUI À L'UNITÉ DE COORDINATION ET DE SUPERVISION DU PROGRAMME D'ACCÈS UNIVERSEL À L'ÉLECTRICITÉ PADERAU (UCS-PAU),Assistance Technique pour l'appui à l'Unité de Coordination et de supervision du programme d'Accès universel à l'électricité PADERAU (UCS-PAU),Developpement des Energies renouvelable pour l'Accès universel à l'électricité,8;7;13,0,1,0,0,0,0,0,0,1,0,0,0.000000,0.000000,0.000000,3,,
OECD.DCD.FSD:DSD_CRS@DF_CRS(1.6),USA,SEN,23231,11,60000,C01,D,Q,DD,20928595,USD,2022,0.024668,2024,A,6,6,African Development Foundation,2022000733,29_5242,South of Sahara,LDCs,60000,Private sector in recipient country,10,ODA,110,Standard grant,1,LA DELEGATION GENERALE A L'ENTREPRENARIAT RAPIDE DES FEMMES ET DES JEUNES (DER) - SOLAR,La Delegation generale a l'Entreprenariat Rapide des Femmes et des Jeunes (DER) - Solar,"This grant provides technical assistance to the group that is receiving a loan through the La Delegation generale a l'Entreprenariat Rapide des Femmes et des Jeunes (DER) program. Thru this loan, this",,0,1,0,0,0,0,,0,1,0,,,,,3,,
OECD.DCD.FSD:DSD_CRS@DF_CRS(1.6),USA,SEN,23181,11,10000,C01,D,Q,DD,20922776,USD,2022,0.167382,2024,A,6,6,Millennium Challenge Corporation,2022005074,40_75,South of Sahara,LDCs,10000,Public corporations (donor govt.),10,ODA,110,Standard grant,1,MCC ACCESS TO ELECTRICITY PROJECT,MCC Access to Electricity Project,Demand Side Management Infrastructure Activity,,0,0,0,0,0,0,,0,0,0,,,,,3,,
OECD.DCD.FSD:DSD_CRS@DF_CRS(1.6),USA,SEN,23630,11,10000,C01,D,Q,DD,20922779,USD,2022,0.363151,2024,A,6,6,Millennium Challenge Corporation,2022005080,40_82,South of Sahara,LDCs,10000,Public corporations (donor govt.),10,ODA,110,Standard grant,1,MCC ACCESS TO ELECTRICITY PROJECT,MCC Access to Electricity Project,Supply-Side Intervention Activity,,0,0,0,0,0,0,,0,0,0,,,,,3,,
OECD.DCD.FSD:DSD_CRS@DF_CRS(1.6),USA,SEN,23210,11,60000,C01,D,Q,DD,20928532,USD,2022,0.05183,2024,A,6,6,African Development Foundation,2022000670,29_5127,South of Sahara,LDCs,60000,Private sector in recipient country,10,ODA,110,Standard grant,1,LA DELEGATION GENERALE A L'ENTREPRENARIAT RAPIDE DES FEMMES ET DES JEUNES (DER) - CMS ENERGY FINANCE PROJECT,La Delegation generale a l'Entreprenariat Rapide des Femmes et des Jeunes (DER) - CMS Energy Finance Project,Participate in improving the standard of living and in promoting the well-being of the population all social professional categories by offering a wide range of local financial services.,,0,0,0,0,0,0,,0,0,0,,,,,3,,
OECD.DCD.FSD:DSD_CRS@DF_CRS(1.6),USA,SEN,23630,11,10000,C01,D,Q,DD,20923237,USD,2022,5.007678,2024,A,6,6,Millennium Challenge Corporation,2022005543,40_2221,South of Sahara,LDCs,10000,Public corporations (donor govt.),10,ODA,110,Standard grant,1,MCC TRANSMISSION NETWORK PROJECT,MCC Transmission Network Project,Transmission Network Upgrade Activity,,0,0,0,0,0,0,,0,0,0,,,,,3,,
OECD.DCD.FSD:DSD_CRS@DF_CRS(1.6),USA,SEN,23231,11,50000,D02,D,Q,DD,20928099,USD,2022,0.15303,2024,A,6,6,Trade and Development Agency,2022021055,70_9281,South of Sahara,LDCs,50000,"University, college or other teaching institution, research institute or think-tank",10,ODA,110,Standard grant,1,"SOLAR MINIGRID ADVANCED METERING AND MONITORING, THROUGH MRIGLOBAL","Solar Minigrid Advanced Metering and Monitoring, through MRIGlobal","This grant to Energie Rurale Africaine S.A. funds technical assistance for the implementation and operation of solar minigrids in 31 villages in the regions of Kaffrine-Tamabacouda-Kedougou, Senegal. This will help increase energy access in Senegal and create economic growth opportunities for over 3,500 households. The technical assistance also includes piloting and field-testing U.S. advanced metering, payment collection, and remote monitoring technology.",,0,2,0,0,0,0,,0,2,0,,,,,3,,
OECD.DCD.FSD:DSD_CRS@DF_CRS(1.6),USA,SEN,23630,11,60000,D02,D,Q,DD,20927490,USD,2022,0.077777,2024,A,6,6,Trade and Development Agency,2022020878,70_8506,South of Sahara,LDCs,60000,Private sector in provider country,10,ODA,110,Standard grant,1,"BATTERY STORAGE FOR GRID-RESILIENCY, THROUGH DET NORSKE VERITAS GROUP","Battery Storage for Grid-Resiliency, through Det Norske Veritas Group","This grant funds a feasibility study for Lekela Energie Stockage S.A.U., a privatelyowned company in Senegal, to fund a feasibility study (Study) to provide the technical, economic, and environmental analysis necessary to implement and operate a grid-scale battery electric storage system to manage variable renewable energy generation in Senegal (Project). The Project is anticipated to deploy at least 60 megawatt hours of grid-tied battery storage capacity.",,0,2,0,0,0,0,,0,2,0,,,,,3,,
OECD.DCD.FSD:DSD_CRS@DF_CRS(1.6),USA,SEN,23630,11,60000,D02,D,Q,DD,20927484,USD,2022,0.204602,2024,A,6,6,Trade and Development Agency,2022020876,70_8504,South of Sahara,LDCs,60000,Private sector in provider country,10,ODA,110,Standard grant,1,"BATTERY STORAGE FOR GRID-RESILIENCY, THROUGH DET NORSKE VERITAS GROUP","Battery Storage for Grid-Resiliency, through Det Norske Veritas Group","This grant funds a feasibility study (FS) for Lekela Energie Stockage, a privatelyowned company in Senegal, to fund a feasibility study to provide the technical, economic, and environmental analysis necessary to implement and operate a grid-scale battery electric storage system to manage variable renewable energy generation in Senegal. The Project is anticipated to deploy at least 60 Megawatt (MW) hours of grid-tied battery storage capacity. The Study would be competed among U.S. firms on the USTDA website and publicized via Sam.gov as well as highlighted through USTDA and Power Africa social media and marketing platforms",,0,2,0,0,0,0,,0,2,0,,,,,3,,
OECD.DCD.FSD:DSD_CRS@DF_CRS(1.6),USA,SEN,23210,11,60000,D02,D,Q,DD,20928262,USD,2022,0.334764,2024,A,6,6,Trade and Development Agency,2022021166,70_9782,South of Sahara,LDCs,60000,Private sector in provider country,10,ODA,110,Standard grant,1,"WELDY LAMONT RURAL ELECTRIFICATION PROJECT, THROUGH WELDY LAMONT ASSOCIATES, INC.","Weldy Lamont Rural Electrification Project, through Weldy Lamont Associates, Inc.","A proposed USTDA de minimis training grant would support a bid by the U.S. company Weldy Lamont Associates, Inc. to provide equipment and services to expand energy access in Senegal through grid extension and off-grid renewable solutions. The proposed grant would be provided to the Senegalese Ministry of Energy. The training supported by this grant would help increase Senegal's capacity to implement, operate and maintain the technology and systems required to expand energy access to rural communities in Senegal.",,0,0,0,0,0,0,,0,0,0,,,,,3,,
OECD.DCD.FSD:DSD_CRS@DF_CRS(1.6),USA,SEN,23630,11,60000,D02,D,Q,DD,20927487,USD,2022,0.00876,2024,A,6,6,Trade and Development Agency,2022020877,70_8505,South of Sahara,LDCs,60000,Private sector in provider country,10,ODA,110,Standard grant,1,"BATTERY STORAGE FOR GRID-RESILIENCY, THROUGH DET NORSKE VERITAS GROUP","Battery Storage for Grid-Resiliency, through Det Norske Veritas Group","This grant funds a feasibility study for Lekela Energie Stockage S.A.U., a privately owned company in Senegal, to fund a feasibility study to provide the technical, economic, and environmental analysis necessary to implement and operate a grid-scale battery electric storage system to manage variable renewable energy generation in Senegal (Project). The Project is anticipated to deploy at least 60 megawatt hours of grid-tied battery storage capacity. The Study would be competed among U.S. firms on the USTDA website and publicized via Sam.gov as well as highlighted through USTDA and Power Africa social media and marketing platforms",,0,2,0,0,0,0,,0,2,0,,,,,3,,
OECD.DCD.FSD:DSD_CRS@DF_CRS(1.6),USA,SEN,23210,11,60000,D02,D,Q,DD,20927543,USD,2022,0.111592,2024,A,6,6,Trade and Development Agency,2022020908,70_8623,South of Sahara,LDCs,60000,Private sector in provider country,10,ODA,110,Standard grant,1,"FEASIBILITY STUDY - BATTERY STORAGE FOR GRID-RESILIENCY FEASIBILITY STUDY, THROUGH DET NORSKE VERITAS GROUP","Feasibility Study - Battery Storage for Grid-Resiliency Feasibility Study, through Det Norske Veritas Group","This grant funds a feasibility study for Lekela Energie Stockage S.A.U., a privatelyowned company in Senegal, to fund a feasibility study (Study) to provide the technical, economic, and environmental analysis necessary to implement and operate a grid-scale battery electric storage system to manage variable renewable energy generation in Senegal (Project). The Project is anticipated to deploy at least 60 megawatt hours of grid-tied battery storage capacity. The Study would be competed among U.S. firms on the USTDA website and publicized via Sam.gov as well as highlighted through USTDA and Power Africa social media and marketing platforms",,0,2,0,0,0,0,,0,2,0,,,,,3,,
OECD.DCD.FSD:DSD_CRS@DF_CRS(1.6),USA,SEN,23110,11,10000,C01,D,Q,DD,20923218,USD,2022,0.171535,2024,A,6,6,Millennium Challenge Corporation,2022005516,40_2093,South of Sahara,LDCs,10000,Public corporations (donor govt.),10,ODA,110,Standard grant,1,MCC REGULATORY STRENGTHENING AND CAPACITY BUILDING PROJECT,MCC Regulatory Strengthening and Capacity Building Project,Utility Strengthening Activity,,0,0,0,0,0,0,,0,0,0,,,-1.128000,,3,,
OECD.DCD.FSD:DSD_CRS@DF_CRS(1.6),USA,SEN,23110,11,10000,C01,D,Q,DD,20923215,USD,2022,0.615109,2024,A,6,6,Millennium Challenge Corporation,2022005513,40_2086,South of Sahara,LDCs,10000,Public corporations (donor govt.),10,ODA,110,Standard grant,1,MCC REGULATORY STRENGTHENING AND CAPACITY BUILDING PROJECT,MCC Regulatory Strengthening and Capacity Building Project,Governance Activity,,0,0,0,0,0,0,,0,0,0,,,-1.865300,,3,,
OECD.DCD.FSD:DSD_CRS@DF_CRS(1.6),USA,SEN,23630,11,10000,C01,C,Q,DD,21365645,USD,2022,2.395171,2024,A,6,6,Millennium Challenge Corporation,2022005541,40_2219,South of Sahara,LDCs,10000,Public corporations (donor govt.),10,ODA,110,Standard grant,1,MCC TRANSMISSION NETWORK PROJECT,MCC Transmission Network Project,Grid Stabilization Activity,,0,0,0,0,0,0,,0,0,0,,,2.253800,,1,,
OECD.DCD.FSD:DSD_CRS@DF_CRS(1.6),5AFDB002,SEN,23110,13,10000,C01,D,Q,DD,21764511,USD,2022,2.17476,2024,A,6,6,AfDF,2022000338,2100150033946,South of Sahara,LDCs,10000,Recipient Government,10,ODA,421,Standard loan,4,PROJET ENERGIE OMVG (SENEGAL),PROJET ENERGIE OMVG (SENEGAL),AfDB Sector: Power. AfDB Sub-sector: Electricity.,7.1,,,,,,,,,,,,,,,3,,
OECD.DCD.FSD:DSD_CRS@DF_CRS(1.6),ESP,SEN,23110,11,10000,C01,D,Q,DD,20955085,USD,2022,0.019425,2024,A,6,6,Spanish Agency for International Development Co-operation,2022004382-1,009-157982-A,South of Sahara,LDCs,10000,Recipient Government,10,ODA,110,Standard grant,1,2020 SENEGAL ENERGY EFFICIENCY COVENANT OF MAYORS EU DAKAR,2020 Senegal Energy Efficiency Covenant of Mayors EU Dakar,"Apoyo al Pacto de los Alcaldes en África Subsahariana (Senegal), fase III en Dakar, Senegal",13.2,0,2,0,0,0,0,0,0,2,0,0,0.000000,0.017300,0.000000,1,,
OECD.DCD.FSD:DSD_CRS@DF_CRS(1.6),ESP,SEN,23110,11,10000,C01,C,Q,DD,21381240,USD,2022,0.019425,2024,A,6,6,Spanish Agency for International Development Co-operation,2022004382-1,009-157982-A,South of Sahara,LDCs,10000,Recipient Government,10,ODA,110,Standard grant,1,2020 SENEGAL ENERGY EFFICIENCY COVENANT OF MAYORS EU DAKAR,2020 Senegal Energy Efficiency Covenant of Mayors EU Dakar,"Apoyo al Pacto de los Alcaldes en África Subsahariana (Senegal), fase III en Dakar, Senegal",13.2,0,2,0,0,0,0,0,0,2,0,0,0.000000,0.017300,0.000000,1,,
OECD.DCD.FSD:DSD_CRS@DF_CRS(1.6),ESP,SEN,23210,11,50000,D01,C,Q,DD,21380166,USD,2022,0.003547,2024,A,6,6,Public Universities,2022001728-1,009-155303-A,South of Sahara,LDCs,50000,"University, college or other teaching institution, research institute or think-tank",10,ODA,110,Standard grant,1,OWN CALL- COVER THE ENERGY NEEDS TO LAUNCH A WORKSHOP THAT IMPROVES THE EMPLOYABILITY OF THE WOMEN OFTHIANCOUMALAL,OWN CALL- Cover the energy needs to launch a workshop that improves the employability of the women ofThiancoumalal,"Se quiere poner en marcha un Atelier en Thiancoumalal para las mujeres del pueblo y se requiere utilizar máquinas eléctricas que permitan poner en marcha este y otros pequeños negocios en la zona. Hoy la falta de acceso a la energía no posibilita su puesta en marcha, aunque hay mujeres en la comunidad interesadas y que podrían sacarle un rendimiento inmediato.",5.A,2,2,1,0,0,0,0,0,2,0,0,0.003200,,,1,,
OECD.DCD.FSD:DSD_CRS@DF_CRS(1.6),ESP,SEN,23210,11,50000,D01,D,Q,DD,20954620,USD,2022,0.003547,2024,A,6,6,Public Universities,2022001728-1,009-155303-A,South of Sahara,LDCs,50000,"University, college or other teaching institution, research institute or think-tank",10,ODA,110,Standard grant,1,OWN CALL- COVER THE ENERGY NEEDS TO LAUNCH A WORKSHOP THAT IMPROVES THE EMPLOYABILITY OF THE WOMEN OFTHIANCOUMALAL,OWN CALL- Cover the energy needs to launch a workshop that improves the employability of the women ofThiancoumalal,"Se quiere poner en marcha un Atelier en Thiancoumalal para las mujeres del pueblo y se requiere utilizar máquinas eléctricas que permitan poner en marcha este y otros pequeños negocios en la zona. Hoy la falta de acceso a la energía no posibilita su puesta en marcha, aunque hay mujeres en la comunidad interesadas y que podrían sacarle un rendimiento inmediato.",5.A,2,2,1,0,0,0,0,0,2,0,0,0.003200,,,1,,
OECD.DCD.FSD:DSD_CRS@DF_CRS(1.6),ESP,SEN,23210,11,50000,D01,C,Q,DD,21380140,USD,2022,0.004729,2024,A,6,6,Public Universities,2022001674-1,009-155249-A,South of Sahara,LDCs,50000,"University, college or other teaching institution, research institute or think-tank",10,ODA,110,Standard grant,1,OWN CALL- DESIGN AND CONSTRUCTION OF PHOTOVOLTAIC CHARGERS TO PROVIDE ACCESS TO ELECTRICITY IN DEVELOPMENT AREAS IN EASTERN SENEGAL.,OWN CALL- Design and construction of photovoltaic chargers to provide access to electricity in development areas in eastern Senegal.,Desarrollo de un prototipo de cargador fotovoltáico para el acceso universal a la energía eléctrica de más de 35 familias del poblado de Thiancoumalal.,7.1,0,2,2,0,0,0,0,0,2,1,1,0.004200,,,1,,
OECD.DCD.FSD:DSD_CRS@DF_CRS(1.6),ESP,SEN,23110,11,40000,B033,D,Q,DD,20958047,USD,2022,0.1472,2024,A,6,6,Spanish Agency for International Development Co-operation,2022004052-1,009-157652-A,South of Sahara,LDCs,40000,Economic Community of West African States ,10,ODA,110,Standard grant,1,FONTEC 2022 CEDEAO TRANSITION TO CIRCULAR ECONOMY OF CLEAN ENERGY,FONTEC 2022 CEDEAO Transition to Circular Economy of Clean Energy,FONTEC 2022 CEDEAO Transicion a Ecoomia Circular de Energia Limpia FONTEC 2022 CEDEAO Transición a una Economía Circular de Energía Limpia a través de la optimización de las cadenas de valor de alta intensidad energética en los sectores de alto impacto,7.1,0,2,0,0,0,0,0,0,0,0,0,,0.130900,,1,,
OECD.DCD.FSD:DSD_CRS@DF_CRS(1.6),ESP,SEN,23110,11,40000,B033,C,Q,DD,21378070,USD,2022,0.1472,2024,A,6,6,Spanish Agency for International Development Co-operation,2022004052-1,009-157652-A,South of Sahara,LDCs,40000,Economic Community of West African States ,10,ODA,110,Standard grant,1,FONTEC 2022 CEDEAO TRANSITION TO CIRCULAR ECONOMY OF CLEAN ENERGY,FONTEC 2022 CEDEAO Transition to Circular Economy of Clean Energy,FONTEC 2022 CEDEAO Transicion a Ecoomia Circular de Energia Limpia FONTEC 2022 CEDEAO Transición a una Economía Circular de Energía Limpia a través de la optimización de las cadenas de valor de alta intensidad energética en los sectores de alto impacto,7.1,0,2,0,0,0,0,0,0,0,0,0,,0.130900,,1,,
OECD.DCD.FSD:DSD_CRS@DF_CRS(1.6),9OTH020,SEN,23310,14,60000,C01,C,Q,DD,21265285,USD,2022,29.280402,2024,A,6,6,OPEC Fund,2022000754,13508PSF Loan,South of Sahara,LDCs,60000,Private sector in recipient country,21,Non-export credit OOF,421,Standard loan,4,MALICOUNDA 120MW DUAL FUEL POWER PLANT,Malicounda 120MW Dual Fuel Power Plant,Malicounda 120MW Dual Fuel Power Plant,7.a;7.1,,,,,,,,,,,,,,,1,,
OECD.DCD.FSD:DSD_CRS@DF_CRS(1.6),POL,SEN,23231,11,20000,C01,D,Q,DD,21763428,USD,2022,0.02067,2024,A,6,6,Ministry of Foreign Affairs,2022010099,DWR/PPR2022/014/2/2022,South of Sahara,LDCs,20000,Donor country-based NGO,10,ODA,110,Standard grant,1,EQUALIZING OPPORTUNITIES - IMPROVING EDUCATION AND MODERNIZING FEMALE VOCATIONAL SCHOOLS IN JOAL AND DAKAR,Equalizing opportunities - improving education and modernizing female vocational schools in Joal and Dakar,"Projekt 'Wyrównujemy szanse – poprawa jako?ci edukacji i modernizacja ?e?skich szkó? zawodowych w Joalu i Dakarze' to szereg kompleksowych dzia?a?, które stanowi? skuteczn? odpowied? na trudn? sytuacji m?odych kobiet na senegalskim rynku pracy. G?ównym celem projektu jest modernizacja Centrum Gospodarczego Assunta w Joalu poprzez budow? nowej infrastruktury sanitarnej oraz remont ju? istniej?cej. Modernizacja szko?y w Joalu to równie? budowa nowego pomieszczenia gospodarczego, w którym b?dzie si? znajdowa? m.in. pralnia oraz pomieszczenie na magazyn farbowanych tkanin po??czony z pracowni? tkanin. Poprawa jako?ci us?ug edukacyjnych planowana jest równie? poprzez remont budynku szko?y w Joalu wraz z kuchni? oraz doposa?enie sal szkolnych i kuchni w sprz?ty i urz?dzenia. Realizacja wnioskowanej inwestycji pozwoli zmniejszy? bariery w dost?pie do edukacji i kszta?cenia zawodowego dla senegalskich kobiet.Projekt 'Wyrównujemy szanse' to równie? podniesienie jako?ci edukacji zawodowej poprzez wprowadzenie do oferty programowej nowych profesjonalnych szkole? zawodowych dla uczennic Centrum Gospodarczego Assunta w Joalu i ?e?skiej Szko?y Zawodowej Foyer w Dakarze. Planujemy uruchomi? szkolenia zawodowe zakresu kroju i szycia, profesjonalnego sprz?tania, cukiernictwa, przygotowywania szybkich da?, tradycyjnego farbowanie tkanin oraz technik u?ycia wosku i stempli. Wa?nym punktem naszego projektu jest zwi?kszenie efektywno?ci energetycznej Centrum Gospodarczego Assunta w Joalu poprzez monta? instalacji fotowoltaicznych. Inwestycja ta b?dzie mia?a bezpo?rednie prze?o?enie na zmniejszenie kosztów eksploatacji, dzi?ki oszcz?dno?ci energii elektrycznej.",7;6;5;4,1,1,0,1,0,,0,0,1,1,0,0.000000,0.016200,,1,,
OECD.DCD.FSD:DSD_CRS@DF_CRS(1.6),POL,SEN,23231,11,20000,C01,C,Q,DD,21264024,USD,2022,0.02067,2024,A,6,6,Ministry of Foreign Affairs,2022010099,DWR/PPR2022/014/2/2022,South of Sahara,LDCs,20000,Donor country-based NGO,10,ODA,110,Standard grant,1,EQUALIZING OPPORTUNITIES - IMPROVING EDUCATION AND MODERNIZING FEMALE VOCATIONAL SCHOOLS IN JOAL AND DAKAR,Equalizing opportunities - improving education and modernizing female vocational schools in Joal and Dakar,"Projekt 'Wyrównujemy szanse – poprawa jako?ci edukacji i modernizacja ?e?skich szkó? zawodowych w Joalu i Dakarze' to szereg kompleksowych dzia?a?, które stanowi? skuteczn? odpowied? na trudn? sytuacji m?odych kobiet na senegalskim rynku pracy. G?ównym celem projektu jest modernizacja Centrum Gospodarczego Assunta w Joalu poprzez budow? nowej infrastruktury sanitarnej oraz remont ju? istniej?cej. Modernizacja szko?y w Joalu to równie? budowa nowego pomieszczenia gospodarczego, w którym b?dzie si? znajdowa? m.in. pralnia oraz pomieszczenie na magazyn farbowanych tkanin po??czony z pracowni? tkanin. Poprawa jako?ci us?ug edukacyjnych planowana jest równie? poprzez remont budynku szko?y w Joalu wraz z kuchni? oraz doposa?enie sal szkolnych i kuchni w sprz?ty i urz?dzenia. Realizacja wnioskowanej inwestycji pozwoli zmniejszy? bariery w dost?pie do edukacji i kszta?cenia zawodowego dla senegalskich kobiet.Projekt 'Wyrównujemy szanse' to równie? podniesienie jako?ci edukacji zawodowej poprzez wprowadzenie do oferty programowej nowych profesjonalnych szkole? zawodowych dla uczennic Centrum Gospodarczego Assunta w Joalu i ?e?skiej Szko?y Zawodowej Foyer w Dakarze. Planujemy uruchomi? szkolenia zawodowe zakresu kroju i szycia, profesjonalnego sprz?tania, cukiernictwa, przygotowywania szybkich da?, tradycyjnego farbowanie tkanin oraz technik u?ycia wosku i stempli. Wa?nym punktem naszego projektu jest zwi?kszenie efektywno?ci energetycznej Centrum Gospodarczego Assunta w Joalu poprzez monta? instalacji fotowoltaicznych. Inwestycja ta b?dzie mia?a bezpo?rednie prze?o?enie na zmniejszenie kosztów eksploatacji, dzi?ki oszcz?dno?ci energii elektrycznej.",7;6;5;4,1,1,0,1,0,,0,0,1,1,0,0.000000,0.016200,,1,,
OECD.DCD.FSD:DSD_CRS@DF_CRS(1.6),9OTH002,SEN,23630,14,60000,C01,C,Q,DD,21409583,USD,2022,35.044241,2024,A,6,6,Arab Bank for Economic Development in Africa,2022000024,,South of Sahara,LDCs,60000,Private sector in recipient country,21,Non-export credit OOF,421,Standard loan,4,JOINT CREDIT LOAN FOR CONSTRUCTION AND DEVELOPMENT OF POWER PLANT,Joint credit loan for construction and development of power plant,"Contribute to raising the productivity of Senegal's electricity, expanding the electricity interconnection network on a large scale and improving its quality. This will lead to the development of industry, services, health and education sectors.",9;7;4;3,,,,,,,,,,,,,,,1,,
OECD.DCD.FSD:DSD_CRS@DF_CRS(1.6),JPN,SEN,23210,11,10000,C01,C,Q,DD,21335493,USD,2022,0.000193,2024,A,6,6,Japanese International Co-operation Agency,2022959809,,South of Sahara,LDCs,10000,Recipient Government,10,ODA,110,Standard grant,1,TC AGGREGATED ACTIVITIES,TC AGGREGATED ACTIVITIES,TC AGGREGATED ACTIVITIES,7;13,,2,,,,0,,,2,0,,,,,1,,
OECD.DCD.FSD:DSD_CRS@DF_CRS(1.6),JPN,SEN,23210,11,10000,C01,D,Q,DD,21839208,USD,2022,0.000193,2024,A,6,6,Japanese International Co-operation Agency,2022959809,,South of Sahara,LDCs,10000,Recipient Government,10,ODA,110,Standard grant,1,TC AGGREGATED ACTIVITIES,TC AGGREGATED ACTIVITIES,TC AGGREGATED ACTIVITIES,7;13,,2,,,,0,,,2,0,,,,,1,,
OECD.DCD.FSD:DSD_CRS@DF_CRS(1.6),JPN,SEN,23110,11,10000,C01,C,Q,DD,21316421,USD,2022,0.002598,2024,A,6,6,Japanese International Co-operation Agency,2022953452,,South of Sahara,LDCs,10000,Recipient Government,10,ODA,110,Standard grant,1,TC AGGREGATED ACTIVITIES,TC AGGREGATED ACTIVITIES,TC AGGREGATED ACTIVITIES,7;13,,1,0,0,,,,,1,0,0,,,,1,,
OECD.DCD.FSD:DSD_CRS@DF_CRS(1.6),JPN,SEN,23110,11,10000,C01,D,Q,DD,21825484,USD,2022,0.002598,2024,A,6,6,Japanese International Co-operation Agency,2022953452,,South of Sahara,LDCs,10000,Recipient Government,10,ODA,110,Standard grant,1,TC AGGREGATED ACTIVITIES,TC AGGREGATED ACTIVITIES,TC AGGREGATED ACTIVITIES,7;13,,1,0,0,,,,,1,0,0,,,,1,,
OECD.DCD.FSD:DSD_CRS@DF_CRS(1.6),JPN,SEN,23110,11,10000,C01,C,Q,DD,21326623,USD,2022,0.009186,2024,A,6,6,Japanese International Co-operation Agency,2022955581,,South of Sahara,LDCs,10000,Recipient Government,10,ODA,110,Standard grant,1,TC AGGREGATED ACTIVITIES,TC AGGREGATED ACTIVITIES,TC AGGREGATED ACTIVITIES,7;13,,2,0,0,,,,,2,0,0,,,,1,,
OECD.DCD.FSD:DSD_CRS@DF_CRS(1.6),JPN,SEN,23110,11,10000,C01,D,Q,DD,21835008,USD,2022,0.009186,2024,A,6,6,Japanese International Co-operation Agency,2022955581,,South of Sahara,LDCs,10000,Recipient Government,10,ODA,110,Standard grant,1,TC AGGREGATED ACTIVITIES,TC AGGREGATED ACTIVITIES,TC AGGREGATED ACTIVITIES,7;13,,2,0,0,,,,,2,0,0,,,,1,,
OECD.DCD.FSD:DSD_CRS@DF_CRS(1.6),JPN,SEN,23210,11,10000,C01,C,Q,DD,21316422,USD,2022,0.002699,2024,A,6,6,Japanese International Co-operation Agency,2022953453,,South of Sahara,LDCs,10000,Recipient Government,10,ODA,110,Standard grant,1,TC AGGREGATED ACTIVITIES,TC AGGREGATED ACTIVITIES,TC AGGREGATED ACTIVITIES,7;13,,2,0,0,,,,,2,0,0,,,,1,,
OECD.DCD.FSD:DSD_CRS@DF_CRS(1.6),JPN,SEN,23210,11,10000,C01,D,Q,DD,21825486,USD,2022,0.002699,2024,A,6,6,Japanese International Co-operation Agency,2022953453,,South of Sahara,LDCs,10000,Recipient Government,10,ODA,110,Standard grant,1,TC AGGREGATED ACTIVITIES,TC AGGREGATED ACTIVITIES,TC AGGREGATED ACTIVITIES,7;13,,2,0,0,,,,,2,0,0,,,,1,,
OECD.DCD.FSD:DSD_CRS@DF_CRS(1.6),JPN,SEN,23210,11,10000,C01,D,Q,DD,21828605,USD,2022,0.001961,2024,A,6,6,Japanese International Co-operation Agency,2022956747,,South of Sahara,LDCs,10000,Recipient Government,10,ODA,110,Standard grant,1,TC AGGREGATED ACTIVITIES,TC AGGREGATED ACTIVITIES,TC AGGREGATED ACTIVITIES,7;13,,,,,,,,,0,0,,,,,1,,
OECD.DCD.FSD:DSD_CRS@DF_CRS(1.6),JPN,SEN,23110,11,10000,C01,D,Q,DD,21828604,USD,2022,0.003399,2024,A,6,6,Japanese International Co-operation Agency,2022956746,,South of Sahara,LDCs,10000,Recipient Government,10,ODA,110,Standard grant,1,TC AGGREGATED ACTIVITIES,TC AGGREGATED ACTIVITIES,TC AGGREGATED ACTIVITIES,7;13,,,,,,,,,0,0,,,,,1,,
OECD.DCD.FSD:DSD_CRS@DF_CRS(1.6),9OTH013,SEN,23230,11,40000,C01,D,Q,DD,21743268,USD,2022,0.0043,2024,A,6,6,Green Growth Planning and Implementation,2022000053,SN14,South of Sahara,LDCs,40000,Multilateral Organisations,10,ODA,110,Standard grant,4,SOLAR-POWERED IRRIGATION FOR CLIMATE-SMART AGRICULTURE IN THE SENEGAL RIVER VALLEY,Solar-Powered Irrigation for Climate-Smart Agriculture in the Senegal River Valley,"The project implementation area is the Senegal River Valley. The SRV is part of the Senegal River basin, where the Senegal River is formed. The Senegal River basin (SRB) occupies a total area of 289,000 km2 and includes three main regions—the upper basin, valley, and delta—with each region clearly characterized by distinct environmental conditions.",1.b,1,,,,,,,,,,,,,,1,,
OECD.DCD.FSD:DSD_CRS@DF_CRS(1.6),9OTH013,SEN,23230,11,40000,C01,C,Q,DD,21254840,USD,2022,0.032249,2024,A,6,6,Green Growth Planning and Implementation,2022000053,SN14,South of Sahara,LDCs,40000,Multilateral Organisations,10,ODA,110,Standard grant,4,SOLAR-POWERED IRRIGATION FOR CLIMATE-SMART AGRICULTURE IN THE SENEGAL RIVER VALLEY,Solar-Powered Irrigation for Climate-Smart Agriculture in the Senegal River Valley,"The project implementation area is the Senegal River Valley. The SRV is part of the Senegal River basin, where the Senegal River is formed. The Senegal River basin (SRB) occupies a total area of 289,000 km2 and includes three main regions—the upper basin, valley, and delta—with each region clearly characterized by distinct environmental conditions.",1.b,1,,,,,,,,,,,,,,1,,
OECD.DCD.FSD:DSD_CRS@DF_CRS(1.6),DEU,SEN,23210,11,10000,C01,D,Q,DD,20982630,USD,2022,1.447709,2024,A,6,6,Federal Ministry for Economic Cooperation and Development,2021000939,202020998,South of Sahara,LDCs,10000,Public corporations (donor govt.),10,ODA,110,Standard grant,1,PROGRAMME FOR SUSTAINABLE ENERGIES,Programme for sustainable energies,"The reform capacities of the Senegalese Ministry of Energy to promote sustainable, climate-friendly energies have been strengthened",7;13,1,1,0,0,,,,0,2,0,0,0.000000,0.000000,,3,,
OECD.DCD.FSD:DSD_CRS@DF_CRS(1.6),DEU,SEN,23210,11,10000,C01,D,Q,DD,21024465,USD,2022,0.445043,2024,A,6,6,Federal Ministry for Economic Cooperation and Development,2020001839,201522176,South of Sahara,LDCs,10000,Public corporations (donor govt.),10,ODA,110,Standard grant,1,PROGRAMME FOR SUSTAINABLE ENERGIES,Programme for sustainable energies,The preconditions for the implementation of energy services which are sustainable and aimed at climate protection are improved.,7;13,1,1,1,0,0,,,0,2,0,0,0.000000,0.000000,,3,,
OECD.DCD.FSD:DSD_CRS@DF_CRS(1.6),DEU,SEN,23181,11,10000,C01,D,Q,DD,21024466,USD,2022,0.396436,2024,A,6,6,Federal Ministry for Economic Cooperation and Development,2020001840,201622208,South of Sahara,LDCs,10000,Public corporations (donor govt.),10,ODA,110,Standard grant,1,BEING SUCCESSFUL IN SENEGAL,Being successful in Senegal,New prospects for a promising future and for remaining in Senegal are created for young peoples and returnees in Senegal.,7;4,1,0,1,0,0,,,1,0,0,0,0.000000,0.000000,,3,,
OECD.DCD.FSD:DSD_CRS@DF_CRS(1.6),DEU,SEN,23630,11,10000,C01,D,Q,DD,20973875,USD,2022,3.616935,2024,A,6,6,Federal Ministry for Economic Cooperation and Development,2014130891,201267053,South of Sahara,LDCs,10000,Central Government (recipient govt.),10,ODA,110,Standard grant,1,PROGRAM TO PROMOTE ENERGY EFFICIENCY AND ACCESS TO ENERGY,Program to promote energy efficiency and access to energy,Program to promote energy efficiency and access to energy,7;13,0,2,0,0,,,,0,2,0,0,0.000000,0.000000,,3,,
OECD.DCD.FSD:DSD_CRS@DF_CRS(1.6),DEU,SEN,23230,11,10000,C01,D,Q,DD,21019475,USD,2022,0.342794,2024,A,6,6,Federal Ministry for Economic Cooperation and Development,2018135819,201568997,South of Sahara,LDCs,10000,Central Government (recipient govt.),10,ODA,110,Standard grant,1,"PROMOTION ENERGIE SOLAIRE ET EFFICACITÉ ENERGÉTIQUE, EXTENSION DIASS","Promotion Energie Solaire et Efficacité Energétique, Extension Diass","Promotion Energie Solaire et Efficacité Energétique, Extension Diass",7;13,0,1,0,0,,,,0,2,0,0,0.000000,0.000000,,3,,
OECD.DCD.FSD:DSD_CRS@DF_CRS(1.6),DEU,SEN,23230,11,10000,C01,D,Q,DD,20973968,USD,2022,0.260694,2024,A,6,6,Federal Ministry for Economic Cooperation and Development,2015135602,201567858,South of Sahara,LDCs,10000,Central Government (recipient govt.),10,ODA,110,Standard grant,1,PROMOTION OF RENEWABLE ENERGIES,Promotion of renewable energies,Promotion of renewable energies,7;13,0,1,0,0,,,,0,2,0,0,0.000000,0.000000,,3,,
OECD.DCD.FSD:DSD_CRS@DF_CRS(1.6),DEU,SEN,23630,11,10000,C01,D,Q,DD,20985633,USD,2022,0.059257,2024,A,6,6,Federal Ministry for Economic Cooperation and Development,2021140701,201967504,South of Sahara,LDCs,10000,Central Government (recipient govt.),10,ODA,110,Standard grant,1,INTÉGRATION DES ENERGIES RENOUVELABLES,Intégration des Energies Renouvelables,"Au cours des dernières années, une forte augmentation des énergies renouvelables a été enregistrée au Sénégal. Par conséquence une meilleure intégration des énergies renouvelables intermittentes, en particulier l'intégration des centrales solaires photovoltaïques et des centrales éoliennes est requise pour renforcer les réseaux électriques. Le projet vise à un soutien au réseau électrique pour éviter les évènements de délestage de fréquence par l'installation des systèmes de stockage d'énergie par batterie (battery energy storage system = BESS) sur le réseau interconnecté sénégalais. L'objectif du projet est l'amélioration de la qualité de l'alimentation électrique ainsi que le renforcement de la résilience générale du réseau électrique par l'intégration des énergies renouvelables, permettant aussi une réduction des émissions du CO2. Le BESS sera situé près de la centrale photovoltaïque sur le site de Diass et raccordés au poste de haute tension. Les groupes cibles sont tous les groupes de population et les secteurs économiques qui bénéficient d'un approvisionnement et d'une utilisation de l'énergie fiable, durable et efficace sur le plan énergétique. Le coût total du projet est estimé à 28,6 millions d'euros. Le financement de la coopération financière allemande à travers la KfW s'élève à un montant de 18 millions d'euros. Le co-financement de l'AFD (Agence Française de Développement) s'élève à 8 millions d'euros. En plus, le Promoteur de projet Senelec contribue une contrepartie d'environ 2,6 millions d'euros. Le projet sera réalisé entre 2021 et 2024.",7;13,0,1,0,0,,,,0,2,0,0,0.000000,0.000000,,3,,
OECD.DCD.FSD:DSD_CRS@DF_CRS(1.6),DEU,SEN,23230,11,10000,C01,D,Q,DD,20972767,USD,2022,0.290068,2024,A,6,6,Federal Ministry for Economic Cooperation and Development,2022007124,2015.2216.8_FV_95325,South of Sahara,LDCs,10000,Central Government (donor govt.),10,ODA,110,Standard grant,1,STRENGTHENING THE QUALITY INFRASTRUCTURE (QI) FOR INNOVATIVE ENERGY SERVICES,Strengthening the quality infrastructure (QI) for innovative energy services,"L'ensoleillement important du Sénégal lui confère un potentiel suffisant en matière de production d'énergie solaire pour donner de l'essor au développement durable du pays. Ainsi, le gouvernement du Sénégal s'est fixé des objectifs politiques très ambitieux en ce qui concerne le développement des énergies renouvelables. La mise en uvre de ces programmes de développement n'est toutefois pas à la hauteur des attentes. À l'origine, il était prévu que l'approvisionnement en énergie des zones rurales atteindrait 60 % d'ici 2017 et que la part des énergies renouvelables augmenterait pour atteindre 20 % dans la même période. Une des raisons pour lesquelles la demande dans le secteur de PV (= Énergie solaire photovoltaïque) de la part des ménages et des PME (= petite ou moyenne entreprise) reste faible provient du fait que les produits PV importés dans le pays ne sont pas de qualité suffisante en matière d'efficacité, de durabilité et de sécurité. Le problème central réside donc dans le manque d'assurance qualité de la technologie du photovoltaïque.",7;13;1,0,1,1,0,0,,,0,1,1,0,0.000000,0.000000,,3,,
OECD.DCD.FSD:DSD_CRS@DF_CRS(1.6),DEU,SEN,23182,11,60000,D02,D,Q,DD,20970759,USD,2022,0.002912,2024,A,6,6,"Federal Ministry of Research, Technology and Space",2022010663F,03SF0569F,South of Sahara,LDCs,60000,Other non-financial corporations (in provider country),10,ODA,110,Standard grant,1,BASIC RESEARCH ENERGY,basic research energy,"CLIENT II - Collaborative project: LoSENS - Local Sustainable Energy Systems in Senegal, Sub-project: Photovoltaic system and energy storage - Research to preserve and improve living conditions and sustainable land use in developing countries, i.a. due to climate change",9;7,0,2,0,0,0,,,1,1,0,0,0.000000,0.000000,,3,,
OECD.DCD.FSD:DSD_CRS@DF_CRS(1.6),DEU,SEN,23182,11,60000,D02,D,Q,DD,20970757,USD,2022,0.00313,2024,A,6,6,"Federal Ministry of Research, Technology and Space",2022010663D,03SF0569D,South of Sahara,LDCs,60000,Other non-financial corporations (in provider country),10,ODA,110,Standard grant,1,BASIC RESEARCH ENERGY,basic research energy,"CLIENT II - Collaborative project: LoSENS - Local Sustainable Energy Systems in Senegal, Sub-project: Efficient pumping management - Research to preserve and improve living conditions and sustainable land use in developing countries, i.a. due to climate change",9;7,0,2,0,0,0,,,1,1,0,0,0.000000,0.000000,,3,,
OECD.DCD.FSD:DSD_CRS@DF_CRS(1.6),DEU,SEN,23182,11,60000,D02,D,Q,DD,20970756,USD,2022,0.024038,2024,A,6,6,"Federal Ministry of Research, Technology and Space",2022010663C,03SF0569C,South of Sahara,LDCs,60000,Other non-financial corporations (in provider country),10,ODA,110,Standard grant,1,BASIC RESEARCH ENERGY,basic research energy,"CLIENT II - Collaborative project: LoSENS - Local Sustainable Energy Systems in Senegal, Sub-project: Feasibility Study Biogas Plant - Research to preserve and improve living conditions and sustainable land use in developing countries, i.a. due to climate change",9;7,0,2,0,0,0,,,1,1,0,0,0.000000,0.000000,,3,,
OECD.DCD.FSD:DSD_CRS@DF_CRS(1.6),DEU,SEN,23183,11,50000,D02,D,Q,DD,20970178,USD,2022,0.047021,2024,A,6,6,"Federal Ministry of Research, Technology and Space",2022010456A,01LA1802A,South of Sahara,LDCs,50000,"University, college or other teaching institution, research institute or think-tank",10,ODA,110,Standard grant,1,INTEGRATED ASSESSMENT AND KNOWLEDGE TRANSFER,Integrated Assessment and Knowledge Transfer,"Economy of climate change: household energy in developing countries, adaptation to climate change and emission reduction. Potential for double dividends. (TapD2-Africa) - Research in social sciences and the humanities to improve knowledge on economic, ecological and social changes in the developing country",7;13,0,1,0,0,0,,,0,2,0,0,0.000000,0.000000,,3,,
OECD.DCD.FSD:DSD_CRS@DF_CRS(1.6),DEU,SEN,23182,11,50000,D02,D,Q,DD,20970755,USD,2022,0.161563,2024,A,6,6,"Federal Ministry of Research, Technology and Space",2022010663A,03SF0569A,South of Sahara,LDCs,50000,"University, college or other teaching institution, research institute or think-tank",10,ODA,110,Standard grant,1,BASIC RESEARCH ENERGY,basic research energy,"CLIENT II - Collaborative project: LoSENS - Local Sustainable Energy Systems in Senegal, Sub-project: Masterplan - Research to preserve and improve living conditions and sustainable land use in developing countries, i.a. due to climate change",9;7,0,2,0,0,0,,,1,1,0,0,0.000000,0.000000,,3,,
OECD.DCD.FSD:DSD_CRS@DF_CRS(1.6),DEU,SEN,23182,11,50000,D02,D,Q,DD,20970758,USD,2022,0.084182,2024,A,6,6,"Federal Ministry of Research, Technology and Space",2022010663E,03SF0569E,South of Sahara,LDCs,50000,"University, college or other teaching institution, research institute or think-tank",10,ODA,110,Standard grant,1,BASIC RESEARCH ENERGY,basic research energy,"CLIENT II - Collaborative project: LoSENS - Local Sustainable Energy Systems in Senegal, Sub-project: Capacity Building - Research to preserve and improve living conditions and sustainable land use in developing countries, i.a. due to climate change",9;7,0,2,0,0,0,,,1,1,0,0,0.000000,0.000000,,3,,
OECD.DCD.FSD:DSD_CRS@DF_CRS(1.6),DEU,SEN,23181,11,10000,C01,C,Q,DD,21386616,USD,2022,4.997273,2024,A,6,6,Federal Ministry for Economic Cooperation and Development,2022143391,201868868,South of Sahara,LDCs,10000,Central Government (recipient govt.),10,ODA,110,Standard grant,1,PROMOTION D'UN INSTITUT SUPÉRIEUR D'ENSEIGNEMENT PROFESSIONNEL DANS LE D,Promotion d'un Institut supérieur d'Enseignement professionnel dans le d,"Le projet de coopération financière proposé ici, intitulé  Soutien à un centre de formation professionnelle pour l'énergie et l'environnement (ISEP) , doit apporter une contribution importante à l'élargissement de l'offre et à l'amélioration de l'accès à une formation professionnelle supérieure orientée vers la pratique dans le domaine des énergies renouvelables et de l'efficacité énergétique au Sénégal, afin de faire face, d'une part, à la pénurie de personnel qualifié et, d'autre part, d'augmenter les chances d'emploi des diplômés. ISEP signifie Institut Supérieur d'Enseignement Professionnel et correspond à peu près à une académie professionnelle dans le système allemand en raison de son orientation vers la pratique. Le souhait du gouvernement sénégalais de planifier l'ISEP à Mbacké en mettant l'accent sur les domaines professionnels dans le secteur de  l'efficacité énergétique et des énergies renouvelables  souligne la priorité élevée de ce thème, tant dans la politique nationale que dans la coopération sénégalo-allemande. La construction et l'équipement d'un ISEP à Mbacké dans la région de Diourbel sont au premier plan du projet de coopération financière. Cela permettra de soutenir les efforts de réforme du gouvernement sénégalais visant à mettre en place un système de formation professionnelle et d'enseignement supérieur orienté vers le marché du travail, avec un réseau de 14 académies professionnelles au total à l'avenir, dans toutes les régions du pays, afin d'élargir l'offre de diplômes professionnels supérieurs orientés vers la pratique et de combler le fossé existant jusqu'à présent entre la formation professionnelle pure et la formation académique par l'obtention du diplôme de technicien (bac+2=BTS).",7;4,1,0,0,0,,,,0,1,0,0,0.000000,4.416900,,1,,
OECD.DCD.FSD:DSD_CRS@DF_CRS(1.6),DEU,SEN,23182,11,60000,C01,C,Q,DD,21423023,USD,2022,0.049973,2024,A,6,6,Federal Ministry for Economic Cooperation and Development,2022004867,202116507,South of Sahara,LDCs,60000,Other non-financial corporations (in provider country),10,ODA,110,Standard grant,1,PRODUCTIVE RENEWABLE ENERGY FOR N'DIOB IN SENEGAL,Productive renewable energy for N'Diob in Senegal,"As part of the BMZ initiative Energy Autarkic Model Villages in Africa, the establishment of a sustainable and self-sustaining electrical energy supply for 150 households and 50 small businesses by a local energy cooperative is planned. As a result, 300 jobs are to be created.",9;7;13;11,0,2,0,0,,,,0,2,0,0,0.000000,0.044200,,8,,
OECD.DCD.FSD:DSD_CRS@DF_CRS(1.6),DEU,SEN,23182,11,60000,C01,D,Q,DD,21020507,USD,2022,0.049973,2024,A,6,6,Federal Ministry for Economic Cooperation and Development,2022004867,202116507,South of Sahara,LDCs,60000,Other non-financial corporations (in provider country),10,ODA,110,Standard grant,1,PRODUCTIVE RENEWABLE ENERGY FOR N'DIOB IN SENEGAL,Productive renewable energy for N'Diob in Senegal,"As part of the BMZ initiative Energy Autarkic Model Villages in Africa, the establishment of a sustainable and self-sustaining electrical energy supply for 150 households and 50 small businesses by a local energy cooperative is planned. As a result, 300 jobs are to be created.",9;7;13;11,0,2,0,0,,,,0,2,0,0,0.000000,0.044200,,8,,
OECD.DCD.FSD:DSD_CRS@DF_CRS(1.6),DEU,SEN,23181,11,50000,D02,C,Q,DD,21392693,USD,2022,0.045851,2024,A,6,6,Free State of Bavaria,2022011692,5743/1025,South of Sahara,LDCs,50000,"University, college or other teaching institution, research institute or think-tank",10,ODA,110,Standard grant,1,SPECIALIST INFORMATION SEMINAR FOR PROFESSIONALS AND EXECUTIVES ON THE SUBJECT OF RENEWABLE ENERGY,specialist information seminar for professionals and executives on the subject of renewable energy,co-financing of the preparation and implemantation of a specialist information seminar in Bavaria,7;4,1,2,0,0,0,,,1,1,1,0,0.040500,0.000000,,1,,
OECD.DCD.FSD:DSD_CRS@DF_CRS(1.6),DEU,SEN,23181,11,50000,D02,D,Q,DD,20971297,USD,2022,0.023364,2024,A,6,6,Free State of Bavaria,2022011692,5743/1025,South of Sahara,LDCs,50000,"University, college or other teaching institution, research institute or think-tank",10,ODA,110,Standard grant,1,SPECIALIST INFORMATION SEMINAR FOR PROFESSIONALS AND EXECUTIVES ON THE SUBJECT OF RENEWABLE ENERGY,specialist information seminar for professionals and executives on the subject of renewable energy,co-financing of the preparation and implemantation of a specialist information seminar in Bavaria,7;4,1,2,0,0,0,,,1,1,1,0,0.040500,0.000000,,1,,
OECD.DCD.FSD:DSD_CRS@DF_CRS(1.6),9OTH015,SEN,23231,11,40000,C01,D,Q,DD,21776323,USD,2022,0.43655,2024,A,6,6,Division of Mitigation and Adaptation,2022000120,FP138 (Grants),South of Sahara,LDCs,40000,West African Development Bank,10,ODA,110,Standard grant,4,ASER SOLAR RURAL ELECTRIFICATION PROJECT,ASER Solar Rural Electrification Project,,8;7;5;3;17;13;1,,,,,,,,,,,,,,,3,,
OECD.DCD.FSD:DSD_CRS@DF_CRS(1.6),9OTH015,SEN,23231,11,40000,C01,D,Q,DD,21776324,USD,2022,24.490883,2024,A,6,6,Division of Mitigation and Adaptation,2022000121,FP138 (Grants),South of Sahara,LDCs,40000,West African Development Bank,10,ODA,110,Standard grant,4,ASER SOLAR RURAL ELECTRIFICATION PROJECT,ASER Solar Rural Electrification Project,,8;7;5;3;17;13;1,,,,,,,,,,,,,,,3,,
OECD.DCD.FSD:DSD_CRS@DF_CRS(1.6),CHE,SEN,23231,11,20000,C01,D,Q,DD,20993017,USD,2022,0.016683,2024,A,6,6,Swiss Agency for Development and Co-operation,2022009192,177-Q37-2022-3546,South of Sahara,LDCs,20000,Donor country-based NGO,10,ODA,110,Standard grant,7,ETUDE PRÉALABLE À L'INSTALLATION DE CENTRALES PHOTOVOLTAÏQUES AU SÉNÉGAL,Etude préalable à l'installation de centrales photovoltaïques au Sénégal,"The SDC negotiates programme contributions as part of institutional partnerships. For the assessment and negotiation of programme contributions, which is based on the NGO's overall programme, the organisation is required to have a long-standing track record and have successfully undergone the admission procedure. Programme contributions are an investment in the competences and capacities of the NGOs and in the relevance of their programmes.",8;7;1,0,1,0,0,0,0,0,0,1,0,0,,,,3,,
OECD.DCD.FSD:DSD_CRS@DF_CRS(1.6),FRA,SEN,23231,11,20000,C01,D,Q,DD,21791445,USD,2022,0.009274,2024,A,6,6,COOP DECENTRAL/MAE,2022311688CT,,South of Sahara,LDCs,20000,Donor country-based NGO,10,ODA,110,Standard grant,1,"PRODUCTION D'ENERGIE, SOURCES RENOUVELABLES-ENERGIE SOLAIRE POUR RÉSEAUX ISOLÉS ET SYSTÈMES AUTONOMES","Production d'energie, sources renouvelables-Energie solaire pour réseaux isolés et systèmes autonomes","Production d'energie, sources renouvelables-Energie solaire pour réseaux isolés et systèmes autonomes - Commune de Paris",7;13,,2,,,,,,,2,,,,0.008400,,1,,
OECD.DCD.FSD:DSD_CRS@DF_CRS(1.6),FRA,SEN,23210,11,20000,C01,C,Q,DD,21292069,USD,2022,0.010375,2024,A,6,6,COOP DECENTRAL/MAE,2022312403CT,,South of Sahara,LDCs,20000,Donor country-based NGO,10,ODA,110,Standard grant,1,"PRODUCTION D'ENERGIE, SOURCES RENOUVELABLES-PRODUCTION D'ÉNERGIE, SOURCES RENOUVELABLES - MULTIPLES TECHNOLOGIES","Production d'energie, sources renouvelables-Production d'énergie, sources renouvelables - multiples technologies","Production d'energie, sources renouvelables-Production d'énergie, sources renouvelables - multiples technologies - Conseil régional de Bourgogne-Franche-Comté",7;4;12,0,0,,,,,,,0,,,,0.009400,,1,,
OECD.DCD.FSD:DSD_CRS@DF_CRS(1.6),FRA,SEN,23210,11,20000,C01,D,Q,DD,21797549,USD,2022,0.069856,2024,A,6,6,COOP DECENTRAL/MAE,2022312550CT,,South of Sahara,LDCs,20000,Donor country-based NGO,10,ODA,110,Standard grant,1,"PRODUCTION D'ENERGIE, SOURCES RENOUVELABLES-PRODUCTION D'ÉNERGIE, SOURCES RENOUVELABLES - MULTIPLES TECHNOLOGIES","Production d'energie, sources renouvelables-Production d'énergie, sources renouvelables - multiples technologies","Production d'energie, sources renouvelables-Production d'énergie, sources renouvelables - multiples technologies - Conseil régional de Hauts-de-France",7;4;13,,2,,,1,,,0,1,2,1,0.000000,0.063400,,1,,
OECD.DCD.FSD:DSD_CRS@DF_CRS(1.6),FRA,SEN,23630,13,10000,C01,C,Q,DD,21296652,USD,2022,34.776565,2024,A,6,6,French Development Agency,2022203800,CSN162001,South of Sahara,LDCs,10000,Central Government (recipient govt.),10,ODA,421,Standard loan,1,ACCÈS PAR EXTENSIONS,Accès par extensions,"Cofinancement avec l'Union européenne, la BEI et la GIZ dans le secteur de l'énergie pour de l'électrification rurale dans les concessions d'électrification rurale de Matam et de Ziguinchor, exploitées par Senelec. Le programme inclut une forte dimension Genre et une feuille de route de sortie du SF6. Le programme vise à répondre à l'objectif présenté par le Président Macky Sall pour l'accès universel à l'électricité. 100% des ménages doivent avoir un compteur et le raccordement intérieur.",7.b,1,1,0,,,,,0,1,1,0,,31.549100,,1,,
OECD.DCD.FSD:DSD_CRS@DF_CRS(1.6),FRA,SEN,23230,11,10000,C01,D,Q,DD,21794236,USD,2022,0.107807,2024,A,6,6,MINEFI/NATEXIS,2021352211, C220L2,South of Sahara,LDCs,10000,Recipient Government,10,ODA,110,Standard grant,1,FASEP 1222 -DEMONSTR PHOTOVOLTAIQUE AGRICULTURE,FASEP 1222 -DEMONSTR PHOTOVOLTAIQUE AGRICULTURE,FASEP 1222 -DEMONSTR PHOTOVOLTAIQUE AGRICULTURE,7.2;13,1,1,,,,,,,1,,1,,,,3,,
OECD.DCD.FSD:DSD_CRS@DF_CRS(1.6),FRA,SEN,23183,11,10000,C01,D,Q,DD,21794197,USD,2022,0.153017,2024,A,6,6,MINEFI/NATEXIS,2019352211, C220E2,South of Sahara,LDCs,10000,Recipient Government,10,ODA,110,Standard grant,1,FASEP 1144- SOLUTION COOLROOFING,FASEP 1144- SOLUTION COOLROOFING,FASEP 1144- SOLUTION COOLROOFING,11;10,,2,,,,,,,1,,,,,,3,,
OECD.DCD.FSD:DSD_CRS@DF_CRS(1.6),FRA,SEN,23183,11,10000,C01,D,Q,DD,21794238,USD,2022,0.139106,2024,A,6,6,MINEFI/NATEXIS,2021352511, C220M2,South of Sahara,LDCs,10000,Recipient Government,10,ODA,110,Standard grant,1,FASEP 1229-DEMONSTR REGENERATEUR BATTERIES HUILES,FASEP 1229-DEMONSTR REGENERATEUR BATTERIES HUILES,FASEP 1229-DEMONSTR REGENERATEUR BATTERIES HUILES,7.a;13,,2,,1,,,,1,1,,,,,,3,,
OECD.DCD.FSD:DSD_CRS@DF_CRS(1.6),FRA,SEN,23360,11,10000,C01,D,Q,DD,21790436,USD,2022,0.016094,2024,A,6,6,French Development Agency,2020140000,CSN166701,South of Sahara,LDCs,10000,Central Government (recipient govt.),10,ODA,110,Standard grant,1,FAPS POUR LES ÉTUDES LIÉES AU PROMOGED,FAPS pour les études liées au PROMOGED,"FAPS pour les études liées au PROMOGED : filière plastique/CSR, étude économique et financière et accompagnement PPP",,,0,0,,,,,,,,0,,,,3,,
OECD.DCD.FSD:DSD_CRS@DF_CRS(1.6),FRA,SEN,23210,11,20000,C01,D,Q,DD,21797402,USD,2022,0.010375,2024,A,6,6,COOP DECENTRAL/MAE,2022312403CT,,South of Sahara,LDCs,20000,Donor country-based NGO,10,ODA,110,Standard grant,1,"PRODUCTION D'ENERGIE, SOURCES RENOUVELABLES-PRODUCTION D'ÉNERGIE, SOURCES RENOUVELABLES - MULTIPLES TECHNOLOGIES","Production d'energie, sources renouvelables-Production d'énergie, sources renouvelables - multiples technologies","Production d'energie, sources renouvelables-Production d'énergie, sources renouvelables - multiples technologies - Conseil régional de Bourgogne-Franche-Comté",7;4;12,0,0,,,,,,,0,,,,0.009400,,1,,
OECD.DCD.FSD:DSD_CRS@DF_CRS(1.6),FRA,SEN,23231,11,20000,C01,C,Q,DD,21287616,USD,2022,0.009274,2024,A,6,6,COOP DECENTRAL/MAE,2022311688CT,,South of Sahara,LDCs,20000,Donor country-based NGO,10,ODA,110,Standard grant,1,"PRODUCTION D'ENERGIE, SOURCES RENOUVELABLES-ENERGIE SOLAIRE POUR RÉSEAUX ISOLÉS ET SYSTÈMES AUTONOMES","Production d'energie, sources renouvelables-Energie solaire pour réseaux isolés et systèmes autonomes","Production d'energie, sources renouvelables-Energie solaire pour réseaux isolés et systèmes autonomes - Commune de Paris",7;13,,2,,,,,,,2,,,,0.008400,,1,,
OECD.DCD.FSD:DSD_CRS@DF_CRS(1.6),FRA,SEN,23210,11,20000,C01,C,Q,DD,21294916,USD,2022,0.069856,2024,A,6,6,COOP DECENTRAL/MAE,2022312550CT,,South of Sahara,LDCs,20000,Donor country-based NGO,10,ODA,110,Standard grant,1,"PRODUCTION D'ENERGIE, SOURCES RENOUVELABLES-PRODUCTION D'ÉNERGIE, SOURCES RENOUVELABLES - MULTIPLES TECHNOLOGIES","Production d'energie, sources renouvelables-Production d'énergie, sources renouvelables - multiples technologies","Production d'energie, sources renouvelables-Production d'énergie, sources renouvelables - multiples technologies - Conseil régional de Hauts-de-France",7;4;13,,2,,,1,,,0,1,2,1,0.000000,0.063400,,1,,
OECD.DCD.FSD:DSD_CRS@DF_CRS(1.6),CAN,SEN,23210,11,20000,C01,D,Q,DD,20941629,USD,2022,0.012621,2024,A,6,6,Global Affairs Canada,20192007360001,P005874001,South of Sahara,LDCs,20000,Donor country-based NGO,10,ODA,110,Standard grant,1,BUILDING COMMUNITY RESILIENCE TO CLIMATE CHANGE IN SENEGAL/RENFORCER LA RÉSILIENCE DES COMMUNAUTÉS FACE AUX CHANGEMENTS CLIMATIQUES AU SÉNÉGAL,Building Community Resilience to Climate Change in Senegal/Renforcer la résilience des communautés face aux changements climatiques au Sénégal,"This project aims to improve rural communities' resilience to climate change, especially for women, in the Kedougou region of Senegal. Project activities include: (1) providing training to 360 farmers from 21 villages on improving planting techniques and gender integration, (2) providing farmers with fonio (a type of heritage grain) seeds and agricultural inputs, including soil nutrient field test kits, (3) training  women-led cooperatives on the creation and marketing of biomass briquettes (for fuel), and the use of grain/cereal husking machines, (4) training community members on forest product harvesting and bushfire prevention, (5) seeding 28,000 indigenous plants, and (6) promoting agroforestry and the use of an indigenous tree species to enhance forest carbon sinks.The Jane Goodall Institute of Canada implements this project in partnership with Instituto Jane Goodall, the Réserve Naturelle Communautaire de Dindéfélo (Dindéfélo Community Natural Reserve) and the Association Nébéday. / Ce projet vise à améliorer la résilience des communautés rurales face au changement climatique, notamment pour les femmes, dans la région de Kédougou au Sénégal. Les activités du projet comprennent : 1) la formation de 360 agriculteurs de 21 villages à l'amélioration des techniques de plantation et à l'intégration de la dimension de genre, 2) la fourniture aux agriculteurs de semences de fonio (un type de céréale patrimoniale) et d'intrants agricoles, y compris des trousses d'essai sur le terrain pour les éléments nutritifs des sols, 3) la formation de coopératives dirigées par des femmes à la création et à la commercialisation de briquettes de biomasse (comme combustible) et à l'utilisation de machines à décortiquer les céréales, 4) formation des membres de la communauté sur la récolte des produits forestiers et la prévention des feux de brousse, 5) ensemencement de 28 000 plantes indigènes , et (6) promotion de l'agroforesterie et de l'utilisation d'une espèce d'arbre indigène pour améliorer les puits de carbone forestiers.L'Institut Jane Goodall du Canada met en œuvre ce projet en partenariat avec l'Instituto Jane Goodall, la Réserve Naturelle Communautaire de Dindéfélo et l'Association Nébéday.",9;8;7;2;13,1,2,1,0,0,0,1,1,2,2,1,,,,3,,
OECD.DCD.FSD:DSD_CRS@DF_CRS(1.6),CAN,SEN,23210,11,20000,C01,D,Q,DD,20941639,USD,2022,0.020194,2024,A,6,6,Global Affairs Canada,20192007360003,P005874001,South of Sahara,LDCs,20000,Donor country-based NGO,10,ODA,110,Standard grant,1,BUILDING COMMUNITY RESILIENCE TO CLIMATE CHANGE IN SENEGAL/RENFORCER LA RÉSILIENCE DES COMMUNAUTÉS FACE AUX CHANGEMENTS CLIMATIQUES AU SÉNÉGAL,Building Community Resilience to Climate Change in Senegal/Renforcer la résilience des communautés face aux changements climatiques au Sénégal,"This project aims to improve rural communities' resilience to climate change, especially for women, in the Kedougou region of Senegal. Project activities include: (1) providing training to 360 farmers from 21 villages on improving planting techniques and gender integration, (2) providing farmers with fonio (a type of heritage grain) seeds and agricultural inputs, including soil nutrient field test kits, (3) training  women-led cooperatives on the creation and marketing of biomass briquettes (for fuel), and the use of grain/cereal husking machines, (4) training community members on forest product harvesting and bushfire prevention, (5) seeding 28,000 indigenous plants, and (6) promoting agroforestry and the use of an indigenous tree species to enhance forest carbon sinks.The Jane Goodall Institute of Canada implements this project in partnership with Instituto Jane Goodall, the Réserve Naturelle Communautaire de Dindéfélo (Dindéfélo Community Natural Reserve) and the Association Nébéday. / Ce projet vise à améliorer la résilience des communautés rurales face au changement climatique, notamment pour les femmes, dans la région de Kédougou au Sénégal. Les activités du projet comprennent : 1) la formation de 360 agriculteurs de 21 villages à l'amélioration des techniques de plantation et à l'intégration de la dimension de genre, 2) la fourniture aux agriculteurs de semences de fonio (un type de céréale patrimoniale) et d'intrants agricoles, y compris des trousses d'essai sur le terrain pour les éléments nutritifs des sols, 3) la formation de coopératives dirigées par des femmes à la création et à la commercialisation de briquettes de biomasse (comme combustible) et à l'utilisation de machines à décortiquer les céréales, 4) formation des membres de la communauté sur la récolte des produits forestiers et la prévention des feux de brousse, 5) ensemencement de 28 000 plantes indigènes , et (6) promotion de l'agroforesterie et de l'utilisation d'une espèce d'arbre indigène pour améliorer les puits de carbone forestiers.L'Institut Jane Goodall du Canada met en œuvre ce projet en partenariat avec l'Instituto Jane Goodall, la Réserve Naturelle Communautaire de Dindéfélo et l'Association Nébéday.",9;8;7;2;13,1,2,1,0,0,0,1,1,2,2,1,,,,3,,
OECD.DCD.FSD:DSD_CRS@DF_CRS(1.6),CAN,SEN,23210,11,20000,C01,D,Q,DD,20941634,USD,2022,0.010096,2024,A,6,6,Global Affairs Canada,20192007360002,P005874001,South of Sahara,LDCs,20000,Donor country-based NGO,10,ODA,110,Standard grant,1,BUILDING COMMUNITY RESILIENCE TO CLIMATE CHANGE IN SENEGAL/RENFORCER LA RÉSILIENCE DES COMMUNAUTÉS FACE AUX CHANGEMENTS CLIMATIQUES AU SÉNÉGAL,Building Community Resilience to Climate Change in Senegal/Renforcer la résilience des communautés face aux changements climatiques au Sénégal,"This project aims to improve rural communities' resilience to climate change, especially for women, in the Kedougou region of Senegal. Project activities include: (1) providing training to 360 farmers from 21 villages on improving planting techniques and gender integration, (2) providing farmers with fonio (a type of heritage grain) seeds and agricultural inputs, including soil nutrient field test kits, (3) training  women-led cooperatives on the creation and marketing of biomass briquettes (for fuel), and the use of grain/cereal husking machines, (4) training community members on forest product harvesting and bushfire prevention, (5) seeding 28,000 indigenous plants, and (6) promoting agroforestry and the use of an indigenous tree species to enhance forest carbon sinks.The Jane Goodall Institute of Canada implements this project in partnership with Instituto Jane Goodall, the Réserve Naturelle Communautaire de Dindéfélo (Dindéfélo Community Natural Reserve) and the Association Nébéday. / Ce projet vise à améliorer la résilience des communautés rurales face au changement climatique, notamment pour les femmes, dans la région de Kédougou au Sénégal. Les activités du projet comprennent : 1) la formation de 360 agriculteurs de 21 villages à l'amélioration des techniques de plantation et à l'intégration de la dimension de genre, 2) la fourniture aux agriculteurs de semences de fonio (un type de céréale patrimoniale) et d'intrants agricoles, y compris des trousses d'essai sur le terrain pour les éléments nutritifs des sols, 3) la formation de coopératives dirigées par des femmes à la création et à la commercialisation de briquettes de biomasse (comme combustible) et à l'utilisation de machines à décortiquer les céréales, 4) formation des membres de la communauté sur la récolte des produits forestiers et la prévention des feux de brousse, 5) ensemencement de 28 000 plantes indigènes , et (6) promotion de l'agroforesterie et de l'utilisation d'une espèce d'arbre indigène pour améliorer les puits de carbone forestiers.L'Institut Jane Goodall du Canada met en œuvre ce projet en partenariat avec l'Instituto Jane Goodall, la Réserve Naturelle Communautaire de Dindéfélo et l'Association Nébéday.",9;8;7;2;13,1,2,1,0,0,0,1,1,2,2,1,,,,3,,
OECD.DCD.FSD:DSD_CRS@DF_CRS(1.6),CAN,SEN,23210,11,20000,C01,D,Q,DD,20941644,USD,2022,0.007573,2024,A,6,6,Global Affairs Canada,20192007360004,P005874001,South of Sahara,LDCs,20000,Donor country-based NGO,10,ODA,110,Standard grant,1,BUILDING COMMUNITY RESILIENCE TO CLIMATE CHANGE IN SENEGAL/RENFORCER LA RÉSILIENCE DES COMMUNAUTÉS FACE AUX CHANGEMENTS CLIMATIQUES AU SÉNÉGAL,Building Community Resilience to Climate Change in Senegal/Renforcer la résilience des communautés face aux changements climatiques au Sénégal,"This project aims to improve rural communities' resilience to climate change, especially for women, in the Kedougou region of Senegal. Project activities include: (1) providing training to 360 farmers from 21 villages on improving planting techniques and gender integration, (2) providing farmers with fonio (a type of heritage grain) seeds and agricultural inputs, including soil nutrient field test kits, (3) training  women-led cooperatives on the creation and marketing of biomass briquettes (for fuel), and the use of grain/cereal husking machines, (4) training community members on forest product harvesting and bushfire prevention, (5) seeding 28,000 indigenous plants, and (6) promoting agroforestry and the use of an indigenous tree species to enhance forest carbon sinks.The Jane Goodall Institute of Canada implements this project in partnership with Instituto Jane Goodall, the Réserve Naturelle Communautaire de Dindéfélo (Dindéfélo Community Natural Reserve) and the Association Nébéday. / Ce projet vise à améliorer la résilience des communautés rurales face au changement climatique, notamment pour les femmes, dans la région de Kédougou au Sénégal. Les activités du projet comprennent : 1) la formation de 360 agriculteurs de 21 villages à l'amélioration des techniques de plantation et à l'intégration de la dimension de genre, 2) la fourniture aux agriculteurs de semences de fonio (un type de céréale patrimoniale) et d'intrants agricoles, y compris des trousses d'essai sur le terrain pour les éléments nutritifs des sols, 3) la formation de coopératives dirigées par des femmes à la création et à la commercialisation de briquettes de biomasse (comme combustible) et à l'utilisation de machines à décortiquer les céréales, 4) formation des membres de la communauté sur la récolte des produits forestiers et la prévention des feux de brousse, 5) ensemencement de 28 000 plantes indigènes , et (6) promotion de l'agroforesterie et de l'utilisation d'une espèce d'arbre indigène pour améliorer les puits de carbone forestiers.L'Institut Jane Goodall du Canada met en œuvre ce projet en partenariat avec l'Instituto Jane Goodall, la Réserve Naturelle Communautaire de Dindéfélo et l'Association Nébéday.",9;8;7;2;13,1,2,1,0,0,0,1,1,2,2,1,,,,3,,
OECD.DCD.FSD:DSD_CRS@DF_CRS(1.6),CAN,SEN,23210,11,50000,C01,D,Q,DD,20943137,USD,2022,0.001888,2024,A,6,6,Global Affairs Canada,20192010760018,P007667001,South of Sahara,LDCs,50000,"University, college or other teaching institution, research institute or think-tank",10,ODA,110,Standard grant,1,ADAPTATION OF COASTAL COMMUNITIES AND THE BLUE ECONOMY (APOCEB)/ADAPTATION DES POPULATIONS CÔTIÈRES ET ÉCONOMIE BLEUE (APOCEB),Adaptation of Coastal Communities and the Blue Economy (APOCEB)/Adaptation des populations côtières et économie bleue (APOCEB),"The APOCEB initiative targets coastal communities in Cacheu park in Guinea Bissau, the Tristao islands in the Republic of Guinea, Niumi National Park in Gambia and the Abéné marine protected area in Senegal. The initiative aims to improve the economic, social and environmental development of these communities in a sustainable way, as well as the living, working and health conditions of its residents and the resilience of vulnerable populations to climate change. Ultimately, this project will benefit the 67,568 residents of the villages targeted in the four countries.The three key areas of focus are as follows: (1) Protecting and restoring mangroves and implementing a management plan for resources and renewable energy, (2) Enhancing and strengthening value chains, mariculture and tourism with waste management and the circular economy, (3) Promoting gender equality, the rights of the most vulnerable groups and youth employment in the economic governance of their activities in a climate change context. Certaines des innovations incluent l'accompagnement des groupes les plus vulnérables, les femmes et les jeunes, dans la mise en valeur des ressources naturelles et le développement d'une économie circulaire bleue durable. C'est-à-dire qu'APOCEB vise à commercialiser sans intermédiaires des produits à forte valeur ajoutée, exploités durablement pour permettre aux communautés visées de devenir des références sous régionales en matière d'exploitation et de valorisation durable des ressources. Une autre des innovations a trait à l'égalité des genres qui est définie dans le cadre du projet APOCEB par l'égalité des chances, entre autres dans le cadre d'activités d'économie circulaire.  Cette composante de l'initiative permet aux jeunes femmes de bénéficier des mêmes droits et opportunités que les jeunes hommes. Pour garantir l'égalité des chances, les leaders féminins feront partie des comités de sélection aux côtés des experts locaux du projet. Les jeunes femmes seront notamment accompagnées et soutenues pour déposer leur candidature afin de limiter les effets de la pression sociale. The initiative aims to improve scientific knowledge on the various resources with a view to helping the communities with their sustainable management and development and collecting specific data about the areas in order to develop a predictive climate change model with the goal of ensuring the communities are better adapted.The project includes the following activities: (1) developing a specific training plan to equip women in choosing revenue-generating activities to be undertaken in a changing climate change context, (2) collecting field data in cooperation with women and young women to identify natural resources with a high potential, (3) selecting 20 young people per country to become climate ambassadors, (4) ensuring the reforestation of the mangroves and monitoring the replanted areas, (5) defining a circular economy model linked to the blue economy in the form of a targ",8;7;15;14;12,1,2,1,0,1,0,0,1,1,1,1,,,,3,,
OECD.DCD.FSD:DSD_CRS@DF_CRS(1.6),CAN,SEN,23210,11,50000,C01,D,Q,DD,20943149,USD,2022,0.005666,2024,A,6,6,Global Affairs Canada,20192010760020,P007667001,South of Sahara,LDCs,50000,"University, college or other teaching institution, research institute or think-tank",10,ODA,110,Standard grant,1,ADAPTATION OF COASTAL COMMUNITIES AND THE BLUE ECONOMY (APOCEB)/ADAPTATION DES POPULATIONS CÔTIÈRES ET ÉCONOMIE BLEUE (APOCEB),Adaptation of Coastal Communities and the Blue Economy (APOCEB)/Adaptation des populations côtières et économie bleue (APOCEB),"The APOCEB initiative targets coastal communities in Cacheu park in Guinea Bissau, the Tristao islands in the Republic of Guinea, Niumi National Park in Gambia and the Abéné marine protected area in Senegal. The initiative aims to improve the economic, social and environmental development of these communities in a sustainable way, as well as the living, working and health conditions of its residents and the resilience of vulnerable populations to climate change. Ultimately, this project will benefit the 67,568 residents of the villages targeted in the four countries.The three key areas of focus are as follows: (1) Protecting and restoring mangroves and implementing a management plan for resources and renewable energy, (2) Enhancing and strengthening value chains, mariculture and tourism with waste management and the circular economy, (3) Promoting gender equality, the rights of the most vulnerable groups and youth employment in the economic governance of their activities in a climate change context. Certaines des innovations incluent l'accompagnement des groupes les plus vulnérables, les femmes et les jeunes, dans la mise en valeur des ressources naturelles et le développement d'une économie circulaire bleue durable. C'est-à-dire qu'APOCEB vise à commercialiser sans intermédiaires des produits à forte valeur ajoutée, exploités durablement pour permettre aux communautés visées de devenir des références sous régionales en matière d'exploitation et de valorisation durable des ressources. Une autre des innovations a trait à l'égalité des genres qui est définie dans le cadre du projet APOCEB par l'égalité des chances, entre autres dans le cadre d'activités d'économie circulaire.  Cette composante de l'initiative permet aux jeunes femmes de bénéficier des mêmes droits et opportunités que les jeunes hommes. Pour garantir l'égalité des chances, les leaders féminins feront partie des comités de sélection aux côtés des experts locaux du projet. Les jeunes femmes seront notamment accompagnées et soutenues pour déposer leur candidature afin de limiter les effets de la pression sociale. The initiative aims to improve scientific knowledge on the various resources with a view to helping the communities with their sustainable management and development and collecting specific data about the areas in order to develop a predictive climate change model with the goal of ensuring the communities are better adapted.The project includes the following activities: (1) developing a specific training plan to equip women in choosing revenue-generating activities to be undertaken in a changing climate change context, (2) collecting field data in cooperation with women and young women to identify natural resources with a high potential, (3) selecting 20 young people per country to become climate ambassadors, (4) ensuring the reforestation of the mangroves and monitoring the replanted areas, (5) defining a circular economy model linked to the blue economy in the form of a targ",8;7;15;14;12,1,2,1,0,1,0,0,1,1,1,1,,,,3,,
OECD.DCD.FSD:DSD_CRS@DF_CRS(1.6),CAN,SEN,23210,11,50000,C01,D,Q,DD,20943143,USD,2022,0.00642,2024,A,6,6,Global Affairs Canada,20192010760019,P007667001,South of Sahara,LDCs,50000,"University, college or other teaching institution, research institute or think-tank",10,ODA,110,Standard grant,1,ADAPTATION OF COASTAL COMMUNITIES AND THE BLUE ECONOMY (APOCEB)/ADAPTATION DES POPULATIONS CÔTIÈRES ET ÉCONOMIE BLEUE (APOCEB),Adaptation of Coastal Communities and the Blue Economy (APOCEB)/Adaptation des populations côtières et économie bleue (APOCEB),"The APOCEB initiative targets coastal communities in Cacheu park in Guinea Bissau, the Tristao islands in the Republic of Guinea, Niumi National Park in Gambia and the Abéné marine protected area in Senegal. The initiative aims to improve the economic, social and environmental development of these communities in a sustainable way, as well as the living, working and health conditions of its residents and the resilience of vulnerable populations to climate change. Ultimately, this project will benefit the 67,568 residents of the villages targeted in the four countries.The three key areas of focus are as follows: (1) Protecting and restoring mangroves and implementing a management plan for resources and renewable energy, (2) Enhancing and strengthening value chains, mariculture and tourism with waste management and the circular economy, (3) Promoting gender equality, the rights of the most vulnerable groups and youth employment in the economic governance of their activities in a climate change context. Certaines des innovations incluent l'accompagnement des groupes les plus vulnérables, les femmes et les jeunes, dans la mise en valeur des ressources naturelles et le développement d'une économie circulaire bleue durable. C'est-à-dire qu'APOCEB vise à commercialiser sans intermédiaires des produits à forte valeur ajoutée, exploités durablement pour permettre aux communautés visées de devenir des références sous régionales en matière d'exploitation et de valorisation durable des ressources. Une autre des innovations a trait à l'égalité des genres qui est définie dans le cadre du projet APOCEB par l'égalité des chances, entre autres dans le cadre d'activités d'économie circulaire.  Cette composante de l'initiative permet aux jeunes femmes de bénéficier des mêmes droits et opportunités que les jeunes hommes. Pour garantir l'égalité des chances, les leaders féminins feront partie des comités de sélection aux côtés des experts locaux du projet. Les jeunes femmes seront notamment accompagnées et soutenues pour déposer leur candidature afin de limiter les effets de la pression sociale. The initiative aims to improve scientific knowledge on the various resources with a view to helping the communities with their sustainable management and development and collecting specific data about the areas in order to develop a predictive climate change model with the goal of ensuring the communities are better adapted.The project includes the following activities: (1) developing a specific training plan to equip women in choosing revenue-generating activities to be undertaken in a changing climate change context, (2) collecting field data in cooperation with women and young women to identify natural resources with a high potential, (3) selecting 20 young people per country to become climate ambassadors, (4) ensuring the reforestation of the mangroves and monitoring the replanted areas, (5) defining a circular economy model linked to the blue economy in the form of a targ",8;7;15;14;12,1,2,1,0,1,0,0,1,1,1,1,,,,3,,
OECD.DCD.FSD:DSD_CRS@DF_CRS(1.6),CAN,SEN,23210,11,50000,C01,D,Q,DD,20940425,USD,2022,0.020773,2024,A,6,6,Global Affairs Canada,20192010760016,P007667001,South of Sahara,LDCs,50000,"University, college or other teaching institution, research institute or think-tank",10,ODA,110,Standard grant,1,ADAPTATION OF COASTAL COMMUNITIES AND THE BLUE ECONOMY (APOCEB)/ADAPTATION DES POPULATIONS CÔTIÈRES ET ÉCONOMIE BLEUE (APOCEB),Adaptation of Coastal Communities and the Blue Economy (APOCEB)/Adaptation des populations côtières et économie bleue (APOCEB),"The APOCEB initiative targets coastal communities in Cacheu park in Guinea Bissau, the Tristao islands in the Republic of Guinea, Niumi National Park in Gambia and the Abéné marine protected area in Senegal. The initiative aims to improve the economic, social and environmental development of these communities in a sustainable way, as well as the living, working and health conditions of its residents and the resilience of vulnerable populations to climate change. Ultimately, this project will benefit the 67,568 residents of the villages targeted in the four countries.The three key areas of focus are as follows: (1) Protecting and restoring mangroves and implementing a management plan for resources and renewable energy, (2) Enhancing and strengthening value chains, mariculture and tourism with waste management and the circular economy, (3) Promoting gender equality, the rights of the most vulnerable groups and youth employment in the economic governance of their activities in a climate change context. Certaines des innovations incluent l'accompagnement des groupes les plus vulnérables, les femmes et les jeunes, dans la mise en valeur des ressources naturelles et le développement d'une économie circulaire bleue durable. C'est-à-dire qu'APOCEB vise à commercialiser sans intermédiaires des produits à forte valeur ajoutée, exploités durablement pour permettre aux communautés visées de devenir des références sous régionales en matière d'exploitation et de valorisation durable des ressources. Une autre des innovations a trait à l'égalité des genres qui est définie dans le cadre du projet APOCEB par l'égalité des chances, entre autres dans le cadre d'activités d'économie circulaire.  Cette composante de l'initiative permet aux jeunes femmes de bénéficier des mêmes droits et opportunités que les jeunes hommes. Pour garantir l'égalité des chances, les leaders féminins feront partie des comités de sélection aux côtés des experts locaux du projet. Les jeunes femmes seront notamment accompagnées et soutenues pour déposer leur candidature afin de limiter les effets de la pression sociale. The initiative aims to improve scientific knowledge on the various resources with a view to helping the communities with their sustainable management and development and collecting specific data about the areas in order to develop a predictive climate change model with the goal of ensuring the communities are better adapted.The project includes the following activities: (1) developing a specific training plan to equip women in choosing revenue-generating activities to be undertaken in a changing climate change context, (2) collecting field data in cooperation with women and young women to identify natural resources with a high potential, (3) selecting 20 young people per country to become climate ambassadors, (4) ensuring the reforestation of the mangroves and monitoring the replanted areas, (5) defining a circular economy model linked to the blue economy in the form of a targ",8;7;15;14;12,1,2,1,0,1,0,0,1,1,1,1,,,,3,,
OECD.DCD.FSD:DSD_CRS@DF_CRS(1.6),JPN,SEN,23110,11,10000,C01,C,Q,DD,21321781,USD,2022,0.003399,2024,A,6,6,Japanese International Co-operation Agency,2022956746,,South of Sahara,LDCs,10000,Recipient Government,10,ODA,110,Standard grant,1,TC AGGREGATED ACTIVITIES,TC AGGREGATED ACTIVITIES,TC AGGREGATED ACTIVITIES,7;13,,,,,,,,,0,0,,,,,1,,
OECD.DCD.FSD:DSD_CRS@DF_CRS(1.6),JPN,SEN,23210,11,10000,C01,C,Q,DD,21321782,USD,2022,0.001961,2024,A,6,6,Japanese International Co-operation Agency,2022956747,,South of Sahara,LDCs,10000,Recipient Government,10,ODA,110,Standard grant,1,TC AGGREGATED ACTIVITIES,TC AGGREGATED ACTIVITIES,TC AGGREGATED ACTIVITIES,7;13,,,,,,,,,0,0,,,,,1,,
OECD.DCD.FSD:DSD_CRS@DF_CRS(1.6),JPN,SEN,23630,11,10000,C01,D,Q,DD,21835657,USD,2022,4.617027,2024,A,6,6,Ministry of Foreign Affairs,2017010680,1760450,South of Sahara,LDCs,10000,Central Government (recipient govt.),10,ODA,110,Standard grant,1,THE PROJECT FOR URGENT REHABILITATION AND REINFORCEMENT OF ENERGY DISTRIBUTION NETWORK IN THE REGION OF DAKAR,The Project for Urgent Rehabilitation and Reinforcement of Energy Distribution Network in the Region of Dakar,The Project for Urgent Rehabilitation and Reinforcement of Energy Distribution Network in the Region of Dakar,,0,0,0,0,,,,0,0,0,0,,,,3,,
OECD.DCD.FSD:DSD_CRS@DF_CRS(1.6),CAN,SEN,23210,11,50000,C01,D,Q,DD,20943131,USD,2022,0.003021,2024,A,6,6,Global Affairs Canada,20192010760017,P007667001,South of Sahara,LDCs,50000,"University, college or other teaching institution, research institute or think-tank",10,ODA,110,Standard grant,1,ADAPTATION OF COASTAL COMMUNITIES AND THE BLUE ECONOMY (APOCEB)/ADAPTATION DES POPULATIONS CÔTIÈRES ET ÉCONOMIE BLEUE (APOCEB),Adaptation of Coastal Communities and the Blue Economy (APOCEB)/Adaptation des populations côtières et économie bleue (APOCEB),"The APOCEB initiative targets coastal communities in Cacheu park in Guinea Bissau, the Tristao islands in the Republic of Guinea, Niumi National Park in Gambia and the Abéné marine protected area in Senegal. The initiative aims to improve the economic, social and environmental development of these communities in a sustainable way, as well as the living, working and health conditions of its residents and the resilience of vulnerable populations to climate change. Ultimately, this project will benefit the 67,568 residents of the villages targeted in the four countries.The three key areas of focus are as follows: (1) Protecting and restoring mangroves and implementing a management plan for resources and renewable energy, (2) Enhancing and strengthening value chains, mariculture and tourism with waste management and the circular economy, (3) Promoting gender equality, the rights of the most vulnerable groups and youth employment in the economic governance of their activities in a climate change context. Certaines des innovations incluent l'accompagnement des groupes les plus vulnérables, les femmes et les jeunes, dans la mise en valeur des ressources naturelles et le développement d'une économie circulaire bleue durable. C'est-à-dire qu'APOCEB vise à commercialiser sans intermédiaires des produits à forte valeur ajoutée, exploités durablement pour permettre aux communautés visées de devenir des références sous régionales en matière d'exploitation et de valorisation durable des ressources. Une autre des innovations a trait à l'égalité des genres qui est définie dans le cadre du projet APOCEB par l'égalité des chances, entre autres dans le cadre d'activités d'économie circulaire.  Cette composante de l'initiative permet aux jeunes femmes de bénéficier des mêmes droits et opportunités que les jeunes hommes. Pour garantir l'égalité des chances, les leaders féminins feront partie des comités de sélection aux côtés des experts locaux du projet. Les jeunes femmes seront notamment accompagnées et soutenues pour déposer leur candidature afin de limiter les effets de la pression sociale. The initiative aims to improve scientific knowledge on the various resources with a view to helping the communities with their sustainable management and development and collecting specific data about the areas in order to develop a predictive climate change model with the goal of ensuring the communities are better adapted.The project includes the following activities: (1) developing a specific training plan to equip women in choosing revenue-generating activities to be undertaken in a changing climate change context, (2) collecting field data in cooperation with women and young women to identify natural resources with a high potential, (3) selecting 20 young people per country to become climate ambassadors, (4) ensuring the reforestation of the mangroves and monitoring the replanted areas, (5) defining a circular economy model linked to the blue economy in the form of a targ",8;7;15;14;12,1,2,1,0,1,0,0,1,1,1,1,,,,3,,
OECD.DCD.FSD:DSD_CRS@DF_CRS(1.6),4EU001,SEN,23630,13,10000,C01,D,Q,DD,21860705,USD,2022,8.205489,2024,A,6,6,European Investment Bank,2018001721,85674,South of Sahara,LDCs,10000,Central Government (recipient govt.),10,ODA,421,Standard loan,1,OMVG - INTERCONNECTION B,OMVG - INTERCONNECTION B,"Interconnexion électrique entre les pays membres de l'OMVG (Organisation de Mise en Valeur du fleuve Gambie: Sénégal, La Gambie, Guinée Bissau et Guinée Conakry).",7,0,0,0,0,0,0,0,0,0,0,0,0.000000,0.000000,0.000000,3,,
OECD.DCD.FSD:DSD_CRS@DF_CRS(1.6),BEL,SEN,23220,14,60000,C01,D,Q,DD,21044581,USD,2022,0.004693,2024,A,6,6,Belgian Investment Company for Developing Countries,2022007405,4564,South of Sahara,LDCs,60000,,21,Non-export credit OOF,510,Common equity,1,I AND P AFRIQUE ENTREPRENEURS II - DELTA SA,I and P Afrique Entrepreneurs II - Delta SA,"I&P Afrique Entrepreneurs II LP is a 10 year closed-end investment fund with a €80 m target size. IPAE2 aims at financing around 35 small SMEs in Africa through investments of € 0,5 to 3m which is generally considered as the «missing middle». Its mission is to promote the emergence of a new generation of responsible African entrepreneurs by investing minority equity and quasi-equity stakes in mainly mature but also early-stage SMEs, operating in Western and Central Africa, in the Indian Ocean region and to a lesser extent in Eastern Africa.",7,,2,,,,,,,2,,,,,,8,4,Details of PSI activities that are reported under the institutional approach
OECD.DCD.FSD:DSD_CRS@DF_CRS(1.6),BEL,SEN,23220,14,60000,C01,C,Q,DD,21440069,USD,2022,0.004693,2024,A,6,6,Belgian Investment Company for Developing Countries,2022007405,4564,South of Sahara,LDCs,60000,,21,Non-export credit OOF,510,Common equity,1,I AND P AFRIQUE ENTREPRENEURS II - DELTA SA,I and P Afrique Entrepreneurs II - Delta SA,"I&P Afrique Entrepreneurs II LP is a 10 year closed-end investment fund with a €80 m target size. IPAE2 aims at financing around 35 small SMEs in Africa through investments of € 0,5 to 3m which is generally considered as the «missing middle». Its mission is to promote the emergence of a new generation of responsible African entrepreneurs by investing minority equity and quasi-equity stakes in mainly mature but also early-stage SMEs, operating in Western and Central Africa, in the Indian Ocean region and to a lesser extent in Eastern Africa.",7,,2,,,,,,,2,,,,,,8,4,Details of PSI activities that are reported under the institutional approach
OECD.DCD.FSD:DSD_CRS@DF_CRS(1.6),USA,SEN,23110,11,10000,C01,D,Q,DD,20923216,USD,2022,1.775551,2024,A,6,6,Millennium Challenge Corporation,2022005514,40_2088,South of Sahara,LDCs,10000,Public corporations (donor govt.),10,ODA,110,Standard grant,1,MCC REGULATORY STRENGTHENING AND CAPACITY BUILDING PROJECT,MCC Regulatory Strengthening and Capacity Building Project,Legal and Regulatory Reform Activity,,0,0,0,0,0,0,,0,0,0,,,0.454300,,1,,
OECD.DCD.FSD:DSD_CRS@DF_CRS(1.6),USA,SEN,23630,11,10000,C01,D,Q,DD,20923236,USD,2022,2.094943,2024,A,6,6,Millennium Challenge Corporation,2022005542,40_2220,South of Sahara,LDCs,10000,Public corporations (donor govt.),10,ODA,110,Standard grant,1,MCC TRANSMISSION NETWORK PROJECT,MCC Transmission Network Project,Transformer Replacement Program Activity,,0,0,0,0,0,0,,0,0,0,,,-1.728800,,3,,
OECD.DCD.FSD:DSD_CRS@DF_CRS(1.6),USA,SEN,23630,11,10000,C01,D,Q,DD,20923235,USD,2022,0.174181,2024,A,6,6,Millennium Challenge Corporation,2022005541,40_2219,South of Sahara,LDCs,10000,Public corporations (donor govt.),10,ODA,110,Standard grant,1,MCC TRANSMISSION NETWORK PROJECT,MCC Transmission Network Project,Grid Stabilization Activity,,0,0,0,0,0,0,,0,0,0,,,2.253800,,1,,
OECD.DCD.FSD:DSD_CRS@DF_CRS(1.6),USA,SEN,23110,11,10000,C01,C,Q,DD,21365632,USD,2022,0.482805,2024,A,6,6,Millennium Challenge Corporation,2022005514,40_2088,South of Sahara,LDCs,10000,Public corporations (donor govt.),10,ODA,110,Standard grant,1,MCC REGULATORY STRENGTHENING AND CAPACITY BUILDING PROJECT,MCC Regulatory Strengthening and Capacity Building Project,Legal and Regulatory Reform Activity,,0,0,0,0,0,0,,0,0,0,,,0.454300,,1,,
OECD.DCD.FSD:DSD_CRS@DF_CRS(1.6),FRA,SEN,23230,11,10000,C01,D,Q,DD,21794198,USD,2022,0.171564,2024,A,6,6,MINEFI/NATEXIS,2019352511, C220F2,South of Sahara,LDCs,10000,Recipient Government,10,ODA,110,Standard grant,1,FASEP 1147-CENTRALE SOLAIRE PARC INDU DIAMNIADIO,FASEP 1147-CENTRALE SOLAIRE PARC INDU DIAMNIADIO,FASEP 1147-CENTRALE SOLAIRE PARC INDU DIAMNIADIO,7,,2,,2,,,,,,,,,,,3,,
OECD.DCD.FSD:DSD_CRS@DF_CRS(1.6),GBR,SEN,23210,14,60000,C01,D,Q,DD,21046279,USD,2022,0.71032,2024,A,6,6,British International Investment,2022004886,F314801_9,South of Sahara,LDCs,60000,,21,Non-export credit OOF,520,Shares in collective investment vehicles ,1,MERIDIAM INFRASTRUCTURE AFRICA FUND,Meridiam Infrastructure Africa Fund,Meridiam Infrastructure Africa Fund,,,,,,,,,,,,,,,,3,4,Details of PSI activities that are reported under the institutional approach
OECD.DCD.FSD:DSD_CRS@DF_CRS(1.6),KOR,SEN,23183,11,10000,C01,D,Q,DD,21779563,USD,2022,3.628301,2024,A,6,6,Miscellaneous,2020000732,GRP_0000145359,South of Sahara,LDCs,10000,Other public entities in donor country,10,ODA,110,Standard grant,1,FREQUENCY REGULATION SYSTEM WITH BATTERY ESS PACKAGE IN SENEGAL,Frequency Regulation System with Battery ESS Package in Senegal,Frequency Regulation System with Battery ESS Package in Senegal,7.3,,0,,,,,,,0,0,0,0.000000,0.000000,0.000000,3,,
