event_id,project_id,country,event_date,scope,financial_status,funder,window,instrument,amount_original,currency_original,amount_usd,conversion_method,source_id,document_sha256,locator,verification_status,notes
zaf-register-actip001-2026-03-30,zaf-register-actip001,ZAF,2021-11-01,jetp_strict,signed,ACT-IP,Skills,Grants,2280000,USD,2280000,JET PMU reported USD equivalent at 2026-03-30,zaf-jet-investment-register-q1-2026,5b5d6442da4e9e57b3c83b7bfc04a19135b2c5bf750c2480685d9d084dc093f4,"Overall - Data, Unique ID ACTIP001",official_register,Status=D. Completed; project implementation status is not treated as disbursement evidence
zaf-register-actip002-2026-03-30,zaf-register-actip002,ZAF,2023-01-01,jetp_strict,signed,ACT-IP,JT-Mpumalanga,Grants,47720000,USD,47720000,JET PMU reported USD equivalent at 2026-03-30,zaf-jet-investment-register-q1-2026,5b5d6442da4e9e57b3c83b7bfc04a19135b2c5bf750c2480685d9d084dc093f4,"Overall - Data, Unique ID ACTIP002",official_register,Status=B. Approved; project implementation status is not treated as disbursement evidence
zaf-register-can001-2026-03-30,zaf-register-can001,ZAF,2021-11-01,jetp_strict,signed,Canada,Skills,Grants,790000,CAD,592500,JET PMU reported USD equivalent at 2026-03-30,zaf-jet-investment-register-q1-2026,5b5d6442da4e9e57b3c83b7bfc04a19135b2c5bf750c2480685d9d084dc093f4,"Overall - Data, Unique ID CAN001",official_register,Status=C. Implementation Phase; project implementation status is not treated as disbursement evidence
zaf-register-can002-2026-03-30,zaf-register-can002,ZAF,2021-11-01,jetp_strict,signed,Canada,Skills,Grants,250000,CAD,187500,JET PMU reported USD equivalent at 2026-03-30,zaf-jet-investment-register-q1-2026,5b5d6442da4e9e57b3c83b7bfc04a19135b2c5bf750c2480685d9d084dc093f4,"Overall - Data, Unique ID CAN002",official_register,Status=C. Implementation Phase; project implementation status is not treated as disbursement evidence
zaf-register-can003-2026-03-30,zaf-register-can003,ZAF,2023-01-01,jetp_strict,signed,Canada,Skills,Grants,400000,CAD,300000,JET PMU reported USD equivalent at 2026-03-30,zaf-jet-investment-register-q1-2026,5b5d6442da4e9e57b3c83b7bfc04a19135b2c5bf750c2480685d9d084dc093f4,"Overall - Data, Unique ID CAN003",official_register,Status=C. Implementation Phase; project implementation status is not treated as disbursement evidence
zaf-register-can004-2026-03-30,zaf-register-can004,ZAF,2023-03-01,jetp_strict,signed,Canada,Skills,Grants,210000,CAD,157500,JET PMU reported USD equivalent at 2026-03-30,zaf-jet-investment-register-q1-2026,5b5d6442da4e9e57b3c83b7bfc04a19135b2c5bf750c2480685d9d084dc093f4,"Overall - Data, Unique ID CAN004",official_register,Status=C. Implementation Phase; project implementation status is not treated as disbursement evidence
zaf-register-can005-2026-03-30,zaf-register-can005,ZAF,2026-01-01,jetp_strict,signed,Canada,Skills,Grants,1500000,CAD,1125000,JET PMU reported USD equivalent at 2026-03-30,zaf-jet-investment-register-q1-2026,5b5d6442da4e9e57b3c83b7bfc04a19135b2c5bf750c2480685d9d084dc093f4,"Overall - Data, Unique ID CAN005",official_register,Status=B. Approved; Institutional / South African Partner=JET PMU; DHET; SETAs; project implementation status is not treated as disbursement evidence
zaf-register-can006-2026-03-30,zaf-register-can006,ZAF,2026-01-01,jetp_strict,signed,Canada,Skills,Grants,1250000,CAD,937500,JET PMU reported USD equivalent at 2026-03-30,zaf-jet-investment-register-q1-2026,5b5d6442da4e9e57b3c83b7bfc04a19135b2c5bf750c2480685d9d084dc093f4,"Overall - Data, Unique ID CAN006",official_register,Status=B. Approved; Institutional / South African Partner=JET PMU; BUSA; PCC; project implementation status is not treated as disbursement evidence
zaf-register-can007-2026-03-30,zaf-register-can007,ZAF,2026-01-01,jetp_strict,signed,Canada,Skills,Grants,1000000,CAD,750000,JET PMU reported USD equivalent at 2026-03-30,zaf-jet-investment-register-q1-2026,5b5d6442da4e9e57b3c83b7bfc04a19135b2c5bf750c2480685d9d084dc093f4,"Overall - Data, Unique ID CAN007",official_register,Status=B. Approved; Institutional / South African Partner=DHET; TVET Colleges; SETAs; project implementation status is not treated as disbursement evidence
zaf-register-can008-2026-03-30,zaf-register-can008,ZAF,2026-01-01,jetp_strict,signed,Canada,Skills,Grants,1250000,CAD,937500,JET PMU reported USD equivalent at 2026-03-30,zaf-jet-investment-register-q1-2026,5b5d6442da4e9e57b3c83b7bfc04a19135b2c5bf750c2480685d9d084dc093f4,"Overall - Data, Unique ID CAN008",official_register,Status=B. Approved; Institutional / South African Partner=DHET; SETAs; Private Sector; project implementation status is not treated as disbursement evidence
zaf-register-dk001-2026-03-30,zaf-register-dk001,ZAF,2021-11-01,jetp_strict,signed,Denmark,Electricity,Grants,18130000,DKK,2719500,JET PMU reported USD equivalent at 2026-03-30,zaf-jet-investment-register-q1-2026,5b5d6442da4e9e57b3c83b7bfc04a19135b2c5bf750c2480685d9d084dc093f4,"Overall - Data, Unique ID DK001",official_register,"Status=C. Implementation Phase; Institutional / South African Partner=Eskom, NERSA, DMRE, IPPO; project implementation status is not treated as disbursement evidence"
zaf-register-dk002-2026-03-30,zaf-register-dk002,ZAF,2021-11-01,jetp_strict,signed,Denmark,Electricity,Grants,22159000,DKK,3323850,JET PMU reported USD equivalent at 2026-03-30,zaf-jet-investment-register-q1-2026,5b5d6442da4e9e57b3c83b7bfc04a19135b2c5bf750c2480685d9d084dc093f4,"Overall - Data, Unique ID DK002",official_register,"Status=C. Implementation Phase; Institutional / South African Partner=Eskom, NERSA, DMRE, IPPO; project implementation status is not treated as disbursement evidence"
zaf-register-dk003-2026-03-30,zaf-register-dk003,ZAF,2022-10-11,jetp_strict,signed,Denmark,JT-Mpumalanga,Grants,1087000,DKK,152180,JET PMU reported USD equivalent at 2026-03-30,zaf-jet-investment-register-q1-2026,5b5d6442da4e9e57b3c83b7bfc04a19135b2c5bf750c2480685d9d084dc093f4,"Overall - Data, Unique ID DK003",official_register,"Status=D. Completed; Institutional / South African Partner=GreenCape, Mpumalanga Green Cluster Agency (MGCA); project implementation status is not treated as disbursement evidence"
zaf-register-dk004-2026-03-30,zaf-register-dk004,ZAF,2022-10-11,jetp_strict,signed,Denmark,JT-Mpumalanga,Grants,2663000,DKK,372820.00000000006,JET PMU reported USD equivalent at 2026-03-30,zaf-jet-investment-register-q1-2026,5b5d6442da4e9e57b3c83b7bfc04a19135b2c5bf750c2480685d9d084dc093f4,"Overall - Data, Unique ID DK004",official_register,"Status=D. Completed; Institutional / South African Partner=GreenCape Alternative Service Delivery Unit (ASDU), Community Organisation Research Council (CORC), MGCA; Residents of Nomzamo Agricultural Village in Ermelo, Mpumalanga; project implementation status is not treated as disbursement evidence"
zaf-register-dk005-2026-03-30,zaf-register-dk005,ZAF,2023-01-01,jetp_strict,signed,Denmark,JT-Mpumalanga,Grants,15000000,DKK,2250000,JET PMU reported USD equivalent at 2026-03-30,zaf-jet-investment-register-q1-2026,5b5d6442da4e9e57b3c83b7bfc04a19135b2c5bf750c2480685d9d084dc093f4,"Overall - Data, Unique ID DK005",official_register,"Status=C. Implementation Phase; Institutional / South African Partner=SANEDI, CSIR, SAWS; project implementation status is not treated as disbursement evidence"
zaf-register-dk006-2026-03-30,zaf-register-dk006,ZAF,2022-01-01,jetp_strict,signed,Denmark,Electricity,Grants,21057000,DKK,3158550,JET PMU reported USD equivalent at 2026-03-30,zaf-jet-investment-register-q1-2026,5b5d6442da4e9e57b3c83b7bfc04a19135b2c5bf750c2480685d9d084dc093f4,"Overall - Data, Unique ID DK006",official_register,"Status=C. Implementation Phase; Institutional / South African Partner=NBI, NUMSA, NUM, BUSA, SEIFSA, Western Cape Province; project implementation status is not treated as disbursement evidence"
zaf-register-dk008-2026-03-30,zaf-register-dk008,ZAF,2022-01-01,jetp_strict,signed,Denmark,Skills,Grants,6300000,DKK,945000,JET PMU reported USD equivalent at 2026-03-30,zaf-jet-investment-register-q1-2026,5b5d6442da4e9e57b3c83b7bfc04a19135b2c5bf750c2480685d9d084dc093f4,"Overall - Data, Unique ID DK008",official_register,"Status=C. Implementation Phase; Institutional / South African Partner=Program partner institutions in South Africa (ministries, metros, utilities, and research institutions, etc.); project implementation status is not treated as disbursement evidence"
zaf-register-dk009-2026-03-30,zaf-register-dk009,ZAF,2022-01-01,jetp_strict,signed,Denmark,Skills,Grants,11250000,DKK,1687500,JET PMU reported USD equivalent at 2026-03-30,zaf-jet-investment-register-q1-2026,5b5d6442da4e9e57b3c83b7bfc04a19135b2c5bf750c2480685d9d084dc093f4,"Overall - Data, Unique ID DK009",official_register,"Status=C. Implementation Phase; Institutional / South African Partner=Program partner institutions in South Africa (ministries, metros, utilities, and research institutions, etc.); project implementation status is not treated as disbursement evidence"
zaf-register-dk010-2026-03-30,zaf-register-dk010,ZAF,2022-01-01,jetp_strict,signed,Denmark,Skills,Grants,42000000,DKK,6300000,JET PMU reported USD equivalent at 2026-03-30,zaf-jet-investment-register-q1-2026,5b5d6442da4e9e57b3c83b7bfc04a19135b2c5bf750c2480685d9d084dc093f4,"Overall - Data, Unique ID DK010",official_register,Status=C. Implementation Phase; Institutional / South African Partner=Research institutions in South Africa; project implementation status is not treated as disbursement evidence
zaf-register-dk011-2026-03-30,zaf-register-dk011,ZAF,2023-10-01,jetp_strict,signed,Denmark,Skills,Grants,2000000,DKK,300000,JET PMU reported USD equivalent at 2026-03-30,zaf-jet-investment-register-q1-2026,5b5d6442da4e9e57b3c83b7bfc04a19135b2c5bf750c2480685d9d084dc093f4,"Overall - Data, Unique ID DK011",official_register,Status=C. Implementation Phase; project implementation status is not treated as disbursement evidence
zaf-register-dk012-2026-03-30,zaf-register-dk012,ZAF,2024-07-31,jetp_strict,signed,Denmark,JT-Mpumalanga,Grants,500000,DKK,75000,JET PMU reported USD equivalent at 2026-03-30,zaf-jet-investment-register-q1-2026,5b5d6442da4e9e57b3c83b7bfc04a19135b2c5bf750c2480685d9d084dc093f4,"Overall - Data, Unique ID DK012",official_register,Status=D. Completed; Institutional / South African Partner=Teach A Man to Fish and 10 selected schools in Mpumalanga; project implementation status is not treated as disbursement evidence
zaf-register-dk013-2026-03-30,zaf-register-dk013,ZAF,2024-01-01,jetp_strict,signed,Denmark,Electricity,Grants,3000000,DKK,450000,JET PMU reported USD equivalent at 2026-03-30,zaf-jet-investment-register-q1-2026,5b5d6442da4e9e57b3c83b7bfc04a19135b2c5bf750c2480685d9d084dc093f4,"Overall - Data, Unique ID DK013",official_register,Status=C. Implementation Phase; Institutional / South African Partner=City of Johannesburg; project implementation status is not treated as disbursement evidence
zaf-register-dk014-2026-03-30,zaf-register-dk014,ZAF,2023-06-25,jetp_strict,signed,Denmark,Electricity,Grants,800000,DKK,120000,JET PMU reported USD equivalent at 2026-03-30,zaf-jet-investment-register-q1-2026,5b5d6442da4e9e57b3c83b7bfc04a19135b2c5bf750c2480685d9d084dc093f4,"Overall - Data, Unique ID DK014",official_register,Status=D. Completed; Institutional / South African Partner=SAWEA; project implementation status is not treated as disbursement evidence
zaf-register-dk015-2026-03-30,zaf-register-dk015,ZAF,2024-12-09,jetp_strict,signed,Denmark,Electricity,"Commercial Debt, Equity & Guarantees",22000000,USD,22000000,JET PMU reported USD equivalent at 2026-03-30,zaf-jet-investment-register-q1-2026,5b5d6442da4e9e57b3c83b7bfc04a19135b2c5bf750c2480685d9d084dc093f4,"Overall - Data, Unique ID DK015",official_register,Status=C. Implementation Phase; Institutional / South African Partner=Private Sector RES Develper; project implementation status is not treated as disbursement evidence
zaf-register-dk018-2026-03-30,zaf-register-dk018,ZAF,2026-05-01,jetp_strict,signed,Denmark,Electricity,Grants,80000000,DKK,12000000,JET PMU reported USD equivalent at 2026-03-30,zaf-jet-investment-register-q1-2026,5b5d6442da4e9e57b3c83b7bfc04a19135b2c5bf750c2480685d9d084dc093f4,"Overall - Data, Unique ID DK018",official_register,"Status=A. Planned; Institutional / South African Partner=Eskom, NERSA, NTCSA, DEE, IPPO; project implementation status is not treated as disbursement evidence"
zaf-register-dk019-2026-03-30,zaf-register-dk019,ZAF,2025-05-01,jetp_strict,signed,Denmark,Skills,Grants,27500,DKK,3850.0000000000005,JET PMU reported USD equivalent at 2026-03-30,zaf-jet-investment-register-q1-2026,5b5d6442da4e9e57b3c83b7bfc04a19135b2c5bf750c2480685d9d084dc093f4,"Overall - Data, Unique ID DK019",official_register,Status=D. Completed; Institutional / South African Partner=University of Pretoria; project implementation status is not treated as disbursement evidence
zaf-register-dk020-2026-03-30,zaf-register-dk020,ZAF,2025-11-01,jetp_strict,signed,Denmark,JT-Mpumalanga,Grants,2500000,DKK,375000,JET PMU reported USD equivalent at 2026-03-30,zaf-jet-investment-register-q1-2026,5b5d6442da4e9e57b3c83b7bfc04a19135b2c5bf750c2480685d9d084dc093f4,"Overall - Data, Unique ID DK020",official_register,"Status=C. Implementation Phase; Institutional / South African Partner=WWF South Africa, CSIR, DFFE, DALRRD, CGCSA, FoodForward SA, SAOSO; project implementation status is not treated as disbursement evidence"
zaf-register-eu001-2026-03-30,zaf-register-eu001,ZAF,2022-01-01,jetp_strict,signed,European Union,Electricity,Grants,150000,EUR,162000,JET PMU reported USD equivalent at 2026-03-30,zaf-jet-investment-register-q1-2026,5b5d6442da4e9e57b3c83b7bfc04a19135b2c5bf750c2480685d9d084dc093f4,"Overall - Data, Unique ID EU001",official_register,Status=D. Completed; project implementation status is not treated as disbursement evidence
zaf-register-eu002-2026-03-30,zaf-register-eu002,ZAF,2021-11-01,jetp_strict,signed,European Union,Electricity,Grants,2000000,EUR,2160000,JET PMU reported USD equivalent at 2026-03-30,zaf-jet-investment-register-q1-2026,5b5d6442da4e9e57b3c83b7bfc04a19135b2c5bf750c2480685d9d084dc093f4,"Overall - Data, Unique ID EU002",official_register,Status=C. Implementation Phase; project implementation status is not treated as disbursement evidence
zaf-register-eu003-2026-03-30,zaf-register-eu003,ZAF,2024-01-01,jetp_strict,signed,European Union,JT-Mpumalanga,Grants,80000,EUR,86400,JET PMU reported USD equivalent at 2026-03-30,zaf-jet-investment-register-q1-2026,5b5d6442da4e9e57b3c83b7bfc04a19135b2c5bf750c2480685d9d084dc093f4,"Overall - Data, Unique ID EU003",official_register,Status=C. Implementation Phase; project implementation status is not treated as disbursement evidence
zaf-register-eu004-2026-03-30,zaf-register-eu004,ZAF,2023-01-01,jetp_strict,signed,European Union,Electricity,Grants,20000,EUR,21600,JET PMU reported USD equivalent at 2026-03-30,zaf-jet-investment-register-q1-2026,5b5d6442da4e9e57b3c83b7bfc04a19135b2c5bf750c2480685d9d084dc093f4,"Overall - Data, Unique ID EU004",official_register,Status=D. Completed; project implementation status is not treated as disbursement evidence
zaf-register-eu005-2026-03-30,zaf-register-eu005,ZAF,2023-04-01,jetp_strict,signed,European Union,Municipalities,Grants,15000000,EUR,16200000.000000002,JET PMU reported USD equivalent at 2026-03-30,zaf-jet-investment-register-q1-2026,5b5d6442da4e9e57b3c83b7bfc04a19135b2c5bf750c2480685d9d084dc093f4,"Overall - Data, Unique ID EU005",official_register,Status=C. Implementation Phase; project implementation status is not treated as disbursement evidence
zaf-register-eu006-2026-03-30,zaf-register-eu006,ZAF,2022-01-01,jetp_strict,signed,European Union,Skills,Grants,160000,EUR,172800,JET PMU reported USD equivalent at 2026-03-30,zaf-jet-investment-register-q1-2026,5b5d6442da4e9e57b3c83b7bfc04a19135b2c5bf750c2480685d9d084dc093f4,"Overall - Data, Unique ID EU006",official_register,Status=C. Implementation Phase; project implementation status is not treated as disbursement evidence
zaf-register-eu007-2026-03-30,zaf-register-eu007,ZAF,2022-01-01,jetp_strict,signed,European Union,Skills,Grants,250000,EUR,270000,JET PMU reported USD equivalent at 2026-03-30,zaf-jet-investment-register-q1-2026,5b5d6442da4e9e57b3c83b7bfc04a19135b2c5bf750c2480685d9d084dc093f4,"Overall - Data, Unique ID EU007",official_register,Status=C. Implementation Phase; project implementation status is not treated as disbursement evidence
zaf-register-eu008-2026-03-30,zaf-register-eu008,ZAF,2024-01-01,jetp_strict,signed,European Union,Electricity,Grants,35000000,EUR,37800000,JET PMU reported USD equivalent at 2026-03-30,zaf-jet-investment-register-q1-2026,5b5d6442da4e9e57b3c83b7bfc04a19135b2c5bf750c2480685d9d084dc093f4,"Overall - Data, Unique ID EU008",official_register,Status=C. Implementation Phase; project implementation status is not treated as disbursement evidence
zaf-register-eu010-2026-03-30,zaf-register-eu010,ZAF,2022-01-03,jetp_strict,signed,European Union,Skills,Grants,0,EUR,0,JET PMU reported USD equivalent at 2026-03-30,zaf-jet-investment-register-q1-2026,5b5d6442da4e9e57b3c83b7bfc04a19135b2c5bf750c2480685d9d084dc093f4,"Overall - Data, Unique ID EU010",official_register,Status=A. Planned; project implementation status is not treated as disbursement evidence
zaf-register-eu011-2026-03-30,zaf-register-eu011,ZAF,2026-06-01,jetp_strict,signed,European Union,Energy Efficiency,Grants,10000000,EUR,10800000,JET PMU reported USD equivalent at 2026-03-30,zaf-jet-investment-register-q1-2026,5b5d6442da4e9e57b3c83b7bfc04a19135b2c5bf750c2480685d9d084dc093f4,"Overall - Data, Unique ID EU011",official_register,Status=C. Implementation Phase; project implementation status is not treated as disbursement evidence
zaf-register-eu012-2026-03-30,zaf-register-eu012,ZAF,2023-01-03,jetp_strict,signed,European Union,Skills,Grants,20000000,EUR,21600000,JET PMU reported USD equivalent at 2026-03-30,zaf-jet-investment-register-q1-2026,5b5d6442da4e9e57b3c83b7bfc04a19135b2c5bf750c2480685d9d084dc093f4,"Overall - Data, Unique ID EU012",official_register,Status=C. Implementation Phase; project implementation status is not treated as disbursement evidence
zaf-register-eu013-2026-03-30,zaf-register-eu013,ZAF,2023-01-03,jetp_strict,signed,European Union,JT-Mpumalanga,Grants,32000000,EUR,34560000,JET PMU reported USD equivalent at 2026-03-30,zaf-jet-investment-register-q1-2026,5b5d6442da4e9e57b3c83b7bfc04a19135b2c5bf750c2480685d9d084dc093f4,"Overall - Data, Unique ID EU013",official_register,Status=A. Planned; project implementation status is not treated as disbursement evidence
zaf-register-eu014-2026-03-30,zaf-register-eu014,ZAF,2023-01-03,jetp_strict,signed,European Union,Electricity,Grants,100000,EUR,108000,JET PMU reported USD equivalent at 2026-03-30,zaf-jet-investment-register-q1-2026,5b5d6442da4e9e57b3c83b7bfc04a19135b2c5bf750c2480685d9d084dc093f4,"Overall - Data, Unique ID EU014",official_register,Status=D. Completed; project implementation status is not treated as disbursement evidence
zaf-register-eu015-2026-03-30,zaf-register-eu015,ZAF,2026-03-30,jetp_strict,announced,European Union,Green hydrogen,Grants,25500000,EUR,27540000,JET PMU reported USD equivalent at 2026-03-30,zaf-jet-investment-register-q1-2026,5b5d6442da4e9e57b3c83b7bfc04a19135b2c5bf750c2480685d9d084dc093f4,"Overall - Data, Unique ID EU015",official_register,Status=A. Planned; project implementation status is not treated as disbursement evidence
zaf-register-eu016-2026-03-30,zaf-register-eu016,ZAF,2026-03-30,jetp_strict,announced,European Union,NEVs,"Commercial Debt, Equity & Guarantees",29500000,EUR,31860000.000000004,JET PMU reported USD equivalent at 2026-03-30,zaf-jet-investment-register-q1-2026,5b5d6442da4e9e57b3c83b7bfc04a19135b2c5bf750c2480685d9d084dc093f4,"Overall - Data, Unique ID EU016",official_register,Status=A. Planned; project implementation status is not treated as disbursement evidence
zaf-register-eu017-2026-03-30,zaf-register-eu017,ZAF,2026-03-30,jetp_strict,announced,European Union,Electricity,Grants,1000000,EUR,1080000,JET PMU reported USD equivalent at 2026-03-30,zaf-jet-investment-register-q1-2026,5b5d6442da4e9e57b3c83b7bfc04a19135b2c5bf750c2480685d9d084dc093f4,"Overall - Data, Unique ID EU017",official_register,Status=A. Planned; project implementation status is not treated as disbursement evidence
zaf-register-eu018-2026-03-30,zaf-register-eu018,ZAF,2026-03-30,jetp_strict,announced,European Union,Skills,Grants,26000000,EUR,28080000,JET PMU reported USD equivalent at 2026-03-30,zaf-jet-investment-register-q1-2026,5b5d6442da4e9e57b3c83b7bfc04a19135b2c5bf750c2480685d9d084dc093f4,"Overall - Data, Unique ID EU018",official_register,Status=A. Planned; project implementation status is not treated as disbursement evidence
zaf-register-eu019-2026-03-30,zaf-register-eu019,ZAF,2026-03-30,jetp_strict,approved,European Union,Road to Rail,Grants,21000000,EUR,22680000,JET PMU reported USD equivalent at 2026-03-30,zaf-jet-investment-register-q1-2026,5b5d6442da4e9e57b3c83b7bfc04a19135b2c5bf750c2480685d9d084dc093f4,"Overall - Data, Unique ID EU019",official_register,Status=C. Implementation Phase; Institutional / South African Partner=Transnet; project implementation status is not treated as disbursement evidence
zaf-register-eu020-2026-03-30,zaf-register-eu020,ZAF,2026-03-30,jetp_strict,approved,European Union,Green hydrogen,Grants,25000000,EUR,27000000,JET PMU reported USD equivalent at 2026-03-30,zaf-jet-investment-register-q1-2026,5b5d6442da4e9e57b3c83b7bfc04a19135b2c5bf750c2480685d9d084dc093f4,"Overall - Data, Unique ID EU020",official_register,"Status=C. Implementation Phase; Institutional / South African Partner=DBSA, IDC, Invest International, Sanlam; project implementation status is not treated as disbursement evidence"
zaf-register-eu021-2026-03-30,zaf-register-eu021,ZAF,2026-03-30,jetp_strict,approved,European Union,Green hydrogen,Grants,20000000,EUR,21600000,JET PMU reported USD equivalent at 2026-03-30,zaf-jet-investment-register-q1-2026,5b5d6442da4e9e57b3c83b7bfc04a19135b2c5bf750c2480685d9d084dc093f4,"Overall - Data, Unique ID EU021",official_register,Status=C. Implementation Phase; Institutional / South African Partner=DBSA; project implementation status is not treated as disbursement evidence
zaf-register-fr001-2026-03-30,zaf-register-fr001,ZAF,2022-01-01,jetp_strict,signed,France,Electricity,Grants,630000,EUR,680400,JET PMU reported USD equivalent at 2026-03-30,zaf-jet-investment-register-q1-2026,5b5d6442da4e9e57b3c83b7bfc04a19135b2c5bf750c2480685d9d084dc093f4,"Overall - Data, Unique ID FR001",official_register,Status=D. Completed; project implementation status is not treated as disbursement evidence
zaf-register-fr002-2026-03-30,zaf-register-fr002,ZAF,2022-01-01,jetp_strict,signed,France,Electricity,Grants,275000,EUR,297000,JET PMU reported USD equivalent at 2026-03-30,zaf-jet-investment-register-q1-2026,5b5d6442da4e9e57b3c83b7bfc04a19135b2c5bf750c2480685d9d084dc093f4,"Overall - Data, Unique ID FR002",official_register,Status=B. Approved; project implementation status is not treated as disbursement evidence
zaf-register-fr003-2026-03-30,zaf-register-fr003,ZAF,2021-11-01,jetp_strict,signed,France,JT-Mpumalanga,Grants,500000,EUR,540000,JET PMU reported USD equivalent at 2026-03-30,zaf-jet-investment-register-q1-2026,5b5d6442da4e9e57b3c83b7bfc04a19135b2c5bf750c2480685d9d084dc093f4,"Overall - Data, Unique ID FR003",official_register,Status=D. Completed; project implementation status is not treated as disbursement evidence
zaf-register-fr004-2026-03-30,zaf-register-fr004,ZAF,2022-01-01,jetp_strict,signed,France,JT-Mpumalanga,Grants,200000,EUR,216000,JET PMU reported USD equivalent at 2026-03-30,zaf-jet-investment-register-q1-2026,5b5d6442da4e9e57b3c83b7bfc04a19135b2c5bf750c2480685d9d084dc093f4,"Overall - Data, Unique ID FR004",official_register,Status=D. Completed; project implementation status is not treated as disbursement evidence
zaf-register-fr005-2026-03-30,zaf-register-fr005,ZAF,2023-06-01,jetp_strict,signed,France,JT-Mpumalanga,Grants,357000,EUR,385560,JET PMU reported USD equivalent at 2026-03-30,zaf-jet-investment-register-q1-2026,5b5d6442da4e9e57b3c83b7bfc04a19135b2c5bf750c2480685d9d084dc093f4,"Overall - Data, Unique ID FR005",official_register,Status=D. Completed; project implementation status is not treated as disbursement evidence
zaf-register-fr006-2026-03-30,zaf-register-fr006,ZAF,2022-01-01,jetp_strict,signed,France,JT-Mpumalanga,Grants,30000,EUR,32400.000000000004,JET PMU reported USD equivalent at 2026-03-30,zaf-jet-investment-register-q1-2026,5b5d6442da4e9e57b3c83b7bfc04a19135b2c5bf750c2480685d9d084dc093f4,"Overall - Data, Unique ID FR006",official_register,Status=C. Implementation Phase; project implementation status is not treated as disbursement evidence
zaf-register-fr007-2026-03-30,zaf-register-fr007,ZAF,2021-11-01,jetp_strict,signed,France,Electricity,Grants,150000,EUR,162000,JET PMU reported USD equivalent at 2026-03-30,zaf-jet-investment-register-q1-2026,5b5d6442da4e9e57b3c83b7bfc04a19135b2c5bf750c2480685d9d084dc093f4,"Overall - Data, Unique ID FR007",official_register,Status=C. Implementation Phase; project implementation status is not treated as disbursement evidence
zaf-register-fr009-2026-03-30,zaf-register-fr009,ZAF,2021-11-01,jetp_strict,signed,France,JT-Mpumalanga,Grants,15000,EUR,16200.000000000002,JET PMU reported USD equivalent at 2026-03-30,zaf-jet-investment-register-q1-2026,5b5d6442da4e9e57b3c83b7bfc04a19135b2c5bf750c2480685d9d084dc093f4,"Overall - Data, Unique ID FR009",official_register,Status=D. Completed; project implementation status is not treated as disbursement evidence
zaf-register-fr010-2026-03-30,zaf-register-fr010,ZAF,2021-11-01,jetp_strict,signed,France,JT-Mpumalanga,Grants,120000,EUR,129600.00000000001,JET PMU reported USD equivalent at 2026-03-30,zaf-jet-investment-register-q1-2026,5b5d6442da4e9e57b3c83b7bfc04a19135b2c5bf750c2480685d9d084dc093f4,"Overall - Data, Unique ID FR010",official_register,Status=D. Completed; project implementation status is not treated as disbursement evidence
zaf-register-fr011-2026-03-30,zaf-register-fr011,ZAF,2022-01-01,jetp_strict,signed,France,JT-Mpumalanga,Grants,20000,EUR,21600,JET PMU reported USD equivalent at 2026-03-30,zaf-jet-investment-register-q1-2026,5b5d6442da4e9e57b3c83b7bfc04a19135b2c5bf750c2480685d9d084dc093f4,"Overall - Data, Unique ID FR011",official_register,Status=D. Completed; project implementation status is not treated as disbursement evidence
zaf-register-fr012-2026-03-30,zaf-register-fr012,ZAF,2023-01-01,jetp_strict,signed,France,Skills,Grants,350000,EUR,378000,JET PMU reported USD equivalent at 2026-03-30,zaf-jet-investment-register-q1-2026,5b5d6442da4e9e57b3c83b7bfc04a19135b2c5bf750c2480685d9d084dc093f4,"Overall - Data, Unique ID FR012",official_register,Status=C. Implementation Phase; project implementation status is not treated as disbursement evidence
zaf-register-fr013-2026-03-30,zaf-register-fr013,ZAF,2023-01-01,jetp_strict,signed,France,Skills,Grants,219500,EUR,237060.00000000003,JET PMU reported USD equivalent at 2026-03-30,zaf-jet-investment-register-q1-2026,5b5d6442da4e9e57b3c83b7bfc04a19135b2c5bf750c2480685d9d084dc093f4,"Overall - Data, Unique ID FR013",official_register,Status=C. Implementation Phase; project implementation status is not treated as disbursement evidence
zaf-register-fr014-2026-03-30,zaf-register-fr014,ZAF,2023-01-01,jetp_strict,signed,France,Skills,Grants,210000,EUR,226800.00000000003,JET PMU reported USD equivalent at 2026-03-30,zaf-jet-investment-register-q1-2026,5b5d6442da4e9e57b3c83b7bfc04a19135b2c5bf750c2480685d9d084dc093f4,"Overall - Data, Unique ID FR014",official_register,Status=C. Implementation Phase; project implementation status is not treated as disbursement evidence
zaf-register-fr015-2026-03-30,zaf-register-fr015,ZAF,2023-01-01,jetp_strict,signed,France,JT-Mpumalanga,Grants,119000,EUR,128520.00000000001,JET PMU reported USD equivalent at 2026-03-30,zaf-jet-investment-register-q1-2026,5b5d6442da4e9e57b3c83b7bfc04a19135b2c5bf750c2480685d9d084dc093f4,"Overall - Data, Unique ID FR015",official_register,Status=D. Completed; project implementation status is not treated as disbursement evidence
zaf-register-fr016-2026-03-30,zaf-register-fr016,ZAF,2023-01-01,jetp_strict,signed,France,JT-Mpumalanga,Grants,32000,EUR,34560,JET PMU reported USD equivalent at 2026-03-30,zaf-jet-investment-register-q1-2026,5b5d6442da4e9e57b3c83b7bfc04a19135b2c5bf750c2480685d9d084dc093f4,"Overall - Data, Unique ID FR016",official_register,Status=D. Completed; project implementation status is not treated as disbursement evidence
zaf-register-fr017-2026-03-30,zaf-register-fr017,ZAF,2023-01-01,jetp_strict,signed,France,Skills,Grants,70000,EUR,75600,JET PMU reported USD equivalent at 2026-03-30,zaf-jet-investment-register-q1-2026,5b5d6442da4e9e57b3c83b7bfc04a19135b2c5bf750c2480685d9d084dc093f4,"Overall - Data, Unique ID FR017",official_register,Status=D. Completed; project implementation status is not treated as disbursement evidence
zaf-register-fr019-2026-03-30,zaf-register-fr019,ZAF,2024-09-04,jetp_strict,signed,France,Skills,Grants,90000,EUR,97200,JET PMU reported USD equivalent at 2026-03-30,zaf-jet-investment-register-q1-2026,5b5d6442da4e9e57b3c83b7bfc04a19135b2c5bf750c2480685d9d084dc093f4,"Overall - Data, Unique ID FR019",official_register,Status=C. Implementation Phase; Institutional / South African Partner=National Treasury / Asset and Liabilities Management unit; project implementation status is not treated as disbursement evidence
zaf-register-fr020-2026-03-30,zaf-register-fr020,ZAF,2024-11-01,jetp_strict,signed,France,JT-Mpumalanga,Grants,200000,EUR,216000,JET PMU reported USD equivalent at 2026-03-30,zaf-jet-investment-register-q1-2026,5b5d6442da4e9e57b3c83b7bfc04a19135b2c5bf750c2480685d9d084dc093f4,"Overall - Data, Unique ID FR020",official_register,Status=C. Implementation Phase; Institutional / South African Partner=JET-PMU; project implementation status is not treated as disbursement evidence
zaf-register-fr021-2026-03-30,zaf-register-fr021,ZAF,2026-03-30,jetp_strict,announced,France,JT-Mpumalanga,Grants,200000,EUR,216000,JET PMU reported USD equivalent at 2026-03-30,zaf-jet-investment-register-q1-2026,5b5d6442da4e9e57b3c83b7bfc04a19135b2c5bf750c2480685d9d084dc093f4,"Overall - Data, Unique ID FR021",official_register,Status=A. Planned; Institutional / South African Partner=JET-PMU; project implementation status is not treated as disbursement evidence
zaf-register-fr022-2026-03-30,zaf-register-fr022,ZAF,2023-01-01,jetp_strict,signed,France,JT-Mpumalanga,Grants,100000,EUR,108000,JET PMU reported USD equivalent at 2026-03-30,zaf-jet-investment-register-q1-2026,5b5d6442da4e9e57b3c83b7bfc04a19135b2c5bf750c2480685d9d084dc093f4,"Overall - Data, Unique ID FR022",official_register,Status=B. Approved; Institutional / South African Partner=Premier's office of Mpumalanga province; project implementation status is not treated as disbursement evidence
zaf-register-fp001-1-2026-03-30,zaf-register-fp001-1,ZAF,2026-03-30,jetp_strict,approved,JET Funding Platform,JT-Mpumalanga,Grants,13000000,ZAR,734463.2768361582,JET PMU reported USD equivalent at 2026-03-30,zaf-jet-investment-register-q1-2026,5b5d6442da4e9e57b3c83b7bfc04a19135b2c5bf750c2480685d9d084dc093f4,"Overall - Data, Unique ID FP001.1",official_register,Status=C. Implementation Phase; project implementation status is not treated as disbursement evidence
zaf-register-fp001-2-2026-03-30,zaf-register-fp001-2,ZAF,2026-03-30,jetp_strict,approved,JET Funding Platform,Skills,Grants,20000000,ZAR,1129943.5028248588,JET PMU reported USD equivalent at 2026-03-30,zaf-jet-investment-register-q1-2026,5b5d6442da4e9e57b3c83b7bfc04a19135b2c5bf750c2480685d9d084dc093f4,"Overall - Data, Unique ID FP001.2",official_register,Status=C. Implementation Phase; project implementation status is not treated as disbursement evidence
zaf-register-fp001-3-2026-03-30,zaf-register-fp001-3,ZAF,2026-03-30,jetp_strict,approved,JET Funding Platform,Skills,Grants,35500000,ZAR,2005649.7175141245,JET PMU reported USD equivalent at 2026-03-30,zaf-jet-investment-register-q1-2026,5b5d6442da4e9e57b3c83b7bfc04a19135b2c5bf750c2480685d9d084dc093f4,"Overall - Data, Unique ID FP001.3",official_register,Status=C. Implementation Phase; project implementation status is not treated as disbursement evidence
zaf-register-fp001-4-2026-03-30,zaf-register-fp001-4,ZAF,2026-03-30,jetp_strict,approved,JET Funding Platform,JT-Mpumalanga,Grants,2529756,ZAR,142924.06779661018,JET PMU reported USD equivalent at 2026-03-30,zaf-jet-investment-register-q1-2026,5b5d6442da4e9e57b3c83b7bfc04a19135b2c5bf750c2480685d9d084dc093f4,"Overall - Data, Unique ID FP001.4",official_register,Status=C. Implementation Phase; project implementation status is not treated as disbursement evidence
zaf-register-fp001-5-2026-03-30,zaf-register-fp001-5,ZAF,2026-03-30,jetp_strict,approved,JET Funding Platform,NEVs,Grants,385000,EUR,415800,JET PMU reported USD equivalent at 2026-03-30,zaf-jet-investment-register-q1-2026,5b5d6442da4e9e57b3c83b7bfc04a19135b2c5bf750c2480685d9d084dc093f4,"Overall - Data, Unique ID FP001.5",official_register,Status=B. Approved; project implementation status is not treated as disbursement evidence
zaf-register-gr001-2026-03-30,zaf-register-gr001,ZAF,2022-12-13,jetp_strict,signed,Germany,Electricity,Grants,7000000,EUR,7560000.000000001,JET PMU reported USD equivalent at 2026-03-30,zaf-jet-investment-register-q1-2026,5b5d6442da4e9e57b3c83b7bfc04a19135b2c5bf750c2480685d9d084dc093f4,"Overall - Data, Unique ID GR001",official_register,Status=C. Implementation Phase; Institutional / South African Partner=ESKOM; project implementation status is not treated as disbursement evidence
zaf-register-gr002-2026-03-30,zaf-register-gr002,ZAF,2021-11-01,jetp_strict,signed,Germany,Electricity,Grants,9500000,EUR,10260000,JET PMU reported USD equivalent at 2026-03-30,zaf-jet-investment-register-q1-2026,5b5d6442da4e9e57b3c83b7bfc04a19135b2c5bf750c2480685d9d084dc093f4,"Overall - Data, Unique ID GR002",official_register,"Status=D. Completed; Institutional / South African Partner=DMRE, Eskom, NT, SALGA, NERSA, Universities, NTCSA, SACN and the private sector; project implementation status is not treated as disbursement evidence"
zaf-register-gr003-2026-03-30,zaf-register-gr003,ZAF,2022-01-01,jetp_strict,signed,Germany,Electricity,Grants,15500000,EUR,16740000.000000002,JET PMU reported USD equivalent at 2026-03-30,zaf-jet-investment-register-q1-2026,5b5d6442da4e9e57b3c83b7bfc04a19135b2c5bf750c2480685d9d084dc093f4,"Overall - Data, Unique ID GR003",official_register,"Status=D. Completed; Co-Financing: Name=SECO; Institutional / South African Partner=MoE/DEE, DFFE, Presidency, OV, NERSA, Eskom, NTCSA, SALGA, Municipalities; project implementation status is not treated as disbursement evidence"
zaf-register-gr004-2026-03-30,zaf-register-gr004,ZAF,2021-11-01,jetp_strict,signed,Germany,Green hydrogen,Grants,4069365,EUR,4394914.2,JET PMU reported USD equivalent at 2026-03-30,zaf-jet-investment-register-q1-2026,5b5d6442da4e9e57b3c83b7bfc04a19135b2c5bf750c2480685d9d084dc093f4,"Overall - Data, Unique ID GR004",official_register,"Status=C. Implementation Phase; Institutional / South African Partner=Implementation partner: Agora Energiewende, DECHEMA, CSIR Additional partners: NBI, IDC, DMRE, IDC, DFFE, DPWI, SABS, HySA, SANEDI; project implementation status is not treated as disbursement evidence"
zaf-register-gr006-2026-03-30,zaf-register-gr006,ZAF,2024-01-01,jetp_strict,signed,Germany,Electricity,Grants,4500000,EUR,4860000,JET PMU reported USD equivalent at 2026-03-30,zaf-jet-investment-register-q1-2026,5b5d6442da4e9e57b3c83b7bfc04a19135b2c5bf750c2480685d9d084dc093f4,"Overall - Data, Unique ID GR006",official_register,"Status=C. Implementation Phase; Institutional / South African Partner=DMRE, NTCSA, NERSA, SALGA; project implementation status is not treated as disbursement evidence"
zaf-register-gr007-2026-03-30,zaf-register-gr007,ZAF,2022-06-01,jetp_strict,signed,Germany,JT-Mpumalanga,Grants,15000000,EUR,16200000.000000002,JET PMU reported USD equivalent at 2026-03-30,zaf-jet-investment-register-q1-2026,5b5d6442da4e9e57b3c83b7bfc04a19135b2c5bf750c2480685d9d084dc093f4,"Overall - Data, Unique ID GR007",official_register,"Status=C. Implementation Phase; Institutional / South African Partner=JUST SA Consortium (including Green Cape, NBI, TIPS, Yes4Youth, WWF SA, GIZ); project implementation status is not treated as disbursement evidence"
zaf-register-gr008-2026-03-30,zaf-register-gr008,ZAF,2022-01-01,jetp_strict,signed,Germany,Electricity,Grants,20000000,EUR,21600000,JET PMU reported USD equivalent at 2026-03-30,zaf-jet-investment-register-q1-2026,5b5d6442da4e9e57b3c83b7bfc04a19135b2c5bf750c2480685d9d084dc093f4,"Overall - Data, Unique ID GR008",official_register,Status=C. Implementation Phase; Institutional / South African Partner=INFRA IMPACT COMMUNITY TRUST FUNDING (PTY) LTD; project implementation status is not treated as disbursement evidence
zaf-register-gr009-2026-03-30,zaf-register-gr009,ZAF,2026-06-30,jetp_strict,signed,Germany,Electricity,Grants,20000000,EUR,21600000,JET PMU reported USD equivalent at 2026-03-30,zaf-jet-investment-register-q1-2026,5b5d6442da4e9e57b3c83b7bfc04a19135b2c5bf750c2480685d9d084dc093f4,"Overall - Data, Unique ID GR009",official_register,Status=B. Approved; Institutional / South African Partner=INFRA IMPACT COMMUNITY TRUST FUNDING (PTY) LTD; project implementation status is not treated as disbursement evidence
zaf-register-gr011-2026-03-30,zaf-register-gr011,ZAF,2023-11-06,jetp_strict,signed,Germany,Green hydrogen,Grants,23130000,EUR,24980400,JET PMU reported USD equivalent at 2026-03-30,zaf-jet-investment-register-q1-2026,5b5d6442da4e9e57b3c83b7bfc04a19135b2c5bf750c2480685d9d084dc093f4,"Overall - Data, Unique ID GR011",official_register,Status=C. Implementation Phase; Institutional / South African Partner=Industrial Development Corporation (IDC); project implementation status is not treated as disbursement evidence
zaf-register-gr012-2026-03-30,zaf-register-gr012,ZAF,2021-11-01,jetp_strict,signed,Germany,Green hydrogen,Grants,15500000,EUR,16740000.000000002,JET PMU reported USD equivalent at 2026-03-30,zaf-jet-investment-register-q1-2026,5b5d6442da4e9e57b3c83b7bfc04a19135b2c5bf750c2480685d9d084dc093f4,"Overall - Data, Unique ID GR012",official_register,"Status=D. Completed; Institutional / South African Partner=DTIC, DMRE, IDC, DFFE, DPWI, SABS, HySA, SANEDI; project implementation status is not treated as disbursement evidence"
zaf-register-gr013-2026-03-30,zaf-register-gr013,ZAF,2023-09-29,jetp_strict,signed,Germany,Skills,Grants,11000000,EUR,11880000,JET PMU reported USD equivalent at 2026-03-30,zaf-jet-investment-register-q1-2026,5b5d6442da4e9e57b3c83b7bfc04a19135b2c5bf750c2480685d9d084dc093f4,"Overall - Data, Unique ID GR013",official_register,Status=C. Implementation Phase; Institutional / South African Partner=National Business Initiative (NBI); project implementation status is not treated as disbursement evidence
zaf-register-gr014-2026-03-30,zaf-register-gr014,ZAF,2026-01-31,jetp_strict,signed,Germany,Skills,Grants,10000000,EUR,10800000,JET PMU reported USD equivalent at 2026-03-30,zaf-jet-investment-register-q1-2026,5b5d6442da4e9e57b3c83b7bfc04a19135b2c5bf750c2480685d9d084dc093f4,"Overall - Data, Unique ID GR014",official_register,Status=B. Approved; Institutional / South African Partner=South African Renewable Energy Technology Centre (SARETEC); project implementation status is not treated as disbursement evidence
zaf-register-gr014b-2026-03-30,zaf-register-gr014b,ZAF,2026-03-30,jetp_strict,announced,Germany,Skills,Grants,5000000,EUR,5400000,JET PMU reported USD equivalent at 2026-03-30,zaf-jet-investment-register-q1-2026,5b5d6442da4e9e57b3c83b7bfc04a19135b2c5bf750c2480685d9d084dc093f4,"Overall - Data, Unique ID GR014b",official_register,Status=A. Planned; Institutional / South African Partner=tbd; project implementation status is not treated as disbursement evidence
zaf-register-gr015-2026-03-30,zaf-register-gr015,ZAF,2022-06-01,jetp_strict,signed,Germany,Skills,Grants,12500000,EUR,13500000,JET PMU reported USD equivalent at 2026-03-30,zaf-jet-investment-register-q1-2026,5b5d6442da4e9e57b3c83b7bfc04a19135b2c5bf750c2480685d9d084dc093f4,"Overall - Data, Unique ID GR015",official_register,"Status=C. Implementation Phase; Co-Financing: Name=EU, SECO; Institutional / South African Partner=TVET colleges, private training providers, Universities, industry associations, NPOs; project implementation status is not treated as disbursement evidence"
zaf-register-gr016-2026-03-30,zaf-register-gr016,ZAF,2021-11-01,jetp_strict,signed,Germany,Skills,Grants,6000000,EUR,6480000,JET PMU reported USD equivalent at 2026-03-30,zaf-jet-investment-register-q1-2026,5b5d6442da4e9e57b3c83b7bfc04a19135b2c5bf750c2480685d9d084dc093f4,"Overall - Data, Unique ID GR016",official_register,Status=D. Completed; Institutional / South African Partner=The Presidency; project implementation status is not treated as disbursement evidence
zaf-register-gr017-2026-03-30,zaf-register-gr017,ZAF,2022-01-01,jetp_strict,signed,Germany,Municipalities,Grants,5000000,EUR,5400000,JET PMU reported USD equivalent at 2026-03-30,zaf-jet-investment-register-q1-2026,5b5d6442da4e9e57b3c83b7bfc04a19135b2c5bf750c2480685d9d084dc093f4,"Overall - Data, Unique ID GR017",official_register,"Status=C. Implementation Phase; Institutional / South African Partner=Municipalities, provinces; project implementation status is not treated as disbursement evidence"
zaf-register-gr018-2026-03-30,zaf-register-gr018,ZAF,2022-03-01,jetp_strict,signed,Germany,JT-Mpumalanga,Grants,332000,EUR,358560,JET PMU reported USD equivalent at 2026-03-30,zaf-jet-investment-register-q1-2026,5b5d6442da4e9e57b3c83b7bfc04a19135b2c5bf750c2480685d9d084dc093f4,"Overall - Data, Unique ID GR018",official_register,Status=C. Implementation Phase; Institutional / South African Partner=DFFE; project implementation status is not treated as disbursement evidence
zaf-register-gr019-2026-03-30,zaf-register-gr019,ZAF,2022-04-28,jetp_strict,signed,Germany,JT-Mpumalanga,Grants,216601.87,EUR,233930.0196,JET PMU reported USD equivalent at 2026-03-30,zaf-jet-investment-register-q1-2026,5b5d6442da4e9e57b3c83b7bfc04a19135b2c5bf750c2480685d9d084dc093f4,"Overall - Data, Unique ID GR019",official_register,Status=C. Implementation Phase; Institutional / South African Partner=TBD; project implementation status is not treated as disbursement evidence
zaf-register-gr020-2026-03-30,zaf-register-gr020,ZAF,2024-08-01,jetp_strict,signed,Germany,JT-Mpumalanga,Grants,30000000,EUR,32400000.000000004,JET PMU reported USD equivalent at 2026-03-30,zaf-jet-investment-register-q1-2026,5b5d6442da4e9e57b3c83b7bfc04a19135b2c5bf750c2480685d9d084dc093f4,"Overall - Data, Unique ID GR020*",official_register,Status=B. Approved; project implementation status is not treated as disbursement evidence
zaf-register-gr021-2026-03-30,zaf-register-gr021,ZAF,2022-01-03,jetp_strict,signed,Germany,Green hydrogen,Grants,30274541.63,EUR,32696504.9604,JET PMU reported USD equivalent at 2026-03-30,zaf-jet-investment-register-q1-2026,5b5d6442da4e9e57b3c83b7bfc04a19135b2c5bf750c2480685d9d084dc093f4,"Overall - Data, Unique ID GR021",official_register,"Status=C. Implementation Phase; Institutional / South African Partner=Helmholtz Center Berlin (HZB), Karlsruhe Institute for Technology (KIT), Fraunhofer Institute), INERATEC GmbH; project implementation status is not treated as disbursement evidence"
zaf-register-gr022-2026-03-30,zaf-register-gr022,ZAF,2022-10-03,jetp_strict,signed,Germany,Green hydrogen,Grants,5968202.02,EUR,6445658.1816,JET PMU reported USD equivalent at 2026-03-30,zaf-jet-investment-register-q1-2026,5b5d6442da4e9e57b3c83b7bfc04a19135b2c5bf750c2480685d9d084dc093f4,"Overall - Data, Unique ID GR022",official_register,Status=C. Implementation Phase; Institutional / South African Partner=Forschungszentrum JÃ¼lich GmbH; University of Cape Town; Nelson Mandela University; Council for Scientific & Industrial Research (CSIR); Hydrogen Energy Applications (Pty) Ltd (HYENA) Associated partners: Sasol Ltd; SHV Energy N.V.; project implementation status is not treated as disbursement evidence
zaf-register-gr023-2026-03-30,zaf-register-gr023,ZAF,2023-03-27,jetp_strict,signed,Germany,Skills,Grants,1500000,EUR,1620000,JET PMU reported USD equivalent at 2026-03-30,zaf-jet-investment-register-q1-2026,5b5d6442da4e9e57b3c83b7bfc04a19135b2c5bf750c2480685d9d084dc093f4,"Overall - Data, Unique ID GR023",official_register,Status=A. Planned; Institutional / South African Partner=South African Universities (tbc); project implementation status is not treated as disbursement evidence
zaf-register-gr024-2026-03-30,zaf-register-gr024,ZAF,2025-04-01,jetp_strict,signed,Germany,Skills,Grants,3750000,EUR,4050000.0000000005,JET PMU reported USD equivalent at 2026-03-30,zaf-jet-investment-register-q1-2026,5b5d6442da4e9e57b3c83b7bfc04a19135b2c5bf750c2480685d9d084dc093f4,"Overall - Data, Unique ID GR024",official_register,Status=A. Planned; Institutional / South African Partner=South African Universities (tbc); project implementation status is not treated as disbursement evidence
zaf-register-gr025-2026-03-30,zaf-register-gr025,ZAF,2024-12-01,jetp_strict,signed,Germany,Electricity,Concessional loans,200000000,EUR,216000000,JET PMU reported USD equivalent at 2026-03-30,zaf-jet-investment-register-q1-2026,5b5d6442da4e9e57b3c83b7bfc04a19135b2c5bf750c2480685d9d084dc093f4,"Overall - Data, Unique ID GR025",official_register,Status=C. Implementation Phase; Institutional / South African Partner=DBSA; project implementation status is not treated as disbursement evidence
zaf-register-gr026-2026-03-30,zaf-register-gr026,ZAF,2024-12-01,jetp_strict,signed,Germany,Electricity,Concessional loans,150000000,EUR,162000000,JET PMU reported USD equivalent at 2026-03-30,zaf-jet-investment-register-q1-2026,5b5d6442da4e9e57b3c83b7bfc04a19135b2c5bf750c2480685d9d084dc093f4,"Overall - Data, Unique ID GR026",official_register,Status=C. Implementation Phase; Institutional / South African Partner=City of Cape Town; project implementation status is not treated as disbursement evidence
zaf-register-gr026b-2026-03-30,zaf-register-gr026b,ZAF,2024-12-11,jetp_strict,signed,Germany,Electricity,Grants,500000,EUR,540000,JET PMU reported USD equivalent at 2026-03-30,zaf-jet-investment-register-q1-2026,5b5d6442da4e9e57b3c83b7bfc04a19135b2c5bf750c2480685d9d084dc093f4,"Overall - Data, Unique ID GR026b",official_register,Status=C. Implementation Phase; Institutional / South African Partner=City of Cape Town; project implementation status is not treated as disbursement evidence
zaf-register-gr027-2026-03-30,zaf-register-gr027,ZAF,2026-12-01,jetp_strict,signed,Germany,Municipalities,Concessional loans,120000000,EUR,129600000.00000001,JET PMU reported USD equivalent at 2026-03-30,zaf-jet-investment-register-q1-2026,5b5d6442da4e9e57b3c83b7bfc04a19135b2c5bf750c2480685d9d084dc093f4,"Overall - Data, Unique ID GR027",official_register,Status=A. Planned; Institutional / South African Partner=tbd; project implementation status is not treated as disbursement evidence
zaf-register-gr028-2026-03-30,zaf-register-gr028,ZAF,2026-12-01,jetp_strict,signed,Germany,Electricity,Concessional loans,200000000,EUR,216000000,JET PMU reported USD equivalent at 2026-03-30,zaf-jet-investment-register-q1-2026,5b5d6442da4e9e57b3c83b7bfc04a19135b2c5bf750c2480685d9d084dc093f4,"Overall - Data, Unique ID GR028",official_register,Status=B. Approved; Institutional / South African Partner=City of Johannesburg; project implementation status is not treated as disbursement evidence
zaf-register-gr028b-2026-03-30,zaf-register-gr028b,ZAF,2026-12-01,jetp_strict,signed,Germany,Electricity,Grants,500000,EUR,540000,JET PMU reported USD equivalent at 2026-03-30,zaf-jet-investment-register-q1-2026,5b5d6442da4e9e57b3c83b7bfc04a19135b2c5bf750c2480685d9d084dc093f4,"Overall - Data, Unique ID GR028b",official_register,Status=A. Planned; Institutional / South African Partner=tbd; project implementation status is not treated as disbursement evidence
zaf-register-gr029-2026-03-30,zaf-register-gr029,ZAF,2027-12-01,jetp_strict,signed,Germany,Electricity,Concessional loans,200000000,EUR,216000000,JET PMU reported USD equivalent at 2026-03-30,zaf-jet-investment-register-q1-2026,5b5d6442da4e9e57b3c83b7bfc04a19135b2c5bf750c2480685d9d084dc093f4,"Overall - Data, Unique ID GR029",official_register,Status=B. Approved; Institutional / South African Partner=National Treasury; project implementation status is not treated as disbursement evidence
zaf-register-gr029b-2026-03-30,zaf-register-gr029b,ZAF,2027-12-01,jetp_strict,signed,Germany,Electricity,Grants,500000,EUR,540000,JET PMU reported USD equivalent at 2026-03-30,zaf-jet-investment-register-q1-2026,5b5d6442da4e9e57b3c83b7bfc04a19135b2c5bf750c2480685d9d084dc093f4,"Overall - Data, Unique ID GR029b",official_register,Status=A. Planned; Institutional / South African Partner=tbd; project implementation status is not treated as disbursement evidence
zaf-register-gr030-2026-03-30,zaf-register-gr030,ZAF,2026-12-01,jetp_strict,signed,Germany,Green hydrogen,Grants,17000000,EUR,18360000,JET PMU reported USD equivalent at 2026-03-30,zaf-jet-investment-register-q1-2026,5b5d6442da4e9e57b3c83b7bfc04a19135b2c5bf750c2480685d9d084dc093f4,"Overall - Data, Unique ID GR030",official_register,Status=A. Planned; Institutional / South African Partner=IDC; project implementation status is not treated as disbursement evidence
zaf-register-gr031-2026-03-30,zaf-register-gr031,ZAF,2022-11-01,jetp_strict,signed,Germany,Electricity,Policy Loans,800000000,EUR,864000000,JET PMU reported USD equivalent at 2026-03-30,zaf-jet-investment-register-q1-2026,5b5d6442da4e9e57b3c83b7bfc04a19135b2c5bf750c2480685d9d084dc093f4,"Overall - Data, Unique ID GR031",official_register,Status=D. Completed; Institutional / South African Partner=NT; project implementation status is not treated as disbursement evidence
zaf-register-gr032-2026-03-30,zaf-register-gr032,ZAF,2026-06-30,jetp_strict,signed,Germany,Skills,Grants,11000000,EUR,11880000,JET PMU reported USD equivalent at 2026-03-30,zaf-jet-investment-register-q1-2026,5b5d6442da4e9e57b3c83b7bfc04a19135b2c5bf750c2480685d9d084dc093f4,"Overall - Data, Unique ID GR032",official_register,Status=A. Planned; Institutional / South African Partner=National Business Initiative (NBI); project implementation status is not treated as disbursement evidence
zaf-register-gr033-2026-03-30,zaf-register-gr033,ZAF,2025-08-01,jetp_strict,signed,Germany,Electricity,Grants,4000000,EUR,4320000,JET PMU reported USD equivalent at 2026-03-30,zaf-jet-investment-register-q1-2026,5b5d6442da4e9e57b3c83b7bfc04a19135b2c5bf750c2480685d9d084dc093f4,"Overall - Data, Unique ID GR033",official_register,"Status=C. Implementation Phase; Institutional / South African Partner=IPPO, PCC, project developers, NGOs, and CSOs including women's networks, municipal administrations; project implementation status is not treated as disbursement evidence"
zaf-register-gr034-2026-03-30,zaf-register-gr034,ZAF,2026-01-01,jetp_strict,signed,Germany,Green hydrogen,Grants,6000000,EUR,6480000,JET PMU reported USD equivalent at 2026-03-30,zaf-jet-investment-register-q1-2026,5b5d6442da4e9e57b3c83b7bfc04a19135b2c5bf750c2480685d9d084dc093f4,"Overall - Data, Unique ID GR034",official_register,"Status=C. Implementation Phase; Co-Financing: Name=EU (TBC); Institutional / South African Partner=DTIC, IDC, DSTI, DFFE, provinces, CSIR, SANEDI, private project developers/companies in the H2 and battery value chain, academia, think tanks, civil society; project implementation status is not treated as disbursement evidence"
zaf-register-gr035-2026-03-30,zaf-register-gr035,ZAF,2026-01-01,jetp_strict,signed,Germany,Electricity,Grants,11000000,EUR,11880000,JET PMU reported USD equivalent at 2026-03-30,zaf-jet-investment-register-q1-2026,5b5d6442da4e9e57b3c83b7bfc04a19135b2c5bf750c2480685d9d084dc093f4,"Overall - Data, Unique ID GR035",official_register,"Status=C. Implementation Phase; Institutional / South African Partner=Office of the Presidency, Ministry of Finance, NERSA, NTCSA, Eskom Distribution,, municipal associations, SALGA; project implementation status is not treated as disbursement evidence"
zaf-register-gr036-2026-03-30,zaf-register-gr036,ZAF,2026-08-01,jetp_strict,signed,Germany,NEVs,Grants,5000000,EUR,5400000,JET PMU reported USD equivalent at 2026-03-30,zaf-jet-investment-register-q1-2026,5b5d6442da4e9e57b3c83b7bfc04a19135b2c5bf750c2480685d9d084dc093f4,"Overall - Data, Unique ID GR036",official_register,Status=A. Planned; Institutional / South African Partner=Tbd; project implementation status is not treated as disbursement evidence
zaf-register-gr037-2026-03-30,zaf-register-gr037,ZAF,2021-11-24,jetp_strict,signed,Germany,Electricity,Grants,3645000,EUR,3936600.0000000005,JET PMU reported USD equivalent at 2026-03-30,zaf-jet-investment-register-q1-2026,5b5d6442da4e9e57b3c83b7bfc04a19135b2c5bf750c2480685d9d084dc093f4,"Overall - Data, Unique ID GR037",official_register,Status=D. Completed; Institutional / South African Partner=DFFE; project implementation status is not treated as disbursement evidence
zaf-register-gr038-2026-03-30,zaf-register-gr038,ZAF,2024-05-01,jetp_strict,signed,Germany,Green hydrogen,Grants,490000,EUR,529200,JET PMU reported USD equivalent at 2026-03-30,zaf-jet-investment-register-q1-2026,5b5d6442da4e9e57b3c83b7bfc04a19135b2c5bf750c2480685d9d084dc093f4,"Overall - Data, Unique ID GR038",official_register,Status=C. Implementation Phase; Institutional / South African Partner=H2/PtX project developers; project implementation status is not treated as disbursement evidence
zaf-register-gr039-2026-03-30,zaf-register-gr039,ZAF,2026-03-30,jetp_strict,approved,Germany,Electricity,Policy Loans,500000000,EUR,540000000,JET PMU reported USD equivalent at 2026-03-30,zaf-jet-investment-register-q1-2026,5b5d6442da4e9e57b3c83b7bfc04a19135b2c5bf750c2480685d9d084dc093f4,"Overall - Data, Unique ID GR039",official_register,Status=C. Implementation Phase; Institutional / South African Partner=NT; project implementation status is not treated as disbursement evidence
zaf-register-gr040-2026-03-30,zaf-register-gr040,ZAF,2027-12-01,jetp_strict,signed,Germany,Green hydrogen,Concessional loans,200000000,EUR,216000000,JET PMU reported USD equivalent at 2026-03-30,zaf-jet-investment-register-q1-2026,5b5d6442da4e9e57b3c83b7bfc04a19135b2c5bf750c2480685d9d084dc093f4,"Overall - Data, Unique ID GR040",official_register,Status=A. Planned; Institutional / South African Partner=DBSA; project implementation status is not treated as disbursement evidence
zaf-register-gr041-2026-03-30,zaf-register-gr041,ZAF,2027-12-01,jetp_strict,signed,Germany,Green hydrogen,Grants,500000,EUR,540000,JET PMU reported USD equivalent at 2026-03-30,zaf-jet-investment-register-q1-2026,5b5d6442da4e9e57b3c83b7bfc04a19135b2c5bf750c2480685d9d084dc093f4,"Overall - Data, Unique ID GR041",official_register,Status=A. Planned; Institutional / South African Partner=DBSA; project implementation status is not treated as disbursement evidence
zaf-register-nl001-1-2026-03-30,zaf-register-nl001-1,ZAF,2023-01-01,jetp_strict,signed,Netherlands,JT-Mpumalanga,Grants,30000,EUR,32400.000000000004,JET PMU reported USD equivalent at 2026-03-30,zaf-jet-investment-register-q1-2026,5b5d6442da4e9e57b3c83b7bfc04a19135b2c5bf750c2480685d9d084dc093f4,"Overall - Data, Unique ID NL001.1",official_register,Status=D. Completed; project implementation status is not treated as disbursement evidence
zaf-register-nl001-2-2026-03-30,zaf-register-nl001-2,ZAF,2024-01-01,jetp_strict,signed,Netherlands,JT-Mpumalanga,Grants,10000,EUR,10800,JET PMU reported USD equivalent at 2026-03-30,zaf-jet-investment-register-q1-2026,5b5d6442da4e9e57b3c83b7bfc04a19135b2c5bf750c2480685d9d084dc093f4,"Overall - Data, Unique ID NL001.2",official_register,Status=D. Completed; project implementation status is not treated as disbursement evidence
zaf-register-nl001-3-2026-03-30,zaf-register-nl001-3,ZAF,2024-01-01,jetp_strict,signed,Netherlands,JT-Mpumalanga,Grants,198000,EUR,213840,JET PMU reported USD equivalent at 2026-03-30,zaf-jet-investment-register-q1-2026,5b5d6442da4e9e57b3c83b7bfc04a19135b2c5bf750c2480685d9d084dc093f4,"Overall - Data, Unique ID NL001.3",official_register,Status=D. Completed; project implementation status is not treated as disbursement evidence
zaf-register-nl001-4-2026-03-30,zaf-register-nl001-4,ZAF,2023-01-01,jetp_strict,signed,Netherlands,JT-Mpumalanga,Grants,24000,EUR,25920,JET PMU reported USD equivalent at 2026-03-30,zaf-jet-investment-register-q1-2026,5b5d6442da4e9e57b3c83b7bfc04a19135b2c5bf750c2480685d9d084dc093f4,"Overall - Data, Unique ID NL001.4",official_register,Status=D. Completed; project implementation status is not treated as disbursement evidence
zaf-register-nl001-5-2026-03-30,zaf-register-nl001-5,ZAF,2024-01-01,jetp_strict,signed,Netherlands,JT-Mpumalanga,Grants,620000,EUR,669600,JET PMU reported USD equivalent at 2026-03-30,zaf-jet-investment-register-q1-2026,5b5d6442da4e9e57b3c83b7bfc04a19135b2c5bf750c2480685d9d084dc093f4,"Overall - Data, Unique ID NL001.5",official_register,Status=C. Implementation Phase; project implementation status is not treated as disbursement evidence
zaf-register-nl001-6-2026-03-30,zaf-register-nl001-6,ZAF,2024-01-01,jetp_strict,signed,Netherlands,JT-Mpumalanga,Grants,930500,EUR,1004940.0000000001,JET PMU reported USD equivalent at 2026-03-30,zaf-jet-investment-register-q1-2026,5b5d6442da4e9e57b3c83b7bfc04a19135b2c5bf750c2480685d9d084dc093f4,"Overall - Data, Unique ID NL001.6",official_register,Status=C. Implementation Phase; project implementation status is not treated as disbursement evidence
zaf-register-nl001-7-2026-03-30,zaf-register-nl001-7,ZAF,2023-01-01,jetp_strict,signed,Netherlands,JT-Mpumalanga,Grants,24500,EUR,26460,JET PMU reported USD equivalent at 2026-03-30,zaf-jet-investment-register-q1-2026,5b5d6442da4e9e57b3c83b7bfc04a19135b2c5bf750c2480685d9d084dc093f4,"Overall - Data, Unique ID NL001.7",official_register,Status=D. Completed; project implementation status is not treated as disbursement evidence
zaf-register-nl001-8-2026-03-30,zaf-register-nl001-8,ZAF,2024-01-01,jetp_strict,signed,Netherlands,JT-Mpumalanga,Grants,14025,EUR,15147.000000000002,JET PMU reported USD equivalent at 2026-03-30,zaf-jet-investment-register-q1-2026,5b5d6442da4e9e57b3c83b7bfc04a19135b2c5bf750c2480685d9d084dc093f4,"Overall - Data, Unique ID NL001.8",official_register,Status=C. Implementation Phase; project implementation status is not treated as disbursement evidence
zaf-register-nl001-9-2026-03-30,zaf-register-nl001-9,ZAF,2024-01-01,jetp_strict,signed,Netherlands,JT-Mpumalanga,Grants,39000,EUR,42120,JET PMU reported USD equivalent at 2026-03-30,zaf-jet-investment-register-q1-2026,5b5d6442da4e9e57b3c83b7bfc04a19135b2c5bf750c2480685d9d084dc093f4,"Overall - Data, Unique ID NL001.9",official_register,Status=D. Completed; project implementation status is not treated as disbursement evidence
zaf-register-nl002-2026-03-30,zaf-register-nl002,ZAF,2022-11-15,jetp_strict,signed,Netherlands,JT-Mpumalanga,Grants,172759.78231292518,EUR,186580.5648979592,JET PMU reported USD equivalent at 2026-03-30,zaf-jet-investment-register-q1-2026,5b5d6442da4e9e57b3c83b7bfc04a19135b2c5bf750c2480685d9d084dc093f4,"Overall - Data, Unique ID NL002",official_register,Status=D. Completed; Institutional / South African Partner=SAIIA Youth; project implementation status is not treated as disbursement evidence
zaf-register-nl003-2026-03-30,zaf-register-nl003,ZAF,2023-01-01,jetp_strict,signed,Netherlands,Municipalities,Grants,1729400,EUR,1867752.0000000002,JET PMU reported USD equivalent at 2026-03-30,zaf-jet-investment-register-q1-2026,5b5d6442da4e9e57b3c83b7bfc04a19135b2c5bf750c2480685d9d084dc093f4,"Overall - Data, Unique ID NL003",official_register,"Status=C. Implementation Phase; Institutional / South African Partner=Department of Water and Sanitation, COGTA, SALGA, MISA, Municipalities; project implementation status is not treated as disbursement evidence"
zaf-register-nl004-2026-03-30,zaf-register-nl004,ZAF,2023-01-01,jetp_strict,signed,Netherlands,Green hydrogen,Grants,50000000,EUR,54000000,JET PMU reported USD equivalent at 2026-03-30,zaf-jet-investment-register-q1-2026,5b5d6442da4e9e57b3c83b7bfc04a19135b2c5bf750c2480685d9d084dc093f4,"Overall - Data, Unique ID NL004",official_register,Status=C. Implementation Phase; Institutional / South African Partner=IDC; project implementation status is not treated as disbursement evidence
zaf-register-nl005-2026-03-30,zaf-register-nl005,ZAF,2022-01-01,jetp_strict,signed,Netherlands,Green hydrogen,Grants,2000000,EUR,2160000,JET PMU reported USD equivalent at 2026-03-30,zaf-jet-investment-register-q1-2026,5b5d6442da4e9e57b3c83b7bfc04a19135b2c5bf750c2480685d9d084dc093f4,"Overall - Data, Unique ID NL005",official_register,"Status=C. Implementation Phase; Institutional / South African Partner=Wesgro, NCEDA, Presidency, CSIR; project implementation status is not treated as disbursement evidence"
zaf-register-nl006-2026-03-30,zaf-register-nl006,ZAF,2023-01-01,jetp_strict,signed,Netherlands,JT-Mpumalanga,Grants,355606,EUR,384054.48000000004,JET PMU reported USD equivalent at 2026-03-30,zaf-jet-investment-register-q1-2026,5b5d6442da4e9e57b3c83b7bfc04a19135b2c5bf750c2480685d9d084dc093f4,"Overall - Data, Unique ID NL006",official_register,Status=C. Implementation Phase; Institutional / South African Partner=To be identified; project implementation status is not treated as disbursement evidence
zaf-register-nl007-2026-03-30,zaf-register-nl007,ZAF,2025-01-01,jetp_strict,signed,Netherlands,Skills,Grants,99417,EUR,85896.72,JET PMU reported USD equivalent at 2026-03-30,zaf-jet-investment-register-q1-2026,5b5d6442da4e9e57b3c83b7bfc04a19135b2c5bf750c2480685d9d084dc093f4,"Overall - Data, Unique ID NL007",official_register,Status=C. Implementation Phase; project implementation status is not treated as disbursement evidence
zaf-register-nl008-2026-03-30,zaf-register-nl008,ZAF,2025-03-14,jetp_strict,signed,Netherlands,JT-Mpumalanga,Grants,12500,EUR,13500,JET PMU reported USD equivalent at 2026-03-30,zaf-jet-investment-register-q1-2026,5b5d6442da4e9e57b3c83b7bfc04a19135b2c5bf750c2480685d9d084dc093f4,"Overall - Data, Unique ID NL008",official_register,Status=D. Completed; project implementation status is not treated as disbursement evidence
zaf-register-nl009-2026-03-30,zaf-register-nl009,ZAF,2025-12-05,jetp_strict,signed,Netherlands,JT-Mpumalanga,Grants,24762,EUR,26742.960000000003,JET PMU reported USD equivalent at 2026-03-30,zaf-jet-investment-register-q1-2026,5b5d6442da4e9e57b3c83b7bfc04a19135b2c5bf750c2480685d9d084dc093f4,"Overall - Data, Unique ID NL009",official_register,Status=B. Approved; project implementation status is not treated as disbursement evidence
zaf-register-nl010-2026-03-30,zaf-register-nl010,ZAF,2025-09-15,jetp_strict,signed,Netherlands,JT-Mpumalanga,Grants,32500,EUR,35100,JET PMU reported USD equivalent at 2026-03-30,zaf-jet-investment-register-q1-2026,5b5d6442da4e9e57b3c83b7bfc04a19135b2c5bf750c2480685d9d084dc093f4,"Overall - Data, Unique ID NL010",official_register,Status=C. Implementation Phase; project implementation status is not treated as disbursement evidence
zaf-register-nl011-2026-03-30,zaf-register-nl011,ZAF,2026-02-01,jetp_strict,signed,Netherlands,JT-Mpumalanga,Grants,60000,EUR,64800.00000000001,JET PMU reported USD equivalent at 2026-03-30,zaf-jet-investment-register-q1-2026,5b5d6442da4e9e57b3c83b7bfc04a19135b2c5bf750c2480685d9d084dc093f4,"Overall - Data, Unique ID NL011",official_register,Status=A. Planned; project implementation status is not treated as disbursement evidence
zaf-register-nl012-2026-03-30,zaf-register-nl012,ZAF,2026-10-08,jetp_strict,signed,Netherlands,Municipalities,Grants,27500000,EUR,29700000,JET PMU reported USD equivalent at 2026-03-30,zaf-jet-investment-register-q1-2026,5b5d6442da4e9e57b3c83b7bfc04a19135b2c5bf750c2480685d9d084dc093f4,"Overall - Data, Unique ID NL012",official_register,"Status=B. Approved; Institutional / South African Partner=City of Johannesburg, National Treasury, DFFE, Infrastructure Fund; project implementation status is not treated as disbursement evidence"
zaf-register-sw001-2026-03-30,zaf-register-sw001,ZAF,2021-11-01,jetp_strict,signed,Switzerland,Municipalities,Grants,1000000,CHF,1110000,JET PMU reported USD equivalent at 2026-03-30,zaf-jet-investment-register-q1-2026,5b5d6442da4e9e57b3c83b7bfc04a19135b2c5bf750c2480685d9d084dc093f4,"Overall - Data, Unique ID SW001",official_register,Status=C. Implementation Phase; Disbursement Channel=INCA Municipal Debt Fund & INCA Capacity Building Fund; Co-Financing: Name=INCA Portfolio Managers; Institutional / South African Partner=Beneficiary municipalities; project implementation status is not treated as disbursement evidence
zaf-register-sw002-2026-03-30,zaf-register-sw002,ZAF,2021-11-01,jetp_strict,signed,Switzerland,Municipalities,Grants,2234710.28,CHF,2480528.4108,JET PMU reported USD equivalent at 2026-03-30,zaf-jet-investment-register-q1-2026,5b5d6442da4e9e57b3c83b7bfc04a19135b2c5bf750c2480685d9d084dc093f4,"Overall - Data, Unique ID SW002",official_register,"Status=C. Implementation Phase; Disbursement Channel=iLembe Municipalities; Co-Financing: Name=iLembe Municipalities; Institutional / South African Partner=National Treasury, KZN DEDTEA; project implementation status is not treated as disbursement evidence"
zaf-register-sw003-2026-03-30,zaf-register-sw003,ZAF,2021-11-01,jetp_strict,signed,Switzerland,Municipalities,Grants,7010000,CHF,7781100.000000001,JET PMU reported USD equivalent at 2026-03-30,zaf-jet-investment-register-q1-2026,5b5d6442da4e9e57b3c83b7bfc04a19135b2c5bf750c2480685d9d084dc093f4,"Overall - Data, Unique ID SW003",official_register,Status=C. Implementation Phase; Disbursement Channel=Service Provider; Co-Financing: Name=National Treasury; Institutional / South African Partner=National Treasury; project implementation status is not treated as disbursement evidence
zaf-register-sw004-2026-03-30,zaf-register-sw004,ZAF,2022-06-01,jetp_strict,signed,Switzerland,Skills,Grants,4950000,CHF,5494500.000000001,JET PMU reported USD equivalent at 2026-03-30,zaf-jet-investment-register-q1-2026,5b5d6442da4e9e57b3c83b7bfc04a19135b2c5bf750c2480685d9d084dc093f4,"Overall - Data, Unique ID SW004",official_register,"Status=C. Implementation Phase; Disbursement Channel=GIZ; Co-Financing: Name=GIZ, EU; Institutional / South African Partner=Department of Higher Education & Training; project implementation status is not treated as disbursement evidence"
zaf-register-sw005-2026-03-30,zaf-register-sw005,ZAF,2022-01-01,jetp_strict,signed,Switzerland,Electricity,Grants,1000000,CHF,1110000,JET PMU reported USD equivalent at 2026-03-30,zaf-jet-investment-register-q1-2026,5b5d6442da4e9e57b3c83b7bfc04a19135b2c5bf750c2480685d9d084dc093f4,"Overall - Data, Unique ID SW005",official_register,Status=C. Implementation Phase; Disbursement Channel=GIZ; Co-Financing: Name=GIZ; Institutional / South African Partner=Department of Electricity & Energy; project implementation status is not treated as disbursement evidence
zaf-register-sw006-2026-03-30,zaf-register-sw006,ZAF,2021-11-01,jetp_strict,signed,Switzerland,Municipalities,Grants,8105000,CHF,8996550,JET PMU reported USD equivalent at 2026-03-30,zaf-jet-investment-register-q1-2026,5b5d6442da4e9e57b3c83b7bfc04a19135b2c5bf750c2480685d9d084dc093f4,"Overall - Data, Unique ID SW006",official_register,"Status=C. Implementation Phase; Disbursement Channel=World Bank; Co-Financing: Name=World Bank, National Treasury; Institutional / South African Partner=National Treasury; project implementation status is not treated as disbursement evidence"
zaf-register-sw007-2026-03-30,zaf-register-sw007,ZAF,2021-11-01,jetp_strict,signed,Switzerland,Electricity,Grants,1000000,CHF,1110000,JET PMU reported USD equivalent at 2026-03-30,zaf-jet-investment-register-q1-2026,5b5d6442da4e9e57b3c83b7bfc04a19135b2c5bf750c2480685d9d084dc093f4,"Overall - Data, Unique ID SW007",official_register,"Status=C. Implementation Phase; Disbursement Channel=UNIDO; Co-Financing: Name=UNIDO; Institutional / South African Partner=Department of Trade, Industry & Competition; project implementation status is not treated as disbursement evidence"
zaf-register-sw008-2026-03-30,zaf-register-sw008,ZAF,2021-11-01,jetp_strict,signed,Switzerland,Electricity,Grants,3300000,CHF,3663000.0000000005,JET PMU reported USD equivalent at 2026-03-30,zaf-jet-investment-register-q1-2026,5b5d6442da4e9e57b3c83b7bfc04a19135b2c5bf750c2480685d9d084dc093f4,"Overall - Data, Unique ID SW008",official_register,"Status=C. Implementation Phase; Disbursement Channel=IFC; Co-Financing: Name=IFC; Institutional / South African Partner=Department of Trade, Industry & Competition; project implementation status is not treated as disbursement evidence"
zaf-register-sw009-2026-03-30,zaf-register-sw009,ZAF,2021-11-01,jetp_strict,signed,Switzerland,Municipalities,Grants,6499999.999999999,CHF,7215000,JET PMU reported USD equivalent at 2026-03-30,zaf-jet-investment-register-q1-2026,5b5d6442da4e9e57b3c83b7bfc04a19135b2c5bf750c2480685d9d084dc093f4,"Overall - Data, Unique ID SW009",official_register,"Status=C. Implementation Phase; Disbursement Channel=IFC; Co-Financing: Name=Cities, private sector; Institutional / South African Partner=Beneficiary municipalities; project implementation status is not treated as disbursement evidence"
zaf-register-uk001-2026-03-30,zaf-register-uk001,ZAF,2021-11-01,jetp_strict,signed,United Kingdom,Electricity,Grants,5500000,USD,5500000,JET PMU reported USD equivalent at 2026-03-30,zaf-jet-investment-register-q1-2026,5b5d6442da4e9e57b3c83b7bfc04a19135b2c5bf750c2480685d9d084dc093f4,"Overall - Data, Unique ID UK001",official_register,Status=C. Implementation Phase; Institutional / South African Partner=Presidential Climate Commission (PCC); project implementation status is not treated as disbursement evidence
zaf-register-uk002-2026-03-30,zaf-register-uk002,ZAF,2022-01-01,jetp_strict,signed,United Kingdom,Electricity,Grants,1380000,USD,1065000,JET PMU reported USD equivalent at 2026-03-30,zaf-jet-investment-register-q1-2026,5b5d6442da4e9e57b3c83b7bfc04a19135b2c5bf750c2480685d9d084dc093f4,"Overall - Data, Unique ID UK002",official_register,Status=C. Implementation Phase; Institutional / South African Partner=Presidential Climate Commission (PCC); project implementation status is not treated as disbursement evidence
zaf-register-uk003-2026-03-30,zaf-register-uk003,ZAF,2022-01-01,jetp_strict,signed,United Kingdom,Electricity,Grants,94167,GBP,117708.75,JET PMU reported USD equivalent at 2026-03-30,zaf-jet-investment-register-q1-2026,5b5d6442da4e9e57b3c83b7bfc04a19135b2c5bf750c2480685d9d084dc093f4,"Overall - Data, Unique ID UK003",official_register,Status=D. Completed; Institutional / South African Partner=City of Cape Town; project implementation status is not treated as disbursement evidence
zaf-register-uk005-2026-03-30,zaf-register-uk005,ZAF,2023-01-01,jetp_strict,signed,United Kingdom,Electricity,Grants,132383.56,GBP,165479.45,JET PMU reported USD equivalent at 2026-03-30,zaf-jet-investment-register-q1-2026,5b5d6442da4e9e57b3c83b7bfc04a19135b2c5bf750c2480685d9d084dc093f4,"Overall - Data, Unique ID UK005",official_register,"Status=D. Completed; Institutional / South African Partner=Department of Trade, Industry and Competition (DTIC); project implementation status is not treated as disbursement evidence"
zaf-register-uk006-2026-03-30,zaf-register-uk006,ZAF,2021-11-01,jetp_strict,signed,United Kingdom,JT-Mpumalanga,Grants,346136,GBP,432670,JET PMU reported USD equivalent at 2026-03-30,zaf-jet-investment-register-q1-2026,5b5d6442da4e9e57b3c83b7bfc04a19135b2c5bf750c2480685d9d084dc093f4,"Overall - Data, Unique ID UK006",official_register,"Status=D. Completed; Institutional / South African Partner=Department of Forestry, Fisheries and the Environment (DFFE), Mpumalanga Provincial Government; project implementation status is not treated as disbursement evidence"
zaf-register-uk007-2026-03-30,zaf-register-uk007,ZAF,2021-11-01,jetp_strict,signed,United Kingdom,JT-Mpumalanga,Grants,516249,GBP,645311.25,JET PMU reported USD equivalent at 2026-03-30,zaf-jet-investment-register-q1-2026,5b5d6442da4e9e57b3c83b7bfc04a19135b2c5bf750c2480685d9d084dc093f4,"Overall - Data, Unique ID UK007",official_register,"Status=D. Completed; Institutional / South African Partner=Department of Forestry, Fisheries and the Enviornment (DFFE); project implementation status is not treated as disbursement evidence"
zaf-register-uk008-2026-03-30,zaf-register-uk008,ZAF,2021-11-01,jetp_strict,signed,United Kingdom,JT-Mpumalanga,Grants,1388519,GBP,1749533.94,JET PMU reported USD equivalent at 2026-03-30,zaf-jet-investment-register-q1-2026,5b5d6442da4e9e57b3c83b7bfc04a19135b2c5bf750c2480685d9d084dc093f4,"Overall - Data, Unique ID UK008",official_register,Status=C. Implementation Phase; Institutional / South African Partner=Low carbon businesses; project implementation status is not treated as disbursement evidence
zaf-register-uk009-2026-03-30,zaf-register-uk009,ZAF,2021-02-01,jetp_strict,signed,United Kingdom,JT-Mpumalanga,Grants,1310078,GBP,1650698.28,JET PMU reported USD equivalent at 2026-03-30,zaf-jet-investment-register-q1-2026,5b5d6442da4e9e57b3c83b7bfc04a19135b2c5bf750c2480685d9d084dc093f4,"Overall - Data, Unique ID UK009",official_register,Status=D. Completed; project implementation status is not treated as disbursement evidence
zaf-register-uk011-2026-03-30,zaf-register-uk011,ZAF,2021-02-01,jetp_strict,signed,United Kingdom,JT-Mpumalanga,Grants,253622,GBP,317027.5,JET PMU reported USD equivalent at 2026-03-30,zaf-jet-investment-register-q1-2026,5b5d6442da4e9e57b3c83b7bfc04a19135b2c5bf750c2480685d9d084dc093f4,"Overall - Data, Unique ID UK011",official_register,Status=D. Completed; Institutional / South African Partner=eMalahleni and Steve Tshwete Local Municipalities; project implementation status is not treated as disbursement evidence
zaf-register-uk012-2026-03-30,zaf-register-uk012,ZAF,2022-01-01,jetp_strict,signed,United Kingdom,Electricity,Grants,265000,GBP,331250,JET PMU reported USD equivalent at 2026-03-30,zaf-jet-investment-register-q1-2026,5b5d6442da4e9e57b3c83b7bfc04a19135b2c5bf750c2480685d9d084dc093f4,"Overall - Data, Unique ID UK012",official_register,Status=D. Completed; project implementation status is not treated as disbursement evidence
zaf-register-uk013-2026-03-30,zaf-register-uk013,ZAF,2023-02-01,jetp_strict,signed,United Kingdom,Electricity,Grants,18027,GBP,22533.75,JET PMU reported USD equivalent at 2026-03-30,zaf-jet-investment-register-q1-2026,5b5d6442da4e9e57b3c83b7bfc04a19135b2c5bf750c2480685d9d084dc093f4,"Overall - Data, Unique ID UK013",official_register,Status=D. Completed; Institutional / South African Partner=Northern Cape Provincial Government; project implementation status is not treated as disbursement evidence
zaf-register-uk014-2026-03-30,zaf-register-uk014,ZAF,2021-11-01,jetp_strict,signed,United Kingdom,Municipalities,Grants,123104,GBP,153880,JET PMU reported USD equivalent at 2026-03-30,zaf-jet-investment-register-q1-2026,5b5d6442da4e9e57b3c83b7bfc04a19135b2c5bf750c2480685d9d084dc093f4,"Overall - Data, Unique ID UK014",official_register,"Status=D. Completed; Institutional / South African Partner=King Sabata Dalindyebo, Matzikama, Ray Nkonyeni and Walter Sisuslu Local Municipalities, Development Bank of Southern Africa (DBSA); project implementation status is not treated as disbursement evidence"
zaf-register-uk015-2026-03-30,zaf-register-uk015,ZAF,2021-11-01,jetp_strict,signed,United Kingdom,Municipalities,Grants,150227,GBP,187783.75,JET PMU reported USD equivalent at 2026-03-30,zaf-jet-investment-register-q1-2026,5b5d6442da4e9e57b3c83b7bfc04a19135b2c5bf750c2480685d9d084dc093f4,"Overall - Data, Unique ID UK015",official_register,Status=D. Completed; Institutional / South African Partner=eThekwini Metropolitan Municipality; project implementation status is not treated as disbursement evidence
zaf-register-uk016-2026-03-30,zaf-register-uk016,ZAF,2022-11-01,jetp_strict,signed,United Kingdom,Municipalities,Grants,302849,GBP,378561.25,JET PMU reported USD equivalent at 2026-03-30,zaf-jet-investment-register-q1-2026,5b5d6442da4e9e57b3c83b7bfc04a19135b2c5bf750c2480685d9d084dc093f4,"Overall - Data, Unique ID UK016",official_register,Status=D. Completed; Institutional / South African Partner=City of Johannesburg; project implementation status is not treated as disbursement evidence
zaf-register-uk017-2026-03-30,zaf-register-uk017,ZAF,2022-11-01,jetp_strict,signed,United Kingdom,Municipalities,Grants,5130000,GBP,6463800,JET PMU reported USD equivalent at 2026-03-30,zaf-jet-investment-register-q1-2026,5b5d6442da4e9e57b3c83b7bfc04a19135b2c5bf750c2480685d9d084dc093f4,"Overall - Data, Unique ID UK017",official_register,"Status=D. Completed; Institutional / South African Partner=City of Johannesburg ,Tshwane, Cape Town, Mbombela and Drakenstein; project implementation status is not treated as disbursement evidence"
zaf-register-uk018-2026-03-30,zaf-register-uk018,ZAF,2022-01-01,jetp_strict,signed,United Kingdom,Municipalities,Grants,411630,GBP,514537.5,JET PMU reported USD equivalent at 2026-03-30,zaf-jet-investment-register-q1-2026,5b5d6442da4e9e57b3c83b7bfc04a19135b2c5bf750c2480685d9d084dc093f4,"Overall - Data, Unique ID UK018",official_register,Status=D. Completed; Institutional / South African Partner=City of Cape Town; project implementation status is not treated as disbursement evidence
zaf-register-uk019-2026-03-30,zaf-register-uk019,ZAF,2021-11-01,jetp_strict,signed,United Kingdom,NEVs,Grants,302042,GBP,377552.5,JET PMU reported USD equivalent at 2026-03-30,zaf-jet-investment-register-q1-2026,5b5d6442da4e9e57b3c83b7bfc04a19135b2c5bf750c2480685d9d084dc093f4,"Overall - Data, Unique ID UK019",official_register,"Status=D. Completed; Institutional / South African Partner=Department of Transport (DoT), Department of Forestry, Fisheries and the Environment (DFFE) and Western Cape Provincial Government (year 1) Tshwane, eThekwini and Nelson Mandela Bay Municipalities (year 2); project implementation status is not treated as disbursement evidence"
zaf-register-uk020-2026-03-30,zaf-register-uk020,ZAF,2021-11-01,jetp_strict,signed,United Kingdom,NEVs,Grants,148173,GBP,185216.25,JET PMU reported USD equivalent at 2026-03-30,zaf-jet-investment-register-q1-2026,5b5d6442da4e9e57b3c83b7bfc04a19135b2c5bf750c2480685d9d084dc093f4,"Overall - Data, Unique ID UK020",official_register,Status=D. Completed; Institutional / South African Partner=City of Johannesburg; project implementation status is not treated as disbursement evidence
zaf-register-uk021-2026-03-30,zaf-register-uk021,ZAF,2021-11-01,jetp_strict,signed,United Kingdom,Green hydrogen,Grants,1617324.7830763136,GBP,2021655.978845392,JET PMU reported USD equivalent at 2026-03-30,zaf-jet-investment-register-q1-2026,5b5d6442da4e9e57b3c83b7bfc04a19135b2c5bf750c2480685d9d084dc093f4,"Overall - Data, Unique ID UK021",official_register,Status=D. Completed; project implementation status is not treated as disbursement evidence
zaf-register-uk022-2026-03-30,zaf-register-uk022,ZAF,2021-11-01,jetp_strict,signed,United Kingdom,Skills,Grants,246189,GBP,307736.25,JET PMU reported USD equivalent at 2026-03-30,zaf-jet-investment-register-q1-2026,5b5d6442da4e9e57b3c83b7bfc04a19135b2c5bf750c2480685d9d084dc093f4,"Overall - Data, Unique ID UK022",official_register,"Status=D. Completed; Institutional / South African Partner=Department of Science and Innovation (DSI); Department of Higher Education and Training (DHET), Energy and Water SETA (EW SETA); project implementation status is not treated as disbursement evidence"
zaf-register-uk023-2026-03-30,zaf-register-uk023,ZAF,2022-11-01,jetp_strict,signed,United Kingdom,Skills,Grants,238906,GBP,298632.5,JET PMU reported USD equivalent at 2026-03-30,zaf-jet-investment-register-q1-2026,5b5d6442da4e9e57b3c83b7bfc04a19135b2c5bf750c2480685d9d084dc093f4,"Overall - Data, Unique ID UK023",official_register,Status=D. Completed; project implementation status is not treated as disbursement evidence
zaf-register-uk024-2026-03-30,zaf-register-uk024,ZAF,2022-11-01,jetp_strict,signed,United Kingdom,Skills,Grants,76615,GBP,95768.75,JET PMU reported USD equivalent at 2026-03-30,zaf-jet-investment-register-q1-2026,5b5d6442da4e9e57b3c83b7bfc04a19135b2c5bf750c2480685d9d084dc093f4,"Overall - Data, Unique ID UK024",official_register,Status=D. Completed; project implementation status is not treated as disbursement evidence
zaf-register-uk025-2026-03-30,zaf-register-uk025,ZAF,2022-10-01,jetp_strict,signed,United Kingdom,Electricity,Grants,199211,GBP,249013.75,JET PMU reported USD equivalent at 2026-03-30,zaf-jet-investment-register-q1-2026,5b5d6442da4e9e57b3c83b7bfc04a19135b2c5bf750c2480685d9d084dc093f4,"Overall - Data, Unique ID UK025",official_register,Status=D. Completed; Institutional / South African Partner=Presidential Climate Commission (PCC); project implementation status is not treated as disbursement evidence
zaf-register-uk026-2026-03-30,zaf-register-uk026,ZAF,2021-11-01,jetp_strict,signed,United Kingdom,Skills,Grants,522520,ZAR,30646.354607700545,JET PMU reported USD equivalent at 2026-03-30,zaf-jet-investment-register-q1-2026,5b5d6442da4e9e57b3c83b7bfc04a19135b2c5bf750c2480685d9d084dc093f4,"Overall - Data, Unique ID UK026",official_register,Status=D. Completed; Institutional / South African Partner=Presidential Climate Commission (PCC); project implementation status is not treated as disbursement evidence
zaf-register-uk027-2026-03-30,zaf-register-uk027,ZAF,2021-11-01,jetp_strict,signed,United Kingdom,Skills,Grants,39185,GBP,48981.25,JET PMU reported USD equivalent at 2026-03-30,zaf-jet-investment-register-q1-2026,5b5d6442da4e9e57b3c83b7bfc04a19135b2c5bf750c2480685d9d084dc093f4,"Overall - Data, Unique ID UK027",official_register,"Status=D. Completed; Institutional / South African Partner=Department of Science and Innovation (DSI), South African National Energy Development Institute (SANEDI); project implementation status is not treated as disbursement evidence"
zaf-register-uk028-2026-03-30,zaf-register-uk028,ZAF,2021-11-01,jetp_strict,signed,United Kingdom,Skills,Grants,184498,GBP,230622.5,JET PMU reported USD equivalent at 2026-03-30,zaf-jet-investment-register-q1-2026,5b5d6442da4e9e57b3c83b7bfc04a19135b2c5bf750c2480685d9d084dc093f4,"Overall - Data, Unique ID UK028",official_register,"Status=D. Completed; Institutional / South African Partner=Department of Science and Innovation (DSI), South African National Energy Development Institute (SANEDI); project implementation status is not treated as disbursement evidence"
zaf-register-uk029-2026-03-30,zaf-register-uk029,ZAF,2023-01-01,jetp_strict,signed,United Kingdom,Skills,Grants,70000,GBP,87500,JET PMU reported USD equivalent at 2026-03-30,zaf-jet-investment-register-q1-2026,5b5d6442da4e9e57b3c83b7bfc04a19135b2c5bf750c2480685d9d084dc093f4,"Overall - Data, Unique ID UK029",official_register,Status=D. Completed; project implementation status is not treated as disbursement evidence
zaf-register-uk030-2026-03-30,zaf-register-uk030,ZAF,2021-11-01,jetp_strict,signed,United Kingdom,Skills,Grants,951443.548,GBP,1198818.87048,JET PMU reported USD equivalent at 2026-03-30,zaf-jet-investment-register-q1-2026,5b5d6442da4e9e57b3c83b7bfc04a19135b2c5bf750c2480685d9d084dc093f4,"Overall - Data, Unique ID UK030",official_register,Status=C. Implementation Phase; project implementation status is not treated as disbursement evidence
zaf-register-uk031-2026-03-30,zaf-register-uk031,ZAF,2023-08-01,jetp_strict,signed,United Kingdom,Skills,Grants,585121,GBP,731401.25,JET PMU reported USD equivalent at 2026-03-30,zaf-jet-investment-register-q1-2026,5b5d6442da4e9e57b3c83b7bfc04a19135b2c5bf750c2480685d9d084dc093f4,"Overall - Data, Unique ID UK031",official_register,Status=D. Completed; Institutional / South African Partner=UCT; project implementation status is not treated as disbursement evidence
zaf-register-uk033-2026-03-30,zaf-register-uk033,ZAF,2023-09-01,jetp_strict,signed,United Kingdom,JT-Mpumalanga,Grants,98795.5,GBP,123494.375,JET PMU reported USD equivalent at 2026-03-30,zaf-jet-investment-register-q1-2026,5b5d6442da4e9e57b3c83b7bfc04a19135b2c5bf750c2480685d9d084dc093f4,"Overall - Data, Unique ID UK033",official_register,Status=D. Completed; project implementation status is not treated as disbursement evidence
zaf-register-uk034-2026-03-30,zaf-register-uk034,ZAF,2024-03-01,jetp_strict,signed,United Kingdom,Municipalities,Grants,451633,GBP,564541.25,JET PMU reported USD equivalent at 2026-03-30,zaf-jet-investment-register-q1-2026,5b5d6442da4e9e57b3c83b7bfc04a19135b2c5bf750c2480685d9d084dc093f4,"Overall - Data, Unique ID UK034",official_register,Status=D. Completed; Institutional / South African Partner=South African Local Government Association (SALGA); project implementation status is not treated as disbursement evidence
zaf-register-uk035-2026-03-30,zaf-register-uk035,ZAF,2024-02-01,jetp_strict,signed,United Kingdom,Municipalities,Grants,468917,GBP,590835.42,JET PMU reported USD equivalent at 2026-03-30,zaf-jet-investment-register-q1-2026,5b5d6442da4e9e57b3c83b7bfc04a19135b2c5bf750c2480685d9d084dc093f4,"Overall - Data, Unique ID UK035",official_register,Status=D. Completed; Institutional / South African Partner=Presidential Climate Commission (PCC); South African Local Government Association (SALGA); project implementation status is not treated as disbursement evidence
zaf-register-uk037-2026-03-30,zaf-register-uk037,ZAF,2024-02-01,jetp_strict,signed,United Kingdom,Green hydrogen,Grants,996544,GBP,1255645.44,JET PMU reported USD equivalent at 2026-03-30,zaf-jet-investment-register-q1-2026,5b5d6442da4e9e57b3c83b7bfc04a19135b2c5bf750c2480685d9d084dc093f4,"Overall - Data, Unique ID UK037",official_register,Status=D. Completed; Institutional / South African Partner=Industrial Development Corporation (IDC); project implementation status is not treated as disbursement evidence
zaf-register-uk039-2026-03-30,zaf-register-uk039,ZAF,2023-09-01,jetp_strict,signed,United Kingdom,Green hydrogen,Grants,55070.05,GBP,68837.5625,JET PMU reported USD equivalent at 2026-03-30,zaf-jet-investment-register-q1-2026,5b5d6442da4e9e57b3c83b7bfc04a19135b2c5bf750c2480685d9d084dc093f4,"Overall - Data, Unique ID UK039",official_register,"Status=D. Completed; Institutional / South African Partner=Department of Science and Innovation (DSI), South African National Energy Development Institute (SANEDI); project implementation status is not treated as disbursement evidence"
zaf-register-uk042-2026-03-30,zaf-register-uk042,ZAF,2023-09-01,jetp_strict,signed,United Kingdom,JT-Mpumalanga,Grants,32010,GBP,40012.5,JET PMU reported USD equivalent at 2026-03-30,zaf-jet-investment-register-q1-2026,5b5d6442da4e9e57b3c83b7bfc04a19135b2c5bf750c2480685d9d084dc093f4,"Overall - Data, Unique ID UK042",official_register,Status=D. Completed; project implementation status is not treated as disbursement evidence
zaf-register-uk043-2026-03-30,zaf-register-uk043,ZAF,2023-07-01,jetp_strict,signed,United Kingdom,JT-Mpumalanga,Grants,1700000,GBP,2142000,JET PMU reported USD equivalent at 2026-03-30,zaf-jet-investment-register-q1-2026,5b5d6442da4e9e57b3c83b7bfc04a19135b2c5bf750c2480685d9d084dc093f4,"Overall - Data, Unique ID UK043",official_register,Status=C. Implementation Phase; project implementation status is not treated as disbursement evidence
zaf-register-uk044-2026-03-30,zaf-register-uk044,ZAF,2023-08-01,jetp_strict,signed,United Kingdom,JT-Mpumalanga,Grants,955728,GBP,1204217.28,JET PMU reported USD equivalent at 2026-03-30,zaf-jet-investment-register-q1-2026,5b5d6442da4e9e57b3c83b7bfc04a19135b2c5bf750c2480685d9d084dc093f4,"Overall - Data, Unique ID UK044",official_register,Status=C. Implementation Phase; project implementation status is not treated as disbursement evidence
zaf-register-uk045-2026-03-30,zaf-register-uk045,ZAF,2023-08-01,jetp_strict,signed,United Kingdom,JT-Mpumalanga,Grants,300000,GBP,378000,JET PMU reported USD equivalent at 2026-03-30,zaf-jet-investment-register-q1-2026,5b5d6442da4e9e57b3c83b7bfc04a19135b2c5bf750c2480685d9d084dc093f4,"Overall - Data, Unique ID UK045",official_register,Status=C. Implementation Phase; project implementation status is not treated as disbursement evidence
zaf-register-uk046-2026-03-30,zaf-register-uk046,ZAF,2023-06-01,jetp_strict,signed,United Kingdom,Municipalities,Grants,1050000,GBP,1323000,JET PMU reported USD equivalent at 2026-03-30,zaf-jet-investment-register-q1-2026,5b5d6442da4e9e57b3c83b7bfc04a19135b2c5bf750c2480685d9d084dc093f4,"Overall - Data, Unique ID UK046",official_register,"Status=C. Implementation Phase; Institutional / South African Partner=COGTA, SALGAetc; project implementation status is not treated as disbursement evidence"
zaf-register-uk047-2026-03-30,zaf-register-uk047,ZAF,2024-11-29,jetp_strict,signed,United Kingdom,Skills,Grants,51520,GBP,64915.2,JET PMU reported USD equivalent at 2026-03-30,zaf-jet-investment-register-q1-2026,5b5d6442da4e9e57b3c83b7bfc04a19135b2c5bf750c2480685d9d084dc093f4,"Overall - Data, Unique ID UK047",official_register,Status=D. Completed; project implementation status is not treated as disbursement evidence
zaf-register-uk048-2026-03-30,zaf-register-uk048,ZAF,2021-06-30,jetp_strict,signed,United Kingdom,Energy Efficiency,Grants,2900000,USD,2900000,JET PMU reported USD equivalent at 2026-03-30,zaf-jet-investment-register-q1-2026,5b5d6442da4e9e57b3c83b7bfc04a19135b2c5bf750c2480685d9d084dc093f4,"Overall - Data, Unique ID UK048",official_register,"Status=C. Implementation Phase; Institutional / South African Partner=Financial Intermediaries, Green building developers, policy-makers.; project implementation status is not treated as disbursement evidence"
zaf-register-uk049-2026-03-30,zaf-register-uk049,ZAF,2021-12-03,jetp_strict,signed,United Kingdom,Energy Efficiency,Grants,2946774,USD,2946774,JET PMU reported USD equivalent at 2026-03-30,zaf-jet-investment-register-q1-2026,5b5d6442da4e9e57b3c83b7bfc04a19135b2c5bf750c2480685d9d084dc093f4,"Overall - Data, Unique ID UK049",official_register,"Status=C. Implementation Phase; Institutional / South African Partner=Financial Intermediaries, Green building developers, policy-makers.; project implementation status is not treated as disbursement evidence"
zaf-register-uk050-2026-03-30,zaf-register-uk050,ZAF,2024-01-17,jetp_strict,signed,United Kingdom,Electricity,Grants,288285,GBP,360356.25,JET PMU reported USD equivalent at 2026-03-30,zaf-jet-investment-register-q1-2026,5b5d6442da4e9e57b3c83b7bfc04a19135b2c5bf750c2480685d9d084dc093f4,"Overall - Data, Unique ID UK050",official_register,Status=D. Completed; Institutional / South African Partner=Energy Council; project implementation status is not treated as disbursement evidence
zaf-register-uk051-2026-03-30,zaf-register-uk051,ZAF,2023-09-01,jetp_strict,signed,United Kingdom,JT-Mpumalanga,Grants,3898796,GBP,4912482.96,JET PMU reported USD equivalent at 2026-03-30,zaf-jet-investment-register-q1-2026,5b5d6442da4e9e57b3c83b7bfc04a19135b2c5bf750c2480685d9d084dc093f4,"Overall - Data, Unique ID UK051",official_register,"Status=C. Implementation Phase; Institutional / South African Partner=Various Municipalities, COGTA, NT, DWS, Necom; project implementation status is not treated as disbursement evidence"
zaf-register-uk052-2026-03-30,zaf-register-uk052,ZAF,2025-01-01,jetp_strict,signed,United Kingdom,Road to Rail,Grants,252690,GBP,318389.4,JET PMU reported USD equivalent at 2026-03-30,zaf-jet-investment-register-q1-2026,5b5d6442da4e9e57b3c83b7bfc04a19135b2c5bf750c2480685d9d084dc093f4,"Overall - Data, Unique ID UK052",official_register,"Status=C. Implementation Phase; Institutional / South African Partner=Joburg, Cape Town, Durban; project implementation status is not treated as disbursement evidence"
zaf-register-uk053-2026-03-30,zaf-register-uk053,ZAF,2024-08-16,jetp_strict,signed,United Kingdom,Electricity,Grants,999360,GBP,1259193.6,JET PMU reported USD equivalent at 2026-03-30,zaf-jet-investment-register-q1-2026,5b5d6442da4e9e57b3c83b7bfc04a19135b2c5bf750c2480685d9d084dc093f4,"Overall - Data, Unique ID UK053",official_register,Status=C. Implementation Phase; Institutional / South African Partner=DHET; project implementation status is not treated as disbursement evidence
zaf-register-uk054-2026-03-30,zaf-register-uk054,ZAF,2024-04-01,jetp_strict,signed,United Kingdom,Electricity,"Commercial Debt, Equity & Guarantees",17200000,USD,17200000,JET PMU reported USD equivalent at 2026-03-30,zaf-jet-investment-register-q1-2026,5b5d6442da4e9e57b3c83b7bfc04a19135b2c5bf750c2480685d9d084dc093f4,"Overall - Data, Unique ID UK054",official_register,"Status=C. Implementation Phase; Institutional / South African Partner=Africa GreenCo, Independent Power Projects (IPPs) and South Africa Banks and other lenders; project implementation status is not treated as disbursement evidence"
zaf-register-uk055-2026-03-30,zaf-register-uk055,ZAF,2026-03-30,jetp_strict,approved,United Kingdom,Electricity,"Commercial Debt, Equity & Guarantees",28100000,USD,28100000,JET PMU reported USD equivalent at 2026-03-30,zaf-jet-investment-register-q1-2026,5b5d6442da4e9e57b3c83b7bfc04a19135b2c5bf750c2480685d9d084dc093f4,"Overall - Data, Unique ID UK055",official_register,Status=C. Implementation Phase; Institutional / South African Partner=SPS Africa; project implementation status is not treated as disbursement evidence
zaf-register-uk056-2026-03-30,zaf-register-uk056,ZAF,2024-12-01,jetp_strict,signed,United Kingdom,Electricity,"Commercial Debt, Equity & Guarantees",99999999.99999999,USD,99999999.99999999,JET PMU reported USD equivalent at 2026-03-30,zaf-jet-investment-register-q1-2026,5b5d6442da4e9e57b3c83b7bfc04a19135b2c5bf750c2480685d9d084dc093f4,"Overall - Data, Unique ID UK056",official_register,Status=C. Implementation Phase; project implementation status is not treated as disbursement evidence
zaf-register-uk057-2026-03-30,zaf-register-uk057,ZAF,2026-03-30,jetp_strict,approved,United Kingdom,Electricity,"Commercial Debt, Equity & Guarantees",125000000,ZAR,7062146.892655368,JET PMU reported USD equivalent at 2026-03-30,zaf-jet-investment-register-q1-2026,5b5d6442da4e9e57b3c83b7bfc04a19135b2c5bf750c2480685d9d084dc093f4,"Overall - Data, Unique ID UK057",official_register,Status=C. Implementation Phase; Institutional / South African Partner=H1 Capital; project implementation status is not treated as disbursement evidence
zaf-register-uk058-2026-03-30,zaf-register-uk058,ZAF,2026-03-30,jetp_strict,approved,United Kingdom,JT-Mpumalanga,"Commercial Debt, Equity & Guarantees",13600000,USD,13600000,JET PMU reported USD equivalent at 2026-03-30,zaf-jet-investment-register-q1-2026,5b5d6442da4e9e57b3c83b7bfc04a19135b2c5bf750c2480685d9d084dc093f4,"Overall - Data, Unique ID UK058",official_register,Status=C. Implementation Phase; Institutional / South African Partner=Local communities through JVs; project implementation status is not treated as disbursement evidence
zaf-register-uk059-2026-03-30,zaf-register-uk059,ZAF,2024-11-11,jetp_strict,signed,United Kingdom,Electricity,Grants,350000,GBP,437500,JET PMU reported USD equivalent at 2026-03-30,zaf-jet-investment-register-q1-2026,5b5d6442da4e9e57b3c83b7bfc04a19135b2c5bf750c2480685d9d084dc093f4,"Overall - Data, Unique ID UK059",official_register,Status=D. Completed; project implementation status is not treated as disbursement evidence
zaf-register-uk060-2026-03-30,zaf-register-uk060,ZAF,2024-01-01,jetp_strict,signed,United Kingdom,Electricity,Grants,42000,GBP,52920,JET PMU reported USD equivalent at 2026-03-30,zaf-jet-investment-register-q1-2026,5b5d6442da4e9e57b3c83b7bfc04a19135b2c5bf750c2480685d9d084dc093f4,"Overall - Data, Unique ID UK060",official_register,Status=C. Implementation Phase; project implementation status is not treated as disbursement evidence
zaf-register-uk061-2026-03-30,zaf-register-uk061,ZAF,2025-03-10,jetp_strict,signed,United Kingdom,JT-Mpumalanga,Grants,500000,GBP,630000,JET PMU reported USD equivalent at 2026-03-30,zaf-jet-investment-register-q1-2026,5b5d6442da4e9e57b3c83b7bfc04a19135b2c5bf750c2480685d9d084dc093f4,"Overall - Data, Unique ID UK061",official_register,Status=C. Implementation Phase; project implementation status is not treated as disbursement evidence
zaf-register-uk062-2026-03-30,zaf-register-uk062,ZAF,2025-07-01,jetp_strict,signed,United Kingdom,Municipalities,"Commercial Debt, Equity & Guarantees",1532999985.44,ZAR,86610168.66892657,JET PMU reported USD equivalent at 2026-03-30,zaf-jet-investment-register-q1-2026,5b5d6442da4e9e57b3c83b7bfc04a19135b2c5bf750c2480685d9d084dc093f4,"Overall - Data, Unique ID UK062",official_register,Status=C. Implementation Phase; Institutional / South African Partner=City of Johannesburg; project implementation status is not treated as disbursement evidence
zaf-register-uk063-2026-03-30,zaf-register-uk063,ZAF,2023-06-29,jetp_strict,signed,United Kingdom,Energy Efficiency,Grants,10000000,USD,10000000,JET PMU reported USD equivalent at 2026-03-30,zaf-jet-investment-register-q1-2026,5b5d6442da4e9e57b3c83b7bfc04a19135b2c5bf750c2480685d9d084dc093f4,"Overall - Data, Unique ID UK063",official_register,"Status=C. Implementation Phase; Institutional / South African Partner=Financial Intermediaries, Green building developers, policy-makers.; project implementation status is not treated as disbursement evidence"
zaf-register-uk064-2026-03-30,zaf-register-uk064,ZAF,2024-05-24,jetp_strict,signed,United Kingdom,Energy Efficiency,Grants,4350000,USD,4350000,JET PMU reported USD equivalent at 2026-03-30,zaf-jet-investment-register-q1-2026,5b5d6442da4e9e57b3c83b7bfc04a19135b2c5bf750c2480685d9d084dc093f4,"Overall - Data, Unique ID UK064",official_register,"Status=C. Implementation Phase; Institutional / South African Partner=Financial Intermediaries, Green building developers, policy-makers.; project implementation status is not treated as disbursement evidence"
zaf-register-uk065-2026-03-30,zaf-register-uk065,ZAF,2025-06-19,jetp_strict,signed,United Kingdom,Electricity,"Commercial Debt, Equity & Guarantees",18200000,USD,18200000,JET PMU reported USD equivalent at 2026-03-30,zaf-jet-investment-register-q1-2026,5b5d6442da4e9e57b3c83b7bfc04a19135b2c5bf750c2480685d9d084dc093f4,"Overall - Data, Unique ID UK065",official_register,"Status=C. Implementation Phase; Co-Financing: Name=Africa Rainbow Energy, Absa, Standard Bank; Institutional / South African Partner=NTCSA; project implementation status is not treated as disbursement evidence"
zaf-register-uk066-2026-03-30,zaf-register-uk066,ZAF,2024-11-06,jetp_strict,signed,United Kingdom,Electricity,Grants,265411,GBP,334417.86,JET PMU reported USD equivalent at 2026-03-30,zaf-jet-investment-register-q1-2026,5b5d6442da4e9e57b3c83b7bfc04a19135b2c5bf750c2480685d9d084dc093f4,"Overall - Data, Unique ID UK066",official_register,Status=D. Completed; project implementation status is not treated as disbursement evidence
zaf-register-uk067-2026-03-30,zaf-register-uk067,ZAF,2025-02-10,jetp_strict,signed,United Kingdom,JT-Mpumalanga,Grants,492652,GBP,620741.52,JET PMU reported USD equivalent at 2026-03-30,zaf-jet-investment-register-q1-2026,5b5d6442da4e9e57b3c83b7bfc04a19135b2c5bf750c2480685d9d084dc093f4,"Overall - Data, Unique ID UK067",official_register,Status=C. Implementation Phase; project implementation status is not treated as disbursement evidence
zaf-register-uk068-2026-03-30,zaf-register-uk068,ZAF,2024-11-25,jetp_strict,signed,United Kingdom,Electricity,Grants,1000000,GBP,1260000,JET PMU reported USD equivalent at 2026-03-30,zaf-jet-investment-register-q1-2026,5b5d6442da4e9e57b3c83b7bfc04a19135b2c5bf750c2480685d9d084dc093f4,"Overall - Data, Unique ID UK068",official_register,Status=C. Implementation Phase; project implementation status is not treated as disbursement evidence
zaf-register-uk069-2026-03-30,zaf-register-uk069,ZAF,2025-02-17,jetp_strict,signed,United Kingdom,Energy Efficiency,Grants,4800000,USD,4800000,JET PMU reported USD equivalent at 2026-03-30,zaf-jet-investment-register-q1-2026,5b5d6442da4e9e57b3c83b7bfc04a19135b2c5bf750c2480685d9d084dc093f4,"Overall - Data, Unique ID UK069",official_register,"Status=C. Implementation Phase; Institutional / South African Partner=Financial Intermediaries, Green building developers, policy-makers.; project implementation status is not treated as disbursement evidence"
zaf-register-uk070-2026-03-30,zaf-register-uk070,ZAF,2025-03-31,jetp_strict,signed,United Kingdom,Energy Efficiency,Grants,3800000,USD,3800000,JET PMU reported USD equivalent at 2026-03-30,zaf-jet-investment-register-q1-2026,5b5d6442da4e9e57b3c83b7bfc04a19135b2c5bf750c2480685d9d084dc093f4,"Overall - Data, Unique ID UK070",official_register,"Status=C. Implementation Phase; Institutional / South African Partner=Financial Intermediaries, Green building developers, policy-makers.; project implementation status is not treated as disbursement evidence"
zaf-register-uk071-2026-03-30,zaf-register-uk071,ZAF,2025-01-04,jetp_strict,signed,United Kingdom,Electricity,Grants,672628,GBP,847511.28,JET PMU reported USD equivalent at 2026-03-30,zaf-jet-investment-register-q1-2026,5b5d6442da4e9e57b3c83b7bfc04a19135b2c5bf750c2480685d9d084dc093f4,"Overall - Data, Unique ID UK071",official_register,Status=C. Implementation Phase; Institutional / South African Partner=Resilience Energy (SA); project implementation status is not treated as disbursement evidence
zaf-register-uk072-2026-03-30,zaf-register-uk072,ZAF,2026-03-30,jetp_strict,approved,United Kingdom,Electricity,"Commercial Debt, Equity & Guarantees",2400000,USD,2400000,JET PMU reported USD equivalent at 2026-03-30,zaf-jet-investment-register-q1-2026,5b5d6442da4e9e57b3c83b7bfc04a19135b2c5bf750c2480685d9d084dc093f4,"Overall - Data, Unique ID UK072",official_register,Status=C. Implementation Phase; project implementation status is not treated as disbursement evidence
zaf-register-uk073-2026-03-30,zaf-register-uk073,ZAF,2025-07-01,jetp_strict,signed,United Kingdom,Electricity,Grants,462000,GBP,582120,JET PMU reported USD equivalent at 2026-03-30,zaf-jet-investment-register-q1-2026,5b5d6442da4e9e57b3c83b7bfc04a19135b2c5bf750c2480685d9d084dc093f4,"Overall - Data, Unique ID UK073",official_register,"Status=C. Implementation Phase; Institutional / South African Partner=Zwelamanzi Trading, Rampox Energy; project implementation status is not treated as disbursement evidence"
zaf-register-uk074-2026-03-30,zaf-register-uk074,ZAF,2026-03-30,jetp_strict,announced,United Kingdom,Skills,Grants,,,,,zaf-jet-investment-register-q1-2026,5b5d6442da4e9e57b3c83b7bfc04a19135b2c5bf750c2480685d9d084dc093f4,"Overall - Data, Unique ID UK074",official_register,Status=A. Planned; reported currency without amount=GBP; project implementation status is not treated as disbursement evidence
zaf-register-uk075-2026-03-30,zaf-register-uk075,ZAF,2026-03-30,jetp_strict,approved,United Kingdom,Electricity,"Commercial Debt, Equity & Guarantees",43000000,USD,43000000,JET PMU reported USD equivalent at 2026-03-30,zaf-jet-investment-register-q1-2026,5b5d6442da4e9e57b3c83b7bfc04a19135b2c5bf750c2480685d9d084dc093f4,"Overall - Data, Unique ID UK075",official_register,Status=C. Implementation Phase; Co-Financing: Name=Alexander Forbes; project implementation status is not treated as disbursement evidence
zaf-register-uk076-2026-03-30,zaf-register-uk076,ZAF,2025-10-01,jetp_strict,signed,United Kingdom,Municipalities,Grants,292549,GBP,368611.74,JET PMU reported USD equivalent at 2026-03-30,zaf-jet-investment-register-q1-2026,5b5d6442da4e9e57b3c83b7bfc04a19135b2c5bf750c2480685d9d084dc093f4,"Overall - Data, Unique ID UK076",official_register,Status=C. Implementation Phase; Institutional / South African Partner=City of Johannesburg; project implementation status is not treated as disbursement evidence
zaf-register-uk077-2026-03-30,zaf-register-uk077,ZAF,2026-03-30,jetp_strict,approved,United Kingdom,Electricity,Grants,,,0,JET PMU reported USD equivalent at 2026-03-30,zaf-jet-investment-register-q1-2026,5b5d6442da4e9e57b3c83b7bfc04a19135b2c5bf750c2480685d9d084dc093f4,"Overall - Data, Unique ID UK077",official_register,Status=C. Implementation Phase; Institutional / South African Partner=CSIR; project implementation status is not treated as disbursement evidence
zaf-register-us001-2026-03-30,zaf-register-us001,ZAF,2023-07-01,jetp_strict,signed,United States,JT-Mpumalanga,Grants,4000000,USD,238000,JET PMU reported USD equivalent at 2026-03-30,zaf-jet-investment-register-q1-2026,5b5d6442da4e9e57b3c83b7bfc04a19135b2c5bf750c2480685d9d084dc093f4,"Overall - Data, Unique ID US001",official_register,Status=C. Implementation Phase; Institutional / South African Partner=TBD; project implementation status is not treated as disbursement evidence
zaf-register-us002-2026-03-30,zaf-register-us002,ZAF,2024-12-01,jetp_strict,signed,United States,JT-Mpumalanga,Grants,5000000,USD,0,JET PMU reported USD equivalent at 2026-03-30,zaf-jet-investment-register-q1-2026,5b5d6442da4e9e57b3c83b7bfc04a19135b2c5bf750c2480685d9d084dc093f4,"Overall - Data, Unique ID US002",official_register,Status=B. Approved; Institutional / South African Partner=TBD; project implementation status is not treated as disbursement evidence
zaf-register-us003-2026-03-30,zaf-register-us003,ZAF,2023-04-01,jetp_strict,signed,United States,JT-Mpumalanga,Grants,5000000,USD,0,JET PMU reported USD equivalent at 2026-03-30,zaf-jet-investment-register-q1-2026,5b5d6442da4e9e57b3c83b7bfc04a19135b2c5bf750c2480685d9d084dc093f4,"Overall - Data, Unique ID US003",official_register,Status=B. Approved; Institutional / South African Partner=TBD; project implementation status is not treated as disbursement evidence
zaf-register-us004-2026-03-30,zaf-register-us004,ZAF,2023-11-01,jetp_strict,signed,United States,JT-Mpumalanga,Grants,15000000,USD,2670000,JET PMU reported USD equivalent at 2026-03-30,zaf-jet-investment-register-q1-2026,5b5d6442da4e9e57b3c83b7bfc04a19135b2c5bf750c2480685d9d084dc093f4,"Overall - Data, Unique ID US004",official_register,"Status=C. Implementation Phase; Institutional / South African Partner=NTCSA, Coega SEZ, City of Cape Town, Western Cape Pronicial Government, SALGA, others; project implementation status is not treated as disbursement evidence"
zaf-register-us006-2026-03-30,zaf-register-us006,ZAF,2024-03-01,jetp_strict,signed,United States,JT-Mpumalanga,Grants,550000,USD,48534,JET PMU reported USD equivalent at 2026-03-30,zaf-jet-investment-register-q1-2026,5b5d6442da4e9e57b3c83b7bfc04a19135b2c5bf750c2480685d9d084dc093f4,"Overall - Data, Unique ID US006",official_register,"Status=C. Implementation Phase; Institutional / South African Partner=CIMERA, UJ; project implementation status is not treated as disbursement evidence"
zaf-register-us007-2026-03-30,zaf-register-us007,ZAF,2024-03-01,jetp_strict,signed,United States,Electricity,Grants,300000,USD,35664.8,JET PMU reported USD equivalent at 2026-03-30,zaf-jet-investment-register-q1-2026,5b5d6442da4e9e57b3c83b7bfc04a19135b2c5bf750c2480685d9d084dc093f4,"Overall - Data, Unique ID US007",official_register,Status=C. Implementation Phase; Institutional / South African Partner=TBD; project implementation status is not treated as disbursement evidence
zaf-register-us008-2026-03-30,zaf-register-us008,ZAF,2024-03-01,jetp_strict,signed,United States,Electricity,Grants,300000,USD,35664.8,JET PMU reported USD equivalent at 2026-03-30,zaf-jet-investment-register-q1-2026,5b5d6442da4e9e57b3c83b7bfc04a19135b2c5bf750c2480685d9d084dc093f4,"Overall - Data, Unique ID US008",official_register,Status=C. Implementation Phase; Institutional / South African Partner=TBD; project implementation status is not treated as disbursement evidence
zaf-register-us009-2026-03-30,zaf-register-us009,ZAF,2024-03-01,jetp_strict,signed,United States,Electricity,Grants,300000,USD,35664.8,JET PMU reported USD equivalent at 2026-03-30,zaf-jet-investment-register-q1-2026,5b5d6442da4e9e57b3c83b7bfc04a19135b2c5bf750c2480685d9d084dc093f4,"Overall - Data, Unique ID US009",official_register,Status=C. Implementation Phase; Institutional / South African Partner=TBD; project implementation status is not treated as disbursement evidence
zaf-register-us010-2026-03-30,zaf-register-us010,ZAF,2024-03-01,jetp_strict,signed,United States,Municipalities,Grants,300000,USD,35664.8,JET PMU reported USD equivalent at 2026-03-30,zaf-jet-investment-register-q1-2026,5b5d6442da4e9e57b3c83b7bfc04a19135b2c5bf750c2480685d9d084dc093f4,"Overall - Data, Unique ID US010",official_register,Status=C. Implementation Phase; Institutional / South African Partner=TBD; project implementation status is not treated as disbursement evidence
zaf-register-us011-2026-03-30,zaf-register-us011,ZAF,2024-03-01,jetp_strict,signed,United States,Municipalities,Grants,300000,USD,35664.8,JET PMU reported USD equivalent at 2026-03-30,zaf-jet-investment-register-q1-2026,5b5d6442da4e9e57b3c83b7bfc04a19135b2c5bf750c2480685d9d084dc093f4,"Overall - Data, Unique ID US011",official_register,Status=C. Implementation Phase; Institutional / South African Partner=TBD; project implementation status is not treated as disbursement evidence
zaf-register-us012-2026-03-30,zaf-register-us012,ZAF,2024-05-01,jetp_strict,signed,United States,Electricity,Grants,250000,USD,250000,JET PMU reported USD equivalent at 2026-03-30,zaf-jet-investment-register-q1-2026,5b5d6442da4e9e57b3c83b7bfc04a19135b2c5bf750c2480685d9d084dc093f4,"Overall - Data, Unique ID US012",official_register,Status=D. Completed; Institutional / South African Partner=MoEE; project implementation status is not treated as disbursement evidence
zaf-register-us013-2026-03-30,zaf-register-us013,ZAF,2023-10-04,jetp_strict,signed,United States,Electricity,Grants,1364834,USD,0,JET PMU reported USD equivalent at 2026-03-30,zaf-jet-investment-register-q1-2026,5b5d6442da4e9e57b3c83b7bfc04a19135b2c5bf750c2480685d9d084dc093f4,"Overall - Data, Unique ID US013",official_register,Status=C. Implementation Phase; Institutional / South African Partner=Eskom; project implementation status is not treated as disbursement evidence
zaf-register-us014-2026-03-30,zaf-register-us014,ZAF,2021-11-01,jetp_strict,signed,United States,Electricity,Grants,8635166,USD,420712,JET PMU reported USD equivalent at 2026-03-30,zaf-jet-investment-register-q1-2026,5b5d6442da4e9e57b3c83b7bfc04a19135b2c5bf750c2480685d9d084dc093f4,"Overall - Data, Unique ID US014",official_register,Status=C. Implementation Phase; Institutional / South African Partner=TBD; project implementation status is not treated as disbursement evidence
zaf-register-us015-2026-03-30,zaf-register-us015,ZAF,2022-08-22,jetp_strict,signed,United States,Electricity,Grants,974746,USD,974746,JET PMU reported USD equivalent at 2026-03-30,zaf-jet-investment-register-q1-2026,5b5d6442da4e9e57b3c83b7bfc04a19135b2c5bf750c2480685d9d084dc093f4,"Overall - Data, Unique ID US015",official_register,"Status=C. Implementation Phase; Institutional / South African Partner=Municipalities, others; project implementation status is not treated as disbursement evidence"
zaf-register-us017-2026-03-30,zaf-register-us017,ZAF,2022-01-01,jetp_strict,signed,United States,JT-Mpumalanga,Grants,4000000,USD,600000,JET PMU reported USD equivalent at 2026-03-30,zaf-jet-investment-register-q1-2026,5b5d6442da4e9e57b3c83b7bfc04a19135b2c5bf750c2480685d9d084dc093f4,"Overall - Data, Unique ID US017",official_register,Status=C. Implementation Phase; Institutional / South African Partner=IPP Office; project implementation status is not treated as disbursement evidence
zaf-register-us018-2026-03-30,zaf-register-us018,ZAF,2022-01-01,jetp_strict,signed,United States,Municipalities,Grants,1000000,USD,330000,JET PMU reported USD equivalent at 2026-03-30,zaf-jet-investment-register-q1-2026,5b5d6442da4e9e57b3c83b7bfc04a19135b2c5bf750c2480685d9d084dc093f4,"Overall - Data, Unique ID US018",official_register,Status=C. Implementation Phase; Institutional / South African Partner=DMRE; project implementation status is not treated as disbursement evidence
zaf-register-us019-2026-03-30,zaf-register-us019,ZAF,2023-04-03,jetp_strict,signed,United States,Green hydrogen,Grants,51420,USD,51420,JET PMU reported USD equivalent at 2026-03-30,zaf-jet-investment-register-q1-2026,5b5d6442da4e9e57b3c83b7bfc04a19135b2c5bf750c2480685d9d084dc093f4,"Overall - Data, Unique ID US019",official_register,Status=D. Completed; Institutional / South African Partner=DMRE; project implementation status is not treated as disbursement evidence
zaf-register-us020-2026-03-30,zaf-register-us020,ZAF,2022-01-01,jetp_strict,signed,United States,Skills,Grants,500000,USD,0,JET PMU reported USD equivalent at 2026-03-30,zaf-jet-investment-register-q1-2026,5b5d6442da4e9e57b3c83b7bfc04a19135b2c5bf750c2480685d9d084dc093f4,"Overall - Data, Unique ID US020",official_register,Status=C. Implementation Phase; project implementation status is not treated as disbursement evidence
zaf-register-us021-2026-03-30,zaf-register-us021,ZAF,2023-01-02,jetp_strict,signed,United States,Electricity,Grants,580000,USD,580000,JET PMU reported USD equivalent at 2026-03-30,zaf-jet-investment-register-q1-2026,5b5d6442da4e9e57b3c83b7bfc04a19135b2c5bf750c2480685d9d084dc093f4,"Overall - Data, Unique ID US021",official_register,Status=D. Completed; Institutional / South African Partner=Decentral Energy; project implementation status is not treated as disbursement evidence
zaf-register-us022-2026-03-30,zaf-register-us022,ZAF,2022-04-01,jetp_strict,signed,United States,Electricity,Grants,117637,USD,117637,JET PMU reported USD equivalent at 2026-03-30,zaf-jet-investment-register-q1-2026,5b5d6442da4e9e57b3c83b7bfc04a19135b2c5bf750c2480685d9d084dc093f4,"Overall - Data, Unique ID US022",official_register,Status=D. Completed; Institutional / South African Partner=Eskom; project implementation status is not treated as disbursement evidence
zaf-register-us023-2026-03-30,zaf-register-us023,ZAF,2021-10-01,jetp_strict,signed,United States,Electricity,Grants,544291,USD,544291,JET PMU reported USD equivalent at 2026-03-30,zaf-jet-investment-register-q1-2026,5b5d6442da4e9e57b3c83b7bfc04a19135b2c5bf750c2480685d9d084dc093f4,"Overall - Data, Unique ID US023",official_register,Status=D. Completed; Institutional / South African Partner=CSIR; project implementation status is not treated as disbursement evidence
zaf-register-us024-2026-03-30,zaf-register-us024,ZAF,2021-10-01,jetp_strict,signed,United States,Electricity,Grants,82331,USD,82331,JET PMU reported USD equivalent at 2026-03-30,zaf-jet-investment-register-q1-2026,5b5d6442da4e9e57b3c83b7bfc04a19135b2c5bf750c2480685d9d084dc093f4,"Overall - Data, Unique ID US024",official_register,"Status=D. Completed; Institutional / South African Partner=City of Cape Town, South African Developers; project implementation status is not treated as disbursement evidence"
zaf-register-us026-2026-03-30,zaf-register-us026,ZAF,2022-07-01,jetp_strict,signed,United States,Municipalities,Grants,289656,USD,289656,JET PMU reported USD equivalent at 2026-03-30,zaf-jet-investment-register-q1-2026,5b5d6442da4e9e57b3c83b7bfc04a19135b2c5bf750c2480685d9d084dc093f4,"Overall - Data, Unique ID US026",official_register,Status=D. Completed; Institutional / South African Partner=SALGA; project implementation status is not treated as disbursement evidence
zaf-register-us027-2026-03-30,zaf-register-us027,ZAF,2023-03-01,jetp_strict,signed,United States,Municipalities,Grants,38718,USD,38718,JET PMU reported USD equivalent at 2026-03-30,zaf-jet-investment-register-q1-2026,5b5d6442da4e9e57b3c83b7bfc04a19135b2c5bf750c2480685d9d084dc093f4,"Overall - Data, Unique ID US027",official_register,Status=D. Completed; Institutional / South African Partner=SALGA; project implementation status is not treated as disbursement evidence
zaf-register-us028-2026-03-30,zaf-register-us028,ZAF,2023-04-03,jetp_strict,signed,United States,Municipalities,Grants,579075,USD,579075,JET PMU reported USD equivalent at 2026-03-30,zaf-jet-investment-register-q1-2026,5b5d6442da4e9e57b3c83b7bfc04a19135b2c5bf750c2480685d9d084dc093f4,"Overall - Data, Unique ID US028",official_register,Status=D. Completed; Institutional / South African Partner=SALGA; project implementation status is not treated as disbursement evidence
zaf-register-us029-2026-03-30,zaf-register-us029,ZAF,2021-10-01,jetp_strict,signed,United States,Municipalities,Grants,1746097,USD,1746097,JET PMU reported USD equivalent at 2026-03-30,zaf-jet-investment-register-q1-2026,5b5d6442da4e9e57b3c83b7bfc04a19135b2c5bf750c2480685d9d084dc093f4,"Overall - Data, Unique ID US029",official_register,Status=D. Completed; Institutional / South African Partner=SALGA; project implementation status is not treated as disbursement evidence
zaf-register-us030-2026-03-30,zaf-register-us030,ZAF,2022-10-03,jetp_strict,signed,United States,Municipalities,Grants,227368,USD,227368,JET PMU reported USD equivalent at 2026-03-30,zaf-jet-investment-register-q1-2026,5b5d6442da4e9e57b3c83b7bfc04a19135b2c5bf750c2480685d9d084dc093f4,"Overall - Data, Unique ID US030",official_register,"Status=D. Completed; Institutional / South African Partner=Western Cape Provinical Government, City of Cape Town; project implementation status is not treated as disbursement evidence"
zaf-register-us031-2026-03-30,zaf-register-us031,ZAF,2023-02-01,jetp_strict,signed,United States,Municipalities,Grants,9219,USD,9219,JET PMU reported USD equivalent at 2026-03-30,zaf-jet-investment-register-q1-2026,5b5d6442da4e9e57b3c83b7bfc04a19135b2c5bf750c2480685d9d084dc093f4,"Overall - Data, Unique ID US031",official_register,Status=D. Completed; Institutional / South African Partner=Municipalities; project implementation status is not treated as disbursement evidence
zaf-register-us032-2026-03-30,zaf-register-us032,ZAF,2022-10-03,jetp_strict,signed,United States,Municipalities,Grants,210699,USD,210699,JET PMU reported USD equivalent at 2026-03-30,zaf-jet-investment-register-q1-2026,5b5d6442da4e9e57b3c83b7bfc04a19135b2c5bf750c2480685d9d084dc093f4,"Overall - Data, Unique ID US032",official_register,Status=D. Completed; Institutional / South African Partner=SALGA and DBSA; project implementation status is not treated as disbursement evidence
zaf-register-us033-2026-03-30,zaf-register-us033,ZAF,2022-03-01,jetp_strict,signed,United States,Skills,Grants,449743,USD,449743,JET PMU reported USD equivalent at 2026-03-30,zaf-jet-investment-register-q1-2026,5b5d6442da4e9e57b3c83b7bfc04a19135b2c5bf750c2480685d9d084dc093f4,"Overall - Data, Unique ID US033",official_register,"Status=D. Completed; Institutional / South African Partner=Various - Eskom, SALGA, Municipal Officials; project implementation status is not treated as disbursement evidence"
zaf-register-us034-2026-03-30,zaf-register-us034,ZAF,2022-03-01,jetp_strict,signed,United States,Skills,Grants,1617041,USD,1617041,JET PMU reported USD equivalent at 2026-03-30,zaf-jet-investment-register-q1-2026,5b5d6442da4e9e57b3c83b7bfc04a19135b2c5bf750c2480685d9d084dc093f4,"Overall - Data, Unique ID US034",official_register,Status=D. Completed; Institutional / South African Partner=EWSETA & Mpumalanga TVETs; project implementation status is not treated as disbursement evidence
zaf-register-us035-2026-03-30,zaf-register-us035,ZAF,2022-03-01,jetp_strict,signed,United States,Municipalities,Grants,286850,USD,286850,JET PMU reported USD equivalent at 2026-03-30,zaf-jet-investment-register-q1-2026,5b5d6442da4e9e57b3c83b7bfc04a19135b2c5bf750c2480685d9d084dc093f4,"Overall - Data, Unique ID US035",official_register,"Status=D. Completed; Institutional / South African Partner=Anova Healthcare, others; project implementation status is not treated as disbursement evidence"
zaf-register-us037-2026-03-30,zaf-register-us037,ZAF,2022-01-01,jetp_strict,signed,United States,Electricity,Grants,550000,USD,550000,JET PMU reported USD equivalent at 2026-03-30,zaf-jet-investment-register-q1-2026,5b5d6442da4e9e57b3c83b7bfc04a19135b2c5bf750c2480685d9d084dc093f4,"Overall - Data, Unique ID US037",official_register,"Status=D. Completed; Institutional / South African Partner=NERSA, SALGA, DMRE; project implementation status is not treated as disbursement evidence"
zaf-register-us038-2026-03-30,zaf-register-us038,ZAF,2023-01-02,jetp_strict,signed,United States,Skills,Grants,81507,USD,81507,JET PMU reported USD equivalent at 2026-03-30,zaf-jet-investment-register-q1-2026,5b5d6442da4e9e57b3c83b7bfc04a19135b2c5bf750c2480685d9d084dc093f4,"Overall - Data, Unique ID US038",official_register,Status=D. Completed; Institutional / South African Partner=NERSA; project implementation status is not treated as disbursement evidence
zaf-register-us039-2026-03-30,zaf-register-us039,ZAF,2024-10-04,jetp_strict,signed,United States,Skills,Grants,1400000,USD,550000,JET PMU reported USD equivalent at 2026-03-30,zaf-jet-investment-register-q1-2026,5b5d6442da4e9e57b3c83b7bfc04a19135b2c5bf750c2480685d9d084dc093f4,"Overall - Data, Unique ID US039",official_register,Status=C. Implementation Phase; Institutional / South African Partner=JET PMU; project implementation status is not treated as disbursement evidence
zaf-register-afdb001-2026-03-30,zaf-register-afdb001,ZAF,2025-06-12,jetp_strict,signed,AfDB,Skills,Grants,1000000,USD,1000000,JET PMU reported USD equivalent at 2026-03-30,zaf-jet-investment-register-q1-2026,5b5d6442da4e9e57b3c83b7bfc04a19135b2c5bf750c2480685d9d084dc093f4,"Overall - Data, Unique ID AFDB001",official_register,Status=C. Implementation Phase; Disbursement Channel=National Business Initiative; Co-Financing: Name=n/a; Institutional / South African Partner=National Business Initiative ; JET PMU; PCC; DHET ; SETAs ;; project implementation status is not treated as disbursement evidence
zaf-register-afdb002-2026-03-30,zaf-register-afdb002,ZAF,2024-09-12,jetp_strict,signed,AfDB,JT-Mpumalanga,Grants,479325,USD,479325,JET PMU reported USD equivalent at 2026-03-30,zaf-jet-investment-register-q1-2026,5b5d6442da4e9e57b3c83b7bfc04a19135b2c5bf750c2480685d9d084dc093f4,"Overall - Data, Unique ID AFDB002",official_register,"Status=C. Implementation Phase; Disbursement Channel=Mpumalanga Green Cluster Agency; Co-Financing: Name=ABSA BANK ; CLIMATE INVESTMENT FUND; AGENCE FRANCAISE DE DEVELOPPEMENT; Institutional / South African Partner=MGCA, DOE, DSD, DARDLEA; project implementation status is not treated as disbursement evidence"
zaf-register-afdb003-2026-03-30,zaf-register-afdb003,ZAF,2026-02-01,jetp_strict,signed,AfDB,JT-Mpumalanga,Grants,616275,USD,616275,JET PMU reported USD equivalent at 2026-03-30,zaf-jet-investment-register-q1-2026,5b5d6442da4e9e57b3c83b7bfc04a19135b2c5bf750c2480685d9d084dc093f4,"Overall - Data, Unique ID AFDB003",official_register,Status=B. Approved; Disbursement Channel=Africa Climate Foundation (ACF); Co-Financing: Name=n/a; Institutional / South African Partner=JET PMU; project implementation status is not treated as disbursement evidence
zaf-register-afdb004-2026-03-30,zaf-register-afdb004,ZAF,2025-07-24,jetp_strict,signed,AfDB,Electricity,Policy Loans,474640000,USD,474640000,JET PMU reported USD equivalent at 2026-03-30,zaf-jet-investment-register-q1-2026,5b5d6442da4e9e57b3c83b7bfc04a19135b2c5bf750c2480685d9d084dc093f4,"Overall - Data, Unique ID AFDB004",official_register,Status=C. Implementation Phase; project implementation status is not treated as disbursement evidence
zaf-register-sp001-2026-03-30,zaf-register-sp001,ZAF,2024-01-01,jetp_strict,signed,Spain,Electricity,Grants,2700000,USD,2700000,JET PMU reported USD equivalent at 2026-03-30,zaf-jet-investment-register-q1-2026,5b5d6442da4e9e57b3c83b7bfc04a19135b2c5bf750c2480685d9d084dc093f4,"Overall - Data, Unique ID SP001",official_register,Status=D. Completed; project implementation status is not treated as disbursement evidence
zaf-register-idc001-2026-03-30,zaf-register-idc001,ZAF,2026-01-01,jetp_strict,signed,IDC,NEVs,Grants,1500000,ZAR,84745.76271186442,JET PMU reported USD equivalent at 2026-03-30,zaf-jet-investment-register-q1-2026,5b5d6442da4e9e57b3c83b7bfc04a19135b2c5bf750c2480685d9d084dc093f4,"Overall - Data, Unique ID IDC001",official_register,Status=A. Planned; Institutional / South African Partner=National Treasury; project implementation status is not treated as disbursement evidence
zaf-register-idc002-2026-03-30,zaf-register-idc002,ZAF,2026-01-01,jetp_strict,signed,IDC,NEVs,Grants,1000000,ZAR,56497.17514124294,JET PMU reported USD equivalent at 2026-03-30,zaf-jet-investment-register-q1-2026,5b5d6442da4e9e57b3c83b7bfc04a19135b2c5bf750c2480685d9d084dc093f4,"Overall - Data, Unique ID IDC002",official_register,"Status=A. Planned; Institutional / South African Partner=TIPS, High Gear, merSETA, DHET; project implementation status is not treated as disbursement evidence"
zaf-register-idc003-2026-03-30,zaf-register-idc003,ZAF,2023-12-01,jetp_strict,signed,IDC,NEVs,Grants,4449695,ZAR,251395.197740113,JET PMU reported USD equivalent at 2026-03-30,zaf-jet-investment-register-q1-2026,5b5d6442da4e9e57b3c83b7bfc04a19135b2c5bf750c2480685d9d084dc093f4,"Overall - Data, Unique ID IDC003",official_register,"Status=D. Completed; Institutional / South African Partner=NAAMSA, NAACAM, Green Cape; project implementation status is not treated as disbursement evidence"
zaf-murp-afdb-approved-2026,zaf-murp,ZAF,2026-07-16,jetp_strict,approved,African Development Bank,Municipalities,Results-based sovereign loan,400000000,USD,,,zaf-murp-afdb-2026,,official announcement,official_funder,UK-guaranteed loan approved by AfDB; no disbursement inferred
zaf-eepbip-maf-approved-2018,zaf-eepbip,ZAF,2018-08-01,ipg_energy_extended,approved,Mitigation Action Facility,Energy Efficiency,Grant and risk-mitigation programme,20100000,EUR,,,zaf-eepbip-maf,,project profile,official_funder,Funding volume provided by the facility; implementation period begins August 2018
idn-approved-isle1-canada-2025,idn-fin-isle-1,IDN,2025-11-30,jetp_strict,approved,Canada Clean Energy and Forest Climate Facility,Grid and access,Concessional loan,64300000,CAD,47500000,Report-stated USD equivalent,idn-jetp-progress-report-2025,74fb460fd09e76607e3cff308f5ba2754f2ebd91b0c9b7613c1a041e7b361162,Table 4.3-2 p.72,official_report,Canadian co-financing approved in addition to USD 500m IBRD support; approval is not treated as disbursement
idn-approved-sreap-kfw-2025,idn-fin-rbl-sreap,IDN,2025-11-30,jetp_strict,approved,KfW,Grid,Concessional loan,63900000,EUR,,,idn-jetp-progress-report-2025,74fb460fd09e76607e3cff308f5ba2754f2ebd91b0c9b7613c1a041e7b361162,Table 4.3-2 p.72,official_report,Results-based programme for grid infrastructure in West and Central Java; approval is not treated as disbursement
idn-approved-xurya-norfund-2025,idn-fin-xurya-rooftop,IDN,2025-11-30,jetp_strict,approved,Norfund,Renewable energy,Equity,25000000,USD,25000000,Original currency is USD,idn-jetp-progress-report-2025,74fb460fd09e76607e3cff308f5ba2754f2ebd91b0c9b7613c1a041e7b361162,Table 4.3-2 p.72,official_report,Equity injection into PT Xurya Daya Indonesia; approval is not treated as disbursement
idn-approved-xurya-bii-2025,idn-fin-xurya-rooftop,IDN,2025-11-30,jetp_strict,approved,British International Investment,Renewable energy,Equity,5000000,USD,5000000,Original currency is USD,idn-jetp-progress-report-2025,74fb460fd09e76607e3cff308f5ba2754f2ebd91b0c9b7613c1a041e7b361162,Table 4.3-2 p.72,official_report,Equity investment alongside Norfund; approval is not treated as disbursement
idn-approved-aset-kfw-2025,idn-fin-pbl-aset,IDN,2025-11-30,jetp_strict,approved,KfW,Policy,Concessional loan,200000000,EUR,,,idn-jetp-progress-report-2025,74fb460fd09e76607e3cff308f5ba2754f2ebd91b0c9b7613c1a041e7b361162,Table 4.3-2 p.72,official_report,KfW share of co-financed policy-based lending; approval is not treated as disbursement
idn-approved-aset-afd-2025,idn-fin-pbl-aset,IDN,2025-11-30,jetp_strict,approved,Agence française de développement,Policy,Concessional loan,150000000,EUR,,,idn-jetp-progress-report-2025,74fb460fd09e76607e3cff308f5ba2754f2ebd91b0c9b7613c1a041e7b361162,Table 4.3-2 p.72,official_report,AFD share of co-financed policy-based lending; approval is not treated as disbursement
idn-approved-aicet-afd-2025,idn-fin-rbl-aicet,IDN,2025-11-30,jetp_strict,approved,Agence française de développement,Renewable energy,Concessional loan,300000000,EUR,,,idn-jetp-progress-report-2025,74fb460fd09e76607e3cff308f5ba2754f2ebd91b0c9b7613c1a041e7b361162,Table 4.3-2 p.72,official_report,AFD share of results-based lending to PLN; approval is not treated as disbursement
idn-approved-aicet-uk-adb-2025,idn-fin-rbl-aicet,IDN,2025-11-30,jetp_strict,approved,United Kingdom via ADB,Renewable energy,Concessional loan,10000000,USD,10000000,Original currency is USD,idn-jetp-progress-report-2025,74fb460fd09e76607e3cff308f5ba2754f2ebd91b0c9b7613c1a041e7b361162,Table 4.3-2 p.72,official_report,UK share managed by ADB; approval is not treated as disbursement
idn-approved-aicet-eu-acgf-2025,idn-fin-rbl-aicet,IDN,2025-11-30,jetp_strict,approved,European Union via ADB ACGF,Renewable energy,Concessional loan,10000000,USD,10000000,Original currency is USD,idn-jetp-progress-report-2025,74fb460fd09e76607e3cff308f5ba2754f2ebd91b0c9b7613c1a041e7b361162,Table 4.3-2 p.72,official_report,EU ASEAN Catalytic Green Finance Facility share; approval is not treated as disbursement
idn-approved-muara-laboh-jbic-2025,idn-fin-muara-laboh-2,IDN,2025-11-30,jetp_strict,approved,Japan Bank for International Cooperation,Geothermal,Non-concessional loan,138000000,USD,138000000,Original currency is USD,idn-jetp-progress-report-2025,74fb460fd09e76607e3cff308f5ba2754f2ebd91b0c9b7613c1a041e7b361162,Table 4.3-2 p.72,official_report,JBIC financing for expansion from 85 MW to 168 MW; the separate MUFG amount is TBC and not represented as a numeric event
idn-approved-saguling-blended-2025,idn-fin-saguling-floating-solar,IDN,2025-11-30,jetp_strict,approved,DEG / Proparco / Standard Chartered,Renewable energy,Commercial loan,60000000,USD,60000000,Original currency is USD,idn-jetp-progress-report-2025,74fb460fd09e76607e3cff308f5ba2754f2ebd91b0c9b7613c1a041e7b361162,Table 4.3-2 p.72,official_report,Combined financing reported for the Saguling floating solar project; approval is not treated as financial close or disbursement
idn-approved-mrt-north-south-jica-2025,idn-fin-mrt-north-south,IDN,2025-11-30,jetp_strict,approved,JICA,Public transport,Concessional loan,764500000,USD,764500000,Original currency is USD,idn-jetp-progress-report-2025,74fb460fd09e76607e3cff308f5ba2754f2ebd91b0c9b7613c1a041e7b361162,Table 4.3-2 p.72,official_report,Report says funding was approved in 2022; event date records the November 2025 reporting cut-off
idn-approved-mrt-east-west-jica-2025,idn-fin-mrt-east-west,IDN,2025-11-30,jetp_strict,approved,JICA,Public transport,Concessional loan,1027000000,USD,1027000000,Original currency is USD,idn-jetp-progress-report-2025,74fb460fd09e76607e3cff308f5ba2754f2ebd91b0c9b7613c1a041e7b361162,Table 4.3-2 p.72,official_report,Report says funding was approved in 2024; event date records the November 2025 reporting cut-off
idn-approved-wolcot-canada-2025,idn-grant-wolcot,IDN,2025-11-30,jetp_strict,approved,Canada via World Bank and ADB,Just transition,Grant and technical assistance,4700000,CAD,,,idn-jetp-progress-report-2025,74fb460fd09e76607e3cff308f5ba2754f2ebd91b0c9b7613c1a041e7b361162,Table 4.3-4 p.73,official_report,Approved grant or TA; approval is not treated as disbursement
idn-approved-esmap-canada-2025,idn-grant-esmap-canada,IDN,2025-11-30,jetp_strict,approved,Canada via World Bank,Energy transition,Grant and technical assistance,2000000,CAD,,,idn-jetp-progress-report-2025,74fb460fd09e76607e3cff308f5ba2754f2ebd91b0c9b7613c1a041e7b361162,Table 4.3-4 p.73,official_report,Canadian ESMAP contribution; approval is not treated as disbursement
idn-approved-etp-canada-2025,idn-grant-jetp-etp,IDN,2025-11-30,jetp_strict,approved,Canada via UNOPS,Energy transition,Grant and technical assistance,2000000,CAD,,,idn-jetp-progress-report-2025,74fb460fd09e76607e3cff308f5ba2754f2ebd91b0c9b7613c1a041e7b361162,Table 4.3-4 p.73,official_report,Canadian contribution to the ETP programme also supported by the UK; approval is not treated as disbursement
idn-approved-cefim-canada-2025,idn-grant-cefim,IDN,2025-11-30,jetp_strict,approved,Canada,Clean-energy finance,Grant and technical assistance,1000000,CAD,,,idn-jetp-progress-report-2025,74fb460fd09e76607e3cff308f5ba2754f2ebd91b0c9b7613c1a041e7b361162,Table 4.3-4 p.73,official_report,OECD-implemented CEFIM contribution; approval is not treated as disbursement
idn-approved-cetp-canada-2025,idn-grant-cetp,IDN,2025-11-30,jetp_strict,approved,Canada via IEA,Energy transition,Grant and technical assistance,1000000,CAD,,,idn-jetp-progress-report-2025,74fb460fd09e76607e3cff308f5ba2754f2ebd91b0c9b7613c1a041e7b361162,Table 4.3-4 p.73,official_report,Canadian CETP contribution; approval is not treated as disbursement
idn-approved-enerkey-canada-2025,idn-grant-enerkey,IDN,2025-11-30,jetp_strict,approved,Canada via IISD,Energy transition,Grant and technical assistance,5500000,CAD,,,idn-jetp-progress-report-2025,74fb460fd09e76607e3cff308f5ba2754f2ebd91b0c9b7613c1a041e7b361162,Table 4.3-4 p.73,official_report,Implementing partner reported as TBC; approval is not treated as disbursement
idn-approved-euicf-eu-2025,idn-grant-eu-indonesia-cooperation-facility,IDN,2025-11-30,jetp_strict,approved,European Union,Energy transition,Grant and technical assistance,2500000,EUR,,,idn-jetp-progress-report-2025,74fb460fd09e76607e3cff308f5ba2754f2ebd91b0c9b7613c1a041e7b361162,Table 4.3-6 p.74,official_report,EU-Indonesia Cooperation Facility grant; approval is not treated as disbursement
idn-approved-s4i-eu-2025,idn-grant-s4i,IDN,2025-11-30,jetp_strict,approved,European Union via KfW,Infrastructure finance,Grant and technical assistance,17000000,EUR,,,idn-jetp-progress-report-2025,74fb460fd09e76607e3cff308f5ba2754f2ebd91b0c9b7613c1a041e7b361162,Table 4.3-6 p.74,official_report,Support for Infrastructure Investments in Indonesia; approval is not treated as disbursement
idn-approved-sdg-one-eu-2025,idn-grant-sdg-indonesia-one,IDN,2025-11-30,jetp_strict,approved,European Union via AFD,Sustainable finance,Grant and technical assistance,5000000,EUR,,,idn-jetp-progress-report-2025,74fb460fd09e76607e3cff308f5ba2754f2ebd91b0c9b7613c1a041e7b361162,Table 4.3-6 p.74,official_report,SDG Indonesia One contribution; approval is not treated as disbursement
idn-approved-ietf-eu-2025,idn-grant-ietf,IDN,2025-11-30,jetp_strict,approved,European Union via AFD,Energy transition,Grant and technical assistance,11000000,EUR,,,idn-jetp-progress-report-2025,74fb460fd09e76607e3cff308f5ba2754f2ebd91b0c9b7613c1a041e7b361162,Table 4.3-6 p.74,official_report,EU contribution to IETF alongside a distinct French contribution; approval is not treated as disbursement
idn-approved-ipdf-eu-2025,idn-grant-ipdf,IDN,2025-11-30,jetp_strict,approved,European Union via KfW,Policy,Grant and technical assistance,3000000,EUR,,,idn-jetp-progress-report-2025,74fb460fd09e76607e3cff308f5ba2754f2ebd91b0c9b7613c1a041e7b361162,Table 4.3-6 p.74,official_report,JETP-scope portion of the Indonesia Policy Development Fund; approval is not treated as disbursement
idn-approved-efsd-eu-2025,idn-grant-efsd-energy-preparation,IDN,2025-11-30,jetp_strict,approved,European Union via KfW,Project preparation,Grant and technical assistance,7400000,EUR,,,idn-jetp-progress-report-2025,74fb460fd09e76607e3cff308f5ba2754f2ebd91b0c9b7613c1a041e7b361162,Table 4.3-6 p.74,official_report,EFSD+ energy project preparation support; approval is not treated as disbursement
idn-approved-ietf-france-2025,idn-grant-ietf,IDN,2025-11-30,jetp_strict,approved,France via AFD,Energy transition,Grant and technical assistance,4100000,EUR,,,idn-jetp-progress-report-2025,74fb460fd09e76607e3cff308f5ba2754f2ebd91b0c9b7613c1a041e7b361162,Table 4.3-7 p.74,official_report,French contribution to the same IETF programme as the EU row; approval is not treated as disbursement
idn-approved-etmptf-germany-2025,idn-grant-etmptf,IDN,2025-11-30,jetp_strict,approved,Germany via IKI and ADB,Coal retirement,Grant and technical assistance,30000000,EUR,,,idn-jetp-progress-report-2025,74fb460fd09e76607e3cff308f5ba2754f2ebd91b0c9b7613c1a041e7b361162,Table 4.3-8 pp.74-75,official_report,Programme funding for early coal retirement; approval is not evidence that a plant has physically retired or that funds were disbursed
idn-approved-seti-germany-2025,idn-grant-seti,IDN,2025-11-30,jetp_strict,approved,Germany via IKI BMWK,Energy transition,Grant and technical assistance,15000000,EUR,,,idn-jetp-progress-report-2025,74fb460fd09e76607e3cff308f5ba2754f2ebd91b0c9b7613c1a041e7b361162,Table 4.3-8 pp.74-75,official_report,Sustainable Energy Transition in Indonesia programme; approval is not treated as disbursement
idn-approved-etap-germany-2025,idn-grant-etap,IDN,2025-11-30,jetp_strict,approved,Germany via KfW,Energy transition,Grant and technical assistance,6500000,EUR,,,idn-jetp-progress-report-2025,74fb460fd09e76607e3cff308f5ba2754f2ebd91b0c9b7613c1a041e7b361162,Table 4.3-8 pp.74-75,official_report,Energy Transition Acceleration Programme; approval is not treated as disbursement
idn-approved-iki-jet-germany-2025,idn-grant-iki-jet,IDN,2025-11-30,jetp_strict,approved,Germany via IKI BMWK,Just transition,Grant and technical assistance,6500000,EUR,,,idn-jetp-progress-report-2025,74fb460fd09e76607e3cff308f5ba2754f2ebd91b0c9b7613c1a041e7b361162,Table 4.3-8 pp.74-75,official_report,Innovation Regions for a Just Energy Transition; approval is not treated as disbursement
idn-approved-low-carbon-buildings-germany-2025,idn-grant-asia-low-carbon-buildings,IDN,2025-11-30,jetp_strict,approved,Germany via IKI and GGGI,Energy efficiency,Grant and technical assistance,3800000,EUR,,,idn-jetp-progress-report-2025,74fb460fd09e76607e3cff308f5ba2754f2ebd91b0c9b7613c1a041e7b361162,Table 4.3-8 pp.74-75,official_report,Asia Low Carbon Building Transition; approval is not treated as disbursement
idn-approved-gesit-germany-2025,idn-grant-gesit,IDN,2025-11-30,jetp_strict,approved,Germany via BMZ,Just transition,Grant and technical assistance,1500000,EUR,,,idn-jetp-progress-report-2025,74fb460fd09e76607e3cff308f5ba2754f2ebd91b0c9b7613c1a041e7b361162,Table 4.3-8 pp.74-75,official_report,Additional-budget contribution to GESIT; approval is not treated as disbursement
idn-approved-reep2-germany-2025,idn-grant-reep2,IDN,2025-11-30,jetp_strict,approved,Germany via BMZ,Renewable energy,Grant and technical assistance,2000000,EUR,,,idn-jetp-progress-report-2025,74fb460fd09e76607e3cff308f5ba2754f2ebd91b0c9b7613c1a041e7b361162,Table 4.3-8 pp.74-75,official_report,1000 Islands renewable electrification programme; approval is not treated as disbursement
idn-approved-case-germany-2025,idn-grant-case,IDN,2025-11-30,jetp_strict,approved,Germany via IKI BMWK,Energy transition,Grant and technical assistance,2500000,EUR,,,idn-jetp-progress-report-2025,74fb460fd09e76607e3cff308f5ba2754f2ebd91b0c9b7613c1a041e7b361162,Table 4.3-8 pp.74-75,official_report,Clean Affordable and Secure Energy for Southeast Asia; approval is not treated as disbursement
idn-approved-entri-germany-2025,idn-grant-entri,IDN,2025-11-30,jetp_strict,approved,Germany via BMZ,Mini-grids,Grant and technical assistance,2000000,EUR,,,idn-jetp-progress-report-2025,74fb460fd09e76607e3cff308f5ba2754f2ebd91b0c9b7613c1a041e7b361162,Table 4.3-8 pp.74-75,official_report,Renewable Energy Mini-Grids Triangular Cooperation; approval is not treated as disbursement
idn-approved-explore-germany-2025,idn-grant-explore,IDN,2025-11-30,jetp_strict,approved,Germany via IKI BMWK,Renewable energy,Grant and technical assistance,1500000,EUR,,,idn-jetp-progress-report-2025,74fb460fd09e76607e3cff308f5ba2754f2ebd91b0c9b7613c1a041e7b361162,Table 4.3-8 pp.74-75,official_report,Strategic Exploration of Economic Mitigation Potentials through Renewables; approval is not treated as disbursement
idn-approved-candi-umbul-germany-2025,idn-grant-candi-umbul-telomoyo,IDN,2025-11-30,jetp_strict,approved,Germany via BMZ and KfW,Geothermal,Grant and technical assistance,1000000,EUR,,,idn-jetp-progress-report-2025,74fb460fd09e76607e3cff308f5ba2754f2ebd91b0c9b7613c1a041e7b361162,Table 4.3-8 pp.74-75,official_report,Candi Umbul Telomoyo project support; approval is not treated as disbursement
idn-approved-hydropower2-germany-2025,idn-grant-sustainable-hydropower-2,IDN,2025-11-30,jetp_strict,approved,Germany via BMZ and KfW,Hydropower,Grant and technical assistance,700000,EUR,,,idn-jetp-progress-report-2025,74fb460fd09e76607e3cff308f5ba2754f2ebd91b0c9b7613c1a041e7b361162,Table 4.3-8 pp.74-75,official_report,Accompanying Measure for Sustainable Hydropower Program II; approval is not treated as disbursement
idn-approved-esia-germany-2025,idn-grant-jetp-esia-study,IDN,2025-11-30,jetp_strict,approved,Germany via BMZ and KfW,Project preparation,Grant and technical assistance,1500000,EUR,,,idn-jetp-progress-report-2025,74fb460fd09e76607e3cff308f5ba2754f2ebd91b0c9b7613c1a041e7b361162,Table 4.3-8 pp.74-75,official_report,ESIA study support updated as of March; approval is not treated as disbursement
idn-approved-perform-germany-2025,idn-grant-perform,IDN,2025-11-30,jetp_strict,approved,Germany via BMZ,Policy,Grant and technical assistance,5800000,EUR,,,idn-jetp-progress-report-2025,74fb460fd09e76607e3cff308f5ba2754f2ebd91b0c9b7613c1a041e7b361162,Table 4.3-8 pp.74-75,official_report,Performing Energy Transition through Fiscal Reform in Indonesia; approval is not treated as disbursement
idn-approved-finance-facilitation-germany-2025,idn-grant-jetp-financing-facilitation,IDN,2025-11-30,jetp_strict,approved,Germany via BMZ and KfW,Project preparation,Grant and technical assistance,2000000,EUR,,,idn-jetp-progress-report-2025,74fb460fd09e76607e3cff308f5ba2754f2ebd91b0c9b7613c1a041e7b361162,Table 4.3-8 pp.74-75,official_report,Facilitating Financing for Indonesia JETP programme; approval is not treated as disbursement
idn-approved-re2grid-germany-2025,idn-grant-re2grid,IDN,2025-11-30,jetp_strict,approved,Germany via BMZ,Grid,Grant and technical assistance,1500000,EUR,,,idn-jetp-progress-report-2025,74fb460fd09e76607e3cff308f5ba2754f2ebd91b0c9b7613c1a041e7b361162,Table 4.3-8 pp.74-75,official_report,RE2Grid programme; approval is not treated as disbursement
idn-approved-re2cool-germany-2025,idn-grant-re2cool,IDN,2025-11-30,jetp_strict,approved,Germany via BMZ and GIZ,Energy efficiency,Grant and technical assistance,4000000,EUR,,,idn-jetp-progress-report-2025,74fb460fd09e76607e3cff308f5ba2754f2ebd91b0c9b7613c1a041e7b361162,Table 4.3-8 pp.74-75,official_report,Implementing partner reported as TBC; approval is not treated as disbursement
idn-approved-carbon-monetization-germany-2025,idn-grant-carbon-monetization,IDN,2025-11-30,jetp_strict,approved,Germany via BMZ and GIZ,Carbon pricing,Grant and technical assistance,4000000,EUR,,,idn-jetp-progress-report-2025,74fb460fd09e76607e3cff308f5ba2754f2ebd91b0c9b7613c1a041e7b361162,Table 4.3-8 pp.74-75,official_report,Implementing partner reported as TBC; approval is not treated as disbursement
idn-approved-energy-hub-germany-2025,idn-grant-energy-hub,IDN,2025-11-30,jetp_strict,approved,Germany via BMZ and GIZ,Energy transition,Grant and technical assistance,2500000,EUR,,,idn-jetp-progress-report-2025,74fb460fd09e76607e3cff308f5ba2754f2ebd91b0c9b7613c1a041e7b361162,Table 4.3-8 pp.74-75,official_report,Energy Hub programme; approval is not treated as disbursement
idn-approved-iki-flex-germany-2025,idn-grant-iki-flex-jetp,IDN,2025-11-30,jetp_strict,approved,Germany via IKI and GIZ,Energy transition,Grant and technical assistance,1000000,EUR,,,idn-jetp-progress-report-2025,74fb460fd09e76607e3cff308f5ba2754f2ebd91b0c9b7613c1a041e7b361162,Table 4.3-8 pp.74-75,official_report,IKI-Flex JETP Support Package; approval is not treated as disbursement
idn-approved-secretariat-japan-2025,idn-grant-jetp-secretariat-capacity,IDN,2025-11-30,jetp_strict,approved,Japan via ADB,Institutional capacity,Grant and technical assistance,2000000,USD,2000000,Original currency is USD,idn-jetp-progress-report-2025,74fb460fd09e76607e3cff308f5ba2754f2ebd91b0c9b7613c1a041e7b361162,Table 4.3-10 p.75,official_report,Institutional and capacity-building support for the JETP Secretariat; approval is not treated as disbursement
idn-approved-patuha2-japan-2025,idn-grant-patuha-2,IDN,2025-11-30,jetp_strict,approved,Japan via ADB,Geothermal,Grant and technical assistance,10000000,USD,10000000,Original currency is USD,idn-jetp-progress-report-2025,74fb460fd09e76607e3cff308f5ba2754f2ebd91b0c9b7613c1a041e7b361162,Table 4.3-10 p.75,official_report,Patuha Unit 2 geothermal project grant; approval is not treated as construction or disbursement evidence
idn-approved-mentari-policy-uk-2025,idn-grant-mentari-policy,IDN,2025-11-30,jetp_strict,approved,United Kingdom via FCDO,Policy,Grant and technical assistance,2800000,GBP,,,idn-jetp-progress-report-2025,74fb460fd09e76607e3cff308f5ba2754f2ebd91b0c9b7613c1a041e7b361162,Table 4.3-11 pp.75-76,official_report,MENTARI policy contribution; approval is not treated as disbursement
idn-approved-etp-uk-2025,idn-grant-jetp-etp,IDN,2025-11-30,jetp_strict,approved,United Kingdom via UNOPS and ETP,Energy transition,Grant and technical assistance,2000000,GBP,,,idn-jetp-progress-report-2025,74fb460fd09e76607e3cff308f5ba2754f2ebd91b0c9b7613c1a041e7b361162,Table 4.3-11 pp.75-76,official_report,UK contribution to the ETP programme also supported by Canada; approval is not treated as disbursement
idn-approved-green-energy-transition-uk-2025,idn-grant-green-energy-transition-indonesia,IDN,2025-11-30,jetp_strict,approved,United Kingdom via MENTARI,Energy transition,Grant and technical assistance,1000000,GBP,,,idn-jetp-progress-report-2025,74fb460fd09e76607e3cff308f5ba2754f2ebd91b0c9b7613c1a041e7b361162,Table 4.3-11 pp.75-76,official_report,Green Energy Transition Indonesia programme; approval is not treated as disbursement
idn-approved-uk-pact-2025,idn-grant-uk-pact,IDN,2025-11-30,jetp_strict,approved,United Kingdom,Energy transition,Grant and technical assistance,200000,GBP,,,idn-jetp-progress-report-2025,74fb460fd09e76607e3cff308f5ba2754f2ebd91b0c9b7613c1a041e7b361162,Table 4.3-11 pp.75-76,official_report,UK PACT contribution; approval is not treated as disbursement
idn-approved-jt-framework-uk-2025,idn-grant-jt-framework-phase-2,IDN,2025-11-30,jetp_strict,approved,United Kingdom via ETP and UNOPS,Just transition,Grant and technical assistance,300000,GBP,,,idn-jetp-progress-report-2025,74fb460fd09e76607e3cff308f5ba2754f2ebd91b0c9b7613c1a041e7b361162,Table 4.3-11 pp.75-76,official_report,Operationalization of the Just Transition Framework Phase 2; approval is not treated as disbursement
idn-approved-mentari-vgf-uk-2025,idn-grant-mentari-vgf,IDN,2025-11-30,jetp_strict,approved,United Kingdom via FCDO,Renewable energy finance,Grant and technical assistance,1200000,GBP,,,idn-jetp-progress-report-2025,74fb460fd09e76607e3cff308f5ba2754f2ebd91b0c9b7613c1a041e7b361162,Table 4.3-11 pp.75-76,official_report,MENTARI viability-gap contribution; approval is not treated as disbursement
idn-approved-growth-gateway-uk-2025,idn-grant-growth-gateway,IDN,2025-11-30,jetp_strict,approved,United Kingdom,Project preparation,Grant and technical assistance,500000,GBP,,,idn-jetp-progress-report-2025,74fb460fd09e76607e3cff308f5ba2754f2ebd91b0c9b7613c1a041e7b361162,Table 4.3-11 pp.75-76,official_report,Growth Gateway project-development support; approval is not treated as disbursement
idn-approved-esmap-uk-2025,idn-grant-esmap-uk,IDN,2025-11-30,jetp_strict,approved,United Kingdom via World Bank,Energy transition,Grant and technical assistance,5000000,GBP,,,idn-jetp-progress-report-2025,74fb460fd09e76607e3cff308f5ba2754f2ebd91b0c9b7613c1a041e7b361162,Table 4.3-11 pp.75-76,official_report,UK-funded PLN ESMAP activity listed separately from the Canadian ESMAP contribution; approval is not treated as disbursement
idn-approved-smi-retirement-cif-2025,idn-grant-pt-smi-early-retirement,IDN,2025-11-30,jetp_strict,approved,Climate Investment Funds via ADB,Coal retirement,Grant and technical assistance,1000000,USD,1000000,Original currency is USD,idn-jetp-progress-report-2025,74fb460fd09e76607e3cff308f5ba2754f2ebd91b0c9b7613c1a041e7b361162,Table 4.3-13 p.76,official_report,Programme funding for early retirement; approval is not evidence that any plant has physically retired or that funds were disbursed
idn-approved-cfpp-repurposing-cif-2025,idn-grant-cfpp-site-repurposing,IDN,2025-11-30,jetp_strict,approved,Climate Investment Funds via World Bank,Coal repurposing,Grant and technical assistance,5000000,USD,5000000,Original currency is USD,idn-jetp-progress-report-2025,74fb460fd09e76607e3cff308f5ba2754f2ebd91b0c9b7613c1a041e7b361162,Table 4.3-13 p.76,official_report,Coal-site repurposing programme; approval is not evidence of physical repurposing or disbursement
idn-approved-jt-coal-regions-cif-2025,idn-grant-just-transition-coal-regions,IDN,2025-11-30,jetp_strict,approved,Climate Investment Funds via World Bank,Just transition,Grant and technical assistance,5000000,USD,5000000,Original currency is USD,idn-jetp-progress-report-2025,74fb460fd09e76607e3cff308f5ba2754f2ebd91b0c9b7613c1a041e7b361162,Table 4.3-13 p.76,official_report,Just Transition in Coal Regions programme; approval is not treated as implementation or disbursement evidence
