plan_project_id,country,source_id,technology_group,priority_tier,ordinal,project_name,system,estimated_start,capacity_value,capacity_unit,estimated_investment_usd_mn,natural_retirement_year,estimated_retirement_year,ruptl,canonical_project_id,reconciliation_status,document_sha256,locator,notes
idn-cipp-bioenergy-001,IDN,idn-cipp-2023-cpr-mirror,bioenergy,priority,1,PLTBg Air Upas,Kalimantan,,2.0,MW,,,,YES,,plan_only,747283facac512780ad757313c493d1080c39705824e72c4b231e87ecb4102b5,"Appendix 10.5, row 1",CIPP priority-project line; plan values are not financing events
idn-cipp-bioenergy-002,IDN,idn-cipp-2023-cpr-mirror,bioenergy,priority,2,PLTSa Bandung,Java-Madura-Bali,,29.0,MW,,,,YES,,plan_only,747283facac512780ad757313c493d1080c39705824e72c4b231e87ecb4102b5,"Appendix 10.5, row 2",CIPP priority-project line; plan values are not financing events
idn-cipp-bioenergy-003,IDN,idn-cipp-2023-cpr-mirror,bioenergy,priority,3,PLTBg Kendawangan,Kalimantan,,2.5,MW,,,,YES,,plan_only,747283facac512780ad757313c493d1080c39705824e72c4b231e87ecb4102b5,"Appendix 10.5, row 3",CIPP priority-project line; plan values are not financing events
idn-cipp-bioenergy-004,IDN,idn-cipp-2023-cpr-mirror,bioenergy,priority,4,PLTBg Nanga Tayap,Kalimantan,,2.5,MW,,,,YES,,plan_only,747283facac512780ad757313c493d1080c39705824e72c4b231e87ecb4102b5,"Appendix 10.5, row 4",CIPP priority-project line; plan values are not financing events
idn-cipp-bioenergy-005,IDN,idn-cipp-2023-cpr-mirror,bioenergy,priority,5,PLTBg Sei Melayu,Kalimantan,,2.5,MW,,,,YES,,plan_only,747283facac512780ad757313c493d1080c39705824e72c4b231e87ecb4102b5,"Appendix 10.5, row 5",CIPP priority-project line; plan values are not financing events
idn-cipp-bioenergy-006,IDN,idn-cipp-2023-cpr-mirror,bioenergy,priority,6,PLTBio Bacan,Maluku-Papua-Nusa Tenggara,,4.0,MW,,,,YES,,plan_only,747283facac512780ad757313c493d1080c39705824e72c4b231e87ecb4102b5,"Appendix 10.5, row 6",CIPP priority-project line; plan values are not financing events
idn-cipp-bioenergy-007,IDN,idn-cipp-2023-cpr-mirror,bioenergy,priority,7,PLTBio Bangka,Sumatra,,12.0,MW,,,,YES,,plan_only,747283facac512780ad757313c493d1080c39705824e72c4b231e87ecb4102b5,"Appendix 10.5, row 7",CIPP priority-project line; plan values are not financing events
idn-cipp-bioenergy-008,IDN,idn-cipp-2023-cpr-mirror,bioenergy,priority,8,PLTBio Belitung,Sumatra,,12.0,MW,,,,YES,,plan_only,747283facac512780ad757313c493d1080c39705824e72c4b231e87ecb4102b5,"Appendix 10.5, row 8",CIPP priority-project line; plan values are not financing events
idn-cipp-bioenergy-009,IDN,idn-cipp-2023-cpr-mirror,bioenergy,priority,9,PLTBio Buru,Maluku-Papua-Nusa Tenggara,,10.0,MW,,,,NO,,plan_only,747283facac512780ad757313c493d1080c39705824e72c4b231e87ecb4102b5,"Appendix 10.5, row 9",CIPP priority-project line; plan values are not financing events
idn-cipp-bioenergy-010,IDN,idn-cipp-2023-cpr-mirror,bioenergy,priority,10,PLTBio Dodo,Maluku-Papua-Nusa Tenggara,,10.0,MW,,,,NO,,plan_only,747283facac512780ad757313c493d1080c39705824e72c4b231e87ecb4102b5,"Appendix 10.5, row 10",CIPP priority-project line; plan values are not financing events
idn-cipp-bioenergy-011,IDN,idn-cipp-2023-cpr-mirror,bioenergy,priority,11,PLTBio Halmahera,Maluku-Papua-Nusa Tenggara,,5.0,MW,,,,YES,,plan_only,747283facac512780ad757313c493d1080c39705824e72c4b231e87ecb4102b5,"Appendix 10.5, row 11",CIPP priority-project line; plan values are not financing events
idn-cipp-bioenergy-012,IDN,idn-cipp-2023-cpr-mirror,bioenergy,priority,12,PLTBio Kepri,Sumatra,,2.4,MW,,,,YES,,plan_only,747283facac512780ad757313c493d1080c39705824e72c4b231e87ecb4102b5,"Appendix 10.5, row 12",CIPP priority-project line; plan values are not financing events
idn-cipp-bioenergy-013,IDN,idn-cipp-2023-cpr-mirror,bioenergy,priority,13,PLTBio Khatulistiwa,Kalimantan,,44.0,MW,,,,YES,,plan_only,747283facac512780ad757313c493d1080c39705824e72c4b231e87ecb4102b5,"Appendix 10.5, row 13",CIPP priority-project line; plan values are not financing events
idn-cipp-bioenergy-014,IDN,idn-cipp-2023-cpr-mirror,bioenergy,priority,14,PLTBio Mahakam,Kalimantan,,10.0,MW,,,,YES,,plan_only,747283facac512780ad757313c493d1080c39705824e72c4b231e87ecb4102b5,"Appendix 10.5, row 14",CIPP priority-project line; plan values are not financing events
idn-cipp-bioenergy-015,IDN,idn-cipp-2023-cpr-mirror,bioenergy,priority,15,PLTBio Mahakam,Kalimantan,2024,10.0,MW,,,,YES,,plan_only,747283facac512780ad757313c493d1080c39705824e72c4b231e87ecb4102b5,"Appendix 10.5, row 15",CIPP priority-project line; plan values are not financing events
idn-cipp-bioenergy-016,IDN,idn-cipp-2023-cpr-mirror,bioenergy,priority,16,PLTBio Nias,Sumatra,2024,3.0,MW,,,,YES,,plan_only,747283facac512780ad757313c493d1080c39705824e72c4b231e87ecb4102b5,"Appendix 10.5, row 16",CIPP priority-project line; plan values are not financing events
idn-cipp-bioenergy-017,IDN,idn-cipp-2023-cpr-mirror,bioenergy,priority,17,PLTBio Sanana,Maluku-Papua-Nusa Tenggara,2024,10.0,MW,,,,YES,,plan_only,747283facac512780ad757313c493d1080c39705824e72c4b231e87ecb4102b5,"Appendix 10.5, row 17",CIPP priority-project line; plan values are not financing events
idn-cipp-bioenergy-018,IDN,idn-cipp-2023-cpr-mirror,bioenergy,priority,18,PLTBio Saumlaki,Maluku-Papua-Nusa Tenggara,2024,10.0,MW,,,,YES,,plan_only,747283facac512780ad757313c493d1080c39705824e72c4b231e87ecb4102b5,"Appendix 10.5, row 18",CIPP priority-project line; plan values are not financing events
idn-cipp-bioenergy-019,IDN,idn-cipp-2023-cpr-mirror,bioenergy,priority,19,PLTBio Sulbagsel,Sulawesi,2024,10.0,MW,,,,NO,,plan_only,747283facac512780ad757313c493d1080c39705824e72c4b231e87ecb4102b5,"Appendix 10.5, row 19",CIPP priority-project line; plan values are not financing events
idn-cipp-bioenergy-020,IDN,idn-cipp-2023-cpr-mirror,bioenergy,priority,20,PLTBio Sulbagsel,Sulawesi,2024,10.0,MW,,,,YES,,plan_only,747283facac512780ad757313c493d1080c39705824e72c4b231e87ecb4102b5,"Appendix 10.5, row 20",CIPP priority-project line; plan values are not financing events
idn-cipp-bioenergy-021,IDN,idn-cipp-2023-cpr-mirror,bioenergy,priority,21,PLTBio Sulbagut,Sulawesi,2024,10.0,MW,,,,YES,,plan_only,747283facac512780ad757313c493d1080c39705824e72c4b231e87ecb4102b5,"Appendix 10.5, row 21",CIPP priority-project line; plan values are not financing events
idn-cipp-bioenergy-022,IDN,idn-cipp-2023-cpr-mirror,bioenergy,priority,22,PLTBio Tual,Maluku-Papua-Nusa Tenggara,2024,10.0,MW,,,,NO,,plan_only,747283facac512780ad757313c493d1080c39705824e72c4b231e87ecb4102b5,"Appendix 10.5, row 22",CIPP priority-project line; plan values are not financing events
idn-cipp-bioenergy-023,IDN,idn-cipp-2023-cpr-mirror,bioenergy,priority,23,PLTBm Kaimana,Maluku-Papua-Nusa Tenggara,2024,10.0,MW,,,,YES,,plan_only,747283facac512780ad757313c493d1080c39705824e72c4b231e87ecb4102b5,"Appendix 10.5, row 23",CIPP priority-project line; plan values are not financing events
idn-cipp-bioenergy-024,IDN,idn-cipp-2023-cpr-mirror,bioenergy,priority,24,PLTBm Langsa,Sumatra,2024,10.0,MW,,,,YES,,plan_only,747283facac512780ad757313c493d1080c39705824e72c4b231e87ecb4102b5,"Appendix 10.5, row 24",CIPP priority-project line; plan values are not financing events
idn-cipp-bioenergy-025,IDN,idn-cipp-2023-cpr-mirror,bioenergy,priority,25,PLTBm Merauke,Maluku-Papua-Nusa Tenggara,2024,10.0,MW,,,,YES,,plan_only,747283facac512780ad757313c493d1080c39705824e72c4b231e87ecb4102b5,"Appendix 10.5, row 25",CIPP priority-project line; plan values are not financing events
idn-cipp-bioenergy-026,IDN,idn-cipp-2023-cpr-mirror,bioenergy,priority,26,PLTBm Sumbawa,Maluku-Papua-Nusa Tenggara,2024,10.0,MW,,,,YES,,plan_only,747283facac512780ad757313c493d1080c39705824e72c4b231e87ecb4102b5,"Appendix 10.5, row 26",CIPP priority-project line; plan values are not financing events
idn-cipp-bioenergy-027,IDN,idn-cipp-2023-cpr-mirror,bioenergy,priority,27,PLTSa Bekasi,Java-Madura-Bali,2024,12.0,MW,,,,YES,,plan_only,747283facac512780ad757313c493d1080c39705824e72c4b231e87ecb4102b5,"Appendix 10.5, row 27",CIPP priority-project line; plan values are not financing events
idn-cipp-bioenergy-028,IDN,idn-cipp-2023-cpr-mirror,bioenergy,priority,28,PLTSa Makassar,Sulawesi,2024,10.0,MW,,,,YES,,plan_only,747283facac512780ad757313c493d1080c39705824e72c4b231e87ecb4102b5,"Appendix 10.5, row 28",CIPP priority-project line; plan values are not financing events
idn-cipp-bioenergy-029,IDN,idn-cipp-2023-cpr-mirror,bioenergy,priority,29,PLTSa Palembang,Sumatra,2024,17.7,MW,,,,NO,,plan_only,747283facac512780ad757313c493d1080c39705824e72c4b231e87ecb4102b5,"Appendix 10.5, row 29",CIPP priority-project line; plan values are not financing events
idn-cipp-bioenergy-030,IDN,idn-cipp-2023-cpr-mirror,bioenergy,priority,30,PLTSa Tangerang,Java-Madura-Bali,2024,35.0,MW,,,,YES,,plan_only,747283facac512780ad757313c493d1080c39705824e72c4b231e87ecb4102b5,"Appendix 10.5, row 30",CIPP priority-project line; plan values are not financing events
idn-cipp-bioenergy-031,IDN,idn-cipp-2023-cpr-mirror,bioenergy,priority,31,PLTSa Tangerang Selatan,Java-Madura-Bali,2024,20.0,MW,,,,YES,,plan_only,747283facac512780ad757313c493d1080c39705824e72c4b231e87ecb4102b5,"Appendix 10.5, row 31",CIPP priority-project line; plan values are not financing events
idn-cipp-bioenergy-032,IDN,idn-cipp-2023-cpr-mirror,bioenergy,priority,32,PLTSa Semarang,Java-Madura-Bali,TBD,20.0,MW,,,,NO,,plan_only,747283facac512780ad757313c493d1080c39705824e72c4b231e87ecb4102b5,"Appendix 10.5, row 32",CIPP priority-project line; plan values are not financing events
idn-cipp-bioenergy-033,IDN,idn-cipp-2023-cpr-mirror,bioenergy,priority,33,PLTSa Sulbagut,Sulawesi,TBD,10.0,MW,,,,YES,,plan_only,747283facac512780ad757313c493d1080c39705824e72c4b231e87ecb4102b5,"Appendix 10.5, row 33",CIPP priority-project line; plan values are not financing events
idn-cipp-coal-retirement-001,IDN,idn-cipp-2023-cpr-mirror,coal_retirement,priority,1,PLTU Pelabuhan Ratu,Java-Madura-Bali,2037,1050,MW,830,2045,2037,,,plan_only,747283facac512780ad757313c493d1080c39705824e72c4b231e87ecb4102b5,"Appendix 10.2, row 1",CIPP priority-project line; plan values are not financing events
idn-cipp-coal-retirement-002,IDN,idn-cipp-2023-cpr-mirror,coal_retirement,priority,2,PLTU Cirebon-1,Java-Madura-Bali,2035,660,MW,300,2042,2035,,idn-pipe-cirebon-1-retirement,matched,747283facac512780ad757313c493d1080c39705824e72c4b231e87ecb4102b5,"Appendix 10.2, row 2",CIPP priority-project line; plan values are not financing events
idn-cipp-geothermal-001,IDN,idn-cipp-2023-cpr-mirror,geothermal,priority,1,PLTP Arjuno Welirang,Java-Madura-Bali,N/A,40.00,MW,,,,NO,,plan_only,747283facac512780ad757313c493d1080c39705824e72c4b231e87ecb4102b5,"Appendix 10.3, row 1",CIPP priority-project line; plan values are not financing events
idn-cipp-geothermal-002,IDN,idn-cipp-2023-cpr-mirror,geothermal,priority,2,PLTP Baturaden (FTP2),Java-Madura-Bali,2024,110.00,MW,,,,YES,,plan_only,747283facac512780ad757313c493d1080c39705824e72c4b231e87ecb4102b5,"Appendix 10.3, row 2",CIPP priority-project line; plan values are not financing events
idn-cipp-geothermal-003,IDN,idn-cipp-2023-cpr-mirror,geothermal,priority,3,PLTP Baturaden (FTP2),Java-Madura-Bali,2024,75.00,MW,,,,YES,,plan_only,747283facac512780ad757313c493d1080c39705824e72c4b231e87ecb4102b5,"Appendix 10.3, row 3",CIPP priority-project line; plan values are not financing events
idn-cipp-geothermal-004,IDN,idn-cipp-2023-cpr-mirror,geothermal,priority,4,PLTP Baturaden (FTP2),Java-Madura-Bali,2026,35.00,MW,,,,YES,,plan_only,747283facac512780ad757313c493d1080c39705824e72c4b231e87ecb4102b5,"Appendix 10.3, row 4",CIPP priority-project line; plan values are not financing events
idn-cipp-geothermal-005,IDN,idn-cipp-2023-cpr-mirror,geothermal,priority,5,PLTP Bedugul,Java-Madura-Bali,2024,60.00,MW,,,,YES,,plan_only,747283facac512780ad757313c493d1080c39705824e72c4b231e87ecb4102b5,"Appendix 10.3, row 5",CIPP priority-project line; plan values are not financing events
idn-cipp-geothermal-006,IDN,idn-cipp-2023-cpr-mirror,geothermal,priority,6,PLTP Candi Umbul Telomoyo,Java-Madura-Bali,N/A,60.00,MW,,,,NO,idn-grant-candi-umbul-telomoyo,matched,747283facac512780ad757313c493d1080c39705824e72c4b231e87ecb4102b5,"Appendix 10.3, row 6",CIPP priority-project line; plan values are not financing events
idn-cipp-geothermal-007,IDN,idn-cipp-2023-cpr-mirror,geothermal,priority,7,PLTP Cibuni (FTP2),Java-Madura-Bali,2024,10.00,MW,,,,YES,,plan_only,747283facac512780ad757313c493d1080c39705824e72c4b231e87ecb4102b5,"Appendix 10.3, row 7",CIPP priority-project line; plan values are not financing events
idn-cipp-geothermal-008,IDN,idn-cipp-2023-cpr-mirror,geothermal,priority,8,PLTP Dieng (FTP2),Java-Madura-Bali,2024,55.00,MW,,,,NO,,plan_only,747283facac512780ad757313c493d1080c39705824e72c4b231e87ecb4102b5,"Appendix 10.3, row 8",CIPP priority-project line; plan values are not financing events
idn-cipp-geothermal-009,IDN,idn-cipp-2023-cpr-mirror,geothermal,priority,9,PLTP Dieng (FTP2),Java-Madura-Bali,2024,55.00,MW,,,,NO,,plan_only,747283facac512780ad757313c493d1080c39705824e72c4b231e87ecb4102b5,"Appendix 10.3, row 9",CIPP priority-project line; plan values are not financing events
idn-cipp-geothermal-010,IDN,idn-cipp-2023-cpr-mirror,geothermal,priority,10,PLTP Dieng (FTP2),Java-Madura-Bali,2024,55.00,MW,,,,NO,,plan_only,747283facac512780ad757313c493d1080c39705824e72c4b231e87ecb4102b5,"Appendix 10.3, row 10",CIPP priority-project line; plan values are not financing events
idn-cipp-geothermal-011,IDN,idn-cipp-2023-cpr-mirror,geothermal,priority,11,PLTP Dieng (FTP2),Java-Madura-Bali,2024,55.00,MW,,,,NO,,plan_only,747283facac512780ad757313c493d1080c39705824e72c4b231e87ecb4102b5,"Appendix 10.3, row 11",CIPP priority-project line; plan values are not financing events
idn-cipp-geothermal-012,IDN,idn-cipp-2023-cpr-mirror,geothermal,priority,12,PLTP Dieng (FTP2),Java-Madura-Bali,2024,35.00,MW,,,,NO,,plan_only,747283facac512780ad757313c493d1080c39705824e72c4b231e87ecb4102b5,"Appendix 10.3, row 12",CIPP priority-project line; plan values are not financing events
idn-cipp-geothermal-013,IDN,idn-cipp-2023-cpr-mirror,geothermal,priority,13,PLTP Dieng (FTP2),Java-Madura-Bali,2024,35.00,MW,,,,NO,,plan_only,747283facac512780ad757313c493d1080c39705824e72c4b231e87ecb4102b5,"Appendix 10.3, row 13",CIPP priority-project line; plan values are not financing events
idn-cipp-geothermal-014,IDN,idn-cipp-2023-cpr-mirror,geothermal,priority,14,PLTP Gunung Salak 7,Java-Madura-Bali,2024,55.00,MW,,,,YES,,plan_only,747283facac512780ad757313c493d1080c39705824e72c4b231e87ecb4102b5,"Appendix 10.3, row 14",CIPP priority-project line; plan values are not financing events
idn-cipp-geothermal-015,IDN,idn-cipp-2023-cpr-mirror,geothermal,priority,15,PLTP Gunung Salak 8,Java-Madura-Bali,2024,80.00,MW,,,,YES,,plan_only,747283facac512780ad757313c493d1080c39705824e72c4b231e87ecb4102b5,"Appendix 10.3, row 15",CIPP priority-project line; plan values are not financing events
idn-cipp-geothermal-016,IDN,idn-cipp-2023-cpr-mirror,geothermal,priority,16,PLTP Halmahera (Kuota) Tersebar,Maluku-Papua-Nusa Tenggara,2025,20.00,MW,,,,YES,,plan_only,747283facac512780ad757313c493d1080c39705824e72c4b231e87ecb4102b5,"Appendix 10.3, row 16",CIPP priority-project line; plan values are not financing events
idn-cipp-geothermal-017,IDN,idn-cipp-2023-cpr-mirror,geothermal,priority,17,PLTP Hululais,Sumatra,2024,110.00,MW,,,,YES,idn-pipe-hululais-1-2,matched,747283facac512780ad757313c493d1080c39705824e72c4b231e87ecb4102b5,"Appendix 10.3, row 17",CIPP priority-project line; plan values are not financing events
idn-cipp-geothermal-018,IDN,idn-cipp-2023-cpr-mirror,geothermal,priority,18,PLTP Ijen (FTP2),Java-Madura-Bali,2024,50.00,MW,,,,YES,,plan_only,747283facac512780ad757313c493d1080c39705824e72c4b231e87ecb4102b5,"Appendix 10.3, row 18",CIPP priority-project line; plan values are not financing events
idn-cipp-geothermal-019,IDN,idn-cipp-2023-cpr-mirror,geothermal,priority,19,PLTP Ijen (FTP2),Java-Madura-Bali,2024,30.00,MW,,,,YES,,plan_only,747283facac512780ad757313c493d1080c39705824e72c4b231e87ecb4102b5,"Appendix 10.3, row 19",CIPP priority-project line; plan values are not financing events
idn-cipp-geothermal-020,IDN,idn-cipp-2023-cpr-mirror,geothermal,priority,20,PLTP Ijen (FTP2),Java-Madura-Bali,2024,30.00,MW,,,,YES,,plan_only,747283facac512780ad757313c493d1080c39705824e72c4b231e87ecb4102b5,"Appendix 10.3, row 20",CIPP priority-project line; plan values are not financing events
idn-cipp-geothermal-021,IDN,idn-cipp-2023-cpr-mirror,geothermal,priority,21,PLTP Jaboi (FTP2),Sumatra,2023,5.00,MW,,,,YES,,plan_only,747283facac512780ad757313c493d1080c39705824e72c4b231e87ecb4102b5,"Appendix 10.3, row 21",CIPP priority-project line; plan values are not financing events
idn-cipp-geothermal-022,IDN,idn-cipp-2023-cpr-mirror,geothermal,priority,22,PLTP Jaboi (FTP2),Sumatra,2028,2.50,MW,,,,YES,,plan_only,747283facac512780ad757313c493d1080c39705824e72c4b231e87ecb4102b5,"Appendix 10.3, row 22",CIPP priority-project line; plan values are not financing events
idn-cipp-geothermal-023,IDN,idn-cipp-2023-cpr-mirror,geothermal,priority,23,PLTP Jaboi (FTP2),Sumatra,2028,2.50,MW,,,,YES,,plan_only,747283facac512780ad757313c493d1080c39705824e72c4b231e87ecb4102b5,"Appendix 10.3, row 23",CIPP priority-project line; plan values are not financing events
idn-cipp-geothermal-024,IDN,idn-cipp-2023-cpr-mirror,geothermal,priority,24,PLTP Java-Bali (Kuota) Tersebar,Java-Madura-Bali,2026,60.00,MW,,,,YES,,plan_only,747283facac512780ad757313c493d1080c39705824e72c4b231e87ecb4102b5,"Appendix 10.3, row 24",CIPP priority-project line; plan values are not financing events
idn-cipp-geothermal-025,IDN,idn-cipp-2023-cpr-mirror,geothermal,priority,25,PLTP Java-Bali (Kuota) Tersebar,Java-Madura-Bali,2026,60.00,MW,,,,YES,,plan_only,747283facac512780ad757313c493d1080c39705824e72c4b231e87ecb4102b5,"Appendix 10.3, row 25",CIPP priority-project line; plan values are not financing events
idn-cipp-geothermal-026,IDN,idn-cipp-2023-cpr-mirror,geothermal,priority,26,PLTP Java-Bali (Kuota) Tersebar,Java-Madura-Bali,2026,55.00,MW,,,,YES,,plan_only,747283facac512780ad757313c493d1080c39705824e72c4b231e87ecb4102b5,"Appendix 10.3, row 26",CIPP priority-project line; plan values are not financing events
idn-cipp-geothermal-027,IDN,idn-cipp-2023-cpr-mirror,geothermal,priority,27,PLTP Java-Bali (Kuota) Tersebar,Java-Madura-Bali,2026,55.00,MW,,,,YES,,plan_only,747283facac512780ad757313c493d1080c39705824e72c4b231e87ecb4102b5,"Appendix 10.3, row 27",CIPP priority-project line; plan values are not financing events
idn-cipp-geothermal-028,IDN,idn-cipp-2023-cpr-mirror,geothermal,priority,28,PLTP Java-Bali (Kuota) Tersebar,Java-Madura-Bali,2026,55.00,MW,,,,YES,,plan_only,747283facac512780ad757313c493d1080c39705824e72c4b231e87ecb4102b5,"Appendix 10.3, row 28",CIPP priority-project line; plan values are not financing events
idn-cipp-geothermal-029,IDN,idn-cipp-2023-cpr-mirror,geothermal,priority,29,PLTP Java-Bali (Kuota) Tersebar,Java-Madura-Bali,2026,55.00,MW,,,,YES,,plan_only,747283facac512780ad757313c493d1080c39705824e72c4b231e87ecb4102b5,"Appendix 10.3, row 29",CIPP priority-project line; plan values are not financing events
idn-cipp-geothermal-030,IDN,idn-cipp-2023-cpr-mirror,geothermal,priority,30,PLTP Java-Bali (Kuota) Tersebar,Java-Madura-Bali,2026,55.00,MW,,,,YES,,plan_only,747283facac512780ad757313c493d1080c39705824e72c4b231e87ecb4102b5,"Appendix 10.3, row 30",CIPP priority-project line; plan values are not financing events
idn-cipp-geothermal-031,IDN,idn-cipp-2023-cpr-mirror,geothermal,priority,31,PLTP Java-Bali (Kuota) Tersebar,Java-Madura-Bali,2026,55.00,MW,,,,YES,,plan_only,747283facac512780ad757313c493d1080c39705824e72c4b231e87ecb4102b5,"Appendix 10.3, row 31",CIPP priority-project line; plan values are not financing events
idn-cipp-geothermal-032,IDN,idn-cipp-2023-cpr-mirror,geothermal,priority,32,PLTP Java-Bali (Kuota) Tersebar,Java-Madura-Bali,2026,55.00,MW,,,,YES,,plan_only,747283facac512780ad757313c493d1080c39705824e72c4b231e87ecb4102b5,"Appendix 10.3, row 32",CIPP priority-project line; plan values are not financing events
idn-cipp-geothermal-033,IDN,idn-cipp-2023-cpr-mirror,geothermal,priority,33,PLTP Java-Bali (Kuota) Tersebar,Java-Madura-Bali,2026,55.00,MW,,,,YES,,plan_only,747283facac512780ad757313c493d1080c39705824e72c4b231e87ecb4102b5,"Appendix 10.3, row 33",CIPP priority-project line; plan values are not financing events
idn-cipp-geothermal-034,IDN,idn-cipp-2023-cpr-mirror,geothermal,priority,34,PLTP Java-Bali (Kuota) Tersebar,Java-Madura-Bali,2026,55.00,MW,,,,YES,,plan_only,747283facac512780ad757313c493d1080c39705824e72c4b231e87ecb4102b5,"Appendix 10.3, row 34",CIPP priority-project line; plan values are not financing events
idn-cipp-geothermal-035,IDN,idn-cipp-2023-cpr-mirror,geothermal,priority,35,PLTP Java-Bali (Kuota) Tersebar,Java-Madura-Bali,2026,55.00,MW,,,,YES,,plan_only,747283facac512780ad757313c493d1080c39705824e72c4b231e87ecb4102b5,"Appendix 10.3, row 35",CIPP priority-project line; plan values are not financing events
idn-cipp-geothermal-036,IDN,idn-cipp-2023-cpr-mirror,geothermal,priority,36,PLTP Kotamobagu 1,Sulawesi,2024,20.00,MW,,,,NO,,plan_only,747283facac512780ad757313c493d1080c39705824e72c4b231e87ecb4102b5,"Appendix 10.3, row 36",CIPP priority-project line; plan values are not financing events
idn-cipp-geothermal-037,IDN,idn-cipp-2023-cpr-mirror,geothermal,priority,37,PLTP Kotamobagu 2,Sulawesi,2024,20.00,MW,,,,NO,,plan_only,747283facac512780ad757313c493d1080c39705824e72c4b231e87ecb4102b5,"Appendix 10.3, row 37",CIPP priority-project line; plan values are not financing events
idn-cipp-geothermal-038,IDN,idn-cipp-2023-cpr-mirror,geothermal,priority,38,PLTP Kotamobagu 3,Sulawesi,2024,20.00,MW,,,,NO,,plan_only,747283facac512780ad757313c493d1080c39705824e72c4b231e87ecb4102b5,"Appendix 10.3, row 38",CIPP priority-project line; plan values are not financing events
idn-cipp-geothermal-039,IDN,idn-cipp-2023-cpr-mirror,geothermal,priority,39,PLTP Kotamobagu 4,Sulawesi,2024,20.00,MW,,,,NO,,plan_only,747283facac512780ad757313c493d1080c39705824e72c4b231e87ecb4102b5,"Appendix 10.3, row 39",CIPP priority-project line; plan values are not financing events
idn-cipp-geothermal-040,IDN,idn-cipp-2023-cpr-mirror,geothermal,priority,40,PLTP Mataloko,Maluku-Papua-Nusa Tenggara,2024,20.00,MW,,,,NO,,plan_only,747283facac512780ad757313c493d1080c39705824e72c4b231e87ecb4102b5,"Appendix 10.3, row 40",CIPP priority-project line; plan values are not financing events
idn-cipp-geothermal-041,IDN,idn-cipp-2023-cpr-mirror,geothermal,priority,41,PLTP Muara Laboh (FTP2),Sumatra,2024,80.00,MW,,,,NO,,plan_only,747283facac512780ad757313c493d1080c39705824e72c4b231e87ecb4102b5,"Appendix 10.3, row 41",CIPP priority-project line; plan values are not financing events
idn-cipp-geothermal-042,IDN,idn-cipp-2023-cpr-mirror,geothermal,priority,42,PLTP Muara Laboh (FTP2),Sumatra,2024,60.00,MW,,,,NO,,plan_only,747283facac512780ad757313c493d1080c39705824e72c4b231e87ecb4102b5,"Appendix 10.3, row 42",CIPP priority-project line; plan values are not financing events
idn-cipp-geothermal-043,IDN,idn-cipp-2023-cpr-mirror,geothermal,priority,43,PLTP Patuha (FTP2),Java-Madura-Bali,2024,55.00,MW,,,,YES,,plan_only,747283facac512780ad757313c493d1080c39705824e72c4b231e87ecb4102b5,"Appendix 10.3, row 43",CIPP priority-project line; plan values are not financing events
idn-cipp-geothermal-044,IDN,idn-cipp-2023-cpr-mirror,geothermal,priority,44,PLTP Patuha (FTP2),Java-Madura-Bali,2024,55.00,MW,,,,NO,,plan_only,747283facac512780ad757313c493d1080c39705824e72c4b231e87ecb4102b5,"Appendix 10.3, row 44",CIPP priority-project line; plan values are not financing events
idn-cipp-geothermal-045,IDN,idn-cipp-2023-cpr-mirror,geothermal,priority,45,PLTP Patuha (FTP2),Java-Madura-Bali,2024,55.00,MW,,,,NO,,plan_only,747283facac512780ad757313c493d1080c39705824e72c4b231e87ecb4102b5,"Appendix 10.3, row 45",CIPP priority-project line; plan values are not financing events
idn-cipp-geothermal-046,IDN,idn-cipp-2023-cpr-mirror,geothermal,priority,46,PLTP Patuha (FTP2),Java-Madura-Bali,2024,55.00,MW,,,,NO,,plan_only,747283facac512780ad757313c493d1080c39705824e72c4b231e87ecb4102b5,"Appendix 10.3, row 46",CIPP priority-project line; plan values are not financing events
idn-cipp-geothermal-047,IDN,idn-cipp-2023-cpr-mirror,geothermal,priority,47,PLTP Patuha (FTP2),Java-Madura-Bali,2024,55.00,MW,,,,NO,,plan_only,747283facac512780ad757313c493d1080c39705824e72c4b231e87ecb4102b5,"Appendix 10.3, row 47",CIPP priority-project line; plan values are not financing events
idn-cipp-geothermal-048,IDN,idn-cipp-2023-cpr-mirror,geothermal,priority,48,PLTP Patuha (FTP2),Java-Madura-Bali,2024,55.00,MW,,,,NO,,plan_only,747283facac512780ad757313c493d1080c39705824e72c4b231e87ecb4102b5,"Appendix 10.3, row 48",CIPP priority-project line; plan values are not financing events
idn-cipp-geothermal-049,IDN,idn-cipp-2023-cpr-mirror,geothermal,priority,49,PLTP Patuha (FTP2),Java-Madura-Bali,2024,55.00,MW,,,,NO,,plan_only,747283facac512780ad757313c493d1080c39705824e72c4b231e87ecb4102b5,"Appendix 10.3, row 49",CIPP priority-project line; plan values are not financing events
idn-cipp-geothermal-050,IDN,idn-cipp-2023-cpr-mirror,geothermal,priority,50,PLTP Rajabasa (FTP2),Sumatra,2024,110.00,MW,,,,YES,,plan_only,747283facac512780ad757313c493d1080c39705824e72c4b231e87ecb4102b5,"Appendix 10.3, row 50",CIPP priority-project line; plan values are not financing events
idn-cipp-geothermal-051,IDN,idn-cipp-2023-cpr-mirror,geothermal,priority,51,PLTP Rajabasa (FTP2),Sumatra,2026,110.00,MW,,,,YES,,plan_only,747283facac512780ad757313c493d1080c39705824e72c4b231e87ecb4102b5,"Appendix 10.3, row 51",CIPP priority-project line; plan values are not financing events
idn-cipp-geothermal-052,IDN,idn-cipp-2023-cpr-mirror,geothermal,priority,52,PLTP Sokoria (FTP2),Maluku-Papua-Nusa Tenggara,2024,80.00,MW,,,,NO,,plan_only,747283facac512780ad757313c493d1080c39705824e72c4b231e87ecb4102b5,"Appendix 10.3, row 52",CIPP priority-project line; plan values are not financing events
idn-cipp-geothermal-053,IDN,idn-cipp-2023-cpr-mirror,geothermal,priority,53,PLTP Sokoria (FTP2),Maluku-Papua-Nusa Tenggara,2024,30.00,MW,,,,NO,,plan_only,747283facac512780ad757313c493d1080c39705824e72c4b231e87ecb4102b5,"Appendix 10.3, row 53",CIPP priority-project line; plan values are not financing events
idn-cipp-geothermal-054,IDN,idn-cipp-2023-cpr-mirror,geothermal,priority,54,PLTP Sokoria (FTP2),Maluku-Papua-Nusa Tenggara,2024,11.00,MW,,,,NO,,plan_only,747283facac512780ad757313c493d1080c39705824e72c4b231e87ecb4102b5,"Appendix 10.3, row 54",CIPP priority-project line; plan values are not financing events
idn-cipp-geothermal-055,IDN,idn-cipp-2023-cpr-mirror,geothermal,priority,55,PLTP Sungai Penuh (FTP2),Sumatra,2024,55.00,MW,,,,YES,,plan_only,747283facac512780ad757313c493d1080c39705824e72c4b231e87ecb4102b5,"Appendix 10.3, row 55",CIPP priority-project line; plan values are not financing events
idn-cipp-geothermal-056,IDN,idn-cipp-2023-cpr-mirror,geothermal,priority,56,PLTP Ulumbu,Maluku-Papua-Nusa Tenggara,2024,3.00,MW,,,,NO,,plan_only,747283facac512780ad757313c493d1080c39705824e72c4b231e87ecb4102b5,"Appendix 10.3, row 56",CIPP priority-project line; plan values are not financing events
idn-cipp-geothermal-057,IDN,idn-cipp-2023-cpr-mirror,geothermal,priority,57,PLTP Ungaran,Java-Madura-Bali,2023,55.00,MW,,,,YES,,plan_only,747283facac512780ad757313c493d1080c39705824e72c4b231e87ecb4102b5,"Appendix 10.3, row 57",CIPP priority-project line; plan values are not financing events
idn-cipp-geothermal-058,IDN,idn-cipp-2023-cpr-mirror,geothermal,priority,58,PLTP Wayang Windu 3 (FTP2),Java-Madura-Bali,2024,40.00,MW,,,,NO,,plan_only,747283facac512780ad757313c493d1080c39705824e72c4b231e87ecb4102b5,"Appendix 10.3, row 58",CIPP priority-project line; plan values are not financing events
idn-cipp-geothermal-059,IDN,idn-cipp-2023-cpr-mirror,geothermal,priority,59,PLTP Wayang Windu 4 (FTP2),Java-Madura-Bali,2024,55.00,MW,,,,NO,,plan_only,747283facac512780ad757313c493d1080c39705824e72c4b231e87ecb4102b5,"Appendix 10.3, row 59",CIPP priority-project line; plan values are not financing events
idn-cipp-geothermal-060,IDN,idn-cipp-2023-cpr-mirror,geothermal,priority,60,PLTP Atadei,Maluku-Papua-Nusa Tenggara,2024,30.00,MW,,,,NO,,plan_only,747283facac512780ad757313c493d1080c39705824e72c4b231e87ecb4102b5,"Appendix 10.3, row 60",CIPP priority-project line; plan values are not financing events
idn-cipp-geothermal-061,IDN,idn-cipp-2023-cpr-mirror,geothermal,priority,61,PLTP Danau Ranau,Sumatra,2024,30.00,MW,,,,YES,,plan_only,747283facac512780ad757313c493d1080c39705824e72c4b231e87ecb4102b5,"Appendix 10.3, row 61",CIPP priority-project line; plan values are not financing events
idn-cipp-geothermal-062,IDN,idn-cipp-2023-cpr-mirror,geothermal,priority,62,PLTP Gunung Sirung,Maluku-Papua-Nusa Tenggara,2024,10.00,MW,,,,NO,,plan_only,747283facac512780ad757313c493d1080c39705824e72c4b231e87ecb4102b5,"Appendix 10.3, row 62",CIPP priority-project line; plan values are not financing events
idn-cipp-geothermal-063,IDN,idn-cipp-2023-cpr-mirror,geothermal,priority,63,PLTP Gunung Talang Bukit Kili,Sumatra,N/A,40.00,MW,,,,NO,,plan_only,747283facac512780ad757313c493d1080c39705824e72c4b231e87ecb4102b5,"Appendix 10.3, row 63",CIPP priority-project line; plan values are not financing events
idn-cipp-geothermal-064,IDN,idn-cipp-2023-cpr-mirror,geothermal,priority,64,PLTP Gunung Ungaran,Java-Madura-Bali,N/A,5.00,MW,,,,NO,,plan_only,747283facac512780ad757313c493d1080c39705824e72c4b231e87ecb4102b5,"Appendix 10.3, row 64",CIPP priority-project line; plan values are not financing events
idn-cipp-geothermal-065,IDN,idn-cipp-2023-cpr-mirror,geothermal,priority,65,PLTP Jaboi,Sumatra,N/A,20.00,MW,,,,NO,,plan_only,747283facac512780ad757313c493d1080c39705824e72c4b231e87ecb4102b5,"Appendix 10.3, row 65",CIPP priority-project line; plan values are not financing events
idn-cipp-geothermal-066,IDN,idn-cipp-2023-cpr-mirror,geothermal,priority,66,PLTP Kaldera Danau Banten,Java-Madura-Bali,N/A,110.00,MW,,,,NO,,plan_only,747283facac512780ad757313c493d1080c39705824e72c4b231e87ecb4102b5,"Appendix 10.3, row 66",CIPP priority-project line; plan values are not financing events
idn-cipp-geothermal-067,IDN,idn-cipp-2023-cpr-mirror,geothermal,priority,67,PLTP Kepahiang,Sumatra,2024,70.00,MW,,,,YES,,plan_only,747283facac512780ad757313c493d1080c39705824e72c4b231e87ecb4102b5,"Appendix 10.3, row 67",CIPP priority-project line; plan values are not financing events
idn-cipp-geothermal-068,IDN,idn-cipp-2023-cpr-mirror,geothermal,priority,68,PLTP Oka Ile Ange,Maluku-Papua-Nusa Tenggara,2024,110.00,MW,,,,NO,,plan_only,747283facac512780ad757313c493d1080c39705824e72c4b231e87ecb4102b5,"Appendix 10.3, row 68",CIPP priority-project line; plan values are not financing events
idn-cipp-geothermal-069,IDN,idn-cipp-2023-cpr-mirror,geothermal,priority,69,PLTP Songa Wayaua,Maluku-Papua-Nusa Tenggara,2024,110.00,MW,,,,NO,,plan_only,747283facac512780ad757313c493d1080c39705824e72c4b231e87ecb4102b5,"Appendix 10.3, row 69",CIPP priority-project line; plan values are not financing events
idn-cipp-geothermal-070,IDN,idn-cipp-2023-cpr-mirror,geothermal,priority,70,PLTP Tangkuban Perahu,Java-Madura-Bali,2023,10.00,MW,,,,YES,,plan_only,747283facac512780ad757313c493d1080c39705824e72c4b231e87ecb4102b5,"Appendix 10.3, row 70",CIPP priority-project line; plan values are not financing events
idn-cipp-geothermal-071,IDN,idn-cipp-2023-cpr-mirror,geothermal,priority,71,PLTP Telaga Ngebel (FTP2),Java-Madura-Bali,2024,10.00,MW,,,,YES,,plan_only,747283facac512780ad757313c493d1080c39705824e72c4b231e87ecb4102b5,"Appendix 10.3, row 71",CIPP priority-project line; plan values are not financing events
idn-cipp-geothermal-072,IDN,idn-cipp-2023-cpr-mirror,geothermal,priority,72,PLTP Telaga Ngebel (FTP2),Java-Madura-Bali,2024,40.00,MW,,,,YES,,plan_only,747283facac512780ad757313c493d1080c39705824e72c4b231e87ecb4102b5,"Appendix 10.3, row 72",CIPP priority-project line; plan values are not financing events
idn-cipp-geothermal-073,IDN,idn-cipp-2023-cpr-mirror,geothermal,priority,73,PLTP Telaga Ngebel (FTP2),Java-Madura-Bali,2024,55.00,MW,,,,YES,,plan_only,747283facac512780ad757313c493d1080c39705824e72c4b231e87ecb4102b5,"Appendix 10.3, row 73",CIPP priority-project line; plan values are not financing events
idn-cipp-geothermal-074,IDN,idn-cipp-2023-cpr-mirror,geothermal,priority,74,PLTP Tulehu,Maluku-Papua-Nusa Tenggara,2024,20.00,MW,,,,YES,,plan_only,747283facac512780ad757313c493d1080c39705824e72c4b231e87ecb4102b5,"Appendix 10.3, row 74",CIPP priority-project line; plan values are not financing events
idn-cipp-geothermal-075,IDN,idn-cipp-2023-cpr-mirror,geothermal,priority,75,PLTP Sokoria (FTP2),Maluku-Papua-Nusa Tenggara,2024,55.00,MW,,,,NO,,plan_only,747283facac512780ad757313c493d1080c39705824e72c4b231e87ecb4102b5,"Appendix 10.3, row 75",CIPP priority-project line; plan values are not financing events
idn-cipp-geothermal-076,IDN,idn-cipp-2023-cpr-mirror,geothermal,priority,76,PLTP Sokoria (FTP2),Maluku-Papua-Nusa Tenggara,2024,20.00,MW,,,,NO,,plan_only,747283facac512780ad757313c493d1080c39705824e72c4b231e87ecb4102b5,"Appendix 10.3, row 76",CIPP priority-project line; plan values are not financing events
idn-cipp-geothermal-077,IDN,idn-cipp-2023-cpr-mirror,geothermal,priority,77,PLTP Cubadak,Sumatra,Post 2030,66.00,MW,,,,NO,,plan_only,747283facac512780ad757313c493d1080c39705824e72c4b231e87ecb4102b5,"Appendix 10.3, row 77",CIPP priority-project line; plan values are not financing events
idn-cipp-geothermal-078,IDN,idn-cipp-2023-cpr-mirror,geothermal,priority,78,PLTP Gn. Ciremai,Java-Madura-Bali,Post 2030,27.00,MW,,,,NO,,plan_only,747283facac512780ad757313c493d1080c39705824e72c4b231e87ecb4102b5,"Appendix 10.3, row 78",CIPP priority-project line; plan values are not financing events
idn-cipp-geothermal-079,IDN,idn-cipp-2023-cpr-mirror,geothermal,priority,79,PLTP Marana,Sulawesi,Post 2030,28.00,MW,,,,NO,,plan_only,747283facac512780ad757313c493d1080c39705824e72c4b231e87ecb4102b5,"Appendix 10.3, row 79",CIPP priority-project line; plan values are not financing events
idn-cipp-geothermal-080,IDN,idn-cipp-2023-cpr-mirror,geothermal,priority,80,PLTP Lainea,Sulawesi,Post 2030,66.00,MW,,,,NO,,plan_only,747283facac512780ad757313c493d1080c39705824e72c4b231e87ecb4102b5,"Appendix 10.3, row 80",CIPP priority-project line; plan values are not financing events
idn-cipp-geothermal-081,IDN,idn-cipp-2023-cpr-mirror,geothermal,priority,81,PLTP Songgoriti,Java-Madura-Bali,Post 2030,35.00,MW,,,,NO,,plan_only,747283facac512780ad757313c493d1080c39705824e72c4b231e87ecb4102b5,"Appendix 10.3, row 81",CIPP priority-project line; plan values are not financing events
idn-cipp-geothermal-082,IDN,idn-cipp-2023-cpr-mirror,geothermal,priority,82,PLTP Sipaholon Ria-ria,Sulawesi,Post 2030,35.00,MW,,,,NO,,plan_only,747283facac512780ad757313c493d1080c39705824e72c4b231e87ecb4102b5,"Appendix 10.3, row 82",CIPP priority-project line; plan values are not financing events
idn-cipp-geothermal-083,IDN,idn-cipp-2023-cpr-mirror,geothermal,priority,83,PLTP Bora-pulu,Sulawesi,Post 2030,123.00,MW,,,,NO,,plan_only,747283facac512780ad757313c493d1080c39705824e72c4b231e87ecb4102b5,"Appendix 10.3, row 83",CIPP priority-project line; plan values are not financing events
idn-cipp-geothermal-084,IDN,idn-cipp-2023-cpr-mirror,geothermal,priority,84,PLTP Pentadio,Sulawesi,Post 2030,25.00,MW,,,,NO,,plan_only,747283facac512780ad757313c493d1080c39705824e72c4b231e87ecb4102b5,"Appendix 10.3, row 84",CIPP priority-project line; plan values are not financing events
idn-cipp-geothermal-085,IDN,idn-cipp-2023-cpr-mirror,geothermal,priority,85,PLTP Suwawa,Sulawesi,Post 2030,20.00,MW,,,,NO,,plan_only,747283facac512780ad757313c493d1080c39705824e72c4b231e87ecb4102b5,"Appendix 10.3, row 85",CIPP priority-project line; plan values are not financing events
idn-cipp-geothermal-086,IDN,idn-cipp-2023-cpr-mirror,geothermal,priority,86,PLTP Sembalun,Maluku-Papua-Nusa Tenggara,Post 2030,20.00,MW,,,,NO,,plan_only,747283facac512780ad757313c493d1080c39705824e72c4b231e87ecb4102b5,"Appendix 10.3, row 86",CIPP priority-project line; plan values are not financing events
idn-cipp-geothermal-087,IDN,idn-cipp-2023-cpr-mirror,geothermal,priority,87,PLTP Gn. Pandan,Java-Madura-Bali,Post 2030,40.00,MW,,,,NO,,plan_only,747283facac512780ad757313c493d1080c39705824e72c4b231e87ecb4102b5,"Appendix 10.3, row 87",CIPP priority-project line; plan values are not financing events
idn-cipp-geothermal-088,IDN,idn-cipp-2023-cpr-mirror,geothermal,priority,88,PLTP Gn.Willis,Java-Madura-Bali,Post 2030,50.00,MW,,,,NO,,plan_only,747283facac512780ad757313c493d1080c39705824e72c4b231e87ecb4102b5,"Appendix 10.3, row 88",CIPP priority-project line; plan values are not financing events
idn-cipp-geothermal-089,IDN,idn-cipp-2023-cpr-mirror,geothermal,priority,89,PLTP Simbolon Samosir,Sumatra,Post 2030,150.00,MW,,,,NO,,plan_only,747283facac512780ad757313c493d1080c39705824e72c4b231e87ecb4102b5,"Appendix 10.3, row 89",CIPP priority-project line; plan values are not financing events
idn-cipp-geothermal-090,IDN,idn-cipp-2023-cpr-mirror,geothermal,priority,90,Government Drilling Program (Cost TBD),Nation-wide,TBD,2148.00,MW,,,,NO,,plan_only,747283facac512780ad757313c493d1080c39705824e72c4b231e87ecb4102b5,"Appendix 10.3, row 90",CIPP priority-project line; plan values are not financing events
idn-cipp-hydro-001,IDN,idn-cipp-2023-cpr-mirror,hydro,priority,1,PLTA NEW 9_PLTA Sumatra 1300 MW,Sumatra,2024,1300.0,MW,,,,NO,,plan_only,747283facac512780ad757313c493d1080c39705824e72c4b231e87ecb4102b5,"Appendix 10.4, row 1",CIPP priority-project line; plan values are not financing events
idn-cipp-hydro-002,IDN,idn-cipp-2023-cpr-mirror,hydro,priority,2,PS Grindulu,Java-Madura-Bali,2025,1000.0,MW,,,,YES,,plan_only,747283facac512780ad757313c493d1080c39705824e72c4b231e87ecb4102b5,"Appendix 10.4, row 2",CIPP priority-project line; plan values are not financing events
idn-cipp-hydro-003,IDN,idn-cipp-2023-cpr-mirror,hydro,priority,3,PLTA Java Bali (Kuota) Tersebar PSPP,Java-Madura-Bali,2025,760.0,MW,,,,YES,,plan_only,747283facac512780ad757313c493d1080c39705824e72c4b231e87ecb4102b5,"Appendix 10.4, row 3",CIPP priority-project line; plan values are not financing events
idn-cipp-hydro-004,IDN,idn-cipp-2023-cpr-mirror,hydro,priority,4,PLTA NEW 9_PLTA Sumatra 500 MW,Sumatra,2024,500.0,MW,,,,NO,,plan_only,747283facac512780ad757313c493d1080c39705824e72c4b231e87ecb4102b5,"Appendix 10.4, row 4",CIPP priority-project line; plan values are not financing events
idn-cipp-hydro-005,IDN,idn-cipp-2023-cpr-mirror,hydro,priority,5,PLTA Sumatra,Sumatra,2025,500.0,MW,,,,NO,,plan_only,747283facac512780ad757313c493d1080c39705824e72c4b231e87ecb4102b5,"Appendix 10.4, row 5",CIPP priority-project line; plan values are not financing events
idn-cipp-hydro-006,IDN,idn-cipp-2023-cpr-mirror,hydro,priority,6,PLTA Hidro Sumatra (kuota) tersebar*,Sumatra,2026,400.0,MW,,,,YES,,plan_only,747283facac512780ad757313c493d1080c39705824e72c4b231e87ecb4102b5,"Appendix 10.4, row 6",CIPP priority-project line; plan values are not financing events
idn-cipp-hydro-007,IDN,idn-cipp-2023-cpr-mirror,hydro,priority,7,PLTA Hidro Sumatra (kuota) tersebar*,Sumatra,2027,400.0,MW,,,,YES,,plan_only,747283facac512780ad757313c493d1080c39705824e72c4b231e87ecb4102b5,"Appendix 10.4, row 7",CIPP priority-project line; plan values are not financing events
idn-cipp-hydro-008,IDN,idn-cipp-2023-cpr-mirror,hydro,priority,8,PLTA Sulbagsel (Kuota) Tersebar,Sulawesi,2024,400.0,MW,,,,NO,,plan_only,747283facac512780ad757313c493d1080c39705824e72c4b231e87ecb4102b5,"Appendix 10.4, row 8",CIPP priority-project line; plan values are not financing events
idn-cipp-hydro-009,IDN,idn-cipp-2023-cpr-mirror,hydro,priority,9,PLTA Sumatra (Kuota) Tersebar,Sumatra,2025,400.0,MW,,,,NO,,plan_only,747283facac512780ad757313c493d1080c39705824e72c4b231e87ecb4102b5,"Appendix 10.4, row 9",CIPP priority-project line; plan values are not financing events
idn-cipp-hydro-010,IDN,idn-cipp-2023-cpr-mirror,hydro,priority,10,PLTA Sulbagsel (Kuota) Tersebar,Sulawesi,2025,350.0,MW,,,,NO,,plan_only,747283facac512780ad757313c493d1080c39705824e72c4b231e87ecb4102b5,"Appendix 10.4, row 10",CIPP priority-project line; plan values are not financing events
idn-cipp-hydro-011,IDN,idn-cipp-2023-cpr-mirror,hydro,priority,11,PS Upper Cisokan Pump Storage (FTP2),Java-Madura-Bali,2024,260.0,MW,,,,YES,,plan_only,747283facac512780ad757313c493d1080c39705824e72c4b231e87ecb4102b5,"Appendix 10.4, row 11",CIPP priority-project line; plan values are not financing events
idn-cipp-hydro-012,IDN,idn-cipp-2023-cpr-mirror,hydro,priority,12,PS Upper Cisokan Pump Storage (FTP2),Java-Madura-Bali,2024,260.0,MW,,,,YES,,plan_only,747283facac512780ad757313c493d1080c39705824e72c4b231e87ecb4102b5,"Appendix 10.4, row 12",CIPP priority-project line; plan values are not financing events
idn-cipp-hydro-013,IDN,idn-cipp-2023-cpr-mirror,hydro,priority,13,PS Upper Cisokan Pump Storage (FTP2),Java-Madura-Bali,2024,260.0,MW,,,,YES,,plan_only,747283facac512780ad757313c493d1080c39705824e72c4b231e87ecb4102b5,"Appendix 10.4, row 13",CIPP priority-project line; plan values are not financing events
idn-cipp-hydro-014,IDN,idn-cipp-2023-cpr-mirror,hydro,priority,14,PS Upper Cisokan Pump Storage (FTP2),Java-Madura-Bali,2024,260.0,MW,,,,YES,,plan_only,747283facac512780ad757313c493d1080c39705824e72c4b231e87ecb4102b5,"Appendix 10.4, row 14",CIPP priority-project line; plan values are not financing events
idn-cipp-hydro-015,IDN,idn-cipp-2023-cpr-mirror,hydro,priority,15,PLTA Sulawesi (Kuota) Tersebar,Sulawesi,2029,250.0,MW,,,,NO,,plan_only,747283facac512780ad757313c493d1080c39705824e72c4b231e87ecb4102b5,"Appendix 10.4, row 15",CIPP priority-project line; plan values are not financing events
idn-cipp-hydro-016,IDN,idn-cipp-2023-cpr-mirror,hydro,priority,16,PLTA Sulawesi (Kuota) Tersebar,Sulawesi,2030,250.0,MW,,,,NO,,plan_only,747283facac512780ad757313c493d1080c39705824e72c4b231e87ecb4102b5,"Appendix 10.4, row 16",CIPP priority-project line; plan values are not financing events
idn-cipp-hydro-017,IDN,idn-cipp-2023-cpr-mirror,hydro,priority,17,PLTA Sumatra (Kuota) Tersebar,Sumatra,2024,250.0,MW,,,,NO,,plan_only,747283facac512780ad757313c493d1080c39705824e72c4b231e87ecb4102b5,"Appendix 10.4, row 17",CIPP priority-project line; plan values are not financing events
idn-cipp-hydro-018,IDN,idn-cipp-2023-cpr-mirror,hydro,priority,18,PS Sumatra Pump Storage-1,Sumatra,2025,250.0,MW,,,,YES,,plan_only,747283facac512780ad757313c493d1080c39705824e72c4b231e87ecb4102b5,"Appendix 10.4, row 18",CIPP priority-project line; plan values are not financing events
idn-cipp-hydro-019,IDN,idn-cipp-2023-cpr-mirror,hydro,priority,19,PS Sumatra Pump Storage-2,Sumatra,2026,250.0,MW,,,,YES,,plan_only,747283facac512780ad757313c493d1080c39705824e72c4b231e87ecb4102b5,"Appendix 10.4, row 19",CIPP priority-project line; plan values are not financing events
idn-cipp-hydro-020,IDN,idn-cipp-2023-cpr-mirror,hydro,priority,20,PLTA Hidro Sumatra (kuota) tersebar*,Sumatra,2025,200.0,MW,,,,YES,,plan_only,747283facac512780ad757313c493d1080c39705824e72c4b231e87ecb4102b5,"Appendix 10.4, row 20",CIPP priority-project line; plan values are not financing events
idn-cipp-hydro-021,IDN,idn-cipp-2023-cpr-mirror,hydro,priority,21,PLTA Hidro Sumatra (kuota) tersebar*,Sumatra,2026,200.0,MW,,,,YES,,plan_only,747283facac512780ad757313c493d1080c39705824e72c4b231e87ecb4102b5,"Appendix 10.4, row 21",CIPP priority-project line; plan values are not financing events
idn-cipp-hydro-022,IDN,idn-cipp-2023-cpr-mirror,hydro,priority,22,PLTA Kalseltengtimra (Kuota) Tersebar,Kalimantan,2024,200.0,MW,,,,YES,,plan_only,747283facac512780ad757313c493d1080c39705824e72c4b231e87ecb4102b5,"Appendix 10.4, row 22",CIPP priority-project line; plan values are not financing events
idn-cipp-hydro-023,IDN,idn-cipp-2023-cpr-mirror,hydro,priority,23,PLTA Kalseltengtimra (Kuota) Tersebar,Kalimantan,2026,200.0,MW,,,,YES,,plan_only,747283facac512780ad757313c493d1080c39705824e72c4b231e87ecb4102b5,"Appendix 10.4, row 23",CIPP priority-project line; plan values are not financing events
idn-cipp-hydro-024,IDN,idn-cipp-2023-cpr-mirror,hydro,priority,24,PLTA Kalseltengtimra (Kuota) Tersebar,Kalimantan,2026,200.0,MW,,,,YES,,plan_only,747283facac512780ad757313c493d1080c39705824e72c4b231e87ecb4102b5,"Appendix 10.4, row 24",CIPP priority-project line; plan values are not financing events
idn-cipp-hydro-025,IDN,idn-cipp-2023-cpr-mirror,hydro,priority,25,PLTA Kaltimra,Kalimantan,2025,200.0,MW,,,,YES,,plan_only,747283facac512780ad757313c493d1080c39705824e72c4b231e87ecb4102b5,"Appendix 10.4, row 25",CIPP priority-project line; plan values are not financing events
idn-cipp-hydro-026,IDN,idn-cipp-2023-cpr-mirror,hydro,priority,26,PLTA Sulbagsel (Kuota) Tersebar,Sulawesi,2026,200.0,MW,,,,YES,,plan_only,747283facac512780ad757313c493d1080c39705824e72c4b231e87ecb4102b5,"Appendix 10.4, row 26",CIPP priority-project line; plan values are not financing events
idn-cipp-hydro-027,IDN,idn-cipp-2023-cpr-mirror,hydro,priority,27,PLTA Sulbagsel (Kuota) Tersebar,Sulawesi,2025,200.0,MW,,,,YES,,plan_only,747283facac512780ad757313c493d1080c39705824e72c4b231e87ecb4102b5,"Appendix 10.4, row 27",CIPP priority-project line; plan values are not financing events
idn-cipp-hydro-028,IDN,idn-cipp-2023-cpr-mirror,hydro,priority,28,PLTA Muara Juloi,Kalimantan,2026,170.0,MW,,,,NO,,plan_only,747283facac512780ad757313c493d1080c39705824e72c4b231e87ecb4102b5,"Appendix 10.4, row 28",CIPP priority-project line; plan values are not financing events
idn-cipp-hydro-029,IDN,idn-cipp-2023-cpr-mirror,hydro,priority,29,PLTA Muara Juloi,Kalimantan,2027,170.0,MW,,,,NO,,plan_only,747283facac512780ad757313c493d1080c39705824e72c4b231e87ecb4102b5,"Appendix 10.4, row 29",CIPP priority-project line; plan values are not financing events
idn-cipp-hydro-030,IDN,idn-cipp-2023-cpr-mirror,hydro,priority,30,PLTA Pokko,Sulawesi,2026,125.0,MW,,,,NO,,plan_only,747283facac512780ad757313c493d1080c39705824e72c4b231e87ecb4102b5,"Appendix 10.4, row 30",CIPP priority-project line; plan values are not financing events
idn-cipp-hydro-031,IDN,idn-cipp-2023-cpr-mirror,hydro,priority,31,PLTA Tanjung Sakti,Sumatra,2028,114.0,MW,,,,YES,,plan_only,747283facac512780ad757313c493d1080c39705824e72c4b231e87ecb4102b5,"Appendix 10.4, row 31",CIPP priority-project line; plan values are not financing events
idn-cipp-hydro-032,IDN,idn-cipp-2023-cpr-mirror,hydro,priority,32,PLTA Bendungan Merangin,Sumatra,2026,107.0,MW,,,,YES,,plan_only,747283facac512780ad757313c493d1080c39705824e72c4b231e87ecb4102b5,"Appendix 10.4, row 32",CIPP priority-project line; plan values are not financing events
idn-cipp-hydro-033,IDN,idn-cipp-2023-cpr-mirror,hydro,priority,33,PLTA Sesayap,Kalimantan,2028,103.0,MW,,,,YES,,plan_only,747283facac512780ad757313c493d1080c39705824e72c4b231e87ecb4102b5,"Appendix 10.4, row 33",CIPP priority-project line; plan values are not financing events
idn-cipp-hydro-034,IDN,idn-cipp-2023-cpr-mirror,hydro,priority,34,PLTA Tabang,Kalimantan,2028,101.0,MW,,,,YES,,plan_only,747283facac512780ad757313c493d1080c39705824e72c4b231e87ecb4102b5,"Appendix 10.4, row 34",CIPP priority-project line; plan values are not financing events
idn-cipp-hydro-035,IDN,idn-cipp-2023-cpr-mirror,hydro,priority,35,PLTA Buttu Batu,Sulawesi,2024,100.0,MW,,,,YES,,plan_only,747283facac512780ad757313c493d1080c39705824e72c4b231e87ecb4102b5,"Appendix 10.4, row 35",CIPP priority-project line; plan values are not financing events
idn-cipp-hydro-036,IDN,idn-cipp-2023-cpr-mirror,hydro,priority,36,PLTA Buttu Batu,Sulawesi,2024,100.0,MW,,,,YES,,plan_only,747283facac512780ad757313c493d1080c39705824e72c4b231e87ecb4102b5,"Appendix 10.4, row 36",CIPP priority-project line; plan values are not financing events
idn-cipp-hydro-037,IDN,idn-cipp-2023-cpr-mirror,hydro,priority,37,PLTA Kalseltengtimra (Kuota) Tersebar,Kalimantan,2025,100.0,MW,,,,YES,,plan_only,747283facac512780ad757313c493d1080c39705824e72c4b231e87ecb4102b5,"Appendix 10.4, row 37",CIPP priority-project line; plan values are not financing events
idn-cipp-hydro-038,IDN,idn-cipp-2023-cpr-mirror,hydro,priority,38,PLTA Kalseltengtimra (Kuota) Tersebar,Kalimantan,2027,100.0,MW,,,,YES,,plan_only,747283facac512780ad757313c493d1080c39705824e72c4b231e87ecb4102b5,"Appendix 10.4, row 38",CIPP priority-project line; plan values are not financing events
idn-cipp-hydro-039,IDN,idn-cipp-2023-cpr-mirror,hydro,priority,39,PLTA Kaltimra,Kalimantan,2026,100.0,MW,,,,YES,,plan_only,747283facac512780ad757313c493d1080c39705824e72c4b231e87ecb4102b5,"Appendix 10.4, row 39",CIPP priority-project line; plan values are not financing events
idn-cipp-hydro-040,IDN,idn-cipp-2023-cpr-mirror,hydro,priority,40,PLTA Nanga Pinoh,Kalimantan,2026,100.0,MW,,,,YES,,plan_only,747283facac512780ad757313c493d1080c39705824e72c4b231e87ecb4102b5,"Appendix 10.4, row 40",CIPP priority-project line; plan values are not financing events
idn-cipp-hydro-041,IDN,idn-cipp-2023-cpr-mirror,hydro,priority,41,PLTA Simonggo,Sumatra,2028,90.0,MW,,,,NO,,plan_only,747283facac512780ad757313c493d1080c39705824e72c4b231e87ecb4102b5,"Appendix 10.4, row 41",CIPP priority-project line; plan values are not financing events
idn-cipp-hydro-042,IDN,idn-cipp-2023-cpr-mirror,hydro,priority,42,PLTA Simonggo,Sumatra,2025,90.0,MW,,,,YES,,plan_only,747283facac512780ad757313c493d1080c39705824e72c4b231e87ecb4102b5,"Appendix 10.4, row 42",CIPP priority-project line; plan values are not financing events
idn-cipp-hydro-043,IDN,idn-cipp-2023-cpr-mirror,hydro,priority,43,PLTA Sulbagsel (Kuota) Tersebar,Sulawesi,2027,80.0,MW,,,,YES,,plan_only,747283facac512780ad757313c493d1080c39705824e72c4b231e87ecb4102b5,"Appendix 10.4, row 43",CIPP priority-project line; plan values are not financing events
idn-cipp-hydro-044,IDN,idn-cipp-2023-cpr-mirror,hydro,priority,44,PLTA Bakaru 2,Sulawesi,2024,70.0,MW,,,,YES,,plan_only,747283facac512780ad757313c493d1080c39705824e72c4b231e87ecb4102b5,"Appendix 10.4, row 44",CIPP priority-project line; plan values are not financing events
idn-cipp-hydro-045,IDN,idn-cipp-2023-cpr-mirror,hydro,priority,45,PLTA Bakaru 2,Sulawesi,2024,70.0,MW,,,,YES,,plan_only,747283facac512780ad757313c493d1080c39705824e72c4b231e87ecb4102b5,"Appendix 10.4, row 45",CIPP priority-project line; plan values are not financing events
idn-cipp-hydro-046,IDN,idn-cipp-2023-cpr-mirror,hydro,priority,46,PLTA Sulbagut (Kuota) Tersebar,Sulawesi,2027,70.0,MW,,,,YES,,plan_only,747283facac512780ad757313c493d1080c39705824e72c4b231e87ecb4102b5,"Appendix 10.4, row 46",CIPP priority-project line; plan values are not financing events
idn-cipp-hydro-047,IDN,idn-cipp-2023-cpr-mirror,hydro,priority,47,PLTA Sulbagut (Kuota) Tersebar,Sulawesi,2025,60.0,MW,,,,YES,,plan_only,747283facac512780ad757313c493d1080c39705824e72c4b231e87ecb4102b5,"Appendix 10.4, row 47",CIPP priority-project line; plan values are not financing events
idn-cipp-hydro-048,IDN,idn-cipp-2023-cpr-mirror,hydro,priority,48,PLTA Kelai,Kalimantan,2024,55.0,MW,,,,YES,,plan_only,747283facac512780ad757313c493d1080c39705824e72c4b231e87ecb4102b5,"Appendix 10.4, row 48",CIPP priority-project line; plan values are not financing events
idn-cipp-hydro-049,IDN,idn-cipp-2023-cpr-mirror,hydro,priority,49,PLTA Wai Tala,Maluku-Papua-Nusa Tenggara,2028,54.0,MW,,,,NO,,plan_only,747283facac512780ad757313c493d1080c39705824e72c4b231e87ecb4102b5,"Appendix 10.4, row 49",CIPP priority-project line; plan values are not financing events
idn-cipp-hydro-050,IDN,idn-cipp-2023-cpr-mirror,hydro,priority,50,PLTA Kelai,Sumatra,2028,45.0,MW,,,,NO,,plan_only,747283facac512780ad757313c493d1080c39705824e72c4b231e87ecb4102b5,"Appendix 10.4, row 50",CIPP priority-project line; plan values are not financing events
idn-cipp-hydro-051,IDN,idn-cipp-2023-cpr-mirror,hydro,priority,51,PLTA Kumbih-3,Sumatra,2024,45.0,MW,,,,YES,,plan_only,747283facac512780ad757313c493d1080c39705824e72c4b231e87ecb4102b5,"Appendix 10.4, row 51",CIPP priority-project line; plan values are not financing events
idn-cipp-hydro-052,IDN,idn-cipp-2023-cpr-mirror,hydro,priority,52,PLTA Masang-2 (FTP2),Sumatra,2024,44.0,MW,,,,NO,,plan_only,747283facac512780ad757313c493d1080c39705824e72c4b231e87ecb4102b5,"Appendix 10.4, row 52",CIPP priority-project line; plan values are not financing events
idn-cipp-hydro-053,IDN,idn-cipp-2023-cpr-mirror,hydro,priority,53,PLTA Sulbagut,Sulawesi,2024,30.0,MW,,,,YES,,plan_only,747283facac512780ad757313c493d1080c39705824e72c4b231e87ecb4102b5,"Appendix 10.4, row 53",CIPP priority-project line; plan values are not financing events
idn-cipp-hydro-054,IDN,idn-cipp-2023-cpr-mirror,hydro,priority,54,PLTM NTB (Kuota) Tersebar,Maluku-Papua-Nusa Tenggara,2029,30.0,MW,,,,NO,,plan_only,747283facac512780ad757313c493d1080c39705824e72c4b231e87ecb4102b5,"Appendix 10.4, row 54",CIPP priority-project line; plan values are not financing events
idn-cipp-hydro-055,IDN,idn-cipp-2023-cpr-mirror,hydro,priority,55,PLTA Wai Tala,Maluku-Papua-Nusa Tenggara,2025,27.0,MW,,,,YES,,plan_only,747283facac512780ad757313c493d1080c39705824e72c4b231e87ecb4102b5,"Appendix 10.4, row 55",CIPP priority-project line; plan values are not financing events
idn-cipp-hydro-056,IDN,idn-cipp-2023-cpr-mirror,hydro,priority,56,PLTA Wai Tala,Maluku-Papua-Nusa Tenggara,2025,27.0,MW,,,,YES,,plan_only,747283facac512780ad757313c493d1080c39705824e72c4b231e87ecb4102b5,"Appendix 10.4, row 56",CIPP priority-project line; plan values are not financing events
idn-cipp-hydro-057,IDN,idn-cipp-2023-cpr-mirror,hydro,priority,57,PLTA Watunohu,Sulawesi,2024,22.0,MW,,,,NO,,plan_only,747283facac512780ad757313c493d1080c39705824e72c4b231e87ecb4102b5,"Appendix 10.4, row 57",CIPP priority-project line; plan values are not financing events
idn-cipp-hydro-058,IDN,idn-cipp-2023-cpr-mirror,hydro,priority,58,PLTA Konawe (Bendung PUPR),Sulawesi,2028,21.0,MW,,,,NO,,plan_only,747283facac512780ad757313c493d1080c39705824e72c4b231e87ecb4102b5,"Appendix 10.4, row 58",CIPP priority-project line; plan values are not financing events
idn-cipp-hydro-059,IDN,idn-cipp-2023-cpr-mirror,hydro,priority,59,PLTM Papua (Kuota) Tersebar,Maluku-Papua-Nusa Tenggara,2030,20.0,MW,,,,NO,,plan_only,747283facac512780ad757313c493d1080c39705824e72c4b231e87ecb4102b5,"Appendix 10.4, row 59",CIPP priority-project line; plan values are not financing events
idn-cipp-hydro-060,IDN,idn-cipp-2023-cpr-mirror,hydro,priority,60,PLTM Sulbagsel (Kuota) Tersebar,Sulawesi,2024,20.0,MW,,,,YES,,plan_only,747283facac512780ad757313c493d1080c39705824e72c4b231e87ecb4102b5,"Appendix 10.4, row 60",CIPP priority-project line; plan values are not financing events
idn-cipp-hydro-061,IDN,idn-cipp-2023-cpr-mirror,hydro,priority,61,PLTM Minihidro (Kuota) Tersebar*,Sumatra,2024,19.1,MW,,,,YES,,plan_only,747283facac512780ad757313c493d1080c39705824e72c4b231e87ecb4102b5,"Appendix 10.4, row 61",CIPP priority-project line; plan values are not financing events
idn-cipp-hydro-062,IDN,idn-cipp-2023-cpr-mirror,hydro,priority,62,PLTA Lambakan,Kalimantan,2028,18.0,MW,,,,YES,,plan_only,747283facac512780ad757313c493d1080c39705824e72c4b231e87ecb4102b5,"Appendix 10.4, row 62",CIPP priority-project line; plan values are not financing events
idn-cipp-hydro-063,IDN,idn-cipp-2023-cpr-mirror,hydro,priority,63,PLTM Khatulistiwa (Kuota) Tersebar,Kalimantan,2024,17.0,MW,,,,YES,,plan_only,747283facac512780ad757313c493d1080c39705824e72c4b231e87ecb4102b5,"Appendix 10.4, row 63",CIPP priority-project line; plan values are not financing events
idn-cipp-hydro-064,IDN,idn-cipp-2023-cpr-mirror,hydro,priority,64,PLTA Orya 2. Papua,Maluku-Papua-Nusa Tenggara,2022,14.0,MW,,,,YES,,plan_only,747283facac512780ad757313c493d1080c39705824e72c4b231e87ecb4102b5,"Appendix 10.4, row 64",CIPP priority-project line; plan values are not financing events
idn-cipp-hydro-065,IDN,idn-cipp-2023-cpr-mirror,hydro,priority,65,PLTM Minihidro (Kuota) Tersebar*,Sumatra,2024,12.4,MW,,,,YES,,plan_only,747283facac512780ad757313c493d1080c39705824e72c4b231e87ecb4102b5,"Appendix 10.4, row 65",CIPP priority-project line; plan values are not financing events
idn-cipp-hydro-066,IDN,idn-cipp-2023-cpr-mirror,hydro,priority,66,PLTA Buru (Kuota) Tersebar,Maluku-Papua-Nusa Tenggara,2025,12.0,MW,,,,NO,,plan_only,747283facac512780ad757313c493d1080c39705824e72c4b231e87ecb4102b5,"Appendix 10.4, row 66",CIPP priority-project line; plan values are not financing events
idn-cipp-hydro-067,IDN,idn-cipp-2023-cpr-mirror,hydro,priority,67,PLTA Baliem (Bendung PUPR),Maluku-Papua-Nusa Tenggara,2028,10.0,MW,,,,YES,,plan_only,747283facac512780ad757313c493d1080c39705824e72c4b231e87ecb4102b5,"Appendix 10.4, row 67",CIPP priority-project line; plan values are not financing events
idn-cipp-hydro-068,IDN,idn-cipp-2023-cpr-mirror,hydro,priority,68,PLTA Hidro Sumatra (kuota) tersebar*,Sumatra,2024,10.0,MW,,,,YES,,plan_only,747283facac512780ad757313c493d1080c39705824e72c4b231e87ecb4102b5,"Appendix 10.4, row 68",CIPP priority-project line; plan values are not financing events
idn-cipp-hydro-069,IDN,idn-cipp-2023-cpr-mirror,hydro,priority,69,PLTM Batang Toru 4,Sumatra,2024,10.0,MW,,,,YES,,plan_only,747283facac512780ad757313c493d1080c39705824e72c4b231e87ecb4102b5,"Appendix 10.4, row 69",CIPP priority-project line; plan values are not financing events
idn-cipp-hydro-070,IDN,idn-cipp-2023-cpr-mirror,hydro,priority,70,PLTM Ketaun 3,Sumatra,2024,10.0,MW,,,,NO,,plan_only,747283facac512780ad757313c493d1080c39705824e72c4b231e87ecb4102b5,"Appendix 10.4, row 70",CIPP priority-project line; plan values are not financing events
idn-cipp-hydro-071,IDN,idn-cipp-2023-cpr-mirror,hydro,priority,71,PLTM Koro Yaentu,Sulawesi,2024,10.0,MW,,,,YES,,plan_only,747283facac512780ad757313c493d1080c39705824e72c4b231e87ecb4102b5,"Appendix 10.4, row 71",CIPP priority-project line; plan values are not financing events
idn-cipp-hydro-072,IDN,idn-cipp-2023-cpr-mirror,hydro,priority,72,PLTM NTB (Kuota) Tersebar,Maluku-Papua-Nusa Tenggara,2030,10.0,MW,,,,NO,,plan_only,747283facac512780ad757313c493d1080c39705824e72c4b231e87ecb4102b5,"Appendix 10.4, row 72",CIPP priority-project line; plan values are not financing events
idn-cipp-hydro-073,IDN,idn-cipp-2023-cpr-mirror,hydro,priority,73,PLTM Ordi Hulu,Sumatra,2024,10.0,MW,,,,YES,,plan_only,747283facac512780ad757313c493d1080c39705824e72c4b231e87ecb4102b5,"Appendix 10.4, row 73",CIPP priority-project line; plan values are not financing events
idn-cipp-hydro-074,IDN,idn-cipp-2023-cpr-mirror,hydro,priority,74,PLTM Sulbagut (Kuota) Tersebar,Sulawesi,2024,10.0,MW,,,,YES,,plan_only,747283facac512780ad757313c493d1080c39705824e72c4b231e87ecb4102b5,"Appendix 10.4, row 74",CIPP priority-project line; plan values are not financing events
idn-cipp-hydro-075,IDN,idn-cipp-2023-cpr-mirror,hydro,priority,75,PLTM Sulbagut (Kuota) Tersebar,Sulawesi,2024,10.0,MW,,,,YES,,plan_only,747283facac512780ad757313c493d1080c39705824e72c4b231e87ecb4102b5,"Appendix 10.4, row 75",CIPP priority-project line; plan values are not financing events
idn-cipp-hydro-076,IDN,idn-cipp-2023-cpr-mirror,hydro,priority,76,PLTM Sisira,Sumatra,2024,9.8,MW,,,,YES,,plan_only,747283facac512780ad757313c493d1080c39705824e72c4b231e87ecb4102b5,"Appendix 10.4, row 76",CIPP priority-project line; plan values are not financing events
idn-cipp-hydro-077,IDN,idn-cipp-2023-cpr-mirror,hydro,priority,77,PLTM Khatulistiwa (Kuota) Tersebar,Kalimantan,2024,9.0,MW,,,,YES,,plan_only,747283facac512780ad757313c493d1080c39705824e72c4b231e87ecb4102b5,"Appendix 10.4, row 77",CIPP priority-project line; plan values are not financing events
idn-cipp-hydro-078,IDN,idn-cipp-2023-cpr-mirror,hydro,priority,78,PLTM Minihidro (Kuota) Tersebar*,Sumatra,2024,8.8,MW,,,,YES,,plan_only,747283facac512780ad757313c493d1080c39705824e72c4b231e87ecb4102b5,"Appendix 10.4, row 78",CIPP priority-project line; plan values are not financing events
idn-cipp-hydro-079,IDN,idn-cipp-2023-cpr-mirror,hydro,priority,79,PLTM Sidikalang-1,Sumatra,2024,8.6,MW,,,,YES,,plan_only,747283facac512780ad757313c493d1080c39705824e72c4b231e87ecb4102b5,"Appendix 10.4, row 79",CIPP priority-project line; plan values are not financing events
idn-cipp-hydro-080,IDN,idn-cipp-2023-cpr-mirror,hydro,priority,80,PLTA Sawangan,Sulawesi,2024,8.3,MW,,,,YES,,plan_only,747283facac512780ad757313c493d1080c39705824e72c4b231e87ecb4102b5,"Appendix 10.4, row 80",CIPP priority-project line; plan values are not financing events
idn-cipp-hydro-081,IDN,idn-cipp-2023-cpr-mirror,hydro,priority,81,PLTA Sawangan,Sulawesi,2024,8.3,MW,,,,YES,,plan_only,747283facac512780ad757313c493d1080c39705824e72c4b231e87ecb4102b5,"Appendix 10.4, row 81",CIPP priority-project line; plan values are not financing events
idn-cipp-hydro-082,IDN,idn-cipp-2023-cpr-mirror,hydro,priority,82,PLTM Sulbagut (Kuota) Tersebar,Sulawesi,2024,8.3,MW,,,,YES,,plan_only,747283facac512780ad757313c493d1080c39705824e72c4b231e87ecb4102b5,"Appendix 10.4, row 82",CIPP priority-project line; plan values are not financing events
idn-cipp-hydro-083,IDN,idn-cipp-2023-cpr-mirror,hydro,priority,83,PLTM Aek Tomuan-1,Sumatra,2024,8.0,MW,,,,YES,,plan_only,747283facac512780ad757313c493d1080c39705824e72c4b231e87ecb4102b5,"Appendix 10.4, row 83",CIPP priority-project line; plan values are not financing events
idn-cipp-hydro-084,IDN,idn-cipp-2023-cpr-mirror,hydro,priority,84,PLTM Simonggo,Sumatra,2024,8.0,MW,,,,NO,,plan_only,747283facac512780ad757313c493d1080c39705824e72c4b231e87ecb4102b5,"Appendix 10.4, row 84",CIPP priority-project line; plan values are not financing events
idn-cipp-hydro-085,IDN,idn-cipp-2023-cpr-mirror,hydro,priority,85,PLTM Seram (Kuota) Tersebar,Maluku-Papua-Nusa Tenggara,2025,7.8,MW,,,,YES,,plan_only,747283facac512780ad757313c493d1080c39705824e72c4b231e87ecb4102b5,"Appendix 10.4, row 85",CIPP priority-project line; plan values are not financing events
idn-cipp-hydro-086,IDN,idn-cipp-2023-cpr-mirror,hydro,priority,86,PLTM Sumpur,Sumatra,2024,7.6,MW,,,,NO,,plan_only,747283facac512780ad757313c493d1080c39705824e72c4b231e87ecb4102b5,"Appendix 10.4, row 86",CIPP priority-project line; plan values are not financing events
idn-cipp-hydro-087,IDN,idn-cipp-2023-cpr-mirror,hydro,priority,87,PLTM Aek Situmandi,Sumatra,2024,7.5,MW,,,,NO,,plan_only,747283facac512780ad757313c493d1080c39705824e72c4b231e87ecb4102b5,"Appendix 10.4, row 87",CIPP priority-project line; plan values are not financing events
idn-cipp-hydro-088,IDN,idn-cipp-2023-cpr-mirror,hydro,priority,88,PLTM Batang Toru 1,Sumatra,2024,7.5,MW,,,,YES,,plan_only,747283facac512780ad757313c493d1080c39705824e72c4b231e87ecb4102b5,"Appendix 10.4, row 88",CIPP priority-project line; plan values are not financing events
idn-cipp-hydro-089,IDN,idn-cipp-2023-cpr-mirror,hydro,priority,89,PLTM Batang Toru 5,Sumatra,2024,7.5,MW,,,,YES,,plan_only,747283facac512780ad757313c493d1080c39705824e72c4b231e87ecb4102b5,"Appendix 10.4, row 89",CIPP priority-project line; plan values are not financing events
idn-cipp-hydro-090,IDN,idn-cipp-2023-cpr-mirror,hydro,priority,90,PLTM Sulbagsel (Kuota) Tersebar,Sulawesi,2024,7.4,MW,,,,YES,,plan_only,747283facac512780ad757313c493d1080c39705824e72c4b231e87ecb4102b5,"Appendix 10.4, row 90",CIPP priority-project line; plan values are not financing events
idn-cipp-hydro-091,IDN,idn-cipp-2023-cpr-mirror,hydro,priority,91,PLTM Alur Cincin,Sumatra,2024,7.2,MW,,,,NO,,plan_only,747283facac512780ad757313c493d1080c39705824e72c4b231e87ecb4102b5,"Appendix 10.4, row 91",CIPP priority-project line; plan values are not financing events
idn-cipp-hydro-092,IDN,idn-cipp-2023-cpr-mirror,hydro,priority,92,PLTM Raisan Hutadolok,Sumatra,2024,7.0,MW,,,,YES,,plan_only,747283facac512780ad757313c493d1080c39705824e72c4b231e87ecb4102b5,"Appendix 10.4, row 92",CIPP priority-project line; plan values are not financing events
idn-cipp-hydro-093,IDN,idn-cipp-2023-cpr-mirror,hydro,priority,93,PLTM Raisan Nagatimbul,Sumatra,2024,7.0,MW,,,,YES,,plan_only,747283facac512780ad757313c493d1080c39705824e72c4b231e87ecb4102b5,"Appendix 10.4, row 93",CIPP priority-project line; plan values are not financing events
idn-cipp-hydro-094,IDN,idn-cipp-2023-cpr-mirror,hydro,priority,94,PLTM Sukarame,Sumatra,2024,7.0,MW,,,,NO,,plan_only,747283facac512780ad757313c493d1080c39705824e72c4b231e87ecb4102b5,"Appendix 10.4, row 94",CIPP priority-project line; plan values are not financing events
idn-cipp-hydro-095,IDN,idn-cipp-2023-cpr-mirror,hydro,priority,95,PLTM Sumbawa-Bima (Kuota) Tersebar,Maluku-Papua-Nusa Tenggara,2024,7.0,MW,,,,YES,,plan_only,747283facac512780ad757313c493d1080c39705824e72c4b231e87ecb4102b5,"Appendix 10.4, row 95",CIPP priority-project line; plan values are not financing events
idn-cipp-hydro-096,IDN,idn-cipp-2023-cpr-mirror,hydro,priority,96,PLTM Kalibumi I,Maluku-Papua-Nusa Tenggara,2024,6.4,MW,,,,YES,,plan_only,747283facac512780ad757313c493d1080c39705824e72c4b231e87ecb4102b5,"Appendix 10.4, row 96",CIPP priority-project line; plan values are not financing events
idn-cipp-hydro-097,IDN,idn-cipp-2023-cpr-mirror,hydro,priority,97,PLTM Tuik,Sumatra,2024,6.3,MW,,,,NO,,plan_only,747283facac512780ad757313c493d1080c39705824e72c4b231e87ecb4102b5,"Appendix 10.4, row 97",CIPP priority-project line; plan values are not financing events
idn-cipp-hydro-098,IDN,idn-cipp-2023-cpr-mirror,hydro,priority,98,PLTM Bayang Nyalo,Sumatra,2024,6.0,MW,,,,NO,,plan_only,747283facac512780ad757313c493d1080c39705824e72c4b231e87ecb4102b5,"Appendix 10.4, row 98",CIPP priority-project line; plan values are not financing events
idn-cipp-hydro-099,IDN,idn-cipp-2023-cpr-mirror,hydro,priority,99,PLTM Cascade Walesi,Maluku-Papua-Nusa Tenggara,2024,6.0,MW,,,,YES,,plan_only,747283facac512780ad757313c493d1080c39705824e72c4b231e87ecb4102b5,"Appendix 10.4, row 99",CIPP priority-project line; plan values are not financing events
idn-cipp-hydro-100,IDN,idn-cipp-2023-cpr-mirror,hydro,priority,100,PLTM Sumber Jaya,Sumatra,2024,6.0,MW,,,,NO,,plan_only,747283facac512780ad757313c493d1080c39705824e72c4b231e87ecb4102b5,"Appendix 10.4, row 100",CIPP priority-project line; plan values are not financing events
idn-cipp-hydro-101,IDN,idn-cipp-2023-cpr-mirror,hydro,priority,101,PLTM Tongar,Sumatra,2024,6.0,MW,,,,NO,,plan_only,747283facac512780ad757313c493d1080c39705824e72c4b231e87ecb4102b5,"Appendix 10.4, row 101",CIPP priority-project line; plan values are not financing events
idn-cipp-hydro-102,IDN,idn-cipp-2023-cpr-mirror,hydro,priority,102,PLTM Alani,Sulawesi,2026,5.6,MW,,,,YES,,plan_only,747283facac512780ad757313c493d1080c39705824e72c4b231e87ecb4102b5,"Appendix 10.4, row 102",CIPP priority-project line; plan values are not financing events
idn-cipp-hydro-103,IDN,idn-cipp-2023-cpr-mirror,hydro,priority,103,PLTM Kukusan 2,Sumatra,2024,5.4,MW,,,,NO,,plan_only,747283facac512780ad757313c493d1080c39705824e72c4b231e87ecb4102b5,"Appendix 10.4, row 103",CIPP priority-project line; plan values are not financing events
idn-cipp-hydro-104,IDN,idn-cipp-2023-cpr-mirror,hydro,priority,104,PLTM Bendungan PU Batanghari,Sumatra,2024,5.0,MW,,,,NO,,plan_only,747283facac512780ad757313c493d1080c39705824e72c4b231e87ecb4102b5,"Appendix 10.4, row 104",CIPP priority-project line; plan values are not financing events
idn-cipp-hydro-105,IDN,idn-cipp-2023-cpr-mirror,hydro,priority,105,PLTM Flores,Maluku-Papua-Nusa Tenggara,2024,5.0,MW,,,,NO,,plan_only,747283facac512780ad757313c493d1080c39705824e72c4b231e87ecb4102b5,"Appendix 10.4, row 105",CIPP priority-project line; plan values are not financing events
idn-cipp-hydro-106,IDN,idn-cipp-2023-cpr-mirror,hydro,priority,106,PLTM Kanzy 3,Sumatra,2024,5.0,MW,,,,YES,,plan_only,747283facac512780ad757313c493d1080c39705824e72c4b231e87ecb4102b5,"Appendix 10.4, row 106",CIPP priority-project line; plan values are not financing events
idn-cipp-hydro-107,IDN,idn-cipp-2023-cpr-mirror,hydro,priority,107,PLTM Sumba,Maluku-Papua-Nusa Tenggara,2024,5.0,MW,,,,NO,,plan_only,747283facac512780ad757313c493d1080c39705824e72c4b231e87ecb4102b5,"Appendix 10.4, row 107",CIPP priority-project line; plan values are not financing events
idn-cipp-hydro-108,IDN,idn-cipp-2023-cpr-mirror,hydro,priority,108,PLTM Warnasi Warkapi,Maluku-Papua-Nusa Tenggara,2024,4.6,MW,,,,YES,,plan_only,747283facac512780ad757313c493d1080c39705824e72c4b231e87ecb4102b5,"Appendix 10.4, row 108",CIPP priority-project line; plan values are not financing events
idn-cipp-hydro-109,IDN,idn-cipp-2023-cpr-mirror,hydro,priority,109,PLTM Pantan Cuaca,Sumatra,2024,4.5,MW,,,,NO,,plan_only,747283facac512780ad757313c493d1080c39705824e72c4b231e87ecb4102b5,"Appendix 10.4, row 109",CIPP priority-project line; plan values are not financing events
idn-cipp-hydro-110,IDN,idn-cipp-2023-cpr-mirror,hydro,priority,110,PLTM Rabi Jonggor,Sumatra,2024,4.5,MW,,,,NO,,plan_only,747283facac512780ad757313c493d1080c39705824e72c4b231e87ecb4102b5,"Appendix 10.4, row 110",CIPP priority-project line; plan values are not financing events
idn-cipp-hydro-111,IDN,idn-cipp-2023-cpr-mirror,hydro,priority,111,PLTM Nua (Masohi),Maluku-Papua-Nusa Tenggara,2024,4.4,MW,,,,YES,,plan_only,747283facac512780ad757313c493d1080c39705824e72c4b231e87ecb4102b5,"Appendix 10.4, row 111",CIPP priority-project line; plan values are not financing events
idn-cipp-hydro-112,IDN,idn-cipp-2023-cpr-mirror,hydro,priority,112,PLTM Nua (Masohi),Maluku-Papua-Nusa Tenggara,2024,4.4,MW,,,,YES,,plan_only,747283facac512780ad757313c493d1080c39705824e72c4b231e87ecb4102b5,"Appendix 10.4, row 112",CIPP priority-project line; plan values are not financing events
idn-cipp-hydro-113,IDN,idn-cipp-2023-cpr-mirror,hydro,priority,113,PLTM Mamberamo Raya,Maluku-Papua-Nusa Tenggara,2025,4.0,MW,,,,YES,,plan_only,747283facac512780ad757313c493d1080c39705824e72c4b231e87ecb4102b5,"Appendix 10.4, row 113",CIPP priority-project line; plan values are not financing events
idn-cipp-hydro-114,IDN,idn-cipp-2023-cpr-mirror,hydro,priority,114,PLTM Sumbawa-Bima (Kuota) Tersebar,Maluku-Papua-Nusa Tenggara,2024,3.8,MW,,,,YES,,plan_only,747283facac512780ad757313c493d1080c39705824e72c4b231e87ecb4102b5,"Appendix 10.4, row 114",CIPP priority-project line; plan values are not financing events
idn-cipp-hydro-115,IDN,idn-cipp-2023-cpr-mirror,hydro,priority,115,PLTM Walesi Blok II,Maluku-Papua-Nusa Tenggara,2024,3.8,MW,,,,YES,,plan_only,747283facac512780ad757313c493d1080c39705824e72c4b231e87ecb4102b5,"Appendix 10.4, row 115",CIPP priority-project line; plan values are not financing events
idn-cipp-hydro-116,IDN,idn-cipp-2023-cpr-mirror,hydro,priority,116,PLTM Dominanga,Sulawesi,2024,3.5,MW,,,,NO,,plan_only,747283facac512780ad757313c493d1080c39705824e72c4b231e87ecb4102b5,"Appendix 10.4, row 116",CIPP priority-project line; plan values are not financing events
idn-cipp-hydro-117,IDN,idn-cipp-2023-cpr-mirror,hydro,priority,117,PLTM Java-Bali (Kuota) Tersebar,Java-Madura-Bali,2024,3.2,MW,,,,YES,,plan_only,747283facac512780ad757313c493d1080c39705824e72c4b231e87ecb4102b5,"Appendix 10.4, row 117",CIPP priority-project line; plan values are not financing events
idn-cipp-hydro-118,IDN,idn-cipp-2023-cpr-mirror,hydro,priority,118,PLTM Tarusan,Sumatra,2024,3.2,MW,,,,NO,,plan_only,747283facac512780ad757313c493d1080c39705824e72c4b231e87ecb4102b5,"Appendix 10.4, row 118",CIPP priority-project line; plan values are not financing events
idn-cipp-hydro-119,IDN,idn-cipp-2023-cpr-mirror,hydro,priority,119,PLTA Wai Tina,Maluku-Papua-Nusa Tenggara,2026,3.0,MW,,,,YES,,plan_only,747283facac512780ad757313c493d1080c39705824e72c4b231e87ecb4102b5,"Appendix 10.4, row 119",CIPP priority-project line; plan values are not financing events
idn-cipp-hydro-120,IDN,idn-cipp-2023-cpr-mirror,hydro,priority,120,PLTA Wai Tina,Maluku-Papua-Nusa Tenggara,2026,3.0,MW,,,,YES,,plan_only,747283facac512780ad757313c493d1080c39705824e72c4b231e87ecb4102b5,"Appendix 10.4, row 120",CIPP priority-project line; plan values are not financing events
idn-cipp-hydro-121,IDN,idn-cipp-2023-cpr-mirror,hydro,priority,121,PLTA Wai Tina,Maluku-Papua-Nusa Tenggara,2026,3.0,MW,,,,YES,,plan_only,747283facac512780ad757313c493d1080c39705824e72c4b231e87ecb4102b5,"Appendix 10.4, row 121",CIPP priority-project line; plan values are not financing events
idn-cipp-hydro-122,IDN,idn-cipp-2023-cpr-mirror,hydro,priority,122,PLTA Wai Tina,Maluku-Papua-Nusa Tenggara,2026,3.0,MW,,,,YES,,plan_only,747283facac512780ad757313c493d1080c39705824e72c4b231e87ecb4102b5,"Appendix 10.4, row 122",CIPP priority-project line; plan values are not financing events
idn-cipp-hydro-123,IDN,idn-cipp-2023-cpr-mirror,hydro,priority,123,PLTM Digoel,Maluku-Papua-Nusa Tenggara,2025,3.0,MW,,,,YES,,plan_only,747283facac512780ad757313c493d1080c39705824e72c4b231e87ecb4102b5,"Appendix 10.4, row 123",CIPP priority-project line; plan values are not financing events
idn-cipp-hydro-124,IDN,idn-cipp-2023-cpr-mirror,hydro,priority,124,PLTM Muara Sako,Sumatra,2024,3.0,MW,,,,NO,,plan_only,747283facac512780ad757313c493d1080c39705824e72c4b231e87ecb4102b5,"Appendix 10.4, row 124",CIPP priority-project line; plan values are not financing events
idn-cipp-hydro-125,IDN,idn-cipp-2023-cpr-mirror,hydro,priority,125,PLTM Wabudori,Maluku-Papua-Nusa Tenggara,2025,3.0,MW,,,,YES,,plan_only,747283facac512780ad757313c493d1080c39705824e72c4b231e87ecb4102b5,"Appendix 10.4, row 125",CIPP priority-project line; plan values are not financing events
idn-cipp-hydro-126,IDN,idn-cipp-2023-cpr-mirror,hydro,priority,126,PLTM Lapai 1,Sulawesi,2024,2.7,MW,,,,NO,,plan_only,747283facac512780ad757313c493d1080c39705824e72c4b231e87ecb4102b5,"Appendix 10.4, row 126",CIPP priority-project line; plan values are not financing events
idn-cipp-hydro-127,IDN,idn-cipp-2023-cpr-mirror,hydro,priority,127,PLTM Lapai 1,Sulawesi,2024,2.7,MW,,,,NO,,plan_only,747283facac512780ad757313c493d1080c39705824e72c4b231e87ecb4102b5,"Appendix 10.4, row 127",CIPP priority-project line; plan values are not financing events
idn-cipp-hydro-128,IDN,idn-cipp-2023-cpr-mirror,hydro,priority,128,PLTM Lombok (Kuota) Tersebar,Maluku-Papua-Nusa Tenggara,2024,2.6,MW,,,,YES,,plan_only,747283facac512780ad757313c493d1080c39705824e72c4b231e87ecb4102b5,"Appendix 10.4, row 128",CIPP priority-project line; plan values are not financing events
idn-cipp-hydro-129,IDN,idn-cipp-2023-cpr-mirror,hydro,priority,129,PLTM Sumbawa-Bima (Kuota) Tersebar,Maluku-Papua-Nusa Tenggara,2024,2.5,MW,,,,YES,,plan_only,747283facac512780ad757313c493d1080c39705824e72c4b231e87ecb4102b5,"Appendix 10.4, row 129",CIPP priority-project line; plan values are not financing events
idn-cipp-hydro-130,IDN,idn-cipp-2023-cpr-mirror,hydro,priority,130,PLTM Koko Babak,Maluku-Papua-Nusa Tenggara,2024,2.3,MW,,,,NO,,plan_only,747283facac512780ad757313c493d1080c39705824e72c4b231e87ecb4102b5,"Appendix 10.4, row 130",CIPP priority-project line; plan values are not financing events
idn-cipp-hydro-131,IDN,idn-cipp-2023-cpr-mirror,hydro,priority,131,PLTM Way Meleson 2,Sumatra,2024,2.3,MW,,,,NO,,plan_only,747283facac512780ad757313c493d1080c39705824e72c4b231e87ecb4102b5,"Appendix 10.4, row 131",CIPP priority-project line; plan values are not financing events
idn-cipp-hydro-132,IDN,idn-cipp-2023-cpr-mirror,hydro,priority,132,PLTM Aek Pungga,Sumatra,2024,2.0,MW,,,,YES,,plan_only,747283facac512780ad757313c493d1080c39705824e72c4b231e87ecb4102b5,"Appendix 10.4, row 132",CIPP priority-project line; plan values are not financing events
idn-cipp-hydro-133,IDN,idn-cipp-2023-cpr-mirror,hydro,priority,133,PLTM Biak I,Sulawesi,2024,2.0,MW,,,,YES,,plan_only,747283facac512780ad757313c493d1080c39705824e72c4b231e87ecb4102b5,"Appendix 10.4, row 133",CIPP priority-project line; plan values are not financing events
idn-cipp-hydro-134,IDN,idn-cipp-2023-cpr-mirror,hydro,priority,134,PLTM Iya,Sulawesi,2025,2.0,MW,,,,YES,,plan_only,747283facac512780ad757313c493d1080c39705824e72c4b231e87ecb4102b5,"Appendix 10.4, row 134",CIPP priority-project line; plan values are not financing events
idn-cipp-hydro-135,IDN,idn-cipp-2023-cpr-mirror,hydro,priority,135,PLTM Lapai 2,Sulawesi,2024,2.0,MW,,,,NO,,plan_only,747283facac512780ad757313c493d1080c39705824e72c4b231e87ecb4102b5,"Appendix 10.4, row 135",CIPP priority-project line; plan values are not financing events
idn-cipp-hydro-136,IDN,idn-cipp-2023-cpr-mirror,hydro,priority,136,PLTM Lapai 2,Sulawesi,2024,2.0,MW,,,,NO,,plan_only,747283facac512780ad757313c493d1080c39705824e72c4b231e87ecb4102b5,"Appendix 10.4, row 136",CIPP priority-project line; plan values are not financing events
idn-cipp-hydro-137,IDN,idn-cipp-2023-cpr-mirror,hydro,priority,137,PLTM Sumba (Kuota) Tersebar,Maluku-Papua-Nusa Tenggara,2024,2.0,MW,,,,NO,,plan_only,747283facac512780ad757313c493d1080c39705824e72c4b231e87ecb4102b5,"Appendix 10.4, row 137",CIPP priority-project line; plan values are not financing events
idn-cipp-hydro-138,IDN,idn-cipp-2023-cpr-mirror,hydro,priority,138,PLTM Tepuai,Kalimantan,2024,2.0,MW,,,,YES,,plan_only,747283facac512780ad757313c493d1080c39705824e72c4b231e87ecb4102b5,"Appendix 10.4, row 138",CIPP priority-project line; plan values are not financing events
idn-cipp-hydro-139,IDN,idn-cipp-2023-cpr-mirror,hydro,priority,139,PLTM Wae Lega - Ruteng,Maluku-Papua-Nusa Tenggara,2024,1.8,MW,,,,NO,,plan_only,747283facac512780ad757313c493d1080c39705824e72c4b231e87ecb4102b5,"Appendix 10.4, row 139",CIPP priority-project line; plan values are not financing events
idn-cipp-hydro-140,IDN,idn-cipp-2023-cpr-mirror,hydro,priority,140,PLTM Sumba (Kuota) Tersebar,Maluku-Papua-Nusa Tenggara,2024,1.6,MW,,,,NO,,plan_only,747283facac512780ad757313c493d1080c39705824e72c4b231e87ecb4102b5,"Appendix 10.4, row 140",CIPP priority-project line; plan values are not financing events
idn-cipp-hydro-141,IDN,idn-cipp-2023-cpr-mirror,hydro,priority,141,PLTM Tras,Sumatra,2024,1.6,MW,,,,NO,,plan_only,747283facac512780ad757313c493d1080c39705824e72c4b231e87ecb4102b5,"Appendix 10.4, row 141",CIPP priority-project line; plan values are not financing events
idn-cipp-hydro-142,IDN,idn-cipp-2023-cpr-mirror,hydro,priority,142,PLTM Uwe,Maluku-Papua-Nusa Tenggara,2024,1.5,MW,,,,YES,,plan_only,747283facac512780ad757313c493d1080c39705824e72c4b231e87ecb4102b5,"Appendix 10.4, row 142",CIPP priority-project line; plan values are not financing events
idn-cipp-hydro-143,IDN,idn-cipp-2023-cpr-mirror,hydro,priority,143,PLTM Lombok (Kuota) Tersebar,Maluku-Papua-Nusa Tenggara,2024,1.4,MW,,,,YES,,plan_only,747283facac512780ad757313c493d1080c39705824e72c4b231e87ecb4102b5,"Appendix 10.4, row 143",CIPP priority-project line; plan values are not financing events
idn-cipp-hydro-144,IDN,idn-cipp-2023-cpr-mirror,hydro,priority,144,PLTM Riorita,Sulawesi,2024,1.3,MW,,,,NO,,plan_only,747283facac512780ad757313c493d1080c39705824e72c4b231e87ecb4102b5,"Appendix 10.4, row 144",CIPP priority-project line; plan values are not financing events
idn-cipp-hydro-145,IDN,idn-cipp-2023-cpr-mirror,hydro,priority,145,PLTM Riorita,Sulawesi,2024,1.3,MW,,,,NO,,plan_only,747283facac512780ad757313c493d1080c39705824e72c4b231e87ecb4102b5,"Appendix 10.4, row 145",CIPP priority-project line; plan values are not financing events
idn-cipp-hydro-146,IDN,idn-cipp-2023-cpr-mirror,hydro,priority,146,PLTM Waigo,Maluku-Papua-Nusa Tenggara,2026,1.3,MW,,,,YES,,plan_only,747283facac512780ad757313c493d1080c39705824e72c4b231e87ecb4102b5,"Appendix 10.4, row 146",CIPP priority-project line; plan values are not financing events
idn-cipp-hydro-147,IDN,idn-cipp-2023-cpr-mirror,hydro,priority,147,PLTM Halulai,Sulawesi,2024,1.2,MW,,,,YES,,plan_only,747283facac512780ad757313c493d1080c39705824e72c4b231e87ecb4102b5,"Appendix 10.4, row 147",CIPP priority-project line; plan values are not financing events
idn-cipp-hydro-148,IDN,idn-cipp-2023-cpr-mirror,hydro,priority,148,PLTM Amai,Maluku-Papua-Nusa Tenggara,2024,1.1,MW,,,,YES,,plan_only,747283facac512780ad757313c493d1080c39705824e72c4b231e87ecb4102b5,"Appendix 10.4, row 148",CIPP priority-project line; plan values are not financing events
idn-cipp-hydro-149,IDN,idn-cipp-2023-cpr-mirror,hydro,priority,149,PLTM Wae Mala,Maluku-Papua-Nusa Tenggara,2025,1.1,MW,,,,YES,,plan_only,747283facac512780ad757313c493d1080c39705824e72c4b231e87ecb4102b5,"Appendix 10.4, row 149",CIPP priority-project line; plan values are not financing events
idn-cipp-hydro-150,IDN,idn-cipp-2023-cpr-mirror,hydro,priority,150,PLTM Biak II,Sulawesi,2024,1.0,MW,,,,YES,,plan_only,747283facac512780ad757313c493d1080c39705824e72c4b231e87ecb4102b5,"Appendix 10.4, row 150",CIPP priority-project line; plan values are not financing events
idn-cipp-hydro-151,IDN,idn-cipp-2023-cpr-mirror,hydro,priority,151,PLTM Biak III,Sulawesi,2024,1.0,MW,,,,YES,,plan_only,747283facac512780ad757313c493d1080c39705824e72c4b231e87ecb4102b5,"Appendix 10.4, row 151",CIPP priority-project line; plan values are not financing events
idn-cipp-hydro-152,IDN,idn-cipp-2023-cpr-mirror,hydro,priority,152,PLTM Lombok (Kuota) Tersebar,Maluku-Papua-Nusa Tenggara,2024,0.6,MW,,,,YES,,plan_only,747283facac512780ad757313c493d1080c39705824e72c4b231e87ecb4102b5,"Appendix 10.4, row 152",CIPP priority-project line; plan values are not financing events
idn-cipp-hydro-153,IDN,idn-cipp-2023-cpr-mirror,hydro,priority,153,PLTM Pandanduri,Maluku-Papua-Nusa Tenggara,2024,0.6,MW,,,,NO,,plan_only,747283facac512780ad757313c493d1080c39705824e72c4b231e87ecb4102b5,"Appendix 10.4, row 153",CIPP priority-project line; plan values are not financing events
idn-cipp-hydro-154,IDN,idn-cipp-2023-cpr-mirror,hydro,priority,154,PLTM Lombok (Kuota) Tersebar,Maluku-Papua-Nusa Tenggara,2024,0.5,MW,,,,YES,,plan_only,747283facac512780ad757313c493d1080c39705824e72c4b231e87ecb4102b5,"Appendix 10.4, row 154",CIPP priority-project line; plan values are not financing events
idn-cipp-hydro-155,IDN,idn-cipp-2023-cpr-mirror,hydro,priority,155,PLTM Lombok (Kuota) Tersebar,Maluku-Papua-Nusa Tenggara,2024,0.5,MW,,,,YES,,plan_only,747283facac512780ad757313c493d1080c39705824e72c4b231e87ecb4102b5,"Appendix 10.4, row 155",CIPP priority-project line; plan values are not financing events
idn-cipp-hydro-156,IDN,idn-cipp-2023-cpr-mirror,hydro,priority,156,PLTM Lombok (Kuota) Tersebar,Maluku-Papua-Nusa Tenggara,2024,0.3,MW,,,,YES,,plan_only,747283facac512780ad757313c493d1080c39705824e72c4b231e87ecb4102b5,"Appendix 10.4, row 156",CIPP priority-project line; plan values are not financing events
idn-cipp-hydro-157,IDN,idn-cipp-2023-cpr-mirror,hydro,priority,157,PLTA (PS) Jatiluhur,Java-Madura-Bali,TBD,760.0,MW,,,,NO,,plan_only,747283facac512780ad757313c493d1080c39705824e72c4b231e87ecb4102b5,"Appendix 10.4, row 157",CIPP priority-project line; plan values are not financing events
idn-cipp-hydro-158,IDN,idn-cipp-2023-cpr-mirror,hydro,priority,158,PLTA (PS) Matenggeng,Java-Madura-Bali,TBD,943.2,MW,,,,YES,,plan_only,747283facac512780ad757313c493d1080c39705824e72c4b231e87ecb4102b5,"Appendix 10.4, row 158",CIPP priority-project line; plan values are not financing events
idn-cipp-solar-001,IDN,idn-cipp-2023-cpr-mirror,solar,priority,1,PLTS+BESS Dediesel,Indonesia,2024,550.0,MW,,,,YES,,plan_only,747283facac512780ad757313c493d1080c39705824e72c4b231e87ecb4102b5,"Appendix 10.6, row 1",CIPP priority-project line; plan values are not financing events
idn-cipp-solar-002,IDN,idn-cipp-2023-cpr-mirror,solar,priority,2,PLTS Java-Bali (Kuota) Tersebar,Java-Madura-Bali,2024,140.0,MW,,,,YES,,plan_only,747283facac512780ad757313c493d1080c39705824e72c4b231e87ecb4102b5,"Appendix 10.6, row 2",CIPP priority-project line; plan values are not financing events
idn-cipp-solar-003,IDN,idn-cipp-2023-cpr-mirror,solar,priority,3,PLTS Sutami / Karangkates,Java-Madura-Bali,2024,100.0,MW,,,,NO,idn-pipe-sutami-floating-solar,matched,747283facac512780ad757313c493d1080c39705824e72c4b231e87ecb4102b5,"Appendix 10.6, row 3",CIPP priority-project line; plan values are not financing events
idn-cipp-solar-004,IDN,idn-cipp-2023-cpr-mirror,solar,priority,4,PLTS Java-Bali (Kuota) Tersebar,Java-Madura-Bali,2024,100.0,MW,,,,YES,,plan_only,747283facac512780ad757313c493d1080c39705824e72c4b231e87ecb4102b5,"Appendix 10.6, row 4",CIPP priority-project line; plan values are not financing events
idn-cipp-solar-005,IDN,idn-cipp-2023-cpr-mirror,solar,priority,5,PLTS Java-Bali (Kuota) Tersebar,Java-Madura-Bali,2024,100.0,MW,,,,YES,,plan_only,747283facac512780ad757313c493d1080c39705824e72c4b231e87ecb4102b5,"Appendix 10.6, row 5",CIPP priority-project line; plan values are not financing events
idn-cipp-solar-006,IDN,idn-cipp-2023-cpr-mirror,solar,priority,6,PLTS Indramayu,Java-Madura-Bali,2024,100.0,MW,,,,NO,,plan_only,747283facac512780ad757313c493d1080c39705824e72c4b231e87ecb4102b5,"Appendix 10.6, row 6",CIPP priority-project line; plan values are not financing events
idn-cipp-solar-007,IDN,idn-cipp-2023-cpr-mirror,solar,priority,7,PLTS Java-Bali (Kuota) Tersebar,Java-Madura-Bali,2024,80.0,MW,,,,YES,,plan_only,747283facac512780ad757313c493d1080c39705824e72c4b231e87ecb4102b5,"Appendix 10.6, row 7",CIPP priority-project line; plan values are not financing events
idn-cipp-solar-008,IDN,idn-cipp-2023-cpr-mirror,solar,priority,8,PLTS Java-Bali (Kuota) Tersebar,Java-Madura-Bali,2024,80.0,MW,,,,YES,,plan_only,747283facac512780ad757313c493d1080c39705824e72c4b231e87ecb4102b5,"Appendix 10.6, row 8",CIPP priority-project line; plan values are not financing events
idn-cipp-solar-009,IDN,idn-cipp-2023-cpr-mirror,solar,priority,9,PLTS Saguling,Java-Madura-Bali,2024,60.0,MW,,,,YES,idn-fin-saguling-floating-solar,matched,747283facac512780ad757313c493d1080c39705824e72c4b231e87ecb4102b5,"Appendix 10.6, row 9",CIPP priority-project line; plan values are not financing events
idn-cipp-solar-010,IDN,idn-cipp-2023-cpr-mirror,solar,priority,10,PLTS Singkarak,Sumatra,2024,50.0,MW,,,,NO,,plan_only,747283facac512780ad757313c493d1080c39705824e72c4b231e87ecb4102b5,"Appendix 10.6, row 10",CIPP priority-project line; plan values are not financing events
idn-cipp-solar-011,IDN,idn-cipp-2023-cpr-mirror,solar,priority,11,PLTS Waduk Jatiluhur,Jave-Madura-Bali,TBD,100.0,MW,,,,NO,,plan_only,747283facac512780ad757313c493d1080c39705824e72c4b231e87ecb4102b5,"Appendix 10.6, row 11",CIPP priority-project line; plan values are not financing events
idn-cipp-solar-012,IDN,idn-cipp-2023-cpr-mirror,solar,priority,12,PLTS Gajahmungkur (Hijaunesia),Jave-Madura-Bali,TBD,100.0,MW,,,,NO,,plan_only,747283facac512780ad757313c493d1080c39705824e72c4b231e87ecb4102b5,"Appendix 10.6, row 12",CIPP priority-project line; plan values are not financing events
idn-cipp-solar-013,IDN,idn-cipp-2023-cpr-mirror,solar,priority,13,PLTS Kedung Ombo (Hijaunesia),Java-Madura-Bali,2024,50.0,MW,,,,NO,,plan_only,747283facac512780ad757313c493d1080c39705824e72c4b231e87ecb4102b5,"Appendix 10.6, row 13",CIPP priority-project line; plan values are not financing events
idn-cipp-solar-014,IDN,idn-cipp-2023-cpr-mirror,solar,priority,14,PLTS Jatigede (Hijaunesia),Java-Madura-Bali,TBD,100.0,MW,,,,NO,,plan_only,747283facac512780ad757313c493d1080c39705824e72c4b231e87ecb4102b5,"Appendix 10.6, row 14",CIPP priority-project line; plan values are not financing events
idn-cipp-solar-015,IDN,idn-cipp-2023-cpr-mirror,solar,priority,15,PLTS Banyuwangi (Hijaunesia),Java-Madura-Bali,TBD,100.0,MW,,,,NO,,plan_only,747283facac512780ad757313c493d1080c39705824e72c4b231e87ecb4102b5,"Appendix 10.6, row 15",CIPP priority-project line; plan values are not financing events
idn-cipp-solar-016,IDN,idn-cipp-2023-cpr-mirror,solar,priority,16,PLTS Pasuruan (Hijaunesia),Java-Madura-Bali,TBD,100.0,MW,,,,NO,,plan_only,747283facac512780ad757313c493d1080c39705824e72c4b231e87ecb4102b5,"Appendix 10.6, row 16",CIPP priority-project line; plan values are not financing events
idn-cipp-solar-017,IDN,idn-cipp-2023-cpr-mirror,solar,priority,17,PLTS Banten (Hijaunesia),Java-Madura-Bali,TBD,80.0,MW,,,,NO,,plan_only,747283facac512780ad757313c493d1080c39705824e72c4b231e87ecb4102b5,"Appendix 10.6, row 17",CIPP priority-project line; plan values are not financing events
idn-cipp-solar-018,IDN,idn-cipp-2023-cpr-mirror,solar,priority,18,PLTS Jabar (Hijaunesia),Java-Madura-Bali,TBD,80.0,MW,,,,NO,,plan_only,747283facac512780ad757313c493d1080c39705824e72c4b231e87ecb4102b5,"Appendix 10.6, row 18",CIPP priority-project line; plan values are not financing events
idn-cipp-solar-019,IDN,idn-cipp-2023-cpr-mirror,solar,priority,19,PLTS Banjar (Hijaunesia),Java-Madura-Bali,TBD,100.0,MW,,,,NO,,plan_only,747283facac512780ad757313c493d1080c39705824e72c4b231e87ecb4102b5,"Appendix 10.6, row 19",CIPP priority-project line; plan values are not financing events
idn-cipp-solar-020,IDN,idn-cipp-2023-cpr-mirror,solar,priority,20,PLTS Jateng 1 (Hijaunesia),Java-Madura-Bali,TBD,90.0,MW,,,,NO,,plan_only,747283facac512780ad757313c493d1080c39705824e72c4b231e87ecb4102b5,"Appendix 10.6, row 20",CIPP priority-project line; plan values are not financing events
idn-cipp-solar-021,IDN,idn-cipp-2023-cpr-mirror,solar,priority,21,PLTS Jateng 2 (Hijaunesia),Java-Madura-Bali,TBD,50.0,MW,,,,NO,,plan_only,747283facac512780ad757313c493d1080c39705824e72c4b231e87ecb4102b5,"Appendix 10.6, row 21",CIPP priority-project line; plan values are not financing events
idn-cipp-solar-022,IDN,idn-cipp-2023-cpr-mirror,solar,priority,22,PLTS Guluk – Guluk (Hijaunesia),Java-Madura-Bali,TBD,50.0,MW,,,,NO,,plan_only,747283facac512780ad757313c493d1080c39705824e72c4b231e87ecb4102b5,"Appendix 10.6, row 22",CIPP priority-project line; plan values are not financing events
idn-cipp-solar-023,IDN,idn-cipp-2023-cpr-mirror,solar,priority,23,PLTS Buleleng (Hijaunesia),Java-Madura-Bali,TBD,50.0,MW,,,,NO,,plan_only,747283facac512780ad757313c493d1080c39705824e72c4b231e87ecb4102b5,"Appendix 10.6, row 23",CIPP priority-project line; plan values are not financing events
idn-cipp-solar-024,IDN,idn-cipp-2023-cpr-mirror,solar,priority,24,PLTS Banten,Java-Madura-Bali,2024,50.0,MW,,,,YES,,plan_only,747283facac512780ad757313c493d1080c39705824e72c4b231e87ecb4102b5,"Appendix 10.6, row 24",CIPP priority-project line; plan values are not financing events
idn-cipp-solar-025,IDN,idn-cipp-2023-cpr-mirror,solar,priority,25,PLTS Java-Bali (Kuota) Tersebar,Java-Madura-Bali,2024,50.0,MW,,,,YES,,plan_only,747283facac512780ad757313c493d1080c39705824e72c4b231e87ecb4102b5,"Appendix 10.6, row 25",CIPP priority-project line; plan values are not financing events
idn-cipp-solar-026,IDN,idn-cipp-2023-cpr-mirror,solar,priority,26,PLTS Dedieselisasi,Kalimantan,2024,44.2,MW,,,,YES,,plan_only,747283facac512780ad757313c493d1080c39705824e72c4b231e87ecb4102b5,"Appendix 10.6, row 26",CIPP priority-project line; plan values are not financing events
idn-cipp-solar-027,IDN,idn-cipp-2023-cpr-mirror,solar,priority,27,PLTS Dedieselisasi,Maluku-Papua-Nusa Tenggara,2024,40.1,MW,,,,YES,,plan_only,747283facac512780ad757313c493d1080c39705824e72c4b231e87ecb4102b5,"Appendix 10.6, row 27",CIPP priority-project line; plan values are not financing events
idn-cipp-solar-028,IDN,idn-cipp-2023-cpr-mirror,solar,priority,28,PLTS Java-Bali (Kuota) Tersebar,Java-Madura-Bali,2024,40.0,MW,,,,YES,,plan_only,747283facac512780ad757313c493d1080c39705824e72c4b231e87ecb4102b5,"Appendix 10.6, row 28",CIPP priority-project line; plan values are not financing events
idn-cipp-solar-029,IDN,idn-cipp-2023-cpr-mirror,solar,priority,29,PLTS Java-Bali (Kuota) Tersebar,Java-Madura-Bali,2024,40.0,MW,,,,YES,,plan_only,747283facac512780ad757313c493d1080c39705824e72c4b231e87ecb4102b5,"Appendix 10.6, row 29",CIPP priority-project line; plan values are not financing events
idn-cipp-solar-030,IDN,idn-cipp-2023-cpr-mirror,solar,priority,30,PLTS Java-Bali (Kuota) Tersebar,Java-Madura-Bali,2024,40.0,MW,,,,YES,,plan_only,747283facac512780ad757313c493d1080c39705824e72c4b231e87ecb4102b5,"Appendix 10.6, row 30",CIPP priority-project line; plan values are not financing events
idn-cipp-solar-031,IDN,idn-cipp-2023-cpr-mirror,solar,priority,31,PLTS Dedieselisasi,Maluku-Papua-Nusa Tenggara,2024,34.0,MW,,,,NO,,plan_only,747283facac512780ad757313c493d1080c39705824e72c4b231e87ecb4102b5,"Appendix 10.6, row 31",CIPP priority-project line; plan values are not financing events
idn-cipp-solar-032,IDN,idn-cipp-2023-cpr-mirror,solar,priority,32,PLTS Dedieselisasi,Sulawesi,2024,33.3,MW,,,,YES,,plan_only,747283facac512780ad757313c493d1080c39705824e72c4b231e87ecb4102b5,"Appendix 10.6, row 32",CIPP priority-project line; plan values are not financing events
idn-cipp-solar-033,IDN,idn-cipp-2023-cpr-mirror,solar,priority,33,PLTS Dedieselisasi,Sulawesi,2024,25.9,MW,,,,YES,,plan_only,747283facac512780ad757313c493d1080c39705824e72c4b231e87ecb4102b5,"Appendix 10.6, row 33",CIPP priority-project line; plan values are not financing events
idn-cipp-solar-034,IDN,idn-cipp-2023-cpr-mirror,solar,priority,34,PLTS Java-Bali (Kuota) Tersebar,Java-Madura-Bali,2024,25.0,MW,,,,YES,,plan_only,747283facac512780ad757313c493d1080c39705824e72c4b231e87ecb4102b5,"Appendix 10.6, row 34",CIPP priority-project line; plan values are not financing events
idn-cipp-solar-035,IDN,idn-cipp-2023-cpr-mirror,solar,priority,35,PLTS Bali,Java-Madura-Bali,2024,25.0,MW,,,,YES,,plan_only,747283facac512780ad757313c493d1080c39705824e72c4b231e87ecb4102b5,"Appendix 10.6, row 35",CIPP priority-project line; plan values are not financing events
idn-cipp-solar-036,IDN,idn-cipp-2023-cpr-mirror,solar,priority,36,PLTS Java-Bali (Kuota) Tersebar,Java-Madura-Bali,2024,25.0,MW,,,,YES,,plan_only,747283facac512780ad757313c493d1080c39705824e72c4b231e87ecb4102b5,"Appendix 10.6, row 36",CIPP priority-project line; plan values are not financing events
idn-cipp-solar-037,IDN,idn-cipp-2023-cpr-mirror,solar,priority,37,PLTS Java-Bali (Kuota) Tersebar,Java-Madura-Bali,2025,25.0,MW,,,,YES,,plan_only,747283facac512780ad757313c493d1080c39705824e72c4b231e87ecb4102b5,"Appendix 10.6, row 37",CIPP priority-project line; plan values are not financing events
idn-cipp-solar-038,IDN,idn-cipp-2023-cpr-mirror,solar,priority,38,PLTS Dedieselisasi,Sumatra,2024,24.0,MW,,,,YES,,plan_only,747283facac512780ad757313c493d1080c39705824e72c4b231e87ecb4102b5,"Appendix 10.6, row 38",CIPP priority-project line; plan values are not financing events
idn-cipp-solar-039,IDN,idn-cipp-2023-cpr-mirror,solar,priority,39,PLTS Dedieselisasi,Java-Madura-Bali,2024,23.0,MW,,,,YES,,plan_only,747283facac512780ad757313c493d1080c39705824e72c4b231e87ecb4102b5,"Appendix 10.6, row 39",CIPP priority-project line; plan values are not financing events
idn-cipp-solar-040,IDN,idn-cipp-2023-cpr-mirror,solar,priority,40,PLTS Java-Bali (Kuota) Tersebar,Java-Madura-Bali,2024,20.0,MW,,,,YES,,plan_only,747283facac512780ad757313c493d1080c39705824e72c4b231e87ecb4102b5,"Appendix 10.6, row 40",CIPP priority-project line; plan values are not financing events
idn-cipp-solar-041,IDN,idn-cipp-2023-cpr-mirror,solar,priority,41,PLTS Dedieselisasi,Java-Madura-Bali,2024,16.1,MW,,,,YES,,plan_only,747283facac512780ad757313c493d1080c39705824e72c4b231e87ecb4102b5,"Appendix 10.6, row 41",CIPP priority-project line; plan values are not financing events
idn-cipp-solar-042,IDN,idn-cipp-2023-cpr-mirror,solar,priority,42,PLTS Dedieselisasi,Sumatra,2024,15.2,MW,,,,NO,,plan_only,747283facac512780ad757313c493d1080c39705824e72c4b231e87ecb4102b5,"Appendix 10.6, row 42",CIPP priority-project line; plan values are not financing events
idn-cipp-solar-043,IDN,idn-cipp-2023-cpr-mirror,solar,priority,43,PLTS Dedieselisasi,Maluku-Papua-Nusa Tenggara,2024,13.9,MW,,,,YES,,plan_only,747283facac512780ad757313c493d1080c39705824e72c4b231e87ecb4102b5,"Appendix 10.6, row 43",CIPP priority-project line; plan values are not financing events
idn-cipp-solar-044,IDN,idn-cipp-2023-cpr-mirror,solar,priority,44,PLTS Dedieselisasi,Sulawesi,2024,10.6,MW,,,,NO,,plan_only,747283facac512780ad757313c493d1080c39705824e72c4b231e87ecb4102b5,"Appendix 10.6, row 44",CIPP priority-project line; plan values are not financing events
idn-cipp-solar-045,IDN,idn-cipp-2023-cpr-mirror,solar,priority,45,PLTS Dedieselisasi,Maluku-Papua-Nusa Tenggara,2024,8.8,MW,,,,NO,,plan_only,747283facac512780ad757313c493d1080c39705824e72c4b231e87ecb4102b5,"Appendix 10.6, row 45",CIPP priority-project line; plan values are not financing events
idn-cipp-solar-046,IDN,idn-cipp-2023-cpr-mirror,solar,priority,46,PLTS Dedieselisasi,Sumatra,2024,7.4,MW,,,,YES,,plan_only,747283facac512780ad757313c493d1080c39705824e72c4b231e87ecb4102b5,"Appendix 10.6, row 46",CIPP priority-project line; plan values are not financing events
idn-cipp-solar-047,IDN,idn-cipp-2023-cpr-mirror,solar,priority,47,PLTS Dedieselisasi,Java-Madura-Bali,2024,7.3,MW,,,,YES,,plan_only,747283facac512780ad757313c493d1080c39705824e72c4b231e87ecb4102b5,"Appendix 10.6, row 47",CIPP priority-project line; plan values are not financing events
idn-cipp-solar-048,IDN,idn-cipp-2023-cpr-mirror,solar,priority,48,PLTS Dedieselisasi,Kalimantan,2024,6.0,MW,,,,YES,,plan_only,747283facac512780ad757313c493d1080c39705824e72c4b231e87ecb4102b5,"Appendix 10.6, row 48",CIPP priority-project line; plan values are not financing events
idn-cipp-solar-049,IDN,idn-cipp-2023-cpr-mirror,solar,priority,49,PLTS Dedieselisasi,Java-Madura-Bali,2024,4.0,MW,,,,YES,,plan_only,747283facac512780ad757313c493d1080c39705824e72c4b231e87ecb4102b5,"Appendix 10.6, row 49",CIPP priority-project line; plan values are not financing events
idn-cipp-solar-050,IDN,idn-cipp-2023-cpr-mirror,solar,priority,50,PLTS Dedieselisasi,Sumatra,2024,3.6,MW,,,,NO,,plan_only,747283facac512780ad757313c493d1080c39705824e72c4b231e87ecb4102b5,"Appendix 10.6, row 50",CIPP priority-project line; plan values are not financing events
idn-cipp-solar-051,IDN,idn-cipp-2023-cpr-mirror,solar,priority,51,PLTS Dedieselisasi,Java-Madura-Bali,2024,3.4,MW,,,,YES,,plan_only,747283facac512780ad757313c493d1080c39705824e72c4b231e87ecb4102b5,"Appendix 10.6, row 51",CIPP priority-project line; plan values are not financing events
idn-cipp-solar-052,IDN,idn-cipp-2023-cpr-mirror,solar,priority,52,PLTS Dedieselisasi,Sumatra,2024,3.3,MW,,,,NO,,plan_only,747283facac512780ad757313c493d1080c39705824e72c4b231e87ecb4102b5,"Appendix 10.6, row 52",CIPP priority-project line; plan values are not financing events
idn-cipp-solar-053,IDN,idn-cipp-2023-cpr-mirror,solar,priority,53,PLTS Dedieselisasi,Java-Madura-Bali,2024,3.2,MW,,,,YES,,plan_only,747283facac512780ad757313c493d1080c39705824e72c4b231e87ecb4102b5,"Appendix 10.6, row 53",CIPP priority-project line; plan values are not financing events
idn-cipp-solar-054,IDN,idn-cipp-2023-cpr-mirror,solar,priority,54,PLTS Dedieselisasi,Sumatra,2024,3.1,MW,,,,YES,,plan_only,747283facac512780ad757313c493d1080c39705824e72c4b231e87ecb4102b5,"Appendix 10.6, row 54",CIPP priority-project line; plan values are not financing events
idn-cipp-solar-055,IDN,idn-cipp-2023-cpr-mirror,solar,priority,55,PLTS Dedieselisasi,Sumatra,2024,3.1,MW,,,,YES,,plan_only,747283facac512780ad757313c493d1080c39705824e72c4b231e87ecb4102b5,"Appendix 10.6, row 55",CIPP priority-project line; plan values are not financing events
idn-cipp-solar-056,IDN,idn-cipp-2023-cpr-mirror,solar,priority,56,PLTS Dedieselisasi,Java-Madura-Bali,2024,2.6,MW,,,,YES,,plan_only,747283facac512780ad757313c493d1080c39705824e72c4b231e87ecb4102b5,"Appendix 10.6, row 56",CIPP priority-project line; plan values are not financing events
idn-cipp-solar-057,IDN,idn-cipp-2023-cpr-mirror,solar,priority,57,PLTS Dedieselisasi,Java-Madura-Bali,2024,2.0,MW,,,,YES,,plan_only,747283facac512780ad757313c493d1080c39705824e72c4b231e87ecb4102b5,"Appendix 10.6, row 57",CIPP priority-project line; plan values are not financing events
idn-cipp-solar-058,IDN,idn-cipp-2023-cpr-mirror,solar,priority,58,PLTS Dedieselisasi,Java-Madura-Bali,2024,1.6,MW,,,,YES,,plan_only,747283facac512780ad757313c493d1080c39705824e72c4b231e87ecb4102b5,"Appendix 10.6, row 58",CIPP priority-project line; plan values are not financing events
idn-cipp-solar-059,IDN,idn-cipp-2023-cpr-mirror,solar,priority,59,PLTS Dedieselisasi,Sumatra,2024,1.4,MW,,,,YES,,plan_only,747283facac512780ad757313c493d1080c39705824e72c4b231e87ecb4102b5,"Appendix 10.6, row 59",CIPP priority-project line; plan values are not financing events
idn-cipp-solar-060,IDN,idn-cipp-2023-cpr-mirror,solar,priority,60,PLTS Dedieselisasi,Kalimantan,2024,1.0,MW,,,,YES,,plan_only,747283facac512780ad757313c493d1080c39705824e72c4b231e87ecb4102b5,"Appendix 10.6, row 60",CIPP priority-project line; plan values are not financing events
idn-cipp-solar-061,IDN,idn-cipp-2023-cpr-mirror,solar,priority,61,PLTS Dedieselisasi,Java-Madura-Bali,2024,1.0,MW,,,,YES,,plan_only,747283facac512780ad757313c493d1080c39705824e72c4b231e87ecb4102b5,"Appendix 10.6, row 61",CIPP priority-project line; plan values are not financing events
idn-cipp-solar-062,IDN,idn-cipp-2023-cpr-mirror,solar,priority,62,PLTS Dedieselisasi,Sumatra,2024,0.6,MW,,,,YES,,plan_only,747283facac512780ad757313c493d1080c39705824e72c4b231e87ecb4102b5,"Appendix 10.6, row 62",CIPP priority-project line; plan values are not financing events
idn-cipp-solar-063,IDN,idn-cipp-2023-cpr-mirror,solar,priority,63,PLTS Dedieselisasi,Sulawesi,2024,0.6,MW,,,,YES,,plan_only,747283facac512780ad757313c493d1080c39705824e72c4b231e87ecb4102b5,"Appendix 10.6, row 63",CIPP priority-project line; plan values are not financing events
idn-cipp-solar-064,IDN,idn-cipp-2023-cpr-mirror,solar,priority,64,PLTS Dedieselisasi,Maluku-Papua-Nusa Tenggara,2024,0.4,MW,,,,YES,,plan_only,747283facac512780ad757313c493d1080c39705824e72c4b231e87ecb4102b5,"Appendix 10.6, row 64",CIPP priority-project line; plan values are not financing events
idn-cipp-transmission-001,IDN,idn-cipp-2023-cpr-mirror,transmission,priority,1,SUTET 500 kV Upper Cisokan PLTA PS - Inc. (Cibinong - Saguling),Java-Madura-Bali,2024,60.0,km,22.4,,,NO,,plan_only,747283facac512780ad757313c493d1080c39705824e72c4b231e87ecb4102b5,"Appendix 10.1, row 1",CIPP priority-project line; plan values are not financing events
idn-cipp-transmission-002,IDN,idn-cipp-2023-cpr-mirror,transmission,priority,2,SUTET 500 kV Matenggeng PLTA PS - Inc. (Tasikmalaya - Kesugihan / Rawalo),Java-Madura-Bali,2024,120.0,km,39.3,,,YES,,plan_only,747283facac512780ad757313c493d1080c39705824e72c4b231e87ecb4102b5,"Appendix 10.1, row 2",CIPP priority-project line; plan values are not financing events
idn-cipp-transmission-003,IDN,idn-cipp-2023-cpr-mirror,transmission,priority,3,SUTET 500 kV Grindulu PLTA PS - Inc. (Pedan - Kediri),Java-Madura-Bali,2024,40.0,km,14.9,,,YES,,plan_only,747283facac512780ad757313c493d1080c39705824e72c4b231e87ecb4102b5,"Appendix 10.1, row 3",CIPP priority-project line; plan values are not financing events
idn-cipp-transmission-004,IDN,idn-cipp-2023-cpr-mirror,transmission,priority,4,SUTET 500 kV DC LP E. Java - Ngimbang Converter Station,Java-Madura-Bali,2030,120.0,km,65.0,,,NO,,plan_only,747283facac512780ad757313c493d1080c39705824e72c4b231e87ecb4102b5,"Appendix 10.1, row 4",CIPP priority-project line; plan values are not financing events
idn-cipp-transmission-005,IDN,idn-cipp-2023-cpr-mirror,transmission,priority,5,SUTET 500 kV PLTA Kelai - Inc 2 phi (M.Wahau-Tj.Redeb),Kalimantan,2024,1.0,km,0.1,,,YES,,plan_only,747283facac512780ad757313c493d1080c39705824e72c4b231e87ecb4102b5,"Appendix 10.1, row 5",CIPP priority-project line; plan values are not financing events
idn-cipp-transmission-006,IDN,idn-cipp-2023-cpr-mirror,transmission,priority,6,SUTET 500 kV GITET TJ. Selor - GITET Embalut,Kalimantan,2024,760.0,km,377.7,,,NO,,plan_only,747283facac512780ad757313c493d1080c39705824e72c4b231e87ecb4102b5,"Appendix 10.1, row 6",CIPP priority-project line; plan values are not financing events
idn-cipp-transmission-007,IDN,idn-cipp-2023-cpr-mirror,transmission,priority,7,SUTET 500 kV GITET Embalut - GITET IKN,Kalimantan,2024,150.0,km,74.5,,,NO,,plan_only,747283facac512780ad757313c493d1080c39705824e72c4b231e87ecb4102b5,"Appendix 10.1, row 7",CIPP priority-project line; plan values are not financing events
idn-cipp-transmission-008,IDN,idn-cipp-2023-cpr-mirror,transmission,priority,8,SUTET 500 kV PLTA Tabang - Kembang Janggut,Kalimantan,2024,140.0,km,16.2,,,YES,,plan_only,747283facac512780ad757313c493d1080c39705824e72c4b231e87ecb4102b5,"Appendix 10.1, row 8",CIPP priority-project line; plan values are not financing events
idn-cipp-transmission-009,IDN,idn-cipp-2023-cpr-mirror,transmission,priority,9,SUTET 500 kV PLTA Kaltara 1 - Tj. Selor,Kalimantan,2024,80.0,km,9.2,,,YES,,plan_only,747283facac512780ad757313c493d1080c39705824e72c4b231e87ecb4102b5,"Appendix 10.1, row 9",CIPP priority-project line; plan values are not financing events
idn-cipp-transmission-010,IDN,idn-cipp-2023-cpr-mirror,transmission,priority,10,SUTET 500 kV DC HEPP N. Kalimantan - LP S. Kalimantan,Kalimantan,2030,1800.0,km,975.0,,,NO,,plan_only,747283facac512780ad757313c493d1080c39705824e72c4b231e87ecb4102b5,"Appendix 10.1, row 10",CIPP priority-project line; plan values are not financing events
idn-cipp-transmission-011,IDN,idn-cipp-2023-cpr-mirror,transmission,priority,11,SUTET 500 kV DC LP S. Kalimantan - LP E. Java,Kalimantan,2030,920.0,km,7840.7,,,NO,,plan_only,747283facac512780ad757313c493d1080c39705824e72c4b231e87ecb4102b5,"Appendix 10.1, row 11",CIPP priority-project line; plan values are not financing events
idn-cipp-transmission-012,IDN,idn-cipp-2023-cpr-mirror,transmission,priority,12,Sulawesi Backbone SUTET 275 kV GITET Wotu - GITET Bungku,Sulawesi,2024,260.0,km,105.3,,,YES,,plan_only,747283facac512780ad757313c493d1080c39705824e72c4b231e87ecb4102b5,"Appendix 10.1, row 12",CIPP priority-project line; plan values are not financing events
idn-cipp-transmission-013,IDN,idn-cipp-2023-cpr-mirror,transmission,priority,13,Sulawesi Backbone UTET 275 kV GITET Bungku - GITET Andowia,Sulawesi,2024,260.0,km,105.3,,,NO,,plan_only,747283facac512780ad757313c493d1080c39705824e72c4b231e87ecb4102b5,"Appendix 10.1, row 13",CIPP priority-project line; plan values are not financing events
idn-cipp-transmission-014,IDN,idn-cipp-2023-cpr-mirror,transmission,priority,14,Sulawesi Backbone SUTET 275 kV GITET Andowia - GITET Kendari,Sulawesi,2024,135.0,km,54.7,,,YES,,plan_only,747283facac512780ad757313c493d1080c39705824e72c4b231e87ecb4102b5,"Appendix 10.1, row 14",CIPP priority-project line; plan values are not financing events
idn-cipp-transmission-015,IDN,idn-cipp-2023-cpr-mirror,transmission,priority,15,Sulawesi Backbone SUTET 275 kV GITET Sidrap - GITET Daya Baru,Sulawesi,2024,350.0,km,141.8,,,NO,,plan_only,747283facac512780ad757313c493d1080c39705824e72c4b231e87ecb4102b5,"Appendix 10.1, row 15",CIPP priority-project line; plan values are not financing events
idn-cipp-transmission-016,IDN,idn-cipp-2023-cpr-mirror,transmission,priority,16,Sulawesi Backbone SUTET 275 kV GITET Bakaru 2 - GITET Palopo,Sulawesi,2024,210.0,km,85.1,,,NO,,plan_only,747283facac512780ad757313c493d1080c39705824e72c4b231e87ecb4102b5,"Appendix 10.1, row 16",CIPP priority-project line; plan values are not financing events
idn-cipp-transmission-017,IDN,idn-cipp-2023-cpr-mirror,transmission,priority,17,Sulawesi Backbone SUTET 275 kV GITET Daya Baru - GITET Punagaya,Sulawesi,2024,140.0,km,56.7,,,NO,,plan_only,747283facac512780ad757313c493d1080c39705824e72c4b231e87ecb4102b5,"Appendix 10.1, row 17",CIPP priority-project line; plan values are not financing events
idn-cipp-transmission-018,IDN,idn-cipp-2023-cpr-mirror,transmission,priority,18,Sulawesi Backbone SUTET 275 kV GITET Bakaru 2 - GITET Sidrap,Sulawesi,2024,130.0,km,52.7,,,NO,,plan_only,747283facac512780ad757313c493d1080c39705824e72c4b231e87ecb4102b5,"Appendix 10.1, row 18",CIPP priority-project line; plan values are not financing events
idn-cipp-transmission-019,IDN,idn-cipp-2023-cpr-mirror,transmission,priority,19,Sulawesi Backbone SUTET 275 kV GITET Malili-GITET Pomalaa Switching,Sulawesi,2024,467.0,km,189.1,,,NO,,plan_only,747283facac512780ad757313c493d1080c39705824e72c4b231e87ecb4102b5,"Appendix 10.1, row 19",CIPP priority-project line; plan values are not financing events
idn-cipp-transmission-020,IDN,idn-cipp-2023-cpr-mirror,transmission,priority,20,Sulawesi Backbone SUTET 275 kV GITET Pomalaa-GITET Kendari,Sulawesi,2024,252.0,km,102.1,,,NO,,plan_only,747283facac512780ad757313c493d1080c39705824e72c4b231e87ecb4102b5,"Appendix 10.1, row 20",CIPP priority-project line; plan values are not financing events
idn-cipp-transmission-021,IDN,idn-cipp-2023-cpr-mirror,transmission,priority,21,Sulawesi Backbone SUTET 275 kV GITET Wotu - GITET Malili,Sulawesi,2024,95.0,km,38.5,,,YES,,plan_only,747283facac512780ad757313c493d1080c39705824e72c4b231e87ecb4102b5,"Appendix 10.1, row 21",CIPP priority-project line; plan values are not financing events
idn-cipp-transmission-022,IDN,idn-cipp-2023-cpr-mirror,transmission,priority,22,Sulawesi Backbone Further upgrades Marisa –-Tolitoli – Leok,Sulawesi,TBD,,km,,,,NO,,plan_only,747283facac512780ad757313c493d1080c39705824e72c4b231e87ecb4102b5,"Appendix 10.1, row 22",CIPP priority-project line; plan values are not financing events
idn-cipp-transmission-023,IDN,idn-cipp-2023-cpr-mirror,transmission,priority,23,Sulawesi Backbone Further upgrades on Gorontalo – Tolinggula,Sulawesi,TBD,,km,,,,NO,,plan_only,747283facac512780ad757313c493d1080c39705824e72c4b231e87ecb4102b5,"Appendix 10.1, row 23",CIPP priority-project line; plan values are not financing events
idn-cipp-transmission-024,IDN,idn-cipp-2023-cpr-mirror,transmission,priority,24,Sulawesi Backbone Further upgrades on Tolitoli - Bangkir – Tambu,Sulawesi,TBD,,km,,,,NO,,plan_only,747283facac512780ad757313c493d1080c39705824e72c4b231e87ecb4102b5,"Appendix 10.1, row 24",CIPP priority-project line; plan values are not financing events
idn-cipp-transmission-025,IDN,idn-cipp-2023-cpr-mirror,transmission,priority,25,SUTET 500 kV Cascade Tripa HPP (Upper Tripa 300 MW + Lower Tripa 140 MW) - GITET Takengon-2,Sumatra,>2024,90.0,km,46.2,,,NO,,plan_only,747283facac512780ad757313c493d1080c39705824e72c4b231e87ecb4102b5,"Appendix 10.1, row 25",CIPP priority-project line; plan values are not financing events
idn-cipp-transmission-026,IDN,idn-cipp-2023-cpr-mirror,transmission,priority,26,SUTET 500 kV PLTA WOYLA - Meurebo,Sumatra,>2024,26.0,km,10.9,,,YES,,plan_only,747283facac512780ad757313c493d1080c39705824e72c4b231e87ecb4102b5,"Appendix 10.1, row 26",CIPP priority-project line; plan values are not financing events
idn-cipp-transmission-027,IDN,idn-cipp-2023-cpr-mirror,transmission,priority,27,SUTET 500 kV PLTA Woyla Hulu & Hilir - PLTA Woyla,Sumatra,>2024,4.2,km,1.8,,,YES,,plan_only,747283facac512780ad757313c493d1080c39705824e72c4b231e87ecb4102b5,"Appendix 10.1, row 27",CIPP priority-project line; plan values are not financing events
idn-cipp-transmission-028,IDN,idn-cipp-2023-cpr-mirror,transmission,priority,28,SUTET 275 kV Sibual Buali - GITET Sarulla,Sumatra,>2024,2.0,km,0.5,,,NO,,plan_only,747283facac512780ad757313c493d1080c39705824e72c4b231e87ecb4102b5,"Appendix 10.1, row 28",CIPP priority-project line; plan values are not financing events
idn-cipp-transmission-029,IDN,idn-cipp-2023-cpr-mirror,transmission,priority,29,SUTET 500 kV GITTET Takengon-2 - Inc. 2 Phi (Naganraya - Takengon-2),Sumatra,>2024,0.5,km,0.3,,,YES,,plan_only,747283facac512780ad757313c493d1080c39705824e72c4b231e87ecb4102b5,"Appendix 10.1, row 29",CIPP priority-project line; plan values are not financing events
idn-cipp-transmission-030,IDN,idn-cipp-2023-cpr-mirror,transmission,priority,30,Sumatra-Batam-Bintan Interconnection,Sumatra,TBD,,km,,,,NO,,plan_only,747283facac512780ad757313c493d1080c39705824e72c4b231e87ecb4102b5,"Appendix 10.1, row 30",CIPP priority-project line; plan values are not financing events
idn-cipp-transmission-031,IDN,idn-cipp-2023-cpr-mirror,transmission,priority,31,Sumatra Backbone SUTET 275 kV GITET 275 kV Siborpa - Inc. 2 Phi Sarula Rantau Perapat,Sumatra,>2024,0.2,km,0.1,,,NO,,plan_only,747283facac512780ad757313c493d1080c39705824e72c4b231e87ecb4102b5,"Appendix 10.1, row 31",CIPP priority-project line; plan values are not financing events
idn-cipp-transmission-032,IDN,idn-cipp-2023-cpr-mirror,transmission,priority,32,Sumatra Backbone SUTET 500 kV Galang-PLTA Pump Storage-1,Sumatra,2024,100.0,km,49.7,,,YES,,plan_only,747283facac512780ad757313c493d1080c39705824e72c4b231e87ecb4102b5,"Appendix 10.1, row 32",CIPP priority-project line; plan values are not financing events
idn-cipp-transmission-033,IDN,idn-cipp-2023-cpr-mirror,transmission,priority,33,Sumatra Backbone SUTET 275kV Pangkalan Susu - Arun- Sigli,Sumatra,TBD,,km,,,,YES,,plan_only,747283facac512780ad757313c493d1080c39705824e72c4b231e87ecb4102b5,"Appendix 10.1, row 33",CIPP priority-project line; plan values are not financing events
idn-cipp-transmission-034,IDN,idn-cipp-2023-cpr-mirror,transmission,priority,34,Sumatra-Java Interconnector SUTET 500 kV DC Muara Enim - LP Ketapang - Salira Indah - Bogor + Subsea 40 KM,Sumatra,2024,570.0,km,1900.0,,,NO,,plan_only,747283facac512780ad757313c493d1080c39705824e72c4b231e87ecb4102b5,"Appendix 10.1, row 34",CIPP priority-project line; plan values are not financing events
idn-cipp-transmission-035,IDN,idn-cipp-2023-cpr-mirror,transmission,priority,35,Transmisi Papua-Maluku-Pulau Obi,Maluku-Papua-Nusa-Tenggara,TBD,,km,,,,NO,,plan_only,747283facac512780ad757313c493d1080c39705824e72c4b231e87ecb4102b5,"Appendix 10.1, row 35",CIPP priority-project line; plan values are not financing events
idn-cipp-transmission-036,IDN,idn-cipp-2023-cpr-mirror,transmission,priority,36,Deployment of Smart Grid Technologies,Tersebar,2024,,km,860.0,,,NO,,plan_only,747283facac512780ad757313c493d1080c39705824e72c4b231e87ecb4102b5,"Appendix 10.1, row 36",CIPP priority-project line; plan values are not financing events
idn-cipp-transmission-037,IDN,idn-cipp-2023-cpr-mirror,transmission,priority,37,Advanced Metering Deployment of Smart Grid Technologies Advanced Control Center,Tersebar,2024,,km,93.0,,,NO,,plan_only,747283facac512780ad757313c493d1080c39705824e72c4b231e87ecb4102b5,"Appendix 10.1, row 37",CIPP priority-project line; plan values are not financing events
idn-cipp-wind-001,IDN,idn-cipp-2023-cpr-mirror,wind,priority,1,PLTB Java Barat,Java-Madura-Bali,2024,60.0,MW,,,,YES,,plan_only,747283facac512780ad757313c493d1080c39705824e72c4b231e87ecb4102b5,"Appendix 10.7, row 1",CIPP priority-project line; plan values are not financing events
idn-cipp-wind-002,IDN,idn-cipp-2023-cpr-mirror,wind,priority,2,PLTB Sulbagsel (Kuota) Tersebar,Sulawesi,2024,60.0,MW,,,,NO,,plan_only,747283facac512780ad757313c493d1080c39705824e72c4b231e87ecb4102b5,"Appendix 10.7, row 2",CIPP priority-project line; plan values are not financing events
idn-cipp-wind-003,IDN,idn-cipp-2023-cpr-mirror,wind,priority,3,PLTB Tanah Laut,Kalimantan,2024,40.0,MW,,,,YES,idn-pipe-tanah-laut-wind,matched,747283facac512780ad757313c493d1080c39705824e72c4b231e87ecb4102b5,"Appendix 10.7, row 3",CIPP priority-project line; plan values are not financing events
idn-cipp-wind-004,IDN,idn-cipp-2023-cpr-mirror,wind,priority,4,PLTB Tanah Laut,Kalimantan,2024,30.0,MW,,,,NO,idn-pipe-tanah-laut-wind,matched,747283facac512780ad757313c493d1080c39705824e72c4b231e87ecb4102b5,"Appendix 10.7, row 4",CIPP priority-project line; plan values are not financing events
idn-cipp-wind-005,IDN,idn-cipp-2023-cpr-mirror,wind,priority,5,PLTB Timor (Kuota) Tersebar,Maluku-Papua-Nusa Tenggara,2024,11.0,MW,,,,NO,,plan_only,747283facac512780ad757313c493d1080c39705824e72c4b231e87ecb4102b5,"Appendix 10.7, row 5",CIPP priority-project line; plan values are not financing events
idn-cipp-wind-006,IDN,idn-cipp-2023-cpr-mirror,wind,priority,6,PLTB Timor (Kuota) Tersebar,Maluku-Papua-Nusa Tenggara,2024,11.0,MW,,,,NO,,plan_only,747283facac512780ad757313c493d1080c39705824e72c4b231e87ecb4102b5,"Appendix 10.7, row 6",CIPP priority-project line; plan values are not financing events
idn-cipp-wind-007,IDN,idn-cipp-2023-cpr-mirror,wind,priority,7,PLTB KarimunJava,Java-Madura-Bali,2024,2.2,MW,,,,NO,,plan_only,747283facac512780ad757313c493d1080c39705824e72c4b231e87ecb4102b5,"Appendix 10.7, row 7",CIPP priority-project line; plan values are not financing events
idn-cipp-wind-008,IDN,idn-cipp-2023-cpr-mirror,wind,priority,8,PLTB Lombok (Kuota) Tersebar,Maluku-Papua-Nusa Tenggara,2024,30.0,MW,,,,NO,,plan_only,747283facac512780ad757313c493d1080c39705824e72c4b231e87ecb4102b5,"Appendix 10.7, row 8",CIPP priority-project line; plan values are not financing events
idn-cipp-wind-009,IDN,idn-cipp-2023-cpr-mirror,wind,priority,9,PLTB Timor,Maluku-Papua-Nusa Tenggara,2024,22.0,MW,,,,NO,,plan_only,747283facac512780ad757313c493d1080c39705824e72c4b231e87ecb4102b5,"Appendix 10.7, row 9",CIPP priority-project line; plan values are not financing events
idn-cipp-wind-010,IDN,idn-cipp-2023-cpr-mirror,wind,priority,10,PLTB Sumba (Kuota) Tersebar,Maluku-Papua-Nusa Tenggara,2024,3.0,MW,,,,NO,,plan_only,747283facac512780ad757313c493d1080c39705824e72c4b231e87ecb4102b5,"Appendix 10.7, row 10",CIPP priority-project line; plan values are not financing events
idn-cipp-wind-011,IDN,idn-cipp-2023-cpr-mirror,wind,priority,11,PLTB Maubesi,Maluku-Papua-Nusa Tenggara,2024,2.0,MW,,,,NO,,plan_only,747283facac512780ad757313c493d1080c39705824e72c4b231e87ecb4102b5,"Appendix 10.7, row 11",CIPP priority-project line; plan values are not financing events
idn-cipp-wind-012,IDN,idn-cipp-2023-cpr-mirror,wind,priority,12,PLTB Banten,Java-Madura-Bali,2024,100.0,MW,,,,YES,,plan_only,747283facac512780ad757313c493d1080c39705824e72c4b231e87ecb4102b5,"Appendix 10.7, row 12",CIPP priority-project line; plan values are not financing events
idn-cipp-wind-013,IDN,idn-cipp-2023-cpr-mirror,wind,priority,13,PLTB Banten,Java-Madura-Bali,2024,100.0,MW,,,,YES,,plan_only,747283facac512780ad757313c493d1080c39705824e72c4b231e87ecb4102b5,"Appendix 10.7, row 13",CIPP priority-project line; plan values are not financing events
idn-cipp-wind-014,IDN,idn-cipp-2023-cpr-mirror,wind,priority,14,PLTB Sulbagsel (Kuota) Tersebar,Sulawesi,2024,70.0,MW,,,,YES,,plan_only,747283facac512780ad757313c493d1080c39705824e72c4b231e87ecb4102b5,"Appendix 10.7, row 14",CIPP priority-project line; plan values are not financing events
idn-cipp-wind-015,IDN,idn-cipp-2023-cpr-mirror,wind,priority,15,PLTB Sulbagsel,Sulawesi,2024,60.0,MW,,,,YES,,plan_only,747283facac512780ad757313c493d1080c39705824e72c4b231e87ecb4102b5,"Appendix 10.7, row 15",CIPP priority-project line; plan values are not financing events
idn-cipp-wind-016,IDN,idn-cipp-2023-cpr-mirror,wind,priority,16,PLTB Sulbagsel,Sulawesi,2024,70.0,MW,,,,NO,,plan_only,747283facac512780ad757313c493d1080c39705824e72c4b231e87ecb4102b5,"Appendix 10.7, row 16",CIPP priority-project line; plan values are not financing events
idn-cipp-wind-017,IDN,idn-cipp-2023-cpr-mirror,wind,priority,17,PLTB Aceh,Sumatra,2024,55.0,MW,,,,YES,,plan_only,747283facac512780ad757313c493d1080c39705824e72c4b231e87ecb4102b5,"Appendix 10.7, row 17",CIPP priority-project line; plan values are not financing events
idn-cipp-wind-018,IDN,idn-cipp-2023-cpr-mirror,wind,priority,18,PLTB Lombok (Kuota) Tersebar,Maluku-Papua-Nusa Tenggara,2024,30.0,MW,,,,NO,,plan_only,747283facac512780ad757313c493d1080c39705824e72c4b231e87ecb4102b5,"Appendix 10.7, row 18",CIPP priority-project line; plan values are not financing events
idn-cipp-wind-019,IDN,idn-cipp-2023-cpr-mirror,wind,priority,19,PLTB NEW 1_PLTB JETP,Java-Madura-Bali,2025,375.0,MW,,,,NO,,plan_only,747283facac512780ad757313c493d1080c39705824e72c4b231e87ecb4102b5,"Appendix 10.7, row 19",CIPP priority-project line; plan values are not financing events
idn-cipp-wind-020,IDN,idn-cipp-2023-cpr-mirror,wind,priority,20,PLTB NEW 2_PLTB JETP,Java-Madura-Bali,2025,375.0,MW,,,,NO,,plan_only,747283facac512780ad757313c493d1080c39705824e72c4b231e87ecb4102b5,"Appendix 10.7, row 20",CIPP priority-project line; plan values are not financing events
idn-cipp-wind-021,IDN,idn-cipp-2023-cpr-mirror,wind,priority,21,PLTB NEW 2_PLTB JETP,Java-Madura-Bali,2025,375.0,MW,,,,NO,,plan_only,747283facac512780ad757313c493d1080c39705824e72c4b231e87ecb4102b5,"Appendix 10.7, row 21",CIPP priority-project line; plan values are not financing events
idn-cipp-wind-022,IDN,idn-cipp-2023-cpr-mirror,wind,priority,22,PLTB NEW 3_PLTB JETP,Java-Madura-Bali,2025,375.0,MW,,,,NO,,plan_only,747283facac512780ad757313c493d1080c39705824e72c4b231e87ecb4102b5,"Appendix 10.7, row 22",CIPP priority-project line; plan values are not financing events
idn-cipp-wind-023,IDN,idn-cipp-2023-cpr-mirror,wind,priority,23,PLTB NEW 3_PLTB JETP,Java-Madura-Bali,2025,375.0,MW,,,,NO,,plan_only,747283facac512780ad757313c493d1080c39705824e72c4b231e87ecb4102b5,"Appendix 10.7, row 23",CIPP priority-project line; plan values are not financing events
idn-cipp-wind-024,IDN,idn-cipp-2023-cpr-mirror,wind,priority,24,PLTB NEW 4_PLTB JETP,Java-Madura-Bali,2025,375.0,MW,,,,NO,,plan_only,747283facac512780ad757313c493d1080c39705824e72c4b231e87ecb4102b5,"Appendix 10.7, row 24",CIPP priority-project line; plan values are not financing events
idn-cipp-wind-025,IDN,idn-cipp-2023-cpr-mirror,wind,priority,25,PLTB NEW 4_PLTB JETP,Java-Madura-Bali,2025,375.0,MW,,,,NO,,plan_only,747283facac512780ad757313c493d1080c39705824e72c4b231e87ecb4102b5,"Appendix 10.7, row 25",CIPP priority-project line; plan values are not financing events
idn-cipp-wind-026,IDN,idn-cipp-2023-cpr-mirror,wind,priority,26,PLTB NEW 1_PLTB,Java-Madura-Bali,2026,100.0,MW,,,,NO,,plan_only,747283facac512780ad757313c493d1080c39705824e72c4b231e87ecb4102b5,"Appendix 10.7, row 26",CIPP priority-project line; plan values are not financing events
idn-cipp-wind-027,IDN,idn-cipp-2023-cpr-mirror,wind,priority,27,PLTB NEW 1_PLTB,Java-Madura-Bali,2026,100.0,MW,,,,NO,,plan_only,747283facac512780ad757313c493d1080c39705824e72c4b231e87ecb4102b5,"Appendix 10.7, row 27",CIPP priority-project line; plan values are not financing events
idn-cipp-wind-028,IDN,idn-cipp-2023-cpr-mirror,wind,priority,28,PLTB Timor (Kuota) Tersebar,Maluku-Papua-Nusa Tenggara,2026,22.0,MW,,,,NO,,plan_only,747283facac512780ad757313c493d1080c39705824e72c4b231e87ecb4102b5,"Appendix 10.7, row 28",CIPP priority-project line; plan values are not financing events
idn-cipp-wind-029,IDN,idn-cipp-2023-cpr-mirror,wind,priority,29,PLTB Timor (Kuota) Tersebar,Maluku-Papua-Nusa Tenggara,2026,22.0,MW,,,,NO,,plan_only,747283facac512780ad757313c493d1080c39705824e72c4b231e87ecb4102b5,"Appendix 10.7, row 29",CIPP priority-project line; plan values are not financing events
idn-cipp-wind-030,IDN,idn-cipp-2023-cpr-mirror,wind,priority,30,PLTB NEW 1_PLTB,Java-Madura-Bali,2027,100.0,MW,,,,NO,,plan_only,747283facac512780ad757313c493d1080c39705824e72c4b231e87ecb4102b5,"Appendix 10.7, row 30",CIPP priority-project line; plan values are not financing events
idn-cipp-wind-031,IDN,idn-cipp-2023-cpr-mirror,wind,priority,31,PLTB NEW 1_PLTB,Java-Madura-Bali,2027,100.0,MW,,,,NO,,plan_only,747283facac512780ad757313c493d1080c39705824e72c4b231e87ecb4102b5,"Appendix 10.7, row 31",CIPP priority-project line; plan values are not financing events
idn-cipp-wind-032,IDN,idn-cipp-2023-cpr-mirror,wind,priority,32,PLTB NEW 1_PLTB,Java-Madura-Bali,2028,100.0,MW,,,,NO,,plan_only,747283facac512780ad757313c493d1080c39705824e72c4b231e87ecb4102b5,"Appendix 10.7, row 32",CIPP priority-project line; plan values are not financing events
idn-cipp-wind-033,IDN,idn-cipp-2023-cpr-mirror,wind,priority,33,PLTB NEW 1_PLTB,Java-Madura-Bali,2028,100.0,MW,,,,NO,,plan_only,747283facac512780ad757313c493d1080c39705824e72c4b231e87ecb4102b5,"Appendix 10.7, row 33",CIPP priority-project line; plan values are not financing events
idn-cipp-wind-034,IDN,idn-cipp-2023-cpr-mirror,wind,priority,34,PLTB Sulbagsel (Kuota) Tersebar,Sulawesi,2028,60.0,MW,,,,NO,,plan_only,747283facac512780ad757313c493d1080c39705824e72c4b231e87ecb4102b5,"Appendix 10.7, row 34",CIPP priority-project line; plan values are not financing events
idn-cipp-wind-035,IDN,idn-cipp-2023-cpr-mirror,wind,priority,35,PLTB Sulbagsel (Kuota) Tersebar,Sulawesi,2028,60.0,MW,,,,NO,,plan_only,747283facac512780ad757313c493d1080c39705824e72c4b231e87ecb4102b5,"Appendix 10.7, row 35",CIPP priority-project line; plan values are not financing events
idn-cipp-wind-036,IDN,idn-cipp-2023-cpr-mirror,wind,priority,36,PLTB Sumatra Tersebar,Sumatra,2028,60.0,MW,,,,YES,,plan_only,747283facac512780ad757313c493d1080c39705824e72c4b231e87ecb4102b5,"Appendix 10.7, row 36",CIPP priority-project line; plan values are not financing events
idn-cipp-wind-037,IDN,idn-cipp-2023-cpr-mirror,wind,priority,37,PLTB NTB (Kuota) Tersebar,Maluku-Papua-Nusa Tenggara,2028,10.0,MW,,,,NO,,plan_only,747283facac512780ad757313c493d1080c39705824e72c4b231e87ecb4102b5,"Appendix 10.7, row 37",CIPP priority-project line; plan values are not financing events
idn-cipp-wind-038,IDN,idn-cipp-2023-cpr-mirror,wind,priority,38,PLTB NTB (Kuota) Tersebar,Maluku-Papua-Nusa Tenggara,2028,10.0,MW,,,,NO,,plan_only,747283facac512780ad757313c493d1080c39705824e72c4b231e87ecb4102b5,"Appendix 10.7, row 38",CIPP priority-project line; plan values are not financing events
idn-cipp-wind-039,IDN,idn-cipp-2023-cpr-mirror,wind,priority,39,PLTB NEW 1_PLTB,Java-Madura-Bali,2029,100.0,MW,,,,NO,,plan_only,747283facac512780ad757313c493d1080c39705824e72c4b231e87ecb4102b5,"Appendix 10.7, row 39",CIPP priority-project line; plan values are not financing events
idn-cipp-wind-040,IDN,idn-cipp-2023-cpr-mirror,wind,priority,40,PLTB NEW 1_PLTB,Java-Madura-Bali,2029,100.0,MW,,,,NO,,plan_only,747283facac512780ad757313c493d1080c39705824e72c4b231e87ecb4102b5,"Appendix 10.7, row 40",CIPP priority-project line; plan values are not financing events
idn-cipp-wind-041,IDN,idn-cipp-2023-cpr-mirror,wind,priority,41,PLTB Sulbagsel (Kuota) Tersebar,Sulawesi,2029,60.0,MW,,,,NO,,plan_only,747283facac512780ad757313c493d1080c39705824e72c4b231e87ecb4102b5,"Appendix 10.7, row 41",CIPP priority-project line; plan values are not financing events
idn-cipp-wind-042,IDN,idn-cipp-2023-cpr-mirror,wind,priority,42,PLTB Sulbagsel (Kuota) Tersebar,Sulawesi,2029,60.0,MW,,,,NO,,plan_only,747283facac512780ad757313c493d1080c39705824e72c4b231e87ecb4102b5,"Appendix 10.7, row 42",CIPP priority-project line; plan values are not financing events
idn-cipp-wind-043,IDN,idn-cipp-2023-cpr-mirror,wind,priority,43,PLTB Sumatra Tersebar,Sumatra,2029,60.0,MW,,,,YES,,plan_only,747283facac512780ad757313c493d1080c39705824e72c4b231e87ecb4102b5,"Appendix 10.7, row 43",CIPP priority-project line; plan values are not financing events
idn-cipp-wind-044,IDN,idn-cipp-2023-cpr-mirror,wind,priority,44,PLTB Maluku (Kuota) Tersebar,Maluku-Papua-Nusa Tenggara,2029,10.0,MW,,,,NO,,plan_only,747283facac512780ad757313c493d1080c39705824e72c4b231e87ecb4102b5,"Appendix 10.7, row 44",CIPP priority-project line; plan values are not financing events
idn-cipp-wind-045,IDN,idn-cipp-2023-cpr-mirror,wind,priority,45,PLTB Maluku (Kuota) Tersebar,Maluku-Papua-Nusa Tenggara,2029,10.0,MW,,,,NO,,plan_only,747283facac512780ad757313c493d1080c39705824e72c4b231e87ecb4102b5,"Appendix 10.7, row 45",CIPP priority-project line; plan values are not financing events
idn-cipp-wind-046,IDN,idn-cipp-2023-cpr-mirror,wind,priority,46,PLTB NEW 1_PLTB,Java-Madura-Bali,2030,100.0,MW,,,,NO,,plan_only,747283facac512780ad757313c493d1080c39705824e72c4b231e87ecb4102b5,"Appendix 10.7, row 46",CIPP priority-project line; plan values are not financing events
idn-cipp-wind-047,IDN,idn-cipp-2023-cpr-mirror,wind,priority,47,PLTB NEW 1_PLTB,Java-Madura-Bali,2030,100.0,MW,,,,NO,,plan_only,747283facac512780ad757313c493d1080c39705824e72c4b231e87ecb4102b5,"Appendix 10.7, row 47",CIPP priority-project line; plan values are not financing events
idn-cipp-wind-048,IDN,idn-cipp-2023-cpr-mirror,wind,priority,48,PLTB NEW 3_PLTB,Java-Madura-Bali,2030,100.0,MW,,,,NO,,plan_only,747283facac512780ad757313c493d1080c39705824e72c4b231e87ecb4102b5,"Appendix 10.7, row 48",CIPP priority-project line; plan values are not financing events
idn-cipp-wind-049,IDN,idn-cipp-2023-cpr-mirror,wind,priority,49,PLTB NEW 3_PLTB,Java-Madura-Bali,2030,100.0,MW,,,,NO,,plan_only,747283facac512780ad757313c493d1080c39705824e72c4b231e87ecb4102b5,"Appendix 10.7, row 49",CIPP priority-project line; plan values are not financing events
idn-cipp-wind-050,IDN,idn-cipp-2023-cpr-mirror,wind,priority,50,PLTB Sulbagsel (Kuota) Tersebar,Sulawesi,2030,60.0,MW,,,,NO,,plan_only,747283facac512780ad757313c493d1080c39705824e72c4b231e87ecb4102b5,"Appendix 10.7, row 50",CIPP priority-project line; plan values are not financing events
idn-cipp-wind-051,IDN,idn-cipp-2023-cpr-mirror,wind,priority,51,PLTB Sulbagsel (Kuota) Tersebar,Sulawesi,2030,60.0,MW,,,,NO,,plan_only,747283facac512780ad757313c493d1080c39705824e72c4b231e87ecb4102b5,"Appendix 10.7, row 51",CIPP priority-project line; plan values are not financing events
idn-cipp-wind-052,IDN,idn-cipp-2023-cpr-mirror,wind,priority,52,PLTB NTB (Kuota) Tersebar,Maluku-Papua-Nusa Tenggara,2030,10.0,MW,,,,NO,,plan_only,747283facac512780ad757313c493d1080c39705824e72c4b231e87ecb4102b5,"Appendix 10.7, row 52",CIPP priority-project line; plan values are not financing events
idn-cipp-wind-053,IDN,idn-cipp-2023-cpr-mirror,wind,priority,53,PLTB NTB (Kuota) Tersebar,Maluku-Papua-Nusa Tenggara,2030,10.0,MW,,,,NO,,plan_only,747283facac512780ad757313c493d1080c39705824e72c4b231e87ecb4102b5,"Appendix 10.7, row 53",CIPP priority-project line; plan values are not financing events
idn-progress25-bioenergy-001,IDN,idn-jetp-progress-report-2025,bioenergy,top_priority,1,Bioenergy (Kuota) Kepulauan RIau,Kepulauan Riau,2022,4,MW,,,,,,plan_only,74fb460fd09e76607e3cff308f5ba2754f2ebd91b0c9b7613c1a041e7b361162,"Appendix 1, table 5, printed row 1",Progress Report 2025 priority-project line; plan values are not financing events
idn-progress25-bioenergy-002,IDN,idn-jetp-progress-report-2025,bioenergy,top_priority,2,Biomass Kendawangan,Kalimantan Barat,2023,2.5,MW,,,,,,plan_only,74fb460fd09e76607e3cff308f5ba2754f2ebd91b0c9b7613c1a041e7b361162,"Appendix 1, table 5, printed row 2",Progress Report 2025 priority-project line; plan values are not financing events
idn-progress25-bioenergy-003,IDN,idn-jetp-progress-report-2025,bioenergy,top_priority,3,Biomass Nanga Tayap,Kalimantan Barat,2023,2.5,MW,,,,,,plan_only,74fb460fd09e76607e3cff308f5ba2754f2ebd91b0c9b7613c1a041e7b361162,"Appendix 1, table 5, printed row 3",Progress Report 2025 priority-project line; plan values are not financing events
idn-progress25-bioenergy-004,IDN,idn-jetp-progress-report-2025,bioenergy,top_priority,4,Biomass Sei Melayu,Kalimantan Barat,2023,2.5,MW,,,,,,plan_only,74fb460fd09e76607e3cff308f5ba2754f2ebd91b0c9b7613c1a041e7b361162,"Appendix 1, table 5, printed row 4",Progress Report 2025 priority-project line; plan values are not financing events
idn-progress25-bioenergy-005,IDN,idn-jetp-progress-report-2025,bioenergy,top_priority,5,Bioenergy Khatulistiwa (Kuota) Tersebar,Kalimantan Barat,2023,7,MW,,,,,,plan_only,74fb460fd09e76607e3cff308f5ba2754f2ebd91b0c9b7613c1a041e7b361162,"Appendix 1, table 5, printed row 5",Progress Report 2025 priority-project line; plan values are not financing events
idn-progress25-bioenergy-006,IDN,idn-jetp-progress-report-2025,bioenergy,top_priority,6,Bioenergy Khatulistiwa (Kuota) Tersebar,Kalimantan Barat,2023,,MW,,,,,,plan_only,74fb460fd09e76607e3cff308f5ba2754f2ebd91b0c9b7613c1a041e7b361162,"Appendix 1, table 5, printed row 6",Progress Report 2025 priority-project line; plan values are not financing events; raw capacity=1-
idn-progress25-bioenergy-007,IDN,idn-jetp-progress-report-2025,bioenergy,top_priority,7,Bioenergy Khatulistiwa (Kuota) Tersebar,Kalimantan Barat,2023,5,MW,,,,,,plan_only,74fb460fd09e76607e3cff308f5ba2754f2ebd91b0c9b7613c1a041e7b361162,"Appendix 1, table 5, printed row 7",Progress Report 2025 priority-project line; plan values are not financing events
idn-progress25-bioenergy-008,IDN,idn-jetp-progress-report-2025,bioenergy,top_priority,8,Bioenergy Bacan (Kuota) Tersebar,Maluku Utara,2024,4,MW,,,,,,plan_only,74fb460fd09e76607e3cff308f5ba2754f2ebd91b0c9b7613c1a041e7b361162,"Appendix 1, table 5, printed row 8",Progress Report 2025 priority-project line; plan values are not financing events
idn-progress25-bioenergy-009,IDN,idn-jetp-progress-report-2025,bioenergy,top_priority,9,Bioenergy Sanana 2,Maluku Utara,2024,10,MW,,,,,,plan_only,74fb460fd09e76607e3cff308f5ba2754f2ebd91b0c9b7613c1a041e7b361162,"Appendix 1, table 5, printed row 9",Progress Report 2025 priority-project line; plan values are not financing events
idn-progress25-bioenergy-010,IDN,idn-jetp-progress-report-2025,bioenergy,top_priority,10,Bioenergy (Kuota) Kepuluauan,Sumatara Utara,2024,3,MW,,,,,,plan_only,74fb460fd09e76607e3cff308f5ba2754f2ebd91b0c9b7613c1a041e7b361162,"Appendix 1, table 5, printed row 10",Progress Report 2025 priority-project line; plan values are not financing events
idn-progress25-bioenergy-011,IDN,idn-jetp-progress-report-2025,bioenergy,top_priority,11,Bioenergy (Kuota) Kepuluauan RIau,Kepulauan Riau,2024,2.4,MW,,,,,,plan_only,74fb460fd09e76607e3cff308f5ba2754f2ebd91b0c9b7613c1a041e7b361162,"Appendix 1, table 5, printed row 11",Progress Report 2025 priority-project line; plan values are not financing events
idn-progress25-bioenergy-012,IDN,idn-jetp-progress-report-2025,bioenergy,top_priority,12,Bioenergy Sulbagsel (Kuota) Tersebar,Sulawesi Utara,2025,10,MW,,,,,,plan_only,74fb460fd09e76607e3cff308f5ba2754f2ebd91b0c9b7613c1a041e7b361162,"Appendix 1, table 5, printed row 12",Progress Report 2025 priority-project line; plan values are not financing events
idn-progress25-bioenergy-013,IDN,idn-jetp-progress-report-2025,bioenergy,top_priority,13,Bioenergy Sulbagut (Kuota) Rersebar,Sulawesi Utara,2025,10,MW,,,,,,plan_only,74fb460fd09e76607e3cff308f5ba2754f2ebd91b0c9b7613c1a041e7b361162,"Appendix 1, table 5, printed row 13",Progress Report 2025 priority-project line; plan values are not financing events
idn-progress25-bioenergy-014,IDN,idn-jetp-progress-report-2025,bioenergy,priority,14,Biomass Tanjung Semanto,Aceh,2025,9.8,MW,,,,,,plan_only,74fb460fd09e76607e3cff308f5ba2754f2ebd91b0c9b7613c1a041e7b361162,"Appendix 1, table 5, printed row 14",Progress Report 2025 priority-project line; plan values are not financing events
idn-progress25-bioenergy-015,IDN,idn-jetp-progress-report-2025,bioenergy,priority,15,Biomass Kuala Mandor,Kalimantan Barat,2025,5,MW,,,,,,plan_only,74fb460fd09e76607e3cff308f5ba2754f2ebd91b0c9b7613c1a041e7b361162,"Appendix 1, table 5, printed row 15",Progress Report 2025 priority-project line; plan values are not financing events
idn-progress25-bioenergy-016,IDN,idn-jetp-progress-report-2025,bioenergy,priority,16,Biogas Aceh Tamiang,Aceh,2026,3,MW,,,,,,plan_only,74fb460fd09e76607e3cff308f5ba2754f2ebd91b0c9b7613c1a041e7b361162,"Appendix 1, table 5, printed row 16",Progress Report 2025 priority-project line; plan values are not financing events
idn-progress25-bioenergy-017,IDN,idn-jetp-progress-report-2025,bioenergy,priority,17,Waste to Energy PLTSa Palembang,Sumatera Selatan,2026,17.7,MW,,,,,,plan_only,74fb460fd09e76607e3cff308f5ba2754f2ebd91b0c9b7613c1a041e7b361162,"Appendix 1, table 5, printed row 17",Progress Report 2025 priority-project line; plan values are not financing events
idn-progress25-bioenergy-018,IDN,idn-jetp-progress-report-2025,bioenergy,priority,18,Biomass Langsa,Aceh,2027,10,MW,,,,,,plan_only,74fb460fd09e76607e3cff308f5ba2754f2ebd91b0c9b7613c1a041e7b361162,"Appendix 1, table 5, printed row 18",Progress Report 2025 priority-project line; plan values are not financing events
idn-progress25-bioenergy-019,IDN,idn-jetp-progress-report-2025,bioenergy,top_priority,19,Biogas Sumatera (Kuota) Tersebar,Riau,2027,3,MW,,,,,,plan_only,74fb460fd09e76607e3cff308f5ba2754f2ebd91b0c9b7613c1a041e7b361162,"Appendix 1, table 5, printed row 19",Progress Report 2025 priority-project line; plan values are not financing events
idn-progress25-bioenergy-020,IDN,idn-jetp-progress-report-2025,bioenergy,priority,20,Bioenergy (Kuota) Kepulauan,Sumatera Utara,2028,3,MW,,,,,,plan_only,74fb460fd09e76607e3cff308f5ba2754f2ebd91b0c9b7613c1a041e7b361162,"Appendix 1, table 5, printed row 20",Progress Report 2025 priority-project line; plan values are not financing events
idn-progress25-bioenergy-021,IDN,idn-jetp-progress-report-2025,bioenergy,priority,21,Waste to Energy Sunter,DKI Jakarta,2028,35,MW,,,,,,plan_only,74fb460fd09e76607e3cff308f5ba2754f2ebd91b0c9b7613c1a041e7b361162,"Appendix 1, table 5, printed row 21",Progress Report 2025 priority-project line; plan values are not financing events
idn-progress25-bioenergy-022,IDN,idn-jetp-progress-report-2025,bioenergy,priority,22,Waste to Energy Banten (Kuota) Tersebar 1,Banten,2028,40,MW,,,,,,plan_only,74fb460fd09e76607e3cff308f5ba2754f2ebd91b0c9b7613c1a041e7b361162,"Appendix 1, table 5, printed row 22",Progress Report 2025 priority-project line; plan values are not financing events
idn-progress25-bioenergy-023,IDN,idn-jetp-progress-report-2025,bioenergy,priority,23,Waste to Energy Jawa Barat (Kuota) Tersebar,Jawa Barat,2028,90,MW,,,,,,plan_only,74fb460fd09e76607e3cff308f5ba2754f2ebd91b0c9b7613c1a041e7b361162,"Appendix 1, table 5, printed row 23",Progress Report 2025 priority-project line; plan values are not financing events
idn-progress25-bioenergy-024,IDN,idn-jetp-progress-report-2025,bioenergy,priority,24,Waste to Energy Legok Nangka,Jawa Barat,2029,40,MW,,,,,,plan_only,74fb460fd09e76607e3cff308f5ba2754f2ebd91b0c9b7613c1a041e7b361162,"Appendix 1, table 5, printed row 24",Progress Report 2025 priority-project line; plan values are not financing events
idn-progress25-bioenergy-025,IDN,idn-jetp-progress-report-2025,bioenergy,priority,25,Bioenergy PLTBio Bangka (Kuota) Tersebar*,Bangka Belitung,2029,2,MW,,,,,,plan_only,74fb460fd09e76607e3cff308f5ba2754f2ebd91b0c9b7613c1a041e7b361162,"Appendix 1, table 5, printed row 25",Progress Report 2025 priority-project line; plan values are not financing events
idn-progress25-bioenergy-026,IDN,idn-jetp-progress-report-2025,bioenergy,priority,26,Bioenergy PLTBio Bangka (Kuota) Tersebar*,Bangka Belitung,2029,5,MW,,,,,,plan_only,74fb460fd09e76607e3cff308f5ba2754f2ebd91b0c9b7613c1a041e7b361162,"Appendix 1, table 5, printed row 26",Progress Report 2025 priority-project line; plan values are not financing events
idn-progress25-bioenergy-027,IDN,idn-jetp-progress-report-2025,bioenergy,priority,27,Bioenergy PLTBio Bangka (Kuota) Tersebar*,Bangka Belitung,2029,5,MW,,,,,,plan_only,74fb460fd09e76607e3cff308f5ba2754f2ebd91b0c9b7613c1a041e7b361162,"Appendix 1, table 5, printed row 27",Progress Report 2025 priority-project line; plan values are not financing events
idn-progress25-bioenergy-028,IDN,idn-jetp-progress-report-2025,bioenergy,priority,28,Biogas PLTBg Belitung (Kuota) Tersebar,Bangka Belitung,2029,2,MW,,,,,,plan_only,74fb460fd09e76607e3cff308f5ba2754f2ebd91b0c9b7613c1a041e7b361162,"Appendix 1, table 5, printed row 28",Progress Report 2025 priority-project line; plan values are not financing events
idn-progress25-bioenergy-029,IDN,idn-jetp-progress-report-2025,bioenergy,priority,29,Biogas 1) Kalimantan (Kuota) Tersebar,Kalimantan Barat,2029,7.5,MW,,,,,,plan_only,74fb460fd09e76607e3cff308f5ba2754f2ebd91b0c9b7613c1a041e7b361162,"Appendix 1, table 5, printed row 29",Progress Report 2025 priority-project line; plan values are not financing events
idn-progress25-bioenergy-030,IDN,idn-jetp-progress-report-2025,bioenergy,priority,30,Biogas Kalimantan (Kuota) Tersebar 2),Kalimantan Tengah,2029,3.8,MW,,,,,,plan_only,74fb460fd09e76607e3cff308f5ba2754f2ebd91b0c9b7613c1a041e7b361162,"Appendix 1, table 5, printed row 30",Progress Report 2025 priority-project line; plan values are not financing events
idn-progress25-bioenergy-031,IDN,idn-jetp-progress-report-2025,bioenergy,priority,31,Waste to Energy Jawa-Bali (Kuota) Tersebar,DKI Jakarta,2029,150,MW,,,,,,plan_only,74fb460fd09e76607e3cff308f5ba2754f2ebd91b0c9b7613c1a041e7b361162,"Appendix 1, table 5, printed row 31",Progress Report 2025 priority-project line; plan values are not financing events
idn-progress25-bioenergy-032,IDN,idn-jetp-progress-report-2025,bioenergy,top_priority,32,Biomass Namlea 2,Maluku,2029,10,MW,,,,,,plan_only,74fb460fd09e76607e3cff308f5ba2754f2ebd91b0c9b7613c1a041e7b361162,"Appendix 1, table 5, printed row 32",Progress Report 2025 priority-project line; plan values are not financing events
idn-progress25-bioenergy-033,IDN,idn-jetp-progress-report-2025,bioenergy,top_priority,33,Biomass Dobo 2,Maluku,2029,5,MW,,,,,,plan_only,74fb460fd09e76607e3cff308f5ba2754f2ebd91b0c9b7613c1a041e7b361162,"Appendix 1, table 5, printed row 33",Progress Report 2025 priority-project line; plan values are not financing events
idn-progress25-bioenergy-034,IDN,idn-jetp-progress-report-2025,bioenergy,top_priority,34,Biomass Dobo 2,Maluku,2029,5,MW,,,,,,plan_only,74fb460fd09e76607e3cff308f5ba2754f2ebd91b0c9b7613c1a041e7b361162,"Appendix 1, table 5, printed row 34",Progress Report 2025 priority-project line; plan values are not financing events
idn-progress25-bioenergy-035,IDN,idn-jetp-progress-report-2025,bioenergy,top_priority,35,Biomass Saumlaki 2,Maluku,2029,10,MW,,,,,,plan_only,74fb460fd09e76607e3cff308f5ba2754f2ebd91b0c9b7613c1a041e7b361162,"Appendix 1, table 5, printed row 35",Progress Report 2025 priority-project line; plan values are not financing events
idn-progress25-bioenergy-036,IDN,idn-jetp-progress-report-2025,bioenergy,top_priority,36,Biomass Seram (Kuota) Tersebar,Maluku,2029,6,MW,,,,,,plan_only,74fb460fd09e76607e3cff308f5ba2754f2ebd91b0c9b7613c1a041e7b361162,"Appendix 1, table 5, printed row 36",Progress Report 2025 priority-project line; plan values are not financing events
idn-progress25-bioenergy-037,IDN,idn-jetp-progress-report-2025,bioenergy,top_priority,37,Biomass Langgur,Maluku,2029,10,MW,,,,,,plan_only,74fb460fd09e76607e3cff308f5ba2754f2ebd91b0c9b7613c1a041e7b361162,"Appendix 1, table 5, printed row 37",Progress Report 2025 priority-project line; plan values are not financing events
idn-progress25-bioenergy-038,IDN,idn-jetp-progress-report-2025,bioenergy,priority,38,Biomass Merauke 3,"Papua, Papua Pegunungan, Papua Tengah, Papua Selatan",2029,10,MW,,,,,,plan_only,74fb460fd09e76607e3cff308f5ba2754f2ebd91b0c9b7613c1a041e7b361162,"Appendix 1, table 5, printed row 38",Progress Report 2025 priority-project line; plan values are not financing events
idn-progress25-bioenergy-039,IDN,idn-jetp-progress-report-2025,bioenergy,top_priority,39,Biomass Sumbawa - Bima (Kuota) Tersebar,Nusa Tenggara Barat,2029,10,MW,,,,,,plan_only,74fb460fd09e76607e3cff308f5ba2754f2ebd91b0c9b7613c1a041e7b361162,"Appendix 1, table 5, printed row 39",Progress Report 2025 priority-project line; plan values are not financing events
idn-progress25-bioenergy-040,IDN,idn-jetp-progress-report-2025,bioenergy,priority,40,-Biomass Timor (Kuota) Tersebar,Nusa Tenggara Timur,2029,5,MW,,,,,,plan_only,74fb460fd09e76607e3cff308f5ba2754f2ebd91b0c9b7613c1a041e7b361162,"Appendix 1, table 5, printed row 40",Progress Report 2025 priority-project line; plan values are not financing events
idn-progress25-bioenergy-041,IDN,idn-jetp-progress-report-2025,bioenergy,priority,41,Biomass Isolated Nusa Tenggara Timur,Nusa Tenggara Timur,2029,0.5,MW,,,,,,plan_only,74fb460fd09e76607e3cff308f5ba2754f2ebd91b0c9b7613c1a041e7b361162,"Appendix 1, table 5, printed row 41",Progress Report 2025 priority-project line; plan values are not financing events
idn-progress25-bioenergy-042,IDN,idn-jetp-progress-report-2025,bioenergy,priority,42,Biomass 1) Kalimantan (Kuota) Tersebar,Kalimantan Barat,2030,17,MW,,,,,,plan_only,74fb460fd09e76607e3cff308f5ba2754f2ebd91b0c9b7613c1a041e7b361162,"Appendix 1, table 5, printed row 42",Progress Report 2025 priority-project line; plan values are not financing events
idn-progress25-bioenergy-043,IDN,idn-jetp-progress-report-2025,bioenergy,priority,43,Waste to Energy Banten (Kuota) Tersebar 2,Banten,2030,40,MW,,,,,,plan_only,74fb460fd09e76607e3cff308f5ba2754f2ebd91b0c9b7613c1a041e7b361162,"Appendix 1, table 5, printed row 43",Progress Report 2025 priority-project line; plan values are not financing events
idn-progress25-bioenergy-044,IDN,idn-jetp-progress-report-2025,bioenergy,priority,44,Waste to Energy Jawa Tengah (Kuota) Tersebar,Jawa Tengah,2030,20,MW,,,,,,plan_only,74fb460fd09e76607e3cff308f5ba2754f2ebd91b0c9b7613c1a041e7b361162,"Appendix 1, table 5, printed row 44",Progress Report 2025 priority-project line; plan values are not financing events
idn-progress25-bioenergy-045,IDN,idn-jetp-progress-report-2025,bioenergy,priority,45,Waste to Energy Jawa Tengah (Kuota) Tersebar,Jawa Tengah,2030,5,MW,,,,,,plan_only,74fb460fd09e76607e3cff308f5ba2754f2ebd91b0c9b7613c1a041e7b361162,"Appendix 1, table 5, printed row 45",Progress Report 2025 priority-project line; plan values are not financing events
idn-progress25-bioenergy-046,IDN,idn-jetp-progress-report-2025,bioenergy,priority,46,Biomass Sulbagsel (Kuota) Tersebar Tambahan,Sulawesi Tenggara,2030,100,MW,,,,,,plan_only,74fb460fd09e76607e3cff308f5ba2754f2ebd91b0c9b7613c1a041e7b361162,"Appendix 1, table 5, printed row 46",Progress Report 2025 priority-project line; plan values are not financing events
idn-progress25-bioenergy-047,IDN,idn-jetp-progress-report-2025,bioenergy,priority,47,Bioenergy Halmahera (Kuota) Tersebar,Maluku Utara,2030,30,MW,,,,,,plan_only,74fb460fd09e76607e3cff308f5ba2754f2ebd91b0c9b7613c1a041e7b361162,"Appendix 1, table 5, printed row 47",Progress Report 2025 priority-project line; plan values are not financing events
idn-progress25-bioenergy-048,IDN,idn-jetp-progress-report-2025,bioenergy,priority,48,Biomass 1) Kalimantan (Kuota) Tersebar,Kalimantan Barat,2031,10,MW,,,,,,plan_only,74fb460fd09e76607e3cff308f5ba2754f2ebd91b0c9b7613c1a041e7b361162,"Appendix 1, table 5, printed row 48",Progress Report 2025 priority-project line; plan values are not financing events
idn-progress25-bioenergy-049,IDN,idn-jetp-progress-report-2025,bioenergy,priority,49,Biogas 1) Kalimantan (Kuota) Tersebar,Kalimantan Barat,2031,4,MW,,,,,,plan_only,74fb460fd09e76607e3cff308f5ba2754f2ebd91b0c9b7613c1a041e7b361162,"Appendix 1, table 5, printed row 49",Progress Report 2025 priority-project line; plan values are not financing events
idn-progress25-bioenergy-050,IDN,idn-jetp-progress-report-2025,bioenergy,priority,50,Biomass Kaimana 2,"Papua Barat, Papua Barat Daya",2031,10,MW,,,,,,plan_only,74fb460fd09e76607e3cff308f5ba2754f2ebd91b0c9b7613c1a041e7b361162,"Appendix 1, table 5, printed row 50",Progress Report 2025 priority-project line; plan values are not financing events
idn-progress25-bioenergy-051,IDN,idn-jetp-progress-report-2025,bioenergy,priority,51,Biogas PLTBg Belitung (Kuota) Tersebar,Bangka Belitung,2032,4,MW,,,,,,plan_only,74fb460fd09e76607e3cff308f5ba2754f2ebd91b0c9b7613c1a041e7b361162,"Appendix 1, table 5, printed row 51",Progress Report 2025 priority-project line; plan values are not financing events
idn-progress25-bioenergy-052,IDN,idn-jetp-progress-report-2025,bioenergy,priority,52,Biomass 1) Kalimantan (Kuota) Tersebar,Kalimantan Barat,2032,16,MW,,,,,,plan_only,74fb460fd09e76607e3cff308f5ba2754f2ebd91b0c9b7613c1a041e7b361162,"Appendix 1, table 5, printed row 52",Progress Report 2025 priority-project line; plan values are not financing events
idn-progress25-bioenergy-053,IDN,idn-jetp-progress-report-2025,bioenergy,priority,53,Bioenergy Simeulue (Kuota) Tersebar,Aceh,2033,3,MW,,,,,,plan_only,74fb460fd09e76607e3cff308f5ba2754f2ebd91b0c9b7613c1a041e7b361162,"Appendix 1, table 5, printed row 53",Progress Report 2025 priority-project line; plan values are not financing events
idn-progress25-bioenergy-054,IDN,idn-jetp-progress-report-2025,bioenergy,priority,54,Biogas PLTBg Belitung (Kuota) Tersebar,Bangka Belitung,2033,4,MW,,,,,,plan_only,74fb460fd09e76607e3cff308f5ba2754f2ebd91b0c9b7613c1a041e7b361162,"Appendix 1, table 5, printed row 54",Progress Report 2025 priority-project line; plan values are not financing events
idn-progress25-bioenergy-055,IDN,idn-jetp-progress-report-2025,bioenergy,priority,55,Biomass 1) Kalimantan (Kuota) Tersebar,Kalimantan Barat,2033,5,MW,,,,,,plan_only,74fb460fd09e76607e3cff308f5ba2754f2ebd91b0c9b7613c1a041e7b361162,"Appendix 1, table 5, printed row 55",Progress Report 2025 priority-project line; plan values are not financing events
idn-progress25-bioenergy-056,IDN,idn-jetp-progress-report-2025,bioenergy,priority,56,Biogas 1) Kalimantan (Kuota) Tersebar,Kalimantan Barat,2033,1.2,MW,,,,,,plan_only,74fb460fd09e76607e3cff308f5ba2754f2ebd91b0c9b7613c1a041e7b361162,"Appendix 1, table 5, printed row 56",Progress Report 2025 priority-project line; plan values are not financing events
idn-progress25-bioenergy-057,IDN,idn-jetp-progress-report-2025,bioenergy,priority,57,Waste to Energy Bali (Kuota) Tersebar,Bali,2033,19,MW,,,,,,plan_only,74fb460fd09e76607e3cff308f5ba2754f2ebd91b0c9b7613c1a041e7b361162,"Appendix 1, table 5, printed row 57",Progress Report 2025 priority-project line; plan values are not financing events
idn-progress25-bioenergy-058,IDN,idn-jetp-progress-report-2025,bioenergy,priority,58,Bioenergy Sulbagut (Kuota) Tersebar Tambahan,Sulawesi Utara,-,20,MW,,,,,,plan_only,74fb460fd09e76607e3cff308f5ba2754f2ebd91b0c9b7613c1a041e7b361162,"Appendix 1, table 5, printed row 58",Progress Report 2025 priority-project line; plan values are not financing events
idn-progress25-energy-efficiency-001,IDN,idn-jetp-progress-report-2025,energy_efficiency,priority,1,MRT Jakarta East-West Line,,,,,,,,,idn-fin-mrt-east-west,matched,74fb460fd09e76607e3cff308f5ba2754f2ebd91b0c9b7613c1a041e7b361162,"Appendix 1, table 1, printed row 1","Progress Report 2025 priority-project line; DK Jakarta aims to increase their transportation capacity in the western to eastern part of the province through the development of a Mass Rapid Transit (MRT) system to alleviate traffic congestion and contribute to enhancing the investment climate in the Jakarta metropolitan area, with an investment of USD 1,027 million."
idn-progress25-energy-efficiency-002,IDN,idn-jetp-progress-report-2025,energy_efficiency,priority,2,MRT Jakarta North-East Line,,,,,,,,,,plan_only,74fb460fd09e76607e3cff308f5ba2754f2ebd91b0c9b7613c1a041e7b361162,"Appendix 1, table 1, printed row 2","Progress Report 2025 priority-project line; DK Jakarta aims to increase their mass rapid transportation services and capacity to contribute to economic development and investment, and reduce traffic congestion in the Jakarta metropolitan area, with an investment of USD 764.5 million."
idn-progress25-energy-efficiency-003,IDN,idn-jetp-progress-report-2025,energy_efficiency,priority,3,Energy Efficiency & Rooftop Solar PV in 27 Public Hospital in Jakarta,,,,,,,,,idn-pipe-rsud-energy-efficiency,matched,74fb460fd09e76607e3cff308f5ba2754f2ebd91b0c9b7613c1a041e7b361162,"Appendix 1, table 1, printed row 3","Progress Report 2025 priority-project line; DK Jakarta plans to achieve Net Zero by 2050 by implementing energy efficiency measures and rooftop solar PV in 27 public hospitals, with an estimated investment of USD 9 million, potential annual cost savings of USD 1.8 million, and potential emission reductions of 27,885 tCO per year. 2"
idn-progress25-energy-efficiency-004,IDN,idn-jetp-progress-report-2025,energy_efficiency,priority,4,Energy efficiency in F&B company,,,,,,,,,,plan_only,74fb460fd09e76607e3cff308f5ba2754f2ebd91b0c9b7613c1a041e7b361162,"Appendix 1, table 1, printed row 4","Progress Report 2025 priority-project line; One company in the FnB industry has successfully reduced their emissions by 40% by 2021 and is targeting Net Zero Emissions by 2030. Additional planned activities include retrofitting the chiller FSB, installing an electric boiler, making motor replacements, etc., with an estimated investment of approximately USD 8 million."
idn-progress25-energy-efficiency-005,IDN,idn-jetp-progress-report-2025,energy_efficiency,priority,5,Energy efficiency in petrochemical company,,,,,,,,,,plan_only,74fb460fd09e76607e3cff308f5ba2754f2ebd91b0c9b7613c1a041e7b361162,"Appendix 1, table 1, printed row 5","Progress Report 2025 priority-project line; A petrochemical company aims to achieve net zero emissions by 2060. Planned activities include digitizing technologies, improving surface condensers, and replacing furnace firebricks, with an estimated investment of USD 18.5 million. Potential future projects, such as boiler and furnace electrification and carbon capture, may require over USD 500 million."
idn-progress25-energy-efficiency-006,IDN,idn-jetp-progress-report-2025,energy_efficiency,priority,6,Energy efficiency in hospital,,,,,,,,,,plan_only,74fb460fd09e76607e3cff308f5ba2754f2ebd91b0c9b7613c1a041e7b361162,"Appendix 1, table 1, printed row 6","Progress Report 2025 priority-project line; A hospital had received a level-1 walkthrough audit supported by a grant from ETP UNOPS. The result has been presented to the management, with a potential boiler system retrofit and HVAC. The management is keen to move forward with a KSO (service agreement) type of contract with an ESCO."
idn-progress25-energy-efficiency-007,IDN,idn-jetp-progress-report-2025,energy_efficiency,priority,7,Energy efficiency in petrochemical company,,,,,,,,,,plan_only,74fb460fd09e76607e3cff308f5ba2754f2ebd91b0c9b7613c1a041e7b361162,"Appendix 1, table 1, printed row 7","Progress Report 2025 priority-project line; A large petrochemical manufacturing company in Indonesia uses steam cracking in the process to break down saturated hydrocarbons into smaller hydrocarbons. The company plans to shift from using conventional fossil fuel-based steam-cracking furnaces to electric furnaces. In addition, energy efficiency improvements will also be implemented, such as installing a Real-Time Optimizer (RTO), which helps improve system optimization using control systems, upgrading furnace refractories to reduce heat loss, waste heat recovery, installing high-efficiency motors and steam turbine electrification. The estimated investment requirement amounts to approximately USD 70.5 million."
idn-progress25-energy-efficiency-008,IDN,idn-jetp-progress-report-2025,energy_efficiency,priority,8,Energy efficiency in F&B company,,,,,,,,,,plan_only,74fb460fd09e76607e3cff308f5ba2754f2ebd91b0c9b7613c1a041e7b361162,"Appendix 1, table 1, printed row 8","Progress Report 2025 priority-project line; An FnB company that produces ionized drinks and food products. Energy efficiency improvements are to be implemented in: 1. Boiler and reduction of losses in the steam systems. 2. Electrical systems → replacing chiller units, compressors, motors, and transformers. The expected electricity savings of 2,551 MWh/year."
idn-progress25-energy-efficiency-009,IDN,idn-jetp-progress-report-2025,energy_efficiency,priority,9,Energy efficiency in F&B company,,,,,,,,,,plan_only,74fb460fd09e76607e3cff308f5ba2754f2ebd91b0c9b7613c1a041e7b361162,"Appendix 1, table 1, printed row 9","Progress Report 2025 priority-project line; An F&B company utilizes both heat (in the form of steam) and electricity in its process. Based on the energy audit recommendations, energy efficiency improvements will be implemented for: 1. Steam systems → upgrading burner control systems, installing economizers, and heat recovery; 2. Electricity systems → controllers for compressors, replacing motors, and optimization of pump systems to potentially save 2,513 MWh/year of electricity."
idn-progress25-energy-efficiency-010,IDN,idn-jetp-progress-report-2025,energy_efficiency,priority,10,Energy efficiency in F&B company,,,,,,,,,,plan_only,74fb460fd09e76607e3cff308f5ba2754f2ebd91b0c9b7613c1a041e7b361162,"Appendix 1, table 1, printed row 10","Progress Report 2025 priority-project line; An FnB company with an integrated plantation and processing facility for pineapple products. Energy efficiency will be implemented in the canning process as it consumes both heat (in the form of steam) and electricity, focus: 1. Steam system → reducing steam losses in the steam distribution system and final uses in different production line processes; 2. Electricity systems → efforts include reducing electricity losses in the transformers and improving energy efficiency for motor replacement and compressed air systems, potential savings in the electricity systems are 1,244 MWh/year."
idn-progress25-energy-efficiency-011,IDN,idn-jetp-progress-report-2025,energy_efficiency,priority,11,Energy efficiency in F&B company,,,,,,,,,,plan_only,74fb460fd09e76607e3cff308f5ba2754f2ebd91b0c9b7613c1a041e7b361162,"Appendix 1, table 1, printed row 11","Progress Report 2025 priority-project line; An FnB company that produces dairy products in the form of sweet, condensed milk and ultra-high temperature (UHT) milk. Energy efficiency efforts for: 1. Steam systems → focus only on the boiler and none of the demand end-use equipment of each process; 2. Electrical systems → include replacing screw-type compressors with centrifugal compressors, improving control systems for compressed air and chilled water tank systems, and transformer upgrades."
idn-progress25-energy-efficiency-012,IDN,idn-jetp-progress-report-2025,energy_efficiency,priority,12,Energy efficiency in F&B company,,,,,,,,,,plan_only,74fb460fd09e76607e3cff308f5ba2754f2ebd91b0c9b7613c1a041e7b361162,"Appendix 1, table 1, printed row 12","Progress Report 2025 priority-project line; An FnB company that produces a variety of products, including soy products and chili products. Energy efficiency: 1. Steam systems tackle energy efficiency in the boiler system, demand-side/process equipment, and distribution system. 2. Electrical systems → motor-driven equipment such as compressors, fans, and pumps, as well as reducing losses from transformers, potential electricity savings amount to 778 MWh/year."
idn-progress25-energy-efficiency-013,IDN,idn-jetp-progress-report-2025,energy_efficiency,priority,13,Energy efficiency in F&B company,,,,,,,,,,plan_only,74fb460fd09e76607e3cff308f5ba2754f2ebd91b0c9b7613c1a041e7b361162,"Appendix 1, table 1, printed row 13","Progress Report 2025 priority-project line; An FnB company that produces a variety of products, primarily snacks. Energy efficiency for: 1. Steam systems → include replacing dryers used in the drying process and energy efficiency improvements for roasters and cylinder dryers; 2. Electrical systems → improve energy efficiency for dryers and compressors, resulting in potential electricity savings of 93.13 MWh/year."
idn-progress25-geothermal-001,IDN,idn-jetp-progress-report-2025,geothermal,priority,1,Geothermal Lumut Balai (FTP2) #2,Sumatera Selatan,2025,55,MW,,,,,,plan_only,74fb460fd09e76607e3cff308f5ba2754f2ebd91b0c9b7613c1a041e7b361162,"Appendix 1, table 4, printed row 1",Progress Report 2025 priority-project line; plan values are not financing events
idn-progress25-geothermal-002,IDN,idn-jetp-progress-report-2025,geothermal,priority,2,Geothermal Gunung Salak Small Scale Binary,Jawa Barat,2025,15,MW,,,,,,plan_only,74fb460fd09e76607e3cff308f5ba2754f2ebd91b0c9b7613c1a041e7b361162,"Appendix 1, table 4, printed row 2",Progress Report 2025 priority-project line; plan values are not financing events
idn-progress25-geothermal-003,IDN,idn-jetp-progress-report-2025,geothermal,priority,3,Geothermal Ijen (FTP2),Jawa Timur,2025,30,MW,,,,,,plan_only,74fb460fd09e76607e3cff308f5ba2754f2ebd91b0c9b7613c1a041e7b361162,"Appendix 1, table 4, printed row 3",Progress Report 2025 priority-project line; plan values are not financing events
idn-progress25-geothermal-004,IDN,idn-jetp-progress-report-2025,geothermal,priority,4,Geothermal Gunung Salak 7,Jawa Barat,2026,40,MW,,,,,,plan_only,74fb460fd09e76607e3cff308f5ba2754f2ebd91b0c9b7613c1a041e7b361162,"Appendix 1, table 4, printed row 4",Progress Report 2025 priority-project line; plan values are not financing events
idn-progress25-geothermal-005,IDN,idn-jetp-progress-report-2025,geothermal,priority,5,Geothermal Patuha (FTP2),Jawa Barat,2026,55,MW,,,,,idn-grant-patuha-2,matched,74fb460fd09e76607e3cff308f5ba2754f2ebd91b0c9b7613c1a041e7b361162,"Appendix 1, table 4, printed row 5",Progress Report 2025 priority-project line; plan values are not financing events
idn-progress25-geothermal-006,IDN,idn-jetp-progress-report-2025,geothermal,priority,6,Geothermal Sumatera (Kuota) Tersebar*,Lampung,2027,40,MW,,,,,,plan_only,74fb460fd09e76607e3cff308f5ba2754f2ebd91b0c9b7613c1a041e7b361162,"Appendix 1, table 4, printed row 6",Progress Report 2025 priority-project line; plan values are not financing events
idn-progress25-geothermal-007,IDN,idn-jetp-progress-report-2025,geothermal,top_priority,7,Geothermal Ulubelu Bottoming Unit (30 MW),Lampung,202,30,MW,,,,,,plan_only,74fb460fd09e76607e3cff308f5ba2754f2ebd91b0c9b7613c1a041e7b361162,"Appendix 1, table 4, printed row 7",Progress Report 2025 priority-project line; plan values are not financing events
idn-progress25-geothermal-008,IDN,idn-jetp-progress-report-2025,geothermal,top_priority,8,Geothermal Ulubelu Low Pressure (10 MW),Lampung,2027,10,MW,,,,,,plan_only,74fb460fd09e76607e3cff308f5ba2754f2ebd91b0c9b7613c1a041e7b361162,"Appendix 1, table 4, printed row 8",Progress Report 2025 priority-project line; plan values are not financing events
idn-progress25-geothermal-009,IDN,idn-jetp-progress-report-2025,geothermal,top_priority,9,Geothermal Kamojang Low Pressure (5 MW),Jawa Barat,2027,5,MW,,,,,,plan_only,74fb460fd09e76607e3cff308f5ba2754f2ebd91b0c9b7613c1a041e7b361162,"Appendix 1, table 4, printed row 9",Progress Report 2025 priority-project line; plan values are not financing events
idn-progress25-geothermal-010,IDN,idn-jetp-progress-report-2025,geothermal,priority,10,Geothermal Wayang Windu (FTP2),Jawa Barat,2027,30,MW,,,,,,plan_only,74fb460fd09e76607e3cff308f5ba2754f2ebd91b0c9b7613c1a041e7b361162,"Appendix 1, table 4, printed row 10",Progress Report 2025 priority-project line; plan values are not financing events
idn-progress25-geothermal-011,IDN,idn-jetp-progress-report-2025,geothermal,priority,11,Geothermal Jawa - Bali (Kuota) Tersebar,Jawa Barat,2027,5,MW,,,,,,plan_only,74fb460fd09e76607e3cff308f5ba2754f2ebd91b0c9b7613c1a041e7b361162,"Appendix 1, table 4, printed row 11",Progress Report 2025 priority-project line; plan values are not financing events
idn-progress25-geothermal-012,IDN,idn-jetp-progress-report-2025,geothermal,priority,12,Geothermal Dieng (FTP2),Jawa Tengah,2027,55,MW,,,,,,plan_only,74fb460fd09e76607e3cff308f5ba2754f2ebd91b0c9b7613c1a041e7b361162,"Appendix 1, table 4, printed row 12",Progress Report 2025 priority-project line; plan values are not financing events
idn-progress25-geothermal-013,IDN,idn-jetp-progress-report-2025,geothermal,top_priority,13,Geothermal Ijen (FTP2),Jawa Timur,2027,30,MW,,,,,,plan_only,74fb460fd09e76607e3cff308f5ba2754f2ebd91b0c9b7613c1a041e7b361162,"Appendix 1, table 4, printed row 13",Progress Report 2025 priority-project line; plan values are not financing events
idn-progress25-geothermal-014,IDN,idn-jetp-progress-report-2025,geothermal,top_priority,14,Geothermal Ijen (FTP2),Jawa Timur,2027,50,MW,,,,,,plan_only,74fb460fd09e76607e3cff308f5ba2754f2ebd91b0c9b7613c1a041e7b361162,"Appendix 1, table 4, printed row 14",Progress Report 2025 priority-project line; plan values are not financing events
idn-progress25-geothermal-015,IDN,idn-jetp-progress-report-2025,geothermal,top_priority,15,Geothermal Lahendong Bottoming Unit #1 (15 MW),Sumatera Utara,2027,15,MW,,,,,,plan_only,74fb460fd09e76607e3cff308f5ba2754f2ebd91b0c9b7613c1a041e7b361162,"Appendix 1, table 4, printed row 15",Progress Report 2025 priority-project line; plan values are not financing events
idn-progress25-geothermal-016,IDN,idn-jetp-progress-report-2025,geothermal,top_priority,16,Geothermal Lahendong Low Pressure (15 MW),Sumatera Utara,2027,15,MW,,,,,,plan_only,74fb460fd09e76607e3cff308f5ba2754f2ebd91b0c9b7613c1a041e7b361162,"Appendix 1, table 4, printed row 16",Progress Report 2025 priority-project line; plan values are not financing events
idn-progress25-geothermal-017,IDN,idn-jetp-progress-report-2025,geothermal,top_priority,17,Geothermal Lahendong #7 (20 MW),Sulawesi Utara,2-27,20,MW,,,,,,plan_only,74fb460fd09e76607e3cff308f5ba2754f2ebd91b0c9b7613c1a041e7b361162,"Appendix 1, table 4, printed row 17",Progress Report 2025 priority-project line; plan values are not financing events
idn-progress25-geothermal-018,IDN,idn-jetp-progress-report-2025,geothermal,top_priority,18,Geothermal Hululais (FTP2),Bengkulu,2028,55,MW,,,,,idn-pipe-hululais-1-2,matched,74fb460fd09e76607e3cff308f5ba2754f2ebd91b0c9b7613c1a041e7b361162,"Appendix 1, table 4, printed row 18",Progress Report 2025 priority-project line; plan values are not financing events
idn-progress25-geothermal-019,IDN,idn-jetp-progress-report-2025,geothermal,top_priority,19,Geothermal Hululais (FTP2),Bengkulu,2028,55,MW,,,,,idn-pipe-hululais-1-2,matched,74fb460fd09e76607e3cff308f5ba2754f2ebd91b0c9b7613c1a041e7b361162,"Appendix 1, table 4, printed row 19",Progress Report 2025 priority-project line; plan values are not financing events
idn-progress25-geothermal-020,IDN,idn-jetp-progress-report-2025,geothermal,top_priority,20,Geothermal Cibuni (FTP2),Jawa Barat,2028,10,MW,,,,,,plan_only,74fb460fd09e76607e3cff308f5ba2754f2ebd91b0c9b7613c1a041e7b361162,"Appendix 1, table 4, printed row 20",Progress Report 2025 priority-project line; plan values are not financing events
idn-progress25-geothermal-021,IDN,idn-jetp-progress-report-2025,geothermal,top_priority,21,Geothermal Wayang Windu,Jawa Barat,2028,30,MW,,,,,,plan_only,74fb460fd09e76607e3cff308f5ba2754f2ebd91b0c9b7613c1a041e7b361162,"Appendix 1, table 4, printed row 21",Progress Report 2025 priority-project line; plan values are not financing events
idn-progress25-geothermal-022,IDN,idn-jetp-progress-report-2025,geothermal,top_priority,22,Geothermal Dieng (FTP2),Jawa Tengah,2028,35,MW,,,,,,plan_only,74fb460fd09e76607e3cff308f5ba2754f2ebd91b0c9b7613c1a041e7b361162,"Appendix 1, table 4, printed row 22",Progress Report 2025 priority-project line; plan values are not financing events
idn-progress25-geothermal-023,IDN,idn-jetp-progress-report-2025,geothermal,top_priority,23,Geothermal Bedugul,Bali,2028,5,MW,,,,,,plan_only,74fb460fd09e76607e3cff308f5ba2754f2ebd91b0c9b7613c1a041e7b361162,"Appendix 1, table 4, printed row 23",Progress Report 2025 priority-project line; plan values are not financing events
idn-progress25-geothermal-024,IDN,idn-jetp-progress-report-2025,geothermal,priority,24,Geothermal Buru (Kuota) Tersebar,Maluku,2028,20,MW,,,,,,plan_only,74fb460fd09e76607e3cff308f5ba2754f2ebd91b0c9b7613c1a041e7b361162,"Appendix 1, table 4, printed row 24",Progress Report 2025 priority-project line; plan values are not financing events
idn-progress25-geothermal-025,IDN,idn-jetp-progress-report-2025,geothermal,priority,25,Geothermal Sokoria (FTP2),Nusa Tenggara Timur,2028,11,MW,,,,,,plan_only,74fb460fd09e76607e3cff308f5ba2754f2ebd91b0c9b7613c1a041e7b361162,"Appendix 1, table 4, printed row 25",Progress Report 2025 priority-project line; plan values are not financing events
idn-progress25-geothermal-026,IDN,idn-jetp-progress-report-2025,geothermal,priority,26,Geothermal Jawa-Bali (Kuota) Tersebar,Jawa Barat,2029,25,MW,,,,,,plan_only,74fb460fd09e76607e3cff308f5ba2754f2ebd91b0c9b7613c1a041e7b361162,"Appendix 1, table 4, printed row 26",Progress Report 2025 priority-project line; plan values are not financing events
idn-progress25-geothermal-027,IDN,idn-jetp-progress-report-2025,geothermal,priority,27,Geothermal Seram (Kuota) Tersebar,Maluku,2029,25,MW,,,,,,plan_only,74fb460fd09e76607e3cff308f5ba2754f2ebd91b0c9b7613c1a041e7b361162,"Appendix 1, table 4, printed row 27",Progress Report 2025 priority-project line; plan values are not financing events
idn-progress25-geothermal-028,IDN,idn-jetp-progress-report-2025,geothermal,top_priority,28,Geothermal Lahendong Bottoming Unit #2 (10 MW),Sulawesi Utara,2029,10,MW,,,,,,plan_only,74fb460fd09e76607e3cff308f5ba2754f2ebd91b0c9b7613c1a041e7b361162,"Appendix 1, table 4, printed row 28",Progress Report 2025 priority-project line; plan values are not financing events
idn-progress25-geothermal-029,IDN,idn-jetp-progress-report-2025,geothermal,top_priority,29,Geothermal Lahendong #8 (20 MW),Sulawesi Utara,2029,20,MW,,,,,,plan_only,74fb460fd09e76607e3cff308f5ba2754f2ebd91b0c9b7613c1a041e7b361162,"Appendix 1, table 4, printed row 29",Progress Report 2025 priority-project line; plan values are not financing events
idn-progress25-geothermal-030,IDN,idn-jetp-progress-report-2025,geothermal,top_priority,30,Geothermal Sokoria (FTP2),Nusa Tenggara Timur,2029,11,MW,,,,,,plan_only,74fb460fd09e76607e3cff308f5ba2754f2ebd91b0c9b7613c1a041e7b361162,"Appendix 1, table 4, printed row 30",Progress Report 2025 priority-project line; plan values are not financing events
idn-progress25-geothermal-031,IDN,idn-jetp-progress-report-2025,geothermal,top_priority,31,Geothermal Songa Wayaua # 1,Maluku Utara,2030,5,MW,,,,,,plan_only,74fb460fd09e76607e3cff308f5ba2754f2ebd91b0c9b7613c1a041e7b361162,"Appendix 1, table 4, printed row 31",Progress Report 2025 priority-project line; plan values are not financing events
idn-progress25-geothermal-032,IDN,idn-jetp-progress-report-2025,geothermal,top_priority,32,Geothermal Songa Wayaua # 2,Maluku Utara,2030,5,MW,,,,,,plan_only,74fb460fd09e76607e3cff308f5ba2754f2ebd91b0c9b7613c1a041e7b361162,"Appendix 1, table 4, printed row 32",Progress Report 2025 priority-project line; plan values are not financing events
idn-progress25-geothermal-033,IDN,idn-jetp-progress-report-2025,geothermal,top_priority,33,Geothermal Rantau Dedap (FTP2),Sumatera Selatan,2030,134,MW,,,,,,plan_only,74fb460fd09e76607e3cff308f5ba2754f2ebd91b0c9b7613c1a041e7b361162,"Appendix 1, table 4, printed row 33",Progress Report 2025 priority-project line; plan values are not financing events
idn-progress25-geothermal-034,IDN,idn-jetp-progress-report-2025,geothermal,top_priority,34,Geothermal Rantau Dedap (FTP2),Sumatera Selatan,2030,134,MW,,,,,,plan_only,74fb460fd09e76607e3cff308f5ba2754f2ebd91b0c9b7613c1a041e7b361162,"Appendix 1, table 4, printed row 34",Progress Report 2025 priority-project line; plan values are not financing events
idn-progress25-geothermal-035,IDN,idn-jetp-progress-report-2025,geothermal,top_priority,35,Geothermal Kepahiang #2,Bengkulu,2030,55,MW,,,,,,plan_only,74fb460fd09e76607e3cff308f5ba2754f2ebd91b0c9b7613c1a041e7b361162,"Appendix 1, table 4, printed row 35",Progress Report 2025 priority-project line; plan values are not financing events
idn-progress25-geothermal-036,IDN,idn-jetp-progress-report-2025,geothermal,top_priority,36,Geothermal Kepahiang #1,Bengkulu,2030,55,MW,,,,,,plan_only,74fb460fd09e76607e3cff308f5ba2754f2ebd91b0c9b7613c1a041e7b361162,"Appendix 1, table 4, printed row 36",Progress Report 2025 priority-project line; plan values are not financing events
idn-progress25-geothermal-037,IDN,idn-jetp-progress-report-2025,geothermal,top_priority,37,Geothermal Rawadano (FTP2),Banten,2030,30,MW,,,,,,plan_only,74fb460fd09e76607e3cff308f5ba2754f2ebd91b0c9b7613c1a041e7b361162,"Appendix 1, table 4, printed row 37",Progress Report 2025 priority-project line; plan values are not financing events
idn-progress25-geothermal-038,IDN,idn-jetp-progress-report-2025,geothermal,priority,38,Geothermal Jawa-Bali (Kuota) Tersebar,Jawa Barat,2030,25,MW,,,,,,plan_only,74fb460fd09e76607e3cff308f5ba2754f2ebd91b0c9b7613c1a041e7b361162,"Appendix 1, table 4, printed row 38",Progress Report 2025 priority-project line; plan values are not financing events
idn-progress25-geothermal-039,IDN,idn-jetp-progress-report-2025,geothermal,top_priority,39,Geothermal Dieng (FTP2),Jawa Tengah,2030,55,MW,,,,,,plan_only,74fb460fd09e76607e3cff308f5ba2754f2ebd91b0c9b7613c1a041e7b361162,"Appendix 1, table 4, printed row 39",Progress Report 2025 priority-project line; plan values are not financing events
idn-progress25-geothermal-040,IDN,idn-jetp-progress-report-2025,geothermal,top_priority,40,Geothermal Dieng (FTP2),Jawa Tengah,2030,55,MW,,,,,,plan_only,74fb460fd09e76607e3cff308f5ba2754f2ebd91b0c9b7613c1a041e7b361162,"Appendix 1, table 4, printed row 40",Progress Report 2025 priority-project line; plan values are not financing events
idn-progress25-geothermal-041,IDN,idn-jetp-progress-report-2025,geothermal,top_priority,41,Geothermal Telaga Ngebel (FTP2),Jawa Timur,2030,55,MW,,,,,,plan_only,74fb460fd09e76607e3cff308f5ba2754f2ebd91b0c9b7613c1a041e7b361162,"Appendix 1, table 4, printed row 41",Progress Report 2025 priority-project line; plan values are not financing events
idn-progress25-geothermal-042,IDN,idn-jetp-progress-report-2025,geothermal,top_priority,42,Geothermal Bedugul,Bali,2030,60,MW,,,,,,plan_only,74fb460fd09e76607e3cff308f5ba2754f2ebd91b0c9b7613c1a041e7b361162,"Appendix 1, table 4, printed row 42",Progress Report 2025 priority-project line; plan values are not financing events
idn-progress25-geothermal-043,IDN,idn-jetp-progress-report-2025,geothermal,top_priority,43,Geothermal Atadei (FTP2),Nusa Tenggara Timur,2030,,MW,,,,,,plan_only,74fb460fd09e76607e3cff308f5ba2754f2ebd91b0c9b7613c1a041e7b361162,"Appendix 1, table 4, printed row 43",Progress Report 2025 priority-project line; plan values are not financing events; raw capacity=2 x 5
idn-progress25-geothermal-044,IDN,idn-jetp-progress-report-2025,geothermal,top_priority,44,Geothermal Ulumbu 5,Nusa Tenggara Timur,2030,20,MW,,,,,,plan_only,74fb460fd09e76607e3cff308f5ba2754f2ebd91b0c9b7613c1a041e7b361162,"Appendix 1, table 4, printed row 44",Progress Report 2025 priority-project line; plan values are not financing events
idn-progress25-geothermal-045,IDN,idn-jetp-progress-report-2025,geothermal,top_priority,45,Geothermal Gunung Talang-Bukit Kili (20 MW),Sumatera Utara,2031,20,MW,,,,,,plan_only,74fb460fd09e76607e3cff308f5ba2754f2ebd91b0c9b7613c1a041e7b361162,"Appendix 1, table 4, printed row 45",Progress Report 2025 priority-project line; plan values are not financing events
idn-progress25-geothermal-046,IDN,idn-jetp-progress-report-2025,geothermal,top_priority,46,Geothermal Hululais Bottoming Unit #1 (30 MW),Sumatera Utara,2031,30,MW,,,,,,plan_only,74fb460fd09e76607e3cff308f5ba2754f2ebd91b0c9b7613c1a041e7b361162,"Appendix 1, table 4, printed row 46",Progress Report 2025 priority-project line; plan values are not financing events
idn-progress25-geothermal-047,IDN,idn-jetp-progress-report-2025,geothermal,top_priority,47,Geothermal Hululais Bottoming Unit #2 (30 MW),Sumatera Utara,2031,30,MW,,,,,,plan_only,74fb460fd09e76607e3cff308f5ba2754f2ebd91b0c9b7613c1a041e7b361162,"Appendix 1, table 4, printed row 47",Progress Report 2025 priority-project line; plan values are not financing events
idn-progress25-geothermal-048,IDN,idn-jetp-progress-report-2025,geothermal,top_priority,48,Geothermal Hululais Ext B (Tambang Sawah) (40 MW),Sumatera Utara,2031,40,MW,,,,,,plan_only,74fb460fd09e76607e3cff308f5ba2754f2ebd91b0c9b7613c1a041e7b361162,"Appendix 1, table 4, printed row 48",Progress Report 2025 priority-project line; plan values are not financing events
idn-progress25-geothermal-049,IDN,idn-jetp-progress-report-2025,geothermal,top_priority,49,PLTP Hululais Ext.A3 (Bukit Daun South) (20 MW),Sumatera Utara,2031,20,MW,,,,,,plan_only,74fb460fd09e76607e3cff308f5ba2754f2ebd91b0c9b7613c1a041e7b361162,"Appendix 1, table 4, printed row 48","Progress Report 2025 priority-project line; plan values are not financing events; source printed row 48, normalised physical row 49"
idn-progress25-geothermal-050,IDN,idn-jetp-progress-report-2025,geothermal,top_priority,50,Geothermal Hululais Ext.A4 (Bukit Daun South) (35 MW),Sumatera Utara,2031,35,MW,,,,,,plan_only,74fb460fd09e76607e3cff308f5ba2754f2ebd91b0c9b7613c1a041e7b361162,"Appendix 1, table 4, printed row 50",Progress Report 2025 priority-project line; plan values are not financing events
idn-progress25-geothermal-051,IDN,idn-jetp-progress-report-2025,geothermal,top_priority,51,Geothermal Hululais Ext.C (Bt. Beriti) (55 MW),Sumatera Utara,2031,55,MW,,,,,,plan_only,74fb460fd09e76607e3cff308f5ba2754f2ebd91b0c9b7613c1a041e7b361162,"Appendix 1, table 4, printed row 51",Progress Report 2025 priority-project line; plan values are not financing events
idn-progress25-geothermal-052,IDN,idn-jetp-progress-report-2025,geothermal,top_priority,52,Geothermal Hululais Extention #A/ Bukit Daut A (30 MW),Sumatera Utara,2031,30,MW,,,,,,plan_only,74fb460fd09e76607e3cff308f5ba2754f2ebd91b0c9b7613c1a041e7b361162,"Appendix 1, table 4, printed row 52",Progress Report 2025 priority-project line; plan values are not financing events
idn-progress25-geothermal-053,IDN,idn-jetp-progress-report-2025,geothermal,top_priority,53,Geothermal Seulawah (55MW),Sumatera Utara,2031,55,MW,,,,,,plan_only,74fb460fd09e76607e3cff308f5ba2754f2ebd91b0c9b7613c1a041e7b361162,"Appendix 1, table 4, printed row 53",Progress Report 2025 priority-project line; plan values are not financing events
idn-progress25-geothermal-054,IDN,idn-jetp-progress-report-2025,geothermal,top_priority,54,Geothermal Sungai Penuh Two Phase Binary (10 MW),Sumatera Utara,2031,10,MW,,,,,,plan_only,74fb460fd09e76607e3cff308f5ba2754f2ebd91b0c9b7613c1a041e7b361162,"Appendix 1, table 4, printed row 54",Progress Report 2025 priority-project line; plan values are not financing events
idn-progress25-geothermal-055,IDN,idn-jetp-progress-report-2025,geothermal,top_priority,55,Geothermal Ulubelu Ext. (Gunung Tiga) #1,Sumatera Utara,2031,55,MW,,,,,,plan_only,74fb460fd09e76607e3cff308f5ba2754f2ebd91b0c9b7613c1a041e7b361162,"Appendix 1, table 4, printed row 55",Progress Report 2025 priority-project line; plan values are not financing events
idn-progress25-geothermal-056,IDN,idn-jetp-progress-report-2025,geothermal,top_priority,56,Geothermal Ulubelu Ext. (Gunung Tiga) #2 (15 MW),Sumatera Utara,2031,15,MW,,,,,,plan_only,74fb460fd09e76607e3cff308f5ba2754f2ebd91b0c9b7613c1a041e7b361162,"Appendix 1, table 4, printed row 56",Progress Report 2025 priority-project line; plan values are not financing events
idn-progress25-geothermal-057,IDN,idn-jetp-progress-report-2025,geothermal,top_priority,57,Geothermal Way Ratai (55 MW),Sumatera Utara,2031,55,MW,,,,,,plan_only,74fb460fd09e76607e3cff308f5ba2754f2ebd91b0c9b7613c1a041e7b361162,"Appendix 1, table 4, printed row 57",Progress Report 2025 priority-project line; plan values are not financing events
idn-progress25-geothermal-058,IDN,idn-jetp-progress-report-2025,geothermal,top_priority,58,Geothermal Lumut Balai BU 1 (10 MW),Sumatera Utara,2031,10,MW,,,,,,plan_only,74fb460fd09e76607e3cff308f5ba2754f2ebd91b0c9b7613c1a041e7b361162,"Appendix 1, table 4, printed row 58",Progress Report 2025 priority-project line; plan values are not financing events
idn-progress25-geothermal-059,IDN,idn-jetp-progress-report-2025,geothermal,top_priority,59,Geothermal Lumut Balai BU 2 (10 MW),Sumatera Utara,2031,10,MW,,,,,,plan_only,74fb460fd09e76607e3cff308f5ba2754f2ebd91b0c9b7613c1a041e7b361162,"Appendix 1, table 4, printed row 59",Progress Report 2025 priority-project line; plan values are not financing events
idn-progress25-geothermal-060,IDN,idn-jetp-progress-report-2025,geothermal,top_priority,60,Geothermal Kotamobagu #1,Sulawesi Utara,2031,20,MW,,,,,,plan_only,74fb460fd09e76607e3cff308f5ba2754f2ebd91b0c9b7613c1a041e7b361162,"Appendix 1, table 4, printed row 60",Progress Report 2025 priority-project line; plan values are not financing events
idn-progress25-geothermal-061,IDN,idn-jetp-progress-report-2025,geothermal,top_priority,61,Geothermal Rajabasa (FTP2),Lampung,2031,110,MW,,,,,,plan_only,74fb460fd09e76607e3cff308f5ba2754f2ebd91b0c9b7613c1a041e7b361162,"Appendix 1, table 4, printed row 61",Progress Report 2025 priority-project line; plan values are not financing events
idn-progress25-geothermal-062,IDN,idn-jetp-progress-report-2025,geothermal,top_priority,62,Geothermal Cisolok - Cisukarame (40 mW),Jawa Barat,2031,40,MW,,,,,,plan_only,74fb460fd09e76607e3cff308f5ba2754f2ebd91b0c9b7613c1a041e7b361162,"Appendix 1, table 4, printed row 62",Progress Report 2025 priority-project line; plan values are not financing events
idn-progress25-geothermal-063,IDN,idn-jetp-progress-report-2025,geothermal,priority,63,Geothermal Jawa-Bali (Kuota) Tersebar,Jawa Barat,2031,40,MW,,,,,,plan_only,74fb460fd09e76607e3cff308f5ba2754f2ebd91b0c9b7613c1a041e7b361162,"Appendix 1, table 4, printed row 63",Progress Report 2025 priority-project line; plan values are not financing events
idn-progress25-geothermal-064,IDN,idn-jetp-progress-report-2025,geothermal,top_priority,64,Geothermal Baturaden (FTP2),Jawa Tengah,2031,110,MW,,,,,,plan_only,74fb460fd09e76607e3cff308f5ba2754f2ebd91b0c9b7613c1a041e7b361162,"Appendix 1, table 4, printed row 64",Progress Report 2025 priority-project line; plan values are not financing events
idn-progress25-geothermal-065,IDN,idn-jetp-progress-report-2025,geothermal,top_priority,65,Geothermal Baturaden (FTP2),Jawa Tengah,2031,75,MW,,,,,,plan_only,74fb460fd09e76607e3cff308f5ba2754f2ebd91b0c9b7613c1a041e7b361162,"Appendix 1, table 4, printed row 65",Progress Report 2025 priority-project line; plan values are not financing events
idn-progress25-geothermal-066,IDN,idn-jetp-progress-report-2025,geothermal,top_priority,66,Geothermal Ungaran (FTP2),Jawa Tengah,2031,55,MW,,,,,,plan_only,74fb460fd09e76607e3cff308f5ba2754f2ebd91b0c9b7613c1a041e7b361162,"Appendix 1, table 4, printed row 66",Progress Report 2025 priority-project line; plan values are not financing events
idn-progress25-geothermal-067,IDN,idn-jetp-progress-report-2025,geothermal,top_priority,67,Geothermal Telaga Ngebel (FTP2),Jawa Timur,2031,55,MW,,,,,,plan_only,74fb460fd09e76607e3cff308f5ba2754f2ebd91b0c9b7613c1a041e7b361162,"Appendix 1, table 4, printed row 67",Progress Report 2025 priority-project line; plan values are not financing events
idn-progress25-geothermal-068,IDN,idn-jetp-progress-report-2025,geothermal,top_priority,68,Geothermal Telaga Ngebel (FTP2),Jawa Timur,2031,55,MW,,,,,,plan_only,74fb460fd09e76607e3cff308f5ba2754f2ebd91b0c9b7613c1a041e7b361162,"Appendix 1, table 4, printed row 68",Progress Report 2025 priority-project line; plan values are not financing events
idn-progress25-geothermal-069,IDN,idn-jetp-progress-report-2025,geothermal,top_priority,69,Geothermal Tulehu (FTP2),Maluku,2031,,MW,,,,,,plan_only,74fb460fd09e76607e3cff308f5ba2754f2ebd91b0c9b7613c1a041e7b361162,"Appendix 1, table 4, printed row 69",Progress Report 2025 priority-project line; plan values are not financing events; raw capacity=2 x 10
idn-progress25-geothermal-070,IDN,idn-jetp-progress-report-2025,geothermal,top_priority,70,Geothermal Mataloko (FTP2),Nusa Tenggara Timur,2031,10,MW,,,,,,plan_only,74fb460fd09e76607e3cff308f5ba2754f2ebd91b0c9b7613c1a041e7b361162,"Appendix 1, table 4, printed row 70",Progress Report 2025 priority-project line; plan values are not financing events
idn-progress25-geothermal-071,IDN,idn-jetp-progress-report-2025,geothermal,top_priority,71,Geothermal Mataloko (FTP2),Nusa Tenggara Timur,2031,10,MW,,,,,,plan_only,74fb460fd09e76607e3cff308f5ba2754f2ebd91b0c9b7613c1a041e7b361162,"Appendix 1, table 4, printed row 71",Progress Report 2025 priority-project line; plan values are not financing events
idn-progress25-geothermal-072,IDN,idn-jetp-progress-report-2025,geothermal,top_priority,72,Geothermal Nage (40 MW),Nusa Tenggara Timur,2032,40,MW,,,,,,plan_only,74fb460fd09e76607e3cff308f5ba2754f2ebd91b0c9b7613c1a041e7b361162,"Appendix 1, table 4, printed row 72",Progress Report 2025 priority-project line; plan values are not financing events
idn-progress25-geothermal-073,IDN,idn-jetp-progress-report-2025,geothermal,top_priority,73,Geothermal Lahendong #9 (25 MW),Sulawesi Utara,2032,25,MW,,,,,,plan_only,74fb460fd09e76607e3cff308f5ba2754f2ebd91b0c9b7613c1a041e7b361162,"Appendix 1, table 4, printed row 73",Progress Report 2025 priority-project line; plan values are not financing events
idn-progress25-geothermal-074,IDN,idn-jetp-progress-report-2025,geothermal,top_priority,74,Geothermal Rawadano (FTP2),Banten,2032,80,MW,,,,,,plan_only,74fb460fd09e76607e3cff308f5ba2754f2ebd91b0c9b7613c1a041e7b361162,"Appendix 1, table 4, printed row 74",Progress Report 2025 priority-project line; plan values are not financing events
idn-progress25-geothermal-075,IDN,idn-jetp-progress-report-2025,geothermal,top_priority,75,Geothermal Gunung Salak 8,Jawa Barat,2032,63,MW,,,,,,plan_only,74fb460fd09e76607e3cff308f5ba2754f2ebd91b0c9b7613c1a041e7b361162,"Appendix 1, table 4, printed row 75",Progress Report 2025 priority-project line; plan values are not financing events
idn-progress25-geothermal-076,IDN,idn-jetp-progress-report-2025,geothermal,top_priority,76,Geothermal Tangkuban Perahu (FTP2),Jawa Barat,2032,20,MW,,,,,,plan_only,74fb460fd09e76607e3cff308f5ba2754f2ebd91b0c9b7613c1a041e7b361162,"Appendix 1, table 4, printed row 76",Progress Report 2025 priority-project line; plan values are not financing events
idn-progress25-geothermal-077,IDN,idn-jetp-progress-report-2025,geothermal,top_priority,77,Geothermal Tangkuban Perahu (FTP2),Jawa Barat,2032,20,MW,,,,,,plan_only,74fb460fd09e76607e3cff308f5ba2754f2ebd91b0c9b7613c1a041e7b361162,"Appendix 1, table 4, printed row 77",Progress Report 2025 priority-project line; plan values are not financing events
idn-progress25-geothermal-078,IDN,idn-jetp-progress-report-2025,geothermal,top_priority,78,Geothermal Patuha (FTP2),Jawa Barat,2032,55,MW,,,,,,plan_only,74fb460fd09e76607e3cff308f5ba2754f2ebd91b0c9b7613c1a041e7b361162,"Appendix 1, table 4, printed row 78",Progress Report 2025 priority-project line; plan values are not financing events
idn-progress25-geothermal-079,IDN,idn-jetp-progress-report-2025,geothermal,top_priority,79,Geothermal Umbul Telumoyo (45 MW),Jawa Tengah,2032,45,MW,,,,,,plan_only,74fb460fd09e76607e3cff308f5ba2754f2ebd91b0c9b7613c1a041e7b361162,"Appendix 1, table 4, printed row 79",Progress Report 2025 priority-project line; plan values are not financing events
idn-progress25-geothermal-080,IDN,idn-jetp-progress-report-2025,geothermal,top_priority,80,Geothermal Baturaden (FTP2),Jawa Tengah,2032,35,MW,,,,,,plan_only,74fb460fd09e76607e3cff308f5ba2754f2ebd91b0c9b7613c1a041e7b361162,"Appendix 1, table 4, printed row 80",Progress Report 2025 priority-project line; plan values are not financing events
idn-progress25-geothermal-081,IDN,idn-jetp-progress-report-2025,geothermal,priority,81,Geothermal Jawa-Bali (Kuota) Tersebar,Jawa Tengah,2032,45,MW,,,,,,plan_only,74fb460fd09e76607e3cff308f5ba2754f2ebd91b0c9b7613c1a041e7b361162,"Appendix 1, table 4, printed row 81",Progress Report 2025 priority-project line; plan values are not financing events
idn-progress25-geothermal-082,IDN,idn-jetp-progress-report-2025,geothermal,top_priority,82,Geothermal Arjuno Welirang (60 MW),Jawa Timur,2032,60,MW,,,,,,plan_only,74fb460fd09e76607e3cff308f5ba2754f2ebd91b0c9b7613c1a041e7b361162,"Appendix 1, table 4, printed row 82",Progress Report 2025 priority-project line; plan values are not financing events
idn-progress25-geothermal-083,IDN,idn-jetp-progress-report-2025,geothermal,priority,83,Geothermal Jawa-Bali (Kuota) Tersebar,Jawa Timur,2032,60,MW,,,,,,plan_only,74fb460fd09e76607e3cff308f5ba2754f2ebd91b0c9b7613c1a041e7b361162,"Appendix 1, table 4, printed row 83",Progress Report 2025 priority-project line; plan values are not financing events
idn-progress25-geothermal-084,IDN,idn-jetp-progress-report-2025,geothermal,priority,84,Geothermal Halmahera (Kuota) Tersebar,Maluku Utara,2032,50,MW,,,,,,plan_only,74fb460fd09e76607e3cff308f5ba2754f2ebd91b0c9b7613c1a041e7b361162,"Appendix 1, table 4, printed row 84",Progress Report 2025 priority-project line; plan values are not financing events
idn-progress25-geothermal-085,IDN,idn-jetp-progress-report-2025,geothermal,top_priority,85,Geothermal Ulumbu 6,Nusa Tenggara Timur,2032,20,MW,,,,,,plan_only,74fb460fd09e76607e3cff308f5ba2754f2ebd91b0c9b7613c1a041e7b361162,"Appendix 1, table 4, printed row 85",Progress Report 2025 priority-project line; plan values are not financing events
idn-progress25-geothermal-086,IDN,idn-jetp-progress-report-2025,geothermal,priority,86,Geothermal Flores (Kuota) Tersebar,Nusa Tenggara Timur,2032,40,MW,,,,,,plan_only,74fb460fd09e76607e3cff308f5ba2754f2ebd91b0c9b7613c1a041e7b361162,"Appendix 1, table 4, printed row 86",Progress Report 2025 priority-project line; plan values are not financing events
idn-progress25-geothermal-087,IDN,idn-jetp-progress-report-2025,geothermal,top_priority,87,Geothermal Sungai Penuh (FTP2),Jambi,2033,55,MW,,,,,,plan_only,74fb460fd09e76607e3cff308f5ba2754f2ebd91b0c9b7613c1a041e7b361162,"Appendix 1, table 4, printed row 87",Progress Report 2025 priority-project line; plan values are not financing events
idn-progress25-geothermal-088,IDN,idn-jetp-progress-report-2025,geothermal,priority,88,Geothermal Danau Ranau (FTP2)**,Sumatera Selatan,2033,20,MW,,,,,,plan_only,74fb460fd09e76607e3cff308f5ba2754f2ebd91b0c9b7613c1a041e7b361162,"Appendix 1, table 4, printed row 88",Progress Report 2025 priority-project line; plan values are not financing events
idn-progress25-geothermal-089,IDN,idn-jetp-progress-report-2025,geothermal,top_priority,89,Geothermal Sibayak Bottoming Unit (5 MW),Sumatera Utara,2033,5,MW,,,,,,plan_only,74fb460fd09e76607e3cff308f5ba2754f2ebd91b0c9b7613c1a041e7b361162,"Appendix 1, table 4, printed row 89",Progress Report 2025 priority-project line; plan values are not financing events
idn-progress25-geothermal-090,IDN,idn-jetp-progress-report-2025,geothermal,top_priority,90,Geothermal Lumut Balai Low Pressure (20 MW),Sumatera Utara,2033,20,MW,,,,,,plan_only,74fb460fd09e76607e3cff308f5ba2754f2ebd91b0c9b7613c1a041e7b361162,"Appendix 1, table 4, printed row 90",Progress Report 2025 priority-project line; plan values are not financing events
idn-progress25-geothermal-091,IDN,idn-jetp-progress-report-2025,geothermal,top_priority,91,Geothermal Sarulla 2 #1 (50 MW),Sumatera Utara,2033,50,MW,,,,,,plan_only,74fb460fd09e76607e3cff308f5ba2754f2ebd91b0c9b7613c1a041e7b361162,"Appendix 1, table 4, printed row 91",Progress Report 2025 priority-project line; plan values are not financing events
idn-progress25-geothermal-092,IDN,idn-jetp-progress-report-2025,geothermal,top_priority,92,Geothermal Lumut Balai (FTP2) #3,Sumatera Selatan,2033,55,MW,,,,,,plan_only,74fb460fd09e76607e3cff308f5ba2754f2ebd91b0c9b7613c1a041e7b361162,"Appendix 1, table 4, printed row 92",Progress Report 2025 priority-project line; plan values are not financing events
idn-progress25-geothermal-093,IDN,idn-jetp-progress-report-2025,geothermal,top_priority,93,Geothermal Lumut Balai (FTP2) #4,Sumatera Selatan,2033,55,MW,,,,,,plan_only,74fb460fd09e76607e3cff308f5ba2754f2ebd91b0c9b7613c1a041e7b361162,"Appendix 1, table 4, printed row 93",Progress Report 2025 priority-project line; plan values are not financing events
idn-progress25-geothermal-094,IDN,idn-jetp-progress-report-2025,geothermal,top_priority,94,Geothermal Rajabasa (FTP2),Lampung,2033,110,MW,,,,,,plan_only,74fb460fd09e76607e3cff308f5ba2754f2ebd91b0c9b7613c1a041e7b361162,"Appendix 1, table 4, printed row 94",Progress Report 2025 priority-project line; plan values are not financing events
idn-progress25-geothermal-095,IDN,idn-jetp-progress-report-2025,geothermal,priority,95,Geothermal Sumatera (Kuota) Tersebar,Lampung,2033,115,MW,,,,,,plan_only,74fb460fd09e76607e3cff308f5ba2754f2ebd91b0c9b7613c1a041e7b361162,"Appendix 1, table 4, printed row 95",Progress Report 2025 priority-project line; plan values are not financing events
idn-progress25-geothermal-096,IDN,idn-jetp-progress-report-2025,geothermal,priority,96,Geothermal Jawa-Bali (Kuota) Tersebar,Banten,2033,35,MW,,,,,,plan_only,74fb460fd09e76607e3cff308f5ba2754f2ebd91b0c9b7613c1a041e7b361162,"Appendix 1, table 4, printed row 96",Progress Report 2025 priority-project line; plan values are not financing events
idn-progress25-geothermal-097,IDN,idn-jetp-progress-report-2025,geothermal,top_priority,97,Geothermal Kamojang/Masigit (Ekspansi) (55 MW),Jawa Barat,2033,55,MW,,,,,,plan_only,74fb460fd09e76607e3cff308f5ba2754f2ebd91b0c9b7613c1a041e7b361162,"Appendix 1, table 4, printed row 97",Progress Report 2025 priority-project line; plan values are not financing events
idn-progress25-geothermal-098,IDN,idn-jetp-progress-report-2025,geothermal,priority,98,Geothermal Jawa-Bali (Kuota) Tersebar,Jawa Barat,2033,25,MW,,,,,,plan_only,74fb460fd09e76607e3cff308f5ba2754f2ebd91b0c9b7613c1a041e7b361162,"Appendix 1, table 4, printed row 98",Progress Report 2025 priority-project line; plan values are not financing events
idn-progress25-geothermal-099,IDN,idn-jetp-progress-report-2025,geothermal,priority,99,Geothermal Jawa-Bali (Kuota) Tersebar,Jawa Barat,2033,55,MW,,,,,,plan_only,74fb460fd09e76607e3cff308f5ba2754f2ebd91b0c9b7613c1a041e7b361162,"Appendix 1, table 4, printed row 99",Progress Report 2025 priority-project line; plan values are not financing events
idn-progress25-geothermal-100,IDN,idn-jetp-progress-report-2025,geothermal,priority,100,Geothermal Jawa-Bali (Kuota) Tersebar,Jawa Barat,2033,55,MW,,,,,,plan_only,74fb460fd09e76607e3cff308f5ba2754f2ebd91b0c9b7613c1a041e7b361162,"Appendix 1, table 4, printed row 100",Progress Report 2025 priority-project line; plan values are not financing events
idn-progress25-geothermal-101,IDN,idn-jetp-progress-report-2025,geothermal,priority,101,Geothermal Jawa-Bali (Kuota) Tersebar,Jawa Barat,2033,20,MW,,,,,,plan_only,74fb460fd09e76607e3cff308f5ba2754f2ebd91b0c9b7613c1a041e7b361162,"Appendix 1, table 4, printed row 101",Progress Report 2025 priority-project line; plan values are not financing events
idn-progress25-geothermal-102,IDN,idn-jetp-progress-report-2025,geothermal,priority,102,Geothermal Jawa-Bali (Kuota) Tersebar,Jawa Barat,2033,55,MW,,,,,,plan_only,74fb460fd09e76607e3cff308f5ba2754f2ebd91b0c9b7613c1a041e7b361162,"Appendix 1, table 4, printed row 102",Progress Report 2025 priority-project line; plan values are not financing events
idn-progress25-geothermal-103,IDN,idn-jetp-progress-report-2025,geothermal,priority,103,Geothermal Jawa-Bali (Kuota) Tersebar,Jawa Barat,2033,30,MW,,,,,,plan_only,74fb460fd09e76607e3cff308f5ba2754f2ebd91b0c9b7613c1a041e7b361162,"Appendix 1, table 4, printed row 103",Progress Report 2025 priority-project line; plan values are not financing events
idn-progress25-geothermal-104,IDN,idn-jetp-progress-report-2025,geothermal,top_priority,104,Geothermal Patuha (FTP2),Jawa Barat,2033,55,MW,,,,,,plan_only,74fb460fd09e76607e3cff308f5ba2754f2ebd91b0c9b7613c1a041e7b361162,"Appendix 1, table 4, printed row 104",Progress Report 2025 priority-project line; plan values are not financing events
idn-progress25-geothermal-105,IDN,idn-jetp-progress-report-2025,geothermal,top_priority,105,Geothermal Wayang Windu,Jawa Barat,2033,120,MW,,,,,,plan_only,74fb460fd09e76607e3cff308f5ba2754f2ebd91b0c9b7613c1a041e7b361162,"Appendix 1, table 4, printed row 105",Progress Report 2025 priority-project line; plan values are not financing events
idn-progress25-geothermal-106,IDN,idn-jetp-progress-report-2025,geothermal,top_priority,106,Geothermal Dieng (FTP2),Jawa Tengah,2033,55,MW,,,,,,plan_only,74fb460fd09e76607e3cff308f5ba2754f2ebd91b0c9b7613c1a041e7b361162,"Appendix 1, table 4, printed row 106",Progress Report 2025 priority-project line; plan values are not financing events
idn-progress25-geothermal-107,IDN,idn-jetp-progress-report-2025,geothermal,top_priority,107,Geothermal Dieng (FTP2),Jawa Tengah,2033,55,MW,,,,,,plan_only,74fb460fd09e76607e3cff308f5ba2754f2ebd91b0c9b7613c1a041e7b361162,"Appendix 1, table 4, printed row 107",Progress Report 2025 priority-project line; plan values are not financing events
idn-progress25-geothermal-108,IDN,idn-jetp-progress-report-2025,geothermal,top_priority,108,Geothermal Dieng (FTP2),Jawa Tengah,2033,35,MW,,,,,,plan_only,74fb460fd09e76607e3cff308f5ba2754f2ebd91b0c9b7613c1a041e7b361162,"Appendix 1, table 4, printed row 108",Progress Report 2025 priority-project line; plan values are not financing events
idn-progress25-geothermal-109,IDN,idn-jetp-progress-report-2025,geothermal,top_priority,109,Geothermal Candradimuka (40 MW),Jawa Tengah,2033,40,MW,,,,,,plan_only,74fb460fd09e76607e3cff308f5ba2754f2ebd91b0c9b7613c1a041e7b361162,"Appendix 1, table 4, printed row 109",Progress Report 2025 priority-project line; plan values are not financing events
idn-progress25-geothermal-110,IDN,idn-jetp-progress-report-2025,geothermal,top_priority,110,Geothermal Mangunan - Wanayasa (10 MW),Jawa Tengah,2030,10,MW,,,,,,plan_only,74fb460fd09e76607e3cff308f5ba2754f2ebd91b0c9b7613c1a041e7b361162,"Appendix 1, table 4, printed row 110",Progress Report 2025 priority-project line; plan values are not financing events
idn-progress25-geothermal-111,IDN,idn-jetp-progress-report-2025,geothermal,priority,111,Geothermal Jawa-Bali (Kuota) Tersebar,Jawa Tengah,2033,40,MW,,,,,,plan_only,74fb460fd09e76607e3cff308f5ba2754f2ebd91b0c9b7613c1a041e7b361162,"Appendix 1, table 4, printed row 111",Progress Report 2025 priority-project line; plan values are not financing events
idn-progress25-geothermal-112,IDN,idn-jetp-progress-report-2025,geothermal,priority,112,Geothermal Jawa-Bali (Kuota) Tersebar,Jawa Tengah,2033,20,MW,,,,,,plan_only,74fb460fd09e76607e3cff308f5ba2754f2ebd91b0c9b7613c1a041e7b361162,"Appendix 1, table 4, printed row 112",Progress Report 2025 priority-project line; plan values are not financing events
idn-progress25-geothermal-113,IDN,idn-jetp-progress-report-2025,geothermal,priority,113,Geothermal Jawa-Bali (Kuota) Tersebar,Jawa Tengah,2033,55,MW,,,,,,plan_only,74fb460fd09e76607e3cff308f5ba2754f2ebd91b0c9b7613c1a041e7b361162,"Appendix 1, table 4, printed row 113",Progress Report 2025 priority-project line; plan values are not financing events
idn-progress25-geothermal-114,IDN,idn-jetp-progress-report-2025,geothermal,priority,114,Geothermal Jawa-Bali (Kuota) Tersebar,Jawa Tengah,2033,10,MW,,,,,,plan_only,74fb460fd09e76607e3cff308f5ba2754f2ebd91b0c9b7613c1a041e7b361162,"Appendix 1, table 4, printed row 114",Progress Report 2025 priority-project line; plan values are not financing events
idn-progress25-geothermal-115,IDN,idn-jetp-progress-report-2025,geothermal,top_priority,115,Geothermal Iyang Argopuro (55 MW),Jawa Timur,2033,55,MW,,,,,,plan_only,74fb460fd09e76607e3cff308f5ba2754f2ebd91b0c9b7613c1a041e7b361162,"Appendix 1, table 4, printed row 115",Progress Report 2025 priority-project line; plan values are not financing events
idn-progress25-geothermal-116,IDN,idn-jetp-progress-report-2025,geothermal,priority,116,Geothermal Jawa-Bali (Kuota) Tersebar,Jawa Timur,2033,60,MW,,,,,,plan_only,74fb460fd09e76607e3cff308f5ba2754f2ebd91b0c9b7613c1a041e7b361162,"Appendix 1, table 4, printed row 116",Progress Report 2025 priority-project line; plan values are not financing events
idn-progress25-geothermal-117,IDN,idn-jetp-progress-report-2025,geothermal,priority,117,Geothermal Jawa-Bali (Kuota) Tersebar,Jawa Timur,2033,55,MW,,,,,,plan_only,74fb460fd09e76607e3cff308f5ba2754f2ebd91b0c9b7613c1a041e7b361162,"Appendix 1, table 4, printed row 117",Progress Report 2025 priority-project line; plan values are not financing events
idn-progress25-geothermal-118,IDN,idn-jetp-progress-report-2025,geothermal,priority,118,Geothermal Jawa-Bali (Kuota) Tersebar,Jawa Timur,2033,55,MW,,,,,,plan_only,74fb460fd09e76607e3cff308f5ba2754f2ebd91b0c9b7613c1a041e7b361162,"Appendix 1, table 4, printed row 118",Progress Report 2025 priority-project line; plan values are not financing events
idn-progress25-geothermal-119,IDN,idn-jetp-progress-report-2025,geothermal,priority,119,Geothermal Jawa-Bali (Kuota) Tersebar,Jawa Timur,2033,20,MW,,,,,,plan_only,74fb460fd09e76607e3cff308f5ba2754f2ebd91b0c9b7613c1a041e7b361162,"Appendix 1, table 4, printed row 119",Progress Report 2025 priority-project line; plan values are not financing events
idn-progress25-geothermal-120,IDN,idn-jetp-progress-report-2025,geothermal,priority,120,Geothermal Jawa-Bali (Kuota) Tersebar,Jawa Timur,2033,20,MW,,,,,,plan_only,74fb460fd09e76607e3cff308f5ba2754f2ebd91b0c9b7613c1a041e7b361162,"Appendix 1, table 4, printed row 120",Progress Report 2025 priority-project line; plan values are not financing events
idn-progress25-geothermal-121,IDN,idn-jetp-progress-report-2025,geothermal,top_priority,121,Geothermal Bedugul,Bali,2033,55,MW,,,,,,plan_only,74fb460fd09e76607e3cff308f5ba2754f2ebd91b0c9b7613c1a041e7b361162,"Appendix 1, table 4, printed row 121",Progress Report 2025 priority-project line; plan values are not financing events
idn-progress25-geothermal-122,IDN,idn-jetp-progress-report-2025,geothermal,top_priority,122,Geothermal Bedugul,Bali,2033,55,MW,,,,,,plan_only,74fb460fd09e76607e3cff308f5ba2754f2ebd91b0c9b7613c1a041e7b361162,"Appendix 1, table 4, printed row 122",Progress Report 2025 priority-project line; plan values are not financing events
idn-progress25-geothermal-123,IDN,idn-jetp-progress-report-2025,geothermal,priority,123,Geothermal Sulbagsel (Kuota) Tersebar,Sulawesi Tengah,2033,80,MW,,,,,,plan_only,74fb460fd09e76607e3cff308f5ba2754f2ebd91b0c9b7613c1a041e7b361162,"Appendix 1, table 4, printed row 123",Progress Report 2025 priority-project line; plan values are not financing events
idn-progress25-geothermal-124,IDN,idn-jetp-progress-report-2025,geothermal,priority,124,Geothermal Lombok (Kuota) Tersebar,Nusa Tenggara Barat,2033,10,MW,,,,,,plan_only,74fb460fd09e76607e3cff308f5ba2754f2ebd91b0c9b7613c1a041e7b361162,"Appendix 1, table 4, printed row 124",Progress Report 2025 priority-project line; plan values are not financing events
idn-progress25-geothermal-125,IDN,idn-jetp-progress-report-2025,geothermal,priority,125,Geothermal Oka Ile Ange (FTP2)*,Nusa Tenggara Timur,2033,10,MW,,,,,,plan_only,74fb460fd09e76607e3cff308f5ba2754f2ebd91b0c9b7613c1a041e7b361162,"Appendix 1, table 4, printed row 125",Progress Report 2025 priority-project line; plan values are not financing events
idn-progress25-geothermal-126,IDN,idn-jetp-progress-report-2025,geothermal,priority,126,Geothermal Gunung Sirung*,Nusa Tenggara Timur,2033,5,MW,,,,,,plan_only,74fb460fd09e76607e3cff308f5ba2754f2ebd91b0c9b7613c1a041e7b361162,"Appendix 1, table 4, printed row 126",Progress Report 2025 priority-project line; plan values are not financing events
idn-progress25-geothermal-127,IDN,idn-jetp-progress-report-2025,geothermal,priority,127,Geothermal Flores (Kuota) Tersebar,Nusa Tenggara Timur,2033,30,MW,,,,,,plan_only,74fb460fd09e76607e3cff308f5ba2754f2ebd91b0c9b7613c1a041e7b361162,"Appendix 1, table 4, printed row 127",Progress Report 2025 priority-project line; plan values are not financing events
idn-progress25-geothermal-128,IDN,idn-jetp-progress-report-2025,geothermal,top_priority,128,Geothermal Kotamobagu #2,Sulawesi Utara,2033,20,MW,,,,,,plan_only,74fb460fd09e76607e3cff308f5ba2754f2ebd91b0c9b7613c1a041e7b361162,"Appendix 1, table 4, printed row 128",Progress Report 2025 priority-project line; plan values are not financing events
idn-progress25-geothermal-129,IDN,idn-jetp-progress-report-2025,geothermal,top_priority,129,Geothermal Kotamobagu #3,Sulawesi Utara,2033,20,MW,,,,,,plan_only,74fb460fd09e76607e3cff308f5ba2754f2ebd91b0c9b7613c1a041e7b361162,"Appendix 1, table 4, printed row 129",Progress Report 2025 priority-project line; plan values are not financing events
idn-progress25-geothermal-130,IDN,idn-jetp-progress-report-2025,geothermal,top_priority,130,Geothermal Kotamobagu #4,Sulawesi Utara,2033,20,MW,,,,,,plan_only,74fb460fd09e76607e3cff308f5ba2754f2ebd91b0c9b7613c1a041e7b361162,"Appendix 1, table 4, printed row 130",Progress Report 2025 priority-project line; plan values are not financing events
idn-progress25-geothermal-131,IDN,idn-jetp-progress-report-2025,geothermal,top_priority,131,Geothermal Sorik Marapi (FTP2),Sumatera Utara,2025 2027,,MW,,,,,,plan_only,74fb460fd09e76607e3cff308f5ba2754f2ebd91b0c9b7613c1a041e7b361162,"Appendix 1, table 4, printed row 131",Progress Report 2025 priority-project line; plan values are not financing events; raw capacity=33 65
idn-progress25-geothermal-132,IDN,idn-jetp-progress-report-2025,geothermal,top_priority,132,Geothermal Muara Laboh (FTP2),Sumatera Barat,2027 2033,,MW,,,,,,plan_only,74fb460fd09e76607e3cff308f5ba2754f2ebd91b0c9b7613c1a041e7b361162,"Appendix 1, table 4, printed row 132",Progress Report 2025 priority-project line; plan values are not financing events; raw capacity=80 60
idn-progress25-geothermal-133,IDN,idn-jetp-progress-report-2025,geothermal,top_priority,133,Geothermal Jaboi (FTP2),Aceh,2028 2033 2033,,MW,,,,,,plan_only,74fb460fd09e76607e3cff308f5ba2754f2ebd91b0c9b7613c1a041e7b361162,"Appendix 1, table 4, printed row 133",Progress Report 2025 priority-project line; plan values are not financing events; raw capacity=5 2.5 2.5
idn-progress25-geothermal-134,IDN,idn-jetp-progress-report-2025,geothermal,priority,134,Geothermal Panas Bumi Sumatera (Kuota ISJ) Tersebar 2),Sumatera Utara,2031 2033,,MW,,,,,,plan_only,74fb460fd09e76607e3cff308f5ba2754f2ebd91b0c9b7613c1a041e7b361162,"Appendix 1, table 4, printed row 134",Progress Report 2025 priority-project line; plan values are not financing events; raw capacity=705 95
idn-progress25-hydro-001,IDN,idn-jetp-progress-report-2025,hydro,top_priority,1,Mini/MicrohydroJawa-Bali (Kuota) Tersebar,Banten,2023,0.5,MW,,,,,,plan_only,74fb460fd09e76607e3cff308f5ba2754f2ebd91b0c9b7613c1a041e7b361162,"Appendix 1, table 3, printed row 1",Progress Report 2025 priority-project line; plan values are not financing events
idn-progress25-hydro-002,IDN,idn-jetp-progress-report-2025,hydro,top_priority,2,Mini/MicrohydroJawa-Bali (Kuota) Tersebar,Jawa Barat,2023,16.7,MW,,,,,,plan_only,74fb460fd09e76607e3cff308f5ba2754f2ebd91b0c9b7613c1a041e7b361162,"Appendix 1, table 3, printed row 2",Progress Report 2025 priority-project line; plan values are not financing events
idn-progress25-hydro-003,IDN,idn-jetp-progress-report-2025,hydro,top_priority,3,Mini/Microhydro Benar Meriah,Aceh,2023,7.2,MW,,,,,,plan_only,74fb460fd09e76607e3cff308f5ba2754f2ebd91b0c9b7613c1a041e7b361162,"Appendix 1, table 3, printed row 3",Progress Report 2025 priority-project line; plan values are not financing events
idn-progress25-hydro-004,IDN,idn-jetp-progress-report-2025,hydro,top_priority,4,Mini/Microhydro Mentawai 2,Sumatara Barat,2023,0.4,MW,,,,,,plan_only,74fb460fd09e76607e3cff308f5ba2754f2ebd91b0c9b7613c1a041e7b361162,"Appendix 1, table 3, printed row 4",Progress Report 2025 priority-project line; plan values are not financing events
idn-progress25-hydro-005,IDN,idn-jetp-progress-report-2025,hydro,top_priority,5,Mini/Microhydro Jawa-Bali (Kuota) Tersebar,Jawa Barat,2024,55.8,MW,,,,,,plan_only,74fb460fd09e76607e3cff308f5ba2754f2ebd91b0c9b7613c1a041e7b361162,"Appendix 1, table 3, printed row 5",Progress Report 2025 priority-project line; plan values are not financing events
idn-progress25-hydro-006,IDN,idn-jetp-progress-report-2025,hydro,top_priority,6,Mini/Microhydro Jawa-Bali (Kuota) Tersebar,Jawa Timur,2024,10.9,MW,,,,,,plan_only,74fb460fd09e76607e3cff308f5ba2754f2ebd91b0c9b7613c1a041e7b361162,"Appendix 1, table 3, printed row 6",Progress Report 2025 priority-project line; plan values are not financing events
idn-progress25-hydro-007,IDN,idn-jetp-progress-report-2025,hydro,top_priority,7,Mini/Microhydro Jawa-Bali (Kuota) Tersebar,Banten,2024,3,MW,,,,,,plan_only,74fb460fd09e76607e3cff308f5ba2754f2ebd91b0c9b7613c1a041e7b361162,"Appendix 1, table 3, printed row 7",Progress Report 2025 priority-project line; plan values are not financing events
idn-progress25-hydro-008,IDN,idn-jetp-progress-report-2025,hydro,top_priority,8,Mini/Microhydro Sulbagut (Kuota) Tersebar,Sulawesi Utara,2024,8.3,MW,,,,,,plan_only,74fb460fd09e76607e3cff308f5ba2754f2ebd91b0c9b7613c1a041e7b361162,"Appendix 1, table 3, printed row 8",Progress Report 2025 priority-project line; plan values are not financing events
idn-progress25-hydro-009,IDN,idn-jetp-progress-report-2025,hydro,top_priority,9,Mini/Microhydro Mentawai,Sumatara Barat,2024,0.2,MW,,,,,,plan_only,74fb460fd09e76607e3cff308f5ba2754f2ebd91b0c9b7613c1a041e7b361162,"Appendix 1, table 3, printed row 9",Progress Report 2025 priority-project line; plan values are not financing events
idn-progress25-hydro-010,IDN,idn-jetp-progress-report-2025,hydro,top_priority,10,Mini/Microhydro Lombok (Kuota) Tersebar (1.75 MW - 0.58 PLTM Pandanduri),Nusa Tenggara Barat,2024,1.2,MW,,,,,,plan_only,74fb460fd09e76607e3cff308f5ba2754f2ebd91b0c9b7613c1a041e7b361162,"Appendix 1, table 3, printed row 10",Progress Report 2025 priority-project line; plan values are not financing events
idn-progress25-hydro-011,IDN,idn-jetp-progress-report-2025,hydro,priority,11,Mini/Microhydro Sidikalang 2,Sumatera Utara,2025,7.4,MW,,,,,,plan_only,74fb460fd09e76607e3cff308f5ba2754f2ebd91b0c9b7613c1a041e7b361162,"Appendix 1, table 3, printed row 11",Progress Report 2025 priority-project line; plan values are not financing events
idn-progress25-hydro-012,IDN,idn-jetp-progress-report-2025,hydro,priority,12,Mini/Microhydro Rahu 2,Sumatera Utara,2025,6.4,MW,,,,,,plan_only,74fb460fd09e76607e3cff308f5ba2754f2ebd91b0c9b7613c1a041e7b361162,"Appendix 1, table 3, printed row 12",Progress Report 2025 priority-project line; plan values are not financing events
idn-progress25-hydro-013,IDN,idn-jetp-progress-report-2025,hydro,priority,13,Mini/Microhydro Kineppen,Sumatera Utara,2025,10,MW,,,,,,plan_only,74fb460fd09e76607e3cff308f5ba2754f2ebd91b0c9b7613c1a041e7b361162,"Appendix 1, table 3, printed row 13",Progress Report 2025 priority-project line; plan values are not financing events
idn-progress25-hydro-014,IDN,idn-jetp-progress-report-2025,hydro,priority,14,Mini/Microhydro Kandibata 2,Sumatera Utara,2025,10,MW,,,,,,plan_only,74fb460fd09e76607e3cff308f5ba2754f2ebd91b0c9b7613c1a041e7b361162,"Appendix 1, table 3, printed row 14",Progress Report 2025 priority-project line; plan values are not financing events
idn-progress25-hydro-015,IDN,idn-jetp-progress-report-2025,hydro,priority,15,Mini/Microhydro Batang Toru 3,Sumatera Utara,2025,10,MW,,,,,,plan_only,74fb460fd09e76607e3cff308f5ba2754f2ebd91b0c9b7613c1a041e7b361162,"Appendix 1, table 3, printed row 15",Progress Report 2025 priority-project line; plan values are not financing events
idn-progress25-hydro-016,IDN,idn-jetp-progress-report-2025,hydro,priority,16,Mini/Microhydro Aek Pungga,Sumatera Utara,2025,2,MW,,,,,,plan_only,74fb460fd09e76607e3cff308f5ba2754f2ebd91b0c9b7613c1a041e7b361162,"Appendix 1, table 3, printed row 16",Progress Report 2025 priority-project line; plan values are not financing events
idn-progress25-hydro-017,IDN,idn-jetp-progress-report-2025,hydro,priority,17,Mini/Microhydro Bendungan PU Batanghari,Sumatera Barat,2025,5,MW,,,,,,plan_only,74fb460fd09e76607e3cff308f5ba2754f2ebd91b0c9b7613c1a041e7b361162,"Appendix 1, table 3, printed row 17",Progress Report 2025 priority-project line; plan values are not financing events
idn-progress25-hydro-018,IDN,idn-jetp-progress-report-2025,hydro,priority,18,Mini/Microhydro Bayang Nyalo,Sumatera Barat,2025,6,MW,,,,,,plan_only,74fb460fd09e76607e3cff308f5ba2754f2ebd91b0c9b7613c1a041e7b361162,"Appendix 1, table 3, printed row 18",Progress Report 2025 priority-project line; plan values are not financing events
idn-progress25-hydro-019,IDN,idn-jetp-progress-report-2025,hydro,priority,19,Hydro Merangin,Jambi,2025,350,MW,,,,,,plan_only,74fb460fd09e76607e3cff308f5ba2754f2ebd91b0c9b7613c1a041e7b361162,"Appendix 1, table 3, printed row 19",Progress Report 2025 priority-project line; plan values are not financing events
idn-progress25-hydro-020,IDN,idn-jetp-progress-report-2025,hydro,priority,20,Mini/Microhydro Ketaun 3,Bengkulu,2025,9.99,MW,,,,,,plan_only,74fb460fd09e76607e3cff308f5ba2754f2ebd91b0c9b7613c1a041e7b361162,"Appendix 1, table 3, printed row 20",Progress Report 2025 priority-project line; plan values are not financing events
idn-progress25-hydro-021,IDN,idn-jetp-progress-report-2025,hydro,priority,21,Mini/Microhydro Kanzy 3,Bengkulu,2025,5,MW,,,,,,plan_only,74fb460fd09e76607e3cff308f5ba2754f2ebd91b0c9b7613c1a041e7b361162,"Appendix 1, table 3, printed row 21",Progress Report 2025 priority-project line; plan values are not financing events
idn-progress25-hydro-022,IDN,idn-jetp-progress-report-2025,hydro,priority,22,Mini/Microhydro Sumber Jaya,Lampung,2025,6,MW,,,,,,plan_only,74fb460fd09e76607e3cff308f5ba2754f2ebd91b0c9b7613c1a041e7b361162,"Appendix 1, table 3, printed row 22",Progress Report 2025 priority-project line; plan values are not financing events
idn-progress25-hydro-023,IDN,idn-jetp-progress-report-2025,hydro,priority,23,Mini/Microhydro Way Meleson 2,Lampung,2025,2.3,MW,,,,,,plan_only,74fb460fd09e76607e3cff308f5ba2754f2ebd91b0c9b7613c1a041e7b361162,"Appendix 1, table 3, printed row 23",Progress Report 2025 priority-project line; plan values are not financing events
idn-progress25-hydro-024,IDN,idn-jetp-progress-report-2025,hydro,priority,24,Mini/Microhydro Kukusan 2,Lampung,2025,5.4,MW,,,,,,plan_only,74fb460fd09e76607e3cff308f5ba2754f2ebd91b0c9b7613c1a041e7b361162,"Appendix 1, table 3, printed row 24",Progress Report 2025 priority-project line; plan values are not financing events
idn-progress25-hydro-025,IDN,idn-jetp-progress-report-2025,hydro,top_priority,25,Mini/Microhydro Jawa-Bali (Kuota) Tersebar,Jawa Barat,2025,3.1,MW,,,,,,plan_only,74fb460fd09e76607e3cff308f5ba2754f2ebd91b0c9b7613c1a041e7b361162,"Appendix 1, table 3, printed row 25",Progress Report 2025 priority-project line; plan values are not financing events
idn-progress25-hydro-026,IDN,idn-jetp-progress-report-2025,hydro,priority,26,Mini/Microhydro Pareang,Jawa Barat,2025,2.8,MW,,,,,,plan_only,74fb460fd09e76607e3cff308f5ba2754f2ebd91b0c9b7613c1a041e7b361162,"Appendix 1, table 3, printed row 26",Progress Report 2025 priority-project line; plan values are not financing events
idn-progress25-hydro-027,IDN,idn-jetp-progress-report-2025,hydro,priority,27,Mini/Microhydro Harjosari,Jawa Tengah,2025,9.9,MW,,,,,,plan_only,74fb460fd09e76607e3cff308f5ba2754f2ebd91b0c9b7613c1a041e7b361162,"Appendix 1, table 3, printed row 27",Progress Report 2025 priority-project line; plan values are not financing events
idn-progress25-hydro-028,IDN,idn-jetp-progress-report-2025,hydro,priority,28,Mini/Microhydro Banyubiru,Jawa Tengah,2025,0.17,MW,,,,,,plan_only,74fb460fd09e76607e3cff308f5ba2754f2ebd91b0c9b7613c1a041e7b361162,"Appendix 1, table 3, printed row 28",Progress Report 2025 priority-project line; plan values are not financing events
idn-progress25-hydro-029,IDN,idn-jetp-progress-report-2025,hydro,priority,29,Mini/Microhydro Titab,Bali,2025,1.27,MW,,,,,,plan_only,74fb460fd09e76607e3cff308f5ba2754f2ebd91b0c9b7613c1a041e7b361162,"Appendix 1, table 3, printed row 29",Progress Report 2025 priority-project line; plan values are not financing events
idn-progress25-hydro-030,IDN,idn-jetp-progress-report-2025,hydro,top_priority,30,Hydro Bakaru 2,Sulawesi Selatan,2025,140,MW,,,,,,plan_only,74fb460fd09e76607e3cff308f5ba2754f2ebd91b0c9b7613c1a041e7b361162,"Appendix 1, table 3, printed row 30",Progress Report 2025 priority-project line; plan values are not financing events
idn-progress25-hydro-031,IDN,idn-jetp-progress-report-2025,hydro,top_priority,31,Mini/Microhydro Sulbagut (Kuota) Tersebar,Sulawesi Tengah,2025,5.7,MW,,,,,,plan_only,74fb460fd09e76607e3cff308f5ba2754f2ebd91b0c9b7613c1a041e7b361162,"Appendix 1, table 3, printed row 31",Progress Report 2025 priority-project line; plan values are not financing events
idn-progress25-hydro-032,IDN,idn-jetp-progress-report-2025,hydro,priority,32,Mini/Microhydro Bonehau,Sulawesi Barat,2025,4,MW,,,,,,plan_only,74fb460fd09e76607e3cff308f5ba2754f2ebd91b0c9b7613c1a041e7b361162,"Appendix 1, table 3, printed row 32",Progress Report 2025 priority-project line; plan values are not financing events
idn-progress25-hydro-033,IDN,idn-jetp-progress-report-2025,hydro,top_priority,33,Mini/Microhydro Lombok (Kuota) Tersebar,Nusa Tenggara Barat,2025,4.6,MW,,,,,,plan_only,74fb460fd09e76607e3cff308f5ba2754f2ebd91b0c9b7613c1a041e7b361162,"Appendix 1, table 3, printed row 33",Progress Report 2025 priority-project line; plan values are not financing events
idn-progress25-hydro-034,IDN,idn-jetp-progress-report-2025,hydro,top_priority,34,Hydro Kalseltengtimra (Kuota) Tersebar,Kalimantan Utara,2026,100,MW,,,,,,plan_only,74fb460fd09e76607e3cff308f5ba2754f2ebd91b0c9b7613c1a041e7b361162,"Appendix 1, table 3, printed row 34",Progress Report 2025 priority-project line; plan values are not financing events
idn-progress25-hydro-035,IDN,idn-jetp-progress-report-2025,hydro,priority,35,Mini/Microhydro Sedau Kumbi,Nusa Tenggara Barat,2025,1.3,MW,,,,,,plan_only,74fb460fd09e76607e3cff308f5ba2754f2ebd91b0c9b7613c1a041e7b361162,"Appendix 1, table 3, printed row 35",Progress Report 2025 priority-project line; plan values are not financing events
idn-progress25-hydro-036,IDN,idn-jetp-progress-report-2025,hydro,priority,36,Mini/Microhydro Pandanduri,Nusa Tenggara Barat,2025,0.58,MW,,,,,,plan_only,74fb460fd09e76607e3cff308f5ba2754f2ebd91b0c9b7613c1a041e7b361162,"Appendix 1, table 3, printed row 36",Progress Report 2025 priority-project line; plan values are not financing events
idn-progress25-hydro-037,IDN,idn-jetp-progress-report-2025,hydro,priority,37,Mini/Microhydro Wae Lega - Rteng,Nusa Tenggara Timur,2025,1.75,MW,,,,,,plan_only,74fb460fd09e76607e3cff308f5ba2754f2ebd91b0c9b7613c1a041e7b361162,"Appendix 1, table 3, printed row 37",Progress Report 2025 priority-project line; plan values are not financing events
idn-progress25-hydro-038,IDN,idn-jetp-progress-report-2025,hydro,priority,38,Mini/Microhydro Sisira,Sumatera Utara,2026,9.8,MW,,,,,,plan_only,74fb460fd09e76607e3cff308f5ba2754f2ebd91b0c9b7613c1a041e7b361162,"Appendix 1, table 3, printed row 38",Progress Report 2025 priority-project line; plan values are not financing events
idn-progress25-hydro-039,IDN,idn-jetp-progress-report-2025,hydro,priority,39,Mini/Microhydro Simonggo,Sumatera Utara,2026,8,MW,,,,,,plan_only,74fb460fd09e76607e3cff308f5ba2754f2ebd91b0c9b7613c1a041e7b361162,"Appendix 1, table 3, printed row 39",Progress Report 2025 priority-project line; plan values are not financing events
idn-progress25-hydro-040,IDN,idn-jetp-progress-report-2025,hydro,priority,40,Mini/Microhydro Simbelin-1,Sumatera Utara,2026,6,MW,,,,,,plan_only,74fb460fd09e76607e3cff308f5ba2754f2ebd91b0c9b7613c1a041e7b361162,"Appendix 1, table 3, printed row 40",Progress Report 2025 priority-project line; plan values are not financing events
idn-progress25-hydro-041,IDN,idn-jetp-progress-report-2025,hydro,priority,41,Mini/Microhydro Lae Ordi-1,Sumatera Utara,2026,10,MW,,,,,,plan_only,74fb460fd09e76607e3cff308f5ba2754f2ebd91b0c9b7613c1a041e7b361162,"Appendix 1, table 3, printed row 41",Progress Report 2025 priority-project line; plan values are not financing events
idn-progress25-hydro-042,IDN,idn-jetp-progress-report-2025,hydro,priority,42,Mini/Microhydro Batang Toru 5,Sumatera Utara,2026,7.5,MW,,,,,,plan_only,74fb460fd09e76607e3cff308f5ba2754f2ebd91b0c9b7613c1a041e7b361162,"Appendix 1, table 3, printed row 42",Progress Report 2025 priority-project line; plan values are not financing events
idn-progress25-hydro-043,IDN,idn-jetp-progress-report-2025,hydro,priority,43,Hydro Batang Toru,Sumatera Utara,2026,510,MW,,,,,,plan_only,74fb460fd09e76607e3cff308f5ba2754f2ebd91b0c9b7613c1a041e7b361162,"Appendix 1, table 3, printed row 43",Progress Report 2025 priority-project line; plan values are not financing events
idn-progress25-hydro-044,IDN,idn-jetp-progress-report-2025,hydro,priority,44,Mini/Microhydro Rabi Jonggor,Sumatera Barat,2026,4.5,MW,,,,,,plan_only,74fb460fd09e76607e3cff308f5ba2754f2ebd91b0c9b7613c1a041e7b361162,"Appendix 1, table 3, printed row 44",Progress Report 2025 priority-project line; plan values are not financing events
idn-progress25-hydro-045,IDN,idn-jetp-progress-report-2025,hydro,priority,45,Mini/Microhydro Tras,Sumatera Barat,2026,1.6,MW,,,,,,plan_only,74fb460fd09e76607e3cff308f5ba2754f2ebd91b0c9b7613c1a041e7b361162,"Appendix 1, table 3, printed row 45",Progress Report 2025 priority-project line; plan values are not financing events
idn-progress25-hydro-046,IDN,idn-jetp-progress-report-2025,hydro,priority,46,Mini/Microhydro Cikotok,Banten,2026,4.2,MW,,,,,,plan_only,74fb460fd09e76607e3cff308f5ba2754f2ebd91b0c9b7613c1a041e7b361162,"Appendix 1, table 3, printed row 46",Progress Report 2025 priority-project line; plan values are not financing events
idn-progress25-hydro-047,IDN,idn-jetp-progress-report-2025,hydro,top_priority,47,Mini/Microhydro Jawa-Bali (Kuota) Tersebar,Jawa Barat,2026,4.5,MW,,,,,,plan_only,74fb460fd09e76607e3cff308f5ba2754f2ebd91b0c9b7613c1a041e7b361162,"Appendix 1, table 3, printed row 47",Progress Report 2025 priority-project line; plan values are not financing events
idn-progress25-hydro-048,IDN,idn-jetp-progress-report-2025,hydro,priority,48,Mini/Microhydro Jayamukti,Jawa Barat,2026,2.3,MW,,,,,,plan_only,74fb460fd09e76607e3cff308f5ba2754f2ebd91b0c9b7613c1a041e7b361162,"Appendix 1, table 3, printed row 48",Progress Report 2025 priority-project line; plan values are not financing events
idn-progress25-hydro-049,IDN,idn-jetp-progress-report-2025,hydro,priority,49,Mini/Microhydro Kertamukti,Jawa Barat,2026,6.3,MW,,,,,,plan_only,74fb460fd09e76607e3cff308f5ba2754f2ebd91b0c9b7613c1a041e7b361162,"Appendix 1, table 3, printed row 49",Progress Report 2025 priority-project line; plan values are not financing events
idn-progress25-hydro-050,IDN,idn-jetp-progress-report-2025,hydro,priority,50,Mini/Microhydro Gerak Serayu,Jawa Tengah,2026,4.98,MW,,,,,,plan_only,74fb460fd09e76607e3cff308f5ba2754f2ebd91b0c9b7613c1a041e7b361162,"Appendix 1, table 3, printed row 50",Progress Report 2025 priority-project line; plan values are not financing events
idn-progress25-hydro-051,IDN,idn-jetp-progress-report-2025,hydro,top_priority,51,Mini/Microhydro Jatibarang,Jawa Tengah,2026,1.5,MW,,,,,,plan_only,74fb460fd09e76607e3cff308f5ba2754f2ebd91b0c9b7613c1a041e7b361162,"Appendix 1, table 3, printed row 51",Progress Report 2025 priority-project line; plan values are not financing events
idn-progress25-hydro-052,IDN,idn-jetp-progress-report-2025,hydro,top_priority,52,Mini/Microhydro Jatimlerek,Jawa Timur,2026,1.73,MW,,,,,,plan_only,74fb460fd09e76607e3cff308f5ba2754f2ebd91b0c9b7613c1a041e7b361162,"Appendix 1, table 3, printed row 52",Progress Report 2025 priority-project line; plan values are not financing events
idn-progress25-hydro-053,IDN,idn-jetp-progress-report-2025,hydro,priority,53,Mini/Microhydro Bone Bolango,Gorontalo,2026,9.9,MW,,,,,,plan_only,74fb460fd09e76607e3cff308f5ba2754f2ebd91b0c9b7613c1a041e7b361162,"Appendix 1, table 3, printed row 53",Progress Report 2025 priority-project line; plan values are not financing events
idn-progress25-hydro-054,IDN,idn-jetp-progress-report-2025,hydro,top_priority,54,Mini/Microhydro Sumba (Kuota) Tersebar,Nusa Tenggara Timur,2026,2,MW,,,,,,plan_only,74fb460fd09e76607e3cff308f5ba2754f2ebd91b0c9b7613c1a041e7b361162,"Appendix 1, table 3, printed row 54",Progress Report 2025 priority-project line; plan values are not financing events
idn-progress25-hydro-055,IDN,idn-jetp-progress-report-2025,hydro,priority,55,Mini/Microhydro Sumatera (Kuota) Tersebar Sumbagut¹),Aceh,2027,14.4,MW,,,,,,plan_only,74fb460fd09e76607e3cff308f5ba2754f2ebd91b0c9b7613c1a041e7b361162,"Appendix 1, table 3, printed row 55",Progress Report 2025 priority-project line; plan values are not financing events
idn-progress25-hydro-056,IDN,idn-jetp-progress-report-2025,hydro,priority,56,Mini/Microhydro Raisan Nagatimbul,Sumatera Utara,2027,7,MW,,,,,,plan_only,74fb460fd09e76607e3cff308f5ba2754f2ebd91b0c9b7613c1a041e7b361162,"Appendix 1, table 3, printed row 56",Progress Report 2025 priority-project line; plan values are not financing events
idn-progress25-hydro-057,IDN,idn-jetp-progress-report-2025,hydro,priority,57,Mini/Microhydro Raisan Hutadolok,Sumatera Utara,2027,7,MW,,,,,,plan_only,74fb460fd09e76607e3cff308f5ba2754f2ebd91b0c9b7613c1a041e7b361162,"Appendix 1, table 3, printed row 57",Progress Report 2025 priority-project line; plan values are not financing events
idn-progress25-hydro-058,IDN,idn-jetp-progress-report-2025,hydro,priority,58,Mini/Microhydro Huta Padang,Sumatera Utara,2027,10,MW,,,,,,plan_only,74fb460fd09e76607e3cff308f5ba2754f2ebd91b0c9b7613c1a041e7b361162,"Appendix 1, table 3, printed row 58",Progress Report 2025 priority-project line; plan values are not financing events
idn-progress25-hydro-059,IDN,idn-jetp-progress-report-2025,hydro,priority,59,Mini/Microhydro Batang Toru 4,Sumatera Utara,2027,10,MW,,,,,,plan_only,74fb460fd09e76607e3cff308f5ba2754f2ebd91b0c9b7613c1a041e7b361162,"Appendix 1, table 3, printed row 59",Progress Report 2025 priority-project line; plan values are not financing events
idn-progress25-hydro-060,IDN,idn-jetp-progress-report-2025,hydro,priority,60,Mini/Microhydro Aek Tomuan-1,Sumatera Utara,2027,8,MW,,,,,,plan_only,74fb460fd09e76607e3cff308f5ba2754f2ebd91b0c9b7613c1a041e7b361162,"Appendix 1, table 3, printed row 60",Progress Report 2025 priority-project line; plan values are not financing events
idn-progress25-hydro-061,IDN,idn-jetp-progress-report-2025,hydro,priority,61,Mini/Microhydro Aek Situmandi,Sumatera Utara,2027,7.5,MW,,,,,,plan_only,74fb460fd09e76607e3cff308f5ba2754f2ebd91b0c9b7613c1a041e7b361162,"Appendix 1, table 3, printed row 61",Progress Report 2025 priority-project line; plan values are not financing events
idn-progress25-hydro-062,IDN,idn-jetp-progress-report-2025,hydro,priority,62,Mini/Microhydro Kenali,Sumatera Selatan,2027,3.6,MW,,,,,,plan_only,74fb460fd09e76607e3cff308f5ba2754f2ebd91b0c9b7613c1a041e7b361162,"Appendix 1, table 3, printed row 62",Progress Report 2025 priority-project line; plan values are not financing events
idn-progress25-hydro-063,IDN,idn-jetp-progress-report-2025,hydro,priority,63,Mini/Microhydro Setanggi,Kalimantan Barat,2027,5,MW,,,,,,plan_only,74fb460fd09e76607e3cff308f5ba2754f2ebd91b0c9b7613c1a041e7b361162,"Appendix 1, table 3, printed row 63",Progress Report 2025 priority-project line; plan values are not financing events
idn-progress25-hydro-064,IDN,idn-jetp-progress-report-2025,hydro,priority,64,Mini/Microhydro Manajur,Kalimantan Barat,2027,5,MW,,,,,,plan_only,74fb460fd09e76607e3cff308f5ba2754f2ebd91b0c9b7613c1a041e7b361162,"Appendix 1, table 3, printed row 64",Progress Report 2025 priority-project line; plan values are not financing events
idn-progress25-hydro-065,IDN,idn-jetp-progress-report-2025,hydro,priority,65,Mini/Microhydro Paramayo,Kalimantan Utara,2027,0.76,MW,,,,,,plan_only,74fb460fd09e76607e3cff308f5ba2754f2ebd91b0c9b7613c1a041e7b361162,"Appendix 1, table 3, printed row 65",Progress Report 2025 priority-project line; plan values are not financing events
idn-progress25-hydro-066,IDN,idn-jetp-progress-report-2025,hydro,top_priority,66,Hydro Kalseltengtimra (Kuota) Tersebar,Kalimantan Utara,2027,200,MW,,,,,,plan_only,74fb460fd09e76607e3cff308f5ba2754f2ebd91b0c9b7613c1a041e7b361162,"Appendix 1, table 3, printed row 66",Progress Report 2025 priority-project line; plan values are not financing events
idn-progress25-hydro-067,IDN,idn-jetp-progress-report-2025,hydro,priority,67,Mini/Microhydro Cikamunding,Banten,2027,6,MW,,,,,,plan_only,74fb460fd09e76607e3cff308f5ba2754f2ebd91b0c9b7613c1a041e7b361162,"Appendix 1, table 3, printed row 67",Progress Report 2025 priority-project line; plan values are not financing events
idn-progress25-hydro-068,IDN,idn-jetp-progress-report-2025,hydro,priority,68,Mini/Microhydro Nagajaya,Banten,2027,6,MW,,,,,,plan_only,74fb460fd09e76607e3cff308f5ba2754f2ebd91b0c9b7613c1a041e7b361162,"Appendix 1, table 3, printed row 68",Progress Report 2025 priority-project line; plan values are not financing events
idn-progress25-hydro-069,IDN,idn-jetp-progress-report-2025,hydro,priority,69,Mini/Microhydro Bulakan,Banten,2027,3,MW,,,,,,plan_only,74fb460fd09e76607e3cff308f5ba2754f2ebd91b0c9b7613c1a041e7b361162,"Appendix 1, table 3, printed row 69",Progress Report 2025 priority-project line; plan values are not financing events
idn-progress25-hydro-070,IDN,idn-jetp-progress-report-2025,hydro,priority,70,Mini/Microhydro Jawa-Bali (Kuota) Tersebar,Banten,2027,4.4,MW,,,,,,plan_only,74fb460fd09e76607e3cff308f5ba2754f2ebd91b0c9b7613c1a041e7b361162,"Appendix 1, table 3, printed row 70",Progress Report 2025 priority-project line; plan values are not financing events
idn-progress25-hydro-071,IDN,idn-jetp-progress-report-2025,hydro,priority,71,Mini/Microhydro Jawa - Bali (Kuota) Tersebar,Jawa Barat,2027,74.7,MW,,,,,,plan_only,74fb460fd09e76607e3cff308f5ba2754f2ebd91b0c9b7613c1a041e7b361162,"Appendix 1, table 3, printed row 71",Progress Report 2025 priority-project line; plan values are not financing events
idn-progress25-hydro-072,IDN,idn-jetp-progress-report-2025,hydro,priority,72,Mini/Microhydro Cilongsong,Jawa Barat,2027,2.4,MW,,,,,,plan_only,74fb460fd09e76607e3cff308f5ba2754f2ebd91b0c9b7613c1a041e7b361162,"Appendix 1, table 3, printed row 72",Progress Report 2025 priority-project line; plan values are not financing events
idn-progress25-hydro-073,IDN,idn-jetp-progress-report-2025,hydro,priority,73,Mini/Microhydro Talaga 2,Jawa Barat,2027,2,MW,,,,,idn-monitor-cihaur-talaga-micro-hydro,matched,74fb460fd09e76607e3cff308f5ba2754f2ebd91b0c9b7613c1a041e7b361162,"Appendix 1, table 3, printed row 73",Progress Report 2025 priority-project line; plan values are not financing events
idn-progress25-hydro-074,IDN,idn-jetp-progress-report-2025,hydro,priority,74,Mini/Microhydro Pasirhanjuang,Jawa Barat,2027,4.4,MW,,,,,,plan_only,74fb460fd09e76607e3cff308f5ba2754f2ebd91b0c9b7613c1a041e7b361162,"Appendix 1, table 3, printed row 74",Progress Report 2025 priority-project line; plan values are not financing events
idn-progress25-hydro-075,IDN,idn-jetp-progress-report-2025,hydro,priority,75,Mini/Microhydro Cihaur,Jawa Barat,2027,3,MW,,,,,idn-monitor-cihaur-talaga-micro-hydro,matched,74fb460fd09e76607e3cff308f5ba2754f2ebd91b0c9b7613c1a041e7b361162,"Appendix 1, table 3, printed row 75",Progress Report 2025 priority-project line; plan values are not financing events
idn-progress25-hydro-076,IDN,idn-jetp-progress-report-2025,hydro,priority,76,Mini/Microhydro Jawa-Bali (Kuota) Tersebar,Jawa Tengah,2027,149,MW,,,,,,plan_only,74fb460fd09e76607e3cff308f5ba2754f2ebd91b0c9b7613c1a041e7b361162,"Appendix 1, table 3, printed row 76",Progress Report 2025 priority-project line; plan values are not financing events
idn-progress25-hydro-077,IDN,idn-jetp-progress-report-2025,hydro,top_priority,77,Mini/Microhydro Jawa-Bali (Kuota) Tersebar,Jawa Timur,2027,7.4,MW,,,,,,plan_only,74fb460fd09e76607e3cff308f5ba2754f2ebd91b0c9b7613c1a041e7b361162,"Appendix 1, table 3, printed row 77",Progress Report 2025 priority-project line; plan values are not financing events
idn-progress25-hydro-078,IDN,idn-jetp-progress-report-2025,hydro,top_priority,78,Mini/Microhydro Jawa-Bali (Kuota) Tersebar,Jawa Timur,2027,3.5,MW,,,,,,plan_only,74fb460fd09e76607e3cff308f5ba2754f2ebd91b0c9b7613c1a041e7b361162,"Appendix 1, table 3, printed row 78",Progress Report 2025 priority-project line; plan values are not financing events
idn-progress25-hydro-079,IDN,idn-jetp-progress-report-2025,hydro,top_priority,79,Mini/Microhydro Jawa-Bali (Kuota) Tersebar,Jawa Timur,2027,4.6,MW,,,,,,plan_only,74fb460fd09e76607e3cff308f5ba2754f2ebd91b0c9b7613c1a041e7b361162,"Appendix 1, table 3, printed row 79",Progress Report 2025 priority-project line; plan values are not financing events
idn-progress25-hydro-080,IDN,idn-jetp-progress-report-2025,hydro,top_priority,80,Mini/Microhydro Jawa-Bali (Kuota) Tersebar,Jawa Timur,2027,3.75,MW,,,,,,plan_only,74fb460fd09e76607e3cff308f5ba2754f2ebd91b0c9b7613c1a041e7b361162,"Appendix 1, table 3, printed row 80",Progress Report 2025 priority-project line; plan values are not financing events
idn-progress25-hydro-081,IDN,idn-jetp-progress-report-2025,hydro,top_priority,81,Mini/Microhydro Jawa-Bali (Kuota) Tersebar,Jawa Timur,2027,3.5,MW,,,,,,plan_only,74fb460fd09e76607e3cff308f5ba2754f2ebd91b0c9b7613c1a041e7b361162,"Appendix 1, table 3, printed row 81",Progress Report 2025 priority-project line; plan values are not financing events
idn-progress25-hydro-082,IDN,idn-jetp-progress-report-2025,hydro,top_priority,82,Mini/Microhydro Jawa-Bali (Kuota) Tersebar,Jawa Timur,2027,3.5,MW,,,,,,plan_only,74fb460fd09e76607e3cff308f5ba2754f2ebd91b0c9b7613c1a041e7b361162,"Appendix 1, table 3, printed row 82",Progress Report 2025 priority-project line; plan values are not financing events
idn-progress25-hydro-083,IDN,idn-jetp-progress-report-2025,hydro,top_priority,83,Mini/Microhydro Jawa-Bali (Kuota) Tersebar,Jawa Timur,2027,3.26,MW,,,,,,plan_only,74fb460fd09e76607e3cff308f5ba2754f2ebd91b0c9b7613c1a041e7b361162,"Appendix 1, table 3, printed row 83",Progress Report 2025 priority-project line; plan values are not financing events
idn-progress25-hydro-084,IDN,idn-jetp-progress-report-2025,hydro,top_priority,84,Mini/Microhydro Jawa-Bali (Kuota) Tersebar,Jawa Timur,2027,3.16,MW,,,,,,plan_only,74fb460fd09e76607e3cff308f5ba2754f2ebd91b0c9b7613c1a041e7b361162,"Appendix 1, table 3, printed row 84",Progress Report 2025 priority-project line; plan values are not financing events
idn-progress25-hydro-085,IDN,idn-jetp-progress-report-2025,hydro,top_priority,85,Mini/Microhydro Jawa-Bali (Kuota) Tersebar,Jawa Timur,2027,3.1,MW,,,,,,plan_only,74fb460fd09e76607e3cff308f5ba2754f2ebd91b0c9b7613c1a041e7b361162,"Appendix 1, table 3, printed row 85",Progress Report 2025 priority-project line; plan values are not financing events
idn-progress25-hydro-086,IDN,idn-jetp-progress-report-2025,hydro,top_priority,86,Mini/Microhydro Jawa-Bali (Kuota) Tersebar,Jawa Timur,2027,3.07,MW,,,,,,plan_only,74fb460fd09e76607e3cff308f5ba2754f2ebd91b0c9b7613c1a041e7b361162,"Appendix 1, table 3, printed row 86",Progress Report 2025 priority-project line; plan values are not financing events
idn-progress25-hydro-087,IDN,idn-jetp-progress-report-2025,hydro,top_priority,87,Mini/Microhydro Jawa-Bali (Kuota) Tersebar,Jawa Timur,2027,2.18,MW,,,,,,plan_only,74fb460fd09e76607e3cff308f5ba2754f2ebd91b0c9b7613c1a041e7b361162,"Appendix 1, table 3, printed row 87",Progress Report 2025 priority-project line; plan values are not financing events
idn-progress25-hydro-088,IDN,idn-jetp-progress-report-2025,hydro,top_priority,88,Mini/Microhydro Jawa-Bali (Kuota) Tersebar,Jawa Timur,2027,2.12,MW,,,,,,plan_only,74fb460fd09e76607e3cff308f5ba2754f2ebd91b0c9b7613c1a041e7b361162,"Appendix 1, table 3, printed row 88",Progress Report 2025 priority-project line; plan values are not financing events
idn-progress25-hydro-089,IDN,idn-jetp-progress-report-2025,hydro,top_priority,89,Mini/Microhydro Jawa-Bali (Kuota) Tersebar,Jawa Timur,2027,1.41,MW,,,,,,plan_only,74fb460fd09e76607e3cff308f5ba2754f2ebd91b0c9b7613c1a041e7b361162,"Appendix 1, table 3, printed row 89",Progress Report 2025 priority-project line; plan values are not financing events
idn-progress25-hydro-090,IDN,idn-jetp-progress-report-2025,hydro,top_priority,90,Mini/Microhydro Jawa-Bali (Kuota) Tersebar,Jawa Timur,2027,0.38,MW,,,,,,plan_only,74fb460fd09e76607e3cff308f5ba2754f2ebd91b0c9b7613c1a041e7b361162,"Appendix 1, table 3, printed row 90",Progress Report 2025 priority-project line; plan values are not financing events
idn-progress25-hydro-091,IDN,idn-jetp-progress-report-2025,hydro,top_priority,91,Mini/Microhydro Jawa-Bali (Kuota) Tersebar,Jawa Timur,2027,0.56,MW,,,,,,plan_only,74fb460fd09e76607e3cff308f5ba2754f2ebd91b0c9b7613c1a041e7b361162,"Appendix 1, table 3, printed row 91",Progress Report 2025 priority-project line; plan values are not financing events
idn-progress25-hydro-092,IDN,idn-jetp-progress-report-2025,hydro,top_priority,92,Mini/Microhydro Jawa-Bali (Kuota) Tersebar,Jawa Timur,2027,0.26,MW,,,,,,plan_only,74fb460fd09e76607e3cff308f5ba2754f2ebd91b0c9b7613c1a041e7b361162,"Appendix 1, table 3, printed row 92",Progress Report 2025 priority-project line; plan values are not financing events
idn-progress25-hydro-093,IDN,idn-jetp-progress-report-2025,hydro,top_priority,93,Mini/Microhydro Jawa-Bali (Kuota) Tersebar,Jawa Timur,2027,0.38,MW,,,,,,plan_only,74fb460fd09e76607e3cff308f5ba2754f2ebd91b0c9b7613c1a041e7b361162,"Appendix 1, table 3, printed row 93",Progress Report 2025 priority-project line; plan values are not financing events
idn-progress25-hydro-094,IDN,idn-jetp-progress-report-2025,hydro,priority,94,Mini/Microhydro Iya,Gorontalo,2027,2,MW,,,,,,plan_only,74fb460fd09e76607e3cff308f5ba2754f2ebd91b0c9b7613c1a041e7b361162,"Appendix 1, table 3, printed row 94",Progress Report 2025 priority-project line; plan values are not financing events
idn-progress25-hydro-095,IDN,idn-jetp-progress-report-2025,hydro,priority,95,Mini/Microhydro Kalibumi I,"Papua, Papua Pegunungan, Papua Tengah, Papua Selatan",2027,6.35,MW,,,,,,plan_only,74fb460fd09e76607e3cff308f5ba2754f2ebd91b0c9b7613c1a041e7b361162,"Appendix 1, table 3, printed row 95",Progress Report 2025 priority-project line; plan values are not financing events
idn-progress25-hydro-096,IDN,idn-jetp-progress-report-2025,hydro,priority,96,Mini/Microhydro Uwe,"Papua, Papua Pegunungan, Papua Tengah, Papua Selatan",2027,1.5,MW,,,,,,plan_only,74fb460fd09e76607e3cff308f5ba2754f2ebd91b0c9b7613c1a041e7b361162,"Appendix 1, table 3, printed row 96",Progress Report 2025 priority-project line; plan values are not financing events
idn-progress25-hydro-097,IDN,idn-jetp-progress-report-2025,hydro,priority,97,Mini/Microhydro Warnasi Warkapi,"Papua Barat, Papua Barat Daya",2027,4.6,MW,,,,,,plan_only,74fb460fd09e76607e3cff308f5ba2754f2ebd91b0c9b7613c1a041e7b361162,"Appendix 1, table 3, printed row 97",Progress Report 2025 priority-project line; plan values are not financing events
idn-progress25-hydro-098,IDN,idn-jetp-progress-report-2025,hydro,priority,98,Mini/Microhydro Kokok Babak,Nusa Tenggara Barat,2027,2.3,MW,,,,,,plan_only,74fb460fd09e76607e3cff308f5ba2754f2ebd91b0c9b7613c1a041e7b361162,"Appendix 1, table 3, printed row 98",Progress Report 2025 priority-project line; plan values are not financing events
idn-progress25-hydro-099,IDN,idn-jetp-progress-report-2025,hydro,top_priority,99,Mini/Microhydro Sumbawa - Bima (Kuota) Tersebar,Nusa Tenggara Barat,2027,6.3,MW,,,,,,plan_only,74fb460fd09e76607e3cff308f5ba2754f2ebd91b0c9b7613c1a041e7b361162,"Appendix 1, table 3, printed row 99",Progress Report 2025 priority-project line; plan values are not financing events
idn-progress25-hydro-100,IDN,idn-jetp-progress-report-2025,hydro,priority,100,Mini/Microhydro LISDES,Nusa Tenggara Timur,2027,5.61,MW,,,,,,plan_only,74fb460fd09e76607e3cff308f5ba2754f2ebd91b0c9b7613c1a041e7b361162,"Appendix 1, table 3, printed row 100",Progress Report 2025 priority-project line; plan values are not financing events
idn-progress25-hydro-101,IDN,idn-jetp-progress-report-2025,hydro,top_priority,101,PLTA Sulbagsel (Kuota) Tersebar,Sulawesi Selatan,2028,200,MW,,,,,,plan_only,74fb460fd09e76607e3cff308f5ba2754f2ebd91b0c9b7613c1a041e7b361162,"Appendix 1, table 3, printed row 101",Progress Report 2025 priority-project line; plan values are not financing events
idn-progress25-hydro-102,IDN,idn-jetp-progress-report-2025,hydro,top_priority,102,Hydro Sumatera (Kuota) Tersebar 1),Sumatera Utara,2028,250,MW,,,,,,plan_only,74fb460fd09e76607e3cff308f5ba2754f2ebd91b0c9b7613c1a041e7b361162,"Appendix 1, table 3, printed row 102",Progress Report 2025 priority-project line; plan values are not financing events
idn-progress25-hydro-103,IDN,idn-jetp-progress-report-2025,hydro,priority,103,Mini/Microhydro Khatulistiwa (Kuota) Tersebar,Kalimantan Barat,2028,16,MW,,,,,,plan_only,74fb460fd09e76607e3cff308f5ba2754f2ebd91b0c9b7613c1a041e7b361162,"Appendix 1, table 3, printed row 103",Progress Report 2025 priority-project line; plan values are not financing events
idn-progress25-hydro-104,IDN,idn-jetp-progress-report-2025,hydro,priority,104,Mini/Microhydro Cibareno 1,Banten,2028,5,MW,,,,,,plan_only,74fb460fd09e76607e3cff308f5ba2754f2ebd91b0c9b7613c1a041e7b361162,"Appendix 1, table 3, printed row 104",Progress Report 2025 priority-project line; plan values are not financing events
idn-progress25-hydro-105,IDN,idn-jetp-progress-report-2025,hydro,priority,105,Mini/Microhydro Jawa-Bali (Kuota) Tersebar,Banten,2028,6,MW,,,,,,plan_only,74fb460fd09e76607e3cff308f5ba2754f2ebd91b0c9b7613c1a041e7b361162,"Appendix 1, table 3, printed row 105",Progress Report 2025 priority-project line; plan values are not financing events
idn-progress25-hydro-106,IDN,idn-jetp-progress-report-2025,hydro,priority,106,Mini/Microhydro Karian,Banten,2028,1.8,MW,,,,,,plan_only,74fb460fd09e76607e3cff308f5ba2754f2ebd91b0c9b7613c1a041e7b361162,"Appendix 1, table 3, printed row 106",Progress Report 2025 priority-project line; plan values are not financing events
idn-progress25-hydro-107,IDN,idn-jetp-progress-report-2025,hydro,priority,107,Mini/Microhydro Caringin,Jawa Barat,2028,6.5,MW,,,,,,plan_only,74fb460fd09e76607e3cff308f5ba2754f2ebd91b0c9b7613c1a041e7b361162,"Appendix 1, table 3, printed row 107",Progress Report 2025 priority-project line; plan values are not financing events
idn-progress25-hydro-108,IDN,idn-jetp-progress-report-2025,hydro,priority,108,Mini/Microhydro Cipanas,Jawa Barat,2028,3,MW,,,,,,plan_only,74fb460fd09e76607e3cff308f5ba2754f2ebd91b0c9b7613c1a041e7b361162,"Appendix 1, table 3, printed row 108",Progress Report 2025 priority-project line; plan values are not financing events
idn-progress25-hydro-109,IDN,idn-jetp-progress-report-2025,hydro,priority,109,Mini/Microhydro Sadawarna,Jawa Barat,2028,2,MW,,,,,,plan_only,74fb460fd09e76607e3cff308f5ba2754f2ebd91b0c9b7613c1a041e7b361162,"Appendix 1, table 3, printed row 109",Progress Report 2025 priority-project line; plan values are not financing events
idn-progress25-hydro-110,IDN,idn-jetp-progress-report-2025,hydro,priority,110,Mini/Microhydro Jawa-Bali (Kuota) Tersebar,Jawa Barat,2028,6.4,MW,,,,,,plan_only,74fb460fd09e76607e3cff308f5ba2754f2ebd91b0c9b7613c1a041e7b361162,"Appendix 1, table 3, printed row 110",Progress Report 2025 priority-project line; plan values are not financing events
idn-progress25-hydro-111,IDN,idn-jetp-progress-report-2025,hydro,priority,111,Mini/Microhydro Jawa-Bali (Kuota) Tersebar,Jawa Tengah,2028,0.7,MW,,,,,,plan_only,74fb460fd09e76607e3cff308f5ba2754f2ebd91b0c9b7613c1a041e7b361162,"Appendix 1, table 3, printed row 111",Progress Report 2025 priority-project line; plan values are not financing events
idn-progress25-hydro-112,IDN,idn-jetp-progress-report-2025,hydro,priority,112,Mini/Microhydro Jawa-Bali (Kuota) Tersebar,Bali,2028,1.35,MW,,,,,,plan_only,74fb460fd09e76607e3cff308f5ba2754f2ebd91b0c9b7613c1a041e7b361162,"Appendix 1, table 3, printed row 112",Progress Report 2025 priority-project line; plan values are not financing events
idn-progress25-hydro-113,IDN,idn-jetp-progress-report-2025,hydro,top_priority,113,Hydro Sulbagsel (Kuota) Tersebar,Sulawesi Selatan,2028,200,MW,,,,,,plan_only,74fb460fd09e76607e3cff308f5ba2754f2ebd91b0c9b7613c1a041e7b361162,"Appendix 1, table 3, printed row 113",Progress Report 2025 priority-project line; plan values are not financing events
idn-progress25-hydro-114,IDN,idn-jetp-progress-report-2025,hydro,priority,114,Mini/Microhydro Sulbagut (Kuota) Tersebar Tambahan,Sulawesi Utara,2028,20,MW,,,,,,plan_only,74fb460fd09e76607e3cff308f5ba2754f2ebd91b0c9b7613c1a041e7b361162,"Appendix 1, table 3, printed row 114",Progress Report 2025 priority-project line; plan values are not financing events
idn-progress25-hydro-115,IDN,idn-jetp-progress-report-2025,hydro,priority,115,Mini/Microhydro Lombok (Kuota) Tersebar,Nusa Tenggara Barat,2028,0.5,MW,,,,,,plan_only,74fb460fd09e76607e3cff308f5ba2754f2ebd91b0c9b7613c1a041e7b361162,"Appendix 1, table 3, printed row 115",Progress Report 2025 priority-project line; plan values are not financing events
idn-progress25-hydro-116,IDN,idn-jetp-progress-report-2025,hydro,priority,116,Mini/Microhydro Lombok (Kuota) Tersebar,Nusa Tenggara Barat,2028,0.25,MW,,,,,,plan_only,74fb460fd09e76607e3cff308f5ba2754f2ebd91b0c9b7613c1a041e7b361162,"Appendix 1, table 3, printed row 116",Progress Report 2025 priority-project line; plan values are not financing events
idn-progress25-hydro-117,IDN,idn-jetp-progress-report-2025,hydro,priority,117,Mini/Microhydro Lombok (Kuota) Tersebar,Nusa Tenggara Barat,2028,0.45,MW,,,,,,plan_only,74fb460fd09e76607e3cff308f5ba2754f2ebd91b0c9b7613c1a041e7b361162,"Appendix 1, table 3, printed row 117",Progress Report 2025 priority-project line; plan values are not financing events
idn-progress25-hydro-118,IDN,idn-jetp-progress-report-2025,hydro,priority,118,Mini/Microhydro Lombok (Kuota) Tersebar,Nusa Tenggara Barat,2028,0.55,MW,,,,,,plan_only,74fb460fd09e76607e3cff308f5ba2754f2ebd91b0c9b7613c1a041e7b361162,"Appendix 1, table 3, printed row 118",Progress Report 2025 priority-project line; plan values are not financing events
idn-progress25-hydro-119,IDN,idn-jetp-progress-report-2025,hydro,priority,119,Mini/Microhydro Lombok (Kuota) Tersebar,Nusa Tenggara Barat,2028,2.6,MW,,,,,,plan_only,74fb460fd09e76607e3cff308f5ba2754f2ebd91b0c9b7613c1a041e7b361162,"Appendix 1, table 3, printed row 119",Progress Report 2025 priority-project line; plan values are not financing events
idn-progress25-hydro-120,IDN,idn-jetp-progress-report-2025,hydro,priority,120,Mini/Microhydro Lombok (Kuota) Tersebar,Nusa Tenggara Barat,2028,1.98,MW,,,,,,plan_only,74fb460fd09e76607e3cff308f5ba2754f2ebd91b0c9b7613c1a041e7b361162,"Appendix 1, table 3, printed row 110","Progress Report 2025 priority-project line; plan values are not financing events; source printed row 110, normalised physical row 120"
idn-progress25-hydro-121,IDN,idn-jetp-progress-report-2025,hydro,top_priority,121,Mini/Microhydro Sumbawa - Bima (Kuota) Tersebar,Nusa Tenggara Barat,2028,2.54,MW,,,,,,plan_only,74fb460fd09e76607e3cff308f5ba2754f2ebd91b0c9b7613c1a041e7b361162,"Appendix 1, table 3, printed row 111","Progress Report 2025 priority-project line; plan values are not financing events; source printed row 111, normalised physical row 121"
idn-progress25-hydro-122,IDN,idn-jetp-progress-report-2025,hydro,top_priority,122,Mini/Microhydro Sumbawa - Bima (Kuota) Tersebar,Nusa Tenggara Barat,2028,3.84,MW,,,,,,plan_only,74fb460fd09e76607e3cff308f5ba2754f2ebd91b0c9b7613c1a041e7b361162,"Appendix 1, table 3, printed row 112","Progress Report 2025 priority-project line; plan values are not financing events; source printed row 112, normalised physical row 122"
idn-progress25-hydro-123,IDN,idn-jetp-progress-report-2025,hydro,priority,123,Mini/Microhydro Flores,Nusa Tenggara Timur,2028,3.06,MW,,,,,,plan_only,74fb460fd09e76607e3cff308f5ba2754f2ebd91b0c9b7613c1a041e7b361162,"Appendix 1, table 3, printed row 113","Progress Report 2025 priority-project line; plan values are not financing events; source printed row 113, normalised physical row 123"
idn-progress25-hydro-124,IDN,idn-jetp-progress-report-2025,hydro,priority,124,Mini/Microhydro Sumatera (Kuota) Tersebar Sumbagut¹),Aceh,2029,10,MW,,,,,,plan_only,74fb460fd09e76607e3cff308f5ba2754f2ebd91b0c9b7613c1a041e7b361162,"Appendix 1, table 3, printed row 114","Progress Report 2025 priority-project line; plan values are not financing events; source printed row 114, normalised physical row 124"
idn-progress25-hydro-125,IDN,idn-jetp-progress-report-2025,hydro,priority,125,Hydro Kumbih-3,Aceh,2029,45,MW,,,,,,plan_only,74fb460fd09e76607e3cff308f5ba2754f2ebd91b0c9b7613c1a041e7b361162,"Appendix 1, table 3, printed row 115","Progress Report 2025 priority-project line; plan values are not financing events; source printed row 115, normalised physical row 125"
idn-progress25-hydro-126,IDN,idn-jetp-progress-report-2025,hydro,priority,126,Hydro Masang-2 (FTP2),Sumatera Barat,2029,44,MW,,,,,,plan_only,74fb460fd09e76607e3cff308f5ba2754f2ebd91b0c9b7613c1a041e7b361162,"Appendix 1, table 3, printed row 116","Progress Report 2025 priority-project line; plan values are not financing events; source printed row 116, normalised physical row 126"
idn-progress25-hydro-127,IDN,idn-jetp-progress-report-2025,hydro,priority,127,Hydro Sumbagselteng (Kuota) Tersebar,Sumatera Selatan,2029,40,MW,,,,,,plan_only,74fb460fd09e76607e3cff308f5ba2754f2ebd91b0c9b7613c1a041e7b361162,"Appendix 1, table 3, printed row 117","Progress Report 2025 priority-project line; plan values are not financing events; source printed row 117, normalised physical row 127"
idn-progress25-hydro-128,IDN,idn-jetp-progress-report-2025,hydro,priority,128,Mini/Microhydro Sumatera (Kuota) Tersebar Sumbagsel*,Lampung,2029,9.5,MW,,,,,,plan_only,74fb460fd09e76607e3cff308f5ba2754f2ebd91b0c9b7613c1a041e7b361162,"Appendix 1, table 3, printed row 118","Progress Report 2025 priority-project line; plan values are not financing events; source printed row 118, normalised physical row 128"
idn-progress25-hydro-129,IDN,idn-jetp-progress-report-2025,hydro,priority,129,Mini/Microhydro Sumatera (Kuota) Tersebar Sumbagsel*,Lampung,2029,5.4,MW,,,,,,plan_only,74fb460fd09e76607e3cff308f5ba2754f2ebd91b0c9b7613c1a041e7b361162,"Appendix 1, table 3, printed row 119","Progress Report 2025 priority-project line; plan values are not financing events; source printed row 119, normalised physical row 129"
idn-progress25-hydro-130,IDN,idn-jetp-progress-report-2025,hydro,priority,130,Mini/Microhydro Kalbar,Kalimantan Barat,2029,2,MW,,,,,,plan_only,74fb460fd09e76607e3cff308f5ba2754f2ebd91b0c9b7613c1a041e7b361162,"Appendix 1, table 3, printed row 120","Progress Report 2025 priority-project line; plan values are not financing events; source printed row 120, normalised physical row 130"
idn-progress25-hydro-131,IDN,idn-jetp-progress-report-2025,hydro,priority,131,Mini/Microhydro Kalseltengtimra (Kuota) Tersebar,Kalimantan Selatan,2029,2.7,MW,,,,,,plan_only,74fb460fd09e76607e3cff308f5ba2754f2ebd91b0c9b7613c1a041e7b361162,"Appendix 1, table 3, printed row 121","Progress Report 2025 priority-project line; plan values are not financing events; source printed row 121, normalised physical row 131"
idn-progress25-hydro-132,IDN,idn-jetp-progress-report-2025,hydro,top_priority,132,Hydro Jawa-Bali (Kuota) Tersebar,Jawa Barat,2029,50,MW,,,,,,plan_only,74fb460fd09e76607e3cff308f5ba2754f2ebd91b0c9b7613c1a041e7b361162,"Appendix 1, table 3, printed row 122","Progress Report 2025 priority-project line; plan values are not financing events; source printed row 122, normalised physical row 132"
idn-progress25-hydro-133,IDN,idn-jetp-progress-report-2025,hydro,priority,133,Mini/Microhydro Jawa-Bali (Kuota) Tersebar,Bali,2029,0.65,MW,,,,,,plan_only,74fb460fd09e76607e3cff308f5ba2754f2ebd91b0c9b7613c1a041e7b361162,"Appendix 1, table 3, printed row 123","Progress Report 2025 priority-project line; plan values are not financing events; source printed row 123, normalised physical row 133"
idn-progress25-hydro-134,IDN,idn-jetp-progress-report-2025,hydro,top_priority,134,Hydro Sulbagsel (Kuota) Tersebar,Sulawesi Selatan,2029,95,MW,,,,,,plan_only,74fb460fd09e76607e3cff308f5ba2754f2ebd91b0c9b7613c1a041e7b361162,"Appendix 1, table 3, printed row 124","Progress Report 2025 priority-project line; plan values are not financing events; source printed row 124, normalised physical row 134"
idn-progress25-hydro-135,IDN,idn-jetp-progress-report-2025,hydro,top_priority,135,Hydro Sulbagsel (Kuota) Tersebar,Sulawesi Selatan,2029,105,MW,,,,,,plan_only,74fb460fd09e76607e3cff308f5ba2754f2ebd91b0c9b7613c1a041e7b361162,"Appendix 1, table 3, printed row 125","Progress Report 2025 priority-project line; plan values are not financing events; source printed row 125, normalised physical row 135"
idn-progress25-hydro-136,IDN,idn-jetp-progress-report-2025,hydro,priority,136,Mini/Microhydro Sulbagsel (Kuota) Tersebar Tambahan,Sulawesi Selatan,2029,100,MW,,,,,,plan_only,74fb460fd09e76607e3cff308f5ba2754f2ebd91b0c9b7613c1a041e7b361162,"Appendix 1, table 3, printed row 126","Progress Report 2025 priority-project line; plan values are not financing events; source printed row 126, normalised physical row 136"
idn-progress25-hydro-137,IDN,idn-jetp-progress-report-2025,hydro,priority,137,Mini/Microhydro Seram (Kuota) Tersebar,Maluku,2029,7.8,MW,,,,,,plan_only,74fb460fd09e76607e3cff308f5ba2754f2ebd91b0c9b7613c1a041e7b361162,"Appendix 1, table 3, printed row 127","Progress Report 2025 priority-project line; plan values are not financing events; source printed row 127, normalised physical row 137"
idn-progress25-hydro-138,IDN,idn-jetp-progress-report-2025,hydro,priority,138,Mini/Microhydro Wae Mala,Maluku,2029,1.1,MW,,,,,,plan_only,74fb460fd09e76607e3cff308f5ba2754f2ebd91b0c9b7613c1a041e7b361162,"Appendix 1, table 3, printed row 128","Progress Report 2025 priority-project line; plan values are not financing events; source printed row 128, normalised physical row 138"
idn-progress25-hydro-139,IDN,idn-jetp-progress-report-2025,hydro,priority,139,Mini/Microhydro Mamberamo Raya,"Papua, Papua Pegunungan, Papua Tengah, Papua Selatan",2029,4,MW,,,,,,plan_only,74fb460fd09e76607e3cff308f5ba2754f2ebd91b0c9b7613c1a041e7b361162,"Appendix 1, table 3, printed row 129","Progress Report 2025 priority-project line; plan values are not financing events; source printed row 129, normalised physical row 139"
idn-progress25-hydro-140,IDN,idn-jetp-progress-report-2025,hydro,priority,140,Mini/Microhydro Digoel,"Papua, Papua Pegunungan, Papua Tengah, Papua Selatan",2029,3,MW,,,,,,plan_only,74fb460fd09e76607e3cff308f5ba2754f2ebd91b0c9b7613c1a041e7b361162,"Appendix 1, table 3, printed row 130","Progress Report 2025 priority-project line; plan values are not financing events; source printed row 130, normalised physical row 140"
idn-progress25-hydro-141,IDN,idn-jetp-progress-report-2025,hydro,priority,141,Mini/Microhydro Cascade Walesi,"Papua, Papua Pegunungan, Papua Tengah, Papua Selatan",2029,6,MW,,,,,,plan_only,74fb460fd09e76607e3cff308f5ba2754f2ebd91b0c9b7613c1a041e7b361162,"Appendix 1, table 3, printed row 131","Progress Report 2025 priority-project line; plan values are not financing events; source printed row 131, normalised physical row 141"
idn-progress25-hydro-142,IDN,idn-jetp-progress-report-2025,hydro,priority,142,Mini/Microhydro Walesi Blok II,"Papua, Papua Pegunungan, Papua Tengah, Papua Selatan",2029,3.8,MW,,,,,,plan_only,74fb460fd09e76607e3cff308f5ba2754f2ebd91b0c9b7613c1a041e7b361162,"Appendix 1, table 3, printed row 132","Progress Report 2025 priority-project line; plan values are not financing events; source printed row 132, normalised physical row 142"
idn-progress25-hydro-143,IDN,idn-jetp-progress-report-2025,hydro,priority,143,Mini/Microhydro Sumba,Nusa Tenggara Timur,2029,1.83,MW,,,,,,plan_only,74fb460fd09e76607e3cff308f5ba2754f2ebd91b0c9b7613c1a041e7b361162,"Appendix 1, table 3, printed row 133","Progress Report 2025 priority-project line; plan values are not financing events; source printed row 133, normalised physical row 143"
idn-progress25-hydro-144,IDN,idn-jetp-progress-report-2025,hydro,priority,144,Mini/Microhydro Timor (Kuota) Tersebar,Nusa Tenggara Timur,2029,1.4,MW,,,,,,plan_only,74fb460fd09e76607e3cff308f5ba2754f2ebd91b0c9b7613c1a041e7b361162,"Appendix 1, table 3, printed row 134","Progress Report 2025 priority-project line; plan values are not financing events; source printed row 134, normalised physical row 144"
idn-progress25-hydro-145,IDN,idn-jetp-progress-report-2025,hydro,priority,145,Mini/Microhydro Flores (Kuota) Tersebar,Nusa Tenggara Timur,2029,0.22,MW,,,,,,plan_only,74fb460fd09e76607e3cff308f5ba2754f2ebd91b0c9b7613c1a041e7b361162,"Appendix 1, table 3, printed row 135","Progress Report 2025 priority-project line; plan values are not financing events; source printed row 135, normalised physical row 145"
idn-progress25-hydro-146,IDN,idn-jetp-progress-report-2025,hydro,priority,146,Hydro Khatulistiwa (Kuota) Tersebar,Kalimantan Barat,2030,150,MW,,,,,,plan_only,74fb460fd09e76607e3cff308f5ba2754f2ebd91b0c9b7613c1a041e7b361162,"Appendix 1, table 3, printed row 136","Progress Report 2025 priority-project line; plan values are not financing events; source printed row 136, normalised physical row 146"
idn-progress25-hydro-147,IDN,idn-jetp-progress-report-2025,hydro,priority,147,Mini/Microhydro Leuwikeris,Jawa Barat,2030,7.4,MW,,,,,,plan_only,74fb460fd09e76607e3cff308f5ba2754f2ebd91b0c9b7613c1a041e7b361162,"Appendix 1, table 3, printed row 137","Progress Report 2025 priority-project line; plan values are not financing events; source printed row 137, normalised physical row 147"
idn-progress25-hydro-148,IDN,idn-jetp-progress-report-2025,hydro,priority,148,Mini/Microhydro Jawa-Bali (Kuota) Tersebar,Jawa Tengah,2030,5,MW,,,,,,plan_only,74fb460fd09e76607e3cff308f5ba2754f2ebd91b0c9b7613c1a041e7b361162,"Appendix 1, table 3, printed row 138","Progress Report 2025 priority-project line; plan values are not financing events; source printed row 138, normalised physical row 148"
idn-progress25-hydro-149,IDN,idn-jetp-progress-report-2025,hydro,top_priority,149,PLTA Sulbagsel (Kuota) Tersebar,Sulawesi Selatan,2030,200,MW,,,,,,plan_only,74fb460fd09e76607e3cff308f5ba2754f2ebd91b0c9b7613c1a041e7b361162,"Appendix 1, table 3, printed row 139","Progress Report 2025 priority-project line; plan values are not financing events; source printed row 139, normalised physical row 149"
idn-progress25-hydro-150,IDN,idn-jetp-progress-report-2025,hydro,priority,150,Mini/Microhydro Sulbagsel (Kuota) Tersebar Tambahan,Sulawesi Selatan,2030,100,MW,,,,,,plan_only,74fb460fd09e76607e3cff308f5ba2754f2ebd91b0c9b7613c1a041e7b361162,"Appendix 1, table 3, printed row 140","Progress Report 2025 priority-project line; plan values are not financing events; source printed row 140, normalised physical row 150"
idn-progress25-hydro-151,IDN,idn-jetp-progress-report-2025,hydro,top_priority,151,Hydro Wai Tina,Maluku,2030,,MW,,,,,,plan_only,74fb460fd09e76607e3cff308f5ba2754f2ebd91b0c9b7613c1a041e7b361162,"Appendix 1, table 3, printed row 141","Progress Report 2025 priority-project line; plan values are not financing events; raw capacity=4 x 3; source printed row 141, normalised physical row 151"
idn-progress25-hydro-152,IDN,idn-jetp-progress-report-2025,hydro,priority,152,Mini/Microhydro Nua (Masohi),Maluku,2030,,MW,,,,,,plan_only,74fb460fd09e76607e3cff308f5ba2754f2ebd91b0c9b7613c1a041e7b361162,"Appendix 1, table 3, printed row 142","Progress Report 2025 priority-project line; plan values are not financing events; raw capacity=2 x 4.4; source printed row 142, normalised physical row 152"
idn-progress25-hydro-153,IDN,idn-jetp-progress-report-2025,hydro,priority,153,Hydro Baliem,"Papua, Papua Pegunungan, Papua Tengah, Papua Selatan",2030,10,MW,,,,,,plan_only,74fb460fd09e76607e3cff308f5ba2754f2ebd91b0c9b7613c1a041e7b361162,"Appendix 1, table 3, printed row 143","Progress Report 2025 priority-project line; plan values are not financing events; source printed row 143, normalised physical row 153"
idn-progress25-hydro-154,IDN,idn-jetp-progress-report-2025,hydro,priority,154,Hydro Sumbagut (Kuota) Tersebar*,Kepulauan Riau,2031,161,MW,,,,,,plan_only,74fb460fd09e76607e3cff308f5ba2754f2ebd91b0c9b7613c1a041e7b361162,"Appendix 1, table 3, printed row 144","Progress Report 2025 priority-project line; plan values are not financing events; source printed row 144, normalised physical row 154"
idn-progress25-hydro-155,IDN,idn-jetp-progress-report-2025,hydro,priority,155,Hydro Sumbagselteng (Kuota) Tersebar,Sumatera Barat,2031,110,MW,,,,,,plan_only,74fb460fd09e76607e3cff308f5ba2754f2ebd91b0c9b7613c1a041e7b361162,"Appendix 1, table 3, printed row 145","Progress Report 2025 priority-project line; plan values are not financing events; source printed row 145, normalised physical row 155"
idn-progress25-hydro-156,IDN,idn-jetp-progress-report-2025,hydro,priority,156,Hydro Sumbagselteng (Kuota ISJ) Tersebar 2),Sumatera Barat,2031,350,MW,,,,,,plan_only,74fb460fd09e76607e3cff308f5ba2754f2ebd91b0c9b7613c1a041e7b361162,"Appendix 1, table 3, printed row 146","Progress Report 2025 priority-project line; plan values are not financing events; source printed row 146, normalised physical row 156"
idn-progress25-hydro-157,IDN,idn-jetp-progress-report-2025,hydro,priority,157,Hydro Kalseltengtimra (Kuota) Tersebar,Kalimantan Utara,2031,300,MW,,,,,,plan_only,74fb460fd09e76607e3cff308f5ba2754f2ebd91b0c9b7613c1a041e7b361162,"Appendix 1, table 3, printed row 147","Progress Report 2025 priority-project line; plan values are not financing events; source printed row 147, normalised physical row 157"
idn-progress25-hydro-158,IDN,idn-jetp-progress-report-2025,hydro,top_priority,158,Hydro Kalseltengtimra (Kuota) Tersebar,Kalimantan Utara,2031,200,MW,,,,,,plan_only,74fb460fd09e76607e3cff308f5ba2754f2ebd91b0c9b7613c1a041e7b361162,"Appendix 1, table 3, printed row 148","Progress Report 2025 priority-project line; plan values are not financing events; source printed row 148, normalised physical row 158"
idn-progress25-hydro-159,IDN,idn-jetp-progress-report-2025,hydro,priority,159,Hydro Sulbagsel (Kuota) Tersebar Tambahan II,Sulawesi Selatan,2031,800,MW,,,,,,plan_only,74fb460fd09e76607e3cff308f5ba2754f2ebd91b0c9b7613c1a041e7b361162,"Appendix 1, table 3, printed row 149","Progress Report 2025 priority-project line; plan values are not financing events; source printed row 149, normalised physical row 159"
idn-progress25-hydro-160,IDN,idn-jetp-progress-report-2025,hydro,priority,160,Hydro Sulbagsel (Kuota) Tersebar Tambahan II,Sulawesi Barat,2031,800,MW,,,,,,plan_only,74fb460fd09e76607e3cff308f5ba2754f2ebd91b0c9b7613c1a041e7b361162,"Appendix 1, table 3, printed row 150","Progress Report 2025 priority-project line; plan values are not financing events; source printed row 150, normalised physical row 160"
idn-progress25-hydro-161,IDN,idn-jetp-progress-report-2025,hydro,priority,161,Hydro Bendungan Merangin PUPR,Jambi,2032,107,MW,,,,,,plan_only,74fb460fd09e76607e3cff308f5ba2754f2ebd91b0c9b7613c1a041e7b361162,"Appendix 1, table 3, printed row 151","Progress Report 2025 priority-project line; plan values are not financing events; source printed row 151, normalised physical row 161"
idn-progress25-hydro-162,IDN,idn-jetp-progress-report-2025,hydro,priority,162,Hydro Khatulistiwa (Kuota) Tersebar,Kalimantan Barat,2032,100,MW,,,,,,plan_only,74fb460fd09e76607e3cff308f5ba2754f2ebd91b0c9b7613c1a041e7b361162,"Appendix 1, table 3, printed row 152","Progress Report 2025 priority-project line; plan values are not financing events; source printed row 152, normalised physical row 162"
idn-progress25-hydro-163,IDN,idn-jetp-progress-report-2025,hydro,priority,163,Hydro Kalseltengtimra (Kuota) Tersebar,Kalimantan Utara,2032,200,MW,,,,,,plan_only,74fb460fd09e76607e3cff308f5ba2754f2ebd91b0c9b7613c1a041e7b361162,"Appendix 1, table 3, printed row 153","Progress Report 2025 priority-project line; plan values are not financing events; source printed row 153, normalised physical row 163"
idn-progress25-hydro-164,IDN,idn-jetp-progress-report-2025,hydro,priority,164,Hydro Kalseltengtimra (Kuota) Tersebar,Kalimantan Utara,2032,200,MW,,,,,,plan_only,74fb460fd09e76607e3cff308f5ba2754f2ebd91b0c9b7613c1a041e7b361162,"Appendix 1, table 3, printed row 154","Progress Report 2025 priority-project line; plan values are not financing events; source printed row 154, normalised physical row 164"
idn-progress25-hydro-165,IDN,idn-jetp-progress-report-2025,hydro,priority,165,Hydro Sulbagsel (Kuota) Tersebar Tambahan II,Sulawesi Selatan,2032,600,MW,,,,,,plan_only,74fb460fd09e76607e3cff308f5ba2754f2ebd91b0c9b7613c1a041e7b361162,"Appendix 1, table 3, printed row 155","Progress Report 2025 priority-project line; plan values are not financing events; source printed row 155, normalised physical row 165"
idn-progress25-hydro-166,IDN,idn-jetp-progress-report-2025,hydro,priority,166,Hydro Sulbagsel (Kuota) Tersebar Tambahan II,Sulawesi Barat,2032,600,MW,,,,,,plan_only,74fb460fd09e76607e3cff308f5ba2754f2ebd91b0c9b7613c1a041e7b361162,"Appendix 1, table 3, printed row 156","Progress Report 2025 priority-project line; plan values are not financing events; source printed row 156, normalised physical row 166"
idn-progress25-hydro-167,IDN,idn-jetp-progress-report-2025,hydro,priority,167,Hydro Wai Tala,Maluku,2032,,MW,,,,,,plan_only,74fb460fd09e76607e3cff308f5ba2754f2ebd91b0c9b7613c1a041e7b361162,"Appendix 1, table 3, printed row 157","Progress Report 2025 priority-project line; plan values are not financing events; raw capacity=2 x 27; source printed row 157, normalised physical row 167"
idn-progress25-hydro-168,IDN,idn-jetp-progress-report-2025,hydro,priority,168,Mini/Microhydro Amai,"Papua, Papua Pegunungan, Papua",2032,1.08,MW,,,,,,plan_only,74fb460fd09e76607e3cff308f5ba2754f2ebd91b0c9b7613c1a041e7b361162,"Appendix 1, table 3, printed row 158","Progress Report 2025 priority-project line; plan values are not financing events; source printed row 158, normalised physical row 168"
idn-progress25-hydro-169,IDN,idn-jetp-progress-report-2025,hydro,priority,169,Hydro Tanjung Sakti,Sumatera Selatan,2033,94,MW,,,,,,plan_only,74fb460fd09e76607e3cff308f5ba2754f2ebd91b0c9b7613c1a041e7b361162,"Appendix 1, table 3, printed row 159","Progress Report 2025 priority-project line; plan values are not financing events; source printed row 159, normalised physical row 169"
idn-progress25-hydro-170,IDN,idn-jetp-progress-report-2025,hydro,priority,170,Hydro Khatulistiwa (Kuota) Tersebar,Kalimantan Barat,2033,100,MW,,,,,,plan_only,74fb460fd09e76607e3cff308f5ba2754f2ebd91b0c9b7613c1a041e7b361162,"Appendix 1, table 3, printed row 160","Progress Report 2025 priority-project line; plan values are not financing events; source printed row 160, normalised physical row 170"
idn-progress25-hydro-171,IDN,idn-jetp-progress-report-2025,hydro,priority,171,Hydro Sulbagsel (Kuota) Tersebar Tambahan II,Sulawesi Barat,2033,400,MW,,,,,,plan_only,74fb460fd09e76607e3cff308f5ba2754f2ebd91b0c9b7613c1a041e7b361162,"Appendix 1, table 3, printed row 161","Progress Report 2025 priority-project line; plan values are not financing events; source printed row 161, normalised physical row 171"
idn-progress25-hydro-172,IDN,idn-jetp-progress-report-2025,hydro,priority,172,Mini/Microhydro Waigo,"Papua Barat, Papua Barat Daya",2033,1.3,MW,,,,,,plan_only,74fb460fd09e76607e3cff308f5ba2754f2ebd91b0c9b7613c1a041e7b361162,"Appendix 1, table 3, printed row 162","Progress Report 2025 priority-project line; plan values are not financing events; source printed row 162, normalised physical row 172"
idn-progress25-hydro-173,IDN,idn-jetp-progress-report-2025,hydro,priority,173,Hydro Sumbagut (Kuota) Tersebar 1),Sumatera Utara,2034,100,MW,,,,,,plan_only,74fb460fd09e76607e3cff308f5ba2754f2ebd91b0c9b7613c1a041e7b361162,"Appendix 1, table 3, printed row 163","Progress Report 2025 priority-project line; plan values are not financing events; source printed row 163, normalised physical row 173"
idn-progress25-hydro-174,IDN,idn-jetp-progress-report-2025,hydro,priority,174,Hydro Khatulistiwa (Kuota) Tersebar,Kalimantan Barat,2034,100,MW,,,,,,plan_only,74fb460fd09e76607e3cff308f5ba2754f2ebd91b0c9b7613c1a041e7b361162,"Appendix 1, table 3, printed row 164","Progress Report 2025 priority-project line; plan values are not financing events; source printed row 164, normalised physical row 174"
idn-progress25-hydro-175,IDN,idn-jetp-progress-report-2025,hydro,priority,175,Hydro Sulbagsel (Kuota) Tersebar Tambahan II,Sulawesi Selatan,-,400,MW,,,,,,plan_only,74fb460fd09e76607e3cff308f5ba2754f2ebd91b0c9b7613c1a041e7b361162,"Appendix 1, table 3, printed row 165","Progress Report 2025 priority-project line; plan values are not financing events; source printed row 165, normalised physical row 175"
idn-progress25-hydro-176,IDN,idn-jetp-progress-report-2025,hydro,priority,176,Hydro Peusangan 1–2,Aceh,2025 2025,,MW,,,,,,plan_only,74fb460fd09e76607e3cff308f5ba2754f2ebd91b0c9b7613c1a041e7b361162,"Appendix 1, table 3, printed row 166","Progress Report 2025 priority-project line; plan values are not financing events; raw capacity=45 43; source printed row 166, normalised physical row 176"
idn-progress25-hydro-177,IDN,idn-jetp-progress-report-2025,hydro,priority,177,Hydro Asahan III (FTP2),Sumatera Utara,2025 2025,,MW,,,,,,plan_only,74fb460fd09e76607e3cff308f5ba2754f2ebd91b0c9b7613c1a041e7b361162,"Appendix 1, table 3, printed row 167","Progress Report 2025 priority-project line; plan values are not financing events; raw capacity=87 87; source printed row 167, normalised physical row 177"
idn-progress25-hydro-178,IDN,idn-jetp-progress-report-2025,hydro,priority,178,Mini/Microhydro Sumatera (Kuota) Tersebar Sumbagut1),Sumatera Utara,2028 2028,,MW,,,,,,plan_only,74fb460fd09e76607e3cff308f5ba2754f2ebd91b0c9b7613c1a041e7b361162,"Appendix 1, table 3, printed row 168","Progress Report 2025 priority-project line; plan values are not financing events; raw capacity=3 14.8; source printed row 168, normalised physical row 178"
idn-progress25-hydro-179,IDN,idn-jetp-progress-report-2025,hydro,top_priority,179,Hydro Sumatera (kuota tersebar)¹),Aceh,2030 2031,,MW,,,,,,plan_only,74fb460fd09e76607e3cff308f5ba2754f2ebd91b0c9b7613c1a041e7b361162,"Appendix 1, table 3, printed row 169","Progress Report 2025 priority-project line; plan values are not financing events; raw capacity=200 200; source printed row 169, normalised physical row 179"
idn-progress25-hydro-180,IDN,idn-jetp-progress-report-2025,hydro,priority,180,Mini/Microhydro Sumatera (Kuota) Tersebar Sumbagteng 1),Sumatera Barat,2030 2031,,MW,,,,,,plan_only,74fb460fd09e76607e3cff308f5ba2754f2ebd91b0c9b7613c1a041e7b361162,"Appendix 1, table 3, printed row 170","Progress Report 2025 priority-project line; plan values are not financing events; raw capacity=4 20.1; source printed row 170, normalised physical row 180"
idn-progress25-hydro-181,IDN,idn-jetp-progress-report-2025,hydro,priority,181,Hydro Sumbagut (kuota ISJ) tersebar¹),Aceh,2031 2032 2033,,MW,,,,,,plan_only,74fb460fd09e76607e3cff308f5ba2754f2ebd91b0c9b7613c1a041e7b361162,"Appendix 1, table 3, printed row 171","Progress Report 2025 priority-project line; plan values are not financing events; raw capacity=650 500 300; source printed row 171, normalised physical row 181"
idn-progress25-hydro-182,IDN,idn-jetp-progress-report-2025,hydro,priority,182,Hydro Sumbagut (Kuota) Tersebar¹),Aceh,2031 2031 2031,,MW,,,,,,plan_only,74fb460fd09e76607e3cff308f5ba2754f2ebd91b0c9b7613c1a041e7b361162,"Appendix 1, table 3, printed row 172","Progress Report 2025 priority-project line; plan values are not financing events; raw capacity=200 161 200; source printed row 172, normalised physical row 182"
idn-progress25-hydro-183,IDN,idn-jetp-progress-report-2025,hydro,priority,183,Hydro Muara Juloi,Kalimantan Tengah,2032/2033,,MW,,,,,,plan_only,74fb460fd09e76607e3cff308f5ba2754f2ebd91b0c9b7613c1a041e7b361162,"Appendix 1, table 3, printed row 173","Progress Report 2025 priority-project line; plan values are not financing events; raw capacity=340 1); source printed row 173, normalised physical row 183"
idn-progress25-other-dispatchable-001,IDN,idn-jetp-progress-report-2025,other_dispatchable,priority,1,BESS Jawa Timur (Kuota) IV D,Jawa Timur,2025,50,MW,,,,,,plan_only,74fb460fd09e76607e3cff308f5ba2754f2ebd91b0c9b7613c1a041e7b361162,"Appendix 1, table 6, printed row 1",Progress Report 2025 priority-project line; plan values are not financing events
idn-progress25-other-dispatchable-002,IDN,idn-jetp-progress-report-2025,other_dispatchable,priority,2,BESS Sumatera BESS-1#1,Aceh,2026,50,MW,,,,,,plan_only,74fb460fd09e76607e3cff308f5ba2754f2ebd91b0c9b7613c1a041e7b361162,"Appendix 1, table 6, printed row 2",Progress Report 2025 priority-project line; plan values are not financing events
idn-progress25-other-dispatchable-003,IDN,idn-jetp-progress-report-2025,other_dispatchable,priority,3,BESS Isolated Jateng,Jawa Tengah,2026,3,MW,,,,,,plan_only,74fb460fd09e76607e3cff308f5ba2754f2ebd91b0c9b7613c1a041e7b361162,"Appendix 1, table 6, printed row 3",Progress Report 2025 priority-project line; plan values are not financing events
idn-progress25-other-dispatchable-004,IDN,idn-jetp-progress-report-2025,other_dispatchable,priority,4,BESS Bali (Kuota) Tersebar III,Bali,2026,50,MW,,,,,,plan_only,74fb460fd09e76607e3cff308f5ba2754f2ebd91b0c9b7613c1a041e7b361162,"Appendix 1, table 6, printed row 4",Progress Report 2025 priority-project line; plan values are not financing events
idn-progress25-other-dispatchable-005,IDN,idn-jetp-progress-report-2025,other_dispatchable,priority,5,BESS Isolated Bali,Bali,2026,7.5,MW,,,,,,plan_only,74fb460fd09e76607e3cff308f5ba2754f2ebd91b0c9b7613c1a041e7b361162,"Appendix 1, table 6, printed row 5",Progress Report 2025 priority-project line; plan values are not financing events
idn-progress25-other-dispatchable-006,IDN,idn-jetp-progress-report-2025,other_dispatchable,priority,6,BESS Sumatera BESS-1 #2,Lampung,2027,50,MW,,,,,,plan_only,74fb460fd09e76607e3cff308f5ba2754f2ebd91b0c9b7613c1a041e7b361162,"Appendix 1, table 6, printed row 6",Progress Report 2025 priority-project line; plan values are not financing events
idn-progress25-other-dispatchable-007,IDN,idn-jetp-progress-report-2025,other_dispatchable,priority,7,BESS Isolated Banten,Banten,2027,0.2,MW,,,,,,plan_only,74fb460fd09e76607e3cff308f5ba2754f2ebd91b0c9b7613c1a041e7b361162,"Appendix 1, table 6, printed row 7",Progress Report 2025 priority-project line; plan values are not financing events
idn-progress25-other-dispatchable-008,IDN,idn-jetp-progress-report-2025,other_dispatchable,priority,8,BESS Jawa Timur (Kuota) I,Jawa Timur,2027,50,MW,,,,,,plan_only,74fb460fd09e76607e3cff308f5ba2754f2ebd91b0c9b7613c1a041e7b361162,"Appendix 1, table 6, printed row 8",Progress Report 2025 priority-project line; plan values are not financing events
idn-progress25-other-dispatchable-009,IDN,idn-jetp-progress-report-2025,other_dispatchable,priority,9,BESS Isolated Jatim,Jawa Timur,2027,1.5,MW,,,,,,plan_only,74fb460fd09e76607e3cff308f5ba2754f2ebd91b0c9b7613c1a041e7b361162,"Appendix 1, table 6, printed row 9",Progress Report 2025 priority-project line; plan values are not financing events
idn-progress25-other-dispatchable-010,IDN,idn-jetp-progress-report-2025,other_dispatchable,priority,10,BESS Sumatera BESS-1 #3,Sumatera Utara,2028,50,MW,,,,,,plan_only,74fb460fd09e76607e3cff308f5ba2754f2ebd91b0c9b7613c1a041e7b361162,"Appendix 1, table 6, printed row 10",Progress Report 2025 priority-project line; plan values are not financing events
idn-progress25-other-dispatchable-011,IDN,idn-jetp-progress-report-2025,other_dispatchable,priority,11,BESS Sumatera BESS-1 #4,Sumatera Selatan,2028,50,MW,,,,,,plan_only,74fb460fd09e76607e3cff308f5ba2754f2ebd91b0c9b7613c1a041e7b361162,"Appendix 1, table 6, printed row 11",Progress Report 2025 priority-project line; plan values are not financing events
idn-progress25-other-dispatchable-012,IDN,idn-jetp-progress-report-2025,other_dispatchable,priority,12,PS Upper Cisokan Pump Storage (FTP2),Jawa Barat,2028,260,MW,,,,,,plan_only,74fb460fd09e76607e3cff308f5ba2754f2ebd91b0c9b7613c1a041e7b361162,"Appendix 1, table 6, printed row 12",Progress Report 2025 priority-project line; plan values are not financing events
idn-progress25-other-dispatchable-013,IDN,idn-jetp-progress-report-2025,other_dispatchable,priority,13,PS Upper Cisokan Pump Storage (FTP2),Jawa Barat,2028,260,MW,,,,,,plan_only,74fb460fd09e76607e3cff308f5ba2754f2ebd91b0c9b7613c1a041e7b361162,"Appendix 1, table 6, printed row 13",Progress Report 2025 priority-project line; plan values are not financing events
idn-progress25-other-dispatchable-014,IDN,idn-jetp-progress-report-2025,other_dispatchable,priority,14,PS Upper Cisokan Pump Storage (FTP2),Jawa Barat,2028,260,MW,,,,,,plan_only,74fb460fd09e76607e3cff308f5ba2754f2ebd91b0c9b7613c1a041e7b361162,"Appendix 1, table 6, printed row 14",Progress Report 2025 priority-project line; plan values are not financing events
idn-progress25-other-dispatchable-015,IDN,idn-jetp-progress-report-2025,other_dispatchable,priority,15,PS Upper Cisokan Pump Storage (FTP2),Jawa Barat,2028,260,MW,,,,,,plan_only,74fb460fd09e76607e3cff308f5ba2754f2ebd91b0c9b7613c1a041e7b361162,"Appendix 1, table 6, printed row 15",Progress Report 2025 priority-project line; plan values are not financing events
idn-progress25-other-dispatchable-016,IDN,idn-jetp-progress-report-2025,other_dispatchable,priority,16,Ocean Current Sumbawa - Bima (Kuota) Tersebar,Nusa Tenggara Barat,2028,10,MW,,,,,,plan_only,74fb460fd09e76607e3cff308f5ba2754f2ebd91b0c9b7613c1a041e7b361162,"Appendix 1, table 6, printed row 16",Progress Report 2025 priority-project line; plan values are not financing events
idn-progress25-other-dispatchable-017,IDN,idn-jetp-progress-report-2025,other_dispatchable,priority,17,Ocean Current Lombok (Kuota) Tersebar,Nusa Tenggara Barat,2028,10,MW,,,,,,plan_only,74fb460fd09e76607e3cff308f5ba2754f2ebd91b0c9b7613c1a041e7b361162,"Appendix 1, table 6, printed row 17",Progress Report 2025 priority-project line; plan values are not financing events
idn-progress25-other-dispatchable-018,IDN,idn-jetp-progress-report-2025,other_dispatchable,priority,18,Ocean Current Flores (Kuota) Tersebar,Nusa Tenggara Timur,2028,10,MW,,,,,,plan_only,74fb460fd09e76607e3cff308f5ba2754f2ebd91b0c9b7613c1a041e7b361162,"Appendix 1, table 6, printed row 18",Progress Report 2025 priority-project line; plan values are not financing events
idn-progress25-other-dispatchable-019,IDN,idn-jetp-progress-report-2025,other_dispatchable,priority,19,Ocean Current Flores (Kuota) Tersebar,Nusa Tenggara Timur,2028,10,MW,,,,,,plan_only,74fb460fd09e76607e3cff308f5ba2754f2ebd91b0c9b7613c1a041e7b361162,"Appendix 1, table 6, printed row 19",Progress Report 2025 priority-project line; plan values are not financing events
idn-progress25-other-dispatchable-020,IDN,idn-jetp-progress-report-2025,other_dispatchable,priority,20,BESS Sumatera BESS-2,Sumatera Utara,2029,200,MW,,,,,,plan_only,74fb460fd09e76607e3cff308f5ba2754f2ebd91b0c9b7613c1a041e7b361162,"Appendix 1, table 6, printed row 20",Progress Report 2025 priority-project line; plan values are not financing events
idn-progress25-other-dispatchable-021,IDN,idn-jetp-progress-report-2025,other_dispatchable,priority,21,BESS PLTS BESS Sumatera 1,Lampung,2029,150,MW,,,,,,plan_only,74fb460fd09e76607e3cff308f5ba2754f2ebd91b0c9b7613c1a041e7b361162,"Appendix 1, table 6, printed row 21",Progress Report 2025 priority-project line; plan values are not financing events
idn-progress25-other-dispatchable-022,IDN,idn-jetp-progress-report-2025,other_dispatchable,priority,22,Ocean Current Flores (Kuota) Tersebar,Nusa Tenggara Timur,2029,16,MW,,,,,,plan_only,74fb460fd09e76607e3cff308f5ba2754f2ebd91b0c9b7613c1a041e7b361162,"Appendix 1, table 6, printed row 22",Progress Report 2025 priority-project line; plan values are not financing events
idn-progress25-other-dispatchable-023,IDN,idn-jetp-progress-report-2025,other_dispatchable,priority,23,BESS Sumatera BESS-3,Kepulauan Riau,2030,100,MW,,,,,,plan_only,74fb460fd09e76607e3cff308f5ba2754f2ebd91b0c9b7613c1a041e7b361162,"Appendix 1, table 6, printed row 23",Progress Report 2025 priority-project line; plan values are not financing events
idn-progress25-other-dispatchable-024,IDN,idn-jetp-progress-report-2025,other_dispatchable,priority,24,BESS Sumatera BESS-3,Lampung,2030,100,MW,,,,,,plan_only,74fb460fd09e76607e3cff308f5ba2754f2ebd91b0c9b7613c1a041e7b361162,"Appendix 1, table 6, printed row 24",Progress Report 2025 priority-project line; plan values are not financing events
idn-progress25-other-dispatchable-025,IDN,idn-jetp-progress-report-2025,other_dispatchable,priority,25,BESS PLTS BESS Sumatera 3,Lampung,2030,75,MW,,,,,,plan_only,74fb460fd09e76607e3cff308f5ba2754f2ebd91b0c9b7613c1a041e7b361162,"Appendix 1, table 6, printed row 25",Progress Report 2025 priority-project line; plan values are not financing events
idn-progress25-other-dispatchable-026,IDN,idn-jetp-progress-report-2025,other_dispatchable,priority,26,BESS Isolated Jateng,Jawa Tengah,2030,1,MW,,,,,,plan_only,74fb460fd09e76607e3cff308f5ba2754f2ebd91b0c9b7613c1a041e7b361162,"Appendix 1, table 6, printed row 26",Progress Report 2025 priority-project line; plan values are not financing events
idn-progress25-other-dispatchable-027,IDN,idn-jetp-progress-report-2025,other_dispatchable,priority,27,PS Jawa-Bali (Kuota) Tersebar,Jawa Barat,2031,190,MW,,,,,,plan_only,74fb460fd09e76607e3cff308f5ba2754f2ebd91b0c9b7613c1a041e7b361162,"Appendix 1, table 6, printed row 27",Progress Report 2025 priority-project line; plan values are not financing events
idn-progress25-other-dispatchable-028,IDN,idn-jetp-progress-report-2025,other_dispatchable,priority,28,PS Jawa-Bali (Kuota) Tersebar,Jawa Barat,2031,190,MW,,,,,,plan_only,74fb460fd09e76607e3cff308f5ba2754f2ebd91b0c9b7613c1a041e7b361162,"Appendix 1, table 6, printed row 28",Progress Report 2025 priority-project line; plan values are not financing events
idn-progress25-other-dispatchable-029,IDN,idn-jetp-progress-report-2025,other_dispatchable,priority,29,PS Jawa-Bali (Kuota) Tersebar,Jawa Barat,2031,190,MW,,,,,,plan_only,74fb460fd09e76607e3cff308f5ba2754f2ebd91b0c9b7613c1a041e7b361162,"Appendix 1, table 6, printed row 29",Progress Report 2025 priority-project line; plan values are not financing events
idn-progress25-other-dispatchable-030,IDN,idn-jetp-progress-report-2025,other_dispatchable,priority,30,PS Jawa-Bali (Kuota) Tersebar,Jawa Barat,2031,190,MW,,,,,,plan_only,74fb460fd09e76607e3cff308f5ba2754f2ebd91b0c9b7613c1a041e7b361162,"Appendix 1, table 6, printed row 30",Progress Report 2025 priority-project line; plan values are not financing events
idn-progress25-other-dispatchable-031,IDN,idn-jetp-progress-report-2025,other_dispatchable,priority,31,BESS MT Hybrid Kalselteng 4,Kalimantan Tengah,2032,25,MW,,,,,,plan_only,74fb460fd09e76607e3cff308f5ba2754f2ebd91b0c9b7613c1a041e7b361162,"Appendix 1, table 6, printed row 31",Progress Report 2025 priority-project line; plan values are not financing events
idn-progress25-other-dispatchable-032,IDN,idn-jetp-progress-report-2025,other_dispatchable,priority,32,PS Matenggeng PS,Jawa Tengah,2032,235.8,MW,,,,,,plan_only,74fb460fd09e76607e3cff308f5ba2754f2ebd91b0c9b7613c1a041e7b361162,"Appendix 1, table 6, printed row 32",Progress Report 2025 priority-project line; plan values are not financing events
idn-progress25-other-dispatchable-033,IDN,idn-jetp-progress-report-2025,other_dispatchable,priority,33,PS Matenggeng PS,Jawa Tengah,2032,235.8,MW,,,,,,plan_only,74fb460fd09e76607e3cff308f5ba2754f2ebd91b0c9b7613c1a041e7b361162,"Appendix 1, table 6, printed row 33",Progress Report 2025 priority-project line; plan values are not financing events
idn-progress25-other-dispatchable-034,IDN,idn-jetp-progress-report-2025,other_dispatchable,priority,34,PS Matenggeng PS,Jawa Tengah,2032,235.8,MW,,,,,,plan_only,74fb460fd09e76607e3cff308f5ba2754f2ebd91b0c9b7613c1a041e7b361162,"Appendix 1, table 6, printed row 34",Progress Report 2025 priority-project line; plan values are not financing events
idn-progress25-other-dispatchable-035,IDN,idn-jetp-progress-report-2025,other_dispatchable,priority,35,PS Matenggeng PS,Jawa Tengah,2032,235.8,MW,,,,,,plan_only,74fb460fd09e76607e3cff308f5ba2754f2ebd91b0c9b7613c1a041e7b361162,"Appendix 1, table 6, printed row 35",Progress Report 2025 priority-project line; plan values are not financing events
idn-progress25-other-dispatchable-036,IDN,idn-jetp-progress-report-2025,other_dispatchable,priority,36,BESS PLTS BESS Sumatera 2,Aceh,2033,200,MW,,,,,,plan_only,74fb460fd09e76607e3cff308f5ba2754f2ebd91b0c9b7613c1a041e7b361162,"Appendix 1, table 6, printed row 36",Progress Report 2025 priority-project line; plan values are not financing events
idn-progress25-other-dispatchable-037,IDN,idn-jetp-progress-report-2025,other_dispatchable,priority,37,PS Grindulu,Jawa Timur,2033,250,MW,,,,,,plan_only,74fb460fd09e76607e3cff308f5ba2754f2ebd91b0c9b7613c1a041e7b361162,"Appendix 1, table 6, printed row 37",Progress Report 2025 priority-project line; plan values are not financing events
idn-progress25-other-dispatchable-038,IDN,idn-jetp-progress-report-2025,other_dispatchable,priority,38,PS Grindulu,Jawa Timur,2033,250,MW,,,,,,plan_only,74fb460fd09e76607e3cff308f5ba2754f2ebd91b0c9b7613c1a041e7b361162,"Appendix 1, table 6, printed row 38",Progress Report 2025 priority-project line; plan values are not financing events
idn-progress25-other-dispatchable-039,IDN,idn-jetp-progress-report-2025,other_dispatchable,priority,39,PS Grindulu,Jawa Timur,2033,250,MW,,,,,,plan_only,74fb460fd09e76607e3cff308f5ba2754f2ebd91b0c9b7613c1a041e7b361162,"Appendix 1, table 6, printed row 39",Progress Report 2025 priority-project line; plan values are not financing events
idn-progress25-other-dispatchable-040,IDN,idn-jetp-progress-report-2025,other_dispatchable,priority,40,PS Grindulu,Jawa Timur,2033,250,MW,,,,,,plan_only,74fb460fd09e76607e3cff308f5ba2754f2ebd91b0c9b7613c1a041e7b361162,"Appendix 1, table 6, printed row 40",Progress Report 2025 priority-project line; plan values are not financing events
idn-progress25-other-dispatchable-041,IDN,idn-jetp-progress-report-2025,other_dispatchable,priority,41,BESS Jawa-Bali (Kuota) Tersebar IV A,Banten,2034,250,MW,,,,,,plan_only,74fb460fd09e76607e3cff308f5ba2754f2ebd91b0c9b7613c1a041e7b361162,"Appendix 1, table 6, printed row 41",Progress Report 2025 priority-project line; plan values are not financing events
idn-progress25-other-dispatchable-042,IDN,idn-jetp-progress-report-2025,other_dispatchable,priority,42,BESS BESS Smoothing Tersebar,Jawa Barat,2034,150,MW,,,,,,plan_only,74fb460fd09e76607e3cff308f5ba2754f2ebd91b0c9b7613c1a041e7b361162,"Appendix 1, table 6, printed row 42",Progress Report 2025 priority-project line; plan values are not financing events
idn-progress25-other-dispatchable-043,IDN,idn-jetp-progress-report-2025,other_dispatchable,priority,43,BESS Jawa-Bali (Kuota) Tersebar IV B,Jawa Barat,2034,250,MW,,,,,,plan_only,74fb460fd09e76607e3cff308f5ba2754f2ebd91b0c9b7613c1a041e7b361162,"Appendix 1, table 6, printed row 43",Progress Report 2025 priority-project line; plan values are not financing events
idn-progress25-other-dispatchable-044,IDN,idn-jetp-progress-report-2025,other_dispatchable,priority,44,BESS Jawa-Bali (Kuota) Tersebar IV C,Jawa Tengah,2034,250,MW,,,,,,plan_only,74fb460fd09e76607e3cff308f5ba2754f2ebd91b0c9b7613c1a041e7b361162,"Appendix 1, table 6, printed row 44",Progress Report 2025 priority-project line; plan values are not financing events
idn-progress25-other-dispatchable-045,IDN,idn-jetp-progress-report-2025,other_dispatchable,priority,45,BESS Jawa-Bali (Kuota) TersebaR IV D,Jawa Timur,2034,250,MW,,,,,,plan_only,74fb460fd09e76607e3cff308f5ba2754f2ebd91b0c9b7613c1a041e7b361162,"Appendix 1, table 6, printed row 45",Progress Report 2025 priority-project line; plan values are not financing events
idn-progress25-other-dispatchable-046,IDN,idn-jetp-progress-report-2025,other_dispatchable,priority,46,BESS Kalbar-1 (PLTS+BESS),Kalimantan Barat,-,50,MW,,,,,,plan_only,74fb460fd09e76607e3cff308f5ba2754f2ebd91b0c9b7613c1a041e7b361162,"Appendix 1, table 6, printed row 46",Progress Report 2025 priority-project line; plan values are not financing events
idn-progress25-other-dispatchable-047,IDN,idn-jetp-progress-report-2025,other_dispatchable,priority,47,BESS Kalbar-1 (PLTS+BESS),Kalimantan Barat,-,25,MW,,,,,,plan_only,74fb460fd09e76607e3cff308f5ba2754f2ebd91b0c9b7613c1a041e7b361162,"Appendix 1, table 6, printed row 47",Progress Report 2025 priority-project line; plan values are not financing events
idn-progress25-other-dispatchable-048,IDN,idn-jetp-progress-report-2025,other_dispatchable,priority,48,BESS Kalbar-2 (PLTS+BESS),Kalimantan Barat,-,50,MW,,,,,,plan_only,74fb460fd09e76607e3cff308f5ba2754f2ebd91b0c9b7613c1a041e7b361162,"Appendix 1, table 6, printed row 48",Progress Report 2025 priority-project line; plan values are not financing events
idn-progress25-other-dispatchable-049,IDN,idn-jetp-progress-report-2025,other_dispatchable,priority,49,BESS Kalbar-2 (PLTS+BESS),Kalimantan Barat,-,100,MW,,,,,,plan_only,74fb460fd09e76607e3cff308f5ba2754f2ebd91b0c9b7613c1a041e7b361162,"Appendix 1, table 6, printed row 48","Progress Report 2025 priority-project line; plan values are not financing events; source printed row 48, normalised physical row 49"
idn-progress25-other-dispatchable-050,IDN,idn-jetp-progress-report-2025,other_dispatchable,priority,50,BESS Kalseltengtimra - 5 (PLTS+BESS),Kalimantan Tengah,-,100,MW,,,,,,plan_only,74fb460fd09e76607e3cff308f5ba2754f2ebd91b0c9b7613c1a041e7b361162,"Appendix 1, table 6, printed row 50",Progress Report 2025 priority-project line; plan values are not financing events
idn-progress25-other-dispatchable-051,IDN,idn-jetp-progress-report-2025,other_dispatchable,priority,51,BESS Kalseltengtimra-3 (PLTS+BESS),Kalimantan Utara,-,150,MW,,,,,,plan_only,74fb460fd09e76607e3cff308f5ba2754f2ebd91b0c9b7613c1a041e7b361162,"Appendix 1, table 6, printed row 51",Progress Report 2025 priority-project line; plan values are not financing events
idn-progress25-other-dispatchable-052,IDN,idn-jetp-progress-report-2025,other_dispatchable,priority,52,BESS BESS Smoothing Tersebar,Banten,-,100,MW,,,,,,plan_only,74fb460fd09e76607e3cff308f5ba2754f2ebd91b0c9b7613c1a041e7b361162,"Appendix 1, table 6, printed row 52",Progress Report 2025 priority-project line; plan values are not financing events
idn-progress25-other-dispatchable-053,IDN,idn-jetp-progress-report-2025,other_dispatchable,priority,53,BESS BESS Smoothing Tersebar,Banten,-,100,MW,,,,,,plan_only,74fb460fd09e76607e3cff308f5ba2754f2ebd91b0c9b7613c1a041e7b361162,"Appendix 1, table 6, printed row 53",Progress Report 2025 priority-project line; plan values are not financing events
idn-progress25-other-dispatchable-054,IDN,idn-jetp-progress-report-2025,other_dispatchable,priority,54,BESS Jawa-Bali (Kuota) Tersebar III A,Banten,-,300,MW,,,,,,plan_only,74fb460fd09e76607e3cff308f5ba2754f2ebd91b0c9b7613c1a041e7b361162,"Appendix 1, table 6, printed row 54",Progress Report 2025 priority-project line; plan values are not financing events
idn-progress25-other-dispatchable-055,IDN,idn-jetp-progress-report-2025,other_dispatchable,priority,55,BESS BESS Smoothing Tersebar,Jawa Barat,-,100,MW,,,,,,plan_only,74fb460fd09e76607e3cff308f5ba2754f2ebd91b0c9b7613c1a041e7b361162,"Appendix 1, table 6, printed row 55",Progress Report 2025 priority-project line; plan values are not financing events
idn-progress25-other-dispatchable-056,IDN,idn-jetp-progress-report-2025,other_dispatchable,priority,56,BESS BESS Jawa Bali (Kuota) Tersebar II,Jawa Barat,-,200,MW,,,,,,plan_only,74fb460fd09e76607e3cff308f5ba2754f2ebd91b0c9b7613c1a041e7b361162,"Appendix 1, table 6, printed row 56",Progress Report 2025 priority-project line; plan values are not financing events
idn-progress25-other-dispatchable-057,IDN,idn-jetp-progress-report-2025,other_dispatchable,priority,57,BESS BESS Jawa Bali (Kuota) Tersebar III B,Jawa Barat,-,100,MW,,,,,,plan_only,74fb460fd09e76607e3cff308f5ba2754f2ebd91b0c9b7613c1a041e7b361162,"Appendix 1, table 6, printed row 57",Progress Report 2025 priority-project line; plan values are not financing events
idn-progress25-other-dispatchable-058,IDN,idn-jetp-progress-report-2025,other_dispatchable,priority,58,BESS BESS Smoothing Tersebar,Jawa Barat,-,150,MW,,,,,,plan_only,74fb460fd09e76607e3cff308f5ba2754f2ebd91b0c9b7613c1a041e7b361162,"Appendix 1, table 6, printed row 58",Progress Report 2025 priority-project line; plan values are not financing events
idn-progress25-other-dispatchable-059,IDN,idn-jetp-progress-report-2025,other_dispatchable,priority,59,BESS BESS Smoothing Tersebar,Jawa Barat,-,100,MW,,,,,,plan_only,74fb460fd09e76607e3cff308f5ba2754f2ebd91b0c9b7613c1a041e7b361162,"Appendix 1, table 6, printed row 59",Progress Report 2025 priority-project line; plan values are not financing events
idn-progress25-other-dispatchable-060,IDN,idn-jetp-progress-report-2025,other_dispatchable,priority,60,BESS BESS Smoothing Tersebar,Jawa Tengah,-,250,MW,,,,,,plan_only,74fb460fd09e76607e3cff308f5ba2754f2ebd91b0c9b7613c1a041e7b361162,"Appendix 1, table 6, printed row 60",Progress Report 2025 priority-project line; plan values are not financing events
idn-progress25-other-dispatchable-061,IDN,idn-jetp-progress-report-2025,other_dispatchable,priority,61,BESS BESS Jawa-Bali (Kuota) Tersebar I,Jawa Tengah,-,200,MW,,,,,,plan_only,74fb460fd09e76607e3cff308f5ba2754f2ebd91b0c9b7613c1a041e7b361162,"Appendix 1, table 6, printed row 61",Progress Report 2025 priority-project line; plan values are not financing events
idn-progress25-other-dispatchable-062,IDN,idn-jetp-progress-report-2025,other_dispatchable,priority,62,BESS BESS Jawa-Bali (Kuota) Tersebar III C,Jawa Tengah,-,100,MW,,,,,,plan_only,74fb460fd09e76607e3cff308f5ba2754f2ebd91b0c9b7613c1a041e7b361162,"Appendix 1, table 6, printed row 62",Progress Report 2025 priority-project line; plan values are not financing events
idn-progress25-other-dispatchable-063,IDN,idn-jetp-progress-report-2025,other_dispatchable,priority,63,BESS (Smoothing) BESS Smoothing Tersebar,Jawa Timur,-,250,MW,,,,,,plan_only,74fb460fd09e76607e3cff308f5ba2754f2ebd91b0c9b7613c1a041e7b361162,"Appendix 1, table 6, printed row 63",Progress Report 2025 priority-project line; plan values are not financing events
idn-progress25-other-dispatchable-064,IDN,idn-jetp-progress-report-2025,other_dispatchable,priority,64,BESS (Smoothing) BESS Smoothing Tersebar,Jawa Timur,-,400,MW,,,,,,plan_only,74fb460fd09e76607e3cff308f5ba2754f2ebd91b0c9b7613c1a041e7b361162,"Appendix 1, table 6, printed row 64",Progress Report 2025 priority-project line; plan values are not financing events
idn-progress25-other-dispatchable-065,IDN,idn-jetp-progress-report-2025,other_dispatchable,priority,65,BESS BESS Jawa-Bali (Kuota) Tersebar III D,Jawa Timur,-,300,MW,,,,,,plan_only,74fb460fd09e76607e3cff308f5ba2754f2ebd91b0c9b7613c1a041e7b361162,"Appendix 1, table 6, printed row 65",Progress Report 2025 priority-project line; plan values are not financing events
idn-progress25-other-dispatchable-066,IDN,idn-jetp-progress-report-2025,other_dispatchable,priority,66,BESS Bali (Kuota) Tersebar VII,Bali,-,100,MW,,,,,,plan_only,74fb460fd09e76607e3cff308f5ba2754f2ebd91b0c9b7613c1a041e7b361162,"Appendix 1, table 6, printed row 66",Progress Report 2025 priority-project line; plan values are not financing events
idn-progress25-other-dispatchable-067,IDN,idn-jetp-progress-report-2025,other_dispatchable,priority,67,BESS Bali (Kuota) Tersebar VIII,Bali,-,50,MW,,,,,,plan_only,74fb460fd09e76607e3cff308f5ba2754f2ebd91b0c9b7613c1a041e7b361162,"Appendix 1, table 6, printed row 67",Progress Report 2025 priority-project line; plan values are not financing events
idn-progress25-other-dispatchable-068,IDN,idn-jetp-progress-report-2025,other_dispatchable,priority,68,BESS Bali (Kuota) IX,Bali,-,100,MW,,,,,,plan_only,74fb460fd09e76607e3cff308f5ba2754f2ebd91b0c9b7613c1a041e7b361162,"Appendix 1, table 6, printed row 68",Progress Report 2025 priority-project line; plan values are not financing events
idn-progress25-other-dispatchable-069,IDN,idn-jetp-progress-report-2025,other_dispatchable,priority,69,BESS Sumatera Hybrid 1),Sumatera Selatan,2032 2033,,MW,,,,,,plan_only,74fb460fd09e76607e3cff308f5ba2754f2ebd91b0c9b7613c1a041e7b361162,"Appendix 1, table 6, printed row 69",Progress Report 2025 priority-project line; plan values are not financing events; raw capacity=75 75
idn-progress25-other-dispatchable-070,IDN,idn-jetp-progress-report-2025,other_dispatchable,priority,70,Pump Storage Sumatera Pump Storage -1,Sumatera Utara,2033 2033,,MW,,,,,,plan_only,74fb460fd09e76607e3cff308f5ba2754f2ebd91b0c9b7613c1a041e7b361162,"Appendix 1, table 6, printed row 70",Progress Report 2025 priority-project line; plan values are not financing events; raw capacity=250 250
idn-progress25-solar-001,IDN,idn-jetp-progress-report-2025,solar,top_priority,1,Solar Tobelo,Maluku Utara,2022,10,MW,,,,,,plan_only,74fb460fd09e76607e3cff308f5ba2754f2ebd91b0c9b7613c1a041e7b361162,"Appendix 1, table 7, printed row 1",Progress Report 2025 priority-project line; plan values are not financing events
idn-progress25-solar-002,IDN,idn-jetp-progress-report-2025,solar,top_priority,2,Solar Pulau Panjang / Dedieselisasi Tahap 1,Banten,2023,0.6,MW,,,,,,plan_only,74fb460fd09e76607e3cff308f5ba2754f2ebd91b0c9b7613c1a041e7b361162,"Appendix 1, table 7, printed row 2",Progress Report 2025 priority-project line; plan values are not financing events
idn-progress25-solar-003,IDN,idn-jetp-progress-report-2025,solar,top_priority,3,Solar Tahap 1,Jawa Timur,2023,1.4,MW,,,,,,plan_only,74fb460fd09e76607e3cff308f5ba2754f2ebd91b0c9b7613c1a041e7b361162,"Appendix 1, table 7, printed row 3",Progress Report 2025 priority-project line; plan values are not financing events
idn-progress25-solar-004,IDN,idn-jetp-progress-report-2025,solar,top_priority,4,Solar Dedieselisasi Tahap 1,Kalimantan Timur,2023,0.8,MW,,,,,,plan_only,74fb460fd09e76607e3cff308f5ba2754f2ebd91b0c9b7613c1a041e7b361162,"Appendix 1, table 7, printed row 4",Progress Report 2025 priority-project line; plan values are not financing events
idn-progress25-solar-005,IDN,idn-jetp-progress-report-2025,solar,top_priority,5,Solar Dedieselisasi Tahap 1,Maluku Utara,2023,8.6,MW,,,,,,plan_only,74fb460fd09e76607e3cff308f5ba2754f2ebd91b0c9b7613c1a041e7b361162,"Appendix 1, table 7, printed row 5",Progress Report 2025 priority-project line; plan values are not financing events
idn-progress25-solar-006,IDN,idn-jetp-progress-report-2025,solar,top_priority,6,Solar Dedieselisasi Tahap 1,Sulawesi Tengah,2023,21.6,MW,,,,,,plan_only,74fb460fd09e76607e3cff308f5ba2754f2ebd91b0c9b7613c1a041e7b361162,"Appendix 1, table 7, printed row 6",Progress Report 2025 priority-project line; plan values are not financing events
idn-progress25-solar-007,IDN,idn-jetp-progress-report-2025,solar,top_priority,7,Solar Dedieselisasi Tahap 1,Sulawesi Tenggara,2023,8.7,MW,,,,,,plan_only,74fb460fd09e76607e3cff308f5ba2754f2ebd91b0c9b7613c1a041e7b361162,"Appendix 1, table 7, printed row 7",Progress Report 2025 priority-project line; plan values are not financing events
idn-progress25-solar-008,IDN,idn-jetp-progress-report-2025,solar,top_priority,8,Solar Dedieselisasi Tahap 1,Sulawesi Utara,2023,29,MW,,,,,,plan_only,74fb460fd09e76607e3cff308f5ba2754f2ebd91b0c9b7613c1a041e7b361162,"Appendix 1, table 7, printed row 8",Progress Report 2025 priority-project line; plan values are not financing events
idn-progress25-solar-009,IDN,idn-jetp-progress-report-2025,solar,top_priority,9,Solar Tersebar,Bangka Belitung,2023,5,MW,,,,,,plan_only,74fb460fd09e76607e3cff308f5ba2754f2ebd91b0c9b7613c1a041e7b361162,"Appendix 1, table 7, printed row 9",Progress Report 2025 priority-project line; plan values are not financing events
idn-progress25-solar-010,IDN,idn-jetp-progress-report-2025,solar,top_priority,10,Solar Morotai 3,Maluku Utara,2023,10,MW,,,,,,plan_only,74fb460fd09e76607e3cff308f5ba2754f2ebd91b0c9b7613c1a041e7b361162,"Appendix 1, table 7, printed row 10",Progress Report 2025 priority-project line; plan values are not financing events
idn-progress25-solar-011,IDN,idn-jetp-progress-report-2025,solar,top_priority,11,Solar Jawa-Bali (Kuota) Tersebar,Banten,2024,50,MW,,,,,,plan_only,74fb460fd09e76607e3cff308f5ba2754f2ebd91b0c9b7613c1a041e7b361162,"Appendix 1, table 7, printed row 11",Progress Report 2025 priority-project line; plan values are not financing events
idn-progress25-solar-012,IDN,idn-jetp-progress-report-2025,solar,top_priority,12,Solar Jawa-Bali (Kuota) Tersebar (PLTS Indramayu),Jawa Barat,2024,100,MW,,,,,,plan_only,74fb460fd09e76607e3cff308f5ba2754f2ebd91b0c9b7613c1a041e7b361162,"Appendix 1, table 7, printed row 12",Progress Report 2025 priority-project line; plan values are not financing events
idn-progress25-solar-013,IDN,idn-jetp-progress-report-2025,solar,top_priority,13,Solar Jawa-Bali (Kuota) Tersebar (Kedung ombo),Jawa Tengah,2024,50,MW,,,,,,plan_only,74fb460fd09e76607e3cff308f5ba2754f2ebd91b0c9b7613c1a041e7b361162,"Appendix 1, table 7, printed row 13",Progress Report 2025 priority-project line; plan values are not financing events
idn-progress25-solar-014,IDN,idn-jetp-progress-report-2025,solar,top_priority,14,Solar Jawa-Bali (Kuota) Tersebar (Kedung ombo),Jawa Tengah,2024,50,MW,,,,,,plan_only,74fb460fd09e76607e3cff308f5ba2754f2ebd91b0c9b7613c1a041e7b361162,"Appendix 1, table 7, printed row 14",Progress Report 2025 priority-project line; plan values are not financing events
idn-progress25-solar-015,IDN,idn-jetp-progress-report-2025,solar,priority,15,Solar PLTS Belinyu (BUMD),Bangka Belitung,2025,1,MW,,,,,,plan_only,74fb460fd09e76607e3cff308f5ba2754f2ebd91b0c9b7613c1a041e7b361162,"Appendix 1, table 7, printed row 15",Progress Report 2025 priority-project line; plan values are not financing events
idn-progress25-solar-016,IDN,idn-jetp-progress-report-2025,solar,priority,16,Solar Pembangkit EBT LISDES,Bangka Belitung,2025,0.05,MW,,,,,,plan_only,74fb460fd09e76607e3cff308f5ba2754f2ebd91b0c9b7613c1a041e7b361162,"Appendix 1, table 7, printed row 16",Progress Report 2025 priority-project line; plan values are not financing events
idn-progress25-solar-017,IDN,idn-jetp-progress-report-2025,solar,priority,17,Solar Pembangkit EBT LISDES,Sumatera Barat,2025,0.08,MW,,,,,,plan_only,74fb460fd09e76607e3cff308f5ba2754f2ebd91b0c9b7613c1a041e7b361162,"Appendix 1, table 7, printed row 17",Progress Report 2025 priority-project line; plan values are not financing events
idn-progress25-solar-018,IDN,idn-jetp-progress-report-2025,solar,priority,18,Solar LISDES Kalbar,Kalimantan Barat,2025,1.9,MW,,,,,,plan_only,74fb460fd09e76607e3cff308f5ba2754f2ebd91b0c9b7613c1a041e7b361162,"Appendix 1, table 7, printed row 18",Progress Report 2025 priority-project line; plan values are not financing events
idn-progress25-solar-019,IDN,idn-jetp-progress-report-2025,solar,priority,19,Solar+BESS Namlea,Maluku,2025,5,MW,,,,,,plan_only,74fb460fd09e76607e3cff308f5ba2754f2ebd91b0c9b7613c1a041e7b361162,"Appendix 1, table 7, printed row 19",Progress Report 2025 priority-project line; plan values are not financing events
idn-progress25-solar-020,IDN,idn-jetp-progress-report-2025,solar,priority,20,Solar LISDES Kaltara,Kalimantan Utara,2025,2,MW,,,,,,plan_only,74fb460fd09e76607e3cff308f5ba2754f2ebd91b0c9b7613c1a041e7b361162,"Appendix 1, table 7, printed row 20",Progress Report 2025 priority-project line; plan values are not financing events
idn-progress25-solar-021,IDN,idn-jetp-progress-report-2025,solar,priority,21,Solar Saguling,Jawa Barat,2025,60,MW,,,,,idn-fin-saguling-floating-solar,matched,74fb460fd09e76607e3cff308f5ba2754f2ebd91b0c9b7613c1a041e7b361162,"Appendix 1, table 7, printed row 21",Progress Report 2025 priority-project line; plan values are not financing events
idn-progress25-solar-022,IDN,idn-jetp-progress-report-2025,solar,top_priority,22,"Solar Jawa-Bali (Kuota) Tersebar (Jatigede 100 MW,)",Jawa Barat,2025,100,MW,,,,,,plan_only,74fb460fd09e76607e3cff308f5ba2754f2ebd91b0c9b7613c1a041e7b361162,"Appendix 1, table 7, printed row 22",Progress Report 2025 priority-project line; plan values are not financing events
idn-progress25-solar-023,IDN,idn-jetp-progress-report-2025,solar,priority,23,Solar Jawa Barat (Kuota) IV,Jawa Barat,2025,100,MW,,,,,,plan_only,74fb460fd09e76607e3cff308f5ba2754f2ebd91b0c9b7613c1a041e7b361162,"Appendix 1, table 7, printed row 23",Progress Report 2025 priority-project line; plan values are not financing events
idn-progress25-solar-024,IDN,idn-jetp-progress-report-2025,solar,priority,24,Solar Jawa Tengah (Kuota) II,Jawa Tengah,2025,100,MW,,,,,,plan_only,74fb460fd09e76607e3cff308f5ba2754f2ebd91b0c9b7613c1a041e7b361162,"Appendix 1, table 7, printed row 24",Progress Report 2025 priority-project line; plan values are not financing events
idn-progress25-solar-025,IDN,idn-jetp-progress-report-2025,solar,priority,25,Solar Jawa Tengah (Kuota) IV,Jawa Tengah,2025,100,MW,,,,,,plan_only,74fb460fd09e76607e3cff308f5ba2754f2ebd91b0c9b7613c1a041e7b361162,"Appendix 1, table 7, printed row 25",Progress Report 2025 priority-project line; plan values are not financing events
idn-progress25-solar-026,IDN,idn-jetp-progress-report-2025,solar,priority,26,Solar LISDES,Jawa Tengah,2025,1.2,MW,,,,,,plan_only,74fb460fd09e76607e3cff308f5ba2754f2ebd91b0c9b7613c1a041e7b361162,"Appendix 1, table 7, printed row 26",Progress Report 2025 priority-project line; plan values are not financing events
idn-progress25-solar-027,IDN,idn-jetp-progress-report-2025,solar,top_priority,27,Solar Jawa-Bali (Kuota) Tersebar (Gajah Mungkur),Jawa Tengah,2025,100,MW,,,,,,plan_only,74fb460fd09e76607e3cff308f5ba2754f2ebd91b0c9b7613c1a041e7b361162,"Appendix 1, table 7, printed row 27",Progress Report 2025 priority-project line; plan values are not financing events
idn-progress25-solar-028,IDN,idn-jetp-progress-report-2025,solar,top_priority,28,Solar Jawa-Bali (Kuota) Tersebar (PLTS Pasuruan),Jawa TImur,2025,100,MW,,,,,,plan_only,74fb460fd09e76607e3cff308f5ba2754f2ebd91b0c9b7613c1a041e7b361162,"Appendix 1, table 7, printed row 28",Progress Report 2025 priority-project line; plan values are not financing events
idn-progress25-solar-029,IDN,idn-jetp-progress-report-2025,solar,priority,29,Solar Karangkates,Jawa Timur,2025,100,MW,,,,,idn-pipe-sutami-floating-solar,matched,74fb460fd09e76607e3cff308f5ba2754f2ebd91b0c9b7613c1a041e7b361162,"Appendix 1, table 7, printed row 29",Progress Report 2025 priority-project line; plan values are not financing events
idn-progress25-solar-030,IDN,idn-jetp-progress-report-2025,solar,top_priority,30,Solar Jawa-Bali (Kuota) Tersebar (PLTS Banyuwangi 100 MW),Jawa Timur,2025,100,MW,,,,,,plan_only,74fb460fd09e76607e3cff308f5ba2754f2ebd91b0c9b7613c1a041e7b361162,"Appendix 1, table 7, printed row 30",Progress Report 2025 priority-project line; plan values are not financing events
idn-progress25-solar-031,IDN,idn-jetp-progress-report-2025,solar,priority,31,Solar Jawa Timur (Kuota) IV D,Jawa Timur,2025,50,MW,,,,,,plan_only,74fb460fd09e76607e3cff308f5ba2754f2ebd91b0c9b7613c1a041e7b361162,"Appendix 1, table 7, printed row 31",Progress Report 2025 priority-project line; plan values are not financing events
idn-progress25-solar-032,IDN,idn-jetp-progress-report-2025,solar,priority,32,Solar+BESS LISDES,Maluku,2025,7.71,MW,,,,,,plan_only,74fb460fd09e76607e3cff308f5ba2754f2ebd91b0c9b7613c1a041e7b361162,"Appendix 1, table 7, printed row 32",Progress Report 2025 priority-project line; plan values are not financing events
idn-progress25-solar-033,IDN,idn-jetp-progress-report-2025,solar,priority,33,Solar+BESS LISDES,"Papua, Papua Pegunungan, Papua Tengah, Papua Selatan",2025,0.213,MW,,,,,,plan_only,74fb460fd09e76607e3cff308f5ba2754f2ebd91b0c9b7613c1a041e7b361162,"Appendix 1, table 7, printed row 33",Progress Report 2025 priority-project line; plan values are not financing events
idn-progress25-solar-034,IDN,idn-jetp-progress-report-2025,solar,priority,34,Solar+BESS LISDES,"Papua, Papua Pegunungan, Papua Tengah, Papua Selatan",2025,0.25,MW,,,,,,plan_only,74fb460fd09e76607e3cff308f5ba2754f2ebd91b0c9b7613c1a041e7b361162,"Appendix 1, table 7, printed row 34",Progress Report 2025 priority-project line; plan values are not financing events
idn-progress25-solar-035,IDN,idn-jetp-progress-report-2025,solar,priority,35,Solar Jawa Timur (Kuota) II B,Jawa Timur,2025,50,MW,,,,,,plan_only,74fb460fd09e76607e3cff308f5ba2754f2ebd91b0c9b7613c1a041e7b361162,"Appendix 1, table 7, printed row 35",Progress Report 2025 priority-project line; plan values are not financing events
idn-progress25-solar-036,IDN,idn-jetp-progress-report-2025,solar,priority,36,Solar Jawa Timur (Kuota) II A,Jawa Timur,2025,50,MW,,,,,,plan_only,74fb460fd09e76607e3cff308f5ba2754f2ebd91b0c9b7613c1a041e7b361162,"Appendix 1, table 7, printed row 36",Progress Report 2025 priority-project line; plan values are not financing events
idn-progress25-solar-037,IDN,idn-jetp-progress-report-2025,solar,priority,37,Solar LISDES,Jawa Timur,2025,1.2,MW,,,,,,plan_only,74fb460fd09e76607e3cff308f5ba2754f2ebd91b0c9b7613c1a041e7b361162,"Appendix 1, table 7, printed row 37",Progress Report 2025 priority-project line; plan values are not financing events
idn-progress25-solar-038,IDN,idn-jetp-progress-report-2025,solar,priority,38,Solar LISDES,Jawa Timur,2025,4,MW,,,,,,plan_only,74fb460fd09e76607e3cff308f5ba2754f2ebd91b0c9b7613c1a041e7b361162,"Appendix 1, table 7, printed row 38",Progress Report 2025 priority-project line; plan values are not financing events
idn-progress25-solar-039,IDN,idn-jetp-progress-report-2025,solar,priority,39,Solar Bali Timur,Bali,2025,25,MW,,,,,,plan_only,74fb460fd09e76607e3cff308f5ba2754f2ebd91b0c9b7613c1a041e7b361162,"Appendix 1, table 7, printed row 39",Progress Report 2025 priority-project line; plan values are not financing events
idn-progress25-solar-040,IDN,idn-jetp-progress-report-2025,solar,priority,40,Solar Bali Barat,Bali,2025,25,MW,,,,,,plan_only,74fb460fd09e76607e3cff308f5ba2754f2ebd91b0c9b7613c1a041e7b361162,"Appendix 1, table 7, printed row 40",Progress Report 2025 priority-project line; plan values are not financing events
idn-progress25-solar-041,IDN,idn-jetp-progress-report-2025,solar,priority,41,Solar+BESS LISDES Papua Pegunungan,"Papua, Papua Pegunungan, Papua Tengah, Papua Selatan",2025,1.494,MW,,,,,,plan_only,74fb460fd09e76607e3cff308f5ba2754f2ebd91b0c9b7613c1a041e7b361162,"Appendix 1, table 7, printed row 41",Progress Report 2025 priority-project line; plan values are not financing events
idn-progress25-solar-042,IDN,idn-jetp-progress-report-2025,solar,priority,42,Solar+BESS LISDES Papua Tengah,"Papua, Papua Pegunungan, Papua Tengah, Papua Selatan",2025,0.936,MW,,,,,,plan_only,74fb460fd09e76607e3cff308f5ba2754f2ebd91b0c9b7613c1a041e7b361162,"Appendix 1, table 7, printed row 42",Progress Report 2025 priority-project line; plan values are not financing events
idn-progress25-solar-043,IDN,idn-jetp-progress-report-2025,solar,priority,43,Solar+BESS LISDES Papua Selatan,"Papua, Papua Pegunungan, Papua Tengah, Papua Selatan",2025,4.16,MW,,,,,,plan_only,74fb460fd09e76607e3cff308f5ba2754f2ebd91b0c9b7613c1a041e7b361162,"Appendix 1, table 7, printed row 43",Progress Report 2025 priority-project line; plan values are not financing events
idn-progress25-solar-044,IDN,idn-jetp-progress-report-2025,solar,priority,44,Solar+BESS LISDES Papua Barat,"Papua Barat, Papua Barat Daya",2025,1.008,MW,,,,,,plan_only,74fb460fd09e76607e3cff308f5ba2754f2ebd91b0c9b7613c1a041e7b361162,"Appendix 1, table 7, printed row 44",Progress Report 2025 priority-project line; plan values are not financing events
idn-progress25-solar-045,IDN,idn-jetp-progress-report-2025,solar,priority,45,Solar+BESS LISDES Papua Barat Daya,"Papua Barat, Papua Barat Daya",2025,0.71,MW,,,,,,plan_only,74fb460fd09e76607e3cff308f5ba2754f2ebd91b0c9b7613c1a041e7b361162,"Appendix 1, table 7, printed row 45",Progress Report 2025 priority-project line; plan values are not financing events
idn-progress25-solar-046,IDN,idn-jetp-progress-report-2025,solar,priority,46,Solar+BESS LISDES,Nusa Tenggara Timur,2025,3.5,MW,,,,,,plan_only,74fb460fd09e76607e3cff308f5ba2754f2ebd91b0c9b7613c1a041e7b361162,"Appendix 1, table 7, printed row 46",Progress Report 2025 priority-project line; plan values are not financing events
idn-progress25-solar-047,IDN,idn-jetp-progress-report-2025,solar,priority,47,Solar+BESS Sumba (Kuota) Tersebar,Nusa Tenggara Timur,2025,1.6,MW,,,,,,plan_only,74fb460fd09e76607e3cff308f5ba2754f2ebd91b0c9b7613c1a041e7b361162,"Appendix 1, table 7, printed row 47",Progress Report 2025 priority-project line; plan values are not financing events
idn-progress25-solar-048,IDN,idn-jetp-progress-report-2025,solar,top_priority,48,Solar Dedieselisasi Tahap 1,Riau,2025,3.1,MW,,,,,,plan_only,74fb460fd09e76607e3cff308f5ba2754f2ebd91b0c9b7613c1a041e7b361162,"Appendix 1, table 7, printed row 48",Progress Report 2025 priority-project line; plan values are not financing events
idn-progress25-solar-049,IDN,idn-jetp-progress-report-2025,solar,top_priority,49,Solar Dedieselisasi Tahap 1,Riau,2025,3.1,MW,,,,,,plan_only,74fb460fd09e76607e3cff308f5ba2754f2ebd91b0c9b7613c1a041e7b361162,"Appendix 1, table 7, printed row 49",Progress Report 2025 priority-project line; plan values are not financing events
idn-progress25-solar-050,IDN,idn-jetp-progress-report-2025,solar,top_priority,50,Solar Dedieselisasi Tahap 1,Kepulauan Riau,2025,15.6,MW,,,,,,plan_only,74fb460fd09e76607e3cff308f5ba2754f2ebd91b0c9b7613c1a041e7b361162,"Appendix 1, table 7, printed row 50",Progress Report 2025 priority-project line; plan values are not financing events
idn-progress25-solar-051,IDN,idn-jetp-progress-report-2025,solar,priority,51,Solar Sinabang (Kuota) Tersebar,Aceh,2026,2,MW,,,,,,plan_only,74fb460fd09e76607e3cff308f5ba2754f2ebd91b0c9b7613c1a041e7b361162,"Appendix 1, table 7, printed row 51",Progress Report 2025 priority-project line; plan values are not financing events
idn-progress25-solar-052,IDN,idn-jetp-progress-report-2025,solar,priority,52,Solar Belitung (Kuota Tersebar),Bangka Belitung,2026,5,MW,,,,,,plan_only,74fb460fd09e76607e3cff308f5ba2754f2ebd91b0c9b7613c1a041e7b361162,"Appendix 1, table 7, printed row 52",Progress Report 2025 priority-project line; plan values are not financing events
idn-progress25-solar-053,IDN,idn-jetp-progress-report-2025,solar,priority,53,Solar LISDES Kalsel,Kalimantan Selatan,2026,4.9,MW,,,,,,plan_only,74fb460fd09e76607e3cff308f5ba2754f2ebd91b0c9b7613c1a041e7b361162,"Appendix 1, table 7, printed row 53",Progress Report 2025 priority-project line; plan values are not financing events
idn-progress25-solar-054,IDN,idn-jetp-progress-report-2025,solar,priority,54,Solar LISDES Kalteng,Kalimantan Tengah,2026,0.6,MW,,,,,,plan_only,74fb460fd09e76607e3cff308f5ba2754f2ebd91b0c9b7613c1a041e7b361162,"Appendix 1, table 7, printed row 54",Progress Report 2025 priority-project line; plan values are not financing events
idn-progress25-solar-055,IDN,idn-jetp-progress-report-2025,solar,priority,55,Solar LISDES Kaltara,Kalimantan Utara,2026,1.5,MW,,,,,,plan_only,74fb460fd09e76607e3cff308f5ba2754f2ebd91b0c9b7613c1a041e7b361162,"Appendix 1, table 7, printed row 55",Progress Report 2025 priority-project line; plan values are not financing events
idn-progress25-solar-056,IDN,idn-jetp-progress-report-2025,solar,priority,56,Solar Banten (Kuota) II,Banten,2026,50,MW,,,,,,plan_only,74fb460fd09e76607e3cff308f5ba2754f2ebd91b0c9b7613c1a041e7b361162,"Appendix 1, table 7, printed row 56",Progress Report 2025 priority-project line; plan values are not financing events
idn-progress25-solar-057,IDN,idn-jetp-progress-report-2025,solar,priority,57,Solar Isolated Jateng,Jawa Tengah,2026,7.2,MW,,,,,,plan_only,74fb460fd09e76607e3cff308f5ba2754f2ebd91b0c9b7613c1a041e7b361162,"Appendix 1, table 7, printed row 57",Progress Report 2025 priority-project line; plan values are not financing events
idn-progress25-solar-058,IDN,idn-jetp-progress-report-2025,solar,priority,58,Solar Isolated Jatim,Jawa Timur,2026,0.8,MW,,,,,,plan_only,74fb460fd09e76607e3cff308f5ba2754f2ebd91b0c9b7613c1a041e7b361162,"Appendix 1, table 7, printed row 58",Progress Report 2025 priority-project line; plan values are not financing events
idn-progress25-solar-059,IDN,idn-jetp-progress-report-2025,solar,priority,59,Solar Bali (Kuota) III,Bali,2026,50,MW,,,,,,plan_only,74fb460fd09e76607e3cff308f5ba2754f2ebd91b0c9b7613c1a041e7b361162,"Appendix 1, table 7, printed row 59",Progress Report 2025 priority-project line; plan values are not financing events
idn-progress25-solar-060,IDN,idn-jetp-progress-report-2025,solar,priority,60,Solar Isolated Bali,Bali,2026,4.5,MW,,,,,,plan_only,74fb460fd09e76607e3cff308f5ba2754f2ebd91b0c9b7613c1a041e7b361162,"Appendix 1, table 7, printed row 60",Progress Report 2025 priority-project line; plan values are not financing events
idn-progress25-solar-061,IDN,idn-jetp-progress-report-2025,solar,priority,61,Solar LISDES,Sulawesi Barat,2026,0.28,MW,,,,,,plan_only,74fb460fd09e76607e3cff308f5ba2754f2ebd91b0c9b7613c1a041e7b361162,"Appendix 1, table 7, printed row 61",Progress Report 2025 priority-project line; plan values are not financing events
idn-progress25-solar-062,IDN,idn-jetp-progress-report-2025,solar,priority,62,Solar+BESS Bula,Maluku,2026,3,MW,,,,,,plan_only,74fb460fd09e76607e3cff308f5ba2754f2ebd91b0c9b7613c1a041e7b361162,"Appendix 1, table 7, printed row 62",Progress Report 2025 priority-project line; plan values are not financing events
idn-progress25-solar-063,IDN,idn-jetp-progress-report-2025,solar,priority,63,Solar+BESS LISDES,Maluku,2026,1.35,MW,,,,,,plan_only,74fb460fd09e76607e3cff308f5ba2754f2ebd91b0c9b7613c1a041e7b361162,"Appendix 1, table 7, printed row 63",Progress Report 2025 priority-project line; plan values are not financing events
idn-progress25-solar-064,IDN,idn-jetp-progress-report-2025,solar,priority,64,Solar+BESS LISDES,"Papua, Papua Pegunungan, Papua Tengah, Papua Selatan",2026,0.705,MW,,,,,,plan_only,74fb460fd09e76607e3cff308f5ba2754f2ebd91b0c9b7613c1a041e7b361162,"Appendix 1, table 7, printed row 64",Progress Report 2025 priority-project line; plan values are not financing events
idn-progress25-solar-065,IDN,idn-jetp-progress-report-2025,solar,priority,65,Solar+BESS LISDES Papua Pegunungan,"Papua, Papua Pegunungan, Papua Tengah, Papua Selatan",2026,0.43,MW,,,,,,plan_only,74fb460fd09e76607e3cff308f5ba2754f2ebd91b0c9b7613c1a041e7b361162,"Appendix 1, table 7, printed row 65",Progress Report 2025 priority-project line; plan values are not financing events
idn-progress25-solar-066,IDN,idn-jetp-progress-report-2025,solar,priority,66,Solar+BESS LISDES Papua Tengah,"Papua, Papua Pegunungan, Papua Tengah, Papua Selatan",2026,0.402,MW,,,,,,plan_only,74fb460fd09e76607e3cff308f5ba2754f2ebd91b0c9b7613c1a041e7b361162,"Appendix 1, table 7, printed row 66",Progress Report 2025 priority-project line; plan values are not financing events
idn-progress25-solar-067,IDN,idn-jetp-progress-report-2025,solar,priority,67,Solar+BESS LISDES Papua Selatan,"Papua, Papua Pegunungan, Papua Tengah, Papua Selatan",2026,1.076,MW,,,,,,plan_only,74fb460fd09e76607e3cff308f5ba2754f2ebd91b0c9b7613c1a041e7b361162,"Appendix 1, table 7, printed row 67",Progress Report 2025 priority-project line; plan values are not financing events
idn-progress25-solar-068,IDN,idn-jetp-progress-report-2025,solar,priority,68,Solar+BESS LISDES Papua Barat,"Papua Barat, Papua Barat Daya",2026,0.562,MW,,,,,,plan_only,74fb460fd09e76607e3cff308f5ba2754f2ebd91b0c9b7613c1a041e7b361162,"Appendix 1, table 7, printed row 68",Progress Report 2025 priority-project line; plan values are not financing events
idn-progress25-solar-069,IDN,idn-jetp-progress-report-2025,solar,priority,69,Solar+BESS LISDES Papua Barat Daya,"Papua Barat, Papua Barat Daya",2026,0.318,MW,,,,,,plan_only,74fb460fd09e76607e3cff308f5ba2754f2ebd91b0c9b7613c1a041e7b361162,"Appendix 1, table 7, printed row 69",Progress Report 2025 priority-project line; plan values are not financing events
idn-progress25-solar-070,IDN,idn-jetp-progress-report-2025,solar,priority,70,Solar+BESS Manokwari (Eks APBN),"Papua Barat, Papua Barat Daya",2026,1,MW,,,,,,plan_only,74fb460fd09e76607e3cff308f5ba2754f2ebd91b0c9b7613c1a041e7b361162,"Appendix 1, table 7, printed row 70",Progress Report 2025 priority-project line; plan values are not financing events
idn-progress25-solar-071,IDN,idn-jetp-progress-report-2025,solar,priority,71,Solar+BESS Sumbawa-Bima (Kuota) Tersebar,Nusa Tenggara Barat,2026,10,MW,,,,,,plan_only,74fb460fd09e76607e3cff308f5ba2754f2ebd91b0c9b7613c1a041e7b361162,"Appendix 1, table 7, printed row 71",Progress Report 2025 priority-project line; plan values are not financing events
idn-progress25-solar-072,IDN,idn-jetp-progress-report-2025,solar,priority,72,Solar+BESS LISDES,Nusa Tenggara Timur,2026,2.92,MW,,,,,,plan_only,74fb460fd09e76607e3cff308f5ba2754f2ebd91b0c9b7613c1a041e7b361162,"Appendix 1, table 7, printed row 72",Progress Report 2025 priority-project line; plan values are not financing events
idn-progress25-solar-073,IDN,idn-jetp-progress-report-2025,solar,priority,73,Solar+BESS Alor (Kalabahi),Nusa Tenggara Timur,2026,1.2,MW,,,,,,plan_only,74fb460fd09e76607e3cff308f5ba2754f2ebd91b0c9b7613c1a041e7b361162,"Appendix 1, table 7, printed row 73",Progress Report 2025 priority-project line; plan values are not financing events
idn-progress25-solar-074,IDN,idn-jetp-progress-report-2025,solar,priority,74,Solar+BESS Betun,Nusa Tenggara Timur,2026,0.6,MW,,,,,,plan_only,74fb460fd09e76607e3cff308f5ba2754f2ebd91b0c9b7613c1a041e7b361162,"Appendix 1, table 7, printed row 74",Progress Report 2025 priority-project line; plan values are not financing events
idn-progress25-solar-075,IDN,idn-jetp-progress-report-2025,solar,priority,75,Solar+BESS Lembata,Nusa Tenggara Timur,2026,3,MW,,,,,,plan_only,74fb460fd09e76607e3cff308f5ba2754f2ebd91b0c9b7613c1a041e7b361162,"Appendix 1, table 7, printed row 75",Progress Report 2025 priority-project line; plan values are not financing events
idn-progress25-solar-076,IDN,idn-jetp-progress-report-2025,solar,priority,76,Solar+BESS Flores (Labuhan Bajo dan lokasi lain),Nusa Tenggara Timur,2026,10,MW,,,,,,plan_only,74fb460fd09e76607e3cff308f5ba2754f2ebd91b0c9b7613c1a041e7b361162,"Appendix 1, table 7, printed row 76",Progress Report 2025 priority-project line; plan values are not financing events
idn-progress25-solar-077,IDN,idn-jetp-progress-report-2025,solar,priority,77,Solar+BESS Rote,Nusa Tenggara Timur,2026,1.2,MW,,,,,,plan_only,74fb460fd09e76607e3cff308f5ba2754f2ebd91b0c9b7613c1a041e7b361162,"Appendix 1, table 7, printed row 77",Progress Report 2025 priority-project line; plan values are not financing events
idn-progress25-solar-078,IDN,idn-jetp-progress-report-2025,solar,priority,78,Solar+BESS Rote,Nusa Tenggara Timur,2026,2,MW,,,,,,plan_only,74fb460fd09e76607e3cff308f5ba2754f2ebd91b0c9b7613c1a041e7b361162,"Appendix 1, table 7, printed row 78",Progress Report 2025 priority-project line; plan values are not financing events
idn-progress25-solar-079,IDN,idn-jetp-progress-report-2025,solar,priority,79,Solar+BESS Lembata,Nusa Tenggara Timur,2026,3,MW,,,,,,plan_only,74fb460fd09e76607e3cff308f5ba2754f2ebd91b0c9b7613c1a041e7b361162,"Appendix 1, table 7, printed row 79",Progress Report 2025 priority-project line; plan values are not financing events
idn-progress25-solar-080,IDN,idn-jetp-progress-report-2025,solar,priority,80,Solar+BESS Sumba,Nusa Tenggara Timur,2026,5,MW,,,,,,plan_only,74fb460fd09e76607e3cff308f5ba2754f2ebd91b0c9b7613c1a041e7b361162,"Appendix 1, table 7, printed row 80",Progress Report 2025 priority-project line; plan values are not financing events
idn-progress25-solar-081,IDN,idn-jetp-progress-report-2025,solar,priority,81,Solar+BESS Sumba,Nusa Tenggara Timur,2026,5,MW,,,,,,plan_only,74fb460fd09e76607e3cff308f5ba2754f2ebd91b0c9b7613c1a041e7b361162,"Appendix 1, table 7, printed row 81",Progress Report 2025 priority-project line; plan values are not financing events
idn-progress25-solar-082,IDN,idn-jetp-progress-report-2025,solar,priority,82,Solar+BESS Sumba,Nusa Tenggara Timur,2026,5,MW,,,,,,plan_only,74fb460fd09e76607e3cff308f5ba2754f2ebd91b0c9b7613c1a041e7b361162,"Appendix 1, table 7, printed row 82",Progress Report 2025 priority-project line; plan values are not financing events
idn-progress25-solar-083,IDN,idn-jetp-progress-report-2025,solar,priority,83,Solar+BESS Sumba,Nusa Tenggara Timur,2026,5,MW,,,,,,plan_only,74fb460fd09e76607e3cff308f5ba2754f2ebd91b0c9b7613c1a041e7b361162,"Appendix 1, table 7, printed row 83",Progress Report 2025 priority-project line; plan values are not financing events
idn-progress25-solar-084,IDN,idn-jetp-progress-report-2025,solar,priority,84,Solar+BESS Sumba,Nusa Tenggara Timur,2026,5,MW,,,,,,plan_only,74fb460fd09e76607e3cff308f5ba2754f2ebd91b0c9b7613c1a041e7b361162,"Appendix 1, table 7, printed row 84",Progress Report 2025 priority-project line; plan values are not financing events
idn-progress25-solar-085,IDN,idn-jetp-progress-report-2025,solar,priority,85,Solar Sabang,Aceh,2027,0.3,MW,,,,,,plan_only,74fb460fd09e76607e3cff308f5ba2754f2ebd91b0c9b7613c1a041e7b361162,"Appendix 1, table 7, printed row 85",Progress Report 2025 priority-project line; plan values are not financing events
idn-progress25-solar-086,IDN,idn-jetp-progress-report-2025,solar,top_priority,86,Solar Dedieselisasi,Aceh,2027,1.5,MW,,,,,,plan_only,74fb460fd09e76607e3cff308f5ba2754f2ebd91b0c9b7613c1a041e7b361162,"Appendix 1, table 7, printed row 86",Progress Report 2025 priority-project line; plan values are not financing events
idn-progress25-solar-087,IDN,idn-jetp-progress-report-2025,solar,top_priority,87,Solar Dedieselisasi,Sumatera Utara,2027,1.8,MW,,,,,,plan_only,74fb460fd09e76607e3cff308f5ba2754f2ebd91b0c9b7613c1a041e7b361162,"Appendix 1, table 7, printed row 87",Progress Report 2025 priority-project line; plan values are not financing events
idn-progress25-solar-088,IDN,idn-jetp-progress-report-2025,solar,priority,88,Solar Bangka (Kuota Tersebar)*,Bangka Belitung,2027,10,MW,,,,,,plan_only,74fb460fd09e76607e3cff308f5ba2754f2ebd91b0c9b7613c1a041e7b361162,"Appendix 1, table 7, printed row 88",Progress Report 2025 priority-project line; plan values are not financing events
idn-progress25-solar-089,IDN,idn-jetp-progress-report-2025,solar,top_priority,89,Solar Dedieselisasi,Bangka Belitung,2027,2.4,MW,,,,,,plan_only,74fb460fd09e76607e3cff308f5ba2754f2ebd91b0c9b7613c1a041e7b361162,"Appendix 1, table 7, printed row 89",Progress Report 2025 priority-project line; plan values are not financing events
idn-progress25-solar-090,IDN,idn-jetp-progress-report-2025,solar,top_priority,90,Solar Dedieselisasi,Sumatera Barat,2027,,MW,,,,,,plan_only,74fb460fd09e76607e3cff308f5ba2754f2ebd91b0c9b7613c1a041e7b361162,"Appendix 1, table 7, printed row 90",Progress Report 2025 priority-project line; plan values are not financing events; raw capacity=0.9 5.4
idn-progress25-solar-091,IDN,idn-jetp-progress-report-2025,solar,priority,91,Solar Pembangkit LISDES,Sumatera Selatan,2027,4.9,MW,,,,,,plan_only,74fb460fd09e76607e3cff308f5ba2754f2ebd91b0c9b7613c1a041e7b361162,"Appendix 1, table 7, printed row 91",Progress Report 2025 priority-project line; plan values are not financing events
idn-progress25-solar-092,IDN,idn-jetp-progress-report-2025,solar,top_priority,92,Solar Dedieselisasi,Bengkulu,2027,0.5,MW,,,,,,plan_only,74fb460fd09e76607e3cff308f5ba2754f2ebd91b0c9b7613c1a041e7b361162,"Appendix 1, table 7, printed row 92",Progress Report 2025 priority-project line; plan values are not financing events
idn-progress25-solar-093,IDN,idn-jetp-progress-report-2025,solar,top_priority,93,Solar Dedieselisasi,Lampung,2027,0.6,MW,,,,,,plan_only,74fb460fd09e76607e3cff308f5ba2754f2ebd91b0c9b7613c1a041e7b361162,"Appendix 1, table 7, printed row 93",Progress Report 2025 priority-project line; plan values are not financing events
idn-progress25-solar-094,IDN,idn-jetp-progress-report-2025,solar,top_priority,94,Solar Dedieselisasi,Kalimantan Barat,2027,21.6,MW,,,,,,plan_only,74fb460fd09e76607e3cff308f5ba2754f2ebd91b0c9b7613c1a041e7b361162,"Appendix 1, table 7, printed row 94",Progress Report 2025 priority-project line; plan values are not financing events
idn-progress25-solar-095,IDN,idn-jetp-progress-report-2025,solar,priority,95,Solar LISDES Kalbar,Kalimantan Barat,2027,15.1,MW,,,,,,plan_only,74fb460fd09e76607e3cff308f5ba2754f2ebd91b0c9b7613c1a041e7b361162,"Appendix 1, table 7, printed row 95",Progress Report 2025 priority-project line; plan values are not financing events
idn-progress25-solar-096,IDN,idn-jetp-progress-report-2025,solar,priority,96,Solar LISDES Kalsel,Kalimantan Selatan,2027,0.6,MW,,,,,,plan_only,74fb460fd09e76607e3cff308f5ba2754f2ebd91b0c9b7613c1a041e7b361162,"Appendix 1, table 7, printed row 96",Progress Report 2025 priority-project line; plan values are not financing events
idn-progress25-solar-097,IDN,idn-jetp-progress-report-2025,solar,priority,97,Solar LISDES Kalteng,Kalimantan Tengah,2027,13.8,MW,,,,,,plan_only,74fb460fd09e76607e3cff308f5ba2754f2ebd91b0c9b7613c1a041e7b361162,"Appendix 1, table 7, printed row 97",Progress Report 2025 priority-project line; plan values are not financing events
idn-progress25-solar-098,IDN,idn-jetp-progress-report-2025,solar,top_priority,98,Solar Dedieselisasi,Kalimantan Tengah,2027,0.8,MW,,,,,,plan_only,74fb460fd09e76607e3cff308f5ba2754f2ebd91b0c9b7613c1a041e7b361162,"Appendix 1, table 7, printed row 98",Progress Report 2025 priority-project line; plan values are not financing events
idn-progress25-solar-099,IDN,idn-jetp-progress-report-2025,solar,priority,99,Solar LISDES Kaltara,Kalimantan Utara,2027,0.9,MW,,,,,,plan_only,74fb460fd09e76607e3cff308f5ba2754f2ebd91b0c9b7613c1a041e7b361162,"Appendix 1, table 7, printed row 99",Progress Report 2025 priority-project line; plan values are not financing events
idn-progress25-solar-100,IDN,idn-jetp-progress-report-2025,solar,priority,100,Solar LISDES,Banten,2027,0.2,MW,,,,,,plan_only,74fb460fd09e76607e3cff308f5ba2754f2ebd91b0c9b7613c1a041e7b361162,"Appendix 1, table 7, printed row 100",Progress Report 2025 priority-project line; plan values are not financing events
idn-progress25-solar-101,IDN,idn-jetp-progress-report-2025,solar,priority,101,Solar Isolated Banten,Banten,2027,0.7,MW,,,,,,plan_only,74fb460fd09e76607e3cff308f5ba2754f2ebd91b0c9b7613c1a041e7b361162,"Appendix 1, table 7, printed row 101",Progress Report 2025 priority-project line; plan values are not financing events
idn-progress25-solar-102,IDN,idn-jetp-progress-report-2025,solar,priority,102,Solar Jawa Tengah (Kuota) III B,Jawa Tengah,2027,50,MW,,,,,,plan_only,74fb460fd09e76607e3cff308f5ba2754f2ebd91b0c9b7613c1a041e7b361162,"Appendix 1, table 7, printed row 102",Progress Report 2025 priority-project line; plan values are not financing events
idn-progress25-solar-103,IDN,idn-jetp-progress-report-2025,solar,priority,103,Solar Jawa Timur (Kuota) I,Jawa Timur,2027,50,MW,,,,,,plan_only,74fb460fd09e76607e3cff308f5ba2754f2ebd91b0c9b7613c1a041e7b361162,"Appendix 1, table 7, printed row 103",Progress Report 2025 priority-project line; plan values are not financing events
idn-progress25-solar-104,IDN,idn-jetp-progress-report-2025,solar,priority,104,Solar Jawa Timur (Kuota) IV B,Jawa Timur,2027,50,MW,,,,,,plan_only,74fb460fd09e76607e3cff308f5ba2754f2ebd91b0c9b7613c1a041e7b361162,"Appendix 1, table 7, printed row 104",Progress Report 2025 priority-project line; plan values are not financing events
idn-progress25-solar-105,IDN,idn-jetp-progress-report-2025,solar,priority,105,Solar Isolated Jatim,Jawa Timur,2027,1.5,MW,,,,,,plan_only,74fb460fd09e76607e3cff308f5ba2754f2ebd91b0c9b7613c1a041e7b361162,"Appendix 1, table 7, printed row 105",Progress Report 2025 priority-project line; plan values are not financing events
idn-progress25-solar-106,IDN,idn-jetp-progress-report-2025,solar,priority,106,Solar LISDES,Jawa Timur,2027,4.88,MW,,,,,,plan_only,74fb460fd09e76607e3cff308f5ba2754f2ebd91b0c9b7613c1a041e7b361162,"Appendix 1, table 7, printed row 106",Progress Report 2025 priority-project line; plan values are not financing events
idn-progress25-solar-107,IDN,idn-jetp-progress-report-2025,solar,priority,107,Solar LISDES,Sulawesi Barat,2027,0.07,MW,,,,,,plan_only,74fb460fd09e76607e3cff308f5ba2754f2ebd91b0c9b7613c1a041e7b361162,"Appendix 1, table 7, printed row 107",Progress Report 2025 priority-project line; plan values are not financing events
idn-progress25-solar-108,IDN,idn-jetp-progress-report-2025,solar,priority,108,Solar+BESS Jawa Barat (Kuota) V A,Jawa Barat,2027,100,MW,,,,,,plan_only,74fb460fd09e76607e3cff308f5ba2754f2ebd91b0c9b7613c1a041e7b361162,"Appendix 1, table 7, printed row 108",Progress Report 2025 priority-project line; plan values are not financing events
idn-progress25-solar-109,IDN,idn-jetp-progress-report-2025,solar,priority,109,Solar+BESS Isolated Jatim,Jawa Timur,2027,0.0075,MW,,,,,,plan_only,74fb460fd09e76607e3cff308f5ba2754f2ebd91b0c9b7613c1a041e7b361162,"Appendix 1, table 7, printed row 109",Progress Report 2025 priority-project line; plan values are not financing events
idn-progress25-solar-110,IDN,idn-jetp-progress-report-2025,solar,priority,110,Solar+BESS Ambon (Kuota) Tersebar,Maluku,2027,30,MW,,,,,,plan_only,74fb460fd09e76607e3cff308f5ba2754f2ebd91b0c9b7613c1a041e7b361162,"Appendix 1, table 7, printed row 110",Progress Report 2025 priority-project line; plan values are not financing events
idn-progress25-solar-111,IDN,idn-jetp-progress-report-2025,solar,priority,111,Solar+BESS LISDES,Maluku,2027,18.23,MW,,,,,,plan_only,74fb460fd09e76607e3cff308f5ba2754f2ebd91b0c9b7613c1a041e7b361162,"Appendix 1, table 7, printed row 111",Progress Report 2025 priority-project line; plan values are not financing events
idn-progress25-solar-112,IDN,idn-jetp-progress-report-2025,solar,top_priority,112,Solar+BESS Dedieselisasi,Maluku,2027,18.08,MW,,,,,,plan_only,74fb460fd09e76607e3cff308f5ba2754f2ebd91b0c9b7613c1a041e7b361162,"Appendix 1, table 7, printed row 112",Progress Report 2025 priority-project line; plan values are not financing events
idn-progress25-solar-113,IDN,idn-jetp-progress-report-2025,solar,priority,113,Solar+BESS Saparua 2,Maluku,2027,5,MW,,,,,,plan_only,74fb460fd09e76607e3cff308f5ba2754f2ebd91b0c9b7613c1a041e7b361162,"Appendix 1, table 7, printed row 113",Progress Report 2025 priority-project line; plan values are not financing events
idn-progress25-solar-114,IDN,idn-jetp-progress-report-2025,solar,priority,114,Solar+BESS LISDES,"Papua, Papua Pegunungan, Papua Tengah, Papua Selatan",2027,2.475,MW,,,,,,plan_only,74fb460fd09e76607e3cff308f5ba2754f2ebd91b0c9b7613c1a041e7b361162,"Appendix 1, table 7, printed row 114",Progress Report 2025 priority-project line; plan values are not financing events
idn-progress25-solar-115,IDN,idn-jetp-progress-report-2025,solar,priority,115,Solar+BESS LISDES Papua Pegunungan,"Papua, Papua Pegunungan, Papua Tengah, Papua Selatan",2027,133.013,MW,,,,,,plan_only,74fb460fd09e76607e3cff308f5ba2754f2ebd91b0c9b7613c1a041e7b361162,"Appendix 1, table 7, printed row 115",Progress Report 2025 priority-project line; plan values are not financing events
idn-progress25-solar-116,IDN,idn-jetp-progress-report-2025,solar,priority,116,Solar+BESS LISDES Papua Tengah,"Papua, Papua Pegunungan, Papua Tengah, Papua Selatan",2027,44.488,MW,,,,,,plan_only,74fb460fd09e76607e3cff308f5ba2754f2ebd91b0c9b7613c1a041e7b361162,"Appendix 1, table 7, printed row 116",Progress Report 2025 priority-project line; plan values are not financing events
idn-progress25-solar-117,IDN,idn-jetp-progress-report-2025,solar,priority,117,Solar+BESS LISDES Papua Selatan,"Papua, Papua Pegunungan, Papua Tengah, Papua Selatan",2027,8.031,MW,,,,,,plan_only,74fb460fd09e76607e3cff308f5ba2754f2ebd91b0c9b7613c1a041e7b361162,"Appendix 1, table 7, printed row 117",Progress Report 2025 priority-project line; plan values are not financing events
idn-progress25-solar-118,IDN,idn-jetp-progress-report-2025,solar,priority,118,Solar+BESS Serui,"Papua, Papua Pegunungan, Papua Tengah, Papua Selatan",2027,5,MW,,,,,,plan_only,74fb460fd09e76607e3cff308f5ba2754f2ebd91b0c9b7613c1a041e7b361162,"Appendix 1, table 7, printed row 118",Progress Report 2025 priority-project line; plan values are not financing events
idn-progress25-solar-119,IDN,idn-jetp-progress-report-2025,solar,priority,119,Solar+BESS Timika,"Papua, Papua Pegunungan, Papua Tengah, Papua Selatan",2027,10,MW,,,,,,plan_only,74fb460fd09e76607e3cff308f5ba2754f2ebd91b0c9b7613c1a041e7b361162,"Appendix 1, table 7, printed row 119",Progress Report 2025 priority-project line; plan values are not financing events
idn-progress25-solar-120,IDN,idn-jetp-progress-report-2025,solar,priority,120,Solar+BESS LISDES Papua Barat,"Papua Barat, Papua Barat Daya",2027,0.381,MW,,,,,,plan_only,74fb460fd09e76607e3cff308f5ba2754f2ebd91b0c9b7613c1a041e7b361162,"Appendix 1, table 7, printed row 120",Progress Report 2025 priority-project line; plan values are not financing events
idn-progress25-solar-121,IDN,idn-jetp-progress-report-2025,solar,priority,121,Solar+BESS LISDES Papua Barat Daya,"Papua Barat, Papua Barat Daya",2027,2.051,MW,,,,,,plan_only,74fb460fd09e76607e3cff308f5ba2754f2ebd91b0c9b7613c1a041e7b361162,"Appendix 1, table 7, printed row 121",Progress Report 2025 priority-project line; plan values are not financing events
idn-progress25-solar-122,IDN,idn-jetp-progress-report-2025,solar,priority,122,Solar+BESS Raja Ampat (Kuota) Tersebar,"Papua Barat, Papua Barat Daya",2027,3,MW,,,,,,plan_only,74fb460fd09e76607e3cff308f5ba2754f2ebd91b0c9b7613c1a041e7b361162,"Appendix 1, table 7, printed row 122",Progress Report 2025 priority-project line; plan values are not financing events
idn-progress25-solar-123,IDN,idn-jetp-progress-report-2025,solar,top_priority,123,Solar+BESS Dedieselisasi,Nusa Tenggara Barat,2027,0.429,MW,,,,,,plan_only,74fb460fd09e76607e3cff308f5ba2754f2ebd91b0c9b7613c1a041e7b361162,"Appendix 1, table 7, printed row 123",Progress Report 2025 priority-project line; plan values are not financing events
idn-progress25-solar-124,IDN,idn-jetp-progress-report-2025,solar,priority,124,Solar+BESS Sumbawa - Bima (Kuota) Tersebar,Nusa Tenggara Barat,2027,50,MW,,,,,,plan_only,74fb460fd09e76607e3cff308f5ba2754f2ebd91b0c9b7613c1a041e7b361162,"Appendix 1, table 7, printed row 124",Progress Report 2025 priority-project line; plan values are not financing events
idn-progress25-solar-125,IDN,idn-jetp-progress-report-2025,solar,priority,125,Solar+BESS Flores (Kuota) Tersebar,Nusa Tenggara Timur,2027,20,MW,,,,,,plan_only,74fb460fd09e76607e3cff308f5ba2754f2ebd91b0c9b7613c1a041e7b361162,"Appendix 1, table 7, printed row 125",Progress Report 2025 priority-project line; plan values are not financing events
idn-progress25-solar-126,IDN,idn-jetp-progress-report-2025,solar,top_priority,126,Solar+BESS Timor (Kuota) Tersebar,Nusa Tenggara Timur,2027,5,MW,,,,,,plan_only,74fb460fd09e76607e3cff308f5ba2754f2ebd91b0c9b7613c1a041e7b361162,"Appendix 1, table 7, printed row 126",Progress Report 2025 priority-project line; plan values are not financing events
idn-progress25-solar-127,IDN,idn-jetp-progress-report-2025,solar,top_priority,127,Solar+BESS Dedieselisasi,Nusa Tenggara Timur,2027,18.54,MW,,,,,,plan_only,74fb460fd09e76607e3cff308f5ba2754f2ebd91b0c9b7613c1a041e7b361162,"Appendix 1, table 7, printed row 127",Progress Report 2025 priority-project line; plan values are not financing events
idn-progress25-solar-128,IDN,idn-jetp-progress-report-2025,solar,top_priority,128,Solar+BESS Timor (Kuota) Tersebar,Nusa Tenggara Timur,2027,5,MW,,,,,,plan_only,74fb460fd09e76607e3cff308f5ba2754f2ebd91b0c9b7613c1a041e7b361162,"Appendix 1, table 7, printed row 128",Progress Report 2025 priority-project line; plan values are not financing events
idn-progress25-solar-129,IDN,idn-jetp-progress-report-2025,solar,priority,129,Solar+BESS Isolated Nusa Tenggara Timur,Nusa Tenggara Timur,2027,2.8,MW,,,,,,plan_only,74fb460fd09e76607e3cff308f5ba2754f2ebd91b0c9b7613c1a041e7b361162,"Appendix 1, table 7, printed row 129",Progress Report 2025 priority-project line; plan values are not financing events
idn-progress25-solar-130,IDN,idn-jetp-progress-report-2025,solar,priority,130,Solar Sinabang (Kuota) Tersebar + BESS,Aceh,2028,2,MW,,,,,,plan_only,74fb460fd09e76607e3cff308f5ba2754f2ebd91b0c9b7613c1a041e7b361162,"Appendix 1, table 7, printed row 130",Progress Report 2025 priority-project line; plan values are not financing events
idn-progress25-solar-131,IDN,idn-jetp-progress-report-2025,solar,priority,131,Solar Isolated Lampung Tersebar,Lampung,2028,0.4,MW,,,,,,plan_only,74fb460fd09e76607e3cff308f5ba2754f2ebd91b0c9b7613c1a041e7b361162,"Appendix 1, table 7, printed row 131",Progress Report 2025 priority-project line; plan values are not financing events
idn-progress25-solar-132,IDN,idn-jetp-progress-report-2025,solar,priority,132,Solar Kalbar,Kalimantan Barat,2028,50,MW,,,,,,plan_only,74fb460fd09e76607e3cff308f5ba2754f2ebd91b0c9b7613c1a041e7b361162,"Appendix 1, table 7, printed row 132",Progress Report 2025 priority-project line; plan values are not financing events
idn-progress25-solar-133,IDN,idn-jetp-progress-report-2025,solar,priority,133,Solar Banten (Kuota) IV A,Banten,2028,50,MW,,,,,,plan_only,74fb460fd09e76607e3cff308f5ba2754f2ebd91b0c9b7613c1a041e7b361162,"Appendix 1, table 7, printed row 133",Progress Report 2025 priority-project line; plan values are not financing events
idn-progress25-solar-134,IDN,idn-jetp-progress-report-2025,solar,priority,134,Solar Banten (Kuota) VI,Banten,2028,40,MW,,,,,,plan_only,74fb460fd09e76607e3cff308f5ba2754f2ebd91b0c9b7613c1a041e7b361162,"Appendix 1, table 7, printed row 134",Progress Report 2025 priority-project line; plan values are not financing events
idn-progress25-solar-135,IDN,idn-jetp-progress-report-2025,solar,priority,135,Solar Jawa Barat (Kuota) VII,Jawa Barat,2028,40,MW,,,,,,plan_only,74fb460fd09e76607e3cff308f5ba2754f2ebd91b0c9b7613c1a041e7b361162,"Appendix 1, table 7, printed row 135",Progress Report 2025 priority-project line; plan values are not financing events
idn-progress25-solar-136,IDN,idn-jetp-progress-report-2025,solar,priority,136,Solar Jawa Tengah (Kuota) III A,Jawa Tengah,2028,50,MW,,,,,,plan_only,74fb460fd09e76607e3cff308f5ba2754f2ebd91b0c9b7613c1a041e7b361162,"Appendix 1, table 7, printed row 136",Progress Report 2025 priority-project line; plan values are not financing events
idn-progress25-solar-137,IDN,idn-jetp-progress-report-2025,solar,priority,137,Solar Jawa Timur (Kuota) IV C,Jawa Timur,2028,50,MW,,,,,,plan_only,74fb460fd09e76607e3cff308f5ba2754f2ebd91b0c9b7613c1a041e7b361162,"Appendix 1, table 7, printed row 137",Progress Report 2025 priority-project line; plan values are not financing events
idn-progress25-solar-138,IDN,idn-jetp-progress-report-2025,solar,priority,138,Solar+BESS Jawa Barat (Kuota) V B,Jawa Barat,2028,80,MW,,,,,,plan_only,74fb460fd09e76607e3cff308f5ba2754f2ebd91b0c9b7613c1a041e7b361162,"Appendix 1, table 7, printed row 138",Progress Report 2025 priority-project line; plan values are not financing events
idn-progress25-solar-139,IDN,idn-jetp-progress-report-2025,solar,priority,139,Solar+BESS Jawa Timur (Kuota) V,Jawa Timur,2028,100,MW,,,,,,plan_only,74fb460fd09e76607e3cff308f5ba2754f2ebd91b0c9b7613c1a041e7b361162,"Appendix 1, table 7, printed row 139",Progress Report 2025 priority-project line; plan values are not financing events
idn-progress25-solar-140,IDN,idn-jetp-progress-report-2025,solar,priority,140,Solar+BESS Jawa Timur (Kuota) IV A,Jawa Timur,2028,100,MW,,,,,,plan_only,74fb460fd09e76607e3cff308f5ba2754f2ebd91b0c9b7613c1a041e7b361162,"Appendix 1, table 7, printed row 140",Progress Report 2025 priority-project line; plan values are not financing events
idn-progress25-solar-141,IDN,idn-jetp-progress-report-2025,solar,priority,141,Solar+BESS Isolated Jatim,Jawa Timur,2028,3,MW,,,,,,plan_only,74fb460fd09e76607e3cff308f5ba2754f2ebd91b0c9b7613c1a041e7b361162,"Appendix 1, table 7, printed row 141",Progress Report 2025 priority-project line; plan values are not financing events
idn-progress25-solar-142,IDN,idn-jetp-progress-report-2025,solar,priority,142,Solar+BESS Isolated Jatim,Jawa Timur,2028,3,MW,,,,,,plan_only,74fb460fd09e76607e3cff308f5ba2754f2ebd91b0c9b7613c1a041e7b361162,"Appendix 1, table 7, printed row 142",Progress Report 2025 priority-project line; plan values are not financing events
idn-progress25-solar-143,IDN,idn-jetp-progress-report-2025,solar,priority,143,Solar + BESS Isolated Bali,Bali,2028,3.5,MW,,,,,,plan_only,74fb460fd09e76607e3cff308f5ba2754f2ebd91b0c9b7613c1a041e7b361162,"Appendix 1, table 7, printed row 143",Progress Report 2025 priority-project line; plan values are not financing events
idn-progress25-solar-144,IDN,idn-jetp-progress-report-2025,solar,priority,144,Solar+BESS Isolated Maluku,Maluku,2028,10.797,MW,,,,,,plan_only,74fb460fd09e76607e3cff308f5ba2754f2ebd91b0c9b7613c1a041e7b361162,"Appendix 1, table 7, printed row 144",Progress Report 2025 priority-project line; plan values are not financing events
idn-progress25-solar-145,IDN,idn-jetp-progress-report-2025,solar,priority,145,Solar+Battery Halmahera (Kuota) Tersebar,Maluku Utara,2028,100,MW,,,,,,plan_only,74fb460fd09e76607e3cff308f5ba2754f2ebd91b0c9b7613c1a041e7b361162,"Appendix 1, table 7, printed row 145",Progress Report 2025 priority-project line; plan values are not financing events
idn-progress25-solar-146,IDN,idn-jetp-progress-report-2025,solar,priority,146,Solar+BESS Biak (Kuota Tersebar),"Papua, Papua Pegunungan, Papua Tengah, Papua Selatan",2028,10,MW,,,,,,plan_only,74fb460fd09e76607e3cff308f5ba2754f2ebd91b0c9b7613c1a041e7b361162,"Appendix 1, table 7, printed row 146",Progress Report 2025 priority-project line; plan values are not financing events
idn-progress25-solar-147,IDN,idn-jetp-progress-report-2025,solar,priority,147,Solar+BESS Isolated Papua,"Papua, Papua Pegunungan, Papua Tengah, Papua Selatan",2028,3.186,MW,,,,,,plan_only,74fb460fd09e76607e3cff308f5ba2754f2ebd91b0c9b7613c1a041e7b361162,"Appendix 1, table 7, printed row 147",Progress Report 2025 priority-project line; plan values are not financing events
idn-progress25-solar-148,IDN,idn-jetp-progress-report-2025,solar,priority,148,Solar+BESS Isolated Papua Selatan,"Papua, Papua Pegunungan, Papua Tengah, Papua Selatan",2028,4.3248,MW,,,,,,plan_only,74fb460fd09e76607e3cff308f5ba2754f2ebd91b0c9b7613c1a041e7b361162,"Appendix 1, table 7, printed row 148",Progress Report 2025 priority-project line; plan values are not financing events
idn-progress25-solar-149,IDN,idn-jetp-progress-report-2025,solar,priority,149,Solar+BESS Isolated Papua Tengah,"Papua, Papua Pegunungan, Papua Tengah, Papua Selatan",2028,8.04,MW,,,,,,plan_only,74fb460fd09e76607e3cff308f5ba2754f2ebd91b0c9b7613c1a041e7b361162,"Appendix 1, table 7, printed row 149",Progress Report 2025 priority-project line; plan values are not financing events
idn-progress25-solar-150,IDN,idn-jetp-progress-report-2025,solar,priority,150,Solar+BESS Isolated Papua Pegunungan,"Papua, Papua Pegunungan, Papua Tengah, Papua Selatan",2028,0.62,MW,,,,,,plan_only,74fb460fd09e76607e3cff308f5ba2754f2ebd91b0c9b7613c1a041e7b361162,"Appendix 1, table 7, printed row 150",Progress Report 2025 priority-project line; plan values are not financing events
idn-progress25-solar-151,IDN,idn-jetp-progress-report-2025,solar,priority,151,Solar+BESS Jayapura (Kuota) Tersebar,"Papua, Papua Pegunungan, Papua Tengah, Papua Selatan",2028,50,MW,,,,,,plan_only,74fb460fd09e76607e3cff308f5ba2754f2ebd91b0c9b7613c1a041e7b361162,"Appendix 1, table 7, printed row 151",Progress Report 2025 priority-project line; plan values are not financing events
idn-progress25-solar-152,IDN,idn-jetp-progress-report-2025,solar,priority,152,Solar+BESS Merauke (Kuota) Tersebar,"Papua, Papua Pegunungan, Papua Tengah, Papua Selatan",2028,10,MW,,,,,,plan_only,74fb460fd09e76607e3cff308f5ba2754f2ebd91b0c9b7613c1a041e7b361162,"Appendix 1, table 7, printed row 152",Progress Report 2025 priority-project line; plan values are not financing events
idn-progress25-solar-153,IDN,idn-jetp-progress-report-2025,solar,priority,153,Solar+BESS Nabire (Kuora) Tersebar,"Papua, Papua Pegunungan, Papua Tengah, Papua Selatan",2028,10,MW,,,,,,plan_only,74fb460fd09e76607e3cff308f5ba2754f2ebd91b0c9b7613c1a041e7b361162,"Appendix 1, table 7, printed row 153",Progress Report 2025 priority-project line; plan values are not financing events
idn-progress25-solar-154,IDN,idn-jetp-progress-report-2025,solar,priority,154,Solar+BESS Timika (Kuota) Tersebar,"Papua, Papua Pegunungan, Papua Tengah, Papua Selatan",2028,20,MW,,,,,,plan_only,74fb460fd09e76607e3cff308f5ba2754f2ebd91b0c9b7613c1a041e7b361162,"Appendix 1, table 7, printed row 154",Progress Report 2025 priority-project line; plan values are not financing events
idn-progress25-solar-155,IDN,idn-jetp-progress-report-2025,solar,priority,155,Solar+BESS Bintuni (Kuota) Tersebar,"Papua Barat, Papua Barat Daya",2028,5,MW,,,,,,plan_only,74fb460fd09e76607e3cff308f5ba2754f2ebd91b0c9b7613c1a041e7b361162,"Appendix 1, table 7, printed row 155",Progress Report 2025 priority-project line; plan values are not financing events
idn-progress25-solar-156,IDN,idn-jetp-progress-report-2025,solar,priority,156,Solar+BESS Fak-Fak (Kuota) Tersebar,"Papua Barat, Papua Barat Daya",2028,5,MW,,,,,,plan_only,74fb460fd09e76607e3cff308f5ba2754f2ebd91b0c9b7613c1a041e7b361162,"Appendix 1, table 7, printed row 156",Progress Report 2025 priority-project line; plan values are not financing events
idn-progress25-solar-157,IDN,idn-jetp-progress-report-2025,solar,priority,157,Solar+BESS Isolated Papua Barat,"Papua Barat, Papua Barat Daya",2028,0.739,MW,,,,,,plan_only,74fb460fd09e76607e3cff308f5ba2754f2ebd91b0c9b7613c1a041e7b361162,"Appendix 1, table 7, printed row 157",Progress Report 2025 priority-project line; plan values are not financing events
idn-progress25-solar-158,IDN,idn-jetp-progress-report-2025,solar,priority,158,Solar+BESS Isolated Papua Barat Daya,"Papua Barat, Papua Barat Daya",2028,2.97561,MW,,,,,,plan_only,74fb460fd09e76607e3cff308f5ba2754f2ebd91b0c9b7613c1a041e7b361162,"Appendix 1, table 7, printed row 158",Progress Report 2025 priority-project line; plan values are not financing events
idn-progress25-solar-159,IDN,idn-jetp-progress-report-2025,solar,priority,159,Solar+BESS Manokwari,"Papua Barat, Papua Barat Daya",2028,15,MW,,,,,,plan_only,74fb460fd09e76607e3cff308f5ba2754f2ebd91b0c9b7613c1a041e7b361162,"Appendix 1, table 7, printed row 159",Progress Report 2025 priority-project line; plan values are not financing events
idn-progress25-solar-160,IDN,idn-jetp-progress-report-2025,solar,priority,160,Solar+BESS Sorong (Kuota) Tersebar,"Papua Barat, Papua Barat Daya",2028,20,MW,,,,,,plan_only,74fb460fd09e76607e3cff308f5ba2754f2ebd91b0c9b7613c1a041e7b361162,"Appendix 1, table 7, printed row 160",Progress Report 2025 priority-project line; plan values are not financing events
idn-progress25-solar-161,IDN,idn-jetp-progress-report-2025,solar,priority,161,Solar+BESS Teminabuan (Kuota) Tersebar,"Papua Barat, Papua Barat Daya",2028,3,MW,,,,,,plan_only,74fb460fd09e76607e3cff308f5ba2754f2ebd91b0c9b7613c1a041e7b361162,"Appendix 1, table 7, printed row 161",Progress Report 2025 priority-project line; plan values are not financing events
idn-progress25-solar-162,IDN,idn-jetp-progress-report-2025,solar,priority,162,Solar+BESS Lombok (Kuota) Tersebar,Nusa Tenggara Barat,2028,20,MW,,,,,,plan_only,74fb460fd09e76607e3cff308f5ba2754f2ebd91b0c9b7613c1a041e7b361162,"Appendix 1, table 7, printed row 162",Progress Report 2025 priority-project line; plan values are not financing events
idn-progress25-solar-163,IDN,idn-jetp-progress-report-2025,solar,priority,163,Solar+BESS Sumbawa - Bima (Kuota) Tersebar,Nusa Tenggara Barat,2028,10,MW,,,,,,plan_only,74fb460fd09e76607e3cff308f5ba2754f2ebd91b0c9b7613c1a041e7b361162,"Appendix 1, table 7, printed row 163",Progress Report 2025 priority-project line; plan values are not financing events
idn-progress25-solar-164,IDN,idn-jetp-progress-report-2025,solar,priority,164,Solar+BESS Rote,Nusa Tenggara Timur,2028,1,MW,,,,,,plan_only,74fb460fd09e76607e3cff308f5ba2754f2ebd91b0c9b7613c1a041e7b361162,"Appendix 1, table 7, printed row 164",Progress Report 2025 priority-project line; plan values are not financing events
idn-progress25-solar-165,IDN,idn-jetp-progress-report-2025,solar,priority,165,Solar+BESS Timor (Kuota) Tersebar,Nusa Tenggara Timur,2028,10,MW,,,,,,plan_only,74fb460fd09e76607e3cff308f5ba2754f2ebd91b0c9b7613c1a041e7b361162,"Appendix 1, table 7, printed row 165",Progress Report 2025 priority-project line; plan values are not financing events
idn-progress25-solar-166,IDN,idn-jetp-progress-report-2025,solar,priority,166,Solar+BESS Isolated Nusa Tenggara Timur,Nusa Tenggara Timur,2028,37,MW,,,,,,plan_only,74fb460fd09e76607e3cff308f5ba2754f2ebd91b0c9b7613c1a041e7b361162,"Appendix 1, table 7, printed row 166",Progress Report 2025 priority-project line; plan values are not financing events
idn-progress25-solar-167,IDN,idn-jetp-progress-report-2025,solar,priority,167,Solar Isolated Sumut Tersebar,Sumatera Utara,2029,2.76,MW,,,,,,plan_only,74fb460fd09e76607e3cff308f5ba2754f2ebd91b0c9b7613c1a041e7b361162,"Appendix 1, table 7, printed row 167",Progress Report 2025 priority-project line; plan values are not financing events
idn-progress25-solar-168,IDN,idn-jetp-progress-report-2025,solar,priority,168,Solar Belitung (Kuota Tersebar),Bangka Belitung,2029,10,MW,,,,,,plan_only,74fb460fd09e76607e3cff308f5ba2754f2ebd91b0c9b7613c1a041e7b361162,"Appendix 1, table 7, printed row 168",Progress Report 2025 priority-project line; plan values are not financing events
idn-progress25-solar-169,IDN,idn-jetp-progress-report-2025,solar,priority,169,Solar PLTS BESS Sumatera 1,Lampung,2029,236,MW,,,,,,plan_only,74fb460fd09e76607e3cff308f5ba2754f2ebd91b0c9b7613c1a041e7b361162,"Appendix 1, table 7, printed row 169",Progress Report 2025 priority-project line; plan values are not financing events
idn-progress25-solar-170,IDN,idn-jetp-progress-report-2025,solar,priority,170,Solar Isolated Lampung Tersebar,Lampung,2029,0.2,MW,,,,,,plan_only,74fb460fd09e76607e3cff308f5ba2754f2ebd91b0c9b7613c1a041e7b361162,"Appendix 1, table 7, printed row 170",Progress Report 2025 priority-project line; plan values are not financing events
idn-progress25-solar-171,IDN,idn-jetp-progress-report-2025,solar,priority,171,Solar+BESS Isolated Jatim,Jawa Timur,2029,3,MW,,,,,,plan_only,74fb460fd09e76607e3cff308f5ba2754f2ebd91b0c9b7613c1a041e7b361162,"Appendix 1, table 7, printed row 171",Progress Report 2025 priority-project line; plan values are not financing events
idn-progress25-solar-172,IDN,idn-jetp-progress-report-2025,solar,priority,172,Solar+BESS Ambon (Kuota) Tersebar,Maluku,2029,10,MW,,,,,,plan_only,74fb460fd09e76607e3cff308f5ba2754f2ebd91b0c9b7613c1a041e7b361162,"Appendix 1, table 7, printed row 172",Progress Report 2025 priority-project line; plan values are not financing events
idn-progress25-solar-173,IDN,idn-jetp-progress-report-2025,solar,priority,173,Solar+Battery Halmahera (Kuota) Tersebar,Maluku Utara,2029,50,MW,,,,,,plan_only,74fb460fd09e76607e3cff308f5ba2754f2ebd91b0c9b7613c1a041e7b361162,"Appendix 1, table 7, printed row 173",Progress Report 2025 priority-project line; plan values are not financing events
idn-progress25-solar-174,IDN,idn-jetp-progress-report-2025,solar,priority,174,Solar+BESS Sumbawa - Bima (Kuota) Tersebar,Nusa Tenggara Barat,2029,50,MW,,,,,,plan_only,74fb460fd09e76607e3cff308f5ba2754f2ebd91b0c9b7613c1a041e7b361162,"Appendix 1, table 7, printed row 174",Progress Report 2025 priority-project line; plan values are not financing events
idn-progress25-solar-175,IDN,idn-jetp-progress-report-2025,solar,priority,175,Solar+BESS Isolated Nusa Tenggara Timur,Nusa Tenggara Timur,2029,6.7,MW,,,,,,plan_only,74fb460fd09e76607e3cff308f5ba2754f2ebd91b0c9b7613c1a041e7b361162,"Appendix 1, table 7, printed row 175",Progress Report 2025 priority-project line; plan values are not financing events
idn-progress25-solar-176,IDN,idn-jetp-progress-report-2025,solar,priority,176,Solar Isolated Babel Tersebar,Bangka Belitung,2030,0.69,MW,,,,,,plan_only,74fb460fd09e76607e3cff308f5ba2754f2ebd91b0c9b7613c1a041e7b361162,"Appendix 1, table 7, printed row 176",Progress Report 2025 priority-project line; plan values are not financing events
idn-progress25-solar-177,IDN,idn-jetp-progress-report-2025,solar,priority,177,Solar Isolated Sumbar Tersebar,Sumatera Barat,2030,5.1,MW,,,,,,plan_only,74fb460fd09e76607e3cff308f5ba2754f2ebd91b0c9b7613c1a041e7b361162,"Appendix 1, table 7, printed row 177",Progress Report 2025 priority-project line; plan values are not financing events
idn-progress25-solar-178,IDN,idn-jetp-progress-report-2025,solar,priority,178,Solar PLTS BESS Sumatera 3,Lampung,2030,150,MW,,,,,,plan_only,74fb460fd09e76607e3cff308f5ba2754f2ebd91b0c9b7613c1a041e7b361162,"Appendix 1, table 7, printed row 178",Progress Report 2025 priority-project line; plan values are not financing events
idn-progress25-solar-179,IDN,idn-jetp-progress-report-2025,solar,priority,179,Solar Isolated Kalsel,Kalimantan Selatan,2030,0.8,MW,,,,,,plan_only,74fb460fd09e76607e3cff308f5ba2754f2ebd91b0c9b7613c1a041e7b361162,"Appendix 1, table 7, printed row 179",Progress Report 2025 priority-project line; plan values are not financing events
idn-progress25-solar-180,IDN,idn-jetp-progress-report-2025,solar,priority,180,Solar Isolated Kalteng,Kalimantan Tengah,2030,0.2,MW,,,,,,plan_only,74fb460fd09e76607e3cff308f5ba2754f2ebd91b0c9b7613c1a041e7b361162,"Appendix 1, table 7, printed row 180",Progress Report 2025 priority-project line; plan values are not financing events
idn-progress25-solar-181,IDN,idn-jetp-progress-report-2025,solar,priority,181,Solar Isolated Kaltara,Kalimantan Utara,2030,5.1,MW,,,,,,plan_only,74fb460fd09e76607e3cff308f5ba2754f2ebd91b0c9b7613c1a041e7b361162,"Appendix 1, table 7, printed row 181",Progress Report 2025 priority-project line; plan values are not financing events
idn-progress25-solar-182,IDN,idn-jetp-progress-report-2025,solar,priority,182,Solar Banten (Kuota) IV C,Banten,2030,50,MW,,,,,,plan_only,74fb460fd09e76607e3cff308f5ba2754f2ebd91b0c9b7613c1a041e7b361162,"Appendix 1, table 7, printed row 182",Progress Report 2025 priority-project line; plan values are not financing events
idn-progress25-solar-183,IDN,idn-jetp-progress-report-2025,solar,priority,183,Solar Banten (Kuota) IV B,Banten,2030,50,MW,,,,,,plan_only,74fb460fd09e76607e3cff308f5ba2754f2ebd91b0c9b7613c1a041e7b361162,"Appendix 1, table 7, printed row 183",Progress Report 2025 priority-project line; plan values are not financing events
idn-progress25-solar-184,IDN,idn-jetp-progress-report-2025,solar,priority,184,Solar Banten (Kuota) VII,Banten,2030,50,MW,,,,,,plan_only,74fb460fd09e76607e3cff308f5ba2754f2ebd91b0c9b7613c1a041e7b361162,"Appendix 1, table 7, printed row 184",Progress Report 2025 priority-project line; plan values are not financing events
idn-progress25-solar-185,IDN,idn-jetp-progress-report-2025,solar,priority,185,Solar Jawa Barat (Kuota) VI A,Jawa Barat,2030,100,MW,,,,,,plan_only,74fb460fd09e76607e3cff308f5ba2754f2ebd91b0c9b7613c1a041e7b361162,"Appendix 1, table 7, printed row 185",Progress Report 2025 priority-project line; plan values are not financing events
idn-progress25-solar-186,IDN,idn-jetp-progress-report-2025,solar,priority,186,Solar Jawa Barat (Kuota) II A,Jawa Barat,2030,60,MW,,,,,,plan_only,74fb460fd09e76607e3cff308f5ba2754f2ebd91b0c9b7613c1a041e7b361162,"Appendix 1, table 7, printed row 186",Progress Report 2025 priority-project line; plan values are not financing events
idn-progress25-solar-187,IDN,idn-jetp-progress-report-2025,solar,priority,187,Solar Jawa Barat (Kuota) VIII,Jawa Barat,2030,40,MW,,,,,,plan_only,74fb460fd09e76607e3cff308f5ba2754f2ebd91b0c9b7613c1a041e7b361162,"Appendix 1, table 7, printed row 187",Progress Report 2025 priority-project line; plan values are not financing events
idn-progress25-solar-188,IDN,idn-jetp-progress-report-2025,solar,priority,188,Solar Jawa Barat (Kuota) III B,Jawa Barat,2030,40,MW,,,,,,plan_only,74fb460fd09e76607e3cff308f5ba2754f2ebd91b0c9b7613c1a041e7b361162,"Appendix 1, table 7, printed row 188",Progress Report 2025 priority-project line; plan values are not financing events
idn-progress25-solar-189,IDN,idn-jetp-progress-report-2025,solar,priority,189,Solar Isolated Jateng,Jawa Tengah,2030,3.6,MW,,,,,,plan_only,74fb460fd09e76607e3cff308f5ba2754f2ebd91b0c9b7613c1a041e7b361162,"Appendix 1, table 7, printed row 189",Progress Report 2025 priority-project line; plan values are not financing events
idn-progress25-solar-190,IDN,idn-jetp-progress-report-2025,solar,priority,190,Solar Jawa Timur (Kuota) VI,Jawa Timur,2030,50,MW,,,,,,plan_only,74fb460fd09e76607e3cff308f5ba2754f2ebd91b0c9b7613c1a041e7b361162,"Appendix 1, table 7, printed row 190",Progress Report 2025 priority-project line; plan values are not financing events
idn-progress25-solar-191,IDN,idn-jetp-progress-report-2025,solar,priority,191,Solar+BESS Banten (Kuota) III,Banten,2030,80,MW,,,,,,plan_only,74fb460fd09e76607e3cff308f5ba2754f2ebd91b0c9b7613c1a041e7b361162,"Appendix 1, table 7, printed row 191",Progress Report 2025 priority-project line; plan values are not financing events
idn-progress25-solar-192,IDN,idn-jetp-progress-report-2025,solar,priority,192,Solar+BESS Jawa Tengah (Kuota) III C,Jawa Tengah,2030,90,MW,,,,,,plan_only,74fb460fd09e76607e3cff308f5ba2754f2ebd91b0c9b7613c1a041e7b361162,"Appendix 1, table 7, printed row 192",Progress Report 2025 priority-project line; plan values are not financing events
idn-progress25-solar-193,IDN,idn-jetp-progress-report-2025,solar,priority,193,Solar+BESS Bula,Maluku,2030,5,MW,,,,,,plan_only,74fb460fd09e76607e3cff308f5ba2754f2ebd91b0c9b7613c1a041e7b361162,"Appendix 1, table 7, printed row 193",Progress Report 2025 priority-project line; plan values are not financing events
idn-progress25-solar-194,IDN,idn-jetp-progress-report-2025,solar,priority,194,Solar+BESS Jayapura (Kuota) Tersebar,"Papua, Papua Pegunungan, Papua Tengah, Papua Selatan",2030,50,MW,,,,,,plan_only,74fb460fd09e76607e3cff308f5ba2754f2ebd91b0c9b7613c1a041e7b361162,"Appendix 1, table 7, printed row 194",Progress Report 2025 priority-project line; plan values are not financing events
idn-progress25-solar-195,IDN,idn-jetp-progress-report-2025,solar,priority,195,Solar+BESS Merauke (Kuota) Tersebar,"Papua, Papua Pegunungan, Papua Tengah, Papua Selatan",2030,10,MW,,,,,,plan_only,74fb460fd09e76607e3cff308f5ba2754f2ebd91b0c9b7613c1a041e7b361162,"Appendix 1, table 7, printed row 195",Progress Report 2025 priority-project line; plan values are not financing events
idn-progress25-solar-196,IDN,idn-jetp-progress-report-2025,solar,priority,196,Solar+BESS Sorong (Kuota) Tersebar,"Papua Barat, Papua Barat Daya",2030,20,MW,,,,,,plan_only,74fb460fd09e76607e3cff308f5ba2754f2ebd91b0c9b7613c1a041e7b361162,"Appendix 1, table 7, printed row 196",Progress Report 2025 priority-project line; plan values are not financing events
idn-progress25-solar-197,IDN,idn-jetp-progress-report-2025,solar,priority,197,Solar+BESS Lombok (Kuota) Tersebar,Nusa Tenggara Barat,2030,30,MW,,,,,,plan_only,74fb460fd09e76607e3cff308f5ba2754f2ebd91b0c9b7613c1a041e7b361162,"Appendix 1, table 7, printed row 197",Progress Report 2025 priority-project line; plan values are not financing events
idn-progress25-solar-198,IDN,idn-jetp-progress-report-2025,solar,priority,198,Solar+BESS Isolated Nusa Tenggara Barat,Nusa Tenggara Barat,2030,5.983,MW,,,,,,plan_only,74fb460fd09e76607e3cff308f5ba2754f2ebd91b0c9b7613c1a041e7b361162,"Appendix 1, table 7, printed row 198",Progress Report 2025 priority-project line; plan values are not financing events
idn-progress25-solar-199,IDN,idn-jetp-progress-report-2025,solar,priority,199,Solar+BESS Kalabahi (Kuota) Tersebar,Nusa Tenggara Timur,2030,1,MW,,,,,,plan_only,74fb460fd09e76607e3cff308f5ba2754f2ebd91b0c9b7613c1a041e7b361162,"Appendix 1, table 7, printed row 199",Progress Report 2025 priority-project line; plan values are not financing events
idn-progress25-solar-200,IDN,idn-jetp-progress-report-2025,solar,priority,200,Solar+BESS Flores (Kuota) Tersebar,Nusa Tenggara Timur,2030,10,MW,,,,,,plan_only,74fb460fd09e76607e3cff308f5ba2754f2ebd91b0c9b7613c1a041e7b361162,"Appendix 1, table 7, printed row 200",Progress Report 2025 priority-project line; plan values are not financing events
idn-progress25-solar-201,IDN,idn-jetp-progress-report-2025,solar,priority,201,Solar Isolated Aceh Tersebar,Aceh,2031,2.08,MW,,,,,,plan_only,74fb460fd09e76607e3cff308f5ba2754f2ebd91b0c9b7613c1a041e7b361162,"Appendix 1, table 7, printed row 201",Progress Report 2025 priority-project line; plan values are not financing events
idn-progress25-solar-202,IDN,idn-jetp-progress-report-2025,solar,priority,202,Solar Isolated Lampung Tersebar,Lampung,2031,0.6,MW,,,,,,plan_only,74fb460fd09e76607e3cff308f5ba2754f2ebd91b0c9b7613c1a041e7b361162,"Appendix 1, table 7, printed row 202",Progress Report 2025 priority-project line; plan values are not financing events
idn-progress25-solar-203,IDN,idn-jetp-progress-report-2025,solar,priority,203,Solar Jawa Barat (Kuota) VI B,Jawa Barat,2031,40,MW,,,,,,plan_only,74fb460fd09e76607e3cff308f5ba2754f2ebd91b0c9b7613c1a041e7b361162,"Appendix 1, table 7, printed row 203",Progress Report 2025 priority-project line; plan values are not financing events
idn-progress25-solar-204,IDN,idn-jetp-progress-report-2025,solar,priority,204,Solar Jawa Tengah (Kuota) V,Jawa Tengah,2031,40,MW,,,,,,plan_only,74fb460fd09e76607e3cff308f5ba2754f2ebd91b0c9b7613c1a041e7b361162,"Appendix 1, table 7, printed row 204",Progress Report 2025 priority-project line; plan values are not financing events
idn-progress25-solar-205,IDN,idn-jetp-progress-report-2025,solar,priority,205,Solar+BESS Jawa Tengah (Kuota) I,Jawa Tengah,2031,50,MW,,,,,,plan_only,74fb460fd09e76607e3cff308f5ba2754f2ebd91b0c9b7613c1a041e7b361162,"Appendix 1, table 7, printed row 205",Progress Report 2025 priority-project line; plan values are not financing events
idn-progress25-solar-206,IDN,idn-jetp-progress-report-2025,solar,priority,206,Solar+BESS Sarmi,"Papua, Papua Pegunungan, Papua Tengah, Papua Selatan",2031,5,MW,,,,,,plan_only,74fb460fd09e76607e3cff308f5ba2754f2ebd91b0c9b7613c1a041e7b361162,"Appendix 1, table 7, printed row 206",Progress Report 2025 priority-project line; plan values are not financing events
idn-progress25-solar-207,IDN,idn-jetp-progress-report-2025,solar,priority,207,Solar+BESS Manokwari (Kuota) Tersebar,"Papua Barat, Papua Barat Daya",2031,10,MW,,,,,,plan_only,74fb460fd09e76607e3cff308f5ba2754f2ebd91b0c9b7613c1a041e7b361162,"Appendix 1, table 7, printed row 207",Progress Report 2025 priority-project line; plan values are not financing events
idn-progress25-solar-208,IDN,idn-jetp-progress-report-2025,solar,priority,208,Solar+BESS Sumbawa - Bima (Kuota) Tersebar,Nusa Tenggara Barat,2031,50,MW,,,,,,plan_only,74fb460fd09e76607e3cff308f5ba2754f2ebd91b0c9b7613c1a041e7b361162,"Appendix 1, table 7, printed row 208",Progress Report 2025 priority-project line; plan values are not financing events
idn-progress25-solar-209,IDN,idn-jetp-progress-report-2025,solar,priority,209,Solar+BESS Sumba,Nusa Tenggara Timur,2031,5,MW,,,,,,plan_only,74fb460fd09e76607e3cff308f5ba2754f2ebd91b0c9b7613c1a041e7b361162,"Appendix 1, table 7, printed row 209",Progress Report 2025 priority-project line; plan values are not financing events
idn-progress25-solar-210,IDN,idn-jetp-progress-report-2025,solar,priority,210,Solar+BESS Sumba,Nusa Tenggara Timur,2031,5,MW,,,,,,plan_only,74fb460fd09e76607e3cff308f5ba2754f2ebd91b0c9b7613c1a041e7b361162,"Appendix 1, table 7, printed row 210",Progress Report 2025 priority-project line; plan values are not financing events
idn-progress25-solar-211,IDN,idn-jetp-progress-report-2025,solar,priority,211,Solar+BESS Isolated Nusa Tenggara Timur,Nusa Tenggara Timur,2031,4,MW,,,,,,plan_only,74fb460fd09e76607e3cff308f5ba2754f2ebd91b0c9b7613c1a041e7b361162,"Appendix 1, table 7, printed row 211",Progress Report 2025 priority-project line; plan values are not financing events
idn-progress25-solar-212,IDN,idn-jetp-progress-report-2025,solar,priority,212,Solar MT Hybrid Kalselteng 4,Kalimantan Tengah,2032,40,MW,,,,,,plan_only,74fb460fd09e76607e3cff308f5ba2754f2ebd91b0c9b7613c1a041e7b361162,"Appendix 1, table 7, printed row 212",Progress Report 2025 priority-project line; plan values are not financing events
idn-progress25-solar-213,IDN,idn-jetp-progress-report-2025,solar,priority,213,Solar+BESS Timor (Kuota) Tersebar,Nusa Tenggara Timur,2032,20,MW,,,,,,plan_only,74fb460fd09e76607e3cff308f5ba2754f2ebd91b0c9b7613c1a041e7b361162,"Appendix 1, table 7, printed row 213",Progress Report 2025 priority-project line; plan values are not financing events
idn-progress25-solar-214,IDN,idn-jetp-progress-report-2025,solar,priority,214,Solar PLTS BESS Sumatera 2,Aceh,2033,302,MW,,,,,,plan_only,74fb460fd09e76607e3cff308f5ba2754f2ebd91b0c9b7613c1a041e7b361162,"Appendix 1, table 7, printed row 214",Progress Report 2025 priority-project line; plan values are not financing events
idn-progress25-solar-215,IDN,idn-jetp-progress-report-2025,solar,priority,215,Solar Isolated Aceh Tersebar,Aceh,2033,3.58,MW,,,,,,plan_only,74fb460fd09e76607e3cff308f5ba2754f2ebd91b0c9b7613c1a041e7b361162,"Appendix 1, table 7, printed row 215",Progress Report 2025 priority-project line; plan values are not financing events
idn-progress25-solar-216,IDN,idn-jetp-progress-report-2025,solar,priority,216,Solar Isolated Sumut Tersebar,Sumatera Utara,2033,3.68,MW,,,,,,plan_only,74fb460fd09e76607e3cff308f5ba2754f2ebd91b0c9b7613c1a041e7b361162,"Appendix 1, table 7, printed row 216",Progress Report 2025 priority-project line; plan values are not financing events
idn-progress25-solar-217,IDN,idn-jetp-progress-report-2025,solar,priority,217,Solar Isolated Riau Tersebar,Riau,2033,3.57,MW,,,,,,plan_only,74fb460fd09e76607e3cff308f5ba2754f2ebd91b0c9b7613c1a041e7b361162,"Appendix 1, table 7, printed row 217",Progress Report 2025 priority-project line; plan values are not financing events
idn-progress25-solar-218,IDN,idn-jetp-progress-report-2025,solar,priority,218,Solar Belitung (Kuota Tersebar),Bangka Belitung,2033,12,MW,,,,,,plan_only,74fb460fd09e76607e3cff308f5ba2754f2ebd91b0c9b7613c1a041e7b361162,"Appendix 1, table 7, printed row 218",Progress Report 2025 priority-project line; plan values are not financing events
idn-progress25-solar-219,IDN,idn-jetp-progress-report-2025,solar,priority,219,Solar Isolated Babel Tersebar,Bangka Belitung,2033,0.36,MW,,,,,,plan_only,74fb460fd09e76607e3cff308f5ba2754f2ebd91b0c9b7613c1a041e7b361162,"Appendix 1, table 7, printed row 219",Progress Report 2025 priority-project line; plan values are not financing events
idn-progress25-solar-220,IDN,idn-jetp-progress-report-2025,solar,priority,220,Solar Isolated Sumbar Tersebar,Sumatera Barat,2033,24.2,MW,,,,,,plan_only,74fb460fd09e76607e3cff308f5ba2754f2ebd91b0c9b7613c1a041e7b361162,"Appendix 1, table 7, printed row 220",Progress Report 2025 priority-project line; plan values are not financing events
idn-progress25-solar-221,IDN,idn-jetp-progress-report-2025,solar,priority,221,Solar Isolated Lampung Tersebar,Lampung,2033,0.2,MW,,,,,,plan_only,74fb460fd09e76607e3cff308f5ba2754f2ebd91b0c9b7613c1a041e7b361162,"Appendix 1, table 7, printed row 221",Progress Report 2025 priority-project line; plan values are not financing events
idn-progress25-solar-222,IDN,idn-jetp-progress-report-2025,solar,priority,222,Solar+BESS Isolated Kalsel,Kalimantan Selatan,2033,0.4,MW,,,,,,plan_only,74fb460fd09e76607e3cff308f5ba2754f2ebd91b0c9b7613c1a041e7b361162,"Appendix 1, table 7, printed row 222",Progress Report 2025 priority-project line; plan values are not financing events
idn-progress25-solar-223,IDN,idn-jetp-progress-report-2025,solar,priority,223,Solar+BESS Isolated Kalteng,Kalimantan Tengah,2033,0.2,MW,,,,,,plan_only,74fb460fd09e76607e3cff308f5ba2754f2ebd91b0c9b7613c1a041e7b361162,"Appendix 1, table 7, printed row 223",Progress Report 2025 priority-project line; plan values are not financing events
idn-progress25-solar-224,IDN,idn-jetp-progress-report-2025,solar,priority,224,Solar+BESS Isolated Kaltara,Kalimantan Utara,2033,6.8,MW,,,,,,plan_only,74fb460fd09e76607e3cff308f5ba2754f2ebd91b0c9b7613c1a041e7b361162,"Appendix 1, table 7, printed row 224",Progress Report 2025 priority-project line; plan values are not financing events
idn-progress25-solar-225,IDN,idn-jetp-progress-report-2025,solar,priority,225,Solar+BESS Ambon (Kuota) Tersebar,Maluku,2033,10,MW,,,,,,plan_only,74fb460fd09e76607e3cff308f5ba2754f2ebd91b0c9b7613c1a041e7b361162,"Appendix 1, table 7, printed row 225",Progress Report 2025 priority-project line; plan values are not financing events
idn-progress25-solar-226,IDN,idn-jetp-progress-report-2025,solar,priority,226,Solar+BESS Nabire (Kuora) Tersebar,"Papua, Papua Pegunungan, Papua Tengah, Papua Selatan",2033,10,MW,,,,,,plan_only,74fb460fd09e76607e3cff308f5ba2754f2ebd91b0c9b7613c1a041e7b361162,"Appendix 1, table 7, printed row 226",Progress Report 2025 priority-project line; plan values are not financing events
idn-progress25-solar-227,IDN,idn-jetp-progress-report-2025,solar,priority,227,Solar+BESS Timika (Kuota) Tersebar,"Papua, Papua Pegunungan, Papua Tengah, Papua Selatan",2033,10,MW,,,,,,plan_only,74fb460fd09e76607e3cff308f5ba2754f2ebd91b0c9b7613c1a041e7b361162,"Appendix 1, table 7, printed row 227",Progress Report 2025 priority-project line; plan values are not financing events
idn-progress25-solar-228,IDN,idn-jetp-progress-report-2025,solar,priority,228,Solar+BESS Lombok (Kuota) Tersebar,Nusa Tenggara Barat,2033,50,MW,,,,,,plan_only,74fb460fd09e76607e3cff308f5ba2754f2ebd91b0c9b7613c1a041e7b361162,"Appendix 1, table 7, printed row 228",Progress Report 2025 priority-project line; plan values are not financing events
idn-progress25-solar-229,IDN,idn-jetp-progress-report-2025,solar,priority,229,Solar+BESS Isolated Nusa Tenggara Barat,Nusa Tenggara Barat,2033,7.1684,MW,,,,,,plan_only,74fb460fd09e76607e3cff308f5ba2754f2ebd91b0c9b7613c1a041e7b361162,"Appendix 1, table 7, printed row 229",Progress Report 2025 priority-project line; plan values are not financing events
idn-progress25-solar-230,IDN,idn-jetp-progress-report-2025,solar,priority,230,Solar+BESS Sumba,Nusa Tenggara Timur,2033,5,MW,,,,,,plan_only,74fb460fd09e76607e3cff308f5ba2754f2ebd91b0c9b7613c1a041e7b361162,"Appendix 1, table 7, printed row 230",Progress Report 2025 priority-project line; plan values are not financing events
idn-progress25-solar-231,IDN,idn-jetp-progress-report-2025,solar,priority,231,Solar+BESS Sumba,Nusa Tenggara Timur,2033,5,MW,,,,,,plan_only,74fb460fd09e76607e3cff308f5ba2754f2ebd91b0c9b7613c1a041e7b361162,"Appendix 1, table 7, printed row 231",Progress Report 2025 priority-project line; plan values are not financing events
idn-progress25-solar-232,IDN,idn-jetp-progress-report-2025,solar,priority,232,Solar+BESS Flores (Kuota) Tersebar,Nusa Tenggara Timur,2033,10,MW,,,,,,plan_only,74fb460fd09e76607e3cff308f5ba2754f2ebd91b0c9b7613c1a041e7b361162,"Appendix 1, table 7, printed row 232",Progress Report 2025 priority-project line; plan values are not financing events
idn-progress25-solar-233,IDN,idn-jetp-progress-report-2025,solar,priority,233,Solar+BESS Timor (Kuota) Tersebar,Nusa Tenggara Timur,2033,50,MW,,,,,,plan_only,74fb460fd09e76607e3cff308f5ba2754f2ebd91b0c9b7613c1a041e7b361162,"Appendix 1, table 7, printed row 233",Progress Report 2025 priority-project line; plan values are not financing events
idn-progress25-solar-234,IDN,idn-jetp-progress-report-2025,solar,priority,234,Solar Surya Belitung + BESS,Bangka Belitung,2034,10,MW,,,,,,plan_only,74fb460fd09e76607e3cff308f5ba2754f2ebd91b0c9b7613c1a041e7b361162,"Appendix 1, table 7, printed row 234",Progress Report 2025 priority-project line; plan values are not financing events
idn-progress25-solar-235,IDN,idn-jetp-progress-report-2025,solar,priority,235,Solar Sumatera (Kuota) Tersebar,Jambi,2034,100,MW,,,,,,plan_only,74fb460fd09e76607e3cff308f5ba2754f2ebd91b0c9b7613c1a041e7b361162,"Appendix 1, table 7, printed row 235",Progress Report 2025 priority-project line; plan values are not financing events
idn-progress25-solar-236,IDN,idn-jetp-progress-report-2025,solar,priority,236,Solar Isolated Lampung Tersebar,Lampung,2034,0.79,MW,,,,,,plan_only,74fb460fd09e76607e3cff308f5ba2754f2ebd91b0c9b7613c1a041e7b361162,"Appendix 1, table 7, printed row 236",Progress Report 2025 priority-project line; plan values are not financing events
idn-progress25-solar-237,IDN,idn-jetp-progress-report-2025,solar,priority,237,Solar Kalseltengtimra (Kuota) Tersebar,Kalimantan Utara,2034,50,MW,,,,,,plan_only,74fb460fd09e76607e3cff308f5ba2754f2ebd91b0c9b7613c1a041e7b361162,"Appendix 1, table 7, printed row 237",Progress Report 2025 priority-project line; plan values are not financing events
idn-progress25-solar-238,IDN,idn-jetp-progress-report-2025,solar,priority,238,Solar Banten (Kuota) V,Banten,2034,45,MW,,,,,,plan_only,74fb460fd09e76607e3cff308f5ba2754f2ebd91b0c9b7613c1a041e7b361162,"Appendix 1, table 7, printed row 238",Progress Report 2025 priority-project line; plan values are not financing events
idn-progress25-solar-239,IDN,idn-jetp-progress-report-2025,solar,priority,239,Solar Jawa Barat (Kuota) Tersebar IX,Jawa Barat,2034,190,MW,,,,,,plan_only,74fb460fd09e76607e3cff308f5ba2754f2ebd91b0c9b7613c1a041e7b361162,"Appendix 1, table 7, printed row 239",Progress Report 2025 priority-project line; plan values are not financing events
idn-progress25-solar-240,IDN,idn-jetp-progress-report-2025,solar,priority,240,Solar Jawa Tengah (Kuota) Tersebar IX,Jawa Tengah,2034,57,MW,,,,,,plan_only,74fb460fd09e76607e3cff308f5ba2754f2ebd91b0c9b7613c1a041e7b361162,"Appendix 1, table 7, printed row 240",Progress Report 2025 priority-project line; plan values are not financing events
idn-progress25-solar-241,IDN,idn-jetp-progress-report-2025,solar,priority,241,Solar Jawa Tengah (Kuota) VI,Jawa Tengah,2034,50,MW,,,,,,plan_only,74fb460fd09e76607e3cff308f5ba2754f2ebd91b0c9b7613c1a041e7b361162,"Appendix 1, table 7, printed row 241",Progress Report 2025 priority-project line; plan values are not financing events
idn-progress25-solar-242,IDN,idn-jetp-progress-report-2025,solar,priority,242,Solar Jawa Timur (Kuota) Tersebar XI,Jawa Timur,2034,66,MW,,,,,,plan_only,74fb460fd09e76607e3cff308f5ba2754f2ebd91b0c9b7613c1a041e7b361162,"Appendix 1, table 7, printed row 242",Progress Report 2025 priority-project line; plan values are not financing events
idn-progress25-solar-243,IDN,idn-jetp-progress-report-2025,solar,priority,243,Solar Jawa Timur (Kuota) VIII,Jawa Timur,2034,50,MW,,,,,,plan_only,74fb460fd09e76607e3cff308f5ba2754f2ebd91b0c9b7613c1a041e7b361162,"Appendix 1, table 7, printed row 243",Progress Report 2025 priority-project line; plan values are not financing events
idn-progress25-solar-244,IDN,idn-jetp-progress-report-2025,solar,priority,244,Solar Bali (Kuota) V,Bali,2034,25,MW,,,,,,plan_only,74fb460fd09e76607e3cff308f5ba2754f2ebd91b0c9b7613c1a041e7b361162,"Appendix 1, table 7, printed row 244",Progress Report 2025 priority-project line; plan values are not financing events
idn-progress25-solar-245,IDN,idn-jetp-progress-report-2025,solar,priority,245,Solar Bali (Kuota) Tersebar VII,Bali,2034,197.73,MW,,,,,,plan_only,74fb460fd09e76607e3cff308f5ba2754f2ebd91b0c9b7613c1a041e7b361162,"Appendix 1, table 7, printed row 245",Progress Report 2025 priority-project line; plan values are not financing events
idn-progress25-solar-246,IDN,idn-jetp-progress-report-2025,solar,priority,246,Solar Bali (Kuota) Tersebar VIII,Bali,2034,193.66,MW,,,,,,plan_only,74fb460fd09e76607e3cff308f5ba2754f2ebd91b0c9b7613c1a041e7b361162,"Appendix 1, table 7, printed row 246",Progress Report 2025 priority-project line; plan values are not financing events
idn-progress25-solar-247,IDN,idn-jetp-progress-report-2025,solar,priority,247,Solar+BESS Sumbawa - Bima (Kuota) Tersebar,Nusa Tenggara Barat,2034,50,MW,,,,,,plan_only,74fb460fd09e76607e3cff308f5ba2754f2ebd91b0c9b7613c1a041e7b361162,"Appendix 1, table 7, printed row 247",Progress Report 2025 priority-project line; plan values are not financing events
idn-progress25-solar-248,IDN,idn-jetp-progress-report-2025,solar,priority,248,Solar Kalbar-1 (PLTS+BESS),Kalimantan Barat,-,80,MW,,,,,,plan_only,74fb460fd09e76607e3cff308f5ba2754f2ebd91b0c9b7613c1a041e7b361162,"Appendix 1, table 7, printed row 248",Progress Report 2025 priority-project line; plan values are not financing events
idn-progress25-solar-249,IDN,idn-jetp-progress-report-2025,solar,priority,249,Solar Kalbar-1 (PLTS+BESS),Kalimantan Barat,-,40,MW,,,,,,plan_only,74fb460fd09e76607e3cff308f5ba2754f2ebd91b0c9b7613c1a041e7b361162,"Appendix 1, table 7, printed row 249",Progress Report 2025 priority-project line; plan values are not financing events
idn-progress25-solar-250,IDN,idn-jetp-progress-report-2025,solar,priority,250,Solar Kalbar-2 (PLTS+BESS),Kalimantan Barat,-,80,MW,,,,,,plan_only,74fb460fd09e76607e3cff308f5ba2754f2ebd91b0c9b7613c1a041e7b361162,"Appendix 1, table 7, printed row 250",Progress Report 2025 priority-project line; plan values are not financing events
idn-progress25-solar-251,IDN,idn-jetp-progress-report-2025,solar,priority,251,Solar Kalbar-2 (PLTS+BESS),Kalimantan Barat,-,160,MW,,,,,,plan_only,74fb460fd09e76607e3cff308f5ba2754f2ebd91b0c9b7613c1a041e7b361162,"Appendix 1, table 7, printed row 251",Progress Report 2025 priority-project line; plan values are not financing events
idn-progress25-solar-252,IDN,idn-jetp-progress-report-2025,solar,priority,252,Solar Kalseltengtimra - 5 (PLTS+BESS),Kalimantan Tengah,-,160,MW,,,,,,plan_only,74fb460fd09e76607e3cff308f5ba2754f2ebd91b0c9b7613c1a041e7b361162,"Appendix 1, table 7, printed row 252",Progress Report 2025 priority-project line; plan values are not financing events
idn-progress25-solar-253,IDN,idn-jetp-progress-report-2025,solar,priority,253,Solar Kalseltengtimra-3 (PLTS+BESS),Kalimantan Utara,-,240,MW,,,,,,plan_only,74fb460fd09e76607e3cff308f5ba2754f2ebd91b0c9b7613c1a041e7b361162,"Appendix 1, table 7, printed row 253",Progress Report 2025 priority-project line; plan values are not financing events
idn-progress25-solar-254,IDN,idn-jetp-progress-report-2025,solar,priority,254,Solar Banten (Kuota) Tersebar IX,Banten,-,110,MW,,,,,,plan_only,74fb460fd09e76607e3cff308f5ba2754f2ebd91b0c9b7613c1a041e7b361162,"Appendix 1, table 7, printed row 254",Progress Report 2025 priority-project line; plan values are not financing events
idn-progress25-solar-255,IDN,idn-jetp-progress-report-2025,solar,priority,255,Solar Banten (Kuota) Tersebar X,Banten,-,150,MW,,,,,,plan_only,74fb460fd09e76607e3cff308f5ba2754f2ebd91b0c9b7613c1a041e7b361162,"Appendix 1, table 7, printed row 255",Progress Report 2025 priority-project line; plan values are not financing events
idn-progress25-solar-256,IDN,idn-jetp-progress-report-2025,solar,priority,256,Solar Jawa Barat (Kuota) Tersebar X,Jawa Barat,-,977,MW,,,,,,plan_only,74fb460fd09e76607e3cff308f5ba2754f2ebd91b0c9b7613c1a041e7b361162,"Appendix 1, table 7, printed row 256",Progress Report 2025 priority-project line; plan values are not financing events
idn-progress25-solar-257,IDN,idn-jetp-progress-report-2025,solar,priority,257,Solar Jawa Barat (Kuota) Tersebar XI,Jawa Barat,-,977,MW,,,,,,plan_only,74fb460fd09e76607e3cff308f5ba2754f2ebd91b0c9b7613c1a041e7b361162,"Appendix 1, table 7, printed row 257",Progress Report 2025 priority-project line; plan values are not financing events
idn-progress25-solar-258,IDN,idn-jetp-progress-report-2025,solar,priority,258,Solar Jawa Barat (Kuota) Tersebar XII,Jawa Barat,-,977,MW,,,,,,plan_only,74fb460fd09e76607e3cff308f5ba2754f2ebd91b0c9b7613c1a041e7b361162,"Appendix 1, table 7, printed row 258",Progress Report 2025 priority-project line; plan values are not financing events
idn-progress25-solar-259,IDN,idn-jetp-progress-report-2025,solar,priority,259,Solar Jawa Tengah (Kuota) Tersebar X,Jawa Tengah,-,786,MW,,,,,,plan_only,74fb460fd09e76607e3cff308f5ba2754f2ebd91b0c9b7613c1a041e7b361162,"Appendix 1, table 7, printed row 259",Progress Report 2025 priority-project line; plan values are not financing events
idn-progress25-solar-260,IDN,idn-jetp-progress-report-2025,solar,priority,260,Solar Jawa Tengah (Kuota) XI,Jawa Tengah,-,786,MW,,,,,,plan_only,74fb460fd09e76607e3cff308f5ba2754f2ebd91b0c9b7613c1a041e7b361162,"Appendix 1, table 7, printed row 260",Progress Report 2025 priority-project line; plan values are not financing events
idn-progress25-solar-261,IDN,idn-jetp-progress-report-2025,solar,priority,261,Solar Jawa Tengah (Kuota) VII,Jawa Tengah,-,65,MW,,,,,,plan_only,74fb460fd09e76607e3cff308f5ba2754f2ebd91b0c9b7613c1a041e7b361162,"Appendix 1, table 7, printed row 261",Progress Report 2025 priority-project line; plan values are not financing events
idn-progress25-solar-262,IDN,idn-jetp-progress-report-2025,solar,priority,262,Solar Jawa Tengah (Kuota) XII,Jawa Tengah,-,786,MW,,,,,,plan_only,74fb460fd09e76607e3cff308f5ba2754f2ebd91b0c9b7613c1a041e7b361162,"Appendix 1, table 7, printed row 262",Progress Report 2025 priority-project line; plan values are not financing events
idn-progress25-solar-263,IDN,idn-jetp-progress-report-2025,solar,priority,263,Solar Jawa Tengah (Kuota) XIII,Jawa Tengah,-,786,MW,,,,,,plan_only,74fb460fd09e76607e3cff308f5ba2754f2ebd91b0c9b7613c1a041e7b361162,"Appendix 1, table 7, printed row 263",Progress Report 2025 priority-project line; plan values are not financing events
idn-progress25-solar-264,IDN,idn-jetp-progress-report-2025,solar,priority,264,Solar Jawa Timur (Kuota) Tersebar XII,Jawa Timur,-,525,MW,,,,,,plan_only,74fb460fd09e76607e3cff308f5ba2754f2ebd91b0c9b7613c1a041e7b361162,"Appendix 1, table 7, printed row 264",Progress Report 2025 priority-project line; plan values are not financing events
idn-progress25-solar-265,IDN,idn-jetp-progress-report-2025,solar,priority,265,Solar Jawa Timur (Kuota) VII,Jawa Timur,-,50,MW,,,,,,plan_only,74fb460fd09e76607e3cff308f5ba2754f2ebd91b0c9b7613c1a041e7b361162,"Appendix 1, table 7, printed row 265",Progress Report 2025 priority-project line; plan values are not financing events
idn-progress25-solar-266,IDN,idn-jetp-progress-report-2025,solar,priority,266,Solar Jawa Timur (Kuota) IX,Jawa Timur,-,50,MW,,,,,,plan_only,74fb460fd09e76607e3cff308f5ba2754f2ebd91b0c9b7613c1a041e7b361162,"Appendix 1, table 7, printed row 266",Progress Report 2025 priority-project line; plan values are not financing events
idn-progress25-solar-267,IDN,idn-jetp-progress-report-2025,solar,priority,267,Solar Jawa timur (Kuota) X,Jawa Timur,-,50,MW,,,,,,plan_only,74fb460fd09e76607e3cff308f5ba2754f2ebd91b0c9b7613c1a041e7b361162,"Appendix 1, table 7, printed row 267",Progress Report 2025 priority-project line; plan values are not financing events
idn-progress25-solar-268,IDN,idn-jetp-progress-report-2025,solar,priority,268,Solar Jawa-Bali (Kuota) Tersebar XIII,Jawa Timur,-,525,MW,,,,,,plan_only,74fb460fd09e76607e3cff308f5ba2754f2ebd91b0c9b7613c1a041e7b361162,"Appendix 1, table 7, printed row 268",Progress Report 2025 priority-project line; plan values are not financing events
idn-progress25-solar-269,IDN,idn-jetp-progress-report-2025,solar,priority,269,Solar Bali (Kuota) Tersebar IX,Bali,-,130,MW,,,,,,plan_only,74fb460fd09e76607e3cff308f5ba2754f2ebd91b0c9b7613c1a041e7b361162,"Appendix 1, table 7, printed row 269",Progress Report 2025 priority-project line; plan values are not financing events
idn-progress25-solar-270,IDN,idn-jetp-progress-report-2025,solar,priority,270,Solar Bali (Kuota) VI,Bali,-,25,MW,,,,,,plan_only,74fb460fd09e76607e3cff308f5ba2754f2ebd91b0c9b7613c1a041e7b361162,"Appendix 1, table 7, printed row 270",Progress Report 2025 priority-project line; plan values are not financing events
idn-progress25-solar-271,IDN,idn-jetp-progress-report-2025,solar,priority,271,Solar+BESS Sulbagut (Kuota) Tersebar Tambahan,Sulawesi Utara,-,10,MW,,,,,,plan_only,74fb460fd09e76607e3cff308f5ba2754f2ebd91b0c9b7613c1a041e7b361162,"Appendix 1, table 7, printed row 271",Progress Report 2025 priority-project line; plan values are not financing events
idn-progress25-solar-272,IDN,idn-jetp-progress-report-2025,solar,priority,272,Solar+BESS Sulbagut (Kuota) Tersebar,Gorontalo,-,51,MW,,,,,,plan_only,74fb460fd09e76607e3cff308f5ba2754f2ebd91b0c9b7613c1a041e7b361162,"Appendix 1, table 7, printed row 272",Progress Report 2025 priority-project line; plan values are not financing events
idn-progress25-solar-273,IDN,idn-jetp-progress-report-2025,solar,priority,273,Solar+BESS Sulbagsel (Kuota) Tersebar Tambahan II,Sulawesi Selatan,-,200,MW,,,,,,plan_only,74fb460fd09e76607e3cff308f5ba2754f2ebd91b0c9b7613c1a041e7b361162,"Appendix 1, table 7, printed row 273",Progress Report 2025 priority-project line; plan values are not financing events
idn-progress25-solar-274,IDN,idn-jetp-progress-report-2025,solar,priority,274,Solar+BESS Sulbagsel (Kuota) Tersebar Tambahan II,Sulawesi Selatan,-,200,MW,,,,,,plan_only,74fb460fd09e76607e3cff308f5ba2754f2ebd91b0c9b7613c1a041e7b361162,"Appendix 1, table 7, printed row 274",Progress Report 2025 priority-project line; plan values are not financing events
idn-progress25-solar-275,IDN,idn-jetp-progress-report-2025,solar,priority,275,Solar+BESS Sulbagsel (Kuota) Tersebar Tambahan II,Sulawesi Selatan,-,300,MW,,,,,,plan_only,74fb460fd09e76607e3cff308f5ba2754f2ebd91b0c9b7613c1a041e7b361162,"Appendix 1, table 7, printed row 275",Progress Report 2025 priority-project line; plan values are not financing events
idn-progress25-solar-276,IDN,idn-jetp-progress-report-2025,solar,priority,276,Solar Pembangkit EBT LISDES,Sumatera Utara,2025 2026 2027,,MW,,,,,,plan_only,74fb460fd09e76607e3cff308f5ba2754f2ebd91b0c9b7613c1a041e7b361162,"Appendix 1, table 7, printed row 276",Progress Report 2025 priority-project line; plan values are not financing events; raw capacity=0.7 0.7 1.65
idn-progress25-solar-277,IDN,idn-jetp-progress-report-2025,solar,priority,277,Solar PLT Surya Nias,Sumatera Utara,2026 2026,,MW,,,,,,plan_only,74fb460fd09e76607e3cff308f5ba2754f2ebd91b0c9b7613c1a041e7b361162,"Appendix 1, table 7, printed row 277",Progress Report 2025 priority-project line; plan values are not financing events; raw capacity=3 3
idn-progress25-solar-278,IDN,idn-jetp-progress-report-2025,solar,priority,278,Solar Sumatera (Kuota) Tersebar 1),Sumatera Utara,2026 2028 2029 2030 2031 2032 2033,,MW,,,,,,plan_only,74fb460fd09e76607e3cff308f5ba2754f2ebd91b0c9b7613c1a041e7b361162,"Appendix 1, table 7, printed row 278",Progress Report 2025 priority-project line; plan values are not financing events; raw capacity=50 25 50 25 50 25 100
idn-progress25-solar-279,IDN,idn-jetp-progress-report-2025,solar,priority,279,Solar Dedieselisasi,Riau,2027 2027,,MW,,,,,,plan_only,74fb460fd09e76607e3cff308f5ba2754f2ebd91b0c9b7613c1a041e7b361162,"Appendix 1, table 7, printed row 279",Progress Report 2025 priority-project line; plan values are not financing events; raw capacity=2.6 2.9
idn-progress25-solar-280,IDN,idn-jetp-progress-report-2025,solar,priority,280,Solar PLT Surya Nias + BESS,Sumatera Utara,2029 2030,,MW,,,,,,plan_only,74fb460fd09e76607e3cff308f5ba2754f2ebd91b0c9b7613c1a041e7b361162,"Appendix 1, table 7, printed row 280",Progress Report 2025 priority-project line; plan values are not financing events; raw capacity=10 10
idn-progress25-solar-281,IDN,idn-jetp-progress-report-2025,solar,priority,281,Solar Sumatera Hybrid 1),Sumatera Selatan,2032 2033,,MW,,,,,,plan_only,74fb460fd09e76607e3cff308f5ba2754f2ebd91b0c9b7613c1a041e7b361162,"Appendix 1, table 7, printed row 282","Progress Report 2025 priority-project line; plan values are not financing events; raw capacity=150 150; source printed row 282, normalised physical row 281"
idn-progress25-supply-chain-001,IDN,idn-jetp-progress-report-2025,supply_chain,priority,1,PT Trina Daya Agra Energy,Central Java,Modules: Operational (2024) Cells: (2025),,,,,,,,plan_only,74fb460fd09e76607e3cff308f5ba2754f2ebd91b0c9b7613c1a041e7b361162,"Appendix 1, table 9, printed row 1",Progress Report 2025 priority supply-chain line; type=Modules and cells; raw capacity=Modules:1000 MW Cells: 1000 MW
idn-progress25-supply-chain-002,IDN,idn-jetp-progress-report-2025,supply_chain,priority,2,New East Solar PT REC Solar Energy Indonesia,Batam,Operational (2024),,,,,,,,plan_only,74fb460fd09e76607e3cff308f5ba2754f2ebd91b0c9b7613c1a041e7b361162,"Appendix 1, table 9, printed row 2",Progress Report 2025 priority supply-chain line; type=Modules and cells; raw capacity=Modules: 2500 MW Cells: 2500 MW
idn-progress25-supply-chain-003,IDN,idn-jetp-progress-report-2025,supply_chain,priority,3,SEG Solar,Central Java,Modules: Operational (2024) Cells: (2025),,,,,,,idn-pipe-solar-cell-manufacturing,matched,74fb460fd09e76607e3cff308f5ba2754f2ebd91b0c9b7613c1a041e7b361162,"Appendix 1, table 9, printed row 3",Progress Report 2025 priority supply-chain line; type=Modules and cells; raw capacity=Modules: 3000 MW Cells: 5000 MW
idn-progress25-supply-chain-004,IDN,idn-jetp-progress-report-2025,supply_chain,priority,4,PT Thornova Solar Indonesia,Batam,Modules: Operational (2024) Cells: (2025),,,,,,,,plan_only,74fb460fd09e76607e3cff308f5ba2754f2ebd91b0c9b7613c1a041e7b361162,"Appendix 1, table 9, printed row 4",Progress Report 2025 priority supply-chain line; type=Modules and cells; raw capacity=Modules: 2500 MW Cells: 2500 MW
idn-progress25-supply-chain-005,IDN,idn-jetp-progress-report-2025,supply_chain,priority,5,PT Lesso New Energy,Central Java,2025,,,,,,,,plan_only,74fb460fd09e76607e3cff308f5ba2754f2ebd91b0c9b7613c1a041e7b361162,"Appendix 1, table 9, printed row 5",Progress Report 2025 priority supply-chain line; type=Modules; raw capacity=Modules: 2000 MW
idn-progress25-supply-chain-006,IDN,idn-jetp-progress-report-2025,supply_chain,priority,6,PT ZNShine Techlan Renewable Energy Indonesia,Banten,Operational (2024),,,,,,,,plan_only,74fb460fd09e76607e3cff308f5ba2754f2ebd91b0c9b7613c1a041e7b361162,"Appendix 1, table 9, printed row 6",Progress Report 2025 priority supply-chain line; type=Modules; raw capacity=Modules: 500 MW
idn-progress25-supply-chain-007,IDN,idn-jetp-progress-report-2025,supply_chain,priority,7,PT Nusa Solar,Batam,Operational (2024),,,,,,,,plan_only,74fb460fd09e76607e3cff308f5ba2754f2ebd91b0c9b7613c1a041e7b361162,"Appendix 1, table 9, printed row 7",Progress Report 2025 priority supply-chain line; type=Cells; raw capacity=Cells: 3000 MW
idn-progress25-supply-chain-008,IDN,idn-jetp-progress-report-2025,supply_chain,priority,8,Gstar,Jakarta,Operational (2024),,,,,,,,plan_only,74fb460fd09e76607e3cff308f5ba2754f2ebd91b0c9b7613c1a041e7b361162,"Appendix 1, table 9, printed row 8",Progress Report 2025 priority supply-chain line; type=Wafers; raw capacity=Wafers: 3000 MW
idn-progress25-transmission-001,IDN,idn-jetp-progress-report-2025,transmission,priority,1,Transmission Tanjung Merah ke Bitung Baru,SULAWESI UTARA,2025,40,km,,,,,,plan_only,74fb460fd09e76607e3cff308f5ba2754f2ebd91b0c9b7613c1a041e7b361162,"Appendix 1, table 2, printed row 1",Progress Report 2025 priority-project line; plan values are not financing events
idn-progress25-transmission-002,IDN,idn-jetp-progress-report-2025,transmission,priority,2,Transmission Kolonedale ke Tentena,SULAWESI TENGAH,2025,130,km,,,,,,plan_only,74fb460fd09e76607e3cff308f5ba2754f2ebd91b0c9b7613c1a041e7b361162,"Appendix 1, table 2, printed row 2",Progress Report 2025 priority-project line; plan values are not financing events
idn-progress25-transmission-003,IDN,idn-jetp-progress-report-2025,transmission,priority,3,Transmission Kolonedale ke Bungku,SULAWESI TENGAH,2025,180,km,,,,,,plan_only,74fb460fd09e76607e3cff308f5ba2754f2ebd91b0c9b7613c1a041e7b361162,"Appendix 1, table 2, printed row 3",Progress Report 2025 priority-project line; plan values are not financing events
idn-progress25-transmission-004,IDN,idn-jetp-progress-report-2025,transmission,priority,4,Transmission PLTMG Luwuk ke Luwuk,SULAWESI TENGAH,2025,80,km,,,,,,plan_only,74fb460fd09e76607e3cff308f5ba2754f2ebd91b0c9b7613c1a041e7b361162,"Appendix 1, table 2, printed row 4",Progress Report 2025 priority-project line; plan values are not financing events
idn-progress25-transmission-005,IDN,idn-jetp-progress-report-2025,transmission,priority,5,Transmission PLTMG Luwuk ke Toili,SULAWESI TENGAH,2025,100,km,,,,,,plan_only,74fb460fd09e76607e3cff308f5ba2754f2ebd91b0c9b7613c1a041e7b361162,"Appendix 1, table 2, printed row 5",Progress Report 2025 priority-project line; plan values are not financing events
idn-progress25-transmission-006,IDN,idn-jetp-progress-report-2025,transmission,priority,6,Transmission Ampana ke Bunta,SULAWESI TENGAH,2025,170,km,,,,,,plan_only,74fb460fd09e76607e3cff308f5ba2754f2ebd91b0c9b7613c1a041e7b361162,"Appendix 1, table 2, printed row 6",Progress Report 2025 priority-project line; plan values are not financing events
idn-progress25-transmission-007,IDN,idn-jetp-progress-report-2025,transmission,priority,7,Transmission Bunta ke Luwuk,SULAWESI TENGAH,2025,190,km,,,,,,plan_only,74fb460fd09e76607e3cff308f5ba2754f2ebd91b0c9b7613c1a041e7b361162,"Appendix 1, table 2, printed row 7",Progress Report 2025 priority-project line; plan values are not financing events
idn-progress25-transmission-008,IDN,idn-jetp-progress-report-2025,transmission,priority,8,Transmission Leok ke Tolinggula,SULAWESI TENGAH,2025,220,km,,,,,,plan_only,74fb460fd09e76607e3cff308f5ba2754f2ebd91b0c9b7613c1a041e7b361162,"Appendix 1, table 2, printed row 8",Progress Report 2025 priority-project line; plan values are not financing events
idn-progress25-transmission-009,IDN,idn-jetp-progress-report-2025,transmission,priority,9,Transmission Moutong ke Tolitoli,SULAWESI TENGAH,2025,310,km,,,,,,plan_only,74fb460fd09e76607e3cff308f5ba2754f2ebd91b0c9b7613c1a041e7b361162,"Appendix 1, table 2, printed row 9",Progress Report 2025 priority-project line; plan values are not financing events
idn-progress25-transmission-010,IDN,idn-jetp-progress-report-2025,transmission,priority,10,Transmission Pelanggan PT ACN ke Bungku,SULAWESI TENGAH,2025,76,km,,,,,,plan_only,74fb460fd09e76607e3cff308f5ba2754f2ebd91b0c9b7613c1a041e7b361162,"Appendix 1, table 2, printed row 10",Progress Report 2025 priority-project line; plan values are not financing events
idn-progress25-transmission-011,IDN,idn-jetp-progress-report-2025,transmission,priority,11,Transmission Poso ke Ampana,SULAWESI TENGAH,2025,248,km,,,,,,plan_only,74fb460fd09e76607e3cff308f5ba2754f2ebd91b0c9b7613c1a041e7b361162,"Appendix 1, table 2, printed row 11",Progress Report 2025 priority-project line; plan values are not financing events
idn-progress25-transmission-012,IDN,idn-jetp-progress-report-2025,transmission,priority,12,Transmission Tambu ke PLTU Palu 3,SULAWESI TENGAH,2025,82,km,,,,,,plan_only,74fb460fd09e76607e3cff308f5ba2754f2ebd91b0c9b7613c1a041e7b361162,"Appendix 1, table 2, printed row 12",Progress Report 2025 priority-project line; plan values are not financing events
idn-progress25-transmission-013,IDN,idn-jetp-progress-report-2025,transmission,priority,13,Transmission Toili ke Ampana,SULAWESI TENGAH,2025,228,km,,,,,,plan_only,74fb460fd09e76607e3cff308f5ba2754f2ebd91b0c9b7613c1a041e7b361162,"Appendix 1, table 2, printed row 13",Progress Report 2025 priority-project line; plan values are not financing events
idn-progress25-transmission-014,IDN,idn-jetp-progress-report-2025,transmission,priority,14,Transmission Tolitoli ke Leok,SULAWESI TENGAH,2025,216,km,,,,,,plan_only,74fb460fd09e76607e3cff308f5ba2754f2ebd91b0c9b7613c1a041e7b361162,"Appendix 1, table 2, printed row 14",Progress Report 2025 priority-project line; plan values are not financing events
idn-progress25-transmission-015,IDN,idn-jetp-progress-report-2025,transmission,priority,15,Transmission Marisa TIP 205 (Incomer 1 phi) (Pelanggan PT BJA - Marisa)) ke Moutong,GORONTALO,2025,140,km,,,,,,plan_only,74fb460fd09e76607e3cff308f5ba2754f2ebd91b0c9b7613c1a041e7b361162,"Appendix 1, table 2, printed row 15",Progress Report 2025 priority-project line; plan values are not financing events
idn-progress25-transmission-016,IDN,idn-jetp-progress-report-2025,transmission,priority,16,Transmission Pelanggan PT GSM ke Marisa,GORONTALO,2025,28,km,,,,,,plan_only,74fb460fd09e76607e3cff308f5ba2754f2ebd91b0c9b7613c1a041e7b361162,"Appendix 1, table 2, printed row 16",Progress Report 2025 priority-project line; plan values are not financing events
idn-progress25-transmission-017,IDN,idn-jetp-progress-report-2025,transmission,priority,17,Transmission Punagaya ke Bantaeng Switching,SULAWESI SELATAN,2025,132,km,,,,,,plan_only,74fb460fd09e76607e3cff308f5ba2754f2ebd91b0c9b7613c1a041e7b361162,"Appendix 1, table 2, printed row 17",Progress Report 2025 priority-project line; plan values are not financing events
idn-progress25-transmission-018,IDN,idn-jetp-progress-report-2025,transmission,priority,18,Transmission Bengo ke Soppeng,SULAWESI SELATAN,2025,74,km,,,,,,plan_only,74fb460fd09e76607e3cff308f5ba2754f2ebd91b0c9b7613c1a041e7b361162,"Appendix 1, table 2, printed row 18",Progress Report 2025 priority-project line; plan values are not financing events
idn-progress25-transmission-019,IDN,idn-jetp-progress-report-2025,transmission,priority,19,Transmission Pelanggan PT Stargate ke Andowia (sisi 150 kV GITET Andowia),SULAWESI TENGGARA,2025,4,km,,,,,,plan_only,74fb460fd09e76607e3cff308f5ba2754f2ebd91b0c9b7613c1a041e7b361162,"Appendix 1, table 2, printed row 19",Progress Report 2025 priority-project line; plan values are not financing events
idn-progress25-transmission-020,IDN,idn-jetp-progress-report-2025,transmission,priority,20,Transmission GI Masohi ke GI Kairatu,MALUKU,2025,210,km,,,,,,plan_only,74fb460fd09e76607e3cff308f5ba2754f2ebd91b0c9b7613c1a041e7b361162,"Appendix 1, table 2, printed row 20",Progress Report 2025 priority-project line; plan values are not financing events
idn-progress25-transmission-021,IDN,idn-jetp-progress-report-2025,transmission,priority,21,Transmission GI Piru ke GI Kairatu,MALUKU,2025,110,km,,,,,,plan_only,74fb460fd09e76607e3cff308f5ba2754f2ebd91b0c9b7613c1a041e7b361162,"Appendix 1, table 2, printed row 21",Progress Report 2025 priority-project line; plan values are not financing events
idn-progress25-transmission-022,IDN,idn-jetp-progress-report-2025,transmission,priority,22,Transmission GI Jailolo ke GI Sofifi,MALUKU UTARA,2025,160,km,,,,,,plan_only,74fb460fd09e76607e3cff308f5ba2754f2ebd91b0c9b7613c1a041e7b361162,"Appendix 1, table 2, printed row 22",Progress Report 2025 priority-project line; plan values are not financing events
idn-progress25-transmission-023,IDN,idn-jetp-progress-report-2025,transmission,priority,23,Transmission GI Jailolo ke GI Malifut,MALUKU UTARA,2025,160,km,,,,,,plan_only,74fb460fd09e76607e3cff308f5ba2754f2ebd91b0c9b7613c1a041e7b361162,"Appendix 1, table 2, printed row 23",Progress Report 2025 priority-project line; plan values are not financing events
idn-progress25-transmission-024,IDN,idn-jetp-progress-report-2025,transmission,priority,24,Transmission GI Malifut ke GI Tobelo,MALUKU UTARA,2025,240,km,,,,,,plan_only,74fb460fd09e76607e3cff308f5ba2754f2ebd91b0c9b7613c1a041e7b361162,"Appendix 1, table 2, printed row 24",Progress Report 2025 priority-project line; plan values are not financing events
idn-progress25-transmission-025,IDN,idn-jetp-progress-report-2025,transmission,priority,25,Transmission PLTMG Tobelo 2 ke GI Tobelo,MALUKU UTARA,2025,22,km,,,,,,plan_only,74fb460fd09e76607e3cff308f5ba2754f2ebd91b0c9b7613c1a041e7b361162,"Appendix 1, table 2, printed row 25",Progress Report 2025 priority-project line; plan values are not financing events
idn-progress25-transmission-026,IDN,idn-jetp-progress-report-2025,transmission,priority,26,Transmission PLTMG Manokwari ke GI Manokwari,"PAPUA BARAT, PAPUA BARAT DAYA",2025,24,km,,,,,,plan_only,74fb460fd09e76607e3cff308f5ba2754f2ebd91b0c9b7613c1a041e7b361162,"Appendix 1, table 2, printed row 26",Progress Report 2025 priority-project line; plan values are not financing events
idn-progress25-transmission-027,IDN,idn-jetp-progress-report-2025,transmission,priority,27,Transmission GI Jeranjang ke GI Sekotong,NUSA TENGGARA BARAT,2025,57,km,,,,,,plan_only,74fb460fd09e76607e3cff308f5ba2754f2ebd91b0c9b7613c1a041e7b361162,"Appendix 1, table 2, printed row 27",Progress Report 2025 priority-project line; plan values are not financing events
idn-progress25-transmission-028,IDN,idn-jetp-progress-report-2025,transmission,priority,28,Transmission GI Mataram ke GI Mantang,NUSA TENGGARA BARAT,2025,40,km,,,,,,plan_only,74fb460fd09e76607e3cff308f5ba2754f2ebd91b0c9b7613c1a041e7b361162,"Appendix 1, table 2, printed row 28",Progress Report 2025 priority-project line; plan values are not financing events
idn-progress25-transmission-029,IDN,idn-jetp-progress-report-2025,transmission,priority,29,Transmission PLTMG Kupang Peaker / Panaff ke GI Naibonat,NUSA TENGGARA TIMUR,2025,50,km,,,,,,plan_only,74fb460fd09e76607e3cff308f5ba2754f2ebd91b0c9b7613c1a041e7b361162,"Appendix 1, table 2, printed row 29",Progress Report 2025 priority-project line; plan values are not financing events
idn-progress25-transmission-030,IDN,idn-jetp-progress-report-2025,transmission,priority,30,Transmission Priok ke Muara Tawar,DKI JAKARTA,2025,30,km,,,,,,plan_only,74fb460fd09e76607e3cff308f5ba2754f2ebd91b0c9b7613c1a041e7b361162,"Appendix 1, table 2, printed row 30",Progress Report 2025 priority-project line; plan values are not financing events
idn-progress25-transmission-031,IDN,idn-jetp-progress-report-2025,transmission,priority,31,Transmission Cikupa ke Inc. (Balaraja – Kembangan),BANTEN,2025,4,km,,,,,,plan_only,74fb460fd09e76607e3cff308f5ba2754f2ebd91b0c9b7613c1a041e7b361162,"Appendix 1, table 2, printed row 31",Progress Report 2025 priority-project line; plan values are not financing events
idn-progress25-transmission-032,IDN,idn-jetp-progress-report-2025,transmission,priority,32,Transmission Cikupa New ke Tx. Cikupa New – (Inc. Jatake – Jatake II),BANTEN,2025,8.8,km,,,,,,plan_only,74fb460fd09e76607e3cff308f5ba2754f2ebd91b0c9b7613c1a041e7b361162,"Appendix 1, table 2, printed row 32",Progress Report 2025 priority-project line; plan values are not financing events
idn-progress25-transmission-033,IDN,idn-jetp-progress-report-2025,transmission,priority,33,Transmission Tx. Cikupa New ke Inc. Jatake – Jatake II,BANTEN,2025,2.4,km,,,,,,plan_only,74fb460fd09e76607e3cff308f5ba2754f2ebd91b0c9b7613c1a041e7b361162,"Appendix 1, table 2, printed row 33",Progress Report 2025 priority-project line; plan values are not financing events
idn-progress25-transmission-034,IDN,idn-jetp-progress-report-2025,transmission,priority,34,Transmission LBE ke Bojonegara,BANTEN,2025,35,km,,,,,,plan_only,74fb460fd09e76607e3cff308f5ba2754f2ebd91b0c9b7613c1a041e7b361162,"Appendix 1, table 2, printed row 34",Progress Report 2025 priority-project line; plan values are not financing events
idn-progress25-transmission-035,IDN,idn-jetp-progress-report-2025,transmission,priority,35,Transmission PLTU Jawa-9 & Jawa-10 ke Inc. (Suralaya Lama - Cilegon),BANTEN,2025,8,km,,,,,,plan_only,74fb460fd09e76607e3cff308f5ba2754f2ebd91b0c9b7613c1a041e7b361162,"Appendix 1, table 2, printed row 35",Progress Report 2025 priority-project line; plan values are not financing events
idn-progress25-transmission-036,IDN,idn-jetp-progress-report-2025,transmission,priority,36,Transmission Suralaya Lama ke Cilegon,BANTEN,2025,26,km,,,,,,plan_only,74fb460fd09e76607e3cff308f5ba2754f2ebd91b0c9b7613c1a041e7b361162,"Appendix 1, table 2, printed row 36",Progress Report 2025 priority-project line; plan values are not financing events
idn-progress25-transmission-037,IDN,idn-jetp-progress-report-2025,transmission,priority,37,Transmission Lautan Baja Indonesia / LBI ke Inc. (PUCAMI II / Modern – Kopo),BANTEN,2025,8,km,,,,,,plan_only,74fb460fd09e76607e3cff308f5ba2754f2ebd91b0c9b7613c1a041e7b361162,"Appendix 1, table 2, printed row 37",Progress Report 2025 priority-project line; plan values are not financing events
idn-progress25-transmission-038,IDN,idn-jetp-progress-report-2025,transmission,priority,38,Transmission Serang Selatan / Baros ke Serang,BANTEN,2025,20,km,,,,,,plan_only,74fb460fd09e76607e3cff308f5ba2754f2ebd91b0c9b7613c1a041e7b361162,"Appendix 1, table 2, printed row 38",Progress Report 2025 priority-project line; plan values are not financing events
idn-progress25-transmission-039,IDN,idn-jetp-progress-report-2025,transmission,priority,39,Transmission Tanjung Lesung ke Menes,BANTEN,2025,90,km,,,,,,plan_only,74fb460fd09e76607e3cff308f5ba2754f2ebd91b0c9b7613c1a041e7b361162,"Appendix 1, table 2, printed row 39",Progress Report 2025 priority-project line; plan values are not financing events
idn-progress25-transmission-040,IDN,idn-jetp-progress-report-2025,transmission,priority,40,Transmission Tigaraksa II / Citra Maja ke Tigaraksa,BANTEN,2025,20,km,,,,,,plan_only,74fb460fd09e76607e3cff308f5ba2754f2ebd91b0c9b7613c1a041e7b361162,"Appendix 1, table 2, printed row 40",Progress Report 2025 priority-project line; plan values are not financing events
idn-progress25-transmission-041,IDN,idn-jetp-progress-report-2025,transmission,priority,41,Transmission Depok II ke Inc. (Tx. Cimanggis - Rawadenok (Depok III)),JAWA BARAT,2025,8,km,,,,,,plan_only,74fb460fd09e76607e3cff308f5ba2754f2ebd91b0c9b7613c1a041e7b361162,"Appendix 1, table 2, printed row 41",Progress Report 2025 priority-project line; plan values are not financing events
idn-progress25-transmission-042,IDN,idn-jetp-progress-report-2025,transmission,priority,42,Transmission PLTA Jatigede / Parakan Kondang Baru ke Inc. (Rancackek - Sunyaragi),JAWA BARAT,2025,20,km,,,,,,plan_only,74fb460fd09e76607e3cff308f5ba2754f2ebd91b0c9b7613c1a041e7b361162,"Appendix 1, table 2, printed row 42",Progress Report 2025 priority-project line; plan values are not financing events
idn-progress25-transmission-043,IDN,idn-jetp-progress-report-2025,transmission,priority,43,Transmission Switching Tegalluar ke Inc. (Ujungberung - Gedebage),JAWA BARAT,2025,4,km,,,,,,plan_only,74fb460fd09e76607e3cff308f5ba2754f2ebd91b0c9b7613c1a041e7b361162,"Appendix 1, table 2, printed row 43",Progress Report 2025 priority-project line; plan values are not financing events
idn-progress25-transmission-044,IDN,idn-jetp-progress-report-2025,transmission,priority,44,Transmission Switching Tegalluar ke Traksi Tegalluar,JAWA BARAT,2025,2,km,,,,,,plan_only,74fb460fd09e76607e3cff308f5ba2754f2ebd91b0c9b7613c1a041e7b361162,"Appendix 1, table 2, printed row 44",Progress Report 2025 priority-project line; plan values are not financing events
idn-progress25-transmission-045,IDN,idn-jetp-progress-report-2025,transmission,priority,45,Transmission Muara Tawar ke Inc. (Bekasi - Plumpang |Kandang Sapi),JAWA BARAT,2025,20,km,,,,,,plan_only,74fb460fd09e76607e3cff308f5ba2754f2ebd91b0c9b7613c1a041e7b361162,"Appendix 1, table 2, printed row 45",Progress Report 2025 priority-project line; plan values are not financing events
idn-progress25-transmission-046,IDN,idn-jetp-progress-report-2025,transmission,priority,46,Transmission PLTU Pelabuhan Ratu ke Pelabuhan Ratu Baru,JAWA BARAT,2025,60,km,,,,,,plan_only,74fb460fd09e76607e3cff308f5ba2754f2ebd91b0c9b7613c1a041e7b361162,"Appendix 1, table 2, printed row 46",Progress Report 2025 priority-project line; plan values are not financing events
idn-progress25-transmission-047,IDN,idn-jetp-progress-report-2025,transmission,priority,47,Transmission Subang Baru ke Inc. (Sukamandi - Haurgeulis),JAWA BARAT,2025,20,km,,,,,,plan_only,74fb460fd09e76607e3cff308f5ba2754f2ebd91b0c9b7613c1a041e7b361162,"Appendix 1, table 2, printed row 47",Progress Report 2025 priority-project line; plan values are not financing events
idn-progress25-transmission-048,IDN,idn-jetp-progress-report-2025,transmission,priority,48,Transmission Sukatani New ke Inc. (Bekasi - Sukatani),JAWA BARAT,2025,8,km,,,,,,plan_only,74fb460fd09e76607e3cff308f5ba2754f2ebd91b0c9b7613c1a041e7b361162,"Appendix 1, table 2, printed row 48",Progress Report 2025 priority-project line; plan values are not financing events
idn-progress25-transmission-049,IDN,idn-jetp-progress-report-2025,transmission,priority,49,Transmission Kosambi Baru ke Tx. New Sukatani,JAWA BARAT,2025,60,km,,,,,,plan_only,74fb460fd09e76607e3cff308f5ba2754f2ebd91b0c9b7613c1a041e7b361162,"Appendix 1, table 2, printed row 49",Progress Report 2025 priority-project line; plan values are not financing events
idn-progress25-transmission-050,IDN,idn-jetp-progress-report-2025,transmission,priority,50,Transmission Poncol Baru II ke Tx. Jatiwaringin | Tambun II,JAWA BARAT,2025,12,km,,,,,,plan_only,74fb460fd09e76607e3cff308f5ba2754f2ebd91b0c9b7613c1a041e7b361162,"Appendix 1, table 2, printed row 50",Progress Report 2025 priority-project line; plan values are not financing events
idn-progress25-transmission-051,IDN,idn-jetp-progress-report-2025,transmission,priority,51,Transmission Telukjambe II ke Telukjambe,JAWA BARAT,2025,14,km,,,,,,plan_only,74fb460fd09e76607e3cff308f5ba2754f2ebd91b0c9b7613c1a041e7b361162,"Appendix 1, table 2, printed row 51",Progress Report 2025 priority-project line; plan values are not financing events
idn-progress25-transmission-052,IDN,idn-jetp-progress-report-2025,transmission,priority,52,Transmission Muara Tawar ke Bekasi,JAWA BARAT,2025,18,km,,,,,,plan_only,74fb460fd09e76607e3cff308f5ba2754f2ebd91b0c9b7613c1a041e7b361162,"Appendix 1, table 2, printed row 52",Progress Report 2025 priority-project line; plan values are not financing events
idn-progress25-transmission-053,IDN,idn-jetp-progress-report-2025,transmission,priority,53,Transmission Beringin ke Jelok,JAWA TENGAH,2025,16,km,,,,,,plan_only,74fb460fd09e76607e3cff308f5ba2754f2ebd91b0c9b7613c1a041e7b361162,"Appendix 1, table 2, printed row 53",Progress Report 2025 priority-project line; plan values are not financing events
idn-progress25-transmission-054,IDN,idn-jetp-progress-report-2025,transmission,priority,54,Transmission Weleri ke Kaliwungu,JAWA TENGAH,2025,43.9,km,,,,,,plan_only,74fb460fd09e76607e3cff308f5ba2754f2ebd91b0c9b7613c1a041e7b361162,"Appendix 1, table 2, printed row 54",Progress Report 2025 priority-project line; plan values are not financing events
idn-progress25-transmission-055,IDN,idn-jetp-progress-report-2025,transmission,priority,55,Transmission KIT Batang ke Inc. (Batang New - Weleri),JAWA TENGAH,2025,11,km,,,,,,plan_only,74fb460fd09e76607e3cff308f5ba2754f2ebd91b0c9b7613c1a041e7b361162,"Appendix 1, table 2, printed row 55",Progress Report 2025 priority-project line; plan values are not financing events
idn-progress25-transmission-056,IDN,idn-jetp-progress-report-2025,transmission,priority,56,Transmission Kudus II / Nalumsari ke Inc. (Kudus - Jepara),JAWA TENGAH,2025,1,km,,,,,,plan_only,74fb460fd09e76607e3cff308f5ba2754f2ebd91b0c9b7613c1a041e7b361162,"Appendix 1, table 2, printed row 56",Progress Report 2025 priority-project line; plan values are not financing events
idn-progress25-transmission-057,IDN,idn-jetp-progress-report-2025,transmission,priority,57,Transmission KIT Batang ke Inc. (Batang New - Weleri),JAWA TENGAH,2025,11,km,,,,,,plan_only,74fb460fd09e76607e3cff308f5ba2754f2ebd91b0c9b7613c1a041e7b361162,"Appendix 1, table 2, printed row 57",Progress Report 2025 priority-project line; plan values are not financing events
idn-progress25-transmission-058,IDN,idn-jetp-progress-report-2025,transmission,priority,58,Transmission Bangil ke Inc. (Paiton - Kediri),JAWA TIMUR,2025,8,km,,,,,,plan_only,74fb460fd09e76607e3cff308f5ba2754f2ebd91b0c9b7613c1a041e7b361162,"Appendix 1, table 2, printed row 58",Progress Report 2025 priority-project line; plan values are not financing events
idn-progress25-transmission-059,IDN,idn-jetp-progress-report-2025,transmission,priority,59,Transmission Bangil ke Bulukandang,JAWA TIMUR,2025,27.8,km,,,,,,plan_only,74fb460fd09e76607e3cff308f5ba2754f2ebd91b0c9b7613c1a041e7b361162,"Appendix 1, table 2, printed row 59",Progress Report 2025 priority-project line; plan values are not financing events
idn-progress25-transmission-060,IDN,idn-jetp-progress-report-2025,transmission,priority,60,Transmission Bangil ke Lawang,JAWA TIMUR,2025,32,km,,,,,,plan_only,74fb460fd09e76607e3cff308f5ba2754f2ebd91b0c9b7613c1a041e7b361162,"Appendix 1, table 2, printed row 60",Progress Report 2025 priority-project line; plan values are not financing events
idn-progress25-transmission-061,IDN,idn-jetp-progress-report-2025,transmission,priority,61,Transmission Bulukandang ke Lawang,JAWA TIMUR,2025,20.9,km,,,,,,plan_only,74fb460fd09e76607e3cff308f5ba2754f2ebd91b0c9b7613c1a041e7b361162,"Appendix 1, table 2, printed row 61",Progress Report 2025 priority-project line; plan values are not financing events
idn-progress25-transmission-062,IDN,idn-jetp-progress-report-2025,transmission,priority,62,Transmission Tx. Kebon Agung ke Kebon Agung,JAWA TIMUR,2025,29.0,km,,,,,,plan_only,74fb460fd09e76607e3cff308f5ba2754f2ebd91b0c9b7613c1a041e7b361162,"Appendix 1, table 2, printed row 62",Progress Report 2025 priority-project line; plan values are not financing events
idn-progress25-transmission-063,IDN,idn-jetp-progress-report-2025,transmission,priority,63,Transmission PLTP Ijen ke Banyuwangi,JAWA TIMUR,2025,60,km,,,,,,plan_only,74fb460fd09e76607e3cff308f5ba2754f2ebd91b0c9b7613c1a041e7b361162,"Appendix 1, table 2, printed row 63",Progress Report 2025 priority-project line; plan values are not financing events
idn-progress25-transmission-064,IDN,idn-jetp-progress-report-2025,transmission,priority,64,Transmission Babat / Baureno ke Lamongan,JAWA TIMUR,2025,63,km,,,,,,plan_only,74fb460fd09e76607e3cff308f5ba2754f2ebd91b0c9b7613c1a041e7b361162,"Appendix 1, table 2, printed row 64",Progress Report 2025 priority-project line; plan values are not financing events
idn-progress25-transmission-065,IDN,idn-jetp-progress-report-2025,transmission,priority,65,Transmission Lamongan ke Cerme,JAWA TIMUR,2025,40.2,km,,,,,,plan_only,74fb460fd09e76607e3cff308f5ba2754f2ebd91b0c9b7613c1a041e7b361162,"Appendix 1, table 2, printed row 65",Progress Report 2025 priority-project line; plan values are not financing events
idn-progress25-transmission-066,IDN,idn-jetp-progress-report-2025,transmission,priority,66,Transmission Kediri ke Mojoagung,JAWA TIMUR,2025,98,km,,,,,,plan_only,74fb460fd09e76607e3cff308f5ba2754f2ebd91b0c9b7613c1a041e7b361162,"Appendix 1, table 2, printed row 66",Progress Report 2025 priority-project line; plan values are not financing events
idn-progress25-transmission-067,IDN,idn-jetp-progress-report-2025,transmission,priority,67,Transmission PLTS Karangkates ke Sutami,JAWA TIMUR,2025,10,km,,,,,,plan_only,74fb460fd09e76607e3cff308f5ba2754f2ebd91b0c9b7613c1a041e7b361162,"Appendix 1, table 2, printed row 67",Progress Report 2025 priority-project line; plan values are not financing events
idn-progress25-transmission-068,IDN,idn-jetp-progress-report-2025,transmission,priority,68,Transmission Waru ke Krian,JAWA TIMUR,2025,45,km,,,,,,plan_only,74fb460fd09e76607e3cff308f5ba2754f2ebd91b0c9b7613c1a041e7b361162,"Appendix 1, table 2, printed row 68",Progress Report 2025 priority-project line; plan values are not financing events
idn-progress25-transmission-069,IDN,idn-jetp-progress-report-2025,transmission,priority,69,Transmission Paiton ke Watudodol / Kalipuro,JAWA TIMUR,2025,262.0,km,,,,,,plan_only,74fb460fd09e76607e3cff308f5ba2754f2ebd91b0c9b7613c1a041e7b361162,"Appendix 1, table 2, printed row 69",Progress Report 2025 priority-project line; plan values are not financing events
idn-progress25-transmission-070,IDN,idn-jetp-progress-report-2025,transmission,priority,70,Transmission Kalipuro New ke Inc. (Situbondo - Banyuwangi),JAWA TIMUR,2025,200,km,,,,,,plan_only,74fb460fd09e76607e3cff308f5ba2754f2ebd91b0c9b7613c1a041e7b361162,"Appendix 1, table 2, printed row 70",Progress Report 2025 priority-project line; plan values are not financing events
idn-progress25-transmission-071,IDN,idn-jetp-progress-report-2025,transmission,priority,71,Transmission PLTS Bali Barat ke Negara,BALI,2025,10.92,km,,,,,,plan_only,74fb460fd09e76607e3cff308f5ba2754f2ebd91b0c9b7613c1a041e7b361162,"Appendix 1, table 2, printed row 71",Progress Report 2025 priority-project line; plan values are not financing events
idn-progress25-transmission-072,IDN,idn-jetp-progress-report-2025,transmission,priority,72,Transmission PLTS Bali Timur ke Kubu,BALI,2025,3.16,km,,,,,,plan_only,74fb460fd09e76607e3cff308f5ba2754f2ebd91b0c9b7613c1a041e7b361162,"Appendix 1, table 2, printed row 72",Progress Report 2025 priority-project line; plan values are not financing events
idn-progress25-transmission-073,IDN,idn-jetp-progress-report-2025,transmission,priority,73,Transmission Blang Pidie ke Tapak Tuan,ACEH,2025,130,km,,,,,,plan_only,74fb460fd09e76607e3cff308f5ba2754f2ebd91b0c9b7613c1a041e7b361162,"Appendix 1, table 2, printed row 73",Progress Report 2025 priority-project line; plan values are not financing events
idn-progress25-transmission-074,IDN,idn-jetp-progress-report-2025,transmission,priority,74,Transmission Manna ke Bintuhan,BENGKULU,2025,124,km,,,,,,plan_only,74fb460fd09e76607e3cff308f5ba2754f2ebd91b0c9b7613c1a041e7b361162,"Appendix 1, table 2, printed row 74",Progress Report 2025 priority-project line; plan values are not financing events
idn-progress25-transmission-075,IDN,idn-jetp-progress-report-2025,transmission,priority,75,Transmission PLTA Merangin ke Inc. (Arah Bangko),JAMBI,2025,2,km,,,,,,plan_only,74fb460fd09e76607e3cff308f5ba2754f2ebd91b0c9b7613c1a041e7b361162,"Appendix 1, table 2, printed row 75",Progress Report 2025 priority-project line; plan values are not financing events
idn-progress25-transmission-076,IDN,idn-jetp-progress-report-2025,transmission,priority,76,Transmission PLTA Merangin ke Inc. (Arah Sungai Penuh),JAMBI,2025,2,km,,,,,,plan_only,74fb460fd09e76607e3cff308f5ba2754f2ebd91b0c9b7613c1a041e7b361162,"Appendix 1, table 2, printed row 76",Progress Report 2025 priority-project line; plan values are not financing events
idn-progress25-transmission-077,IDN,idn-jetp-progress-report-2025,transmission,priority,77,Transmission Kuala Tungkal ke Pelabuhan Dagang,JAMBI,2025,70,km,,,,,,plan_only,74fb460fd09e76607e3cff308f5ba2754f2ebd91b0c9b7613c1a041e7b361162,"Appendix 1, table 2, printed row 77",Progress Report 2025 priority-project line; plan values are not financing events
idn-progress25-transmission-078,IDN,idn-jetp-progress-report-2025,transmission,priority,78,Transmission Sandai ke Tayan,KALIMANTAN BARAT,2025,332,km,,,,,,plan_only,74fb460fd09e76607e3cff308f5ba2754f2ebd91b0c9b7613c1a041e7b361162,"Appendix 1, table 2, printed row 78",Progress Report 2025 priority-project line; plan values are not financing events
idn-progress25-transmission-079,IDN,idn-jetp-progress-report-2025,transmission,priority,79,Transmission Air Upas ke Inc 2 phi (Kendawangan - Sukamara),KALIMANTAN BARAT,2025,20,km,,,,,,plan_only,74fb460fd09e76607e3cff308f5ba2754f2ebd91b0c9b7613c1a041e7b361162,"Appendix 1, table 2, printed row 79",Progress Report 2025 priority-project line; plan values are not financing events
idn-progress25-transmission-080,IDN,idn-jetp-progress-report-2025,transmission,priority,80,Transmission Ambawang ke Inc 2 phi (Siantan - Tayan),KALIMANTAN BARAT,2025,14,km,,,,,,plan_only,74fb460fd09e76607e3cff308f5ba2754f2ebd91b0c9b7613c1a041e7b361162,"Appendix 1, table 2, printed row 80",Progress Report 2025 priority-project line; plan values are not financing events
idn-progress25-transmission-081,IDN,idn-jetp-progress-report-2025,transmission,priority,81,Transmission Sintang ke Nanga Pinoh,KALIMANTAN BARAT,2025,112,km,,,,,,plan_only,74fb460fd09e76607e3cff308f5ba2754f2ebd91b0c9b7613c1a041e7b361162,"Appendix 1, table 2, printed row 81",Progress Report 2025 priority-project line; plan values are not financing events
idn-progress25-transmission-082,IDN,idn-jetp-progress-report-2025,transmission,priority,82,Transmission Asam-Asam ke Satui,KALIMANTAN SELATAN,2025,128,km,,,,,,plan_only,74fb460fd09e76607e3cff308f5ba2754f2ebd91b0c9b7613c1a041e7b361162,"Appendix 1, table 2, printed row 82",Progress Report 2025 priority-project line; plan values are not financing events
idn-progress25-transmission-083,IDN,idn-jetp-progress-report-2025,transmission,priority,83,Transmission Puruk Cahu ke Kuala Kurun,KALIMANTAN TENGAH,2025,94,km,,,,,,plan_only,74fb460fd09e76607e3cff308f5ba2754f2ebd91b0c9b7613c1a041e7b361162,"Appendix 1, table 2, printed row 83",Progress Report 2025 priority-project line; plan values are not financing events
idn-progress25-transmission-084,IDN,idn-jetp-progress-report-2025,transmission,priority,84,Transmission Pangkalan Bun ke PT KLM,KALIMANTAN TENGAH,2025,22,km,,,,,,plan_only,74fb460fd09e76607e3cff308f5ba2754f2ebd91b0c9b7613c1a041e7b361162,"Appendix 1, table 2, printed row 84",Progress Report 2025 priority-project line; plan values are not financing events
idn-progress25-transmission-085,IDN,idn-jetp-progress-report-2025,transmission,priority,85,Transmission Inc 2 Phi (Kariangau - Petung) ke Tempadung,KALIMANTAN TIMUR,2025,4,km,,,,,,plan_only,74fb460fd09e76607e3cff308f5ba2754f2ebd91b0c9b7613c1a041e7b361162,"Appendix 1, table 2, printed row 85",Progress Report 2025 priority-project line; plan values are not financing events
idn-progress25-transmission-086,IDN,idn-jetp-progress-report-2025,transmission,priority,86,Transmission Tempadung ke MMP,KALIMANTAN TIMUR,2025,6,km,,,,,,plan_only,74fb460fd09e76607e3cff308f5ba2754f2ebd91b0c9b7613c1a041e7b361162,"Appendix 1, table 2, printed row 86",Progress Report 2025 priority-project line; plan values are not financing events
idn-progress25-transmission-087,IDN,idn-jetp-progress-report-2025,transmission,priority,87,Transmission Tanjung REdeb ke Talisayan,KALIMANTAN TIMUR,2025,210,km,,,,,,plan_only,74fb460fd09e76607e3cff308f5ba2754f2ebd91b0c9b7613c1a041e7b361162,"Appendix 1, table 2, printed row 87",Progress Report 2025 priority-project line; plan values are not financing events
idn-progress25-transmission-088,IDN,idn-jetp-progress-report-2025,transmission,priority,88,Transmission Talisayan ke Maloy,KALIMANTAN TIMUR,2025,234,km,,,,,,plan_only,74fb460fd09e76607e3cff308f5ba2754f2ebd91b0c9b7613c1a041e7b361162,"Appendix 1, table 2, printed row 88",Progress Report 2025 priority-project line; plan values are not financing events
idn-progress25-transmission-089,IDN,idn-jetp-progress-report-2025,transmission,priority,89,Transmission Tanjung Selor ke Tidang Pale,KALIMANTAN UTARA,2025,226,km,,,,,,plan_only,74fb460fd09e76607e3cff308f5ba2754f2ebd91b0c9b7613c1a041e7b361162,"Appendix 1, table 2, printed row 89",Progress Report 2025 priority-project line; plan values are not financing events
idn-progress25-transmission-090,IDN,idn-jetp-progress-report-2025,transmission,priority,90,Transmission Gumawang ke Lampung-1,LAMPUNG,2025,324,km,,,,,,plan_only,74fb460fd09e76607e3cff308f5ba2754f2ebd91b0c9b7613c1a041e7b361162,"Appendix 1, table 2, printed row 90",Progress Report 2025 priority-project line; plan values are not financing events
idn-progress25-transmission-091,IDN,idn-jetp-progress-report-2025,transmission,priority,91,Transmission Dente Teladas ke Seputih Banyak,LAMPUNG,2025,120,km,,,,,,plan_only,74fb460fd09e76607e3cff308f5ba2754f2ebd91b0c9b7613c1a041e7b361162,"Appendix 1, table 2, printed row 91",Progress Report 2025 priority-project line; plan values are not financing events
idn-progress25-transmission-092,IDN,idn-jetp-progress-report-2025,transmission,priority,92,Transmission Gedong Tataan ke Teluk Ratai,LAMPUNG,2025,60,km,,,,,,plan_only,74fb460fd09e76607e3cff308f5ba2754f2ebd91b0c9b7613c1a041e7b361162,"Appendix 1, table 2, printed row 92",Progress Report 2025 priority-project line; plan values are not financing events
idn-progress25-transmission-093,IDN,idn-jetp-progress-report-2025,transmission,priority,93,Transmission Lampung-1 ke Inc. 2 Phi (Tegineneng - Metro - Sribawono) Arah Metro/Sribawono,LAMPUNG,2025,4,km,,,,,,plan_only,74fb460fd09e76607e3cff308f5ba2754f2ebd91b0c9b7613c1a041e7b361162,"Appendix 1, table 2, printed row 93",Progress Report 2025 priority-project line; plan values are not financing events
idn-progress25-transmission-094,IDN,idn-jetp-progress-report-2025,transmission,priority,94,Transmission Sorek ke Inc. 2 Phi (Rengat-Pangkalan Kerinci),RIAU,2025,1,km,,,,,,plan_only,74fb460fd09e76607e3cff308f5ba2754f2ebd91b0c9b7613c1a041e7b361162,"Appendix 1, table 2, printed row 94",Progress Report 2025 priority-project line; plan values are not financing events
idn-progress25-transmission-095,IDN,idn-jetp-progress-report-2025,transmission,priority,95,Transmission KID ke Pakning,RIAU,2025,134,km,,,,,,plan_only,74fb460fd09e76607e3cff308f5ba2754f2ebd91b0c9b7613c1a041e7b361162,"Appendix 1, table 2, printed row 95",Progress Report 2025 priority-project line; plan values are not financing events
idn-progress25-transmission-096,IDN,idn-jetp-progress-report-2025,transmission,priority,96,Transmission Muara Enim (tx) (Sirkit 2) ke Gumawang (Sirkit 2),SUMATERA SELATAN,2025,86,km,,,,,,plan_only,74fb460fd09e76607e3cff308f5ba2754f2ebd91b0c9b7613c1a041e7b361162,"Appendix 1, table 2, printed row 96",Progress Report 2025 priority-project line; plan values are not financing events
idn-progress25-transmission-097,IDN,idn-jetp-progress-report-2025,transmission,priority,97,Transmission Muara Enim (Sirkit 2) ke Muara Enim (tx) (Incomer 2/arah Gumawang) (Sirkit 2),SUMATERA SELATAN,2025,32,km,,,,,,plan_only,74fb460fd09e76607e3cff308f5ba2754f2ebd91b0c9b7613c1a041e7b361162,"Appendix 1, table 2, printed row 97",Progress Report 2025 priority-project line; plan values are not financing events
idn-progress25-transmission-098,IDN,idn-jetp-progress-report-2025,transmission,priority,98,Transmission Betung ke Palembang -1/Palembang Utara,SUMATERA SELATAN,2025,140,km,,,,,,plan_only,74fb460fd09e76607e3cff308f5ba2754f2ebd91b0c9b7613c1a041e7b361162,"Appendix 1, table 2, printed row 98",Progress Report 2025 priority-project line; plan values are not financing events
idn-progress25-transmission-099,IDN,idn-jetp-progress-report-2025,transmission,priority,99,Transmission PLTU Sumsel-1 ke Betung,SUMATERA SELATAN,2025,160,km,,,,,,plan_only,74fb460fd09e76607e3cff308f5ba2754f2ebd91b0c9b7613c1a041e7b361162,"Appendix 1, table 2, printed row 99",Progress Report 2025 priority-project line; plan values are not financing events
idn-progress25-transmission-100,IDN,idn-jetp-progress-report-2025,transmission,priority,100,Transmission Sarolangun ke Muara Rupit,SUMATERA SELATAN,2025,80,km,,,,,,plan_only,74fb460fd09e76607e3cff308f5ba2754f2ebd91b0c9b7613c1a041e7b361162,"Appendix 1, table 2, printed row 100",Progress Report 2025 priority-project line; plan values are not financing events
idn-progress25-transmission-101,IDN,idn-jetp-progress-report-2025,transmission,priority,101,Transmission Lubuk Linggau ke Tebing Tinggi (Sirkit 2),SUMATERA SELATAN,2025,55,km,,,,,,plan_only,74fb460fd09e76607e3cff308f5ba2754f2ebd91b0c9b7613c1a041e7b361162,"Appendix 1, table 2, printed row 101",Progress Report 2025 priority-project line; plan values are not financing events
idn-progress25-transmission-102,IDN,idn-jetp-progress-report-2025,transmission,priority,102,Transmission Tugumulyo ke Gumawang,SUMATERA SELATAN,2025,60,km,,,,,,plan_only,74fb460fd09e76607e3cff308f5ba2754f2ebd91b0c9b7613c1a041e7b361162,"Appendix 1, table 2, printed row 102",Progress Report 2025 priority-project line; plan values are not financing events
idn-progress25-transmission-103,IDN,idn-jetp-progress-report-2025,transmission,priority,103,Transmission PLTSa Palembang ke Inc. 2 Phi (Keramasan-Gandus),SUMATERA SELATAN,2025,14,km,,,,,,plan_only,74fb460fd09e76607e3cff308f5ba2754f2ebd91b0c9b7613c1a041e7b361162,"Appendix 1, table 2, printed row 103",Progress Report 2025 priority-project line; plan values are not financing events
idn-progress25-transmission-104,IDN,idn-jetp-progress-report-2025,transmission,priority,104,Transmission Tx1 Tanjung Api-Api ke Tx2 Tanjung Api-Api,SUMATERA SELATAN,2025,4,km,,,,,,plan_only,74fb460fd09e76607e3cff308f5ba2754f2ebd91b0c9b7613c1a041e7b361162,"Appendix 1, table 2, printed row 104",Progress Report 2025 priority-project line; plan values are not financing events
idn-progress25-transmission-105,IDN,idn-jetp-progress-report-2025,transmission,priority,105,Transmission PLTU Sumbagsel-1 ke Baturaja,SUMATERA SELATAN,2025,20,km,,,,,,plan_only,74fb460fd09e76607e3cff308f5ba2754f2ebd91b0c9b7613c1a041e7b361162,"Appendix 1, table 2, printed row 105",Progress Report 2025 priority-project line; plan values are not financing events
idn-progress25-transmission-106,IDN,idn-jetp-progress-report-2025,transmission,priority,106,Transmission Simangkok ke PLTA Asahan III (FTP 2),SUMATERA UTARA,2025,22,km,,,,,,plan_only,74fb460fd09e76607e3cff308f5ba2754f2ebd91b0c9b7613c1a041e7b361162,"Appendix 1, table 2, printed row 106",Progress Report 2025 priority-project line; plan values are not financing events
idn-progress25-transmission-107,IDN,idn-jetp-progress-report-2025,transmission,priority,107,Transmission PLTMG Minahasa ke Likupang,SULAWESI UTARA,2026,1,km,,,,,,plan_only,74fb460fd09e76607e3cff308f5ba2754f2ebd91b0c9b7613c1a041e7b361162,"Appendix 1, table 2, printed row 107",Progress Report 2025 priority-project line; plan values are not financing events
idn-progress25-transmission-108,IDN,idn-jetp-progress-report-2025,transmission,priority,108,Transmission Bangkir ke Incomer 2 Phi (Moutong - Toli-Toli),SULAWESI TENGAH,2026,180,km,,,,,,plan_only,74fb460fd09e76607e3cff308f5ba2754f2ebd91b0c9b7613c1a041e7b361162,"Appendix 1, table 2, printed row 108",Progress Report 2025 priority-project line; plan values are not financing events
idn-progress25-transmission-109,IDN,idn-jetp-progress-report-2025,transmission,priority,109,Transmission GITET Wotu ke GITET Bungku,SULAWESI SELATAN,2026,478,km,,,,,,plan_only,74fb460fd09e76607e3cff308f5ba2754f2ebd91b0c9b7613c1a041e7b361162,"Appendix 1, table 2, printed row 109",Progress Report 2025 priority-project line; plan values are not financing events
idn-progress25-transmission-110,IDN,idn-jetp-progress-report-2025,transmission,priority,110,Transmission PLTB Sulbagsel (Kuota) Tersebar 60 MW ke GI Eksisting / New Sistem Sulbagsel,SULAWESI SELATAN,2026,10,km,,,,,,plan_only,74fb460fd09e76607e3cff308f5ba2754f2ebd91b0c9b7613c1a041e7b361162,"Appendix 1, table 2, printed row 110",Progress Report 2025 priority-project line; plan values are not financing events
idn-progress25-transmission-111,IDN,idn-jetp-progress-report-2025,transmission,priority,111,Transmission GITET Andowia ke GITET Kendari,SULAWESI TENGGARA,2026,258,km,,,,,,plan_only,74fb460fd09e76607e3cff308f5ba2754f2ebd91b0c9b7613c1a041e7b361162,"Appendix 1, table 2, printed row 111",Progress Report 2025 priority-project line; plan values are not financing events
idn-progress25-transmission-112,IDN,idn-jetp-progress-report-2025,transmission,priority,112,Transmission GITET Bungku ke GITET Andowia,SULAWESI TENGGARA,2026,232,km,,,,,,plan_only,74fb460fd09e76607e3cff308f5ba2754f2ebd91b0c9b7613c1a041e7b361162,"Appendix 1, table 2, printed row 112",Progress Report 2025 priority-project line; plan values are not financing events
idn-progress25-transmission-113,IDN,idn-jetp-progress-report-2025,transmission,priority,113,Transmission Polman ke Mamasa,SULAWESI BARAT,2026,80,km,,,,,,plan_only,74fb460fd09e76607e3cff308f5ba2754f2ebd91b0c9b7613c1a041e7b361162,"Appendix 1, table 2, printed row 113",Progress Report 2025 priority-project line; plan values are not financing events
idn-progress25-transmission-114,IDN,idn-jetp-progress-report-2025,transmission,priority,114,Transmission PLTMG Seram 2 ke GI Masohi,MALUKU,2026,20,km,,,,,,plan_only,74fb460fd09e76607e3cff308f5ba2754f2ebd91b0c9b7613c1a041e7b361162,"Appendix 1, table 2, printed row 114",Progress Report 2025 priority-project line; plan values are not financing events
idn-progress25-transmission-115,IDN,idn-jetp-progress-report-2025,transmission,priority,115,Transmission PLTMG Manokwari ke GI Prafi,"PAPUA BARAT, PAPUA BARAT DAYA",2026,80,km,,,,,,plan_only,74fb460fd09e76607e3cff308f5ba2754f2ebd91b0c9b7613c1a041e7b361162,"Appendix 1, table 2, printed row 115",Progress Report 2025 priority-project line; plan values are not financing events
idn-progress25-transmission-116,IDN,idn-jetp-progress-report-2025,transmission,priority,116,Transmission GI Waingapu ke Shrimp Farming,NUSA TENGGARA TIMUR,2026,56,km,,,,,,plan_only,74fb460fd09e76607e3cff308f5ba2754f2ebd91b0c9b7613c1a041e7b361162,"Appendix 1, table 2, printed row 116",Progress Report 2025 priority-project line; plan values are not financing events
idn-progress25-transmission-117,IDN,idn-jetp-progress-report-2025,transmission,priority,117,Transmission GI Waingapu ke PLTMG Waingapu,NUSA TENGGARA TIMUR,2026,51.8,km,,,,,,plan_only,74fb460fd09e76607e3cff308f5ba2754f2ebd91b0c9b7613c1a041e7b361162,"Appendix 1, table 2, printed row 117",Progress Report 2025 priority-project line; plan values are not financing events
idn-progress25-transmission-118,IDN,idn-jetp-progress-report-2025,transmission,priority,118,Transmission Cawang Lama ke Tx. Cawang Lama,DKI JAKARTA,2026,9.1,km,,,,,,plan_only,74fb460fd09e76607e3cff308f5ba2754f2ebd91b0c9b7613c1a041e7b361162,"Appendix 1, table 2, printed row 118",Progress Report 2025 priority-project line; plan values are not financing events
idn-progress25-transmission-119,IDN,idn-jetp-progress-report-2025,transmission,priority,119,Transmission Duren Tiga II / Ragunan ke Tx. Ragunan,DKI JAKARTA,2026,2.6,km,,,,,,plan_only,74fb460fd09e76607e3cff308f5ba2754f2ebd91b0c9b7613c1a041e7b361162,"Appendix 1, table 2, printed row 119",Progress Report 2025 priority-project line; plan values are not financing events
idn-progress25-transmission-120,IDN,idn-jetp-progress-report-2025,transmission,priority,120,Transmission Serang Selatan / Baros ke Rangkas Baru,BANTEN,2026,60,km,,,,,,plan_only,74fb460fd09e76607e3cff308f5ba2754f2ebd91b0c9b7613c1a041e7b361162,"Appendix 1, table 2, printed row 120",Progress Report 2025 priority-project line; plan values are not financing events
idn-progress25-transmission-121,IDN,idn-jetp-progress-report-2025,transmission,priority,121,Transmission Babakan Baru ke Inc. (CEP Brebes),JAWA BARAT,2026,4,km,,,,,,plan_only,74fb460fd09e76607e3cff308f5ba2754f2ebd91b0c9b7613c1a041e7b361162,"Appendix 1, table 2, printed row 121",Progress Report 2025 priority-project line; plan values are not financing events
idn-progress25-transmission-122,IDN,idn-jetp-progress-report-2025,transmission,priority,122,Transmission Rancacaek ke Sunyaragi,JAWA BARAT,2026,166,km,,,,,,plan_only,74fb460fd09e76607e3cff308f5ba2754f2ebd91b0c9b7613c1a041e7b361162,"Appendix 1, table 2, printed row 122",Progress Report 2025 priority-project line; plan values are not financing events
idn-progress25-transmission-123,IDN,idn-jetp-progress-report-2025,transmission,priority,123,Transmission New Porong ke Tx. Bangil (T148A),JAWA TIMUR,2026,23.2,km,,,,,,plan_only,74fb460fd09e76607e3cff308f5ba2754f2ebd91b0c9b7613c1a041e7b361162,"Appendix 1, table 2, printed row 123",Progress Report 2025 priority-project line; plan values are not financing events
idn-progress25-transmission-124,IDN,idn-jetp-progress-report-2025,transmission,priority,124,Transmission Caruban Baru ke Manisrejo,JAWA TIMUR,2026,34,km,,,,,,plan_only,74fb460fd09e76607e3cff308f5ba2754f2ebd91b0c9b7613c1a041e7b361162,"Appendix 1, table 2, printed row 124",Progress Report 2025 priority-project line; plan values are not financing events
idn-progress25-transmission-125,IDN,idn-jetp-progress-report-2025,transmission,priority,125,Transmission Simpang Silat ke Putussibau,KALIMANTAN BARAT,2026,332,km,,,,,,plan_only,74fb460fd09e76607e3cff308f5ba2754f2ebd91b0c9b7613c1a041e7b361162,"Appendix 1, table 2, printed row 125",Progress Report 2025 priority-project line; plan values are not financing events
idn-progress25-transmission-126,IDN,idn-jetp-progress-report-2025,transmission,priority,126,Transmission Sintang ke Simpang Silat,KALIMANTAN BARAT,2026,110,km,,,,,,plan_only,74fb460fd09e76607e3cff308f5ba2754f2ebd91b0c9b7613c1a041e7b361162,"Appendix 1, table 2, printed row 126",Progress Report 2025 priority-project line; plan values are not financing events
idn-progress25-transmission-127,IDN,idn-jetp-progress-report-2025,transmission,priority,127,Transmission Simpang Tunjung ke Inc 2 phi (Tayan - Sanggau,KALIMANTAN BARAT,2026,8,km,,,,,,plan_only,74fb460fd09e76607e3cff308f5ba2754f2ebd91b0c9b7613c1a041e7b361162,"Appendix 1, table 2, printed row 127",Progress Report 2025 priority-project line; plan values are not financing events
idn-progress25-transmission-128,IDN,idn-jetp-progress-report-2025,transmission,priority,128,Transmission Simpang Tunjung ke Sekayam,KALIMANTAN BARAT,2026,130,km,,,,,,plan_only,74fb460fd09e76607e3cff308f5ba2754f2ebd91b0c9b7613c1a041e7b361162,"Appendix 1, table 2, printed row 128",Progress Report 2025 priority-project line; plan values are not financing events
idn-progress25-transmission-129,IDN,idn-jetp-progress-report-2025,transmission,priority,129,Transmission Badau ke Simpang Silat,KALIMANTAN TIMUR,2026,256,km,,,,,,plan_only,74fb460fd09e76607e3cff308f5ba2754f2ebd91b0c9b7613c1a041e7b361162,"Appendix 1, table 2, printed row 129",Progress Report 2025 priority-project line; plan values are not financing events
idn-progress25-transmission-130,IDN,idn-jetp-progress-report-2025,transmission,priority,130,Transmission Muara Wahau ke Sangatta,KALIMANTAN TIMUR,2026,8,km,,,,,,plan_only,74fb460fd09e76607e3cff308f5ba2754f2ebd91b0c9b7613c1a041e7b361162,"Appendix 1, table 2, printed row 130",Progress Report 2025 priority-project line; plan values are not financing events
idn-progress25-transmission-131,IDN,idn-jetp-progress-report-2025,transmission,priority,131,Transmission Samboja ke Inc 2 Phi (Karangjoang - Harapan Baru),KALIMANTAN UTARA,2026,4,km,,,,,,plan_only,74fb460fd09e76607e3cff308f5ba2754f2ebd91b0c9b7613c1a041e7b361162,"Appendix 1, table 2, printed row 131",Progress Report 2025 priority-project line; plan values are not financing events
idn-progress25-transmission-132,IDN,idn-jetp-progress-report-2025,transmission,priority,132,Transmission Sekatak ke Inc 2 phi (Tanjung Selor - Tidung Pale),KALIMANTAN UTARA,2026,112,km,,,,,,plan_only,74fb460fd09e76607e3cff308f5ba2754f2ebd91b0c9b7613c1a041e7b361162,"Appendix 1, table 2, printed row 132",Progress Report 2025 priority-project line; plan values are not financing events
idn-progress25-transmission-133,IDN,idn-jetp-progress-report-2025,transmission,priority,133,Transmission Sekatak ke Landing Point Apas Payau,KALIMANTAN UTARA,2026,4.4,km,,,,,,plan_only,74fb460fd09e76607e3cff308f5ba2754f2ebd91b0c9b7613c1a041e7b361162,"Appendix 1, table 2, printed row 133",Progress Report 2025 priority-project line; plan values are not financing events
idn-progress25-transmission-134,IDN,idn-jetp-progress-report-2025,transmission,priority,134,Transmission Landing Point Apas Payau ke Landing Point Juata,KALIMANTAN UTARA,2026,40,km,,,,,,plan_only,74fb460fd09e76607e3cff308f5ba2754f2ebd91b0c9b7613c1a041e7b361162,"Appendix 1, table 2, printed row 134",Progress Report 2025 priority-project line; plan values are not financing events
idn-progress25-transmission-135,IDN,idn-jetp-progress-report-2025,transmission,priority,135,Transmission Landing Point Juata ke Tarakan,KEPULAUAN RIAU,2026,14,km,,,,,,plan_only,74fb460fd09e76607e3cff308f5ba2754f2ebd91b0c9b7613c1a041e7b361162,"Appendix 1, table 2, printed row 135",Progress Report 2025 priority-project line; plan values are not financing events
idn-progress25-transmission-136,IDN,idn-jetp-progress-report-2025,transmission,priority,136,Transmission Landing Point TBK ke Tanjung Balai Karimun,LAMPUNG,2026,20,km,,,,,,plan_only,74fb460fd09e76607e3cff308f5ba2754f2ebd91b0c9b7613c1a041e7b361162,"Appendix 1, table 2, printed row 136",Progress Report 2025 priority-project line; plan values are not financing events
idn-progress25-transmission-137,IDN,idn-jetp-progress-report-2025,transmission,priority,137,Transmission Garuntang ke New Tarahan,RIAU,2026,70,km,,,,,,plan_only,74fb460fd09e76607e3cff308f5ba2754f2ebd91b0c9b7613c1a041e7b361162,"Appendix 1, table 2, printed row 137",Progress Report 2025 priority-project line; plan values are not financing events
idn-progress25-transmission-138,IDN,idn-jetp-progress-report-2025,transmission,priority,138,Transmission Bangkinang ke Lipat Kain,RIAU,2026,6,km,,,,,,plan_only,74fb460fd09e76607e3cff308f5ba2754f2ebd91b0c9b7613c1a041e7b361162,"Appendix 1, table 2, printed row 138",Progress Report 2025 priority-project line; plan values are not financing events
idn-progress25-transmission-139,IDN,idn-jetp-progress-report-2025,transmission,priority,139,Transmission Selat Panjang ke Pulau Rangsang,RIAU,2026,120,km,,,,,,plan_only,74fb460fd09e76607e3cff308f5ba2754f2ebd91b0c9b7613c1a041e7b361162,"Appendix 1, table 2, printed row 139",Progress Report 2025 priority-project line; plan values are not financing events
idn-progress25-transmission-140,IDN,idn-jetp-progress-report-2025,transmission,priority,140,Transmission Pulau Rangsang ke Landing Point Arah TBK,RIAU,2026,70,km,,,,,,plan_only,74fb460fd09e76607e3cff308f5ba2754f2ebd91b0c9b7613c1a041e7b361162,"Appendix 1, table 2, printed row 140",Progress Report 2025 priority-project line; plan values are not financing events
idn-progress25-transmission-141,IDN,idn-jetp-progress-report-2025,transmission,priority,141,Transmission Landing Point Arah TBK ke Landing Point TBK,SUMATERA BARAT,2026,140,km,,,,,,plan_only,74fb460fd09e76607e3cff308f5ba2754f2ebd91b0c9b7613c1a041e7b361162,"Appendix 1, table 2, printed row 141",Progress Report 2025 priority-project line; plan values are not financing events
idn-progress25-transmission-142,IDN,idn-jetp-progress-report-2025,transmission,priority,142,Transmission Ujung Gading ke Simpang Empat,SUMATERA SELATAN,2026,480,km,,,,,,plan_only,74fb460fd09e76607e3cff308f5ba2754f2ebd91b0c9b7613c1a041e7b361162,"Appendix 1, table 2, printed row 142",Progress Report 2025 priority-project line; plan values are not financing events
idn-progress25-transmission-143,IDN,idn-jetp-progress-report-2025,transmission,priority,143,Transmission Muara Enim/Sumsel 1 ke New Aur Duri / Jambi 2,SUMATERA UTARA,2026,40,km,,,,,,plan_only,74fb460fd09e76607e3cff308f5ba2754f2ebd91b0c9b7613c1a041e7b361162,"Appendix 1, table 2, printed row 143",Progress Report 2025 priority-project line; plan values are not financing events
idn-progress25-transmission-144,IDN,idn-jetp-progress-report-2025,transmission,priority,144,Transmission PLTA Batang Toru ke Inc. 2 Phi (Sarulla-Pd.Sidempuan),SUMATERA UTARA,2026,106,km,,,,,,plan_only,74fb460fd09e76607e3cff308f5ba2754f2ebd91b0c9b7613c1a041e7b361162,"Appendix 1, table 2, printed row 144",Progress Report 2025 priority-project line; plan values are not financing events
idn-progress25-transmission-145,IDN,idn-jetp-progress-report-2025,transmission,priority,145,Transmission PLTP Sorik Marapi (FTP 2) ke Natal,SUMATERA UTARA,2026,154,km,,,,,,plan_only,74fb460fd09e76607e3cff308f5ba2754f2ebd91b0c9b7613c1a041e7b361162,"Appendix 1, table 2, printed row 145",Progress Report 2025 priority-project line; plan values are not financing events
idn-progress25-transmission-146,IDN,idn-jetp-progress-report-2025,transmission,priority,146,Transmission Natal ke Ujung Gading,KALIMANTAN BARAT,2027,204,km,,,,,,plan_only,74fb460fd09e76607e3cff308f5ba2754f2ebd91b0c9b7613c1a041e7b361162,"Appendix 1, table 2, printed row 146",Progress Report 2025 priority-project line; plan values are not financing events
idn-progress25-transmission-147,IDN,idn-jetp-progress-report-2025,transmission,priority,147,Transmission Sumedang Baru ke Inc. (Sunyaragi - Rancaeek),JAWA BARAT,2027,5,km,,,,,,plan_only,74fb460fd09e76607e3cff308f5ba2754f2ebd91b0c9b7613c1a041e7b361162,"Appendix 1, table 2, printed row 147",Progress Report 2025 priority-project line; plan values are not financing events
idn-progress25-transmission-148,IDN,idn-jetp-progress-report-2025,transmission,priority,148,Transmission Kalanganyar ke Grati,JAWA TIMUR,2027,121.2,km,,,,,,plan_only,74fb460fd09e76607e3cff308f5ba2754f2ebd91b0c9b7613c1a041e7b361162,"Appendix 1, table 2, printed row 148",Progress Report 2025 priority-project line; plan values are not financing events
idn-progress25-transmission-149,IDN,idn-jetp-progress-report-2025,transmission,priority,149,Transmission Belang ke Tutuyan,SULAWESI UTARA,2027,80,km,,,,,,plan_only,74fb460fd09e76607e3cff308f5ba2754f2ebd91b0c9b7613c1a041e7b361162,"Appendix 1, table 2, printed row 149",Progress Report 2025 priority-project line; plan values are not financing events
idn-progress25-transmission-150,IDN,idn-jetp-progress-report-2025,transmission,priority,150,Transmission Kema (PLTU Sulut 3) ke Belang,SULAWESI UTARA,2027,110,km,,,,,,plan_only,74fb460fd09e76607e3cff308f5ba2754f2ebd91b0c9b7613c1a041e7b361162,"Appendix 1, table 2, printed row 150",Progress Report 2025 priority-project line; plan values are not financing events
idn-progress25-transmission-151,IDN,idn-jetp-progress-report-2025,transmission,priority,151,Transmission Likupang ke Bitung Baru,SULAWESI UTARA,2027,32,km,,,,,,plan_only,74fb460fd09e76607e3cff308f5ba2754f2ebd91b0c9b7613c1a041e7b361162,"Appendix 1, table 2, printed row 151",Progress Report 2025 priority-project line; plan values are not financing events
idn-progress25-transmission-152,IDN,idn-jetp-progress-report-2025,transmission,priority,152,Transmission Molibagu ke Botupingge,SULAWESI UTARA,2027,206,km,,,,,,plan_only,74fb460fd09e76607e3cff308f5ba2754f2ebd91b0c9b7613c1a041e7b361162,"Appendix 1, table 2, printed row 152",Progress Report 2025 priority-project line; plan values are not financing events
idn-progress25-transmission-153,IDN,idn-jetp-progress-report-2025,transmission,priority,153,Transmission Tutuyan ke Molibagu,SULAWESI UTARA,2027,160,km,,,,,,plan_only,74fb460fd09e76607e3cff308f5ba2754f2ebd91b0c9b7613c1a041e7b361162,"Appendix 1, table 2, printed row 153",Progress Report 2025 priority-project line; plan values are not financing events
idn-progress25-transmission-154,IDN,idn-jetp-progress-report-2025,transmission,priority,154,Transmission Lolak ke Kawasan Industri Boalangan Mongondow (KIMO),SULAWESI UTARA,2027,8,km,,,,,,plan_only,74fb460fd09e76607e3cff308f5ba2754f2ebd91b0c9b7613c1a041e7b361162,"Appendix 1, table 2, printed row 154",Progress Report 2025 priority-project line; plan values are not financing events
idn-progress25-transmission-155,IDN,idn-jetp-progress-report-2025,transmission,priority,155,Transmission PLTP Sulbagut (Kuota) Tersebar 30 MW ke GI Eksisting/New Sistem Sulbagut,SULAWESI UTARA,2027,20,km,,,,,,plan_only,74fb460fd09e76607e3cff308f5ba2754f2ebd91b0c9b7613c1a041e7b361162,"Appendix 1, table 2, printed row 155",Progress Report 2025 priority-project line; plan values are not financing events
idn-progress25-transmission-156,IDN,idn-jetp-progress-report-2025,transmission,priority,156,Transmission Kalora ke Incomer Single Phi (Poso-Palu Baru),SULAWESI TENGAH,2027,10,km,,,,,,plan_only,74fb460fd09e76607e3cff308f5ba2754f2ebd91b0c9b7613c1a041e7b361162,"Appendix 1, table 2, printed row 156",Progress Report 2025 priority-project line; plan values are not financing events
idn-progress25-transmission-157,IDN,idn-jetp-progress-report-2025,transmission,priority,157,Transmission Bungku (sisi 150 kV GITET Bungku) ke PT Hengjaya Mineralindo,SULAWESI TENGAH,2027,9,km,,,,,,plan_only,74fb460fd09e76607e3cff308f5ba2754f2ebd91b0c9b7613c1a041e7b361162,"Appendix 1, table 2, printed row 157",Progress Report 2025 priority-project line; plan values are not financing events
idn-progress25-transmission-158,IDN,idn-jetp-progress-report-2025,transmission,priority,158,Transmission Bungku (sisi 150 kV GITET Bungku) ke PT Sarana Mineralindo Perkasa,SULAWESI TENGAH,2027,82,km,,,,,,plan_only,74fb460fd09e76607e3cff308f5ba2754f2ebd91b0c9b7613c1a041e7b361162,"Appendix 1, table 2, printed row 158",Progress Report 2025 priority-project line; plan values are not financing events
idn-progress25-transmission-159,IDN,idn-jetp-progress-report-2025,transmission,priority,159,Transmission Pelanggan PT Gorontalo Mineral ke Botupingge,GORONTALO,2027,64,km,,,,,,plan_only,74fb460fd09e76607e3cff308f5ba2754f2ebd91b0c9b7613c1a041e7b361162,"Appendix 1, table 2, printed row 159",Progress Report 2025 priority-project line; plan values are not financing events
idn-progress25-transmission-160,IDN,idn-jetp-progress-report-2025,transmission,priority,160,Transmission Bantaeng Switching ke PT Buttatoa Smelter Pratama,SULAWESI SELATAN,2027,2,km,,,,,,plan_only,74fb460fd09e76607e3cff308f5ba2754f2ebd91b0c9b7613c1a041e7b361162,"Appendix 1, table 2, printed row 160",Progress Report 2025 priority-project line; plan values are not financing events
idn-progress25-transmission-161,IDN,idn-jetp-progress-report-2025,transmission,priority,161,Transmission Malili ke PT Huayou Int. Mining (Malili),SULAWESI SELATAN,2027,27,km,,,,,,plan_only,74fb460fd09e76607e3cff308f5ba2754f2ebd91b0c9b7613c1a041e7b361162,"Appendix 1, table 2, printed row 161",Progress Report 2025 priority-project line; plan values are not financing events
idn-progress25-transmission-162,IDN,idn-jetp-progress-report-2025,transmission,priority,162,Transmission Bantaeng Switching ke PT Huadi Dowstone,SULAWESI SELATAN,2027,2,km,,,,,,plan_only,74fb460fd09e76607e3cff308f5ba2754f2ebd91b0c9b7613c1a041e7b361162,"Appendix 1, table 2, printed row 162",Progress Report 2025 priority-project line; plan values are not financing events
idn-progress25-transmission-163,IDN,idn-jetp-progress-report-2025,transmission,priority,163,Transmission Bantaeng Switching ke PT Huadi 6 (Yatai SS),SULAWESI SELATAN,2027,2,km,,,,,,plan_only,74fb460fd09e76607e3cff308f5ba2754f2ebd91b0c9b7613c1a041e7b361162,"Appendix 1, table 2, printed row 163",Progress Report 2025 priority-project line; plan values are not financing events
idn-progress25-transmission-164,IDN,idn-jetp-progress-report-2025,transmission,priority,164,Transmission PLTB Sulbagsel (Kuota) Tersebar 70 MW ke GI Eksisting / New Sistem Sulbagsel,SULAWESI SELATAN,2027,10,km,,,,,,plan_only,74fb460fd09e76607e3cff308f5ba2754f2ebd91b0c9b7613c1a041e7b361162,"Appendix 1, table 2, printed row 164",Progress Report 2025 priority-project line; plan values are not financing events
idn-progress25-transmission-165,IDN,idn-jetp-progress-report-2025,transmission,priority,165,Transmission PLTGU/G/MG Sulbagsel 400 MW ke Bantaeng Switching,SULAWESI SELATAN,2027,10,km,,,,,,plan_only,74fb460fd09e76607e3cff308f5ba2754f2ebd91b0c9b7613c1a041e7b361162,"Appendix 1, table 2, printed row 165",Progress Report 2025 priority-project line; plan values are not financing events
idn-progress25-transmission-166,IDN,idn-jetp-progress-report-2025,transmission,priority,166,Transmission PLTGU/G/MG Sulbagsel 2 300 MW ke GI Eksisting / New Sistem Sulbagsel,SULAWESI SELATAN,2027,10,km,,,,,,plan_only,74fb460fd09e76607e3cff308f5ba2754f2ebd91b0c9b7613c1a041e7b361162,"Appendix 1, table 2, printed row 166",Progress Report 2025 priority-project line; plan values are not financing events
idn-progress25-transmission-167,IDN,idn-jetp-progress-report-2025,transmission,priority,167,Transmission Andowia (sisi 150 kV GITET Andowia) ke Vale Indonesia,SULAWESI TENGGARA,2027,31,km,,,,,,plan_only,74fb460fd09e76607e3cff308f5ba2754f2ebd91b0c9b7613c1a041e7b361162,"Appendix 1, table 2, printed row 167",Progress Report 2025 priority-project line; plan values are not financing events
idn-progress25-transmission-168,IDN,idn-jetp-progress-report-2025,transmission,priority,168,Transmission Kendari (sisi 150 kV GITET Kendari) ke PT Industri Smelter Nusantara (ISN),SULAWESI TENGGARA,2027,60,km,,,,,,plan_only,74fb460fd09e76607e3cff308f5ba2754f2ebd91b0c9b7613c1a041e7b361162,"Appendix 1, table 2, printed row 168",Progress Report 2025 priority-project line; plan values are not financing events
idn-progress25-transmission-169,IDN,idn-jetp-progress-report-2025,transmission,priority,169,Transmission Inc. 1 Phi (Malili - Lasusua) ke PT Kovalen Mining,SULAWESI TENGGARA,2027,2,km,,,,,,plan_only,74fb460fd09e76607e3cff308f5ba2754f2ebd91b0c9b7613c1a041e7b361162,"Appendix 1, table 2, printed row 169",Progress Report 2025 priority-project line; plan values are not financing events
idn-progress25-transmission-170,IDN,idn-jetp-progress-report-2025,transmission,priority,170,Transmission Andowia (sisi 150 kV GITET Andowia) ke PT Nikel Prima Gemilang,SULAWESI TENGGARA,2027,25,km,,,,,,plan_only,74fb460fd09e76607e3cff308f5ba2754f2ebd91b0c9b7613c1a041e7b361162,"Appendix 1, table 2, printed row 170",Progress Report 2025 priority-project line; plan values are not financing events
idn-progress25-transmission-171,IDN,idn-jetp-progress-report-2025,transmission,priority,171,Transmission PLTGU/G/MG Sulbagsel 300,SULAWESI TENGGARA,2027,10,km,,,,,,plan_only,74fb460fd09e76607e3cff308f5ba2754f2ebd91b0c9b7613c1a041e7b361162,"Appendix 1, table 2, printed row 171",Progress Report 2025 priority-project line; plan values are not financing events
idn-progress25-transmission-172,IDN,idn-jetp-progress-report-2025,transmission,priority,172,Transmission PLTGU/G/MG Sulbagsel 300 MW ke Kolaka Smelter,SULAWESI TENGGARA,2027,10,km,,,,,,plan_only,74fb460fd09e76607e3cff308f5ba2754f2ebd91b0c9b7613c1a041e7b361162,"Appendix 1, table 2, printed row 172",Progress Report 2025 priority-project line; plan values are not financing events
idn-progress25-transmission-173,IDN,idn-jetp-progress-report-2025,transmission,priority,173,Transmission PLTGU/G/MG Klaster PoCi 200 MW ke Kolaka Smelter,SULAWESI TENGGARA,2027,10,km,,,,,,plan_only,74fb460fd09e76607e3cff308f5ba2754f2ebd91b0c9b7613c1a041e7b361162,"Appendix 1, table 2, printed row 173",Progress Report 2025 priority-project line; plan values are not financing events
idn-progress25-transmission-174,IDN,idn-jetp-progress-report-2025,transmission,priority,174,Transmission GI Mako ke Inc. 1 phi (Namrole-Namlea),MALUKU,2027,2,km,,,,,,plan_only,74fb460fd09e76607e3cff308f5ba2754f2ebd91b0c9b7613c1a041e7b361162,"Appendix 1, table 2, printed row 174",Progress Report 2025 priority-project line; plan values are not financing events
idn-progress25-transmission-175,IDN,idn-jetp-progress-report-2025,transmission,priority,175,Transmission PLTS + BESS Ambon (Kuota) Tersebar 30 MW ke GI Eksisting/GI Rencana Sistem Ambon,MALUKU,2027,10,km,,,,,,plan_only,74fb460fd09e76607e3cff308f5ba2754f2ebd91b0c9b7613c1a041e7b361162,"Appendix 1, table 2, printed row 175",Progress Report 2025 priority-project line; plan values are not financing events
idn-progress25-transmission-176,IDN,idn-jetp-progress-report-2025,transmission,priority,176,Transmission GI Ternate 1 ke GI Tidore,MALUKU UTARA,2027,20,km,,,,,,plan_only,74fb460fd09e76607e3cff308f5ba2754f2ebd91b0c9b7613c1a041e7b361162,"Appendix 1, table 2, printed row 176",Progress Report 2025 priority-project line; plan values are not financing events
idn-progress25-transmission-177,IDN,idn-jetp-progress-report-2025,transmission,priority,177,Transmission GI Ternate 1 ke GI Tidore,MALUKU UTARA,2027,8,km,,,,,,plan_only,74fb460fd09e76607e3cff308f5ba2754f2ebd91b0c9b7613c1a041e7b361162,"Appendix 1, table 2, printed row 177",Progress Report 2025 priority-project line; plan values are not financing events
idn-progress25-transmission-178,IDN,idn-jetp-progress-report-2025,transmission,priority,178,Transmission PLTMG Tidore ke Incomer 1 phi (GI Ternate - GI Tidore),MALUKU UTARA,2027,20,km,,,,,,plan_only,74fb460fd09e76607e3cff308f5ba2754f2ebd91b0c9b7613c1a041e7b361162,"Appendix 1, table 2, printed row 178",Progress Report 2025 priority-project line; plan values are not financing events
idn-progress25-transmission-179,IDN,idn-jetp-progress-report-2025,transmission,priority,179,Transmission PLTMG Halmahera 1 ke Incomer 1 phi (GI Sofifi - GI Jailolo),MALUKU UTARA,2027,10,km,,,,,,plan_only,74fb460fd09e76607e3cff308f5ba2754f2ebd91b0c9b7613c1a041e7b361162,"Appendix 1, table 2, printed row 179",Progress Report 2025 priority-project line; plan values are not financing events
idn-progress25-transmission-180,IDN,idn-jetp-progress-report-2025,transmission,priority,180,Transmission PLTMG Sumbawa 4 ke Incomer 2 phi (Labuhan - Empang),NUSA TENGGARA BARAT,2027,12,km,,,,,,plan_only,74fb460fd09e76607e3cff308f5ba2754f2ebd91b0c9b7613c1a041e7b361162,"Appendix 1, table 2, printed row 180",Progress Report 2025 priority-project line; plan values are not financing events
idn-progress25-transmission-181,IDN,idn-jetp-progress-report-2025,transmission,priority,181,Transmission PLTB Lombok (Kuota) Tersebar 30 MW ke GI Eksisting/GI Rencana Sistem Lombok,NUSA TENGGARA BARAT,2027,10,km,,,,,,plan_only,74fb460fd09e76607e3cff308f5ba2754f2ebd91b0c9b7613c1a041e7b361162,"Appendix 1, table 2, printed row 181",Progress Report 2025 priority-project line; plan values are not financing events
idn-progress25-transmission-182,IDN,idn-jetp-progress-report-2025,transmission,priority,182,Transmission PLTS + BESS Sumbawa-Bima (Kuota) Tersebar 50 MW ke GI Eksisting/GI Rencana Sistem Sumbawa-Bima,NUSA TENGGARA BARAT,2027,10,km,,,,,,plan_only,74fb460fd09e76607e3cff308f5ba2754f2ebd91b0c9b7613c1a041e7b361162,"Appendix 1, table 2, printed row 182",Progress Report 2025 priority-project line; plan values are not financing events
idn-progress25-transmission-183,IDN,idn-jetp-progress-report-2025,transmission,priority,183,Transmission GI Amfoang ke GI Kefamenanu,NUSA TENGGARA TIMUR,2027,252,km,,,,,,plan_only,74fb460fd09e76607e3cff308f5ba2754f2ebd91b0c9b7613c1a041e7b361162,"Appendix 1, table 2, printed row 183",Progress Report 2025 priority-project line; plan values are not financing events
idn-progress25-transmission-184,IDN,idn-jetp-progress-report-2025,transmission,priority,184,Transmission GI Kefamenanu ke GI Malaka,NUSA TENGGARA TIMUR,2027,100,km,,,,,,plan_only,74fb460fd09e76607e3cff308f5ba2754f2ebd91b0c9b7613c1a041e7b361162,"Appendix 1, table 2, printed row 184",Progress Report 2025 priority-project line; plan values are not financing events
idn-progress25-transmission-185,IDN,idn-jetp-progress-report-2025,transmission,priority,185,Transmission GI Kupang / Maulaafa Baru ke GI Naibonat,NUSA TENGGARA TIMUR,2027,20,km,,,,,,plan_only,74fb460fd09e76607e3cff308f5ba2754f2ebd91b0c9b7613c1a041e7b361162,"Appendix 1, table 2, printed row 185",Progress Report 2025 priority-project line; plan values are not financing events
idn-progress25-transmission-186,IDN,idn-jetp-progress-report-2025,transmission,priority,186,Transmission GI Malaka ke GI Atambua,NUSA TENGGARA TIMUR,2027,96,km,,,,,,plan_only,74fb460fd09e76607e3cff308f5ba2754f2ebd91b0c9b7613c1a041e7b361162,"Appendix 1, table 2, printed row 186",Progress Report 2025 priority-project line; plan values are not financing events
idn-progress25-transmission-187,IDN,idn-jetp-progress-report-2025,transmission,priority,187,Transmission GI Naibonat ke GI Amfoang,NUSA TENGGARA TIMUR,2027,108,km,,,,,,plan_only,74fb460fd09e76607e3cff308f5ba2754f2ebd91b0c9b7613c1a041e7b361162,"Appendix 1, table 2, printed row 187",Progress Report 2025 priority-project line; plan values are not financing events
idn-progress25-transmission-188,IDN,idn-jetp-progress-report-2025,transmission,priority,188,Transmission PLTB Timor (Kuota) Tersebar 22 MW ke GI Eksisting/GI Rencana Sistem Timor,NUSA TENGGARA TIMUR,2027,10,km,,,,,,plan_only,74fb460fd09e76607e3cff308f5ba2754f2ebd91b0c9b7613c1a041e7b361162,"Appendix 1, table 2, printed row 188",Progress Report 2025 priority-project line; plan values are not financing events
idn-progress25-transmission-189,IDN,idn-jetp-progress-report-2025,transmission,priority,189,Transmission PLTS + BESS Timor (Kuota) Tersebar 20 MW ke GI Eksisting/GI Rencana Sistem Timor,NUSA TENGGARA TIMUR,2027,10,km,,,,,,plan_only,74fb460fd09e76607e3cff308f5ba2754f2ebd91b0c9b7613c1a041e7b361162,"Appendix 1, table 2, printed row 189",Progress Report 2025 priority-project line; plan values are not financing events
idn-progress25-transmission-190,IDN,idn-jetp-progress-report-2025,transmission,priority,190,Transmission Tapak Tuan ke Subulussalam,ACEH,2027,280,km,,,,,,plan_only,74fb460fd09e76607e3cff308f5ba2754f2ebd91b0c9b7613c1a041e7b361162,"Appendix 1, table 2, printed row 190",Progress Report 2025 priority-project line; plan values are not financing events
idn-progress25-transmission-191,IDN,idn-jetp-progress-report-2025,transmission,priority,191,Transmission Melak ke Kotabangun,KALIMANTAN TIMUR,2027,334,km,,,,,,plan_only,74fb460fd09e76607e3cff308f5ba2754f2ebd91b0c9b7613c1a041e7b361162,"Appendix 1, table 2, printed row 191",Progress Report 2025 priority-project line; plan values are not financing events
idn-progress25-transmission-192,IDN,idn-jetp-progress-report-2025,transmission,priority,192,Transmission Kuaro ke Tx Kuaro,KALIMANTAN TIMUR,2027,280,km,,,,,,plan_only,74fb460fd09e76607e3cff308f5ba2754f2ebd91b0c9b7613c1a041e7b361162,"Appendix 1, table 2, printed row 192",Progress Report 2025 priority-project line; plan values are not financing events
idn-progress25-transmission-193,IDN,idn-jetp-progress-report-2025,transmission,priority,193,Transmission Tx Kuaro ke GIS 4 IKN KIPP / Sepaku,KALIMANTAN TIMUR,2027,6,km,,,,,,plan_only,74fb460fd09e76607e3cff308f5ba2754f2ebd91b0c9b7613c1a041e7b361162,"Appendix 1, table 2, printed row 193",Progress Report 2025 priority-project line; plan values are not financing events
idn-progress25-transmission-194,IDN,idn-jetp-progress-report-2025,transmission,priority,194,Transmission Tenggarong/Bukit Biru ke GI 1 K-IKN,KALIMANTAN TIMUR,2027,126,km,,,,,,plan_only,74fb460fd09e76607e3cff308f5ba2754f2ebd91b0c9b7613c1a041e7b361162,"Appendix 1, table 2, printed row 194",Progress Report 2025 priority-project line; plan values are not financing events
idn-progress25-transmission-195,IDN,idn-jetp-progress-report-2025,transmission,priority,195,Transmission Embalut ke Tengkawang,KALIMANTAN TIMUR,2027,32,km,,,,,,plan_only,74fb460fd09e76607e3cff308f5ba2754f2ebd91b0c9b7613c1a041e7b361162,"Appendix 1, table 2, printed row 195",Progress Report 2025 priority-project line; plan values are not financing events
idn-progress25-transmission-196,IDN,idn-jetp-progress-report-2025,transmission,priority,196,Transmission GIS 4 IKN KIPP / Sepaku ke GI 1 K-IKN,KALIMANTAN TIMUR,2027,44,km,,,,,,plan_only,74fb460fd09e76607e3cff308f5ba2754f2ebd91b0c9b7613c1a041e7b361162,"Appendix 1, table 2, printed row 196",Progress Report 2025 priority-project line; plan values are not financing events
idn-progress25-transmission-197,IDN,idn-jetp-progress-report-2025,transmission,priority,197,Transmission PLTP Sulbagut (Kuota) Tersebar 40 MW ke GI Eksisting/New Sistem Sulbagut,SULAWESI UTARA,2028,20,km,,,,,,plan_only,74fb460fd09e76607e3cff308f5ba2754f2ebd91b0c9b7613c1a041e7b361162,"Appendix 1, table 2, printed row 197",Progress Report 2025 priority-project line; plan values are not financing events
idn-progress25-transmission-198,IDN,idn-jetp-progress-report-2025,transmission,priority,198,Transmission PLTBm Sulbagut (Kuota) Tersebar 50 MW ke GI Eksisting/New Sistem Sulbagut,SULAWESI UTARA,2028,10,km,,,,,,plan_only,74fb460fd09e76607e3cff308f5ba2754f2ebd91b0c9b7613c1a041e7b361162,"Appendix 1, table 2, printed row 198",Progress Report 2025 priority-project line; plan values are not financing events
idn-progress25-transmission-199,IDN,idn-jetp-progress-report-2025,transmission,priority,199,Transmission Tambu ke Bangkir,SULAWESI TENGAH,2028,180,km,,,,,,plan_only,74fb460fd09e76607e3cff308f5ba2754f2ebd91b0c9b7613c1a041e7b361162,"Appendix 1, table 2, printed row 199",Progress Report 2025 priority-project line; plan values are not financing events
idn-progress25-transmission-200,IDN,idn-jetp-progress-report-2025,transmission,priority,200,Transmission Malili ke PT Indo Nickel Industri (Citra Lampia),SULAWESI SELATAN,2028,30,km,,,,,,plan_only,74fb460fd09e76607e3cff308f5ba2754f2ebd91b0c9b7613c1a041e7b361162,"Appendix 1, table 2, printed row 200",Progress Report 2025 priority-project line; plan values are not financing events
idn-progress25-transmission-201,IDN,idn-jetp-progress-report-2025,transmission,priority,201,Transmission GITET Bakaru 2 ke GITET Sidrap,SULAWESI SELATAN,2028,130,km,,,,,,plan_only,74fb460fd09e76607e3cff308f5ba2754f2ebd91b0c9b7613c1a041e7b361162,"Appendix 1, table 2, printed row 201",Progress Report 2025 priority-project line; plan values are not financing events
idn-progress25-transmission-202,IDN,idn-jetp-progress-report-2025,transmission,priority,202,Transmission GITET Daya Baru ke GITET Bantaeng Switching,SULAWESI SELATAN,2028,260,km,,,,,,plan_only,74fb460fd09e76607e3cff308f5ba2754f2ebd91b0c9b7613c1a041e7b361162,"Appendix 1, table 2, printed row 202",Progress Report 2025 priority-project line; plan values are not financing events
idn-progress25-transmission-203,IDN,idn-jetp-progress-report-2025,transmission,priority,203,Transmission GITET Palopo ke GITET Bakaru 2,SULAWESI SELATAN,2028,210,km,,,,,,plan_only,74fb460fd09e76607e3cff308f5ba2754f2ebd91b0c9b7613c1a041e7b361162,"Appendix 1, table 2, printed row 203",Progress Report 2025 priority-project line; plan values are not financing events
idn-progress25-transmission-204,IDN,idn-jetp-progress-report-2025,transmission,priority,204,Transmission GITET Sidrap ke GITET Daya Baru,SULAWESI SELATAN,2028,350,km,,,,,,plan_only,74fb460fd09e76607e3cff308f5ba2754f2ebd91b0c9b7613c1a041e7b361162,"Appendix 1, table 2, printed row 204",Progress Report 2025 priority-project line; plan values are not financing events
idn-progress25-transmission-205,IDN,idn-jetp-progress-report-2025,transmission,priority,205,Transmission GITET Bakaru 2 ke Bakaru,SULAWESI SELATAN,2028,2,km,,,,,,plan_only,74fb460fd09e76607e3cff308f5ba2754f2ebd91b0c9b7613c1a041e7b361162,"Appendix 1, table 2, printed row 205",Progress Report 2025 priority-project line; plan values are not financing events
idn-progress25-transmission-206,IDN,idn-jetp-progress-report-2025,transmission,priority,206,Transmission GITET Bantaeng Switching ke Bantaeng Switching,SULAWESI SELATAN,2028,14,km,,,,,,plan_only,74fb460fd09e76607e3cff308f5ba2754f2ebd91b0c9b7613c1a041e7b361162,"Appendix 1, table 2, printed row 206",Progress Report 2025 priority-project line; plan values are not financing events
idn-progress25-transmission-207,IDN,idn-jetp-progress-report-2025,transmission,priority,207,Transmission PLTA Bakaru 2 ke GITET Bakaru 2,SULAWESI SELATAN,2028,6,km,,,,,,plan_only,74fb460fd09e76607e3cff308f5ba2754f2ebd91b0c9b7613c1a041e7b361162,"Appendix 1, table 2, printed row 207",Progress Report 2025 priority-project line; plan values are not financing events
idn-progress25-transmission-208,IDN,idn-jetp-progress-report-2025,transmission,priority,208,Transmission GITET Daya Baru ke Daya Baru,SULAWESI SELATAN,2028,14,km,,,,,,plan_only,74fb460fd09e76607e3cff308f5ba2754f2ebd91b0c9b7613c1a041e7b361162,"Appendix 1, table 2, printed row 208",Progress Report 2025 priority-project line; plan values are not financing events
idn-progress25-transmission-209,IDN,idn-jetp-progress-report-2025,transmission,priority,209,Transmission GITET Sidrap ke Sidrap,SULAWESI SELATAN,2028,6,km,,,,,,plan_only,74fb460fd09e76607e3cff308f5ba2754f2ebd91b0c9b7613c1a041e7b361162,"Appendix 1, table 2, printed row 209",Progress Report 2025 priority-project line; plan values are not financing events
idn-progress25-transmission-210,IDN,idn-jetp-progress-report-2025,transmission,priority,210,Transmission Keera ke Incomer 1 phi Sengkang - Siwa,SULAWESI SELATAN,2028,13,km,,,,,,plan_only,74fb460fd09e76607e3cff308f5ba2754f2ebd91b0c9b7613c1a041e7b361162,"Appendix 1, table 2, printed row 210",Progress Report 2025 priority-project line; plan values are not financing events
idn-progress25-transmission-211,IDN,idn-jetp-progress-report-2025,transmission,priority,211,Transmission PLTA Sulbagsel (Kuota) Tersebar 200 MW ke GI/GITET Eksisting / New Sistem Sulbagsel,SULAWESI SELATAN,2028,20,km,,,,,,plan_only,74fb460fd09e76607e3cff308f5ba2754f2ebd91b0c9b7613c1a041e7b361162,"Appendix 1, table 2, printed row 211",Progress Report 2025 priority-project line; plan values are not financing events
idn-progress25-transmission-212,IDN,idn-jetp-progress-report-2025,transmission,priority,212,Transmission PLTS+BESS Sulbagsel (Kuota) Tersebar 50 MW ke GI Eksisting / New Sistem Sulbagsel,SULAWESI SELATAN,2028,10,km,,,,,,plan_only,74fb460fd09e76607e3cff308f5ba2754f2ebd91b0c9b7613c1a041e7b361162,"Appendix 1, table 2, printed row 212",Progress Report 2025 priority-project line; plan values are not financing events
idn-progress25-transmission-213,IDN,idn-jetp-progress-report-2025,transmission,priority,213,Transmission Andolo ke Tower Penyeberangan 1A (Sisi Pulau Sulawesi),SULAWESI TENGGARA,2028,146,km,,,,,,plan_only,74fb460fd09e76607e3cff308f5ba2754f2ebd91b0c9b7613c1a041e7b361162,"Appendix 1, table 2, printed row 213",Progress Report 2025 priority-project line; plan values are not financing events
idn-progress25-transmission-214,IDN,idn-jetp-progress-report-2025,transmission,priority,214,Transmission PLTA Watunohu ke Lasusua,SULAWESI TENGGARA,2028,80,km,,,,,,plan_only,74fb460fd09e76607e3cff308f5ba2754f2ebd91b0c9b7613c1a041e7b361162,"Appendix 1, table 2, printed row 214",Progress Report 2025 priority-project line; plan values are not financing events
idn-progress25-transmission-215,IDN,idn-jetp-progress-report-2025,transmission,priority,215,Transmission Tower Penyeberangan 1A (Sisi Pulau Sulawesi) ke Tower Penyeberangan 1B (Sisi Pulau Groat Tobea),SULAWESI TENGGARA,2028,5,km,,,,,,plan_only,74fb460fd09e76607e3cff308f5ba2754f2ebd91b0c9b7613c1a041e7b361162,"Appendix 1, table 2, printed row 215",Progress Report 2025 priority-project line; plan values are not financing events
idn-progress25-transmission-216,IDN,idn-jetp-progress-report-2025,transmission,priority,216,Transmission Tower Penyeberangan 1B (Sisi Pulau Groat Tobea) ke Tower Penyeberangan 2A (Sisi Pulau Groat Tobea),SULAWESI TENGGARA,2028,12,km,,,,,,plan_only,74fb460fd09e76607e3cff308f5ba2754f2ebd91b0c9b7613c1a041e7b361162,"Appendix 1, table 2, printed row 216",Progress Report 2025 priority-project line; plan values are not financing events
idn-progress25-transmission-217,IDN,idn-jetp-progress-report-2025,transmission,priority,217,Transmission Tower Penyeberangan 2A (Sisi Pulau Groat Tobea) ke Penyeberangan 2B (Sisi Pulau Muna),SULAWESI TENGGARA,2028,13,km,,,,,,plan_only,74fb460fd09e76607e3cff308f5ba2754f2ebd91b0c9b7613c1a041e7b361162,"Appendix 1, table 2, printed row 217",Progress Report 2025 priority-project line; plan values are not financing events
idn-progress25-transmission-218,IDN,idn-jetp-progress-report-2025,transmission,priority,218,Transmission Tower Penyeberangan 2B (Sisi Pulau Muna) ke Raha,SULAWESI TENGGARA,2028,66,km,,,,,,plan_only,74fb460fd09e76607e3cff308f5ba2754f2ebd91b0c9b7613c1a041e7b361162,"Appendix 1, table 2, printed row 218",Progress Report 2025 priority-project line; plan values are not financing events
idn-progress25-transmission-219,IDN,idn-jetp-progress-report-2025,transmission,priority,219,Transmission PLTP Buru (Kuota) Tersebar 20 MW ke GI Eksisting/GI Rencana Sistem Buru,MALUKU,2028,20,km,,,,,,plan_only,74fb460fd09e76607e3cff308f5ba2754f2ebd91b0c9b7613c1a041e7b361162,"Appendix 1, table 2, printed row 219",Progress Report 2025 priority-project line; plan values are not financing events
idn-progress25-transmission-220,IDN,idn-jetp-progress-report-2025,transmission,priority,220,Transmission PLTS+BESS Halmahera (Kuota) Tersebar 100 MW ke GI Eksisting/GI Rencana Sistem Halmahera,MALUKU UTARA,2028,10,km,,,,,,plan_only,74fb460fd09e76607e3cff308f5ba2754f2ebd91b0c9b7613c1a041e7b361162,"Appendix 1, table 2, printed row 220",Progress Report 2025 priority-project line; plan values are not financing events
idn-progress25-transmission-221,IDN,idn-jetp-progress-report-2025,transmission,priority,221,Transmission PLTS + BESS Timika (Kuota) Tersebar 20 MW ke GI Eksisting/GI Rencana Sistem Timika,"PAPUA, PAPUA PEGUNUNGAN, PAPUA TENGAH, PAPUA SELATAN",2028,10,km,,,,,,plan_only,74fb460fd09e76607e3cff308f5ba2754f2ebd91b0c9b7613c1a041e7b361162,"Appendix 1, table 2, printed row 221",Progress Report 2025 priority-project line; plan values are not financing events
idn-progress25-transmission-222,IDN,idn-jetp-progress-report-2025,transmission,priority,222,Transmission PLTS + BESS Jayapura (Kuota) Tersebar 50 MW ke GI Eksisting/GI Rencana Sistem Jayapura,"PAPUA, PAPUA PEGUNUNGAN, PAPUA TENGAH, PAPUA SELATAN",2028,10,km,,,,,,plan_only,74fb460fd09e76607e3cff308f5ba2754f2ebd91b0c9b7613c1a041e7b361162,"Appendix 1, table 2, printed row 222",Progress Report 2025 priority-project line; plan values are not financing events
idn-progress25-transmission-223,IDN,idn-jetp-progress-report-2025,transmission,priority,223,Transmission PLTS + BESS Sorong (Kuota) Tersebar 20 MW ke GI Eksisting/GI Rencana Sistem Sorong,"PAPUA BARAT, PAPUA BARAT DAYA",2028,10,km,,,,,,plan_only,74fb460fd09e76607e3cff308f5ba2754f2ebd91b0c9b7613c1a041e7b361162,"Appendix 1, table 2, printed row 223",Progress Report 2025 priority-project line; plan values are not financing events
idn-progress25-transmission-224,IDN,idn-jetp-progress-report-2025,transmission,priority,224,Transmission PLTB Lombok (Kuota) Tersebar 30 MW ke GI Eksisting/GI Rencana Sistem Lombok,NUSA TENGGARA BARAT,2028,10,km,,,,,,plan_only,74fb460fd09e76607e3cff308f5ba2754f2ebd91b0c9b7613c1a041e7b361162,"Appendix 1, table 2, printed row 224",Progress Report 2025 priority-project line; plan values are not financing events
idn-progress25-transmission-225,IDN,idn-jetp-progress-report-2025,transmission,priority,225,Transmission PLTS + BESS Lombok (Kuota) Tersebar 20 MW ke GI Eksisting/GI Rencana Sistem Lombok,NUSA TENGGARA BARAT,2028,10,km,,,,,,plan_only,74fb460fd09e76607e3cff308f5ba2754f2ebd91b0c9b7613c1a041e7b361162,"Appendix 1, table 2, printed row 225",Progress Report 2025 priority-project line; plan values are not financing events
idn-progress25-transmission-226,IDN,idn-jetp-progress-report-2025,transmission,priority,226,Transmission PLTMG Maumere ke GI Larantuka,NUSA TENGGARA TIMUR,2028,212,km,,,,,,plan_only,74fb460fd09e76607e3cff308f5ba2754f2ebd91b0c9b7613c1a041e7b361162,"Appendix 1, table 2, printed row 226",Progress Report 2025 priority-project line; plan values are not financing events
idn-progress25-transmission-227,IDN,idn-jetp-progress-report-2025,transmission,priority,227,Transmission PLTMG Waingapu ke GI Tambolaka,NUSA TENGGARA TIMUR,2028,190,km,,,,,,plan_only,74fb460fd09e76607e3cff308f5ba2754f2ebd91b0c9b7613c1a041e7b361162,"Appendix 1, table 2, printed row 227",Progress Report 2025 priority-project line; plan values are not financing events
idn-progress25-transmission-228,IDN,idn-jetp-progress-report-2025,transmission,priority,228,Transmission GI Waikabubak ke GI Tambolaka,NUSA TENGGARA TIMUR,2028,50,km,,,,,,plan_only,74fb460fd09e76607e3cff308f5ba2754f2ebd91b0c9b7613c1a041e7b361162,"Appendix 1, table 2, printed row 228",Progress Report 2025 priority-project line; plan values are not financing events
idn-progress25-transmission-229,IDN,idn-jetp-progress-report-2025,transmission,priority,229,Transmission PLTU Sumut-1 ke PLTU Belawan,SUMATERA UTARA,2028,4,km,,,,,,plan_only,74fb460fd09e76607e3cff308f5ba2754f2ebd91b0c9b7613c1a041e7b361162,"Appendix 1, table 2, printed row 229",Progress Report 2025 priority-project line; plan values are not financing events
idn-progress25-transmission-230,IDN,idn-jetp-progress-report-2025,transmission,priority,230,Transmission Kumbih ke Inc. 2 Phi (Sabulussalam– Sidikalang),SULAWESI UTARA,2028,10,km,,,,,,plan_only,74fb460fd09e76607e3cff308f5ba2754f2ebd91b0c9b7613c1a041e7b361162,"Appendix 1, table 2, printed row 230",Progress Report 2025 priority-project line; plan values are not financing events
idn-progress25-transmission-231,IDN,idn-jetp-progress-report-2025,transmission,priority,231,Transmission PLTBm Sulbagut (Kuota),SULAWESI SELATAN,2028,10,km,,,,,,plan_only,74fb460fd09e76607e3cff308f5ba2754f2ebd91b0c9b7613c1a041e7b361162,"Appendix 1, table 2, printed row 231",Progress Report 2025 priority-project line; plan values are not financing events
idn-progress25-transmission-232,IDN,idn-jetp-progress-report-2025,transmission,priority,232,Transmission PLTA Poigar-2 ke GI Eksisting/New Sistem Sulbagut,SULAWESI SELATAN,2028,10,km,,,,,,plan_only,74fb460fd09e76607e3cff308f5ba2754f2ebd91b0c9b7613c1a041e7b361162,"Appendix 1, table 2, printed row 232",Progress Report 2025 priority-project line; plan values are not financing events
idn-progress25-transmission-233,IDN,idn-jetp-progress-report-2025,transmission,priority,233,Transmission Kolonedale ke PT Enam Sembilan Kawasan Industri (ESKI),SULAWESI TENGGARA,2028,10,km,,,,,,plan_only,74fb460fd09e76607e3cff308f5ba2754f2ebd91b0c9b7613c1a041e7b361162,"Appendix 1, table 2, printed row 233",Progress Report 2025 priority-project line; plan values are not financing events
idn-progress25-transmission-234,IDN,idn-jetp-progress-report-2025,transmission,priority,234,Transmission GITET Wotu ke GITET Malili,ACEH,2029,10,km,,,,,,plan_only,74fb460fd09e76607e3cff308f5ba2754f2ebd91b0c9b7613c1a041e7b361162,"Appendix 1, table 2, printed row 234",Progress Report 2025 priority-project line; plan values are not financing events
idn-progress25-transmission-235,IDN,idn-jetp-progress-report-2025,transmission,priority,235,Transmission GITET Malili ke GITET Kolaka Smelter,SULAWESI UTARA,2029,10,km,,,,,,plan_only,74fb460fd09e76607e3cff308f5ba2754f2ebd91b0c9b7613c1a041e7b361162,"Appendix 1, table 2, printed row 235",Progress Report 2025 priority-project line; plan values are not financing events
idn-progress25-transmission-236,IDN,idn-jetp-progress-report-2025,transmission,priority,236,Transmission GITET Malili ke Malili,SULAWESI UTARA,2029,20,km,,,,,,plan_only,74fb460fd09e76607e3cff308f5ba2754f2ebd91b0c9b7613c1a041e7b361162,"Appendix 1, table 2, printed row 236",Progress Report 2025 priority-project line; plan values are not financing events
idn-progress25-transmission-237,IDN,idn-jetp-progress-report-2025,transmission,priority,237,Transmission PLTA Sulbagsel (Kuota) Tersebar 200 MW ke GI/GITET Eksisting / New Sistem Sulbagsel,SULAWESI TENGAH,2029,18,km,,,,,,plan_only,74fb460fd09e76607e3cff308f5ba2754f2ebd91b0c9b7613c1a041e7b361162,"Appendix 1, table 2, printed row 237",Progress Report 2025 priority-project line; plan values are not financing events
idn-progress25-transmission-238,IDN,idn-jetp-progress-report-2025,transmission,priority,238,Transmission GITET Kolaka Smelter ke Kolaka Smelter,SULAWESI SELATAN,2029,116,km,,,,,,plan_only,74fb460fd09e76607e3cff308f5ba2754f2ebd91b0c9b7613c1a041e7b361162,"Appendix 1, table 2, printed row 238",Progress Report 2025 priority-project line; plan values are not financing events
idn-progress25-transmission-239,IDN,idn-jetp-progress-report-2025,transmission,priority,239,Transmission GITET Kolaka Smelter ke GITET Kendari,SULAWESI SELATAN,2029,416,km,,,,,,plan_only,74fb460fd09e76607e3cff308f5ba2754f2ebd91b0c9b7613c1a041e7b361162,"Appendix 1, table 2, printed row 239",Progress Report 2025 priority-project line; plan values are not financing events
idn-progress25-transmission-240,IDN,idn-jetp-progress-report-2025,transmission,priority,240,Transmission Pomalaa Switching ke PT Huayou Int Mining (Pomalaa / IPIP),SULAWESI SELATAN,2029,10,km,,,,,,plan_only,74fb460fd09e76607e3cff308f5ba2754f2ebd91b0c9b7613c1a041e7b361162,"Appendix 1, table 2, printed row 240",Progress Report 2025 priority-project line; plan values are not financing events
idn-progress25-transmission-241,IDN,idn-jetp-progress-report-2025,transmission,priority,241,Transmission GI Piru ke GI Taniwel,SULAWESI SELATAN,2029,20,km,,,,,,plan_only,74fb460fd09e76607e3cff308f5ba2754f2ebd91b0c9b7613c1a041e7b361162,"Appendix 1, table 2, printed row 241",Progress Report 2025 priority-project line; plan values are not financing events
idn-progress25-transmission-242,IDN,idn-jetp-progress-report-2025,transmission,priority,242,Transmission PLTP Seram (Kuota) Tersebar 25 MW ke GI Eksisting/GI Rencana Sistem Seram,SULAWESI TENGGARA,2029,10,km,,,,,,plan_only,74fb460fd09e76607e3cff308f5ba2754f2ebd91b0c9b7613c1a041e7b361162,"Appendix 1, table 2, printed row 242",Progress Report 2025 priority-project line; plan values are not financing events
idn-progress25-transmission-243,IDN,idn-jetp-progress-report-2025,transmission,priority,243,Transmission PLTS+BESS Halmahera (Kuota) Tersebar 50 MW ke GI Eksisting/GI Rencana Sistem Halmahera,SULAWESI TENGGARA,2029,420,km,,,,,,plan_only,74fb460fd09e76607e3cff308f5ba2754f2ebd91b0c9b7613c1a041e7b361162,"Appendix 1, table 2, printed row 243",Progress Report 2025 priority-project line; plan values are not financing events
idn-progress25-transmission-244,IDN,idn-jetp-progress-report-2025,transmission,priority,244,Transmission PLTMG Manokwari ke GI Ransiki,SULAWESI TENGGARA,2029,14,km,,,,,,plan_only,74fb460fd09e76607e3cff308f5ba2754f2ebd91b0c9b7613c1a041e7b361162,"Appendix 1, table 2, printed row 244",Progress Report 2025 priority-project line; plan values are not financing events
idn-progress25-transmission-245,IDN,idn-jetp-progress-report-2025,transmission,priority,245,Transmission PLTS + BESS Sumbawa-Bima (Kuota) Tersebar 50 MW ke GI Eksisting/GI Rencana Sistem Sumbawa-Bima,MALUKU,2029,125,km,,,,,,plan_only,74fb460fd09e76607e3cff308f5ba2754f2ebd91b0c9b7613c1a041e7b361162,"Appendix 1, table 2, printed row 245",Progress Report 2025 priority-project line; plan values are not financing events
idn-progress25-transmission-246,IDN,idn-jetp-progress-report-2025,transmission,priority,246,Transmission PLTA Flores (Kuota) Tersebar 16 MW ke GI Eksisting/GI Rencana Sistem Flores,MALUKU,2029,20,km,,,,,,plan_only,74fb460fd09e76607e3cff308f5ba2754f2ebd91b0c9b7613c1a041e7b361162,"Appendix 1, table 2, printed row 246",Progress Report 2025 priority-project line; plan values are not financing events
idn-progress25-transmission-247,IDN,idn-jetp-progress-report-2025,transmission,priority,247,Transmission PLTA Sawangan ke Sawangan,MALUKU UTARA,2029,10,km,,,,,,plan_only,74fb460fd09e76607e3cff308f5ba2754f2ebd91b0c9b7613c1a041e7b361162,"Appendix 1, table 2, printed row 247",Progress Report 2025 priority-project line; plan values are not financing events
idn-progress25-transmission-248,IDN,idn-jetp-progress-report-2025,transmission,priority,248,Transmission PLTSa Sulbagsel (Kuota) Tersebar 26 MW ke GI Eksisting / New Sistem Sulbagsel,"PAPUA BARAT, PAPUA BARAT DAYA",2029,150,km,,,,,,plan_only,74fb460fd09e76607e3cff308f5ba2754f2ebd91b0c9b7613c1a041e7b361162,"Appendix 1, table 2, printed row 248",Progress Report 2025 priority-project line; plan values are not financing events
idn-progress25-transmission-249,IDN,idn-jetp-progress-report-2025,transmission,priority,249,Transmission PLTA Sulbagsel (Kuota) Tersebar 200 MW ke GI/GITET Eksisting / New Sistem Sulbagsel,NUSA TENGGARA BARAT,2029,10,km,,,,,,plan_only,74fb460fd09e76607e3cff308f5ba2754f2ebd91b0c9b7613c1a041e7b361162,"Appendix 1, table 2, printed row 249",Progress Report 2025 priority-project line; plan values are not financing events
idn-progress25-transmission-250,IDN,idn-jetp-progress-report-2025,transmission,priority,250,Transmission PLTA Sulbagsel (Kuota) Tersebar Tambahan I 100 MW ke GI Eksisting / New Sistem Sulbagsel,NUSA TENGGARA TIMUR,2029,20,km,,,,,,plan_only,74fb460fd09e76607e3cff308f5ba2754f2ebd91b0c9b7613c1a041e7b361162,"Appendix 1, table 2, printed row 250",Progress Report 2025 priority-project line; plan values are not financing events
idn-progress25-transmission-251,IDN,idn-jetp-progress-report-2025,transmission,priority,251,Transmission PLTGU/G/MG Sulbagsel 3 600MW ke GI Eksisting/New Sistem Sulbagsel,SULAWESI UTARA,2029,10,km,,,,,,plan_only,74fb460fd09e76607e3cff308f5ba2754f2ebd91b0c9b7613c1a041e7b361162,"Appendix 1, table 2, printed row 251",Progress Report 2025 priority-project line; plan values are not financing events
idn-progress25-transmission-252,IDN,idn-jetp-progress-report-2025,transmission,priority,252,Transmission Kendari (sisi 150 kV GITET Kendari) ke PT Jaya Makmur Metal Industri (JMMI),SULAWESI UTARA,2029,10,km,,,,,,plan_only,74fb460fd09e76607e3cff308f5ba2754f2ebd91b0c9b7613c1a041e7b361162,"Appendix 1, table 2, printed row 252",Progress Report 2025 priority-project line; plan values are not financing events
idn-progress25-transmission-253,IDN,idn-jetp-progress-report-2025,transmission,priority,253,Transmission PLTBm Sulbagsel (Kuota) Tersebar Tambahan 100 MW ke GI Eksisting/New Sistem Sulbagsel,SULAWESI UTARA,2029,10,km,,,,,,plan_only,74fb460fd09e76607e3cff308f5ba2754f2ebd91b0c9b7613c1a041e7b361162,"Appendix 1, table 2, printed row 253",Progress Report 2025 priority-project line; plan values are not financing events
idn-progress25-transmission-254,IDN,idn-jetp-progress-report-2025,transmission,priority,254,Transmission PLTA Poko ke GITET Bakaru 2,SULAWESI SELATAN,2029,10,km,,,,,,plan_only,74fb460fd09e76607e3cff308f5ba2754f2ebd91b0c9b7613c1a041e7b361162,"Appendix 1, table 2, printed row 254",Progress Report 2025 priority-project line; plan values are not financing events
idn-progress25-transmission-255,IDN,idn-jetp-progress-report-2025,transmission,priority,255,Transmission PLTBio Halmahera (Kuota) Tersebar 30 MW ke GI Eksisting/GI Rencana Sistem Halmahera,SULAWESI UTARA,2030,57,km,,,,,,plan_only,74fb460fd09e76607e3cff308f5ba2754f2ebd91b0c9b7613c1a041e7b361162,"Appendix 1, table 2, printed row 255",Progress Report 2025 priority-project line; plan values are not financing events
idn-progress25-transmission-256,IDN,idn-jetp-progress-report-2025,transmission,priority,256,Transmission GI Maba ke GI Sofifi,SULAWESI SELATAN,2030,10,km,,,,,,plan_only,74fb460fd09e76607e3cff308f5ba2754f2ebd91b0c9b7613c1a041e7b361162,"Appendix 1, table 2, printed row 256",Progress Report 2025 priority-project line; plan values are not financing events
idn-progress25-transmission-257,IDN,idn-jetp-progress-report-2025,transmission,priority,257,Transmission PLTS + BESS Jayapura (Kuota) Tersebar 50 MW ke GI Eksisting/GI Rencana Sistem Jayapura,SULAWESI SELATAN,2030,20,km,,,,,,plan_only,74fb460fd09e76607e3cff308f5ba2754f2ebd91b0c9b7613c1a041e7b361162,"Appendix 1, table 2, printed row 257",Progress Report 2025 priority-project line; plan values are not financing events
idn-progress25-transmission-258,IDN,idn-jetp-progress-report-2025,transmission,priority,258,Transmission GI Karubaga ke GI Mulia,SULAWESI SELATAN,2030,20,km,,,,,,plan_only,74fb460fd09e76607e3cff308f5ba2754f2ebd91b0c9b7613c1a041e7b361162,"Appendix 1, table 2, printed row 258",Progress Report 2025 priority-project line; plan values are not financing events
idn-progress25-transmission-259,IDN,idn-jetp-progress-report-2025,transmission,priority,259,Transmission GI Mulia ke GI Ilaga,SULAWESI TENGGARA,2030,10,km,,,,,,plan_only,74fb460fd09e76607e3cff308f5ba2754f2ebd91b0c9b7613c1a041e7b361162,"Appendix 1, table 2, printed row 259",Progress Report 2025 priority-project line; plan values are not financing events
idn-progress25-transmission-260,IDN,idn-jetp-progress-report-2025,transmission,priority,260,Transmission GI Wamena ke GI Elelim,SULAWESI TENGGARA,2030,54,km,,,,,,plan_only,74fb460fd09e76607e3cff308f5ba2754f2ebd91b0c9b7613c1a041e7b361162,"Appendix 1, table 2, printed row 260",Progress Report 2025 priority-project line; plan values are not financing events
idn-progress25-transmission-261,IDN,idn-jetp-progress-report-2025,transmission,priority,261,Transmission GI Wamena ke GI Karubaga,SULAWESI TENGGARA,2030,10,km,,,,,,plan_only,74fb460fd09e76607e3cff308f5ba2754f2ebd91b0c9b7613c1a041e7b361162,"Appendix 1, table 2, printed row 261",Progress Report 2025 priority-project line; plan values are not financing events
idn-progress25-transmission-262,IDN,idn-jetp-progress-report-2025,transmission,priority,262,Transmission PLTA Baliem ke GI Wamena,SULAWESI BARAT,2030,40,km,,,,,,plan_only,74fb460fd09e76607e3cff308f5ba2754f2ebd91b0c9b7613c1a041e7b361162,"Appendix 1, table 2, printed row 262",Progress Report 2025 priority-project line; plan values are not financing events
idn-progress25-transmission-263,IDN,idn-jetp-progress-report-2025,transmission,priority,263,Transmission PLTA Baliem ke GI Sumohai,MALUKU UTARA,2030,10,km,,,,,,plan_only,74fb460fd09e76607e3cff308f5ba2754f2ebd91b0c9b7613c1a041e7b361162,"Appendix 1, table 2, printed row 263",Progress Report 2025 priority-project line; plan values are not financing events
idn-progress25-transmission-264,IDN,idn-jetp-progress-report-2025,transmission,priority,264,Transmission PLTS + BESS Sorong (Kuota) Tersebar 20 MW ke GI Eksisting/GI Rencana Sistem Sorong,MALUKU UTARA,2030,300,km,,,,,,plan_only,74fb460fd09e76607e3cff308f5ba2754f2ebd91b0c9b7613c1a041e7b361162,"Appendix 1, table 2, printed row 264",Progress Report 2025 priority-project line; plan values are not financing events
idn-progress25-transmission-265,IDN,idn-jetp-progress-report-2025,transmission,priority,265,Transmission PLTS + BESS Bima (Kuota) Tersebar 30 MW ke GI Eksisting/GI Rencana Sistem Lombok,"PAPUA, PAPUA PEGUNUNGAN, PAPUA TENGAH, PAPUA SELATAN",2030,10,km,,,,,,plan_only,74fb460fd09e76607e3cff308f5ba2754f2ebd91b0c9b7613c1a041e7b361162,"Appendix 1, table 2, printed row 265",Progress Report 2025 priority-project line; plan values are not financing events
idn-progress25-transmission-266,IDN,idn-jetp-progress-report-2025,transmission,priority,266,Transmission New Aurduri ke PLTU Jambi 1,"PAPUA, PAPUA PEGUNUNGAN, PAPUA TENGAH, PAPUA SELATAN",2030,120,km,,,,,,plan_only,74fb460fd09e76607e3cff308f5ba2754f2ebd91b0c9b7613c1a041e7b361162,"Appendix 1, table 2, printed row 266",Progress Report 2025 priority-project line; plan values are not financing events
idn-progress25-transmission-267,IDN,idn-jetp-progress-report-2025,transmission,priority,267,"Transmission PLTP Ulumbu ke PLTP Ulumbu 5,6","PAPUA, PAPUA PEGUNUNGAN, PAPUA TENGAH, PAPUA SELATAN",2030,80,km,,,,,,plan_only,74fb460fd09e76607e3cff308f5ba2754f2ebd91b0c9b7613c1a041e7b361162,"Appendix 1, table 2, printed row 267",Progress Report 2025 priority-project line; plan values are not financing events
idn-progress25-transmission-268,IDN,idn-jetp-progress-report-2025,transmission,priority,268,Transmission PLTA Sulbagut (Kuota) Tersebar 30 MW ke GI Eksisting/New Sistem Sulbagut,"PAPUA, PAPUA PEGUNUNGAN, PAPUA TENGAH, PAPUA SELATAN",2030,122,km,,,,,,plan_only,74fb460fd09e76607e3cff308f5ba2754f2ebd91b0c9b7613c1a041e7b361162,"Appendix 1, table 2, printed row 268",Progress Report 2025 priority-project line; plan values are not financing events
idn-progress25-transmission-269,IDN,idn-jetp-progress-report-2025,transmission,priority,269,Transmission PLTP Kotamobagu 1 ke Otam,"PAPUA, PAPUA PEGUNUNGAN, PAPUA TENGAH, PAPUA",2030,140,km,,,,,,plan_only,74fb460fd09e76607e3cff308f5ba2754f2ebd91b0c9b7613c1a041e7b361162,"Appendix 1, table 2, printed row 269",Progress Report 2025 priority-project line; plan values are not financing events
idn-progress25-transmission-270,IDN,idn-jetp-progress-report-2025,transmission,priority,270,Transmission Petobo ke Incomer 1 phi (Talise-Palu Baru),"PAPUA, PAPUA PEGUNUNGAN, PAPUA TENGAH, PAPUA SELATAN",2030,50,km,,,,,,plan_only,74fb460fd09e76607e3cff308f5ba2754f2ebd91b0c9b7613c1a041e7b361162,"Appendix 1, table 2, printed row 270",Progress Report 2025 priority-project line; plan values are not financing events
idn-progress25-transmission-271,IDN,idn-jetp-progress-report-2025,transmission,priority,271,Transmission Sigi ke Incomer 1 phi (Palu Baru - Poso),"PAPUA, PAPUA PEGUNUNGAN, PAPUA TENGAH, PAPUA SELATAN",2030,50,km,,,,,,plan_only,74fb460fd09e76607e3cff308f5ba2754f2ebd91b0c9b7613c1a041e7b361162,"Appendix 1, table 2, printed row 271",Progress Report 2025 priority-project line; plan values are not financing events
idn-progress25-transmission-272,IDN,idn-jetp-progress-report-2025,transmission,priority,272,Transmission GITET Tentena ke GITET Lariang,"PAPUA BARAT, PAPUA BARAT DAYA",2030,10,km,,,,,,plan_only,74fb460fd09e76607e3cff308f5ba2754f2ebd91b0c9b7613c1a041e7b361162,"Appendix 1, table 2, printed row 272",Progress Report 2025 priority-project line; plan values are not financing events
idn-progress25-transmission-273,IDN,idn-jetp-progress-report-2025,transmission,priority,273,Transmission Bungku (sisi 150 kV GITET Bungku) ke PT Sulawesi Cahaya Mineral,NUSA TENGGARA BARAT,2030,10,km,,,,,,plan_only,74fb460fd09e76607e3cff308f5ba2754f2ebd91b0c9b7613c1a041e7b361162,"Appendix 1, table 2, printed row 273",Progress Report 2025 priority-project line; plan values are not financing events
idn-progress25-transmission-274,IDN,idn-jetp-progress-report-2025,transmission,priority,274,Transmission Masamba ke Makale,JAMBI,2030,80,km,,,,,,plan_only,74fb460fd09e76607e3cff308f5ba2754f2ebd91b0c9b7613c1a041e7b361162,"Appendix 1, table 2, printed row 274",Progress Report 2025 priority-project line; plan values are not financing events
idn-progress25-transmission-275,IDN,idn-jetp-progress-report-2025,transmission,priority,275,Transmission GITET Seko ke GITET Mamuju Baru,NUSA TENGGARA TIMUR,2030,20,km,,,,,,plan_only,74fb460fd09e76607e3cff308f5ba2754f2ebd91b0c9b7613c1a041e7b361162,"Appendix 1, table 2, printed row 275",Progress Report 2025 priority-project line; plan values are not financing events
idn-progress25-transmission-276,IDN,idn-jetp-progress-report-2025,transmission,priority,276,Transmission GITET Seko ke GITET Palopo,GORONTALO,2030,10,km,,,,,,plan_only,74fb460fd09e76607e3cff308f5ba2754f2ebd91b0c9b7613c1a041e7b361162,"Appendix 1, table 2, printed row 276",Progress Report 2025 priority-project line; plan values are not financing events
idn-progress25-transmission-277,IDN,idn-jetp-progress-report-2025,transmission,priority,277,Transmission PLTA Sulbagsel (Kuota) Tersebar Tambahan I 200 MW ke GI/GITET Eksisting / New Sistem Sulbagsel,SULAWESI SELATAN,2030,10,km,,,,,,plan_only,74fb460fd09e76607e3cff308f5ba2754f2ebd91b0c9b7613c1a041e7b361162,"Appendix 1, table 2, printed row 277",Progress Report 2025 priority-project line; plan values are not financing events
idn-progress25-transmission-278,IDN,idn-jetp-progress-report-2025,transmission,priority,278,Transmission PLTS+BESS Sulbagsel (Kuota) Tersebar 50 MW ke GI Eksisting / New Sistem Sulbagsel,SULAWESI SELATAN,2030,10,km,,,,,,plan_only,74fb460fd09e76607e3cff308f5ba2754f2ebd91b0c9b7613c1a041e7b361162,"Appendix 1, table 2, printed row 278",Progress Report 2025 priority-project line; plan values are not financing events
idn-progress25-transmission-279,IDN,idn-jetp-progress-report-2025,transmission,priority,279,Transmission Andowia (sisi 150 kV GITET Andowia) ke PT Huayou Int Mining (Konawe Utara),SULAWESI UTARA,2031,20,km,,,,,,plan_only,74fb460fd09e76607e3cff308f5ba2754f2ebd91b0c9b7613c1a041e7b361162,"Appendix 1, table 2, printed row 279",Progress Report 2025 priority-project line; plan values are not financing events
idn-progress25-transmission-280,IDN,idn-jetp-progress-report-2025,transmission,priority,280,Transmission Kendari (sisi 150 kV GITET Kendari) ke KI Kendari,SULAWESI UTARA,2031,20,km,,,,,,plan_only,74fb460fd09e76607e3cff308f5ba2754f2ebd91b0c9b7613c1a041e7b361162,"Appendix 1, table 2, printed row 280",Progress Report 2025 priority-project line; plan values are not financing events
idn-progress25-transmission-281,IDN,idn-jetp-progress-report-2025,transmission,priority,281,Transmission Batu Putih ke PT Celebesi Metalindo Utama,SULAWESI TENGAH,2031,10,km,,,,,,plan_only,74fb460fd09e76607e3cff308f5ba2754f2ebd91b0c9b7613c1a041e7b361162,"Appendix 1, table 2, printed row 281",Progress Report 2025 priority-project line; plan values are not financing events
idn-progress25-transmission-282,IDN,idn-jetp-progress-report-2025,transmission,priority,282,Transmission Inc. 2 Phi (Malili - Lasusua) ke Batu Putih,SULAWESI TENGAH,2031,30,km,,,,,,plan_only,74fb460fd09e76607e3cff308f5ba2754f2ebd91b0c9b7613c1a041e7b361162,"Appendix 1, table 2, printed row 282",Progress Report 2025 priority-project line; plan values are not financing events
idn-progress25-transmission-283,IDN,idn-jetp-progress-report-2025,transmission,priority,283,Transmission GITET Mamuju Baru ke GITET Bakaru 2,SULAWESI TENGAH,2031,250,km,,,,,,plan_only,74fb460fd09e76607e3cff308f5ba2754f2ebd91b0c9b7613c1a041e7b361162,"Appendix 1, table 2, printed row 283",Progress Report 2025 priority-project line; plan values are not financing events
idn-progress25-transmission-284,IDN,idn-jetp-progress-report-2025,transmission,priority,284,Transmission GITET Lariang ke GITET Seko,SULAWESI TENGAH,2031,80,km,,,,,,plan_only,74fb460fd09e76607e3cff308f5ba2754f2ebd91b0c9b7613c1a041e7b361162,"Appendix 1, table 2, printed row 284",Progress Report 2025 priority-project line; plan values are not financing events
idn-progress25-transmission-285,IDN,idn-jetp-progress-report-2025,transmission,priority,285,Transmission PLTA Sulbagsel (Kuota) Tersebar Tambahan II 800 MW ke GI/GITET Eksisting/New Sistem Sulbagsel,SULAWESI SELATAN,2031,170,km,,,,,,plan_only,74fb460fd09e76607e3cff308f5ba2754f2ebd91b0c9b7613c1a041e7b361162,"Appendix 1, table 2, printed row 285",Progress Report 2025 priority-project line; plan values are not financing events
idn-progress25-transmission-286,IDN,idn-jetp-progress-report-2025,transmission,priority,286,Transmission PLTP Tulehu (FTP 2) ke Inc. 1 Phi (Passo-Ambon),SULAWESI SELATAN,2031,170,km,,,,,,plan_only,74fb460fd09e76607e3cff308f5ba2754f2ebd91b0c9b7613c1a041e7b361162,"Appendix 1, table 2, printed row 286",Progress Report 2025 priority-project line; plan values are not financing events
idn-progress25-transmission-287,IDN,idn-jetp-progress-report-2025,transmission,priority,287,Transmission PLTB Ambon (Kuota) Tersebar 30 MW ke GI Eksisting/GI Rencana Sistem Ambon,SULAWESI SELATAN,2031,190,km,,,,,,plan_only,74fb460fd09e76607e3cff308f5ba2754f2ebd91b0c9b7613c1a041e7b361162,"Appendix 1, table 2, printed row 287",Progress Report 2025 priority-project line; plan values are not financing events
idn-progress25-transmission-288,IDN,idn-jetp-progress-report-2025,transmission,priority,288,Transmission GI Jayapura (Skyland) ke GI Angkasa,SULAWESI SELATAN,2031,20,km,,,,,,plan_only,74fb460fd09e76607e3cff308f5ba2754f2ebd91b0c9b7613c1a041e7b361162,"Appendix 1, table 2, printed row 288",Progress Report 2025 priority-project line; plan values are not financing events
idn-progress25-transmission-289,IDN,idn-jetp-progress-report-2025,transmission,priority,289,Transmission PLTU Holtekamp ke GI Angkasa,SULAWESI SELATAN,2031,10,km,,,,,,plan_only,74fb460fd09e76607e3cff308f5ba2754f2ebd91b0c9b7613c1a041e7b361162,"Appendix 1, table 2, printed row 289",Progress Report 2025 priority-project line; plan values are not financing events
idn-progress25-transmission-290,IDN,idn-jetp-progress-report-2025,transmission,priority,290,Transmission PLTS + BESS Sumbawa-Bima (Kuota) Tersebar 50 MW ke GI Eksisting/GI Rencana Sistem Sumbawa-Bima,SULAWESI TENGGARA,2031,10,km,,,,,,plan_only,74fb460fd09e76607e3cff308f5ba2754f2ebd91b0c9b7613c1a041e7b361162,"Appendix 1, table 2, printed row 290",Progress Report 2025 priority-project line; plan values are not financing events
idn-progress25-transmission-291,IDN,idn-jetp-progress-report-2025,transmission,priority,291,Transmission PLTP Mataloko ke Inc. 2 Phi (Bajawa-Ropa),SULAWESI TENGGARA,2031,38,km,,,,,,plan_only,74fb460fd09e76607e3cff308f5ba2754f2ebd91b0c9b7613c1a041e7b361162,"Appendix 1, table 2, printed row 291",Progress Report 2025 priority-project line; plan values are not financing events
idn-progress25-transmission-292,IDN,idn-jetp-progress-report-2025,transmission,priority,292,Transmission PLTP Sulbagut (Kuota) Tersebar 65 MW ke GI Eksisting/New Sistem Sulbagut,SULAWESI TENGGARA,2031,8,km,,,,,,plan_only,74fb460fd09e76607e3cff308f5ba2754f2ebd91b0c9b7613c1a041e7b361162,"Appendix 1, table 2, printed row 292",Progress Report 2025 priority-project line; plan values are not financing events
idn-progress25-transmission-293,IDN,idn-jetp-progress-report-2025,transmission,priority,293,Transmission Bantaeng Switching (sisi 150 kV GITET Bantaeng Switching) ke PT Huadi 4 (Hengsheng) Tahap 2,SULAWESI TENGGARA,2031,1,km,,,,,,plan_only,74fb460fd09e76607e3cff308f5ba2754f2ebd91b0c9b7613c1a041e7b361162,"Appendix 1, table 2, printed row 293",Progress Report 2025 priority-project line; plan values are not financing events
idn-progress25-transmission-294,IDN,idn-jetp-progress-report-2025,transmission,priority,294,Transmission PLTA Sulbagsel (Kuota) Tersebar Tambahan I 200 MW ke GI / GITET Eksisting / New Sistem Sulbagsel,SULAWESI BARAT,2031,284,km,,,,,,plan_only,74fb460fd09e76607e3cff308f5ba2754f2ebd91b0c9b7613c1a041e7b361162,"Appendix 1, table 2, printed row 294",Progress Report 2025 priority-project line; plan values are not financing events
idn-progress25-transmission-295,IDN,idn-jetp-progress-report-2025,transmission,priority,295,Transmission PLTA Konawe ke Unaaha,SULAWESI BARAT,2031,202,km,,,,,,plan_only,74fb460fd09e76607e3cff308f5ba2754f2ebd91b0c9b7613c1a041e7b361162,"Appendix 1, table 2, printed row 295",Progress Report 2025 priority-project line; plan values are not financing events
idn-progress25-transmission-296,IDN,idn-jetp-progress-report-2025,transmission,priority,296,Transmission PLTA Sulbagsel (Kuota) Tersebar Tambahan II 600 MW ke GI/GITET Eksisting/New Sistem Sulbagsel,SULAWESI BARAT,2031,20,km,,,,,,plan_only,74fb460fd09e76607e3cff308f5ba2754f2ebd91b0c9b7613c1a041e7b361162,"Appendix 1, table 2, printed row 296",Progress Report 2025 priority-project line; plan values are not financing events
idn-progress25-transmission-297,IDN,idn-jetp-progress-report-2025,transmission,priority,297,Transmission PLTA Wai Tala ke Inc. 2 phi (Kairatu-Masohi),MALUKU,2031,10,km,,,,,,plan_only,74fb460fd09e76607e3cff308f5ba2754f2ebd91b0c9b7613c1a041e7b361162,"Appendix 1, table 2, printed row 297",Progress Report 2025 priority-project line; plan values are not financing events
idn-progress25-transmission-298,IDN,idn-jetp-progress-report-2025,transmission,priority,298,Transmission GI Ternate 2 ke Incomer 1 phi (MPP Ternate - GI Ternate 1),MALUKU,2031,10,km,,,,,,plan_only,74fb460fd09e76607e3cff308f5ba2754f2ebd91b0c9b7613c1a041e7b361162,"Appendix 1, table 2, printed row 298",Progress Report 2025 priority-project line; plan values are not financing events
idn-progress25-transmission-299,IDN,idn-jetp-progress-report-2025,transmission,priority,299,Transmission PLTP Halmahera (Kuota) Tersebar 20 MW ke GI Eksisting/GI Rencana Sistem Halmahera,"PAPUA, PAPUA PEGUNUNGAN, PAPUA TENGAH, PAPUA SELATAN",2031,20,km,,,,,,plan_only,74fb460fd09e76607e3cff308f5ba2754f2ebd91b0c9b7613c1a041e7b361162,"Appendix 1, table 2, printed row 299",Progress Report 2025 priority-project line; plan values are not financing events
idn-progress25-transmission-300,IDN,idn-jetp-progress-report-2025,transmission,priority,300,Transmission PLTP Halmahera (Kuota) Tersebar 50 MW ke GI Eksisting/GI Rencana Sistem Halmahera,"PAPUA, PAPUA PEGUNUNGAN, PAPUA TENGAH, PAPUA SELATAN",2031,60,km,,,,,,plan_only,74fb460fd09e76607e3cff308f5ba2754f2ebd91b0c9b7613c1a041e7b361162,"Appendix 1, table 2, printed row 300",Progress Report 2025 priority-project line; plan values are not financing events
idn-progress25-transmission-301,IDN,idn-jetp-progress-report-2025,transmission,priority,301,Transmission PLTB + BESS Timor (Kuota) Tersebar 22 MW ke GI Eksisting/GI Rencana Sistem Timor,NUSA TENGGARA BARAT,2031,10,km,,,,,,plan_only,74fb460fd09e76607e3cff308f5ba2754f2ebd91b0c9b7613c1a041e7b361162,"Appendix 1, table 2, printed row 301",Progress Report 2025 priority-project line; plan values are not financing events
idn-progress25-transmission-302,IDN,idn-jetp-progress-report-2025,transmission,priority,302,Transmission PLTP Flores (Kuota) Tersebar 40 MW ke GI Eksisting/GI Rencana Sistem Flores,NUSA TENGGARA TIMUR,2031,30,km,,,,,,plan_only,74fb460fd09e76607e3cff308f5ba2754f2ebd91b0c9b7613c1a041e7b361162,"Appendix 1, table 2, printed row 302",Progress Report 2025 priority-project line; plan values are not financing events
idn-progress25-transmission-303,IDN,idn-jetp-progress-report-2025,transmission,priority,303,Transmission PLTS + BESS Timor (Kuota) Tersebar 20 MW ke GI Eksisting/GI Rencana Sistem Timor,SULAWESI UTARA,2031,10,km,,,,,,plan_only,74fb460fd09e76607e3cff308f5ba2754f2ebd91b0c9b7613c1a041e7b361162,"Appendix 1, table 2, printed row 303",Progress Report 2025 priority-project line; plan values are not financing events
idn-progress25-transmission-304,IDN,idn-jetp-progress-report-2025,transmission,priority,304,Transmission New Aurduri ke PLTU Jambi 2,SULAWESI SELATAN,2031,10,km,,,,,,plan_only,74fb460fd09e76607e3cff308f5ba2754f2ebd91b0c9b7613c1a041e7b361162,"Appendix 1, table 2, printed row 304",Progress Report 2025 priority-project line; plan values are not financing events
idn-progress25-transmission-305,IDN,idn-jetp-progress-report-2025,transmission,priority,305,Transmission Rantepao ke Incomer 1 phi Makale - Masamba,SULAWESI SELATAN,2031,10,km,,,,,,plan_only,74fb460fd09e76607e3cff308f5ba2754f2ebd91b0c9b7613c1a041e7b361162,"Appendix 1, table 2, printed row 305",Progress Report 2025 priority-project line; plan values are not financing events
idn-progress25-transmission-306,IDN,idn-jetp-progress-report-2025,transmission,priority,306,Transmission PLTA Sulbagsel (Kuota) Tersebar Tambahan I 300 MW ke GI/GITET,SULAWESI UTARA,2032,20,km,,,,,,plan_only,74fb460fd09e76607e3cff308f5ba2754f2ebd91b0c9b7613c1a041e7b361162,"Appendix 1, table 2, printed row 306",Progress Report 2025 priority-project line; plan values are not financing events
idn-progress25-transmission-307,IDN,idn-jetp-progress-report-2025,transmission,priority,307,Transmission PLTB+BESS Sulbagsel (Kuota) Tersebar 50 MW ke GI Eksisting / New Sistem Sulbagsel,SULAWESI SELATAN,2032,2,km,,,,,,plan_only,74fb460fd09e76607e3cff308f5ba2754f2ebd91b0c9b7613c1a041e7b361162,"Appendix 1, table 2, printed row 307",Progress Report 2025 priority-project line; plan values are not financing events
idn-progress25-transmission-308,IDN,idn-jetp-progress-report-2025,transmission,priority,308,Transmission PLTA Buttu Batu 2x100 MW ke GI Eksisting / New Sistem Sulbagsel,SULAWESI SELATAN,2032,20,km,,,,,,plan_only,74fb460fd09e76607e3cff308f5ba2754f2ebd91b0c9b7613c1a041e7b361162,"Appendix 1, table 2, printed row 308",Progress Report 2025 priority-project line; plan values are not financing events
idn-progress25-transmission-309,IDN,idn-jetp-progress-report-2025,transmission,priority,309,Transmission PLTP Sulbagsel (Kuota) Tersebar 80 MW ke GI Eksisting / New Sistem Sulbagsel,SULAWESI TENGGARA,2032,80,km,,,,,,plan_only,74fb460fd09e76607e3cff308f5ba2754f2ebd91b0c9b7613c1a041e7b361162,"Appendix 1, table 2, printed row 309",Progress Report 2025 priority-project line; plan values are not financing events
idn-progress25-transmission-310,IDN,idn-jetp-progress-report-2025,transmission,priority,310,Transmission PLTA Sulbagsel (Kuota) Tersebar Tambahan II 400 MW ke GI/GITET Eksisting/New Sistem Sulbagsel,SULAWESI BARAT,2032,20,km,,,,,,plan_only,74fb460fd09e76607e3cff308f5ba2754f2ebd91b0c9b7613c1a041e7b361162,"Appendix 1, table 2, printed row 310",Progress Report 2025 priority-project line; plan values are not financing events
idn-progress25-transmission-311,IDN,idn-jetp-progress-report-2025,transmission,priority,311,Transmission Inc. 2 Phi (Sofifi - Maba) ke Kawasan Industri Buli (Feni Halim),MALUKU,2032,30,km,,,,,,plan_only,74fb460fd09e76607e3cff308f5ba2754f2ebd91b0c9b7613c1a041e7b361162,"Appendix 1, table 2, printed row 311",Progress Report 2025 priority-project line; plan values are not financing events
idn-progress25-transmission-312,IDN,idn-jetp-progress-report-2025,transmission,priority,312,Transmission GI Angkasa ke GI Sentani Baru,MALUKU UTARA,2032,10,km,,,,,,plan_only,74fb460fd09e76607e3cff308f5ba2754f2ebd91b0c9b7613c1a041e7b361162,"Appendix 1, table 2, printed row 312",Progress Report 2025 priority-project line; plan values are not financing events
idn-progress25-transmission-313,IDN,idn-jetp-progress-report-2025,transmission,priority,313,Transmission PLTU Holtekamp ke GI Keerom,MALUKU UTARA,2032,20,km,,,,,,plan_only,74fb460fd09e76607e3cff308f5ba2754f2ebd91b0c9b7613c1a041e7b361162,"Appendix 1, table 2, printed row 313",Progress Report 2025 priority-project line; plan values are not financing events
idn-progress25-transmission-314,IDN,idn-jetp-progress-report-2025,transmission,priority,314,Transmission PLTS + BESS Lombok (Kuota) Tersebar 50 MW ke GI Eksisting/GI Rencana Sistem Lombok,MALUKU UTARA,2032,20,km,,,,,,plan_only,74fb460fd09e76607e3cff308f5ba2754f2ebd91b0c9b7613c1a041e7b361162,"Appendix 1, table 2, printed row 314",Progress Report 2025 priority-project line; plan values are not financing events
idn-progress25-transmission-315,IDN,idn-jetp-progress-report-2025,transmission,priority,315,Transmission GI Maluk ke GI Taliwang,NUSA TENGGARA TIMUR,2032,10,km,,,,,,plan_only,74fb460fd09e76607e3cff308f5ba2754f2ebd91b0c9b7613c1a041e7b361162,"Appendix 1, table 2, printed row 315",Progress Report 2025 priority-project line; plan values are not financing events
idn-progress25-transmission-316,IDN,idn-jetp-progress-report-2025,transmission,priority,316,Transmission PLTP Oka Ile Ange ke Inc. 1 Phi PLTMG Maumere - Larantuka,NUSA TENGGARA TIMUR,2032,20,km,,,,,,plan_only,74fb460fd09e76607e3cff308f5ba2754f2ebd91b0c9b7613c1a041e7b361162,"Appendix 1, table 2, printed row 316",Progress Report 2025 priority-project line; plan values are not financing events
idn-progress25-transmission-317,IDN,idn-jetp-progress-report-2025,transmission,priority,317,Transmission PLTP Flores (Kuota) Tersebar 30 MW ke GI Eksisting/GI Rencana Sistem Flores,NUSA TENGGARA TIMUR,2032,10,km,,,,,,plan_only,74fb460fd09e76607e3cff308f5ba2754f2ebd91b0c9b7613c1a041e7b361162,"Appendix 1, table 2, printed row 317",Progress Report 2025 priority-project line; plan values are not financing events
idn-progress25-transmission-318,IDN,idn-jetp-progress-report-2025,transmission,priority,318,Transmission PLTS + BESS Timor (Kuota) Tersebar 50 MW ke GI Eksisting/GI Rencana Sistem Timor,JAMBI,2032,160,km,,,,,,plan_only,74fb460fd09e76607e3cff308f5ba2754f2ebd91b0c9b7613c1a041e7b361162,"Appendix 1, table 2, printed row 318",Progress Report 2025 priority-project line; plan values are not financing events
idn-progress25-transmission-319,IDN,idn-jetp-progress-report-2025,transmission,priority,319,Transmission PLTA Sulbagut (Kuota) Tersebar 100 MW ke GI Eksisting/New Sistem Sulbagut,SULAWESI SELATAN,2033,4,km,,,,,,plan_only,74fb460fd09e76607e3cff308f5ba2754f2ebd91b0c9b7613c1a041e7b361162,"Appendix 1, table 2, printed row 319",Progress Report 2025 priority-project line; plan values are not financing events
idn-progress25-transmission-320,IDN,idn-jetp-progress-report-2025,transmission,priority,320,Transmission PLTA Sulbagsel (Kuota) Tersebar Tambahan 1 300 MW ke GI/GITET Eksisting / New Sistem Sulbagsel,SULAWESI SELATAN,2033,20,km,,,,,,plan_only,74fb460fd09e76607e3cff308f5ba2754f2ebd91b0c9b7613c1a041e7b361162,"Appendix 1, table 2, printed row 320",Progress Report 2025 priority-project line; plan values are not financing events
idn-progress25-transmission-321,IDN,idn-jetp-progress-report-2025,transmission,priority,321,Transmission PLTS + BESS Sumbawa-Bima (Kuota) Tersebar 50 MW ke GI Eksisting/GI Rencana Sistem Sumbawa-Bima,SULAWESI SELATAN,2033,10,km,,,,,,plan_only,74fb460fd09e76607e3cff308f5ba2754f2ebd91b0c9b7613c1a041e7b361162,"Appendix 1, table 2, printed row 321",Progress Report 2025 priority-project line; plan values are not financing events
idn-progress25-transmission-322,IDN,idn-jetp-progress-report-2025,transmission,priority,322,Transmission PLTS+BESS Sulbagut (Kuota) Tersebar 15 MW ke GI Eksisting/New Sistem Sulbagut,SULAWESI SELATAN,2033,20,km,,,,,,plan_only,74fb460fd09e76607e3cff308f5ba2754f2ebd91b0c9b7613c1a041e7b361162,"Appendix 1, table 2, printed row 322",Progress Report 2025 priority-project line; plan values are not financing events
idn-progress25-transmission-323,IDN,idn-jetp-progress-report-2025,transmission,priority,323,Transmission PLTB + BESS Sulbagut (Kuota) Tersebar 60 MW ke GI Eksisting/New Sistem Sulbagut,SULAWESI SELATAN,2033,20,km,,,,,,plan_only,74fb460fd09e76607e3cff308f5ba2754f2ebd91b0c9b7613c1a041e7b361162,"Appendix 1, table 2, printed row 323",Progress Report 2025 priority-project line; plan values are not financing events
idn-progress25-transmission-324,IDN,idn-jetp-progress-report-2025,transmission,priority,324,Transmission PLTS+BESS Sulbagut (Kuota) Tersebar 17 MW ke GI Eksisting/New Sistem Sulbagut,SULAWESI BARAT,2033,20,km,,,,,,plan_only,74fb460fd09e76607e3cff308f5ba2754f2ebd91b0c9b7613c1a041e7b361162,"Appendix 1, table 2, printed row 324",Progress Report 2025 priority-project line; plan values are not financing events
idn-progress25-transmission-325,IDN,idn-jetp-progress-report-2025,transmission,priority,325,Transmission PLTB + BESS Sulbagut (Kuota) Tersebar Tambahan 20 MW ke GI Eksisting/New Sistem Sulbagut,MALUKU UTARA,2033,28,km,,,,,,plan_only,74fb460fd09e76607e3cff308f5ba2754f2ebd91b0c9b7613c1a041e7b361162,"Appendix 1, table 2, printed row 325",Progress Report 2025 priority-project line; plan values are not financing events
idn-progress25-transmission-326,IDN,idn-jetp-progress-report-2025,transmission,priority,326,Transmission PLTS+BESS Sulbagut (Kuota) Tersebar 20 MW ke GI Eksisting/New Sistem Sulbagut,"PAPUA, PAPUA PEGUNUNGAN, PAPUA TENGAH, PAPUA SELATAN",2033,72,km,,,,,,plan_only,74fb460fd09e76607e3cff308f5ba2754f2ebd91b0c9b7613c1a041e7b361162,"Appendix 1, table 2, printed row 326",Progress Report 2025 priority-project line; plan values are not financing events
idn-progress25-transmission-327,IDN,idn-jetp-progress-report-2025,transmission,priority,327,Transmission PLTS+BESS Sulbagut (Kuota) Tersebar 20 MW ke GI Eksisting/New Sistem Sulbagut,"PAPUA, PAPUA PEGUNUNGAN, PAPUA TENGAH, PAPUA SELATAN",2033,40,km,,,,,,plan_only,74fb460fd09e76607e3cff308f5ba2754f2ebd91b0c9b7613c1a041e7b361162,"Appendix 1, table 2, printed row 327",Progress Report 2025 priority-project line; plan values are not financing events
idn-progress25-transmission-328,IDN,idn-jetp-progress-report-2025,transmission,priority,328,Transmission PLTS+BESS Sulbagut (Kuota) Tersebar 51 MW ke GI Eksisting/New Sistem Sulbagut,NUSA TENGGARA BARAT,2033,10,km,,,,,,plan_only,74fb460fd09e76607e3cff308f5ba2754f2ebd91b0c9b7613c1a041e7b361162,"Appendix 1, table 2, printed row 328",Progress Report 2025 priority-project line; plan values are not financing events
idn-progress25-transmission-329,IDN,idn-jetp-progress-report-2025,transmission,priority,329,Transmission PLTB Sulbagsel (Kuota) Tersebar Tambahan 200 MW ke GI Eksisting / New Sistem Sulbagsel,NUSA TENGGARA BARAT,2033,40,km,,,,,,plan_only,74fb460fd09e76607e3cff308f5ba2754f2ebd91b0c9b7613c1a041e7b361162,"Appendix 1, table 2, printed row 329",Progress Report 2025 priority-project line; plan values are not financing events
idn-progress25-transmission-330,IDN,idn-jetp-progress-report-2025,transmission,priority,330,Transmission PLTS+BESS Sulbagsel (Kuota) Tersebar Tambahan II 200 MW ke GI Eksisting / New Sistem Sulbagsel,NUSA TENGGARA TIMUR,2033,5,km,,,,,,plan_only,74fb460fd09e76607e3cff308f5ba2754f2ebd91b0c9b7613c1a041e7b361162,"Appendix 1, table 2, printed row 330",Progress Report 2025 priority-project line; plan values are not financing events
idn-progress25-transmission-331,IDN,idn-jetp-progress-report-2025,transmission,priority,331,Transmission PLTS+BESS Sulbagsel (Kuota) Tersebar Tambahan I 51 MW ke GI Eksisting / New Sistem Sulbagsel,NUSA TENGGARA TIMUR,2033,20,km,,,,,,plan_only,74fb460fd09e76607e3cff308f5ba2754f2ebd91b0c9b7613c1a041e7b361162,"Appendix 1, table 2, printed row 331",Progress Report 2025 priority-project line; plan values are not financing events
idn-progress25-transmission-332,IDN,idn-jetp-progress-report-2025,transmission,priority,332,Transmission PLTB Sulbagsel (Kuota) Tersebar 100 MW ke GI Eksisting / New Sistem Sulbagsel,NUSA TENGGARA TIMUR,2033,10,km,,,,,,plan_only,74fb460fd09e76607e3cff308f5ba2754f2ebd91b0c9b7613c1a041e7b361162,"Appendix 1, table 2, printed row 332",Progress Report 2025 priority-project line; plan values are not financing events
idn-progress25-transmission-333,IDN,idn-jetp-progress-report-2025,transmission,priority,333,Transmission PLTS+BESS Sulbagsel (Kuota) Tersebar Tambahan I 168 MW ke GI Eksisting / New Sistem Sulbagsel,SULAWESI UTARA,2033,10,km,,,,,,plan_only,74fb460fd09e76607e3cff308f5ba2754f2ebd91b0c9b7613c1a041e7b361162,"Appendix 1, table 2, printed row 333",Progress Report 2025 priority-project line; plan values are not financing events
idn-progress25-transmission-334,IDN,idn-jetp-progress-report-2025,transmission,priority,334,Transmission PLTB Sulbagsel (Kuota) Tersebar Tambahan 200 MW ke GI Eksisting / New Sistem Sulbagsel,SULAWESI SELATAN,2033,10,km,,,,,,plan_only,74fb460fd09e76607e3cff308f5ba2754f2ebd91b0c9b7613c1a041e7b361162,"Appendix 1, table 2, printed row 334",Progress Report 2025 priority-project line; plan values are not financing events
idn-progress25-transmission-335,IDN,idn-jetp-progress-report-2025,transmission,priority,335,Transmission PLTS+BESS Sulbagsel (Kuota) Tersebar Tambahan II 200 MW ke GI Eksisting / New Sistem Sulbagsel,SULAWESI SELATAN,2033,10,km,,,,,,plan_only,74fb460fd09e76607e3cff308f5ba2754f2ebd91b0c9b7613c1a041e7b361162,"Appendix 1, table 2, printed row 335",Progress Report 2025 priority-project line; plan values are not financing events
idn-progress25-transmission-336,IDN,idn-jetp-progress-report-2025,transmission,priority,336,Transmission PLTS+BESS Sulbagsel (Kuota) Tersebar 50 MW ke GI Eksisting / New Sistem Sulbagsel,SULAWESI SELATAN,2033,10,km,,,,,,plan_only,74fb460fd09e76607e3cff308f5ba2754f2ebd91b0c9b7613c1a041e7b361162,"Appendix 1, table 2, printed row 336",Progress Report 2025 priority-project line; plan values are not financing events
idn-progress25-transmission-337,IDN,idn-jetp-progress-report-2025,transmission,priority,337,Transmission PLTB Sulbagsel (Kuota) Tersebar 100 MW ke GI Eksisting / New Sistem Sulbagsel,SULAWESI SELATAN,2033,10,km,,,,,,plan_only,74fb460fd09e76607e3cff308f5ba2754f2ebd91b0c9b7613c1a041e7b361162,"Appendix 1, table 2, printed row 337",Progress Report 2025 priority-project line; plan values are not financing events
idn-progress25-transmission-338,IDN,idn-jetp-progress-report-2025,transmission,priority,338,Transmission PLTB Sulbagsel (Kuota) Tersebar Tambahan 200 MW ke GI Eksisting / New Sistem Sulbagsel,SULAWESI UTARA,2034,20,km,,,,,,plan_only,74fb460fd09e76607e3cff308f5ba2754f2ebd91b0c9b7613c1a041e7b361162,"Appendix 1, table 2, printed row 338",Progress Report 2025 priority-project line; plan values are not financing events
idn-progress25-transmission-339,IDN,idn-jetp-progress-report-2025,transmission,priority,339,Transmission PLTS+BESS Sulbagsel (Kuota) Tersebar Tambahan II 300 MW ke,SULAWESI SELATAN,2034,20,km,,,,,,plan_only,74fb460fd09e76607e3cff308f5ba2754f2ebd91b0c9b7613c1a041e7b361162,"Appendix 1, table 2, printed row 339",Progress Report 2025 priority-project line; plan values are not financing events
idn-progress25-transmission-340,IDN,idn-jetp-progress-report-2025,transmission,priority,340,Transmission PLTB+BESS Sulbagsel (Kuota) Tersebar Tambahan I 22 MW ke GI Eksisting/New Sistem Sulbagsel,NUSA TENGGARA BARAT,2034,10,km,,,,,,plan_only,74fb460fd09e76607e3cff308f5ba2754f2ebd91b0c9b7613c1a041e7b361162,"Appendix 1, table 2, printed row 340",Progress Report 2025 priority-project line; plan values are not financing events
idn-progress25-wind-001,IDN,idn-jetp-progress-report-2025,wind,top_priority,1,Wind Sulbagsel (Kuota) Tersebar,Sulawesi Selatan,2024,60,MW,,,,,,plan_only,74fb460fd09e76607e3cff308f5ba2754f2ebd91b0c9b7613c1a041e7b361162,"Appendix 1, table 8, printed row 1",Progress Report 2025 priority-project line; plan values are not financing events
idn-progress25-wind-002,IDN,idn-jetp-progress-report-2025,wind,top_priority,2,Wind Sulbagsel (Kuota) Tersebar,Sulawesi Selatan,2026,70,MW,,,,,,plan_only,74fb460fd09e76607e3cff308f5ba2754f2ebd91b0c9b7613c1a041e7b361162,"Appendix 1, table 8, printed row 2",Progress Report 2025 priority-project line; plan values are not financing events
idn-progress25-wind-003,IDN,idn-jetp-progress-report-2025,wind,priority,3,Wind Bayu Sumatera¹),Aceh,2026,55,MW,,,,,,plan_only,74fb460fd09e76607e3cff308f5ba2754f2ebd91b0c9b7613c1a041e7b361162,"Appendix 1, table 8, printed row 3",Progress Report 2025 priority-project line; plan values are not financing events
idn-progress25-wind-004,IDN,idn-jetp-progress-report-2025,wind,priority,4,Wind Jawa-Bali (Kuota) Tersebar I,Jawa Barat,2026,150,MW,,,,,,plan_only,74fb460fd09e76607e3cff308f5ba2754f2ebd91b0c9b7613c1a041e7b361162,"Appendix 1, table 8, printed row 4",Progress Report 2025 priority-project line; plan values are not financing events
idn-progress25-wind-005,IDN,idn-jetp-progress-report-2025,wind,priority,5,Wind Isolated Jateng,Jawa Tengah,2026,2.2,MW,,,,,,plan_only,74fb460fd09e76607e3cff308f5ba2754f2ebd91b0c9b7613c1a041e7b361162,"Appendix 1, table 8, printed row 5",Progress Report 2025 priority-project line; plan values are not financing events
idn-progress25-wind-006,IDN,idn-jetp-progress-report-2025,wind,priority,6,Wind Isolated Bali,Bali,2026,10,MW,,,,,,plan_only,74fb460fd09e76607e3cff308f5ba2754f2ebd91b0c9b7613c1a041e7b361162,"Appendix 1, table 8, printed row 6",Progress Report 2025 priority-project line; plan values are not financing events
idn-progress25-wind-007,IDN,idn-jetp-progress-report-2025,wind,top_priority,7,Wind+BESS Sumba (Kuota) Tersebar,Nusa Tenggara Timur,2026,3,MW,,,,,,plan_only,74fb460fd09e76607e3cff308f5ba2754f2ebd91b0c9b7613c1a041e7b361162,"Appendix 1, table 8, printed row 7",Progress Report 2025 priority-project line; plan values are not financing events
idn-progress25-wind-008,IDN,idn-jetp-progress-report-2025,wind,priority,8,Wind+BESS Lombok (Kuota) Tersebar,Nusa Tenggara Barat,2027,30,MW,,,,,,plan_only,74fb460fd09e76607e3cff308f5ba2754f2ebd91b0c9b7613c1a041e7b361162,"Appendix 1, table 8, printed row 8",Progress Report 2025 priority-project line; plan values are not financing events
idn-progress25-wind-009,IDN,idn-jetp-progress-report-2025,wind,top_priority,9,Wind+BESS Timor (Kuota) Tersebar,Nusa Tenggara Timur,2027,11,MW,,,,,,plan_only,74fb460fd09e76607e3cff308f5ba2754f2ebd91b0c9b7613c1a041e7b361162,"Appendix 1, table 8, printed row 9",Progress Report 2025 priority-project line; plan values are not financing events
idn-progress25-wind-010,IDN,idn-jetp-progress-report-2025,wind,top_priority,10,Wind+BESS Timor (Kuota) Tersebar,Nusa Tenggara Timur,2027,11,MW,,,,,,plan_only,74fb460fd09e76607e3cff308f5ba2754f2ebd91b0c9b7613c1a041e7b361162,"Appendix 1, table 8, printed row 10",Progress Report 2025 priority-project line; plan values are not financing events
idn-progress25-wind-011,IDN,idn-jetp-progress-report-2025,wind,priority,11,Wind Tanah Laut,Kalimantan Selatan,2028,70,MW,,,,,idn-pipe-tanah-laut-wind,matched,74fb460fd09e76607e3cff308f5ba2754f2ebd91b0c9b7613c1a041e7b361162,"Appendix 1, table 8, printed row 11",Progress Report 2025 priority-project line; plan values are not financing events
idn-progress25-wind-012,IDN,idn-jetp-progress-report-2025,wind,priority,12,Wind Bayu Sumatera¹),Aceh,2028,55,MW,,,,,,plan_only,74fb460fd09e76607e3cff308f5ba2754f2ebd91b0c9b7613c1a041e7b361162,"Appendix 1, table 8, printed row 12",Progress Report 2025 priority-project line; plan values are not financing events
idn-progress25-wind-013,IDN,idn-jetp-progress-report-2025,wind,priority,13,Wind Banten,Banten,2028,100,MW,,,,,,plan_only,74fb460fd09e76607e3cff308f5ba2754f2ebd91b0c9b7613c1a041e7b361162,"Appendix 1, table 8, printed row 13",Progress Report 2025 priority-project line; plan values are not financing events
idn-progress25-wind-014,IDN,idn-jetp-progress-report-2025,wind,priority,14,Wind+BESS Lombok (Kuota) Tersebar,Nusa Tenggara Barat,2028,30,MW,,,,,,plan_only,74fb460fd09e76607e3cff308f5ba2754f2ebd91b0c9b7613c1a041e7b361162,"Appendix 1, table 8, printed row 14",Progress Report 2025 priority-project line; plan values are not financing events
idn-progress25-wind-015,IDN,idn-jetp-progress-report-2025,wind,priority,15,Wind Banten,Banten,2029,100,MW,,,,,,plan_only,74fb460fd09e76607e3cff308f5ba2754f2ebd91b0c9b7613c1a041e7b361162,"Appendix 1, table 8, printed row 15",Progress Report 2025 priority-project line; plan values are not financing events
idn-progress25-wind-016,IDN,idn-jetp-progress-report-2025,wind,priority,16,Wind+BESS Sulbagut (Kuota) Tersebar Tambahan,Sulawesi Utara,2029,20,MW,,,,,,plan_only,74fb460fd09e76607e3cff308f5ba2754f2ebd91b0c9b7613c1a041e7b361162,"Appendix 1, table 8, printed row 16",Progress Report 2025 priority-project line; plan values are not financing events
idn-progress25-wind-017,IDN,idn-jetp-progress-report-2025,wind,priority,17,Wind+BESS Maubesi,Nusa Tenggara Timur,2029,3.3,MW,,,,,,plan_only,74fb460fd09e76607e3cff308f5ba2754f2ebd91b0c9b7613c1a041e7b361162,"Appendix 1, table 8, printed row 17",Progress Report 2025 priority-project line; plan values are not financing events
idn-progress25-wind-018,IDN,idn-jetp-progress-report-2025,wind,priority,18,Wind Sumatera (Kuota Tersebar)¹),Aceh,2030,110,MW,,,,,,plan_only,74fb460fd09e76607e3cff308f5ba2754f2ebd91b0c9b7613c1a041e7b361162,"Appendix 1, table 8, printed row 18",Progress Report 2025 priority-project line; plan values are not financing events
idn-progress25-wind-019,IDN,idn-jetp-progress-report-2025,wind,priority,19,Wind Jawa-Bali (Kuota) Tersebar II,Jawa Timur,2030,80,MW,,,,,,plan_only,74fb460fd09e76607e3cff308f5ba2754f2ebd91b0c9b7613c1a041e7b361162,"Appendix 1, table 8, printed row 19",Progress Report 2025 priority-project line; plan values are not financing events
idn-progress25-wind-020,IDN,idn-jetp-progress-report-2025,wind,priority,20,Wind Jawa-Bali (Kuota) Tersebar II,Jawa Barat,2031,75,MW,,,,,,plan_only,74fb460fd09e76607e3cff308f5ba2754f2ebd91b0c9b7613c1a041e7b361162,"Appendix 1, table 8, printed row 20",Progress Report 2025 priority-project line; plan values are not financing events
idn-progress25-wind-021,IDN,idn-jetp-progress-report-2025,wind,priority,21,Wind Jawa-Bali (Kuota) Tersebar I,Jawa Tengah,2031,60,MW,,,,,,plan_only,74fb460fd09e76607e3cff308f5ba2754f2ebd91b0c9b7613c1a041e7b361162,"Appendix 1, table 8, printed row 21",Progress Report 2025 priority-project line; plan values are not financing events
idn-progress25-wind-022,IDN,idn-jetp-progress-report-2025,wind,priority,22,Wind+BESS Ambon (Kuota) Tersebar,Maluku,2031,30,MW,,,,,,plan_only,74fb460fd09e76607e3cff308f5ba2754f2ebd91b0c9b7613c1a041e7b361162,"Appendix 1, table 8, printed row 22",Progress Report 2025 priority-project line; plan values are not financing events
idn-progress25-wind-023,IDN,idn-jetp-progress-report-2025,wind,priority,23,Wind Jawa-bali (Kuota) Tersebar III,Jawa Barat,2032,150,MW,,,,,,plan_only,74fb460fd09e76607e3cff308f5ba2754f2ebd91b0c9b7613c1a041e7b361162,"Appendix 1, table 8, printed row 23",Progress Report 2025 priority-project line; plan values are not financing events
idn-progress25-wind-024,IDN,idn-jetp-progress-report-2025,wind,priority,24,Wind Jawa-Bali (Kuota) Tersebar II,Jawa Tengah,2032,50,MW,,,,,,plan_only,74fb460fd09e76607e3cff308f5ba2754f2ebd91b0c9b7613c1a041e7b361162,"Appendix 1, table 8, printed row 24",Progress Report 2025 priority-project line; plan values are not financing events
idn-progress25-wind-025,IDN,idn-jetp-progress-report-2025,wind,priority,25,Wind Jawa-Bali (Kuota) Tersebar III,Jawa Tengah,2032,50,MW,,,,,,plan_only,74fb460fd09e76607e3cff308f5ba2754f2ebd91b0c9b7613c1a041e7b361162,"Appendix 1, table 8, printed row 25",Progress Report 2025 priority-project line; plan values are not financing events
idn-progress25-wind-026,IDN,idn-jetp-progress-report-2025,wind,priority,26,Wind+BESS Timor (Kuota) Tersebar,Nusa Tenggara Timur,2032,22,MW,,,,,,plan_only,74fb460fd09e76607e3cff308f5ba2754f2ebd91b0c9b7613c1a041e7b361162,"Appendix 1, table 8, printed row 26",Progress Report 2025 priority-project line; plan values are not financing events
idn-progress25-wind-027,IDN,idn-jetp-progress-report-2025,wind,priority,27,Wind Bayu Sumatera (Kuota) Tersebar,Lampung,2033,270,MW,,,,,,plan_only,74fb460fd09e76607e3cff308f5ba2754f2ebd91b0c9b7613c1a041e7b361162,"Appendix 1, table 8, printed row 27",Progress Report 2025 priority-project line; plan values are not financing events
idn-progress25-wind-028,IDN,idn-jetp-progress-report-2025,wind,priority,28,Wind Jawa-bali (Kuota) Tersebar I,Daerah Istimewa Yogyakarta (DIY),2033,50,MW,,,,,,plan_only,74fb460fd09e76607e3cff308f5ba2754f2ebd91b0c9b7613c1a041e7b361162,"Appendix 1, table 8, printed row 28",Progress Report 2025 priority-project line; plan values are not financing events
idn-progress25-wind-029,IDN,idn-jetp-progress-report-2025,wind,priority,29,Wind Jawa-Bali (Kuota) Tersebar II,Jawa Timur,2033,100,MW,,,,,,plan_only,74fb460fd09e76607e3cff308f5ba2754f2ebd91b0c9b7613c1a041e7b361162,"Appendix 1, table 8, printed row 29",Progress Report 2025 priority-project line; plan values are not financing events
idn-progress25-wind-030,IDN,idn-jetp-progress-report-2025,wind,priority,30,Wind Sumatera (Kuota) Tersebar¹⁾,Aceh,2034,100,MW,,,,,,plan_only,74fb460fd09e76607e3cff308f5ba2754f2ebd91b0c9b7613c1a041e7b361162,"Appendix 1, table 8, printed row 30",Progress Report 2025 priority-project line; plan values are not financing events
idn-progress25-wind-031,IDN,idn-jetp-progress-report-2025,wind,priority,31,Wind Jawa-Bali (Kuota) Tersebar III,Banten,2034,300,MW,,,,,,plan_only,74fb460fd09e76607e3cff308f5ba2754f2ebd91b0c9b7613c1a041e7b361162,"Appendix 1, table 8, printed row 31",Progress Report 2025 priority-project line; plan values are not financing events
idn-progress25-wind-032,IDN,idn-jetp-progress-report-2025,wind,priority,32,Wind Jawa-Bali (Kuota) Tersebar II,Banten,-,300,MW,,,,,,plan_only,74fb460fd09e76607e3cff308f5ba2754f2ebd91b0c9b7613c1a041e7b361162,"Appendix 1, table 8, printed row 32",Progress Report 2025 priority-project line; plan values are not financing events
idn-progress25-wind-033,IDN,idn-jetp-progress-report-2025,wind,priority,33,Wind Jawa-Bali (Kuota) Tersebar IV,Banten,-,600,MW,,,,,,plan_only,74fb460fd09e76607e3cff308f5ba2754f2ebd91b0c9b7613c1a041e7b361162,"Appendix 1, table 8, printed row 33",Progress Report 2025 priority-project line; plan values are not financing events
idn-progress25-wind-034,IDN,idn-jetp-progress-report-2025,wind,priority,34,Wind Jawa-Bali (Kuota) Tersebar IV,Jawa Barat,-,200,MW,,,,,,plan_only,74fb460fd09e76607e3cff308f5ba2754f2ebd91b0c9b7613c1a041e7b361162,"Appendix 1, table 8, printed row 34",Progress Report 2025 priority-project line; plan values are not financing events
idn-progress25-wind-035,IDN,idn-jetp-progress-report-2025,wind,priority,35,Wind Jawa-Bali (Kuota) Tersebar V,Jawa Barat,-,200,MW,,,,,,plan_only,74fb460fd09e76607e3cff308f5ba2754f2ebd91b0c9b7613c1a041e7b361162,"Appendix 1, table 8, printed row 35",Progress Report 2025 priority-project line; plan values are not financing events
idn-progress25-wind-036,IDN,idn-jetp-progress-report-2025,wind,priority,36,Wind Jawa-Bali (Kuota) Tersebar IV,Jawa Tengah,-,100,MW,,,,,,plan_only,74fb460fd09e76607e3cff308f5ba2754f2ebd91b0c9b7613c1a041e7b361162,"Appendix 1, table 8, printed row 36",Progress Report 2025 priority-project line; plan values are not financing events
idn-progress25-wind-037,IDN,idn-jetp-progress-report-2025,wind,priority,37,Wind Jawa-Bali (Kuota) Tersebar V,Jawa Tengah,-,200,MW,,,,,,plan_only,74fb460fd09e76607e3cff308f5ba2754f2ebd91b0c9b7613c1a041e7b361162,"Appendix 1, table 8, printed row 37",Progress Report 2025 priority-project line; plan values are not financing events
idn-progress25-wind-038,IDN,idn-jetp-progress-report-2025,wind,priority,38,Wind Jawa-Bali (Kuota) Tersebar VI,Jawa Tengah,-,200,MW,,,,,,plan_only,74fb460fd09e76607e3cff308f5ba2754f2ebd91b0c9b7613c1a041e7b361162,"Appendix 1, table 8, printed row 38",Progress Report 2025 priority-project line; plan values are not financing events
idn-progress25-wind-039,IDN,idn-jetp-progress-report-2025,wind,priority,39,Wind Jawa-Bali (Kuota) Tersebar VII,Jawa Tengah,-,200,MW,,,,,,plan_only,74fb460fd09e76607e3cff308f5ba2754f2ebd91b0c9b7613c1a041e7b361162,"Appendix 1, table 8, printed row 39",Progress Report 2025 priority-project line; plan values are not financing events
idn-progress25-wind-040,IDN,idn-jetp-progress-report-2025,wind,priority,40,Wind Jawa-bali (Kuota) Tersebar II,Daerah Istimewa Yogyakarta (DIY),-,200,MW,,,,,,plan_only,74fb460fd09e76607e3cff308f5ba2754f2ebd91b0c9b7613c1a041e7b361162,"Appendix 1, table 8, printed row 40",Progress Report 2025 priority-project line; plan values are not financing events
idn-progress25-wind-041,IDN,idn-jetp-progress-report-2025,wind,priority,41,Wind Jawa-bali (Kuota) Tersebar III,Daerah Istimewa Yogyakarta (DIY),-,100,MW,,,,,,plan_only,74fb460fd09e76607e3cff308f5ba2754f2ebd91b0c9b7613c1a041e7b361162,"Appendix 1, table 8, printed row 41",Progress Report 2025 priority-project line; plan values are not financing events
idn-progress25-wind-042,IDN,idn-jetp-progress-report-2025,wind,priority,42,Wind Jawa-bali (Kuota) Tersebar IV,Daerah Istimewa Yogyakarta (DIY),-,100,MW,,,,,,plan_only,74fb460fd09e76607e3cff308f5ba2754f2ebd91b0c9b7613c1a041e7b361162,"Appendix 1, table 8, printed row 42",Progress Report 2025 priority-project line; plan values are not financing events
idn-progress25-wind-043,IDN,idn-jetp-progress-report-2025,wind,priority,43,Wind Jawa-Bali (Kuota) Tersebar IV,Jawa Timur,-,200,MW,,,,,,plan_only,74fb460fd09e76607e3cff308f5ba2754f2ebd91b0c9b7613c1a041e7b361162,"Appendix 1, table 8, printed row 43",Progress Report 2025 priority-project line; plan values are not financing events
idn-progress25-wind-044,IDN,idn-jetp-progress-report-2025,wind,priority,44,Wind Jawa-Bali (Kuota) Tersebar V,Jawa Timur,-,200,MW,,,,,,plan_only,74fb460fd09e76607e3cff308f5ba2754f2ebd91b0c9b7613c1a041e7b361162,"Appendix 1, table 8, printed row 44",Progress Report 2025 priority-project line; plan values are not financing events
idn-progress25-wind-045,IDN,idn-jetp-progress-report-2025,wind,priority,45,Wind Jawa-Bali (Kuota) Tersebar III,Jawa Timur,-,200,MW,,,,,,plan_only,74fb460fd09e76607e3cff308f5ba2754f2ebd91b0c9b7613c1a041e7b361162,"Appendix 1, table 8, printed row 45",Progress Report 2025 priority-project line; plan values are not financing events
idn-progress25-wind-046,IDN,idn-jetp-progress-report-2025,wind,priority,46,Wind Jawa-Bali (Kuota) Tersebar VII,Jawa Timur,-,100,MW,,,,,,plan_only,74fb460fd09e76607e3cff308f5ba2754f2ebd91b0c9b7613c1a041e7b361162,"Appendix 1, table 8, printed row 46",Progress Report 2025 priority-project line; plan values are not financing events
idn-progress25-wind-047,IDN,idn-jetp-progress-report-2025,wind,priority,47,Wind Jawa-Bali (Kuota) Tersebar VI,Jawa Timur,-,100,MW,,,,,,plan_only,74fb460fd09e76607e3cff308f5ba2754f2ebd91b0c9b7613c1a041e7b361162,"Appendix 1, table 8, printed row 47",Progress Report 2025 priority-project line; plan values are not financing events
idn-progress25-wind-048,IDN,idn-jetp-progress-report-2025,wind,priority,48,Wind Jawa-Bali (Kuota) Tersebar VIII,Jawa Timur,-,100,MW,,,,,,plan_only,74fb460fd09e76607e3cff308f5ba2754f2ebd91b0c9b7613c1a041e7b361162,"Appendix 1, table 8, printed row 48",Progress Report 2025 priority-project line; plan values are not financing events
idn-progress25-wind-049,IDN,idn-jetp-progress-report-2025,wind,priority,49,Wind Jawa-Bali (Kuota) Tersebar X,Jawa Timur,-,200,MW,,,,,,plan_only,74fb460fd09e76607e3cff308f5ba2754f2ebd91b0c9b7613c1a041e7b361162,"Appendix 1, table 8, printed row 49",Progress Report 2025 priority-project line; plan values are not financing events
idn-progress25-wind-050,IDN,idn-jetp-progress-report-2025,wind,priority,50,Wind Jawa-Bali (Kuota) Tersebar XI,Jawa Timur,-,200,MW,,,,,,plan_only,74fb460fd09e76607e3cff308f5ba2754f2ebd91b0c9b7613c1a041e7b361162,"Appendix 1, table 8, printed row 50",Progress Report 2025 priority-project line; plan values are not financing events
idn-progress25-wind-051,IDN,idn-jetp-progress-report-2025,wind,priority,51,Wind Jawa-Bali (Kuota) Tersebar XII,Jawa Timur,-,200,MW,,,,,,plan_only,74fb460fd09e76607e3cff308f5ba2754f2ebd91b0c9b7613c1a041e7b361162,"Appendix 1, table 8, printed row 51",Progress Report 2025 priority-project line; plan values are not financing events
idn-progress25-wind-052,IDN,idn-jetp-progress-report-2025,wind,priority,52,Wind Jawa-Bali (Kuota) Tersebar IX,Jawa Timur,-,200,MW,,,,,,plan_only,74fb460fd09e76607e3cff308f5ba2754f2ebd91b0c9b7613c1a041e7b361162,"Appendix 1, table 8, printed row 52",Progress Report 2025 priority-project line; plan values are not financing events
idn-progress25-wind-053,IDN,idn-jetp-progress-report-2025,wind,priority,53,Wind+BESS Sulbagsel (Kuota) Tersebar Tambahan,Sulawesi Selatan,-,200,MW,,,,,,plan_only,74fb460fd09e76607e3cff308f5ba2754f2ebd91b0c9b7613c1a041e7b361162,"Appendix 1, table 8, printed row 53",Progress Report 2025 priority-project line; plan values are not financing events
idn-progress25-wind-054,IDN,idn-jetp-progress-report-2025,wind,priority,54,Wind+BESS Sulbagsel (Kuota) Tersebar Tambahan,Sulawesi Selatan,-,200,MW,,,,,,plan_only,74fb460fd09e76607e3cff308f5ba2754f2ebd91b0c9b7613c1a041e7b361162,"Appendix 1, table 8, printed row 54",Progress Report 2025 priority-project line; plan values are not financing events
idn-progress25-wind-055,IDN,idn-jetp-progress-report-2025,wind,priority,55,Wind+BESS Sulbagsel (Kuota) Tersebar Tambahan,Sulawesi Selatan,-,200,MW,,,,,,plan_only,74fb460fd09e76607e3cff308f5ba2754f2ebd91b0c9b7613c1a041e7b361162,"Appendix 1, table 8, printed row 55",Progress Report 2025 priority-project line; plan values are not financing events
sen-annex-received-01,SEN,sen-investment-plan-annexes-mirror,submitted_project,,1,Super Mini grids for Rural Senegal,,,,,,,,,sen-project-annex-01,matched,dcd4fd924f9e637d36beb192f509b7971b8b5dda0a76e3c17b799ba26ff43b21,"Annex 2, p. 13, row 1","Project received for evaluation; strategic orientation axis 2; promoter=MicroGen Renewables & Senegal Transaction International SARL; receipt is not approval, financing or implementation"
sen-annex-received-02,SEN,sen-investment-plan-annexes-mirror,submitted_project,,2,Résilience des communautés vulnérables au changement climatique et gestion durable des ressources naturelles : Cas de l'aire marine protégée d Abéné en Basse Casamance,,,,,,,,,sen-project-annex-02,matched,dcd4fd924f9e637d36beb192f509b7971b8b5dda0a76e3c17b799ba26ff43b21,"Annex 2, p. 13, row 2","Project received for evaluation; strategic orientation axis 10; promoter=Université Assane Seck de Ziguinchor; receipt is not approval, financing or implementation"
sen-annex-received-03,SEN,sen-investment-plan-annexes-mirror,submitted_project,,3,"Installation d’unités pilote de briquetage, pour la production de briquettes de charbon alternatives au charbon de bois comme solution de lutte contre la déforestation, à proximité des forêts classées de la Casamance",,,,,,,,,sen-project-annex-03,matched,dcd4fd924f9e637d36beb192f509b7971b8b5dda0a76e3c17b799ba26ff43b21,"Annex 2, p. 13, row 3","Project received for evaluation; strategic orientation axis 3; promoter=Université Assane Seck de Ziguinchor; receipt is not approval, financing or implementation"
sen-annex-received-04,SEN,sen-investment-plan-annexes-mirror,submitted_project,,4,Airport Express: Service de taxi électriques entre AIBD et les ville sur un rayon de 70 km,,,,,,,,,sen-project-annex-04,matched,dcd4fd924f9e637d36beb192f509b7971b8b5dda0a76e3c17b799ba26ff43b21,"Annex 2, p. 13, row 4","Project received for evaluation; strategic orientation axis 6; promoter=KRAEE Solair Africa Energy; receipt is not approval, financing or implementation"
sen-annex-received-05,SEN,sen-investment-plan-annexes-mirror,submitted_project,,5,Electrification de 350 Villages Par Mini-Centrales Solaires,,,,,,,,,sen-project-annex-05,matched,dcd4fd924f9e637d36beb192f509b7971b8b5dda0a76e3c17b799ba26ff43b21,"Annex 2, p. 13, row 5","Project received for evaluation; strategic orientation axis 2; promoter=ASER; receipt is not approval, financing or implementation"
sen-annex-received-06,SEN,sen-investment-plan-annexes-mirror,submitted_project,,6,Electrification de Villages Par Mini-Centrales Solaires,,,,,,,,,sen-project-annex-06,matched,dcd4fd924f9e637d36beb192f509b7971b8b5dda0a76e3c17b799ba26ff43b21,"Annex 2, p. 13, row 6","Project received for evaluation; strategic orientation axis 2; promoter=ASER; receipt is not approval, financing or implementation"
sen-annex-received-07,SEN,sen-investment-plan-annexes-mirror,submitted_project,,7,Projet d’intégration de centrales solaires au réseau dans 600 villages par injection,,,,,,,,,sen-project-annex-07,matched,dcd4fd924f9e637d36beb192f509b7971b8b5dda0a76e3c17b799ba26ff43b21,"Annex 2, p. 13, row 7","Project received for evaluation; strategic orientation axis 2; promoter=ASER; receipt is not approval, financing or implementation"
sen-annex-received-08,SEN,sen-investment-plan-annexes-mirror,submitted_project,,8,Eclairage général efficace,,,,,,,,,sen-project-annex-08,matched,dcd4fd924f9e637d36beb192f509b7971b8b5dda0a76e3c17b799ba26ff43b21,"Annex 2, p. 13, row 8","Project received for evaluation; strategic orientation axis 4; promoter=AEME; receipt is not approval, financing or implementation"
sen-annex-received-09,SEN,sen-investment-plan-annexes-mirror,submitted_project,,9,Eclairage public efficace,,,,,,,,,sen-project-annex-09,matched,dcd4fd924f9e637d36beb192f509b7971b8b5dda0a76e3c17b799ba26ff43b21,"Annex 2, p. 13, row 9","Project received for evaluation; strategic orientation axis 4; promoter=AEME; receipt is not approval, financing or implementation"
sen-annex-received-10,SEN,sen-investment-plan-annexes-mirror,submitted_project,,10,Ecofridges,,,,,,,,,sen-project-annex-10,matched,dcd4fd924f9e637d36beb192f509b7971b8b5dda0a76e3c17b799ba26ff43b21,"Annex 2, p. 13, row 10","Project received for evaluation; strategic orientation axis 4; promoter=AEME; receipt is not approval, financing or implementation"
sen-annex-received-11,SEN,sen-investment-plan-annexes-mirror,submitted_project,,11,Programme de réduction de la facture d’électricité de l’Etat par l’utilisation de sources d’énergies renouvelables et l’efficacité énergétique,,,,,,,,,sen-project-annex-11,matched,dcd4fd924f9e637d36beb192f509b7971b8b5dda0a76e3c17b799ba26ff43b21,"Annex 2, p. 13, row 11","Project received for evaluation; strategic orientation axis 4; promoter=AEME; receipt is not approval, financing or implementation"
sen-annex-received-12,SEN,sen-investment-plan-annexes-mirror,submitted_project,,12,Projet d'amélioration des Performances énergétiques des Stades du Sénégal (PAPES),,,,,,,,,sen-project-annex-12,matched,dcd4fd924f9e637d36beb192f509b7971b8b5dda0a76e3c17b799ba26ff43b21,"Annex 2, p. 13, row 12","Project received for evaluation; strategic orientation axis 4; promoter=AEME; receipt is not approval, financing or implementation"
sen-annex-received-13,SEN,sen-investment-plan-annexes-mirror,submitted_project,,13,Extension des points d'information territorialisés (PIT) sur la maîtrise de l'énergie,,,,,,,,,sen-project-annex-13,matched,dcd4fd924f9e637d36beb192f509b7971b8b5dda0a76e3c17b799ba26ff43b21,"Annex 2, p. 13, row 13","Project received for evaluation; strategic orientation axis 4; promoter=AEME; receipt is not approval, financing or implementation"
sen-annex-received-14,SEN,sen-investment-plan-annexes-mirror,submitted_project,,14,Programme SARDEL de réduction de la facture publique d'électricité par l'optimisation de la facturation et des installations électriques sur 9 000 polices d'abonnement,,,,,,,,,sen-project-annex-14,matched,dcd4fd924f9e637d36beb192f509b7971b8b5dda0a76e3c17b799ba26ff43b21,"Annex 2, p. 14, row 14","Project received for evaluation; strategic orientation axis 4; promoter=AEME; receipt is not approval, financing or implementation"
sen-annex-received-15,SEN,sen-investment-plan-annexes-mirror,submitted_project,,15,Construction de 2 centrales solaires de 50MWc avec du stockage de 2x30MW/90MWh,,,,,,,,,sen-project-annex-15,matched,dcd4fd924f9e637d36beb192f509b7971b8b5dda0a76e3c17b799ba26ff43b21,"Annex 2, p. 14, row 15","Project received for evaluation; strategic orientation axis 1; promoter=SENELEC; receipt is not approval, financing or implementation"
sen-annex-received-16,SEN,sen-investment-plan-annexes-mirror,submitted_project,,16,Construction de centrales Hybrides PV + BESS dans 18 îles du Saloum,,,,,,,,,sen-project-annex-16,matched,dcd4fd924f9e637d36beb192f509b7971b8b5dda0a76e3c17b799ba26ff43b21,"Annex 2, p. 14, row 16","Project received for evaluation; strategic orientation axis 2; promoter=SENELEC; receipt is not approval, financing or implementation"
sen-annex-received-17,SEN,sen-investment-plan-annexes-mirror,submitted_project,,17,Projet d'installation de biodigesteurs pour une transition énergétique et une résilience des populations rurales et péri-urbaines face aux effets du changement climatique,,,,,,,,,sen-project-annex-17,matched,dcd4fd924f9e637d36beb192f509b7971b8b5dda0a76e3c17b799ba26ff43b21,"Annex 2, p. 14, row 17","Project received for evaluation; strategic orientation axis 3; promoter=PNB; receipt is not approval, financing or implementation"
sen-annex-received-18,SEN,sen-investment-plan-annexes-mirror,submitted_project,,18,Installation d’ entrepôts frigorifiques alimentés au solaire et à usage de conservation de produits horticoles et laitiers,,,,,,,,,sen-project-annex-18,matched,dcd4fd924f9e637d36beb192f509b7971b8b5dda0a76e3c17b799ba26ff43b21,"Annex 2, p. 14, row 18","Project received for evaluation; strategic orientation axis 8; promoter=OFF GRID AFRICA; receipt is not approval, financing or implementation"
sen-annex-received-19,SEN,sen-investment-plan-annexes-mirror,submitted_project,,19,Mise en place d'une unité de production de BioGNV pour les autobus urbains à Dakar,,,,,,,,,sen-project-annex-19,matched,dcd4fd924f9e637d36beb192f509b7971b8b5dda0a76e3c17b799ba26ff43b21,"Annex 2, p. 14, row 19","Project received for evaluation; strategic orientation axis 6; promoter=CETUD; receipt is not approval, financing or implementation"
sen-annex-received-20,SEN,sen-investment-plan-annexes-mirror,submitted_project,,20,Hybridation de 2000 forages en milieu rural,,,,,,,,,sen-project-annex-20,matched,dcd4fd924f9e637d36beb192f509b7971b8b5dda0a76e3c17b799ba26ff43b21,"Annex 2, p. 14, row 20","Project received for evaluation; strategic orientation axis 8; promoter=ANER; receipt is not approval, financing or implementation"
sen-annex-received-21,SEN,sen-investment-plan-annexes-mirror,submitted_project,,21,Promotion des énergies renouvelables dans les pôles de développement économique du Sénégal,,,,,,,,,sen-project-annex-21,matched,dcd4fd924f9e637d36beb192f509b7971b8b5dda0a76e3c17b799ba26ff43b21,"Annex 2, p. 14, row 21","Project received for evaluation; strategic orientation axis 9; promoter=Bureau de Mise à Niveau des Entreprises du Sénégal; receipt is not approval, financing or implementation"
sen-annex-received-22,SEN,sen-investment-plan-annexes-mirror,submitted_project,,22,"Utilisation du stockage froid solaire pour la conservation des produits agricoles, halieutiques et laitiers",,,,,,,,,sen-project-annex-22,matched,dcd4fd924f9e637d36beb192f509b7971b8b5dda0a76e3c17b799ba26ff43b21,"Annex 2, p. 14, row 22","Project received for evaluation; strategic orientation axis 8; promoter=ANER; receipt is not approval, financing or implementation"
sen-annex-received-23,SEN,sen-investment-plan-annexes-mirror,submitted_project,,23,"Autonomisation en énergie électrique des universités, hôpitaux et bâtiments abritant des institutions, ministères et autres services de l’administration",,,,,,,,,sen-project-annex-23,matched,dcd4fd924f9e637d36beb192f509b7971b8b5dda0a76e3c17b799ba26ff43b21,"Annex 2, p. 14, row 23","Project received for evaluation; strategic orientation axis 2; promoter=ANER; receipt is not approval, financing or implementation"
sen-annex-received-24,SEN,sen-investment-plan-annexes-mirror,submitted_project,,24,Renforcement de l'Infrastructure Qualité pour des services énergétiques innovateurs,,,,,,,,,sen-project-annex-24,matched,dcd4fd924f9e637d36beb192f509b7971b8b5dda0a76e3c17b799ba26ff43b21,"Annex 2, p. 14, row 24","Project received for evaluation; strategic orientation axis 2; promoter=ANER; receipt is not approval, financing or implementation"
sen-annex-received-25,SEN,sen-investment-plan-annexes-mirror,submitted_project,,25,Renforcement de capacités des agents de l’ANER et de ses partenaires,,,,,,,,,sen-project-annex-25,matched,dcd4fd924f9e637d36beb192f509b7971b8b5dda0a76e3c17b799ba26ff43b21,"Annex 2, p. 14, row 25","Project received for evaluation; strategic orientation axis 2; promoter=ANER; receipt is not approval, financing or implementation"
sen-annex-received-26,SEN,sen-investment-plan-annexes-mirror,submitted_project,,26,Autoconsommation solaire dans 300.000 ménages urbains et périurbains,,,,,,,,,sen-project-annex-26,matched,dcd4fd924f9e637d36beb192f509b7971b8b5dda0a76e3c17b799ba26ff43b21,"Annex 2, p. 14, row 26","Project received for evaluation; strategic orientation axis 2; promoter=ANER; receipt is not approval, financing or implementation"
sen-annex-received-27,SEN,sen-investment-plan-annexes-mirror,submitted_project,,27,Energie solaire pour l’autonomisation et le renforcement économique des femmes en milieu rural au Sénégal (ESAREF),,,,,,,,,sen-project-annex-27,matched,dcd4fd924f9e637d36beb192f509b7971b8b5dda0a76e3c17b799ba26ff43b21,"Annex 2, p. 15, row 27","Project received for evaluation; strategic orientation axis 8; promoter=ANER; receipt is not approval, financing or implementation"
sen-annex-received-28,SEN,sen-investment-plan-annexes-mirror,submitted_project,,28,Projet d’installation d’unités de dessalement de l’eau saumâtre fonctionnant à l’énergie solaire photovoltaïque,,,,,,,,,sen-project-annex-28,matched,dcd4fd924f9e637d36beb192f509b7971b8b5dda0a76e3c17b799ba26ff43b21,"Annex 2, p. 15, row 28","Project received for evaluation; strategic orientation axis 8; promoter=ANER; receipt is not approval, financing or implementation"
sen-annex-received-29,SEN,sen-investment-plan-annexes-mirror,submitted_project,,29,Diffusion à grande échelle de pompes solaires pour des usages productifs au Sénégal,,,,,,,,,sen-project-annex-29,matched,dcd4fd924f9e637d36beb192f509b7971b8b5dda0a76e3c17b799ba26ff43b21,"Annex 2, p. 15, row 29","Project received for evaluation; strategic orientation axis 8; promoter=ANER; receipt is not approval, financing or implementation"
sen-annex-received-30,SEN,sen-investment-plan-annexes-mirror,submitted_project,,30,Projet d’installation de mini-réseaux en milieu rural à l’aide de la technologie « TURBULENT »,,,,,,,,,sen-project-annex-30,matched,dcd4fd924f9e637d36beb192f509b7971b8b5dda0a76e3c17b799ba26ff43b21,"Annex 2, p. 15, row 30","Project received for evaluation; strategic orientation axis 2; promoter=ANER; receipt is not approval, financing or implementation"
sen-annex-received-31,SEN,sen-investment-plan-annexes-mirror,submitted_project,,31,Projet d’installation de 100 000 lampadaires solaires autonomes,,,,,,,,,sen-project-annex-31,matched,dcd4fd924f9e637d36beb192f509b7971b8b5dda0a76e3c17b799ba26ff43b21,"Annex 2, p. 15, row 31","Project received for evaluation; strategic orientation axis 4; promoter=ANER; receipt is not approval, financing or implementation"
sen-annex-received-32,SEN,sen-investment-plan-annexes-mirror,submitted_project,,32,Projet Hybride Éolien et Solaire de Fass Ngom,,,,,,,,,sen-project-annex-32,matched,dcd4fd924f9e637d36beb192f509b7971b8b5dda0a76e3c17b799ba26ff43b21,"Annex 2, p. 15, row 32","Project received for evaluation; strategic orientation axis 1; promoter=DIENG & Co Engineering; receipt is not approval, financing or implementation"
sen-annex-received-33,SEN,sen-investment-plan-annexes-mirror,submitted_project,,33,Infrastructures de réseaux modernes,,,,,,,,,sen-project-annex-33,matched,dcd4fd924f9e637d36beb192f509b7971b8b5dda0a76e3c17b799ba26ff43b21,"Annex 2, p. 15, row 33","Project received for evaluation; strategic orientation axis 1; promoter=SENELEC; receipt is not approval, financing or implementation"
sen-annex-received-34,SEN,sen-investment-plan-annexes-mirror,submitted_project,,34,Village Ecole Vert (VEV),,,,,,,,,sen-project-annex-34,matched,dcd4fd924f9e637d36beb192f509b7971b8b5dda0a76e3c17b799ba26ff43b21,"Annex 2, p. 15, row 34","Project received for evaluation; strategic orientation axis 1; promoter=SENELEC; receipt is not approval, financing or implementation"
sen-annex-received-35,SEN,sen-investment-plan-annexes-mirror,submitted_project,,35,Déploiement de bornes publiques de recharge de Véhicules électriques,,,,,,,,,sen-project-annex-35,matched,dcd4fd924f9e637d36beb192f509b7971b8b5dda0a76e3c17b799ba26ff43b21,"Annex 2, p. 15, row 35","Project received for evaluation; strategic orientation axis 6; promoter=SENELEC; receipt is not approval, financing or implementation"
sen-annex-received-36,SEN,sen-investment-plan-annexes-mirror,submitted_project,,36,SUNU Agri-Solaire 2025 - 2027,,,,,,,,,sen-project-annex-36,matched,dcd4fd924f9e637d36beb192f509b7971b8b5dda0a76e3c17b799ba26ff43b21,"Annex 2, p. 15, row 36","Project received for evaluation; strategic orientation axis 8; promoter=MASAE; receipt is not approval, financing or implementation"
sen-annex-received-37,SEN,sen-investment-plan-annexes-mirror,submitted_project,,37,Forages solarisés,,,,,,,,,sen-project-annex-37,matched,dcd4fd924f9e637d36beb192f509b7971b8b5dda0a76e3c17b799ba26ff43b21,"Annex 2, p. 15, row 37","Project received for evaluation; strategic orientation axis 8; promoter=MHA; receipt is not approval, financing or implementation"
sen-annex-received-38,SEN,sen-investment-plan-annexes-mirror,submitted_project,,38,Projet de Station de Transfert d’Énergie (STEP) de Sambangalou,,,,,,,,,sen-project-annex-38,matched,dcd4fd924f9e637d36beb192f509b7971b8b5dda0a76e3c17b799ba26ff43b21,"Annex 2, p. 15, row 38","Project received for evaluation; strategic orientation axis 1; promoter=OMVG; receipt is not approval, financing or implementation"
sen-plan-qw-01,SEN,sen-investment-plan-l4-mirror,quick_win,top_priority,1,Projet Quick Win 1: 100 MWc + BESS 60 MW x 3h EPCF (JETP1 & JETP2),,,,,,,,,sen-project-annex-15,matched,97c36b242257462f024a934baee6bed3aa02fe0e4917f076d7b865701db65dca,"p. 33, QW1",Plan top-priority line; strategic orientation axis 1; quick-win designation is not finance or implementation; reviewed crosswalk: Annex 2 submission 15; matching promoter and project scope; main plan printed p. 53 groups the two 50 MW EPC projects; Annex 8 section 8.3.2.1 and Senelec AMI 52/2024 corroborate the 2x50 MW PV and 2x30 MW/90 MWh design
sen-plan-qw-02,SEN,sen-investment-plan-l4-mirror,quick_win,top_priority,2,"Projet Quick Win 2: 100 MWc + BESS 60 MW x 3h IPP ""Champions nationaux""",,,,,,,,,sen-project-qw-02,matched,97c36b242257462f024a934baee6bed3aa02fe0e4917f076d7b865701db65dca,"p. 33, QW2",Plan top-priority line; strategic orientation axis 1; quick-win designation is not finance or implementation; reviewed crosswalk: separate programme or proposal; no identity merge with an Annex 2 submission
sen-plan-qw-03,SEN,sen-investment-plan-l4-mirror,quick_win,top_priority,3,"Projet Quick Win 3: 100 MWc + BESS 60 MW x 3h IPP IPP ""Leral""",,,,,,,,,sen-project-qw-03,matched,97c36b242257462f024a934baee6bed3aa02fe0e4917f076d7b865701db65dca,"p. 33, QW3",Plan top-priority line; strategic orientation axis 1; quick-win designation is not finance or implementation; reviewed crosswalk: separate programme or proposal; no identity merge with an Annex 2 submission
sen-plan-qw-04,SEN,sen-investment-plan-l4-mirror,quick_win,top_priority,4,PUELEC,,,,,,,,,sen-project-qw-04,matched,97c36b242257462f024a934baee6bed3aa02fe0e4917f076d7b865701db65dca,"p. 33, QW4","Plan top-priority line; strategic orientation axis 2; quick-win designation is not finance or implementation; reviewed crosswalk: separate programme or proposal; no identity merge with an Annex 2 submission; main plan printed pp. 57 and 240: PUELEC includes multiple components, including the 600-village submission; programme and component must not be summed"
sen-plan-qw-05,SEN,sen-investment-plan-l4-mirror,quick_win,top_priority,5,Programme de réduction de la facture d’électricité de l’état par l’utilisation de sources d’énergies renouvelables et l’efficacité énergétique,,,,,,,,,sen-project-annex-11,matched,97c36b242257462f024a934baee6bed3aa02fe0e4917f076d7b865701db65dca,"p. 33, QW5",Plan top-priority line; strategic orientation axis 4; quick-win designation is not finance or implementation; reviewed crosswalk: Annex 2 submission 11; matching promoter and project scope
sen-plan-qw-06,SEN,sen-investment-plan-l4-mirror,quick_win,top_priority,6,Projet d'installation de 27 000 biodigesteurs,,,,,,,,,sen-project-annex-17,matched,97c36b242257462f024a934baee6bed3aa02fe0e4917f076d7b865701db65dca,"p. 33, QW6",Plan top-priority line; strategic orientation axis 3; quick-win designation is not finance or implementation; reviewed crosswalk: Annex 2 submission 17; matching promoter and project scope
sen-plan-qw-07,SEN,sen-investment-plan-l4-mirror,quick_win,top_priority,7,Mise en place d'une unité de production de BioGNV pour les autobus urbains à Dakar,,,,,,,,,sen-project-annex-19,matched,97c36b242257462f024a934baee6bed3aa02fe0e4917f076d7b865701db65dca,"p. 33, QW7",Plan top-priority line; strategic orientation axis 6; quick-win designation is not finance or implementation; reviewed crosswalk: Annex 2 submission 19; matching promoter and project scope
sen-plan-qw-08,SEN,sen-investment-plan-l4-mirror,quick_win,top_priority,8,Etude de stabilité du réseau et des besoins en stockage,,,,,,,,,sen-project-qw-08,matched,97c36b242257462f024a934baee6bed3aa02fe0e4917f076d7b865701db65dca,"p. 33, QW8",Plan top-priority line; strategic orientation axis 1; quick-win designation is not finance or implementation; reviewed crosswalk: separate programme or proposal; no identity merge with an Annex 2 submission
sen-plan-qw-09,SEN,sen-investment-plan-l4-mirror,quick_win,top_priority,9,Accès à l’énergie pour tous dans les Iles du Saloum,,,,,,,,,sen-project-annex-16,matched,97c36b242257462f024a934baee6bed3aa02fe0e4917f076d7b865701db65dca,"p. 33, QW9",Plan top-priority line; strategic orientation axis 2; quick-win designation is not finance or implementation; reviewed crosswalk: Annex 2 submission 16; matching promoter and project scope
sen-plan-qw-10,SEN,sen-investment-plan-l4-mirror,quick_win,top_priority,10,Intégration des énergies renouvelables (BESS de Diass),,,,,,,,,sen-project-qw-10,matched,97c36b242257462f024a934baee6bed3aa02fe0e4917f076d7b865701db65dca,"p. 33, QW10",Plan top-priority line; strategic orientation axis 1; quick-win designation is not finance or implementation; reviewed crosswalk: separate programme or proposal; no identity merge with an Annex 2 submission
sen-plan-qw-11,SEN,sen-investment-plan-l4-mirror,quick_win,top_priority,11,Hybridation de 2000 forages en milieu rural,,,,,,,,,sen-project-annex-20,matched,97c36b242257462f024a934baee6bed3aa02fe0e4917f076d7b865701db65dca,"p. 33, QW11","Plan top-priority line; strategic orientation axis 8; quick-win designation is not finance or implementation; the same PDF says 1,000 solarised boreholes on p. 78 and 2,000 hybridised boreholes on pp. 33 and 354; wording here follows p. 33 without resolving the conflict; reviewed crosswalk: Annex 2 submission 20; matching promoter and project scope"
