line_id,country,sha256,locator,ordinal,label,classification,own_status,own_status_axis,own_sector,groups,recorded_at,notes
oecd-crs-energy-idn-2019-q-2026-09-28-md-18944635,IDN,b62c6cce5d3a77d7103f86ccfd193bd8b44b2b17459f80b63046a2f3f04e6b0f,4EU001.IDN.23110.11.10000.C01.D.Q.DD.18944635.USD/2019,29,Indonesia Policy Dialogue Fund (IPDF),named_item,,,23110,,2026-09-28,External CRS comparator activity-flow record; not a JETP project
oecd-crs-energy-idn-2019-q-2026-09-28-md-18579385,IDN,b62c6cce5d3a77d7103f86ccfd193bd8b44b2b17459f80b63046a2f3f04e6b0f,9PRIV1618.IDN.23210.30.20000.0.C.Q.DD.18579385.USD/2019,30,Yayasan Koaksi Indonesia. Estimated.,named_item,,,23210,,2026-09-28,External CRS comparator activity-flow record; not a JETP project
oecd-crs-energy-idn-2019-q-2026-09-28-md-19049236,IDN,b62c6cce5d3a77d7103f86ccfd193bd8b44b2b17459f80b63046a2f3f04e6b0f,9PRIV1618.IDN.23210.30.20000.0.D.Q.DD.19049236.USD/2019,31,Yayasan Koaksi Indonesia. Estimated.,named_item,,,23210,,2026-09-28,External CRS comparator activity-flow record; not a JETP project
oecd-crs-energy-idn-2019-q-2026-09-28-md-19010881,IDN,b62c6cce5d3a77d7103f86ccfd193bd8b44b2b17459f80b63046a2f3f04e6b0f,USA.IDN.23110.11.60000.C01.D.Q.DD.19010881.USD/2019,32,Indonesia Clean Energy Development - II (ICED II Project),named_item,,,23110,,2026-09-28,External CRS comparator activity-flow record; not a JETP project
oecd-crs-energy-idn-2019-q-2026-09-28-md-18557216,IDN,b62c6cce5d3a77d7103f86ccfd193bd8b44b2b17459f80b63046a2f3f04e6b0f,USA.IDN.23110.11.60000.C01.C.Q.DD.18557216.USD/2019,33,Energy Regulatory Partnership Program (ERRP),named_item,,,23110,,2026-09-28,External CRS comparator activity-flow record; not a JETP project
oecd-crs-energy-idn-2019-q-2026-09-28-md-18560407,IDN,b62c6cce5d3a77d7103f86ccfd193bd8b44b2b17459f80b63046a2f3f04e6b0f,USA.IDN.23110.11.20000.C01.C.Q.DD.18560407.USD/2019,34,Energy Utility Partnership Program (EUPP),named_item,,,23110,,2026-09-28,External CRS comparator activity-flow record; not a JETP project
oecd-crs-energy-idn-2019-q-2026-09-28-md-18558606,IDN,b62c6cce5d3a77d7103f86ccfd193bd8b44b2b17459f80b63046a2f3f04e6b0f,USA.IDN.23510.11.10000.D02.C.Q.DD.18558606.USD/2019,35,"Department of Energy, International Nuclear Safeguards Engagement Activities",named_item,,,23510,,2026-09-28,External CRS comparator activity-flow record; not a JETP project
oecd-crs-energy-idn-2019-q-2026-09-28-md-19023915,IDN,b62c6cce5d3a77d7103f86ccfd193bd8b44b2b17459f80b63046a2f3f04e6b0f,USA.IDN.23510.11.10000.D02.D.Q.DD.19023915.USD/2019,36,"Department of Energy, International Nuclear Safeguards Engagement Activities",named_item,,,23510,,2026-09-28,External CRS comparator activity-flow record; not a JETP project
oecd-crs-energy-idn-2019-q-2026-09-28-md-18557059,IDN,b62c6cce5d3a77d7103f86ccfd193bd8b44b2b17459f80b63046a2f3f04e6b0f,USA.IDN.23510.11.10000.D02.C.Q.DD.18557059.USD/2019,37,"Department of Energy, International Nuclear Safeguards Engagement Activities",named_item,,,23510,,2026-09-28,External CRS comparator activity-flow record; not a JETP project
oecd-crs-energy-idn-2019-q-2026-09-28-md-19016144,IDN,b62c6cce5d3a77d7103f86ccfd193bd8b44b2b17459f80b63046a2f3f04e6b0f,USA.IDN.23510.11.10000.D02.D.Q.DD.19016144.USD/2019,38,"Department of Energy, International Nuclear Safeguards Engagement Activities",named_item,,,23510,,2026-09-28,External CRS comparator activity-flow record; not a JETP project
oecd-crs-energy-idn-2019-q-2026-09-28-md-18572902,IDN,b62c6cce5d3a77d7103f86ccfd193bd8b44b2b17459f80b63046a2f3f04e6b0f,USA.IDN.23110.11.60000.C01.C.Q.DD.18572902.USD/2019,39,Indonesia Clean Energy Development - II (ICED II Project),named_item,,,23110,,2026-09-28,External CRS comparator activity-flow record; not a JETP project
oecd-crs-energy-idn-2019-q-2026-09-28-md-18572901,IDN,b62c6cce5d3a77d7103f86ccfd193bd8b44b2b17459f80b63046a2f3f04e6b0f,USA.IDN.23110.11.60000.C01.C.Q.DD.18572901.USD/2019,40,Indonesia Clean Energy Development - II (ICED II Project),named_item,,,23110,,2026-09-28,External CRS comparator activity-flow record; not a JETP project
oecd-crs-energy-idn-2019-q-2026-09-28-md-19054726,IDN,b62c6cce5d3a77d7103f86ccfd193bd8b44b2b17459f80b63046a2f3f04e6b0f,9PRIV1608.IDN.23110.30.20000.C01.D.Q.DD.19054726.USD/2019,41,"Help countries uphold their climate commitments, make planet-positive energy choices, and spare families around the world from the disastrous effects",named_item,,,23110,,2026-09-28,External CRS comparator activity-flow record; not a JETP project
oecd-crs-energy-idn-2019-q-2026-09-28-md-18522458,IDN,b62c6cce5d3a77d7103f86ccfd193bd8b44b2b17459f80b63046a2f3f04e6b0f,GBR.IDN.23210.11.10000.C01.C.Q.DD.18522458.USD/2019,42,Development Costs of ODA eligible Prosperity Fund Indonesia Renewable Energy Programme,named_item,,,23210,,2026-09-28,External CRS comparator activity-flow record; not a JETP project
oecd-crs-energy-idn-2019-q-2026-09-28-md-18966334,IDN,b62c6cce5d3a77d7103f86ccfd193bd8b44b2b17459f80b63046a2f3f04e6b0f,GBR.IDN.23210.11.10000.C01.D.Q.DD.18966334.USD/2019,43,Indonesia Renewable Energy Programme – Collaboration pillar,named_item,,,23210,,2026-09-28,External CRS comparator activity-flow record; not a JETP project
oecd-crs-energy-idn-2019-q-2026-09-28-md-18520259,IDN,b62c6cce5d3a77d7103f86ccfd193bd8b44b2b17459f80b63046a2f3f04e6b0f,GBR.IDN.23210.11.10000.C01.C.Q.DD.18520259.USD/2019,44,Development of the Renewable Energy and Regulatory Reform Programme in Indonesia,named_item,,,23210,,2026-09-28,External CRS comparator activity-flow record; not a JETP project
oecd-crs-energy-idn-2019-q-2026-09-28-md-18518589,IDN,b62c6cce5d3a77d7103f86ccfd193bd8b44b2b17459f80b63046a2f3f04e6b0f,GBR.IDN.23210.11.10000.C01.C.Q.DD.18518589.USD/2019,45,Indonesia Renewable Energy Programme – Collaboration pillar,named_item,,,23210,,2026-09-28,External CRS comparator activity-flow record; not a JETP project
oecd-crs-energy-idn-2019-q-2026-09-28-md-18965506,IDN,b62c6cce5d3a77d7103f86ccfd193bd8b44b2b17459f80b63046a2f3f04e6b0f,GBR.IDN.23210.11.10000.C01.D.Q.DD.18965506.USD/2019,46,Development of the Renewable Energy and Regulatory Reform Programme in Indonesia,named_item,,,23210,,2026-09-28,External CRS comparator activity-flow record; not a JETP project
oecd-crs-energy-idn-2019-q-2026-09-28-md-18970806,IDN,b62c6cce5d3a77d7103f86ccfd193bd8b44b2b17459f80b63046a2f3f04e6b0f,GBR.IDN.23210.11.10000.C01.D.Q.DD.18970806.USD/2019,47,Development Costs of ODA eligible Prosperity Fund Indonesia Renewable Energy Programme,named_item,,,23210,,2026-09-28,External CRS comparator activity-flow record; not a JETP project
oecd-crs-energy-idn-2019-q-2026-09-28-md-18966048,IDN,b62c6cce5d3a77d7103f86ccfd193bd8b44b2b17459f80b63046a2f3f04e6b0f,GBR.IDN.23210.11.10000.C01.D.Q.DD.18966048.USD/2019,48,Indonesia Renewable Energy Programme – Policy pillar,named_item,,,23210,,2026-09-28,External CRS comparator activity-flow record; not a JETP project
oecd-crs-energy-idn-2019-q-2026-09-28-md-18518123,IDN,b62c6cce5d3a77d7103f86ccfd193bd8b44b2b17459f80b63046a2f3f04e6b0f,GBR.IDN.23210.11.10000.C01.C.Q.DD.18518123.USD/2019,49,Indonesia Renewable Energy Programme – Policy pillar,named_item,,,23210,,2026-09-28,External CRS comparator activity-flow record; not a JETP project
oecd-crs-energy-idn-2019-q-2026-09-28-md-18865935,IDN,b62c6cce5d3a77d7103f86ccfd193bd8b44b2b17459f80b63046a2f3f04e6b0f,NOR.IDN.23220.11.60000.C01.D.Q.DD.18865935.USD/2019,50,Tinfos Feasibility Study Indonesia small hydro power,named_item,,,23220,,2026-09-28,External CRS comparator activity-flow record; not a JETP project
oecd-crs-energy-idn-2019-q-2026-09-28-md-18862638,IDN,b62c6cce5d3a77d7103f86ccfd193bd8b44b2b17459f80b63046a2f3f04e6b0f,NOR.IDN.23230.11.60000.C01.D.Q.DD.18862638.USD/2019,51,Scatec Solar AS Feasibility study solar power plants in Indonesia,named_item,,,23230,,2026-09-28,External CRS comparator activity-flow record; not a JETP project
oecd-crs-energy-idn-2019-q-2026-09-28-md-18445235,IDN,b62c6cce5d3a77d7103f86ccfd193bd8b44b2b17459f80b63046a2f3f04e6b0f,NOR.IDN.23230.11.60000.C01.C.Q.DD.18445235.USD/2019,52,Scatec Solar AS Feasibility study solar power plants in Indonesia,named_item,,,23230,,2026-09-28,External CRS comparator activity-flow record; not a JETP project
oecd-crs-energy-idn-2019-q-2026-09-28-md-19059604,IDN,b62c6cce5d3a77d7103f86ccfd193bd8b44b2b17459f80b63046a2f3f04e6b0f,NZL.IDN.23210.11.60000.D01.D.Q.DD.19059604.USD/2019,53,The Maluku Access to Energy Support,named_item,,,23210,,2026-09-28,External CRS comparator activity-flow record; not a JETP project
oecd-crs-energy-idn-2019-q-2026-09-28-md-18941218,IDN,b62c6cce5d3a77d7103f86ccfd193bd8b44b2b17459f80b63046a2f3f04e6b0f,NZL.IDN.23260.11.50000.D02.D.Q.DD.18941218.USD/2019,54,Geothermal Energy Training,named_item,,,23260,,2026-09-28,External CRS comparator activity-flow record; not a JETP project
oecd-crs-energy-idn-2019-q-2026-09-28-md-18941324,IDN,b62c6cce5d3a77d7103f86ccfd193bd8b44b2b17459f80b63046a2f3f04e6b0f,NZL.IDN.23260.11.50000.E01.D.Q.DD.18941324.USD/2019,55,Geothermal Short term Training Scholarships,named_item,,,23260,,2026-09-28,External CRS comparator activity-flow record; not a JETP project
oecd-crs-energy-idn-2019-q-2026-09-28-md-19059588,IDN,b62c6cce5d3a77d7103f86ccfd193bd8b44b2b17459f80b63046a2f3f04e6b0f,NZL.IDN.23260.11.60000.D01.D.Q.DD.19059588.USD/2019,56,Energy : NZAGED - Geothermal TA,named_item,,,23260,,2026-09-28,External CRS comparator activity-flow record; not a JETP project
oecd-crs-energy-idn-2019-q-2026-09-28-md-18583937,IDN,b62c6cce5d3a77d7103f86ccfd193bd8b44b2b17459f80b63046a2f3f04e6b0f,NZL.IDN.23260.11.60000.D01.C.Q.DD.18583937.USD/2019,57,Energy : NZAGED - Geothermal TA,named_item,,,23260,,2026-09-28,External CRS comparator activity-flow record; not a JETP project
oecd-crs-energy-idn-2019-q-2026-09-28-md-18922868,IDN,b62c6cce5d3a77d7103f86ccfd193bd8b44b2b17459f80b63046a2f3f04e6b0f,KOR.IDN.23510.11.10000.D02.D.Q.DD.18922868.USD/2019,58,Fundamentals of Radioisotopes and Radiation Technology,named_item,,,23510,,2026-09-28,External CRS comparator activity-flow record; not a JETP project
oecd-crs-energy-idn-2019-q-2026-09-28-md-18492908,IDN,b62c6cce5d3a77d7103f86ccfd193bd8b44b2b17459f80b63046a2f3f04e6b0f,KOR.IDN.23510.11.10000.D02.C.Q.DD.18492908.USD/2019,59,Fundamentals of Radioisotopes and Radiation Technology,named_item,,,23510,,2026-09-28,External CRS comparator activity-flow record; not a JETP project
oecd-crs-energy-idn-2019-q-2026-09-28-md-18938636,IDN,b62c6cce5d3a77d7103f86ccfd193bd8b44b2b17459f80b63046a2f3f04e6b0f,KOR.IDN.23183.11.30000.C01.D.Q.DD.18938636.USD/2019,60,The Development and Provision of Highly Efficient Thermoelectric Lamps,named_item,,,23183,,2026-09-28,External CRS comparator activity-flow record; not a JETP project
oecd-crs-energy-idn-2019-q-2026-09-28-md-18932260,IDN,b62c6cce5d3a77d7103f86ccfd193bd8b44b2b17459f80b63046a2f3f04e6b0f,KOR.IDN.23110.11.10000.E01.D.Q.DD.18932260.USD/2019,61,Master`s Degree Program in Energy Science and Policy(2018),named_item,,,23110,,2026-09-28,External CRS comparator activity-flow record; not a JETP project
oecd-crs-energy-idn-2019-q-2026-09-28-md-18492596,IDN,b62c6cce5d3a77d7103f86ccfd193bd8b44b2b17459f80b63046a2f3f04e6b0f,KOR.IDN.23110.11.10000.E01.C.Q.DD.18492596.USD/2019,62,Master`s Degree Program in Energy Science and Policy(2018),named_item,,,23110,,2026-09-28,External CRS comparator activity-flow record; not a JETP project
oecd-crs-energy-idn-2019-q-2026-09-28-md-18828046,IDN,b62c6cce5d3a77d7103f86ccfd193bd8b44b2b17459f80b63046a2f3f04e6b0f,KOR.IDN.23630.14.60000.0.D.Q.DD.18828046.USD/2019,63,ELECTRIC POWER TRANSMISSION AND DISTRIBUTION (CENTRALISED GRIDS),unnamed_item,,,23630,,2026-09-28,External CRS comparator activity-flow record; not a JETP project
oecd-crs-energy-idn-2019-q-2026-09-28-md-18828075,IDN,b62c6cce5d3a77d7103f86ccfd193bd8b44b2b17459f80b63046a2f3f04e6b0f,KOR.IDN.23630.14.60000.0.D.Q.DD.18828075.USD/2019,64,ELECTRIC POWER TRANSMISSION AND DISTRIBUTION (CENTRALISED GRIDS),unnamed_item,,,23630,,2026-09-28,External CRS comparator activity-flow record; not a JETP project
oecd-crs-energy-idn-2019-q-2026-09-28-md-18424455,IDN,b62c6cce5d3a77d7103f86ccfd193bd8b44b2b17459f80b63046a2f3f04e6b0f,KOR.IDN.23630.14.60000.0.C.Q.DD.18424455.USD/2019,65,ELECTRIC POWER TRANSMISSION AND DISTRIBUTION (CENTRALISED GRIDS),unnamed_item,,,23630,,2026-09-28,External CRS comparator activity-flow record; not a JETP project
oecd-crs-energy-idn-2019-q-2026-09-28-md-18936867,IDN,b62c6cce5d3a77d7103f86ccfd193bd8b44b2b17459f80b63046a2f3f04e6b0f,KOR.IDN.23183.11.30000.C01.D.Q.DD.18936867.USD/2019,66,Establishment of rural resource circulation model through recycling food waste using BSF,named_item,,,23183,,2026-09-28,External CRS comparator activity-flow record; not a JETP project
oecd-crs-energy-idn-2019-q-2026-09-28-md-18491976,IDN,b62c6cce5d3a77d7103f86ccfd193bd8b44b2b17459f80b63046a2f3f04e6b0f,KOR.IDN.23183.11.30000.C01.C.Q.DD.18491976.USD/2019,67,Establishment of rural resource circulation model through recycling food waste using BSF,named_item,,,23183,,2026-09-28,External CRS comparator activity-flow record; not a JETP project
oecd-crs-energy-idn-2019-q-2026-09-28-md-19052971,IDN,b62c6cce5d3a77d7103f86ccfd193bd8b44b2b17459f80b63046a2f3f04e6b0f,KOR.IDN.23183.11.10000.D02.D.Q.DD.19052971.USD/2019,68,Climate Change Response Program(Regional Policy Consulting Project(Indonesia)),named_item,,,23183,,2026-09-28,External CRS comparator activity-flow record; not a JETP project
oecd-crs-energy-idn-2019-q-2026-09-28-md-18580303,IDN,b62c6cce5d3a77d7103f86ccfd193bd8b44b2b17459f80b63046a2f3f04e6b0f,KOR.IDN.23183.11.10000.D02.C.Q.DD.18580303.USD/2019,69,Climate Change Response Program(Regional Policy Consulting Project(Indonesia)),named_item,,,23183,,2026-09-28,External CRS comparator activity-flow record; not a JETP project
oecd-crs-energy-idn-2019-q-2026-09-28-md-18922973,IDN,b62c6cce5d3a77d7103f86ccfd193bd8b44b2b17459f80b63046a2f3f04e6b0f,KOR.IDN.23360.11.10000.C01.D.Q.DD.18922973.USD/2019,70,(2019) Scientific and Technological Support Program for Developing Countries (ST Innovation Center Support Project),named_item,,,23360,,2026-09-28,External CRS comparator activity-flow record; not a JETP project
oecd-crs-energy-idn-2019-q-2026-09-28-md-18493041,IDN,b62c6cce5d3a77d7103f86ccfd193bd8b44b2b17459f80b63046a2f3f04e6b0f,KOR.IDN.23360.11.10000.C01.C.Q.DD.18493041.USD/2019,71,(2019) Scientific and Technological Support Program for Developing Countries (ST Innovation Center Support Project),named_item,,,23360,,2026-09-28,External CRS comparator activity-flow record; not a JETP project
oecd-crs-energy-idn-2019-q-2026-09-28-md-18991502,IDN,b62c6cce5d3a77d7103f86ccfd193bd8b44b2b17459f80b63046a2f3f04e6b0f,JPN.IDN.23210.11.10000.C01.D.Q.DD.18991502.USD/2019,72,TC AGGREGATED ACTIVITIES,unnamed_item,,,23210,,2026-09-28,External CRS comparator activity-flow record; not a JETP project
oecd-crs-energy-idn-2019-q-2026-09-28-md-18585019,IDN,b62c6cce5d3a77d7103f86ccfd193bd8b44b2b17459f80b63046a2f3f04e6b0f,JPN.IDN.23110.11.10000.C01.C.Q.DD.18585019.USD/2019,73,TC AGGREGATED ACTIVITIES,unnamed_item,,,23110,,2026-09-28,External CRS comparator activity-flow record; not a JETP project
oecd-crs-energy-idn-2019-q-2026-09-28-md-19061315,IDN,b62c6cce5d3a77d7103f86ccfd193bd8b44b2b17459f80b63046a2f3f04e6b0f,JPN.IDN.23110.11.10000.C01.D.Q.DD.19061315.USD/2019,74,TC AGGREGATED ACTIVITIES,unnamed_item,,,23110,,2026-09-28,External CRS comparator activity-flow record; not a JETP project
oecd-crs-energy-idn-2019-q-2026-09-28-md-18532135,IDN,b62c6cce5d3a77d7103f86ccfd193bd8b44b2b17459f80b63046a2f3f04e6b0f,JPN.IDN.23210.11.10000.C01.C.Q.DD.18532135.USD/2019,75,TC AGGREGATED ACTIVITIES,unnamed_item,,,23210,,2026-09-28,External CRS comparator activity-flow record; not a JETP project
oecd-crs-energy-idn-2019-q-2026-09-28-md-18533440,IDN,b62c6cce5d3a77d7103f86ccfd193bd8b44b2b17459f80b63046a2f3f04e6b0f,JPN.IDN.23210.11.10000.C01.C.Q.DD.18533440.USD/2019,76,TC AGGREGATED ACTIVITIES,unnamed_item,,,23210,,2026-09-28,External CRS comparator activity-flow record; not a JETP project
oecd-crs-energy-idn-2019-q-2026-09-28-md-19005745,IDN,b62c6cce5d3a77d7103f86ccfd193bd8b44b2b17459f80b63046a2f3f04e6b0f,JPN.IDN.23210.11.10000.C01.D.Q.DD.19005745.USD/2019,77,TC AGGREGATED ACTIVITIES,unnamed_item,,,23210,,2026-09-28,External CRS comparator activity-flow record; not a JETP project
oecd-crs-energy-idn-2019-q-2026-09-28-md-18539459,IDN,b62c6cce5d3a77d7103f86ccfd193bd8b44b2b17459f80b63046a2f3f04e6b0f,JPN.IDN.23110.11.10000.C01.C.Q.DD.18539459.USD/2019,78,TC AGGREGATED ACTIVITIES,unnamed_item,,,23110,,2026-09-28,External CRS comparator activity-flow record; not a JETP project
oecd-crs-energy-idn-2019-q-2026-09-28-md-18992744,IDN,b62c6cce5d3a77d7103f86ccfd193bd8b44b2b17459f80b63046a2f3f04e6b0f,JPN.IDN.23110.11.10000.C01.D.Q.DD.18992744.USD/2019,79,TC AGGREGATED ACTIVITIES,unnamed_item,,,23110,,2026-09-28,External CRS comparator activity-flow record; not a JETP project
oecd-crs-energy-idn-2019-q-2026-09-28-md-19000724,IDN,b62c6cce5d3a77d7103f86ccfd193bd8b44b2b17459f80b63046a2f3f04e6b0f,JPN.IDN.23210.11.10000.C01.D.Q.DD.19000724.USD/2019,80,TC AGGREGATED ACTIVITIES,unnamed_item,,,23210,,2026-09-28,External CRS comparator activity-flow record; not a JETP project
oecd-crs-energy-idn-2019-q-2026-09-28-md-18538594,IDN,b62c6cce5d3a77d7103f86ccfd193bd8b44b2b17459f80b63046a2f3f04e6b0f,JPN.IDN.23210.11.10000.C01.C.Q.DD.18538594.USD/2019,81,TC AGGREGATED ACTIVITIES,unnamed_item,,,23210,,2026-09-28,External CRS comparator activity-flow record; not a JETP project
oecd-crs-energy-idn-2019-q-2026-09-28-md-18546428,IDN,b62c6cce5d3a77d7103f86ccfd193bd8b44b2b17459f80b63046a2f3f04e6b0f,JPN.IDN.23210.11.10000.C01.C.Q.DD.18546428.USD/2019,82,TC AGGREGATED ACTIVITIES,unnamed_item,,,23210,,2026-09-28,External CRS comparator activity-flow record; not a JETP project
oecd-crs-energy-idn-2019-q-2026-09-28-md-18546248,IDN,b62c6cce5d3a77d7103f86ccfd193bd8b44b2b17459f80b63046a2f3f04e6b0f,JPN.IDN.23210.11.10000.C01.C.Q.DD.18546248.USD/2019,83,TC AGGREGATED ACTIVITIES,unnamed_item,,,23210,,2026-09-28,External CRS comparator activity-flow record; not a JETP project
oecd-crs-energy-idn-2019-q-2026-09-28-md-19001931,IDN,b62c6cce5d3a77d7103f86ccfd193bd8b44b2b17459f80b63046a2f3f04e6b0f,JPN.IDN.23210.11.10000.C01.D.Q.DD.19001931.USD/2019,84,TC AGGREGATED ACTIVITIES,unnamed_item,,,23210,,2026-09-28,External CRS comparator activity-flow record; not a JETP project
oecd-crs-energy-idn-2019-q-2026-09-28-md-19001019,IDN,b62c6cce5d3a77d7103f86ccfd193bd8b44b2b17459f80b63046a2f3f04e6b0f,JPN.IDN.23210.11.10000.C01.D.Q.DD.19001019.USD/2019,85,TC AGGREGATED ACTIVITIES,unnamed_item,,,23210,,2026-09-28,External CRS comparator activity-flow record; not a JETP project
oecd-crs-energy-idn-2019-q-2026-09-28-md-18536313,IDN,b62c6cce5d3a77d7103f86ccfd193bd8b44b2b17459f80b63046a2f3f04e6b0f,JPN.IDN.23210.11.10000.C01.C.Q.DD.18536313.USD/2019,86,TC AGGREGATED ACTIVITIES,unnamed_item,,,23210,,2026-09-28,External CRS comparator activity-flow record; not a JETP project
oecd-crs-energy-idn-2019-q-2026-09-28-md-18989888,IDN,b62c6cce5d3a77d7103f86ccfd193bd8b44b2b17459f80b63046a2f3f04e6b0f,JPN.IDN.23210.11.10000.C01.D.Q.DD.18989888.USD/2019,87,TC AGGREGATED ACTIVITIES,unnamed_item,,,23210,,2026-09-28,External CRS comparator activity-flow record; not a JETP project
oecd-crs-energy-idn-2019-q-2026-09-28-md-18540419,IDN,b62c6cce5d3a77d7103f86ccfd193bd8b44b2b17459f80b63046a2f3f04e6b0f,JPN.IDN.23210.11.10000.C01.C.Q.DD.18540419.USD/2019,88,TC AGGREGATED ACTIVITIES,unnamed_item,,,23210,,2026-09-28,External CRS comparator activity-flow record; not a JETP project
oecd-crs-energy-idn-2019-q-2026-09-28-md-18994071,IDN,b62c6cce5d3a77d7103f86ccfd193bd8b44b2b17459f80b63046a2f3f04e6b0f,JPN.IDN.23210.11.10000.C01.D.Q.DD.18994071.USD/2019,89,TC AGGREGATED ACTIVITIES,unnamed_item,,,23210,,2026-09-28,External CRS comparator activity-flow record; not a JETP project
oecd-crs-energy-idn-2019-q-2026-09-28-md-18998313,IDN,b62c6cce5d3a77d7103f86ccfd193bd8b44b2b17459f80b63046a2f3f04e6b0f,JPN.IDN.23210.11.10000.C01.D.Q.DD.18998313.USD/2019,90,TC AGGREGATED ACTIVITIES,unnamed_item,,,23210,,2026-09-28,External CRS comparator activity-flow record; not a JETP project
oecd-crs-energy-idn-2019-q-2026-09-28-md-18544103,IDN,b62c6cce5d3a77d7103f86ccfd193bd8b44b2b17459f80b63046a2f3f04e6b0f,JPN.IDN.23210.11.10000.C01.C.Q.DD.18544103.USD/2019,91,TC AGGREGATED ACTIVITIES,unnamed_item,,,23210,,2026-09-28,External CRS comparator activity-flow record; not a JETP project
oecd-crs-energy-idn-2019-q-2026-09-28-md-18532156,IDN,b62c6cce5d3a77d7103f86ccfd193bd8b44b2b17459f80b63046a2f3f04e6b0f,JPN.IDN.23210.11.10000.C01.C.Q.DD.18532156.USD/2019,92,TC AGGREGATED ACTIVITIES,unnamed_item,,,23210,,2026-09-28,External CRS comparator activity-flow record; not a JETP project
oecd-crs-energy-idn-2019-q-2026-09-28-md-18991524,IDN,b62c6cce5d3a77d7103f86ccfd193bd8b44b2b17459f80b63046a2f3f04e6b0f,JPN.IDN.23210.11.10000.C01.D.Q.DD.18991524.USD/2019,93,TC AGGREGATED ACTIVITIES,unnamed_item,,,23210,,2026-09-28,External CRS comparator activity-flow record; not a JETP project
oecd-crs-energy-idn-2019-q-2026-09-28-md-18535869,IDN,b62c6cce5d3a77d7103f86ccfd193bd8b44b2b17459f80b63046a2f3f04e6b0f,JPN.IDN.23210.11.10000.C01.C.Q.DD.18535869.USD/2019,94,TC AGGREGATED ACTIVITIES,unnamed_item,,,23210,,2026-09-28,External CRS comparator activity-flow record; not a JETP project
oecd-crs-energy-idn-2019-q-2026-09-28-md-18986868,IDN,b62c6cce5d3a77d7103f86ccfd193bd8b44b2b17459f80b63046a2f3f04e6b0f,JPN.IDN.23210.11.10000.C01.D.Q.DD.18986868.USD/2019,95,TC AGGREGATED ACTIVITIES,unnamed_item,,,23210,,2026-09-28,External CRS comparator activity-flow record; not a JETP project
oecd-crs-energy-idn-2019-q-2026-09-28-md-18992858,IDN,b62c6cce5d3a77d7103f86ccfd193bd8b44b2b17459f80b63046a2f3f04e6b0f,JPN.IDN.23630.13.10000.C01.D.Q.DD.18992858.USD/2019,96,Geothermal Development Acceleration Program (Hululais Geothermal Power Plant Project (E/S)),named_item,,,23630,,2026-09-28,External CRS comparator activity-flow record; not a JETP project
oecd-crs-energy-idn-2019-q-2026-09-28-md-18987107,IDN,b62c6cce5d3a77d7103f86ccfd193bd8b44b2b17459f80b63046a2f3f04e6b0f,JPN.IDN.23260.13.10000.C01.D.Q.DD.18987107.USD/2019,97,Lumut Balai Geothermal Power Plant Project,named_item,,,23260,,2026-09-28,External CRS comparator activity-flow record; not a JETP project
oecd-crs-energy-idn-2019-q-2026-09-28-md-19056923,IDN,b62c6cce5d3a77d7103f86ccfd193bd8b44b2b17459f80b63046a2f3f04e6b0f,JPN.IDN.23320.13.10000.C01.D.Q.DD.19056923.USD/2019,98,Indramayu Coal Fired Power Plant Project (E/S),named_item,,,23320,,2026-09-28,External CRS comparator activity-flow record; not a JETP project
oecd-crs-energy-idn-2019-q-2026-09-28-md-19002806,IDN,b62c6cce5d3a77d7103f86ccfd193bd8b44b2b17459f80b63046a2f3f04e6b0f,JPN.IDN.23260.13.10000.C01.D.Q.DD.19002806.USD/2019,99,Geothermal Development Acceleration Program (Tulehu Geothermal Power Plant Project(E/S)),named_item,,,23260,,2026-09-28,External CRS comparator activity-flow record; not a JETP project
oecd-crs-energy-idn-2019-q-2026-09-28-md-18996544,IDN,b62c6cce5d3a77d7103f86ccfd193bd8b44b2b17459f80b63046a2f3f04e6b0f,JPN.IDN.23260.13.10000.C01.D.Q.DD.18996544.USD/2019,100,Lumut Balai Geothermal Power Plant Project,named_item,,,23260,,2026-09-28,External CRS comparator activity-flow record; not a JETP project
oecd-crs-energy-idn-2019-q-2026-09-28-md-18584500,IDN,b62c6cce5d3a77d7103f86ccfd193bd8b44b2b17459f80b63046a2f3f04e6b0f,9OTH022.IDN.23240.11.60000.D02.C.Q.DD.18584500.USD/2019,101,Indonesia Wind IPP,named_item,,,23240,,2026-09-28,External CRS comparator activity-flow record; not a JETP project
oecd-crs-energy-idn-2019-q-2026-09-28-md-18975292,IDN,b62c6cce5d3a77d7103f86ccfd193bd8b44b2b17459f80b63046a2f3f04e6b0f,9OTH011.IDN.23210.11.40000.C01.D.Q.DD.18975292.USD/2019,102,Project preparation grant to finalize the UNDP-GEF project document for project Advancing Indonesia's Lighting Market to High Efficient Technologies (ADLIGHT),named_item,,,23210,,2026-09-28,External CRS comparator activity-flow record; not a JETP project
oecd-crs-energy-idn-2019-q-2026-09-28-md-18908185,IDN,b62c6cce5d3a77d7103f86ccfd193bd8b44b2b17459f80b63046a2f3f04e6b0f,NLD.IDN.23230.11.20000.C01.D.Q.DD.18908185.USD/2019,103,Solar services for Sumba iconic island,named_item,,,23230,,2026-09-28,External CRS comparator activity-flow record; not a JETP project
oecd-crs-energy-idn-2019-q-2026-09-28-md-18898369,IDN,b62c6cce5d3a77d7103f86ccfd193bd8b44b2b17459f80b63046a2f3f04e6b0f,ISL.IDN.23260.11.40000.D02.D.Q.DD.18898369.USD/2019,104,Visit from Indonesian delegation for a study tour on direct uses of geothermal energy,named_item,,,23260,,2026-09-28,External CRS comparator activity-flow record; not a JETP project
oecd-crs-energy-idn-2019-q-2026-09-28-md-18991238,IDN,b62c6cce5d3a77d7103f86ccfd193bd8b44b2b17459f80b63046a2f3f04e6b0f,JPN.IDN.23220.13.10000.C01.D.Q.DD.18991238.USD/2019,105,Peusangan Hydroelectric Power Plant Construction Project,named_item,,,23220,,2026-09-28,External CRS comparator activity-flow record; not a JETP project
oecd-crs-energy-idn-2019-q-2026-09-28-md-18991783,IDN,b62c6cce5d3a77d7103f86ccfd193bd8b44b2b17459f80b63046a2f3f04e6b0f,JPN.IDN.23220.13.10000.C01.D.Q.DD.18991783.USD/2019,106,Asahan No.3 Hydroelectric Power Plant Construction Project,named_item,,,23220,,2026-09-28,External CRS comparator activity-flow record; not a JETP project
oecd-crs-energy-idn-2019-q-2026-09-28-md-18858128,IDN,b62c6cce5d3a77d7103f86ccfd193bd8b44b2b17459f80b63046a2f3f04e6b0f,DEU.IDN.23210.11.10000.C01.D.Q.DD.18858128.USD/2019,107,1000 Islands - Renewable energy for electrifikation Programme - REEP,named_item,,,23210,,2026-09-28,External CRS comparator activity-flow record; not a JETP project
oecd-crs-energy-idn-2019-q-2026-09-28-md-18844454,IDN,b62c6cce5d3a77d7103f86ccfd193bd8b44b2b17459f80b63046a2f3f04e6b0f,DEU.IDN.23210.11.10000.C01.D.Q.DD.18844454.USD/2019,108,Electrification through Renewable Resources - ELREN,named_item,,,23210,,2026-09-28,External CRS comparator activity-flow record; not a JETP project
oecd-crs-energy-idn-2019-q-2026-09-28-md-18844082,IDN,b62c6cce5d3a77d7103f86ccfd193bd8b44b2b17459f80b63046a2f3f04e6b0f,DEU.IDN.23220.11.10000.C01.D.Q.DD.18844082.USD/2019,109,Sustainable Hydropower Program,named_item,,,23220,,2026-09-28,External CRS comparator activity-flow record; not a JETP project
oecd-crs-energy-idn-2019-q-2026-09-28-md-18848589,IDN,b62c6cce5d3a77d7103f86ccfd193bd8b44b2b17459f80b63046a2f3f04e6b0f,DEU.IDN.23210.11.10000.C01.D.Q.DD.18848589.USD/2019,110,Strengthening Quality Infrastructure (QI) for the Energy Sector,named_item,,,23210,,2026-09-28,External CRS comparator activity-flow record; not a JETP project
oecd-crs-energy-idn-2019-q-2026-09-28-md-18840027,IDN,b62c6cce5d3a77d7103f86ccfd193bd8b44b2b17459f80b63046a2f3f04e6b0f,DEU.IDN.23182.11.50000.D02.D.Q.DD.18840027.USD/2019,111,basic research energy,named_item,,,23182,,2026-09-28,External CRS comparator activity-flow record; not a JETP project
oecd-crs-energy-idn-2019-q-2026-09-28-md-18849219,IDN,b62c6cce5d3a77d7103f86ccfd193bd8b44b2b17459f80b63046a2f3f04e6b0f,DEU.IDN.23110.11.10000.C01.D.Q.DD.18849219.USD/2019,112,ExploRE - Strategic exploration of economic mitigation potentials through renewables,named_item,,,23110,,2026-09-28,External CRS comparator activity-flow record; not a JETP project
oecd-crs-energy-idn-2019-q-2026-09-28-md-18836577,IDN,b62c6cce5d3a77d7103f86ccfd193bd8b44b2b17459f80b63046a2f3f04e6b0f,DEU.IDN.23260.13.10000.C01.D.Q.DD.18836577.USD/2019,113,Geothermal Energy Program,named_item,,,23260,,2026-09-28,External CRS comparator activity-flow record; not a JETP project
oecd-crs-energy-idn-2019-q-2026-09-28-md-18842686,IDN,b62c6cce5d3a77d7103f86ccfd193bd8b44b2b17459f80b63046a2f3f04e6b0f,DEU.IDN.23110.11.10000.C01.D.Q.DD.18842686.USD/2019,114,NAMA (nationally appropriate mitigation action) Green Chillers and Industrial Energy Efficiency Programme,named_item,,,23110,,2026-09-28,External CRS comparator activity-flow record; not a JETP project
oecd-crs-energy-idn-2019-q-2026-09-28-md-18431930,IDN,b62c6cce5d3a77d7103f86ccfd193bd8b44b2b17459f80b63046a2f3f04e6b0f,DEU.IDN.23110.11.10000.C01.C.Q.DD.18431930.USD/2019,115,NAMA (nationally appropriate mitigation action) Green Chillers and Industrial Energy Efficiency Programme,named_item,,,23110,,2026-09-28,External CRS comparator activity-flow record; not a JETP project
oecd-crs-energy-idn-2019-q-2026-09-28-md-18446836,IDN,b62c6cce5d3a77d7103f86ccfd193bd8b44b2b17459f80b63046a2f3f04e6b0f,FIN.IDN.23210.11.60000.C01.C.Q.DD.18446836.USD/2019,116,Finnpartnership programme,named_item,,,23210,,2026-09-28,External CRS comparator activity-flow record; not a JETP project
oecd-crs-energy-idn-2019-q-2026-09-28-md-18992434,IDN,b62c6cce5d3a77d7103f86ccfd193bd8b44b2b17459f80b63046a2f3f04e6b0f,CHE.IDN.23210.11.60000.C01.D.Q.DD.18992434.USD/2019,117,Energy Access through Skills Development,named_item,,,23210,,2026-09-28,External CRS comparator activity-flow record; not a JETP project
oecd-crs-energy-idn-2019-q-2026-09-28-md-18541125,IDN,b62c6cce5d3a77d7103f86ccfd193bd8b44b2b17459f80b63046a2f3f04e6b0f,FRA.IDN.23110.11.10000.C01.C.Q.DD.18541125.USD/2019,118,FASEP 1129-ET.FAISAB.SOLUTIONS SMART GRIDS,named_item,,,23110,,2026-09-28,External CRS comparator activity-flow record; not a JETP project
oecd-crs-energy-idn-2019-q-2026-09-28-md-19003085,IDN,b62c6cce5d3a77d7103f86ccfd193bd8b44b2b17459f80b63046a2f3f04e6b0f,FRA.IDN.23630.13.10000.C01.D.Q.DD.19003085.USD/2019,119,Financement d'un projet de sécurité d'approvisionnement électrique à Jakarta (Phase II),named_item,,,23630,,2026-09-28,External CRS comparator activity-flow record; not a JETP project
oecd-crs-energy-idn-2019-q-2026-09-28-md-18447181,IDN,b62c6cce5d3a77d7103f86ccfd193bd8b44b2b17459f80b63046a2f3f04e6b0f,FIN.IDN.23250.11.60000.C01.C.Q.DD.18447181.USD/2019,120,Finnpartnership programme,named_item,,,23250,,2026-09-28,External CRS comparator activity-flow record; not a JETP project
oecd-crs-energy-idn-2019-q-2026-09-28-md-18872143,IDN,b62c6cce5d3a77d7103f86ccfd193bd8b44b2b17459f80b63046a2f3f04e6b0f,FIN.IDN.23630.11.60000.C01.D.Q.DD.18872143.USD/2019,121,Finnpartnership programme,named_item,,,23630,,2026-09-28,External CRS comparator activity-flow record; not a JETP project
oecd-crs-energy-idn-2019-q-2026-09-28-md-18864255,IDN,b62c6cce5d3a77d7103f86ccfd193bd8b44b2b17459f80b63046a2f3f04e6b0f,CAN.IDN.23210.11.40000.B03.D.Q.DD.18864255.USD/2019,122,Natural Resources for Development Program in Indonesia/Programme de ressources naturelles pour le développement en Indonésie,named_item,,,23210,,2026-09-28,External CRS comparator activity-flow record; not a JETP project
oecd-crs-energy-idn-2019-q-2026-09-28-md-18864254,IDN,b62c6cce5d3a77d7103f86ccfd193bd8b44b2b17459f80b63046a2f3f04e6b0f,CAN.IDN.23110.11.40000.B03.D.Q.DD.18864254.USD/2019,123,Natural Resources for Development Program in Indonesia/Programme de ressources naturelles pour le développement en Indonésie,named_item,,,23110,,2026-09-28,External CRS comparator activity-flow record; not a JETP project
oecd-crs-energy-idn-2019-q-2026-09-28-md-18861955,IDN,b62c6cce5d3a77d7103f86ccfd193bd8b44b2b17459f80b63046a2f3f04e6b0f,CAN.IDN.23110.11.40000.C01.D.Q.DD.18861955.USD/2019,124,Accelerating Sustainable Public-Private Investment for Infrastructure Renewal (ASPIRE)/Accroissement des investissements public privé durables pour le renouvellement des infrastructures,named_item,,,23110,,2026-09-28,External CRS comparator activity-flow record; not a JETP project
oecd-crs-energy-idn-2019-q-2026-09-28-md-18861950,IDN,b62c6cce5d3a77d7103f86ccfd193bd8b44b2b17459f80b63046a2f3f04e6b0f,CAN.IDN.23110.11.40000.C01.D.Q.DD.18861950.USD/2019,125,Accelerating Sustainable Public-Private Investment for Infrastructure Renewal (ASPIRE)/Accroissement des investissements public privé durables pour le renouvellement des infrastructures,named_item,,,23110,,2026-09-28,External CRS comparator activity-flow record; not a JETP project
oecd-crs-energy-idn-2019-q-2026-09-28-md-18851356,IDN,b62c6cce5d3a77d7103f86ccfd193bd8b44b2b17459f80b63046a2f3f04e6b0f,CAN.IDN.23110.11.40000.C01.D.Q.DD.18851356.USD/2019,126,Accelerating Sustainable Public-Private Investment for Infrastructure Renewal (ASPIRE)/Accroissement des investissements public privé durables pour le renouvellement des infrastructures,named_item,,,23110,,2026-09-28,External CRS comparator activity-flow record; not a JETP project
oecd-crs-energy-idn-2019-q-2026-09-28-md-18466789,IDN,b62c6cce5d3a77d7103f86ccfd193bd8b44b2b17459f80b63046a2f3f04e6b0f,ISL.IDN.23260.11.40000.D02.C.Q.DD.18466789.USD/2019,127,Visit from Indonesian delegation for a study tour on direct uses of geothermal energy,named_item,,,23260,,2026-09-28,External CRS comparator activity-flow record; not a JETP project
oecd-crs-energy-idn-2019-q-2026-09-28-md-18829329,IDN,b62c6cce5d3a77d7103f86ccfd193bd8b44b2b17459f80b63046a2f3f04e6b0f,BEL.IDN.23210.14.10000.C01.D.Q.DD.18829329.USD/2019,128,Renewable Energy Asia Fund II - Selo Kencana Energi (SKE,named_item,,,23210,,2026-09-28,External CRS comparator activity-flow record; not a JETP project
oecd-crs-energy-idn-2019-q-2026-09-28-md-18898627,IDN,b62c6cce5d3a77d7103f86ccfd193bd8b44b2b17459f80b63046a2f3f04e6b0f,TUR.IDN.23110.11.10000.D01.D.Q.DD.18898627.USD/2019,129,Support by capacity building programs,named_item,,,23110,,2026-09-28,External CRS comparator activity-flow record; not a JETP project
oecd-crs-energy-idn-2019-q-2026-09-28-md-18458395,IDN,b62c6cce5d3a77d7103f86ccfd193bd8b44b2b17459f80b63046a2f3f04e6b0f,TUR.IDN.23110.11.10000.D01.C.Q.DD.18458395.USD/2019,130,Support by capacity building programs,named_item,,,23110,,2026-09-28,External CRS comparator activity-flow record; not a JETP project
oecd-crs-energy-idn-2019-q-2026-09-28-md-19050546,IDN,b62c6cce5d3a77d7103f86ccfd193bd8b44b2b17459f80b63046a2f3f04e6b0f,AUS.IDN.23110.11.40000.B03.D.Q.DD.19050546.USD/2019,131,Multilateral Development Bank Infrastructure Assistance Program,named_item,,,23110,,2026-09-28,External CRS comparator activity-flow record; not a JETP project
oecd-crs-energy-idn-2019-q-2026-09-28-md-18584689,IDN,b62c6cce5d3a77d7103f86ccfd193bd8b44b2b17459f80b63046a2f3f04e6b0f,AUS.IDN.23110.11.40000.B03.C.Q.DD.18584689.USD/2019,132,Multilateral Development Bank Infrastructure Assistance Program,named_item,,,23110,,2026-09-28,External CRS comparator activity-flow record; not a JETP project
oecd-crs-energy-idn-2019-q-2026-09-28-md-18901986,IDN,b62c6cce5d3a77d7103f86ccfd193bd8b44b2b17459f80b63046a2f3f04e6b0f,AUS.IDN.23210.11.50000.C01.D.Q.DD.18901986.USD/2019,133,Partnership for Renewable Energy Finance and Trade,named_item,,,23210,,2026-09-28,External CRS comparator activity-flow record; not a JETP project
oecd-crs-energy-idn-2019-q-2026-09-28-md-18475327,IDN,b62c6cce5d3a77d7103f86ccfd193bd8b44b2b17459f80b63046a2f3f04e6b0f,AUS.IDN.23210.11.50000.C01.C.Q.DD.18475327.USD/2019,134,Partnership for Renewable Energy Finance and Trade,named_item,,,23210,,2026-09-28,External CRS comparator activity-flow record; not a JETP project
oecd-crs-energy-idn-2019-q-2026-09-28-md-18907618,IDN,b62c6cce5d3a77d7103f86ccfd193bd8b44b2b17459f80b63046a2f3f04e6b0f,AUS.IDN.23110.11.40000.C01.D.Q.DD.18907618.USD/2019,135,ADB Sustainble Infrastructure Assistance Program II,named_item,,,23110,,2026-09-28,External CRS comparator activity-flow record; not a JETP project
oecd-crs-energy-idn-2019-q-2026-09-28-md-18829076,IDN,b62c6cce5d3a77d7103f86ccfd193bd8b44b2b17459f80b63046a2f3f04e6b0f,BEL.IDN.23210.14.10000.C01.D.Q.DD.18829076.USD/2019,136,Renewable Energy Asia Fund II - Quantum Solar,named_item,,,23210,,2026-09-28,External CRS comparator activity-flow record; not a JETP project
oecd-crs-energy-idn-2019-q-2026-09-28-md-18828938,IDN,b62c6cce5d3a77d7103f86ccfd193bd8b44b2b17459f80b63046a2f3f04e6b0f,BEL.IDN.23210.14.10000.C01.D.Q.DD.18828938.USD/2019,137,Renewable Energy Asia Fund II - Lombok Solar,named_item,,,23210,,2026-09-28,External CRS comparator activity-flow record; not a JETP project
oecd-crs-energy-idn-2019-q-2026-09-28-md-18828863,IDN,b62c6cce5d3a77d7103f86ccfd193bd8b44b2b17459f80b63046a2f3f04e6b0f,BEL.IDN.23210.14.10000.C01.D.Q.DD.18828863.USD/2019,138,Renewable Energy Asia Fund II - Tasma Bioenergy,named_item,,,23210,,2026-09-28,External CRS comparator activity-flow record; not a JETP project
oecd-crs-energy-idn-2019-q-2026-09-28-md-18513820,IDN,b62c6cce5d3a77d7103f86ccfd193bd8b44b2b17459f80b63046a2f3f04e6b0f,DNK.IDN.23230.11.20000.C01.C.Q.DD.18513820.USD/2019,139,Small-scale activities aggregated,named_item,,,23230,,2026-09-28,External CRS comparator activity-flow record; not a JETP project
oecd-crs-energy-idn-2019-q-2026-09-28-md-18961947,IDN,b62c6cce5d3a77d7103f86ccfd193bd8b44b2b17459f80b63046a2f3f04e6b0f,DNK.IDN.23230.11.20000.C01.D.Q.DD.18961947.USD/2019,140,Small-scale activities aggregated,named_item,,,23230,,2026-09-28,External CRS comparator activity-flow record; not a JETP project
oecd-crs-energy-idn-2019-q-2026-09-28-md-18962002,IDN,b62c6cce5d3a77d7103f86ccfd193bd8b44b2b17459f80b63046a2f3f04e6b0f,DNK.IDN.23110.11.10000.C01.D.Q.DD.18962002.USD/2019,141,Small-scale activities aggregated,named_item,,,23110,,2026-09-28,External CRS comparator activity-flow record; not a JETP project
oecd-crs-energy-idn-2019-q-2026-09-28-md-18962024,IDN,b62c6cce5d3a77d7103f86ccfd193bd8b44b2b17459f80b63046a2f3f04e6b0f,DNK.IDN.23110.11.10000.C01.D.Q.DD.18962024.USD/2019,142,"SSC Energy Sector, Indonesia - Phase II",named_item,,,23110,,2026-09-28,External CRS comparator activity-flow record; not a JETP project
oecd-crs-energy-idn-2019-q-2026-09-28-md-18469700,IDN,b62c6cce5d3a77d7103f86ccfd193bd8b44b2b17459f80b63046a2f3f04e6b0f,AUS.IDN.23110.11.40000.C01.C.Q.DD.18469700.USD/2019,143,ADB Sustainble Infrastructure Assistance Program II,named_item,,,23110,,2026-09-28,External CRS comparator activity-flow record; not a JETP project
oecd-crs-energy-idn-2020-q-2026-09-28-md-19900698,IDN,42cdf9c14c79f9ee58dab1f56f85d4cc09949ee20af7eaa84375115006f8d50c,9PRIV1615.IDN.23210.30.30000.C01.D.Q.DD.19900698.USD/2020,1,NREL Vietnam & Indonesia,named_item,,,23210,,2026-09-28,External CRS comparator activity-flow record; not a JETP project
oecd-crs-energy-idn-2020-q-2026-09-28-md-19240716,IDN,42cdf9c14c79f9ee58dab1f56f85d4cc09949ee20af7eaa84375115006f8d50c,9PRIV1618.IDN.23210.30.20000.C01.C.Q.DD.19240716.USD/2020,2,to design steps and identify instruments for biodiesel to play as a short-term alternative energy source towards sustainable renewable energy in Indonesia,named_item,,,23210,,2026-09-28,External CRS comparator activity-flow record; not a JETP project
oecd-crs-energy-idn-2020-q-2026-09-28-md-19665770,IDN,42cdf9c14c79f9ee58dab1f56f85d4cc09949ee20af7eaa84375115006f8d50c,9PRIV1618.IDN.23210.30.20000.C01.D.Q.DD.19665770.USD/2020,3,to design steps and identify instruments for biodiesel to play as a short-term alternative energy source towards sustainable renewable energy in Indonesia,named_item,,,23210,,2026-09-28,External CRS comparator activity-flow record; not a JETP project
oecd-crs-energy-idn-2020-q-2026-09-28-md-19240553,IDN,42cdf9c14c79f9ee58dab1f56f85d4cc09949ee20af7eaa84375115006f8d50c,9PRIV1618.IDN.23210.30.20000.D02.C.Q.DD.19240553.USD/2020,4,to support business planning and financial sustainability development,named_item,,,23210,,2026-09-28,External CRS comparator activity-flow record; not a JETP project
oecd-crs-energy-idn-2020-q-2026-09-28-md-19665711,IDN,42cdf9c14c79f9ee58dab1f56f85d4cc09949ee20af7eaa84375115006f8d50c,9PRIV1618.IDN.23210.30.20000.D02.D.Q.DD.19665711.USD/2020,5,to support business planning and financial sustainability development,named_item,,,23210,,2026-09-28,External CRS comparator activity-flow record; not a JETP project
oecd-crs-energy-idn-2020-q-2026-09-28-md-19240649,IDN,42cdf9c14c79f9ee58dab1f56f85d4cc09949ee20af7eaa84375115006f8d50c,9PRIV1618.IDN.23210.30.20000.C01.C.Q.DD.19240649.USD/2020,6,"to develop and establish a strategic communications hub focused on biofuel/bioenergy and related issues to provide knowledge, support, guidance, and resources to CSO partners ",named_item,,,23210,,2026-09-28,External CRS comparator activity-flow record; not a JETP project
oecd-crs-energy-idn-2020-q-2026-09-28-md-19665753,IDN,42cdf9c14c79f9ee58dab1f56f85d4cc09949ee20af7eaa84375115006f8d50c,9PRIV1618.IDN.23210.30.20000.C01.D.Q.DD.19665753.USD/2020,7,"to develop and establish a strategic communications hub focused on biofuel/bioenergy and related issues to provide knowledge, support, guidance, and resources to CSO partners ",named_item,,,23210,,2026-09-28,External CRS comparator activity-flow record; not a JETP project
oecd-crs-energy-idn-2020-q-2026-09-28-md-19665685,IDN,42cdf9c14c79f9ee58dab1f56f85d4cc09949ee20af7eaa84375115006f8d50c,9PRIV1618.IDN.23210.30.20000.B03.D.Q.DD.19665685.USD/2020,8,"for support of The Southeast Asia Clean Energy Facility (SEACEF), a facility that supports early stage clean energy development in Indonesia, Vietnam, and the Philippines",named_item,,,23210,,2026-09-28,External CRS comparator activity-flow record; not a JETP project
oecd-crs-energy-idn-2020-q-2026-09-28-md-19727479,IDN,42cdf9c14c79f9ee58dab1f56f85d4cc09949ee20af7eaa84375115006f8d50c,9OTH011.IDN.23110.11.40000.C01.D.Q.DD.19727479.USD/2020,9,The Global Cleantech Innovation Programme for SMEs in Indonesia,named_item,,,23110,,2026-09-28,External CRS comparator activity-flow record; not a JETP project
oecd-crs-energy-idn-2020-q-2026-09-28-md-19727325,IDN,42cdf9c14c79f9ee58dab1f56f85d4cc09949ee20af7eaa84375115006f8d50c,9OTH011.IDN.23110.11.40000.C01.D.Q.DD.19727325.USD/2020,10,Promoting industrial energy efficiency through system optimization and energy management standards in Indonesia,named_item,,,23110,,2026-09-28,External CRS comparator activity-flow record; not a JETP project
oecd-crs-energy-idn-2020-q-2026-09-28-md-19723908,IDN,42cdf9c14c79f9ee58dab1f56f85d4cc09949ee20af7eaa84375115006f8d50c,9OTH011.IDN.23210.11.40000.C01.D.Q.DD.19723908.USD/2020,11,Market Transformation,named_item,,,23210,,2026-09-28,External CRS comparator activity-flow record; not a JETP project
oecd-crs-energy-idn-2020-q-2026-09-28-md-19723910,IDN,42cdf9c14c79f9ee58dab1f56f85d4cc09949ee20af7eaa84375115006f8d50c,9OTH011.IDN.23210.11.40000.C01.D.Q.DD.19723910.USD/2020,12,Market Transformation,named_item,,,23210,,2026-09-28,External CRS comparator activity-flow record; not a JETP project
oecd-crs-energy-idn-2020-q-2026-09-28-md-19724289,IDN,42cdf9c14c79f9ee58dab1f56f85d4cc09949ee20af7eaa84375115006f8d50c,9OTH011.IDN.23210.11.40000.C01.D.Q.DD.19724289.USD/2020,13,ADLIGHT,named_item,,,23210,,2026-09-28,External CRS comparator activity-flow record; not a JETP project
oecd-crs-energy-idn-2020-q-2026-09-28-md-19376442,IDN,42cdf9c14c79f9ee58dab1f56f85d4cc09949ee20af7eaa84375115006f8d50c,9OTH011.IDN.23642.11.40000.C01.C.Q.DD.19376442.USD/2020,14,Enhancing Readiness for the Transition to Electric Vehicles in Indonesia (ENTREV),named_item,,,23642,,2026-09-28,External CRS comparator activity-flow record; not a JETP project
oecd-crs-energy-idn-2020-q-2026-09-28-md-19376093,IDN,42cdf9c14c79f9ee58dab1f56f85d4cc09949ee20af7eaa84375115006f8d50c,9OTH011.IDN.23642.11.40000.C01.C.Q.DD.19376093.USD/2020,15,Global Programme to Support Countries with the Shift to Electric Mobility - Addendum,named_item,,,23642,,2026-09-28,External CRS comparator activity-flow record; not a JETP project
oecd-crs-energy-idn-2020-q-2026-09-28-md-19375846,IDN,42cdf9c14c79f9ee58dab1f56f85d4cc09949ee20af7eaa84375115006f8d50c,9OTH011.IDN.23210.11.40000.C01.C.Q.DD.19375846.USD/2020,16,Accelerating cleantech innovation and entrepreneurship in start-ups and SMEs in Indonesia,named_item,,,23210,,2026-09-28,External CRS comparator activity-flow record; not a JETP project
oecd-crs-energy-idn-2020-q-2026-09-28-md-19269460,IDN,42cdf9c14c79f9ee58dab1f56f85d4cc09949ee20af7eaa84375115006f8d50c,5WBG002.IDN.23220.14.60000.C01.C.Q.DD.19269460.USD/2020,17,CY20 Project 13,named_item,,,23220,,2026-09-28,External CRS comparator activity-flow record; not a JETP project
oecd-crs-energy-idn-2020-q-2026-09-28-md-19847969,IDN,42cdf9c14c79f9ee58dab1f56f85d4cc09949ee20af7eaa84375115006f8d50c,5WB001.IDN.23220.14.10000.C01.D.Q.DD.19847969.USD/2020,18,Pumped Storage Technical Assistance Project,named_item,,,23220,,2026-09-28,External CRS comparator activity-flow record; not a JETP project
oecd-crs-energy-idn-2020-q-2026-09-28-md-19839911,IDN,42cdf9c14c79f9ee58dab1f56f85d4cc09949ee20af7eaa84375115006f8d50c,5WB001.IDN.23630.14.10000.C01.D.Q.DD.19839911.USD/2020,19,Indonesia Second Power Transmission Development Project,named_item,,,23630,,2026-09-28,External CRS comparator activity-flow record; not a JETP project
oecd-crs-energy-idn-2020-q-2026-09-28-md-19848061,IDN,42cdf9c14c79f9ee58dab1f56f85d4cc09949ee20af7eaa84375115006f8d50c,5WB001.IDN.23630.14.10000.C01.D.Q.DD.19848061.USD/2020,20,Indonesia Power Transmission Development Project,named_item,,,23630,,2026-09-28,External CRS comparator activity-flow record; not a JETP project
oecd-crs-energy-idn-2020-q-2026-09-28-md-19847993,IDN,42cdf9c14c79f9ee58dab1f56f85d4cc09949ee20af7eaa84375115006f8d50c,5WB001.IDN.23630.14.10000.C01.D.Q.DD.19847993.USD/2020,21,Power Distribution Development Program-for-Results,named_item,,,23630,,2026-09-28,External CRS comparator activity-flow record; not a JETP project
oecd-crs-energy-idn-2020-q-2026-09-28-md-19240488,IDN,42cdf9c14c79f9ee58dab1f56f85d4cc09949ee20af7eaa84375115006f8d50c,9PRIV1618.IDN.23210.30.20000.B03.C.Q.DD.19240488.USD/2020,22,"for support of The Southeast Asia Clean Energy Facility (SEACEF), a facility that supports early stage clean energy development in Indonesia, Vietnam, and the Philippines",named_item,,,23210,,2026-09-28,External CRS comparator activity-flow record; not a JETP project
oecd-crs-energy-idn-2020-q-2026-09-28-md-19676215,IDN,42cdf9c14c79f9ee58dab1f56f85d4cc09949ee20af7eaa84375115006f8d50c,5ASDB01.IDN.23630.14.10000.A02.D.Q.DD.19676215.USD/2020,23,Sustainable Energy Access in Eastern Indonesia-Electricity Grid Development Program,named_item,,,23630,,2026-09-28,External CRS comparator activity-flow record; not a JETP project
oecd-crs-energy-idn-2020-q-2026-09-28-md-19673972,IDN,42cdf9c14c79f9ee58dab1f56f85d4cc09949ee20af7eaa84375115006f8d50c,5ASDB01.IDN.23630.14.10000.A02.D.Q.DD.19673972.USD/2020,24,Electricity Grid Strengthening—Sumatra Program,named_item,,,23630,,2026-09-28,External CRS comparator activity-flow record; not a JETP project
oecd-crs-energy-idn-2020-q-2026-09-28-md-19679264,IDN,42cdf9c14c79f9ee58dab1f56f85d4cc09949ee20af7eaa84375115006f8d50c,5ASDB01.IDN.23260.14.60000.C01.D.Q.DD.19679264.USD/2020,25,Muara Laboh Geothermal Power Project,named_item,,,23260,,2026-09-28,External CRS comparator activity-flow record; not a JETP project
oecd-crs-energy-idn-2020-q-2026-09-28-md-19673631,IDN,42cdf9c14c79f9ee58dab1f56f85d4cc09949ee20af7eaa84375115006f8d50c,5ASDB01.IDN.23310.14.60000.C01.D.Q.DD.19673631.USD/2020,26,Tangguh Liquefied Natural Gas Expansion Project,named_item,,,23310,,2026-09-28,External CRS comparator activity-flow record; not a JETP project
oecd-crs-energy-idn-2020-q-2026-09-28-md-19682512,IDN,42cdf9c14c79f9ee58dab1f56f85d4cc09949ee20af7eaa84375115006f8d50c,5ASDB01.IDN.23310.14.60000.C01.D.Q.DD.19682512.USD/2020,27,Jawa-1 Liquefied Natural Gas-to-Power Project,named_item,,,23310,,2026-09-28,External CRS comparator activity-flow record; not a JETP project
oecd-crs-energy-idn-2020-q-2026-09-28-md-19682407,IDN,42cdf9c14c79f9ee58dab1f56f85d4cc09949ee20af7eaa84375115006f8d50c,5ASDB01.IDN.23110.14.60000.C01.D.Q.DD.19682407.USD/2020,28,Riau Natural Gas Power Project,named_item,,,23110,,2026-09-28,External CRS comparator activity-flow record; not a JETP project
oecd-crs-energy-idn-2020-q-2026-09-28-md-19679992,IDN,42cdf9c14c79f9ee58dab1f56f85d4cc09949ee20af7eaa84375115006f8d50c,5ASDB01.IDN.23260.14.60000.C01.D.Q.DD.19679992.USD/2020,29,Rantau Dedap Geothermal Power Project (Phase 2),named_item,,,23260,,2026-09-28,External CRS comparator activity-flow record; not a JETP project
oecd-crs-energy-idn-2020-q-2026-09-28-md-19245954,IDN,42cdf9c14c79f9ee58dab1f56f85d4cc09949ee20af7eaa84375115006f8d50c,5ASDB01.IDN.23630.14.10000.A02.C.Q.DD.19245954.USD/2020,30,Sustainable Energy Access in Eastern Indonesia — Electricity Grid Development Program (Phase 2),named_item,,,23630,,2026-09-28,External CRS comparator activity-flow record; not a JETP project
oecd-crs-energy-idn-2020-q-2026-09-28-md-19246381,IDN,42cdf9c14c79f9ee58dab1f56f85d4cc09949ee20af7eaa84375115006f8d50c,5ASDB01.IDN.23260.14.10000.C01.C.Q.DD.19246381.USD/2020,31,Geothermal Power Generation Project,named_item,,,23260,,2026-09-28,External CRS comparator activity-flow record; not a JETP project
oecd-crs-energy-idn-2020-q-2026-09-28-md-19707490,IDN,42cdf9c14c79f9ee58dab1f56f85d4cc09949ee20af7eaa84375115006f8d50c,4EU001.IDN.23210.11.10000.C01.D.Q.DD.19707490.USD/2020,32,"SDG Indonesia One, support to PT SMI",named_item,,,23210,,2026-09-28,External CRS comparator activity-flow record; not a JETP project
oecd-crs-energy-idn-2020-q-2026-09-28-md-19707489,IDN,42cdf9c14c79f9ee58dab1f56f85d4cc09949ee20af7eaa84375115006f8d50c,4EU001.IDN.23183.11.10000.C01.D.Q.DD.19707489.USD/2020,33,"SDG Indonesia One, support to PT SMI",named_item,,,23183,,2026-09-28,External CRS comparator activity-flow record; not a JETP project
oecd-crs-energy-idn-2020-q-2026-09-28-md-19706416,IDN,42cdf9c14c79f9ee58dab1f56f85d4cc09949ee20af7eaa84375115006f8d50c,4EU001.IDN.23110.11.10000.C01.D.Q.DD.19706416.USD/2020,34,Support for Infrastructure Investments in Indonesia (S4I)  Assistance for the establishment of Indonesia's Development Bank,named_item,,,23110,,2026-09-28,External CRS comparator activity-flow record; not a JETP project
oecd-crs-energy-idn-2020-q-2026-09-28-md-19889956,IDN,42cdf9c14c79f9ee58dab1f56f85d4cc09949ee20af7eaa84375115006f8d50c,9PRIV1608.IDN.23210.30.20000.C01.D.Q.DD.19889956.USD/2020,35,New Energy Nexus Indonesia,named_item,,,23210,,2026-09-28,External CRS comparator activity-flow record; not a JETP project
oecd-crs-energy-idn-2020-q-2026-09-28-md-19811205,IDN,42cdf9c14c79f9ee58dab1f56f85d4cc09949ee20af7eaa84375115006f8d50c,USA.IDN.23110.11.60000.C01.D.Q.DD.19811205.USD/2020,36,Indonesia Clean Energy Development - II (ICED II Project),named_item,,,23110,,2026-09-28,External CRS comparator activity-flow record; not a JETP project
oecd-crs-energy-idn-2020-q-2026-09-28-md-19817742,IDN,42cdf9c14c79f9ee58dab1f56f85d4cc09949ee20af7eaa84375115006f8d50c,USA.IDN.23110.11.60000.C01.D.Q.DD.19817742.USD/2020,37,Indonesia Clean Energy Development - II (ICED II Project),named_item,,,23110,,2026-09-28,External CRS comparator activity-flow record; not a JETP project
oecd-crs-energy-idn-2020-q-2026-09-28-md-19858826,IDN,42cdf9c14c79f9ee58dab1f56f85d4cc09949ee20af7eaa84375115006f8d50c,USA.IDN.23110.11.60000.C01.D.Q.DD.19858826.USD/2020,38,Indonesia Clean Energy Development - II (ICED II Project),named_item,,,23110,,2026-09-28,External CRS comparator activity-flow record; not a JETP project
oecd-crs-energy-idn-2020-q-2026-09-28-md-19344042,IDN,42cdf9c14c79f9ee58dab1f56f85d4cc09949ee20af7eaa84375115006f8d50c,USA.IDN.23270.11.50000.D02.C.Q.DD.19344042.USD/2020,39,"Waste-to-Energy Reverse Trade Mission, through Gas Technology Institute",named_item,,,23270,,2026-09-28,External CRS comparator activity-flow record; not a JETP project
oecd-crs-energy-idn-2020-q-2026-09-28-md-19759993,IDN,42cdf9c14c79f9ee58dab1f56f85d4cc09949ee20af7eaa84375115006f8d50c,GBR.IDN.23210.11.10000.C01.D.Q.DD.19759993.USD/2020,40,Indonesia Renewable Energy Programme – Policy pillar,named_item,,,23210,,2026-09-28,External CRS comparator activity-flow record; not a JETP project
oecd-crs-energy-idn-2020-q-2026-09-28-md-19298063,IDN,42cdf9c14c79f9ee58dab1f56f85d4cc09949ee20af7eaa84375115006f8d50c,GBR.IDN.23210.11.10000.C01.C.Q.DD.19298063.USD/2020,41,Indonesia Renewable Energy Programme – Policy pillar,named_item,,,23210,,2026-09-28,External CRS comparator activity-flow record; not a JETP project
oecd-crs-energy-idn-2020-q-2026-09-28-md-19763892,IDN,42cdf9c14c79f9ee58dab1f56f85d4cc09949ee20af7eaa84375115006f8d50c,GBR.IDN.23210.11.10000.C01.D.Q.DD.19763892.USD/2020,42,Development Costs of ODA eligible Prosperity Fund Indonesia Renewable Energy Programme,named_item,,,23210,,2026-09-28,External CRS comparator activity-flow record; not a JETP project
oecd-crs-energy-idn-2020-q-2026-09-28-md-19298107,IDN,42cdf9c14c79f9ee58dab1f56f85d4cc09949ee20af7eaa84375115006f8d50c,GBR.IDN.23210.11.10000.C01.C.Q.DD.19298107.USD/2020,43,Indonesia Renewable Energy Programme – Collaboration pillar,named_item,,,23210,,2026-09-28,External CRS comparator activity-flow record; not a JETP project
oecd-crs-energy-idn-2020-q-2026-09-28-md-19756078,IDN,42cdf9c14c79f9ee58dab1f56f85d4cc09949ee20af7eaa84375115006f8d50c,GBR.IDN.23210.11.10000.C01.D.Q.DD.19756078.USD/2020,44,Indonesia Renewable Energy Programme – Collaboration pillar,named_item,,,23210,,2026-09-28,External CRS comparator activity-flow record; not a JETP project
oecd-crs-energy-idn-2020-q-2026-09-28-md-19299277,IDN,42cdf9c14c79f9ee58dab1f56f85d4cc09949ee20af7eaa84375115006f8d50c,GBR.IDN.23210.11.10000.C01.C.Q.DD.19299277.USD/2020,45,Development Costs of ODA eligible Prosperity Fund Indonesia Renewable Energy Programme,named_item,,,23210,,2026-09-28,External CRS comparator activity-flow record; not a JETP project
oecd-crs-energy-idn-2020-q-2026-09-28-md-19763417,IDN,42cdf9c14c79f9ee58dab1f56f85d4cc09949ee20af7eaa84375115006f8d50c,GBR.IDN.23210.11.10000.C01.D.Q.DD.19763417.USD/2020,46,Indonesia Renewable Energy Legal and Commercial Services,named_item,,,23210,,2026-09-28,External CRS comparator activity-flow record; not a JETP project
oecd-crs-energy-idn-2020-q-2026-09-28-md-19761964,IDN,42cdf9c14c79f9ee58dab1f56f85d4cc09949ee20af7eaa84375115006f8d50c,GBR.IDN.23210.11.10000.C01.D.Q.DD.19761964.USD/2020,47,Indonesia Renewable Energy Delivery Partner,named_item,,,23210,,2026-09-28,External CRS comparator activity-flow record; not a JETP project
oecd-crs-energy-idn-2020-q-2026-09-28-md-19299030,IDN,42cdf9c14c79f9ee58dab1f56f85d4cc09949ee20af7eaa84375115006f8d50c,GBR.IDN.23210.11.10000.C01.C.Q.DD.19299030.USD/2020,48,Indonesia Renewable Energy Legal and Commercial Services,named_item,,,23210,,2026-09-28,External CRS comparator activity-flow record; not a JETP project
oecd-crs-energy-idn-2020-q-2026-09-28-md-19298119,IDN,42cdf9c14c79f9ee58dab1f56f85d4cc09949ee20af7eaa84375115006f8d50c,GBR.IDN.23210.11.10000.C01.C.Q.DD.19298119.USD/2020,49,Multi year Indonesia Renewable Energy Programme,named_item,,,23210,,2026-09-28,External CRS comparator activity-flow record; not a JETP project
oecd-crs-energy-idn-2020-q-2026-09-28-md-19298207,IDN,42cdf9c14c79f9ee58dab1f56f85d4cc09949ee20af7eaa84375115006f8d50c,GBR.IDN.23210.11.10000.C01.C.Q.DD.19298207.USD/2020,50,Indonesia Renewable Energy Delivery Partner,named_item,,,23210,,2026-09-28,External CRS comparator activity-flow record; not a JETP project
oecd-crs-energy-idn-2020-q-2026-09-28-md-19730303,IDN,42cdf9c14c79f9ee58dab1f56f85d4cc09949ee20af7eaa84375115006f8d50c,9OTH006.IDN.23183.11.40000.C01.D.Q.DD.19730303.USD/2020,51,BDF: Climate Auctions for Energy Efficient Buildings,named_item,,,23183,,2026-09-28,External CRS comparator activity-flow record; not a JETP project
oecd-crs-energy-idn-2020-q-2026-09-28-md-19725718,IDN,42cdf9c14c79f9ee58dab1f56f85d4cc09949ee20af7eaa84375115006f8d50c,ESP.IDN.23210.11.50000.D01.D.Q.DD.19725718.USD/2020,52,INTERNAL CALL PROJECT Multi-criteria tools for the design of electric systems in extreme climate conditions in Indonesia,named_item,,,23210,,2026-09-28,External CRS comparator activity-flow record; not a JETP project
oecd-crs-energy-idn-2020-q-2026-09-28-md-19851502,IDN,42cdf9c14c79f9ee58dab1f56f85d4cc09949ee20af7eaa84375115006f8d50c,NOR.IDN.23230.11.60000.C01.D.Q.DD.19851502.USD/2020,53,Scatec Solar AS Feasibility study solar power plants in Indonesia,named_item,,,23230,,2026-09-28,External CRS comparator activity-flow record; not a JETP project
oecd-crs-energy-idn-2020-q-2026-09-28-md-19667289,IDN,42cdf9c14c79f9ee58dab1f56f85d4cc09949ee20af7eaa84375115006f8d50c,NOR.IDN.23220.11.60000.C01.D.Q.DD.19667289.USD/2020,54,Tinfos feasibility study phase II Indonesia small hydro projects,named_item,,,23220,,2026-09-28,External CRS comparator activity-flow record; not a JETP project
oecd-crs-energy-idn-2020-q-2026-09-28-md-19240658,IDN,42cdf9c14c79f9ee58dab1f56f85d4cc09949ee20af7eaa84375115006f8d50c,NOR.IDN.23220.11.60000.C01.C.Q.DD.19240658.USD/2020,55,Tinfos feasibility study phase II Indonesia small hydro projects,named_item,,,23220,,2026-09-28,External CRS comparator activity-flow record; not a JETP project
oecd-crs-energy-idn-2020-q-2026-09-28-md-19747892,IDN,42cdf9c14c79f9ee58dab1f56f85d4cc09949ee20af7eaa84375115006f8d50c,NZL.IDN.23260.11.50000.D02.D.Q.DD.19747892.USD/2020,56,Geothermal Energy Training,named_item,,,23260,,2026-09-28,External CRS comparator activity-flow record; not a JETP project
oecd-crs-energy-idn-2020-q-2026-09-28-md-19344187,IDN,42cdf9c14c79f9ee58dab1f56f85d4cc09949ee20af7eaa84375115006f8d50c,USA.IDN.23110.11.60000.C01.C.Q.DD.19344187.USD/2020,57,Sustainable Energy for Indonesias Advancing Resilience (SINAR),named_item,,,23110,,2026-09-28,External CRS comparator activity-flow record; not a JETP project
oecd-crs-energy-idn-2020-q-2026-09-28-md-19339538,IDN,42cdf9c14c79f9ee58dab1f56f85d4cc09949ee20af7eaa84375115006f8d50c,USA.IDN.23110.11.60000.C01.C.Q.DD.19339538.USD/2020,58,Sustainable Energy for Indonesias Advancing Resilience (SINAR),named_item,,,23110,,2026-09-28,External CRS comparator activity-flow record; not a JETP project
oecd-crs-energy-idn-2020-q-2026-09-28-md-19866237,IDN,42cdf9c14c79f9ee58dab1f56f85d4cc09949ee20af7eaa84375115006f8d50c,KOR.IDN.23630.14.60000.0.D.Q.DD.19866237.USD/2020,59,ELECTRIC POWER TRANSMISSION AND DISTRIBUTION (CENTRALISED GRIDS),unnamed_item,,,23630,,2026-09-28,External CRS comparator activity-flow record; not a JETP project
oecd-crs-energy-idn-2020-q-2026-09-28-md-19864055,IDN,42cdf9c14c79f9ee58dab1f56f85d4cc09949ee20af7eaa84375115006f8d50c,KOR.IDN.23630.14.60000.0.D.Q.DD.19864055.USD/2020,60,ELECTRIC POWER TRANSMISSION AND DISTRIBUTION (CENTRALISED GRIDS),unnamed_item,,,23630,,2026-09-28,External CRS comparator activity-flow record; not a JETP project
oecd-crs-energy-idn-2020-q-2026-09-28-md-19805095,IDN,42cdf9c14c79f9ee58dab1f56f85d4cc09949ee20af7eaa84375115006f8d50c,KOR.IDN.23183.11.30000.C01.D.Q.DD.19805095.USD/2020,61,Establishment of rural resource circulation model through recycling food waste using BSF,named_item,,,23183,,2026-09-28,External CRS comparator activity-flow record; not a JETP project
oecd-crs-energy-idn-2020-q-2026-09-28-md-19804583,IDN,42cdf9c14c79f9ee58dab1f56f85d4cc09949ee20af7eaa84375115006f8d50c,KOR.IDN.23110.11.10000.E01.D.Q.DD.19804583.USD/2020,62,Master's Degree Program in Energy Science and Policy(2018),named_item,,,23110,,2026-09-28,External CRS comparator activity-flow record; not a JETP project
oecd-crs-energy-idn-2020-q-2026-09-28-md-19322776,IDN,42cdf9c14c79f9ee58dab1f56f85d4cc09949ee20af7eaa84375115006f8d50c,KOR.IDN.23110.11.10000.E01.C.Q.DD.19322776.USD/2020,63,Master's Degree Program in Energy Science and Policy(2018),named_item,,,23110,,2026-09-28,External CRS comparator activity-flow record; not a JETP project
oecd-crs-energy-idn-2020-q-2026-09-28-md-19329054,IDN,42cdf9c14c79f9ee58dab1f56f85d4cc09949ee20af7eaa84375115006f8d50c,KOR.IDN.23183.11.10000.D02.C.Q.DD.19329054.USD/2020,64,Regional Policy Consulting Project(ESCO policy Consultation in Indonesia),named_item,,,23183,,2026-09-28,External CRS comparator activity-flow record; not a JETP project
oecd-crs-energy-idn-2020-q-2026-09-28-md-19795730,IDN,42cdf9c14c79f9ee58dab1f56f85d4cc09949ee20af7eaa84375115006f8d50c,KOR.IDN.23183.11.10000.D02.D.Q.DD.19795730.USD/2020,65,Regional Policy Consulting Project(ESCO policy Consultation in Indonesia),named_item,,,23183,,2026-09-28,External CRS comparator activity-flow record; not a JETP project
oecd-crs-energy-idn-2020-q-2026-09-28-md-19792966,IDN,42cdf9c14c79f9ee58dab1f56f85d4cc09949ee20af7eaa84375115006f8d50c,KOR.IDN.23360.11.10000.C01.D.Q.DD.19792966.USD/2020,66,"Science & Technology support program : S&T Innovation Center Support Project(Indonesia, Establishment of Green Technology Partnership Initiative in In",named_item,,,23360,,2026-09-28,External CRS comparator activity-flow record; not a JETP project
oecd-crs-energy-idn-2020-q-2026-09-28-md-19326584,IDN,42cdf9c14c79f9ee58dab1f56f85d4cc09949ee20af7eaa84375115006f8d50c,KOR.IDN.23360.11.10000.C01.C.Q.DD.19326584.USD/2020,67,"Science & Technology support program : S&T Innovation Center Support Project(Indonesia, Establishment of Green Technology Partnership Initiative in In",named_item,,,23360,,2026-09-28,External CRS comparator activity-flow record; not a JETP project
oecd-crs-energy-idn-2020-q-2026-09-28-md-19795896,IDN,42cdf9c14c79f9ee58dab1f56f85d4cc09949ee20af7eaa84375115006f8d50c,KOR.IDN.23230.11.40000.C01.D.Q.DD.19795896.USD/2020,68,Accerlerating Clean Energy Access to Reduce Inequality - ACCESS,named_item,,,23230,,2026-09-28,External CRS comparator activity-flow record; not a JETP project
oecd-crs-energy-idn-2020-q-2026-09-28-md-19326392,IDN,42cdf9c14c79f9ee58dab1f56f85d4cc09949ee20af7eaa84375115006f8d50c,KOR.IDN.23210.11.30000.C01.C.Q.DD.19326392.USD/2020,69,Development of renewable energy project in remote area by using crowdfunding platform,named_item,,,23210,,2026-09-28,External CRS comparator activity-flow record; not a JETP project
oecd-crs-energy-idn-2020-q-2026-09-28-md-19329173,IDN,42cdf9c14c79f9ee58dab1f56f85d4cc09949ee20af7eaa84375115006f8d50c,KOR.IDN.23230.11.40000.C01.C.Q.DD.19329173.USD/2020,70,Accerlerating Clean Energy Access to Reduce Inequality - ACCESS,named_item,,,23230,,2026-09-28,External CRS comparator activity-flow record; not a JETP project
oecd-crs-energy-idn-2020-q-2026-09-28-md-19790054,IDN,42cdf9c14c79f9ee58dab1f56f85d4cc09949ee20af7eaa84375115006f8d50c,KOR.IDN.23210.11.30000.C01.D.Q.DD.19790054.USD/2020,71,Development of renewable energy project in remote area by using crowdfunding platform,named_item,,,23210,,2026-09-28,External CRS comparator activity-flow record; not a JETP project
oecd-crs-energy-idn-2020-q-2026-09-28-md-19371512,IDN,42cdf9c14c79f9ee58dab1f56f85d4cc09949ee20af7eaa84375115006f8d50c,NOR.IDN.23220.14.60000.C01.C.Q.DD.19371512.USD/2020,72,P109 - Lobu Dolom HPP,named_item,,,23220,,2026-09-28,External CRS comparator activity-flow record; not a JETP project
oecd-crs-energy-idn-2020-q-2026-09-28-md-19689880,IDN,42cdf9c14c79f9ee58dab1f56f85d4cc09949ee20af7eaa84375115006f8d50c,JPN.IDN.23210.11.10000.C01.D.Q.DD.19689880.USD/2020,73,TC AGGREGATED ACTIVITIES,named_item,,,23210,,2026-09-28,External CRS comparator activity-flow record; not a JETP project
oecd-crs-energy-idn-2020-q-2026-09-28-md-19265031,IDN,42cdf9c14c79f9ee58dab1f56f85d4cc09949ee20af7eaa84375115006f8d50c,JPN.IDN.23210.11.10000.C01.C.Q.DD.19265031.USD/2020,74,TC AGGREGATED ACTIVITIES,named_item,,,23210,,2026-09-28,External CRS comparator activity-flow record; not a JETP project
oecd-crs-energy-idn-2020-q-2026-09-28-md-19250086,IDN,42cdf9c14c79f9ee58dab1f56f85d4cc09949ee20af7eaa84375115006f8d50c,JPN.IDN.23210.11.10000.C01.C.Q.DD.19250086.USD/2020,75,TC AGGREGATED ACTIVITIES,named_item,,,23210,,2026-09-28,External CRS comparator activity-flow record; not a JETP project
oecd-crs-energy-idn-2020-q-2026-09-28-md-19257695,IDN,42cdf9c14c79f9ee58dab1f56f85d4cc09949ee20af7eaa84375115006f8d50c,JPN.IDN.23210.11.10000.C01.C.Q.DD.19257695.USD/2020,76,TC AGGREGATED ACTIVITIES,named_item,,,23210,,2026-09-28,External CRS comparator activity-flow record; not a JETP project
oecd-crs-energy-idn-2020-q-2026-09-28-md-19685924,IDN,42cdf9c14c79f9ee58dab1f56f85d4cc09949ee20af7eaa84375115006f8d50c,JPN.IDN.23210.11.10000.C01.D.Q.DD.19685924.USD/2020,77,TC AGGREGATED ACTIVITIES,named_item,,,23210,,2026-09-28,External CRS comparator activity-flow record; not a JETP project
oecd-crs-energy-idn-2020-q-2026-09-28-md-19686392,IDN,42cdf9c14c79f9ee58dab1f56f85d4cc09949ee20af7eaa84375115006f8d50c,JPN.IDN.23210.11.10000.C01.D.Q.DD.19686392.USD/2020,78,TC AGGREGATED ACTIVITIES,named_item,,,23210,,2026-09-28,External CRS comparator activity-flow record; not a JETP project
oecd-crs-energy-idn-2020-q-2026-09-28-md-19250534,IDN,42cdf9c14c79f9ee58dab1f56f85d4cc09949ee20af7eaa84375115006f8d50c,JPN.IDN.23210.11.10000.C01.C.Q.DD.19250534.USD/2020,79,TC AGGREGATED ACTIVITIES,named_item,,,23210,,2026-09-28,External CRS comparator activity-flow record; not a JETP project
oecd-crs-energy-idn-2020-q-2026-09-28-md-19698264,IDN,42cdf9c14c79f9ee58dab1f56f85d4cc09949ee20af7eaa84375115006f8d50c,JPN.IDN.23210.11.10000.C01.D.Q.DD.19698264.USD/2020,80,TC AGGREGATED ACTIVITIES,named_item,,,23210,,2026-09-28,External CRS comparator activity-flow record; not a JETP project
oecd-crs-energy-idn-2020-q-2026-09-28-md-19256061,IDN,42cdf9c14c79f9ee58dab1f56f85d4cc09949ee20af7eaa84375115006f8d50c,JPN.IDN.23210.11.10000.C01.C.Q.DD.19256061.USD/2020,81,TC AGGREGATED ACTIVITIES,named_item,,,23210,,2026-09-28,External CRS comparator activity-flow record; not a JETP project
oecd-crs-energy-idn-2020-q-2026-09-28-md-19692819,IDN,42cdf9c14c79f9ee58dab1f56f85d4cc09949ee20af7eaa84375115006f8d50c,JPN.IDN.23210.11.10000.C01.D.Q.DD.19692819.USD/2020,82,TC AGGREGATED ACTIVITIES,named_item,,,23210,,2026-09-28,External CRS comparator activity-flow record; not a JETP project
oecd-crs-energy-idn-2020-q-2026-09-28-md-19255853,IDN,42cdf9c14c79f9ee58dab1f56f85d4cc09949ee20af7eaa84375115006f8d50c,JPN.IDN.23210.11.10000.C01.C.Q.DD.19255853.USD/2020,83,TC AGGREGATED ACTIVITIES,named_item,,,23210,,2026-09-28,External CRS comparator activity-flow record; not a JETP project
oecd-crs-energy-idn-2020-q-2026-09-28-md-19258910,IDN,42cdf9c14c79f9ee58dab1f56f85d4cc09949ee20af7eaa84375115006f8d50c,JPN.IDN.23210.11.10000.C01.C.Q.DD.19258910.USD/2020,84,TC AGGREGATED ACTIVITIES,named_item,,,23210,,2026-09-28,External CRS comparator activity-flow record; not a JETP project
oecd-crs-energy-idn-2020-q-2026-09-28-md-19690637,IDN,42cdf9c14c79f9ee58dab1f56f85d4cc09949ee20af7eaa84375115006f8d50c,JPN.IDN.23210.11.10000.C01.D.Q.DD.19690637.USD/2020,85,TC AGGREGATED ACTIVITIES,named_item,,,23210,,2026-09-28,External CRS comparator activity-flow record; not a JETP project
oecd-crs-energy-idn-2020-q-2026-09-28-md-19694330,IDN,42cdf9c14c79f9ee58dab1f56f85d4cc09949ee20af7eaa84375115006f8d50c,JPN.IDN.23210.11.10000.C01.D.Q.DD.19694330.USD/2020,86,TC AGGREGATED ACTIVITIES,named_item,,,23210,,2026-09-28,External CRS comparator activity-flow record; not a JETP project
oecd-crs-energy-idn-2020-q-2026-09-28-md-19248760,IDN,42cdf9c14c79f9ee58dab1f56f85d4cc09949ee20af7eaa84375115006f8d50c,JPN.IDN.23110.11.10000.C01.C.Q.DD.19248760.USD/2020,87,TC AGGREGATED ACTIVITIES,named_item,,,23110,,2026-09-28,External CRS comparator activity-flow record; not a JETP project
oecd-crs-energy-idn-2020-q-2026-09-28-md-19691132,IDN,42cdf9c14c79f9ee58dab1f56f85d4cc09949ee20af7eaa84375115006f8d50c,JPN.IDN.23110.11.10000.C01.D.Q.DD.19691132.USD/2020,88,TC AGGREGATED ACTIVITIES,named_item,,,23110,,2026-09-28,External CRS comparator activity-flow record; not a JETP project
oecd-crs-energy-idn-2020-q-2026-09-28-md-19700436,IDN,42cdf9c14c79f9ee58dab1f56f85d4cc09949ee20af7eaa84375115006f8d50c,JPN.IDN.23210.11.10000.C01.D.Q.DD.19700436.USD/2020,89,TC AGGREGATED ACTIVITIES,named_item,,,23210,,2026-09-28,External CRS comparator activity-flow record; not a JETP project
oecd-crs-energy-idn-2020-q-2026-09-28-md-19261815,IDN,42cdf9c14c79f9ee58dab1f56f85d4cc09949ee20af7eaa84375115006f8d50c,JPN.IDN.23210.11.10000.C01.C.Q.DD.19261815.USD/2020,90,TC AGGREGATED ACTIVITIES,named_item,,,23210,,2026-09-28,External CRS comparator activity-flow record; not a JETP project
oecd-crs-energy-idn-2020-q-2026-09-28-md-19700135,IDN,42cdf9c14c79f9ee58dab1f56f85d4cc09949ee20af7eaa84375115006f8d50c,JPN.IDN.23220.13.10000.C01.D.Q.DD.19700135.USD/2020,91,Peusangan Hydroelectric Power Plant Construction Project,named_item,,,23220,,2026-09-28,External CRS comparator activity-flow record; not a JETP project
oecd-crs-energy-idn-2020-q-2026-09-28-md-19698155,IDN,42cdf9c14c79f9ee58dab1f56f85d4cc09949ee20af7eaa84375115006f8d50c,JPN.IDN.23630.13.10000.C01.D.Q.DD.19698155.USD/2020,92,Geothermal Development Acceleration Program (Hululais Geothermal Power Plant Project (E/S)),named_item,,,23630,,2026-09-28,External CRS comparator activity-flow record; not a JETP project
oecd-crs-energy-idn-2020-q-2026-09-28-md-19696739,IDN,42cdf9c14c79f9ee58dab1f56f85d4cc09949ee20af7eaa84375115006f8d50c,JPN.IDN.23260.13.10000.C01.D.Q.DD.19696739.USD/2020,93,Lumut Balai Geothermal Power Plant Project,named_item,,,23260,,2026-09-28,External CRS comparator activity-flow record; not a JETP project
oecd-crs-energy-idn-2020-q-2026-09-28-md-19693505,IDN,42cdf9c14c79f9ee58dab1f56f85d4cc09949ee20af7eaa84375115006f8d50c,JPN.IDN.23260.13.10000.C01.D.Q.DD.19693505.USD/2020,94,Lumut Balai Geothermal Power Plant Project,named_item,,,23260,,2026-09-28,External CRS comparator activity-flow record; not a JETP project
oecd-crs-energy-idn-2020-q-2026-09-28-md-19852355,IDN,42cdf9c14c79f9ee58dab1f56f85d4cc09949ee20af7eaa84375115006f8d50c,JPN.IDN.23260.13.10000.C01.D.Q.DD.19852355.USD/2020,95,Geothermal Development Acceleration Program (Tulehu Geothermal Power Plant Project(E/S)),named_item,,,23260,,2026-09-28,External CRS comparator activity-flow record; not a JETP project
oecd-crs-energy-idn-2020-q-2026-09-28-md-19852645,IDN,42cdf9c14c79f9ee58dab1f56f85d4cc09949ee20af7eaa84375115006f8d50c,JPN.IDN.23220.13.10000.C01.D.Q.DD.19852645.USD/2020,96,Asahan No.3 Hydroelectric Power Plant Construction Project,named_item,,,23220,,2026-09-28,External CRS comparator activity-flow record; not a JETP project
oecd-crs-energy-idn-2020-q-2026-09-28-md-19831983,IDN,42cdf9c14c79f9ee58dab1f56f85d4cc09949ee20af7eaa84375115006f8d50c,DEU.IDN.23210.11.10000.C01.D.Q.DD.19831983.USD/2020,97,Strengthening Quality Infrastructure (QI) for the Energy Sector,named_item,,,23210,,2026-09-28,External CRS comparator activity-flow record; not a JETP project
oecd-crs-energy-idn-2020-q-2026-09-28-md-19835241,IDN,42cdf9c14c79f9ee58dab1f56f85d4cc09949ee20af7eaa84375115006f8d50c,DEU.IDN.23210.11.10000.C01.D.Q.DD.19835241.USD/2020,98,1000 Islands - Renewable energy for electrifikation Programme - REEP,named_item,,,23210,,2026-09-28,External CRS comparator activity-flow record; not a JETP project
oecd-crs-energy-idn-2020-q-2026-09-28-md-19835504,IDN,42cdf9c14c79f9ee58dab1f56f85d4cc09949ee20af7eaa84375115006f8d50c,DEU.IDN.23210.11.10000.C01.D.Q.DD.19835504.USD/2020,99,Electrification through Renewable Resources- ELREN,named_item,,,23210,,2026-09-28,External CRS comparator activity-flow record; not a JETP project
oecd-crs-energy-idn-2020-q-2026-09-28-md-19839650,IDN,42cdf9c14c79f9ee58dab1f56f85d4cc09949ee20af7eaa84375115006f8d50c,DEU.IDN.23260.13.10000.C01.D.Q.DD.19839650.USD/2020,100,Geothermal Energy Program,named_item,,,23260,,2026-09-28,External CRS comparator activity-flow record; not a JETP project
oecd-crs-energy-idn-2020-q-2026-09-28-md-19845037,IDN,42cdf9c14c79f9ee58dab1f56f85d4cc09949ee20af7eaa84375115006f8d50c,DEU.IDN.23220.13.10000.C01.D.Q.DD.19845037.USD/2020,101,Sustainable Hydropower,named_item,,,23220,,2026-09-28,External CRS comparator activity-flow record; not a JETP project
oecd-crs-energy-idn-2020-q-2026-09-28-md-19839019,IDN,42cdf9c14c79f9ee58dab1f56f85d4cc09949ee20af7eaa84375115006f8d50c,DEU.IDN.23230.13.10000.C01.D.Q.DD.19839019.USD/2020,102,"1000 Islands - Renewable Energy for Electrification Program, Phase 1",named_item,,,23230,,2026-09-28,External CRS comparator activity-flow record; not a JETP project
oecd-crs-energy-idn-2020-q-2026-09-28-md-19826723,IDN,42cdf9c14c79f9ee58dab1f56f85d4cc09949ee20af7eaa84375115006f8d50c,DEU.IDN.23110.11.10000.C01.D.Q.DD.19826723.USD/2020,103,Development of a NAMA for efficient cooling and the supply of cooling systems in industry and trade ( Green Chillers ) in Indonesia,named_item,,,23110,,2026-09-28,External CRS comparator activity-flow record; not a JETP project
oecd-crs-energy-idn-2020-q-2026-09-28-md-19841825,IDN,42cdf9c14c79f9ee58dab1f56f85d4cc09949ee20af7eaa84375115006f8d50c,DEU.IDN.23182.11.60000.D02.D.Q.DD.19841825.USD/2020,104,International cooperation in production of healthy and safe food,named_item,,,23182,,2026-09-28,External CRS comparator activity-flow record; not a JETP project
oecd-crs-energy-idn-2020-q-2026-09-28-md-19357640,IDN,42cdf9c14c79f9ee58dab1f56f85d4cc09949ee20af7eaa84375115006f8d50c,DEU.IDN.23182.11.60000.D02.C.Q.DD.19357640.USD/2020,105,International cooperation in production of healthy and safe food,named_item,,,23182,,2026-09-28,External CRS comparator activity-flow record; not a JETP project
oecd-crs-energy-idn-2020-q-2026-09-28-md-19829292,IDN,42cdf9c14c79f9ee58dab1f56f85d4cc09949ee20af7eaa84375115006f8d50c,DEU.IDN.23182.11.50000.D02.D.Q.DD.19829292.USD/2020,106,International cooperation in production of healthy and safe food,named_item,,,23182,,2026-09-28,External CRS comparator activity-flow record; not a JETP project
oecd-crs-energy-idn-2020-q-2026-09-28-md-19353289,IDN,42cdf9c14c79f9ee58dab1f56f85d4cc09949ee20af7eaa84375115006f8d50c,DEU.IDN.23182.11.50000.D02.C.Q.DD.19353289.USD/2020,107,International cooperation in production of healthy and safe food,named_item,,,23182,,2026-09-28,External CRS comparator activity-flow record; not a JETP project
oecd-crs-energy-idn-2020-q-2026-09-28-md-19357644,IDN,42cdf9c14c79f9ee58dab1f56f85d4cc09949ee20af7eaa84375115006f8d50c,DEU.IDN.23210.11.50000.D02.C.Q.DD.19357644.USD/2020,108,basic research energy,named_item,,,23210,,2026-09-28,External CRS comparator activity-flow record; not a JETP project
oecd-crs-energy-idn-2020-q-2026-09-28-md-19841855,IDN,42cdf9c14c79f9ee58dab1f56f85d4cc09949ee20af7eaa84375115006f8d50c,DEU.IDN.23210.11.50000.D02.D.Q.DD.19841855.USD/2020,109,basic research energy,named_item,,,23210,,2026-09-28,External CRS comparator activity-flow record; not a JETP project
oecd-crs-energy-idn-2020-q-2026-09-28-md-19832634,IDN,42cdf9c14c79f9ee58dab1f56f85d4cc09949ee20af7eaa84375115006f8d50c,DEU.IDN.23210.11.10000.C01.D.Q.DD.19832634.USD/2020,110,1000 Islands - Renewable energy for electrifikation Programme (REEP2) in Indonesia,named_item,,,23210,,2026-09-28,External CRS comparator activity-flow record; not a JETP project
oecd-crs-energy-idn-2020-q-2026-09-28-md-19353657,IDN,42cdf9c14c79f9ee58dab1f56f85d4cc09949ee20af7eaa84375115006f8d50c,DEU.IDN.23210.11.10000.C01.C.Q.DD.19353657.USD/2020,111,1000 Islands - Renewable energy for electrifikation Programme (REEP2) in Indonesia,named_item,,,23210,,2026-09-28,External CRS comparator activity-flow record; not a JETP project
oecd-crs-energy-idn-2020-q-2026-09-28-md-19350575,IDN,42cdf9c14c79f9ee58dab1f56f85d4cc09949ee20af7eaa84375115006f8d50c,DEU.IDN.23210.11.10000.C01.C.Q.DD.19350575.USD/2020,112,Strenghtening Quality Infrastructure for the Photovoltaic Sector Indonesia,named_item,,,23210,,2026-09-28,External CRS comparator activity-flow record; not a JETP project
oecd-crs-energy-idn-2020-q-2026-09-28-md-19836829,IDN,42cdf9c14c79f9ee58dab1f56f85d4cc09949ee20af7eaa84375115006f8d50c,DEU.IDN.23210.11.10000.C01.D.Q.DD.19836829.USD/2020,113,Strenghtening Quality Infrastructure for the Photovoltaic Sector Indonesia,named_item,,,23210,,2026-09-28,External CRS comparator activity-flow record; not a JETP project
oecd-crs-energy-idn-2020-q-2026-09-28-md-19842063,IDN,42cdf9c14c79f9ee58dab1f56f85d4cc09949ee20af7eaa84375115006f8d50c,DEU.IDN.23110.11.10000.C01.D.Q.DD.19842063.USD/2020,114,ExploRE - Strategic exploration of economic mitigation potentials through renewables,named_item,,,23110,,2026-09-28,External CRS comparator activity-flow record; not a JETP project
oecd-crs-energy-idn-2020-q-2026-09-28-md-19360423,IDN,42cdf9c14c79f9ee58dab1f56f85d4cc09949ee20af7eaa84375115006f8d50c,DEU.IDN.23110.11.10000.C01.C.Q.DD.19360423.USD/2020,115,ExploRE - Strategic exploration of economic mitigation potentials through renewables,named_item,,,23110,,2026-09-28,External CRS comparator activity-flow record; not a JETP project
oecd-crs-energy-idn-2020-q-2026-09-28-md-19352157,IDN,42cdf9c14c79f9ee58dab1f56f85d4cc09949ee20af7eaa84375115006f8d50c,DEU.IDN.23630.13.10000.C01.C.Q.DD.19352157.USD/2020,116,Results-Based Loan Sustainable Energy Access in Eastern Indonesia - Elec,named_item,,,23630,,2026-09-28,External CRS comparator activity-flow record; not a JETP project
oecd-crs-energy-idn-2020-q-2026-09-28-md-19371483,IDN,42cdf9c14c79f9ee58dab1f56f85d4cc09949ee20af7eaa84375115006f8d50c,DEU.IDN.23230.14.60000.C01.C.Q.DD.19371483.USD/2020,117,Loan,named_item,,,23230,,2026-09-28,External CRS comparator activity-flow record; not a JETP project
oecd-crs-energy-idn-2020-q-2026-09-28-md-19371435,IDN,42cdf9c14c79f9ee58dab1f56f85d4cc09949ee20af7eaa84375115006f8d50c,DEU.IDN.23240.14.60000.C01.C.Q.DD.19371435.USD/2020,118,Loan,named_item,,,23240,,2026-09-28,External CRS comparator activity-flow record; not a JETP project
oecd-crs-energy-idn-2020-q-2026-09-28-md-19866432,IDN,42cdf9c14c79f9ee58dab1f56f85d4cc09949ee20af7eaa84375115006f8d50c,DEU.IDN.23230.14.60000.C01.D.Q.DD.19866432.USD/2020,119,Loan,named_item,,,23230,,2026-09-28,External CRS comparator activity-flow record; not a JETP project
oecd-crs-energy-idn-2020-q-2026-09-28-md-19866344,IDN,42cdf9c14c79f9ee58dab1f56f85d4cc09949ee20af7eaa84375115006f8d50c,DEU.IDN.23240.14.60000.C01.D.Q.DD.19866344.USD/2020,120,Loan,named_item,,,23240,,2026-09-28,External CRS comparator activity-flow record; not a JETP project
oecd-crs-energy-idn-2020-q-2026-09-28-md-19357007,IDN,42cdf9c14c79f9ee58dab1f56f85d4cc09949ee20af7eaa84375115006f8d50c,DEU.IDN.23210.11.10000.C01.C.Q.DD.19357007.USD/2020,121,Indonesia - Support for the Utilization of Geothermal Energy,named_item,,,23210,,2026-09-28,External CRS comparator activity-flow record; not a JETP project
oecd-crs-energy-idn-2020-q-2026-09-28-md-19352121,IDN,42cdf9c14c79f9ee58dab1f56f85d4cc09949ee20af7eaa84375115006f8d50c,DEU.IDN.23181.11.50000.C01.C.Q.DD.19352121.USD/2020,122,Establishing Renewable Energy Education at UKRIM,named_item,,,23181,,2026-09-28,External CRS comparator activity-flow record; not a JETP project
oecd-crs-energy-idn-2020-q-2026-09-28-md-19251932,IDN,42cdf9c14c79f9ee58dab1f56f85d4cc09949ee20af7eaa84375115006f8d50c,JPN.IDN.23210.11.10000.C01.C.Q.DD.19251932.USD/2020,123,TC AGGREGATED ACTIVITIES,named_item,,,23210,,2026-09-28,External CRS comparator activity-flow record; not a JETP project
oecd-crs-energy-idn-2020-q-2026-09-28-md-19687771,IDN,42cdf9c14c79f9ee58dab1f56f85d4cc09949ee20af7eaa84375115006f8d50c,JPN.IDN.23210.11.10000.C01.D.Q.DD.19687771.USD/2020,124,TC AGGREGATED ACTIVITIES,named_item,,,23210,,2026-09-28,External CRS comparator activity-flow record; not a JETP project
oecd-crs-energy-idn-2020-q-2026-09-28-md-19686496,IDN,42cdf9c14c79f9ee58dab1f56f85d4cc09949ee20af7eaa84375115006f8d50c,JPN.IDN.23320.13.10000.C01.D.Q.DD.19686496.USD/2020,125,Indramayu Coal Fired Power Plant Project (E/S),named_item,,,23320,,2026-09-28,External CRS comparator activity-flow record; not a JETP project
oecd-crs-energy-idn-2020-q-2026-09-28-md-19769520,IDN,42cdf9c14c79f9ee58dab1f56f85d4cc09949ee20af7eaa84375115006f8d50c,FRA.IDN.23110.11.10000.C01.D.Q.DD.19769520.USD/2020,126,FASEP 1129-ET.FAISAB.SOLUTIONS SMART GRIDS,named_item,,,23110,,2026-09-28,External CRS comparator activity-flow record; not a JETP project
oecd-crs-energy-idn-2020-q-2026-09-28-md-19772923,IDN,42cdf9c14c79f9ee58dab1f56f85d4cc09949ee20af7eaa84375115006f8d50c,FRA.IDN.23630.13.10000.C01.D.Q.DD.19772923.USD/2020,127,Financement d'un projet de sécurité d'approvisionnement électrique à Jakarta (Phase II),named_item,,,23630,,2026-09-28,External CRS comparator activity-flow record; not a JETP project
oecd-crs-energy-idn-2020-q-2026-09-28-md-19750264,IDN,42cdf9c14c79f9ee58dab1f56f85d4cc09949ee20af7eaa84375115006f8d50c,NZL.IDN.23210.11.60000.D01.D.Q.DD.19750264.USD/2020,128,The Maluku Access to Energy Support,named_item,,,23210,,2026-09-28,External CRS comparator activity-flow record; not a JETP project
oecd-crs-energy-idn-2020-q-2026-09-28-md-19750140,IDN,42cdf9c14c79f9ee58dab1f56f85d4cc09949ee20af7eaa84375115006f8d50c,NZL.IDN.23260.11.60000.D01.D.Q.DD.19750140.USD/2020,129,Energy : NZAGED - Geothermal TA,named_item,,,23260,,2026-09-28,External CRS comparator activity-flow record; not a JETP project
oecd-crs-energy-idn-2020-q-2026-09-28-md-19750328,IDN,42cdf9c14c79f9ee58dab1f56f85d4cc09949ee20af7eaa84375115006f8d50c,NZL.IDN.23260.11.50000.E01.D.Q.DD.19750328.USD/2020,130,Geothermal Short term Training Scholarships,named_item,,,23260,,2026-09-28,External CRS comparator activity-flow record; not a JETP project
oecd-crs-energy-idn-2020-q-2026-09-28-md-19284914,IDN,42cdf9c14c79f9ee58dab1f56f85d4cc09949ee20af7eaa84375115006f8d50c,DNK.IDN.23110.11.10000.C01.C.Q.DD.19284914.USD/2020,131,"Danish Energy Partnership Programme III, INDODEPP",named_item,,,23110,,2026-09-28,External CRS comparator activity-flow record; not a JETP project
oecd-crs-energy-idn-2020-q-2026-09-28-md-19275522,IDN,42cdf9c14c79f9ee58dab1f56f85d4cc09949ee20af7eaa84375115006f8d50c,DNK.IDN.23110.11.10000.C01.C.Q.DD.19275522.USD/2020,132,Process support and formulation of a bilateral energy programme in Indonesia Danish Climate Envelope (2020-2025),named_item,,,23110,,2026-09-28,External CRS comparator activity-flow record; not a JETP project
oecd-crs-energy-idn-2020-q-2026-09-28-md-19729937,IDN,42cdf9c14c79f9ee58dab1f56f85d4cc09949ee20af7eaa84375115006f8d50c,DNK.IDN.23110.11.10000.C01.D.Q.DD.19729937.USD/2020,133,Process support and formulation of a bilateral energy programme in Indonesia Danish Climate Envelope (2020-2025),named_item,,,23110,,2026-09-28,External CRS comparator activity-flow record; not a JETP project
oecd-crs-energy-idn-2020-q-2026-09-28-md-19729425,IDN,42cdf9c14c79f9ee58dab1f56f85d4cc09949ee20af7eaa84375115006f8d50c,DNK.IDN.23110.11.10000.C01.D.Q.DD.19729425.USD/2020,134,"Strategic Sector Cooperation on Sustainable Island Initiative (SII) between Denmark and Indonesia (Energy), Phase 1",named_item,,,23110,,2026-09-28,External CRS comparator activity-flow record; not a JETP project
oecd-crs-energy-idn-2020-q-2026-09-28-md-19729790,IDN,42cdf9c14c79f9ee58dab1f56f85d4cc09949ee20af7eaa84375115006f8d50c,DNK.IDN.23110.11.10000.C01.D.Q.DD.19729790.USD/2020,135,"Sustainable Islands in Indonesia - SSC Inception Phase, Danish Energy Agency",named_item,,,23110,,2026-09-28,External CRS comparator activity-flow record; not a JETP project
oecd-crs-energy-idn-2020-q-2026-09-28-md-19731791,IDN,42cdf9c14c79f9ee58dab1f56f85d4cc09949ee20af7eaa84375115006f8d50c,DNK.IDN.23110.11.10000.C01.D.Q.DD.19731791.USD/2020,136,"SSC Energy Sector, Indonesia - Phase II",named_item,,,23110,,2026-09-28,External CRS comparator activity-flow record; not a JETP project
oecd-crs-energy-idn-2020-q-2026-09-28-md-19275360,IDN,42cdf9c14c79f9ee58dab1f56f85d4cc09949ee20af7eaa84375115006f8d50c,DNK.IDN.23110.11.10000.D02.C.Q.DD.19275360.USD/2020,137,Appraisal of the Proposed Danish Energy Partnership Programme in Indonesia under the Danish Climate Envelope 2020-2022,named_item,,,23110,,2026-09-28,External CRS comparator activity-flow record; not a JETP project
oecd-crs-energy-idn-2020-q-2026-09-28-md-19838523,IDN,42cdf9c14c79f9ee58dab1f56f85d4cc09949ee20af7eaa84375115006f8d50c,DEU.IDN.23181.11.50000.C01.D.Q.DD.19838523.USD/2020,138,Establishing Renewable Energy Education at UKRIM,named_item,,,23181,,2026-09-28,External CRS comparator activity-flow record; not a JETP project
oecd-crs-energy-idn-2020-q-2026-09-28-md-19714335,IDN,42cdf9c14c79f9ee58dab1f56f85d4cc09949ee20af7eaa84375115006f8d50c,CZE.IDN.23220.11.60000.C01.D.Q.DD.19714335.USD/2020,139,"Implementation of MHPP (mini hydro power plant) Tincep, North Sulawesi, Indonesia",named_item,,,23220,,2026-09-28,External CRS comparator activity-flow record; not a JETP project
oecd-crs-energy-idn-2020-q-2026-09-28-md-19270207,IDN,42cdf9c14c79f9ee58dab1f56f85d4cc09949ee20af7eaa84375115006f8d50c,CZE.IDN.23220.11.60000.C01.C.Q.DD.19270207.USD/2020,140,"Implementation of MHPP (mini hydro power plant) Tincep, North Sulawesi, Indonesia",named_item,,,23220,,2026-09-28,External CRS comparator activity-flow record; not a JETP project
oecd-crs-energy-idn-2020-q-2026-09-28-md-19242050,IDN,42cdf9c14c79f9ee58dab1f56f85d4cc09949ee20af7eaa84375115006f8d50c,FIN.IDN.23270.11.60000.C01.C.Q.DD.19242050.USD/2020,141,Finnpartnership programme,named_item,,,23270,,2026-09-28,External CRS comparator activity-flow record; not a JETP project
oecd-crs-energy-idn-2020-q-2026-09-28-md-19242047,IDN,42cdf9c14c79f9ee58dab1f56f85d4cc09949ee20af7eaa84375115006f8d50c,FIN.IDN.23210.11.60000.C01.C.Q.DD.19242047.USD/2020,142,Finnpartnership programme,named_item,,,23210,,2026-09-28,External CRS comparator activity-flow record; not a JETP project
oecd-crs-energy-idn-2020-q-2026-09-28-md-19670624,IDN,42cdf9c14c79f9ee58dab1f56f85d4cc09949ee20af7eaa84375115006f8d50c,FIN.IDN.23210.11.60000.C01.D.Q.DD.19670624.USD/2020,143,Finnpartnership programme,named_item,,,23210,,2026-09-28,External CRS comparator activity-flow record; not a JETP project
oecd-crs-energy-idn-2020-q-2026-09-28-md-19665402,IDN,42cdf9c14c79f9ee58dab1f56f85d4cc09949ee20af7eaa84375115006f8d50c,FIN.IDN.23250.11.60000.C01.D.Q.DD.19665402.USD/2020,144,Finnpartnership programme,named_item,,,23250,,2026-09-28,External CRS comparator activity-flow record; not a JETP project
oecd-crs-energy-idn-2020-q-2026-09-28-md-19866715,IDN,42cdf9c14c79f9ee58dab1f56f85d4cc09949ee20af7eaa84375115006f8d50c,BEL.IDN.23220.14.60000.C01.D.Q.DD.19866715.USD/2020,145,Renewable Energy Asia Fund II - Sitanduk Hydropower,named_item,,,23220,,2026-09-28,External CRS comparator activity-flow record; not a JETP project
oecd-crs-energy-idn-2020-q-2026-09-28-md-19371684,IDN,42cdf9c14c79f9ee58dab1f56f85d4cc09949ee20af7eaa84375115006f8d50c,BEL.IDN.23220.14.60000.C01.C.Q.DD.19371684.USD/2020,146,Renewable Energy Asia Fund II - Sitanduk Hydropower,named_item,,,23220,,2026-09-28,External CRS comparator activity-flow record; not a JETP project
oecd-crs-energy-idn-2020-q-2026-09-28-md-19729820,IDN,42cdf9c14c79f9ee58dab1f56f85d4cc09949ee20af7eaa84375115006f8d50c,DNK.IDN.23110.11.10000.D02.D.Q.DD.19729820.USD/2020,147,Appraisal of the Proposed Danish Energy Partnership Programme in Indonesia under the Danish Climate Envelope 2020-2022,named_item,,,23110,,2026-09-28,External CRS comparator activity-flow record; not a JETP project
oecd-crs-energy-idn-2020-q-2026-09-28-md-19292473,IDN,42cdf9c14c79f9ee58dab1f56f85d4cc09949ee20af7eaa84375115006f8d50c,AUS.IDN.23210.11.50000.C01.C.Q.DD.19292473.USD/2020,148,Partnership for Renewable Energy Finance and Trade,named_item,,,23210,,2026-09-28,External CRS comparator activity-flow record; not a JETP project
oecd-crs-energy-idn-2020-q-2026-09-28-md-19745563,IDN,42cdf9c14c79f9ee58dab1f56f85d4cc09949ee20af7eaa84375115006f8d50c,AUS.IDN.23210.11.50000.C01.D.Q.DD.19745563.USD/2020,149,Partnership for Renewable Energy Finance and Trade,named_item,,,23210,,2026-09-28,External CRS comparator activity-flow record; not a JETP project
oecd-crs-energy-idn-2020-q-2026-09-28-md-19751319,IDN,42cdf9c14c79f9ee58dab1f56f85d4cc09949ee20af7eaa84375115006f8d50c,AUS.IDN.23110.11.40000.C01.D.Q.DD.19751319.USD/2020,150,ADB Sustainble Infrstrctre Assstnce Prog II-SIAP2,named_item,,,23110,,2026-09-28,External CRS comparator activity-flow record; not a JETP project
oecd-crs-energy-idn-2020-q-2026-09-28-md-19279680,IDN,42cdf9c14c79f9ee58dab1f56f85d4cc09949ee20af7eaa84375115006f8d50c,ESP.IDN.23210.11.50000.D01.C.Q.DD.19279680.USD/2020,151,INTERNAL CALL PROJECT Multi-criteria tools for the design of electric systems in extreme climate conditions in Indonesia,named_item,,,23210,,2026-09-28,External CRS comparator activity-flow record; not a JETP project
oecd-crs-energy-idn-2020-q-2026-09-28-md-19291193,IDN,42cdf9c14c79f9ee58dab1f56f85d4cc09949ee20af7eaa84375115006f8d50c,AUS.IDN.23110.11.40000.C01.C.Q.DD.19291193.USD/2020,152,ADB Sustainble Infrstrctre Assstnce Prog II-SIAP2,named_item,,,23110,,2026-09-28,External CRS comparator activity-flow record; not a JETP project
oecd-crs-energy-idn-2020-q-2026-09-28-md-19756157,IDN,42cdf9c14c79f9ee58dab1f56f85d4cc09949ee20af7eaa84375115006f8d50c,GBR.IDN.23210.11.10000.C01.D.Q.DD.19756157.USD/2020,153,Multi year Indonesia Renewable Energy Programme,named_item,,,23210,,2026-09-28,External CRS comparator activity-flow record; not a JETP project
oecd-crs-energy-idn-2020-q-2026-09-28-md-19313681,IDN,42cdf9c14c79f9ee58dab1f56f85d4cc09949ee20af7eaa84375115006f8d50c,CHE.IDN.23210.11.60000.C01.C.Q.DD.19313681.USD/2020,154,"Renewable Energy Skills Development RESD in Indonesia, Scoping",named_item,,,23210,,2026-09-28,External CRS comparator activity-flow record; not a JETP project
oecd-crs-energy-idn-2021-q-2026-09-28-md-20226392,IDN,071741747d8560d9f7c347158de8f9de2b734ffe4ef6d0361a2b4523cb2b080b,9PRIV1627.IDN.23210.30.20000.C01.C.Q.DD.20226392.USD/2021,1,Extractive Industries Transparency Initiative,named_item,,,23210,,2026-09-28,External CRS comparator activity-flow record; not a JETP project
oecd-crs-energy-idn-2021-q-2026-09-28-md-20226410,IDN,071741747d8560d9f7c347158de8f9de2b734ffe4ef6d0361a2b4523cb2b080b,9PRIV1627.IDN.23210.30.50000.C01.C.Q.DD.20226410.USD/2021,2,Stiftelsen The Stockholm Environment Institute (SEI),named_item,,,23210,,2026-09-28,External CRS comparator activity-flow record; not a JETP project
oecd-crs-energy-idn-2021-q-2026-09-28-md-20224653,IDN,071741747d8560d9f7c347158de8f9de2b734ffe4ef6d0361a2b4523cb2b080b,9PRIV1627.IDN.23210.30.20000.C01.C.Q.DD.20224653.USD/2021,3,Yayasan System Dynamic Center,named_item,,,23210,,2026-09-28,External CRS comparator activity-flow record; not a JETP project
oecd-crs-energy-idn-2021-q-2026-09-28-md-20755738,IDN,071741747d8560d9f7c347158de8f9de2b734ffe4ef6d0361a2b4523cb2b080b,9PRIV1608.IDN.23110.30.40000.C01.D.Q.DD.20755738.USD/2021,4,Energy Transition Partnership (ETP): Indonesia,named_item,,,23110,,2026-09-28,External CRS comparator activity-flow record; not a JETP project
oecd-crs-energy-idn-2021-q-2026-09-28-md-20228644,IDN,071741747d8560d9f7c347158de8f9de2b734ffe4ef6d0361a2b4523cb2b080b,9PRIV1608.IDN.23110.30.40000.C01.C.Q.DD.20228644.USD/2021,5,Energy Transition Partnership (ETP): Indonesia,named_item,,,23110,,2026-09-28,External CRS comparator activity-flow record; not a JETP project
oecd-crs-energy-idn-2021-q-2026-09-28-md-20178055,IDN,071741747d8560d9f7c347158de8f9de2b734ffe4ef6d0361a2b4523cb2b080b,9OTH013.IDN.23210.11.40000.C01.C.Q.DD.20178055.USD/2021,6,Establishing a strategic Green Transaction Advisory Package (Green-TAP) for PT Sarana Multi Infrastruktur,named_item,,,23210,,2026-09-28,External CRS comparator activity-flow record; not a JETP project
oecd-crs-energy-idn-2021-q-2026-09-28-md-20741275,IDN,071741747d8560d9f7c347158de8f9de2b734ffe4ef6d0361a2b4523cb2b080b,9OTH006.IDN.23260.13.40000.C01.D.Q.DD.20741275.USD/2021,7,DPSP III: Geothermal Power Generation Project,named_item,,,23260,,2026-09-28,External CRS comparator activity-flow record; not a JETP project
oecd-crs-energy-idn-2021-q-2026-09-28-md-20665638,IDN,071741747d8560d9f7c347158de8f9de2b734ffe4ef6d0361a2b4523cb2b080b,9OTH011.IDN.23210.11.40000.C01.D.Q.DD.20665638.USD/2021,8,Market Transformation,named_item,,,23210,,2026-09-28,External CRS comparator activity-flow record; not a JETP project
oecd-crs-energy-idn-2021-q-2026-09-28-md-20686274,IDN,071741747d8560d9f7c347158de8f9de2b734ffe4ef6d0361a2b4523cb2b080b,5WB001.IDN.23110.14.10000.A02.D.Q.DD.20686274.USD/2021,9,Indonesia Investment and Trade Reforms DPL,named_item,,,23110,,2026-09-28,External CRS comparator activity-flow record; not a JETP project
oecd-crs-energy-idn-2021-q-2026-09-28-md-20168541,IDN,071741747d8560d9f7c347158de8f9de2b734ffe4ef6d0361a2b4523cb2b080b,5WB001.IDN.23110.14.10000.A02.C.Q.DD.20168541.USD/2021,10,Indonesia Investment and Trade Reforms DPL,named_item,,,23110,,2026-09-28,External CRS comparator activity-flow record; not a JETP project
oecd-crs-energy-idn-2021-q-2026-09-28-md-20152042,IDN,071741747d8560d9f7c347158de8f9de2b734ffe4ef6d0361a2b4523cb2b080b,5WB001.IDN.23631.14.10000.C01.C.Q.DD.20152042.USD/2021,11,Development of Pumped Storage Hydropower in Java Bali System Project,named_item,,,23631,,2026-09-28,External CRS comparator activity-flow record; not a JETP project
oecd-crs-energy-idn-2021-q-2026-09-28-md-20741273,IDN,071741747d8560d9f7c347158de8f9de2b734ffe4ef6d0361a2b4523cb2b080b,9OTH006.IDN.23260.11.40000.C01.D.Q.DD.20741273.USD/2021,12,DPSPIII: Indonesia Geothermal Resource Risk Mitigation Project (GREM),named_item,,,23260,,2026-09-28,External CRS comparator activity-flow record; not a JETP project
oecd-crs-energy-idn-2021-q-2026-09-28-md-20741272,IDN,071741747d8560d9f7c347158de8f9de2b734ffe4ef6d0361a2b4523cb2b080b,9OTH006.IDN.23260.13.40000.C01.D.Q.DD.20741272.USD/2021,13,Geothermal Energy Upstream Development Project,named_item,,,23260,,2026-09-28,External CRS comparator activity-flow record; not a JETP project
oecd-crs-energy-idn-2021-q-2026-09-28-md-20748553,IDN,071741747d8560d9f7c347158de8f9de2b734ffe4ef6d0361a2b4523cb2b080b,5RDB001.IDN.23630.14.10000.C01.D.Q.DD.20748553.USD/2021,14,PLN East Java & Bali Power Distribution Expansion Project,named_item,,,23630,,2026-09-28,External CRS comparator activity-flow record; not a JETP project
oecd-crs-energy-idn-2021-q-2026-09-28-md-20209032,IDN,071741747d8560d9f7c347158de8f9de2b734ffe4ef6d0361a2b4523cb2b080b,5RDB001.IDN.23630.14.10000.C01.C.Q.DD.20209032.USD/2021,15,PLN East Java & Bali Power Distribution Expansion Project,named_item,,,23630,,2026-09-28,External CRS comparator activity-flow record; not a JETP project
oecd-crs-energy-idn-2021-q-2026-09-28-md-20725758,IDN,071741747d8560d9f7c347158de8f9de2b734ffe4ef6d0361a2b4523cb2b080b,5ASDB01.IDN.23630.14.10000.C01.D.Q.DD.20725758.USD/2021,16,Sustainable Energy Access in Eastern Indonesia-Electricity Grid Development Program,named_item,,,23630,,2026-09-28,External CRS comparator activity-flow record; not a JETP project
oecd-crs-energy-idn-2021-q-2026-09-28-md-20728555,IDN,071741747d8560d9f7c347158de8f9de2b734ffe4ef6d0361a2b4523cb2b080b,5ASDB01.IDN.23260.14.60000.C01.D.Q.DD.20728555.USD/2021,17,Rantau Dedap Geothermal Power Project (Phase 2),named_item,,,23260,,2026-09-28,External CRS comparator activity-flow record; not a JETP project
oecd-crs-energy-idn-2021-q-2026-09-28-md-20726146,IDN,071741747d8560d9f7c347158de8f9de2b734ffe4ef6d0361a2b4523cb2b080b,5ASDB01.IDN.23110.14.60000.C01.D.Q.DD.20726146.USD/2021,18,Riau Natural Gas Power Project,named_item,,,23110,,2026-09-28,External CRS comparator activity-flow record; not a JETP project
oecd-crs-energy-idn-2021-q-2026-09-28-md-20727413,IDN,071741747d8560d9f7c347158de8f9de2b734ffe4ef6d0361a2b4523cb2b080b,5ASDB01.IDN.23310.14.60000.C01.D.Q.DD.20727413.USD/2021,19,Jawa-1 Liquefied Natural Gas-to-Power Project,named_item,,,23310,,2026-09-28,External CRS comparator activity-flow record; not a JETP project
oecd-crs-energy-idn-2021-q-2026-09-28-md-20725616,IDN,071741747d8560d9f7c347158de8f9de2b734ffe4ef6d0361a2b4523cb2b080b,5ASDB01.IDN.23630.14.10000.C01.D.Q.DD.20725616.USD/2021,20,Sustainable Energy Access in Eastern Indonesia — Electricity Grid Development Program (Phase 2),named_item,,,23630,,2026-09-28,External CRS comparator activity-flow record; not a JETP project
oecd-crs-energy-idn-2021-q-2026-09-28-md-20195930,IDN,071741747d8560d9f7c347158de8f9de2b734ffe4ef6d0361a2b4523cb2b080b,5ASDB01.IDN.23630.14.10000.C01.C.Q.DD.20195930.USD/2021,21,Sustainable and Reliable Energy Access Program - Western and Central Java,named_item,,,23630,,2026-09-28,External CRS comparator activity-flow record; not a JETP project
oecd-crs-energy-idn-2021-q-2026-09-28-md-20725303,IDN,071741747d8560d9f7c347158de8f9de2b734ffe4ef6d0361a2b4523cb2b080b,5ASDB01.IDN.23260.14.10000.C01.D.Q.DD.20725303.USD/2021,22,Geothermal Power Generation Project,named_item,,,23260,,2026-09-28,External CRS comparator activity-flow record; not a JETP project
oecd-crs-energy-idn-2021-q-2026-09-28-md-20839244,IDN,071741747d8560d9f7c347158de8f9de2b734ffe4ef6d0361a2b4523cb2b080b,USA.IDN.23110.11.20000.C01.D.Q.DD.20839244.USD/2021,23,Energy Utility Partnership Program (EUPP),named_item,,,23110,,2026-09-28,External CRS comparator activity-flow record; not a JETP project
oecd-crs-energy-idn-2021-q-2026-09-28-md-20836808,IDN,071741747d8560d9f7c347158de8f9de2b734ffe4ef6d0361a2b4523cb2b080b,USA.IDN.23110.11.60000.C01.D.Q.DD.20836808.USD/2021,24,Indonesia Clean Energy Development - II (ICED II Project),named_item,,,23110,,2026-09-28,External CRS comparator activity-flow record; not a JETP project
oecd-crs-energy-idn-2021-q-2026-09-28-md-20152041,IDN,071741747d8560d9f7c347158de8f9de2b734ffe4ef6d0361a2b4523cb2b080b,5WB001.IDN.23110.14.10000.C01.C.Q.DD.20152041.USD/2021,25,Development of Pumped Storage Hydropower in Java Bali System Project,named_item,,,23110,,2026-09-28,External CRS comparator activity-flow record; not a JETP project
oecd-crs-energy-idn-2021-q-2026-09-28-md-20663697,IDN,071741747d8560d9f7c347158de8f9de2b734ffe4ef6d0361a2b4523cb2b080b,5WB001.IDN.23220.14.10000.C01.D.Q.DD.20663697.USD/2021,26,Pumped Storage Technical Assistance Project,named_item,,,23220,,2026-09-28,External CRS comparator activity-flow record; not a JETP project
oecd-crs-energy-idn-2021-q-2026-09-28-md-20817539,IDN,071741747d8560d9f7c347158de8f9de2b734ffe4ef6d0361a2b4523cb2b080b,GBR.IDN.23210.11.10000.C01.D.Q.DD.20817539.USD/2021,27,Indonesia Renewable Energy Programme - Renewable Energy,named_item,,,23210,,2026-09-28,External CRS comparator activity-flow record; not a JETP project
oecd-crs-energy-idn-2021-q-2026-09-28-md-20817540,IDN,071741747d8560d9f7c347158de8f9de2b734ffe4ef6d0361a2b4523cb2b080b,GBR.IDN.23210.11.10000.C01.D.Q.DD.20817540.USD/2021,28,Indonesia Renewable Energy Programme - Renewable Energy,named_item,,,23210,,2026-09-28,External CRS comparator activity-flow record; not a JETP project
oecd-crs-energy-idn-2021-q-2026-09-28-md-20828966,IDN,071741747d8560d9f7c347158de8f9de2b734ffe4ef6d0361a2b4523cb2b080b,GBR.IDN.23110.11.10000.G01.D.Q.DD.20828966.USD/2021,29,PF Ind. RE UK Based staff,named_item,,,23110,,2026-09-28,External CRS comparator activity-flow record; not a JETP project
oecd-crs-energy-idn-2021-q-2026-09-28-md-20828967,IDN,071741747d8560d9f7c347158de8f9de2b734ffe4ef6d0361a2b4523cb2b080b,GBR.IDN.23210.11.10000.G01.D.Q.DD.20828967.USD/2021,30,PF Ind. RE UK Based staff,named_item,,,23210,,2026-09-28,External CRS comparator activity-flow record; not a JETP project
oecd-crs-energy-idn-2021-q-2026-09-28-md-20762678,IDN,071741747d8560d9f7c347158de8f9de2b734ffe4ef6d0361a2b4523cb2b080b,9PRIV1618.IDN.23210.30.20000.D02.D.Q.DD.20762678.USD/2021,31,Transformasi Energi Asia,named_item,,,23210,,2026-09-28,External CRS comparator activity-flow record; not a JETP project
oecd-crs-energy-idn-2021-q-2026-09-28-md-20222008,IDN,071741747d8560d9f7c347158de8f9de2b734ffe4ef6d0361a2b4523cb2b080b,9PRIV1618.IDN.23210.30.20000.D02.C.Q.DD.20222008.USD/2021,32,Transformasi Energi Asia,named_item,,,23210,,2026-09-28,External CRS comparator activity-flow record; not a JETP project
oecd-crs-energy-idn-2021-q-2026-09-28-md-20915937,IDN,071741747d8560d9f7c347158de8f9de2b734ffe4ef6d0361a2b4523cb2b080b,CHE.IDN.23210.11.60000.C01.D.Q.DD.20915937.USD/2021,33,Renewable Energy Skills Development RESD in Indonesia,named_item,,,23210,,2026-09-28,External CRS comparator activity-flow record; not a JETP project
oecd-crs-energy-idn-2021-q-2026-09-28-md-20163475,IDN,071741747d8560d9f7c347158de8f9de2b734ffe4ef6d0361a2b4523cb2b080b,9PRIV1627.IDN.23210.30.20000.C01.C.Q.DD.20163475.USD/2021,34,Yayasan Bicara Data Indonesia,named_item,,,23210,,2026-09-28,External CRS comparator activity-flow record; not a JETP project
oecd-crs-energy-idn-2021-q-2026-09-28-md-20723032,IDN,071741747d8560d9f7c347158de8f9de2b734ffe4ef6d0361a2b4523cb2b080b,9OTH015.IDN.23260.14.40000.C01.D.Q.DD.20723032.USD/2021,35,Indonesia Geothermal Resource Risk Mitigation Project,named_item,,,23260,,2026-09-28,External CRS comparator activity-flow record; not a JETP project
oecd-crs-energy-idn-2021-q-2026-09-28-md-20723031,IDN,071741747d8560d9f7c347158de8f9de2b734ffe4ef6d0361a2b4523cb2b080b,9OTH015.IDN.23260.13.40000.C01.D.Q.DD.20723031.USD/2021,36,Indonesia Geothermal Resource Risk Mitigation Project,named_item,,,23260,,2026-09-28,External CRS comparator activity-flow record; not a JETP project
oecd-crs-energy-idn-2021-q-2026-09-28-md-20723030,IDN,071741747d8560d9f7c347158de8f9de2b734ffe4ef6d0361a2b4523cb2b080b,9OTH015.IDN.23260.11.40000.C01.D.Q.DD.20723030.USD/2021,37,Indonesia Geothermal Resource Risk Mitigation Project,named_item,,,23260,,2026-09-28,External CRS comparator activity-flow record; not a JETP project
oecd-crs-energy-idn-2021-q-2026-09-28-md-20779446,IDN,071741747d8560d9f7c347158de8f9de2b734ffe4ef6d0361a2b4523cb2b080b,NZL.IDN.23260.11.60000.D01.D.Q.DD.20779446.USD/2021,38,Energy : NZAGED - Geothermal TA,named_item,,,23260,,2026-09-28,External CRS comparator activity-flow record; not a JETP project
oecd-crs-energy-idn-2021-q-2026-09-28-md-20771910,IDN,071741747d8560d9f7c347158de8f9de2b734ffe4ef6d0361a2b4523cb2b080b,NZL.IDN.23210.11.60000.D01.D.Q.DD.20771910.USD/2021,39,The Maluku Access to Energy Support,named_item,,,23210,,2026-09-28,External CRS comparator activity-flow record; not a JETP project
oecd-crs-energy-idn-2021-q-2026-09-28-md-20237114,IDN,071741747d8560d9f7c347158de8f9de2b734ffe4ef6d0361a2b4523cb2b080b,NZL.IDN.23260.11.60000.D02.C.Q.DD.20237114.USD/2021,40,Renewable Energy Programme Resourcing,named_item,,,23260,,2026-09-28,External CRS comparator activity-flow record; not a JETP project
oecd-crs-energy-idn-2021-q-2026-09-28-md-20779333,IDN,071741747d8560d9f7c347158de8f9de2b734ffe4ef6d0361a2b4523cb2b080b,NZL.IDN.23260.11.50000.D02.D.Q.DD.20779333.USD/2021,41,Geothermal Energy Training,named_item,,,23260,,2026-09-28,External CRS comparator activity-flow record; not a JETP project
oecd-crs-energy-idn-2021-q-2026-09-28-md-20772219,IDN,071741747d8560d9f7c347158de8f9de2b734ffe4ef6d0361a2b4523cb2b080b,NZL.IDN.23260.11.60000.D02.D.Q.DD.20772219.USD/2021,42,Renewable Energy Programme Resourcing,named_item,,,23260,,2026-09-28,External CRS comparator activity-flow record; not a JETP project
oecd-crs-energy-idn-2021-q-2026-09-28-md-20687767,IDN,071741747d8560d9f7c347158de8f9de2b734ffe4ef6d0361a2b4523cb2b080b,KOR.IDN.23630.14.60000.C01.D.Q.DD.20687767.USD/2021,43,Overseas Business Loan,named_item,,,23630,,2026-09-28,External CRS comparator activity-flow record; not a JETP project
oecd-crs-energy-idn-2021-q-2026-09-28-md-20740733,IDN,071741747d8560d9f7c347158de8f9de2b734ffe4ef6d0361a2b4523cb2b080b,KOR.IDN.23230.11.10000.C01.D.Q.DD.20740733.USD/2021,44,Energy Policy Consulting Project(Establishment of Indonesia e-vhicle Master Plan Using Sola  Power Utilization),named_item,,,23230,,2026-09-28,External CRS comparator activity-flow record; not a JETP project
oecd-crs-energy-idn-2021-q-2026-09-28-md-20677412,IDN,071741747d8560d9f7c347158de8f9de2b734ffe4ef6d0361a2b4523cb2b080b,KOR.IDN.23360.11.10000.C01.D.Q.DD.20677412.USD/2021,45,"SCIENCE & TECHNOLOGY SUPPORT PROGRAM : S&T INNOVATION CENTER SUPPORT PROJECT(INDONESIA, ESTABLISHMENT OF GREEN TECHNOLOGY PARTNERSHIP INITIATIVE IN IN",unnamed_item,,,23360,,2026-09-28,External CRS comparator activity-flow record; not a JETP project
oecd-crs-energy-idn-2021-q-2026-09-28-md-20207797,IDN,071741747d8560d9f7c347158de8f9de2b734ffe4ef6d0361a2b4523cb2b080b,KOR.IDN.23230.11.10000.C01.C.Q.DD.20207797.USD/2021,46,Energy Policy Consulting Project(Establishment of Indonesia e-vhicle Master Plan Using Sola  Power Utilization),named_item,,,23230,,2026-09-28,External CRS comparator activity-flow record; not a JETP project
oecd-crs-energy-idn-2021-q-2026-09-28-md-20208443,IDN,071741747d8560d9f7c347158de8f9de2b734ffe4ef6d0361a2b4523cb2b080b,KOR.IDN.23310.11.10000.C01.C.Q.DD.20208443.USD/2021,47,Economic Innovation Partnership Program (EIPP) with Indonesia,named_item,,,23310,,2026-09-28,External CRS comparator activity-flow record; not a JETP project
oecd-crs-energy-idn-2021-q-2026-09-28-md-20744015,IDN,071741747d8560d9f7c347158de8f9de2b734ffe4ef6d0361a2b4523cb2b080b,KOR.IDN.23310.11.10000.C01.D.Q.DD.20744015.USD/2021,48,Economic Innovation Partnership Program (EIPP) with Indonesia,named_item,,,23310,,2026-09-28,External CRS comparator activity-flow record; not a JETP project
oecd-crs-energy-idn-2021-q-2026-09-28-md-20744034,IDN,071741747d8560d9f7c347158de8f9de2b734ffe4ef6d0361a2b4523cb2b080b,KOR.IDN.23310.11.10000.C01.D.Q.DD.20744034.USD/2021,49,Economic Innovation Partnership Program (EIPP) with Indonesia,named_item,,,23310,,2026-09-28,External CRS comparator activity-flow record; not a JETP project
oecd-crs-energy-idn-2021-q-2026-09-28-md-20208424,IDN,071741747d8560d9f7c347158de8f9de2b734ffe4ef6d0361a2b4523cb2b080b,KOR.IDN.23310.11.10000.C01.C.Q.DD.20208424.USD/2021,50,Economic Innovation Partnership Program (EIPP) with Indonesia,named_item,,,23310,,2026-09-28,External CRS comparator activity-flow record; not a JETP project
oecd-crs-energy-idn-2021-q-2026-09-28-md-20745129,IDN,071741747d8560d9f7c347158de8f9de2b734ffe4ef6d0361a2b4523cb2b080b,KOR.IDN.23181.11.10000.E01.D.Q.DD.20745129.USD/2021,51,Masters degree program in Energy Science and Policy(2021),named_item,,,23181,,2026-09-28,External CRS comparator activity-flow record; not a JETP project
oecd-crs-energy-idn-2021-q-2026-09-28-md-20205586,IDN,071741747d8560d9f7c347158de8f9de2b734ffe4ef6d0361a2b4523cb2b080b,KOR.IDN.23181.11.10000.E01.C.Q.DD.20205586.USD/2021,52,Masters degree program in Energy Science and Policy(2021),named_item,,,23181,,2026-09-28,External CRS comparator activity-flow record; not a JETP project
oecd-crs-energy-idn-2021-q-2026-09-28-md-20741559,IDN,071741747d8560d9f7c347158de8f9de2b734ffe4ef6d0361a2b4523cb2b080b,KOR.IDN.23210.11.10000.C01.D.Q.DD.20741559.USD/2021,53,"Feasibility Study for Bangka renewable energy micro-grid construction plan in detail, Indonesia",named_item,,,23210,,2026-09-28,External CRS comparator activity-flow record; not a JETP project
oecd-crs-energy-idn-2021-q-2026-09-28-md-20215185,IDN,071741747d8560d9f7c347158de8f9de2b734ffe4ef6d0361a2b4523cb2b080b,KOR.IDN.23210.11.10000.C01.C.Q.DD.20215185.USD/2021,54,"Feasibility Study for Bangka renewable energy micro-grid construction plan in detail, Indonesia",named_item,,,23210,,2026-09-28,External CRS comparator activity-flow record; not a JETP project
oecd-crs-energy-idn-2021-q-2026-09-28-md-20744999,IDN,071741747d8560d9f7c347158de8f9de2b734ffe4ef6d0361a2b4523cb2b080b,KOR.IDN.23230.11.40000.C01.D.Q.DD.20744999.USD/2021,55,Accerlerating Clean Energy Access to Reduce Inequality - ACCESS,named_item,,,23230,,2026-09-28,External CRS comparator activity-flow record; not a JETP project
oecd-crs-energy-idn-2021-q-2026-09-28-md-20211500,IDN,071741747d8560d9f7c347158de8f9de2b734ffe4ef6d0361a2b4523cb2b080b,KOR.IDN.23642.11.10000.C01.C.Q.DD.20211500.USD/2021,56,Green mobility business by converting Indonesian petrol-powered motorcycles into electric ones and improving Vietnamese electric motorcycles,named_item,,,23642,,2026-09-28,External CRS comparator activity-flow record; not a JETP project
oecd-crs-energy-idn-2021-q-2026-09-28-md-20237191,IDN,071741747d8560d9f7c347158de8f9de2b734ffe4ef6d0361a2b4523cb2b080b,NZL.IDN.23210.11.40000.B032.C.Q.DD.20237191.USD/2021,57,Accelerate Renewable Energy Transition,named_item,,,23210,,2026-09-28,External CRS comparator activity-flow record; not a JETP project
oecd-crs-energy-idn-2021-q-2026-09-28-md-20151813,IDN,071741747d8560d9f7c347158de8f9de2b734ffe4ef6d0361a2b4523cb2b080b,JPN.IDN.23210.11.10000.C01.C.Q.DD.20151813.USD/2021,58,TC AGGREGATED ACTIVITIES,named_item,,,23210,,2026-09-28,External CRS comparator activity-flow record; not a JETP project
oecd-crs-energy-idn-2021-q-2026-09-28-md-20156016,IDN,071741747d8560d9f7c347158de8f9de2b734ffe4ef6d0361a2b4523cb2b080b,JPN.IDN.23110.11.10000.C01.C.Q.DD.20156016.USD/2021,59,TC AGGREGATED ACTIVITIES,named_item,,,23110,,2026-09-28,External CRS comparator activity-flow record; not a JETP project
oecd-crs-energy-idn-2021-q-2026-09-28-md-20744502,IDN,071741747d8560d9f7c347158de8f9de2b734ffe4ef6d0361a2b4523cb2b080b,KOR.IDN.23642.11.10000.C01.D.Q.DD.20744502.USD/2021,60,Green mobility business by converting Indonesian petrol-powered motorcycles into electric ones and improving Vietnamese electric motorcycles,named_item,,,23642,,2026-09-28,External CRS comparator activity-flow record; not a JETP project
oecd-crs-energy-idn-2021-q-2026-09-28-md-20152976,IDN,071741747d8560d9f7c347158de8f9de2b734ffe4ef6d0361a2b4523cb2b080b,JPN.IDN.23110.11.10000.C01.C.Q.DD.20152976.USD/2021,61,TC AGGREGATED ACTIVITIES,named_item,,,23110,,2026-09-28,External CRS comparator activity-flow record; not a JETP project
oecd-crs-energy-idn-2021-q-2026-09-28-md-20657595,IDN,071741747d8560d9f7c347158de8f9de2b734ffe4ef6d0361a2b4523cb2b080b,JPN.IDN.23110.11.10000.C01.D.Q.DD.20657595.USD/2021,62,TC AGGREGATED ACTIVITIES,named_item,,,23110,,2026-09-28,External CRS comparator activity-flow record; not a JETP project
oecd-crs-energy-idn-2021-q-2026-09-28-md-20663917,IDN,071741747d8560d9f7c347158de8f9de2b734ffe4ef6d0361a2b4523cb2b080b,JPN.IDN.23210.11.10000.C01.D.Q.DD.20663917.USD/2021,63,TC AGGREGATED ACTIVITIES,named_item,,,23210,,2026-09-28,External CRS comparator activity-flow record; not a JETP project
oecd-crs-energy-idn-2021-q-2026-09-28-md-20159825,IDN,071741747d8560d9f7c347158de8f9de2b734ffe4ef6d0361a2b4523cb2b080b,JPN.IDN.23210.11.10000.C01.C.Q.DD.20159825.USD/2021,64,TC AGGREGATED ACTIVITIES,named_item,,,23210,,2026-09-28,External CRS comparator activity-flow record; not a JETP project
oecd-crs-energy-idn-2021-q-2026-09-28-md-20660635,IDN,071741747d8560d9f7c347158de8f9de2b734ffe4ef6d0361a2b4523cb2b080b,JPN.IDN.23110.11.10000.C01.D.Q.DD.20660635.USD/2021,65,TC AGGREGATED ACTIVITIES,named_item,,,23110,,2026-09-28,External CRS comparator activity-flow record; not a JETP project
oecd-crs-energy-idn-2021-q-2026-09-28-md-20137220,IDN,071741747d8560d9f7c347158de8f9de2b734ffe4ef6d0361a2b4523cb2b080b,JPN.IDN.23110.11.10000.C01.C.Q.DD.20137220.USD/2021,66,TC AGGREGATED ACTIVITIES,named_item,,,23110,,2026-09-28,External CRS comparator activity-flow record; not a JETP project
oecd-crs-energy-idn-2021-q-2026-09-28-md-20648649,IDN,071741747d8560d9f7c347158de8f9de2b734ffe4ef6d0361a2b4523cb2b080b,JPN.IDN.23110.11.10000.C01.D.Q.DD.20648649.USD/2021,67,TC AGGREGATED ACTIVITIES,named_item,,,23110,,2026-09-28,External CRS comparator activity-flow record; not a JETP project
oecd-crs-energy-idn-2021-q-2026-09-28-md-20143800,IDN,071741747d8560d9f7c347158de8f9de2b734ffe4ef6d0361a2b4523cb2b080b,JPN.IDN.23210.11.10000.C01.C.Q.DD.20143800.USD/2021,68,TC AGGREGATED ACTIVITIES,named_item,,,23210,,2026-09-28,External CRS comparator activity-flow record; not a JETP project
oecd-crs-energy-idn-2021-q-2026-09-28-md-20651677,IDN,071741747d8560d9f7c347158de8f9de2b734ffe4ef6d0361a2b4523cb2b080b,JPN.IDN.23210.11.10000.C01.D.Q.DD.20651677.USD/2021,69,TC AGGREGATED ACTIVITIES,named_item,,,23210,,2026-09-28,External CRS comparator activity-flow record; not a JETP project
oecd-crs-energy-idn-2021-q-2026-09-28-md-20151812,IDN,071741747d8560d9f7c347158de8f9de2b734ffe4ef6d0361a2b4523cb2b080b,JPN.IDN.23210.11.10000.C01.C.Q.DD.20151812.USD/2021,70,TC AGGREGATED ACTIVITIES,named_item,,,23210,,2026-09-28,External CRS comparator activity-flow record; not a JETP project
oecd-crs-energy-idn-2021-q-2026-09-28-md-20654393,IDN,071741747d8560d9f7c347158de8f9de2b734ffe4ef6d0361a2b4523cb2b080b,JPN.IDN.23210.11.10000.C01.D.Q.DD.20654393.USD/2021,71,TC AGGREGATED ACTIVITIES,named_item,,,23210,,2026-09-28,External CRS comparator activity-flow record; not a JETP project
oecd-crs-energy-idn-2021-q-2026-09-28-md-20654390,IDN,071741747d8560d9f7c347158de8f9de2b734ffe4ef6d0361a2b4523cb2b080b,JPN.IDN.23110.11.10000.C01.D.Q.DD.20654390.USD/2021,72,TC AGGREGATED ACTIVITIES,named_item,,,23110,,2026-09-28,External CRS comparator activity-flow record; not a JETP project
oecd-crs-energy-idn-2021-q-2026-09-28-md-20654392,IDN,071741747d8560d9f7c347158de8f9de2b734ffe4ef6d0361a2b4523cb2b080b,JPN.IDN.23210.11.10000.C01.D.Q.DD.20654392.USD/2021,73,TC AGGREGATED ACTIVITIES,named_item,,,23210,,2026-09-28,External CRS comparator activity-flow record; not a JETP project
oecd-crs-energy-idn-2021-q-2026-09-28-md-20151809,IDN,071741747d8560d9f7c347158de8f9de2b734ffe4ef6d0361a2b4523cb2b080b,JPN.IDN.23110.11.10000.C01.C.Q.DD.20151809.USD/2021,74,TC AGGREGATED ACTIVITIES,named_item,,,23110,,2026-09-28,External CRS comparator activity-flow record; not a JETP project
oecd-crs-energy-idn-2021-q-2026-09-28-md-20151811,IDN,071741747d8560d9f7c347158de8f9de2b734ffe4ef6d0361a2b4523cb2b080b,JPN.IDN.23210.11.10000.C01.C.Q.DD.20151811.USD/2021,75,TC AGGREGATED ACTIVITIES,named_item,,,23210,,2026-09-28,External CRS comparator activity-flow record; not a JETP project
oecd-crs-energy-idn-2021-q-2026-09-28-md-20151810,IDN,071741747d8560d9f7c347158de8f9de2b734ffe4ef6d0361a2b4523cb2b080b,JPN.IDN.23110.11.10000.C01.C.Q.DD.20151810.USD/2021,76,TC AGGREGATED ACTIVITIES,named_item,,,23110,,2026-09-28,External CRS comparator activity-flow record; not a JETP project
oecd-crs-energy-idn-2021-q-2026-09-28-md-20654391,IDN,071741747d8560d9f7c347158de8f9de2b734ffe4ef6d0361a2b4523cb2b080b,JPN.IDN.23110.11.10000.C01.D.Q.DD.20654391.USD/2021,77,TC AGGREGATED ACTIVITIES,named_item,,,23110,,2026-09-28,External CRS comparator activity-flow record; not a JETP project
oecd-crs-energy-idn-2021-q-2026-09-28-md-20654394,IDN,071741747d8560d9f7c347158de8f9de2b734ffe4ef6d0361a2b4523cb2b080b,JPN.IDN.23210.11.10000.C01.D.Q.DD.20654394.USD/2021,78,TC AGGREGATED ACTIVITIES,named_item,,,23210,,2026-09-28,External CRS comparator activity-flow record; not a JETP project
oecd-crs-energy-idn-2021-q-2026-09-28-md-20654131,IDN,071741747d8560d9f7c347158de8f9de2b734ffe4ef6d0361a2b4523cb2b080b,JPN.IDN.23220.13.10000.C01.D.Q.DD.20654131.USD/2021,79,Asahan No.3 Hydroelectric Power Plant Construction Project,named_item,,,23220,,2026-09-28,External CRS comparator activity-flow record; not a JETP project
oecd-crs-energy-idn-2021-q-2026-09-28-md-20640005,IDN,071741747d8560d9f7c347158de8f9de2b734ffe4ef6d0361a2b4523cb2b080b,JPN.IDN.23320.13.10000.C01.D.Q.DD.20640005.USD/2021,80,Indramayu Coal Fired Power Plant Project (E/S),named_item,,,23320,,2026-09-28,External CRS comparator activity-flow record; not a JETP project
oecd-crs-energy-idn-2021-q-2026-09-28-md-20639867,IDN,071741747d8560d9f7c347158de8f9de2b734ffe4ef6d0361a2b4523cb2b080b,JPN.IDN.23260.13.10000.C01.D.Q.DD.20639867.USD/2021,81,Lumut Balai Geothermal Power Plant Project,named_item,,,23260,,2026-09-28,External CRS comparator activity-flow record; not a JETP project
oecd-crs-energy-idn-2021-q-2026-09-28-md-20654132,IDN,071741747d8560d9f7c347158de8f9de2b734ffe4ef6d0361a2b4523cb2b080b,JPN.IDN.23220.13.10000.C01.D.Q.DD.20654132.USD/2021,82,Peusangan Hydroelectric Power Plant Construction Project,named_item,,,23220,,2026-09-28,External CRS comparator activity-flow record; not a JETP project
oecd-crs-energy-idn-2021-q-2026-09-28-md-20705549,IDN,071741747d8560d9f7c347158de8f9de2b734ffe4ef6d0361a2b4523cb2b080b,9OTH013.IDN.23210.11.40000.C01.D.Q.DD.20705549.USD/2021,83,Establishing a strategic Green Transaction Advisory Package (Green-TAP) for PT Sarana Multi Infrastruktur,named_item,,,23210,,2026-09-28,External CRS comparator activity-flow record; not a JETP project
oecd-crs-energy-idn-2021-q-2026-09-28-md-20677155,IDN,071741747d8560d9f7c347158de8f9de2b734ffe4ef6d0361a2b4523cb2b080b,9OTH022.IDN.23220.14.60000.C01.D.Q.DD.20677155.USD/2021,84,"Endikat Hydro Power Project, Indonesia",named_item,,,23220,,2026-09-28,External CRS comparator activity-flow record; not a JETP project
oecd-crs-energy-idn-2021-q-2026-09-28-md-20685539,IDN,071741747d8560d9f7c347158de8f9de2b734ffe4ef6d0361a2b4523cb2b080b,9OTH022.IDN.23210.14.60000.C01.D.Q.DD.20685539.USD/2021,85,"Archipelago Hybrid Power Solutions, Indonesia",named_item,,,23210,,2026-09-28,External CRS comparator activity-flow record; not a JETP project
oecd-crs-energy-idn-2021-q-2026-09-28-md-20794013,IDN,071741747d8560d9f7c347158de8f9de2b734ffe4ef6d0361a2b4523cb2b080b,DEU.IDN.23210.11.10000.C01.D.Q.DD.20794013.USD/2021,86,Strenghtening Quality Infrastructure for the Photovoltaic Sector Indonesia,named_item,,,23210,,2026-09-28,External CRS comparator activity-flow record; not a JETP project
oecd-crs-energy-idn-2021-q-2026-09-28-md-20793899,IDN,071741747d8560d9f7c347158de8f9de2b734ffe4ef6d0361a2b4523cb2b080b,DEU.IDN.23210.11.10000.C01.D.Q.DD.20793899.USD/2021,87,Strengthening Quality Infrastructure (QI) for the Energy Sector,named_item,,,23210,,2026-09-28,External CRS comparator activity-flow record; not a JETP project
oecd-crs-energy-idn-2021-q-2026-09-28-md-20793775,IDN,071741747d8560d9f7c347158de8f9de2b734ffe4ef6d0361a2b4523cb2b080b,DEU.IDN.23210.11.10000.C01.D.Q.DD.20793775.USD/2021,88,Indonesia - Support for the Utilization of Geothermal Energy,named_item,,,23210,,2026-09-28,External CRS comparator activity-flow record; not a JETP project
oecd-crs-energy-idn-2021-q-2026-09-28-md-20788702,IDN,071741747d8560d9f7c347158de8f9de2b734ffe4ef6d0361a2b4523cb2b080b,DEU.IDN.23220.11.10000.C01.D.Q.DD.20788702.USD/2021,89,Sustainable Hydropower Program,named_item,,,23220,,2026-09-28,External CRS comparator activity-flow record; not a JETP project
oecd-crs-energy-idn-2021-q-2026-09-28-md-20795910,IDN,071741747d8560d9f7c347158de8f9de2b734ffe4ef6d0361a2b4523cb2b080b,DEU.IDN.23210.11.10000.C01.D.Q.DD.20795910.USD/2021,90,1000 Islands - Renewable energy for electrifikation Programme (REEP2) in Indonesia,named_item,,,23210,,2026-09-28,External CRS comparator activity-flow record; not a JETP project
oecd-crs-energy-idn-2021-q-2026-09-28-md-20795903,IDN,071741747d8560d9f7c347158de8f9de2b734ffe4ef6d0361a2b4523cb2b080b,DEU.IDN.23210.11.10000.C01.D.Q.DD.20795903.USD/2021,91,1000 Islands - Renewable energy for electrifikation Programme - REEP,named_item,,,23210,,2026-09-28,External CRS comparator activity-flow record; not a JETP project
oecd-crs-energy-idn-2021-q-2026-09-28-md-20799828,IDN,071741747d8560d9f7c347158de8f9de2b734ffe4ef6d0361a2b4523cb2b080b,DEU.IDN.23182.11.60000.D02.D.Q.DD.20799828.USD/2021,92,International cooperation in production of healthy and safe food,named_item,,,23182,,2026-09-28,External CRS comparator activity-flow record; not a JETP project
oecd-crs-energy-idn-2021-q-2026-09-28-md-20799827,IDN,071741747d8560d9f7c347158de8f9de2b734ffe4ef6d0361a2b4523cb2b080b,DEU.IDN.23182.11.50000.D02.D.Q.DD.20799827.USD/2021,93,International cooperation in production of healthy and safe food,named_item,,,23182,,2026-09-28,External CRS comparator activity-flow record; not a JETP project
oecd-crs-energy-idn-2021-q-2026-09-28-md-20799957,IDN,071741747d8560d9f7c347158de8f9de2b734ffe4ef6d0361a2b4523cb2b080b,DEU.IDN.23210.11.50000.D02.D.Q.DD.20799957.USD/2021,94,Identifying and Combating Oil/Chemical Pollution of the Sea,named_item,,,23210,,2026-09-28,External CRS comparator activity-flow record; not a JETP project
oecd-crs-energy-idn-2021-q-2026-09-28-md-20789882,IDN,071741747d8560d9f7c347158de8f9de2b734ffe4ef6d0361a2b4523cb2b080b,DEU.IDN.23630.13.10000.C01.D.Q.DD.20789882.USD/2021,95,Java-Bali Crossing,named_item,,,23630,,2026-09-28,External CRS comparator activity-flow record; not a JETP project
oecd-crs-energy-idn-2021-q-2026-09-28-md-20789780,IDN,071741747d8560d9f7c347158de8f9de2b734ffe4ef6d0361a2b4523cb2b080b,DEU.IDN.23260.13.10000.C01.D.Q.DD.20789780.USD/2021,96,Geothermal Energy Program,named_item,,,23260,,2026-09-28,External CRS comparator activity-flow record; not a JETP project
oecd-crs-energy-idn-2021-q-2026-09-28-md-20791945,IDN,071741747d8560d9f7c347158de8f9de2b734ffe4ef6d0361a2b4523cb2b080b,DEU.IDN.23110.11.10000.C01.D.Q.DD.20791945.USD/2021,97,ExploRE - Strategic exploration of economic mitigation potentials through renewables,named_item,,,23110,,2026-09-28,External CRS comparator activity-flow record; not a JETP project
oecd-crs-energy-idn-2021-q-2026-09-28-md-20792373,IDN,071741747d8560d9f7c347158de8f9de2b734ffe4ef6d0361a2b4523cb2b080b,DEU.IDN.23220.13.10000.C01.D.Q.DD.20792373.USD/2021,98,Sustainable Hydropower,named_item,,,23220,,2026-09-28,External CRS comparator activity-flow record; not a JETP project
oecd-crs-energy-idn-2021-q-2026-09-28-md-20792365,IDN,071741747d8560d9f7c347158de8f9de2b734ffe4ef6d0361a2b4523cb2b080b,DEU.IDN.23260.13.10000.C01.D.Q.DD.20792365.USD/2021,99,Geothermal Energy Program,named_item,,,23260,,2026-09-28,External CRS comparator activity-flow record; not a JETP project
oecd-crs-energy-idn-2021-q-2026-09-28-md-20789978,IDN,071741747d8560d9f7c347158de8f9de2b734ffe4ef6d0361a2b4523cb2b080b,DEU.IDN.23220.13.10000.C01.D.Q.DD.20789978.USD/2021,100,Sustainable Hydropower,named_item,,,23220,,2026-09-28,External CRS comparator activity-flow record; not a JETP project
oecd-crs-energy-idn-2021-q-2026-09-28-md-20688028,IDN,071741747d8560d9f7c347158de8f9de2b734ffe4ef6d0361a2b4523cb2b080b,DEU.IDN.23230.14.60000.C01.D.Q.DD.20688028.USD/2021,101,Loan,named_item,,,23230,,2026-09-28,External CRS comparator activity-flow record; not a JETP project
oecd-crs-energy-idn-2021-q-2026-09-28-md-20171043,IDN,071741747d8560d9f7c347158de8f9de2b734ffe4ef6d0361a2b4523cb2b080b,DEU.IDN.23230.14.60000.C01.C.Q.DD.20171043.USD/2021,102,Loan,named_item,,,23230,,2026-09-28,External CRS comparator activity-flow record; not a JETP project
oecd-crs-energy-idn-2021-q-2026-09-28-md-20123506,IDN,071741747d8560d9f7c347158de8f9de2b734ffe4ef6d0361a2b4523cb2b080b,FRA.IDN.23210.11.10000.C01.C.Q.DD.20123506.USD/2021,103,FASEP 1211-PROJET GREEN COAL FUEL,named_item,,,23210,,2026-09-28,External CRS comparator activity-flow record; not a JETP project
oecd-crs-energy-idn-2021-q-2026-09-28-md-20634446,IDN,071741747d8560d9f7c347158de8f9de2b734ffe4ef6d0361a2b4523cb2b080b,FRA.IDN.23210.11.10000.C01.D.Q.DD.20634446.USD/2021,104,FASEP 1211-PROJET GREEN COAL FUEL,named_item,,,23210,,2026-09-28,External CRS comparator activity-flow record; not a JETP project
oecd-crs-energy-idn-2021-q-2026-09-28-md-20630561,IDN,071741747d8560d9f7c347158de8f9de2b734ffe4ef6d0361a2b4523cb2b080b,FRA.IDN.23630.13.10000.C01.D.Q.DD.20630561.USD/2021,105,Financement d'un projet de sécurité d'approvisionnement électrique à Jakarta (Phase II),named_item,,,23630,,2026-09-28,External CRS comparator activity-flow record; not a JETP project
oecd-crs-energy-idn-2021-q-2026-09-28-md-20122087,IDN,071741747d8560d9f7c347158de8f9de2b734ffe4ef6d0361a2b4523cb2b080b,FRA.IDN.23220.11.10000.C01.C.Q.DD.20122087.USD/2021,106,FAPS MASANG II,named_item,,,23220,,2026-09-28,External CRS comparator activity-flow record; not a JETP project
oecd-crs-energy-idn-2021-q-2026-09-28-md-20122189,IDN,071741747d8560d9f7c347158de8f9de2b734ffe4ef6d0361a2b4523cb2b080b,FRA.IDN.23240.11.10000.C01.C.Q.DD.20122189.USD/2021,107,FEXTE,named_item,,,23240,,2026-09-28,External CRS comparator activity-flow record; not a JETP project
oecd-crs-energy-idn-2021-q-2026-09-28-md-20838224,IDN,071741747d8560d9f7c347158de8f9de2b734ffe4ef6d0361a2b4523cb2b080b,USA.IDN.23110.11.60000.C01.D.Q.DD.20838224.USD/2021,108,Energy Regulatory Partnership Program (ERRP),named_item,,,23110,,2026-09-28,External CRS comparator activity-flow record; not a JETP project
oecd-crs-energy-idn-2021-q-2026-09-28-md-20726338,IDN,071741747d8560d9f7c347158de8f9de2b734ffe4ef6d0361a2b4523cb2b080b,DNK.IDN.23110.11.10000.D01.D.Q.DD.20726338.USD/2021,109,"Danish Energy Partnership Programme III, INDODEPP",named_item,,,23110,,2026-09-28,External CRS comparator activity-flow record; not a JETP project
oecd-crs-energy-idn-2021-q-2026-09-28-md-20197912,IDN,071741747d8560d9f7c347158de8f9de2b734ffe4ef6d0361a2b4523cb2b080b,DNK.IDN.23110.11.10000.D01.C.Q.DD.20197912.USD/2021,110,"Strategic Sector Cooperation on Sustainable Island Initiative (SII) between Denmark and Indonesia (Energy), Phase 1",named_item,,,23110,,2026-09-28,External CRS comparator activity-flow record; not a JETP project
oecd-crs-energy-idn-2021-q-2026-09-28-md-20196930,IDN,071741747d8560d9f7c347158de8f9de2b734ffe4ef6d0361a2b4523cb2b080b,DNK.IDN.23110.11.10000.D01.C.Q.DD.20196930.USD/2021,111,"Danish Energy Partnership Programme III, INDODEPP",named_item,,,23110,,2026-09-28,External CRS comparator activity-flow record; not a JETP project
oecd-crs-energy-idn-2021-q-2026-09-28-md-20730527,IDN,071741747d8560d9f7c347158de8f9de2b734ffe4ef6d0361a2b4523cb2b080b,DNK.IDN.23110.11.10000.D01.D.Q.DD.20730527.USD/2021,112,"SSC Energy Sector, Indonesia - Phase II",named_item,,,23110,,2026-09-28,External CRS comparator activity-flow record; not a JETP project
oecd-crs-energy-idn-2021-q-2026-09-28-md-20730328,IDN,071741747d8560d9f7c347158de8f9de2b734ffe4ef6d0361a2b4523cb2b080b,DNK.IDN.23110.11.10000.D01.D.Q.DD.20730328.USD/2021,113,"Strategic Sector Cooperation on Sustainable Island Initiative (SII) between Denmark and Indonesia (Energy), Phase 1",named_item,,,23110,,2026-09-28,External CRS comparator activity-flow record; not a JETP project
oecd-crs-energy-idn-2021-q-2026-09-28-md-20194775,IDN,071741747d8560d9f7c347158de8f9de2b734ffe4ef6d0361a2b4523cb2b080b,DNK.IDN.23110.11.10000.D01.C.Q.DD.20194775.USD/2021,114,"SSC Energy Sector, Indonesia - Phase II",named_item,,,23110,,2026-09-28,External CRS comparator activity-flow record; not a JETP project
oecd-crs-energy-idn-2021-q-2026-09-28-md-20197869,IDN,071741747d8560d9f7c347158de8f9de2b734ffe4ef6d0361a2b4523cb2b080b,DNK.IDN.23110.11.10000.C01.C.Q.DD.20197869.USD/2021,115,"Danish Energy Partnership Programme III, INDODEPP",named_item,,,23110,,2026-09-28,External CRS comparator activity-flow record; not a JETP project
oecd-crs-energy-idn-2021-q-2026-09-28-md-20730293,IDN,071741747d8560d9f7c347158de8f9de2b734ffe4ef6d0361a2b4523cb2b080b,DNK.IDN.23110.11.10000.C01.D.Q.DD.20730293.USD/2021,116,"Danish Energy Partnership Programme III, INDODEPP",named_item,,,23110,,2026-09-28,External CRS comparator activity-flow record; not a JETP project
oecd-crs-energy-idn-2021-q-2026-09-28-md-20197913,IDN,071741747d8560d9f7c347158de8f9de2b734ffe4ef6d0361a2b4523cb2b080b,DNK.IDN.23110.11.10000.C01.C.Q.DD.20197913.USD/2021,117,"Danish Energy Partnership Programme III, INDODEPP",named_item,,,23110,,2026-09-28,External CRS comparator activity-flow record; not a JETP project
oecd-crs-energy-idn-2021-q-2026-09-28-md-20170112,IDN,071741747d8560d9f7c347158de8f9de2b734ffe4ef6d0361a2b4523cb2b080b,BEL.IDN.23210.14.60000.C01.C.Q.DD.20170112.USD/2021,118,Renewable Energy Asia Fund II - Selo Kencana Energi (SKE,named_item,,,23210,,2026-09-28,External CRS comparator activity-flow record; not a JETP project
oecd-crs-energy-idn-2021-q-2026-09-28-md-20687490,IDN,071741747d8560d9f7c347158de8f9de2b734ffe4ef6d0361a2b4523cb2b080b,BEL.IDN.23210.14.60000.C01.D.Q.DD.20687490.USD/2021,119,Renewable Energy Asia Fund II - Selo Kencana Energi (SKE,named_item,,,23210,,2026-09-28,External CRS comparator activity-flow record; not a JETP project
oecd-crs-energy-idn-2021-q-2026-09-28-md-20213022,IDN,071741747d8560d9f7c347158de8f9de2b734ffe4ef6d0361a2b4523cb2b080b,AUS.IDN.23110.11.40000.C01.C.Q.DD.20213022.USD/2021,120,ADB Sustainable Infrastructure Assistance Program Phase 2 (SIAP 2),named_item,,,23110,,2026-09-28,External CRS comparator activity-flow record; not a JETP project
oecd-crs-energy-idn-2021-q-2026-09-28-md-20746526,IDN,071741747d8560d9f7c347158de8f9de2b734ffe4ef6d0361a2b4523cb2b080b,AUS.IDN.23110.11.40000.C01.D.Q.DD.20746526.USD/2021,121,ADB Sustainable Infrastructure Assistance Program Phase 2 (SIAP 2),named_item,,,23110,,2026-09-28,External CRS comparator activity-flow record; not a JETP project
oecd-crs-energy-idn-2021-q-2026-09-28-md-20226128,IDN,071741747d8560d9f7c347158de8f9de2b734ffe4ef6d0361a2b4523cb2b080b,AUS.IDN.23110.11.20000.C01.C.Q.DD.20226128.USD/2021,122,Australian Volunteers Program,named_item,,,23110,,2026-09-28,External CRS comparator activity-flow record; not a JETP project
oecd-crs-energy-idn-2021-q-2026-09-28-md-20749259,IDN,071741747d8560d9f7c347158de8f9de2b734ffe4ef6d0361a2b4523cb2b080b,AUS.IDN.23210.11.20000.C01.D.Q.DD.20749259.USD/2021,123,Australian Volunteers Program,named_item,,,23210,,2026-09-28,External CRS comparator activity-flow record; not a JETP project
oecd-crs-energy-idn-2021-q-2026-09-28-md-20749258,IDN,071741747d8560d9f7c347158de8f9de2b734ffe4ef6d0361a2b4523cb2b080b,AUS.IDN.23110.11.20000.C01.D.Q.DD.20749258.USD/2021,124,Australian Volunteers Program,named_item,,,23110,,2026-09-28,External CRS comparator activity-flow record; not a JETP project
oecd-crs-energy-idn-2021-q-2026-09-28-md-20169921,IDN,071741747d8560d9f7c347158de8f9de2b734ffe4ef6d0361a2b4523cb2b080b,NOR.IDN.23220.14.60000.C01.C.Q.DD.20169921.USD/2021,125,Lobu Dolom HPP,named_item,,,23220,,2026-09-28,External CRS comparator activity-flow record; not a JETP project
oecd-crs-energy-idn-2021-q-2026-09-28-md-20687535,IDN,071741747d8560d9f7c347158de8f9de2b734ffe4ef6d0361a2b4523cb2b080b,NOR.IDN.23220.14.60000.C01.D.Q.DD.20687535.USD/2021,126,P109 - Lobu Dolom HPP,named_item,,,23220,,2026-09-28,External CRS comparator activity-flow record; not a JETP project
oecd-crs-energy-idn-2021-q-2026-09-28-md-20694590,IDN,071741747d8560d9f7c347158de8f9de2b734ffe4ef6d0361a2b4523cb2b080b,NOR.IDN.23220.11.60000.C01.D.Q.DD.20694590.USD/2021,127,Tinfos feasibility study phase II Indonesia small hydro projects,named_item,,,23220,,2026-09-28,External CRS comparator activity-flow record; not a JETP project
oecd-crs-energy-idn-2021-q-2026-09-28-md-20226129,IDN,071741747d8560d9f7c347158de8f9de2b734ffe4ef6d0361a2b4523cb2b080b,AUS.IDN.23210.11.20000.C01.C.Q.DD.20226129.USD/2021,128,Australian Volunteers Program,named_item,,,23210,,2026-09-28,External CRS comparator activity-flow record; not a JETP project
oecd-crs-energy-idn-2021-q-2026-09-28-md-20795898,IDN,071741747d8560d9f7c347158de8f9de2b734ffe4ef6d0361a2b4523cb2b080b,DEU.IDN.23210.11.10000.C01.D.Q.DD.20795898.USD/2021,129,Electrification through Renewable Resources- ELREN,named_item,,,23210,,2026-09-28,External CRS comparator activity-flow record; not a JETP project
oecd-crs-energy-idn-2021-q-2026-09-28-md-20250905,IDN,071741747d8560d9f7c347158de8f9de2b734ffe4ef6d0361a2b4523cb2b080b,DEU.IDN.23210.11.10000.C01.C.Q.DD.20250905.USD/2021,130,Electrification through Renewable Resources- ELREN,named_item,,,23210,,2026-09-28,External CRS comparator activity-flow record; not a JETP project
oecd-crs-energy-idn-2021-q-2026-09-28-md-20639866,IDN,071741747d8560d9f7c347158de8f9de2b734ffe4ef6d0361a2b4523cb2b080b,JPN.IDN.23260.13.10000.C01.D.Q.DD.20639866.USD/2021,131,Lumut Balai Geothermal Power Plant Project,named_item,,,23260,,2026-09-28,External CRS comparator activity-flow record; not a JETP project
oecd-crs-energy-idn-2021-q-2026-09-28-md-20640143,IDN,071741747d8560d9f7c347158de8f9de2b734ffe4ef6d0361a2b4523cb2b080b,JPN.IDN.23630.13.10000.C01.D.Q.DD.20640143.USD/2021,132,Geothermal Development Acceleration Program (Hululais Geothermal Power Plant Project (E/S)),named_item,,,23630,,2026-09-28,External CRS comparator activity-flow record; not a JETP project
oecd-crs-energy-idn-2021-q-2026-09-28-md-20787172,IDN,071741747d8560d9f7c347158de8f9de2b734ffe4ef6d0361a2b4523cb2b080b,FIN.IDN.23250.11.60000.C01.D.Q.DD.20787172.USD/2021,133,Finnpartnership programme,named_item,,,23250,,2026-09-28,External CRS comparator activity-flow record; not a JETP project
oecd-crs-energy-idn-2022-q-2026-09-28-md-21393904,IDN,f666284b5628016b5c6bc24b13e6617664a03a247d0d9d927acc545d394f3bdc,9PRIV1623.IDN.23210.30.50000.C01.C.Q.DD.21393904.USD/2022,1,"in support of engaging with policymakers on issues related to Indonesia, such as global recovery, energy transition, and pandemic prevention and health security, at the Think20 summit in 2022",named_item,,,23210,,2026-09-28,External CRS comparator activity-flow record; not a JETP project
oecd-crs-energy-idn-2022-q-2026-09-28-md-20980249,IDN,f666284b5628016b5c6bc24b13e6617664a03a247d0d9d927acc545d394f3bdc,9PRIV1623.IDN.23210.30.50000.C01.D.Q.DD.20980249.USD/2022,2,"in support of engaging with policymakers on issues related to Indonesia, such as global recovery, energy transition, and pandemic prevention and health security, at the Think20 summit in 2022",named_item,,,23210,,2026-09-28,External CRS comparator activity-flow record; not a JETP project
oecd-crs-energy-idn-2022-q-2026-09-28-md-21762568,IDN,f666284b5628016b5c6bc24b13e6617664a03a247d0d9d927acc545d394f3bdc,9PRIV1608.IDN.23110.30.40000.C01.D.Q.DD.21762568.USD/2022,3,Energy Transition Partnership: Indonesia,named_item,,,23110,,2026-09-28,External CRS comparator activity-flow record; not a JETP project
oecd-crs-energy-idn-2022-q-2026-09-28-md-21765351,IDN,f666284b5628016b5c6bc24b13e6617664a03a247d0d9d927acc545d394f3bdc,9PRIV1608.IDN.23210.30.20000.C01.D.Q.DD.21765351.USD/2022,4,New Energy Nexus Indonesia,named_item,,,23210,,2026-09-28,External CRS comparator activity-flow record; not a JETP project
oecd-crs-energy-idn-2022-q-2026-09-28-md-21005832,IDN,f666284b5628016b5c6bc24b13e6617664a03a247d0d9d927acc545d394f3bdc,9PRIV1608.IDN.23183.30.20000.C01.D.Q.DD.21005832.USD/2022,5,Multi-channel activity to advance Electric Vehicles (EVs) and strengthen analysis on the ways to reduce CO2 emissions in other areas,named_item,,,23183,,2026-09-28,External CRS comparator activity-flow record; not a JETP project
oecd-crs-energy-idn-2022-q-2026-09-28-md-20996436,IDN,f666284b5628016b5c6bc24b13e6617664a03a247d0d9d927acc545d394f3bdc,9OTH022.IDN.23220.14.60000.C01.D.Q.DD.20996436.USD/2022,6,"Endikat Hydro Power Project, Indonesia",named_item,,,23220,,2026-09-28,External CRS comparator activity-flow record; not a JETP project
oecd-crs-energy-idn-2022-q-2026-09-28-md-21409536,IDN,f666284b5628016b5c6bc24b13e6617664a03a247d0d9d927acc545d394f3bdc,9OTH022.IDN.23240.14.60000.C01.C.Q.DD.21409536.USD/2022,7,Sumatra Wind Portfolio,named_item,,,23240,,2026-09-28,External CRS comparator activity-flow record; not a JETP project
oecd-crs-energy-idn-2022-q-2026-09-28-md-20996458,IDN,f666284b5628016b5c6bc24b13e6617664a03a247d0d9d927acc545d394f3bdc,9OTH022.IDN.23240.14.60000.C01.D.Q.DD.20996458.USD/2022,8,Sumatra Wind Portfolio,named_item,,,23240,,2026-09-28,External CRS comparator activity-flow record; not a JETP project
oecd-crs-energy-idn-2022-q-2026-09-28-md-20996427,IDN,f666284b5628016b5c6bc24b13e6617664a03a247d0d9d927acc545d394f3bdc,9OTH022.IDN.23210.14.60000.C01.D.Q.DD.20996427.USD/2022,9,"Archipelago Hybrid Power Solutions, Indonesia",named_item,,,23210,,2026-09-28,External CRS comparator activity-flow record; not a JETP project
oecd-crs-energy-idn-2022-q-2026-09-28-md-21261311,IDN,f666284b5628016b5c6bc24b13e6617664a03a247d0d9d927acc545d394f3bdc,9PRIV1627.IDN.23210.30.20000.C01.C.Q.DD.21261311.USD/2022,10,Kesatuan Nelayan Tradisional Indonesia,named_item,,,23210,,2026-09-28,External CRS comparator activity-flow record; not a JETP project
oecd-crs-energy-idn-2022-q-2026-09-28-md-21408588,IDN,f666284b5628016b5c6bc24b13e6617664a03a247d0d9d927acc545d394f3bdc,9OTH015.IDN.23110.11.10000.C01.C.Q.DD.21408588.USD/2022,11,Supporting Innovative Mechanisms for Industrial Energy Efficiency Financing in Indonesia with Lessons for Replication in other ASEAN Member States,named_item,,,23110,,2026-09-28,External CRS comparator activity-flow record; not a JETP project
oecd-crs-energy-idn-2022-q-2026-09-28-md-21383830,IDN,f666284b5628016b5c6bc24b13e6617664a03a247d0d9d927acc545d394f3bdc,9OTH006.IDN.23630.13.40000.C01.C.Q.DD.21383830.USD/2022,12,GESP : Indonesia Sustainable Least-Cost Electrification (ISLE-1) Program,named_item,,,23630,,2026-09-28,External CRS comparator activity-flow record; not a JETP project
oecd-crs-energy-idn-2022-q-2026-09-28-md-20959891,IDN,f666284b5628016b5c6bc24b13e6617664a03a247d0d9d927acc545d394f3bdc,9OTH006.IDN.23260.13.40000.C01.D.Q.DD.20959891.USD/2022,13,DPSP III: Geothermal Power Generation Project,named_item,,,23260,,2026-09-28,External CRS comparator activity-flow record; not a JETP project
oecd-crs-energy-idn-2022-q-2026-09-28-md-21383829,IDN,f666284b5628016b5c6bc24b13e6617664a03a247d0d9d927acc545d394f3bdc,9OTH006.IDN.23630.11.40000.C01.C.Q.DD.21383829.USD/2022,14,GESP : Indonesia Sustainable Least-Cost Electrification (ISLE-1) Program,named_item,,,23630,,2026-09-28,External CRS comparator activity-flow record; not a JETP project
oecd-crs-energy-idn-2022-q-2026-09-28-md-20960148,IDN,f666284b5628016b5c6bc24b13e6617664a03a247d0d9d927acc545d394f3bdc,9OTH011.IDN.23210.11.10000.C01.D.Q.DD.20960148.USD/2022,15,ADLIGHT,named_item,,,23210,,2026-09-28,External CRS comparator activity-flow record; not a JETP project
oecd-crs-energy-idn-2022-q-2026-09-28-md-20963088,IDN,f666284b5628016b5c6bc24b13e6617664a03a247d0d9d927acc545d394f3bdc,9OTH011.IDN.23210.11.10000.C01.D.Q.DD.20963088.USD/2022,16,Market Transformation,named_item,,,23210,,2026-09-28,External CRS comparator activity-flow record; not a JETP project
oecd-crs-energy-idn-2022-q-2026-09-28-md-21765533,IDN,f666284b5628016b5c6bc24b13e6617664a03a247d0d9d927acc545d394f3bdc,5WB001.IDN.23220.14.10000.C01.D.Q.DD.21765533.USD/2022,17,Pumped Storage Technical Assistance Project,named_item,,,23220,,2026-09-28,External CRS comparator activity-flow record; not a JETP project
oecd-crs-energy-idn-2022-q-2026-09-28-md-21774478,IDN,f666284b5628016b5c6bc24b13e6617664a03a247d0d9d927acc545d394f3bdc,5RDB009.IDN.23260.14.10000.C01.D.Q.DD.21774478.USD/2022,18,"Small Hydro Power Plants (Moco Moco, Kumu & Ikuribisi)",named_item,,,23260,,2026-09-28,External CRS comparator activity-flow record; not a JETP project
oecd-crs-energy-idn-2022-q-2026-09-28-md-20998965,IDN,f666284b5628016b5c6bc24b13e6617664a03a247d0d9d927acc545d394f3bdc,9OTH022.IDN.23240.11.60000.D02.D.Q.DD.20998965.USD/2022,19,Sumatra Wind IPP - Biodiversity Due Diligence & Conflict Analysis,named_item,,,23240,,2026-09-28,External CRS comparator activity-flow record; not a JETP project
oecd-crs-energy-idn-2022-q-2026-09-28-md-21409549,IDN,f666284b5628016b5c6bc24b13e6617664a03a247d0d9d927acc545d394f3bdc,9OTH022.IDN.23240.11.60000.D02.C.Q.DD.21409549.USD/2022,20,Sumatra Wind IPP - Biodiversity Due Diligence & Conflict Analysis,named_item,,,23240,,2026-09-28,External CRS comparator activity-flow record; not a JETP project
oecd-crs-energy-idn-2022-q-2026-09-28-md-20998969,IDN,f666284b5628016b5c6bc24b13e6617664a03a247d0d9d927acc545d394f3bdc,9OTH022.IDN.23240.11.60000.D02.D.Q.DD.20998969.USD/2022,21,Sumatra Wind IPP - Pre-feasibility Study,named_item,,,23240,,2026-09-28,External CRS comparator activity-flow record; not a JETP project
oecd-crs-energy-idn-2022-q-2026-09-28-md-21264772,IDN,f666284b5628016b5c6bc24b13e6617664a03a247d0d9d927acc545d394f3bdc,5RDB001.IDN.23220.14.10000.C01.C.Q.DD.21264772.USD/2022,22,Development of Pumped Storage Hydropower in Java Bali System,named_item,,,23220,,2026-09-28,External CRS comparator activity-flow record; not a JETP project
oecd-crs-energy-idn-2022-q-2026-09-28-md-21024304,IDN,f666284b5628016b5c6bc24b13e6617664a03a247d0d9d927acc545d394f3bdc,5ASDB01.IDN.23630.14.10000.C01.D.Q.DD.21024304.USD/2022,23,Sustainable Energy Access in Eastern Indonesia-Electricity Grid Development Program,named_item,,,23630,,2026-09-28,External CRS comparator activity-flow record; not a JETP project
oecd-crs-energy-idn-2022-q-2026-09-28-md-21024194,IDN,f666284b5628016b5c6bc24b13e6617664a03a247d0d9d927acc545d394f3bdc,5ASDB01.IDN.23310.14.60000.C01.D.Q.DD.21024194.USD/2022,24,Jawa-1 Liquefied Natural Gas-to-Power Project,named_item,,,23310,,2026-09-28,External CRS comparator activity-flow record; not a JETP project
oecd-crs-energy-idn-2022-q-2026-09-28-md-21030923,IDN,f666284b5628016b5c6bc24b13e6617664a03a247d0d9d927acc545d394f3bdc,5ASDB01.IDN.23110.14.60000.C01.D.Q.DD.21030923.USD/2022,25,Riau Natural Gas Power Project,named_item,,,23110,,2026-09-28,External CRS comparator activity-flow record; not a JETP project
oecd-crs-energy-idn-2022-q-2026-09-28-md-21426983,IDN,f666284b5628016b5c6bc24b13e6617664a03a247d0d9d927acc545d394f3bdc,5ASDB01.IDN.23110.14.10000.A02.C.Q.DD.21426983.USD/2022,26,Sustainable and Inclusive Energy Program (Subprogram 3),named_item,,,23110,,2026-09-28,External CRS comparator activity-flow record; not a JETP project
oecd-crs-energy-idn-2022-q-2026-09-28-md-21439726,IDN,f666284b5628016b5c6bc24b13e6617664a03a247d0d9d927acc545d394f3bdc,9PRIV1618.IDN.23210.30.20000.B01.C.Q.DD.21439726.USD/2022,27,Transformasi Energi Asia,named_item,,,23210,,2026-09-28,External CRS comparator activity-flow record; not a JETP project
oecd-crs-energy-idn-2022-q-2026-09-28-md-21032241,IDN,f666284b5628016b5c6bc24b13e6617664a03a247d0d9d927acc545d394f3bdc,9PRIV1618.IDN.23210.30.20000.B01.D.Q.DD.21032241.USD/2022,28,Transformasi Energi Asia,named_item,,,23210,,2026-09-28,External CRS comparator activity-flow record; not a JETP project
oecd-crs-energy-idn-2022-q-2026-09-28-md-21870533,IDN,f666284b5628016b5c6bc24b13e6617664a03a247d0d9d927acc545d394f3bdc,USA.IDN.23110.11.20000.C01.D.Q.DD.21870533.USD/2022,29,Energy Utility Partnership Program (EUPP),named_item,,,23110,,2026-09-28,External CRS comparator activity-flow record; not a JETP project
oecd-crs-energy-idn-2022-q-2026-09-28-md-21866644,IDN,f666284b5628016b5c6bc24b13e6617664a03a247d0d9d927acc545d394f3bdc,USA.IDN.23110.11.60000.C01.D.Q.DD.21866644.USD/2022,30,Energy Regulatory Partnership Program (ERRP),named_item,,,23110,,2026-09-28,External CRS comparator activity-flow record; not a JETP project
oecd-crs-energy-idn-2022-q-2026-09-28-md-21879980,IDN,f666284b5628016b5c6bc24b13e6617664a03a247d0d9d927acc545d394f3bdc,USA.IDN.23110.11.60000.C01.D.Q.DD.21879980.USD/2022,31,Sustainable Energy for Indonesias Advancing Resilience (SINAR),named_item,,,23110,,2026-09-28,External CRS comparator activity-flow record; not a JETP project
oecd-crs-energy-idn-2022-q-2026-09-28-md-21879981,IDN,f666284b5628016b5c6bc24b13e6617664a03a247d0d9d927acc545d394f3bdc,USA.IDN.23110.11.60000.C01.D.Q.DD.21879981.USD/2022,32,Sustainable Energy for Indonesias Advancing Resilience (SINAR),named_item,,,23110,,2026-09-28,External CRS comparator activity-flow record; not a JETP project
oecd-crs-energy-idn-2022-q-2026-09-28-md-20928078,IDN,f666284b5628016b5c6bc24b13e6617664a03a247d0d9d927acc545d394f3bdc,USA.IDN.23270.11.50000.D02.D.Q.DD.20928078.USD/2022,33,"Reverse Trade Mission - Waste-to-Energy Reverse Trade Mission, through Gas Technology Institute",named_item,,,23270,,2026-09-28,External CRS comparator activity-flow record; not a JETP project
oecd-crs-energy-idn-2022-q-2026-09-28-md-21851424,IDN,f666284b5628016b5c6bc24b13e6617664a03a247d0d9d927acc545d394f3bdc,4EU001.IDN.23110.11.10000.C01.D.Q.DD.21851424.USD/2022,34,Indonesia Policy Dialogue Fund (IPDF),named_item,,,23110,,2026-09-28,External CRS comparator activity-flow record; not a JETP project
oecd-crs-energy-idn-2022-q-2026-09-28-md-20997237,IDN,f666284b5628016b5c6bc24b13e6617664a03a247d0d9d927acc545d394f3bdc,GBR.IDN.23182.11.60000.C01.D.Q.DD.20997237.USD/2022,35,Whole Island Transition Roadmap in Indonesia,named_item,,,23182,,2026-09-28,External CRS comparator activity-flow record; not a JETP project
oecd-crs-energy-idn-2022-q-2026-09-28-md-21403475,IDN,f666284b5628016b5c6bc24b13e6617664a03a247d0d9d927acc545d394f3bdc,GBR.IDN.23182.11.60000.C01.C.Q.DD.21403475.USD/2022,36,Whole Island Transition Roadmap in Indonesia,named_item,,,23182,,2026-09-28,External CRS comparator activity-flow record; not a JETP project
oecd-crs-energy-idn-2022-q-2026-09-28-md-20995246,IDN,f666284b5628016b5c6bc24b13e6617664a03a247d0d9d927acc545d394f3bdc,GBR.IDN.23110.11.60000.C01.D.Q.DD.20995246.USD/2022,37,Mentari RE Delivery Partner,named_item,,,23110,,2026-09-28,External CRS comparator activity-flow record; not a JETP project
oecd-crs-energy-idn-2022-q-2026-09-28-md-20995250,IDN,f666284b5628016b5c6bc24b13e6617664a03a247d0d9d927acc545d394f3bdc,GBR.IDN.23110.11.60000.C01.D.Q.DD.20995250.USD/2022,38,Mentari RE Delivery,named_item,,,23110,,2026-09-28,External CRS comparator activity-flow record; not a JETP project
oecd-crs-energy-idn-2022-q-2026-09-28-md-20995252,IDN,f666284b5628016b5c6bc24b13e6617664a03a247d0d9d927acc545d394f3bdc,GBR.IDN.23110.11.60000.C01.D.Q.DD.20995252.USD/2022,39,Viability Gap Fund,named_item,,,23110,,2026-09-28,External CRS comparator activity-flow record; not a JETP project
oecd-crs-energy-idn-2022-q-2026-09-28-md-20995249,IDN,f666284b5628016b5c6bc24b13e6617664a03a247d0d9d927acc545d394f3bdc,GBR.IDN.23210.11.60000.C01.D.Q.DD.20995249.USD/2022,40,Mentari RE Legal & Comm.,named_item,,,23210,,2026-09-28,External CRS comparator activity-flow record; not a JETP project
oecd-crs-energy-idn-2022-q-2026-09-28-md-20995253,IDN,f666284b5628016b5c6bc24b13e6617664a03a247d0d9d927acc545d394f3bdc,GBR.IDN.23210.11.60000.C01.D.Q.DD.20995253.USD/2022,41,Viability Gap Fund,named_item,,,23210,,2026-09-28,External CRS comparator activity-flow record; not a JETP project
oecd-crs-energy-idn-2022-q-2026-09-28-md-20995248,IDN,f666284b5628016b5c6bc24b13e6617664a03a247d0d9d927acc545d394f3bdc,GBR.IDN.23110.11.60000.C01.D.Q.DD.20995248.USD/2022,42,Mentari RE Legal & Comm.,named_item,,,23110,,2026-09-28,External CRS comparator activity-flow record; not a JETP project
oecd-crs-energy-idn-2022-q-2026-09-28-md-20995247,IDN,f666284b5628016b5c6bc24b13e6617664a03a247d0d9d927acc545d394f3bdc,GBR.IDN.23210.11.60000.C01.D.Q.DD.20995247.USD/2022,43,Mentari RE Delivery Partner,named_item,,,23210,,2026-09-28,External CRS comparator activity-flow record; not a JETP project
oecd-crs-energy-idn-2022-q-2026-09-28-md-20987427,IDN,f666284b5628016b5c6bc24b13e6617664a03a247d0d9d927acc545d394f3bdc,CHE.IDN.23210.11.60000.C01.D.Q.DD.20987427.USD/2022,44,Renewable Energy Skills Development RESD in Indonesia,named_item,,,23210,,2026-09-28,External CRS comparator activity-flow record; not a JETP project
oecd-crs-energy-idn-2022-q-2026-09-28-md-21255981,IDN,f666284b5628016b5c6bc24b13e6617664a03a247d0d9d927acc545d394f3bdc,SWE.IDN.23270.11.10000.C01.C.Q.DD.21255981.USD/2022,45,WTE Indonesia,named_item,,,23270,,2026-09-28,External CRS comparator activity-flow record; not a JETP project
oecd-crs-energy-idn-2022-q-2026-09-28-md-21751009,IDN,f666284b5628016b5c6bc24b13e6617664a03a247d0d9d927acc545d394f3bdc,SWE.IDN.23270.11.10000.C01.D.Q.DD.21751009.USD/2022,46,WTE Indonesia,named_item,,,23270,,2026-09-28,External CRS comparator activity-flow record; not a JETP project
oecd-crs-energy-idn-2022-q-2026-09-28-md-21821513,IDN,f666284b5628016b5c6bc24b13e6617664a03a247d0d9d927acc545d394f3bdc,NZL.IDN.23181.11.60000.D01.D.Q.DD.21821513.USD/2022,47,Energy : NZAGED - Geothermal TA,named_item,,,23181,,2026-09-28,External CRS comparator activity-flow record; not a JETP project
oecd-crs-energy-idn-2022-q-2026-09-28-md-21315487,IDN,f666284b5628016b5c6bc24b13e6617664a03a247d0d9d927acc545d394f3bdc,NZL.IDN.23260.11.60000.D01.C.Q.DD.21315487.USD/2022,48,Energy : NZAGED - Geothermal TA,named_item,,,23260,,2026-09-28,External CRS comparator activity-flow record; not a JETP project
oecd-crs-energy-idn-2022-q-2026-09-28-md-21315485,IDN,f666284b5628016b5c6bc24b13e6617664a03a247d0d9d927acc545d394f3bdc,NZL.IDN.23181.11.60000.D01.C.Q.DD.21315485.USD/2022,49,Energy : NZAGED - Geothermal TA,named_item,,,23181,,2026-09-28,External CRS comparator activity-flow record; not a JETP project
oecd-crs-energy-idn-2022-q-2026-09-28-md-21821514,IDN,f666284b5628016b5c6bc24b13e6617664a03a247d0d9d927acc545d394f3bdc,NZL.IDN.23260.11.60000.D01.D.Q.DD.21821514.USD/2022,50,Energy : NZAGED - Geothermal TA,named_item,,,23260,,2026-09-28,External CRS comparator activity-flow record; not a JETP project
oecd-crs-energy-idn-2022-q-2026-09-28-md-21821831,IDN,f666284b5628016b5c6bc24b13e6617664a03a247d0d9d927acc545d394f3bdc,NZL.IDN.23110.11.40000.B032.D.Q.DD.21821831.USD/2022,51,ACCELERATE RENEWABLE ENERGY TRANSITION,unnamed_item,,,23110,,2026-09-28,External CRS comparator activity-flow record; not a JETP project
oecd-crs-energy-idn-2022-q-2026-09-28-md-21821773,IDN,f666284b5628016b5c6bc24b13e6617664a03a247d0d9d927acc545d394f3bdc,NZL.IDN.23110.11.60000.D02.D.Q.DD.21821773.USD/2022,52,RENEWABLE ENERGY PROGRAMME RESOURCING,unnamed_item,,,23110,,2026-09-28,External CRS comparator activity-flow record; not a JETP project
oecd-crs-energy-idn-2022-q-2026-09-28-md-21821775,IDN,f666284b5628016b5c6bc24b13e6617664a03a247d0d9d927acc545d394f3bdc,NZL.IDN.23260.11.60000.D02.D.Q.DD.21821775.USD/2022,53,RENEWABLE ENERGY PROGRAMME RESOURCING,unnamed_item,,,23260,,2026-09-28,External CRS comparator activity-flow record; not a JETP project
oecd-crs-energy-idn-2022-q-2026-09-28-md-21821774,IDN,f666284b5628016b5c6bc24b13e6617664a03a247d0d9d927acc545d394f3bdc,NZL.IDN.23181.11.60000.D02.D.Q.DD.21821774.USD/2022,54,RENEWABLE ENERGY PROGRAMME RESOURCING,unnamed_item,,,23181,,2026-09-28,External CRS comparator activity-flow record; not a JETP project
oecd-crs-energy-idn-2022-q-2026-09-28-md-21821483,IDN,f666284b5628016b5c6bc24b13e6617664a03a247d0d9d927acc545d394f3bdc,NZL.IDN.23260.11.50000.D02.D.Q.DD.21821483.USD/2022,55,Indonesia: Supporting Geothermal Sector Training,named_item,,,23260,,2026-09-28,External CRS comparator activity-flow record; not a JETP project
oecd-crs-energy-idn-2022-q-2026-09-28-md-21821552,IDN,f666284b5628016b5c6bc24b13e6617664a03a247d0d9d927acc545d394f3bdc,NZL.IDN.23181.11.60000.D01.D.Q.DD.21821552.USD/2022,56,The Maluku Access to Energy Support,named_item,,,23181,,2026-09-28,External CRS comparator activity-flow record; not a JETP project
oecd-crs-energy-idn-2022-q-2026-09-28-md-21821833,IDN,f666284b5628016b5c6bc24b13e6617664a03a247d0d9d927acc545d394f3bdc,NZL.IDN.23110.11.40000.B032.D.Q.DD.21821833.USD/2022,57,ACCELERATE RENEWABLE ENERGY TRANSITION,unnamed_item,,,23110,,2026-09-28,External CRS comparator activity-flow record; not a JETP project
oecd-crs-energy-idn-2022-q-2026-09-28-md-21821551,IDN,f666284b5628016b5c6bc24b13e6617664a03a247d0d9d927acc545d394f3bdc,NZL.IDN.23110.11.60000.D01.D.Q.DD.21821551.USD/2022,58,The Maluku Access to Energy Support,named_item,,,23110,,2026-09-28,External CRS comparator activity-flow record; not a JETP project
oecd-crs-energy-idn-2022-q-2026-09-28-md-21821832,IDN,f666284b5628016b5c6bc24b13e6617664a03a247d0d9d927acc545d394f3bdc,NZL.IDN.23110.11.40000.B032.D.Q.DD.21821832.USD/2022,59,ACCELERATE RENEWABLE ENERGY TRANSITION,unnamed_item,,,23110,,2026-09-28,External CRS comparator activity-flow record; not a JETP project
oecd-crs-energy-idn-2022-q-2026-09-28-md-21315743,IDN,f666284b5628016b5c6bc24b13e6617664a03a247d0d9d927acc545d394f3bdc,NZL.IDN.23210.11.40000.B03.C.Q.DD.21315743.USD/2022,60,ENERGY TRANSITION MECHANISM IN INDONESIA,unnamed_item,,,23210,,2026-09-28,External CRS comparator activity-flow record; not a JETP project
oecd-crs-energy-idn-2022-q-2026-09-28-md-21821863,IDN,f666284b5628016b5c6bc24b13e6617664a03a247d0d9d927acc545d394f3bdc,NZL.IDN.23210.11.40000.B03.D.Q.DD.21821863.USD/2022,61,ENERGY TRANSITION MECHANISM IN INDONESIA,unnamed_item,,,23210,,2026-09-28,External CRS comparator activity-flow record; not a JETP project
oecd-crs-energy-idn-2022-q-2026-09-28-md-21044238,IDN,f666284b5628016b5c6bc24b13e6617664a03a247d0d9d927acc545d394f3bdc,KOR.IDN.23630.14.60000.C01.D.Q.DD.21044238.USD/2022,62,-,named_item,,,23630,,2026-09-28,External CRS comparator activity-flow record; not a JETP project
oecd-crs-energy-idn-2022-q-2026-09-28-md-21274493,IDN,f666284b5628016b5c6bc24b13e6617664a03a247d0d9d927acc545d394f3bdc,KOR.IDN.23232.11.10000.C01.C.Q.DD.21274493.USD/2022,63,22/23 Economic Innovation Partnership Program with Indonesia,named_item,,,23232,,2026-09-28,External CRS comparator activity-flow record; not a JETP project
oecd-crs-energy-idn-2022-q-2026-09-28-md-21781945,IDN,f666284b5628016b5c6bc24b13e6617664a03a247d0d9d927acc545d394f3bdc,KOR.IDN.23232.11.10000.C01.D.Q.DD.21781945.USD/2022,64,22/23 Economic Innovation Partnership Program with Indonesia,named_item,,,23232,,2026-09-28,External CRS comparator activity-flow record; not a JETP project
oecd-crs-energy-idn-2022-q-2026-09-28-md-21274597,IDN,f666284b5628016b5c6bc24b13e6617664a03a247d0d9d927acc545d394f3bdc,KOR.IDN.23110.13.10000.A02.C.Q.DD.21274597.USD/2022,65,Sustainable and Inclusive Energy Program Subprogram 3,named_item,,,23110,,2026-09-28,External CRS comparator activity-flow record; not a JETP project
oecd-crs-energy-idn-2022-q-2026-09-28-md-21276410,IDN,f666284b5628016b5c6bc24b13e6617664a03a247d0d9d927acc545d394f3bdc,KOR.IDN.23210.11.10000.C01.C.Q.DD.21276410.USD/2022,66,Pre-Feasibility Study for Enhancement of an Industrial tech-foundation for Korea-Indonesia clean energy industry cooperation,named_item,,,23210,,2026-09-28,External CRS comparator activity-flow record; not a JETP project
oecd-crs-energy-idn-2022-q-2026-09-28-md-21781464,IDN,f666284b5628016b5c6bc24b13e6617664a03a247d0d9d927acc545d394f3bdc,KOR.IDN.23210.11.10000.C01.D.Q.DD.21781464.USD/2022,67,Pre-Feasibility Study for Energy stand-alone villages using micro-hydro based MG in Indonesia,named_item,,,23210,,2026-09-28,External CRS comparator activity-flow record; not a JETP project
oecd-crs-energy-idn-2022-q-2026-09-28-md-21276393,IDN,f666284b5628016b5c6bc24b13e6617664a03a247d0d9d927acc545d394f3bdc,KOR.IDN.23210.11.10000.C01.C.Q.DD.21276393.USD/2022,68,"Feasibility Study for Construction of Green Hydrogen and Ammonia Production Facilities in North Sumatra, Indonesia",named_item,,,23210,,2026-09-28,External CRS comparator activity-flow record; not a JETP project
oecd-crs-energy-idn-2022-q-2026-09-28-md-21276402,IDN,f666284b5628016b5c6bc24b13e6617664a03a247d0d9d927acc545d394f3bdc,KOR.IDN.23210.11.10000.C01.C.Q.DD.21276402.USD/2022,69,Feasibility Study for Enhancement of an Industrial tech-foundation for Korea-Indonesia clean energy industry cooperation,named_item,,,23210,,2026-09-28,External CRS comparator activity-flow record; not a JETP project
oecd-crs-energy-idn-2022-q-2026-09-28-md-21276388,IDN,f666284b5628016b5c6bc24b13e6617664a03a247d0d9d927acc545d394f3bdc,KOR.IDN.23210.11.10000.C01.C.Q.DD.21276388.USD/2022,70,Pre-Feasibility Study for Energy stand-alone villages using micro-hydro based MG in Indonesia,named_item,,,23210,,2026-09-28,External CRS comparator activity-flow record; not a JETP project
oecd-crs-energy-idn-2022-q-2026-09-28-md-21276416,IDN,f666284b5628016b5c6bc24b13e6617664a03a247d0d9d927acc545d394f3bdc,KOR.IDN.23232.11.10000.C01.C.Q.DD.21276416.USD/2022,71,Installation of solar charged e-vehicle system in Indonesia,named_item,,,23232,,2026-09-28,External CRS comparator activity-flow record; not a JETP project
oecd-crs-energy-idn-2022-q-2026-09-28-md-21781486,IDN,f666284b5628016b5c6bc24b13e6617664a03a247d0d9d927acc545d394f3bdc,KOR.IDN.23210.11.10000.C01.D.Q.DD.21781486.USD/2022,72,Pre-Feasibility Study for Enhancement of an Industrial tech-foundation for Korea-Indonesia clean energy industry cooperation,named_item,,,23210,,2026-09-28,External CRS comparator activity-flow record; not a JETP project
oecd-crs-energy-idn-2022-q-2026-09-28-md-21274480,IDN,f666284b5628016b5c6bc24b13e6617664a03a247d0d9d927acc545d394f3bdc,KOR.IDN.23360.11.10000.C01.C.Q.DD.21274480.USD/2022,73,21/22 Economic Innovation Partnership Program (EIPP) with Indonesia,named_item,,,23360,,2026-09-28,External CRS comparator activity-flow record; not a JETP project
oecd-crs-energy-idn-2022-q-2026-09-28-md-21781929,IDN,f666284b5628016b5c6bc24b13e6617664a03a247d0d9d927acc545d394f3bdc,KOR.IDN.23360.11.10000.C01.D.Q.DD.21781929.USD/2022,74,21/22 Economic Innovation Partnership Program (EIPP) with Indonesia,named_item,,,23360,,2026-09-28,External CRS comparator activity-flow record; not a JETP project
oecd-crs-energy-idn-2022-q-2026-09-28-md-21780472,IDN,f666284b5628016b5c6bc24b13e6617664a03a247d0d9d927acc545d394f3bdc,KOR.IDN.23110.11.10000.C01.D.Q.DD.21780472.USD/2022,75,Energy Policy Consulting Projects(Establishment of Indonesia e-vehicle Master Plan Using Solar Power Utilization),named_item,,,23110,,2026-09-28,External CRS comparator activity-flow record; not a JETP project
oecd-crs-energy-idn-2022-q-2026-09-28-md-21778730,IDN,f666284b5628016b5c6bc24b13e6617664a03a247d0d9d927acc545d394f3bdc,KOR.IDN.23642.11.30000.C01.D.Q.DD.21778730.USD/2022,76,Green mobility business by converting Indonesian petrol-powered motorcycles into electric ones and improving Vietnamese electric motorcycles,named_item,,,23642,,2026-09-28,External CRS comparator activity-flow record; not a JETP project
oecd-crs-energy-idn-2022-q-2026-09-28-md-21009496,IDN,f666284b5628016b5c6bc24b13e6617664a03a247d0d9d927acc545d394f3bdc,KOR.IDN.23210.11.30000.C01.D.Q.DD.21009496.USD/2022,77,Development of renewable energy project in remote area by using crowdfunding platform,named_item,,,23210,,2026-09-28,External CRS comparator activity-flow record; not a JETP project
oecd-crs-energy-idn-2022-q-2026-09-28-md-21275854,IDN,f666284b5628016b5c6bc24b13e6617664a03a247d0d9d927acc545d394f3bdc,KOR.IDN.23181.11.10000.E01.C.Q.DD.21275854.USD/2022,78,Masters degree program in Energy Science and Policy(2021),named_item,,,23181,,2026-09-28,External CRS comparator activity-flow record; not a JETP project
oecd-crs-energy-idn-2022-q-2026-09-28-md-21035742,IDN,f666284b5628016b5c6bc24b13e6617664a03a247d0d9d927acc545d394f3bdc,5ASDB01.IDN.23260.14.10000.C01.D.Q.DD.21035742.USD/2022,79,Geothermal Power Generation Project,named_item,,,23260,,2026-09-28,External CRS comparator activity-flow record; not a JETP project
oecd-crs-energy-idn-2022-q-2026-09-28-md-21035944,IDN,f666284b5628016b5c6bc24b13e6617664a03a247d0d9d927acc545d394f3bdc,5ASDB01.IDN.23630.14.10000.C01.D.Q.DD.21035944.USD/2022,80,Sustainable and Reliable Energy Access Program - Western and Central Java,named_item,,,23630,,2026-09-28,External CRS comparator activity-flow record; not a JETP project
oecd-crs-energy-idn-2022-q-2026-09-28-md-21783286,IDN,f666284b5628016b5c6bc24b13e6617664a03a247d0d9d927acc545d394f3bdc,KOR.IDN.23181.11.10000.E01.D.Q.DD.21783286.USD/2022,81,Masters degree program in Energy Science and Policy(2021),named_item,,,23181,,2026-09-28,External CRS comparator activity-flow record; not a JETP project
oecd-crs-energy-idn-2022-q-2026-09-28-md-21780159,IDN,f666284b5628016b5c6bc24b13e6617664a03a247d0d9d927acc545d394f3bdc,KOR.IDN.23110.11.10000.E01.D.Q.DD.21780159.USD/2022,82,Masters degree program in Energy Science and Policy(2022),named_item,,,23110,,2026-09-28,External CRS comparator activity-flow record; not a JETP project
oecd-crs-energy-idn-2022-q-2026-09-28-md-21782878,IDN,f666284b5628016b5c6bc24b13e6617664a03a247d0d9d927acc545d394f3bdc,KOR.IDN.23230.11.40000.C01.D.Q.DD.21782878.USD/2022,83,Accerlerating Clean Energy Access to Reduce Inequality - ACCESS,named_item,,,23230,,2026-09-28,External CRS comparator activity-flow record; not a JETP project
oecd-crs-energy-idn-2022-q-2026-09-28-md-21779596,IDN,f666284b5628016b5c6bc24b13e6617664a03a247d0d9d927acc545d394f3bdc,KOR.IDN.23360.11.10000.C01.D.Q.DD.21779596.USD/2022,84,"Science&Technology support program : S&T Innovation Center Support Project(Indonesia, Establishment of Green Tech Partnership Initiative in Indonesia)",named_item,,,23360,,2026-09-28,External CRS comparator activity-flow record; not a JETP project
oecd-crs-energy-idn-2022-q-2026-09-28-md-21781492,IDN,f666284b5628016b5c6bc24b13e6617664a03a247d0d9d927acc545d394f3bdc,KOR.IDN.23232.11.10000.C01.D.Q.DD.21781492.USD/2022,85,Installation of solar charged e-vehicle system in Indonesia,named_item,,,23232,,2026-09-28,External CRS comparator activity-flow record; not a JETP project
oecd-crs-energy-idn-2022-q-2026-09-28-md-21781469,IDN,f666284b5628016b5c6bc24b13e6617664a03a247d0d9d927acc545d394f3bdc,KOR.IDN.23210.11.10000.C01.D.Q.DD.21781469.USD/2022,86,"Feasibility Study for Construction of Green Hydrogen and Ammonia Production Facilities in North Sumatra, Indonesia",named_item,,,23210,,2026-09-28,External CRS comparator activity-flow record; not a JETP project
oecd-crs-energy-idn-2022-q-2026-09-28-md-21781478,IDN,f666284b5628016b5c6bc24b13e6617664a03a247d0d9d927acc545d394f3bdc,KOR.IDN.23210.11.10000.C01.D.Q.DD.21781478.USD/2022,87,Feasibility Study for Enhancement of an Industrial tech-foundation for Korea-Indonesia clean energy industry cooperation,named_item,,,23210,,2026-09-28,External CRS comparator activity-flow record; not a JETP project
oecd-crs-energy-idn-2022-q-2026-09-28-md-21823721,IDN,f666284b5628016b5c6bc24b13e6617664a03a247d0d9d927acc545d394f3bdc,JPN.IDN.23210.11.10000.C01.D.Q.DD.21823721.USD/2022,88,TC AGGREGATED ACTIVITIES,named_item,,,23210,,2026-09-28,External CRS comparator activity-flow record; not a JETP project
oecd-crs-energy-idn-2022-q-2026-09-28-md-21329408,IDN,f666284b5628016b5c6bc24b13e6617664a03a247d0d9d927acc545d394f3bdc,JPN.IDN.23210.11.10000.C01.C.Q.DD.21329408.USD/2022,89,TC AGGREGATED ACTIVITIES,named_item,,,23210,,2026-09-28,External CRS comparator activity-flow record; not a JETP project
oecd-crs-energy-idn-2022-q-2026-09-28-md-21834107,IDN,f666284b5628016b5c6bc24b13e6617664a03a247d0d9d927acc545d394f3bdc,JPN.IDN.23210.11.10000.C01.D.Q.DD.21834107.USD/2022,90,TC AGGREGATED ACTIVITIES,named_item,,,23210,,2026-09-28,External CRS comparator activity-flow record; not a JETP project
oecd-crs-energy-idn-2022-q-2026-09-28-md-21322652,IDN,f666284b5628016b5c6bc24b13e6617664a03a247d0d9d927acc545d394f3bdc,JPN.IDN.23210.11.10000.C01.C.Q.DD.21322652.USD/2022,91,TC AGGREGATED ACTIVITIES,named_item,,,23210,,2026-09-28,External CRS comparator activity-flow record; not a JETP project
oecd-crs-energy-idn-2022-q-2026-09-28-md-21314551,IDN,f666284b5628016b5c6bc24b13e6617664a03a247d0d9d927acc545d394f3bdc,JPN.IDN.23210.11.10000.C01.C.Q.DD.21314551.USD/2022,92,TC AGGREGATED ACTIVITIES,named_item,,,23210,,2026-09-28,External CRS comparator activity-flow record; not a JETP project
oecd-crs-energy-idn-2022-q-2026-09-28-md-21826765,IDN,f666284b5628016b5c6bc24b13e6617664a03a247d0d9d927acc545d394f3bdc,JPN.IDN.23210.11.10000.C01.D.Q.DD.21826765.USD/2022,93,TC AGGREGATED ACTIVITIES,named_item,,,23210,,2026-09-28,External CRS comparator activity-flow record; not a JETP project
oecd-crs-energy-idn-2022-q-2026-09-28-md-21324391,IDN,f666284b5628016b5c6bc24b13e6617664a03a247d0d9d927acc545d394f3bdc,JPN.IDN.23110.11.10000.C01.C.Q.DD.21324391.USD/2022,94,TC AGGREGATED ACTIVITIES,named_item,,,23110,,2026-09-28,External CRS comparator activity-flow record; not a JETP project
oecd-crs-energy-idn-2022-q-2026-09-28-md-21831760,IDN,f666284b5628016b5c6bc24b13e6617664a03a247d0d9d927acc545d394f3bdc,JPN.IDN.23110.11.10000.C01.D.Q.DD.21831760.USD/2022,95,TC AGGREGATED ACTIVITIES,named_item,,,23110,,2026-09-28,External CRS comparator activity-flow record; not a JETP project
oecd-crs-energy-idn-2022-q-2026-09-28-md-21826864,IDN,f666284b5628016b5c6bc24b13e6617664a03a247d0d9d927acc545d394f3bdc,JPN.IDN.23210.11.10000.C01.D.Q.DD.21826864.USD/2022,96,TC AGGREGATED ACTIVITIES,named_item,,,23210,,2026-09-28,External CRS comparator activity-flow record; not a JETP project
oecd-crs-energy-idn-2022-q-2026-09-28-md-21322961,IDN,f666284b5628016b5c6bc24b13e6617664a03a247d0d9d927acc545d394f3bdc,JPN.IDN.23210.11.10000.C01.C.Q.DD.21322961.USD/2022,97,TC AGGREGATED ACTIVITIES,named_item,,,23210,,2026-09-28,External CRS comparator activity-flow record; not a JETP project
oecd-crs-energy-idn-2022-q-2026-09-28-md-21830316,IDN,f666284b5628016b5c6bc24b13e6617664a03a247d0d9d927acc545d394f3bdc,JPN.IDN.23210.11.10000.C01.D.Q.DD.21830316.USD/2022,98,TC AGGREGATED ACTIVITIES,named_item,,,23210,,2026-09-28,External CRS comparator activity-flow record; not a JETP project
oecd-crs-energy-idn-2022-q-2026-09-28-md-21326636,IDN,f666284b5628016b5c6bc24b13e6617664a03a247d0d9d927acc545d394f3bdc,JPN.IDN.23210.11.10000.C01.C.Q.DD.21326636.USD/2022,99,TC AGGREGATED ACTIVITIES,named_item,,,23210,,2026-09-28,External CRS comparator activity-flow record; not a JETP project
oecd-crs-energy-idn-2022-q-2026-09-28-md-21318930,IDN,f666284b5628016b5c6bc24b13e6617664a03a247d0d9d927acc545d394f3bdc,JPN.IDN.23210.11.10000.C01.C.Q.DD.21318930.USD/2022,100,TC AGGREGATED ACTIVITIES,named_item,,,23210,,2026-09-28,External CRS comparator activity-flow record; not a JETP project
oecd-crs-energy-idn-2022-q-2026-09-28-md-21828072,IDN,f666284b5628016b5c6bc24b13e6617664a03a247d0d9d927acc545d394f3bdc,JPN.IDN.23210.11.10000.C01.D.Q.DD.21828072.USD/2022,101,TC AGGREGATED ACTIVITIES,named_item,,,23210,,2026-09-28,External CRS comparator activity-flow record; not a JETP project
oecd-crs-energy-idn-2022-q-2026-09-28-md-21327089,IDN,f666284b5628016b5c6bc24b13e6617664a03a247d0d9d927acc545d394f3bdc,JPN.IDN.23210.11.10000.C01.C.Q.DD.21327089.USD/2022,102,TC AGGREGATED ACTIVITIES,named_item,,,23210,,2026-09-28,External CRS comparator activity-flow record; not a JETP project
oecd-crs-energy-idn-2022-q-2026-09-28-md-21835054,IDN,f666284b5628016b5c6bc24b13e6617664a03a247d0d9d927acc545d394f3bdc,JPN.IDN.23210.11.10000.C01.D.Q.DD.21835054.USD/2022,103,TC AGGREGATED ACTIVITIES,named_item,,,23210,,2026-09-28,External CRS comparator activity-flow record; not a JETP project
oecd-crs-energy-idn-2022-q-2026-09-28-md-21328666,IDN,f666284b5628016b5c6bc24b13e6617664a03a247d0d9d927acc545d394f3bdc,JPN.IDN.23110.11.10000.C01.C.Q.DD.21328666.USD/2022,104,TC AGGREGATED ACTIVITIES,named_item,,,23110,,2026-09-28,External CRS comparator activity-flow record; not a JETP project
oecd-crs-energy-idn-2022-q-2026-09-28-md-21832789,IDN,f666284b5628016b5c6bc24b13e6617664a03a247d0d9d927acc545d394f3bdc,JPN.IDN.23110.11.10000.C01.D.Q.DD.21832789.USD/2022,105,TC AGGREGATED ACTIVITIES,named_item,,,23110,,2026-09-28,External CRS comparator activity-flow record; not a JETP project
oecd-crs-energy-idn-2022-q-2026-09-28-md-21832790,IDN,f666284b5628016b5c6bc24b13e6617664a03a247d0d9d927acc545d394f3bdc,JPN.IDN.23210.11.10000.C01.D.Q.DD.21832790.USD/2022,106,TC AGGREGATED ACTIVITIES,named_item,,,23210,,2026-09-28,External CRS comparator activity-flow record; not a JETP project
oecd-crs-energy-idn-2022-q-2026-09-28-md-21328667,IDN,f666284b5628016b5c6bc24b13e6617664a03a247d0d9d927acc545d394f3bdc,JPN.IDN.23210.11.10000.C01.C.Q.DD.21328667.USD/2022,107,TC AGGREGATED ACTIVITIES,named_item,,,23210,,2026-09-28,External CRS comparator activity-flow record; not a JETP project
oecd-crs-energy-idn-2022-q-2026-09-28-md-21330402,IDN,f666284b5628016b5c6bc24b13e6617664a03a247d0d9d927acc545d394f3bdc,JPN.IDN.23110.11.40000.B03.C.Q.DD.21330402.USD/2022,108,"Leveraging NDCs to achieve net-zero emissions and climate-resilient development, in response to the climate emergency",named_item,,,23110,,2026-09-28,External CRS comparator activity-flow record; not a JETP project
oecd-crs-energy-idn-2022-q-2026-09-28-md-21838809,IDN,f666284b5628016b5c6bc24b13e6617664a03a247d0d9d927acc545d394f3bdc,JPN.IDN.23110.11.40000.B03.D.Q.DD.21838809.USD/2022,109,"Leveraging NDCs to achieve net-zero emissions and climate-resilient development, in response to the climate emergency",named_item,,,23110,,2026-09-28,External CRS comparator activity-flow record; not a JETP project
oecd-crs-energy-idn-2022-q-2026-09-28-md-21837973,IDN,f666284b5628016b5c6bc24b13e6617664a03a247d0d9d927acc545d394f3bdc,JPN.IDN.23220.13.10000.C01.D.Q.DD.21837973.USD/2022,110,Asahan No.3 Hydroelectric Power Plant Construction Project,named_item,,,23220,,2026-09-28,External CRS comparator activity-flow record; not a JETP project
oecd-crs-energy-idn-2022-q-2026-09-28-md-21822887,IDN,f666284b5628016b5c6bc24b13e6617664a03a247d0d9d927acc545d394f3bdc,JPN.IDN.23260.13.10000.C01.D.Q.DD.21822887.USD/2022,111,Lumut Balai Geothermal Power Plant Project,named_item,,,23260,,2026-09-28,External CRS comparator activity-flow record; not a JETP project
oecd-crs-energy-idn-2022-q-2026-09-28-md-21822882,IDN,f666284b5628016b5c6bc24b13e6617664a03a247d0d9d927acc545d394f3bdc,JPN.IDN.23260.13.10000.C01.D.Q.DD.21822882.USD/2022,112,Lumut Balai Geothermal Power Plant Project,named_item,,,23260,,2026-09-28,External CRS comparator activity-flow record; not a JETP project
oecd-crs-energy-idn-2022-q-2026-09-28-md-21255979,IDN,f666284b5628016b5c6bc24b13e6617664a03a247d0d9d927acc545d394f3bdc,SWE.IDN.23630.11.10000.C01.C.Q.DD.21255979.USD/2022,113,PQ Java,named_item,,,23630,,2026-09-28,External CRS comparator activity-flow record; not a JETP project
oecd-crs-energy-idn-2022-q-2026-09-28-md-21751008,IDN,f666284b5628016b5c6bc24b13e6617664a03a247d0d9d927acc545d394f3bdc,SWE.IDN.23630.11.10000.C01.D.Q.DD.21751008.USD/2022,114,PQ Java,named_item,,,23630,,2026-09-28,External CRS comparator activity-flow record; not a JETP project
oecd-crs-energy-idn-2022-q-2026-09-28-md-20978972,IDN,f666284b5628016b5c6bc24b13e6617664a03a247d0d9d927acc545d394f3bdc,DEU.IDN.23210.11.10000.C01.D.Q.DD.20978972.USD/2022,115,1000 Islands - Renewable energy for electrifikation Programme - REEP,named_item,,,23210,,2026-09-28,External CRS comparator activity-flow record; not a JETP project
oecd-crs-energy-idn-2022-q-2026-09-28-md-20978978,IDN,f666284b5628016b5c6bc24b13e6617664a03a247d0d9d927acc545d394f3bdc,DEU.IDN.23210.11.10000.C01.D.Q.DD.20978978.USD/2022,116,1000 Islands - Renewable energy for electrifikation Programme (REEP2) in Indonesia,named_item,,,23210,,2026-09-28,External CRS comparator activity-flow record; not a JETP project
oecd-crs-energy-idn-2022-q-2026-09-28-md-20972709,IDN,f666284b5628016b5c6bc24b13e6617664a03a247d0d9d927acc545d394f3bdc,DEU.IDN.23210.11.10000.C01.D.Q.DD.20972709.USD/2022,117,Indonesia - Support for the Utilization of Geothermal Energy,named_item,,,23210,,2026-09-28,External CRS comparator activity-flow record; not a JETP project
oecd-crs-energy-idn-2022-q-2026-09-28-md-20973614,IDN,f666284b5628016b5c6bc24b13e6617664a03a247d0d9d927acc545d394f3bdc,DEU.IDN.23210.11.10000.C01.D.Q.DD.20973614.USD/2022,118,Strengthtening Quality Infrastructure for the Photovoltaic Sector Indonesia,named_item,,,23210,,2026-09-28,External CRS comparator activity-flow record; not a JETP project
oecd-crs-energy-idn-2022-q-2026-09-28-md-20970879,IDN,f666284b5628016b5c6bc24b13e6617664a03a247d0d9d927acc545d394f3bdc,DEU.IDN.23182.11.60000.D02.D.Q.DD.20970879.USD/2022,119,International cooperation in production of healthy and safe food,named_item,,,23182,,2026-09-28,External CRS comparator activity-flow record; not a JETP project
oecd-crs-energy-idn-2022-q-2026-09-28-md-20970878,IDN,f666284b5628016b5c6bc24b13e6617664a03a247d0d9d927acc545d394f3bdc,DEU.IDN.23182.11.50000.D02.D.Q.DD.20970878.USD/2022,120,International cooperation in production of healthy and safe food,named_item,,,23182,,2026-09-28,External CRS comparator activity-flow record; not a JETP project
oecd-crs-energy-idn-2022-q-2026-09-28-md-20970725,IDN,f666284b5628016b5c6bc24b13e6617664a03a247d0d9d927acc545d394f3bdc,DEU.IDN.23210.11.50000.D02.D.Q.DD.20970725.USD/2022,121,Identifying and Combating Oil/Chemical Pollution of the Sea,named_item,,,23210,,2026-09-28,External CRS comparator activity-flow record; not a JETP project
oecd-crs-energy-idn-2022-q-2026-09-28-md-20963952,IDN,f666284b5628016b5c6bc24b13e6617664a03a247d0d9d927acc545d394f3bdc,DEU.IDN.23110.11.10000.C01.D.Q.DD.20963952.USD/2022,122,ExploRE - Strategic exploration of economic mitigation potentials through renewables,named_item,,,23110,,2026-09-28,External CRS comparator activity-flow record; not a JETP project
oecd-crs-energy-idn-2022-q-2026-09-28-md-20965296,IDN,f666284b5628016b5c6bc24b13e6617664a03a247d0d9d927acc545d394f3bdc,DEU.IDN.23220.13.10000.C01.D.Q.DD.20965296.USD/2022,123,Sustainable Hydropower,named_item,,,23220,,2026-09-28,External CRS comparator activity-flow record; not a JETP project
oecd-crs-energy-idn-2022-q-2026-09-28-md-20965335,IDN,f666284b5628016b5c6bc24b13e6617664a03a247d0d9d927acc545d394f3bdc,DEU.IDN.23220.13.10000.C01.D.Q.DD.20965335.USD/2022,124,Sustainable Hydropower,named_item,,,23220,,2026-09-28,External CRS comparator activity-flow record; not a JETP project
oecd-crs-energy-idn-2022-q-2026-09-28-md-20965415,IDN,f666284b5628016b5c6bc24b13e6617664a03a247d0d9d927acc545d394f3bdc,DEU.IDN.23630.13.10000.C01.D.Q.DD.20965415.USD/2022,125,Results-Based Loan Sustainable Energy Access in Eastern Indonesia - Elec,named_item,,,23630,,2026-09-28,External CRS comparator activity-flow record; not a JETP project
oecd-crs-energy-idn-2022-q-2026-09-28-md-20965332,IDN,f666284b5628016b5c6bc24b13e6617664a03a247d0d9d927acc545d394f3bdc,DEU.IDN.23220.13.10000.C01.D.Q.DD.20965332.USD/2022,126,1000 Islands Renewable Energy for Electrification Program (REEP) II,named_item,,,23220,,2026-09-28,External CRS comparator activity-flow record; not a JETP project
oecd-crs-energy-idn-2022-q-2026-09-28-md-21389626,IDN,f666284b5628016b5c6bc24b13e6617664a03a247d0d9d927acc545d394f3bdc,DEU.IDN.23110.13.10000.A02.C.Q.DD.21389626.USD/2022,127,Sustainable and Inclusive Energy Program (SIEP) - Subprogram III,named_item,,,23110,,2026-09-28,External CRS comparator activity-flow record; not a JETP project
oecd-crs-energy-idn-2022-q-2026-09-28-md-21389561,IDN,f666284b5628016b5c6bc24b13e6617664a03a247d0d9d927acc545d394f3bdc,DEU.IDN.23220.13.10000.C01.C.Q.DD.21389561.USD/2022,128,Sustainable Hydropower,named_item,,,23220,,2026-09-28,External CRS comparator activity-flow record; not a JETP project
oecd-crs-energy-idn-2022-q-2026-09-28-md-21385318,IDN,f666284b5628016b5c6bc24b13e6617664a03a247d0d9d927acc545d394f3bdc,DEU.IDN.23210.11.40000.B03.C.Q.DD.21385318.USD/2022,129,Energy Transition Mechanism Partnership Trust Fund (ETMPTF),named_item,,,23210,,2026-09-28,External CRS comparator activity-flow record; not a JETP project
oecd-crs-energy-idn-2022-q-2026-09-28-md-20968058,IDN,f666284b5628016b5c6bc24b13e6617664a03a247d0d9d927acc545d394f3bdc,DEU.IDN.23210.11.40000.B03.D.Q.DD.20968058.USD/2022,130,Energy Transition Mechanism Partnership Trust Fund (ETMPTF),named_item,,,23210,,2026-09-28,External CRS comparator activity-flow record; not a JETP project
oecd-crs-energy-idn-2022-q-2026-09-28-md-21385705,IDN,f666284b5628016b5c6bc24b13e6617664a03a247d0d9d927acc545d394f3bdc,DEU.IDN.23210.11.10000.C01.C.Q.DD.21385705.USD/2022,131,Solar Cold Chain for a Green Economy (SOCOOL),named_item,,,23210,,2026-09-28,External CRS comparator activity-flow record; not a JETP project
oecd-crs-energy-idn-2022-q-2026-09-28-md-20968038,IDN,f666284b5628016b5c6bc24b13e6617664a03a247d0d9d927acc545d394f3bdc,DEU.IDN.23183.11.10000.C01.D.Q.DD.20968038.USD/2022,132,Sustainable Energy Transition in Indonesia (SETI),named_item,,,23183,,2026-09-28,External CRS comparator activity-flow record; not a JETP project
oecd-crs-energy-idn-2022-q-2026-09-28-md-21385294,IDN,f666284b5628016b5c6bc24b13e6617664a03a247d0d9d927acc545d394f3bdc,DEU.IDN.23110.11.10000.C01.C.Q.DD.21385294.USD/2022,133,Sustainable Energy Transition in Indonesia (SETI),named_item,,,23110,,2026-09-28,External CRS comparator activity-flow record; not a JETP project
oecd-crs-energy-idn-2022-q-2026-09-28-md-21385295,IDN,f666284b5628016b5c6bc24b13e6617664a03a247d0d9d927acc545d394f3bdc,DEU.IDN.23183.11.10000.C01.C.Q.DD.21385295.USD/2022,134,Sustainable Energy Transition in Indonesia (SETI),named_item,,,23183,,2026-09-28,External CRS comparator activity-flow record; not a JETP project
oecd-crs-energy-idn-2022-q-2026-09-28-md-20968039,IDN,f666284b5628016b5c6bc24b13e6617664a03a247d0d9d927acc545d394f3bdc,DEU.IDN.23210.11.10000.C01.D.Q.DD.20968039.USD/2022,135,Sustainable Energy Transition in Indonesia (SETI),named_item,,,23210,,2026-09-28,External CRS comparator activity-flow record; not a JETP project
oecd-crs-energy-idn-2022-q-2026-09-28-md-21044136,IDN,f666284b5628016b5c6bc24b13e6617664a03a247d0d9d927acc545d394f3bdc,NOR.IDN.23220.14.60000.C01.D.Q.DD.21044136.USD/2022,136,P109 - Lobu Dolom HPP,named_item,,,23220,,2026-09-28,External CRS comparator activity-flow record; not a JETP project
oecd-crs-energy-idn-2022-q-2026-09-28-md-21762928,IDN,f666284b5628016b5c6bc24b13e6617664a03a247d0d9d927acc545d394f3bdc,NOR.IDN.23220.11.60000.C01.D.Q.DD.21762928.USD/2022,137,Tinfos feasibility study phase II Indonesia small hydro projects,named_item,,,23220,,2026-09-28,External CRS comparator activity-flow record; not a JETP project
oecd-crs-energy-idn-2022-q-2026-09-28-md-21794342,IDN,f666284b5628016b5c6bc24b13e6617664a03a247d0d9d927acc545d394f3bdc,FRA.IDN.23630.13.10000.C01.D.Q.DD.21794342.USD/2022,138,Financement d'un projet de sécurité d'approvisionnement électrique à Jakarta (Phase II),named_item,,,23630,,2026-09-28,External CRS comparator activity-flow record; not a JETP project
oecd-crs-energy-idn-2022-q-2026-09-28-md-21296955,IDN,f666284b5628016b5c6bc24b13e6617664a03a247d0d9d927acc545d394f3bdc,FRA.IDN.23210.11.10000.C01.C.Q.DD.21296955.USD/2022,139,AICET,named_item,,,23210,,2026-09-28,External CRS comparator activity-flow record; not a JETP project
oecd-crs-energy-idn-2022-q-2026-09-28-md-21794193,IDN,f666284b5628016b5c6bc24b13e6617664a03a247d0d9d927acc545d394f3bdc,FRA.IDN.23110.11.10000.C01.D.Q.DD.21794193.USD/2022,140,FASEP 1129-ET.FAISAB.SOLUTIONS SMART GRIDS,named_item,,,23110,,2026-09-28,External CRS comparator activity-flow record; not a JETP project
oecd-crs-energy-idn-2022-q-2026-09-28-md-21761558,IDN,f666284b5628016b5c6bc24b13e6617664a03a247d0d9d927acc545d394f3bdc,5RDB001.IDN.23630.14.10000.C01.D.Q.DD.21761558.USD/2022,141,PLN East Java & Bali Power Distribution Expansion Project,named_item,,,23630,,2026-09-28,External CRS comparator activity-flow record; not a JETP project
oecd-crs-energy-idn-2022-q-2026-09-28-md-21255287,IDN,f666284b5628016b5c6bc24b13e6617664a03a247d0d9d927acc545d394f3bdc,FIN.IDN.23630.11.60000.C01.C.Q.DD.21255287.USD/2022,142,Finnpartnership Programme,named_item,,,23630,,2026-09-28,External CRS comparator activity-flow record; not a JETP project
oecd-crs-energy-idn-2022-q-2026-09-28-md-21255286,IDN,f666284b5628016b5c6bc24b13e6617664a03a247d0d9d927acc545d394f3bdc,FIN.IDN.23210.11.60000.C01.C.Q.DD.21255286.USD/2022,143,Finnpartnership Programme,named_item,,,23210,,2026-09-28,External CRS comparator activity-flow record; not a JETP project
oecd-crs-energy-idn-2022-q-2026-09-28-md-21798280,IDN,f666284b5628016b5c6bc24b13e6617664a03a247d0d9d927acc545d394f3bdc,FRA.IDN.23240.11.10000.C01.D.Q.DD.21798280.USD/2022,144,FEXTE,named_item,,,23240,,2026-09-28,External CRS comparator activity-flow record; not a JETP project
oecd-crs-energy-idn-2022-q-2026-09-28-md-21312984,IDN,f666284b5628016b5c6bc24b13e6617664a03a247d0d9d927acc545d394f3bdc,DNK.IDN.23110.11.10000.D01.C.Q.DD.21312984.USD/2022,145,"Strategic Sector Cooperation on Sustainable Island Initiative (SII) between Denmark and Indonesia (Energy), Phase 1",named_item,,,23110,,2026-09-28,External CRS comparator activity-flow record; not a JETP project
oecd-crs-energy-idn-2022-q-2026-09-28-md-21817628,IDN,f666284b5628016b5c6bc24b13e6617664a03a247d0d9d927acc545d394f3bdc,DNK.IDN.23110.11.10000.D01.D.Q.DD.21817628.USD/2022,146,"Strategic Sector Cooperation on Sustainable Island Initiative (SII) between Denmark and Indonesia (Energy), Phase 1",named_item,,,23110,,2026-09-28,External CRS comparator activity-flow record; not a JETP project
oecd-crs-energy-idn-2022-q-2026-09-28-md-21817670,IDN,f666284b5628016b5c6bc24b13e6617664a03a247d0d9d927acc545d394f3bdc,DNK.IDN.23110.11.10000.D01.D.Q.DD.21817670.USD/2022,147,"Danish Energy Partnership Programme III, INDODEPP",named_item,,,23110,,2026-09-28,External CRS comparator activity-flow record; not a JETP project
oecd-crs-energy-idn-2022-q-2026-09-28-md-21824851,IDN,f666284b5628016b5c6bc24b13e6617664a03a247d0d9d927acc545d394f3bdc,DNK.IDN.23110.11.10000.C01.D.Q.DD.21824851.USD/2022,148,"Danish-Indonesian Strategic Sector Cooperation on clean energy, renewable energy and energy efficiency",named_item,,,23110,,2026-09-28,External CRS comparator activity-flow record; not a JETP project
oecd-crs-energy-idn-2022-q-2026-09-28-md-21312773,IDN,f666284b5628016b5c6bc24b13e6617664a03a247d0d9d927acc545d394f3bdc,DNK.IDN.23110.11.10000.C01.C.Q.DD.21312773.USD/2022,149,"Danish-Indonesian Strategic Sector Cooperation on clean energy, renewable energy and energy efficiency",named_item,,,23110,,2026-09-28,External CRS comparator activity-flow record; not a JETP project
oecd-crs-energy-idn-2022-q-2026-09-28-md-21817669,IDN,f666284b5628016b5c6bc24b13e6617664a03a247d0d9d927acc545d394f3bdc,DNK.IDN.23110.11.10000.C01.D.Q.DD.21817669.USD/2022,150,"Danish Energy Partnership Programme III, INDODEPP",named_item,,,23110,,2026-09-28,External CRS comparator activity-flow record; not a JETP project
oecd-crs-energy-idn-2022-q-2026-09-28-md-21312995,IDN,f666284b5628016b5c6bc24b13e6617664a03a247d0d9d927acc545d394f3bdc,DNK.IDN.23110.11.10000.C01.C.Q.DD.21312995.USD/2022,151,"Danish Energy Partnership Programme III, INDODEPP",named_item,,,23110,,2026-09-28,External CRS comparator activity-flow record; not a JETP project
oecd-crs-energy-idn-2022-q-2026-09-28-md-21774479,IDN,f666284b5628016b5c6bc24b13e6617664a03a247d0d9d927acc545d394f3bdc,5RDB009.IDN.23630.14.10000.C01.D.Q.DD.21774479.USD/2022,152,Power Grid Enhancement Project,named_item,,,23630,,2026-09-28,External CRS comparator activity-flow record; not a JETP project
oecd-crs-energy-idn-2022-q-2026-09-28-md-21450493,IDN,f666284b5628016b5c6bc24b13e6617664a03a247d0d9d927acc545d394f3bdc,BEL.IDN.23210.14.60000.C01.C.Q.DD.21450493.USD/2022,153,Renewable Energy Asia Fund II - Lombok Solar,named_item,,,23210,,2026-09-28,External CRS comparator activity-flow record; not a JETP project
oecd-crs-energy-idn-2022-q-2026-09-28-md-21450491,IDN,f666284b5628016b5c6bc24b13e6617664a03a247d0d9d927acc545d394f3bdc,BEL.IDN.23210.14.60000.C01.C.Q.DD.21450491.USD/2022,154,Renewable Energy Asia Fund II - Quantum Solar,named_item,,,23210,,2026-09-28,External CRS comparator activity-flow record; not a JETP project
oecd-crs-energy-idn-2022-q-2026-09-28-md-21044543,IDN,f666284b5628016b5c6bc24b13e6617664a03a247d0d9d927acc545d394f3bdc,BEL.IDN.23220.14.60000.C01.D.Q.DD.21044543.USD/2022,155,Renewable Energy Asia Fund II - Sitanduk Hydropower,named_item,,,23220,,2026-09-28,External CRS comparator activity-flow record; not a JETP project
oecd-crs-energy-idn-2022-q-2026-09-28-md-21044452,IDN,f666284b5628016b5c6bc24b13e6617664a03a247d0d9d927acc545d394f3bdc,BEL.IDN.23210.14.60000.C01.D.Q.DD.21044452.USD/2022,156,Renewable Energy Asia Fund II - Lombok Solar,named_item,,,23210,,2026-09-28,External CRS comparator activity-flow record; not a JETP project
oecd-crs-energy-idn-2022-q-2026-09-28-md-21044450,IDN,f666284b5628016b5c6bc24b13e6617664a03a247d0d9d927acc545d394f3bdc,BEL.IDN.23210.14.60000.C01.D.Q.DD.21044450.USD/2022,157,Renewable Energy Asia Fund II - Quantum Solar,named_item,,,23210,,2026-09-28,External CRS comparator activity-flow record; not a JETP project
oecd-crs-energy-idn-2022-q-2026-09-28-md-21044451,IDN,f666284b5628016b5c6bc24b13e6617664a03a247d0d9d927acc545d394f3bdc,BEL.IDN.23210.14.60000.C01.D.Q.DD.21044451.USD/2022,158,Renewable Energy Asia Fund II - Tasma Bioenergy,named_item,,,23210,,2026-09-28,External CRS comparator activity-flow record; not a JETP project
oecd-crs-energy-idn-2022-q-2026-09-28-md-20995251,IDN,f666284b5628016b5c6bc24b13e6617664a03a247d0d9d927acc545d394f3bdc,GBR.IDN.23210.11.60000.C01.D.Q.DD.20995251.USD/2022,159,Mentari RE Delivery,named_item,,,23210,,2026-09-28,External CRS comparator activity-flow record; not a JETP project
oecd-crs-energy-idn-2022-q-2026-09-28-md-21276125,IDN,f666284b5628016b5c6bc24b13e6617664a03a247d0d9d927acc545d394f3bdc,KOR.IDN.23110.11.10000.E01.C.Q.DD.21276125.USD/2022,160,Masters degree program in Energy Science and Policy(2022),named_item,,,23110,,2026-09-28,External CRS comparator activity-flow record; not a JETP project
oecd-crs-energy-idn-2022-q-2026-09-28-md-21367037,IDN,f666284b5628016b5c6bc24b13e6617664a03a247d0d9d927acc545d394f3bdc,USA.IDN.23110.11.20000.C01.C.Q.DD.21367037.USD/2022,161,Strengthen Just Workforce Clean Energy Transition,named_item,,,23110,,2026-09-28,External CRS comparator activity-flow record; not a JETP project
oecd-crs-energy-idn-2022-q-2026-09-28-md-21814256,IDN,f666284b5628016b5c6bc24b13e6617664a03a247d0d9d927acc545d394f3bdc,AUS.IDN.23110.11.40000.C01.D.Q.DD.21814256.USD/2022,162,ADB Sustainable Infrastructure Assistance Program Phase 2 (SIAP 2),named_item,,,23110,,2026-09-28,External CRS comparator activity-flow record; not a JETP project
oecd-crs-energy-idn-2022-q-2026-09-28-md-21311383,IDN,f666284b5628016b5c6bc24b13e6617664a03a247d0d9d927acc545d394f3bdc,AUS.IDN.23110.11.40000.C01.C.Q.DD.21311383.USD/2022,163,ADB Sustainable Infrastructure Assistance Program Phase 2 (SIAP 2),named_item,,,23110,,2026-09-28,External CRS comparator activity-flow record; not a JETP project
oecd-crs-energy-idn-2022-q-2026-09-28-md-21385296,IDN,f666284b5628016b5c6bc24b13e6617664a03a247d0d9d927acc545d394f3bdc,DEU.IDN.23210.11.10000.C01.C.Q.DD.21385296.USD/2022,164,Sustainable Energy Transition in Indonesia (SETI),named_item,,,23210,,2026-09-28,External CRS comparator activity-flow record; not a JETP project
oecd-crs-energy-idn-2022-q-2026-09-28-md-20968037,IDN,f666284b5628016b5c6bc24b13e6617664a03a247d0d9d927acc545d394f3bdc,DEU.IDN.23110.11.10000.C01.D.Q.DD.20968037.USD/2022,165,Sustainable Energy Transition in Indonesia (SETI),named_item,,,23110,,2026-09-28,External CRS comparator activity-flow record; not a JETP project
oecd-crs-energy-idn-2022-q-2026-09-28-md-21450492,IDN,f666284b5628016b5c6bc24b13e6617664a03a247d0d9d927acc545d394f3bdc,BEL.IDN.23210.14.60000.C01.C.Q.DD.21450492.USD/2022,166,Renewable Energy Asia Fund II - Tasma Bioenergy,named_item,,,23210,,2026-09-28,External CRS comparator activity-flow record; not a JETP project
oecd-crs-energy-idn-2022-q-2026-09-28-md-21440031,IDN,f666284b5628016b5c6bc24b13e6617664a03a247d0d9d927acc545d394f3bdc,BEL.IDN.23220.14.60000.C01.C.Q.DD.21440031.USD/2022,167,Renewable Energy Asia Fund II - Sitanduk Hydropower,named_item,,,23220,,2026-09-28,External CRS comparator activity-flow record; not a JETP project
oecd-crs-energy-idn-2022-q-2026-09-28-md-21823450,IDN,f666284b5628016b5c6bc24b13e6617664a03a247d0d9d927acc545d394f3bdc,JPN.IDN.23630.13.10000.C01.D.Q.DD.21823450.USD/2022,168,Geothermal Development Acceleration Program (Hululais Geothermal Power Plant Project (E/S)),named_item,,,23630,,2026-09-28,External CRS comparator activity-flow record; not a JETP project
oecd-crs-energy-idn-2023-q-2026-09-28-md-22924667,IDN,05f6b0bfeaeae3ead49c0a1c5e38f415a66915629a27c3a050be316d13a6f6dc,9PRIV1618.IDN.23110.30.20000.B01.D.Q.DD.22924667.USD/2023,1,Earth InSight,named_item,,,23110,,2026-09-28,External CRS comparator activity-flow record; not a JETP project
oecd-crs-energy-idn-2023-q-2026-09-28-md-22307914,IDN,05f6b0bfeaeae3ead49c0a1c5e38f415a66915629a27c3a050be316d13a6f6dc,9PRIV1618.IDN.23110.30.20000.B01.C.Q.DD.22307914.USD/2023,2,Earth InSight,named_item,,,23110,,2026-09-28,External CRS comparator activity-flow record; not a JETP project
oecd-crs-energy-idn-2023-q-2026-09-28-md-22307943,IDN,05f6b0bfeaeae3ead49c0a1c5e38f415a66915629a27c3a050be316d13a6f6dc,9PRIV1618.IDN.23110.30.20000.B01.C.Q.DD.22307943.USD/2023,3,Bioenergy and Land Use Campaign,named_item,,,23110,,2026-09-28,External CRS comparator activity-flow record; not a JETP project
oecd-crs-energy-idn-2023-q-2026-09-28-md-22307835,IDN,05f6b0bfeaeae3ead49c0a1c5e38f415a66915629a27c3a050be316d13a6f6dc,9PRIV1618.IDN.23110.30.20000.B01.C.Q.DD.22307835.USD/2023,4,General Support,named_item,,,23110,,2026-09-28,External CRS comparator activity-flow record; not a JETP project
oecd-crs-energy-idn-2023-q-2026-09-28-md-22315302,IDN,05f6b0bfeaeae3ead49c0a1c5e38f415a66915629a27c3a050be316d13a6f6dc,9PRIV1611.IDN.23110.30.20000.C01.C.Q.DD.22315302.USD/2023,5,Energy policy and administrative management,named_item,,,23110,,2026-09-28,External CRS comparator activity-flow record; not a JETP project
oecd-crs-energy-idn-2023-q-2026-09-28-md-22933351,IDN,05f6b0bfeaeae3ead49c0a1c5e38f415a66915629a27c3a050be316d13a6f6dc,9PRIV1611.IDN.23110.30.20000.C01.D.Q.DD.22933351.USD/2023,6,Energy policy and administrative management,named_item,,,23110,,2026-09-28,External CRS comparator activity-flow record; not a JETP project
oecd-crs-energy-idn-2023-q-2026-09-28-md-22923305,IDN,05f6b0bfeaeae3ead49c0a1c5e38f415a66915629a27c3a050be316d13a6f6dc,9PRIV1627.IDN.23110.30.50000.C01.D.Q.DD.22923305.USD/2023,7,University of Gadjah Mada,named_item,,,23110,,2026-09-28,External CRS comparator activity-flow record; not a JETP project
oecd-crs-energy-idn-2023-q-2026-09-28-md-22313370,IDN,05f6b0bfeaeae3ead49c0a1c5e38f415a66915629a27c3a050be316d13a6f6dc,9PRIV1627.IDN.23110.30.50000.C01.C.Q.DD.22313370.USD/2023,8,University of Gadjah Mada,named_item,,,23110,,2026-09-28,External CRS comparator activity-flow record; not a JETP project
oecd-crs-energy-idn-2023-q-2026-09-28-md-22923304,IDN,05f6b0bfeaeae3ead49c0a1c5e38f415a66915629a27c3a050be316d13a6f6dc,9PRIV1627.IDN.23183.30.50000.C01.D.Q.DD.22923304.USD/2023,9,Purnomo Yusgiantoro Center,named_item,,,23183,,2026-09-28,External CRS comparator activity-flow record; not a JETP project
oecd-crs-energy-idn-2023-q-2026-09-28-md-22313369,IDN,05f6b0bfeaeae3ead49c0a1c5e38f415a66915629a27c3a050be316d13a6f6dc,9PRIV1627.IDN.23183.30.50000.C01.C.Q.DD.22313369.USD/2023,10,Purnomo Yusgiantoro Center,named_item,,,23183,,2026-09-28,External CRS comparator activity-flow record; not a JETP project
oecd-crs-energy-idn-2023-q-2026-09-28-md-22923711,IDN,05f6b0bfeaeae3ead49c0a1c5e38f415a66915629a27c3a050be316d13a6f6dc,9PRIV1627.IDN.23183.30.20000.C01.D.Q.DD.22923711.USD/2023,11,KOPEL Indonesia,named_item,,,23183,,2026-09-28,External CRS comparator activity-flow record; not a JETP project
oecd-crs-energy-idn-2023-q-2026-09-28-md-22923708,IDN,05f6b0bfeaeae3ead49c0a1c5e38f415a66915629a27c3a050be316d13a6f6dc,9PRIV1627.IDN.23110.30.20000.C01.D.Q.DD.22923708.USD/2023,12,Yayasan Indonesia Cerah,named_item,,,23110,,2026-09-28,External CRS comparator activity-flow record; not a JETP project
oecd-crs-energy-idn-2023-q-2026-09-28-md-22923672,IDN,05f6b0bfeaeae3ead49c0a1c5e38f415a66915629a27c3a050be316d13a6f6dc,9PRIV1627.IDN.23210.30.20000.C01.D.Q.DD.22923672.USD/2023,13,Rekam Nusantara Foundation,named_item,,,23210,,2026-09-28,External CRS comparator activity-flow record; not a JETP project
oecd-crs-energy-idn-2023-q-2026-09-28-md-22923676,IDN,05f6b0bfeaeae3ead49c0a1c5e38f415a66915629a27c3a050be316d13a6f6dc,9PRIV1627.IDN.23110.30.20000.C01.D.Q.DD.22923676.USD/2023,14,Institute for Essential Services Reform,named_item,,,23110,,2026-09-28,External CRS comparator activity-flow record; not a JETP project
oecd-crs-energy-idn-2023-q-2026-09-28-md-22937026,IDN,05f6b0bfeaeae3ead49c0a1c5e38f415a66915629a27c3a050be316d13a6f6dc,9PRIV1627.IDN.23210.30.20000.C01.D.Q.DD.22937026.USD/2023,15,Indonesia Innovation Technology Foundation,named_item,,,23210,,2026-09-28,External CRS comparator activity-flow record; not a JETP project
oecd-crs-energy-idn-2023-q-2026-09-28-md-22316508,IDN,05f6b0bfeaeae3ead49c0a1c5e38f415a66915629a27c3a050be316d13a6f6dc,9PRIV1627.IDN.23210.30.20000.C01.C.Q.DD.22316508.USD/2023,16,Indonesia Innovation Technology Foundation,named_item,,,23210,,2026-09-28,External CRS comparator activity-flow record; not a JETP project
oecd-crs-energy-idn-2023-q-2026-09-28-md-22313403,IDN,05f6b0bfeaeae3ead49c0a1c5e38f415a66915629a27c3a050be316d13a6f6dc,9PRIV1627.IDN.23110.30.20000.C01.C.Q.DD.22313403.USD/2023,17,Perkumpulan Migunani Lan Mberkahi,named_item,,,23110,,2026-09-28,External CRS comparator activity-flow record; not a JETP project
oecd-crs-energy-idn-2023-q-2026-09-28-md-22923336,IDN,05f6b0bfeaeae3ead49c0a1c5e38f415a66915629a27c3a050be316d13a6f6dc,9PRIV1627.IDN.23110.30.20000.C01.D.Q.DD.22923336.USD/2023,18,Perkumpulan Migunani Lan Mberkahi,named_item,,,23110,,2026-09-28,External CRS comparator activity-flow record; not a JETP project
oecd-crs-energy-idn-2023-q-2026-09-28-md-22283644,IDN,05f6b0bfeaeae3ead49c0a1c5e38f415a66915629a27c3a050be316d13a6f6dc,9OTH015.IDN.23210.14.60000.C01.C.Q.DD.22283644.USD/2023,19,Project GAIA (GAIA),named_item,,,23210,,2026-09-28,External CRS comparator activity-flow record; not a JETP project
oecd-crs-energy-idn-2023-q-2026-09-28-md-22283513,IDN,05f6b0bfeaeae3ead49c0a1c5e38f415a66915629a27c3a050be316d13a6f6dc,9OTH015.IDN.23210.13.40000.C01.C.Q.DD.22283513.USD/2023,20,Sustainable Renewables Risk Mitigation Initiative (SRMI) Facility (Phase 2 Resilience focus) [SRMI-Resilience],named_item,,,23210,,2026-09-28,External CRS comparator activity-flow record; not a JETP project
oecd-crs-energy-idn-2023-q-2026-09-28-md-22283496,IDN,05f6b0bfeaeae3ead49c0a1c5e38f415a66915629a27c3a050be316d13a6f6dc,9OTH015.IDN.23110.13.40000.C01.C.Q.DD.22283496.USD/2023,21,Sustainable Renewables Risk Mitigation Initiative (SRMI) Facility (Phase 2 Resilience focus) [SRMI-Resilience],named_item,,,23110,,2026-09-28,External CRS comparator activity-flow record; not a JETP project
oecd-crs-energy-idn-2023-q-2026-09-28-md-22283497,IDN,05f6b0bfeaeae3ead49c0a1c5e38f415a66915629a27c3a050be316d13a6f6dc,9OTH015.IDN.23210.13.40000.C01.C.Q.DD.22283497.USD/2023,22,Sustainable Renewables Risk Mitigation Initiative (SRMI) Facility (Phase 2 Resilience focus) [SRMI-Resilience],named_item,,,23210,,2026-09-28,External CRS comparator activity-flow record; not a JETP project
oecd-crs-energy-idn-2023-q-2026-09-28-md-22283512,IDN,05f6b0bfeaeae3ead49c0a1c5e38f415a66915629a27c3a050be316d13a6f6dc,9OTH015.IDN.23110.13.40000.C01.C.Q.DD.22283512.USD/2023,23,Sustainable Renewables Risk Mitigation Initiative (SRMI) Facility (Phase 2 Resilience focus) [SRMI-Resilience],named_item,,,23110,,2026-09-28,External CRS comparator activity-flow record; not a JETP project
oecd-crs-energy-idn-2023-q-2026-09-28-md-22665274,IDN,05f6b0bfeaeae3ead49c0a1c5e38f415a66915629a27c3a050be316d13a6f6dc,9OTH022.IDN.23220.14.60000.C01.D.Q.DD.22665274.USD/2023,24,"Endikat Hydro Power, Indonesia",named_item,,,23220,,2026-09-28,External CRS comparator activity-flow record; not a JETP project
oecd-crs-energy-idn-2023-q-2026-09-28-md-22289116,IDN,05f6b0bfeaeae3ead49c0a1c5e38f415a66915629a27c3a050be316d13a6f6dc,9OTH011.IDN.23210.11.40000.C01.C.Q.DD.22289116.USD/2023,25,Indonesia's Net Zero Acceleration through Integrated Actions in the Energy and FOLU sectors (INET-ZERO),named_item,,,23210,,2026-09-28,External CRS comparator activity-flow record; not a JETP project
oecd-crs-energy-idn-2023-q-2026-09-28-md-22289104,IDN,05f6b0bfeaeae3ead49c0a1c5e38f415a66915629a27c3a050be316d13a6f6dc,9OTH011.IDN.23210.11.40000.C01.C.Q.DD.22289104.USD/2023,26,Indonesia's Net Zero Acceleration through Integrated Actions in the Energy and FOLU sectors (INET-ZERO),named_item,,,23210,,2026-09-28,External CRS comparator activity-flow record; not a JETP project
oecd-crs-energy-idn-2023-q-2026-09-28-md-22289092,IDN,05f6b0bfeaeae3ead49c0a1c5e38f415a66915629a27c3a050be316d13a6f6dc,9OTH011.IDN.23210.11.40000.C01.C.Q.DD.22289092.USD/2023,27,Indonesia's Net Zero Acceleration through Integrated Actions in the Energy and FOLU sectors (INET-ZERO),named_item,,,23210,,2026-09-28,External CRS comparator activity-flow record; not a JETP project
oecd-crs-energy-idn-2023-q-2026-09-28-md-22289113,IDN,05f6b0bfeaeae3ead49c0a1c5e38f415a66915629a27c3a050be316d13a6f6dc,9OTH011.IDN.23210.11.40000.C01.C.Q.DD.22289113.USD/2023,28,Indonesia's Net Zero Acceleration through Integrated Actions in the Energy and FOLU sectors (INET-ZERO),named_item,,,23210,,2026-09-28,External CRS comparator activity-flow record; not a JETP project
oecd-crs-energy-idn-2023-q-2026-09-28-md-22289119,IDN,05f6b0bfeaeae3ead49c0a1c5e38f415a66915629a27c3a050be316d13a6f6dc,9OTH011.IDN.23210.11.40000.C01.C.Q.DD.22289119.USD/2023,29,Indonesia's Net Zero Acceleration through Integrated Actions in the Energy and FOLU sectors (INET-ZERO),named_item,,,23210,,2026-09-28,External CRS comparator activity-flow record; not a JETP project
oecd-crs-energy-idn-2023-q-2026-09-28-md-22289089,IDN,05f6b0bfeaeae3ead49c0a1c5e38f415a66915629a27c3a050be316d13a6f6dc,9OTH011.IDN.23210.11.40000.C01.C.Q.DD.22289089.USD/2023,30,Indonesia's Net Zero Acceleration through Integrated Actions in the Energy and FOLU sectors (INET-ZERO),named_item,,,23210,,2026-09-28,External CRS comparator activity-flow record; not a JETP project
oecd-crs-energy-idn-2023-q-2026-09-28-md-22289122,IDN,05f6b0bfeaeae3ead49c0a1c5e38f415a66915629a27c3a050be316d13a6f6dc,9OTH011.IDN.23210.11.40000.C01.C.Q.DD.22289122.USD/2023,31,Indonesia's Net Zero Acceleration through Integrated Actions in the Energy and FOLU sectors (INET-ZERO),named_item,,,23210,,2026-09-28,External CRS comparator activity-flow record; not a JETP project
oecd-crs-energy-idn-2023-q-2026-09-28-md-22289095,IDN,05f6b0bfeaeae3ead49c0a1c5e38f415a66915629a27c3a050be316d13a6f6dc,9OTH011.IDN.23210.11.40000.C01.C.Q.DD.22289095.USD/2023,32,Indonesia's Net Zero Acceleration through Integrated Actions in the Energy and FOLU sectors (INET-ZERO),named_item,,,23210,,2026-09-28,External CRS comparator activity-flow record; not a JETP project
oecd-crs-energy-idn-2023-q-2026-09-28-md-22289107,IDN,05f6b0bfeaeae3ead49c0a1c5e38f415a66915629a27c3a050be316d13a6f6dc,9OTH011.IDN.23210.11.40000.C01.C.Q.DD.22289107.USD/2023,33,Indonesia's Net Zero Acceleration through Integrated Actions in the Energy and FOLU sectors (INET-ZERO),named_item,,,23210,,2026-09-28,External CRS comparator activity-flow record; not a JETP project
oecd-crs-energy-idn-2023-q-2026-09-28-md-22289098,IDN,05f6b0bfeaeae3ead49c0a1c5e38f415a66915629a27c3a050be316d13a6f6dc,9OTH011.IDN.23210.11.40000.C01.C.Q.DD.22289098.USD/2023,34,Indonesia's Net Zero Acceleration through Integrated Actions in the Energy and FOLU sectors (INET-ZERO),named_item,,,23210,,2026-09-28,External CRS comparator activity-flow record; not a JETP project
oecd-crs-energy-idn-2023-q-2026-09-28-md-22289101,IDN,05f6b0bfeaeae3ead49c0a1c5e38f415a66915629a27c3a050be316d13a6f6dc,9OTH011.IDN.23210.11.40000.C01.C.Q.DD.22289101.USD/2023,35,Indonesia's Net Zero Acceleration through Integrated Actions in the Energy and FOLU sectors (INET-ZERO),named_item,,,23210,,2026-09-28,External CRS comparator activity-flow record; not a JETP project
oecd-crs-energy-idn-2023-q-2026-09-28-md-22924615,IDN,05f6b0bfeaeae3ead49c0a1c5e38f415a66915629a27c3a050be316d13a6f6dc,9PRIV1618.IDN.23110.30.20000.B01.D.Q.DD.22924615.USD/2023,36,General Support,named_item,,,23110,,2026-09-28,External CRS comparator activity-flow record; not a JETP project
oecd-crs-energy-idn-2023-q-2026-09-28-md-22927387,IDN,05f6b0bfeaeae3ead49c0a1c5e38f415a66915629a27c3a050be316d13a6f6dc,9PRIV1618.IDN.23110.30.20000.B01.D.Q.DD.22927387.USD/2023,37,Bioenergy and Land Use Campaign,named_item,,,23110,,2026-09-28,External CRS comparator activity-flow record; not a JETP project
oecd-crs-energy-idn-2023-q-2026-09-28-md-22751683,IDN,05f6b0bfeaeae3ead49c0a1c5e38f415a66915629a27c3a050be316d13a6f6dc,9OTH006.IDN.23260.13.40000.C01.D.Q.DD.22751683.USD/2023,38,DPSP III: Geothermal Power Generation Project,named_item,,,23260,,2026-09-28,External CRS comparator activity-flow record; not a JETP project
oecd-crs-energy-idn-2023-q-2026-09-28-md-22751682,IDN,05f6b0bfeaeae3ead49c0a1c5e38f415a66915629a27c3a050be316d13a6f6dc,9OTH006.IDN.23260.11.40000.C01.D.Q.DD.22751682.USD/2023,39,DPSPIII: Indonesia Geothermal Resource Risk Mitigation Project (GREM),named_item,,,23260,,2026-09-28,External CRS comparator activity-flow record; not a JETP project
oecd-crs-energy-idn-2023-q-2026-09-28-md-22313878,IDN,05f6b0bfeaeae3ead49c0a1c5e38f415a66915629a27c3a050be316d13a6f6dc,5WB001.IDN.23231.14.10000.C01.C.Q.DD.22313878.USD/2023,40,Indonesia Sustainable Least-cost Electrification-1 (ISLE-1) Program,named_item,,,23231,,2026-09-28,External CRS comparator activity-flow record; not a JETP project
oecd-crs-energy-idn-2023-q-2026-09-28-md-22313879,IDN,05f6b0bfeaeae3ead49c0a1c5e38f415a66915629a27c3a050be316d13a6f6dc,5WB001.IDN.23631.14.10000.C01.C.Q.DD.22313879.USD/2023,41,Indonesia Sustainable Least-cost Electrification-1 (ISLE-1) Program,named_item,,,23631,,2026-09-28,External CRS comparator activity-flow record; not a JETP project
oecd-crs-energy-idn-2023-q-2026-09-28-md-22283481,IDN,05f6b0bfeaeae3ead49c0a1c5e38f415a66915629a27c3a050be316d13a6f6dc,9OTH015.IDN.23210.11.40000.C01.C.Q.DD.22283481.USD/2023,42,Sustainable Renewables Risk Mitigation Initiative (SRMI) Facility (Phase 2 Resilience focus) [SRMI-Resilience],named_item,,,23210,,2026-09-28,External CRS comparator activity-flow record; not a JETP project
oecd-crs-energy-idn-2023-q-2026-09-28-md-22283480,IDN,05f6b0bfeaeae3ead49c0a1c5e38f415a66915629a27c3a050be316d13a6f6dc,9OTH015.IDN.23110.11.40000.C01.C.Q.DD.22283480.USD/2023,43,Sustainable Renewables Risk Mitigation Initiative (SRMI) Facility (Phase 2 Resilience focus) [SRMI-Resilience],named_item,,,23110,,2026-09-28,External CRS comparator activity-flow record; not a JETP project
oecd-crs-energy-idn-2023-q-2026-09-28-md-22795963,IDN,05f6b0bfeaeae3ead49c0a1c5e38f415a66915629a27c3a050be316d13a6f6dc,5RDB009.IDN.23630.14.60000.C01.D.Q.DD.22795963.USD/2023,44,PT Mandala Multifinance Tbk,named_item,,,23630,,2026-09-28,External CRS comparator activity-flow record; not a JETP project
oecd-crs-energy-idn-2023-q-2026-09-28-md-22313877,IDN,05f6b0bfeaeae3ead49c0a1c5e38f415a66915629a27c3a050be316d13a6f6dc,5WB001.IDN.23110.14.10000.C01.C.Q.DD.22313877.USD/2023,45,Indonesia Sustainable Least-cost Electrification-1 (ISLE-1) Program,named_item,,,23110,,2026-09-28,External CRS comparator activity-flow record; not a JETP project
oecd-crs-energy-idn-2023-q-2026-09-28-md-22798914,IDN,05f6b0bfeaeae3ead49c0a1c5e38f415a66915629a27c3a050be316d13a6f6dc,5WB001.IDN.23631.14.10000.C01.D.Q.DD.22798914.USD/2023,46,Development of Pumped Storage Hydropower in Java Bali System Project,named_item,,,23631,,2026-09-28,External CRS comparator activity-flow record; not a JETP project
oecd-crs-energy-idn-2023-q-2026-09-28-md-22798913,IDN,05f6b0bfeaeae3ead49c0a1c5e38f415a66915629a27c3a050be316d13a6f6dc,5WB001.IDN.23110.14.10000.C01.D.Q.DD.22798913.USD/2023,47,Development of Pumped Storage Hydropower in Java Bali System Project,named_item,,,23110,,2026-09-28,External CRS comparator activity-flow record; not a JETP project
oecd-crs-energy-idn-2023-q-2026-09-28-md-22285247,IDN,05f6b0bfeaeae3ead49c0a1c5e38f415a66915629a27c3a050be316d13a6f6dc,5ASDB01.IDN.23110.11.10000.D02.C.Q.DD.22285247.USD/2023,48,Building Capacity for Low-Carbon Power Infrastructure Development,named_item,,,23110,,2026-09-28,External CRS comparator activity-flow record; not a JETP project
oecd-crs-energy-idn-2023-q-2026-09-28-md-22282075,IDN,05f6b0bfeaeae3ead49c0a1c5e38f415a66915629a27c3a050be316d13a6f6dc,5ASDB01.IDN.23631.11.10000.D02.C.Q.DD.22282075.USD/2023,49,Strengthening Country Program Development and Delivery,named_item,,,23631,,2026-09-28,External CRS comparator activity-flow record; not a JETP project
oecd-crs-energy-idn-2023-q-2026-09-28-md-22281744,IDN,05f6b0bfeaeae3ead49c0a1c5e38f415a66915629a27c3a050be316d13a6f6dc,5ASDB01.IDN.23110.11.10000.D02.C.Q.DD.22281744.USD/2023,50,Building Capacity for Low-Carbon Power Infrastructure Development,named_item,,,23110,,2026-09-28,External CRS comparator activity-flow record; not a JETP project
oecd-crs-energy-idn-2023-q-2026-09-28-md-22282074,IDN,05f6b0bfeaeae3ead49c0a1c5e38f415a66915629a27c3a050be316d13a6f6dc,5ASDB01.IDN.23110.11.10000.D02.C.Q.DD.22282074.USD/2023,51,Strengthening Country Program Development and Delivery,named_item,,,23110,,2026-09-28,External CRS comparator activity-flow record; not a JETP project
oecd-crs-energy-idn-2023-q-2026-09-28-md-22884160,IDN,05f6b0bfeaeae3ead49c0a1c5e38f415a66915629a27c3a050be316d13a6f6dc,5ASDB01.IDN.23110.14.10000.A01.D.Q.DD.22884160.USD/2023,52,Sustainable and Inclusive Energy Program (Subprogram 3),named_item,,,23110,,2026-09-28,External CRS comparator activity-flow record; not a JETP project
oecd-crs-energy-idn-2023-q-2026-09-28-md-22888257,IDN,05f6b0bfeaeae3ead49c0a1c5e38f415a66915629a27c3a050be316d13a6f6dc,5ASDB01.IDN.23260.14.10000.C01.D.Q.DD.22888257.USD/2023,53,Geothermal Power Generation,named_item,,,23260,,2026-09-28,External CRS comparator activity-flow record; not a JETP project
oecd-crs-energy-idn-2023-q-2026-09-28-md-22884166,IDN,05f6b0bfeaeae3ead49c0a1c5e38f415a66915629a27c3a050be316d13a6f6dc,5ASDB01.IDN.23630.14.10000.C01.D.Q.DD.22884166.USD/2023,54,Sustainable Energy Access in Eastern Indonesia - Electricity Grid Development Program (Phase 2),named_item,,,23630,,2026-09-28,External CRS comparator activity-flow record; not a JETP project
oecd-crs-energy-idn-2023-q-2026-09-28-md-22762385,IDN,05f6b0bfeaeae3ead49c0a1c5e38f415a66915629a27c3a050be316d13a6f6dc,4EU001.IDN.23110.11.10000.C01.D.Q.DD.22762385.USD/2023,55,Indonesia Policy Dialogue Fund (IPDF),named_item,,,23110,,2026-09-28,External CRS comparator activity-flow record; not a JETP project
oecd-crs-energy-idn-2023-q-2026-09-28-md-22762387,IDN,05f6b0bfeaeae3ead49c0a1c5e38f415a66915629a27c3a050be316d13a6f6dc,4EU001.IDN.23110.11.10000.C01.D.Q.DD.22762387.USD/2023,56,Support for Infrastructure Investments in Indonesia (S4I)  Assistance for the establishment of Indonesia¿s Development Bank,named_item,,,23110,,2026-09-28,External CRS comparator activity-flow record; not a JETP project
oecd-crs-energy-idn-2023-q-2026-09-28-md-22851183,IDN,05f6b0bfeaeae3ead49c0a1c5e38f415a66915629a27c3a050be316d13a6f6dc,USA.IDN.23210.11.60000.C01.D.Q.DD.22851183.USD/2023,57,Sustainable Energy for Indonesias Advancing Resilience (SINAR),named_item,,,23210,,2026-09-28,External CRS comparator activity-flow record; not a JETP project
oecd-crs-energy-idn-2023-q-2026-09-28-md-22262569,IDN,05f6b0bfeaeae3ead49c0a1c5e38f415a66915629a27c3a050be316d13a6f6dc,USA.IDN.23210.11.60000.C01.C.Q.DD.22262569.USD/2023,58,Sustainable Energy for Indonesias Advancing Resilience (SINAR),named_item,,,23210,,2026-09-28,External CRS comparator activity-flow record; not a JETP project
oecd-crs-energy-idn-2023-q-2026-09-28-md-22267297,IDN,05f6b0bfeaeae3ead49c0a1c5e38f415a66915629a27c3a050be316d13a6f6dc,USA.IDN.23210.11.10000.C01.C.Q.DD.22267297.USD/2023,59,Partnership for Decarbonized and Climate Resilient Energy Systems,named_item,,,23210,,2026-09-28,External CRS comparator activity-flow record; not a JETP project
oecd-crs-energy-idn-2023-q-2026-09-28-md-22857509,IDN,05f6b0bfeaeae3ead49c0a1c5e38f415a66915629a27c3a050be316d13a6f6dc,USA.IDN.23210.11.10000.C01.D.Q.DD.22857509.USD/2023,60,Partnership for Decarbonized and Climate Resilient Energy Systems,named_item,,,23210,,2026-09-28,External CRS comparator activity-flow record; not a JETP project
oecd-crs-energy-idn-2023-q-2026-09-28-md-22866489,IDN,05f6b0bfeaeae3ead49c0a1c5e38f415a66915629a27c3a050be316d13a6f6dc,USA.IDN.23110.11.20000.C01.D.Q.DD.22866489.USD/2023,61,Strengthen Just Workforce Clean Energy Transition,named_item,,,23110,,2026-09-28,External CRS comparator activity-flow record; not a JETP project
oecd-crs-energy-idn-2023-q-2026-09-28-md-22272570,IDN,05f6b0bfeaeae3ead49c0a1c5e38f415a66915629a27c3a050be316d13a6f6dc,USA.IDN.23110.11.20000.C01.C.Q.DD.22272570.USD/2023,62,Strengthen Just Workforce Clean Energy Transition,named_item,,,23110,,2026-09-28,External CRS comparator activity-flow record; not a JETP project
oecd-crs-energy-idn-2023-q-2026-09-28-md-22275341,IDN,05f6b0bfeaeae3ead49c0a1c5e38f415a66915629a27c3a050be316d13a6f6dc,USA.IDN.23510.11.60000.D02.C.Q.DD.22275341.USD/2023,63,"Technical Assistance - NuScale Small Modular Reactor Technical and Economic Analysis, through Enterprise - United States Unknown",named_item,,,23510,,2026-09-28,External CRS comparator activity-flow record; not a JETP project
oecd-crs-energy-idn-2023-q-2026-09-28-md-22275327,IDN,05f6b0bfeaeae3ead49c0a1c5e38f415a66915629a27c3a050be316d13a6f6dc,USA.IDN.23240.11.60000.D02.C.Q.DD.22275327.USD/2023,64,"Feasibility Study - West Sumbawa Wind Power Plant Feasibility Study, through Enterprise - United States Unknown",named_item,,,23240,,2026-09-28,External CRS comparator activity-flow record; not a JETP project
oecd-crs-energy-idn-2023-q-2026-09-28-md-22866817,IDN,05f6b0bfeaeae3ead49c0a1c5e38f415a66915629a27c3a050be316d13a6f6dc,USA.IDN.23510.11.60000.D02.D.Q.DD.22866817.USD/2023,65,"Technical Assistance - NuScale Small Modular Reactor Technical and Economic Analysis, through NuScale Power, LLC",named_item,,,23510,,2026-09-28,External CRS comparator activity-flow record; not a JETP project
oecd-crs-energy-idn-2023-q-2026-09-28-md-22866610,IDN,05f6b0bfeaeae3ead49c0a1c5e38f415a66915629a27c3a050be316d13a6f6dc,USA.IDN.23270.11.50000.D02.D.Q.DD.22866610.USD/2023,66,"Reverse Trade Mission - Waste-to-Energy Reverse Trade Mission, through Gas Technology Institute",named_item,,,23270,,2026-09-28,External CRS comparator activity-flow record; not a JETP project
oecd-crs-energy-idn-2023-q-2026-09-28-md-22851184,IDN,05f6b0bfeaeae3ead49c0a1c5e38f415a66915629a27c3a050be316d13a6f6dc,USA.IDN.23110.11.60000.C01.D.Q.DD.22851184.USD/2023,67,Sustainable Energy for Indonesias Advancing Resilience (SINAR),named_item,,,23110,,2026-09-28,External CRS comparator activity-flow record; not a JETP project
oecd-crs-energy-idn-2023-q-2026-09-28-md-22851182,IDN,05f6b0bfeaeae3ead49c0a1c5e38f415a66915629a27c3a050be316d13a6f6dc,USA.IDN.23110.11.60000.C01.D.Q.DD.22851182.USD/2023,68,Sustainable Energy for Indonesias Advancing Resilience (SINAR),named_item,,,23110,,2026-09-28,External CRS comparator activity-flow record; not a JETP project
oecd-crs-energy-idn-2023-q-2026-09-28-md-22841719,IDN,05f6b0bfeaeae3ead49c0a1c5e38f415a66915629a27c3a050be316d13a6f6dc,USA.IDN.23110.11.20000.C01.D.Q.DD.22841719.USD/2023,69,Energy Utility Partnership Program (EUPP),named_item,,,23110,,2026-09-28,External CRS comparator activity-flow record; not a JETP project
oecd-crs-energy-idn-2023-q-2026-09-28-md-22304841,IDN,05f6b0bfeaeae3ead49c0a1c5e38f415a66915629a27c3a050be316d13a6f6dc,GBR.IDN.23210.11.50000.D02.C.Q.DD.22304841.USD/2023,70,Rice-straw powered biowaste to energy,named_item,,,23210,,2026-09-28,External CRS comparator activity-flow record; not a JETP project
oecd-crs-energy-idn-2023-q-2026-09-28-md-22925094,IDN,05f6b0bfeaeae3ead49c0a1c5e38f415a66915629a27c3a050be316d13a6f6dc,GBR.IDN.23210.11.50000.D02.D.Q.DD.22925094.USD/2023,71,Solar2Wave: Design of Floating Solar Farms to Overcome Tough Ocean Waves,named_item,,,23210,,2026-09-28,External CRS comparator activity-flow record; not a JETP project
oecd-crs-energy-idn-2023-q-2026-09-28-md-22304839,IDN,05f6b0bfeaeae3ead49c0a1c5e38f415a66915629a27c3a050be316d13a6f6dc,GBR.IDN.23210.11.50000.D02.C.Q.DD.22304839.USD/2023,72,Solar2Wave: Design of Floating Solar Farms to Overcome Tough Ocean Waves,named_item,,,23210,,2026-09-28,External CRS comparator activity-flow record; not a JETP project
oecd-crs-energy-idn-2023-q-2026-09-28-md-22925096,IDN,05f6b0bfeaeae3ead49c0a1c5e38f415a66915629a27c3a050be316d13a6f6dc,GBR.IDN.23210.11.50000.D02.D.Q.DD.22925096.USD/2023,73,Rice-straw powered biowaste to energy,named_item,,,23210,,2026-09-28,External CRS comparator activity-flow record; not a JETP project
oecd-crs-energy-idn-2023-q-2026-09-28-md-22920679,IDN,05f6b0bfeaeae3ead49c0a1c5e38f415a66915629a27c3a050be316d13a6f6dc,GBR.IDN.23182.11.60000.C01.D.Q.DD.22920679.USD/2023,74,Whole Island Transition Roadmap in Indonesia,named_item,,,23182,,2026-09-28,External CRS comparator activity-flow record; not a JETP project
oecd-crs-energy-idn-2023-q-2026-09-28-md-22306153,IDN,05f6b0bfeaeae3ead49c0a1c5e38f415a66915629a27c3a050be316d13a6f6dc,GBR.IDN.23182.11.60000.C01.C.Q.DD.22306153.USD/2023,75,Whole Island Transition Roadmap in Indonesia,named_item,,,23182,,2026-09-28,External CRS comparator activity-flow record; not a JETP project
oecd-crs-energy-idn-2023-q-2026-09-28-md-22306999,IDN,05f6b0bfeaeae3ead49c0a1c5e38f415a66915629a27c3a050be316d13a6f6dc,GBR.IDN.23210.11.60000.C01.C.Q.DD.22306999.USD/2023,76,Mentari RE Delivery,named_item,,,23210,,2026-09-28,External CRS comparator activity-flow record; not a JETP project
oecd-crs-energy-idn-2023-q-2026-09-28-md-22306990,IDN,05f6b0bfeaeae3ead49c0a1c5e38f415a66915629a27c3a050be316d13a6f6dc,GBR.IDN.23210.11.60000.C01.C.Q.DD.22306990.USD/2023,77,Mentari RE Delivery Partner,named_item,,,23210,,2026-09-28,External CRS comparator activity-flow record; not a JETP project
oecd-crs-energy-idn-2023-q-2026-09-28-md-22306997,IDN,05f6b0bfeaeae3ead49c0a1c5e38f415a66915629a27c3a050be316d13a6f6dc,GBR.IDN.23110.11.60000.C01.C.Q.DD.22306997.USD/2023,78,Mentari RE Delivery,named_item,,,23110,,2026-09-28,External CRS comparator activity-flow record; not a JETP project
oecd-crs-energy-idn-2023-q-2026-09-28-md-22306986,IDN,05f6b0bfeaeae3ead49c0a1c5e38f415a66915629a27c3a050be316d13a6f6dc,GBR.IDN.23110.11.60000.C01.C.Q.DD.22306986.USD/2023,79,Mentari RE Delivery Partner,named_item,,,23110,,2026-09-28,External CRS comparator activity-flow record; not a JETP project
oecd-crs-energy-idn-2023-q-2026-09-28-md-22306994,IDN,05f6b0bfeaeae3ead49c0a1c5e38f415a66915629a27c3a050be316d13a6f6dc,GBR.IDN.23110.11.60000.C01.C.Q.DD.22306994.USD/2023,80,Mentari RE Legal & Comm.,named_item,,,23110,,2026-09-28,External CRS comparator activity-flow record; not a JETP project
oecd-crs-energy-idn-2023-q-2026-09-28-md-22917962,IDN,05f6b0bfeaeae3ead49c0a1c5e38f415a66915629a27c3a050be316d13a6f6dc,GBR.IDN.23210.11.60000.C01.D.Q.DD.22917962.USD/2023,81,Mentari RE Delivery Partner,named_item,,,23210,,2026-09-28,External CRS comparator activity-flow record; not a JETP project
oecd-crs-energy-idn-2023-q-2026-09-28-md-22917963,IDN,05f6b0bfeaeae3ead49c0a1c5e38f415a66915629a27c3a050be316d13a6f6dc,GBR.IDN.23110.11.60000.C01.D.Q.DD.22917963.USD/2023,82,Mentari RE Legal & Comm.,named_item,,,23110,,2026-09-28,External CRS comparator activity-flow record; not a JETP project
oecd-crs-energy-idn-2023-q-2026-09-28-md-22917964,IDN,05f6b0bfeaeae3ead49c0a1c5e38f415a66915629a27c3a050be316d13a6f6dc,GBR.IDN.23210.11.60000.C01.D.Q.DD.22917964.USD/2023,83,Mentari RE Legal & Comm.,named_item,,,23210,,2026-09-28,External CRS comparator activity-flow record; not a JETP project
oecd-crs-energy-idn-2023-q-2026-09-28-md-22917965,IDN,05f6b0bfeaeae3ead49c0a1c5e38f415a66915629a27c3a050be316d13a6f6dc,GBR.IDN.23110.11.60000.C01.D.Q.DD.22917965.USD/2023,84,Mentari RE Delivery,named_item,,,23110,,2026-09-28,External CRS comparator activity-flow record; not a JETP project
oecd-crs-energy-idn-2023-q-2026-09-28-md-22306995,IDN,05f6b0bfeaeae3ead49c0a1c5e38f415a66915629a27c3a050be316d13a6f6dc,GBR.IDN.23210.11.60000.C01.C.Q.DD.22306995.USD/2023,85,Mentari RE Legal & Comm.,named_item,,,23210,,2026-09-28,External CRS comparator activity-flow record; not a JETP project
oecd-crs-energy-idn-2023-q-2026-09-28-md-22917966,IDN,05f6b0bfeaeae3ead49c0a1c5e38f415a66915629a27c3a050be316d13a6f6dc,GBR.IDN.23210.11.60000.C01.D.Q.DD.22917966.USD/2023,86,Mentari RE Delivery,named_item,,,23210,,2026-09-28,External CRS comparator activity-flow record; not a JETP project
oecd-crs-energy-idn-2023-q-2026-09-28-md-22917961,IDN,05f6b0bfeaeae3ead49c0a1c5e38f415a66915629a27c3a050be316d13a6f6dc,GBR.IDN.23110.11.60000.C01.D.Q.DD.22917961.USD/2023,87,Mentari RE Delivery Partner,named_item,,,23110,,2026-09-28,External CRS comparator activity-flow record; not a JETP project
oecd-crs-energy-idn-2023-q-2026-09-28-md-22289110,IDN,05f6b0bfeaeae3ead49c0a1c5e38f415a66915629a27c3a050be316d13a6f6dc,9OTH011.IDN.23210.11.40000.C01.C.Q.DD.22289110.USD/2023,88,Indonesia's Net Zero Acceleration through Integrated Actions in the Energy and FOLU sectors (INET-ZERO),named_item,,,23210,,2026-09-28,External CRS comparator activity-flow record; not a JETP project
oecd-crs-energy-idn-2023-q-2026-09-28-md-22878596,IDN,05f6b0bfeaeae3ead49c0a1c5e38f415a66915629a27c3a050be316d13a6f6dc,CHE.IDN.23210.11.60000.C01.D.Q.DD.22878596.USD/2023,89,Renewable Energy Skills Development RESD in Indonesia,named_item,,,23210,,2026-09-28,External CRS comparator activity-flow record; not a JETP project
oecd-crs-energy-idn-2023-q-2026-09-28-md-22144248,IDN,05f6b0bfeaeae3ead49c0a1c5e38f415a66915629a27c3a050be316d13a6f6dc,NOR.IDN.23220.11.60000.C01.C.Q.DD.22144248.USD/2023,90,Hydropower feasibility studies and infrastructure support in Indonesia (phase 3),named_item,,,23220,,2026-09-28,External CRS comparator activity-flow record; not a JETP project
oecd-crs-energy-idn-2023-q-2026-09-28-md-22692504,IDN,05f6b0bfeaeae3ead49c0a1c5e38f415a66915629a27c3a050be316d13a6f6dc,NOR.IDN.23220.11.60000.C01.D.Q.DD.22692504.USD/2023,91,Tinfos feasibility study phase II Indonesia small hydro projects,named_item,,,23220,,2026-09-28,External CRS comparator activity-flow record; not a JETP project
oecd-crs-energy-idn-2023-q-2026-09-28-md-22932284,IDN,05f6b0bfeaeae3ead49c0a1c5e38f415a66915629a27c3a050be316d13a6f6dc,NOR.IDN.23220.60.60000.C01.D.Q.DD.22932284.USD/2023,92,P109 - Lobu Dolom HPP,named_item,,,23220,,2026-09-28,External CRS comparator activity-flow record; not a JETP project
oecd-crs-energy-idn-2023-q-2026-09-28-md-22784559,IDN,05f6b0bfeaeae3ead49c0a1c5e38f415a66915629a27c3a050be316d13a6f6dc,5RDB009.IDN.23630.14.10000.C01.D.Q.DD.22784559.USD/2023,93,Power Grid Enhancement Project,named_item,,,23630,,2026-09-28,External CRS comparator activity-flow record; not a JETP project
oecd-crs-energy-idn-2023-q-2026-09-28-md-22743691,IDN,05f6b0bfeaeae3ead49c0a1c5e38f415a66915629a27c3a050be316d13a6f6dc,SWE.IDN.23630.11.10000.C01.D.Q.DD.22743691.USD/2023,94,PQ Java,named_item,,,23630,,2026-09-28,External CRS comparator activity-flow record; not a JETP project
oecd-crs-energy-idn-2023-q-2026-09-28-md-22743692,IDN,05f6b0bfeaeae3ead49c0a1c5e38f415a66915629a27c3a050be316d13a6f6dc,SWE.IDN.23210.11.10000.C01.D.Q.DD.22743692.USD/2023,95,WTE Indonesia,named_item,,,23210,,2026-09-28,External CRS comparator activity-flow record; not a JETP project
oecd-crs-energy-idn-2023-q-2026-09-28-md-22693861,IDN,05f6b0bfeaeae3ead49c0a1c5e38f415a66915629a27c3a050be316d13a6f6dc,NZL.IDN.23260.11.50000.D02.D.Q.DD.22693861.USD/2023,96,New Zealand Support for Training in the Indonesia Geothermal Sector (NZSTIGS),named_item,,,23260,,2026-09-28,External CRS comparator activity-flow record; not a JETP project
oecd-crs-energy-idn-2023-q-2026-09-28-md-22694182,IDN,05f6b0bfeaeae3ead49c0a1c5e38f415a66915629a27c3a050be316d13a6f6dc,NZL.IDN.23110.11.40000.B032.D.Q.DD.22694182.USD/2023,97,Renewable Energy: Accelerated Transition in Indonesia (RE-ACT),named_item,,,23110,,2026-09-28,External CRS comparator activity-flow record; not a JETP project
oecd-crs-energy-idn-2023-q-2026-09-28-md-22694218,IDN,05f6b0bfeaeae3ead49c0a1c5e38f415a66915629a27c3a050be316d13a6f6dc,NZL.IDN.23210.11.40000.B032.D.Q.DD.22694218.USD/2023,98,Energy Transition Mechanism in Indonesia,named_item,,,23210,,2026-09-28,External CRS comparator activity-flow record; not a JETP project
oecd-crs-energy-idn-2023-q-2026-09-28-md-22694122,IDN,05f6b0bfeaeae3ead49c0a1c5e38f415a66915629a27c3a050be316d13a6f6dc,NZL.IDN.23181.11.60000.D02.D.Q.DD.22694122.USD/2023,99,Indonesia Renewable Energy Programme Resourcing,named_item,,,23181,,2026-09-28,External CRS comparator activity-flow record; not a JETP project
oecd-crs-energy-idn-2023-q-2026-09-28-md-22694121,IDN,05f6b0bfeaeae3ead49c0a1c5e38f415a66915629a27c3a050be316d13a6f6dc,NZL.IDN.23110.11.60000.D02.D.Q.DD.22694121.USD/2023,100,Indonesia Renewable Energy Programme Resourcing,named_item,,,23110,,2026-09-28,External CRS comparator activity-flow record; not a JETP project
oecd-crs-energy-idn-2023-q-2026-09-28-md-22694180,IDN,05f6b0bfeaeae3ead49c0a1c5e38f415a66915629a27c3a050be316d13a6f6dc,NZL.IDN.23110.11.40000.B032.D.Q.DD.22694180.USD/2023,101,Renewable Energy: Accelerated Transition in Indonesia (RE-ACT),named_item,,,23110,,2026-09-28,External CRS comparator activity-flow record; not a JETP project
oecd-crs-energy-idn-2023-q-2026-09-28-md-22694181,IDN,05f6b0bfeaeae3ead49c0a1c5e38f415a66915629a27c3a050be316d13a6f6dc,NZL.IDN.23110.11.40000.B032.D.Q.DD.22694181.USD/2023,102,Renewable Energy: Accelerated Transition in Indonesia (RE-ACT),named_item,,,23110,,2026-09-28,External CRS comparator activity-flow record; not a JETP project
oecd-crs-energy-idn-2023-q-2026-09-28-md-22151848,IDN,05f6b0bfeaeae3ead49c0a1c5e38f415a66915629a27c3a050be316d13a6f6dc,NZL.IDN.23210.11.40000.B032.C.Q.DD.22151848.USD/2023,103,Energy Transition Mechanism in Indonesia,named_item,,,23210,,2026-09-28,External CRS comparator activity-flow record; not a JETP project
oecd-crs-energy-idn-2023-q-2026-09-28-md-22693881,IDN,05f6b0bfeaeae3ead49c0a1c5e38f415a66915629a27c3a050be316d13a6f6dc,NZL.IDN.23260.11.60000.D01.D.Q.DD.22693881.USD/2023,104,Support acceleration of geothermal development in Indonesia (Geo-INZ): Energy,named_item,,,23260,,2026-09-28,External CRS comparator activity-flow record; not a JETP project
oecd-crs-energy-idn-2023-q-2026-09-28-md-22694123,IDN,05f6b0bfeaeae3ead49c0a1c5e38f415a66915629a27c3a050be316d13a6f6dc,NZL.IDN.23260.11.60000.D02.D.Q.DD.22694123.USD/2023,105,Indonesia Renewable Energy Programme Resourcing,named_item,,,23260,,2026-09-28,External CRS comparator activity-flow record; not a JETP project
oecd-crs-energy-idn-2023-q-2026-09-28-md-22697328,IDN,05f6b0bfeaeae3ead49c0a1c5e38f415a66915629a27c3a050be316d13a6f6dc,NZL.IDN.23181.11.10000.E01.D.Q.DD.22697328.USD/2023,106,ASEAN 2023 Geothermal Project Management Short Cohort Course in Indonesia,named_item,,,23181,,2026-09-28,External CRS comparator activity-flow record; not a JETP project
oecd-crs-energy-idn-2023-q-2026-09-28-md-22151750,IDN,05f6b0bfeaeae3ead49c0a1c5e38f415a66915629a27c3a050be316d13a6f6dc,NZL.IDN.23181.11.60000.D01.C.Q.DD.22151750.USD/2023,107,Improve access to Energy in Maluku (NZMATES): Energy,named_item,,,23181,,2026-09-28,External CRS comparator activity-flow record; not a JETP project
oecd-crs-energy-idn-2023-q-2026-09-28-md-22693914,IDN,05f6b0bfeaeae3ead49c0a1c5e38f415a66915629a27c3a050be316d13a6f6dc,NZL.IDN.23181.11.60000.D01.D.Q.DD.22693914.USD/2023,108,Improve access to Energy in Maluku (NZMATES): Energy,named_item,,,23181,,2026-09-28,External CRS comparator activity-flow record; not a JETP project
oecd-crs-energy-idn-2023-q-2026-09-28-md-22219708,IDN,05f6b0bfeaeae3ead49c0a1c5e38f415a66915629a27c3a050be316d13a6f6dc,KOR.IDN.23110.11.10000.D02.C.Q.DD.22219708.USD/2023,109,Capacity Building on Renewable Energy Policy in Indonesia (2023),named_item,,,23110,,2026-09-28,External CRS comparator activity-flow record; not a JETP project
oecd-crs-energy-idn-2023-q-2026-09-28-md-22792144,IDN,05f6b0bfeaeae3ead49c0a1c5e38f415a66915629a27c3a050be316d13a6f6dc,KOR.IDN.23110.11.10000.D02.D.Q.DD.22792144.USD/2023,110,Capacity Building on Renewable Energy Policy in Indonesia (2023),named_item,,,23110,,2026-09-28,External CRS comparator activity-flow record; not a JETP project
oecd-crs-energy-idn-2023-q-2026-09-28-md-22792726,IDN,05f6b0bfeaeae3ead49c0a1c5e38f415a66915629a27c3a050be316d13a6f6dc,KOR.IDN.23181.11.10000.E01.D.Q.DD.22792726.USD/2023,111,Masters degree program in Energy Science and Policy(2021),named_item,,,23181,,2026-09-28,External CRS comparator activity-flow record; not a JETP project
oecd-crs-energy-idn-2023-q-2026-09-28-md-22214150,IDN,05f6b0bfeaeae3ead49c0a1c5e38f415a66915629a27c3a050be316d13a6f6dc,KOR.IDN.23181.11.10000.E01.C.Q.DD.22214150.USD/2023,112,Masters degree program in Energy Science and Policy(2021),named_item,,,23181,,2026-09-28,External CRS comparator activity-flow record; not a JETP project
oecd-crs-energy-idn-2023-q-2026-09-28-md-22312723,IDN,05f6b0bfeaeae3ead49c0a1c5e38f415a66915629a27c3a050be316d13a6f6dc,KOR.IDN.23110.11.10000.E01.C.Q.DD.22312723.USD/2023,113,Master's Degree Program in Engergy Science and Policy(2023),named_item,,,23110,,2026-09-28,External CRS comparator activity-flow record; not a JETP project
oecd-crs-energy-idn-2023-q-2026-09-28-md-22793968,IDN,05f6b0bfeaeae3ead49c0a1c5e38f415a66915629a27c3a050be316d13a6f6dc,KOR.IDN.23110.11.10000.E01.D.Q.DD.22793968.USD/2023,114,Masters degree program in Energy Science and Policy(2022),named_item,,,23110,,2026-09-28,External CRS comparator activity-flow record; not a JETP project
oecd-crs-energy-idn-2023-q-2026-09-28-md-22930551,IDN,05f6b0bfeaeae3ead49c0a1c5e38f415a66915629a27c3a050be316d13a6f6dc,KOR.IDN.23110.11.10000.E01.D.Q.DD.22930551.USD/2023,115,Master's Degree Program in Engergy Science and Policy(2023),named_item,,,23110,,2026-09-28,External CRS comparator activity-flow record; not a JETP project
oecd-crs-energy-idn-2023-q-2026-09-28-md-22214605,IDN,05f6b0bfeaeae3ead49c0a1c5e38f415a66915629a27c3a050be316d13a6f6dc,KOR.IDN.23110.11.10000.E01.C.Q.DD.22214605.USD/2023,116,Masters degree program in Energy Science and Policy(2022),named_item,,,23110,,2026-09-28,External CRS comparator activity-flow record; not a JETP project
oecd-crs-energy-idn-2023-q-2026-09-28-md-22793580,IDN,05f6b0bfeaeae3ead49c0a1c5e38f415a66915629a27c3a050be316d13a6f6dc,KOR.IDN.23642.11.30000.C01.D.Q.DD.22793580.USD/2023,117,Green mobility business by converting Indonesian petrol-powered motorcycles into electric ones and improving Vietnamese electric motorcycles(Indonesia),named_item,,,23642,,2026-09-28,External CRS comparator activity-flow record; not a JETP project
oecd-crs-energy-idn-2023-q-2026-09-28-md-22787803,IDN,05f6b0bfeaeae3ead49c0a1c5e38f415a66915629a27c3a050be316d13a6f6dc,KOR.IDN.23230.11.40000.C01.D.Q.DD.22787803.USD/2023,118,Accerlerating Clean Energy Access to Reduce Inequality - ACCESS,named_item,,,23230,,2026-09-28,External CRS comparator activity-flow record; not a JETP project
oecd-crs-energy-idn-2023-q-2026-09-28-md-22794704,IDN,05f6b0bfeaeae3ead49c0a1c5e38f415a66915629a27c3a050be316d13a6f6dc,KOR.IDN.23110.11.10000.C01.D.Q.DD.22794704.USD/2023,119,Energy Policy Consulting Projects(Establishment of Indonesia e-vehicle Master Plan Using Solar Power Utilization),named_item,,,23110,,2026-09-28,External CRS comparator activity-flow record; not a JETP project
oecd-crs-energy-idn-2023-q-2026-09-28-md-22794801,IDN,05f6b0bfeaeae3ead49c0a1c5e38f415a66915629a27c3a050be316d13a6f6dc,KOR.IDN.23232.11.10000.C01.D.Q.DD.22794801.USD/2023,120,Installation of solar charged e-vehicle system in Indonesia,named_item,,,23232,,2026-09-28,External CRS comparator activity-flow record; not a JETP project
oecd-crs-energy-idn-2023-q-2026-09-28-md-22788828,IDN,05f6b0bfeaeae3ead49c0a1c5e38f415a66915629a27c3a050be316d13a6f6dc,KOR.IDN.23110.13.10000.A02.D.Q.DD.22788828.USD/2023,121,Sustainable and Inclusive Energy Program Subprogram 3,named_item,,,23110,,2026-09-28,External CRS comparator activity-flow record; not a JETP project
oecd-crs-energy-idn-2023-q-2026-09-28-md-22214623,IDN,05f6b0bfeaeae3ead49c0a1c5e38f415a66915629a27c3a050be316d13a6f6dc,KOR.IDN.23232.11.10000.C01.C.Q.DD.22214623.USD/2023,122,22/23 Economic Innovation Partnership Program with Indonesia,named_item,,,23232,,2026-09-28,External CRS comparator activity-flow record; not a JETP project
oecd-crs-energy-idn-2023-q-2026-09-28-md-22793986,IDN,05f6b0bfeaeae3ead49c0a1c5e38f415a66915629a27c3a050be316d13a6f6dc,KOR.IDN.23232.11.10000.C01.D.Q.DD.22793986.USD/2023,123,22/23 Economic Innovation Partnership Program with Indonesia,named_item,,,23232,,2026-09-28,External CRS comparator activity-flow record; not a JETP project
oecd-crs-energy-idn-2023-q-2026-09-28-md-22221301,IDN,05f6b0bfeaeae3ead49c0a1c5e38f415a66915629a27c3a050be316d13a6f6dc,KOR.IDN.23360.11.10000.C01.C.Q.DD.22221301.USD/2023,124,"Waste to Energy and Renewable Energy, Resource-recycling Society Development and Technology Commercialization in Indonesia",named_item,,,23360,,2026-09-28,External CRS comparator activity-flow record; not a JETP project
oecd-crs-energy-idn-2023-q-2026-09-28-md-22787724,IDN,05f6b0bfeaeae3ead49c0a1c5e38f415a66915629a27c3a050be316d13a6f6dc,KOR.IDN.23210.11.10000.C01.D.Q.DD.22787724.USD/2023,125,"Feasibility study for installation of solar and wind microgrid in Bali region, Indonesia",named_item,,,23210,,2026-09-28,External CRS comparator activity-flow record; not a JETP project
oecd-crs-energy-idn-2023-q-2026-09-28-md-22224508,IDN,05f6b0bfeaeae3ead49c0a1c5e38f415a66915629a27c3a050be316d13a6f6dc,KOR.IDN.23630.11.10000.C01.C.Q.DD.22224508.USD/2023,126,"AMI Implementation in West Java, Indonesia",named_item,,,23630,,2026-09-28,External CRS comparator activity-flow record; not a JETP project
oecd-crs-energy-idn-2023-q-2026-09-28-md-22795000,IDN,05f6b0bfeaeae3ead49c0a1c5e38f415a66915629a27c3a050be316d13a6f6dc,KOR.IDN.23360.11.10000.C01.D.Q.DD.22795000.USD/2023,127,"Waste to Energy and Renewable Energy, Resource-recycling Society Development and Technology Commercialization in Indonesia",named_item,,,23360,,2026-09-28,External CRS comparator activity-flow record; not a JETP project
oecd-crs-energy-idn-2023-q-2026-09-28-md-22214135,IDN,05f6b0bfeaeae3ead49c0a1c5e38f415a66915629a27c3a050be316d13a6f6dc,KOR.IDN.23210.11.10000.C01.C.Q.DD.22214135.USD/2023,128,"Feasibility study for installation of solar and wind microgrid in Bali region, Indonesia",named_item,,,23210,,2026-09-28,External CRS comparator activity-flow record; not a JETP project
oecd-crs-energy-idn-2023-q-2026-09-28-md-22797312,IDN,05f6b0bfeaeae3ead49c0a1c5e38f415a66915629a27c3a050be316d13a6f6dc,KOR.IDN.23630.11.10000.C01.D.Q.DD.22797312.USD/2023,129,"AMI Implementation in West Java, Indonesia",named_item,,,23630,,2026-09-28,External CRS comparator activity-flow record; not a JETP project
oecd-crs-energy-idn-2023-q-2026-09-28-md-22233318,IDN,05f6b0bfeaeae3ead49c0a1c5e38f415a66915629a27c3a050be316d13a6f6dc,JPN.IDN.23210.11.10000.C01.C.Q.DD.22233318.USD/2023,130,TC AGGREGATED ACTIVITIES,named_item,,,23210,,2026-09-28,External CRS comparator activity-flow record; not a JETP project
oecd-crs-energy-idn-2023-q-2026-09-28-md-22238803,IDN,05f6b0bfeaeae3ead49c0a1c5e38f415a66915629a27c3a050be316d13a6f6dc,JPN.IDN.23110.11.10000.C01.C.Q.DD.22238803.USD/2023,131,TC AGGREGATED ACTIVITIES,named_item,,,23110,,2026-09-28,External CRS comparator activity-flow record; not a JETP project
oecd-crs-energy-idn-2023-q-2026-09-28-md-22829437,IDN,05f6b0bfeaeae3ead49c0a1c5e38f415a66915629a27c3a050be316d13a6f6dc,JPN.IDN.23110.11.10000.C01.D.Q.DD.22829437.USD/2023,132,TC AGGREGATED ACTIVITIES,named_item,,,23110,,2026-09-28,External CRS comparator activity-flow record; not a JETP project
oecd-crs-energy-idn-2023-q-2026-09-28-md-22827267,IDN,05f6b0bfeaeae3ead49c0a1c5e38f415a66915629a27c3a050be316d13a6f6dc,JPN.IDN.23210.11.10000.C01.D.Q.DD.22827267.USD/2023,133,TC AGGREGATED ACTIVITIES,named_item,,,23210,,2026-09-28,External CRS comparator activity-flow record; not a JETP project
oecd-crs-energy-idn-2023-q-2026-09-28-md-22237917,IDN,05f6b0bfeaeae3ead49c0a1c5e38f415a66915629a27c3a050be316d13a6f6dc,JPN.IDN.23210.11.10000.C01.C.Q.DD.22237917.USD/2023,134,TC AGGREGATED ACTIVITIES,named_item,,,23210,,2026-09-28,External CRS comparator activity-flow record; not a JETP project
oecd-crs-energy-idn-2023-q-2026-09-28-md-22824559,IDN,05f6b0bfeaeae3ead49c0a1c5e38f415a66915629a27c3a050be316d13a6f6dc,JPN.IDN.23210.11.10000.C01.D.Q.DD.22824559.USD/2023,135,TC AGGREGATED ACTIVITIES,named_item,,,23210,,2026-09-28,External CRS comparator activity-flow record; not a JETP project
oecd-crs-energy-idn-2023-q-2026-09-28-md-22829489,IDN,05f6b0bfeaeae3ead49c0a1c5e38f415a66915629a27c3a050be316d13a6f6dc,JPN.IDN.23210.11.10000.C01.D.Q.DD.22829489.USD/2023,136,TC AGGREGATED ACTIVITIES,named_item,,,23210,,2026-09-28,External CRS comparator activity-flow record; not a JETP project
oecd-crs-energy-idn-2023-q-2026-09-28-md-22238904,IDN,05f6b0bfeaeae3ead49c0a1c5e38f415a66915629a27c3a050be316d13a6f6dc,JPN.IDN.23210.11.10000.C01.C.Q.DD.22238904.USD/2023,137,TC AGGREGATED ACTIVITIES,named_item,,,23210,,2026-09-28,External CRS comparator activity-flow record; not a JETP project
oecd-crs-energy-idn-2023-q-2026-09-28-md-22825327,IDN,05f6b0bfeaeae3ead49c0a1c5e38f415a66915629a27c3a050be316d13a6f6dc,JPN.IDN.23110.11.10000.C01.D.Q.DD.22825327.USD/2023,138,TC AGGREGATED ACTIVITIES,named_item,,,23110,,2026-09-28,External CRS comparator activity-flow record; not a JETP project
oecd-crs-energy-idn-2023-q-2026-09-28-md-22234715,IDN,05f6b0bfeaeae3ead49c0a1c5e38f415a66915629a27c3a050be316d13a6f6dc,JPN.IDN.23110.11.10000.C01.C.Q.DD.22234715.USD/2023,139,TC AGGREGATED ACTIVITIES,named_item,,,23110,,2026-09-28,External CRS comparator activity-flow record; not a JETP project
oecd-crs-energy-idn-2023-q-2026-09-28-md-22819465,IDN,05f6b0bfeaeae3ead49c0a1c5e38f415a66915629a27c3a050be316d13a6f6dc,JPN.IDN.23110.11.10000.C01.D.Q.DD.22819465.USD/2023,140,TC AGGREGATED ACTIVITIES,named_item,,,23110,,2026-09-28,External CRS comparator activity-flow record; not a JETP project
oecd-crs-energy-idn-2023-q-2026-09-28-md-22249490,IDN,05f6b0bfeaeae3ead49c0a1c5e38f415a66915629a27c3a050be316d13a6f6dc,JPN.IDN.23110.11.10000.C01.C.Q.DD.22249490.USD/2023,141,TC AGGREGATED ACTIVITIES,named_item,,,23110,,2026-09-28,External CRS comparator activity-flow record; not a JETP project
oecd-crs-energy-idn-2023-q-2026-09-28-md-22824598,IDN,05f6b0bfeaeae3ead49c0a1c5e38f415a66915629a27c3a050be316d13a6f6dc,JPN.IDN.23210.11.10000.C01.D.Q.DD.22824598.USD/2023,142,TC AGGREGATED ACTIVITIES,named_item,,,23210,,2026-09-28,External CRS comparator activity-flow record; not a JETP project
oecd-crs-energy-idn-2023-q-2026-09-28-md-22244034,IDN,05f6b0bfeaeae3ead49c0a1c5e38f415a66915629a27c3a050be316d13a6f6dc,JPN.IDN.23210.11.10000.C01.C.Q.DD.22244034.USD/2023,143,TC AGGREGATED ACTIVITIES,named_item,,,23210,,2026-09-28,External CRS comparator activity-flow record; not a JETP project
oecd-crs-energy-idn-2023-q-2026-09-28-md-22233357,IDN,05f6b0bfeaeae3ead49c0a1c5e38f415a66915629a27c3a050be316d13a6f6dc,JPN.IDN.23210.11.10000.C01.C.Q.DD.22233357.USD/2023,144,TC AGGREGATED ACTIVITIES,named_item,,,23210,,2026-09-28,External CRS comparator activity-flow record; not a JETP project
oecd-crs-energy-idn-2023-q-2026-09-28-md-22814853,IDN,05f6b0bfeaeae3ead49c0a1c5e38f415a66915629a27c3a050be316d13a6f6dc,JPN.IDN.23210.11.10000.C01.D.Q.DD.22814853.USD/2023,145,TC AGGREGATED ACTIVITIES,named_item,,,23210,,2026-09-28,External CRS comparator activity-flow record; not a JETP project
oecd-crs-energy-idn-2023-q-2026-09-28-md-22819467,IDN,05f6b0bfeaeae3ead49c0a1c5e38f415a66915629a27c3a050be316d13a6f6dc,JPN.IDN.23110.11.10000.C01.D.Q.DD.22819467.USD/2023,146,TC AGGREGATED ACTIVITIES,named_item,,,23110,,2026-09-28,External CRS comparator activity-flow record; not a JETP project
oecd-crs-energy-idn-2023-q-2026-09-28-md-22249494,IDN,05f6b0bfeaeae3ead49c0a1c5e38f415a66915629a27c3a050be316d13a6f6dc,JPN.IDN.23110.11.10000.C01.C.Q.DD.22249494.USD/2023,147,TC AGGREGATED ACTIVITIES,named_item,,,23110,,2026-09-28,External CRS comparator activity-flow record; not a JETP project
oecd-crs-energy-idn-2023-q-2026-09-28-md-22819466,IDN,05f6b0bfeaeae3ead49c0a1c5e38f415a66915629a27c3a050be316d13a6f6dc,JPN.IDN.23110.11.10000.C01.D.Q.DD.22819466.USD/2023,148,TC AGGREGATED ACTIVITIES,named_item,,,23110,,2026-09-28,External CRS comparator activity-flow record; not a JETP project
oecd-crs-energy-idn-2023-q-2026-09-28-md-22234716,IDN,05f6b0bfeaeae3ead49c0a1c5e38f415a66915629a27c3a050be316d13a6f6dc,JPN.IDN.23210.11.10000.C01.C.Q.DD.22234716.USD/2023,149,TC AGGREGATED ACTIVITIES,named_item,,,23210,,2026-09-28,External CRS comparator activity-flow record; not a JETP project
oecd-crs-energy-idn-2023-q-2026-09-28-md-22249495,IDN,05f6b0bfeaeae3ead49c0a1c5e38f415a66915629a27c3a050be316d13a6f6dc,JPN.IDN.23210.11.10000.C01.C.Q.DD.22249495.USD/2023,150,TC AGGREGATED ACTIVITIES,named_item,,,23210,,2026-09-28,External CRS comparator activity-flow record; not a JETP project
oecd-crs-energy-idn-2023-q-2026-09-28-md-22244035,IDN,05f6b0bfeaeae3ead49c0a1c5e38f415a66915629a27c3a050be316d13a6f6dc,JPN.IDN.23210.11.10000.C01.C.Q.DD.22244035.USD/2023,151,TC AGGREGATED ACTIVITIES,named_item,,,23210,,2026-09-28,External CRS comparator activity-flow record; not a JETP project
oecd-crs-energy-idn-2023-q-2026-09-28-md-22818737,IDN,05f6b0bfeaeae3ead49c0a1c5e38f415a66915629a27c3a050be316d13a6f6dc,JPN.IDN.23210.11.10000.C01.D.Q.DD.22818737.USD/2023,152,TC AGGREGATED ACTIVITIES,named_item,,,23210,,2026-09-28,External CRS comparator activity-flow record; not a JETP project
oecd-crs-energy-idn-2023-q-2026-09-28-md-22819469,IDN,05f6b0bfeaeae3ead49c0a1c5e38f415a66915629a27c3a050be316d13a6f6dc,JPN.IDN.23210.11.10000.C01.D.Q.DD.22819469.USD/2023,153,TC AGGREGATED ACTIVITIES,named_item,,,23210,,2026-09-28,External CRS comparator activity-flow record; not a JETP project
oecd-crs-energy-idn-2023-q-2026-09-28-md-22824914,IDN,05f6b0bfeaeae3ead49c0a1c5e38f415a66915629a27c3a050be316d13a6f6dc,JPN.IDN.23110.11.10000.C01.D.Q.DD.22824914.USD/2023,154,TC AGGREGATED ACTIVITIES,named_item,,,23110,,2026-09-28,External CRS comparator activity-flow record; not a JETP project
oecd-crs-energy-idn-2023-q-2026-09-28-md-22825328,IDN,05f6b0bfeaeae3ead49c0a1c5e38f415a66915629a27c3a050be316d13a6f6dc,JPN.IDN.23210.11.10000.C01.D.Q.DD.22825328.USD/2023,155,TC AGGREGATED ACTIVITIES,named_item,,,23210,,2026-09-28,External CRS comparator activity-flow record; not a JETP project
oecd-crs-energy-idn-2023-q-2026-09-28-md-22819468,IDN,05f6b0bfeaeae3ead49c0a1c5e38f415a66915629a27c3a050be316d13a6f6dc,JPN.IDN.23210.11.10000.C01.D.Q.DD.22819468.USD/2023,156,TC AGGREGATED ACTIVITIES,named_item,,,23210,,2026-09-28,External CRS comparator activity-flow record; not a JETP project
oecd-crs-energy-idn-2023-q-2026-09-28-md-22814854,IDN,05f6b0bfeaeae3ead49c0a1c5e38f415a66915629a27c3a050be316d13a6f6dc,JPN.IDN.23210.11.10000.C01.D.Q.DD.22814854.USD/2023,157,TC AGGREGATED ACTIVITIES,named_item,,,23210,,2026-09-28,External CRS comparator activity-flow record; not a JETP project
oecd-crs-energy-idn-2023-q-2026-09-28-md-22249492,IDN,05f6b0bfeaeae3ead49c0a1c5e38f415a66915629a27c3a050be316d13a6f6dc,JPN.IDN.23110.11.10000.C01.C.Q.DD.22249492.USD/2023,158,TC AGGREGATED ACTIVITIES,named_item,,,23110,,2026-09-28,External CRS comparator activity-flow record; not a JETP project
oecd-crs-energy-idn-2023-q-2026-09-28-md-22238542,IDN,05f6b0bfeaeae3ead49c0a1c5e38f415a66915629a27c3a050be316d13a6f6dc,JPN.IDN.23110.11.10000.C01.C.Q.DD.22238542.USD/2023,159,TC AGGREGATED ACTIVITIES,named_item,,,23110,,2026-09-28,External CRS comparator activity-flow record; not a JETP project
oecd-crs-energy-idn-2023-q-2026-09-28-md-22249497,IDN,05f6b0bfeaeae3ead49c0a1c5e38f415a66915629a27c3a050be316d13a6f6dc,JPN.IDN.23210.11.10000.C01.C.Q.DD.22249497.USD/2023,160,TC AGGREGATED ACTIVITIES,named_item,,,23210,,2026-09-28,External CRS comparator activity-flow record; not a JETP project
oecd-crs-energy-idn-2023-q-2026-09-28-md-22233421,IDN,05f6b0bfeaeae3ead49c0a1c5e38f415a66915629a27c3a050be316d13a6f6dc,JPN.IDN.23210.11.10000.C01.C.Q.DD.22233421.USD/2023,161,TC AGGREGATED ACTIVITIES,named_item,,,23210,,2026-09-28,External CRS comparator activity-flow record; not a JETP project
oecd-crs-energy-idn-2023-q-2026-09-28-md-22824662,IDN,05f6b0bfeaeae3ead49c0a1c5e38f415a66915629a27c3a050be316d13a6f6dc,JPN.IDN.23210.11.10000.C01.D.Q.DD.22824662.USD/2023,162,TC AGGREGATED ACTIVITIES,named_item,,,23210,,2026-09-28,External CRS comparator activity-flow record; not a JETP project
oecd-crs-energy-idn-2023-q-2026-09-28-md-22829285,IDN,05f6b0bfeaeae3ead49c0a1c5e38f415a66915629a27c3a050be316d13a6f6dc,JPN.IDN.23110.11.10000.C01.D.Q.DD.22829285.USD/2023,163,TC AGGREGATED ACTIVITIES,named_item,,,23110,,2026-09-28,External CRS comparator activity-flow record; not a JETP project
oecd-crs-energy-idn-2023-q-2026-09-28-md-22234302,IDN,05f6b0bfeaeae3ead49c0a1c5e38f415a66915629a27c3a050be316d13a6f6dc,JPN.IDN.23110.11.10000.C01.C.Q.DD.22234302.USD/2023,164,TC AGGREGATED ACTIVITIES,named_item,,,23110,,2026-09-28,External CRS comparator activity-flow record; not a JETP project
oecd-crs-energy-idn-2023-q-2026-09-28-md-22232576,IDN,05f6b0bfeaeae3ead49c0a1c5e38f415a66915629a27c3a050be316d13a6f6dc,JPN.IDN.23210.11.10000.C01.C.Q.DD.22232576.USD/2023,165,TC AGGREGATED ACTIVITIES,named_item,,,23210,,2026-09-28,External CRS comparator activity-flow record; not a JETP project
oecd-crs-energy-idn-2023-q-2026-09-28-md-22830353,IDN,05f6b0bfeaeae3ead49c0a1c5e38f415a66915629a27c3a050be316d13a6f6dc,JPN.IDN.23210.11.10000.C01.D.Q.DD.22830353.USD/2023,166,TC AGGREGATED ACTIVITIES,named_item,,,23210,,2026-09-28,External CRS comparator activity-flow record; not a JETP project
oecd-crs-energy-idn-2023-q-2026-09-28-md-22243292,IDN,05f6b0bfeaeae3ead49c0a1c5e38f415a66915629a27c3a050be316d13a6f6dc,JPN.IDN.23210.11.10000.C01.C.Q.DD.22243292.USD/2023,167,TC AGGREGATED ACTIVITIES,named_item,,,23210,,2026-09-28,External CRS comparator activity-flow record; not a JETP project
oecd-crs-energy-idn-2023-q-2026-09-28-md-22243291,IDN,05f6b0bfeaeae3ead49c0a1c5e38f415a66915629a27c3a050be316d13a6f6dc,JPN.IDN.23110.11.10000.C01.C.Q.DD.22243291.USD/2023,168,TC AGGREGATED ACTIVITIES,named_item,,,23110,,2026-09-28,External CRS comparator activity-flow record; not a JETP project
oecd-crs-energy-idn-2023-q-2026-09-28-md-22830352,IDN,05f6b0bfeaeae3ead49c0a1c5e38f415a66915629a27c3a050be316d13a6f6dc,JPN.IDN.23110.11.10000.C01.D.Q.DD.22830352.USD/2023,169,TC AGGREGATED ACTIVITIES,named_item,,,23110,,2026-09-28,External CRS comparator activity-flow record; not a JETP project
oecd-crs-energy-idn-2023-q-2026-09-28-md-22693086,IDN,05f6b0bfeaeae3ead49c0a1c5e38f415a66915629a27c3a050be316d13a6f6dc,JPN.IDN.23210.11.40000.B03.D.Q.DD.22693086.USD/2023,170,Japan-UNDP Support for Transition Effort to Decarbonisation/JUSTED)(Indonesia),named_item,,,23210,,2026-09-28,External CRS comparator activity-flow record; not a JETP project
oecd-crs-energy-idn-2023-q-2026-09-28-md-22149131,IDN,05f6b0bfeaeae3ead49c0a1c5e38f415a66915629a27c3a050be316d13a6f6dc,JPN.IDN.23210.11.40000.B03.C.Q.DD.22149131.USD/2023,171,Japan-UNDP Support for Transition Effort to Decarbonisation/JUSTED)(Indonesia),named_item,,,23210,,2026-09-28,External CRS comparator activity-flow record; not a JETP project
oecd-crs-energy-idn-2023-q-2026-09-28-md-22149130,IDN,05f6b0bfeaeae3ead49c0a1c5e38f415a66915629a27c3a050be316d13a6f6dc,JPN.IDN.23110.11.40000.B03.C.Q.DD.22149130.USD/2023,172,Japan-UNDP Support for Transition Effort to Decarbonisation/JUSTED)(Indonesia),named_item,,,23110,,2026-09-28,External CRS comparator activity-flow record; not a JETP project
oecd-crs-energy-idn-2023-q-2026-09-28-md-22693085,IDN,05f6b0bfeaeae3ead49c0a1c5e38f415a66915629a27c3a050be316d13a6f6dc,JPN.IDN.23110.11.40000.B03.D.Q.DD.22693085.USD/2023,173,Japan-UNDP Support for Transition Effort to Decarbonisation/JUSTED)(Indonesia),named_item,,,23110,,2026-09-28,External CRS comparator activity-flow record; not a JETP project
oecd-crs-energy-idn-2023-q-2026-09-28-md-22148064,IDN,05f6b0bfeaeae3ead49c0a1c5e38f415a66915629a27c3a050be316d13a6f6dc,JPN.IDN.23220.13.10000.C01.C.Q.DD.22148064.USD/2023,174,Peusangan Hydroelectric Power Plant Construction Project (II),named_item,,,23220,,2026-09-28,External CRS comparator activity-flow record; not a JETP project
oecd-crs-energy-idn-2023-q-2026-09-28-md-22148063,IDN,05f6b0bfeaeae3ead49c0a1c5e38f415a66915629a27c3a050be316d13a6f6dc,JPN.IDN.23220.13.10000.C01.C.Q.DD.22148063.USD/2023,175,Peusangan Hydroelectric Power Plant Construction Project (II),named_item,,,23220,,2026-09-28,External CRS comparator activity-flow record; not a JETP project
oecd-crs-energy-idn-2023-q-2026-09-28-md-22938896,IDN,05f6b0bfeaeae3ead49c0a1c5e38f415a66915629a27c3a050be316d13a6f6dc,JPN.IDN.23220.13.10000.C01.D.Q.DD.22938896.USD/2023,176,Asahan No.3 Hydroelectric Power Plant Construction Project,named_item,,,23220,,2026-09-28,External CRS comparator activity-flow record; not a JETP project
oecd-crs-energy-idn-2023-q-2026-09-28-md-22689785,IDN,05f6b0bfeaeae3ead49c0a1c5e38f415a66915629a27c3a050be316d13a6f6dc,JPN.IDN.23630.13.10000.C01.D.Q.DD.22689785.USD/2023,177,Geothermal Development Acceleration Program (Hululais Geothermal Power Plant Project (E/S)),named_item,,,23630,,2026-09-28,External CRS comparator activity-flow record; not a JETP project
oecd-crs-energy-idn-2023-q-2026-09-28-md-22706814,IDN,05f6b0bfeaeae3ead49c0a1c5e38f415a66915629a27c3a050be316d13a6f6dc,ISL.IDN.23260.11.40000.D01.D.Q.DD.22706814.USD/2023,178,Support for implementation of Indonesia Geothermal Program,named_item,,,23260,,2026-09-28,External CRS comparator activity-flow record; not a JETP project
oecd-crs-energy-idn-2023-q-2026-09-28-md-22677376,IDN,05f6b0bfeaeae3ead49c0a1c5e38f415a66915629a27c3a050be316d13a6f6dc,NLD.IDN.23181.11.50000.D02.D.Q.DD.22677376.USD/2023,179,JAK PPP Geothermie,named_item,,,23181,,2026-09-28,External CRS comparator activity-flow record; not a JETP project
oecd-crs-energy-idn-2023-q-2026-09-28-md-22898790,IDN,05f6b0bfeaeae3ead49c0a1c5e38f415a66915629a27c3a050be316d13a6f6dc,DEU.IDN.23210.11.10000.C01.D.Q.DD.22898790.USD/2023,180,1000 Islands - Renewable energy for electrifikation Programme - REEP,named_item,,,23210,,2026-09-28,External CRS comparator activity-flow record; not a JETP project
oecd-crs-energy-idn-2023-q-2026-09-28-md-22904370,IDN,05f6b0bfeaeae3ead49c0a1c5e38f415a66915629a27c3a050be316d13a6f6dc,DEU.IDN.23210.11.10000.C01.D.Q.DD.22904370.USD/2023,181,Solar Cold Chain for a Green Economy (SOCOOL),named_item,,,23210,,2026-09-28,External CRS comparator activity-flow record; not a JETP project
oecd-crs-energy-idn-2023-q-2026-09-28-md-22892236,IDN,05f6b0bfeaeae3ead49c0a1c5e38f415a66915629a27c3a050be316d13a6f6dc,DEU.IDN.23210.11.10000.C01.D.Q.DD.22892236.USD/2023,182,Strengthening Quality Infrastructure for the Photovoltaic Sector Indonesia,named_item,,,23210,,2026-09-28,External CRS comparator activity-flow record; not a JETP project
oecd-crs-energy-idn-2023-q-2026-09-28-md-22892147,IDN,05f6b0bfeaeae3ead49c0a1c5e38f415a66915629a27c3a050be316d13a6f6dc,DEU.IDN.23210.11.10000.C01.D.Q.DD.22892147.USD/2023,183,Indonesia - Support for the Utilization of Geothermal Energy,named_item,,,23210,,2026-09-28,External CRS comparator activity-flow record; not a JETP project
oecd-crs-energy-idn-2023-q-2026-09-28-md-22915374,IDN,05f6b0bfeaeae3ead49c0a1c5e38f415a66915629a27c3a050be316d13a6f6dc,DEU.IDN.23182.11.50000.D02.D.Q.DD.22915374.USD/2023,184,International cooperation in production of healthy and safe food,named_item,,,23182,,2026-09-28,External CRS comparator activity-flow record; not a JETP project
oecd-crs-energy-idn-2023-q-2026-09-28-md-22915258,IDN,05f6b0bfeaeae3ead49c0a1c5e38f415a66915629a27c3a050be316d13a6f6dc,DEU.IDN.23210.11.50000.D02.D.Q.DD.22915258.USD/2023,185,Identifying and Combating Oil/Chemical Pollution of the Sea,named_item,,,23210,,2026-09-28,External CRS comparator activity-flow record; not a JETP project
oecd-crs-energy-idn-2023-q-2026-09-28-md-22904185,IDN,05f6b0bfeaeae3ead49c0a1c5e38f415a66915629a27c3a050be316d13a6f6dc,DEU.IDN.23110.13.10000.A02.D.Q.DD.22904185.USD/2023,186,Sustainable and Inclusive Energy Program (SIEP) - Subprogram III,named_item,,,23110,,2026-09-28,External CRS comparator activity-flow record; not a JETP project
oecd-crs-energy-idn-2023-q-2026-09-28-md-22903977,IDN,05f6b0bfeaeae3ead49c0a1c5e38f415a66915629a27c3a050be316d13a6f6dc,DEU.IDN.23220.13.10000.C01.D.Q.DD.22903977.USD/2023,187,"1000 Islands Renewable Energy for Electrification Program (REEP), Phase",named_item,,,23220,,2026-09-28,External CRS comparator activity-flow record; not a JETP project
oecd-crs-energy-idn-2023-q-2026-09-28-md-22903973,IDN,05f6b0bfeaeae3ead49c0a1c5e38f415a66915629a27c3a050be316d13a6f6dc,DEU.IDN.23260.13.10000.C01.D.Q.DD.22903973.USD/2023,188,Geothermal Energy Program,named_item,,,23260,,2026-09-28,External CRS comparator activity-flow record; not a JETP project
oecd-crs-energy-idn-2023-q-2026-09-28-md-22937562,IDN,05f6b0bfeaeae3ead49c0a1c5e38f415a66915629a27c3a050be316d13a6f6dc,DEU.IDN.23220.13.10000.C01.D.Q.DD.22937562.USD/2023,189,Sustainable Hydropower,named_item,,,23220,,2026-09-28,External CRS comparator activity-flow record; not a JETP project
oecd-crs-energy-idn-2023-q-2026-09-28-md-22903983,IDN,05f6b0bfeaeae3ead49c0a1c5e38f415a66915629a27c3a050be316d13a6f6dc,DEU.IDN.23220.13.10000.C01.D.Q.DD.22903983.USD/2023,190,Sustainable Hydropower,named_item,,,23220,,2026-09-28,External CRS comparator activity-flow record; not a JETP project
oecd-crs-energy-idn-2023-q-2026-09-28-md-22295366,IDN,05f6b0bfeaeae3ead49c0a1c5e38f415a66915629a27c3a050be316d13a6f6dc,DEU.IDN.23630.13.10000.C01.C.Q.DD.22295366.USD/2023,191,Results-Based Loan Sustainable and Reliable Energy Access Program Wester,named_item,,,23630,,2026-09-28,External CRS comparator activity-flow record; not a JETP project
oecd-crs-energy-idn-2023-q-2026-09-28-md-22294063,IDN,05f6b0bfeaeae3ead49c0a1c5e38f415a66915629a27c3a050be316d13a6f6dc,DEU.IDN.23230.11.20000.C01.C.Q.DD.22294063.USD/2023,192,"Hybrid Biomass-Solar Cell Dryer for Nutmeg Farmer Group in Sukaresmi, Bogor-West Java",named_item,,,23230,,2026-09-28,External CRS comparator activity-flow record; not a JETP project
oecd-crs-energy-idn-2023-q-2026-09-28-md-22909553,IDN,05f6b0bfeaeae3ead49c0a1c5e38f415a66915629a27c3a050be316d13a6f6dc,DEU.IDN.23230.11.20000.C01.D.Q.DD.22909553.USD/2023,193,"Hybrid Biomass-Solar Cell Dryer for Nutmeg Farmer Group in Sukaresmi, Bogor-West Java",named_item,,,23230,,2026-09-28,External CRS comparator activity-flow record; not a JETP project
oecd-crs-energy-idn-2023-q-2026-09-28-md-22295212,IDN,05f6b0bfeaeae3ead49c0a1c5e38f415a66915629a27c3a050be316d13a6f6dc,DEU.IDN.23110.11.10000.C01.C.Q.DD.22295212.USD/2023,194,Energy Transition Acceleration Programme,named_item,,,23110,,2026-09-28,External CRS comparator activity-flow record; not a JETP project
oecd-crs-energy-idn-2023-q-2026-09-28-md-22295252,IDN,05f6b0bfeaeae3ead49c0a1c5e38f415a66915629a27c3a050be316d13a6f6dc,DEU.IDN.23220.11.10000.C01.C.Q.DD.22295252.USD/2023,195,Accompanying measure: Sustainable hydropower (Bakaru II),named_item,,,23220,,2026-09-28,External CRS comparator activity-flow record; not a JETP project
oecd-crs-energy-idn-2023-q-2026-09-28-md-22286416,IDN,05f6b0bfeaeae3ead49c0a1c5e38f415a66915629a27c3a050be316d13a6f6dc,DEU.IDN.23210.11.10000.C01.C.Q.DD.22286416.USD/2023,196,Renewable Energies Mini Grids Triangular Cooperation in Indonesia,named_item,,,23210,,2026-09-28,External CRS comparator activity-flow record; not a JETP project
oecd-crs-energy-idn-2023-q-2026-09-28-md-22895094,IDN,05f6b0bfeaeae3ead49c0a1c5e38f415a66915629a27c3a050be316d13a6f6dc,DEU.IDN.23210.11.10000.C01.D.Q.DD.22895094.USD/2023,197,Renewable Energies Mini Grids Triangular Cooperation in Indonesia,named_item,,,23210,,2026-09-28,External CRS comparator activity-flow record; not a JETP project
oecd-crs-energy-idn-2023-q-2026-09-28-md-22898795,IDN,05f6b0bfeaeae3ead49c0a1c5e38f415a66915629a27c3a050be316d13a6f6dc,DEU.IDN.23210.11.10000.C01.D.Q.DD.22898795.USD/2023,198,1000 Islands - Renewable energy for electrifikation Programme (REEP2) in Indonesia,named_item,,,23210,,2026-09-28,External CRS comparator activity-flow record; not a JETP project
oecd-crs-energy-idn-2023-q-2026-09-28-md-22286928,IDN,05f6b0bfeaeae3ead49c0a1c5e38f415a66915629a27c3a050be316d13a6f6dc,DEU.IDN.23210.11.10000.C01.C.Q.DD.22286928.USD/2023,199,1000 Islands - Renewable energy for electrifikation Programme (REEP2) in Indonesia,named_item,,,23210,,2026-09-28,External CRS comparator activity-flow record; not a JETP project
oecd-crs-energy-idn-2023-q-2026-09-28-md-22895215,IDN,05f6b0bfeaeae3ead49c0a1c5e38f415a66915629a27c3a050be316d13a6f6dc,DEU.IDN.23110.11.10000.C01.D.Q.DD.22895215.USD/2023,200,Strengthening carbon pricing mechanism and fiscal framework for energy transition and climate finance,named_item,,,23110,,2026-09-28,External CRS comparator activity-flow record; not a JETP project
oecd-crs-energy-idn-2023-q-2026-09-28-md-22286547,IDN,05f6b0bfeaeae3ead49c0a1c5e38f415a66915629a27c3a050be316d13a6f6dc,DEU.IDN.23110.11.10000.C01.C.Q.DD.22286547.USD/2023,201,Strengthening carbon pricing mechanism and fiscal framework for energy transition and climate finance,named_item,,,23110,,2026-09-28,External CRS comparator activity-flow record; not a JETP project
oecd-crs-energy-idn-2023-q-2026-09-28-md-22286548,IDN,05f6b0bfeaeae3ead49c0a1c5e38f415a66915629a27c3a050be316d13a6f6dc,DEU.IDN.23210.11.10000.C01.C.Q.DD.22286548.USD/2023,202,Strengthening carbon pricing mechanism and fiscal framework for energy transition and climate finance,named_item,,,23210,,2026-09-28,External CRS comparator activity-flow record; not a JETP project
oecd-crs-energy-idn-2023-q-2026-09-28-md-22895216,IDN,05f6b0bfeaeae3ead49c0a1c5e38f415a66915629a27c3a050be316d13a6f6dc,DEU.IDN.23210.11.10000.C01.D.Q.DD.22895216.USD/2023,203,Strengthening carbon pricing mechanism and fiscal framework for energy transition and climate finance,named_item,,,23210,,2026-09-28,External CRS comparator activity-flow record; not a JETP project
oecd-crs-energy-idn-2023-q-2026-09-28-md-22296234,IDN,05f6b0bfeaeae3ead49c0a1c5e38f415a66915629a27c3a050be316d13a6f6dc,DEU.IDN.23230.60.60000.C01.C.Q.DD.22296234.USD/2023,204,Long term debt in Solar energy for centralised grids,named_item,,,23230,,2026-09-28,External CRS comparator activity-flow record; not a JETP project
oecd-crs-energy-idn-2023-q-2026-09-28-md-22900842,IDN,05f6b0bfeaeae3ead49c0a1c5e38f415a66915629a27c3a050be316d13a6f6dc,DEU.IDN.23230.60.60000.C01.D.Q.DD.22900842.USD/2023,205,Long term debt in Solar energy for centralised grids,named_item,,,23230,,2026-09-28,External CRS comparator activity-flow record; not a JETP project
oecd-crs-energy-idn-2023-q-2026-09-28-md-22296246,IDN,05f6b0bfeaeae3ead49c0a1c5e38f415a66915629a27c3a050be316d13a6f6dc,DEU.IDN.23230.60.60000.C01.C.Q.DD.22296246.USD/2023,206,Long term debt in Solar energy for centralised grids,named_item,,,23230,,2026-09-28,External CRS comparator activity-flow record; not a JETP project
oecd-crs-energy-idn-2023-q-2026-09-28-md-22295632,IDN,05f6b0bfeaeae3ead49c0a1c5e38f415a66915629a27c3a050be316d13a6f6dc,DEU.IDN.23110.11.10000.C01.C.Q.DD.22295632.USD/2023,207,ExploRE - Strategic exploration of economic mitigation potentials through renewables,named_item,,,23110,,2026-09-28,External CRS comparator activity-flow record; not a JETP project
oecd-crs-energy-idn-2023-q-2026-09-28-md-22904869,IDN,05f6b0bfeaeae3ead49c0a1c5e38f415a66915629a27c3a050be316d13a6f6dc,DEU.IDN.23110.11.10000.C01.D.Q.DD.22904869.USD/2023,208,ExploRE - Strategic exploration of economic mitigation potentials through renewables,named_item,,,23110,,2026-09-28,External CRS comparator activity-flow record; not a JETP project
oecd-crs-energy-idn-2023-q-2026-09-28-md-22295657,IDN,05f6b0bfeaeae3ead49c0a1c5e38f415a66915629a27c3a050be316d13a6f6dc,DEU.IDN.23210.11.10000.C01.C.Q.DD.22295657.USD/2023,209,Sustainable Energy Transition in Indonesia (SETI),named_item,,,23210,,2026-09-28,External CRS comparator activity-flow record; not a JETP project
oecd-crs-energy-idn-2023-q-2026-09-28-md-22295655,IDN,05f6b0bfeaeae3ead49c0a1c5e38f415a66915629a27c3a050be316d13a6f6dc,DEU.IDN.23110.11.10000.C01.C.Q.DD.22295655.USD/2023,210,Sustainable Energy Transition in Indonesia (SETI),named_item,,,23110,,2026-09-28,External CRS comparator activity-flow record; not a JETP project
oecd-crs-energy-idn-2023-q-2026-09-28-md-22295656,IDN,05f6b0bfeaeae3ead49c0a1c5e38f415a66915629a27c3a050be316d13a6f6dc,DEU.IDN.23183.11.10000.C01.C.Q.DD.22295656.USD/2023,211,Sustainable Energy Transition in Indonesia (SETI),named_item,,,23183,,2026-09-28,External CRS comparator activity-flow record; not a JETP project
oecd-crs-energy-idn-2023-q-2026-09-28-md-22906847,IDN,05f6b0bfeaeae3ead49c0a1c5e38f415a66915629a27c3a050be316d13a6f6dc,DEU.IDN.23110.11.10000.C01.D.Q.DD.22906847.USD/2023,212,Sustainable Energy Transition in Indonesia (SETI),named_item,,,23110,,2026-09-28,External CRS comparator activity-flow record; not a JETP project
oecd-crs-energy-idn-2023-q-2026-09-28-md-22906852,IDN,05f6b0bfeaeae3ead49c0a1c5e38f415a66915629a27c3a050be316d13a6f6dc,DEU.IDN.23183.11.10000.C01.D.Q.DD.22906852.USD/2023,213,Sustainable Energy Transition in Indonesia (SETI),named_item,,,23183,,2026-09-28,External CRS comparator activity-flow record; not a JETP project
oecd-crs-energy-idn-2023-q-2026-09-28-md-22906853,IDN,05f6b0bfeaeae3ead49c0a1c5e38f415a66915629a27c3a050be316d13a6f6dc,DEU.IDN.23210.11.10000.C01.D.Q.DD.22906853.USD/2023,214,Sustainable Energy Transition in Indonesia (SETI),named_item,,,23210,,2026-09-28,External CRS comparator activity-flow record; not a JETP project
oecd-crs-energy-idn-2023-q-2026-09-28-md-22693913,IDN,05f6b0bfeaeae3ead49c0a1c5e38f415a66915629a27c3a050be316d13a6f6dc,NZL.IDN.23110.11.60000.D01.D.Q.DD.22693913.USD/2023,215,Improve access to Energy in Maluku (NZMATES): Energy,named_item,,,23110,,2026-09-28,External CRS comparator activity-flow record; not a JETP project
oecd-crs-energy-idn-2023-q-2026-09-28-md-22151749,IDN,05f6b0bfeaeae3ead49c0a1c5e38f415a66915629a27c3a050be316d13a6f6dc,NZL.IDN.23110.11.60000.D01.C.Q.DD.22151749.USD/2023,216,Improve access to Energy in Maluku (NZMATES): Energy,named_item,,,23110,,2026-09-28,External CRS comparator activity-flow record; not a JETP project
oecd-crs-energy-idn-2023-q-2026-09-28-md-22784135,IDN,05f6b0bfeaeae3ead49c0a1c5e38f415a66915629a27c3a050be316d13a6f6dc,FRA.IDN.23630.13.10000.C01.D.Q.DD.22784135.USD/2023,217,Elec Jakarta II - Financement d'un projet de sécurité d'approvisionnement électrique à Jakarta (Phase II),named_item,,,23630,,2026-09-28,External CRS comparator activity-flow record; not a JETP project
oecd-crs-energy-idn-2023-q-2026-09-28-md-22795347,IDN,05f6b0bfeaeae3ead49c0a1c5e38f415a66915629a27c3a050be316d13a6f6dc,FRA.IDN.23220.11.10000.C01.D.Q.DD.22795347.USD/2023,218,FAPS Masang II - FAPS Masang II - CID1095 - INDONESIE - Infrastructures et développement urbain,named_item,,,23220,,2026-09-28,External CRS comparator activity-flow record; not a JETP project
oecd-crs-energy-idn-2023-q-2026-09-28-md-22795878,IDN,05f6b0bfeaeae3ead49c0a1c5e38f415a66915629a27c3a050be316d13a6f6dc,FRA.IDN.23210.11.10000.C01.D.Q.DD.22795878.USD/2023,219,DPL AICET - DPL Accelerating Indonesia Clean Energy Transition,named_item,,,23210,,2026-09-28,External CRS comparator activity-flow record; not a JETP project
oecd-crs-energy-idn-2023-q-2026-09-28-md-22795399,IDN,05f6b0bfeaeae3ead49c0a1c5e38f415a66915629a27c3a050be316d13a6f6dc,FRA.IDN.23240.11.10000.C01.D.Q.DD.22795399.USD/2023,220,FEXTE PLN Eolien - Appui au développement d'une filière éolienne au sein de PT PLN,named_item,,,23240,,2026-09-28,External CRS comparator activity-flow record; not a JETP project
oecd-crs-energy-idn-2023-q-2026-09-28-md-22784020,IDN,05f6b0bfeaeae3ead49c0a1c5e38f415a66915629a27c3a050be316d13a6f6dc,FRA.IDN.23210.11.10000.C01.D.Q.DD.22784020.USD/2023,221,FASEP 1211-PROJET GREEN COAL FUEL,named_item,,,23210,,2026-09-28,External CRS comparator activity-flow record; not a JETP project
oecd-crs-energy-idn-2023-q-2026-09-28-md-22703003,IDN,05f6b0bfeaeae3ead49c0a1c5e38f415a66915629a27c3a050be316d13a6f6dc,DNK.IDN.23110.11.10000.D01.D.Q.DD.22703003.USD/2023,222,"Danish Energy Partnership Programme III, INDODEPP",named_item,,,23110,,2026-09-28,External CRS comparator activity-flow record; not a JETP project
oecd-crs-energy-idn-2023-q-2026-09-28-md-22703002,IDN,05f6b0bfeaeae3ead49c0a1c5e38f415a66915629a27c3a050be316d13a6f6dc,DNK.IDN.23110.11.10000.C01.D.Q.DD.22703002.USD/2023,223,"Danish Energy Partnership Programme III, INDODEPP",named_item,,,23110,,2026-09-28,External CRS comparator activity-flow record; not a JETP project
oecd-crs-energy-idn-2023-q-2026-09-28-md-22164741,IDN,05f6b0bfeaeae3ead49c0a1c5e38f415a66915629a27c3a050be316d13a6f6dc,ISL.IDN.23260.11.40000.D01.C.Q.DD.22164741.USD/2023,224,Support for implementation of Indonesia Geothermal Program,named_item,,,23260,,2026-09-28,External CRS comparator activity-flow record; not a JETP project
oecd-crs-energy-idn-2023-q-2026-09-28-md-22730263,IDN,05f6b0bfeaeae3ead49c0a1c5e38f415a66915629a27c3a050be316d13a6f6dc,CAN.IDN.23210.13.40000.B032.D.Q.DD.22730263.USD/2023,225,Climate Investment Funds - Accelerating Coal Transition Investment Program (CIF-ACT)/Fonds d'investissement climatique - Initiative pour la transition accélérée du charbon (CIF-ACT),named_item,,,23210,,2026-09-28,External CRS comparator activity-flow record; not a JETP project
oecd-crs-energy-idn-2023-q-2026-09-28-md-22730242,IDN,05f6b0bfeaeae3ead49c0a1c5e38f415a66915629a27c3a050be316d13a6f6dc,CAN.IDN.23110.13.40000.B032.D.Q.DD.22730242.USD/2023,226,Climate Investment Funds - Accelerating Coal Transition Investment Program (CIF-ACT)/Fonds d'investissement climatique - Initiative pour la transition accélérée du charbon (CIF-ACT),named_item,,,23110,,2026-09-28,External CRS comparator activity-flow record; not a JETP project
oecd-crs-energy-idn-2023-q-2026-09-28-md-22730262,IDN,05f6b0bfeaeae3ead49c0a1c5e38f415a66915629a27c3a050be316d13a6f6dc,CAN.IDN.23110.13.40000.B032.D.Q.DD.22730262.USD/2023,227,Climate Investment Funds - Accelerating Coal Transition Investment Program (CIF-ACT)/Fonds d'investissement climatique - Initiative pour la transition accélérée du charbon (CIF-ACT),named_item,,,23110,,2026-09-28,External CRS comparator activity-flow record; not a JETP project
oecd-crs-energy-idn-2023-q-2026-09-28-md-22730243,IDN,05f6b0bfeaeae3ead49c0a1c5e38f415a66915629a27c3a050be316d13a6f6dc,CAN.IDN.23210.13.40000.B032.D.Q.DD.22730243.USD/2023,228,Climate Investment Funds - Accelerating Coal Transition Investment Program (CIF-ACT)/Fonds d'investissement climatique - Initiative pour la transition accélérée du charbon (CIF-ACT),named_item,,,23210,,2026-09-28,External CRS comparator activity-flow record; not a JETP project
oecd-crs-energy-idn-2023-q-2026-09-28-md-22184904,IDN,05f6b0bfeaeae3ead49c0a1c5e38f415a66915629a27c3a050be316d13a6f6dc,CAN.IDN.23210.11.40000.B03.C.Q.DD.22184904.USD/2023,229,Southeast Asia Energy Transition Partnership,named_item,,,23210,,2026-09-28,External CRS comparator activity-flow record; not a JETP project
oecd-crs-energy-idn-2023-q-2026-09-28-md-22742753,IDN,05f6b0bfeaeae3ead49c0a1c5e38f415a66915629a27c3a050be316d13a6f6dc,CAN.IDN.23210.11.40000.B03.D.Q.DD.22742753.USD/2023,230,Southeast Asia Energy Transition Partnership,named_item,,,23210,,2026-09-28,External CRS comparator activity-flow record; not a JETP project
oecd-crs-energy-idn-2023-q-2026-09-28-md-22768238,IDN,05f6b0bfeaeae3ead49c0a1c5e38f415a66915629a27c3a050be316d13a6f6dc,AUS.IDN.23110.11.40000.B033.D.Q.DD.22768238.USD/2023,231,ADB Sustainable Infrastructure Assistance Program Phase 2 (SIAP 2),named_item,,,23110,,2026-09-28,External CRS comparator activity-flow record; not a JETP project
oecd-crs-energy-idn-2023-q-2026-09-28-md-22189644,IDN,05f6b0bfeaeae3ead49c0a1c5e38f415a66915629a27c3a050be316d13a6f6dc,AUS.IDN.23110.11.40000.B033.C.Q.DD.22189644.USD/2023,232,ADB Sustainable Infrastructure Assistance Program Phase 2 (SIAP 2),named_item,,,23110,,2026-09-28,External CRS comparator activity-flow record; not a JETP project
oecd-crs-energy-idn-2023-q-2026-09-28-md-22189763,IDN,05f6b0bfeaeae3ead49c0a1c5e38f415a66915629a27c3a050be316d13a6f6dc,AUS.IDN.23110.11.10000.C01.C.Q.DD.22189763.USD/2023,233,Partnerships for Infrastructure (P4I),named_item,,,23110,,2026-09-28,External CRS comparator activity-flow record; not a JETP project
oecd-crs-energy-idn-2023-q-2026-09-28-md-22768366,IDN,05f6b0bfeaeae3ead49c0a1c5e38f415a66915629a27c3a050be316d13a6f6dc,AUS.IDN.23110.11.40000.C01.D.Q.DD.22768366.USD/2023,234,Partnerships for Infrastructure (P4I),named_item,,,23110,,2026-09-28,External CRS comparator activity-flow record; not a JETP project
oecd-crs-energy-idn-2023-q-2026-09-28-md-22189766,IDN,05f6b0bfeaeae3ead49c0a1c5e38f415a66915629a27c3a050be316d13a6f6dc,AUS.IDN.23110.11.10000.C01.C.Q.DD.22189766.USD/2023,235,Partnerships for Infrastructure (P4I),named_item,,,23110,,2026-09-28,External CRS comparator activity-flow record; not a JETP project
oecd-crs-energy-idn-2023-q-2026-09-28-md-22768357,IDN,05f6b0bfeaeae3ead49c0a1c5e38f415a66915629a27c3a050be316d13a6f6dc,AUS.IDN.23110.11.10000.C01.D.Q.DD.22768357.USD/2023,236,Partnerships for Infrastructure (P4I),named_item,,,23110,,2026-09-28,External CRS comparator activity-flow record; not a JETP project
oecd-crs-energy-idn-2023-q-2026-09-28-md-22189772,IDN,05f6b0bfeaeae3ead49c0a1c5e38f415a66915629a27c3a050be316d13a6f6dc,AUS.IDN.23110.11.40000.C01.C.Q.DD.22189772.USD/2023,237,Partnerships for Infrastructure (P4I),named_item,,,23110,,2026-09-28,External CRS comparator activity-flow record; not a JETP project
oecd-crs-energy-idn-2023-q-2026-09-28-md-22768360,IDN,05f6b0bfeaeae3ead49c0a1c5e38f415a66915629a27c3a050be316d13a6f6dc,AUS.IDN.23110.11.10000.C01.D.Q.DD.22768360.USD/2023,238,Partnerships for Infrastructure (P4I),named_item,,,23110,,2026-09-28,External CRS comparator activity-flow record; not a JETP project
oecd-crs-energy-idn-2023-q-2026-09-28-md-22189775,IDN,05f6b0bfeaeae3ead49c0a1c5e38f415a66915629a27c3a050be316d13a6f6dc,AUS.IDN.23110.11.90000.C01.C.Q.DD.22189775.USD/2023,239,Partnerships for Infrastructure (P4I),named_item,,,23110,,2026-09-28,External CRS comparator activity-flow record; not a JETP project
oecd-crs-energy-idn-2023-q-2026-09-28-md-22768369,IDN,05f6b0bfeaeae3ead49c0a1c5e38f415a66915629a27c3a050be316d13a6f6dc,AUS.IDN.23110.11.90000.C01.D.Q.DD.22768369.USD/2023,240,Partnerships for Infrastructure (P4I),named_item,,,23110,,2026-09-28,External CRS comparator activity-flow record; not a JETP project
oecd-crs-energy-idn-2023-q-2026-09-28-md-22768372,IDN,05f6b0bfeaeae3ead49c0a1c5e38f415a66915629a27c3a050be316d13a6f6dc,AUS.IDN.23110.11.90000.C01.D.Q.DD.22768372.USD/2023,241,Partnerships for Infrastructure (P4I),named_item,,,23110,,2026-09-28,External CRS comparator activity-flow record; not a JETP project
oecd-crs-energy-idn-2023-q-2026-09-28-md-22189778,IDN,05f6b0bfeaeae3ead49c0a1c5e38f415a66915629a27c3a050be316d13a6f6dc,AUS.IDN.23110.11.90000.C01.C.Q.DD.22189778.USD/2023,242,Partnerships for Infrastructure (P4I),named_item,,,23110,,2026-09-28,External CRS comparator activity-flow record; not a JETP project
oecd-crs-energy-idn-2023-q-2026-09-28-md-22770057,IDN,05f6b0bfeaeae3ead49c0a1c5e38f415a66915629a27c3a050be316d13a6f6dc,AUS.IDN.23210.11.90000.C01.D.Q.DD.22770057.USD/2023,243,Support to Climate and Infrastructure Partnerships,named_item,,,23210,,2026-09-28,External CRS comparator activity-flow record; not a JETP project
oecd-crs-energy-idn-2023-q-2026-09-28-md-22196260,IDN,05f6b0bfeaeae3ead49c0a1c5e38f415a66915629a27c3a050be316d13a6f6dc,AUS.IDN.23110.11.90000.C01.C.Q.DD.22196260.USD/2023,244,Support to Climate and Infrastructure Partnerships,named_item,,,23110,,2026-09-28,External CRS comparator activity-flow record; not a JETP project
oecd-crs-energy-idn-2023-q-2026-09-28-md-22767524,IDN,05f6b0bfeaeae3ead49c0a1c5e38f415a66915629a27c3a050be316d13a6f6dc,AUS.IDN.23110.11.90000.C01.D.Q.DD.22767524.USD/2023,245,Climate and Infrastructure Partnership (KINETIK),named_item,,,23110,,2026-09-28,External CRS comparator activity-flow record; not a JETP project
oecd-crs-energy-idn-2023-q-2026-09-28-md-22194379,IDN,05f6b0bfeaeae3ead49c0a1c5e38f415a66915629a27c3a050be316d13a6f6dc,AUS.IDN.23210.11.90000.C01.C.Q.DD.22194379.USD/2023,246,Climate and Infrastructure Partnership (KINETIK),named_item,,,23210,,2026-09-28,External CRS comparator activity-flow record; not a JETP project
oecd-crs-energy-idn-2023-q-2026-09-28-md-22770053,IDN,05f6b0bfeaeae3ead49c0a1c5e38f415a66915629a27c3a050be316d13a6f6dc,AUS.IDN.23110.11.90000.C01.D.Q.DD.22770053.USD/2023,247,Support to Climate and Infrastructure Partnerships,named_item,,,23110,,2026-09-28,External CRS comparator activity-flow record; not a JETP project
oecd-crs-energy-idn-2023-q-2026-09-28-md-22189649,IDN,05f6b0bfeaeae3ead49c0a1c5e38f415a66915629a27c3a050be316d13a6f6dc,AUS.IDN.23110.11.90000.C01.C.Q.DD.22189649.USD/2023,248,ADB Sustainable Infrastructure Assistance Program Phase 2 (SIAP 2),named_item,,,23110,,2026-09-28,External CRS comparator activity-flow record; not a JETP project
oecd-crs-energy-idn-2023-q-2026-09-28-md-22768243,IDN,05f6b0bfeaeae3ead49c0a1c5e38f415a66915629a27c3a050be316d13a6f6dc,AUS.IDN.23110.11.90000.C01.D.Q.DD.22768243.USD/2023,249,ADB Sustainable Infrastructure Assistance Program Phase 2 (SIAP 2),named_item,,,23110,,2026-09-28,External CRS comparator activity-flow record; not a JETP project
oecd-crs-energy-idn-2023-q-2026-09-28-md-22196261,IDN,05f6b0bfeaeae3ead49c0a1c5e38f415a66915629a27c3a050be316d13a6f6dc,AUS.IDN.23210.11.90000.C01.C.Q.DD.22196261.USD/2023,250,Support to Climate and Infrastructure Partnerships,named_item,,,23210,,2026-09-28,External CRS comparator activity-flow record; not a JETP project
oecd-crs-energy-idn-2023-q-2026-09-28-md-22767525,IDN,05f6b0bfeaeae3ead49c0a1c5e38f415a66915629a27c3a050be316d13a6f6dc,AUS.IDN.23210.11.90000.C01.D.Q.DD.22767525.USD/2023,251,Climate and Infrastructure Partnership (KINETIK),named_item,,,23210,,2026-09-28,External CRS comparator activity-flow record; not a JETP project
oecd-crs-energy-idn-2023-q-2026-09-28-md-22194378,IDN,05f6b0bfeaeae3ead49c0a1c5e38f415a66915629a27c3a050be316d13a6f6dc,AUS.IDN.23110.11.90000.C01.C.Q.DD.22194378.USD/2023,252,Climate and Infrastructure Partnership (KINETIK),named_item,,,23110,,2026-09-28,External CRS comparator activity-flow record; not a JETP project
oecd-crs-energy-idn-2023-q-2026-09-28-md-22189769,IDN,05f6b0bfeaeae3ead49c0a1c5e38f415a66915629a27c3a050be316d13a6f6dc,AUS.IDN.23110.11.20000.C01.C.Q.DD.22189769.USD/2023,253,Partnerships for Infrastructure (P4I),named_item,,,23110,,2026-09-28,External CRS comparator activity-flow record; not a JETP project
oecd-crs-energy-idn-2023-q-2026-09-28-md-22768363,IDN,05f6b0bfeaeae3ead49c0a1c5e38f415a66915629a27c3a050be316d13a6f6dc,AUS.IDN.23110.11.20000.C01.D.Q.DD.22768363.USD/2023,254,Partnerships for Infrastructure (P4I),named_item,,,23110,,2026-09-28,External CRS comparator activity-flow record; not a JETP project
oecd-crs-energy-idn-2023-q-2026-09-28-md-22763912,IDN,05f6b0bfeaeae3ead49c0a1c5e38f415a66915629a27c3a050be316d13a6f6dc,AUS.IDN.23110.11.20000.C01.D.Q.DD.22763912.USD/2023,255,Oxfam Australia,named_item,,,23110,,2026-09-28,External CRS comparator activity-flow record; not a JETP project
oecd-crs-energy-idn-2023-q-2026-09-28-md-22763914,IDN,05f6b0bfeaeae3ead49c0a1c5e38f415a66915629a27c3a050be316d13a6f6dc,AUS.IDN.23210.11.20000.C01.D.Q.DD.22763914.USD/2023,256,Oxfam Australia,named_item,,,23210,,2026-09-28,External CRS comparator activity-flow record; not a JETP project
oecd-crs-energy-idn-2023-q-2026-09-28-md-22763913,IDN,05f6b0bfeaeae3ead49c0a1c5e38f415a66915629a27c3a050be316d13a6f6dc,AUS.IDN.23182.11.20000.C01.D.Q.DD.22763913.USD/2023,257,Oxfam Australia,named_item,,,23182,,2026-09-28,External CRS comparator activity-flow record; not a JETP project
oecd-crs-energy-idn-2023-q-2026-09-28-md-22198887,IDN,05f6b0bfeaeae3ead49c0a1c5e38f415a66915629a27c3a050be316d13a6f6dc,AUS.IDN.23182.11.20000.C01.C.Q.DD.22198887.USD/2023,258,Oxfam Australia,named_item,,,23182,,2026-09-28,External CRS comparator activity-flow record; not a JETP project
oecd-crs-energy-idn-2023-q-2026-09-28-md-22719710,IDN,05f6b0bfeaeae3ead49c0a1c5e38f415a66915629a27c3a050be316d13a6f6dc,IRL.IDN.23230.11.20000.C01.D.Q.DD.22719710.USD/2023,259,ICMPS-Manila: SM ZOTO Solar pannels for Urban comm V024 MANILA,named_item,,,23230,,2026-09-28,External CRS comparator activity-flow record; not a JETP project
oecd-crs-energy-idn-2023-q-2026-09-28-md-22170834,IDN,05f6b0bfeaeae3ead49c0a1c5e38f415a66915629a27c3a050be316d13a6f6dc,IRL.IDN.23230.11.20000.C01.C.Q.DD.22170834.USD/2023,260,ICMPS-Manila: SM ZOTO Solar pannels for Urban comm V024 MANILA,named_item,,,23230,,2026-09-28,External CRS comparator activity-flow record; not a JETP project
oecd-crs-energy-idn-2023-q-2026-09-28-md-22198888,IDN,05f6b0bfeaeae3ead49c0a1c5e38f415a66915629a27c3a050be316d13a6f6dc,AUS.IDN.23210.11.20000.C01.C.Q.DD.22198888.USD/2023,261,Oxfam Australia,named_item,,,23210,,2026-09-28,External CRS comparator activity-flow record; not a JETP project
oecd-crs-energy-idn-2023-q-2026-09-28-md-22198886,IDN,05f6b0bfeaeae3ead49c0a1c5e38f415a66915629a27c3a050be316d13a6f6dc,AUS.IDN.23110.11.20000.C01.C.Q.DD.22198886.USD/2023,262,Oxfam Australia,named_item,,,23110,,2026-09-28,External CRS comparator activity-flow record; not a JETP project
oecd-crs-energy-idn-2023-q-2026-09-28-md-22665614,IDN,05f6b0bfeaeae3ead49c0a1c5e38f415a66915629a27c3a050be316d13a6f6dc,ITA.IDN.23110.14.60000.C01.D.Q.DD.22665614.USD/2023,263,SIMEST - INTEREST SUBSIDY TO NATIONAL PRIVATE EXPORTERS,named_item,,,23110,,2026-09-28,External CRS comparator activity-flow record; not a JETP project
oecd-crs-energy-idn-2023-q-2026-09-28-md-22687721,IDN,05f6b0bfeaeae3ead49c0a1c5e38f415a66915629a27c3a050be316d13a6f6dc,JPN.IDN.23260.13.10000.C01.D.Q.DD.22687721.USD/2023,264,Lumut Balai Geothermal Power Plant Project,named_item,,,23260,,2026-09-28,External CRS comparator activity-flow record; not a JETP project
oecd-crs-energy-idn-2023-q-2026-09-28-md-22687725,IDN,05f6b0bfeaeae3ead49c0a1c5e38f415a66915629a27c3a050be316d13a6f6dc,JPN.IDN.23260.13.10000.C01.D.Q.DD.22687725.USD/2023,265,Lumut Balai Geothermal Power Plant Project,named_item,,,23260,,2026-09-28,External CRS comparator activity-flow record; not a JETP project
oecd-crs-energy-idn-2023-q-2026-09-28-md-22126817,IDN,05f6b0bfeaeae3ead49c0a1c5e38f415a66915629a27c3a050be316d13a6f6dc,BEL.IDN.23210.14.10000.C01.C.Q.DD.22126817.USD/2023,266,Renewable Energy Asia Fund II - Tasma Bioenergy,named_item,,,23210,,2026-09-28,External CRS comparator activity-flow record; not a JETP project
oecd-crs-energy-idn-2023-q-2026-09-28-md-22665808,IDN,05f6b0bfeaeae3ead49c0a1c5e38f415a66915629a27c3a050be316d13a6f6dc,BEL.IDN.23210.14.10000.C01.D.Q.DD.22665808.USD/2023,267,Renewable Energy Asia Fund II - Tasma Bioenergy,named_item,,,23210,,2026-09-28,External CRS comparator activity-flow record; not a JETP project
oecd-crs-energy-idn-2024-q-2026-09-28-md-26265772,IDN,c34f2b1ecaeda2aec25b7cba353fb6ea33c72703939c075a368692f664a002bc,9PRIV1627.IDN.23210.30.20000.C01.D.Q.DD.26265772.USD/2024,1,Rumah Energi Foundation,named_item,,,23210,,2026-09-28,External CRS comparator activity-flow record; not a JETP project
oecd-crs-energy-idn-2024-q-2026-09-28-md-26732479,IDN,c34f2b1ecaeda2aec25b7cba353fb6ea33c72703939c075a368692f664a002bc,9PRIV1627.IDN.23210.30.20000.C01.C.Q.DD.26732479.USD/2024,2,Rumah Energi Foundation,named_item,,,23210,,2026-09-28,External CRS comparator activity-flow record; not a JETP project
oecd-crs-energy-idn-2024-q-2026-09-28-md-26265465,IDN,c34f2b1ecaeda2aec25b7cba353fb6ea33c72703939c075a368692f664a002bc,9PRIV1627.IDN.23181.30.20000.C01.D.Q.DD.26265465.USD/2024,3,Yayasan Indonesia Cerah,named_item,,,23181,,2026-09-28,External CRS comparator activity-flow record; not a JETP project
oecd-crs-energy-idn-2024-q-2026-09-28-md-26874773,IDN,c34f2b1ecaeda2aec25b7cba353fb6ea33c72703939c075a368692f664a002bc,9PRIV1627.IDN.23210.30.20000.C01.C.Q.DD.26874773.USD/2024,4,Yayasan Angin Dampak Jaya,named_item,,,23210,,2026-09-28,External CRS comparator activity-flow record; not a JETP project
oecd-crs-energy-idn-2024-q-2026-09-28-md-26738578,IDN,c34f2b1ecaeda2aec25b7cba353fb6ea33c72703939c075a368692f664a002bc,9PRIV1627.IDN.23181.30.20000.C01.C.Q.DD.26738578.USD/2024,5,Yayasan Indonesia Cerah,named_item,,,23181,,2026-09-28,External CRS comparator activity-flow record; not a JETP project
oecd-crs-energy-idn-2024-q-2026-09-28-md-26735463,IDN,c34f2b1ecaeda2aec25b7cba353fb6ea33c72703939c075a368692f664a002bc,9PRIV1627.IDN.23110.30.20000.B01.C.Q.DD.26735463.USD/2024,6,European Climate Foundation,named_item,,,23110,,2026-09-28,External CRS comparator activity-flow record; not a JETP project
oecd-crs-energy-idn-2024-q-2026-09-28-md-26265227,IDN,c34f2b1ecaeda2aec25b7cba353fb6ea33c72703939c075a368692f664a002bc,9PRIV1627.IDN.23110.30.50000.C01.D.Q.DD.26265227.USD/2024,7,The Habibie Center,named_item,,,23110,,2026-09-28,External CRS comparator activity-flow record; not a JETP project
oecd-crs-energy-idn-2024-q-2026-09-28-md-26461755,IDN,c34f2b1ecaeda2aec25b7cba353fb6ea33c72703939c075a368692f664a002bc,9OTH022.IDN.23210.14.60000.C01.D.Q.DD.26461755.USD/2024,8,"Archipelago Hybrid Power Solutions, Indonesia",named_item,,,23210,,2026-09-28,External CRS comparator activity-flow record; not a JETP project
oecd-crs-energy-idn-2024-q-2026-09-28-md-26461756,IDN,c34f2b1ecaeda2aec25b7cba353fb6ea33c72703939c075a368692f664a002bc,9OTH022.IDN.23240.14.60000.C01.D.Q.DD.26461756.USD/2024,9,"Sumatra Wind Power, Indonesia",named_item,,,23240,,2026-09-28,External CRS comparator activity-flow record; not a JETP project
oecd-crs-energy-idn-2024-q-2026-09-28-md-26461751,IDN,c34f2b1ecaeda2aec25b7cba353fb6ea33c72703939c075a368692f664a002bc,9OTH022.IDN.23220.14.60000.C01.D.Q.DD.26461751.USD/2024,10,"Endikat Hydro Power, Indonesia",named_item,,,23220,,2026-09-28,External CRS comparator activity-flow record; not a JETP project
oecd-crs-energy-idn-2024-q-2026-09-28-md-26824285,IDN,c34f2b1ecaeda2aec25b7cba353fb6ea33c72703939c075a368692f664a002bc,9OTH006.IDN.23210.13.40000.C01.C.Q.DD.26824285.USD/2024,11,Private CFPP Early Retirement Program - Component 1.2,named_item,,,23210,,2026-09-28,External CRS comparator activity-flow record; not a JETP project
oecd-crs-energy-idn-2024-q-2026-09-28-md-26824283,IDN,c34f2b1ecaeda2aec25b7cba353fb6ea33c72703939c075a368692f664a002bc,9OTH006.IDN.23210.11.40000.C01.C.Q.DD.26824283.USD/2024,12,PT SMI Early Retirement Program (Technical Assistance Component),named_item,,,23210,,2026-09-28,External CRS comparator activity-flow record; not a JETP project
oecd-crs-energy-idn-2024-q-2026-09-28-md-26389338,IDN,c34f2b1ecaeda2aec25b7cba353fb6ea33c72703939c075a368692f664a002bc,9OTH006.IDN.23260.13.40000.C01.D.Q.DD.26389338.USD/2024,13,DPSP III: Geothermal Power Generation Project,named_item,,,23260,,2026-09-28,External CRS comparator activity-flow record; not a JETP project
oecd-crs-energy-idn-2024-q-2026-09-28-md-26389351,IDN,c34f2b1ecaeda2aec25b7cba353fb6ea33c72703939c075a368692f664a002bc,9OTH006.IDN.23260.11.40000.C01.D.Q.DD.26389351.USD/2024,14,DPSPIII: Indonesia Geothermal Resource Risk Mitigation Project (GREM),named_item,,,23260,,2026-09-28,External CRS comparator activity-flow record; not a JETP project
oecd-crs-energy-idn-2024-q-2026-09-28-md-26386161,IDN,c34f2b1ecaeda2aec25b7cba353fb6ea33c72703939c075a368692f664a002bc,5WB001.IDN.23630.14.10000.C01.D.Q.DD.26386161.USD/2024,15,Power Distribution Development Program-for-Results,named_item,,,23630,,2026-09-28,External CRS comparator activity-flow record; not a JETP project
oecd-crs-energy-idn-2024-q-2026-09-28-md-26382709,IDN,c34f2b1ecaeda2aec25b7cba353fb6ea33c72703939c075a368692f664a002bc,5WB001.IDN.23631.14.10000.C01.D.Q.DD.26382709.USD/2024,16,Indonesia Sustainable Least-cost Electrification-1 (ISLE-1) Program,named_item,,,23631,,2026-09-28,External CRS comparator activity-flow record; not a JETP project
oecd-crs-energy-idn-2024-q-2026-09-28-md-26474111,IDN,c34f2b1ecaeda2aec25b7cba353fb6ea33c72703939c075a368692f664a002bc,5WB001.IDN.23631.14.10000.C01.D.Q.DD.26474111.USD/2024,17,Development of Pumped Storage Hydropower in Java Bali System Project,named_item,,,23631,,2026-09-28,External CRS comparator activity-flow record; not a JETP project
oecd-crs-energy-idn-2024-q-2026-09-28-md-26382708,IDN,c34f2b1ecaeda2aec25b7cba353fb6ea33c72703939c075a368692f664a002bc,5WB001.IDN.23231.14.10000.C01.D.Q.DD.26382708.USD/2024,18,Indonesia Sustainable Least-cost Electrification-1 (ISLE-1) Program,named_item,,,23231,,2026-09-28,External CRS comparator activity-flow record; not a JETP project
oecd-crs-energy-idn-2024-q-2026-09-28-md-26474109,IDN,c34f2b1ecaeda2aec25b7cba353fb6ea33c72703939c075a368692f664a002bc,5WB001.IDN.23110.14.10000.C01.D.Q.DD.26474109.USD/2024,19,Development of Pumped Storage Hydropower in Java Bali System Project,named_item,,,23110,,2026-09-28,External CRS comparator activity-flow record; not a JETP project
oecd-crs-energy-idn-2024-q-2026-09-28-md-26382707,IDN,c34f2b1ecaeda2aec25b7cba353fb6ea33c72703939c075a368692f664a002bc,5WB001.IDN.23110.14.10000.C01.D.Q.DD.26382707.USD/2024,20,Indonesia Sustainable Least-cost Electrification-1 (ISLE-1) Program,named_item,,,23110,,2026-09-28,External CRS comparator activity-flow record; not a JETP project
oecd-crs-energy-idn-2024-q-2026-09-28-md-26447137,IDN,c34f2b1ecaeda2aec25b7cba353fb6ea33c72703939c075a368692f664a002bc,1UN014.IDN.23210.11.40000.C01.D.Q.DD.26447137.USD/2024,21,Building Resilience Development Governance (BRIDGE),named_item,,,23210,,2026-09-28,External CRS comparator activity-flow record; not a JETP project
oecd-crs-energy-idn-2024-q-2026-09-28-md-26864969,IDN,c34f2b1ecaeda2aec25b7cba353fb6ea33c72703939c075a368692f664a002bc,1UN014.IDN.23210.11.40000.C01.C.Q.DD.26864969.USD/2024,22,Building Resilience Development Governance (BRIDGE),named_item,,,23210,,2026-09-28,External CRS comparator activity-flow record; not a JETP project
oecd-crs-energy-idn-2024-q-2026-09-28-md-26459379,IDN,c34f2b1ecaeda2aec25b7cba353fb6ea33c72703939c075a368692f664a002bc,5ASDB01.IDN.23630.14.10000.C01.D.Q.DD.26459379.USD/2024,23,Sustainable and Reliable Energy Access Program - Western and Central Java,named_item,,,23630,,2026-09-28,External CRS comparator activity-flow record; not a JETP project
oecd-crs-energy-idn-2024-q-2026-09-28-md-26459288,IDN,c34f2b1ecaeda2aec25b7cba353fb6ea33c72703939c075a368692f664a002bc,5ASDB01.IDN.23630.14.10000.C01.D.Q.DD.26459288.USD/2024,24,Sustainable Energy Access in Eastern Indonesia - Electricity Grid Development Program (Phase 2),named_item,,,23630,,2026-09-28,External CRS comparator activity-flow record; not a JETP project
oecd-crs-energy-idn-2024-q-2026-09-28-md-26459250,IDN,c34f2b1ecaeda2aec25b7cba353fb6ea33c72703939c075a368692f664a002bc,5ASDB01.IDN.23260.14.10000.C01.D.Q.DD.26459250.USD/2024,25,Geothermal Power Generation,named_item,,,23260,,2026-09-28,External CRS comparator activity-flow record; not a JETP project
oecd-crs-energy-idn-2024-q-2026-09-28-md-26458402,IDN,c34f2b1ecaeda2aec25b7cba353fb6ea33c72703939c075a368692f664a002bc,5ASDB01.IDN.23631.11.10000.D02.D.Q.DD.26458402.USD/2024,26,Strengthening Country Program Development and Delivery,named_item,,,23631,,2026-09-28,External CRS comparator activity-flow record; not a JETP project
oecd-crs-energy-idn-2024-q-2026-09-28-md-26458401,IDN,c34f2b1ecaeda2aec25b7cba353fb6ea33c72703939c075a368692f664a002bc,5ASDB01.IDN.23110.11.10000.D02.D.Q.DD.26458401.USD/2024,27,Strengthening Country Program Development and Delivery,named_item,,,23110,,2026-09-28,External CRS comparator activity-flow record; not a JETP project
oecd-crs-energy-idn-2024-q-2026-09-28-md-26379224,IDN,c34f2b1ecaeda2aec25b7cba353fb6ea33c72703939c075a368692f664a002bc,5RDB009.IDN.23210.14.60000.D02.D.Q.DD.26379224.USD/2024,28,Capacity Building Of Women's Groups in Central Halmahera in The Field Of Integrated Agricultural Systems With Renewable Energy,named_item,,,23210,,2026-09-28,External CRS comparator activity-flow record; not a JETP project
oecd-crs-energy-idn-2024-q-2026-09-28-md-26378319,IDN,c34f2b1ecaeda2aec25b7cba353fb6ea33c72703939c075a368692f664a002bc,5RDB009.IDN.23630.14.10000.C01.D.Q.DD.26378319.USD/2024,29,Power Grid Enhancement Project,named_item,,,23630,,2026-09-28,External CRS comparator activity-flow record; not a JETP project
oecd-crs-energy-idn-2024-q-2026-09-28-md-26296742,IDN,c34f2b1ecaeda2aec25b7cba353fb6ea33c72703939c075a368692f664a002bc,4EU001.IDN.23110.11.10000.C01.D.Q.DD.26296742.USD/2024,30,Support for Infrastructure Investments in Indonesia (S4I)  Assistance for the establishment of Indonesia¿s Development Bank,named_item,,,23110,,2026-09-28,External CRS comparator activity-flow record; not a JETP project
oecd-crs-energy-idn-2024-q-2026-09-28-md-26439314,IDN,c34f2b1ecaeda2aec25b7cba353fb6ea33c72703939c075a368692f664a002bc,9OTH011.IDN.23642.11.40000.C01.D.Q.DD.26439314.USD/2024,31,Enhancing Readiness for the Tr-UNDP-IDN-00127474,named_item,,,23642,,2026-09-28,External CRS comparator activity-flow record; not a JETP project
oecd-crs-energy-idn-2024-q-2026-09-28-md-26438881,IDN,c34f2b1ecaeda2aec25b7cba353fb6ea33c72703939c075a368692f664a002bc,9OTH011.IDN.23210.11.40000.C01.D.Q.DD.26438881.USD/2024,32,ADLIGHT-UNDP-IDN-00101814,named_item,,,23210,,2026-09-28,External CRS comparator activity-flow record; not a JETP project
oecd-crs-energy-idn-2024-q-2026-09-28-md-26351085,IDN,c34f2b1ecaeda2aec25b7cba353fb6ea33c72703939c075a368692f664a002bc,USA.IDN.23110.11.20000.C01.D.Q.DD.26351085.USD/2024,33,Energy Utility Partnership Program (EUPP),named_item,,,23110,,2026-09-28,External CRS comparator activity-flow record; not a JETP project
oecd-crs-energy-idn-2024-q-2026-09-28-md-26358157,IDN,c34f2b1ecaeda2aec25b7cba353fb6ea33c72703939c075a368692f664a002bc,USA.IDN.23210.11.10000.D01.D.Q.DD.26358157.USD/2024,34,Partnership for Decarbonized and Climate Resilient Energy Systems,named_item,,,23210,,2026-09-28,External CRS comparator activity-flow record; not a JETP project
oecd-crs-energy-idn-2024-q-2026-09-28-md-26373454,IDN,c34f2b1ecaeda2aec25b7cba353fb6ea33c72703939c075a368692f664a002bc,USA.IDN.23110.11.20000.C01.D.Q.DD.26373454.USD/2024,35,Strengthen Just Workforce Clean Energy Transition,named_item,,,23110,,2026-09-28,External CRS comparator activity-flow record; not a JETP project
oecd-crs-energy-idn-2024-q-2026-09-28-md-26373801,IDN,c34f2b1ecaeda2aec25b7cba353fb6ea33c72703939c075a368692f664a002bc,USA.IDN.23240.11.60000.D02.D.Q.DD.26373801.USD/2024,36,"Feasibility Study - West Sumbawa Wind Power Plant Feasibility Study, through UL Services Group LLC",named_item,,,23240,,2026-09-28,External CRS comparator activity-flow record; not a JETP project
oecd-crs-energy-idn-2024-q-2026-09-28-md-26373772,IDN,c34f2b1ecaeda2aec25b7cba353fb6ea33c72703939c075a368692f664a002bc,USA.IDN.23230.11.60000.D02.D.Q.DD.26373772.USD/2024,37,"Feasibility Study - Net Zero World Renewable Energy Mini Grids Feasibility Study, through tQAutomation",named_item,,,23230,,2026-09-28,External CRS comparator activity-flow record; not a JETP project
oecd-crs-energy-idn-2024-q-2026-09-28-md-26373771,IDN,c34f2b1ecaeda2aec25b7cba353fb6ea33c72703939c075a368692f664a002bc,USA.IDN.23230.11.60000.D02.D.Q.DD.26373771.USD/2024,38,"Feasibility Study - Net Zero World Renewable Energy Mini Grids Feasibility Study, through tQAutomation",named_item,,,23230,,2026-09-28,External CRS comparator activity-flow record; not a JETP project
oecd-crs-energy-idn-2024-q-2026-09-28-md-26365125,IDN,c34f2b1ecaeda2aec25b7cba353fb6ea33c72703939c075a368692f664a002bc,USA.IDN.23510.11.60000.D02.D.Q.DD.26365125.USD/2024,39,"Technical Assistance - NuScale Small Modular Reactor Technical and Economic Analysis, through NuScale Power, LLC",named_item,,,23510,,2026-09-28,External CRS comparator activity-flow record; not a JETP project
oecd-crs-energy-idn-2024-q-2026-09-28-md-26821311,IDN,c34f2b1ecaeda2aec25b7cba353fb6ea33c72703939c075a368692f664a002bc,USA.IDN.23230.11.60000.D02.C.Q.DD.26821311.USD/2024,40,"Feasibility Study - Net Zero World Renewable Energy Mini Grids Feasibility Study, through tQAutomation",named_item,,,23230,,2026-09-28,External CRS comparator activity-flow record; not a JETP project
oecd-crs-energy-idn-2024-q-2026-09-28-md-26813414,IDN,c34f2b1ecaeda2aec25b7cba353fb6ea33c72703939c075a368692f664a002bc,USA.IDN.23210.11.60000.C01.C.Q.DD.26813414.USD/2024,41,USAID SELARAS- Sustainable Municipal Solid Waste Management and Partnership Activity,named_item,,,23210,,2026-09-28,External CRS comparator activity-flow record; not a JETP project
oecd-crs-energy-idn-2024-q-2026-09-28-md-26358758,IDN,c34f2b1ecaeda2aec25b7cba353fb6ea33c72703939c075a368692f664a002bc,USA.IDN.23210.11.60000.C01.D.Q.DD.26358758.USD/2024,42,USAID SELARAS- Sustainable Municipal Solid Waste Management and Partnership Activity,named_item,,,23210,,2026-09-28,External CRS comparator activity-flow record; not a JETP project
oecd-crs-energy-idn-2024-q-2026-09-28-md-26353501,IDN,c34f2b1ecaeda2aec25b7cba353fb6ea33c72703939c075a368692f664a002bc,USA.IDN.23210.11.60000.C01.D.Q.DD.26353501.USD/2024,43,Sustainable Energy for Indonesias Advancing Resilience (SINAR),named_item,,,23210,,2026-09-28,External CRS comparator activity-flow record; not a JETP project
oecd-crs-energy-idn-2024-q-2026-09-28-md-26353500,IDN,c34f2b1ecaeda2aec25b7cba353fb6ea33c72703939c075a368692f664a002bc,USA.IDN.23210.11.60000.C01.D.Q.DD.26353500.USD/2024,44,Sustainable Energy for Indonesias Advancing Resilience (SINAR),named_item,,,23210,,2026-09-28,External CRS comparator activity-flow record; not a JETP project
oecd-crs-energy-idn-2024-q-2026-09-28-md-26804952,IDN,c34f2b1ecaeda2aec25b7cba353fb6ea33c72703939c075a368692f664a002bc,USA.IDN.23210.11.60000.C01.C.Q.DD.26804952.USD/2024,45,Sustainable Energy for Indonesias Advancing Resilience (SINAR),named_item,,,23210,,2026-09-28,External CRS comparator activity-flow record; not a JETP project
oecd-crs-energy-idn-2024-q-2026-09-28-md-26804953,IDN,c34f2b1ecaeda2aec25b7cba353fb6ea33c72703939c075a368692f664a002bc,USA.IDN.23210.11.60000.C01.C.Q.DD.26804953.USD/2024,46,Sustainable Energy for Indonesias Advancing Resilience (SINAR),named_item,,,23210,,2026-09-28,External CRS comparator activity-flow record; not a JETP project
oecd-crs-energy-idn-2024-q-2026-09-28-md-26835818,IDN,c34f2b1ecaeda2aec25b7cba353fb6ea33c72703939c075a368692f664a002bc,GBR.IDN.23210.11.10000.D01.C.Q.DD.26835818.USD/2024,47,RDEL - Programme Funded Staff Cost,named_item,,,23210,,2026-09-28,External CRS comparator activity-flow record; not a JETP project
oecd-crs-energy-idn-2024-q-2026-09-28-md-26835827,IDN,c34f2b1ecaeda2aec25b7cba353fb6ea33c72703939c075a368692f664a002bc,GBR.IDN.23110.11.10000.D01.C.Q.DD.26835827.USD/2024,48,Programme Funded Role FCIP,named_item,,,23110,,2026-09-28,External CRS comparator activity-flow record; not a JETP project
oecd-crs-energy-idn-2024-q-2026-09-28-md-26398427,IDN,c34f2b1ecaeda2aec25b7cba353fb6ea33c72703939c075a368692f664a002bc,GBR.IDN.23110.11.10000.D01.D.Q.DD.26398427.USD/2024,49,RDEL - Programme Funded Staff Cost,named_item,,,23110,,2026-09-28,External CRS comparator activity-flow record; not a JETP project
oecd-crs-energy-idn-2024-q-2026-09-28-md-26398428,IDN,c34f2b1ecaeda2aec25b7cba353fb6ea33c72703939c075a368692f664a002bc,GBR.IDN.23210.11.10000.D01.D.Q.DD.26398428.USD/2024,50,RDEL - Programme Funded Staff Cost,named_item,,,23210,,2026-09-28,External CRS comparator activity-flow record; not a JETP project
oecd-crs-energy-idn-2024-q-2026-09-28-md-26398437,IDN,c34f2b1ecaeda2aec25b7cba353fb6ea33c72703939c075a368692f664a002bc,GBR.IDN.23110.11.10000.D01.D.Q.DD.26398437.USD/2024,51,Programme Funded Role FCIP,named_item,,,23110,,2026-09-28,External CRS comparator activity-flow record; not a JETP project
oecd-crs-energy-idn-2024-q-2026-09-28-md-26835817,IDN,c34f2b1ecaeda2aec25b7cba353fb6ea33c72703939c075a368692f664a002bc,GBR.IDN.23110.11.10000.D01.C.Q.DD.26835817.USD/2024,52,RDEL - Programme Funded Staff Cost,named_item,,,23110,,2026-09-28,External CRS comparator activity-flow record; not a JETP project
oecd-crs-energy-idn-2024-q-2026-09-28-md-26398368,IDN,c34f2b1ecaeda2aec25b7cba353fb6ea33c72703939c075a368692f664a002bc,GBR.IDN.23182.11.40000.B03.D.Q.DD.26398368.USD/2024,53,TEA Demonstrator - Contribution to the World Bank Indonesia Sustainable Least-cost Electrification Programme,named_item,,,23182,,2026-09-28,External CRS comparator activity-flow record; not a JETP project
oecd-crs-energy-idn-2024-q-2026-09-28-md-26835758,IDN,c34f2b1ecaeda2aec25b7cba353fb6ea33c72703939c075a368692f664a002bc,GBR.IDN.23182.11.40000.B03.C.Q.DD.26835758.USD/2024,54,TEA Demonstrator - Contribution to the World Bank Indonesia Sustainable Least-cost Electrification Programme,named_item,,,23182,,2026-09-28,External CRS comparator activity-flow record; not a JETP project
oecd-crs-energy-idn-2024-q-2026-09-28-md-26395387,IDN,c34f2b1ecaeda2aec25b7cba353fb6ea33c72703939c075a368692f664a002bc,GBR.IDN.23210.11.60000.C01.D.Q.DD.26395387.USD/2024,55,Mentari RE Delivery,named_item,,,23210,,2026-09-28,External CRS comparator activity-flow record; not a JETP project
oecd-crs-energy-idn-2024-q-2026-09-28-md-26395384,IDN,c34f2b1ecaeda2aec25b7cba353fb6ea33c72703939c075a368692f664a002bc,GBR.IDN.23110.11.60000.C01.D.Q.DD.26395384.USD/2024,56,Mentari RE Delivery Partner,named_item,,,23110,,2026-09-28,External CRS comparator activity-flow record; not a JETP project
oecd-crs-energy-idn-2024-q-2026-09-28-md-26395385,IDN,c34f2b1ecaeda2aec25b7cba353fb6ea33c72703939c075a368692f664a002bc,GBR.IDN.23210.11.60000.C01.D.Q.DD.26395385.USD/2024,57,Mentari RE Delivery Partner,named_item,,,23210,,2026-09-28,External CRS comparator activity-flow record; not a JETP project
oecd-crs-energy-idn-2024-q-2026-09-28-md-26826703,IDN,c34f2b1ecaeda2aec25b7cba353fb6ea33c72703939c075a368692f664a002bc,GBR.IDN.23210.11.60000.C01.C.Q.DD.26826703.USD/2024,58,Mentari RE Delivery Partner,named_item,,,23210,,2026-09-28,External CRS comparator activity-flow record; not a JETP project
oecd-crs-energy-idn-2024-q-2026-09-28-md-26398389,IDN,c34f2b1ecaeda2aec25b7cba353fb6ea33c72703939c075a368692f664a002bc,GBR.IDN.23630.11.10000.C01.D.Q.DD.26398389.USD/2024,59,Wilton Park - Indonesia,named_item,,,23630,,2026-09-28,External CRS comparator activity-flow record; not a JETP project
oecd-crs-energy-idn-2024-q-2026-09-28-md-26826706,IDN,c34f2b1ecaeda2aec25b7cba353fb6ea33c72703939c075a368692f664a002bc,GBR.IDN.23210.11.60000.C01.C.Q.DD.26826706.USD/2024,60,Mentari RE Delivery,named_item,,,23210,,2026-09-28,External CRS comparator activity-flow record; not a JETP project
oecd-crs-energy-idn-2024-q-2026-09-28-md-26835779,IDN,c34f2b1ecaeda2aec25b7cba353fb6ea33c72703939c075a368692f664a002bc,GBR.IDN.23630.11.10000.C01.C.Q.DD.26835779.USD/2024,61,Wilton Park - Indonesia,named_item,,,23630,,2026-09-28,External CRS comparator activity-flow record; not a JETP project
oecd-crs-energy-idn-2024-q-2026-09-28-md-26826701,IDN,c34f2b1ecaeda2aec25b7cba353fb6ea33c72703939c075a368692f664a002bc,GBR.IDN.23110.11.60000.C01.C.Q.DD.26826701.USD/2024,62,Mentari RE Delivery Partner,named_item,,,23110,,2026-09-28,External CRS comparator activity-flow record; not a JETP project
oecd-crs-energy-idn-2024-q-2026-09-28-md-26826705,IDN,c34f2b1ecaeda2aec25b7cba353fb6ea33c72703939c075a368692f664a002bc,GBR.IDN.23110.11.60000.C01.C.Q.DD.26826705.USD/2024,63,Mentari RE Delivery,named_item,,,23110,,2026-09-28,External CRS comparator activity-flow record; not a JETP project
oecd-crs-energy-idn-2024-q-2026-09-28-md-26395386,IDN,c34f2b1ecaeda2aec25b7cba353fb6ea33c72703939c075a368692f664a002bc,GBR.IDN.23110.11.60000.C01.D.Q.DD.26395386.USD/2024,64,Mentari RE Delivery,named_item,,,23110,,2026-09-28,External CRS comparator activity-flow record; not a JETP project
oecd-crs-energy-idn-2024-q-2026-09-28-md-26835813,IDN,c34f2b1ecaeda2aec25b7cba353fb6ea33c72703939c075a368692f664a002bc,GBR.IDN.23210.11.60000.C01.C.Q.DD.26835813.USD/2024,65,CDEL - Payment to Main Delivery Partner,named_item,,,23210,,2026-09-28,External CRS comparator activity-flow record; not a JETP project
oecd-crs-energy-idn-2024-q-2026-09-28-md-26398419,IDN,c34f2b1ecaeda2aec25b7cba353fb6ea33c72703939c075a368692f664a002bc,GBR.IDN.23210.11.60000.C01.D.Q.DD.26398419.USD/2024,66,RDEL - payment to main delivery partner,named_item,,,23210,,2026-09-28,External CRS comparator activity-flow record; not a JETP project
oecd-crs-energy-idn-2024-q-2026-09-28-md-26398423,IDN,c34f2b1ecaeda2aec25b7cba353fb6ea33c72703939c075a368692f664a002bc,GBR.IDN.23210.11.60000.C01.D.Q.DD.26398423.USD/2024,67,CDEL - Payment to Main Delivery Partner,named_item,,,23210,,2026-09-28,External CRS comparator activity-flow record; not a JETP project
oecd-crs-energy-idn-2024-q-2026-09-28-md-26398422,IDN,c34f2b1ecaeda2aec25b7cba353fb6ea33c72703939c075a368692f664a002bc,GBR.IDN.23110.11.60000.C01.D.Q.DD.26398422.USD/2024,68,CDEL - Payment to Main Delivery Partner,named_item,,,23110,,2026-09-28,External CRS comparator activity-flow record; not a JETP project
oecd-crs-energy-idn-2024-q-2026-09-28-md-26398418,IDN,c34f2b1ecaeda2aec25b7cba353fb6ea33c72703939c075a368692f664a002bc,GBR.IDN.23110.11.60000.C01.D.Q.DD.26398418.USD/2024,69,RDEL - payment to main delivery partner,named_item,,,23110,,2026-09-28,External CRS comparator activity-flow record; not a JETP project
oecd-crs-energy-idn-2024-q-2026-09-28-md-26835809,IDN,c34f2b1ecaeda2aec25b7cba353fb6ea33c72703939c075a368692f664a002bc,GBR.IDN.23210.11.60000.C01.C.Q.DD.26835809.USD/2024,70,RDEL - payment to main delivery partner,named_item,,,23210,,2026-09-28,External CRS comparator activity-flow record; not a JETP project
oecd-crs-energy-idn-2024-q-2026-09-28-md-26835808,IDN,c34f2b1ecaeda2aec25b7cba353fb6ea33c72703939c075a368692f664a002bc,GBR.IDN.23110.11.60000.C01.C.Q.DD.26835808.USD/2024,71,RDEL - payment to main delivery partner,named_item,,,23110,,2026-09-28,External CRS comparator activity-flow record; not a JETP project
oecd-crs-energy-idn-2024-q-2026-09-28-md-26835812,IDN,c34f2b1ecaeda2aec25b7cba353fb6ea33c72703939c075a368692f664a002bc,GBR.IDN.23110.11.60000.C01.C.Q.DD.26835812.USD/2024,72,CDEL - Payment to Main Delivery Partner,named_item,,,23110,,2026-09-28,External CRS comparator activity-flow record; not a JETP project
oecd-crs-energy-idn-2024-q-2026-09-28-md-26398751,IDN,c34f2b1ecaeda2aec25b7cba353fb6ea33c72703939c075a368692f664a002bc,GBR.IDN.23210.11.60000.D02.D.Q.DD.26398751.USD/2024,73,Rice-straw powered biowaste to energy,named_item,,,23210,,2026-09-28,External CRS comparator activity-flow record; not a JETP project
oecd-crs-energy-idn-2024-q-2026-09-28-md-26398568,IDN,c34f2b1ecaeda2aec25b7cba353fb6ea33c72703939c075a368692f664a002bc,GBR.IDN.23210.11.60000.D02.D.Q.DD.26398568.USD/2024,74,Feasibility Study for a Wave Energy Pilot Project in Indonesia,named_item,,,23210,,2026-09-28,External CRS comparator activity-flow record; not a JETP project
oecd-crs-energy-idn-2024-q-2026-09-28-md-26835958,IDN,c34f2b1ecaeda2aec25b7cba353fb6ea33c72703939c075a368692f664a002bc,GBR.IDN.23210.11.60000.D02.C.Q.DD.26835958.USD/2024,75,Feasibility Study for a Wave Energy Pilot Project in Indonesia,named_item,,,23210,,2026-09-28,External CRS comparator activity-flow record; not a JETP project
oecd-crs-energy-idn-2024-q-2026-09-28-md-26836141,IDN,c34f2b1ecaeda2aec25b7cba353fb6ea33c72703939c075a368692f664a002bc,GBR.IDN.23210.11.60000.D02.C.Q.DD.26836141.USD/2024,76,Rice-straw powered biowaste to energy,named_item,,,23210,,2026-09-28,External CRS comparator activity-flow record; not a JETP project
oecd-crs-energy-idn-2024-q-2026-09-28-md-26396346,IDN,c34f2b1ecaeda2aec25b7cba353fb6ea33c72703939c075a368692f664a002bc,GBR.IDN.23210.11.60000.D02.D.Q.DD.26396346.USD/2024,77,Safely transforming phytoremediation crops into bioenergy,named_item,,,23210,,2026-09-28,External CRS comparator activity-flow record; not a JETP project
oecd-crs-energy-idn-2024-q-2026-09-28-md-26831606,IDN,c34f2b1ecaeda2aec25b7cba353fb6ea33c72703939c075a368692f664a002bc,GBR.IDN.23210.11.60000.D02.C.Q.DD.26831606.USD/2024,78,Safely transforming phytoremediation crops into bioenergy,named_item,,,23210,,2026-09-28,External CRS comparator activity-flow record; not a JETP project
oecd-crs-energy-idn-2024-q-2026-09-28-md-26398570,IDN,c34f2b1ecaeda2aec25b7cba353fb6ea33c72703939c075a368692f664a002bc,GBR.IDN.23210.11.60000.D02.D.Q.DD.26398570.USD/2024,79,Solar2Wave: Design of Floating Solar Farms to Overcome Tough Ocean Waves,named_item,,,23210,,2026-09-28,External CRS comparator activity-flow record; not a JETP project
oecd-crs-energy-idn-2024-q-2026-09-28-md-26835960,IDN,c34f2b1ecaeda2aec25b7cba353fb6ea33c72703939c075a368692f664a002bc,GBR.IDN.23210.11.60000.D02.C.Q.DD.26835960.USD/2024,80,Solar2Wave: Design of Floating Solar Farms to Overcome Tough Ocean Waves,named_item,,,23210,,2026-09-28,External CRS comparator activity-flow record; not a JETP project
oecd-crs-energy-idn-2024-q-2026-09-28-md-26738421,IDN,c34f2b1ecaeda2aec25b7cba353fb6ea33c72703939c075a368692f664a002bc,9PRIV1627.IDN.23110.30.50000.C01.C.Q.DD.26738421.USD/2024,81,The Habibie Center,named_item,,,23110,,2026-09-28,External CRS comparator activity-flow record; not a JETP project
oecd-crs-energy-idn-2024-q-2026-09-28-md-26261665,IDN,c34f2b1ecaeda2aec25b7cba353fb6ea33c72703939c075a368692f664a002bc,9PRIV1627.IDN.23210.30.20000.C01.D.Q.DD.26261665.USD/2024,82,Kesatuan Nelayan Tradisional Indonesia,named_item,,,23210,,2026-09-28,External CRS comparator activity-flow record; not a JETP project
oecd-crs-energy-idn-2024-q-2026-09-28-md-26323414,IDN,c34f2b1ecaeda2aec25b7cba353fb6ea33c72703939c075a368692f664a002bc,SWE.IDN.23181.11.20000.D02.D.Q.DD.26323414.USD/2024,83,NIR ITP Sustainability Impact Accelerator SIA - SIA - NIR Sustainability Impact Accelerator 2024 ny strategi,named_item,,,23181,,2026-09-28,External CRS comparator activity-flow record; not a JETP project
oecd-crs-energy-idn-2024-q-2026-09-28-md-26331045,IDN,c34f2b1ecaeda2aec25b7cba353fb6ea33c72703939c075a368692f664a002bc,SWE.IDN.23210.11.10000.C01.D.Q.DD.26331045.USD/2024,84,WTE Indonesia,named_item,,,23210,,2026-09-28,External CRS comparator activity-flow record; not a JETP project
oecd-crs-energy-idn-2024-q-2026-09-28-md-26331044,IDN,c34f2b1ecaeda2aec25b7cba353fb6ea33c72703939c075a368692f664a002bc,SWE.IDN.23630.11.10000.C01.D.Q.DD.26331044.USD/2024,85,PQ Java,named_item,,,23630,,2026-09-28,External CRS comparator activity-flow record; not a JETP project
oecd-crs-energy-idn-2024-q-2026-09-28-md-26224595,IDN,c34f2b1ecaeda2aec25b7cba353fb6ea33c72703939c075a368692f664a002bc,NOR.IDN.23220.11.60000.C01.D.Q.DD.26224595.USD/2024,86,Hydropower feasibility studies and infrastructure support in Indonesia (phase 3),named_item,,,23220,,2026-09-28,External CRS comparator activity-flow record; not a JETP project
oecd-crs-energy-idn-2024-q-2026-09-28-md-26222627,IDN,c34f2b1ecaeda2aec25b7cba353fb6ea33c72703939c075a368692f664a002bc,NOR.IDN.23220.60.60000.C01.D.Q.DD.26222627.USD/2024,87,Lobu Dolom HPP,named_item,,,23220,,2026-09-28,External CRS comparator activity-flow record; not a JETP project
oecd-crs-energy-idn-2024-q-2026-09-28-md-26713213,IDN,c34f2b1ecaeda2aec25b7cba353fb6ea33c72703939c075a368692f664a002bc,NOR.IDN.23230.60.60000.C01.C.Q.DD.26713213.USD/2024,88,Xurya,named_item,,,23230,,2026-09-28,External CRS comparator activity-flow record; not a JETP project
oecd-crs-energy-idn-2024-q-2026-09-28-md-26222720,IDN,c34f2b1ecaeda2aec25b7cba353fb6ea33c72703939c075a368692f664a002bc,NOR.IDN.23230.60.60000.C01.D.Q.DD.26222720.USD/2024,89,Xurya,named_item,,,23230,,2026-09-28,External CRS comparator activity-flow record; not a JETP project
oecd-crs-energy-idn-2024-q-2026-09-28-md-26226130,IDN,c34f2b1ecaeda2aec25b7cba353fb6ea33c72703939c075a368692f664a002bc,9PRIV1618.IDN.23110.30.20000.B01.D.Q.DD.26226130.USD/2024,90,Core Support for Securing a Just Energy Transition and Emissions Reduction forIndigenous Peoples and Local Communities in Indonesia,named_item,,,23110,,2026-09-28,External CRS comparator activity-flow record; not a JETP project
oecd-crs-energy-idn-2024-q-2026-09-28-md-26713695,IDN,c34f2b1ecaeda2aec25b7cba353fb6ea33c72703939c075a368692f664a002bc,9PRIV1618.IDN.23110.30.20000.B01.C.Q.DD.26713695.USD/2024,91,Core Support for Securing a Just Energy Transition and Emissions Reduction forIndigenous Peoples and Local Communities in Indonesia,named_item,,,23110,,2026-09-28,External CRS comparator activity-flow record; not a JETP project
oecd-crs-energy-idn-2024-q-2026-09-28-md-26229293,IDN,c34f2b1ecaeda2aec25b7cba353fb6ea33c72703939c075a368692f664a002bc,NZL.IDN.23110.11.60000.D01.D.Q.DD.26229293.USD/2024,92,Improve access to Energy in Maluku (NZMATES): Energy,named_item,,,23110,,2026-09-28,External CRS comparator activity-flow record; not a JETP project
oecd-crs-energy-idn-2024-q-2026-09-28-md-26229268,IDN,c34f2b1ecaeda2aec25b7cba353fb6ea33c72703939c075a368692f664a002bc,NZL.IDN.23260.11.60000.D01.D.Q.DD.26229268.USD/2024,93,Support acceleration of geothermal development in Indonesia (Geo-INZ): Energy,named_item,,,23260,,2026-09-28,External CRS comparator activity-flow record; not a JETP project
oecd-crs-energy-idn-2024-q-2026-09-28-md-26229592,IDN,c34f2b1ecaeda2aec25b7cba353fb6ea33c72703939c075a368692f664a002bc,NZL.IDN.23260.11.20000.D02.D.Q.DD.26229592.USD/2024,94,Indonesia Renewable Energy Programme Resourcing,named_item,,,23260,,2026-09-28,External CRS comparator activity-flow record; not a JETP project
oecd-crs-energy-idn-2024-q-2026-09-28-md-26229255,IDN,c34f2b1ecaeda2aec25b7cba353fb6ea33c72703939c075a368692f664a002bc,NZL.IDN.23260.11.50000.D02.D.Q.DD.26229255.USD/2024,95,New Zealand Support for Training in the Indonesia Geothermal Sector (NZSTIGS),named_item,,,23260,,2026-09-28,External CRS comparator activity-flow record; not a JETP project
oecd-crs-energy-idn-2024-q-2026-09-28-md-26229590,IDN,c34f2b1ecaeda2aec25b7cba353fb6ea33c72703939c075a368692f664a002bc,NZL.IDN.23110.11.20000.D02.D.Q.DD.26229590.USD/2024,96,Indonesia Renewable Energy Programme Resourcing,named_item,,,23110,,2026-09-28,External CRS comparator activity-flow record; not a JETP project
oecd-crs-energy-idn-2024-q-2026-09-28-md-26229591,IDN,c34f2b1ecaeda2aec25b7cba353fb6ea33c72703939c075a368692f664a002bc,NZL.IDN.23181.11.20000.D02.D.Q.DD.26229591.USD/2024,97,Indonesia Renewable Energy Programme Resourcing,named_item,,,23181,,2026-09-28,External CRS comparator activity-flow record; not a JETP project
oecd-crs-energy-idn-2024-q-2026-09-28-md-26229294,IDN,c34f2b1ecaeda2aec25b7cba353fb6ea33c72703939c075a368692f664a002bc,NZL.IDN.23181.11.60000.D01.D.Q.DD.26229294.USD/2024,98,Improve access to Energy in Maluku (NZMATES): Energy,named_item,,,23181,,2026-09-28,External CRS comparator activity-flow record; not a JETP project
oecd-crs-energy-idn-2024-q-2026-09-28-md-26712382,IDN,c34f2b1ecaeda2aec25b7cba353fb6ea33c72703939c075a368692f664a002bc,NZL.IDN.23110.11.40000.B032.C.Q.DD.26712382.USD/2024,99,Renewable Energy: Accelerated Transition in Indonesia (RE-ACT),named_item,,,23110,,2026-09-28,External CRS comparator activity-flow record; not a JETP project
oecd-crs-energy-idn-2024-q-2026-09-28-md-26229630,IDN,c34f2b1ecaeda2aec25b7cba353fb6ea33c72703939c075a368692f664a002bc,NZL.IDN.23110.11.40000.B032.D.Q.DD.26229630.USD/2024,100,Renewable Energy: Accelerated Transition in Indonesia (RE-ACT),named_item,,,23110,,2026-09-28,External CRS comparator activity-flow record; not a JETP project
oecd-crs-energy-idn-2024-q-2026-09-28-md-26712384,IDN,c34f2b1ecaeda2aec25b7cba353fb6ea33c72703939c075a368692f664a002bc,NZL.IDN.23110.11.40000.B032.C.Q.DD.26712384.USD/2024,101,Renewable Energy: Accelerated Transition in Indonesia (RE-ACT),named_item,,,23110,,2026-09-28,External CRS comparator activity-flow record; not a JETP project
oecd-crs-energy-idn-2024-q-2026-09-28-md-26712632,IDN,c34f2b1ecaeda2aec25b7cba353fb6ea33c72703939c075a368692f664a002bc,NZL.IDN.23260.11.60000.D02.C.Q.DD.26712632.USD/2024,102,Indonesia-Aotearoa New Zealand Geothermal Energy Partnership Programme (PINZ),named_item,,,23260,,2026-09-28,External CRS comparator activity-flow record; not a JETP project
oecd-crs-energy-idn-2024-q-2026-09-28-md-26233628,IDN,c34f2b1ecaeda2aec25b7cba353fb6ea33c72703939c075a368692f664a002bc,NZL.IDN.23181.11.60000.D02.D.Q.DD.26233628.USD/2024,103,Indonesia-Aotearoa New Zealand Geothermal Energy Partnership Programme (PINZ),named_item,,,23181,,2026-09-28,External CRS comparator activity-flow record; not a JETP project
oecd-crs-energy-idn-2024-q-2026-09-28-md-26229628,IDN,c34f2b1ecaeda2aec25b7cba353fb6ea33c72703939c075a368692f664a002bc,NZL.IDN.23110.11.40000.B032.D.Q.DD.26229628.USD/2024,104,Renewable Energy: Accelerated Transition in Indonesia (RE-ACT),named_item,,,23110,,2026-09-28,External CRS comparator activity-flow record; not a JETP project
oecd-crs-energy-idn-2024-q-2026-09-28-md-26229629,IDN,c34f2b1ecaeda2aec25b7cba353fb6ea33c72703939c075a368692f664a002bc,NZL.IDN.23110.11.40000.B032.D.Q.DD.26229629.USD/2024,105,Renewable Energy: Accelerated Transition in Indonesia (RE-ACT),named_item,,,23110,,2026-09-28,External CRS comparator activity-flow record; not a JETP project
oecd-crs-energy-idn-2024-q-2026-09-28-md-26233629,IDN,c34f2b1ecaeda2aec25b7cba353fb6ea33c72703939c075a368692f664a002bc,NZL.IDN.23260.11.60000.D02.D.Q.DD.26233629.USD/2024,106,Indonesia-Aotearoa New Zealand Geothermal Energy Partnership Programme (PINZ),named_item,,,23260,,2026-09-28,External CRS comparator activity-flow record; not a JETP project
oecd-crs-energy-idn-2024-q-2026-09-28-md-26712631,IDN,c34f2b1ecaeda2aec25b7cba353fb6ea33c72703939c075a368692f664a002bc,NZL.IDN.23181.11.60000.D02.C.Q.DD.26712631.USD/2024,107,Indonesia-Aotearoa New Zealand Geothermal Energy Partnership Programme (PINZ),named_item,,,23181,,2026-09-28,External CRS comparator activity-flow record; not a JETP project
oecd-crs-energy-idn-2024-q-2026-09-28-md-26399921,IDN,c34f2b1ecaeda2aec25b7cba353fb6ea33c72703939c075a368692f664a002bc,5RDB001.IDN.23630.14.10000.C01.D.Q.DD.26399921.USD/2024,108,PLN East Java and Bali Power Distribution Expansion Project,named_item,,,23630,,2026-09-28,External CRS comparator activity-flow record; not a JETP project
oecd-crs-energy-idn-2024-q-2026-09-28-md-26344571,IDN,c34f2b1ecaeda2aec25b7cba353fb6ea33c72703939c075a368692f664a002bc,KOR.IDN.23642.11.30000.C01.D.Q.DD.26344571.USD/2024,109,Establishment of an eco-friendly e-mobility sharing service hub on Lombok Island for climate change response in Indonesia,named_item,,,23642,,2026-09-28,External CRS comparator activity-flow record; not a JETP project
oecd-crs-energy-idn-2024-q-2026-09-28-md-26792058,IDN,c34f2b1ecaeda2aec25b7cba353fb6ea33c72703939c075a368692f664a002bc,KOR.IDN.23642.11.30000.C01.C.Q.DD.26792058.USD/2024,110,Establishment of an eco-friendly e-mobility sharing service hub on Lombok Island for climate change response in Indonesia,named_item,,,23642,,2026-09-28,External CRS comparator activity-flow record; not a JETP project
oecd-crs-energy-idn-2024-q-2026-09-28-md-26794219,IDN,c34f2b1ecaeda2aec25b7cba353fb6ea33c72703939c075a368692f664a002bc,KOR.IDN.23642.11.30000.C01.C.Q.DD.26794219.USD/2024,111,Indonesia / AI-based Electric Two-Wheeler and Charging Station Operation Optimization Solution Demonstration / 36 months / 800 million KRW,named_item,,,23642,,2026-09-28,External CRS comparator activity-flow record; not a JETP project
oecd-crs-energy-idn-2024-q-2026-09-28-md-26337843,IDN,c34f2b1ecaeda2aec25b7cba353fb6ea33c72703939c075a368692f664a002bc,KOR.IDN.23110.13.10000.A02.D.Q.DD.26337843.USD/2024,112,Sustainable and Inclusive Energy Program Subprogram 3,named_item,,,23110,,2026-09-28,External CRS comparator activity-flow record; not a JETP project
oecd-crs-energy-idn-2024-q-2026-09-28-md-26345626,IDN,c34f2b1ecaeda2aec25b7cba353fb6ea33c72703939c075a368692f664a002bc,KOR.IDN.23642.11.10000.C01.D.Q.DD.26345626.USD/2024,113,Installation of solar charged e-vehicle system in Indonesia,named_item,,,23642,,2026-09-28,External CRS comparator activity-flow record; not a JETP project
oecd-crs-energy-idn-2024-q-2026-09-28-md-26346485,IDN,c34f2b1ecaeda2aec25b7cba353fb6ea33c72703939c075a368692f664a002bc,KOR.IDN.23630.11.10000.C01.D.Q.DD.26346485.USD/2024,114,"AMI Implementation in West Java, Indonesia",named_item,,,23630,,2026-09-28,External CRS comparator activity-flow record; not a JETP project
oecd-crs-energy-idn-2024-q-2026-09-28-md-26345508,IDN,c34f2b1ecaeda2aec25b7cba353fb6ea33c72703939c075a368692f664a002bc,KOR.IDN.23110.11.10000.C01.D.Q.DD.26345508.USD/2024,115,Energy Policy Consulting Projects(Establishment of Indonesia e-vehicle Master Plan Using Solar Power Utilization),named_item,,,23110,,2026-09-28,External CRS comparator activity-flow record; not a JETP project
oecd-crs-energy-idn-2024-q-2026-09-28-md-26346065,IDN,c34f2b1ecaeda2aec25b7cba353fb6ea33c72703939c075a368692f664a002bc,KOR.IDN.23360.11.10000.C01.D.Q.DD.26346065.USD/2024,116,"Scientific Research and Commercialization using Intellectual Property : Science and Technology Innovation Center(Waste to Energy and Renewable Energy, Resource-recycling Society Development and Technology Commercialization in Indonesia)",named_item,,,23360,,2026-09-28,External CRS comparator activity-flow record; not a JETP project
oecd-crs-energy-idn-2024-q-2026-09-28-md-26333160,IDN,c34f2b1ecaeda2aec25b7cba353fb6ea33c72703939c075a368692f664a002bc,KOR.IDN.23210.11.10000.C01.D.Q.DD.26333160.USD/2024,117,Sustainable Mass Electric Transportation to Support Green Smart City in West Java,named_item,,,23210,,2026-09-28,External CRS comparator activity-flow record; not a JETP project
oecd-crs-energy-idn-2024-q-2026-09-28-md-26794662,IDN,c34f2b1ecaeda2aec25b7cba353fb6ea33c72703939c075a368692f664a002bc,KOR.IDN.23210.11.10000.C01.C.Q.DD.26794662.USD/2024,118,Sustainable Mass Electric Transportation to Support Green Smart City in West Java,named_item,,,23210,,2026-09-28,External CRS comparator activity-flow record; not a JETP project
oecd-crs-energy-idn-2024-q-2026-09-28-md-26339043,IDN,c34f2b1ecaeda2aec25b7cba353fb6ea33c72703939c075a368692f664a002bc,KOR.IDN.23230.11.40000.C01.D.Q.DD.26339043.USD/2024,119,Accerlerating Clean Energy Access to Reduce Inequality - ACCESS,named_item,,,23230,,2026-09-28,External CRS comparator activity-flow record; not a JETP project
oecd-crs-energy-idn-2024-q-2026-09-28-md-26798010,IDN,c34f2b1ecaeda2aec25b7cba353fb6ea33c72703939c075a368692f664a002bc,KOR.IDN.23181.11.10000.D02.C.Q.DD.26798010.USD/2024,120,Capacity Building on Renewable Energy Policy in Indonesia('23-'25)(2024),named_item,,,23181,,2026-09-28,External CRS comparator activity-flow record; not a JETP project
oecd-crs-energy-idn-2024-q-2026-09-28-md-26336478,IDN,c34f2b1ecaeda2aec25b7cba353fb6ea33c72703939c075a368692f664a002bc,KOR.IDN.23181.11.10000.D02.D.Q.DD.26336478.USD/2024,121,Capacity Building on Renewable Energy Policy in Indonesia('23-'25)(2024),named_item,,,23181,,2026-09-28,External CRS comparator activity-flow record; not a JETP project
oecd-crs-energy-idn-2024-q-2026-09-28-md-26791779,IDN,c34f2b1ecaeda2aec25b7cba353fb6ea33c72703939c075a368692f664a002bc,KOR.IDN.23181.11.10000.E01.C.Q.DD.26791779.USD/2024,122,Master's Degree Program in Energy Science and Policy(2024),named_item,,,23181,,2026-09-28,External CRS comparator activity-flow record; not a JETP project
oecd-crs-energy-idn-2024-q-2026-09-28-md-26344301,IDN,c34f2b1ecaeda2aec25b7cba353fb6ea33c72703939c075a368692f664a002bc,KOR.IDN.23181.11.10000.E01.D.Q.DD.26344301.USD/2024,123,Master's Degree Program in Energy Science and Policy(2024),named_item,,,23181,,2026-09-28,External CRS comparator activity-flow record; not a JETP project
oecd-crs-energy-idn-2024-q-2026-09-28-md-26466991,IDN,c34f2b1ecaeda2aec25b7cba353fb6ea33c72703939c075a368692f664a002bc,KOR.IDN.23110.11.10000.E01.D.Q.DD.26466991.USD/2024,124,Masters degree program in Energy Science and Policy(2022),named_item,,,23110,,2026-09-28,External CRS comparator activity-flow record; not a JETP project
oecd-crs-energy-idn-2024-q-2026-09-28-md-26335754,IDN,c34f2b1ecaeda2aec25b7cba353fb6ea33c72703939c075a368692f664a002bc,KOR.IDN.23110.11.10000.E01.D.Q.DD.26335754.USD/2024,125,Master's Degree Program in Engergy Science and Policy(2023),named_item,,,23110,,2026-09-28,External CRS comparator activity-flow record; not a JETP project
oecd-crs-energy-idn-2024-q-2026-09-28-md-26712383,IDN,c34f2b1ecaeda2aec25b7cba353fb6ea33c72703939c075a368692f664a002bc,NZL.IDN.23110.11.40000.B032.C.Q.DD.26712383.USD/2024,126,Renewable Energy: Accelerated Transition in Indonesia (RE-ACT),named_item,,,23110,,2026-09-28,External CRS comparator activity-flow record; not a JETP project
oecd-crs-energy-idn-2024-q-2026-09-28-md-26757284,IDN,c34f2b1ecaeda2aec25b7cba353fb6ea33c72703939c075a368692f664a002bc,JPN.IDN.23110.11.10000.C01.C.Q.DD.26757284.USD/2024,127,TC AGGREGATED ACTIVITIES,named_item,,,23110,,2026-09-28,External CRS comparator activity-flow record; not a JETP project
oecd-crs-energy-idn-2024-q-2026-09-28-md-26777350,IDN,c34f2b1ecaeda2aec25b7cba353fb6ea33c72703939c075a368692f664a002bc,JPN.IDN.23110.11.10000.C01.C.Q.DD.26777350.USD/2024,128,TC AGGREGATED ACTIVITIES,named_item,,,23110,,2026-09-28,External CRS comparator activity-flow record; not a JETP project
oecd-crs-energy-idn-2024-q-2026-09-28-md-26777351,IDN,c34f2b1ecaeda2aec25b7cba353fb6ea33c72703939c075a368692f664a002bc,JPN.IDN.23210.11.10000.C01.C.Q.DD.26777351.USD/2024,129,TC AGGREGATED ACTIVITIES,named_item,,,23210,,2026-09-28,External CRS comparator activity-flow record; not a JETP project
oecd-crs-energy-idn-2024-q-2026-09-28-md-26296139,IDN,c34f2b1ecaeda2aec25b7cba353fb6ea33c72703939c075a368692f664a002bc,JPN.IDN.23110.11.10000.C01.D.Q.DD.26296139.USD/2024,130,TC AGGREGATED ACTIVITIES,named_item,,,23110,,2026-09-28,External CRS comparator activity-flow record; not a JETP project
oecd-crs-energy-idn-2024-q-2026-09-28-md-26769374,IDN,c34f2b1ecaeda2aec25b7cba353fb6ea33c72703939c075a368692f664a002bc,JPN.IDN.23210.11.10000.C01.C.Q.DD.26769374.USD/2024,131,TC AGGREGATED ACTIVITIES,named_item,,,23210,,2026-09-28,External CRS comparator activity-flow record; not a JETP project
oecd-crs-energy-idn-2024-q-2026-09-28-md-26294106,IDN,c34f2b1ecaeda2aec25b7cba353fb6ea33c72703939c075a368692f664a002bc,JPN.IDN.23210.11.10000.C01.D.Q.DD.26294106.USD/2024,132,TC AGGREGATED ACTIVITIES,named_item,,,23210,,2026-09-28,External CRS comparator activity-flow record; not a JETP project
oecd-crs-energy-idn-2024-q-2026-09-28-md-26280742,IDN,c34f2b1ecaeda2aec25b7cba353fb6ea33c72703939c075a368692f664a002bc,JPN.IDN.23110.11.10000.C01.D.Q.DD.26280742.USD/2024,133,TC AGGREGATED ACTIVITIES,named_item,,,23110,,2026-09-28,External CRS comparator activity-flow record; not a JETP project
oecd-crs-energy-idn-2024-q-2026-09-28-md-26296140,IDN,c34f2b1ecaeda2aec25b7cba353fb6ea33c72703939c075a368692f664a002bc,JPN.IDN.23210.11.10000.C01.D.Q.DD.26296140.USD/2024,134,TC AGGREGATED ACTIVITIES,named_item,,,23210,,2026-09-28,External CRS comparator activity-flow record; not a JETP project
oecd-crs-energy-idn-2024-q-2026-09-28-md-26754576,IDN,c34f2b1ecaeda2aec25b7cba353fb6ea33c72703939c075a368692f664a002bc,JPN.IDN.23210.11.10000.C01.C.Q.DD.26754576.USD/2024,135,TC AGGREGATED ACTIVITIES,named_item,,,23210,,2026-09-28,External CRS comparator activity-flow record; not a JETP project
oecd-crs-energy-idn-2024-q-2026-09-28-md-26289881,IDN,c34f2b1ecaeda2aec25b7cba353fb6ea33c72703939c075a368692f664a002bc,JPN.IDN.23210.11.10000.C01.D.Q.DD.26289881.USD/2024,136,TC AGGREGATED ACTIVITIES,named_item,,,23210,,2026-09-28,External CRS comparator activity-flow record; not a JETP project
oecd-crs-energy-idn-2024-q-2026-09-28-md-26768443,IDN,c34f2b1ecaeda2aec25b7cba353fb6ea33c72703939c075a368692f664a002bc,JPN.IDN.23210.11.10000.C01.C.Q.DD.26768443.USD/2024,137,TC AGGREGATED ACTIVITIES,named_item,,,23210,,2026-09-28,External CRS comparator activity-flow record; not a JETP project
oecd-crs-energy-idn-2024-q-2026-09-28-md-26277531,IDN,c34f2b1ecaeda2aec25b7cba353fb6ea33c72703939c075a368692f664a002bc,JPN.IDN.23110.11.10000.C01.D.Q.DD.26277531.USD/2024,138,TC AGGREGATED ACTIVITIES,named_item,,,23110,,2026-09-28,External CRS comparator activity-flow record; not a JETP project
oecd-crs-energy-idn-2024-q-2026-09-28-md-26754574,IDN,c34f2b1ecaeda2aec25b7cba353fb6ea33c72703939c075a368692f664a002bc,JPN.IDN.23110.11.10000.C01.C.Q.DD.26754574.USD/2024,139,TC AGGREGATED ACTIVITIES,named_item,,,23110,,2026-09-28,External CRS comparator activity-flow record; not a JETP project
oecd-crs-energy-idn-2024-q-2026-09-28-md-26277535,IDN,c34f2b1ecaeda2aec25b7cba353fb6ea33c72703939c075a368692f664a002bc,JPN.IDN.23210.11.10000.C01.D.Q.DD.26277535.USD/2024,140,TC AGGREGATED ACTIVITIES,named_item,,,23210,,2026-09-28,External CRS comparator activity-flow record; not a JETP project
oecd-crs-energy-idn-2024-q-2026-09-28-md-26286575,IDN,c34f2b1ecaeda2aec25b7cba353fb6ea33c72703939c075a368692f664a002bc,JPN.IDN.23210.11.10000.C01.D.Q.DD.26286575.USD/2024,141,TC AGGREGATED ACTIVITIES,named_item,,,23210,,2026-09-28,External CRS comparator activity-flow record; not a JETP project
oecd-crs-energy-idn-2024-q-2026-09-28-md-26765736,IDN,c34f2b1ecaeda2aec25b7cba353fb6ea33c72703939c075a368692f664a002bc,JPN.IDN.23210.11.10000.C01.C.Q.DD.26765736.USD/2024,142,TC AGGREGATED ACTIVITIES,named_item,,,23210,,2026-09-28,External CRS comparator activity-flow record; not a JETP project
oecd-crs-energy-idn-2024-q-2026-09-28-md-26286574,IDN,c34f2b1ecaeda2aec25b7cba353fb6ea33c72703939c075a368692f664a002bc,JPN.IDN.23210.11.10000.C01.D.Q.DD.26286574.USD/2024,143,TC AGGREGATED ACTIVITIES,named_item,,,23210,,2026-09-28,External CRS comparator activity-flow record; not a JETP project
oecd-crs-energy-idn-2024-q-2026-09-28-md-26765735,IDN,c34f2b1ecaeda2aec25b7cba353fb6ea33c72703939c075a368692f664a002bc,JPN.IDN.23210.11.10000.C01.C.Q.DD.26765735.USD/2024,144,TC AGGREGATED ACTIVITIES,named_item,,,23210,,2026-09-28,External CRS comparator activity-flow record; not a JETP project
oecd-crs-energy-idn-2024-q-2026-09-28-md-26286573,IDN,c34f2b1ecaeda2aec25b7cba353fb6ea33c72703939c075a368692f664a002bc,JPN.IDN.23110.11.10000.C01.D.Q.DD.26286573.USD/2024,145,TC AGGREGATED ACTIVITIES,named_item,,,23110,,2026-09-28,External CRS comparator activity-flow record; not a JETP project
oecd-crs-energy-idn-2024-q-2026-09-28-md-26765734,IDN,c34f2b1ecaeda2aec25b7cba353fb6ea33c72703939c075a368692f664a002bc,JPN.IDN.23110.11.10000.C01.C.Q.DD.26765734.USD/2024,146,TC AGGREGATED ACTIVITIES,named_item,,,23110,,2026-09-28,External CRS comparator activity-flow record; not a JETP project
oecd-crs-energy-idn-2024-q-2026-09-28-md-26754572,IDN,c34f2b1ecaeda2aec25b7cba353fb6ea33c72703939c075a368692f664a002bc,JPN.IDN.23110.11.10000.C01.C.Q.DD.26754572.USD/2024,147,TC AGGREGATED ACTIVITIES,named_item,,,23110,,2026-09-28,External CRS comparator activity-flow record; not a JETP project
oecd-crs-energy-idn-2024-q-2026-09-28-md-26277527,IDN,c34f2b1ecaeda2aec25b7cba353fb6ea33c72703939c075a368692f664a002bc,JPN.IDN.23110.11.10000.C01.D.Q.DD.26277527.USD/2024,148,TC AGGREGATED ACTIVITIES,named_item,,,23110,,2026-09-28,External CRS comparator activity-flow record; not a JETP project
oecd-crs-energy-idn-2024-q-2026-09-28-md-26279963,IDN,c34f2b1ecaeda2aec25b7cba353fb6ea33c72703939c075a368692f664a002bc,JPN.IDN.23110.11.10000.C01.D.Q.DD.26279963.USD/2024,149,TC AGGREGATED ACTIVITIES,named_item,,,23110,,2026-09-28,External CRS comparator activity-flow record; not a JETP project
oecd-crs-energy-idn-2024-q-2026-09-28-md-26280500,IDN,c34f2b1ecaeda2aec25b7cba353fb6ea33c72703939c075a368692f664a002bc,JPN.IDN.23210.11.10000.C01.D.Q.DD.26280500.USD/2024,150,TC AGGREGATED ACTIVITIES,named_item,,,23210,,2026-09-28,External CRS comparator activity-flow record; not a JETP project
oecd-crs-energy-idn-2024-q-2026-09-28-md-26759124,IDN,c34f2b1ecaeda2aec25b7cba353fb6ea33c72703939c075a368692f664a002bc,JPN.IDN.23110.11.10000.C01.C.Q.DD.26759124.USD/2024,151,TC AGGREGATED ACTIVITIES,named_item,,,23110,,2026-09-28,External CRS comparator activity-flow record; not a JETP project
oecd-crs-energy-idn-2024-q-2026-09-28-md-26757283,IDN,c34f2b1ecaeda2aec25b7cba353fb6ea33c72703939c075a368692f664a002bc,JPN.IDN.23110.11.10000.C01.C.Q.DD.26757283.USD/2024,152,TC AGGREGATED ACTIVITIES,named_item,,,23110,,2026-09-28,External CRS comparator activity-flow record; not a JETP project
oecd-crs-energy-idn-2024-q-2026-09-28-md-26287024,IDN,c34f2b1ecaeda2aec25b7cba353fb6ea33c72703939c075a368692f664a002bc,JPN.IDN.23210.11.10000.C01.D.Q.DD.26287024.USD/2024,153,TC AGGREGATED ACTIVITIES,named_item,,,23210,,2026-09-28,External CRS comparator activity-flow record; not a JETP project
oecd-crs-energy-idn-2024-q-2026-09-28-md-26276787,IDN,c34f2b1ecaeda2aec25b7cba353fb6ea33c72703939c075a368692f664a002bc,JPN.IDN.23210.11.10000.C01.D.Q.DD.26276787.USD/2024,154,TC AGGREGATED ACTIVITIES,named_item,,,23210,,2026-09-28,External CRS comparator activity-flow record; not a JETP project
oecd-crs-energy-idn-2024-q-2026-09-28-md-26277532,IDN,c34f2b1ecaeda2aec25b7cba353fb6ea33c72703939c075a368692f664a002bc,JPN.IDN.23210.11.10000.C01.D.Q.DD.26277532.USD/2024,155,TC AGGREGATED ACTIVITIES,named_item,,,23210,,2026-09-28,External CRS comparator activity-flow record; not a JETP project
oecd-crs-energy-idn-2024-q-2026-09-28-md-26754575,IDN,c34f2b1ecaeda2aec25b7cba353fb6ea33c72703939c075a368692f664a002bc,JPN.IDN.23210.11.10000.C01.C.Q.DD.26754575.USD/2024,156,TC AGGREGATED ACTIVITIES,named_item,,,23210,,2026-09-28,External CRS comparator activity-flow record; not a JETP project
oecd-crs-energy-idn-2024-q-2026-09-28-md-26277529,IDN,c34f2b1ecaeda2aec25b7cba353fb6ea33c72703939c075a368692f664a002bc,JPN.IDN.23110.11.10000.C01.D.Q.DD.26277529.USD/2024,157,TC AGGREGATED ACTIVITIES,named_item,,,23110,,2026-09-28,External CRS comparator activity-flow record; not a JETP project
oecd-crs-energy-idn-2024-q-2026-09-28-md-26280741,IDN,c34f2b1ecaeda2aec25b7cba353fb6ea33c72703939c075a368692f664a002bc,JPN.IDN.23110.11.10000.C01.D.Q.DD.26280741.USD/2024,158,TC AGGREGATED ACTIVITIES,named_item,,,23110,,2026-09-28,External CRS comparator activity-flow record; not a JETP project
oecd-crs-energy-idn-2024-q-2026-09-28-md-26754573,IDN,c34f2b1ecaeda2aec25b7cba353fb6ea33c72703939c075a368692f664a002bc,JPN.IDN.23110.11.10000.C01.C.Q.DD.26754573.USD/2024,159,TC AGGREGATED ACTIVITIES,named_item,,,23110,,2026-09-28,External CRS comparator activity-flow record; not a JETP project
oecd-crs-energy-idn-2024-q-2026-09-28-md-26754259,IDN,c34f2b1ecaeda2aec25b7cba353fb6ea33c72703939c075a368692f664a002bc,JPN.IDN.23210.11.10000.C01.C.Q.DD.26754259.USD/2024,160,TC AGGREGATED ACTIVITIES,named_item,,,23210,,2026-09-28,External CRS comparator activity-flow record; not a JETP project
oecd-crs-energy-idn-2024-q-2026-09-28-md-26766560,IDN,c34f2b1ecaeda2aec25b7cba353fb6ea33c72703939c075a368692f664a002bc,JPN.IDN.23210.11.10000.C01.C.Q.DD.26766560.USD/2024,161,TC AGGREGATED ACTIVITIES,named_item,,,23210,,2026-09-28,External CRS comparator activity-flow record; not a JETP project
oecd-crs-energy-idn-2024-q-2026-09-28-md-26755273,IDN,c34f2b1ecaeda2aec25b7cba353fb6ea33c72703939c075a368692f664a002bc,JPN.IDN.23210.11.10000.C01.C.Q.DD.26755273.USD/2024,162,TC AGGREGATED ACTIVITIES,named_item,,,23210,,2026-09-28,External CRS comparator activity-flow record; not a JETP project
oecd-crs-energy-idn-2024-q-2026-09-28-md-26277526,IDN,c34f2b1ecaeda2aec25b7cba353fb6ea33c72703939c075a368692f664a002bc,JPN.IDN.23110.11.10000.C01.D.Q.DD.26277526.USD/2024,163,TC AGGREGATED ACTIVITIES,named_item,,,23110,,2026-09-28,External CRS comparator activity-flow record; not a JETP project
oecd-crs-energy-idn-2024-q-2026-09-28-md-26289251,IDN,c34f2b1ecaeda2aec25b7cba353fb6ea33c72703939c075a368692f664a002bc,JPN.IDN.23110.11.10000.C01.D.Q.DD.26289251.USD/2024,164,TC AGGREGATED ACTIVITIES,named_item,,,23110,,2026-09-28,External CRS comparator activity-flow record; not a JETP project
oecd-crs-energy-idn-2024-q-2026-09-28-md-26754571,IDN,c34f2b1ecaeda2aec25b7cba353fb6ea33c72703939c075a368692f664a002bc,JPN.IDN.23110.11.10000.C01.C.Q.DD.26754571.USD/2024,165,TC AGGREGATED ACTIVITIES,named_item,,,23110,,2026-09-28,External CRS comparator activity-flow record; not a JETP project
oecd-crs-energy-idn-2024-q-2026-09-28-md-26765938,IDN,c34f2b1ecaeda2aec25b7cba353fb6ea33c72703939c075a368692f664a002bc,JPN.IDN.23110.11.10000.C01.C.Q.DD.26765938.USD/2024,166,TC AGGREGATED ACTIVITIES,named_item,,,23110,,2026-09-28,External CRS comparator activity-flow record; not a JETP project
oecd-crs-energy-idn-2024-q-2026-09-28-md-26281393,IDN,c34f2b1ecaeda2aec25b7cba353fb6ea33c72703939c075a368692f664a002bc,JPN.IDN.23260.13.10000.C01.D.Q.DD.26281393.USD/2024,167,Lumut Balai Geothermal Power Plant Project,named_item,,,23260,,2026-09-28,External CRS comparator activity-flow record; not a JETP project
oecd-crs-energy-idn-2024-q-2026-09-28-md-26285742,IDN,c34f2b1ecaeda2aec25b7cba353fb6ea33c72703939c075a368692f664a002bc,JPN.IDN.23630.13.10000.C01.D.Q.DD.26285742.USD/2024,168,Geothermal Development Acceleration Program (Hululais Geothermal Power Plant Project (E/S)),named_item,,,23630,,2026-09-28,External CRS comparator activity-flow record; not a JETP project
oecd-crs-energy-idn-2024-q-2026-09-28-md-26281392,IDN,c34f2b1ecaeda2aec25b7cba353fb6ea33c72703939c075a368692f664a002bc,JPN.IDN.23260.13.10000.C01.D.Q.DD.26281392.USD/2024,169,Lumut Balai Geothermal Power Plant Project,named_item,,,23260,,2026-09-28,External CRS comparator activity-flow record; not a JETP project
oecd-crs-energy-idn-2024-q-2026-09-28-md-26219381,IDN,c34f2b1ecaeda2aec25b7cba353fb6ea33c72703939c075a368692f664a002bc,NLD.IDN.23181.11.50000.D02.D.Q.DD.26219381.USD/2024,170,JAK PPP GEOTHERMIE,named_item,,,23181,,2026-09-28,External CRS comparator activity-flow record; not a JETP project
oecd-crs-energy-idn-2024-q-2026-09-28-md-26711454,IDN,c34f2b1ecaeda2aec25b7cba353fb6ea33c72703939c075a368692f664a002bc,NLD.IDN.23181.11.50000.D02.C.Q.DD.26711454.USD/2024,171,JAK PPP GEOTHERMIE,named_item,,,23181,,2026-09-28,External CRS comparator activity-flow record; not a JETP project
oecd-crs-energy-idn-2024-q-2026-09-28-md-26413255,IDN,c34f2b1ecaeda2aec25b7cba353fb6ea33c72703939c075a368692f664a002bc,DEU.IDN.23210.11.10000.C01.D.Q.DD.26413255.USD/2024,172,Renewable Energies Mini Grids Triangular Cooperation in Indonesia,named_item,,,23210,,2026-09-28,External CRS comparator activity-flow record; not a JETP project
oecd-crs-energy-idn-2024-q-2026-09-28-md-26401609,IDN,c34f2b1ecaeda2aec25b7cba353fb6ea33c72703939c075a368692f664a002bc,DEU.IDN.23210.11.10000.C01.D.Q.DD.26401609.USD/2024,173,Solar Cold Chain for a Green Economy (SOCOOL),named_item,,,23210,,2026-09-28,External CRS comparator activity-flow record; not a JETP project
oecd-crs-energy-idn-2024-q-2026-09-28-md-26409644,IDN,c34f2b1ecaeda2aec25b7cba353fb6ea33c72703939c075a368692f664a002bc,DEU.IDN.23210.11.10000.C01.D.Q.DD.26409644.USD/2024,174,1000 Islands - Renewable energy for electrifikation Programme (REEP2) in Indonesia,named_item,,,23210,,2026-09-28,External CRS comparator activity-flow record; not a JETP project
oecd-crs-energy-idn-2024-q-2026-09-28-md-26413402,IDN,c34f2b1ecaeda2aec25b7cba353fb6ea33c72703939c075a368692f664a002bc,DEU.IDN.23210.11.10000.C01.D.Q.DD.26413402.USD/2024,175,Strengthening carbon pricing mechanism and fiscal framework for energy transition and climate finance,named_item,,,23210,,2026-09-28,External CRS comparator activity-flow record; not a JETP project
oecd-crs-energy-idn-2024-q-2026-09-28-md-26413401,IDN,c34f2b1ecaeda2aec25b7cba353fb6ea33c72703939c075a368692f664a002bc,DEU.IDN.23110.11.10000.C01.D.Q.DD.26413401.USD/2024,176,Strengthening carbon pricing mechanism and fiscal framework for energy transition and climate finance,named_item,,,23110,,2026-09-28,External CRS comparator activity-flow record; not a JETP project
oecd-crs-energy-idn-2024-q-2026-09-28-md-26406797,IDN,c34f2b1ecaeda2aec25b7cba353fb6ea33c72703939c075a368692f664a002bc,DEU.IDN.23220.11.10000.C01.D.Q.DD.26406797.USD/2024,177,Accompanying Measure: Sustainable Hydropower,named_item,,,23220,,2026-09-28,External CRS comparator activity-flow record; not a JETP project
oecd-crs-energy-idn-2024-q-2026-09-28-md-26404780,IDN,c34f2b1ecaeda2aec25b7cba353fb6ea33c72703939c075a368692f664a002bc,DEU.IDN.23210.11.10000.C01.D.Q.DD.26404780.USD/2024,178,Strengthening Quality Infrastructure for the Photovoltaic Sector Indonesia,named_item,,,23210,,2026-09-28,External CRS comparator activity-flow record; not a JETP project
oecd-crs-energy-idn-2024-q-2026-09-28-md-26404711,IDN,c34f2b1ecaeda2aec25b7cba353fb6ea33c72703939c075a368692f664a002bc,DEU.IDN.23210.11.10000.C01.D.Q.DD.26404711.USD/2024,179,Indonesia - Support for the Utilization of Geothermal Energy,named_item,,,23210,,2026-09-28,External CRS comparator activity-flow record; not a JETP project
oecd-crs-energy-idn-2024-q-2026-09-28-md-26410710,IDN,c34f2b1ecaeda2aec25b7cba353fb6ea33c72703939c075a368692f664a002bc,DEU.IDN.23182.11.60000.D02.D.Q.DD.26410710.USD/2024,180,International cooperation in production of healthy and safe food,named_item,,,23182,,2026-09-28,External CRS comparator activity-flow record; not a JETP project
oecd-crs-energy-idn-2024-q-2026-09-28-md-26410708,IDN,c34f2b1ecaeda2aec25b7cba353fb6ea33c72703939c075a368692f664a002bc,DEU.IDN.23182.11.50000.D02.D.Q.DD.26410708.USD/2024,181,International cooperation in production of healthy and safe food,named_item,,,23182,,2026-09-28,External CRS comparator activity-flow record; not a JETP project
oecd-crs-energy-idn-2024-q-2026-09-28-md-26410489,IDN,c34f2b1ecaeda2aec25b7cba353fb6ea33c72703939c075a368692f664a002bc,DEU.IDN.23210.11.50000.D02.D.Q.DD.26410489.USD/2024,182,Identifying and Combating Oil/Chemical Pollution of the Sea,named_item,,,23210,,2026-09-28,External CRS comparator activity-flow record; not a JETP project
oecd-crs-energy-idn-2024-q-2026-09-28-md-26405127,IDN,c34f2b1ecaeda2aec25b7cba353fb6ea33c72703939c075a368692f664a002bc,DEU.IDN.23110.11.10000.C01.D.Q.DD.26405127.USD/2024,183,Sustainable Energy Transition in Indonesia (SETI),named_item,,,23110,,2026-09-28,External CRS comparator activity-flow record; not a JETP project
oecd-crs-energy-idn-2024-q-2026-09-28-md-26405129,IDN,c34f2b1ecaeda2aec25b7cba353fb6ea33c72703939c075a368692f664a002bc,DEU.IDN.23210.11.10000.C01.D.Q.DD.26405129.USD/2024,184,Sustainable Energy Transition in Indonesia (SETI),named_item,,,23210,,2026-09-28,External CRS comparator activity-flow record; not a JETP project
oecd-crs-energy-idn-2024-q-2026-09-28-md-26402501,IDN,c34f2b1ecaeda2aec25b7cba353fb6ea33c72703939c075a368692f664a002bc,DEU.IDN.23110.11.10000.C01.D.Q.DD.26402501.USD/2024,185,ExploRE - Strategic exploration of economic mitigation potentials through renewables,named_item,,,23110,,2026-09-28,External CRS comparator activity-flow record; not a JETP project
oecd-crs-energy-idn-2024-q-2026-09-28-md-26405128,IDN,c34f2b1ecaeda2aec25b7cba353fb6ea33c72703939c075a368692f664a002bc,DEU.IDN.23183.11.10000.C01.D.Q.DD.26405128.USD/2024,186,Sustainable Energy Transition in Indonesia (SETI),named_item,,,23183,,2026-09-28,External CRS comparator activity-flow record; not a JETP project
oecd-crs-energy-idn-2024-q-2026-09-28-md-26411161,IDN,c34f2b1ecaeda2aec25b7cba353fb6ea33c72703939c075a368692f664a002bc,DEU.IDN.23220.13.10000.C01.D.Q.DD.26411161.USD/2024,187,Sustainable Hydropower,named_item,,,23220,,2026-09-28,External CRS comparator activity-flow record; not a JETP project
oecd-crs-energy-idn-2024-q-2026-09-28-md-26407687,IDN,c34f2b1ecaeda2aec25b7cba353fb6ea33c72703939c075a368692f664a002bc,DEU.IDN.23220.13.10000.C01.D.Q.DD.26407687.USD/2024,188,"1000 Islands Renewable Energy for Electrification Program (REEP), Phase 2",named_item,,,23220,,2026-09-28,External CRS comparator activity-flow record; not a JETP project
oecd-crs-energy-idn-2024-q-2026-09-28-md-26407685,IDN,c34f2b1ecaeda2aec25b7cba353fb6ea33c72703939c075a368692f664a002bc,DEU.IDN.23260.13.10000.C01.D.Q.DD.26407685.USD/2024,189,Geothermal Energy Program,named_item,,,23260,,2026-09-28,External CRS comparator activity-flow record; not a JETP project
oecd-crs-energy-idn-2024-q-2026-09-28-md-26407941,IDN,c34f2b1ecaeda2aec25b7cba353fb6ea33c72703939c075a368692f664a002bc,DEU.IDN.23630.13.10000.C01.D.Q.DD.26407941.USD/2024,190,Results-Based Loan Sustainable Energy Access in Eastern Indonesia - Electricity Grid Development Program,named_item,,,23630,,2026-09-28,External CRS comparator activity-flow record; not a JETP project
oecd-crs-energy-idn-2024-q-2026-09-28-md-26407693,IDN,c34f2b1ecaeda2aec25b7cba353fb6ea33c72703939c075a368692f664a002bc,DEU.IDN.23220.13.10000.C01.D.Q.DD.26407693.USD/2024,191,Sustainable Hydropower,named_item,,,23220,,2026-09-28,External CRS comparator activity-flow record; not a JETP project
oecd-crs-energy-idn-2024-q-2026-09-28-md-26842108,IDN,c34f2b1ecaeda2aec25b7cba353fb6ea33c72703939c075a368692f664a002bc,DEU.IDN.23210.11.10000.C01.C.Q.DD.26842108.USD/2024,192,Facilitating Financing for Indonesia's Just Energy Transition Partnership (JETP),named_item,,,23210,,2026-09-28,External CRS comparator activity-flow record; not a JETP project
oecd-crs-energy-idn-2024-q-2026-09-28-md-26842110,IDN,c34f2b1ecaeda2aec25b7cba353fb6ea33c72703939c075a368692f664a002bc,DEU.IDN.23630.11.10000.C01.C.Q.DD.26842110.USD/2024,193,Facilitating Financing for Indonesia's Just Energy Transition Partnership (JETP),named_item,,,23630,,2026-09-28,External CRS comparator activity-flow record; not a JETP project
oecd-crs-energy-idn-2024-q-2026-09-28-md-26879469,IDN,c34f2b1ecaeda2aec25b7cba353fb6ea33c72703939c075a368692f664a002bc,DEU.IDN.23110.11.10000.C01.C.Q.DD.26879469.USD/2024,194,Green Energy in Indonesia,named_item,,,23110,,2026-09-28,External CRS comparator activity-flow record; not a JETP project
oecd-crs-energy-idn-2024-q-2026-09-28-md-26472815,IDN,c34f2b1ecaeda2aec25b7cba353fb6ea33c72703939c075a368692f664a002bc,DEU.IDN.23110.11.10000.C01.D.Q.DD.26472815.USD/2024,195,Green Energy in Indonesia,named_item,,,23110,,2026-09-28,External CRS comparator activity-flow record; not a JETP project
oecd-crs-energy-idn-2024-q-2026-09-28-md-26838038,IDN,c34f2b1ecaeda2aec25b7cba353fb6ea33c72703939c075a368692f664a002bc,DEU.IDN.23210.11.60000.C01.C.Q.DD.26838038.USD/2024,196,Coal2Green - Early retirement of coal-fired power plants: just transition und asset repurposing (C2G),named_item,,,23210,,2026-09-28,External CRS comparator activity-flow record; not a JETP project
oecd-crs-energy-idn-2024-q-2026-09-28-md-26405377,IDN,c34f2b1ecaeda2aec25b7cba353fb6ea33c72703939c075a368692f664a002bc,DEU.IDN.23210.11.60000.C01.D.Q.DD.26405377.USD/2024,197,Coal2Green - Early retirement of coal-fired power plants: just transition und asset repurposing (C2G),named_item,,,23210,,2026-09-28,External CRS comparator activity-flow record; not a JETP project
oecd-crs-energy-idn-2024-q-2026-09-28-md-26838106,IDN,c34f2b1ecaeda2aec25b7cba353fb6ea33c72703939c075a368692f664a002bc,DEU.IDN.23181.11.20000.C01.C.Q.DD.26838106.USD/2024,198,Women-led decarbonisation initiatives,named_item,,,23181,,2026-09-28,External CRS comparator activity-flow record; not a JETP project
oecd-crs-energy-idn-2024-q-2026-09-28-md-26431225,IDN,c34f2b1ecaeda2aec25b7cba353fb6ea33c72703939c075a368692f664a002bc,CHE.IDN.23210.11.60000.C01.D.Q.DD.26431225.USD/2024,199,Renewable Energy Skills Development RESD in Indonesia,named_item,,,23210,,2026-09-28,External CRS comparator activity-flow record; not a JETP project
oecd-crs-energy-idn-2024-q-2026-09-28-md-26469681,IDN,c34f2b1ecaeda2aec25b7cba353fb6ea33c72703939c075a368692f664a002bc,FIN.IDN.23210.11.60000.C01.D.Q.DD.26469681.USD/2024,200,Finnpartnership programme,named_item,,,23210,,2026-09-28,External CRS comparator activity-flow record; not a JETP project
oecd-crs-energy-idn-2024-q-2026-09-28-md-26316010,IDN,c34f2b1ecaeda2aec25b7cba353fb6ea33c72703939c075a368692f664a002bc,FRA.IDN.23210.11.10000.C01.D.Q.DD.26316010.USD/2024,201,FASEP 1211-PROJET GREEN COAL FUEL,named_item,,,23210,,2026-09-28,External CRS comparator activity-flow record; not a JETP project
oecd-crs-energy-idn-2024-q-2026-09-28-md-26318429,IDN,c34f2b1ecaeda2aec25b7cba353fb6ea33c72703939c075a368692f664a002bc,FRA.IDN.23220.11.10000.C01.D.Q.DD.26318429.USD/2024,202,FAPS MASANG II-FAPS Masang II - CID1095 - INDONESIE - Infrastructures et développement urbain,named_item,,,23220,,2026-09-28,External CRS comparator activity-flow record; not a JETP project
oecd-crs-energy-idn-2024-q-2026-09-28-md-26318467,IDN,c34f2b1ecaeda2aec25b7cba353fb6ea33c72703939c075a368692f664a002bc,FRA.IDN.23240.11.10000.C01.D.Q.DD.26318467.USD/2024,203,FEXTE-Appui au développement d'une filière éolienne au sein de PT PLN,named_item,,,23240,,2026-09-28,External CRS comparator activity-flow record; not a JETP project
oecd-crs-energy-idn-2024-q-2026-09-28-md-26331114,IDN,c34f2b1ecaeda2aec25b7cba353fb6ea33c72703939c075a368692f664a002bc,SWE.IDN.23210.60.60000.C01.D.Q.DD.26331114.USD/2024,204,Xurya,named_item,,,23210,,2026-09-28,External CRS comparator activity-flow record; not a JETP project
oecd-crs-energy-idn-2024-q-2026-09-28-md-26791596,IDN,c34f2b1ecaeda2aec25b7cba353fb6ea33c72703939c075a368692f664a002bc,SWE.IDN.23210.60.60000.C01.C.Q.DD.26791596.USD/2024,205,Xurya,named_item,,,23210,,2026-09-28,External CRS comparator activity-flow record; not a JETP project
oecd-crs-energy-idn-2024-q-2026-09-28-md-26413912,IDN,c34f2b1ecaeda2aec25b7cba353fb6ea33c72703939c075a368692f664a002bc,DNK.IDN.23110.11.10000.C01.D.Q.DD.26413912.USD/2024,206,"Danish Energy Partnership Programme III, INDODEPP",named_item,,,23110,,2026-09-28,External CRS comparator activity-flow record; not a JETP project
oecd-crs-energy-idn-2024-q-2026-09-28-md-26413913,IDN,c34f2b1ecaeda2aec25b7cba353fb6ea33c72703939c075a368692f664a002bc,DNK.IDN.23110.11.10000.D01.D.Q.DD.26413913.USD/2024,207,"Danish Energy Partnership Programme III, INDODEPP",named_item,,,23110,,2026-09-28,External CRS comparator activity-flow record; not a JETP project
oecd-crs-energy-idn-2024-q-2026-09-28-md-26413881,IDN,c34f2b1ecaeda2aec25b7cba353fb6ea33c72703939c075a368692f664a002bc,DNK.IDN.23110.11.10000.D01.D.Q.DD.26413881.USD/2024,208,"SSC Energy Sector, Indonesia - Phase II",named_item,,,23110,,2026-09-28,External CRS comparator activity-flow record; not a JETP project
oecd-crs-energy-idn-2024-q-2026-09-28-md-26844446,IDN,c34f2b1ecaeda2aec25b7cba353fb6ea33c72703939c075a368692f664a002bc,DNK.IDN.23110.11.10000.D01.C.Q.DD.26844446.USD/2024,209,"SSC Energy Sector, Indonesia - Phase II",named_item,,,23110,,2026-09-28,External CRS comparator activity-flow record; not a JETP project
oecd-crs-energy-idn-2024-q-2026-09-28-md-26874283,IDN,c34f2b1ecaeda2aec25b7cba353fb6ea33c72703939c075a368692f664a002bc,5ASDB01.IDN.23260.14.60000.C01.C.Q.DD.26874283.USD/2024,210,Muara Laboh Geothermal Power Project Stage 2,named_item,,,23260,,2026-09-28,External CRS comparator activity-flow record; not a JETP project
oecd-crs-energy-idn-2024-q-2026-09-28-md-26473308,IDN,c34f2b1ecaeda2aec25b7cba353fb6ea33c72703939c075a368692f664a002bc,5ASDB01.IDN.23310.14.60000.C01.D.Q.DD.26473308.USD/2024,211,Jawa-1 Liquefied Natural Gas-to-Power Project,named_item,,,23310,,2026-09-28,External CRS comparator activity-flow record; not a JETP project
oecd-crs-energy-idn-2024-q-2026-09-28-md-26249175,IDN,c34f2b1ecaeda2aec25b7cba353fb6ea33c72703939c075a368692f664a002bc,CAN.IDN.23110.11.40000.B032.D.Q.DD.26249175.USD/2024,212,Southeast Asia Energy Transition Partnership / Partenariat pour la transition énergétique en Asie du Sud-Est,named_item,,,23110,,2026-09-28,External CRS comparator activity-flow record; not a JETP project
oecd-crs-energy-idn-2024-q-2026-09-28-md-26727702,IDN,c34f2b1ecaeda2aec25b7cba353fb6ea33c72703939c075a368692f664a002bc,CAN.IDN.23110.11.40000.B032.C.Q.DD.26727702.USD/2024,213,Southeast Asia Energy Transition Partnership / Partenariat pour la transition énergétique en Asie du Sud-Est,named_item,,,23110,,2026-09-28,External CRS comparator activity-flow record; not a JETP project
oecd-crs-energy-idn-2024-q-2026-09-28-md-26251186,IDN,c34f2b1ecaeda2aec25b7cba353fb6ea33c72703939c075a368692f664a002bc,CAN.IDN.23110.13.40000.B032.D.Q.DD.26251186.USD/2024,214,Climate Investment Funds - Accelerating Coal Transition Investment Program (CIF-ACT)/Fonds d'investissement climatique - Initiative pour la transition accélérée du charbon (CIF-ACT),named_item,,,23110,,2026-09-28,External CRS comparator activity-flow record; not a JETP project
oecd-crs-energy-idn-2024-q-2026-09-28-md-26251187,IDN,c34f2b1ecaeda2aec25b7cba353fb6ea33c72703939c075a368692f664a002bc,CAN.IDN.23210.13.40000.B032.D.Q.DD.26251187.USD/2024,215,Climate Investment Funds - Accelerating Coal Transition Investment Program (CIF-ACT)/Fonds d'investissement climatique - Initiative pour la transition accélérée du charbon (CIF-ACT),named_item,,,23210,,2026-09-28,External CRS comparator activity-flow record; not a JETP project
oecd-crs-energy-idn-2024-q-2026-09-28-md-26199610,IDN,c34f2b1ecaeda2aec25b7cba353fb6ea33c72703939c075a368692f664a002bc,AUS.IDN.23110.11.10000.C01.D.Q.DD.26199610.USD/2024,216,"Partnership for Climate, Renewable Energy and Infrastructure",named_item,,,23110,,2026-09-28,External CRS comparator activity-flow record; not a JETP project
oecd-crs-energy-idn-2024-q-2026-09-28-md-26199797,IDN,c34f2b1ecaeda2aec25b7cba353fb6ea33c72703939c075a368692f664a002bc,AUS.IDN.23210.11.10000.C01.D.Q.DD.26199797.USD/2024,217,Support to Climate and Infrastructure Partnerships,named_item,,,23210,,2026-09-28,External CRS comparator activity-flow record; not a JETP project
oecd-crs-energy-idn-2024-q-2026-09-28-md-26199638,IDN,c34f2b1ecaeda2aec25b7cba353fb6ea33c72703939c075a368692f664a002bc,AUS.IDN.23110.11.60000.C01.D.Q.DD.26199638.USD/2024,218,"Partnership for Climate, Renewable Energy and Infrastructure",named_item,,,23110,,2026-09-28,External CRS comparator activity-flow record; not a JETP project
oecd-crs-energy-idn-2024-q-2026-09-28-md-26199640,IDN,c34f2b1ecaeda2aec25b7cba353fb6ea33c72703939c075a368692f664a002bc,AUS.IDN.23210.11.60000.C01.D.Q.DD.26199640.USD/2024,219,"Partnership for Climate, Renewable Energy and Infrastructure",named_item,,,23210,,2026-09-28,External CRS comparator activity-flow record; not a JETP project
oecd-crs-energy-idn-2024-q-2026-09-28-md-26689370,IDN,c34f2b1ecaeda2aec25b7cba353fb6ea33c72703939c075a368692f664a002bc,AUS.IDN.23210.11.60000.C01.C.Q.DD.26689370.USD/2024,220,"Partnership for Climate, Renewable Energy and Infrastructure",named_item,,,23210,,2026-09-28,External CRS comparator activity-flow record; not a JETP project
oecd-crs-energy-idn-2024-q-2026-09-28-md-26689378,IDN,c34f2b1ecaeda2aec25b7cba353fb6ea33c72703939c075a368692f664a002bc,AUS.IDN.23110.11.60000.C01.C.Q.DD.26689378.USD/2024,221,"Partnership for Climate, Renewable Energy and Infrastructure",named_item,,,23110,,2026-09-28,External CRS comparator activity-flow record; not a JETP project
oecd-crs-energy-idn-2024-q-2026-09-28-md-26199631,IDN,c34f2b1ecaeda2aec25b7cba353fb6ea33c72703939c075a368692f664a002bc,AUS.IDN.23110.11.60000.C01.D.Q.DD.26199631.USD/2024,222,"Partnership for Climate, Renewable Energy and Infrastructure",named_item,,,23110,,2026-09-28,External CRS comparator activity-flow record; not a JETP project
oecd-crs-energy-idn-2024-q-2026-09-28-md-26691649,IDN,c34f2b1ecaeda2aec25b7cba353fb6ea33c72703939c075a368692f664a002bc,AUS.IDN.23110.11.10000.C01.C.Q.DD.26691649.USD/2024,223,Australia Indonesia Partnership for Economic Development,named_item,,,23110,,2026-09-28,External CRS comparator activity-flow record; not a JETP project
oecd-crs-energy-idn-2024-q-2026-09-28-md-26691640,IDN,c34f2b1ecaeda2aec25b7cba353fb6ea33c72703939c075a368692f664a002bc,AUS.IDN.23110.11.10000.C01.C.Q.DD.26691640.USD/2024,224,Australia Indonesia Partnership for Economic Development,named_item,,,23110,,2026-09-28,External CRS comparator activity-flow record; not a JETP project
oecd-crs-energy-idn-2024-q-2026-09-28-md-26202995,IDN,c34f2b1ecaeda2aec25b7cba353fb6ea33c72703939c075a368692f664a002bc,AUS.IDN.23110.11.10000.C01.D.Q.DD.26202995.USD/2024,225,Australia Indonesia Partnership for Economic Development,named_item,,,23110,,2026-09-28,External CRS comparator activity-flow record; not a JETP project
oecd-crs-energy-idn-2024-q-2026-09-28-md-26691676,IDN,c34f2b1ecaeda2aec25b7cba353fb6ea33c72703939c075a368692f664a002bc,AUS.IDN.23110.11.60000.C01.C.Q.DD.26691676.USD/2024,226,Australia Indonesia Partnership for Economic Development,named_item,,,23110,,2026-09-28,External CRS comparator activity-flow record; not a JETP project
oecd-crs-energy-idn-2024-q-2026-09-28-md-26307412,IDN,c34f2b1ecaeda2aec25b7cba353fb6ea33c72703939c075a368692f664a002bc,4EU001.IDN.23210.11.10000.C01.D.Q.DD.26307412.USD/2024,227,Indonesia Energy Transition Facility (IETF),named_item,,,23210,,2026-09-28,External CRS comparator activity-flow record; not a JETP project
oecd-crs-energy-idn-2024-q-2026-09-28-md-26307410,IDN,c34f2b1ecaeda2aec25b7cba353fb6ea33c72703939c075a368692f664a002bc,4EU001.IDN.23110.11.10000.C01.D.Q.DD.26307410.USD/2024,228,Indonesia Energy Transition Facility (IETF),named_item,,,23110,,2026-09-28,External CRS comparator activity-flow record; not a JETP project
oecd-crs-energy-idn-2024-q-2026-09-28-md-26689518,IDN,c34f2b1ecaeda2aec25b7cba353fb6ea33c72703939c075a368692f664a002bc,AUS.IDN.23110.11.10000.C01.C.Q.DD.26689518.USD/2024,229,Support to Climate and Infrastructure Partnerships,named_item,,,23110,,2026-09-28,External CRS comparator activity-flow record; not a JETP project
oecd-crs-energy-idn-2024-q-2026-09-28-md-26199796,IDN,c34f2b1ecaeda2aec25b7cba353fb6ea33c72703939c075a368692f664a002bc,AUS.IDN.23110.11.10000.C01.D.Q.DD.26199796.USD/2024,230,Support to Climate and Infrastructure Partnerships,named_item,,,23110,,2026-09-28,External CRS comparator activity-flow record; not a JETP project
oecd-crs-energy-idn-2024-q-2026-09-28-md-26689519,IDN,c34f2b1ecaeda2aec25b7cba353fb6ea33c72703939c075a368692f664a002bc,AUS.IDN.23210.11.10000.C01.C.Q.DD.26689519.USD/2024,231,Support to Climate and Infrastructure Partnerships,named_item,,,23210,,2026-09-28,External CRS comparator activity-flow record; not a JETP project
oecd-crs-energy-idn-2024-q-2026-09-28-md-26689359,IDN,c34f2b1ecaeda2aec25b7cba353fb6ea33c72703939c075a368692f664a002bc,AUS.IDN.23210.11.40000.C01.C.Q.DD.26689359.USD/2024,232,"Partnership for Climate, Renewable Energy and Infrastructure",named_item,,,23210,,2026-09-28,External CRS comparator activity-flow record; not a JETP project
oecd-crs-energy-idn-2024-q-2026-09-28-md-26199620,IDN,c34f2b1ecaeda2aec25b7cba353fb6ea33c72703939c075a368692f664a002bc,AUS.IDN.23210.11.60000.C01.D.Q.DD.26199620.USD/2024,233,"Partnership for Climate, Renewable Energy and Infrastructure",named_item,,,23210,,2026-09-28,External CRS comparator activity-flow record; not a JETP project
oecd-crs-energy-idn-2024-q-2026-09-28-md-26199611,IDN,c34f2b1ecaeda2aec25b7cba353fb6ea33c72703939c075a368692f664a002bc,AUS.IDN.23210.11.10000.C01.D.Q.DD.26199611.USD/2024,234,"Partnership for Climate, Renewable Energy and Infrastructure",named_item,,,23210,,2026-09-28,External CRS comparator activity-flow record; not a JETP project
oecd-crs-energy-idn-2024-q-2026-09-28-md-26199619,IDN,c34f2b1ecaeda2aec25b7cba353fb6ea33c72703939c075a368692f664a002bc,AUS.IDN.23110.11.60000.C01.D.Q.DD.26199619.USD/2024,235,"Partnership for Climate, Renewable Energy and Infrastructure",named_item,,,23110,,2026-09-28,External CRS comparator activity-flow record; not a JETP project
oecd-crs-energy-idn-2024-q-2026-09-28-md-26689354,IDN,c34f2b1ecaeda2aec25b7cba353fb6ea33c72703939c075a368692f664a002bc,AUS.IDN.23110.11.10000.C01.C.Q.DD.26689354.USD/2024,236,"Partnership for Climate, Renewable Energy and Infrastructure",named_item,,,23110,,2026-09-28,External CRS comparator activity-flow record; not a JETP project
oecd-crs-energy-idn-2024-q-2026-09-28-md-26199633,IDN,c34f2b1ecaeda2aec25b7cba353fb6ea33c72703939c075a368692f664a002bc,AUS.IDN.23210.11.60000.C01.D.Q.DD.26199633.USD/2024,237,"Partnership for Climate, Renewable Energy and Infrastructure",named_item,,,23210,,2026-09-28,External CRS comparator activity-flow record; not a JETP project
oecd-crs-energy-idn-2024-q-2026-09-28-md-26689368,IDN,c34f2b1ecaeda2aec25b7cba353fb6ea33c72703939c075a368692f664a002bc,AUS.IDN.23110.11.60000.C01.C.Q.DD.26689368.USD/2024,238,"Partnership for Climate, Renewable Energy and Infrastructure",named_item,,,23110,,2026-09-28,External CRS comparator activity-flow record; not a JETP project
oecd-crs-energy-idn-2024-q-2026-09-28-md-26199615,IDN,c34f2b1ecaeda2aec25b7cba353fb6ea33c72703939c075a368692f664a002bc,AUS.IDN.23210.11.40000.C01.D.Q.DD.26199615.USD/2024,239,"Partnership for Climate, Renewable Energy and Infrastructure",named_item,,,23210,,2026-09-28,External CRS comparator activity-flow record; not a JETP project
oecd-crs-energy-idn-2024-q-2026-09-28-md-26689363,IDN,c34f2b1ecaeda2aec25b7cba353fb6ea33c72703939c075a368692f664a002bc,AUS.IDN.23210.11.60000.C01.C.Q.DD.26689363.USD/2024,240,"Partnership for Climate, Renewable Energy and Infrastructure",named_item,,,23210,,2026-09-28,External CRS comparator activity-flow record; not a JETP project
oecd-crs-energy-idn-2024-q-2026-09-28-md-26689355,IDN,c34f2b1ecaeda2aec25b7cba353fb6ea33c72703939c075a368692f664a002bc,AUS.IDN.23210.11.10000.C01.C.Q.DD.26689355.USD/2024,241,"Partnership for Climate, Renewable Energy and Infrastructure",named_item,,,23210,,2026-09-28,External CRS comparator activity-flow record; not a JETP project
oecd-crs-energy-idn-2024-q-2026-09-28-md-26689362,IDN,c34f2b1ecaeda2aec25b7cba353fb6ea33c72703939c075a368692f664a002bc,AUS.IDN.23110.11.60000.C01.C.Q.DD.26689362.USD/2024,242,"Partnership for Climate, Renewable Energy and Infrastructure",named_item,,,23110,,2026-09-28,External CRS comparator activity-flow record; not a JETP project
oecd-crs-energy-idn-2024-q-2026-09-28-md-26199614,IDN,c34f2b1ecaeda2aec25b7cba353fb6ea33c72703939c075a368692f664a002bc,AUS.IDN.23110.11.40000.C01.D.Q.DD.26199614.USD/2024,243,"Partnership for Climate, Renewable Energy and Infrastructure",named_item,,,23110,,2026-09-28,External CRS comparator activity-flow record; not a JETP project
oecd-crs-energy-idn-2024-q-2026-09-28-md-26689358,IDN,c34f2b1ecaeda2aec25b7cba353fb6ea33c72703939c075a368692f664a002bc,AUS.IDN.23110.11.40000.C01.C.Q.DD.26689358.USD/2024,244,"Partnership for Climate, Renewable Energy and Infrastructure",named_item,,,23110,,2026-09-28,External CRS comparator activity-flow record; not a JETP project
oecd-crs-energy-idn-2024-q-2026-09-28-md-26689381,IDN,c34f2b1ecaeda2aec25b7cba353fb6ea33c72703939c075a368692f664a002bc,AUS.IDN.23210.11.60000.C01.C.Q.DD.26689381.USD/2024,245,"Partnership for Climate, Renewable Energy and Infrastructure",named_item,,,23210,,2026-09-28,External CRS comparator activity-flow record; not a JETP project
oecd-crs-energy-idn-2024-q-2026-09-28-md-26203031,IDN,c34f2b1ecaeda2aec25b7cba353fb6ea33c72703939c075a368692f664a002bc,AUS.IDN.23110.11.60000.C01.D.Q.DD.26203031.USD/2024,246,Australia Indonesia Partnership for Economic Development,named_item,,,23110,,2026-09-28,External CRS comparator activity-flow record; not a JETP project
oecd-crs-energy-idn-2024-q-2026-09-28-md-26203022,IDN,c34f2b1ecaeda2aec25b7cba353fb6ea33c72703939c075a368692f664a002bc,AUS.IDN.23110.11.60000.C01.D.Q.DD.26203022.USD/2024,247,Australia Indonesia Partnership for Economic Development,named_item,,,23110,,2026-09-28,External CRS comparator activity-flow record; not a JETP project
oecd-crs-energy-idn-2024-q-2026-09-28-md-26691667,IDN,c34f2b1ecaeda2aec25b7cba353fb6ea33c72703939c075a368692f664a002bc,AUS.IDN.23110.11.60000.C01.C.Q.DD.26691667.USD/2024,248,Australia Indonesia Partnership for Economic Development,named_item,,,23110,,2026-09-28,External CRS comparator activity-flow record; not a JETP project
oecd-crs-energy-idn-2024-q-2026-09-28-md-26691658,IDN,c34f2b1ecaeda2aec25b7cba353fb6ea33c72703939c075a368692f664a002bc,AUS.IDN.23110.11.10000.C01.C.Q.DD.26691658.USD/2024,249,Australia Indonesia Partnership for Economic Development,named_item,,,23110,,2026-09-28,External CRS comparator activity-flow record; not a JETP project
oecd-crs-energy-idn-2024-q-2026-09-28-md-26203013,IDN,c34f2b1ecaeda2aec25b7cba353fb6ea33c72703939c075a368692f664a002bc,AUS.IDN.23110.11.10000.C01.D.Q.DD.26203013.USD/2024,250,Australia Indonesia Partnership for Economic Development,named_item,,,23110,,2026-09-28,External CRS comparator activity-flow record; not a JETP project
oecd-crs-energy-idn-2024-q-2026-09-28-md-26203004,IDN,c34f2b1ecaeda2aec25b7cba353fb6ea33c72703939c075a368692f664a002bc,AUS.IDN.23110.11.10000.C01.D.Q.DD.26203004.USD/2024,251,Australia Indonesia Partnership for Economic Development,named_item,,,23110,,2026-09-28,External CRS comparator activity-flow record; not a JETP project
oecd-crs-energy-idn-2024-q-2026-09-28-md-26198884,IDN,c34f2b1ecaeda2aec25b7cba353fb6ea33c72703939c075a368692f664a002bc,AUS.IDN.23110.11.20000.C01.D.Q.DD.26198884.USD/2024,252,Oxfam Australia 2024 - 2029,named_item,,,23110,,2026-09-28,External CRS comparator activity-flow record; not a JETP project
oecd-crs-energy-idn-2024-q-2026-09-28-md-26692805,IDN,c34f2b1ecaeda2aec25b7cba353fb6ea33c72703939c075a368692f664a002bc,AUS.IDN.23110.11.20000.C01.C.Q.DD.26692805.USD/2024,253,Oxfam Australia 2024 - 2029,named_item,,,23110,,2026-09-28,External CRS comparator activity-flow record; not a JETP project
oecd-crs-energy-idn-2024-q-2026-09-28-md-26198886,IDN,c34f2b1ecaeda2aec25b7cba353fb6ea33c72703939c075a368692f664a002bc,AUS.IDN.23210.11.20000.C01.D.Q.DD.26198886.USD/2024,254,Oxfam Australia 2024 - 2029,named_item,,,23210,,2026-09-28,External CRS comparator activity-flow record; not a JETP project
oecd-crs-energy-idn-2024-q-2026-09-28-md-26692807,IDN,c34f2b1ecaeda2aec25b7cba353fb6ea33c72703939c075a368692f664a002bc,AUS.IDN.23210.11.20000.C01.C.Q.DD.26692807.USD/2024,255,Oxfam Australia 2024 - 2029,named_item,,,23210,,2026-09-28,External CRS comparator activity-flow record; not a JETP project
oecd-crs-energy-idn-2024-q-2026-09-28-md-26692806,IDN,c34f2b1ecaeda2aec25b7cba353fb6ea33c72703939c075a368692f664a002bc,AUS.IDN.23182.11.20000.C01.C.Q.DD.26692806.USD/2024,256,Oxfam Australia 2024 - 2029,named_item,,,23182,,2026-09-28,External CRS comparator activity-flow record; not a JETP project
oecd-crs-energy-idn-2024-q-2026-09-28-md-26198885,IDN,c34f2b1ecaeda2aec25b7cba353fb6ea33c72703939c075a368692f664a002bc,AUS.IDN.23182.11.20000.C01.D.Q.DD.26198885.USD/2024,257,Oxfam Australia 2024 - 2029,named_item,,,23182,,2026-09-28,External CRS comparator activity-flow record; not a JETP project
oecd-crs-energy-idn-2024-q-2026-09-28-md-26791400,IDN,c34f2b1ecaeda2aec25b7cba353fb6ea33c72703939c075a368692f664a002bc,KOR.IDN.23110.11.10000.E01.C.Q.DD.26791400.USD/2024,258,Master's Degree Program in Engergy Science and Policy(2023),named_item,,,23110,,2026-09-28,External CRS comparator activity-flow record; not a JETP project
oecd-crs-energy-idn-2024-q-2026-09-28-md-26879339,IDN,c34f2b1ecaeda2aec25b7cba353fb6ea33c72703939c075a368692f664a002bc,KOR.IDN.23110.11.10000.E01.C.Q.DD.26879339.USD/2024,259,Masters degree program in Energy Science and Policy(2022),named_item,,,23110,,2026-09-28,External CRS comparator activity-flow record; not a JETP project
oecd-crs-energy-idn-2024-q-2026-09-28-md-26185067,IDN,c34f2b1ecaeda2aec25b7cba353fb6ea33c72703939c075a368692f664a002bc,ITA.IDN.23110.14.60000.C01.D.Q.DD.26185067.USD/2024,260,SIMEST - INTEREST SUBSIDY TO NATIONAL PRIVATE EXPORTERS,named_item,,,23110,,2026-09-28,External CRS comparator activity-flow record; not a JETP project
oecd-crs-energy-idn-2024-q-2026-09-28-md-26318853,IDN,c34f2b1ecaeda2aec25b7cba353fb6ea33c72703939c075a368692f664a002bc,FRA.IDN.23210.11.10000.C01.D.Q.DD.26318853.USD/2024,261,AICET-financement budgétaire de politiques publiques 'Affordable and Sustainable Energy Transition',named_item,,,23210,,2026-09-28,External CRS comparator activity-flow record; not a JETP project
oecd-crs-energy-idn-2024-q-2026-09-28-md-26469682,IDN,c34f2b1ecaeda2aec25b7cba353fb6ea33c72703939c075a368692f664a002bc,FIN.IDN.23630.11.60000.C01.D.Q.DD.26469682.USD/2024,262,Finnpartnership programme,named_item,,,23630,,2026-09-28,External CRS comparator activity-flow record; not a JETP project
