unit_id,country,source_unit,role,stratum,rank,selected,selection_reason,baseline_alternatives
DE-1-200466276,AL,IATI activity,sample,AL|energy|110,1,true,round_robin_strata_then_lexicographic_ID,"{""ID"": [""2021-12-31"", ""2022-03-15"", ""2022-11-14""], ""SN"": [""2021-12-31"", ""2022-03-15"", ""2023-06-21""], ""VN"": [""2021-12-31"", ""2022-03-15"", ""2022-12-13""], ""ZA"": [""2020-12-31"", ""2021-09-28"", ""2021-11-01""]}"
DE-1-200366617,AL,IATI activity,sample,AL|energy|421,2,true,round_robin_strata_then_lexicographic_ID,"{""ID"": [""2021-12-31"", ""2022-03-15"", ""2022-11-14""], ""SN"": [""2021-12-31"", ""2022-03-15"", ""2023-06-21""], ""VN"": [""2021-12-31"", ""2022-03-15"", ""2022-12-13""], ""ZA"": [""2020-12-31"", ""2021-09-28"", ""2021-11-01""]}"
DE-1-201968361,AL,IATI activity,sample,AL|mixed-or-unmapped|421,3,true,round_robin_strata_then_lexicographic_ID,"{""ID"": [""2021-12-31"", ""2022-03-15"", ""2022-11-14""], ""SN"": [""2021-12-31"", ""2022-03-15"", ""2023-06-21""], ""VN"": [""2021-12-31"", ""2022-03-15"", ""2022-12-13""], ""ZA"": [""2020-12-31"", ""2021-09-28"", ""2021-11-01""]}"
DE-1-200166785,AL,IATI activity,sample,AL|non-energy|110,4,true,round_robin_strata_then_lexicographic_ID,"{""ID"": [""2021-12-31"", ""2022-03-15"", ""2022-11-14""], ""SN"": [""2021-12-31"", ""2022-03-15"", ""2023-06-21""], ""VN"": [""2021-12-31"", ""2022-03-15"", ""2022-12-13""], ""ZA"": [""2020-12-31"", ""2021-09-28"", ""2021-11-01""]}"
DE-1-200466433,AL,IATI activity,sample,AL|non-energy|421,5,true,round_robin_strata_then_lexicographic_ID,"{""ID"": [""2021-12-31"", ""2022-03-15"", ""2022-11-14""], ""SN"": [""2021-12-31"", ""2022-03-15"", ""2023-06-21""], ""VN"": [""2021-12-31"", ""2022-03-15"", ""2022-12-13""], ""ZA"": [""2020-12-31"", ""2021-09-28"", ""2021-11-01""]}"
DE-1-200866871,ID,IATI activity,sample,ID|energy|110,6,true,round_robin_strata_then_lexicographic_ID,"{""ID"": [""2021-12-31"", ""2022-03-15"", ""2022-11-14""], ""SN"": [""2021-12-31"", ""2022-03-15"", ""2023-06-21""], ""VN"": [""2021-12-31"", ""2022-03-15"", ""2022-12-13""], ""ZA"": [""2020-12-31"", ""2021-09-28"", ""2021-11-01""]}"
DE-1-200966358,ID,IATI activity,sample,ID|energy|421,7,true,round_robin_strata_then_lexicographic_ID,"{""ID"": [""2021-12-31"", ""2022-03-15"", ""2022-11-14""], ""SN"": [""2021-12-31"", ""2022-03-15"", ""2023-06-21""], ""VN"": [""2021-12-31"", ""2022-03-15"", ""2022-12-13""], ""ZA"": [""2020-12-31"", ""2021-09-28"", ""2021-11-01""]}"
DE-1-199870106,ID,IATI activity,sample,ID|non-energy|110,8,true,round_robin_strata_then_lexicographic_ID,"{""ID"": [""2021-12-31"", ""2022-03-15"", ""2022-11-14""], ""SN"": [""2021-12-31"", ""2022-03-15"", ""2023-06-21""], ""VN"": [""2021-12-31"", ""2022-03-15"", ""2022-12-13""], ""ZA"": [""2020-12-31"", ""2021-09-28"", ""2021-11-01""]}"
DE-1-200266973,ID,IATI activity,sample,ID|non-energy|421,9,true,round_robin_strata_then_lexicographic_ID,"{""ID"": [""2021-12-31"", ""2022-03-15"", ""2022-11-14""], ""SN"": [""2021-12-31"", ""2022-03-15"", ""2023-06-21""], ""VN"": [""2021-12-31"", ""2022-03-15"", ""2022-12-13""], ""ZA"": [""2020-12-31"", ""2021-09-28"", ""2021-11-01""]}"
DE-1-200270538,IN,IATI activity,sample,IN|energy|110,10,true,round_robin_strata_then_lexicographic_ID,"{""ID"": [""2021-12-31"", ""2022-03-15"", ""2022-11-14""], ""SN"": [""2021-12-31"", ""2022-03-15"", ""2023-06-21""], ""VN"": [""2021-12-31"", ""2022-03-15"", ""2022-12-13""], ""ZA"": [""2020-12-31"", ""2021-09-28"", ""2021-11-01""]}"
DE-1-200366757,IN,IATI activity,sample,IN|energy|421,11,true,round_robin_strata_then_lexicographic_ID,"{""ID"": [""2021-12-31"", ""2022-03-15"", ""2022-11-14""], ""SN"": [""2021-12-31"", ""2022-03-15"", ""2023-06-21""], ""VN"": [""2021-12-31"", ""2022-03-15"", ""2022-12-13""], ""ZA"": [""2020-12-31"", ""2021-09-28"", ""2021-11-01""]}"
DE-1-201870245,IN,IATI activity,sample,IN|mixed-or-unmapped|110,12,true,round_robin_strata_then_lexicographic_ID,"{""ID"": [""2021-12-31"", ""2022-03-15"", ""2022-11-14""], ""SN"": [""2021-12-31"", ""2022-03-15"", ""2023-06-21""], ""VN"": [""2021-12-31"", ""2022-03-15"", ""2022-12-13""], ""ZA"": [""2020-12-31"", ""2021-09-28"", ""2021-11-01""]}"
DE-1-201867738,IN,IATI activity,sample,IN|mixed-or-unmapped|510,13,false,round_robin_strata_then_lexicographic_ID,"{""ID"": [""2021-12-31"", ""2022-03-15"", ""2022-11-14""], ""SN"": [""2021-12-31"", ""2022-03-15"", ""2023-06-21""], ""VN"": [""2021-12-31"", ""2022-03-15"", ""2022-12-13""], ""ZA"": [""2020-12-31"", ""2021-09-28"", ""2021-11-01""]}"
DE-1-199765165,IN,IATI activity,sample,IN|non-energy|110,14,false,round_robin_strata_then_lexicographic_ID,"{""ID"": [""2021-12-31"", ""2022-03-15"", ""2022-11-14""], ""SN"": [""2021-12-31"", ""2022-03-15"", ""2023-06-21""], ""VN"": [""2021-12-31"", ""2022-03-15"", ""2022-12-13""], ""ZA"": [""2020-12-31"", ""2021-09-28"", ""2021-11-01""]}"
DE-1-199765223,IN,IATI activity,sample,IN|non-energy|421,15,false,round_robin_strata_then_lexicographic_ID,"{""ID"": [""2021-12-31"", ""2022-03-15"", ""2022-11-14""], ""SN"": [""2021-12-31"", ""2022-03-15"", ""2023-06-21""], ""VN"": [""2021-12-31"", ""2022-03-15"", ""2022-12-13""], ""ZA"": [""2020-12-31"", ""2021-09-28"", ""2021-11-01""]}"
DE-1-201166925,IN,IATI activity,sample,IN|non-energy|510,16,false,round_robin_strata_then_lexicographic_ID,"{""ID"": [""2021-12-31"", ""2022-03-15"", ""2022-11-14""], ""SN"": [""2021-12-31"", ""2022-03-15"", ""2023-06-21""], ""VN"": [""2021-12-31"", ""2022-03-15"", ""2022-12-13""], ""ZA"": [""2020-12-31"", ""2021-09-28"", ""2021-11-01""]}"
DE-1-201770247,MA,IATI activity,sample,MA|energy|110,17,false,round_robin_strata_then_lexicographic_ID,"{""ID"": [""2021-12-31"", ""2022-03-15"", ""2022-11-14""], ""SN"": [""2021-12-31"", ""2022-03-15"", ""2023-06-21""], ""VN"": [""2021-12-31"", ""2022-03-15"", ""2022-12-13""], ""ZA"": [""2020-12-31"", ""2021-09-28"", ""2021-11-01""]}"
DE-1-200367482,MA,IATI activity,sample,MA|energy|421,18,false,round_robin_strata_then_lexicographic_ID,"{""ID"": [""2021-12-31"", ""2022-03-15"", ""2022-11-14""], ""SN"": [""2021-12-31"", ""2022-03-15"", ""2023-06-21""], ""VN"": [""2021-12-31"", ""2022-03-15"", ""2022-12-13""], ""ZA"": [""2020-12-31"", ""2021-09-28"", ""2021-11-01""]}"
DE-1-201670173,MA,IATI activity,sample,MA|mixed-or-unmapped|110,19,false,round_robin_strata_then_lexicographic_ID,"{""ID"": [""2021-12-31"", ""2022-03-15"", ""2022-11-14""], ""SN"": [""2021-12-31"", ""2022-03-15"", ""2023-06-21""], ""VN"": [""2021-12-31"", ""2022-03-15"", ""2022-12-13""], ""ZA"": [""2020-12-31"", ""2021-09-28"", ""2021-11-01""]}"
DE-1-201565241,MA,IATI activity,sample,MA|mixed-or-unmapped|421,20,false,round_robin_strata_then_lexicographic_ID,"{""ID"": [""2021-12-31"", ""2022-03-15"", ""2022-11-14""], ""SN"": [""2021-12-31"", ""2022-03-15"", ""2023-06-21""], ""VN"": [""2021-12-31"", ""2022-03-15"", ""2022-12-13""], ""ZA"": [""2020-12-31"", ""2021-09-28"", ""2021-11-01""]}"
DE-1-199470006,MA,IATI activity,sample,MA|non-energy|110,21,false,round_robin_strata_then_lexicographic_ID,"{""ID"": [""2021-12-31"", ""2022-03-15"", ""2022-11-14""], ""SN"": [""2021-12-31"", ""2022-03-15"", ""2023-06-21""], ""VN"": [""2021-12-31"", ""2022-03-15"", ""2022-12-13""], ""ZA"": [""2020-12-31"", ""2021-09-28"", ""2021-11-01""]}"
DE-1-199566092,MA,IATI activity,sample,MA|non-energy|421,22,false,round_robin_strata_then_lexicographic_ID,"{""ID"": [""2021-12-31"", ""2022-03-15"", ""2022-11-14""], ""SN"": [""2021-12-31"", ""2022-03-15"", ""2023-06-21""], ""VN"": [""2021-12-31"", ""2022-03-15"", ""2022-12-13""], ""ZA"": [""2020-12-31"", ""2021-09-28"", ""2021-11-01""]}"
DE-1-201067222,MA,IATI activity,sample,MA|non-energy|510,23,false,round_robin_strata_then_lexicographic_ID,"{""ID"": [""2021-12-31"", ""2022-03-15"", ""2022-11-14""], ""SN"": [""2021-12-31"", ""2022-03-15"", ""2023-06-21""], ""VN"": [""2021-12-31"", ""2022-03-15"", ""2022-12-13""], ""ZA"": [""2020-12-31"", ""2021-09-28"", ""2021-11-01""]}"
DE-1-200266361,SN,IATI activity,sample,SN|energy|110,24,false,round_robin_strata_then_lexicographic_ID,"{""ID"": [""2021-12-31"", ""2022-03-15"", ""2022-11-14""], ""SN"": [""2021-12-31"", ""2022-03-15"", ""2023-06-21""], ""VN"": [""2021-12-31"", ""2022-03-15"", ""2022-12-13""], ""ZA"": [""2020-12-31"", ""2021-09-28"", ""2021-11-01""]}"
DE-1-199770223,SN,IATI activity,sample,SN|non-energy|110,25,false,round_robin_strata_then_lexicographic_ID,"{""ID"": [""2021-12-31"", ""2022-03-15"", ""2022-11-14""], ""SN"": [""2021-12-31"", ""2022-03-15"", ""2023-06-21""], ""VN"": [""2021-12-31"", ""2022-03-15"", ""2022-12-13""], ""ZA"": [""2020-12-31"", ""2021-09-28"", ""2021-11-01""]}"
DE-1-200566489,SN,IATI activity,sample,SN|non-energy|510,26,false,round_robin_strata_then_lexicographic_ID,"{""ID"": [""2021-12-31"", ""2022-03-15"", ""2022-11-14""], ""SN"": [""2021-12-31"", ""2022-03-15"", ""2023-06-21""], ""VN"": [""2021-12-31"", ""2022-03-15"", ""2022-12-13""], ""ZA"": [""2020-12-31"", ""2021-09-28"", ""2021-11-01""]}"
DE-1-201667120,VN,IATI activity,sample,VN|energy|110,27,false,round_robin_strata_then_lexicographic_ID,"{""ID"": [""2021-12-31"", ""2022-03-15"", ""2022-11-14""], ""SN"": [""2021-12-31"", ""2022-03-15"", ""2023-06-21""], ""VN"": [""2021-12-31"", ""2022-03-15"", ""2022-12-13""], ""ZA"": [""2020-12-31"", ""2021-09-28"", ""2021-11-01""]}"
DE-1-200966663,VN,IATI activity,sample,VN|energy|421,28,false,round_robin_strata_then_lexicographic_ID,"{""ID"": [""2021-12-31"", ""2022-03-15"", ""2022-11-14""], ""SN"": [""2021-12-31"", ""2022-03-15"", ""2023-06-21""], ""VN"": [""2021-12-31"", ""2022-03-15"", ""2022-12-13""], ""ZA"": [""2020-12-31"", ""2021-09-28"", ""2021-11-01""]}"
DE-1-199570250,VN,IATI activity,sample,VN|non-energy|110,29,false,round_robin_strata_then_lexicographic_ID,"{""ID"": [""2021-12-31"", ""2022-03-15"", ""2022-11-14""], ""SN"": [""2021-12-31"", ""2022-03-15"", ""2023-06-21""], ""VN"": [""2021-12-31"", ""2022-03-15"", ""2022-12-13""], ""ZA"": [""2020-12-31"", ""2021-09-28"", ""2021-11-01""]}"
DE-1-200865295,VN,IATI activity,sample,VN|non-energy|410,30,false,round_robin_strata_then_lexicographic_ID,"{""ID"": [""2021-12-31"", ""2022-03-15"", ""2022-11-14""], ""SN"": [""2021-12-31"", ""2022-03-15"", ""2023-06-21""], ""VN"": [""2021-12-31"", ""2022-03-15"", ""2022-12-13""], ""ZA"": [""2020-12-31"", ""2021-09-28"", ""2021-11-01""]}"
DE-1-200166132,VN,IATI activity,sample,VN|non-energy|421,31,false,round_robin_strata_then_lexicographic_ID,"{""ID"": [""2021-12-31"", ""2022-03-15"", ""2022-11-14""], ""SN"": [""2021-12-31"", ""2022-03-15"", ""2023-06-21""], ""VN"": [""2021-12-31"", ""2022-03-15"", ""2022-12-13""], ""ZA"": [""2020-12-31"", ""2021-09-28"", ""2021-11-01""]}"
DE-1-199966656,ZA,IATI activity,sample,ZA|energy|110,32,false,round_robin_strata_then_lexicographic_ID,"{""ID"": [""2021-12-31"", ""2022-03-15"", ""2022-11-14""], ""SN"": [""2021-12-31"", ""2022-03-15"", ""2023-06-21""], ""VN"": [""2021-12-31"", ""2022-03-15"", ""2022-12-13""], ""ZA"": [""2020-12-31"", ""2021-09-28"", ""2021-11-01""]}"
DE-1-200865956,ZA,IATI activity,sample,ZA|energy|421,33,false,round_robin_strata_then_lexicographic_ID,"{""ID"": [""2021-12-31"", ""2022-03-15"", ""2022-11-14""], ""SN"": [""2021-12-31"", ""2022-03-15"", ""2023-06-21""], ""VN"": [""2021-12-31"", ""2022-03-15"", ""2022-12-13""], ""ZA"": [""2020-12-31"", ""2021-09-28"", ""2021-11-01""]}"
DE-1-202267219,ZA,IATI activity,sample,ZA|mixed-or-unmapped|110,34,false,round_robin_strata_then_lexicographic_ID,"{""ID"": [""2021-12-31"", ""2022-03-15"", ""2022-11-14""], ""SN"": [""2021-12-31"", ""2022-03-15"", ""2023-06-21""], ""VN"": [""2021-12-31"", ""2022-03-15"", ""2022-12-13""], ""ZA"": [""2020-12-31"", ""2021-09-28"", ""2021-11-01""]}"
DE-1-202468031,ZA,IATI activity,sample,ZA|mixed-or-unmapped|421,35,false,round_robin_strata_then_lexicographic_ID,"{""ID"": [""2021-12-31"", ""2022-03-15"", ""2022-11-14""], ""SN"": [""2021-12-31"", ""2022-03-15"", ""2023-06-21""], ""VN"": [""2021-12-31"", ""2022-03-15"", ""2022-12-13""], ""ZA"": [""2020-12-31"", ""2021-09-28"", ""2021-11-01""]}"
DE-1-199670183,ZA,IATI activity,sample,ZA|non-energy|110,36,false,round_robin_strata_then_lexicographic_ID,"{""ID"": [""2021-12-31"", ""2022-03-15"", ""2022-11-14""], ""SN"": [""2021-12-31"", ""2022-03-15"", ""2023-06-21""], ""VN"": [""2021-12-31"", ""2022-03-15"", ""2022-12-13""], ""ZA"": [""2020-12-31"", ""2021-09-28"", ""2021-11-01""]}"
DE-1-201668474,ZA,IATI activity,sample,ZA|non-energy|421,37,false,round_robin_strata_then_lexicographic_ID,"{""ID"": [""2021-12-31"", ""2022-03-15"", ""2022-11-14""], ""SN"": [""2021-12-31"", ""2022-03-15"", ""2023-06-21""], ""VN"": [""2021-12-31"", ""2022-03-15"", ""2022-12-13""], ""ZA"": [""2020-12-31"", ""2021-09-28"", ""2021-11-01""]}"
DE-1-201465111,ZA,IATI activity,sample,ZA|non-energy|510,38,false,round_robin_strata_then_lexicographic_ID,"{""ID"": [""2021-12-31"", ""2022-03-15"", ""2022-11-14""], ""SN"": [""2021-12-31"", ""2022-03-15"", ""2023-06-21""], ""VN"": [""2021-12-31"", ""2022-03-15"", ""2022-12-13""], ""ZA"": [""2020-12-31"", ""2021-09-28"", ""2021-11-01""]}"
DE-1-200570093,AL,IATI activity,sample,AL|energy|110,39,false,round_robin_strata_then_lexicographic_ID,"{""ID"": [""2021-12-31"", ""2022-03-15"", ""2022-11-14""], ""SN"": [""2021-12-31"", ""2022-03-15"", ""2023-06-21""], ""VN"": [""2021-12-31"", ""2022-03-15"", ""2022-12-13""], ""ZA"": [""2020-12-31"", ""2021-09-28"", ""2021-11-01""]}"
DE-1-200665505,AL,IATI activity,sample,AL|energy|421,40,false,round_robin_strata_then_lexicographic_ID,"{""ID"": [""2021-12-31"", ""2022-03-15"", ""2022-11-14""], ""SN"": [""2021-12-31"", ""2022-03-15"", ""2023-06-21""], ""VN"": [""2021-12-31"", ""2022-03-15"", ""2022-12-13""], ""ZA"": [""2020-12-31"", ""2021-09-28"", ""2021-11-01""]}"
DE-1-200170530,AL,IATI activity,sample,AL|non-energy|110,41,false,round_robin_strata_then_lexicographic_ID,"{""ID"": [""2021-12-31"", ""2022-03-15"", ""2022-11-14""], ""SN"": [""2021-12-31"", ""2022-03-15"", ""2023-06-21""], ""VN"": [""2021-12-31"", ""2022-03-15"", ""2022-12-13""], ""ZA"": [""2020-12-31"", ""2021-09-28"", ""2021-11-01""]}"
DE-1-200765958,AL,IATI activity,sample,AL|non-energy|421,42,false,round_robin_strata_then_lexicographic_ID,"{""ID"": [""2021-12-31"", ""2022-03-15"", ""2022-11-14""], ""SN"": [""2021-12-31"", ""2022-03-15"", ""2023-06-21""], ""VN"": [""2021-12-31"", ""2022-03-15"", ""2022-12-13""], ""ZA"": [""2020-12-31"", ""2021-09-28"", ""2021-11-01""]}"
DE-1-201570290,ID,IATI activity,sample,ID|energy|110,43,false,round_robin_strata_then_lexicographic_ID,"{""ID"": [""2021-12-31"", ""2022-03-15"", ""2022-11-14""], ""SN"": [""2021-12-31"", ""2022-03-15"", ""2023-06-21""], ""VN"": [""2021-12-31"", ""2022-03-15"", ""2022-12-13""], ""ZA"": [""2020-12-31"", ""2021-09-28"", ""2021-11-01""]}"
DE-1-201468040,ID,IATI activity,sample,ID|energy|421,44,false,round_robin_strata_then_lexicographic_ID,"{""ID"": [""2021-12-31"", ""2022-03-15"", ""2022-11-14""], ""SN"": [""2021-12-31"", ""2022-03-15"", ""2023-06-21""], ""VN"": [""2021-12-31"", ""2022-03-15"", ""2022-12-13""], ""ZA"": [""2020-12-31"", ""2021-09-28"", ""2021-11-01""]}"
DE-1-200766089,ID,IATI activity,sample,ID|non-energy|110,45,false,round_robin_strata_then_lexicographic_ID,"{""ID"": [""2021-12-31"", ""2022-03-15"", ""2022-11-14""], ""SN"": [""2021-12-31"", ""2022-03-15"", ""2023-06-21""], ""VN"": [""2021-12-31"", ""2022-03-15"", ""2022-12-13""], ""ZA"": [""2020-12-31"", ""2021-09-28"", ""2021-11-01""]}"
DE-1-200566612,ID,IATI activity,sample,ID|non-energy|421,46,false,round_robin_strata_then_lexicographic_ID,"{""ID"": [""2021-12-31"", ""2022-03-15"", ""2022-11-14""], ""SN"": [""2021-12-31"", ""2022-03-15"", ""2023-06-21""], ""VN"": [""2021-12-31"", ""2022-03-15"", ""2022-12-13""], ""ZA"": [""2020-12-31"", ""2021-09-28"", ""2021-11-01""]}"
DE-1-200770289,IN,IATI activity,sample,IN|energy|110,47,false,round_robin_strata_then_lexicographic_ID,"{""ID"": [""2021-12-31"", ""2022-03-15"", ""2022-11-14""], ""SN"": [""2021-12-31"", ""2022-03-15"", ""2023-06-21""], ""VN"": [""2021-12-31"", ""2022-03-15"", ""2022-12-13""], ""ZA"": [""2020-12-31"", ""2021-09-28"", ""2021-11-01""]}"
DE-1-200765057,IN,IATI activity,sample,IN|energy|421,48,false,round_robin_strata_then_lexicographic_ID,"{""ID"": [""2021-12-31"", ""2022-03-15"", ""2022-11-14""], ""SN"": [""2021-12-31"", ""2022-03-15"", ""2023-06-21""], ""VN"": [""2021-12-31"", ""2022-03-15"", ""2022-12-13""], ""ZA"": [""2020-12-31"", ""2021-09-28"", ""2021-11-01""]}"
DE-1-199866872,IN,IATI activity,sample,IN|non-energy|110,49,false,round_robin_strata_then_lexicographic_ID,"{""ID"": [""2021-12-31"", ""2022-03-15"", ""2022-11-14""], ""SN"": [""2021-12-31"", ""2022-03-15"", ""2023-06-21""], ""VN"": [""2021-12-31"", ""2022-03-15"", ""2022-12-13""], ""ZA"": [""2020-12-31"", ""2021-09-28"", ""2021-11-01""]}"
DE-1-200566620,IN,IATI activity,sample,IN|non-energy|421,50,false,round_robin_strata_then_lexicographic_ID,"{""ID"": [""2021-12-31"", ""2022-03-15"", ""2022-11-14""], ""SN"": [""2021-12-31"", ""2022-03-15"", ""2023-06-21""], ""VN"": [""2021-12-31"", ""2022-03-15"", ""2022-12-13""], ""ZA"": [""2020-12-31"", ""2021-09-28"", ""2021-11-01""]}"
DE-1-201366491,IN,IATI activity,sample,IN|non-energy|510,51,false,round_robin_strata_then_lexicographic_ID,"{""ID"": [""2021-12-31"", ""2022-03-15"", ""2022-11-14""], ""SN"": [""2021-12-31"", ""2022-03-15"", ""2023-06-21""], ""VN"": [""2021-12-31"", ""2022-03-15"", ""2022-12-13""], ""ZA"": [""2020-12-31"", ""2021-09-28"", ""2021-11-01""]}"
DE-1-201770254,MA,IATI activity,sample,MA|energy|110,52,false,round_robin_strata_then_lexicographic_ID,"{""ID"": [""2021-12-31"", ""2022-03-15"", ""2022-11-14""], ""SN"": [""2021-12-31"", ""2022-03-15"", ""2023-06-21""], ""VN"": [""2021-12-31"", ""2022-03-15"", ""2022-12-13""], ""ZA"": [""2020-12-31"", ""2021-09-28"", ""2021-11-01""]}"
DE-1-200966754,MA,IATI activity,sample,MA|energy|421,53,false,round_robin_strata_then_lexicographic_ID,"{""ID"": [""2021-12-31"", ""2022-03-15"", ""2022-11-14""], ""SN"": [""2021-12-31"", ""2022-03-15"", ""2023-06-21""], ""VN"": [""2021-12-31"", ""2022-03-15"", ""2022-12-13""], ""ZA"": [""2020-12-31"", ""2021-09-28"", ""2021-11-01""]}"
DE-1-201968841,MA,IATI activity,sample,MA|mixed-or-unmapped|110,54,false,round_robin_strata_then_lexicographic_ID,"{""ID"": [""2021-12-31"", ""2022-03-15"", ""2022-11-14""], ""SN"": [""2021-12-31"", ""2022-03-15"", ""2023-06-21""], ""VN"": [""2021-12-31"", ""2022-03-15"", ""2022-12-13""], ""ZA"": [""2020-12-31"", ""2021-09-28"", ""2021-11-01""]}"
DE-1-202068013,MA,IATI activity,sample,MA|mixed-or-unmapped|421,55,false,round_robin_strata_then_lexicographic_ID,"{""ID"": [""2021-12-31"", ""2022-03-15"", ""2022-11-14""], ""SN"": [""2021-12-31"", ""2022-03-15"", ""2023-06-21""], ""VN"": [""2021-12-31"", ""2022-03-15"", ""2022-12-13""], ""ZA"": [""2020-12-31"", ""2021-09-28"", ""2021-11-01""]}"
DE-1-199670050,MA,IATI activity,sample,MA|non-energy|110,56,false,round_robin_strata_then_lexicographic_ID,"{""ID"": [""2021-12-31"", ""2022-03-15"", ""2022-11-14""], ""SN"": [""2021-12-31"", ""2022-03-15"", ""2023-06-21""], ""VN"": [""2021-12-31"", ""2022-03-15"", ""2022-12-13""], ""ZA"": [""2020-12-31"", ""2021-09-28"", ""2021-11-01""]}"
DE-1-199666298,MA,IATI activity,sample,MA|non-energy|421,57,false,round_robin_strata_then_lexicographic_ID,"{""ID"": [""2021-12-31"", ""2022-03-15"", ""2022-11-14""], ""SN"": [""2021-12-31"", ""2022-03-15"", ""2023-06-21""], ""VN"": [""2021-12-31"", ""2022-03-15"", ""2022-12-13""], ""ZA"": [""2020-12-31"", ""2021-09-28"", ""2021-11-01""]}"
DE-1-201765296,MA,IATI activity,sample,MA|non-energy|510,58,false,round_robin_strata_then_lexicographic_ID,"{""ID"": [""2021-12-31"", ""2022-03-15"", ""2022-11-14""], ""SN"": [""2021-12-31"", ""2022-03-15"", ""2023-06-21""], ""VN"": [""2021-12-31"", ""2022-03-15"", ""2022-12-13""], ""ZA"": [""2020-12-31"", ""2021-09-28"", ""2021-11-01""]}"
DE-1-201267053,SN,IATI activity,sample,SN|energy|110,59,false,round_robin_strata_then_lexicographic_ID,"{""ID"": [""2021-12-31"", ""2022-03-15"", ""2022-11-14""], ""SN"": [""2021-12-31"", ""2022-03-15"", ""2023-06-21""], ""VN"": [""2021-12-31"", ""2022-03-15"", ""2022-12-13""], ""ZA"": [""2020-12-31"", ""2021-09-28"", ""2021-11-01""]}"
DE-1-199866773,SN,IATI activity,sample,SN|non-energy|110,60,false,round_robin_strata_then_lexicographic_ID,"{""ID"": [""2021-12-31"", ""2022-03-15"", ""2022-11-14""], ""SN"": [""2021-12-31"", ""2022-03-15"", ""2023-06-21""], ""VN"": [""2021-12-31"", ""2022-03-15"", ""2022-12-13""], ""ZA"": [""2020-12-31"", ""2021-09-28"", ""2021-11-01""]}"
DE-1-201965250,SN,IATI activity,sample,SN|non-energy|510,61,false,round_robin_strata_then_lexicographic_ID,"{""ID"": [""2021-12-31"", ""2022-03-15"", ""2022-11-14""], ""SN"": [""2021-12-31"", ""2022-03-15"", ""2023-06-21""], ""VN"": [""2021-12-31"", ""2022-03-15"", ""2022-12-13""], ""ZA"": [""2020-12-31"", ""2021-09-28"", ""2021-11-01""]}"
DE-1-201166420,VN,IATI activity,sample,VN|energy|421,62,false,round_robin_strata_then_lexicographic_ID,"{""ID"": [""2021-12-31"", ""2022-03-15"", ""2022-11-14""], ""SN"": [""2021-12-31"", ""2022-03-15"", ""2023-06-21""], ""VN"": [""2021-12-31"", ""2022-03-15"", ""2022-12-13""], ""ZA"": [""2020-12-31"", ""2021-09-28"", ""2021-11-01""]}"
DE-1-199865676,VN,IATI activity,sample,VN|non-energy|110,63,false,round_robin_strata_then_lexicographic_ID,"{""ID"": [""2021-12-31"", ""2022-03-15"", ""2022-11-14""], ""SN"": [""2021-12-31"", ""2022-03-15"", ""2023-06-21""], ""VN"": [""2021-12-31"", ""2022-03-15"", ""2022-12-13""], ""ZA"": [""2020-12-31"", ""2021-09-28"", ""2021-11-01""]}"
DE-1-200266569,VN,IATI activity,sample,VN|non-energy|421,64,false,round_robin_strata_then_lexicographic_ID,"{""ID"": [""2021-12-31"", ""2022-03-15"", ""2022-11-14""], ""SN"": [""2021-12-31"", ""2022-03-15"", ""2023-06-21""], ""VN"": [""2021-12-31"", ""2022-03-15"", ""2022-12-13""], ""ZA"": [""2020-12-31"", ""2021-09-28"", ""2021-11-01""]}"
DE-1-200466359,ZA,IATI activity,sample,ZA|energy|110,65,false,round_robin_strata_then_lexicographic_ID,"{""ID"": [""2021-12-31"", ""2022-03-15"", ""2022-11-14""], ""SN"": [""2021-12-31"", ""2022-03-15"", ""2023-06-21""], ""VN"": [""2021-12-31"", ""2022-03-15"", ""2022-12-13""], ""ZA"": [""2020-12-31"", ""2021-09-28"", ""2021-11-01""]}"
DE-1-201066257,ZA,IATI activity,sample,ZA|energy|421,66,false,round_robin_strata_then_lexicographic_ID,"{""ID"": [""2021-12-31"", ""2022-03-15"", ""2022-11-14""], ""SN"": [""2021-12-31"", ""2022-03-15"", ""2023-06-21""], ""VN"": [""2021-12-31"", ""2022-03-15"", ""2022-12-13""], ""ZA"": [""2020-12-31"", ""2021-09-28"", ""2021-11-01""]}"
DE-1-199870049,ZA,IATI activity,sample,ZA|non-energy|110,67,false,round_robin_strata_then_lexicographic_ID,"{""ID"": [""2021-12-31"", ""2022-03-15"", ""2022-11-14""], ""SN"": [""2021-12-31"", ""2022-03-15"", ""2023-06-21""], ""VN"": [""2021-12-31"", ""2022-03-15"", ""2022-12-13""], ""ZA"": [""2020-12-31"", ""2021-09-28"", ""2021-11-01""]}"
DE-1-201665330,ZA,IATI activity,sample,ZA|non-energy|510,68,false,round_robin_strata_then_lexicographic_ID,"{""ID"": [""2021-12-31"", ""2022-03-15"", ""2022-11-14""], ""SN"": [""2021-12-31"", ""2022-03-15"", ""2023-06-21""], ""VN"": [""2021-12-31"", ""2022-03-15"", ""2022-12-13""], ""ZA"": [""2020-12-31"", ""2021-09-28"", ""2021-11-01""]}"
DE-1-201470095,AL,IATI activity,sample,AL|energy|110,69,false,round_robin_strata_then_lexicographic_ID,"{""ID"": [""2021-12-31"", ""2022-03-15"", ""2022-11-14""], ""SN"": [""2021-12-31"", ""2022-03-15"", ""2023-06-21""], ""VN"": [""2021-12-31"", ""2022-03-15"", ""2022-12-13""], ""ZA"": [""2020-12-31"", ""2021-09-28"", ""2021-11-01""]}"
DE-1-200865188,AL,IATI activity,sample,AL|energy|421,70,false,round_robin_strata_then_lexicographic_ID,"{""ID"": [""2021-12-31"", ""2022-03-15"", ""2022-11-14""], ""SN"": [""2021-12-31"", ""2022-03-15"", ""2023-06-21""], ""VN"": [""2021-12-31"", ""2022-03-15"", ""2022-12-13""], ""ZA"": [""2020-12-31"", ""2021-09-28"", ""2021-11-01""]}"
DE-1-200266676,AL,IATI activity,sample,AL|non-energy|110,71,false,round_robin_strata_then_lexicographic_ID,"{""ID"": [""2021-12-31"", ""2022-03-15"", ""2022-11-14""], ""SN"": [""2021-12-31"", ""2022-03-15"", ""2023-06-21""], ""VN"": [""2021-12-31"", ""2022-03-15"", ""2022-12-13""], ""ZA"": [""2020-12-31"", ""2021-09-28"", ""2021-11-01""]}"
DE-1-200865170,AL,IATI activity,sample,AL|non-energy|421,72,false,round_robin_strata_then_lexicographic_ID,"{""ID"": [""2021-12-31"", ""2022-03-15"", ""2022-11-14""], ""SN"": [""2021-12-31"", ""2022-03-15"", ""2023-06-21""], ""VN"": [""2021-12-31"", ""2022-03-15"", ""2022-12-13""], ""ZA"": [""2020-12-31"", ""2021-09-28"", ""2021-11-01""]}"
DE-1-202268480,ID,IATI activity,sample,ID|energy|110,73,false,round_robin_strata_then_lexicographic_ID,"{""ID"": [""2021-12-31"", ""2022-03-15"", ""2022-11-14""], ""SN"": [""2021-12-31"", ""2022-03-15"", ""2023-06-21""], ""VN"": [""2021-12-31"", ""2022-03-15"", ""2022-12-13""], ""ZA"": [""2020-12-31"", ""2021-09-28"", ""2021-11-01""]}"
DE-1-201567676,ID,IATI activity,sample,ID|energy|421,74,false,round_robin_strata_then_lexicographic_ID,"{""ID"": [""2021-12-31"", ""2022-03-15"", ""2022-11-14""], ""SN"": [""2021-12-31"", ""2022-03-15"", ""2023-06-21""], ""VN"": [""2021-12-31"", ""2022-03-15"", ""2022-12-13""], ""ZA"": [""2020-12-31"", ""2021-09-28"", ""2021-11-01""]}"
DE-1-200766105,ID,IATI activity,sample,ID|non-energy|110,75,false,round_robin_strata_then_lexicographic_ID,"{""ID"": [""2021-12-31"", ""2022-03-15"", ""2022-11-14""], ""SN"": [""2021-12-31"", ""2022-03-15"", ""2023-06-21""], ""VN"": [""2021-12-31"", ""2022-03-15"", ""2022-12-13""], ""ZA"": [""2020-12-31"", ""2021-09-28"", ""2021-11-01""]}"
DE-1-200766071,ID,IATI activity,sample,ID|non-energy|421,76,false,round_robin_strata_then_lexicographic_ID,"{""ID"": [""2021-12-31"", ""2022-03-15"", ""2022-11-14""], ""SN"": [""2021-12-31"", ""2022-03-15"", ""2023-06-21""], ""VN"": [""2021-12-31"", ""2022-03-15"", ""2022-12-13""], ""ZA"": [""2020-12-31"", ""2021-09-28"", ""2021-11-01""]}"
DE-1-200770297,IN,IATI activity,sample,IN|energy|110,77,false,round_robin_strata_then_lexicographic_ID,"{""ID"": [""2021-12-31"", ""2022-03-15"", ""2022-11-14""], ""SN"": [""2021-12-31"", ""2022-03-15"", ""2023-06-21""], ""VN"": [""2021-12-31"", ""2022-03-15"", ""2022-12-13""], ""ZA"": [""2020-12-31"", ""2021-09-28"", ""2021-11-01""]}"
DE-1-200765883,IN,IATI activity,sample,IN|energy|421,78,false,round_robin_strata_then_lexicographic_ID,"{""ID"": [""2021-12-31"", ""2022-03-15"", ""2022-11-14""], ""SN"": [""2021-12-31"", ""2022-03-15"", ""2023-06-21""], ""VN"": [""2021-12-31"", ""2022-03-15"", ""2022-12-13""], ""ZA"": [""2020-12-31"", ""2021-09-28"", ""2021-11-01""]}"
DE-1-200066258,IN,IATI activity,sample,IN|non-energy|110,79,false,round_robin_strata_then_lexicographic_ID,"{""ID"": [""2021-12-31"", ""2022-03-15"", ""2022-11-14""], ""SN"": [""2021-12-31"", ""2022-03-15"", ""2023-06-21""], ""VN"": [""2021-12-31"", ""2022-03-15"", ""2022-12-13""], ""ZA"": [""2020-12-31"", ""2021-09-28"", ""2021-11-01""]}"
DE-1-200566646,IN,IATI activity,sample,IN|non-energy|421,80,false,round_robin_strata_then_lexicographic_ID,"{""ID"": [""2021-12-31"", ""2022-03-15"", ""2022-11-14""], ""SN"": [""2021-12-31"", ""2022-03-15"", ""2023-06-21""], ""VN"": [""2021-12-31"", ""2022-03-15"", ""2022-12-13""], ""ZA"": [""2020-12-31"", ""2021-09-28"", ""2021-11-01""]}"
DE-1-201665264,IN,IATI activity,sample,IN|non-energy|510,81,false,round_robin_strata_then_lexicographic_ID,"{""ID"": [""2021-12-31"", ""2022-03-15"", ""2022-11-14""], ""SN"": [""2021-12-31"", ""2022-03-15"", ""2023-06-21""], ""VN"": [""2021-12-31"", ""2022-03-15"", ""2022-12-13""], ""ZA"": [""2020-12-31"", ""2021-09-28"", ""2021-11-01""]}"
DE-1-202070233,MA,IATI activity,sample,MA|energy|110,82,false,round_robin_strata_then_lexicographic_ID,"{""ID"": [""2021-12-31"", ""2022-03-15"", ""2022-11-14""], ""SN"": [""2021-12-31"", ""2022-03-15"", ""2023-06-21""], ""VN"": [""2021-12-31"", ""2022-03-15"", ""2022-12-13""], ""ZA"": [""2020-12-31"", ""2021-09-28"", ""2021-11-01""]}"
DE-1-200966838,MA,IATI activity,sample,MA|energy|421,83,false,round_robin_strata_then_lexicographic_ID,"{""ID"": [""2021-12-31"", ""2022-03-15"", ""2022-11-14""], ""SN"": [""2021-12-31"", ""2022-03-15"", ""2023-06-21""], ""VN"": [""2021-12-31"", ""2022-03-15"", ""2022-12-13""], ""ZA"": [""2020-12-31"", ""2021-09-28"", ""2021-11-01""]}"
DE-1-202070175,MA,IATI activity,sample,MA|mixed-or-unmapped|110,84,false,round_robin_strata_then_lexicographic_ID,"{""ID"": [""2021-12-31"", ""2022-03-15"", ""2022-11-14""], ""SN"": [""2021-12-31"", ""2022-03-15"", ""2023-06-21""], ""VN"": [""2021-12-31"", ""2022-03-15"", ""2022-12-13""], ""ZA"": [""2020-12-31"", ""2021-09-28"", ""2021-11-01""]}"
DE-1-202368371,MA,IATI activity,sample,MA|mixed-or-unmapped|421,85,false,round_robin_strata_then_lexicographic_ID,"{""ID"": [""2021-12-31"", ""2022-03-15"", ""2022-11-14""], ""SN"": [""2021-12-31"", ""2022-03-15"", ""2023-06-21""], ""VN"": [""2021-12-31"", ""2022-03-15"", ""2022-12-13""], ""ZA"": [""2020-12-31"", ""2021-09-28"", ""2021-11-01""]}"
DE-1-199765751,MA,IATI activity,sample,MA|non-energy|110,86,false,round_robin_strata_then_lexicographic_ID,"{""ID"": [""2021-12-31"", ""2022-03-15"", ""2022-11-14""], ""SN"": [""2021-12-31"", ""2022-03-15"", ""2023-06-21""], ""VN"": [""2021-12-31"", ""2022-03-15"", ""2022-12-13""], ""ZA"": [""2020-12-31"", ""2021-09-28"", ""2021-11-01""]}"
DE-1-199865940,MA,IATI activity,sample,MA|non-energy|421,87,false,round_robin_strata_then_lexicographic_ID,"{""ID"": [""2021-12-31"", ""2022-03-15"", ""2022-11-14""], ""SN"": [""2021-12-31"", ""2022-03-15"", ""2023-06-21""], ""VN"": [""2021-12-31"", ""2022-03-15"", ""2022-12-13""], ""ZA"": [""2020-12-31"", ""2021-09-28"", ""2021-11-01""]}"
DE-1-201567858,SN,IATI activity,sample,SN|energy|110,88,false,round_robin_strata_then_lexicographic_ID,"{""ID"": [""2021-12-31"", ""2022-03-15"", ""2022-11-14""], ""SN"": [""2021-12-31"", ""2022-03-15"", ""2023-06-21""], ""VN"": [""2021-12-31"", ""2022-03-15"", ""2022-12-13""], ""ZA"": [""2020-12-31"", ""2021-09-28"", ""2021-11-01""]}"
DE-1-200265033,SN,IATI activity,sample,SN|non-energy|110,89,false,round_robin_strata_then_lexicographic_ID,"{""ID"": [""2021-12-31"", ""2022-03-15"", ""2022-11-14""], ""SN"": [""2021-12-31"", ""2022-03-15"", ""2023-06-21""], ""VN"": [""2021-12-31"", ""2022-03-15"", ""2022-12-13""], ""ZA"": [""2020-12-31"", ""2021-09-28"", ""2021-11-01""]}"
DE-1-202065118,SN,IATI activity,sample,SN|non-energy|510,90,false,round_robin_strata_then_lexicographic_ID,"{""ID"": [""2021-12-31"", ""2022-03-15"", ""2022-11-14""], ""SN"": [""2021-12-31"", ""2022-03-15"", ""2023-06-21""], ""VN"": [""2021-12-31"", ""2022-03-15"", ""2022-12-13""], ""ZA"": [""2020-12-31"", ""2021-09-28"", ""2021-11-01""]}"
DE-1-201166511,VN,IATI activity,sample,VN|energy|421,91,false,round_robin_strata_then_lexicographic_ID,"{""ID"": [""2021-12-31"", ""2022-03-15"", ""2022-11-14""], ""SN"": [""2021-12-31"", ""2022-03-15"", ""2023-06-21""], ""VN"": [""2021-12-31"", ""2022-03-15"", ""2022-12-13""], ""ZA"": [""2020-12-31"", ""2021-09-28"", ""2021-11-01""]}"
DE-1-199870254,VN,IATI activity,sample,VN|non-energy|110,92,false,round_robin_strata_then_lexicographic_ID,"{""ID"": [""2021-12-31"", ""2022-03-15"", ""2022-11-14""], ""SN"": [""2021-12-31"", ""2022-03-15"", ""2023-06-21""], ""VN"": [""2021-12-31"", ""2022-03-15"", ""2022-12-13""], ""ZA"": [""2020-12-31"", ""2021-09-28"", ""2021-11-01""]}"
DE-1-200266577,VN,IATI activity,sample,VN|non-energy|421,93,false,round_robin_strata_then_lexicographic_ID,"{""ID"": [""2021-12-31"", ""2022-03-15"", ""2022-11-14""], ""SN"": [""2021-12-31"", ""2022-03-15"", ""2023-06-21""], ""VN"": [""2021-12-31"", ""2022-03-15"", ""2022-12-13""], ""ZA"": [""2020-12-31"", ""2021-09-28"", ""2021-11-01""]}"
DE-1-201066620,ZA,IATI activity,sample,ZA|energy|110,94,false,round_robin_strata_then_lexicographic_ID,"{""ID"": [""2021-12-31"", ""2022-03-15"", ""2022-11-14""], ""SN"": [""2021-12-31"", ""2022-03-15"", ""2023-06-21""], ""VN"": [""2021-12-31"", ""2022-03-15"", ""2022-12-13""], ""ZA"": [""2020-12-31"", ""2021-09-28"", ""2021-11-01""]}"
DE-1-201066760,ZA,IATI activity,sample,ZA|energy|421,95,false,round_robin_strata_then_lexicographic_ID,"{""ID"": [""2021-12-31"", ""2022-03-15"", ""2022-11-14""], ""SN"": [""2021-12-31"", ""2022-03-15"", ""2023-06-21""], ""VN"": [""2021-12-31"", ""2022-03-15"", ""2022-12-13""], ""ZA"": [""2020-12-31"", ""2021-09-28"", ""2021-11-01""]}"
DE-1-199970088,ZA,IATI activity,sample,ZA|non-energy|110,96,false,round_robin_strata_then_lexicographic_ID,"{""ID"": [""2021-12-31"", ""2022-03-15"", ""2022-11-14""], ""SN"": [""2021-12-31"", ""2022-03-15"", ""2023-06-21""], ""VN"": [""2021-12-31"", ""2022-03-15"", ""2022-12-13""], ""ZA"": [""2020-12-31"", ""2021-09-28"", ""2021-11-01""]}"
DE-1-201568179,AL,IATI activity,sample,AL|energy|110,97,false,round_robin_strata_then_lexicographic_ID,"{""ID"": [""2021-12-31"", ""2022-03-15"", ""2022-11-14""], ""SN"": [""2021-12-31"", ""2022-03-15"", ""2023-06-21""], ""VN"": [""2021-12-31"", ""2022-03-15"", ""2022-12-13""], ""ZA"": [""2020-12-31"", ""2021-09-28"", ""2021-11-01""]}"
DE-1-200865196,AL,IATI activity,sample,AL|energy|421,98,false,round_robin_strata_then_lexicographic_ID,"{""ID"": [""2021-12-31"", ""2022-03-15"", ""2022-11-14""], ""SN"": [""2021-12-31"", ""2022-03-15"", ""2023-06-21""], ""VN"": [""2021-12-31"", ""2022-03-15"", ""2022-12-13""], ""ZA"": [""2020-12-31"", ""2021-09-28"", ""2021-11-01""]}"
DE-1-200366609,AL,IATI activity,sample,AL|non-energy|110,99,false,round_robin_strata_then_lexicographic_ID,"{""ID"": [""2021-12-31"", ""2022-03-15"", ""2022-11-14""], ""SN"": [""2021-12-31"", ""2022-03-15"", ""2023-06-21""], ""VN"": [""2021-12-31"", ""2022-03-15"", ""2022-12-13""], ""ZA"": [""2020-12-31"", ""2021-09-28"", ""2021-11-01""]}"
DE-1-200865204,AL,IATI activity,sample,AL|non-energy|421,100,false,round_robin_strata_then_lexicographic_ID,"{""ID"": [""2021-12-31"", ""2022-03-15"", ""2022-11-14""], ""SN"": [""2021-12-31"", ""2022-03-15"", ""2023-06-21""], ""VN"": [""2021-12-31"", ""2022-03-15"", ""2022-12-13""], ""ZA"": [""2020-12-31"", ""2021-09-28"", ""2021-11-01""]}"
DE-1-202268530,ID,IATI activity,sample,ID|energy|110,101,false,round_robin_strata_then_lexicographic_ID,"{""ID"": [""2021-12-31"", ""2022-03-15"", ""2022-11-14""], ""SN"": [""2021-12-31"", ""2022-03-15"", ""2023-06-21""], ""VN"": [""2021-12-31"", ""2022-03-15"", ""2022-12-13""], ""ZA"": [""2020-12-31"", ""2021-09-28"", ""2021-11-01""]}"
DE-1-201568252,ID,IATI activity,sample,ID|energy|421,102,false,round_robin_strata_then_lexicographic_ID,"{""ID"": [""2021-12-31"", ""2022-03-15"", ""2022-11-14""], ""SN"": [""2021-12-31"", ""2022-03-15"", ""2023-06-21""], ""VN"": [""2021-12-31"", ""2022-03-15"", ""2022-12-13""], ""ZA"": [""2020-12-31"", ""2021-09-28"", ""2021-11-01""]}"
DE-1-200970442,ID,IATI activity,sample,ID|non-energy|110,103,false,round_robin_strata_then_lexicographic_ID,"{""ID"": [""2021-12-31"", ""2022-03-15"", ""2022-11-14""], ""SN"": [""2021-12-31"", ""2022-03-15"", ""2023-06-21""], ""VN"": [""2021-12-31"", ""2022-03-15"", ""2022-12-13""], ""ZA"": [""2020-12-31"", ""2021-09-28"", ""2021-11-01""]}"
DE-1-201066471,ID,IATI activity,sample,ID|non-energy|421,104,false,round_robin_strata_then_lexicographic_ID,"{""ID"": [""2021-12-31"", ""2022-03-15"", ""2022-11-14""], ""SN"": [""2021-12-31"", ""2022-03-15"", ""2023-06-21""], ""VN"": [""2021-12-31"", ""2022-03-15"", ""2022-12-13""], ""ZA"": [""2020-12-31"", ""2021-09-28"", ""2021-11-01""]}"
DE-1-200770313,IN,IATI activity,sample,IN|energy|110,105,false,round_robin_strata_then_lexicographic_ID,"{""ID"": [""2021-12-31"", ""2022-03-15"", ""2022-11-14""], ""SN"": [""2021-12-31"", ""2022-03-15"", ""2023-06-21""], ""VN"": [""2021-12-31"", ""2022-03-15"", ""2022-12-13""], ""ZA"": [""2020-12-31"", ""2021-09-28"", ""2021-11-01""]}"
DE-1-200866111,IN,IATI activity,sample,IN|energy|421,106,false,round_robin_strata_then_lexicographic_ID,"{""ID"": [""2021-12-31"", ""2022-03-15"", ""2022-11-14""], ""SN"": [""2021-12-31"", ""2022-03-15"", ""2023-06-21""], ""VN"": [""2021-12-31"", ""2022-03-15"", ""2022-12-13""], ""ZA"": [""2020-12-31"", ""2021-09-28"", ""2021-11-01""]}"
DE-1-200066506,IN,IATI activity,sample,IN|non-energy|110,107,false,round_robin_strata_then_lexicographic_ID,"{""ID"": [""2021-12-31"", ""2022-03-15"", ""2022-11-14""], ""SN"": [""2021-12-31"", ""2022-03-15"", ""2023-06-21""], ""VN"": [""2021-12-31"", ""2022-03-15"", ""2022-12-13""], ""ZA"": [""2020-12-31"", ""2021-09-28"", ""2021-11-01""]}"
DE-1-200666081,IN,IATI activity,sample,IN|non-energy|421,108,false,round_robin_strata_then_lexicographic_ID,"{""ID"": [""2021-12-31"", ""2022-03-15"", ""2022-11-14""], ""SN"": [""2021-12-31"", ""2022-03-15"", ""2023-06-21""], ""VN"": [""2021-12-31"", ""2022-03-15"", ""2022-12-13""], ""ZA"": [""2020-12-31"", ""2021-09-28"", ""2021-11-01""]}"
DE-1-202265155,IN,IATI activity,sample,IN|non-energy|510,109,false,round_robin_strata_then_lexicographic_ID,"{""ID"": [""2021-12-31"", ""2022-03-15"", ""2022-11-14""], ""SN"": [""2021-12-31"", ""2022-03-15"", ""2023-06-21""], ""VN"": [""2021-12-31"", ""2022-03-15"", ""2022-12-13""], ""ZA"": [""2020-12-31"", ""2021-09-28"", ""2021-11-01""]}"
DE-1-201066414,MA,IATI activity,sample,MA|energy|421,110,false,round_robin_strata_then_lexicographic_ID,"{""ID"": [""2021-12-31"", ""2022-03-15"", ""2022-11-14""], ""SN"": [""2021-12-31"", ""2022-03-15"", ""2023-06-21""], ""VN"": [""2021-12-31"", ""2022-03-15"", ""2022-12-13""], ""ZA"": [""2020-12-31"", ""2021-09-28"", ""2021-11-01""]}"
DE-1-202370252,MA,IATI activity,sample,MA|mixed-or-unmapped|110,111,false,round_robin_strata_then_lexicographic_ID,"{""ID"": [""2021-12-31"", ""2022-03-15"", ""2022-11-14""], ""SN"": [""2021-12-31"", ""2022-03-15"", ""2023-06-21""], ""VN"": [""2021-12-31"", ""2022-03-15"", ""2022-12-13""], ""ZA"": [""2020-12-31"", ""2021-09-28"", ""2021-11-01""]}"
DE-1-202467181,MA,IATI activity,sample,MA|mixed-or-unmapped|421,112,false,round_robin_strata_then_lexicographic_ID,"{""ID"": [""2021-12-31"", ""2022-03-15"", ""2022-11-14""], ""SN"": [""2021-12-31"", ""2022-03-15"", ""2023-06-21""], ""VN"": [""2021-12-31"", ""2022-03-15"", ""2022-12-13""], ""ZA"": [""2020-12-31"", ""2021-09-28"", ""2021-11-01""]}"
DE-1-199966722,MA,IATI activity,sample,MA|non-energy|110,113,false,round_robin_strata_then_lexicographic_ID,"{""ID"": [""2021-12-31"", ""2022-03-15"", ""2022-11-14""], ""SN"": [""2021-12-31"", ""2022-03-15"", ""2023-06-21""], ""VN"": [""2021-12-31"", ""2022-03-15"", ""2022-12-13""], ""ZA"": [""2020-12-31"", ""2021-09-28"", ""2021-11-01""]}"
DE-1-200065524,MA,IATI activity,sample,MA|non-energy|421,114,false,round_robin_strata_then_lexicographic_ID,"{""ID"": [""2021-12-31"", ""2022-03-15"", ""2022-11-14""], ""SN"": [""2021-12-31"", ""2022-03-15"", ""2023-06-21""], ""VN"": [""2021-12-31"", ""2022-03-15"", ""2022-12-13""], ""ZA"": [""2020-12-31"", ""2021-09-28"", ""2021-11-01""]}"
DE-1-201568997,SN,IATI activity,sample,SN|energy|110,115,false,round_robin_strata_then_lexicographic_ID,"{""ID"": [""2021-12-31"", ""2022-03-15"", ""2022-11-14""], ""SN"": [""2021-12-31"", ""2022-03-15"", ""2023-06-21""], ""VN"": [""2021-12-31"", ""2022-03-15"", ""2022-12-13""], ""ZA"": [""2020-12-31"", ""2021-09-28"", ""2021-11-01""]}"
DE-1-200266379,SN,IATI activity,sample,SN|non-energy|110,116,false,round_robin_strata_then_lexicographic_ID,"{""ID"": [""2021-12-31"", ""2022-03-15"", ""2022-11-14""], ""SN"": [""2021-12-31"", ""2022-03-15"", ""2023-06-21""], ""VN"": [""2021-12-31"", ""2022-03-15"", ""2022-12-13""], ""ZA"": [""2020-12-31"", ""2021-09-28"", ""2021-11-01""]}"
DE-1-201266659,VN,IATI activity,sample,VN|energy|421,117,false,round_robin_strata_then_lexicographic_ID,"{""ID"": [""2021-12-31"", ""2022-03-15"", ""2022-11-14""], ""SN"": [""2021-12-31"", ""2022-03-15"", ""2023-06-21""], ""VN"": [""2021-12-31"", ""2022-03-15"", ""2022-12-13""], ""ZA"": [""2020-12-31"", ""2021-09-28"", ""2021-11-01""]}"
DE-1-200065912,VN,IATI activity,sample,VN|non-energy|110,118,false,round_robin_strata_then_lexicographic_ID,"{""ID"": [""2021-12-31"", ""2022-03-15"", ""2022-11-14""], ""SN"": [""2021-12-31"", ""2022-03-15"", ""2023-06-21""], ""VN"": [""2021-12-31"", ""2022-03-15"", ""2022-12-13""], ""ZA"": [""2020-12-31"", ""2021-09-28"", ""2021-11-01""]}"
DE-1-200266585,VN,IATI activity,sample,VN|non-energy|421,119,false,round_robin_strata_then_lexicographic_ID,"{""ID"": [""2021-12-31"", ""2022-03-15"", ""2022-11-14""], ""SN"": [""2021-12-31"", ""2022-03-15"", ""2023-06-21""], ""VN"": [""2021-12-31"", ""2022-03-15"", ""2022-12-13""], ""ZA"": [""2020-12-31"", ""2021-09-28"", ""2021-11-01""]}"
DE-1-201070234,ZA,IATI activity,sample,ZA|energy|110,120,false,round_robin_strata_then_lexicographic_ID,"{""ID"": [""2021-12-31"", ""2022-03-15"", ""2022-11-14""], ""SN"": [""2021-12-31"", ""2022-03-15"", ""2023-06-21""], ""VN"": [""2021-12-31"", ""2022-03-15"", ""2022-12-13""], ""ZA"": [""2020-12-31"", ""2021-09-28"", ""2021-11-01""]}"
DE-1-201668284,ZA,IATI activity,sample,ZA|energy|421,121,false,round_robin_strata_then_lexicographic_ID,"{""ID"": [""2021-12-31"", ""2022-03-15"", ""2022-11-14""], ""SN"": [""2021-12-31"", ""2022-03-15"", ""2023-06-21""], ""VN"": [""2021-12-31"", ""2022-03-15"", ""2022-12-13""], ""ZA"": [""2020-12-31"", ""2021-09-28"", ""2021-11-01""]}"
DE-1-200266056,ZA,IATI activity,sample,ZA|non-energy|110,122,false,round_robin_strata_then_lexicographic_ID,"{""ID"": [""2021-12-31"", ""2022-03-15"", ""2022-11-14""], ""SN"": [""2021-12-31"", ""2022-03-15"", ""2023-06-21""], ""VN"": [""2021-12-31"", ""2022-03-15"", ""2022-12-13""], ""ZA"": [""2020-12-31"", ""2021-09-28"", ""2021-11-01""]}"
DE-1-201667526,AL,IATI activity,sample,AL|energy|110,123,false,round_robin_strata_then_lexicographic_ID,"{""ID"": [""2021-12-31"", ""2022-03-15"", ""2022-11-14""], ""SN"": [""2021-12-31"", ""2022-03-15"", ""2023-06-21""], ""VN"": [""2021-12-31"", ""2022-03-15"", ""2022-12-13""], ""ZA"": [""2020-12-31"", ""2021-09-28"", ""2021-11-01""]}"
DE-1-200966531,AL,IATI activity,sample,AL|energy|421,124,false,round_robin_strata_then_lexicographic_ID,"{""ID"": [""2021-12-31"", ""2022-03-15"", ""2022-11-14""], ""SN"": [""2021-12-31"", ""2022-03-15"", ""2023-06-21""], ""VN"": [""2021-12-31"", ""2022-03-15"", ""2022-12-13""], ""ZA"": [""2020-12-31"", ""2021-09-28"", ""2021-11-01""]}"
DE-1-200470559,AL,IATI activity,sample,AL|non-energy|110,125,false,round_robin_strata_then_lexicographic_ID,"{""ID"": [""2021-12-31"", ""2022-03-15"", ""2022-11-14""], ""SN"": [""2021-12-31"", ""2022-03-15"", ""2023-06-21""], ""VN"": [""2021-12-31"", ""2022-03-15"", ""2022-12-13""], ""ZA"": [""2020-12-31"", ""2021-09-28"", ""2021-11-01""]}"
DE-1-200865998,AL,IATI activity,sample,AL|non-energy|421,126,false,round_robin_strata_then_lexicographic_ID,"{""ID"": [""2021-12-31"", ""2022-03-15"", ""2022-11-14""], ""SN"": [""2021-12-31"", ""2022-03-15"", ""2023-06-21""], ""VN"": [""2021-12-31"", ""2022-03-15"", ""2022-12-13""], ""ZA"": [""2020-12-31"", ""2021-09-28"", ""2021-11-01""]}"
DE-1-202368660,ID,IATI activity,sample,ID|energy|110,127,false,round_robin_strata_then_lexicographic_ID,"{""ID"": [""2021-12-31"", ""2022-03-15"", ""2022-11-14""], ""SN"": [""2021-12-31"", ""2022-03-15"", ""2023-06-21""], ""VN"": [""2021-12-31"", ""2022-03-15"", ""2022-12-13""], ""ZA"": [""2020-12-31"", ""2021-09-28"", ""2021-11-01""]}"
DE-1-202268464,ID,IATI activity,sample,ID|energy|421,128,false,round_robin_strata_then_lexicographic_ID,"{""ID"": [""2021-12-31"", ""2022-03-15"", ""2022-11-14""], ""SN"": [""2021-12-31"", ""2022-03-15"", ""2023-06-21""], ""VN"": [""2021-12-31"", ""2022-03-15"", ""2022-12-13""], ""ZA"": [""2020-12-31"", ""2021-09-28"", ""2021-11-01""]}"
DE-1-201166255,ID,IATI activity,sample,ID|non-energy|110,129,false,round_robin_strata_then_lexicographic_ID,"{""ID"": [""2021-12-31"", ""2022-03-15"", ""2022-11-14""], ""SN"": [""2021-12-31"", ""2022-03-15"", ""2023-06-21""], ""VN"": [""2021-12-31"", ""2022-03-15"", ""2022-12-13""], ""ZA"": [""2020-12-31"", ""2021-09-28"", ""2021-11-01""]}"
DE-1-202069045,ID,IATI activity,sample,ID|non-energy|421,130,false,round_robin_strata_then_lexicographic_ID,"{""ID"": [""2021-12-31"", ""2022-03-15"", ""2022-11-14""], ""SN"": [""2021-12-31"", ""2022-03-15"", ""2023-06-21""], ""VN"": [""2021-12-31"", ""2022-03-15"", ""2022-12-13""], ""ZA"": [""2020-12-31"", ""2021-09-28"", ""2021-11-01""]}"
DE-1-200870154,IN,IATI activity,sample,IN|energy|110,131,false,round_robin_strata_then_lexicographic_ID,"{""ID"": [""2021-12-31"", ""2022-03-15"", ""2022-11-14""], ""SN"": [""2021-12-31"", ""2022-03-15"", ""2023-06-21""], ""VN"": [""2021-12-31"", ""2022-03-15"", ""2022-12-13""], ""ZA"": [""2020-12-31"", ""2021-09-28"", ""2021-11-01""]}"
DE-1-200866129,IN,IATI activity,sample,IN|energy|421,132,false,round_robin_strata_then_lexicographic_ID,"{""ID"": [""2021-12-31"", ""2022-03-15"", ""2022-11-14""], ""SN"": [""2021-12-31"", ""2022-03-15"", ""2023-06-21""], ""VN"": [""2021-12-31"", ""2022-03-15"", ""2022-12-13""], ""ZA"": [""2020-12-31"", ""2021-09-28"", ""2021-11-01""]}"
DE-1-200170019,IN,IATI activity,sample,IN|non-energy|110,133,false,round_robin_strata_then_lexicographic_ID,"{""ID"": [""2021-12-31"", ""2022-03-15"", ""2022-11-14""], ""SN"": [""2021-12-31"", ""2022-03-15"", ""2023-06-21""], ""VN"": [""2021-12-31"", ""2022-03-15"", ""2022-12-13""], ""ZA"": [""2020-12-31"", ""2021-09-28"", ""2021-11-01""]}"
DE-1-200666099,IN,IATI activity,sample,IN|non-energy|421,134,false,round_robin_strata_then_lexicographic_ID,"{""ID"": [""2021-12-31"", ""2022-03-15"", ""2022-11-14""], ""SN"": [""2021-12-31"", ""2022-03-15"", ""2023-06-21""], ""VN"": [""2021-12-31"", ""2022-03-15"", ""2022-12-13""], ""ZA"": [""2020-12-31"", ""2021-09-28"", ""2021-11-01""]}"
DE-1-201166826,MA,IATI activity,sample,MA|energy|421,135,false,round_robin_strata_then_lexicographic_ID,"{""ID"": [""2021-12-31"", ""2022-03-15"", ""2022-11-14""], ""SN"": [""2021-12-31"", ""2022-03-15"", ""2023-06-21""], ""VN"": [""2021-12-31"", ""2022-03-15"", ""2022-12-13""], ""ZA"": [""2020-12-31"", ""2021-09-28"", ""2021-11-01""]}"
DE-1-202468189,MA,IATI activity,sample,MA|mixed-or-unmapped|421,136,false,round_robin_strata_then_lexicographic_ID,"{""ID"": [""2021-12-31"", ""2022-03-15"", ""2022-11-14""], ""SN"": [""2021-12-31"", ""2022-03-15"", ""2023-06-21""], ""VN"": [""2021-12-31"", ""2022-03-15"", ""2022-12-13""], ""ZA"": [""2020-12-31"", ""2021-09-28"", ""2021-11-01""]}"
DE-1-200065516,MA,IATI activity,sample,MA|non-energy|110,137,false,round_robin_strata_then_lexicographic_ID,"{""ID"": [""2021-12-31"", ""2022-03-15"", ""2022-11-14""], ""SN"": [""2021-12-31"", ""2022-03-15"", ""2023-06-21""], ""VN"": [""2021-12-31"", ""2022-03-15"", ""2022-12-13""], ""ZA"": [""2020-12-31"", ""2021-09-28"", ""2021-11-01""]}"
DE-1-200065532,MA,IATI activity,sample,MA|non-energy|421,138,false,round_robin_strata_then_lexicographic_ID,"{""ID"": [""2021-12-31"", ""2022-03-15"", ""2022-11-14""], ""SN"": [""2021-12-31"", ""2022-03-15"", ""2023-06-21""], ""VN"": [""2021-12-31"", ""2022-03-15"", ""2022-12-13""], ""ZA"": [""2020-12-31"", ""2021-09-28"", ""2021-11-01""]}"
DE-1-201668862,SN,IATI activity,sample,SN|energy|110,139,false,round_robin_strata_then_lexicographic_ID,"{""ID"": [""2021-12-31"", ""2022-03-15"", ""2022-11-14""], ""SN"": [""2021-12-31"", ""2022-03-15"", ""2023-06-21""], ""VN"": [""2021-12-31"", ""2022-03-15"", ""2022-12-13""], ""ZA"": [""2020-12-31"", ""2021-09-28"", ""2021-11-01""]}"
DE-1-200365445,SN,IATI activity,sample,SN|non-energy|110,140,false,round_robin_strata_then_lexicographic_ID,"{""ID"": [""2021-12-31"", ""2022-03-15"", ""2022-11-14""], ""SN"": [""2021-12-31"", ""2022-03-15"", ""2023-06-21""], ""VN"": [""2021-12-31"", ""2022-03-15"", ""2022-12-13""], ""ZA"": [""2020-12-31"", ""2021-09-28"", ""2021-11-01""]}"
DE-1-201266667,VN,IATI activity,sample,VN|energy|421,141,false,round_robin_strata_then_lexicographic_ID,"{""ID"": [""2021-12-31"", ""2022-03-15"", ""2022-11-14""], ""SN"": [""2021-12-31"", ""2022-03-15"", ""2023-06-21""], ""VN"": [""2021-12-31"", ""2022-03-15"", ""2022-12-13""], ""ZA"": [""2020-12-31"", ""2021-09-28"", ""2021-11-01""]}"
DE-1-200165852,VN,IATI activity,sample,VN|non-energy|110,142,false,round_robin_strata_then_lexicographic_ID,"{""ID"": [""2021-12-31"", ""2022-03-15"", ""2022-11-14""], ""SN"": [""2021-12-31"", ""2022-03-15"", ""2023-06-21""], ""VN"": [""2021-12-31"", ""2022-03-15"", ""2022-12-13""], ""ZA"": [""2020-12-31"", ""2021-09-28"", ""2021-11-01""]}"
DE-1-200366476,VN,IATI activity,sample,VN|non-energy|421,143,false,round_robin_strata_then_lexicographic_ID,"{""ID"": [""2021-12-31"", ""2022-03-15"", ""2022-11-14""], ""SN"": [""2021-12-31"", ""2022-03-15"", ""2023-06-21""], ""VN"": [""2021-12-31"", ""2022-03-15"", ""2022-12-13""], ""ZA"": [""2020-12-31"", ""2021-09-28"", ""2021-11-01""]}"
DE-1-201470459,ZA,IATI activity,sample,ZA|energy|110,144,false,round_robin_strata_then_lexicographic_ID,"{""ID"": [""2021-12-31"", ""2022-03-15"", ""2022-11-14""], ""SN"": [""2021-12-31"", ""2022-03-15"", ""2023-06-21""], ""VN"": [""2021-12-31"", ""2022-03-15"", ""2022-12-13""], ""ZA"": [""2020-12-31"", ""2021-09-28"", ""2021-11-01""]}"
DE-1-201668540,ZA,IATI activity,sample,ZA|energy|421,145,false,round_robin_strata_then_lexicographic_ID,"{""ID"": [""2021-12-31"", ""2022-03-15"", ""2022-11-14""], ""SN"": [""2021-12-31"", ""2022-03-15"", ""2023-06-21""], ""VN"": [""2021-12-31"", ""2022-03-15"", ""2022-12-13""], ""ZA"": [""2020-12-31"", ""2021-09-28"", ""2021-11-01""]}"
DE-1-200266064,ZA,IATI activity,sample,ZA|non-energy|110,146,false,round_robin_strata_then_lexicographic_ID,"{""ID"": [""2021-12-31"", ""2022-03-15"", ""2022-11-14""], ""SN"": [""2021-12-31"", ""2022-03-15"", ""2023-06-21""], ""VN"": [""2021-12-31"", ""2022-03-15"", ""2022-12-13""], ""ZA"": [""2020-12-31"", ""2021-09-28"", ""2021-11-01""]}"
DE-1-201670132,AL,IATI activity,sample,AL|energy|110,147,false,round_robin_strata_then_lexicographic_ID,"{""ID"": [""2021-12-31"", ""2022-03-15"", ""2022-11-14""], ""SN"": [""2021-12-31"", ""2022-03-15"", ""2023-06-21""], ""VN"": [""2021-12-31"", ""2022-03-15"", ""2022-12-13""], ""ZA"": [""2020-12-31"", ""2021-09-28"", ""2021-11-01""]}"
DE-1-201066992,AL,IATI activity,sample,AL|energy|421,148,false,round_robin_strata_then_lexicographic_ID,"{""ID"": [""2021-12-31"", ""2022-03-15"", ""2022-11-14""], ""SN"": [""2021-12-31"", ""2022-03-15"", ""2023-06-21""], ""VN"": [""2021-12-31"", ""2022-03-15"", ""2022-12-13""], ""ZA"": [""2020-12-31"", ""2021-09-28"", ""2021-11-01""]}"
DE-1-200470682,AL,IATI activity,sample,AL|non-energy|110,149,false,round_robin_strata_then_lexicographic_ID,"{""ID"": [""2021-12-31"", ""2022-03-15"", ""2022-11-14""], ""SN"": [""2021-12-31"", ""2022-03-15"", ""2023-06-21""], ""VN"": [""2021-12-31"", ""2022-03-15"", ""2022-12-13""], ""ZA"": [""2020-12-31"", ""2021-09-28"", ""2021-11-01""]}"
DE-1-200966523,AL,IATI activity,sample,AL|non-energy|421,150,false,round_robin_strata_then_lexicographic_ID,"{""ID"": [""2021-12-31"", ""2022-03-15"", ""2022-11-14""], ""SN"": [""2021-12-31"", ""2022-03-15"", ""2023-06-21""], ""VN"": [""2021-12-31"", ""2022-03-15"", ""2022-12-13""], ""ZA"": [""2020-12-31"", ""2021-09-28"", ""2021-11-01""]}"
DE-1-202370310,ID,IATI activity,sample,ID|energy|110,151,false,round_robin_strata_then_lexicographic_ID,"{""ID"": [""2021-12-31"", ""2022-03-15"", ""2022-11-14""], ""SN"": [""2021-12-31"", ""2022-03-15"", ""2023-06-21""], ""VN"": [""2021-12-31"", ""2022-03-15"", ""2022-12-13""], ""ZA"": [""2020-12-31"", ""2021-09-28"", ""2021-11-01""]}"
DE-1-202467991,ID,IATI activity,sample,ID|energy|421,152,false,round_robin_strata_then_lexicographic_ID,"{""ID"": [""2021-12-31"", ""2022-03-15"", ""2022-11-14""], ""SN"": [""2021-12-31"", ""2022-03-15"", ""2023-06-21""], ""VN"": [""2021-12-31"", ""2022-03-15"", ""2022-12-13""], ""ZA"": [""2020-12-31"", ""2021-09-28"", ""2021-11-01""]}"
DE-1-201267004,ID,IATI activity,sample,ID|non-energy|110,153,false,round_robin_strata_then_lexicographic_ID,"{""ID"": [""2021-12-31"", ""2022-03-15"", ""2022-11-14""], ""SN"": [""2021-12-31"", ""2022-03-15"", ""2023-06-21""], ""VN"": [""2021-12-31"", ""2022-03-15"", ""2022-12-13""], ""ZA"": [""2020-12-31"", ""2021-09-28"", ""2021-11-01""]}"
DE-1-200870162,IN,IATI activity,sample,IN|energy|110,154,false,round_robin_strata_then_lexicographic_ID,"{""ID"": [""2021-12-31"", ""2022-03-15"", ""2022-11-14""], ""SN"": [""2021-12-31"", ""2022-03-15"", ""2023-06-21""], ""VN"": [""2021-12-31"", ""2022-03-15"", ""2022-12-13""], ""ZA"": [""2020-12-31"", ""2021-09-28"", ""2021-11-01""]}"
DE-1-200966655,IN,IATI activity,sample,IN|energy|421,155,false,round_robin_strata_then_lexicographic_ID,"{""ID"": [""2021-12-31"", ""2022-03-15"", ""2022-11-14""], ""SN"": [""2021-12-31"", ""2022-03-15"", ""2023-06-21""], ""VN"": [""2021-12-31"", ""2022-03-15"", ""2022-12-13""], ""ZA"": [""2020-12-31"", ""2021-09-28"", ""2021-11-01""]}"
DE-1-200265629,IN,IATI activity,sample,IN|non-energy|110,156,false,round_robin_strata_then_lexicographic_ID,"{""ID"": [""2021-12-31"", ""2022-03-15"", ""2022-11-14""], ""SN"": [""2021-12-31"", ""2022-03-15"", ""2023-06-21""], ""VN"": [""2021-12-31"", ""2022-03-15"", ""2022-12-13""], ""ZA"": [""2020-12-31"", ""2021-09-28"", ""2021-11-01""]}"
DE-1-200666107,IN,IATI activity,sample,IN|non-energy|421,157,false,round_robin_strata_then_lexicographic_ID,"{""ID"": [""2021-12-31"", ""2022-03-15"", ""2022-11-14""], ""SN"": [""2021-12-31"", ""2022-03-15"", ""2023-06-21""], ""VN"": [""2021-12-31"", ""2022-03-15"", ""2022-12-13""], ""ZA"": [""2020-12-31"", ""2021-09-28"", ""2021-11-01""]}"
DE-1-201265313,MA,IATI activity,sample,MA|energy|421,158,false,round_robin_strata_then_lexicographic_ID,"{""ID"": [""2021-12-31"", ""2022-03-15"", ""2022-11-14""], ""SN"": [""2021-12-31"", ""2022-03-15"", ""2023-06-21""], ""VN"": [""2021-12-31"", ""2022-03-15"", ""2022-12-13""], ""ZA"": [""2020-12-31"", ""2021-09-28"", ""2021-11-01""]}"
DE-1-200370197,MA,IATI activity,sample,MA|non-energy|110,159,false,round_robin_strata_then_lexicographic_ID,"{""ID"": [""2021-12-31"", ""2022-03-15"", ""2022-11-14""], ""SN"": [""2021-12-31"", ""2022-03-15"", ""2023-06-21""], ""VN"": [""2021-12-31"", ""2022-03-15"", ""2022-12-13""], ""ZA"": [""2020-12-31"", ""2021-09-28"", ""2021-11-01""]}"
DE-1-200266171,MA,IATI activity,sample,MA|non-energy|421,160,false,round_robin_strata_then_lexicographic_ID,"{""ID"": [""2021-12-31"", ""2022-03-15"", ""2022-11-14""], ""SN"": [""2021-12-31"", ""2022-03-15"", ""2023-06-21""], ""VN"": [""2021-12-31"", ""2022-03-15"", ""2022-12-13""], ""ZA"": [""2020-12-31"", ""2021-09-28"", ""2021-11-01""]}"
DE-1-201967504,SN,IATI activity,sample,SN|energy|110,161,false,round_robin_strata_then_lexicographic_ID,"{""ID"": [""2021-12-31"", ""2022-03-15"", ""2022-11-14""], ""SN"": [""2021-12-31"", ""2022-03-15"", ""2023-06-21""], ""VN"": [""2021-12-31"", ""2022-03-15"", ""2022-12-13""], ""ZA"": [""2020-12-31"", ""2021-09-28"", ""2021-11-01""]}"
DE-1-200465492,SN,IATI activity,sample,SN|non-energy|110,162,false,round_robin_strata_then_lexicographic_ID,"{""ID"": [""2021-12-31"", ""2022-03-15"", ""2022-11-14""], ""SN"": [""2021-12-31"", ""2022-03-15"", ""2023-06-21""], ""VN"": [""2021-12-31"", ""2022-03-15"", ""2022-12-13""], ""ZA"": [""2020-12-31"", ""2021-09-28"", ""2021-11-01""]}"
DE-1-201366392,VN,IATI activity,sample,VN|energy|421,163,false,round_robin_strata_then_lexicographic_ID,"{""ID"": [""2021-12-31"", ""2022-03-15"", ""2022-11-14""], ""SN"": [""2021-12-31"", ""2022-03-15"", ""2023-06-21""], ""VN"": [""2021-12-31"", ""2022-03-15"", ""2022-12-13""], ""ZA"": [""2020-12-31"", ""2021-09-28"", ""2021-11-01""]}"
DE-1-200370619,VN,IATI activity,sample,VN|non-energy|110,164,false,round_robin_strata_then_lexicographic_ID,"{""ID"": [""2021-12-31"", ""2022-03-15"", ""2022-11-14""], ""SN"": [""2021-12-31"", ""2022-03-15"", ""2023-06-21""], ""VN"": [""2021-12-31"", ""2022-03-15"", ""2022-12-13""], ""ZA"": [""2020-12-31"", ""2021-09-28"", ""2021-11-01""]}"
DE-1-200366484,VN,IATI activity,sample,VN|non-energy|421,165,false,round_robin_strata_then_lexicographic_ID,"{""ID"": [""2021-12-31"", ""2022-03-15"", ""2022-11-14""], ""SN"": [""2021-12-31"", ""2022-03-15"", ""2023-06-21""], ""VN"": [""2021-12-31"", ""2022-03-15"", ""2022-12-13""], ""ZA"": [""2020-12-31"", ""2021-09-28"", ""2021-11-01""]}"
DE-1-201569169,ZA,IATI activity,sample,ZA|energy|110,166,false,round_robin_strata_then_lexicographic_ID,"{""ID"": [""2021-12-31"", ""2022-03-15"", ""2022-11-14""], ""SN"": [""2021-12-31"", ""2022-03-15"", ""2023-06-21""], ""VN"": [""2021-12-31"", ""2022-03-15"", ""2022-12-13""], ""ZA"": [""2020-12-31"", ""2021-09-28"", ""2021-11-01""]}"
DE-1-202068708,ZA,IATI activity,sample,ZA|energy|421,167,false,round_robin_strata_then_lexicographic_ID,"{""ID"": [""2021-12-31"", ""2022-03-15"", ""2022-11-14""], ""SN"": [""2021-12-31"", ""2022-03-15"", ""2023-06-21""], ""VN"": [""2021-12-31"", ""2022-03-15"", ""2022-12-13""], ""ZA"": [""2020-12-31"", ""2021-09-28"", ""2021-11-01""]}"
DE-1-200466342,ZA,IATI activity,sample,ZA|non-energy|110,168,false,round_robin_strata_then_lexicographic_ID,"{""ID"": [""2021-12-31"", ""2022-03-15"", ""2022-11-14""], ""SN"": [""2021-12-31"", ""2022-03-15"", ""2023-06-21""], ""VN"": [""2021-12-31"", ""2022-03-15"", ""2022-12-13""], ""ZA"": [""2020-12-31"", ""2021-09-28"", ""2021-11-01""]}"
DE-1-201768688,AL,IATI activity,sample,AL|energy|110,169,false,round_robin_strata_then_lexicographic_ID,"{""ID"": [""2021-12-31"", ""2022-03-15"", ""2022-11-14""], ""SN"": [""2021-12-31"", ""2022-03-15"", ""2023-06-21""], ""VN"": [""2021-12-31"", ""2022-03-15"", ""2022-12-13""], ""ZA"": [""2020-12-31"", ""2021-09-28"", ""2021-11-01""]}"
DE-1-201166388,AL,IATI activity,sample,AL|energy|421,170,false,round_robin_strata_then_lexicographic_ID,"{""ID"": [""2021-12-31"", ""2022-03-15"", ""2022-11-14""], ""SN"": [""2021-12-31"", ""2022-03-15"", ""2023-06-21""], ""VN"": [""2021-12-31"", ""2022-03-15"", ""2022-12-13""], ""ZA"": [""2020-12-31"", ""2021-09-28"", ""2021-11-01""]}"
DE-1-200640466,AL,IATI activity,sample,AL|non-energy|110,171,false,round_robin_strata_then_lexicographic_ID,"{""ID"": [""2021-12-31"", ""2022-03-15"", ""2022-11-14""], ""SN"": [""2021-12-31"", ""2022-03-15"", ""2023-06-21""], ""VN"": [""2021-12-31"", ""2022-03-15"", ""2022-12-13""], ""ZA"": [""2020-12-31"", ""2021-09-28"", ""2021-11-01""]}"
DE-1-201065705,AL,IATI activity,sample,AL|non-energy|421,172,false,round_robin_strata_then_lexicographic_ID,"{""ID"": [""2021-12-31"", ""2022-03-15"", ""2022-11-14""], ""SN"": [""2021-12-31"", ""2022-03-15"", ""2023-06-21""], ""VN"": [""2021-12-31"", ""2022-03-15"", ""2022-12-13""], ""ZA"": [""2020-12-31"", ""2021-09-28"", ""2021-11-01""]}"
DE-1-201567668,ID,IATI activity,sample,ID|non-energy|110,173,false,round_robin_strata_then_lexicographic_ID,"{""ID"": [""2021-12-31"", ""2022-03-15"", ""2022-11-14""], ""SN"": [""2021-12-31"", ""2022-03-15"", ""2023-06-21""], ""VN"": [""2021-12-31"", ""2022-03-15"", ""2022-12-13""], ""ZA"": [""2020-12-31"", ""2021-09-28"", ""2021-11-01""]}"
DE-1-200970376,IN,IATI activity,sample,IN|energy|110,174,false,round_robin_strata_then_lexicographic_ID,"{""ID"": [""2021-12-31"", ""2022-03-15"", ""2022-11-14""], ""SN"": [""2021-12-31"", ""2022-03-15"", ""2023-06-21""], ""VN"": [""2021-12-31"", ""2022-03-15"", ""2022-12-13""], ""ZA"": [""2020-12-31"", ""2021-09-28"", ""2021-11-01""]}"
DE-1-201066182,IN,IATI activity,sample,IN|energy|421,175,false,round_robin_strata_then_lexicographic_ID,"{""ID"": [""2021-12-31"", ""2022-03-15"", ""2022-11-14""], ""SN"": [""2021-12-31"", ""2022-03-15"", ""2023-06-21""], ""VN"": [""2021-12-31"", ""2022-03-15"", ""2022-12-13""], ""ZA"": [""2020-12-31"", ""2021-09-28"", ""2021-11-01""]}"
DE-1-200266551,IN,IATI activity,sample,IN|non-energy|110,176,false,round_robin_strata_then_lexicographic_ID,"{""ID"": [""2021-12-31"", ""2022-03-15"", ""2022-11-14""], ""SN"": [""2021-12-31"", ""2022-03-15"", ""2023-06-21""], ""VN"": [""2021-12-31"", ""2022-03-15"", ""2022-12-13""], ""ZA"": [""2020-12-31"", ""2021-09-28"", ""2021-11-01""]}"
DE-1-200666149,IN,IATI activity,sample,IN|non-energy|421,177,false,round_robin_strata_then_lexicographic_ID,"{""ID"": [""2021-12-31"", ""2022-03-15"", ""2022-11-14""], ""SN"": [""2021-12-31"", ""2022-03-15"", ""2023-06-21""], ""VN"": [""2021-12-31"", ""2022-03-15"", ""2022-12-13""], ""ZA"": [""2020-12-31"", ""2021-09-28"", ""2021-11-01""]}"
DE-1-201266212,MA,IATI activity,sample,MA|energy|421,178,false,round_robin_strata_then_lexicographic_ID,"{""ID"": [""2021-12-31"", ""2022-03-15"", ""2022-11-14""], ""SN"": [""2021-12-31"", ""2022-03-15"", ""2023-06-21""], ""VN"": [""2021-12-31"", ""2022-03-15"", ""2022-12-13""], ""ZA"": [""2020-12-31"", ""2021-09-28"", ""2021-11-01""]}"
DE-1-200470302,MA,IATI activity,sample,MA|non-energy|110,179,false,round_robin_strata_then_lexicographic_ID,"{""ID"": [""2021-12-31"", ""2022-03-15"", ""2022-11-14""], ""SN"": [""2021-12-31"", ""2022-03-15"", ""2023-06-21""], ""VN"": [""2021-12-31"", ""2022-03-15"", ""2022-12-13""], ""ZA"": [""2020-12-31"", ""2021-09-28"", ""2021-11-01""]}"
DE-1-200465799,MA,IATI activity,sample,MA|non-energy|421,180,false,round_robin_strata_then_lexicographic_ID,"{""ID"": [""2021-12-31"", ""2022-03-15"", ""2022-11-14""], ""SN"": [""2021-12-31"", ""2022-03-15"", ""2023-06-21""], ""VN"": [""2021-12-31"", ""2022-03-15"", ""2022-12-13""], ""ZA"": [""2020-12-31"", ""2021-09-28"", ""2021-11-01""]}"
DE-1-202167625,SN,IATI activity,sample,SN|energy|110,181,false,round_robin_strata_then_lexicographic_ID,"{""ID"": [""2021-12-31"", ""2022-03-15"", ""2022-11-14""], ""SN"": [""2021-12-31"", ""2022-03-15"", ""2023-06-21""], ""VN"": [""2021-12-31"", ""2022-03-15"", ""2022-12-13""], ""ZA"": [""2020-12-31"", ""2021-09-28"", ""2021-11-01""]}"
DE-1-200465526,SN,IATI activity,sample,SN|non-energy|110,182,false,round_robin_strata_then_lexicographic_ID,"{""ID"": [""2021-12-31"", ""2022-03-15"", ""2022-11-14""], ""SN"": [""2021-12-31"", ""2022-03-15"", ""2023-06-21""], ""VN"": [""2021-12-31"", ""2022-03-15"", ""2022-12-13""], ""ZA"": [""2020-12-31"", ""2021-09-28"", ""2021-11-01""]}"
DE-1-201468032,VN,IATI activity,sample,VN|energy|421,183,false,round_robin_strata_then_lexicographic_ID,"{""ID"": [""2021-12-31"", ""2022-03-15"", ""2022-11-14""], ""SN"": [""2021-12-31"", ""2022-03-15"", ""2023-06-21""], ""VN"": [""2021-12-31"", ""2022-03-15"", ""2022-12-13""], ""ZA"": [""2020-12-31"", ""2021-09-28"", ""2021-11-01""]}"
DE-1-200566257,VN,IATI activity,sample,VN|non-energy|110,184,false,round_robin_strata_then_lexicographic_ID,"{""ID"": [""2021-12-31"", ""2022-03-15"", ""2022-11-14""], ""SN"": [""2021-12-31"", ""2022-03-15"", ""2023-06-21""], ""VN"": [""2021-12-31"", ""2022-03-15"", ""2022-12-13""], ""ZA"": [""2020-12-31"", ""2021-09-28"", ""2021-11-01""]}"
DE-1-200366799,VN,IATI activity,sample,VN|non-energy|421,185,false,round_robin_strata_then_lexicographic_ID,"{""ID"": [""2021-12-31"", ""2022-03-15"", ""2022-11-14""], ""SN"": [""2021-12-31"", ""2022-03-15"", ""2023-06-21""], ""VN"": [""2021-12-31"", ""2022-03-15"", ""2022-12-13""], ""ZA"": [""2020-12-31"", ""2021-09-28"", ""2021-11-01""]}"
DE-1-201668755,ZA,IATI activity,sample,ZA|energy|110,186,false,round_robin_strata_then_lexicographic_ID,"{""ID"": [""2021-12-31"", ""2022-03-15"", ""2022-11-14""], ""SN"": [""2021-12-31"", ""2022-03-15"", ""2023-06-21""], ""VN"": [""2021-12-31"", ""2022-03-15"", ""2022-12-13""], ""ZA"": [""2020-12-31"", ""2021-09-28"", ""2021-11-01""]}"
DE-1-202268167,ZA,IATI activity,sample,ZA|energy|421,187,false,round_robin_strata_then_lexicographic_ID,"{""ID"": [""2021-12-31"", ""2022-03-15"", ""2022-11-14""], ""SN"": [""2021-12-31"", ""2022-03-15"", ""2023-06-21""], ""VN"": [""2021-12-31"", ""2022-03-15"", ""2022-12-13""], ""ZA"": [""2020-12-31"", ""2021-09-28"", ""2021-11-01""]}"
DE-1-200666065,ZA,IATI activity,sample,ZA|non-energy|110,188,false,round_robin_strata_then_lexicographic_ID,"{""ID"": [""2021-12-31"", ""2022-03-15"", ""2022-11-14""], ""SN"": [""2021-12-31"", ""2022-03-15"", ""2023-06-21""], ""VN"": [""2021-12-31"", ""2022-03-15"", ""2022-12-13""], ""ZA"": [""2020-12-31"", ""2021-09-28"", ""2021-11-01""]}"
DE-1-201969542,AL,IATI activity,sample,AL|energy|110,189,false,round_robin_strata_then_lexicographic_ID,"{""ID"": [""2021-12-31"", ""2022-03-15"", ""2022-11-14""], ""SN"": [""2021-12-31"", ""2022-03-15"", ""2023-06-21""], ""VN"": [""2021-12-31"", ""2022-03-15"", ""2022-12-13""], ""ZA"": [""2020-12-31"", ""2021-09-28"", ""2021-11-01""]}"
DE-1-201667518,AL,IATI activity,sample,AL|energy|421,190,false,round_robin_strata_then_lexicographic_ID,"{""ID"": [""2021-12-31"", ""2022-03-15"", ""2022-11-14""], ""SN"": [""2021-12-31"", ""2022-03-15"", ""2023-06-21""], ""VN"": [""2021-12-31"", ""2022-03-15"", ""2022-12-13""], ""ZA"": [""2020-12-31"", ""2021-09-28"", ""2021-11-01""]}"
DE-1-201066240,AL,IATI activity,sample,AL|non-energy|110,191,false,round_robin_strata_then_lexicographic_ID,"{""ID"": [""2021-12-31"", ""2022-03-15"", ""2022-11-14""], ""SN"": [""2021-12-31"", ""2022-03-15"", ""2023-06-21""], ""VN"": [""2021-12-31"", ""2022-03-15"", ""2022-12-13""], ""ZA"": [""2020-12-31"", ""2021-09-28"", ""2021-11-01""]}"
DE-1-201065721,AL,IATI activity,sample,AL|non-energy|421,192,false,round_robin_strata_then_lexicographic_ID,"{""ID"": [""2021-12-31"", ""2022-03-15"", ""2022-11-14""], ""SN"": [""2021-12-31"", ""2022-03-15"", ""2023-06-21""], ""VN"": [""2021-12-31"", ""2022-03-15"", ""2022-12-13""], ""ZA"": [""2020-12-31"", ""2021-09-28"", ""2021-11-01""]}"
DE-1-201570241,ID,IATI activity,sample,ID|non-energy|110,193,false,round_robin_strata_then_lexicographic_ID,"{""ID"": [""2021-12-31"", ""2022-03-15"", ""2022-11-14""], ""SN"": [""2021-12-31"", ""2022-03-15"", ""2023-06-21""], ""VN"": [""2021-12-31"", ""2022-03-15"", ""2022-12-13""], ""ZA"": [""2020-12-31"", ""2021-09-28"", ""2021-11-01""]}"
DE-1-201070101,IN,IATI activity,sample,IN|energy|110,194,false,round_robin_strata_then_lexicographic_ID,"{""ID"": [""2021-12-31"", ""2022-03-15"", ""2022-11-14""], ""SN"": [""2021-12-31"", ""2022-03-15"", ""2023-06-21""], ""VN"": [""2021-12-31"", ""2022-03-15"", ""2022-12-13""], ""ZA"": [""2020-12-31"", ""2021-09-28"", ""2021-11-01""]}"
DE-1-201066265,IN,IATI activity,sample,IN|energy|421,195,false,round_robin_strata_then_lexicographic_ID,"{""ID"": [""2021-12-31"", ""2022-03-15"", ""2022-11-14""], ""SN"": [""2021-12-31"", ""2022-03-15"", ""2023-06-21""], ""VN"": [""2021-12-31"", ""2022-03-15"", ""2022-12-13""], ""ZA"": [""2020-12-31"", ""2021-09-28"", ""2021-11-01""]}"
DE-1-200366666,IN,IATI activity,sample,IN|non-energy|110,196,false,round_robin_strata_then_lexicographic_ID,"{""ID"": [""2021-12-31"", ""2022-03-15"", ""2022-11-14""], ""SN"": [""2021-12-31"", ""2022-03-15"", ""2023-06-21""], ""VN"": [""2021-12-31"", ""2022-03-15"", ""2022-12-13""], ""ZA"": [""2020-12-31"", ""2021-09-28"", ""2021-11-01""]}"
DE-1-200766287,IN,IATI activity,sample,IN|non-energy|421,197,false,round_robin_strata_then_lexicographic_ID,"{""ID"": [""2021-12-31"", ""2022-03-15"", ""2022-11-14""], ""SN"": [""2021-12-31"", ""2022-03-15"", ""2023-06-21""], ""VN"": [""2021-12-31"", ""2022-03-15"", ""2022-12-13""], ""ZA"": [""2020-12-31"", ""2021-09-28"", ""2021-11-01""]}"
DE-1-201467810,MA,IATI activity,sample,MA|energy|421,198,false,round_robin_strata_then_lexicographic_ID,"{""ID"": [""2021-12-31"", ""2022-03-15"", ""2022-11-14""], ""SN"": [""2021-12-31"", ""2022-03-15"", ""2023-06-21""], ""VN"": [""2021-12-31"", ""2022-03-15"", ""2022-12-13""], ""ZA"": [""2020-12-31"", ""2021-09-28"", ""2021-11-01""]}"
DE-1-200770123,MA,IATI activity,sample,MA|non-energy|110,199,false,round_robin_strata_then_lexicographic_ID,"{""ID"": [""2021-12-31"", ""2022-03-15"", ""2022-11-14""], ""SN"": [""2021-12-31"", ""2022-03-15"", ""2023-06-21""], ""VN"": [""2021-12-31"", ""2022-03-15"", ""2022-12-13""], ""ZA"": [""2020-12-31"", ""2021-09-28"", ""2021-11-01""]}"
DE-1-200665976,MA,IATI activity,sample,MA|non-energy|421,200,false,round_robin_strata_then_lexicographic_ID,"{""ID"": [""2021-12-31"", ""2022-03-15"", ""2022-11-14""], ""SN"": [""2021-12-31"", ""2022-03-15"", ""2023-06-21""], ""VN"": [""2021-12-31"", ""2022-03-15"", ""2022-12-13""], ""ZA"": [""2020-12-31"", ""2021-09-28"", ""2021-11-01""]}"
DE-1-200666487,SN,IATI activity,sample,SN|non-energy|110,201,false,round_robin_strata_then_lexicographic_ID,"{""ID"": [""2021-12-31"", ""2022-03-15"", ""2022-11-14""], ""SN"": [""2021-12-31"", ""2022-03-15"", ""2023-06-21""], ""VN"": [""2021-12-31"", ""2022-03-15"", ""2022-12-13""], ""ZA"": [""2020-12-31"", ""2021-09-28"", ""2021-11-01""]}"
DE-1-201567437,VN,IATI activity,sample,VN|energy|421,202,false,round_robin_strata_then_lexicographic_ID,"{""ID"": [""2021-12-31"", ""2022-03-15"", ""2022-11-14""], ""SN"": [""2021-12-31"", ""2022-03-15"", ""2023-06-21""], ""VN"": [""2021-12-31"", ""2022-03-15"", ""2022-12-13""], ""ZA"": [""2020-12-31"", ""2021-09-28"", ""2021-11-01""]}"
DE-1-200566273,VN,IATI activity,sample,VN|non-energy|110,203,false,round_robin_strata_then_lexicographic_ID,"{""ID"": [""2021-12-31"", ""2022-03-15"", ""2022-11-14""], ""SN"": [""2021-12-31"", ""2022-03-15"", ""2023-06-21""], ""VN"": [""2021-12-31"", ""2022-03-15"", ""2022-12-13""], ""ZA"": [""2020-12-31"", ""2021-09-28"", ""2021-11-01""]}"
DE-1-200465989,VN,IATI activity,sample,VN|non-energy|421,204,false,round_robin_strata_then_lexicographic_ID,"{""ID"": [""2021-12-31"", ""2022-03-15"", ""2022-11-14""], ""SN"": [""2021-12-31"", ""2022-03-15"", ""2023-06-21""], ""VN"": [""2021-12-31"", ""2022-03-15"", ""2022-12-13""], ""ZA"": [""2020-12-31"", ""2021-09-28"", ""2021-11-01""]}"
DE-1-201867548,ZA,IATI activity,sample,ZA|energy|110,205,false,round_robin_strata_then_lexicographic_ID,"{""ID"": [""2021-12-31"", ""2022-03-15"", ""2022-11-14""], ""SN"": [""2021-12-31"", ""2022-03-15"", ""2023-06-21""], ""VN"": [""2021-12-31"", ""2022-03-15"", ""2022-12-13""], ""ZA"": [""2020-12-31"", ""2021-09-28"", ""2021-11-01""]}"
DE-1-202368280,ZA,IATI activity,sample,ZA|energy|421,206,false,round_robin_strata_then_lexicographic_ID,"{""ID"": [""2021-12-31"", ""2022-03-15"", ""2022-11-14""], ""SN"": [""2021-12-31"", ""2022-03-15"", ""2023-06-21""], ""VN"": [""2021-12-31"", ""2022-03-15"", ""2022-12-13""], ""ZA"": [""2020-12-31"", ""2021-09-28"", ""2021-11-01""]}"
DE-1-200666073,ZA,IATI activity,sample,ZA|non-energy|110,207,false,round_robin_strata_then_lexicographic_ID,"{""ID"": [""2021-12-31"", ""2022-03-15"", ""2022-11-14""], ""SN"": [""2021-12-31"", ""2022-03-15"", ""2023-06-21""], ""VN"": [""2021-12-31"", ""2022-03-15"", ""2022-12-13""], ""ZA"": [""2020-12-31"", ""2021-09-28"", ""2021-11-01""]}"
DE-1-201970565,AL,IATI activity,sample,AL|energy|110,208,false,round_robin_strata_then_lexicographic_ID,"{""ID"": [""2021-12-31"", ""2022-03-15"", ""2022-11-14""], ""SN"": [""2021-12-31"", ""2022-03-15"", ""2023-06-21""], ""VN"": [""2021-12-31"", ""2022-03-15"", ""2022-12-13""], ""ZA"": [""2020-12-31"", ""2021-09-28"", ""2021-11-01""]}"
DE-1-201667898,AL,IATI activity,sample,AL|energy|421,209,false,round_robin_strata_then_lexicographic_ID,"{""ID"": [""2021-12-31"", ""2022-03-15"", ""2022-11-14""], ""SN"": [""2021-12-31"", ""2022-03-15"", ""2023-06-21""], ""VN"": [""2021-12-31"", ""2022-03-15"", ""2022-12-13""], ""ZA"": [""2020-12-31"", ""2021-09-28"", ""2021-11-01""]}"
DE-1-201070176,AL,IATI activity,sample,AL|non-energy|110,210,false,round_robin_strata_then_lexicographic_ID,"{""ID"": [""2021-12-31"", ""2022-03-15"", ""2022-11-14""], ""SN"": [""2021-12-31"", ""2022-03-15"", ""2023-06-21""], ""VN"": [""2021-12-31"", ""2022-03-15"", ""2022-12-13""], ""ZA"": [""2020-12-31"", ""2021-09-28"", ""2021-11-01""]}"
DE-1-201066315,AL,IATI activity,sample,AL|non-energy|421,211,false,round_robin_strata_then_lexicographic_ID,"{""ID"": [""2021-12-31"", ""2022-03-15"", ""2022-11-14""], ""SN"": [""2021-12-31"", ""2022-03-15"", ""2023-06-21""], ""VN"": [""2021-12-31"", ""2022-03-15"", ""2022-12-13""], ""ZA"": [""2020-12-31"", ""2021-09-28"", ""2021-11-01""]}"
DE-1-201767383,ID,IATI activity,sample,ID|non-energy|110,212,false,round_robin_strata_then_lexicographic_ID,"{""ID"": [""2021-12-31"", ""2022-03-15"", ""2022-11-14""], ""SN"": [""2021-12-31"", ""2022-03-15"", ""2023-06-21""], ""VN"": [""2021-12-31"", ""2022-03-15"", ""2022-12-13""], ""ZA"": [""2020-12-31"", ""2021-09-28"", ""2021-11-01""]}"
DE-1-201070358,IN,IATI activity,sample,IN|energy|110,213,false,round_robin_strata_then_lexicographic_ID,"{""ID"": [""2021-12-31"", ""2022-03-15"", ""2022-11-14""], ""SN"": [""2021-12-31"", ""2022-03-15"", ""2023-06-21""], ""VN"": [""2021-12-31"", ""2022-03-15"", ""2022-12-13""], ""ZA"": [""2020-12-31"", ""2021-09-28"", ""2021-11-01""]}"
DE-1-201066273,IN,IATI activity,sample,IN|energy|421,214,false,round_robin_strata_then_lexicographic_ID,"{""ID"": [""2021-12-31"", ""2022-03-15"", ""2022-11-14""], ""SN"": [""2021-12-31"", ""2022-03-15"", ""2023-06-21""], ""VN"": [""2021-12-31"", ""2022-03-15"", ""2022-12-13""], ""ZA"": [""2020-12-31"", ""2021-09-28"", ""2021-11-01""]}"
DE-1-200370544,IN,IATI activity,sample,IN|non-energy|110,215,false,round_robin_strata_then_lexicographic_ID,"{""ID"": [""2021-12-31"", ""2022-03-15"", ""2022-11-14""], ""SN"": [""2021-12-31"", ""2022-03-15"", ""2023-06-21""], ""VN"": [""2021-12-31"", ""2022-03-15"", ""2022-12-13""], ""ZA"": [""2020-12-31"", ""2021-09-28"", ""2021-11-01""]}"
DE-1-200766295,IN,IATI activity,sample,IN|non-energy|421,216,false,round_robin_strata_then_lexicographic_ID,"{""ID"": [""2021-12-31"", ""2022-03-15"", ""2022-11-14""], ""SN"": [""2021-12-31"", ""2022-03-15"", ""2023-06-21""], ""VN"": [""2021-12-31"", ""2022-03-15"", ""2022-12-13""], ""ZA"": [""2020-12-31"", ""2021-09-28"", ""2021-11-01""]}"
DE-1-201467836,MA,IATI activity,sample,MA|energy|421,217,false,round_robin_strata_then_lexicographic_ID,"{""ID"": [""2021-12-31"", ""2022-03-15"", ""2022-11-14""], ""SN"": [""2021-12-31"", ""2022-03-15"", ""2023-06-21""], ""VN"": [""2021-12-31"", ""2022-03-15"", ""2022-12-13""], ""ZA"": [""2020-12-31"", ""2021-09-28"", ""2021-11-01""]}"
DE-1-200870139,MA,IATI activity,sample,MA|non-energy|110,218,false,round_robin_strata_then_lexicographic_ID,"{""ID"": [""2021-12-31"", ""2022-03-15"", ""2022-11-14""], ""SN"": [""2021-12-31"", ""2022-03-15"", ""2023-06-21""], ""VN"": [""2021-12-31"", ""2022-03-15"", ""2022-12-13""], ""ZA"": [""2020-12-31"", ""2021-09-28"", ""2021-11-01""]}"
DE-1-200665984,MA,IATI activity,sample,MA|non-energy|421,219,false,round_robin_strata_then_lexicographic_ID,"{""ID"": [""2021-12-31"", ""2022-03-15"", ""2022-11-14""], ""SN"": [""2021-12-31"", ""2022-03-15"", ""2023-06-21""], ""VN"": [""2021-12-31"", ""2022-03-15"", ""2022-12-13""], ""ZA"": [""2020-12-31"", ""2021-09-28"", ""2021-11-01""]}"
DE-1-200666511,SN,IATI activity,sample,SN|non-energy|110,220,false,round_robin_strata_then_lexicographic_ID,"{""ID"": [""2021-12-31"", ""2022-03-15"", ""2022-11-14""], ""SN"": [""2021-12-31"", ""2022-03-15"", ""2023-06-21""], ""VN"": [""2021-12-31"", ""2022-03-15"", ""2022-12-13""], ""ZA"": [""2020-12-31"", ""2021-09-28"", ""2021-11-01""]}"
DE-1-200670117,VN,IATI activity,sample,VN|non-energy|110,221,false,round_robin_strata_then_lexicographic_ID,"{""ID"": [""2021-12-31"", ""2022-03-15"", ""2022-11-14""], ""SN"": [""2021-12-31"", ""2022-03-15"", ""2023-06-21""], ""VN"": [""2021-12-31"", ""2022-03-15"", ""2022-12-13""], ""ZA"": [""2020-12-31"", ""2021-09-28"", ""2021-11-01""]}"
DE-1-200665174,VN,IATI activity,sample,VN|non-energy|421,222,false,round_robin_strata_then_lexicographic_ID,"{""ID"": [""2021-12-31"", ""2022-03-15"", ""2022-11-14""], ""SN"": [""2021-12-31"", ""2022-03-15"", ""2023-06-21""], ""VN"": [""2021-12-31"", ""2022-03-15"", ""2022-12-13""], ""ZA"": [""2020-12-31"", ""2021-09-28"", ""2021-11-01""]}"
DE-1-201867555,ZA,IATI activity,sample,ZA|energy|110,223,false,round_robin_strata_then_lexicographic_ID,"{""ID"": [""2021-12-31"", ""2022-03-15"", ""2022-11-14""], ""SN"": [""2021-12-31"", ""2022-03-15"", ""2023-06-21""], ""VN"": [""2021-12-31"", ""2022-03-15"", ""2022-12-13""], ""ZA"": [""2020-12-31"", ""2021-09-28"", ""2021-11-01""]}"
DE-1-200865808,ZA,IATI activity,sample,ZA|non-energy|110,224,false,round_robin_strata_then_lexicographic_ID,"{""ID"": [""2021-12-31"", ""2022-03-15"", ""2022-11-14""], ""SN"": [""2021-12-31"", ""2022-03-15"", ""2023-06-21""], ""VN"": [""2021-12-31"", ""2022-03-15"", ""2022-12-13""], ""ZA"": [""2020-12-31"", ""2021-09-28"", ""2021-11-01""]}"
DE-1-201970573,AL,IATI activity,sample,AL|energy|110,225,false,round_robin_strata_then_lexicographic_ID,"{""ID"": [""2021-12-31"", ""2022-03-15"", ""2022-11-14""], ""SN"": [""2021-12-31"", ""2022-03-15"", ""2023-06-21""], ""VN"": [""2021-12-31"", ""2022-03-15"", ""2022-12-13""], ""ZA"": [""2020-12-31"", ""2021-09-28"", ""2021-11-01""]}"
DE-1-201968627,AL,IATI activity,sample,AL|energy|421,226,false,round_robin_strata_then_lexicographic_ID,"{""ID"": [""2021-12-31"", ""2022-03-15"", ""2022-11-14""], ""SN"": [""2021-12-31"", ""2022-03-15"", ""2023-06-21""], ""VN"": [""2021-12-31"", ""2022-03-15"", ""2022-12-13""], ""ZA"": [""2020-12-31"", ""2021-09-28"", ""2021-11-01""]}"
DE-1-201270180,AL,IATI activity,sample,AL|non-energy|110,227,false,round_robin_strata_then_lexicographic_ID,"{""ID"": [""2021-12-31"", ""2022-03-15"", ""2022-11-14""], ""SN"": [""2021-12-31"", ""2022-03-15"", ""2023-06-21""], ""VN"": [""2021-12-31"", ""2022-03-15"", ""2022-12-13""], ""ZA"": [""2020-12-31"", ""2021-09-28"", ""2021-11-01""]}"
DE-1-201165968,AL,IATI activity,sample,AL|non-energy|421,228,false,round_robin_strata_then_lexicographic_ID,"{""ID"": [""2021-12-31"", ""2022-03-15"", ""2022-11-14""], ""SN"": [""2021-12-31"", ""2022-03-15"", ""2023-06-21""], ""VN"": [""2021-12-31"", ""2022-03-15"", ""2022-12-13""], ""ZA"": [""2020-12-31"", ""2021-09-28"", ""2021-11-01""]}"
DE-1-201868777,ID,IATI activity,sample,ID|non-energy|110,229,false,round_robin_strata_then_lexicographic_ID,"{""ID"": [""2021-12-31"", ""2022-03-15"", ""2022-11-14""], ""SN"": [""2021-12-31"", ""2022-03-15"", ""2023-06-21""], ""VN"": [""2021-12-31"", ""2022-03-15"", ""2022-12-13""], ""ZA"": [""2020-12-31"", ""2021-09-28"", ""2021-11-01""]}"
DE-1-201070366,IN,IATI activity,sample,IN|energy|110,230,false,round_robin_strata_then_lexicographic_ID,"{""ID"": [""2021-12-31"", ""2022-03-15"", ""2022-11-14""], ""SN"": [""2021-12-31"", ""2022-03-15"", ""2023-06-21""], ""VN"": [""2021-12-31"", ""2022-03-15"", ""2022-12-13""], ""ZA"": [""2020-12-31"", ""2021-09-28"", ""2021-11-01""]}"
DE-1-201165992,IN,IATI activity,sample,IN|energy|421,231,false,round_robin_strata_then_lexicographic_ID,"{""ID"": [""2021-12-31"", ""2022-03-15"", ""2022-11-14""], ""SN"": [""2021-12-31"", ""2022-03-15"", ""2023-06-21""], ""VN"": [""2021-12-31"", ""2022-03-15"", ""2022-12-13""], ""ZA"": [""2020-12-31"", ""2021-09-28"", ""2021-11-01""]}"
DE-1-200370569,IN,IATI activity,sample,IN|non-energy|110,232,false,round_robin_strata_then_lexicographic_ID,"{""ID"": [""2021-12-31"", ""2022-03-15"", ""2022-11-14""], ""SN"": [""2021-12-31"", ""2022-03-15"", ""2023-06-21""], ""VN"": [""2021-12-31"", ""2022-03-15"", ""2022-12-13""], ""ZA"": [""2020-12-31"", ""2021-09-28"", ""2021-11-01""]}"
DE-1-200866087,IN,IATI activity,sample,IN|non-energy|421,233,false,round_robin_strata_then_lexicographic_ID,"{""ID"": [""2021-12-31"", ""2022-03-15"", ""2022-11-14""], ""SN"": [""2021-12-31"", ""2022-03-15"", ""2023-06-21""], ""VN"": [""2021-12-31"", ""2022-03-15"", ""2022-12-13""], ""ZA"": [""2020-12-31"", ""2021-09-28"", ""2021-11-01""]}"
DE-1-201568518,MA,IATI activity,sample,MA|energy|421,234,false,round_robin_strata_then_lexicographic_ID,"{""ID"": [""2021-12-31"", ""2022-03-15"", ""2022-11-14""], ""SN"": [""2021-12-31"", ""2022-03-15"", ""2023-06-21""], ""VN"": [""2021-12-31"", ""2022-03-15"", ""2022-12-13""], ""ZA"": [""2020-12-31"", ""2021-09-28"", ""2021-11-01""]}"
DE-1-201270057,MA,IATI activity,sample,MA|non-energy|110,235,false,round_robin_strata_then_lexicographic_ID,"{""ID"": [""2021-12-31"", ""2022-03-15"", ""2022-11-14""], ""SN"": [""2021-12-31"", ""2022-03-15"", ""2023-06-21""], ""VN"": [""2021-12-31"", ""2022-03-15"", ""2022-12-13""], ""ZA"": [""2020-12-31"", ""2021-09-28"", ""2021-11-01""]}"
DE-1-200765867,MA,IATI activity,sample,MA|non-energy|421,236,false,round_robin_strata_then_lexicographic_ID,"{""ID"": [""2021-12-31"", ""2022-03-15"", ""2022-11-14""], ""SN"": [""2021-12-31"", ""2022-03-15"", ""2023-06-21""], ""VN"": [""2021-12-31"", ""2022-03-15"", ""2022-12-13""], ""ZA"": [""2020-12-31"", ""2021-09-28"", ""2021-11-01""]}"
DE-1-200966796,SN,IATI activity,sample,SN|non-energy|110,237,false,round_robin_strata_then_lexicographic_ID,"{""ID"": [""2021-12-31"", ""2022-03-15"", ""2022-11-14""], ""SN"": [""2021-12-31"", ""2022-03-15"", ""2023-06-21""], ""VN"": [""2021-12-31"", ""2022-03-15"", ""2022-12-13""], ""ZA"": [""2020-12-31"", ""2021-09-28"", ""2021-11-01""]}"
DE-1-201370238,VN,IATI activity,sample,VN|non-energy|110,238,false,round_robin_strata_then_lexicographic_ID,"{""ID"": [""2021-12-31"", ""2022-03-15"", ""2022-11-14""], ""SN"": [""2021-12-31"", ""2022-03-15"", ""2023-06-21""], ""VN"": [""2021-12-31"", ""2022-03-15"", ""2022-12-13""], ""ZA"": [""2020-12-31"", ""2021-09-28"", ""2021-11-01""]}"
DE-1-200665224,VN,IATI activity,sample,VN|non-energy|421,239,false,round_robin_strata_then_lexicographic_ID,"{""ID"": [""2021-12-31"", ""2022-03-15"", ""2022-11-14""], ""SN"": [""2021-12-31"", ""2022-03-15"", ""2023-06-21""], ""VN"": [""2021-12-31"", ""2022-03-15"", ""2022-12-13""], ""ZA"": [""2020-12-31"", ""2021-09-28"", ""2021-11-01""]}"
DE-1-201870021,ZA,IATI activity,sample,ZA|energy|110,240,false,round_robin_strata_then_lexicographic_ID,"{""ID"": [""2021-12-31"", ""2022-03-15"", ""2022-11-14""], ""SN"": [""2021-12-31"", ""2022-03-15"", ""2023-06-21""], ""VN"": [""2021-12-31"", ""2022-03-15"", ""2022-12-13""], ""ZA"": [""2020-12-31"", ""2021-09-28"", ""2021-11-01""]}"
DE-1-200865949,ZA,IATI activity,sample,ZA|non-energy|110,241,false,round_robin_strata_then_lexicographic_ID,"{""ID"": [""2021-12-31"", ""2022-03-15"", ""2022-11-14""], ""SN"": [""2021-12-31"", ""2022-03-15"", ""2023-06-21""], ""VN"": [""2021-12-31"", ""2022-03-15"", ""2022-12-13""], ""ZA"": [""2020-12-31"", ""2021-09-28"", ""2021-11-01""]}"
DE-1-202370245,AL,IATI activity,sample,AL|energy|110,242,false,round_robin_strata_then_lexicographic_ID,"{""ID"": [""2021-12-31"", ""2022-03-15"", ""2022-11-14""], ""SN"": [""2021-12-31"", ""2022-03-15"", ""2023-06-21""], ""VN"": [""2021-12-31"", ""2022-03-15"", ""2022-12-13""], ""ZA"": [""2020-12-31"", ""2021-09-28"", ""2021-11-01""]}"
DE-1-201969401,AL,IATI activity,sample,AL|energy|421,243,false,round_robin_strata_then_lexicographic_ID,"{""ID"": [""2021-12-31"", ""2022-03-15"", ""2022-11-14""], ""SN"": [""2021-12-31"", ""2022-03-15"", ""2023-06-21""], ""VN"": [""2021-12-31"", ""2022-03-15"", ""2022-12-13""], ""ZA"": [""2020-12-31"", ""2021-09-28"", ""2021-11-01""]}"
DE-1-201366830,AL,IATI activity,sample,AL|non-energy|110,244,false,round_robin_strata_then_lexicographic_ID,"{""ID"": [""2021-12-31"", ""2022-03-15"", ""2022-11-14""], ""SN"": [""2021-12-31"", ""2022-03-15"", ""2023-06-21""], ""VN"": [""2021-12-31"", ""2022-03-15"", ""2022-12-13""], ""ZA"": [""2020-12-31"", ""2021-09-28"", ""2021-11-01""]}"
DE-1-201166370,AL,IATI activity,sample,AL|non-energy|421,245,false,round_robin_strata_then_lexicographic_ID,"{""ID"": [""2021-12-31"", ""2022-03-15"", ""2022-11-14""], ""SN"": [""2021-12-31"", ""2022-03-15"", ""2023-06-21""], ""VN"": [""2021-12-31"", ""2022-03-15"", ""2022-12-13""], ""ZA"": [""2020-12-31"", ""2021-09-28"", ""2021-11-01""]}"
DE-1-201967595,ID,IATI activity,sample,ID|non-energy|110,246,false,round_robin_strata_then_lexicographic_ID,"{""ID"": [""2021-12-31"", ""2022-03-15"", ""2022-11-14""], ""SN"": [""2021-12-31"", ""2022-03-15"", ""2023-06-21""], ""VN"": [""2021-12-31"", ""2022-03-15"", ""2022-12-13""], ""ZA"": [""2020-12-31"", ""2021-09-28"", ""2021-11-01""]}"
DE-1-201370246,IN,IATI activity,sample,IN|energy|110,247,false,round_robin_strata_then_lexicographic_ID,"{""ID"": [""2021-12-31"", ""2022-03-15"", ""2022-11-14""], ""SN"": [""2021-12-31"", ""2022-03-15"", ""2023-06-21""], ""VN"": [""2021-12-31"", ""2022-03-15"", ""2022-12-13""], ""ZA"": [""2020-12-31"", ""2021-09-28"", ""2021-11-01""]}"
DE-1-201266238,IN,IATI activity,sample,IN|energy|421,248,false,round_robin_strata_then_lexicographic_ID,"{""ID"": [""2021-12-31"", ""2022-03-15"", ""2022-11-14""], ""SN"": [""2021-12-31"", ""2022-03-15"", ""2023-06-21""], ""VN"": [""2021-12-31"", ""2022-03-15"", ""2022-12-13""], ""ZA"": [""2020-12-31"", ""2021-09-28"", ""2021-11-01""]}"
DE-1-200370585,IN,IATI activity,sample,IN|non-energy|110,249,false,round_robin_strata_then_lexicographic_ID,"{""ID"": [""2021-12-31"", ""2022-03-15"", ""2022-11-14""], ""SN"": [""2021-12-31"", ""2022-03-15"", ""2023-06-21""], ""VN"": [""2021-12-31"", ""2022-03-15"", ""2022-12-13""], ""ZA"": [""2020-12-31"", ""2021-09-28"", ""2021-11-01""]}"
DE-1-200966044,IN,IATI activity,sample,IN|non-energy|421,250,false,round_robin_strata_then_lexicographic_ID,"{""ID"": [""2021-12-31"", ""2022-03-15"", ""2022-11-14""], ""SN"": [""2021-12-31"", ""2022-03-15"", ""2023-06-21""], ""VN"": [""2021-12-31"", ""2022-03-15"", ""2022-12-13""], ""ZA"": [""2020-12-31"", ""2021-09-28"", ""2021-11-01""]}"
DE-1-201768563,MA,IATI activity,sample,MA|energy|421,251,false,round_robin_strata_then_lexicographic_ID,"{""ID"": [""2021-12-31"", ""2022-03-15"", ""2022-11-14""], ""SN"": [""2021-12-31"", ""2022-03-15"", ""2023-06-21""], ""VN"": [""2021-12-31"", ""2022-03-15"", ""2022-12-13""], ""ZA"": [""2020-12-31"", ""2021-09-28"", ""2021-11-01""]}"
DE-1-201270172,MA,IATI activity,sample,MA|non-energy|110,252,false,round_robin_strata_then_lexicographic_ID,"{""ID"": [""2021-12-31"", ""2022-03-15"", ""2022-11-14""], ""SN"": [""2021-12-31"", ""2022-03-15"", ""2023-06-21""], ""VN"": [""2021-12-31"", ""2022-03-15"", ""2022-12-13""], ""ZA"": [""2020-12-31"", ""2021-09-28"", ""2021-11-01""]}"
DE-1-200865113,MA,IATI activity,sample,MA|non-energy|421,253,false,round_robin_strata_then_lexicographic_ID,"{""ID"": [""2021-12-31"", ""2022-03-15"", ""2022-11-14""], ""SN"": [""2021-12-31"", ""2022-03-15"", ""2023-06-21""], ""VN"": [""2021-12-31"", ""2022-03-15"", ""2022-12-13""], ""ZA"": [""2020-12-31"", ""2021-09-28"", ""2021-11-01""]}"
DE-1-201066679,SN,IATI activity,sample,SN|non-energy|110,254,false,round_robin_strata_then_lexicographic_ID,"{""ID"": [""2021-12-31"", ""2022-03-15"", ""2022-11-14""], ""SN"": [""2021-12-31"", ""2022-03-15"", ""2023-06-21""], ""VN"": [""2021-12-31"", ""2022-03-15"", ""2022-12-13""], ""ZA"": [""2020-12-31"", ""2021-09-28"", ""2021-11-01""]}"
DE-1-201397504,VN,IATI activity,sample,VN|non-energy|110,255,false,round_robin_strata_then_lexicographic_ID,"{""ID"": [""2021-12-31"", ""2022-03-15"", ""2022-11-14""], ""SN"": [""2021-12-31"", ""2022-03-15"", ""2023-06-21""], ""VN"": [""2021-12-31"", ""2022-03-15"", ""2022-12-13""], ""ZA"": [""2020-12-31"", ""2021-09-28"", ""2021-11-01""]}"
DE-1-200665562,VN,IATI activity,sample,VN|non-energy|421,256,false,round_robin_strata_then_lexicographic_ID,"{""ID"": [""2021-12-31"", ""2022-03-15"", ""2022-11-14""], ""SN"": [""2021-12-31"", ""2022-03-15"", ""2023-06-21""], ""VN"": [""2021-12-31"", ""2022-03-15"", ""2022-12-13""], ""ZA"": [""2020-12-31"", ""2021-09-28"", ""2021-11-01""]}"
DE-1-202067544,ZA,IATI activity,sample,ZA|energy|110,257,false,round_robin_strata_then_lexicographic_ID,"{""ID"": [""2021-12-31"", ""2022-03-15"", ""2022-11-14""], ""SN"": [""2021-12-31"", ""2022-03-15"", ""2023-06-21""], ""VN"": [""2021-12-31"", ""2022-03-15"", ""2022-12-13""], ""ZA"": [""2020-12-31"", ""2021-09-28"", ""2021-11-01""]}"
DE-1-201065986,ZA,IATI activity,sample,ZA|non-energy|110,258,false,round_robin_strata_then_lexicographic_ID,"{""ID"": [""2021-12-31"", ""2022-03-15"", ""2022-11-14""], ""SN"": [""2021-12-31"", ""2022-03-15"", ""2023-06-21""], ""VN"": [""2021-12-31"", ""2022-03-15"", ""2022-12-13""], ""ZA"": [""2020-12-31"", ""2021-09-28"", ""2021-11-01""]}"
DE-1-202368256,AL,IATI activity,sample,AL|energy|421,259,false,round_robin_strata_then_lexicographic_ID,"{""ID"": [""2021-12-31"", ""2022-03-15"", ""2022-11-14""], ""SN"": [""2021-12-31"", ""2022-03-15"", ""2023-06-21""], ""VN"": [""2021-12-31"", ""2022-03-15"", ""2022-12-13""], ""ZA"": [""2020-12-31"", ""2021-09-28"", ""2021-11-01""]}"
DE-1-201370352,AL,IATI activity,sample,AL|non-energy|110,260,false,round_robin_strata_then_lexicographic_ID,"{""ID"": [""2021-12-31"", ""2022-03-15"", ""2022-11-14""], ""SN"": [""2021-12-31"", ""2022-03-15"", ""2023-06-21""], ""VN"": [""2021-12-31"", ""2022-03-15"", ""2022-12-13""], ""ZA"": [""2020-12-31"", ""2021-09-28"", ""2021-11-01""]}"
DE-1-201265867,AL,IATI activity,sample,AL|non-energy|421,261,false,round_robin_strata_then_lexicographic_ID,"{""ID"": [""2021-12-31"", ""2022-03-15"", ""2022-11-14""], ""SN"": [""2021-12-31"", ""2022-03-15"", ""2023-06-21""], ""VN"": [""2021-12-31"", ""2022-03-15"", ""2022-12-13""], ""ZA"": [""2020-12-31"", ""2021-09-28"", ""2021-11-01""]}"
DE-1-202070415,ID,IATI activity,sample,ID|non-energy|110,262,false,round_robin_strata_then_lexicographic_ID,"{""ID"": [""2021-12-31"", ""2022-03-15"", ""2022-11-14""], ""SN"": [""2021-12-31"", ""2022-03-15"", ""2023-06-21""], ""VN"": [""2021-12-31"", ""2022-03-15"", ""2022-12-13""], ""ZA"": [""2020-12-31"", ""2021-09-28"", ""2021-11-01""]}"
DE-1-201567874,IN,IATI activity,sample,IN|energy|110,263,false,round_robin_strata_then_lexicographic_ID,"{""ID"": [""2021-12-31"", ""2022-03-15"", ""2022-11-14""], ""SN"": [""2021-12-31"", ""2022-03-15"", ""2023-06-21""], ""VN"": [""2021-12-31"", ""2022-03-15"", ""2022-12-13""], ""ZA"": [""2020-12-31"", ""2021-09-28"", ""2021-11-01""]}"
DE-1-201266477,IN,IATI activity,sample,IN|energy|421,264,false,round_robin_strata_then_lexicographic_ID,"{""ID"": [""2021-12-31"", ""2022-03-15"", ""2022-11-14""], ""SN"": [""2021-12-31"", ""2022-03-15"", ""2023-06-21""], ""VN"": [""2021-12-31"", ""2022-03-15"", ""2022-12-13""], ""ZA"": [""2020-12-31"", ""2021-09-28"", ""2021-11-01""]}"
DE-1-200465823,IN,IATI activity,sample,IN|non-energy|110,265,false,round_robin_strata_then_lexicographic_ID,"{""ID"": [""2021-12-31"", ""2022-03-15"", ""2022-11-14""], ""SN"": [""2021-12-31"", ""2022-03-15"", ""2023-06-21""], ""VN"": [""2021-12-31"", ""2022-03-15"", ""2022-12-13""], ""ZA"": [""2020-12-31"", ""2021-09-28"", ""2021-11-01""]}"
DE-1-200966051,IN,IATI activity,sample,IN|non-energy|421,266,false,round_robin_strata_then_lexicographic_ID,"{""ID"": [""2021-12-31"", ""2022-03-15"", ""2022-11-14""], ""SN"": [""2021-12-31"", ""2022-03-15"", ""2023-06-21""], ""VN"": [""2021-12-31"", ""2022-03-15"", ""2022-12-13""], ""ZA"": [""2020-12-31"", ""2021-09-28"", ""2021-11-01""]}"
DE-1-202067395,MA,IATI activity,sample,MA|energy|421,267,false,round_robin_strata_then_lexicographic_ID,"{""ID"": [""2021-12-31"", ""2022-03-15"", ""2022-11-14""], ""SN"": [""2021-12-31"", ""2022-03-15"", ""2023-06-21""], ""VN"": [""2021-12-31"", ""2022-03-15"", ""2022-12-13""], ""ZA"": [""2020-12-31"", ""2021-09-28"", ""2021-11-01""]}"
DE-1-201568856,MA,IATI activity,sample,MA|non-energy|110,268,false,round_robin_strata_then_lexicographic_ID,"{""ID"": [""2021-12-31"", ""2022-03-15"", ""2022-11-14""], ""SN"": [""2021-12-31"", ""2022-03-15"", ""2023-06-21""], ""VN"": [""2021-12-31"", ""2022-03-15"", ""2022-12-13""], ""ZA"": [""2020-12-31"", ""2021-09-28"", ""2021-11-01""]}"
DE-1-200865774,MA,IATI activity,sample,MA|non-energy|421,269,false,round_robin_strata_then_lexicographic_ID,"{""ID"": [""2021-12-31"", ""2022-03-15"", ""2022-11-14""], ""SN"": [""2021-12-31"", ""2022-03-15"", ""2023-06-21""], ""VN"": [""2021-12-31"", ""2022-03-15"", ""2022-12-13""], ""ZA"": [""2020-12-31"", ""2021-09-28"", ""2021-11-01""]}"
DE-1-201070291,SN,IATI activity,sample,SN|non-energy|110,270,false,round_robin_strata_then_lexicographic_ID,"{""ID"": [""2021-12-31"", ""2022-03-15"", ""2022-11-14""], ""SN"": [""2021-12-31"", ""2022-03-15"", ""2023-06-21""], ""VN"": [""2021-12-31"", ""2022-03-15"", ""2022-12-13""], ""ZA"": [""2020-12-31"", ""2021-09-28"", ""2021-11-01""]}"
DE-1-202168029,VN,IATI activity,sample,VN|non-energy|110,271,false,round_robin_strata_then_lexicographic_ID,"{""ID"": [""2021-12-31"", ""2022-03-15"", ""2022-11-14""], ""SN"": [""2021-12-31"", ""2022-03-15"", ""2023-06-21""], ""VN"": [""2021-12-31"", ""2022-03-15"", ""2022-12-13""], ""ZA"": [""2020-12-31"", ""2021-09-28"", ""2021-11-01""]}"
DE-1-200865279,VN,IATI activity,sample,VN|non-energy|421,272,false,round_robin_strata_then_lexicographic_ID,"{""ID"": [""2021-12-31"", ""2022-03-15"", ""2022-11-14""], ""SN"": [""2021-12-31"", ""2022-03-15"", ""2023-06-21""], ""VN"": [""2021-12-31"", ""2022-03-15"", ""2022-12-13""], ""ZA"": [""2020-12-31"", ""2021-09-28"", ""2021-11-01""]}"
DE-1-202068476,ZA,IATI activity,sample,ZA|energy|110,273,false,round_robin_strata_then_lexicographic_ID,"{""ID"": [""2021-12-31"", ""2022-03-15"", ""2022-11-14""], ""SN"": [""2021-12-31"", ""2022-03-15"", ""2023-06-21""], ""VN"": [""2021-12-31"", ""2022-03-15"", ""2022-12-13""], ""ZA"": [""2020-12-31"", ""2021-09-28"", ""2021-11-01""]}"
DE-1-201065994,ZA,IATI activity,sample,ZA|non-energy|110,274,false,round_robin_strata_then_lexicographic_ID,"{""ID"": [""2021-12-31"", ""2022-03-15"", ""2022-11-14""], ""SN"": [""2021-12-31"", ""2022-03-15"", ""2023-06-21""], ""VN"": [""2021-12-31"", ""2022-03-15"", ""2022-12-13""], ""ZA"": [""2020-12-31"", ""2021-09-28"", ""2021-11-01""]}"
DE-1-201470103,AL,IATI activity,sample,AL|non-energy|110,275,false,round_robin_strata_then_lexicographic_ID,"{""ID"": [""2021-12-31"", ""2022-03-15"", ""2022-11-14""], ""SN"": [""2021-12-31"", ""2022-03-15"", ""2023-06-21""], ""VN"": [""2021-12-31"", ""2022-03-15"", ""2022-12-13""], ""ZA"": [""2020-12-31"", ""2021-09-28"", ""2021-11-01""]}"
DE-1-201366459,AL,IATI activity,sample,AL|non-energy|421,276,false,round_robin_strata_then_lexicographic_ID,"{""ID"": [""2021-12-31"", ""2022-03-15"", ""2022-11-14""], ""SN"": [""2021-12-31"", ""2022-03-15"", ""2023-06-21""], ""VN"": [""2021-12-31"", ""2022-03-15"", ""2022-12-13""], ""ZA"": [""2020-12-31"", ""2021-09-28"", ""2021-11-01""]}"
DE-1-202270387,ID,IATI activity,sample,ID|non-energy|110,277,false,round_robin_strata_then_lexicographic_ID,"{""ID"": [""2021-12-31"", ""2022-03-15"", ""2022-11-14""], ""SN"": [""2021-12-31"", ""2022-03-15"", ""2023-06-21""], ""VN"": [""2021-12-31"", ""2022-03-15"", ""2022-12-13""], ""ZA"": [""2020-12-31"", ""2021-09-28"", ""2021-11-01""]}"
DE-1-201570126,IN,IATI activity,sample,IN|energy|110,278,false,round_robin_strata_then_lexicographic_ID,"{""ID"": [""2021-12-31"", ""2022-03-15"", ""2022-11-14""], ""SN"": [""2021-12-31"", ""2022-03-15"", ""2023-06-21""], ""VN"": [""2021-12-31"", ""2022-03-15"", ""2022-12-13""], ""ZA"": [""2020-12-31"", ""2021-09-28"", ""2021-11-01""]}"
DE-1-201266808,IN,IATI activity,sample,IN|energy|421,279,false,round_robin_strata_then_lexicographic_ID,"{""ID"": [""2021-12-31"", ""2022-03-15"", ""2022-11-14""], ""SN"": [""2021-12-31"", ""2022-03-15"", ""2023-06-21""], ""VN"": [""2021-12-31"", ""2022-03-15"", ""2022-12-13""], ""ZA"": [""2020-12-31"", ""2021-09-28"", ""2021-11-01""]}"
DE-1-200570515,IN,IATI activity,sample,IN|non-energy|110,280,false,round_robin_strata_then_lexicographic_ID,"{""ID"": [""2021-12-31"", ""2022-03-15"", ""2022-11-14""], ""SN"": [""2021-12-31"", ""2022-03-15"", ""2023-06-21""], ""VN"": [""2021-12-31"", ""2022-03-15"", ""2022-12-13""], ""ZA"": [""2020-12-31"", ""2021-09-28"", ""2021-11-01""]}"
DE-1-201065382,IN,IATI activity,sample,IN|non-energy|421,281,false,round_robin_strata_then_lexicographic_ID,"{""ID"": [""2021-12-31"", ""2022-03-15"", ""2022-11-14""], ""SN"": [""2021-12-31"", ""2022-03-15"", ""2023-06-21""], ""VN"": [""2021-12-31"", ""2022-03-15"", ""2022-12-13""], ""ZA"": [""2020-12-31"", ""2021-09-28"", ""2021-11-01""]}"
DE-1-201670140,MA,IATI activity,sample,MA|non-energy|110,282,false,round_robin_strata_then_lexicographic_ID,"{""ID"": [""2021-12-31"", ""2022-03-15"", ""2022-11-14""], ""SN"": [""2021-12-31"", ""2022-03-15"", ""2023-06-21""], ""VN"": [""2021-12-31"", ""2022-03-15"", ""2022-12-13""], ""ZA"": [""2020-12-31"", ""2021-09-28"", ""2021-11-01""]}"
DE-1-201066422,MA,IATI activity,sample,MA|non-energy|421,283,false,round_robin_strata_then_lexicographic_ID,"{""ID"": [""2021-12-31"", ""2022-03-15"", ""2022-11-14""], ""SN"": [""2021-12-31"", ""2022-03-15"", ""2023-06-21""], ""VN"": [""2021-12-31"", ""2022-03-15"", ""2022-12-13""], ""ZA"": [""2020-12-31"", ""2021-09-28"", ""2021-11-01""]}"
DE-1-201367325,SN,IATI activity,sample,SN|non-energy|110,284,false,round_robin_strata_then_lexicographic_ID,"{""ID"": [""2021-12-31"", ""2022-03-15"", ""2022-11-14""], ""SN"": [""2021-12-31"", ""2022-03-15"", ""2023-06-21""], ""VN"": [""2021-12-31"", ""2022-03-15"", ""2022-12-13""], ""ZA"": [""2020-12-31"", ""2021-09-28"", ""2021-11-01""]}"
DE-1-202168037,VN,IATI activity,sample,VN|non-energy|110,285,false,round_robin_strata_then_lexicographic_ID,"{""ID"": [""2021-12-31"", ""2022-03-15"", ""2022-11-14""], ""SN"": [""2021-12-31"", ""2022-03-15"", ""2023-06-21""], ""VN"": [""2021-12-31"", ""2022-03-15"", ""2022-12-13""], ""ZA"": [""2020-12-31"", ""2021-09-28"", ""2021-11-01""]}"
DE-1-200865287,VN,IATI activity,sample,VN|non-energy|421,286,false,round_robin_strata_then_lexicographic_ID,"{""ID"": [""2021-12-31"", ""2022-03-15"", ""2022-11-14""], ""SN"": [""2021-12-31"", ""2022-03-15"", ""2023-06-21""], ""VN"": [""2021-12-31"", ""2022-03-15"", ""2022-12-13""], ""ZA"": [""2020-12-31"", ""2021-09-28"", ""2021-11-01""]}"
DE-1-202168573,ZA,IATI activity,sample,ZA|energy|110,287,false,round_robin_strata_then_lexicographic_ID,"{""ID"": [""2021-12-31"", ""2022-03-15"", ""2022-11-14""], ""SN"": [""2021-12-31"", ""2022-03-15"", ""2023-06-21""], ""VN"": [""2021-12-31"", ""2022-03-15"", ""2022-12-13""], ""ZA"": [""2020-12-31"", ""2021-09-28"", ""2021-11-01""]}"
DE-1-201066000,ZA,IATI activity,sample,ZA|non-energy|110,288,false,round_robin_strata_then_lexicographic_ID,"{""ID"": [""2021-12-31"", ""2022-03-15"", ""2022-11-14""], ""SN"": [""2021-12-31"", ""2022-03-15"", ""2023-06-21""], ""VN"": [""2021-12-31"", ""2022-03-15"", ""2022-12-13""], ""ZA"": [""2020-12-31"", ""2021-09-28"", ""2021-11-01""]}"
DE-1-201470111,AL,IATI activity,sample,AL|non-energy|110,289,false,round_robin_strata_then_lexicographic_ID,"{""ID"": [""2021-12-31"", ""2022-03-15"", ""2022-11-14""], ""SN"": [""2021-12-31"", ""2022-03-15"", ""2023-06-21""], ""VN"": [""2021-12-31"", ""2022-03-15"", ""2022-12-13""], ""ZA"": [""2020-12-31"", ""2021-09-28"", ""2021-11-01""]}"
DE-1-201366467,AL,IATI activity,sample,AL|non-energy|421,290,false,round_robin_strata_then_lexicographic_ID,"{""ID"": [""2021-12-31"", ""2022-03-15"", ""2022-11-14""], ""SN"": [""2021-12-31"", ""2022-03-15"", ""2023-06-21""], ""VN"": [""2021-12-31"", ""2022-03-15"", ""2022-12-13""], ""ZA"": [""2020-12-31"", ""2021-09-28"", ""2021-11-01""]}"
DE-1-201670256,IN,IATI activity,sample,IN|energy|110,291,false,round_robin_strata_then_lexicographic_ID,"{""ID"": [""2021-12-31"", ""2022-03-15"", ""2022-11-14""], ""SN"": [""2021-12-31"", ""2022-03-15"", ""2023-06-21""], ""VN"": [""2021-12-31"", ""2022-03-15"", ""2022-12-13""], ""ZA"": [""2020-12-31"", ""2021-09-28"", ""2021-11-01""]}"
DE-1-201366483,IN,IATI activity,sample,IN|energy|421,292,false,round_robin_strata_then_lexicographic_ID,"{""ID"": [""2021-12-31"", ""2022-03-15"", ""2022-11-14""], ""SN"": [""2021-12-31"", ""2022-03-15"", ""2023-06-21""], ""VN"": [""2021-12-31"", ""2022-03-15"", ""2022-12-13""], ""ZA"": [""2020-12-31"", ""2021-09-28"", ""2021-11-01""]}"
DE-1-200770024,IN,IATI activity,sample,IN|non-energy|110,293,false,round_robin_strata_then_lexicographic_ID,"{""ID"": [""2021-12-31"", ""2022-03-15"", ""2022-11-14""], ""SN"": [""2021-12-31"", ""2022-03-15"", ""2023-06-21""], ""VN"": [""2021-12-31"", ""2022-03-15"", ""2022-12-13""], ""ZA"": [""2020-12-31"", ""2021-09-28"", ""2021-11-01""]}"
DE-1-201065390,IN,IATI activity,sample,IN|non-energy|421,294,false,round_robin_strata_then_lexicographic_ID,"{""ID"": [""2021-12-31"", ""2022-03-15"", ""2022-11-14""], ""SN"": [""2021-12-31"", ""2022-03-15"", ""2023-06-21""], ""VN"": [""2021-12-31"", ""2022-03-15"", ""2022-12-13""], ""ZA"": [""2020-12-31"", ""2021-09-28"", ""2021-11-01""]}"
DE-1-201768811,MA,IATI activity,sample,MA|non-energy|110,295,false,round_robin_strata_then_lexicographic_ID,"{""ID"": [""2021-12-31"", ""2022-03-15"", ""2022-11-14""], ""SN"": [""2021-12-31"", ""2022-03-15"", ""2023-06-21""], ""VN"": [""2021-12-31"", ""2022-03-15"", ""2022-12-13""], ""ZA"": [""2020-12-31"", ""2021-09-28"", ""2021-11-01""]}"
DE-1-201166362,MA,IATI activity,sample,MA|non-energy|421,296,false,round_robin_strata_then_lexicographic_ID,"{""ID"": [""2021-12-31"", ""2022-03-15"", ""2022-11-14""], ""SN"": [""2021-12-31"", ""2022-03-15"", ""2023-06-21""], ""VN"": [""2021-12-31"", ""2022-03-15"", ""2022-12-13""], ""ZA"": [""2020-12-31"", ""2021-09-28"", ""2021-11-01""]}"
DE-1-201868868,SN,IATI activity,sample,SN|non-energy|110,297,false,round_robin_strata_then_lexicographic_ID,"{""ID"": [""2021-12-31"", ""2022-03-15"", ""2022-11-14""], ""SN"": [""2021-12-31"", ""2022-03-15"", ""2023-06-21""], ""VN"": [""2021-12-31"", ""2022-03-15"", ""2022-12-13""], ""ZA"": [""2020-12-31"", ""2021-09-28"", ""2021-11-01""]}"
DE-1-202170033,VN,IATI activity,sample,VN|non-energy|110,298,false,round_robin_strata_then_lexicographic_ID,"{""ID"": [""2021-12-31"", ""2022-03-15"", ""2022-11-14""], ""SN"": [""2021-12-31"", ""2022-03-15"", ""2023-06-21""], ""VN"": [""2021-12-31"", ""2022-03-15"", ""2022-12-13""], ""ZA"": [""2020-12-31"", ""2021-09-28"", ""2021-11-01""]}"
DE-1-200865303,VN,IATI activity,sample,VN|non-energy|421,299,false,round_robin_strata_then_lexicographic_ID,"{""ID"": [""2021-12-31"", ""2022-03-15"", ""2022-11-14""], ""SN"": [""2021-12-31"", ""2022-03-15"", ""2023-06-21""], ""VN"": [""2021-12-31"", ""2022-03-15"", ""2022-12-13""], ""ZA"": [""2020-12-31"", ""2021-09-28"", ""2021-11-01""]}"
DE-1-202270288,ZA,IATI activity,sample,ZA|energy|110,300,false,round_robin_strata_then_lexicographic_ID,"{""ID"": [""2021-12-31"", ""2022-03-15"", ""2022-11-14""], ""SN"": [""2021-12-31"", ""2022-03-15"", ""2023-06-21""], ""VN"": [""2021-12-31"", ""2022-03-15"", ""2022-12-13""], ""ZA"": [""2020-12-31"", ""2021-09-28"", ""2021-11-01""]}"
DE-1-201066778,ZA,IATI activity,sample,ZA|non-energy|110,301,false,round_robin_strata_then_lexicographic_ID,"{""ID"": [""2021-12-31"", ""2022-03-15"", ""2022-11-14""], ""SN"": [""2021-12-31"", ""2022-03-15"", ""2023-06-21""], ""VN"": [""2021-12-31"", ""2022-03-15"", ""2022-12-13""], ""ZA"": [""2020-12-31"", ""2021-09-28"", ""2021-11-01""]}"
DE-1-201470137,AL,IATI activity,sample,AL|non-energy|110,302,false,round_robin_strata_then_lexicographic_ID,"{""ID"": [""2021-12-31"", ""2022-03-15"", ""2022-11-14""], ""SN"": [""2021-12-31"", ""2022-03-15"", ""2023-06-21""], ""VN"": [""2021-12-31"", ""2022-03-15"", ""2022-12-13""], ""ZA"": [""2020-12-31"", ""2021-09-28"", ""2021-11-01""]}"
DE-1-201467448,AL,IATI activity,sample,AL|non-energy|421,303,false,round_robin_strata_then_lexicographic_ID,"{""ID"": [""2021-12-31"", ""2022-03-15"", ""2022-11-14""], ""SN"": [""2021-12-31"", ""2022-03-15"", ""2023-06-21""], ""VN"": [""2021-12-31"", ""2022-03-15"", ""2022-12-13""], ""ZA"": [""2020-12-31"", ""2021-09-28"", ""2021-11-01""]}"
DE-1-201670413,IN,IATI activity,sample,IN|energy|110,304,false,round_robin_strata_then_lexicographic_ID,"{""ID"": [""2021-12-31"", ""2022-03-15"", ""2022-11-14""], ""SN"": [""2021-12-31"", ""2022-03-15"", ""2023-06-21""], ""VN"": [""2021-12-31"", ""2022-03-15"", ""2022-12-13""], ""ZA"": [""2020-12-31"", ""2021-09-28"", ""2021-11-01""]}"
DE-1-201366590,IN,IATI activity,sample,IN|energy|421,305,false,round_robin_strata_then_lexicographic_ID,"{""ID"": [""2021-12-31"", ""2022-03-15"", ""2022-11-14""], ""SN"": [""2021-12-31"", ""2022-03-15"", ""2023-06-21""], ""VN"": [""2021-12-31"", ""2022-03-15"", ""2022-12-13""], ""ZA"": [""2020-12-31"", ""2021-09-28"", ""2021-11-01""]}"
DE-1-200770263,IN,IATI activity,sample,IN|non-energy|110,306,false,round_robin_strata_then_lexicographic_ID,"{""ID"": [""2021-12-31"", ""2022-03-15"", ""2022-11-14""], ""SN"": [""2021-12-31"", ""2022-03-15"", ""2023-06-21""], ""VN"": [""2021-12-31"", ""2022-03-15"", ""2022-12-13""], ""ZA"": [""2020-12-31"", ""2021-09-28"", ""2021-11-01""]}"
DE-1-201066802,IN,IATI activity,sample,IN|non-energy|421,307,false,round_robin_strata_then_lexicographic_ID,"{""ID"": [""2021-12-31"", ""2022-03-15"", ""2022-11-14""], ""SN"": [""2021-12-31"", ""2022-03-15"", ""2023-06-21""], ""VN"": [""2021-12-31"", ""2022-03-15"", ""2022-12-13""], ""ZA"": [""2020-12-31"", ""2021-09-28"", ""2021-11-01""]}"
DE-1-201870401,MA,IATI activity,sample,MA|non-energy|110,308,false,round_robin_strata_then_lexicographic_ID,"{""ID"": [""2021-12-31"", ""2022-03-15"", ""2022-11-14""], ""SN"": [""2021-12-31"", ""2022-03-15"", ""2023-06-21""], ""VN"": [""2021-12-31"", ""2022-03-15"", ""2022-12-13""], ""ZA"": [""2020-12-31"", ""2021-09-28"", ""2021-11-01""]}"
DE-1-201265305,MA,IATI activity,sample,MA|non-energy|421,309,false,round_robin_strata_then_lexicographic_ID,"{""ID"": [""2021-12-31"", ""2022-03-15"", ""2022-11-14""], ""SN"": [""2021-12-31"", ""2022-03-15"", ""2023-06-21""], ""VN"": [""2021-12-31"", ""2022-03-15"", ""2022-12-13""], ""ZA"": [""2020-12-31"", ""2021-09-28"", ""2021-11-01""]}"
DE-1-201969120,SN,IATI activity,sample,SN|non-energy|110,310,false,round_robin_strata_then_lexicographic_ID,"{""ID"": [""2021-12-31"", ""2022-03-15"", ""2022-11-14""], ""SN"": [""2021-12-31"", ""2022-03-15"", ""2023-06-21""], ""VN"": [""2021-12-31"", ""2022-03-15"", ""2022-12-13""], ""ZA"": [""2020-12-31"", ""2021-09-28"", ""2021-11-01""]}"
DE-1-202170041,VN,IATI activity,sample,VN|non-energy|110,311,false,round_robin_strata_then_lexicographic_ID,"{""ID"": [""2021-12-31"", ""2022-03-15"", ""2022-11-14""], ""SN"": [""2021-12-31"", ""2022-03-15"", ""2023-06-21""], ""VN"": [""2021-12-31"", ""2022-03-15"", ""2022-12-13""], ""ZA"": [""2020-12-31"", ""2021-09-28"", ""2021-11-01""]}"
DE-1-200865311,VN,IATI activity,sample,VN|non-energy|421,312,false,round_robin_strata_then_lexicographic_ID,"{""ID"": [""2021-12-31"", ""2022-03-15"", ""2022-11-14""], ""SN"": [""2021-12-31"", ""2022-03-15"", ""2023-06-21""], ""VN"": [""2021-12-31"", ""2022-03-15"", ""2022-12-13""], ""ZA"": [""2020-12-31"", ""2021-09-28"", ""2021-11-01""]}"
DE-1-202468304,ZA,IATI activity,sample,ZA|energy|110,313,false,round_robin_strata_then_lexicographic_ID,"{""ID"": [""2021-12-31"", ""2022-03-15"", ""2022-11-14""], ""SN"": [""2021-12-31"", ""2022-03-15"", ""2023-06-21""], ""VN"": [""2021-12-31"", ""2022-03-15"", ""2022-12-13""], ""ZA"": [""2020-12-31"", ""2021-09-28"", ""2021-11-01""]}"
DE-1-201067008,ZA,IATI activity,sample,ZA|non-energy|110,314,false,round_robin_strata_then_lexicographic_ID,"{""ID"": [""2021-12-31"", ""2022-03-15"", ""2022-11-14""], ""SN"": [""2021-12-31"", ""2022-03-15"", ""2023-06-21""], ""VN"": [""2021-12-31"", ""2022-03-15"", ""2022-12-13""], ""ZA"": [""2020-12-31"", ""2021-09-28"", ""2021-11-01""]}"
DE-1-201667500,AL,IATI activity,sample,AL|non-energy|110,315,false,round_robin_strata_then_lexicographic_ID,"{""ID"": [""2021-12-31"", ""2022-03-15"", ""2022-11-14""], ""SN"": [""2021-12-31"", ""2022-03-15"", ""2023-06-21""], ""VN"": [""2021-12-31"", ""2022-03-15"", ""2022-12-13""], ""ZA"": [""2020-12-31"", ""2021-09-28"", ""2021-11-01""]}"
DE-1-201867175,AL,IATI activity,sample,AL|non-energy|421,316,false,round_robin_strata_then_lexicographic_ID,"{""ID"": [""2021-12-31"", ""2022-03-15"", ""2022-11-14""], ""SN"": [""2021-12-31"", ""2022-03-15"", ""2023-06-21""], ""VN"": [""2021-12-31"", ""2022-03-15"", ""2022-12-13""], ""ZA"": [""2020-12-31"", ""2021-09-28"", ""2021-11-01""]}"
DE-1-201670421,IN,IATI activity,sample,IN|energy|110,317,false,round_robin_strata_then_lexicographic_ID,"{""ID"": [""2021-12-31"", ""2022-03-15"", ""2022-11-14""], ""SN"": [""2021-12-31"", ""2022-03-15"", ""2023-06-21""], ""VN"": [""2021-12-31"", ""2022-03-15"", ""2022-12-13""], ""ZA"": [""2020-12-31"", ""2021-09-28"", ""2021-11-01""]}"
DE-1-201468131,IN,IATI activity,sample,IN|energy|421,318,false,round_robin_strata_then_lexicographic_ID,"{""ID"": [""2021-12-31"", ""2022-03-15"", ""2022-11-14""], ""SN"": [""2021-12-31"", ""2022-03-15"", ""2023-06-21""], ""VN"": [""2021-12-31"", ""2022-03-15"", ""2022-12-13""], ""ZA"": [""2020-12-31"", ""2021-09-28"", ""2021-11-01""]}"
DE-1-200770305,IN,IATI activity,sample,IN|non-energy|110,319,false,round_robin_strata_then_lexicographic_ID,"{""ID"": [""2021-12-31"", ""2022-03-15"", ""2022-11-14""], ""SN"": [""2021-12-31"", ""2022-03-15"", ""2023-06-21""], ""VN"": [""2021-12-31"", ""2022-03-15"", ""2022-12-13""], ""ZA"": [""2020-12-31"", ""2021-09-28"", ""2021-11-01""]}"
DE-1-201165372,IN,IATI activity,sample,IN|non-energy|421,320,false,round_robin_strata_then_lexicographic_ID,"{""ID"": [""2021-12-31"", ""2022-03-15"", ""2022-11-14""], ""SN"": [""2021-12-31"", ""2022-03-15"", ""2023-06-21""], ""VN"": [""2021-12-31"", ""2022-03-15"", ""2022-12-13""], ""ZA"": [""2020-12-31"", ""2021-09-28"", ""2021-11-01""]}"
DE-1-201968734,MA,IATI activity,sample,MA|non-energy|110,321,false,round_robin_strata_then_lexicographic_ID,"{""ID"": [""2021-12-31"", ""2022-03-15"", ""2022-11-14""], ""SN"": [""2021-12-31"", ""2022-03-15"", ""2023-06-21""], ""VN"": [""2021-12-31"", ""2022-03-15"", ""2022-12-13""], ""ZA"": [""2020-12-31"", ""2021-09-28"", ""2021-11-01""]}"
DE-1-201266253,MA,IATI activity,sample,MA|non-energy|421,322,false,round_robin_strata_then_lexicographic_ID,"{""ID"": [""2021-12-31"", ""2022-03-15"", ""2022-11-14""], ""SN"": [""2021-12-31"", ""2022-03-15"", ""2023-06-21""], ""VN"": [""2021-12-31"", ""2022-03-15"", ""2022-12-13""], ""ZA"": [""2020-12-31"", ""2021-09-28"", ""2021-11-01""]}"
DE-1-201969138,SN,IATI activity,sample,SN|non-energy|110,323,false,round_robin_strata_then_lexicographic_ID,"{""ID"": [""2021-12-31"", ""2022-03-15"", ""2022-11-14""], ""SN"": [""2021-12-31"", ""2022-03-15"", ""2023-06-21""], ""VN"": [""2021-12-31"", ""2022-03-15"", ""2022-12-13""], ""ZA"": [""2020-12-31"", ""2021-09-28"", ""2021-11-01""]}"
DE-1-200967349,VN,IATI activity,sample,VN|non-energy|421,324,false,round_robin_strata_then_lexicographic_ID,"{""ID"": [""2021-12-31"", ""2022-03-15"", ""2022-11-14""], ""SN"": [""2021-12-31"", ""2022-03-15"", ""2023-06-21""], ""VN"": [""2021-12-31"", ""2022-03-15"", ""2022-12-13""], ""ZA"": [""2020-12-31"", ""2021-09-28"", ""2021-11-01""]}"
DE-1-201265172,ZA,IATI activity,sample,ZA|non-energy|110,325,false,round_robin_strata_then_lexicographic_ID,"{""ID"": [""2021-12-31"", ""2022-03-15"", ""2022-11-14""], ""SN"": [""2021-12-31"", ""2022-03-15"", ""2023-06-21""], ""VN"": [""2021-12-31"", ""2022-03-15"", ""2022-12-13""], ""ZA"": [""2020-12-31"", ""2021-09-28"", ""2021-11-01""]}"
DE-1-201667906,AL,IATI activity,sample,AL|non-energy|110,326,false,round_robin_strata_then_lexicographic_ID,"{""ID"": [""2021-12-31"", ""2022-03-15"", ""2022-11-14""], ""SN"": [""2021-12-31"", ""2022-03-15"", ""2023-06-21""], ""VN"": [""2021-12-31"", ""2022-03-15"", ""2022-12-13""], ""ZA"": [""2020-12-31"", ""2021-09-28"", ""2021-11-01""]}"
DE-1-201868199,AL,IATI activity,sample,AL|non-energy|421,327,false,round_robin_strata_then_lexicographic_ID,"{""ID"": [""2021-12-31"", ""2022-03-15"", ""2022-11-14""], ""SN"": [""2021-12-31"", ""2022-03-15"", ""2023-06-21""], ""VN"": [""2021-12-31"", ""2022-03-15"", ""2022-12-13""], ""ZA"": [""2020-12-31"", ""2021-09-28"", ""2021-11-01""]}"
DE-1-201770270,IN,IATI activity,sample,IN|energy|110,328,false,round_robin_strata_then_lexicographic_ID,"{""ID"": [""2021-12-31"", ""2022-03-15"", ""2022-11-14""], ""SN"": [""2021-12-31"", ""2022-03-15"", ""2023-06-21""], ""VN"": [""2021-12-31"", ""2022-03-15"", ""2022-12-13""], ""ZA"": [""2020-12-31"", ""2021-09-28"", ""2021-11-01""]}"
DE-1-201468305,IN,IATI activity,sample,IN|energy|421,329,false,round_robin_strata_then_lexicographic_ID,"{""ID"": [""2021-12-31"", ""2022-03-15"", ""2022-11-14""], ""SN"": [""2021-12-31"", ""2022-03-15"", ""2023-06-21""], ""VN"": [""2021-12-31"", ""2022-03-15"", ""2022-12-13""], ""ZA"": [""2020-12-31"", ""2021-09-28"", ""2021-11-01""]}"
DE-1-200870170,IN,IATI activity,sample,IN|non-energy|110,330,false,round_robin_strata_then_lexicographic_ID,"{""ID"": [""2021-12-31"", ""2022-03-15"", ""2022-11-14""], ""SN"": [""2021-12-31"", ""2022-03-15"", ""2023-06-21""], ""VN"": [""2021-12-31"", ""2022-03-15"", ""2022-12-13""], ""ZA"": [""2020-12-31"", ""2021-09-28"", ""2021-11-01""]}"
DE-1-201165380,IN,IATI activity,sample,IN|non-energy|421,331,false,round_robin_strata_then_lexicographic_ID,"{""ID"": [""2021-12-31"", ""2022-03-15"", ""2022-11-14""], ""SN"": [""2021-12-31"", ""2022-03-15"", ""2023-06-21""], ""VN"": [""2021-12-31"", ""2022-03-15"", ""2022-12-13""], ""ZA"": [""2020-12-31"", ""2021-09-28"", ""2021-11-01""]}"
DE-1-201970003,MA,IATI activity,sample,MA|non-energy|110,332,false,round_robin_strata_then_lexicographic_ID,"{""ID"": [""2021-12-31"", ""2022-03-15"", ""2022-11-14""], ""SN"": [""2021-12-31"", ""2022-03-15"", ""2023-06-21""], ""VN"": [""2021-12-31"", ""2022-03-15"", ""2022-12-13""], ""ZA"": [""2020-12-31"", ""2021-09-28"", ""2021-11-01""]}"
DE-1-201266311,MA,IATI activity,sample,MA|non-energy|421,333,false,round_robin_strata_then_lexicographic_ID,"{""ID"": [""2021-12-31"", ""2022-03-15"", ""2022-11-14""], ""SN"": [""2021-12-31"", ""2022-03-15"", ""2023-06-21""], ""VN"": [""2021-12-31"", ""2022-03-15"", ""2022-12-13""], ""ZA"": [""2020-12-31"", ""2021-09-28"", ""2021-11-01""]}"
DE-1-201969393,SN,IATI activity,sample,SN|non-energy|110,334,false,round_robin_strata_then_lexicographic_ID,"{""ID"": [""2021-12-31"", ""2022-03-15"", ""2022-11-14""], ""SN"": [""2021-12-31"", ""2022-03-15"", ""2023-06-21""], ""VN"": [""2021-12-31"", ""2022-03-15"", ""2022-12-13""], ""ZA"": [""2020-12-31"", ""2021-09-28"", ""2021-11-01""]}"
DE-1-201065465,VN,IATI activity,sample,VN|non-energy|421,335,false,round_robin_strata_then_lexicographic_ID,"{""ID"": [""2021-12-31"", ""2022-03-15"", ""2022-11-14""], ""SN"": [""2021-12-31"", ""2022-03-15"", ""2023-06-21""], ""VN"": [""2021-12-31"", ""2022-03-15"", ""2022-12-13""], ""ZA"": [""2020-12-31"", ""2021-09-28"", ""2021-11-01""]}"
DE-1-201265198,ZA,IATI activity,sample,ZA|non-energy|110,336,false,round_robin_strata_then_lexicographic_ID,"{""ID"": [""2021-12-31"", ""2022-03-15"", ""2022-11-14""], ""SN"": [""2021-12-31"", ""2022-03-15"", ""2023-06-21""], ""VN"": [""2021-12-31"", ""2022-03-15"", ""2022-12-13""], ""ZA"": [""2020-12-31"", ""2021-09-28"", ""2021-11-01""]}"
DE-1-201768126,AL,IATI activity,sample,AL|non-energy|110,337,false,round_robin_strata_then_lexicographic_ID,"{""ID"": [""2021-12-31"", ""2022-03-15"", ""2022-11-14""], ""SN"": [""2021-12-31"", ""2022-03-15"", ""2023-06-21""], ""VN"": [""2021-12-31"", ""2022-03-15"", ""2022-12-13""], ""ZA"": [""2020-12-31"", ""2021-09-28"", ""2021-11-01""]}"
DE-1-202067882,AL,IATI activity,sample,AL|non-energy|421,338,false,round_robin_strata_then_lexicographic_ID,"{""ID"": [""2021-12-31"", ""2022-03-15"", ""2022-11-14""], ""SN"": [""2021-12-31"", ""2022-03-15"", ""2023-06-21""], ""VN"": [""2021-12-31"", ""2022-03-15"", ""2022-12-13""], ""ZA"": [""2020-12-31"", ""2021-09-28"", ""2021-11-01""]}"
DE-1-201770304,IN,IATI activity,sample,IN|energy|110,339,false,round_robin_strata_then_lexicographic_ID,"{""ID"": [""2021-12-31"", ""2022-03-15"", ""2022-11-14""], ""SN"": [""2021-12-31"", ""2022-03-15"", ""2023-06-21""], ""VN"": [""2021-12-31"", ""2022-03-15"", ""2022-12-13""], ""ZA"": [""2020-12-31"", ""2021-09-28"", ""2021-11-01""]}"
DE-1-201468420,IN,IATI activity,sample,IN|energy|421,340,false,round_robin_strata_then_lexicographic_ID,"{""ID"": [""2021-12-31"", ""2022-03-15"", ""2022-11-14""], ""SN"": [""2021-12-31"", ""2022-03-15"", ""2023-06-21""], ""VN"": [""2021-12-31"", ""2022-03-15"", ""2022-12-13""], ""ZA"": [""2020-12-31"", ""2021-09-28"", ""2021-11-01""]}"
DE-1-200870188,IN,IATI activity,sample,IN|non-energy|110,341,false,round_robin_strata_then_lexicographic_ID,"{""ID"": [""2021-12-31"", ""2022-03-15"", ""2022-11-14""], ""SN"": [""2021-12-31"", ""2022-03-15"", ""2023-06-21""], ""VN"": [""2021-12-31"", ""2022-03-15"", ""2022-12-13""], ""ZA"": [""2020-12-31"", ""2021-09-28"", ""2021-11-01""]}"
DE-1-201166446,IN,IATI activity,sample,IN|non-energy|421,342,false,round_robin_strata_then_lexicographic_ID,"{""ID"": [""2021-12-31"", ""2022-03-15"", ""2022-11-14""], ""SN"": [""2021-12-31"", ""2022-03-15"", ""2023-06-21""], ""VN"": [""2021-12-31"", ""2022-03-15"", ""2022-12-13""], ""ZA"": [""2020-12-31"", ""2021-09-28"", ""2021-11-01""]}"
DE-1-201970276,MA,IATI activity,sample,MA|non-energy|110,343,false,round_robin_strata_then_lexicographic_ID,"{""ID"": [""2021-12-31"", ""2022-03-15"", ""2022-11-14""], ""SN"": [""2021-12-31"", ""2022-03-15"", ""2023-06-21""], ""VN"": [""2021-12-31"", ""2022-03-15"", ""2022-12-13""], ""ZA"": [""2020-12-31"", ""2021-09-28"", ""2021-11-01""]}"
DE-1-201465103,MA,IATI activity,sample,MA|non-energy|421,344,false,round_robin_strata_then_lexicographic_ID,"{""ID"": [""2021-12-31"", ""2022-03-15"", ""2022-11-14""], ""SN"": [""2021-12-31"", ""2022-03-15"", ""2023-06-21""], ""VN"": [""2021-12-31"", ""2022-03-15"", ""2022-12-13""], ""ZA"": [""2020-12-31"", ""2021-09-28"", ""2021-11-01""]}"
DE-1-201970441,SN,IATI activity,sample,SN|non-energy|110,345,false,round_robin_strata_then_lexicographic_ID,"{""ID"": [""2021-12-31"", ""2022-03-15"", ""2022-11-14""], ""SN"": [""2021-12-31"", ""2022-03-15"", ""2023-06-21""], ""VN"": [""2021-12-31"", ""2022-03-15"", ""2022-12-13""], ""ZA"": [""2020-12-31"", ""2021-09-28"", ""2021-11-01""]}"
DE-1-201065473,VN,IATI activity,sample,VN|non-energy|421,346,false,round_robin_strata_then_lexicographic_ID,"{""ID"": [""2021-12-31"", ""2022-03-15"", ""2022-11-14""], ""SN"": [""2021-12-31"", ""2022-03-15"", ""2023-06-21""], ""VN"": [""2021-12-31"", ""2022-03-15"", ""2022-12-13""], ""ZA"": [""2020-12-31"", ""2021-09-28"", ""2021-11-01""]}"
DE-1-201266055,ZA,IATI activity,sample,ZA|non-energy|110,347,false,round_robin_strata_then_lexicographic_ID,"{""ID"": [""2021-12-31"", ""2022-03-15"", ""2022-11-14""], ""SN"": [""2021-12-31"", ""2022-03-15"", ""2023-06-21""], ""VN"": [""2021-12-31"", ""2022-03-15"", ""2022-12-13""], ""ZA"": [""2020-12-31"", ""2021-09-28"", ""2021-11-01""]}"
DE-1-201768993,AL,IATI activity,sample,AL|non-energy|110,348,false,round_robin_strata_then_lexicographic_ID,"{""ID"": [""2021-12-31"", ""2022-03-15"", ""2022-11-14""], ""SN"": [""2021-12-31"", ""2022-03-15"", ""2023-06-21""], ""VN"": [""2021-12-31"", ""2022-03-15"", ""2022-12-13""], ""ZA"": [""2020-12-31"", ""2021-09-28"", ""2021-11-01""]}"
DE-1-201968700,IN,IATI activity,sample,IN|energy|110,349,false,round_robin_strata_then_lexicographic_ID,"{""ID"": [""2021-12-31"", ""2022-03-15"", ""2022-11-14""], ""SN"": [""2021-12-31"", ""2022-03-15"", ""2023-06-21""], ""VN"": [""2021-12-31"", ""2022-03-15"", ""2022-12-13""], ""ZA"": [""2020-12-31"", ""2021-09-28"", ""2021-11-01""]}"
DE-1-201468636,IN,IATI activity,sample,IN|energy|421,350,false,round_robin_strata_then_lexicographic_ID,"{""ID"": [""2021-12-31"", ""2022-03-15"", ""2022-11-14""], ""SN"": [""2021-12-31"", ""2022-03-15"", ""2023-06-21""], ""VN"": [""2021-12-31"", ""2022-03-15"", ""2022-12-13""], ""ZA"": [""2020-12-31"", ""2021-09-28"", ""2021-11-01""]}"
DE-1-200967166,IN,IATI activity,sample,IN|non-energy|110,351,false,round_robin_strata_then_lexicographic_ID,"{""ID"": [""2021-12-31"", ""2022-03-15"", ""2022-11-14""], ""SN"": [""2021-12-31"", ""2022-03-15"", ""2023-06-21""], ""VN"": [""2021-12-31"", ""2022-03-15"", ""2022-12-13""], ""ZA"": [""2020-12-31"", ""2021-09-28"", ""2021-11-01""]}"
DE-1-201265537,IN,IATI activity,sample,IN|non-energy|421,352,false,round_robin_strata_then_lexicographic_ID,"{""ID"": [""2021-12-31"", ""2022-03-15"", ""2022-11-14""], ""SN"": [""2021-12-31"", ""2022-03-15"", ""2023-06-21""], ""VN"": [""2021-12-31"", ""2022-03-15"", ""2022-12-13""], ""ZA"": [""2020-12-31"", ""2021-09-28"", ""2021-11-01""]}"
DE-1-201970334,MA,IATI activity,sample,MA|non-energy|110,353,false,round_robin_strata_then_lexicographic_ID,"{""ID"": [""2021-12-31"", ""2022-03-15"", ""2022-11-14""], ""SN"": [""2021-12-31"", ""2022-03-15"", ""2023-06-21""], ""VN"": [""2021-12-31"", ""2022-03-15"", ""2022-12-13""], ""ZA"": [""2020-12-31"", ""2021-09-28"", ""2021-11-01""]}"
DE-1-201665140,MA,IATI activity,sample,MA|non-energy|421,354,false,round_robin_strata_then_lexicographic_ID,"{""ID"": [""2021-12-31"", ""2022-03-15"", ""2022-11-14""], ""SN"": [""2021-12-31"", ""2022-03-15"", ""2023-06-21""], ""VN"": [""2021-12-31"", ""2022-03-15"", ""2022-12-13""], ""ZA"": [""2020-12-31"", ""2021-09-28"", ""2021-11-01""]}"
DE-1-202067536,SN,IATI activity,sample,SN|non-energy|110,355,false,round_robin_strata_then_lexicographic_ID,"{""ID"": [""2021-12-31"", ""2022-03-15"", ""2022-11-14""], ""SN"": [""2021-12-31"", ""2022-03-15"", ""2023-06-21""], ""VN"": [""2021-12-31"", ""2022-03-15"", ""2022-12-13""], ""ZA"": [""2020-12-31"", ""2021-09-28"", ""2021-11-01""]}"
DE-1-201166222,VN,IATI activity,sample,VN|non-energy|421,356,false,round_robin_strata_then_lexicographic_ID,"{""ID"": [""2021-12-31"", ""2022-03-15"", ""2022-11-14""], ""SN"": [""2021-12-31"", ""2022-03-15"", ""2023-06-21""], ""VN"": [""2021-12-31"", ""2022-03-15"", ""2022-12-13""], ""ZA"": [""2020-12-31"", ""2021-09-28"", ""2021-11-01""]}"
DE-1-201467075,ZA,IATI activity,sample,ZA|non-energy|110,357,false,round_robin_strata_then_lexicographic_ID,"{""ID"": [""2021-12-31"", ""2022-03-15"", ""2022-11-14""], ""SN"": [""2021-12-31"", ""2022-03-15"", ""2023-06-21""], ""VN"": [""2021-12-31"", ""2022-03-15"", ""2022-12-13""], ""ZA"": [""2020-12-31"", ""2021-09-28"", ""2021-11-01""]}"
DE-1-201867167,AL,IATI activity,sample,AL|non-energy|110,358,false,round_robin_strata_then_lexicographic_ID,"{""ID"": [""2021-12-31"", ""2022-03-15"", ""2022-11-14""], ""SN"": [""2021-12-31"", ""2022-03-15"", ""2023-06-21""], ""VN"": [""2021-12-31"", ""2022-03-15"", ""2022-12-13""], ""ZA"": [""2020-12-31"", ""2021-09-28"", ""2021-11-01""]}"
DE-1-201970250,IN,IATI activity,sample,IN|energy|110,359,false,round_robin_strata_then_lexicographic_ID,"{""ID"": [""2021-12-31"", ""2022-03-15"", ""2022-11-14""], ""SN"": [""2021-12-31"", ""2022-03-15"", ""2023-06-21""], ""VN"": [""2021-12-31"", ""2022-03-15"", ""2022-12-13""], ""ZA"": [""2020-12-31"", ""2021-09-28"", ""2021-11-01""]}"
DE-1-201567981,IN,IATI activity,sample,IN|energy|421,360,false,round_robin_strata_then_lexicographic_ID,"{""ID"": [""2021-12-31"", ""2022-03-15"", ""2022-11-14""], ""SN"": [""2021-12-31"", ""2022-03-15"", ""2023-06-21""], ""VN"": [""2021-12-31"", ""2022-03-15"", ""2022-12-13""], ""ZA"": [""2020-12-31"", ""2021-09-28"", ""2021-11-01""]}"
DE-1-201070382,IN,IATI activity,sample,IN|non-energy|110,361,false,round_robin_strata_then_lexicographic_ID,"{""ID"": [""2021-12-31"", ""2022-03-15"", ""2022-11-14""], ""SN"": [""2021-12-31"", ""2022-03-15"", ""2023-06-21""], ""VN"": [""2021-12-31"", ""2022-03-15"", ""2022-12-13""], ""ZA"": [""2020-12-31"", ""2021-09-28"", ""2021-11-01""]}"
DE-1-201266816,IN,IATI activity,sample,IN|non-energy|421,362,false,round_robin_strata_then_lexicographic_ID,"{""ID"": [""2021-12-31"", ""2022-03-15"", ""2022-11-14""], ""SN"": [""2021-12-31"", ""2022-03-15"", ""2023-06-21""], ""VN"": [""2021-12-31"", ""2022-03-15"", ""2022-12-13""], ""ZA"": [""2020-12-31"", ""2021-09-28"", ""2021-11-01""]}"
DE-1-202068765,MA,IATI activity,sample,MA|non-energy|110,363,false,round_robin_strata_then_lexicographic_ID,"{""ID"": [""2021-12-31"", ""2022-03-15"", ""2022-11-14""], ""SN"": [""2021-12-31"", ""2022-03-15"", ""2023-06-21""], ""VN"": [""2021-12-31"", ""2022-03-15"", ""2022-12-13""], ""ZA"": [""2020-12-31"", ""2021-09-28"", ""2021-11-01""]}"
DE-1-201667955,MA,IATI activity,sample,MA|non-energy|421,364,false,round_robin_strata_then_lexicographic_ID,"{""ID"": [""2021-12-31"", ""2022-03-15"", ""2022-11-14""], ""SN"": [""2021-12-31"", ""2022-03-15"", ""2023-06-21""], ""VN"": [""2021-12-31"", ""2022-03-15"", ""2022-12-13""], ""ZA"": [""2020-12-31"", ""2021-09-28"", ""2021-11-01""]}"
DE-1-202068278,SN,IATI activity,sample,SN|non-energy|110,365,false,round_robin_strata_then_lexicographic_ID,"{""ID"": [""2021-12-31"", ""2022-03-15"", ""2022-11-14""], ""SN"": [""2021-12-31"", ""2022-03-15"", ""2023-06-21""], ""VN"": [""2021-12-31"", ""2022-03-15"", ""2022-12-13""], ""ZA"": [""2020-12-31"", ""2021-09-28"", ""2021-11-01""]}"
DE-1-201166503,VN,IATI activity,sample,VN|non-energy|421,366,false,round_robin_strata_then_lexicographic_ID,"{""ID"": [""2021-12-31"", ""2022-03-15"", ""2022-11-14""], ""SN"": [""2021-12-31"", ""2022-03-15"", ""2023-06-21""], ""VN"": [""2021-12-31"", ""2022-03-15"", ""2022-12-13""], ""ZA"": [""2020-12-31"", ""2021-09-28"", ""2021-11-01""]}"
DE-1-201667385,ZA,IATI activity,sample,ZA|non-energy|110,367,false,round_robin_strata_then_lexicographic_ID,"{""ID"": [""2021-12-31"", ""2022-03-15"", ""2022-11-14""], ""SN"": [""2021-12-31"", ""2022-03-15"", ""2023-06-21""], ""VN"": [""2021-12-31"", ""2022-03-15"", ""2022-12-13""], ""ZA"": [""2020-12-31"", ""2021-09-28"", ""2021-11-01""]}"
DE-1-201870054,AL,IATI activity,sample,AL|non-energy|110,368,false,round_robin_strata_then_lexicographic_ID,"{""ID"": [""2021-12-31"", ""2022-03-15"", ""2022-11-14""], ""SN"": [""2021-12-31"", ""2022-03-15"", ""2023-06-21""], ""VN"": [""2021-12-31"", ""2022-03-15"", ""2022-12-13""], ""ZA"": [""2020-12-31"", ""2021-09-28"", ""2021-11-01""]}"
DE-1-201970268,IN,IATI activity,sample,IN|energy|110,369,false,round_robin_strata_then_lexicographic_ID,"{""ID"": [""2021-12-31"", ""2022-03-15"", ""2022-11-14""], ""SN"": [""2021-12-31"", ""2022-03-15"", ""2023-06-21""], ""VN"": [""2021-12-31"", ""2022-03-15"", ""2022-12-13""], ""ZA"": [""2020-12-31"", ""2021-09-28"", ""2021-11-01""]}"
DE-1-201568120,IN,IATI activity,sample,IN|energy|421,370,false,round_robin_strata_then_lexicographic_ID,"{""ID"": [""2021-12-31"", ""2022-03-15"", ""2022-11-14""], ""SN"": [""2021-12-31"", ""2022-03-15"", ""2023-06-21""], ""VN"": [""2021-12-31"", ""2022-03-15"", ""2022-12-13""], ""ZA"": [""2020-12-31"", ""2021-09-28"", ""2021-11-01""]}"
DE-1-201070390,IN,IATI activity,sample,IN|non-energy|110,371,false,round_robin_strata_then_lexicographic_ID,"{""ID"": [""2021-12-31"", ""2022-03-15"", ""2022-11-14""], ""SN"": [""2021-12-31"", ""2022-03-15"", ""2023-06-21""], ""VN"": [""2021-12-31"", ""2022-03-15"", ""2022-12-13""], ""ZA"": [""2020-12-31"", ""2021-09-28"", ""2021-11-01""]}"
DE-1-201365170,IN,IATI activity,sample,IN|non-energy|421,372,false,round_robin_strata_then_lexicographic_ID,"{""ID"": [""2021-12-31"", ""2022-03-15"", ""2022-11-14""], ""SN"": [""2021-12-31"", ""2022-03-15"", ""2023-06-21""], ""VN"": [""2021-12-31"", ""2022-03-15"", ""2022-12-13""], ""ZA"": [""2020-12-31"", ""2021-09-28"", ""2021-11-01""]}"
DE-1-202070407,MA,IATI activity,sample,MA|non-energy|110,373,false,round_robin_strata_then_lexicographic_ID,"{""ID"": [""2021-12-31"", ""2022-03-15"", ""2022-11-14""], ""SN"": [""2021-12-31"", ""2022-03-15"", ""2023-06-21""], ""VN"": [""2021-12-31"", ""2022-03-15"", ""2022-12-13""], ""ZA"": [""2020-12-31"", ""2021-09-28"", ""2021-11-01""]}"
DE-1-201768571,MA,IATI activity,sample,MA|non-energy|421,374,false,round_robin_strata_then_lexicographic_ID,"{""ID"": [""2021-12-31"", ""2022-03-15"", ""2022-11-14""], ""SN"": [""2021-12-31"", ""2022-03-15"", ""2023-06-21""], ""VN"": [""2021-12-31"", ""2022-03-15"", ""2022-12-13""], ""ZA"": [""2020-12-31"", ""2021-09-28"", ""2021-11-01""]}"
DE-1-202168698,SN,IATI activity,sample,SN|non-energy|110,375,false,round_robin_strata_then_lexicographic_ID,"{""ID"": [""2021-12-31"", ""2022-03-15"", ""2022-11-14""], ""SN"": [""2021-12-31"", ""2022-03-15"", ""2023-06-21""], ""VN"": [""2021-12-31"", ""2022-03-15"", ""2022-12-13""], ""ZA"": [""2020-12-31"", ""2021-09-28"", ""2021-11-01""]}"
DE-1-201167089,VN,IATI activity,sample,VN|non-energy|421,376,false,round_robin_strata_then_lexicographic_ID,"{""ID"": [""2021-12-31"", ""2022-03-15"", ""2022-11-14""], ""SN"": [""2021-12-31"", ""2022-03-15"", ""2023-06-21""], ""VN"": [""2021-12-31"", ""2022-03-15"", ""2022-12-13""], ""ZA"": [""2020-12-31"", ""2021-09-28"", ""2021-11-01""]}"
DE-1-201667393,ZA,IATI activity,sample,ZA|non-energy|110,377,false,round_robin_strata_then_lexicographic_ID,"{""ID"": [""2021-12-31"", ""2022-03-15"", ""2022-11-14""], ""SN"": [""2021-12-31"", ""2022-03-15"", ""2023-06-21""], ""VN"": [""2021-12-31"", ""2022-03-15"", ""2022-12-13""], ""ZA"": [""2020-12-31"", ""2021-09-28"", ""2021-11-01""]}"
DE-1-201870344,AL,IATI activity,sample,AL|non-energy|110,378,false,round_robin_strata_then_lexicographic_ID,"{""ID"": [""2021-12-31"", ""2022-03-15"", ""2022-11-14""], ""SN"": [""2021-12-31"", ""2022-03-15"", ""2023-06-21""], ""VN"": [""2021-12-31"", ""2022-03-15"", ""2022-12-13""], ""ZA"": [""2020-12-31"", ""2021-09-28"", ""2021-11-01""]}"
DE-1-201970367,IN,IATI activity,sample,IN|energy|110,379,false,round_robin_strata_then_lexicographic_ID,"{""ID"": [""2021-12-31"", ""2022-03-15"", ""2022-11-14""], ""SN"": [""2021-12-31"", ""2022-03-15"", ""2023-06-21""], ""VN"": [""2021-12-31"", ""2022-03-15"", ""2022-12-13""], ""ZA"": [""2020-12-31"", ""2021-09-28"", ""2021-11-01""]}"
DE-1-201568401,IN,IATI activity,sample,IN|energy|421,380,false,round_robin_strata_then_lexicographic_ID,"{""ID"": [""2021-12-31"", ""2022-03-15"", ""2022-11-14""], ""SN"": [""2021-12-31"", ""2022-03-15"", ""2023-06-21""], ""VN"": [""2021-12-31"", ""2022-03-15"", ""2022-12-13""], ""ZA"": [""2020-12-31"", ""2021-09-28"", ""2021-11-01""]}"
DE-1-201170224,IN,IATI activity,sample,IN|non-energy|110,381,false,round_robin_strata_then_lexicographic_ID,"{""ID"": [""2021-12-31"", ""2022-03-15"", ""2022-11-14""], ""SN"": [""2021-12-31"", ""2022-03-15"", ""2023-06-21""], ""VN"": [""2021-12-31"", ""2022-03-15"", ""2022-12-13""], ""ZA"": [""2020-12-31"", ""2021-09-28"", ""2021-11-01""]}"
DE-1-201365188,IN,IATI activity,sample,IN|non-energy|421,382,false,round_robin_strata_then_lexicographic_ID,"{""ID"": [""2021-12-31"", ""2022-03-15"", ""2022-11-14""], ""SN"": [""2021-12-31"", ""2022-03-15"", ""2023-06-21""], ""VN"": [""2021-12-31"", ""2022-03-15"", ""2022-12-13""], ""ZA"": [""2020-12-31"", ""2021-09-28"", ""2021-11-01""]}"
DE-1-202270049,MA,IATI activity,sample,MA|non-energy|110,383,false,round_robin_strata_then_lexicographic_ID,"{""ID"": [""2021-12-31"", ""2022-03-15"", ""2022-11-14""], ""SN"": [""2021-12-31"", ""2022-03-15"", ""2023-06-21""], ""VN"": [""2021-12-31"", ""2022-03-15"", ""2022-12-13""], ""ZA"": [""2020-12-31"", ""2021-09-28"", ""2021-11-01""]}"
DE-1-201768654,MA,IATI activity,sample,MA|non-energy|421,384,false,round_robin_strata_then_lexicographic_ID,"{""ID"": [""2021-12-31"", ""2022-03-15"", ""2022-11-14""], ""SN"": [""2021-12-31"", ""2022-03-15"", ""2023-06-21""], ""VN"": [""2021-12-31"", ""2022-03-15"", ""2022-12-13""], ""ZA"": [""2020-12-31"", ""2021-09-28"", ""2021-11-01""]}"
DE-1-202168706,SN,IATI activity,sample,SN|non-energy|110,385,false,round_robin_strata_then_lexicographic_ID,"{""ID"": [""2021-12-31"", ""2022-03-15"", ""2022-11-14""], ""SN"": [""2021-12-31"", ""2022-03-15"", ""2023-06-21""], ""VN"": [""2021-12-31"", ""2022-03-15"", ""2022-12-13""], ""ZA"": [""2020-12-31"", ""2021-09-28"", ""2021-11-01""]}"
DE-1-201365923,VN,IATI activity,sample,VN|non-energy|421,386,false,round_robin_strata_then_lexicographic_ID,"{""ID"": [""2021-12-31"", ""2022-03-15"", ""2022-11-14""], ""SN"": [""2021-12-31"", ""2022-03-15"", ""2023-06-21""], ""VN"": [""2021-12-31"", ""2022-03-15"", ""2022-12-13""], ""ZA"": [""2020-12-31"", ""2021-09-28"", ""2021-11-01""]}"
DE-1-201667401,ZA,IATI activity,sample,ZA|non-energy|110,387,false,round_robin_strata_then_lexicographic_ID,"{""ID"": [""2021-12-31"", ""2022-03-15"", ""2022-11-14""], ""SN"": [""2021-12-31"", ""2022-03-15"", ""2023-06-21""], ""VN"": [""2021-12-31"", ""2022-03-15"", ""2022-12-13""], ""ZA"": [""2020-12-31"", ""2021-09-28"", ""2021-11-01""]}"
DE-1-202068559,AL,IATI activity,sample,AL|non-energy|110,388,false,round_robin_strata_then_lexicographic_ID,"{""ID"": [""2021-12-31"", ""2022-03-15"", ""2022-11-14""], ""SN"": [""2021-12-31"", ""2022-03-15"", ""2023-06-21""], ""VN"": [""2021-12-31"", ""2022-03-15"", ""2022-12-13""], ""ZA"": [""2020-12-31"", ""2021-09-28"", ""2021-11-01""]}"
DE-1-201970417,IN,IATI activity,sample,IN|energy|110,389,false,round_robin_strata_then_lexicographic_ID,"{""ID"": [""2021-12-31"", ""2022-03-15"", ""2022-11-14""], ""SN"": [""2021-12-31"", ""2022-03-15"", ""2023-06-21""], ""VN"": [""2021-12-31"", ""2022-03-15"", ""2022-12-13""], ""ZA"": [""2020-12-31"", ""2021-09-28"", ""2021-11-01""]}"
DE-1-201568419,IN,IATI activity,sample,IN|energy|421,390,false,round_robin_strata_then_lexicographic_ID,"{""ID"": [""2021-12-31"", ""2022-03-15"", ""2022-11-14""], ""SN"": [""2021-12-31"", ""2022-03-15"", ""2023-06-21""], ""VN"": [""2021-12-31"", ""2022-03-15"", ""2022-12-13""], ""ZA"": [""2020-12-31"", ""2021-09-28"", ""2021-11-01""]}"
DE-1-201170232,IN,IATI activity,sample,IN|non-energy|110,391,false,round_robin_strata_then_lexicographic_ID,"{""ID"": [""2021-12-31"", ""2022-03-15"", ""2022-11-14""], ""SN"": [""2021-12-31"", ""2022-03-15"", ""2023-06-21""], ""VN"": [""2021-12-31"", ""2022-03-15"", ""2022-12-13""], ""ZA"": [""2020-12-31"", ""2021-09-28"", ""2021-11-01""]}"
DE-1-201366657,IN,IATI activity,sample,IN|non-energy|421,392,false,round_robin_strata_then_lexicographic_ID,"{""ID"": [""2021-12-31"", ""2022-03-15"", ""2022-11-14""], ""SN"": [""2021-12-31"", ""2022-03-15"", ""2023-06-21""], ""VN"": [""2021-12-31"", ""2022-03-15"", ""2022-12-13""], ""ZA"": [""2020-12-31"", ""2021-09-28"", ""2021-11-01""]}"
DE-1-202370013,MA,IATI activity,sample,MA|non-energy|110,393,false,round_robin_strata_then_lexicographic_ID,"{""ID"": [""2021-12-31"", ""2022-03-15"", ""2022-11-14""], ""SN"": [""2021-12-31"", ""2022-03-15"", ""2023-06-21""], ""VN"": [""2021-12-31"", ""2022-03-15"", ""2022-12-13""], ""ZA"": [""2020-12-31"", ""2021-09-28"", ""2021-11-01""]}"
DE-1-201868793,MA,IATI activity,sample,MA|non-energy|421,394,false,round_robin_strata_then_lexicographic_ID,"{""ID"": [""2021-12-31"", ""2022-03-15"", ""2022-11-14""], ""SN"": [""2021-12-31"", ""2022-03-15"", ""2023-06-21""], ""VN"": [""2021-12-31"", ""2022-03-15"", ""2022-12-13""], ""ZA"": [""2020-12-31"", ""2021-09-28"", ""2021-11-01""]}"
DE-1-202168714,SN,IATI activity,sample,SN|non-energy|110,395,false,round_robin_strata_then_lexicographic_ID,"{""ID"": [""2021-12-31"", ""2022-03-15"", ""2022-11-14""], ""SN"": [""2021-12-31"", ""2022-03-15"", ""2023-06-21""], ""VN"": [""2021-12-31"", ""2022-03-15"", ""2022-12-13""], ""ZA"": [""2020-12-31"", ""2021-09-28"", ""2021-11-01""]}"
DE-1-201365931,VN,IATI activity,sample,VN|non-energy|421,396,false,round_robin_strata_then_lexicographic_ID,"{""ID"": [""2021-12-31"", ""2022-03-15"", ""2022-11-14""], ""SN"": [""2021-12-31"", ""2022-03-15"", ""2023-06-21""], ""VN"": [""2021-12-31"", ""2022-03-15"", ""2022-12-13""], ""ZA"": [""2020-12-31"", ""2021-09-28"", ""2021-11-01""]}"
DE-1-201867811,ZA,IATI activity,sample,ZA|non-energy|110,397,false,round_robin_strata_then_lexicographic_ID,"{""ID"": [""2021-12-31"", ""2022-03-15"", ""2022-11-14""], ""SN"": [""2021-12-31"", ""2022-03-15"", ""2023-06-21""], ""VN"": [""2021-12-31"", ""2022-03-15"", ""2022-12-13""], ""ZA"": [""2020-12-31"", ""2021-09-28"", ""2021-11-01""]}"
DE-1-202070092,AL,IATI activity,sample,AL|non-energy|110,398,false,round_robin_strata_then_lexicographic_ID,"{""ID"": [""2021-12-31"", ""2022-03-15"", ""2022-11-14""], ""SN"": [""2021-12-31"", ""2022-03-15"", ""2023-06-21""], ""VN"": [""2021-12-31"", ""2022-03-15"", ""2022-12-13""], ""ZA"": [""2020-12-31"", ""2021-09-28"", ""2021-11-01""]}"
DE-1-202068864,IN,IATI activity,sample,IN|energy|110,399,false,round_robin_strata_then_lexicographic_ID,"{""ID"": [""2021-12-31"", ""2022-03-15"", ""2022-11-14""], ""SN"": [""2021-12-31"", ""2022-03-15"", ""2023-06-21""], ""VN"": [""2021-12-31"", ""2022-03-15"", ""2022-12-13""], ""ZA"": [""2020-12-31"", ""2021-09-28"", ""2021-11-01""]}"
DE-1-201667724,IN,IATI activity,sample,IN|energy|421,400,false,round_robin_strata_then_lexicographic_ID,"{""ID"": [""2021-12-31"", ""2022-03-15"", ""2022-11-14""], ""SN"": [""2021-12-31"", ""2022-03-15"", ""2023-06-21""], ""VN"": [""2021-12-31"", ""2022-03-15"", ""2022-12-13""], ""ZA"": [""2020-12-31"", ""2021-09-28"", ""2021-11-01""]}"
DE-1-201370212,IN,IATI activity,sample,IN|non-energy|110,401,false,round_robin_strata_then_lexicographic_ID,"{""ID"": [""2021-12-31"", ""2022-03-15"", ""2022-11-14""], ""SN"": [""2021-12-31"", ""2022-03-15"", ""2023-06-21""], ""VN"": [""2021-12-31"", ""2022-03-15"", ""2022-12-13""], ""ZA"": [""2020-12-31"", ""2021-09-28"", ""2021-11-01""]}"
DE-1-201468099,IN,IATI activity,sample,IN|non-energy|421,402,false,round_robin_strata_then_lexicographic_ID,"{""ID"": [""2021-12-31"", ""2022-03-15"", ""2022-11-14""], ""SN"": [""2021-12-31"", ""2022-03-15"", ""2023-06-21""], ""VN"": [""2021-12-31"", ""2022-03-15"", ""2022-12-13""], ""ZA"": [""2020-12-31"", ""2021-09-28"", ""2021-11-01""]}"
DE-1-202370195,MA,IATI activity,sample,MA|non-energy|110,403,false,round_robin_strata_then_lexicographic_ID,"{""ID"": [""2021-12-31"", ""2022-03-15"", ""2022-11-14""], ""SN"": [""2021-12-31"", ""2022-03-15"", ""2023-06-21""], ""VN"": [""2021-12-31"", ""2022-03-15"", ""2022-12-13""], ""ZA"": [""2020-12-31"", ""2021-09-28"", ""2021-11-01""]}"
DE-1-201968718,MA,IATI activity,sample,MA|non-energy|421,404,false,round_robin_strata_then_lexicographic_ID,"{""ID"": [""2021-12-31"", ""2022-03-15"", ""2022-11-14""], ""SN"": [""2021-12-31"", ""2022-03-15"", ""2023-06-21""], ""VN"": [""2021-12-31"", ""2022-03-15"", ""2022-12-13""], ""ZA"": [""2020-12-31"", ""2021-09-28"", ""2021-11-01""]}"
DE-1-202168771,SN,IATI activity,sample,SN|non-energy|110,405,false,round_robin_strata_then_lexicographic_ID,"{""ID"": [""2021-12-31"", ""2022-03-15"", ""2022-11-14""], ""SN"": [""2021-12-31"", ""2022-03-15"", ""2023-06-21""], ""VN"": [""2021-12-31"", ""2022-03-15"", ""2022-12-13""], ""ZA"": [""2020-12-31"", ""2021-09-28"", ""2021-11-01""]}"
DE-1-202168003,VN,IATI activity,sample,VN|non-energy|421,406,false,round_robin_strata_then_lexicographic_ID,"{""ID"": [""2021-12-31"", ""2022-03-15"", ""2022-11-14""], ""SN"": [""2021-12-31"", ""2022-03-15"", ""2023-06-21""], ""VN"": [""2021-12-31"", ""2022-03-15"", ""2022-12-13""], ""ZA"": [""2020-12-31"", ""2021-09-28"", ""2021-11-01""]}"
DE-1-201970086,ZA,IATI activity,sample,ZA|non-energy|110,407,false,round_robin_strata_then_lexicographic_ID,"{""ID"": [""2021-12-31"", ""2022-03-15"", ""2022-11-14""], ""SN"": [""2021-12-31"", ""2022-03-15"", ""2023-06-21""], ""VN"": [""2021-12-31"", ""2022-03-15"", ""2022-12-13""], ""ZA"": [""2020-12-31"", ""2021-09-28"", ""2021-11-01""]}"
DE-1-202267904,AL,IATI activity,sample,AL|non-energy|110,408,false,round_robin_strata_then_lexicographic_ID,"{""ID"": [""2021-12-31"", ""2022-03-15"", ""2022-11-14""], ""SN"": [""2021-12-31"", ""2022-03-15"", ""2023-06-21""], ""VN"": [""2021-12-31"", ""2022-03-15"", ""2022-12-13""], ""ZA"": [""2020-12-31"", ""2021-09-28"", ""2021-11-01""]}"
DE-1-202070217,IN,IATI activity,sample,IN|energy|110,409,false,round_robin_strata_then_lexicographic_ID,"{""ID"": [""2021-12-31"", ""2022-03-15"", ""2022-11-14""], ""SN"": [""2021-12-31"", ""2022-03-15"", ""2023-06-21""], ""VN"": [""2021-12-31"", ""2022-03-15"", ""2022-12-13""], ""ZA"": [""2020-12-31"", ""2021-09-28"", ""2021-11-01""]}"
DE-1-201667864,IN,IATI activity,sample,IN|energy|421,410,false,round_robin_strata_then_lexicographic_ID,"{""ID"": [""2021-12-31"", ""2022-03-15"", ""2022-11-14""], ""SN"": [""2021-12-31"", ""2022-03-15"", ""2023-06-21""], ""VN"": [""2021-12-31"", ""2022-03-15"", ""2022-12-13""], ""ZA"": [""2020-12-31"", ""2021-09-28"", ""2021-11-01""]}"
DE-1-201370261,IN,IATI activity,sample,IN|non-energy|110,411,false,round_robin_strata_then_lexicographic_ID,"{""ID"": [""2021-12-31"", ""2022-03-15"", ""2022-11-14""], ""SN"": [""2021-12-31"", ""2022-03-15"", ""2023-06-21""], ""VN"": [""2021-12-31"", ""2022-03-15"", ""2022-12-13""], ""ZA"": [""2020-12-31"", ""2021-09-28"", ""2021-11-01""]}"
DE-1-201567635,IN,IATI activity,sample,IN|non-energy|421,412,false,round_robin_strata_then_lexicographic_ID,"{""ID"": [""2021-12-31"", ""2022-03-15"", ""2022-11-14""], ""SN"": [""2021-12-31"", ""2022-03-15"", ""2023-06-21""], ""VN"": [""2021-12-31"", ""2022-03-15"", ""2022-12-13""], ""ZA"": [""2020-12-31"", ""2021-09-28"", ""2021-11-01""]}"
DE-1-201968726,MA,IATI activity,sample,MA|non-energy|421,413,false,round_robin_strata_then_lexicographic_ID,"{""ID"": [""2021-12-31"", ""2022-03-15"", ""2022-11-14""], ""SN"": [""2021-12-31"", ""2022-03-15"", ""2023-06-21""], ""VN"": [""2021-12-31"", ""2022-03-15"", ""2022-12-13""], ""ZA"": [""2020-12-31"", ""2021-09-28"", ""2021-11-01""]}"
DE-1-202267052,SN,IATI activity,sample,SN|non-energy|110,414,false,round_robin_strata_then_lexicographic_ID,"{""ID"": [""2021-12-31"", ""2022-03-15"", ""2022-11-14""], ""SN"": [""2021-12-31"", ""2022-03-15"", ""2023-06-21""], ""VN"": [""2021-12-31"", ""2022-03-15"", ""2022-12-13""], ""ZA"": [""2020-12-31"", ""2021-09-28"", ""2021-11-01""]}"
DE-1-202168011,VN,IATI activity,sample,VN|non-energy|421,415,false,round_robin_strata_then_lexicographic_ID,"{""ID"": [""2021-12-31"", ""2022-03-15"", ""2022-11-14""], ""SN"": [""2021-12-31"", ""2022-03-15"", ""2023-06-21""], ""VN"": [""2021-12-31"", ""2022-03-15"", ""2022-12-13""], ""ZA"": [""2020-12-31"", ""2021-09-28"", ""2021-11-01""]}"
DE-1-202068096,ZA,IATI activity,sample,ZA|non-energy|110,416,false,round_robin_strata_then_lexicographic_ID,"{""ID"": [""2021-12-31"", ""2022-03-15"", ""2022-11-14""], ""SN"": [""2021-12-31"", ""2022-03-15"", ""2023-06-21""], ""VN"": [""2021-12-31"", ""2022-03-15"", ""2022-12-13""], ""ZA"": [""2020-12-31"", ""2021-09-28"", ""2021-11-01""]}"
DE-1-202270163,AL,IATI activity,sample,AL|non-energy|110,417,false,round_robin_strata_then_lexicographic_ID,"{""ID"": [""2021-12-31"", ""2022-03-15"", ""2022-11-14""], ""SN"": [""2021-12-31"", ""2022-03-15"", ""2023-06-21""], ""VN"": [""2021-12-31"", ""2022-03-15"", ""2022-12-13""], ""ZA"": [""2020-12-31"", ""2021-09-28"", ""2021-11-01""]}"
DE-1-202170090,IN,IATI activity,sample,IN|energy|110,418,false,round_robin_strata_then_lexicographic_ID,"{""ID"": [""2021-12-31"", ""2022-03-15"", ""2022-11-14""], ""SN"": [""2021-12-31"", ""2022-03-15"", ""2023-06-21""], ""VN"": [""2021-12-31"", ""2022-03-15"", ""2022-12-13""], ""ZA"": [""2020-12-31"", ""2021-09-28"", ""2021-11-01""]}"
DE-1-201668003,IN,IATI activity,sample,IN|energy|421,419,false,round_robin_strata_then_lexicographic_ID,"{""ID"": [""2021-12-31"", ""2022-03-15"", ""2022-11-14""], ""SN"": [""2021-12-31"", ""2022-03-15"", ""2023-06-21""], ""VN"": [""2021-12-31"", ""2022-03-15"", ""2022-12-13""], ""ZA"": [""2020-12-31"", ""2021-09-28"", ""2021-11-01""]}"
DE-1-201370279,IN,IATI activity,sample,IN|non-energy|110,420,false,round_robin_strata_then_lexicographic_ID,"{""ID"": [""2021-12-31"", ""2022-03-15"", ""2022-11-14""], ""SN"": [""2021-12-31"", ""2022-03-15"", ""2023-06-21""], ""VN"": [""2021-12-31"", ""2022-03-15"", ""2022-12-13""], ""ZA"": [""2020-12-31"", ""2021-09-28"", ""2021-11-01""]}"
DE-1-201567643,IN,IATI activity,sample,IN|non-energy|421,421,false,round_robin_strata_then_lexicographic_ID,"{""ID"": [""2021-12-31"", ""2022-03-15"", ""2022-11-14""], ""SN"": [""2021-12-31"", ""2022-03-15"", ""2023-06-21""], ""VN"": [""2021-12-31"", ""2022-03-15"", ""2022-12-13""], ""ZA"": [""2020-12-31"", ""2021-09-28"", ""2021-11-01""]}"
DE-1-201968767,MA,IATI activity,sample,MA|non-energy|421,422,false,round_robin_strata_then_lexicographic_ID,"{""ID"": [""2021-12-31"", ""2022-03-15"", ""2022-11-14""], ""SN"": [""2021-12-31"", ""2022-03-15"", ""2023-06-21""], ""VN"": [""2021-12-31"", ""2022-03-15"", ""2022-12-13""], ""ZA"": [""2020-12-31"", ""2021-09-28"", ""2021-11-01""]}"
DE-1-202267409,SN,IATI activity,sample,SN|non-energy|110,423,false,round_robin_strata_then_lexicographic_ID,"{""ID"": [""2021-12-31"", ""2022-03-15"", ""2022-11-14""], ""SN"": [""2021-12-31"", ""2022-03-15"", ""2023-06-21""], ""VN"": [""2021-12-31"", ""2022-03-15"", ""2022-12-13""], ""ZA"": [""2020-12-31"", ""2021-09-28"", ""2021-11-01""]}"
DE-1-202068989,ZA,IATI activity,sample,ZA|non-energy|110,424,false,round_robin_strata_then_lexicographic_ID,"{""ID"": [""2021-12-31"", ""2022-03-15"", ""2022-11-14""], ""SN"": [""2021-12-31"", ""2022-03-15"", ""2023-06-21""], ""VN"": [""2021-12-31"", ""2022-03-15"", ""2022-12-13""], ""ZA"": [""2020-12-31"", ""2021-09-28"", ""2021-11-01""]}"
DE-1-202170207,IN,IATI activity,sample,IN|energy|110,425,false,round_robin_strata_then_lexicographic_ID,"{""ID"": [""2021-12-31"", ""2022-03-15"", ""2022-11-14""], ""SN"": [""2021-12-31"", ""2022-03-15"", ""2023-06-21""], ""VN"": [""2021-12-31"", ""2022-03-15"", ""2022-12-13""], ""ZA"": [""2020-12-31"", ""2021-09-28"", ""2021-11-01""]}"
DE-1-201668045,IN,IATI activity,sample,IN|energy|421,426,false,round_robin_strata_then_lexicographic_ID,"{""ID"": [""2021-12-31"", ""2022-03-15"", ""2022-11-14""], ""SN"": [""2021-12-31"", ""2022-03-15"", ""2023-06-21""], ""VN"": [""2021-12-31"", ""2022-03-15"", ""2022-12-13""], ""ZA"": [""2020-12-31"", ""2021-09-28"", ""2021-11-01""]}"
DE-1-201370287,IN,IATI activity,sample,IN|non-energy|110,427,false,round_robin_strata_then_lexicographic_ID,"{""ID"": [""2021-12-31"", ""2022-03-15"", ""2022-11-14""], ""SN"": [""2021-12-31"", ""2022-03-15"", ""2023-06-21""], ""VN"": [""2021-12-31"", ""2022-03-15"", ""2022-12-13""], ""ZA"": [""2020-12-31"", ""2021-09-28"", ""2021-11-01""]}"
DE-1-201568385,IN,IATI activity,sample,IN|non-energy|421,428,false,round_robin_strata_then_lexicographic_ID,"{""ID"": [""2021-12-31"", ""2022-03-15"", ""2022-11-14""], ""SN"": [""2021-12-31"", ""2022-03-15"", ""2023-06-21""], ""VN"": [""2021-12-31"", ""2022-03-15"", ""2022-12-13""], ""ZA"": [""2020-12-31"", ""2021-09-28"", ""2021-11-01""]}"
DE-1-201968775,MA,IATI activity,sample,MA|non-energy|421,429,false,round_robin_strata_then_lexicographic_ID,"{""ID"": [""2021-12-31"", ""2022-03-15"", ""2022-11-14""], ""SN"": [""2021-12-31"", ""2022-03-15"", ""2023-06-21""], ""VN"": [""2021-12-31"", ""2022-03-15"", ""2022-12-13""], ""ZA"": [""2020-12-31"", ""2021-09-28"", ""2021-11-01""]}"
DE-1-202368454,SN,IATI activity,sample,SN|non-energy|110,430,false,round_robin_strata_then_lexicographic_ID,"{""ID"": [""2021-12-31"", ""2022-03-15"", ""2022-11-14""], ""SN"": [""2021-12-31"", ""2022-03-15"", ""2023-06-21""], ""VN"": [""2021-12-31"", ""2022-03-15"", ""2022-12-13""], ""ZA"": [""2020-12-31"", ""2021-09-28"", ""2021-11-01""]}"
DE-1-202101111,ZA,IATI activity,sample,ZA|non-energy|110,431,false,round_robin_strata_then_lexicographic_ID,"{""ID"": [""2021-12-31"", ""2022-03-15"", ""2022-11-14""], ""SN"": [""2021-12-31"", ""2022-03-15"", ""2023-06-21""], ""VN"": [""2021-12-31"", ""2022-03-15"", ""2022-12-13""], ""ZA"": [""2020-12-31"", ""2021-09-28"", ""2021-11-01""]}"
DE-1-202270106,IN,IATI activity,sample,IN|energy|110,432,false,round_robin_strata_then_lexicographic_ID,"{""ID"": [""2021-12-31"", ""2022-03-15"", ""2022-11-14""], ""SN"": [""2021-12-31"", ""2022-03-15"", ""2023-06-21""], ""VN"": [""2021-12-31"", ""2022-03-15"", ""2022-12-13""], ""ZA"": [""2020-12-31"", ""2021-09-28"", ""2021-11-01""]}"
DE-1-201767201,IN,IATI activity,sample,IN|energy|421,433,false,round_robin_strata_then_lexicographic_ID,"{""ID"": [""2021-12-31"", ""2022-03-15"", ""2022-11-14""], ""SN"": [""2021-12-31"", ""2022-03-15"", ""2023-06-21""], ""VN"": [""2021-12-31"", ""2022-03-15"", ""2022-12-13""], ""ZA"": [""2020-12-31"", ""2021-09-28"", ""2021-11-01""]}"
DE-1-201501329,IN,IATI activity,sample,IN|non-energy|110,434,false,round_robin_strata_then_lexicographic_ID,"{""ID"": [""2021-12-31"", ""2022-03-15"", ""2022-11-14""], ""SN"": [""2021-12-31"", ""2022-03-15"", ""2023-06-21""], ""VN"": [""2021-12-31"", ""2022-03-15"", ""2022-12-13""], ""ZA"": [""2020-12-31"", ""2021-09-28"", ""2021-11-01""]}"
DE-1-201667856,IN,IATI activity,sample,IN|non-energy|421,435,false,round_robin_strata_then_lexicographic_ID,"{""ID"": [""2021-12-31"", ""2022-03-15"", ""2022-11-14""], ""SN"": [""2021-12-31"", ""2022-03-15"", ""2023-06-21""], ""VN"": [""2021-12-31"", ""2022-03-15"", ""2022-12-13""], ""ZA"": [""2020-12-31"", ""2021-09-28"", ""2021-11-01""]}"
DE-1-202068484,MA,IATI activity,sample,MA|non-energy|421,436,false,round_robin_strata_then_lexicographic_ID,"{""ID"": [""2021-12-31"", ""2022-03-15"", ""2022-11-14""], ""SN"": [""2021-12-31"", ""2022-03-15"", ""2023-06-21""], ""VN"": [""2021-12-31"", ""2022-03-15"", ""2022-12-13""], ""ZA"": [""2020-12-31"", ""2021-09-28"", ""2021-11-01""]}"
DE-1-202368462,SN,IATI activity,sample,SN|non-energy|110,437,false,round_robin_strata_then_lexicographic_ID,"{""ID"": [""2021-12-31"", ""2022-03-15"", ""2022-11-14""], ""SN"": [""2021-12-31"", ""2022-03-15"", ""2023-06-21""], ""VN"": [""2021-12-31"", ""2022-03-15"", ""2022-12-13""], ""ZA"": [""2020-12-31"", ""2021-09-28"", ""2021-11-01""]}"
DE-1-202168730,ZA,IATI activity,sample,ZA|non-energy|110,438,false,round_robin_strata_then_lexicographic_ID,"{""ID"": [""2021-12-31"", ""2022-03-15"", ""2022-11-14""], ""SN"": [""2021-12-31"", ""2022-03-15"", ""2023-06-21""], ""VN"": [""2021-12-31"", ""2022-03-15"", ""2022-12-13""], ""ZA"": [""2020-12-31"", ""2021-09-28"", ""2021-11-01""]}"
DE-1-202270262,IN,IATI activity,sample,IN|energy|110,439,false,round_robin_strata_then_lexicographic_ID,"{""ID"": [""2021-12-31"", ""2022-03-15"", ""2022-11-14""], ""SN"": [""2021-12-31"", ""2022-03-15"", ""2023-06-21""], ""VN"": [""2021-12-31"", ""2022-03-15"", ""2022-12-13""], ""ZA"": [""2020-12-31"", ""2021-09-28"", ""2021-11-01""]}"
DE-1-201767243,IN,IATI activity,sample,IN|energy|421,440,false,round_robin_strata_then_lexicographic_ID,"{""ID"": [""2021-12-31"", ""2022-03-15"", ""2022-11-14""], ""SN"": [""2021-12-31"", ""2022-03-15"", ""2023-06-21""], ""VN"": [""2021-12-31"", ""2022-03-15"", ""2022-12-13""], ""ZA"": [""2020-12-31"", ""2021-09-28"", ""2021-11-01""]}"
DE-1-201567650,IN,IATI activity,sample,IN|non-energy|110,441,false,round_robin_strata_then_lexicographic_ID,"{""ID"": [""2021-12-31"", ""2022-03-15"", ""2022-11-14""], ""SN"": [""2021-12-31"", ""2022-03-15"", ""2023-06-21""], ""VN"": [""2021-12-31"", ""2022-03-15"", ""2022-12-13""], ""ZA"": [""2020-12-31"", ""2021-09-28"", ""2021-11-01""]}"
DE-1-201668391,IN,IATI activity,sample,IN|non-energy|421,442,false,round_robin_strata_then_lexicographic_ID,"{""ID"": [""2021-12-31"", ""2022-03-15"", ""2022-11-14""], ""SN"": [""2021-12-31"", ""2022-03-15"", ""2023-06-21""], ""VN"": [""2021-12-31"", ""2022-03-15"", ""2022-12-13""], ""ZA"": [""2020-12-31"", ""2021-09-28"", ""2021-11-01""]}"
DE-1-202068658,MA,IATI activity,sample,MA|non-energy|421,443,false,round_robin_strata_then_lexicographic_ID,"{""ID"": [""2021-12-31"", ""2022-03-15"", ""2022-11-14""], ""SN"": [""2021-12-31"", ""2022-03-15"", ""2023-06-21""], ""VN"": [""2021-12-31"", ""2022-03-15"", ""2022-12-13""], ""ZA"": [""2020-12-31"", ""2021-09-28"", ""2021-11-01""]}"
DE-1-202267227,ZA,IATI activity,sample,ZA|non-energy|110,444,false,round_robin_strata_then_lexicographic_ID,"{""ID"": [""2021-12-31"", ""2022-03-15"", ""2022-11-14""], ""SN"": [""2021-12-31"", ""2022-03-15"", ""2023-06-21""], ""VN"": [""2021-12-31"", ""2022-03-15"", ""2022-12-13""], ""ZA"": [""2020-12-31"", ""2021-09-28"", ""2021-11-01""]}"
DE-1-202368157,IN,IATI activity,sample,IN|energy|110,445,false,round_robin_strata_then_lexicographic_ID,"{""ID"": [""2021-12-31"", ""2022-03-15"", ""2022-11-14""], ""SN"": [""2021-12-31"", ""2022-03-15"", ""2023-06-21""], ""VN"": [""2021-12-31"", ""2022-03-15"", ""2022-12-13""], ""ZA"": [""2020-12-31"", ""2021-09-28"", ""2021-11-01""]}"
DE-1-201768324,IN,IATI activity,sample,IN|energy|421,446,false,round_robin_strata_then_lexicographic_ID,"{""ID"": [""2021-12-31"", ""2022-03-15"", ""2022-11-14""], ""SN"": [""2021-12-31"", ""2022-03-15"", ""2023-06-21""], ""VN"": [""2021-12-31"", ""2022-03-15"", ""2022-12-13""], ""ZA"": [""2020-12-31"", ""2021-09-28"", ""2021-11-01""]}"
DE-1-201570324,IN,IATI activity,sample,IN|non-energy|110,447,false,round_robin_strata_then_lexicographic_ID,"{""ID"": [""2021-12-31"", ""2022-03-15"", ""2022-11-14""], ""SN"": [""2021-12-31"", ""2022-03-15"", ""2023-06-21""], ""VN"": [""2021-12-31"", ""2022-03-15"", ""2022-12-13""], ""ZA"": [""2020-12-31"", ""2021-09-28"", ""2021-11-01""]}"
DE-1-201668896,IN,IATI activity,sample,IN|non-energy|421,448,false,round_robin_strata_then_lexicographic_ID,"{""ID"": [""2021-12-31"", ""2022-03-15"", ""2022-11-14""], ""SN"": [""2021-12-31"", ""2022-03-15"", ""2023-06-21""], ""VN"": [""2021-12-31"", ""2022-03-15"", ""2022-12-13""], ""ZA"": [""2020-12-31"", ""2021-09-28"", ""2021-11-01""]}"
DE-1-202267540,MA,IATI activity,sample,MA|non-energy|421,449,false,round_robin_strata_then_lexicographic_ID,"{""ID"": [""2021-12-31"", ""2022-03-15"", ""2022-11-14""], ""SN"": [""2021-12-31"", ""2022-03-15"", ""2023-06-21""], ""VN"": [""2021-12-31"", ""2022-03-15"", ""2022-12-13""], ""ZA"": [""2020-12-31"", ""2021-09-28"", ""2021-11-01""]}"
DE-1-202467355,ZA,IATI activity,sample,ZA|non-energy|110,450,false,round_robin_strata_then_lexicographic_ID,"{""ID"": [""2021-12-31"", ""2022-03-15"", ""2022-11-14""], ""SN"": [""2021-12-31"", ""2022-03-15"", ""2023-06-21""], ""VN"": [""2021-12-31"", ""2022-03-15"", ""2022-12-13""], ""ZA"": [""2020-12-31"", ""2021-09-28"", ""2021-11-01""]}"
DE-1-202470219,IN,IATI activity,sample,IN|energy|110,451,false,round_robin_strata_then_lexicographic_ID,"{""ID"": [""2021-12-31"", ""2022-03-15"", ""2022-11-14""], ""SN"": [""2021-12-31"", ""2022-03-15"", ""2023-06-21""], ""VN"": [""2021-12-31"", ""2022-03-15"", ""2022-12-13""], ""ZA"": [""2020-12-31"", ""2021-09-28"", ""2021-11-01""]}"
DE-1-201868025,IN,IATI activity,sample,IN|energy|421,452,false,round_robin_strata_then_lexicographic_ID,"{""ID"": [""2021-12-31"", ""2022-03-15"", ""2022-11-14""], ""SN"": [""2021-12-31"", ""2022-03-15"", ""2023-06-21""], ""VN"": [""2021-12-31"", ""2022-03-15"", ""2022-12-13""], ""ZA"": [""2020-12-31"", ""2021-09-28"", ""2021-11-01""]}"
DE-1-201570340,IN,IATI activity,sample,IN|non-energy|110,453,false,round_robin_strata_then_lexicographic_ID,"{""ID"": [""2021-12-31"", ""2022-03-15"", ""2022-11-14""], ""SN"": [""2021-12-31"", ""2022-03-15"", ""2023-06-21""], ""VN"": [""2021-12-31"", ""2022-03-15"", ""2022-12-13""], ""ZA"": [""2020-12-31"", ""2021-09-28"", ""2021-11-01""]}"
DE-1-201768175,IN,IATI activity,sample,IN|non-energy|421,454,false,round_robin_strata_then_lexicographic_ID,"{""ID"": [""2021-12-31"", ""2022-03-15"", ""2022-11-14""], ""SN"": [""2021-12-31"", ""2022-03-15"", ""2023-06-21""], ""VN"": [""2021-12-31"", ""2022-03-15"", ""2022-12-13""], ""ZA"": [""2020-12-31"", ""2021-09-28"", ""2021-11-01""]}"
DE-1-202268100,MA,IATI activity,sample,MA|non-energy|421,455,false,round_robin_strata_then_lexicographic_ID,"{""ID"": [""2021-12-31"", ""2022-03-15"", ""2022-11-14""], ""SN"": [""2021-12-31"", ""2022-03-15"", ""2023-06-21""], ""VN"": [""2021-12-31"", ""2022-03-15"", ""2022-12-13""], ""ZA"": [""2020-12-31"", ""2021-09-28"", ""2021-11-01""]}"
DE-1-201967959,IN,IATI activity,sample,IN|energy|421,456,false,round_robin_strata_then_lexicographic_ID,"{""ID"": [""2021-12-31"", ""2022-03-15"", ""2022-11-14""], ""SN"": [""2021-12-31"", ""2022-03-15"", ""2023-06-21""], ""VN"": [""2021-12-31"", ""2022-03-15"", ""2022-12-13""], ""ZA"": [""2020-12-31"", ""2021-09-28"", ""2021-11-01""]}"
DE-1-201667740,IN,IATI activity,sample,IN|non-energy|110,457,false,round_robin_strata_then_lexicographic_ID,"{""ID"": [""2021-12-31"", ""2022-03-15"", ""2022-11-14""], ""SN"": [""2021-12-31"", ""2022-03-15"", ""2023-06-21""], ""VN"": [""2021-12-31"", ""2022-03-15"", ""2022-12-13""], ""ZA"": [""2020-12-31"", ""2021-09-28"", ""2021-11-01""]}"
DE-1-201865286,IN,IATI activity,sample,IN|non-energy|421,458,false,round_robin_strata_then_lexicographic_ID,"{""ID"": [""2021-12-31"", ""2022-03-15"", ""2022-11-14""], ""SN"": [""2021-12-31"", ""2022-03-15"", ""2023-06-21""], ""VN"": [""2021-12-31"", ""2022-03-15"", ""2022-12-13""], ""ZA"": [""2020-12-31"", ""2021-09-28"", ""2021-11-01""]}"
DE-1-202268241,MA,IATI activity,sample,MA|non-energy|421,459,false,round_robin_strata_then_lexicographic_ID,"{""ID"": [""2021-12-31"", ""2022-03-15"", ""2022-11-14""], ""SN"": [""2021-12-31"", ""2022-03-15"", ""2023-06-21""], ""VN"": [""2021-12-31"", ""2022-03-15"", ""2022-12-13""], ""ZA"": [""2020-12-31"", ""2021-09-28"", ""2021-11-01""]}"
DE-1-201968270,IN,IATI activity,sample,IN|energy|421,460,false,round_robin_strata_then_lexicographic_ID,"{""ID"": [""2021-12-31"", ""2022-03-15"", ""2022-11-14""], ""SN"": [""2021-12-31"", ""2022-03-15"", ""2023-06-21""], ""VN"": [""2021-12-31"", ""2022-03-15"", ""2022-12-13""], ""ZA"": [""2020-12-31"", ""2021-09-28"", ""2021-11-01""]}"
DE-1-201667757,IN,IATI activity,sample,IN|non-energy|110,461,false,round_robin_strata_then_lexicographic_ID,"{""ID"": [""2021-12-31"", ""2022-03-15"", ""2022-11-14""], ""SN"": [""2021-12-31"", ""2022-03-15"", ""2023-06-21""], ""VN"": [""2021-12-31"", ""2022-03-15"", ""2022-12-13""], ""ZA"": [""2020-12-31"", ""2021-09-28"", ""2021-11-01""]}"
DE-1-201867704,IN,IATI activity,sample,IN|non-energy|421,462,false,round_robin_strata_then_lexicographic_ID,"{""ID"": [""2021-12-31"", ""2022-03-15"", ""2022-11-14""], ""SN"": [""2021-12-31"", ""2022-03-15"", ""2023-06-21""], ""VN"": [""2021-12-31"", ""2022-03-15"", ""2022-12-13""], ""ZA"": [""2020-12-31"", ""2021-09-28"", ""2021-11-01""]}"
DE-1-202365054,MA,IATI activity,sample,MA|non-energy|421,463,false,round_robin_strata_then_lexicographic_ID,"{""ID"": [""2021-12-31"", ""2022-03-15"", ""2022-11-14""], ""SN"": [""2021-12-31"", ""2022-03-15"", ""2023-06-21""], ""VN"": [""2021-12-31"", ""2022-03-15"", ""2022-12-13""], ""ZA"": [""2020-12-31"", ""2021-09-28"", ""2021-11-01""]}"
DE-1-201968692,IN,IATI activity,sample,IN|energy|421,464,false,round_robin_strata_then_lexicographic_ID,"{""ID"": [""2021-12-31"", ""2022-03-15"", ""2022-11-14""], ""SN"": [""2021-12-31"", ""2022-03-15"", ""2023-06-21""], ""VN"": [""2021-12-31"", ""2022-03-15"", ""2022-12-13""], ""ZA"": [""2020-12-31"", ""2021-09-28"", ""2021-11-01""]}"
DE-1-201670264,IN,IATI activity,sample,IN|non-energy|110,465,false,round_robin_strata_then_lexicographic_ID,"{""ID"": [""2021-12-31"", ""2022-03-15"", ""2022-11-14""], ""SN"": [""2021-12-31"", ""2022-03-15"", ""2023-06-21""], ""VN"": [""2021-12-31"", ""2022-03-15"", ""2022-12-13""], ""ZA"": [""2020-12-31"", ""2021-09-28"", ""2021-11-01""]}"
DE-1-201867712,IN,IATI activity,sample,IN|non-energy|421,466,false,round_robin_strata_then_lexicographic_ID,"{""ID"": [""2021-12-31"", ""2022-03-15"", ""2022-11-14""], ""SN"": [""2021-12-31"", ""2022-03-15"", ""2023-06-21""], ""VN"": [""2021-12-31"", ""2022-03-15"", ""2022-12-13""], ""ZA"": [""2020-12-31"", ""2021-09-28"", ""2021-11-01""]}"
DE-1-202367407,MA,IATI activity,sample,MA|non-energy|421,467,false,round_robin_strata_then_lexicographic_ID,"{""ID"": [""2021-12-31"", ""2022-03-15"", ""2022-11-14""], ""SN"": [""2021-12-31"", ""2022-03-15"", ""2023-06-21""], ""VN"": [""2021-12-31"", ""2022-03-15"", ""2022-12-13""], ""ZA"": [""2020-12-31"", ""2021-09-28"", ""2021-11-01""]}"
DE-1-201968924,IN,IATI activity,sample,IN|energy|421,468,false,round_robin_strata_then_lexicographic_ID,"{""ID"": [""2021-12-31"", ""2022-03-15"", ""2022-11-14""], ""SN"": [""2021-12-31"", ""2022-03-15"", ""2023-06-21""], ""VN"": [""2021-12-31"", ""2022-03-15"", ""2022-12-13""], ""ZA"": [""2020-12-31"", ""2021-09-28"", ""2021-11-01""]}"
DE-1-201670272,IN,IATI activity,sample,IN|non-energy|110,469,false,round_robin_strata_then_lexicographic_ID,"{""ID"": [""2021-12-31"", ""2022-03-15"", ""2022-11-14""], ""SN"": [""2021-12-31"", ""2022-03-15"", ""2023-06-21""], ""VN"": [""2021-12-31"", ""2022-03-15"", ""2022-12-13""], ""ZA"": [""2020-12-31"", ""2021-09-28"", ""2021-11-01""]}"
DE-1-201867720,IN,IATI activity,sample,IN|non-energy|421,470,false,round_robin_strata_then_lexicographic_ID,"{""ID"": [""2021-12-31"", ""2022-03-15"", ""2022-11-14""], ""SN"": [""2021-12-31"", ""2022-03-15"", ""2023-06-21""], ""VN"": [""2021-12-31"", ""2022-03-15"", ""2022-12-13""], ""ZA"": [""2020-12-31"", ""2021-09-28"", ""2021-11-01""]}"
DE-1-202368702,MA,IATI activity,sample,MA|non-energy|421,471,false,round_robin_strata_then_lexicographic_ID,"{""ID"": [""2021-12-31"", ""2022-03-15"", ""2022-11-14""], ""SN"": [""2021-12-31"", ""2022-03-15"", ""2023-06-21""], ""VN"": [""2021-12-31"", ""2022-03-15"", ""2022-12-13""], ""ZA"": [""2020-12-31"", ""2021-09-28"", ""2021-11-01""]}"
DE-1-201969104,IN,IATI activity,sample,IN|energy|421,472,false,round_robin_strata_then_lexicographic_ID,"{""ID"": [""2021-12-31"", ""2022-03-15"", ""2022-11-14""], ""SN"": [""2021-12-31"", ""2022-03-15"", ""2023-06-21""], ""VN"": [""2021-12-31"", ""2022-03-15"", ""2022-12-13""], ""ZA"": [""2020-12-31"", ""2021-09-28"", ""2021-11-01""]}"
DE-1-201670306,IN,IATI activity,sample,IN|non-energy|110,473,false,round_robin_strata_then_lexicographic_ID,"{""ID"": [""2021-12-31"", ""2022-03-15"", ""2022-11-14""], ""SN"": [""2021-12-31"", ""2022-03-15"", ""2023-06-21""], ""VN"": [""2021-12-31"", ""2022-03-15"", ""2022-12-13""], ""ZA"": [""2020-12-31"", ""2021-09-28"", ""2021-11-01""]}"
DE-1-201967983,IN,IATI activity,sample,IN|non-energy|421,474,false,round_robin_strata_then_lexicographic_ID,"{""ID"": [""2021-12-31"", ""2022-03-15"", ""2022-11-14""], ""SN"": [""2021-12-31"", ""2022-03-15"", ""2023-06-21""], ""VN"": [""2021-12-31"", ""2022-03-15"", ""2022-12-13""], ""ZA"": [""2020-12-31"", ""2021-09-28"", ""2021-11-01""]}"
DE-1-202068161,IN,IATI activity,sample,IN|energy|421,475,false,round_robin_strata_then_lexicographic_ID,"{""ID"": [""2021-12-31"", ""2022-03-15"", ""2022-11-14""], ""SN"": [""2021-12-31"", ""2022-03-15"", ""2023-06-21""], ""VN"": [""2021-12-31"", ""2022-03-15"", ""2022-12-13""], ""ZA"": [""2020-12-31"", ""2021-09-28"", ""2021-11-01""]}"
DE-1-201670447,IN,IATI activity,sample,IN|non-energy|110,476,false,round_robin_strata_then_lexicographic_ID,"{""ID"": [""2021-12-31"", ""2022-03-15"", ""2022-11-14""], ""SN"": [""2021-12-31"", ""2022-03-15"", ""2023-06-21""], ""VN"": [""2021-12-31"", ""2022-03-15"", ""2022-12-13""], ""ZA"": [""2020-12-31"", ""2021-09-28"", ""2021-11-01""]}"
DE-1-201967991,IN,IATI activity,sample,IN|non-energy|421,477,false,round_robin_strata_then_lexicographic_ID,"{""ID"": [""2021-12-31"", ""2022-03-15"", ""2022-11-14""], ""SN"": [""2021-12-31"", ""2022-03-15"", ""2023-06-21""], ""VN"": [""2021-12-31"", ""2022-03-15"", ""2022-12-13""], ""ZA"": [""2020-12-31"", ""2021-09-28"", ""2021-11-01""]}"
DE-1-202068690,IN,IATI activity,sample,IN|energy|421,478,false,round_robin_strata_then_lexicographic_ID,"{""ID"": [""2021-12-31"", ""2022-03-15"", ""2022-11-14""], ""SN"": [""2021-12-31"", ""2022-03-15"", ""2023-06-21""], ""VN"": [""2021-12-31"", ""2022-03-15"", ""2022-12-13""], ""ZA"": [""2020-12-31"", ""2021-09-28"", ""2021-11-01""]}"
DE-1-201701374,IN,IATI activity,sample,IN|non-energy|110,479,false,round_robin_strata_then_lexicographic_ID,"{""ID"": [""2021-12-31"", ""2022-03-15"", ""2022-11-14""], ""SN"": [""2021-12-31"", ""2022-03-15"", ""2023-06-21""], ""VN"": [""2021-12-31"", ""2022-03-15"", ""2022-12-13""], ""ZA"": [""2020-12-31"", ""2021-09-28"", ""2021-11-01""]}"
DE-1-201968288,IN,IATI activity,sample,IN|non-energy|421,480,false,round_robin_strata_then_lexicographic_ID,"{""ID"": [""2021-12-31"", ""2022-03-15"", ""2022-11-14""], ""SN"": [""2021-12-31"", ""2022-03-15"", ""2023-06-21""], ""VN"": [""2021-12-31"", ""2022-03-15"", ""2022-12-13""], ""ZA"": [""2020-12-31"", ""2021-09-28"", ""2021-11-01""]}"
DE-1-202168169,IN,IATI activity,sample,IN|energy|421,481,false,round_robin_strata_then_lexicographic_ID,"{""ID"": [""2021-12-31"", ""2022-03-15"", ""2022-11-14""], ""SN"": [""2021-12-31"", ""2022-03-15"", ""2023-06-21""], ""VN"": [""2021-12-31"", ""2022-03-15"", ""2022-12-13""], ""ZA"": [""2020-12-31"", ""2021-09-28"", ""2021-11-01""]}"
DE-1-201770429,IN,IATI activity,sample,IN|non-energy|110,482,false,round_robin_strata_then_lexicographic_ID,"{""ID"": [""2021-12-31"", ""2022-03-15"", ""2022-11-14""], ""SN"": [""2021-12-31"", ""2022-03-15"", ""2023-06-21""], ""VN"": [""2021-12-31"", ""2022-03-15"", ""2022-12-13""], ""ZA"": [""2020-12-31"", ""2021-09-28"", ""2021-11-01""]}"
DE-1-201968858,IN,IATI activity,sample,IN|non-energy|421,483,false,round_robin_strata_then_lexicographic_ID,"{""ID"": [""2021-12-31"", ""2022-03-15"", ""2022-11-14""], ""SN"": [""2021-12-31"", ""2022-03-15"", ""2023-06-21""], ""VN"": [""2021-12-31"", ""2022-03-15"", ""2022-12-13""], ""ZA"": [""2020-12-31"", ""2021-09-28"", ""2021-11-01""]}"
DE-1-202168433,IN,IATI activity,sample,IN|energy|421,484,false,round_robin_strata_then_lexicographic_ID,"{""ID"": [""2021-12-31"", ""2022-03-15"", ""2022-11-14""], ""SN"": [""2021-12-31"", ""2022-03-15"", ""2023-06-21""], ""VN"": [""2021-12-31"", ""2022-03-15"", ""2022-12-13""], ""ZA"": [""2020-12-31"", ""2021-09-28"", ""2021-11-01""]}"
DE-1-201770437,IN,IATI activity,sample,IN|non-energy|110,485,false,round_robin_strata_then_lexicographic_ID,"{""ID"": [""2021-12-31"", ""2022-03-15"", ""2022-11-14""], ""SN"": [""2021-12-31"", ""2022-03-15"", ""2023-06-21""], ""VN"": [""2021-12-31"", ""2022-03-15"", ""2022-12-13""], ""ZA"": [""2020-12-31"", ""2021-09-28"", ""2021-11-01""]}"
DE-1-201968932,IN,IATI activity,sample,IN|non-energy|421,486,false,round_robin_strata_then_lexicographic_ID,"{""ID"": [""2021-12-31"", ""2022-03-15"", ""2022-11-14""], ""SN"": [""2021-12-31"", ""2022-03-15"", ""2023-06-21""], ""VN"": [""2021-12-31"", ""2022-03-15"", ""2022-12-13""], ""ZA"": [""2020-12-31"", ""2021-09-28"", ""2021-11-01""]}"
DE-1-202168953,IN,IATI activity,sample,IN|energy|421,487,false,round_robin_strata_then_lexicographic_ID,"{""ID"": [""2021-12-31"", ""2022-03-15"", ""2022-11-14""], ""SN"": [""2021-12-31"", ""2022-03-15"", ""2023-06-21""], ""VN"": [""2021-12-31"", ""2022-03-15"", ""2022-12-13""], ""ZA"": [""2020-12-31"", ""2021-09-28"", ""2021-11-01""]}"
DE-1-201870179,IN,IATI activity,sample,IN|non-energy|110,488,false,round_robin_strata_then_lexicographic_ID,"{""ID"": [""2021-12-31"", ""2022-03-15"", ""2022-11-14""], ""SN"": [""2021-12-31"", ""2022-03-15"", ""2023-06-21""], ""VN"": [""2021-12-31"", ""2022-03-15"", ""2022-12-13""], ""ZA"": [""2020-12-31"", ""2021-09-28"", ""2021-11-01""]}"
DE-1-202068005,IN,IATI activity,sample,IN|non-energy|421,489,false,round_robin_strata_then_lexicographic_ID,"{""ID"": [""2021-12-31"", ""2022-03-15"", ""2022-11-14""], ""SN"": [""2021-12-31"", ""2022-03-15"", ""2023-06-21""], ""VN"": [""2021-12-31"", ""2022-03-15"", ""2022-12-13""], ""ZA"": [""2020-12-31"", ""2021-09-28"", ""2021-11-01""]}"
DE-1-202268084,IN,IATI activity,sample,IN|energy|421,490,false,round_robin_strata_then_lexicographic_ID,"{""ID"": [""2021-12-31"", ""2022-03-15"", ""2022-11-14""], ""SN"": [""2021-12-31"", ""2022-03-15"", ""2023-06-21""], ""VN"": [""2021-12-31"", ""2022-03-15"", ""2022-12-13""], ""ZA"": [""2020-12-31"", ""2021-09-28"", ""2021-11-01""]}"
DE-1-201870187,IN,IATI activity,sample,IN|non-energy|110,491,false,round_robin_strata_then_lexicographic_ID,"{""ID"": [""2021-12-31"", ""2022-03-15"", ""2022-11-14""], ""SN"": [""2021-12-31"", ""2022-03-15"", ""2023-06-21""], ""VN"": [""2021-12-31"", ""2022-03-15"", ""2022-12-13""], ""ZA"": [""2020-12-31"", ""2021-09-28"", ""2021-11-01""]}"
DE-1-202068153,IN,IATI activity,sample,IN|non-energy|421,492,false,round_robin_strata_then_lexicographic_ID,"{""ID"": [""2021-12-31"", ""2022-03-15"", ""2022-11-14""], ""SN"": [""2021-12-31"", ""2022-03-15"", ""2023-06-21""], ""VN"": [""2021-12-31"", ""2022-03-15"", ""2022-12-13""], ""ZA"": [""2020-12-31"", ""2021-09-28"", ""2021-11-01""]}"
DE-1-202367985,IN,IATI activity,sample,IN|energy|421,493,false,round_robin_strata_then_lexicographic_ID,"{""ID"": [""2021-12-31"", ""2022-03-15"", ""2022-11-14""], ""SN"": [""2021-12-31"", ""2022-03-15"", ""2023-06-21""], ""VN"": [""2021-12-31"", ""2022-03-15"", ""2022-12-13""], ""ZA"": [""2020-12-31"", ""2021-09-28"", ""2021-11-01""]}"
DE-1-201870211,IN,IATI activity,sample,IN|non-energy|110,494,false,round_robin_strata_then_lexicographic_ID,"{""ID"": [""2021-12-31"", ""2022-03-15"", ""2022-11-14""], ""SN"": [""2021-12-31"", ""2022-03-15"", ""2023-06-21""], ""VN"": [""2021-12-31"", ""2022-03-15"", ""2022-12-13""], ""ZA"": [""2020-12-31"", ""2021-09-28"", ""2021-11-01""]}"
DE-1-202068179,IN,IATI activity,sample,IN|non-energy|421,495,false,round_robin_strata_then_lexicographic_ID,"{""ID"": [""2021-12-31"", ""2022-03-15"", ""2022-11-14""], ""SN"": [""2021-12-31"", ""2022-03-15"", ""2023-06-21""], ""VN"": [""2021-12-31"", ""2022-03-15"", ""2022-12-13""], ""ZA"": [""2020-12-31"", ""2021-09-28"", ""2021-11-01""]}"
DE-1-202468023,IN,IATI activity,sample,IN|energy|421,496,false,round_robin_strata_then_lexicographic_ID,"{""ID"": [""2021-12-31"", ""2022-03-15"", ""2022-11-14""], ""SN"": [""2021-12-31"", ""2022-03-15"", ""2023-06-21""], ""VN"": [""2021-12-31"", ""2022-03-15"", ""2022-12-13""], ""ZA"": [""2020-12-31"", ""2021-09-28"", ""2021-11-01""]}"
DE-1-201870450,IN,IATI activity,sample,IN|non-energy|110,497,false,round_robin_strata_then_lexicographic_ID,"{""ID"": [""2021-12-31"", ""2022-03-15"", ""2022-11-14""], ""SN"": [""2021-12-31"", ""2022-03-15"", ""2023-06-21""], ""VN"": [""2021-12-31"", ""2022-03-15"", ""2022-12-13""], ""ZA"": [""2020-12-31"", ""2021-09-28"", ""2021-11-01""]}"
DE-1-202068237,IN,IATI activity,sample,IN|non-energy|421,498,false,round_robin_strata_then_lexicographic_ID,"{""ID"": [""2021-12-31"", ""2022-03-15"", ""2022-11-14""], ""SN"": [""2021-12-31"", ""2022-03-15"", ""2023-06-21""], ""VN"": [""2021-12-31"", ""2022-03-15"", ""2022-12-13""], ""ZA"": [""2020-12-31"", ""2021-09-28"", ""2021-11-01""]}"
DE-1-201901149,IN,IATI activity,sample,IN|non-energy|110,499,false,round_robin_strata_then_lexicographic_ID,"{""ID"": [""2021-12-31"", ""2022-03-15"", ""2022-11-14""], ""SN"": [""2021-12-31"", ""2022-03-15"", ""2023-06-21""], ""VN"": [""2021-12-31"", ""2022-03-15"", ""2022-12-13""], ""ZA"": [""2020-12-31"", ""2021-09-28"", ""2021-11-01""]}"
DE-1-202168177,IN,IATI activity,sample,IN|non-energy|421,500,false,round_robin_strata_then_lexicographic_ID,"{""ID"": [""2021-12-31"", ""2022-03-15"", ""2022-11-14""], ""SN"": [""2021-12-31"", ""2022-03-15"", ""2023-06-21""], ""VN"": [""2021-12-31"", ""2022-03-15"", ""2022-12-13""], ""ZA"": [""2020-12-31"", ""2021-09-28"", ""2021-11-01""]}"
DE-1-201970243,IN,IATI activity,sample,IN|non-energy|110,501,false,round_robin_strata_then_lexicographic_ID,"{""ID"": [""2021-12-31"", ""2022-03-15"", ""2022-11-14""], ""SN"": [""2021-12-31"", ""2022-03-15"", ""2023-06-21""], ""VN"": [""2021-12-31"", ""2022-03-15"", ""2022-12-13""], ""ZA"": [""2020-12-31"", ""2021-09-28"", ""2021-11-01""]}"
DE-1-202168441,IN,IATI activity,sample,IN|non-energy|421,502,false,round_robin_strata_then_lexicographic_ID,"{""ID"": [""2021-12-31"", ""2022-03-15"", ""2022-11-14""], ""SN"": [""2021-12-31"", ""2022-03-15"", ""2023-06-21""], ""VN"": [""2021-12-31"", ""2022-03-15"", ""2022-12-13""], ""ZA"": [""2020-12-31"", ""2021-09-28"", ""2021-11-01""]}"
DE-1-201970383,IN,IATI activity,sample,IN|non-energy|110,503,false,round_robin_strata_then_lexicographic_ID,"{""ID"": [""2021-12-31"", ""2022-03-15"", ""2022-11-14""], ""SN"": [""2021-12-31"", ""2022-03-15"", ""2023-06-21""], ""VN"": [""2021-12-31"", ""2022-03-15"", ""2022-12-13""], ""ZA"": [""2020-12-31"", ""2021-09-28"", ""2021-11-01""]}"
DE-1-202267813,IN,IATI activity,sample,IN|non-energy|421,504,false,round_robin_strata_then_lexicographic_ID,"{""ID"": [""2021-12-31"", ""2022-03-15"", ""2022-11-14""], ""SN"": [""2021-12-31"", ""2022-03-15"", ""2023-06-21""], ""VN"": [""2021-12-31"", ""2022-03-15"", ""2022-12-13""], ""ZA"": [""2020-12-31"", ""2021-09-28"", ""2021-11-01""]}"
DE-1-201970391,IN,IATI activity,sample,IN|non-energy|110,505,false,round_robin_strata_then_lexicographic_ID,"{""ID"": [""2021-12-31"", ""2022-03-15"", ""2022-11-14""], ""SN"": [""2021-12-31"", ""2022-03-15"", ""2023-06-21""], ""VN"": [""2021-12-31"", ""2022-03-15"", ""2022-12-13""], ""ZA"": [""2020-12-31"", ""2021-09-28"", ""2021-11-01""]}"
DE-1-201970409,IN,IATI activity,sample,IN|non-energy|110,506,false,round_robin_strata_then_lexicographic_ID,"{""ID"": [""2021-12-31"", ""2022-03-15"", ""2022-11-14""], ""SN"": [""2021-12-31"", ""2022-03-15"", ""2023-06-21""], ""VN"": [""2021-12-31"", ""2022-03-15"", ""2022-12-13""], ""ZA"": [""2020-12-31"", ""2021-09-28"", ""2021-11-01""]}"
DE-1-202067973,IN,IATI activity,sample,IN|non-energy|110,507,false,round_robin_strata_then_lexicographic_ID,"{""ID"": [""2021-12-31"", ""2022-03-15"", ""2022-11-14""], ""SN"": [""2021-12-31"", ""2022-03-15"", ""2023-06-21""], ""VN"": [""2021-12-31"", ""2022-03-15"", ""2022-12-13""], ""ZA"": [""2020-12-31"", ""2021-09-28"", ""2021-11-01""]}"
DE-1-202068229,IN,IATI activity,sample,IN|non-energy|110,508,false,round_robin_strata_then_lexicographic_ID,"{""ID"": [""2021-12-31"", ""2022-03-15"", ""2022-11-14""], ""SN"": [""2021-12-31"", ""2022-03-15"", ""2023-06-21""], ""VN"": [""2021-12-31"", ""2022-03-15"", ""2022-12-13""], ""ZA"": [""2020-12-31"", ""2021-09-28"", ""2021-11-01""]}"
DE-1-202068526,IN,IATI activity,sample,IN|non-energy|110,509,false,round_robin_strata_then_lexicographic_ID,"{""ID"": [""2021-12-31"", ""2022-03-15"", ""2022-11-14""], ""SN"": [""2021-12-31"", ""2022-03-15"", ""2023-06-21""], ""VN"": [""2021-12-31"", ""2022-03-15"", ""2022-12-13""], ""ZA"": [""2020-12-31"", ""2021-09-28"", ""2021-11-01""]}"
DE-1-202068856,IN,IATI activity,sample,IN|non-energy|110,510,false,round_robin_strata_then_lexicographic_ID,"{""ID"": [""2021-12-31"", ""2022-03-15"", ""2022-11-14""], ""SN"": [""2021-12-31"", ""2022-03-15"", ""2023-06-21""], ""VN"": [""2021-12-31"", ""2022-03-15"", ""2022-12-13""], ""ZA"": [""2020-12-31"", ""2021-09-28"", ""2021-11-01""]}"
DE-1-202070183,IN,IATI activity,sample,IN|non-energy|110,511,false,round_robin_strata_then_lexicographic_ID,"{""ID"": [""2021-12-31"", ""2022-03-15"", ""2022-11-14""], ""SN"": [""2021-12-31"", ""2022-03-15"", ""2023-06-21""], ""VN"": [""2021-12-31"", ""2022-03-15"", ""2022-12-13""], ""ZA"": [""2020-12-31"", ""2021-09-28"", ""2021-11-01""]}"
DE-1-202070209,IN,IATI activity,sample,IN|non-energy|110,512,false,round_robin_strata_then_lexicographic_ID,"{""ID"": [""2021-12-31"", ""2022-03-15"", ""2022-11-14""], ""SN"": [""2021-12-31"", ""2022-03-15"", ""2023-06-21""], ""VN"": [""2021-12-31"", ""2022-03-15"", ""2022-12-13""], ""ZA"": [""2020-12-31"", ""2021-09-28"", ""2021-11-01""]}"
DE-1-202070225,IN,IATI activity,sample,IN|non-energy|110,513,false,round_robin_strata_then_lexicographic_ID,"{""ID"": [""2021-12-31"", ""2022-03-15"", ""2022-11-14""], ""SN"": [""2021-12-31"", ""2022-03-15"", ""2023-06-21""], ""VN"": [""2021-12-31"", ""2022-03-15"", ""2022-12-13""], ""ZA"": [""2020-12-31"", ""2021-09-28"", ""2021-11-01""]}"
DE-1-202101251,IN,IATI activity,sample,IN|non-energy|110,514,false,round_robin_strata_then_lexicographic_ID,"{""ID"": [""2021-12-31"", ""2022-03-15"", ""2022-11-14""], ""SN"": [""2021-12-31"", ""2022-03-15"", ""2023-06-21""], ""VN"": [""2021-12-31"", ""2022-03-15"", ""2022-12-13""], ""ZA"": [""2020-12-31"", ""2021-09-28"", ""2021-11-01""]}"
DE-1-202170108,IN,IATI activity,sample,IN|non-energy|110,515,false,round_robin_strata_then_lexicographic_ID,"{""ID"": [""2021-12-31"", ""2022-03-15"", ""2022-11-14""], ""SN"": [""2021-12-31"", ""2022-03-15"", ""2023-06-21""], ""VN"": [""2021-12-31"", ""2022-03-15"", ""2022-12-13""], ""ZA"": [""2020-12-31"", ""2021-09-28"", ""2021-11-01""]}"
DE-1-202170215,IN,IATI activity,sample,IN|non-energy|110,516,false,round_robin_strata_then_lexicographic_ID,"{""ID"": [""2021-12-31"", ""2022-03-15"", ""2022-11-14""], ""SN"": [""2021-12-31"", ""2022-03-15"", ""2023-06-21""], ""VN"": [""2021-12-31"", ""2022-03-15"", ""2022-12-13""], ""ZA"": [""2020-12-31"", ""2021-09-28"", ""2021-11-01""]}"
DE-1-202270098,IN,IATI activity,sample,IN|non-energy|110,517,false,round_robin_strata_then_lexicographic_ID,"{""ID"": [""2021-12-31"", ""2022-03-15"", ""2022-11-14""], ""SN"": [""2021-12-31"", ""2022-03-15"", ""2023-06-21""], ""VN"": [""2021-12-31"", ""2022-03-15"", ""2022-12-13""], ""ZA"": [""2020-12-31"", ""2021-09-28"", ""2021-11-01""]}"
DE-1-199170366,MA,IATI activity,challenge,MA|non-energy|110,,true,mandatory_ID_or_smallest_pre2013_start_proxy,"{""ID"": [""2021-12-31"", ""2022-03-15"", ""2022-11-14""], ""SN"": [""2021-12-31"", ""2022-03-15"", ""2023-06-21""], ""VN"": [""2021-12-31"", ""2022-03-15"", ""2022-12-13""], ""ZA"": [""2020-12-31"", ""2021-09-28"", ""2021-11-01""]}"
DE-1-199370321,IN,IATI activity,challenge,IN|non-energy|110,,true,mandatory_ID_or_smallest_pre2013_start_proxy,"{""ID"": [""2021-12-31"", ""2022-03-15"", ""2022-11-14""], ""SN"": [""2021-12-31"", ""2022-03-15"", ""2023-06-21""], ""VN"": [""2021-12-31"", ""2022-03-15"", ""2022-12-13""], ""ZA"": [""2020-12-31"", ""2021-09-28"", ""2021-11-01""]}"
DE-1-201365154,IN,IATI activity,challenge,IN|non-energy|421,,true,mandatory_ID_or_smallest_pre2013_start_proxy,"{""ID"": [""2021-12-31"", ""2022-03-15"", ""2022-11-14""], ""SN"": [""2021-12-31"", ""2022-03-15"", ""2023-06-21""], ""VN"": [""2021-12-31"", ""2022-03-15"", ""2022-12-13""], ""ZA"": [""2020-12-31"", ""2021-09-28"", ""2021-11-01""]}"
DE-1-201366764,MA,IATI activity,challenge,MA|energy|421,,true,mandatory_ID_or_smallest_pre2013_start_proxy,"{""ID"": [""2021-12-31"", ""2022-03-15"", ""2022-11-14""], ""SN"": [""2021-12-31"", ""2022-03-15"", ""2023-06-21""], ""VN"": [""2021-12-31"", ""2022-03-15"", ""2022-12-13""], ""ZA"": [""2020-12-31"", ""2021-09-28"", ""2021-11-01""]}"
