case_id,country,source_unit,role,stratum,rank,selected,selection_reason,baseline_alternatives
GB-1-109635,AL,programme,sample,AL|mixed-or-unmapped|missing,1,true,frozen lexicographic stratum round robin; no status/date filter,"{""ID"": [""2021-12-31"", ""2022-03-15"", ""2022-11-14""], ""SN"": [""2021-12-31"", ""2022-03-15"", ""2023-06-21""], ""VN"": [""2021-12-31"", ""2022-03-15"", ""2022-12-13""], ""ZA"": [""2020-12-31"", ""2021-09-28"", ""2021-11-01""]}"
GB-1-107154,ID,programme,sample,ID|mixed-or-unmapped|missing,2,true,frozen lexicographic stratum round robin; no status/date filter,"{""ID"": [""2021-12-31"", ""2022-03-15"", ""2022-11-14""], ""SN"": [""2021-12-31"", ""2022-03-15"", ""2023-06-21""], ""VN"": [""2021-12-31"", ""2022-03-15"", ""2022-12-13""], ""ZA"": [""2020-12-31"", ""2021-09-28"", ""2021-11-01""]}"
GB-1-107859,IN,programme,sample,IN|mixed-or-unmapped|missing,3,true,frozen lexicographic stratum round robin; no status/date filter,"{""ID"": [""2021-12-31"", ""2022-03-15"", ""2022-11-14""], ""SN"": [""2021-12-31"", ""2022-03-15"", ""2023-06-21""], ""VN"": [""2021-12-31"", ""2022-03-15"", ""2022-12-13""], ""ZA"": [""2020-12-31"", ""2021-09-28"", ""2021-11-01""]}"
GB-GOV-3-Chevening Scholarships-MA,MA,programme,sample,MA|mixed-or-unmapped|missing,4,true,frozen lexicographic stratum round robin; no status/date filter,"{""ID"": [""2021-12-31"", ""2022-03-15"", ""2022-11-14""], ""SN"": [""2021-12-31"", ""2022-03-15"", ""2023-06-21""], ""VN"": [""2021-12-31"", ""2022-03-15"", ""2022-12-13""], ""ZA"": [""2020-12-31"", ""2021-09-28"", ""2021-11-01""]}"
GB-1-110657,SN,programme,sample,SN|mixed-or-unmapped|missing,5,true,frozen lexicographic stratum round robin; no status/date filter,"{""ID"": [""2021-12-31"", ""2022-03-15"", ""2022-11-14""], ""SN"": [""2021-12-31"", ""2022-03-15"", ""2023-06-21""], ""VN"": [""2021-12-31"", ""2022-03-15"", ""2022-12-13""], ""ZA"": [""2020-12-31"", ""2021-09-28"", ""2021-11-01""]}"
GB-1-108984,VN,programme,sample,VN|mixed-or-unmapped|missing,6,true,frozen lexicographic stratum round robin; no status/date filter,"{""ID"": [""2021-12-31"", ""2022-03-15"", ""2022-11-14""], ""SN"": [""2021-12-31"", ""2022-03-15"", ""2023-06-21""], ""VN"": [""2021-12-31"", ""2022-03-15"", ""2022-12-13""], ""ZA"": [""2020-12-31"", ""2021-09-28"", ""2021-11-01""]}"
GB-1-104836,ZA,programme,sample,ZA|mixed-or-unmapped|missing,7,true,frozen lexicographic stratum round robin; no status/date filter,"{""ID"": [""2021-12-31"", ""2022-03-15"", ""2022-11-14""], ""SN"": [""2021-12-31"", ""2022-03-15"", ""2023-06-21""], ""VN"": [""2021-12-31"", ""2022-03-15"", ""2022-12-13""], ""ZA"": [""2020-12-31"", ""2021-09-28"", ""2021-11-01""]}"
GB-1-109636,AL,programme,sample,AL|mixed-or-unmapped|missing,8,true,frozen lexicographic stratum round robin; no status/date filter,"{""ID"": [""2021-12-31"", ""2022-03-15"", ""2022-11-14""], ""SN"": [""2021-12-31"", ""2022-03-15"", ""2023-06-21""], ""VN"": [""2021-12-31"", ""2022-03-15"", ""2022-12-13""], ""ZA"": [""2020-12-31"", ""2021-09-28"", ""2021-11-01""]}"
GB-1-107160,ID,programme,sample,ID|mixed-or-unmapped|missing,9,true,frozen lexicographic stratum round robin; no status/date filter,"{""ID"": [""2021-12-31"", ""2022-03-15"", ""2022-11-14""], ""SN"": [""2021-12-31"", ""2022-03-15"", ""2023-06-21""], ""VN"": [""2021-12-31"", ""2022-03-15"", ""2022-12-13""], ""ZA"": [""2020-12-31"", ""2021-09-28"", ""2021-11-01""]}"
GB-1-107874,IN,programme,sample,IN|mixed-or-unmapped|missing,10,true,frozen lexicographic stratum round robin; no status/date filter,"{""ID"": [""2021-12-31"", ""2022-03-15"", ""2022-11-14""], ""SN"": [""2021-12-31"", ""2022-03-15"", ""2023-06-21""], ""VN"": [""2021-12-31"", ""2022-03-15"", ""2022-12-13""], ""ZA"": [""2020-12-31"", ""2021-09-28"", ""2021-11-01""]}"
GB-GOV-3-Frontline Diplomatic Enabling Activity-MA,MA,programme,sample,MA|mixed-or-unmapped|missing,11,true,frozen lexicographic stratum round robin; no status/date filter,"{""ID"": [""2021-12-31"", ""2022-03-15"", ""2022-11-14""], ""SN"": [""2021-12-31"", ""2022-03-15"", ""2023-06-21""], ""VN"": [""2021-12-31"", ""2022-03-15"", ""2022-12-13""], ""ZA"": [""2020-12-31"", ""2021-09-28"", ""2021-11-01""]}"
GB-1-113505,SN,programme,sample,SN|mixed-or-unmapped|missing,12,true,frozen lexicographic stratum round robin; no status/date filter,"{""ID"": [""2021-12-31"", ""2022-03-15"", ""2022-11-14""], ""SN"": [""2021-12-31"", ""2022-03-15"", ""2023-06-21""], ""VN"": [""2021-12-31"", ""2022-03-15"", ""2022-12-13""], ""ZA"": [""2020-12-31"", ""2021-09-28"", ""2021-11-01""]}"
GB-1-108988,VN,programme,sample,VN|mixed-or-unmapped|missing,13,false,frozen lexicographic stratum round robin; no status/date filter,"{""ID"": [""2021-12-31"", ""2022-03-15"", ""2022-11-14""], ""SN"": [""2021-12-31"", ""2022-03-15"", ""2023-06-21""], ""VN"": [""2021-12-31"", ""2022-03-15"", ""2022-12-13""], ""ZA"": [""2020-12-31"", ""2021-09-28"", ""2021-11-01""]}"
GB-1-104853,ZA,programme,sample,ZA|mixed-or-unmapped|missing,14,false,frozen lexicographic stratum round robin; no status/date filter,"{""ID"": [""2021-12-31"", ""2022-03-15"", ""2022-11-14""], ""SN"": [""2021-12-31"", ""2022-03-15"", ""2023-06-21""], ""VN"": [""2021-12-31"", ""2022-03-15"", ""2022-12-13""], ""ZA"": [""2020-12-31"", ""2021-09-28"", ""2021-11-01""]}"
GB-GOV-1-400376,AL,programme,sample,AL|mixed-or-unmapped|missing,15,false,frozen lexicographic stratum round robin; no status/date filter,"{""ID"": [""2021-12-31"", ""2022-03-15"", ""2022-11-14""], ""SN"": [""2021-12-31"", ""2022-03-15"", ""2023-06-21""], ""VN"": [""2021-12-31"", ""2022-03-15"", ""2022-12-13""], ""ZA"": [""2020-12-31"", ""2021-09-28"", ""2021-11-01""]}"
GB-1-108230,ID,programme,sample,ID|mixed-or-unmapped|missing,16,false,frozen lexicographic stratum round robin; no status/date filter,"{""ID"": [""2021-12-31"", ""2022-03-15"", ""2022-11-14""], ""SN"": [""2021-12-31"", ""2022-03-15"", ""2023-06-21""], ""VN"": [""2021-12-31"", ""2022-03-15"", ""2022-12-13""], ""ZA"": [""2020-12-31"", ""2021-09-28"", ""2021-11-01""]}"
GB-1-107891,IN,programme,sample,IN|mixed-or-unmapped|missing,17,false,frozen lexicographic stratum round robin; no status/date filter,"{""ID"": [""2021-12-31"", ""2022-03-15"", ""2022-11-14""], ""SN"": [""2021-12-31"", ""2022-03-15"", ""2023-06-21""], ""VN"": [""2021-12-31"", ""2022-03-15"", ""2022-12-13""], ""ZA"": [""2020-12-31"", ""2021-09-28"", ""2021-11-01""]}"
GB-GOV-3-HRRBIS-MA,MA,programme,sample,MA|mixed-or-unmapped|missing,18,false,frozen lexicographic stratum round robin; no status/date filter,"{""ID"": [""2021-12-31"", ""2022-03-15"", ""2022-11-14""], ""SN"": [""2021-12-31"", ""2022-03-15"", ""2023-06-21""], ""VN"": [""2021-12-31"", ""2022-03-15"", ""2022-12-13""], ""ZA"": [""2020-12-31"", ""2021-09-28"", ""2021-11-01""]}"
GB-GOV-1-400829,SN,programme,sample,SN|mixed-or-unmapped|missing,19,false,frozen lexicographic stratum round robin; no status/date filter,"{""ID"": [""2021-12-31"", ""2022-03-15"", ""2022-11-14""], ""SN"": [""2021-12-31"", ""2022-03-15"", ""2023-06-21""], ""VN"": [""2021-12-31"", ""2022-03-15"", ""2022-12-13""], ""ZA"": [""2020-12-31"", ""2021-09-28"", ""2021-11-01""]}"
GB-1-108990,VN,programme,sample,VN|mixed-or-unmapped|missing,20,false,frozen lexicographic stratum round robin; no status/date filter,"{""ID"": [""2021-12-31"", ""2022-03-15"", ""2022-11-14""], ""SN"": [""2021-12-31"", ""2022-03-15"", ""2023-06-21""], ""VN"": [""2021-12-31"", ""2022-03-15"", ""2022-12-13""], ""ZA"": [""2020-12-31"", ""2021-09-28"", ""2021-11-01""]}"
GB-1-104854,ZA,programme,sample,ZA|mixed-or-unmapped|missing,21,false,frozen lexicographic stratum round robin; no status/date filter,"{""ID"": [""2021-12-31"", ""2022-03-15"", ""2022-11-14""], ""SN"": [""2021-12-31"", ""2022-03-15"", ""2023-06-21""], ""VN"": [""2021-12-31"", ""2022-03-15"", ""2022-12-13""], ""ZA"": [""2020-12-31"", ""2021-09-28"", ""2021-11-01""]}"
GB-GOV-3-Chevening Scholarships-AL,AL,programme,sample,AL|mixed-or-unmapped|missing,22,false,frozen lexicographic stratum round robin; no status/date filter,"{""ID"": [""2021-12-31"", ""2022-03-15"", ""2022-11-14""], ""SN"": [""2021-12-31"", ""2022-03-15"", ""2023-06-21""], ""VN"": [""2021-12-31"", ""2022-03-15"", ""2022-12-13""], ""ZA"": [""2020-12-31"", ""2021-09-28"", ""2021-11-01""]}"
GB-1-108257,ID,programme,sample,ID|mixed-or-unmapped|missing,23,false,frozen lexicographic stratum round robin; no status/date filter,"{""ID"": [""2021-12-31"", ""2022-03-15"", ""2022-11-14""], ""SN"": [""2021-12-31"", ""2022-03-15"", ""2023-06-21""], ""VN"": [""2021-12-31"", ""2022-03-15"", ""2022-12-13""], ""ZA"": [""2020-12-31"", ""2021-09-28"", ""2021-11-01""]}"
GB-1-107900,IN,programme,sample,IN|mixed-or-unmapped|missing,24,false,frozen lexicographic stratum round robin; no status/date filter,"{""ID"": [""2021-12-31"", ""2022-03-15"", ""2022-11-14""], ""SN"": [""2021-12-31"", ""2022-03-15"", ""2023-06-21""], ""VN"": [""2021-12-31"", ""2022-03-15"", ""2022-12-13""], ""ZA"": [""2020-12-31"", ""2021-09-28"", ""2021-11-01""]}"
"GB-GOV-3-Human Rights, Democracy, and the Rule of Law-MA",MA,programme,sample,MA|mixed-or-unmapped|missing,25,false,frozen lexicographic stratum round robin; no status/date filter,"{""ID"": [""2021-12-31"", ""2022-03-15"", ""2022-11-14""], ""SN"": [""2021-12-31"", ""2022-03-15"", ""2023-06-21""], ""VN"": [""2021-12-31"", ""2022-03-15"", ""2022-12-13""], ""ZA"": [""2020-12-31"", ""2021-09-28"", ""2021-11-01""]}"
GB-GOV-1-400851,SN,programme,sample,SN|mixed-or-unmapped|missing,26,false,frozen lexicographic stratum round robin; no status/date filter,"{""ID"": [""2021-12-31"", ""2022-03-15"", ""2022-11-14""], ""SN"": [""2021-12-31"", ""2022-03-15"", ""2023-06-21""], ""VN"": [""2021-12-31"", ""2022-03-15"", ""2022-12-13""], ""ZA"": [""2020-12-31"", ""2021-09-28"", ""2021-11-01""]}"
GB-1-108994,VN,programme,sample,VN|mixed-or-unmapped|missing,27,false,frozen lexicographic stratum round robin; no status/date filter,"{""ID"": [""2021-12-31"", ""2022-03-15"", ""2022-11-14""], ""SN"": [""2021-12-31"", ""2022-03-15"", ""2023-06-21""], ""VN"": [""2021-12-31"", ""2022-03-15"", ""2022-12-13""], ""ZA"": [""2020-12-31"", ""2021-09-28"", ""2021-11-01""]}"
GB-1-104855,ZA,programme,sample,ZA|mixed-or-unmapped|missing,28,false,frozen lexicographic stratum round robin; no status/date filter,"{""ID"": [""2021-12-31"", ""2022-03-15"", ""2022-11-14""], ""SN"": [""2021-12-31"", ""2022-03-15"", ""2023-06-21""], ""VN"": [""2021-12-31"", ""2022-03-15"", ""2022-12-13""], ""ZA"": [""2020-12-31"", ""2021-09-28"", ""2021-11-01""]}"
GB-GOV-3-Combatting Serious and Organised Crime-AL,AL,programme,sample,AL|mixed-or-unmapped|missing,29,false,frozen lexicographic stratum round robin; no status/date filter,"{""ID"": [""2021-12-31"", ""2022-03-15"", ""2022-11-14""], ""SN"": [""2021-12-31"", ""2022-03-15"", ""2023-06-21""], ""VN"": [""2021-12-31"", ""2022-03-15"", ""2022-12-13""], ""ZA"": [""2020-12-31"", ""2021-09-28"", ""2021-11-01""]}"
GB-1-108261,ID,programme,sample,ID|mixed-or-unmapped|missing,30,false,frozen lexicographic stratum round robin; no status/date filter,"{""ID"": [""2021-12-31"", ""2022-03-15"", ""2022-11-14""], ""SN"": [""2021-12-31"", ""2022-03-15"", ""2023-06-21""], ""VN"": [""2021-12-31"", ""2022-03-15"", ""2022-12-13""], ""ZA"": [""2020-12-31"", ""2021-09-28"", ""2021-11-01""]}"
GB-1-107904,IN,programme,sample,IN|mixed-or-unmapped|missing,31,false,frozen lexicographic stratum round robin; no status/date filter,"{""ID"": [""2021-12-31"", ""2022-03-15"", ""2022-11-14""], ""SN"": [""2021-12-31"", ""2022-03-15"", ""2023-06-21""], ""VN"": [""2021-12-31"", ""2022-03-15"", ""2022-12-13""], ""ZA"": [""2020-12-31"", ""2021-09-28"", ""2021-11-01""]}"
GB-GOV-3-PHR-MOR-041701,MA,programme,sample,MA|mixed-or-unmapped|missing,32,false,frozen lexicographic stratum round robin; no status/date filter,"{""ID"": [""2021-12-31"", ""2022-03-15"", ""2022-11-14""], ""SN"": [""2021-12-31"", ""2022-03-15"", ""2023-06-21""], ""VN"": [""2021-12-31"", ""2022-03-15"", ""2022-12-13""], ""ZA"": [""2020-12-31"", ""2021-09-28"", ""2021-11-01""]}"
GB-GOV-1-400869,SN,programme,sample,SN|mixed-or-unmapped|missing,33,false,frozen lexicographic stratum round robin; no status/date filter,"{""ID"": [""2021-12-31"", ""2022-03-15"", ""2022-11-14""], ""SN"": [""2021-12-31"", ""2022-03-15"", ""2023-06-21""], ""VN"": [""2021-12-31"", ""2022-03-15"", ""2022-12-13""], ""ZA"": [""2020-12-31"", ""2021-09-28"", ""2021-11-01""]}"
GB-1-109000,VN,programme,sample,VN|mixed-or-unmapped|missing,34,false,frozen lexicographic stratum round robin; no status/date filter,"{""ID"": [""2021-12-31"", ""2022-03-15"", ""2022-11-14""], ""SN"": [""2021-12-31"", ""2022-03-15"", ""2023-06-21""], ""VN"": [""2021-12-31"", ""2022-03-15"", ""2022-12-13""], ""ZA"": [""2020-12-31"", ""2021-09-28"", ""2021-11-01""]}"
GB-1-104886,ZA,programme,sample,ZA|mixed-or-unmapped|missing,35,false,frozen lexicographic stratum round robin; no status/date filter,"{""ID"": [""2021-12-31"", ""2022-03-15"", ""2022-11-14""], ""SN"": [""2021-12-31"", ""2022-03-15"", ""2023-06-21""], ""VN"": [""2021-12-31"", ""2022-03-15"", ""2022-12-13""], ""ZA"": [""2020-12-31"", ""2021-09-28"", ""2021-11-01""]}"
GB-GOV-3-FDEACRI-AL,AL,programme,sample,AL|mixed-or-unmapped|missing,36,false,frozen lexicographic stratum round robin; no status/date filter,"{""ID"": [""2021-12-31"", ""2022-03-15"", ""2022-11-14""], ""SN"": [""2021-12-31"", ""2022-03-15"", ""2023-06-21""], ""VN"": [""2021-12-31"", ""2022-03-15"", ""2022-12-13""], ""ZA"": [""2020-12-31"", ""2021-09-28"", ""2021-11-01""]}"
GB-1-108262,ID,programme,sample,ID|mixed-or-unmapped|missing,37,false,frozen lexicographic stratum round robin; no status/date filter,"{""ID"": [""2021-12-31"", ""2022-03-15"", ""2022-11-14""], ""SN"": [""2021-12-31"", ""2022-03-15"", ""2023-06-21""], ""VN"": [""2021-12-31"", ""2022-03-15"", ""2022-12-13""], ""ZA"": [""2020-12-31"", ""2021-09-28"", ""2021-11-01""]}"
GB-1-107905,IN,programme,sample,IN|mixed-or-unmapped|missing,38,false,frozen lexicographic stratum round robin; no status/date filter,"{""ID"": [""2021-12-31"", ""2022-03-15"", ""2022-11-14""], ""SN"": [""2021-12-31"", ""2022-03-15"", ""2023-06-21""], ""VN"": [""2021-12-31"", ""2022-03-15"", ""2022-12-13""], ""ZA"": [""2020-12-31"", ""2021-09-28"", ""2021-11-01""]}"
GB-GOV-3-PMN-APF-000215,MA,programme,sample,MA|mixed-or-unmapped|missing,39,false,frozen lexicographic stratum round robin; no status/date filter,"{""ID"": [""2021-12-31"", ""2022-03-15"", ""2022-11-14""], ""SN"": [""2021-12-31"", ""2022-03-15"", ""2023-06-21""], ""VN"": [""2021-12-31"", ""2022-03-15"", ""2022-12-13""], ""ZA"": [""2020-12-31"", ""2021-09-28"", ""2021-11-01""]}"
GB-GOV-3-Chevening Scholarships-SN,SN,programme,sample,SN|mixed-or-unmapped|missing,40,false,frozen lexicographic stratum round robin; no status/date filter,"{""ID"": [""2021-12-31"", ""2022-03-15"", ""2022-11-14""], ""SN"": [""2021-12-31"", ""2022-03-15"", ""2023-06-21""], ""VN"": [""2021-12-31"", ""2022-03-15"", ""2022-12-13""], ""ZA"": [""2020-12-31"", ""2021-09-28"", ""2021-11-01""]}"
GB-1-109001,VN,programme,sample,VN|mixed-or-unmapped|missing,41,false,frozen lexicographic stratum round robin; no status/date filter,"{""ID"": [""2021-12-31"", ""2022-03-15"", ""2022-11-14""], ""SN"": [""2021-12-31"", ""2022-03-15"", ""2023-06-21""], ""VN"": [""2021-12-31"", ""2022-03-15"", ""2022-12-13""], ""ZA"": [""2020-12-31"", ""2021-09-28"", ""2021-11-01""]}"
GB-1-104888,ZA,programme,sample,ZA|mixed-or-unmapped|missing,42,false,frozen lexicographic stratum round robin; no status/date filter,"{""ID"": [""2021-12-31"", ""2022-03-15"", ""2022-11-14""], ""SN"": [""2021-12-31"", ""2022-03-15"", ""2023-06-21""], ""VN"": [""2021-12-31"", ""2022-03-15"", ""2022-12-13""], ""ZA"": [""2020-12-31"", ""2021-09-28"", ""2021-11-01""]}"
GB-GOV-3-FDEAG-AL,AL,programme,sample,AL|mixed-or-unmapped|missing,43,false,frozen lexicographic stratum round robin; no status/date filter,"{""ID"": [""2021-12-31"", ""2022-03-15"", ""2022-11-14""], ""SN"": [""2021-12-31"", ""2022-03-15"", ""2023-06-21""], ""VN"": [""2021-12-31"", ""2022-03-15"", ""2022-12-13""], ""ZA"": [""2020-12-31"", ""2021-09-28"", ""2021-11-01""]}"
GB-1-114251,ID,programme,sample,ID|mixed-or-unmapped|missing,44,false,frozen lexicographic stratum round robin; no status/date filter,"{""ID"": [""2021-12-31"", ""2022-03-15"", ""2022-11-14""], ""SN"": [""2021-12-31"", ""2022-03-15"", ""2023-06-21""], ""VN"": [""2021-12-31"", ""2022-03-15"", ""2022-12-13""], ""ZA"": [""2020-12-31"", ""2021-09-28"", ""2021-11-01""]}"
GB-1-107906,IN,programme,sample,IN|mixed-or-unmapped|missing,45,false,frozen lexicographic stratum round robin; no status/date filter,"{""ID"": [""2021-12-31"", ""2022-03-15"", ""2022-11-14""], ""SN"": [""2021-12-31"", ""2022-03-15"", ""2023-06-21""], ""VN"": [""2021-12-31"", ""2022-03-15"", ""2022-12-13""], ""ZA"": [""2020-12-31"", ""2021-09-28"", ""2021-11-01""]}"
GB-GOV-3-PMN-APF-000216,MA,programme,sample,MA|mixed-or-unmapped|missing,46,false,frozen lexicographic stratum round robin; no status/date filter,"{""ID"": [""2021-12-31"", ""2022-03-15"", ""2022-11-14""], ""SN"": [""2021-12-31"", ""2022-03-15"", ""2023-06-21""], ""VN"": [""2021-12-31"", ""2022-03-15"", ""2022-12-13""], ""ZA"": [""2020-12-31"", ""2021-09-28"", ""2021-11-01""]}"
GB-GOV-3-Combatting Serious and Organised Crime-SN,SN,programme,sample,SN|mixed-or-unmapped|missing,47,false,frozen lexicographic stratum round robin; no status/date filter,"{""ID"": [""2021-12-31"", ""2022-03-15"", ""2022-11-14""], ""SN"": [""2021-12-31"", ""2022-03-15"", ""2023-06-21""], ""VN"": [""2021-12-31"", ""2022-03-15"", ""2022-12-13""], ""ZA"": [""2020-12-31"", ""2021-09-28"", ""2021-11-01""]}"
GB-1-109005,VN,programme,sample,VN|mixed-or-unmapped|missing,48,false,frozen lexicographic stratum round robin; no status/date filter,"{""ID"": [""2021-12-31"", ""2022-03-15"", ""2022-11-14""], ""SN"": [""2021-12-31"", ""2022-03-15"", ""2023-06-21""], ""VN"": [""2021-12-31"", ""2022-03-15"", ""2022-12-13""], ""ZA"": [""2020-12-31"", ""2021-09-28"", ""2021-11-01""]}"
GB-1-104905,ZA,programme,sample,ZA|mixed-or-unmapped|missing,49,false,frozen lexicographic stratum round robin; no status/date filter,"{""ID"": [""2021-12-31"", ""2022-03-15"", ""2022-11-14""], ""SN"": [""2021-12-31"", ""2022-03-15"", ""2023-06-21""], ""VN"": [""2021-12-31"", ""2022-03-15"", ""2022-12-13""], ""ZA"": [""2020-12-31"", ""2021-09-28"", ""2021-11-01""]}"
GB-GOV-3-Frontline Diplomatic Enabling Activity-AL,AL,programme,sample,AL|mixed-or-unmapped|missing,50,false,frozen lexicographic stratum round robin; no status/date filter,"{""ID"": [""2021-12-31"", ""2022-03-15"", ""2022-11-14""], ""SN"": [""2021-12-31"", ""2022-03-15"", ""2023-06-21""], ""VN"": [""2021-12-31"", ""2022-03-15"", ""2022-12-13""], ""ZA"": [""2020-12-31"", ""2021-09-28"", ""2021-11-01""]}"
GB-1-114360,ID,programme,sample,ID|mixed-or-unmapped|missing,51,false,frozen lexicographic stratum round robin; no status/date filter,"{""ID"": [""2021-12-31"", ""2022-03-15"", ""2022-11-14""], ""SN"": [""2021-12-31"", ""2022-03-15"", ""2023-06-21""], ""VN"": [""2021-12-31"", ""2022-03-15"", ""2022-12-13""], ""ZA"": [""2020-12-31"", ""2021-09-28"", ""2021-11-01""]}"
GB-1-107907,IN,programme,sample,IN|mixed-or-unmapped|missing,52,false,frozen lexicographic stratum round robin; no status/date filter,"{""ID"": [""2021-12-31"", ""2022-03-15"", ""2022-11-14""], ""SN"": [""2021-12-31"", ""2022-03-15"", ""2023-06-21""], ""VN"": [""2021-12-31"", ""2022-03-15"", ""2022-12-13""], ""ZA"": [""2020-12-31"", ""2021-09-28"", ""2021-11-01""]}"
GB-GOV-3-PMN-APF-000219,MA,programme,sample,MA|mixed-or-unmapped|missing,53,false,frozen lexicographic stratum round robin; no status/date filter,"{""ID"": [""2021-12-31"", ""2022-03-15"", ""2022-11-14""], ""SN"": [""2021-12-31"", ""2022-03-15"", ""2023-06-21""], ""VN"": [""2021-12-31"", ""2022-03-15"", ""2022-12-13""], ""ZA"": [""2020-12-31"", ""2021-09-28"", ""2021-11-01""]}"
GB-GOV-3-DCF-SED-160002,SN,programme,sample,SN|mixed-or-unmapped|missing,54,false,frozen lexicographic stratum round robin; no status/date filter,"{""ID"": [""2021-12-31"", ""2022-03-15"", ""2022-11-14""], ""SN"": [""2021-12-31"", ""2022-03-15"", ""2023-06-21""], ""VN"": [""2021-12-31"", ""2022-03-15"", ""2022-12-13""], ""ZA"": [""2020-12-31"", ""2021-09-28"", ""2021-11-01""]}"
GB-1-109010,VN,programme,sample,VN|mixed-or-unmapped|missing,55,false,frozen lexicographic stratum round robin; no status/date filter,"{""ID"": [""2021-12-31"", ""2022-03-15"", ""2022-11-14""], ""SN"": [""2021-12-31"", ""2022-03-15"", ""2023-06-21""], ""VN"": [""2021-12-31"", ""2022-03-15"", ""2022-12-13""], ""ZA"": [""2020-12-31"", ""2021-09-28"", ""2021-11-01""]}"
GB-1-104938,ZA,programme,sample,ZA|mixed-or-unmapped|missing,56,false,frozen lexicographic stratum round robin; no status/date filter,"{""ID"": [""2021-12-31"", ""2022-03-15"", ""2022-11-14""], ""SN"": [""2021-12-31"", ""2022-03-15"", ""2023-06-21""], ""VN"": [""2021-12-31"", ""2022-03-15"", ""2022-12-13""], ""ZA"": [""2020-12-31"", ""2021-09-28"", ""2021-11-01""]}"
"GB-GOV-3-Governance, Education and Culture-AL",AL,programme,sample,AL|mixed-or-unmapped|missing,57,false,frozen lexicographic stratum round robin; no status/date filter,"{""ID"": [""2021-12-31"", ""2022-03-15"", ""2022-11-14""], ""SN"": [""2021-12-31"", ""2022-03-15"", ""2023-06-21""], ""VN"": [""2021-12-31"", ""2022-03-15"", ""2022-12-13""], ""ZA"": [""2020-12-31"", ""2021-09-28"", ""2021-11-01""]}"
GB-1-114437,ID,programme,sample,ID|mixed-or-unmapped|missing,58,false,frozen lexicographic stratum round robin; no status/date filter,"{""ID"": [""2021-12-31"", ""2022-03-15"", ""2022-11-14""], ""SN"": [""2021-12-31"", ""2022-03-15"", ""2023-06-21""], ""VN"": [""2021-12-31"", ""2022-03-15"", ""2022-12-13""], ""ZA"": [""2020-12-31"", ""2021-09-28"", ""2021-11-01""]}"
GB-1-107908,IN,programme,sample,IN|mixed-or-unmapped|missing,59,false,frozen lexicographic stratum round robin; no status/date filter,"{""ID"": [""2021-12-31"", ""2022-03-15"", ""2022-11-14""], ""SN"": [""2021-12-31"", ""2022-03-15"", ""2023-06-21""], ""VN"": [""2021-12-31"", ""2022-03-15"", ""2022-12-13""], ""ZA"": [""2020-12-31"", ""2021-09-28"", ""2021-11-01""]}"
GB-GOV-3-PMN-APF-000220,MA,programme,sample,MA|mixed-or-unmapped|missing,60,false,frozen lexicographic stratum round robin; no status/date filter,"{""ID"": [""2021-12-31"", ""2022-03-15"", ""2022-11-14""], ""SN"": [""2021-12-31"", ""2022-03-15"", ""2023-06-21""], ""VN"": [""2021-12-31"", ""2022-03-15"", ""2022-12-13""], ""ZA"": [""2020-12-31"", ""2021-09-28"", ""2021-11-01""]}"
GB-GOV-3-Economic Security and Opportunity-SN,SN,programme,sample,SN|mixed-or-unmapped|missing,61,false,frozen lexicographic stratum round robin; no status/date filter,"{""ID"": [""2021-12-31"", ""2022-03-15"", ""2022-11-14""], ""SN"": [""2021-12-31"", ""2022-03-15"", ""2023-06-21""], ""VN"": [""2021-12-31"", ""2022-03-15"", ""2022-12-13""], ""ZA"": [""2020-12-31"", ""2021-09-28"", ""2021-11-01""]}"
GB-1-109015,VN,programme,sample,VN|mixed-or-unmapped|missing,62,false,frozen lexicographic stratum round robin; no status/date filter,"{""ID"": [""2021-12-31"", ""2022-03-15"", ""2022-11-14""], ""SN"": [""2021-12-31"", ""2022-03-15"", ""2023-06-21""], ""VN"": [""2021-12-31"", ""2022-03-15"", ""2022-12-13""], ""ZA"": [""2020-12-31"", ""2021-09-28"", ""2021-11-01""]}"
GB-1-104964,ZA,programme,sample,ZA|mixed-or-unmapped|missing,63,false,frozen lexicographic stratum round robin; no status/date filter,"{""ID"": [""2021-12-31"", ""2022-03-15"", ""2022-11-14""], ""SN"": [""2021-12-31"", ""2022-03-15"", ""2023-06-21""], ""VN"": [""2021-12-31"", ""2022-03-15"", ""2022-12-13""], ""ZA"": [""2020-12-31"", ""2021-09-28"", ""2021-11-01""]}"
GB-GOV-3-HRRBIS-AL,AL,programme,sample,AL|mixed-or-unmapped|missing,64,false,frozen lexicographic stratum round robin; no status/date filter,"{""ID"": [""2021-12-31"", ""2022-03-15"", ""2022-11-14""], ""SN"": [""2021-12-31"", ""2022-03-15"", ""2023-06-21""], ""VN"": [""2021-12-31"", ""2022-03-15"", ""2022-12-13""], ""ZA"": [""2020-12-31"", ""2021-09-28"", ""2021-11-01""]}"
GB-1-114457,ID,programme,sample,ID|mixed-or-unmapped|missing,65,false,frozen lexicographic stratum round robin; no status/date filter,"{""ID"": [""2021-12-31"", ""2022-03-15"", ""2022-11-14""], ""SN"": [""2021-12-31"", ""2022-03-15"", ""2023-06-21""], ""VN"": [""2021-12-31"", ""2022-03-15"", ""2022-12-13""], ""ZA"": [""2020-12-31"", ""2021-09-28"", ""2021-11-01""]}"
GB-1-107935,IN,programme,sample,IN|mixed-or-unmapped|missing,66,false,frozen lexicographic stratum round robin; no status/date filter,"{""ID"": [""2021-12-31"", ""2022-03-15"", ""2022-11-14""], ""SN"": [""2021-12-31"", ""2022-03-15"", ""2023-06-21""], ""VN"": [""2021-12-31"", ""2022-03-15"", ""2022-12-13""], ""ZA"": [""2020-12-31"", ""2021-09-28"", ""2021-11-01""]}"
GB-GOV-3-PMN-APF-000221,MA,programme,sample,MA|mixed-or-unmapped|missing,67,false,frozen lexicographic stratum round robin; no status/date filter,"{""ID"": [""2021-12-31"", ""2022-03-15"", ""2022-11-14""], ""SN"": [""2021-12-31"", ""2022-03-15"", ""2023-06-21""], ""VN"": [""2021-12-31"", ""2022-03-15"", ""2022-12-13""], ""ZA"": [""2020-12-31"", ""2021-09-28"", ""2021-11-01""]}"
GB-GOV-3-FDEA-SN,SN,programme,sample,SN|mixed-or-unmapped|missing,68,false,frozen lexicographic stratum round robin; no status/date filter,"{""ID"": [""2021-12-31"", ""2022-03-15"", ""2022-11-14""], ""SN"": [""2021-12-31"", ""2022-03-15"", ""2023-06-21""], ""VN"": [""2021-12-31"", ""2022-03-15"", ""2022-12-13""], ""ZA"": [""2020-12-31"", ""2021-09-28"", ""2021-11-01""]}"
GB-1-109018,VN,programme,sample,VN|mixed-or-unmapped|missing,69,false,frozen lexicographic stratum round robin; no status/date filter,"{""ID"": [""2021-12-31"", ""2022-03-15"", ""2022-11-14""], ""SN"": [""2021-12-31"", ""2022-03-15"", ""2023-06-21""], ""VN"": [""2021-12-31"", ""2022-03-15"", ""2022-12-13""], ""ZA"": [""2020-12-31"", ""2021-09-28"", ""2021-11-01""]}"
GB-1-105349,ZA,programme,sample,ZA|mixed-or-unmapped|missing,70,false,frozen lexicographic stratum round robin; no status/date filter,"{""ID"": [""2021-12-31"", ""2022-03-15"", ""2022-11-14""], ""SN"": [""2021-12-31"", ""2022-03-15"", ""2023-06-21""], ""VN"": [""2021-12-31"", ""2022-03-15"", ""2022-12-13""], ""ZA"": [""2020-12-31"", ""2021-09-28"", ""2021-11-01""]}"
GB-GOV-3-HRRBIS-AL-FY19/20,AL,programme,sample,AL|mixed-or-unmapped|missing,71,false,frozen lexicographic stratum round robin; no status/date filter,"{""ID"": [""2021-12-31"", ""2022-03-15"", ""2022-11-14""], ""SN"": [""2021-12-31"", ""2022-03-15"", ""2023-06-21""], ""VN"": [""2021-12-31"", ""2022-03-15"", ""2022-12-13""], ""ZA"": [""2020-12-31"", ""2021-09-28"", ""2021-11-01""]}"
GB-1-200494,ID,programme,sample,ID|mixed-or-unmapped|missing,72,false,frozen lexicographic stratum round robin; no status/date filter,"{""ID"": [""2021-12-31"", ""2022-03-15"", ""2022-11-14""], ""SN"": [""2021-12-31"", ""2022-03-15"", ""2023-06-21""], ""VN"": [""2021-12-31"", ""2022-03-15"", ""2022-12-13""], ""ZA"": [""2020-12-31"", ""2021-09-28"", ""2021-11-01""]}"
GB-1-107938,IN,programme,sample,IN|mixed-or-unmapped|missing,73,false,frozen lexicographic stratum round robin; no status/date filter,"{""ID"": [""2021-12-31"", ""2022-03-15"", ""2022-11-14""], ""SN"": [""2021-12-31"", ""2022-03-15"", ""2023-06-21""], ""VN"": [""2021-12-31"", ""2022-03-15"", ""2022-12-13""], ""ZA"": [""2020-12-31"", ""2021-09-28"", ""2021-11-01""]}"
GB-GOV-3-PMN-APF-000222,MA,programme,sample,MA|mixed-or-unmapped|missing,74,false,frozen lexicographic stratum round robin; no status/date filter,"{""ID"": [""2021-12-31"", ""2022-03-15"", ""2022-11-14""], ""SN"": [""2021-12-31"", ""2022-03-15"", ""2023-06-21""], ""VN"": [""2021-12-31"", ""2022-03-15"", ""2022-12-13""], ""ZA"": [""2020-12-31"", ""2021-09-28"", ""2021-11-01""]}"
GB-GOV-3-FDEA-SN-FY19/20,SN,programme,sample,SN|mixed-or-unmapped|missing,75,false,frozen lexicographic stratum round robin; no status/date filter,"{""ID"": [""2021-12-31"", ""2022-03-15"", ""2022-11-14""], ""SN"": [""2021-12-31"", ""2022-03-15"", ""2023-06-21""], ""VN"": [""2021-12-31"", ""2022-03-15"", ""2022-12-13""], ""ZA"": [""2020-12-31"", ""2021-09-28"", ""2021-11-01""]}"
GB-1-109021,VN,programme,sample,VN|mixed-or-unmapped|missing,76,false,frozen lexicographic stratum round robin; no status/date filter,"{""ID"": [""2021-12-31"", ""2022-03-15"", ""2022-11-14""], ""SN"": [""2021-12-31"", ""2022-03-15"", ""2023-06-21""], ""VN"": [""2021-12-31"", ""2022-03-15"", ""2022-12-13""], ""ZA"": [""2020-12-31"", ""2021-09-28"", ""2021-11-01""]}"
GB-1-113336,ZA,programme,sample,ZA|mixed-or-unmapped|missing,77,false,frozen lexicographic stratum round robin; no status/date filter,"{""ID"": [""2021-12-31"", ""2022-03-15"", ""2022-11-14""], ""SN"": [""2021-12-31"", ""2022-03-15"", ""2023-06-21""], ""VN"": [""2021-12-31"", ""2022-03-15"", ""2022-12-13""], ""ZA"": [""2020-12-31"", ""2021-09-28"", ""2021-11-01""]}"
"GB-GOV-3-Human Rights, Democracy, and the Rule of Law-AL",AL,programme,sample,AL|mixed-or-unmapped|missing,78,false,frozen lexicographic stratum round robin; no status/date filter,"{""ID"": [""2021-12-31"", ""2022-03-15"", ""2022-11-14""], ""SN"": [""2021-12-31"", ""2022-03-15"", ""2023-06-21""], ""VN"": [""2021-12-31"", ""2022-03-15"", ""2022-12-13""], ""ZA"": [""2020-12-31"", ""2021-09-28"", ""2021-11-01""]}"
GB-1-201024,ID,programme,sample,ID|mixed-or-unmapped|missing,79,false,frozen lexicographic stratum round robin; no status/date filter,"{""ID"": [""2021-12-31"", ""2022-03-15"", ""2022-11-14""], ""SN"": [""2021-12-31"", ""2022-03-15"", ""2023-06-21""], ""VN"": [""2021-12-31"", ""2022-03-15"", ""2022-12-13""], ""ZA"": [""2020-12-31"", ""2021-09-28"", ""2021-11-01""]}"
GB-1-107949,IN,programme,sample,IN|mixed-or-unmapped|missing,80,false,frozen lexicographic stratum round robin; no status/date filter,"{""ID"": [""2021-12-31"", ""2022-03-15"", ""2022-11-14""], ""SN"": [""2021-12-31"", ""2022-03-15"", ""2023-06-21""], ""VN"": [""2021-12-31"", ""2022-03-15"", ""2022-12-13""], ""ZA"": [""2020-12-31"", ""2021-09-28"", ""2021-11-01""]}"
GB-GOV-3-PMN-APF-000223,MA,programme,sample,MA|mixed-or-unmapped|missing,81,false,frozen lexicographic stratum round robin; no status/date filter,"{""ID"": [""2021-12-31"", ""2022-03-15"", ""2022-11-14""], ""SN"": [""2021-12-31"", ""2022-03-15"", ""2023-06-21""], ""VN"": [""2021-12-31"", ""2022-03-15"", ""2022-12-13""], ""ZA"": [""2020-12-31"", ""2021-09-28"", ""2021-11-01""]}"
GB-GOV-3-FDEACRI-SN,SN,programme,sample,SN|mixed-or-unmapped|missing,82,false,frozen lexicographic stratum round robin; no status/date filter,"{""ID"": [""2021-12-31"", ""2022-03-15"", ""2022-11-14""], ""SN"": [""2021-12-31"", ""2022-03-15"", ""2023-06-21""], ""VN"": [""2021-12-31"", ""2022-03-15"", ""2022-12-13""], ""ZA"": [""2020-12-31"", ""2021-09-28"", ""2021-11-01""]}"
GB-1-109025,VN,programme,sample,VN|mixed-or-unmapped|missing,83,false,frozen lexicographic stratum round robin; no status/date filter,"{""ID"": [""2021-12-31"", ""2022-03-15"", ""2022-11-14""], ""SN"": [""2021-12-31"", ""2022-03-15"", ""2023-06-21""], ""VN"": [""2021-12-31"", ""2022-03-15"", ""2022-12-13""], ""ZA"": [""2020-12-31"", ""2021-09-28"", ""2021-11-01""]}"
GB-1-113968,ZA,programme,sample,ZA|mixed-or-unmapped|missing,84,false,frozen lexicographic stratum round robin; no status/date filter,"{""ID"": [""2021-12-31"", ""2022-03-15"", ""2022-11-14""], ""SN"": [""2021-12-31"", ""2022-03-15"", ""2023-06-21""], ""VN"": [""2021-12-31"", ""2022-03-15"", ""2022-12-13""], ""ZA"": [""2020-12-31"", ""2021-09-28"", ""2021-11-01""]}"
GB-GOV-3-PEU-BPB-150747,AL,programme,sample,AL|mixed-or-unmapped|missing,85,false,frozen lexicographic stratum round robin; no status/date filter,"{""ID"": [""2021-12-31"", ""2022-03-15"", ""2022-11-14""], ""SN"": [""2021-12-31"", ""2022-03-15"", ""2023-06-21""], ""VN"": [""2021-12-31"", ""2022-03-15"", ""2022-12-13""], ""ZA"": [""2020-12-31"", ""2021-09-28"", ""2021-11-01""]}"
GB-1-201042,ID,programme,sample,ID|mixed-or-unmapped|missing,86,false,frozen lexicographic stratum round robin; no status/date filter,"{""ID"": [""2021-12-31"", ""2022-03-15"", ""2022-11-14""], ""SN"": [""2021-12-31"", ""2022-03-15"", ""2023-06-21""], ""VN"": [""2021-12-31"", ""2022-03-15"", ""2022-12-13""], ""ZA"": [""2020-12-31"", ""2021-09-28"", ""2021-11-01""]}"
GB-1-107951,IN,programme,sample,IN|mixed-or-unmapped|missing,87,false,frozen lexicographic stratum round robin; no status/date filter,"{""ID"": [""2021-12-31"", ""2022-03-15"", ""2022-11-14""], ""SN"": [""2021-12-31"", ""2022-03-15"", ""2023-06-21""], ""VN"": [""2021-12-31"", ""2022-03-15"", ""2022-12-13""], ""ZA"": [""2020-12-31"", ""2021-09-28"", ""2021-11-01""]}"
GB-GOV-3-PMN-APF-000224,MA,programme,sample,MA|mixed-or-unmapped|missing,88,false,frozen lexicographic stratum round robin; no status/date filter,"{""ID"": [""2021-12-31"", ""2022-03-15"", ""2022-11-14""], ""SN"": [""2021-12-31"", ""2022-03-15"", ""2023-06-21""], ""VN"": [""2021-12-31"", ""2022-03-15"", ""2022-12-13""], ""ZA"": [""2020-12-31"", ""2021-09-28"", ""2021-11-01""]}"
GB-GOV-3-Frontline Diplomatic Enabling Activity-SN,SN,programme,sample,SN|mixed-or-unmapped|missing,89,false,frozen lexicographic stratum round robin; no status/date filter,"{""ID"": [""2021-12-31"", ""2022-03-15"", ""2022-11-14""], ""SN"": [""2021-12-31"", ""2022-03-15"", ""2023-06-21""], ""VN"": [""2021-12-31"", ""2022-03-15"", ""2022-12-13""], ""ZA"": [""2020-12-31"", ""2021-09-28"", ""2021-11-01""]}"
GB-1-109030,VN,programme,sample,VN|mixed-or-unmapped|missing,90,false,frozen lexicographic stratum round robin; no status/date filter,"{""ID"": [""2021-12-31"", ""2022-03-15"", ""2022-11-14""], ""SN"": [""2021-12-31"", ""2022-03-15"", ""2023-06-21""], ""VN"": [""2021-12-31"", ""2022-03-15"", ""2022-12-13""], ""ZA"": [""2020-12-31"", ""2021-09-28"", ""2021-11-01""]}"
GB-1-113971,ZA,programme,sample,ZA|mixed-or-unmapped|missing,91,false,frozen lexicographic stratum round robin; no status/date filter,"{""ID"": [""2021-12-31"", ""2022-03-15"", ""2022-11-14""], ""SN"": [""2021-12-31"", ""2022-03-15"", ""2023-06-21""], ""VN"": [""2021-12-31"", ""2022-03-15"", ""2022-12-13""], ""ZA"": [""2020-12-31"", ""2021-09-28"", ""2021-11-01""]}"
GB-GOV-3-PEU-BPF-160701,AL,programme,sample,AL|mixed-or-unmapped|missing,92,false,frozen lexicographic stratum round robin; no status/date filter,"{""ID"": [""2021-12-31"", ""2022-03-15"", ""2022-11-14""], ""SN"": [""2021-12-31"", ""2022-03-15"", ""2023-06-21""], ""VN"": [""2021-12-31"", ""2022-03-15"", ""2022-12-13""], ""ZA"": [""2020-12-31"", ""2021-09-28"", ""2021-11-01""]}"
GB-1-201052,ID,programme,sample,ID|mixed-or-unmapped|missing,93,false,frozen lexicographic stratum round robin; no status/date filter,"{""ID"": [""2021-12-31"", ""2022-03-15"", ""2022-11-14""], ""SN"": [""2021-12-31"", ""2022-03-15"", ""2023-06-21""], ""VN"": [""2021-12-31"", ""2022-03-15"", ""2022-12-13""], ""ZA"": [""2020-12-31"", ""2021-09-28"", ""2021-11-01""]}"
GB-1-107955,IN,programme,sample,IN|mixed-or-unmapped|missing,94,false,frozen lexicographic stratum round robin; no status/date filter,"{""ID"": [""2021-12-31"", ""2022-03-15"", ""2022-11-14""], ""SN"": [""2021-12-31"", ""2022-03-15"", ""2023-06-21""], ""VN"": [""2021-12-31"", ""2022-03-15"", ""2022-12-13""], ""ZA"": [""2020-12-31"", ""2021-09-28"", ""2021-11-01""]}"
GB-GOV-3-PMN-APFD-MOR-171201,MA,programme,sample,MA|mixed-or-unmapped|missing,95,false,frozen lexicographic stratum round robin; no status/date filter,"{""ID"": [""2021-12-31"", ""2022-03-15"", ""2022-11-14""], ""SN"": [""2021-12-31"", ""2022-03-15"", ""2023-06-21""], ""VN"": [""2021-12-31"", ""2022-03-15"", ""2022-12-13""], ""ZA"": [""2020-12-31"", ""2021-09-28"", ""2021-11-01""]}"
GB-GOV-3-PAF-SED-160001,SN,programme,sample,SN|mixed-or-unmapped|missing,96,false,frozen lexicographic stratum round robin; no status/date filter,"{""ID"": [""2021-12-31"", ""2022-03-15"", ""2022-11-14""], ""SN"": [""2021-12-31"", ""2022-03-15"", ""2023-06-21""], ""VN"": [""2021-12-31"", ""2022-03-15"", ""2022-12-13""], ""ZA"": [""2020-12-31"", ""2021-09-28"", ""2021-11-01""]}"
GB-1-113313,VN,programme,sample,VN|mixed-or-unmapped|missing,97,false,frozen lexicographic stratum round robin; no status/date filter,"{""ID"": [""2021-12-31"", ""2022-03-15"", ""2022-11-14""], ""SN"": [""2021-12-31"", ""2022-03-15"", ""2023-06-21""], ""VN"": [""2021-12-31"", ""2022-03-15"", ""2022-12-13""], ""ZA"": [""2020-12-31"", ""2021-09-28"", ""2021-11-01""]}"
GB-1-113993,ZA,programme,sample,ZA|mixed-or-unmapped|missing,98,false,frozen lexicographic stratum round robin; no status/date filter,"{""ID"": [""2021-12-31"", ""2022-03-15"", ""2022-11-14""], ""SN"": [""2021-12-31"", ""2022-03-15"", ""2023-06-21""], ""VN"": [""2021-12-31"", ""2022-03-15"", ""2022-12-13""], ""ZA"": [""2020-12-31"", ""2021-09-28"", ""2021-11-01""]}"
GB-GOV-3-PEU-BPF-160703,AL,programme,sample,AL|mixed-or-unmapped|missing,99,false,frozen lexicographic stratum round robin; no status/date filter,"{""ID"": [""2021-12-31"", ""2022-03-15"", ""2022-11-14""], ""SN"": [""2021-12-31"", ""2022-03-15"", ""2023-06-21""], ""VN"": [""2021-12-31"", ""2022-03-15"", ""2022-12-13""], ""ZA"": [""2020-12-31"", ""2021-09-28"", ""2021-11-01""]}"
GB-1-201190,ID,programme,sample,ID|mixed-or-unmapped|missing,100,false,frozen lexicographic stratum round robin; no status/date filter,"{""ID"": [""2021-12-31"", ""2022-03-15"", ""2022-11-14""], ""SN"": [""2021-12-31"", ""2022-03-15"", ""2023-06-21""], ""VN"": [""2021-12-31"", ""2022-03-15"", ""2022-12-13""], ""ZA"": [""2020-12-31"", ""2021-09-28"", ""2021-11-01""]}"
GB-1-107981,IN,programme,sample,IN|mixed-or-unmapped|missing,101,false,frozen lexicographic stratum round robin; no status/date filter,"{""ID"": [""2021-12-31"", ""2022-03-15"", ""2022-11-14""], ""SN"": [""2021-12-31"", ""2022-03-15"", ""2023-06-21""], ""VN"": [""2021-12-31"", ""2022-03-15"", ""2022-12-13""], ""ZA"": [""2020-12-31"", ""2021-09-28"", ""2021-11-01""]}"
GB-GOV-3-PMN-APFD-MOR-1714001,MA,programme,sample,MA|mixed-or-unmapped|missing,102,false,frozen lexicographic stratum round robin; no status/date filter,"{""ID"": [""2021-12-31"", ""2022-03-15"", ""2022-11-14""], ""SN"": [""2021-12-31"", ""2022-03-15"", ""2023-06-21""], ""VN"": [""2021-12-31"", ""2022-03-15"", ""2022-12-13""], ""ZA"": [""2020-12-31"", ""2021-09-28"", ""2021-11-01""]}"
GB-GOV-3-PAF-SED-160002,SN,programme,sample,SN|mixed-or-unmapped|missing,103,false,frozen lexicographic stratum round robin; no status/date filter,"{""ID"": [""2021-12-31"", ""2022-03-15"", ""2022-11-14""], ""SN"": [""2021-12-31"", ""2022-03-15"", ""2023-06-21""], ""VN"": [""2021-12-31"", ""2022-03-15"", ""2022-12-13""], ""ZA"": [""2020-12-31"", ""2021-09-28"", ""2021-11-01""]}"
GB-1-113588,VN,programme,sample,VN|mixed-or-unmapped|missing,104,false,frozen lexicographic stratum round robin; no status/date filter,"{""ID"": [""2021-12-31"", ""2022-03-15"", ""2022-11-14""], ""SN"": [""2021-12-31"", ""2022-03-15"", ""2023-06-21""], ""VN"": [""2021-12-31"", ""2022-03-15"", ""2022-12-13""], ""ZA"": [""2020-12-31"", ""2021-09-28"", ""2021-11-01""]}"
GB-1-200325,ZA,programme,sample,ZA|mixed-or-unmapped|missing,105,false,frozen lexicographic stratum round robin; no status/date filter,"{""ID"": [""2021-12-31"", ""2022-03-15"", ""2022-11-14""], ""SN"": [""2021-12-31"", ""2022-03-15"", ""2023-06-21""], ""VN"": [""2021-12-31"", ""2022-03-15"", ""2022-12-13""], ""ZA"": [""2020-12-31"", ""2021-09-28"", ""2021-11-01""]}"
GB-GOV-3-PEU-BPF-160704,AL,programme,sample,AL|mixed-or-unmapped|missing,106,false,frozen lexicographic stratum round robin; no status/date filter,"{""ID"": [""2021-12-31"", ""2022-03-15"", ""2022-11-14""], ""SN"": [""2021-12-31"", ""2022-03-15"", ""2023-06-21""], ""VN"": [""2021-12-31"", ""2022-03-15"", ""2022-12-13""], ""ZA"": [""2020-12-31"", ""2021-09-28"", ""2021-11-01""]}"
GB-1-201485,ID,programme,sample,ID|mixed-or-unmapped|missing,107,false,frozen lexicographic stratum round robin; no status/date filter,"{""ID"": [""2021-12-31"", ""2022-03-15"", ""2022-11-14""], ""SN"": [""2021-12-31"", ""2022-03-15"", ""2023-06-21""], ""VN"": [""2021-12-31"", ""2022-03-15"", ""2022-12-13""], ""ZA"": [""2020-12-31"", ""2021-09-28"", ""2021-11-01""]}"
GB-1-107987,IN,programme,sample,IN|mixed-or-unmapped|missing,108,false,frozen lexicographic stratum round robin; no status/date filter,"{""ID"": [""2021-12-31"", ""2022-03-15"", ""2022-11-14""], ""SN"": [""2021-12-31"", ""2022-03-15"", ""2023-06-21""], ""VN"": [""2021-12-31"", ""2022-03-15"", ""2022-12-13""], ""ZA"": [""2020-12-31"", ""2021-09-28"", ""2021-11-01""]}"
GB-GOV-3-PMN-APFD-MOR-1714003,MA,programme,sample,MA|mixed-or-unmapped|missing,109,false,frozen lexicographic stratum round robin; no status/date filter,"{""ID"": [""2021-12-31"", ""2022-03-15"", ""2022-11-14""], ""SN"": [""2021-12-31"", ""2022-03-15"", ""2023-06-21""], ""VN"": [""2021-12-31"", ""2022-03-15"", ""2022-12-13""], ""ZA"": [""2020-12-31"", ""2021-09-28"", ""2021-11-01""]}"
GB-GOV-3-PAP-JAT-002356,SN,programme,sample,SN|mixed-or-unmapped|missing,110,false,frozen lexicographic stratum round robin; no status/date filter,"{""ID"": [""2021-12-31"", ""2022-03-15"", ""2022-11-14""], ""SN"": [""2021-12-31"", ""2022-03-15"", ""2023-06-21""], ""VN"": [""2021-12-31"", ""2022-03-15"", ""2022-12-13""], ""ZA"": [""2020-12-31"", ""2021-09-28"", ""2021-11-01""]}"
GB-1-113926,VN,programme,sample,VN|mixed-or-unmapped|missing,111,false,frozen lexicographic stratum round robin; no status/date filter,"{""ID"": [""2021-12-31"", ""2022-03-15"", ""2022-11-14""], ""SN"": [""2021-12-31"", ""2022-03-15"", ""2023-06-21""], ""VN"": [""2021-12-31"", ""2022-03-15"", ""2022-12-13""], ""ZA"": [""2020-12-31"", ""2021-09-28"", ""2021-11-01""]}"
GB-1-200509,ZA,programme,sample,ZA|mixed-or-unmapped|missing,112,false,frozen lexicographic stratum round robin; no status/date filter,"{""ID"": [""2021-12-31"", ""2022-03-15"", ""2022-11-14""], ""SN"": [""2021-12-31"", ""2022-03-15"", ""2023-06-21""], ""VN"": [""2021-12-31"", ""2022-03-15"", ""2022-12-13""], ""ZA"": [""2020-12-31"", ""2021-09-28"", ""2021-11-01""]}"
GB-GOV-3-PEU-BPF-160705,AL,programme,sample,AL|mixed-or-unmapped|missing,113,false,frozen lexicographic stratum round robin; no status/date filter,"{""ID"": [""2021-12-31"", ""2022-03-15"", ""2022-11-14""], ""SN"": [""2021-12-31"", ""2022-03-15"", ""2023-06-21""], ""VN"": [""2021-12-31"", ""2022-03-15"", ""2022-12-13""], ""ZA"": [""2020-12-31"", ""2021-09-28"", ""2021-11-01""]}"
GB-1-201533,ID,programme,sample,ID|mixed-or-unmapped|missing,114,false,frozen lexicographic stratum round robin; no status/date filter,"{""ID"": [""2021-12-31"", ""2022-03-15"", ""2022-11-14""], ""SN"": [""2021-12-31"", ""2022-03-15"", ""2023-06-21""], ""VN"": [""2021-12-31"", ""2022-03-15"", ""2022-12-13""], ""ZA"": [""2020-12-31"", ""2021-09-28"", ""2021-11-01""]}"
GB-1-108000,IN,programme,sample,IN|mixed-or-unmapped|missing,115,false,frozen lexicographic stratum round robin; no status/date filter,"{""ID"": [""2021-12-31"", ""2022-03-15"", ""2022-11-14""], ""SN"": [""2021-12-31"", ""2022-03-15"", ""2023-06-21""], ""VN"": [""2021-12-31"", ""2022-03-15"", ""2022-12-13""], ""ZA"": [""2020-12-31"", ""2021-09-28"", ""2021-11-01""]}"
GB-GOV-3-PMN-APFD-MOR-1714004,MA,programme,sample,MA|mixed-or-unmapped|missing,116,false,frozen lexicographic stratum round robin; no status/date filter,"{""ID"": [""2021-12-31"", ""2022-03-15"", ""2022-11-14""], ""SN"": [""2021-12-31"", ""2022-03-15"", ""2023-06-21""], ""VN"": [""2021-12-31"", ""2022-03-15"", ""2022-12-13""], ""ZA"": [""2020-12-31"", ""2021-09-28"", ""2021-11-01""]}"
GB-1-114186,VN,programme,sample,VN|mixed-or-unmapped|missing,117,false,frozen lexicographic stratum round robin; no status/date filter,"{""ID"": [""2021-12-31"", ""2022-03-15"", ""2022-11-14""], ""SN"": [""2021-12-31"", ""2022-03-15"", ""2023-06-21""], ""VN"": [""2021-12-31"", ""2022-03-15"", ""2022-12-13""], ""ZA"": [""2020-12-31"", ""2021-09-28"", ""2021-11-01""]}"
GB-1-200994,ZA,programme,sample,ZA|mixed-or-unmapped|missing,118,false,frozen lexicographic stratum round robin; no status/date filter,"{""ID"": [""2021-12-31"", ""2022-03-15"", ""2022-11-14""], ""SN"": [""2021-12-31"", ""2022-03-15"", ""2023-06-21""], ""VN"": [""2021-12-31"", ""2022-03-15"", ""2022-12-13""], ""ZA"": [""2020-12-31"", ""2021-09-28"", ""2021-11-01""]}"
GB-GOV-3-PEU-BPF-160706,AL,programme,sample,AL|mixed-or-unmapped|missing,119,false,frozen lexicographic stratum round robin; no status/date filter,"{""ID"": [""2021-12-31"", ""2022-03-15"", ""2022-11-14""], ""SN"": [""2021-12-31"", ""2022-03-15"", ""2023-06-21""], ""VN"": [""2021-12-31"", ""2022-03-15"", ""2022-12-13""], ""ZA"": [""2020-12-31"", ""2021-09-28"", ""2021-11-01""]}"
GB-1-201571,ID,programme,sample,ID|mixed-or-unmapped|missing,120,false,frozen lexicographic stratum round robin; no status/date filter,"{""ID"": [""2021-12-31"", ""2022-03-15"", ""2022-11-14""], ""SN"": [""2021-12-31"", ""2022-03-15"", ""2023-06-21""], ""VN"": [""2021-12-31"", ""2022-03-15"", ""2022-12-13""], ""ZA"": [""2020-12-31"", ""2021-09-28"", ""2021-11-01""]}"
GB-1-108003,IN,programme,sample,IN|mixed-or-unmapped|missing,121,false,frozen lexicographic stratum round robin; no status/date filter,"{""ID"": [""2021-12-31"", ""2022-03-15"", ""2022-11-14""], ""SN"": [""2021-12-31"", ""2022-03-15"", ""2023-06-21""], ""VN"": [""2021-12-31"", ""2022-03-15"", ""2022-12-13""], ""ZA"": [""2020-12-31"", ""2021-09-28"", ""2021-11-01""]}"
GB-GOV-3-PMN-APFD-MOR-171401,MA,programme,sample,MA|mixed-or-unmapped|missing,122,false,frozen lexicographic stratum round robin; no status/date filter,"{""ID"": [""2021-12-31"", ""2022-03-15"", ""2022-11-14""], ""SN"": [""2021-12-31"", ""2022-03-15"", ""2023-06-21""], ""VN"": [""2021-12-31"", ""2022-03-15"", ""2022-12-13""], ""ZA"": [""2020-12-31"", ""2021-09-28"", ""2021-11-01""]}"
GB-1-200500,VN,programme,sample,VN|mixed-or-unmapped|missing,123,false,frozen lexicographic stratum round robin; no status/date filter,"{""ID"": [""2021-12-31"", ""2022-03-15"", ""2022-11-14""], ""SN"": [""2021-12-31"", ""2022-03-15"", ""2023-06-21""], ""VN"": [""2021-12-31"", ""2022-03-15"", ""2022-12-13""], ""ZA"": [""2020-12-31"", ""2021-09-28"", ""2021-11-01""]}"
GB-1-202022,ZA,programme,sample,ZA|mixed-or-unmapped|missing,124,false,frozen lexicographic stratum round robin; no status/date filter,"{""ID"": [""2021-12-31"", ""2022-03-15"", ""2022-11-14""], ""SN"": [""2021-12-31"", ""2022-03-15"", ""2023-06-21""], ""VN"": [""2021-12-31"", ""2022-03-15"", ""2022-12-13""], ""ZA"": [""2020-12-31"", ""2021-09-28"", ""2021-11-01""]}"
GB-GOV-3-PEU-BPF-160707,AL,programme,sample,AL|mixed-or-unmapped|missing,125,false,frozen lexicographic stratum round robin; no status/date filter,"{""ID"": [""2021-12-31"", ""2022-03-15"", ""2022-11-14""], ""SN"": [""2021-12-31"", ""2022-03-15"", ""2023-06-21""], ""VN"": [""2021-12-31"", ""2022-03-15"", ""2022-12-13""], ""ZA"": [""2020-12-31"", ""2021-09-28"", ""2021-11-01""]}"
GB-1-201670,ID,programme,sample,ID|mixed-or-unmapped|missing,126,false,frozen lexicographic stratum round robin; no status/date filter,"{""ID"": [""2021-12-31"", ""2022-03-15"", ""2022-11-14""], ""SN"": [""2021-12-31"", ""2022-03-15"", ""2023-06-21""], ""VN"": [""2021-12-31"", ""2022-03-15"", ""2022-12-13""], ""ZA"": [""2020-12-31"", ""2021-09-28"", ""2021-11-01""]}"
GB-1-108018,IN,programme,sample,IN|mixed-or-unmapped|missing,127,false,frozen lexicographic stratum round robin; no status/date filter,"{""ID"": [""2021-12-31"", ""2022-03-15"", ""2022-11-14""], ""SN"": [""2021-12-31"", ""2022-03-15"", ""2023-06-21""], ""VN"": [""2021-12-31"", ""2022-03-15"", ""2022-12-13""], ""ZA"": [""2020-12-31"", ""2021-09-28"", ""2021-11-01""]}"
GB-GOV-3-PMN-APFD-MOR-171402,MA,programme,sample,MA|mixed-or-unmapped|missing,128,false,frozen lexicographic stratum round robin; no status/date filter,"{""ID"": [""2021-12-31"", ""2022-03-15"", ""2022-11-14""], ""SN"": [""2021-12-31"", ""2022-03-15"", ""2023-06-21""], ""VN"": [""2021-12-31"", ""2022-03-15"", ""2022-12-13""], ""ZA"": [""2020-12-31"", ""2021-09-28"", ""2021-11-01""]}"
GB-1-200608,VN,programme,sample,VN|mixed-or-unmapped|missing,129,false,frozen lexicographic stratum round robin; no status/date filter,"{""ID"": [""2021-12-31"", ""2022-03-15"", ""2022-11-14""], ""SN"": [""2021-12-31"", ""2022-03-15"", ""2023-06-21""], ""VN"": [""2021-12-31"", ""2022-03-15"", ""2022-12-13""], ""ZA"": [""2020-12-31"", ""2021-09-28"", ""2021-11-01""]}"
GB-1-202295,ZA,programme,sample,ZA|mixed-or-unmapped|missing,130,false,frozen lexicographic stratum round robin; no status/date filter,"{""ID"": [""2021-12-31"", ""2022-03-15"", ""2022-11-14""], ""SN"": [""2021-12-31"", ""2022-03-15"", ""2023-06-21""], ""VN"": [""2021-12-31"", ""2022-03-15"", ""2022-12-13""], ""ZA"": [""2020-12-31"", ""2021-09-28"", ""2021-11-01""]}"
GB-GOV-3-PEU-BPF-160708,AL,programme,sample,AL|mixed-or-unmapped|missing,131,false,frozen lexicographic stratum round robin; no status/date filter,"{""ID"": [""2021-12-31"", ""2022-03-15"", ""2022-11-14""], ""SN"": [""2021-12-31"", ""2022-03-15"", ""2023-06-21""], ""VN"": [""2021-12-31"", ""2022-03-15"", ""2022-12-13""], ""ZA"": [""2020-12-31"", ""2021-09-28"", ""2021-11-01""]}"
GB-1-201672,ID,programme,sample,ID|mixed-or-unmapped|missing,132,false,frozen lexicographic stratum round robin; no status/date filter,"{""ID"": [""2021-12-31"", ""2022-03-15"", ""2022-11-14""], ""SN"": [""2021-12-31"", ""2022-03-15"", ""2023-06-21""], ""VN"": [""2021-12-31"", ""2022-03-15"", ""2022-12-13""], ""ZA"": [""2020-12-31"", ""2021-09-28"", ""2021-11-01""]}"
GB-1-108027,IN,programme,sample,IN|mixed-or-unmapped|missing,133,false,frozen lexicographic stratum round robin; no status/date filter,"{""ID"": [""2021-12-31"", ""2022-03-15"", ""2022-11-14""], ""SN"": [""2021-12-31"", ""2022-03-15"", ""2023-06-21""], ""VN"": [""2021-12-31"", ""2022-03-15"", ""2022-12-13""], ""ZA"": [""2020-12-31"", ""2021-09-28"", ""2021-11-01""]}"
GB-GOV-3-PMN-APFD-MOR-1721001,MA,programme,sample,MA|mixed-or-unmapped|missing,134,false,frozen lexicographic stratum round robin; no status/date filter,"{""ID"": [""2021-12-31"", ""2022-03-15"", ""2022-11-14""], ""SN"": [""2021-12-31"", ""2022-03-15"", ""2023-06-21""], ""VN"": [""2021-12-31"", ""2022-03-15"", ""2022-12-13""], ""ZA"": [""2020-12-31"", ""2021-09-28"", ""2021-11-01""]}"
GB-1-200621,VN,programme,sample,VN|mixed-or-unmapped|missing,135,false,frozen lexicographic stratum round robin; no status/date filter,"{""ID"": [""2021-12-31"", ""2022-03-15"", ""2022-11-14""], ""SN"": [""2021-12-31"", ""2022-03-15"", ""2023-06-21""], ""VN"": [""2021-12-31"", ""2022-03-15"", ""2022-12-13""], ""ZA"": [""2020-12-31"", ""2021-09-28"", ""2021-11-01""]}"
GB-1-202528,ZA,programme,sample,ZA|mixed-or-unmapped|missing,136,false,frozen lexicographic stratum round robin; no status/date filter,"{""ID"": [""2021-12-31"", ""2022-03-15"", ""2022-11-14""], ""SN"": [""2021-12-31"", ""2022-03-15"", ""2023-06-21""], ""VN"": [""2021-12-31"", ""2022-03-15"", ""2022-12-13""], ""ZA"": [""2020-12-31"", ""2021-09-28"", ""2021-11-01""]}"
GB-GOV-3-PEU-BPF-160709,AL,programme,sample,AL|mixed-or-unmapped|missing,137,false,frozen lexicographic stratum round robin; no status/date filter,"{""ID"": [""2021-12-31"", ""2022-03-15"", ""2022-11-14""], ""SN"": [""2021-12-31"", ""2022-03-15"", ""2023-06-21""], ""VN"": [""2021-12-31"", ""2022-03-15"", ""2022-12-13""], ""ZA"": [""2020-12-31"", ""2021-09-28"", ""2021-11-01""]}"
GB-1-201942,ID,programme,sample,ID|mixed-or-unmapped|missing,138,false,frozen lexicographic stratum round robin; no status/date filter,"{""ID"": [""2021-12-31"", ""2022-03-15"", ""2022-11-14""], ""SN"": [""2021-12-31"", ""2022-03-15"", ""2023-06-21""], ""VN"": [""2021-12-31"", ""2022-03-15"", ""2022-12-13""], ""ZA"": [""2020-12-31"", ""2021-09-28"", ""2021-11-01""]}"
GB-1-108033,IN,programme,sample,IN|mixed-or-unmapped|missing,139,false,frozen lexicographic stratum round robin; no status/date filter,"{""ID"": [""2021-12-31"", ""2022-03-15"", ""2022-11-14""], ""SN"": [""2021-12-31"", ""2022-03-15"", ""2023-06-21""], ""VN"": [""2021-12-31"", ""2022-03-15"", ""2022-12-13""], ""ZA"": [""2020-12-31"", ""2021-09-28"", ""2021-11-01""]}"
GB-GOV-3-PMN-APFD-MOR-1752001,MA,programme,sample,MA|mixed-or-unmapped|missing,140,false,frozen lexicographic stratum round robin; no status/date filter,"{""ID"": [""2021-12-31"", ""2022-03-15"", ""2022-11-14""], ""SN"": [""2021-12-31"", ""2022-03-15"", ""2023-06-21""], ""VN"": [""2021-12-31"", ""2022-03-15"", ""2022-12-13""], ""ZA"": [""2020-12-31"", ""2021-09-28"", ""2021-11-01""]}"
GB-1-200885,VN,programme,sample,VN|mixed-or-unmapped|missing,141,false,frozen lexicographic stratum round robin; no status/date filter,"{""ID"": [""2021-12-31"", ""2022-03-15"", ""2022-11-14""], ""SN"": [""2021-12-31"", ""2022-03-15"", ""2023-06-21""], ""VN"": [""2021-12-31"", ""2022-03-15"", ""2022-12-13""], ""ZA"": [""2020-12-31"", ""2021-09-28"", ""2021-11-01""]}"
GB-1-202542,ZA,programme,sample,ZA|mixed-or-unmapped|missing,142,false,frozen lexicographic stratum round robin; no status/date filter,"{""ID"": [""2021-12-31"", ""2022-03-15"", ""2022-11-14""], ""SN"": [""2021-12-31"", ""2022-03-15"", ""2023-06-21""], ""VN"": [""2021-12-31"", ""2022-03-15"", ""2022-12-13""], ""ZA"": [""2020-12-31"", ""2021-09-28"", ""2021-11-01""]}"
GB-GOV-3-PEU-BPF-162003,AL,programme,sample,AL|mixed-or-unmapped|missing,143,false,frozen lexicographic stratum round robin; no status/date filter,"{""ID"": [""2021-12-31"", ""2022-03-15"", ""2022-11-14""], ""SN"": [""2021-12-31"", ""2022-03-15"", ""2023-06-21""], ""VN"": [""2021-12-31"", ""2022-03-15"", ""2022-12-13""], ""ZA"": [""2020-12-31"", ""2021-09-28"", ""2021-11-01""]}"
GB-1-202144,ID,programme,sample,ID|mixed-or-unmapped|missing,144,false,frozen lexicographic stratum round robin; no status/date filter,"{""ID"": [""2021-12-31"", ""2022-03-15"", ""2022-11-14""], ""SN"": [""2021-12-31"", ""2022-03-15"", ""2023-06-21""], ""VN"": [""2021-12-31"", ""2022-03-15"", ""2022-12-13""], ""ZA"": [""2020-12-31"", ""2021-09-28"", ""2021-11-01""]}"
GB-1-108069,IN,programme,sample,IN|mixed-or-unmapped|missing,145,false,frozen lexicographic stratum round robin; no status/date filter,"{""ID"": [""2021-12-31"", ""2022-03-15"", ""2022-11-14""], ""SN"": [""2021-12-31"", ""2022-03-15"", ""2023-06-21""], ""VN"": [""2021-12-31"", ""2022-03-15"", ""2022-12-13""], ""ZA"": [""2020-12-31"", ""2021-09-28"", ""2021-11-01""]}"
GB-GOV-3-PMN-BIPB-MOR-1715001,MA,programme,sample,MA|mixed-or-unmapped|missing,146,false,frozen lexicographic stratum round robin; no status/date filter,"{""ID"": [""2021-12-31"", ""2022-03-15"", ""2022-11-14""], ""SN"": [""2021-12-31"", ""2022-03-15"", ""2023-06-21""], ""VN"": [""2021-12-31"", ""2022-03-15"", ""2022-12-13""], ""ZA"": [""2020-12-31"", ""2021-09-28"", ""2021-11-01""]}"
GB-1-201558,VN,programme,sample,VN|mixed-or-unmapped|missing,147,false,frozen lexicographic stratum round robin; no status/date filter,"{""ID"": [""2021-12-31"", ""2022-03-15"", ""2022-11-14""], ""SN"": [""2021-12-31"", ""2022-03-15"", ""2023-06-21""], ""VN"": [""2021-12-31"", ""2022-03-15"", ""2022-12-13""], ""ZA"": [""2020-12-31"", ""2021-09-28"", ""2021-11-01""]}"
GB-1-202544,ZA,programme,sample,ZA|mixed-or-unmapped|missing,148,false,frozen lexicographic stratum round robin; no status/date filter,"{""ID"": [""2021-12-31"", ""2022-03-15"", ""2022-11-14""], ""SN"": [""2021-12-31"", ""2022-03-15"", ""2023-06-21""], ""VN"": [""2021-12-31"", ""2022-03-15"", ""2022-12-13""], ""ZA"": [""2020-12-31"", ""2021-09-28"", ""2021-11-01""]}"
GB-GOV-3-PEU-BPF-162005,AL,programme,sample,AL|mixed-or-unmapped|missing,149,false,frozen lexicographic stratum round robin; no status/date filter,"{""ID"": [""2021-12-31"", ""2022-03-15"", ""2022-11-14""], ""SN"": [""2021-12-31"", ""2022-03-15"", ""2023-06-21""], ""VN"": [""2021-12-31"", ""2022-03-15"", ""2022-12-13""], ""ZA"": [""2020-12-31"", ""2021-09-28"", ""2021-11-01""]}"
GB-1-202376,ID,programme,sample,ID|mixed-or-unmapped|missing,150,false,frozen lexicographic stratum round robin; no status/date filter,"{""ID"": [""2021-12-31"", ""2022-03-15"", ""2022-11-14""], ""SN"": [""2021-12-31"", ""2022-03-15"", ""2023-06-21""], ""VN"": [""2021-12-31"", ""2022-03-15"", ""2022-12-13""], ""ZA"": [""2020-12-31"", ""2021-09-28"", ""2021-11-01""]}"
GB-1-108078,IN,programme,sample,IN|mixed-or-unmapped|missing,151,false,frozen lexicographic stratum round robin; no status/date filter,"{""ID"": [""2021-12-31"", ""2022-03-15"", ""2022-11-14""], ""SN"": [""2021-12-31"", ""2022-03-15"", ""2023-06-21""], ""VN"": [""2021-12-31"", ""2022-03-15"", ""2022-12-13""], ""ZA"": [""2020-12-31"", ""2021-09-28"", ""2021-11-01""]}"
GB-GOV-3-PMN-BIPB-MOR-1753001,MA,programme,sample,MA|mixed-or-unmapped|missing,152,false,frozen lexicographic stratum round robin; no status/date filter,"{""ID"": [""2021-12-31"", ""2022-03-15"", ""2022-11-14""], ""SN"": [""2021-12-31"", ""2022-03-15"", ""2023-06-21""], ""VN"": [""2021-12-31"", ""2022-03-15"", ""2022-12-13""], ""ZA"": [""2020-12-31"", ""2021-09-28"", ""2021-11-01""]}"
GB-1-201989,VN,programme,sample,VN|mixed-or-unmapped|missing,153,false,frozen lexicographic stratum round robin; no status/date filter,"{""ID"": [""2021-12-31"", ""2022-03-15"", ""2022-11-14""], ""SN"": [""2021-12-31"", ""2022-03-15"", ""2023-06-21""], ""VN"": [""2021-12-31"", ""2022-03-15"", ""2022-12-13""], ""ZA"": [""2020-12-31"", ""2021-09-28"", ""2021-11-01""]}"
GB-1-202553,ZA,programme,sample,ZA|mixed-or-unmapped|missing,154,false,frozen lexicographic stratum round robin; no status/date filter,"{""ID"": [""2021-12-31"", ""2022-03-15"", ""2022-11-14""], ""SN"": [""2021-12-31"", ""2022-03-15"", ""2023-06-21""], ""VN"": [""2021-12-31"", ""2022-03-15"", ""2022-12-13""], ""ZA"": [""2020-12-31"", ""2021-09-28"", ""2021-11-01""]}"
GB-GOV-3-PEU-SRE-152008,AL,programme,sample,AL|mixed-or-unmapped|missing,155,false,frozen lexicographic stratum round robin; no status/date filter,"{""ID"": [""2021-12-31"", ""2022-03-15"", ""2022-11-14""], ""SN"": [""2021-12-31"", ""2022-03-15"", ""2023-06-21""], ""VN"": [""2021-12-31"", ""2022-03-15"", ""2022-12-13""], ""ZA"": [""2020-12-31"", ""2021-09-28"", ""2021-11-01""]}"
GB-1-202798,ID,programme,sample,ID|mixed-or-unmapped|missing,156,false,frozen lexicographic stratum round robin; no status/date filter,"{""ID"": [""2021-12-31"", ""2022-03-15"", ""2022-11-14""], ""SN"": [""2021-12-31"", ""2022-03-15"", ""2023-06-21""], ""VN"": [""2021-12-31"", ""2022-03-15"", ""2022-12-13""], ""ZA"": [""2020-12-31"", ""2021-09-28"", ""2021-11-01""]}"
GB-1-108189,IN,programme,sample,IN|mixed-or-unmapped|missing,157,false,frozen lexicographic stratum round robin; no status/date filter,"{""ID"": [""2021-12-31"", ""2022-03-15"", ""2022-11-14""], ""SN"": [""2021-12-31"", ""2022-03-15"", ""2023-06-21""], ""VN"": [""2021-12-31"", ""2022-03-15"", ""2022-12-13""], ""ZA"": [""2020-12-31"", ""2021-09-28"", ""2021-11-01""]}"
GB-GOV-3-PMN-BIPB-MOR-1753002,MA,programme,sample,MA|mixed-or-unmapped|missing,158,false,frozen lexicographic stratum round robin; no status/date filter,"{""ID"": [""2021-12-31"", ""2022-03-15"", ""2022-11-14""], ""SN"": [""2021-12-31"", ""2022-03-15"", ""2023-06-21""], ""VN"": [""2021-12-31"", ""2022-03-15"", ""2022-12-13""], ""ZA"": [""2020-12-31"", ""2021-09-28"", ""2021-11-01""]}"
GB-1-202215,VN,programme,sample,VN|mixed-or-unmapped|missing,159,false,frozen lexicographic stratum round robin; no status/date filter,"{""ID"": [""2021-12-31"", ""2022-03-15"", ""2022-11-14""], ""SN"": [""2021-12-31"", ""2022-03-15"", ""2023-06-21""], ""VN"": [""2021-12-31"", ""2022-03-15"", ""2022-12-13""], ""ZA"": [""2020-12-31"", ""2021-09-28"", ""2021-11-01""]}"
GB-1-202554,ZA,programme,sample,ZA|mixed-or-unmapped|missing,160,false,frozen lexicographic stratum round robin; no status/date filter,"{""ID"": [""2021-12-31"", ""2022-03-15"", ""2022-11-14""], ""SN"": [""2021-12-31"", ""2022-03-15"", ""2023-06-21""], ""VN"": [""2021-12-31"", ""2022-03-15"", ""2022-12-13""], ""ZA"": [""2020-12-31"", ""2021-09-28"", ""2021-11-01""]}"
"GB-GOV-3-Rules Based International System, Managing Conflict and Building Stability-AL",AL,programme,sample,AL|mixed-or-unmapped|missing,161,false,frozen lexicographic stratum round robin; no status/date filter,"{""ID"": [""2021-12-31"", ""2022-03-15"", ""2022-11-14""], ""SN"": [""2021-12-31"", ""2022-03-15"", ""2023-06-21""], ""VN"": [""2021-12-31"", ""2022-03-15"", ""2022-12-13""], ""ZA"": [""2020-12-31"", ""2021-09-28"", ""2021-11-01""]}"
GB-1-202799,ID,programme,sample,ID|mixed-or-unmapped|missing,162,false,frozen lexicographic stratum round robin; no status/date filter,"{""ID"": [""2021-12-31"", ""2022-03-15"", ""2022-11-14""], ""SN"": [""2021-12-31"", ""2022-03-15"", ""2023-06-21""], ""VN"": [""2021-12-31"", ""2022-03-15"", ""2022-12-13""], ""ZA"": [""2020-12-31"", ""2021-09-28"", ""2021-11-01""]}"
GB-1-108190,IN,programme,sample,IN|mixed-or-unmapped|missing,163,false,frozen lexicographic stratum round robin; no status/date filter,"{""ID"": [""2021-12-31"", ""2022-03-15"", ""2022-11-14""], ""SN"": [""2021-12-31"", ""2022-03-15"", ""2023-06-21""], ""VN"": [""2021-12-31"", ""2022-03-15"", ""2022-12-13""], ""ZA"": [""2020-12-31"", ""2021-09-28"", ""2021-11-01""]}"
GB-GOV-3-PMN-MOR-100057,MA,programme,sample,MA|mixed-or-unmapped|missing,164,false,frozen lexicographic stratum round robin; no status/date filter,"{""ID"": [""2021-12-31"", ""2022-03-15"", ""2022-11-14""], ""SN"": [""2021-12-31"", ""2022-03-15"", ""2023-06-21""], ""VN"": [""2021-12-31"", ""2022-03-15"", ""2022-12-13""], ""ZA"": [""2020-12-31"", ""2021-09-28"", ""2021-11-01""]}"
GB-1-202788,VN,programme,sample,VN|mixed-or-unmapped|missing,165,false,frozen lexicographic stratum round robin; no status/date filter,"{""ID"": [""2021-12-31"", ""2022-03-15"", ""2022-11-14""], ""SN"": [""2021-12-31"", ""2022-03-15"", ""2023-06-21""], ""VN"": [""2021-12-31"", ""2022-03-15"", ""2022-12-13""], ""ZA"": [""2020-12-31"", ""2021-09-28"", ""2021-11-01""]}"
GB-1-202555,ZA,programme,sample,ZA|mixed-or-unmapped|missing,166,false,frozen lexicographic stratum round robin; no status/date filter,"{""ID"": [""2021-12-31"", ""2022-03-15"", ""2022-11-14""], ""SN"": [""2021-12-31"", ""2022-03-15"", ""2023-06-21""], ""VN"": [""2021-12-31"", ""2022-03-15"", ""2022-12-13""], ""ZA"": [""2020-12-31"", ""2021-09-28"", ""2021-11-01""]}"
GB-1-202832,ID,programme,sample,ID|mixed-or-unmapped|missing,167,false,frozen lexicographic stratum round robin; no status/date filter,"{""ID"": [""2021-12-31"", ""2022-03-15"", ""2022-11-14""], ""SN"": [""2021-12-31"", ""2022-03-15"", ""2023-06-21""], ""VN"": [""2021-12-31"", ""2022-03-15"", ""2022-12-13""], ""ZA"": [""2020-12-31"", ""2021-09-28"", ""2021-11-01""]}"
GB-1-108192,IN,programme,sample,IN|mixed-or-unmapped|missing,168,false,frozen lexicographic stratum round robin; no status/date filter,"{""ID"": [""2021-12-31"", ""2022-03-15"", ""2022-11-14""], ""SN"": [""2021-12-31"", ""2022-03-15"", ""2023-06-21""], ""VN"": [""2021-12-31"", ""2022-03-15"", ""2022-12-13""], ""ZA"": [""2020-12-31"", ""2021-09-28"", ""2021-11-01""]}"
GB-1-202951,VN,programme,sample,VN|mixed-or-unmapped|missing,169,false,frozen lexicographic stratum round robin; no status/date filter,"{""ID"": [""2021-12-31"", ""2022-03-15"", ""2022-11-14""], ""SN"": [""2021-12-31"", ""2022-03-15"", ""2023-06-21""], ""VN"": [""2021-12-31"", ""2022-03-15"", ""2022-12-13""], ""ZA"": [""2020-12-31"", ""2021-09-28"", ""2021-11-01""]}"
GB-1-202575,ZA,programme,sample,ZA|mixed-or-unmapped|missing,170,false,frozen lexicographic stratum round robin; no status/date filter,"{""ID"": [""2021-12-31"", ""2022-03-15"", ""2022-11-14""], ""SN"": [""2021-12-31"", ""2022-03-15"", ""2023-06-21""], ""VN"": [""2021-12-31"", ""2022-03-15"", ""2022-12-13""], ""ZA"": [""2020-12-31"", ""2021-09-28"", ""2021-11-01""]}"
GB-1-202833,ID,programme,sample,ID|mixed-or-unmapped|missing,171,false,frozen lexicographic stratum round robin; no status/date filter,"{""ID"": [""2021-12-31"", ""2022-03-15"", ""2022-11-14""], ""SN"": [""2021-12-31"", ""2022-03-15"", ""2023-06-21""], ""VN"": [""2021-12-31"", ""2022-03-15"", ""2022-12-13""], ""ZA"": [""2020-12-31"", ""2021-09-28"", ""2021-11-01""]}"
GB-1-108193,IN,programme,sample,IN|mixed-or-unmapped|missing,172,false,frozen lexicographic stratum round robin; no status/date filter,"{""ID"": [""2021-12-31"", ""2022-03-15"", ""2022-11-14""], ""SN"": [""2021-12-31"", ""2022-03-15"", ""2023-06-21""], ""VN"": [""2021-12-31"", ""2022-03-15"", ""2022-12-13""], ""ZA"": [""2020-12-31"", ""2021-09-28"", ""2021-11-01""]}"
GB-1-202964,VN,programme,sample,VN|mixed-or-unmapped|missing,173,false,frozen lexicographic stratum round robin; no status/date filter,"{""ID"": [""2021-12-31"", ""2022-03-15"", ""2022-11-14""], ""SN"": [""2021-12-31"", ""2022-03-15"", ""2023-06-21""], ""VN"": [""2021-12-31"", ""2022-03-15"", ""2022-12-13""], ""ZA"": [""2020-12-31"", ""2021-09-28"", ""2021-11-01""]}"
GB-1-202800,ZA,programme,sample,ZA|mixed-or-unmapped|missing,174,false,frozen lexicographic stratum round robin; no status/date filter,"{""ID"": [""2021-12-31"", ""2022-03-15"", ""2022-11-14""], ""SN"": [""2021-12-31"", ""2022-03-15"", ""2023-06-21""], ""VN"": [""2021-12-31"", ""2022-03-15"", ""2022-12-13""], ""ZA"": [""2020-12-31"", ""2021-09-28"", ""2021-11-01""]}"
GB-1-203052,ID,programme,sample,ID|mixed-or-unmapped|missing,175,false,frozen lexicographic stratum round robin; no status/date filter,"{""ID"": [""2021-12-31"", ""2022-03-15"", ""2022-11-14""], ""SN"": [""2021-12-31"", ""2022-03-15"", ""2023-06-21""], ""VN"": [""2021-12-31"", ""2022-03-15"", ""2022-12-13""], ""ZA"": [""2020-12-31"", ""2021-09-28"", ""2021-11-01""]}"
GB-1-108194,IN,programme,sample,IN|mixed-or-unmapped|missing,176,false,frozen lexicographic stratum round robin; no status/date filter,"{""ID"": [""2021-12-31"", ""2022-03-15"", ""2022-11-14""], ""SN"": [""2021-12-31"", ""2022-03-15"", ""2023-06-21""], ""VN"": [""2021-12-31"", ""2022-03-15"", ""2022-12-13""], ""ZA"": [""2020-12-31"", ""2021-09-28"", ""2021-11-01""]}"
GB-1-203012,VN,programme,sample,VN|mixed-or-unmapped|missing,177,false,frozen lexicographic stratum round robin; no status/date filter,"{""ID"": [""2021-12-31"", ""2022-03-15"", ""2022-11-14""], ""SN"": [""2021-12-31"", ""2022-03-15"", ""2023-06-21""], ""VN"": [""2021-12-31"", ""2022-03-15"", ""2022-12-13""], ""ZA"": [""2020-12-31"", ""2021-09-28"", ""2021-11-01""]}"
GB-1-204211,ZA,programme,sample,ZA|mixed-or-unmapped|missing,178,false,frozen lexicographic stratum round robin; no status/date filter,"{""ID"": [""2021-12-31"", ""2022-03-15"", ""2022-11-14""], ""SN"": [""2021-12-31"", ""2022-03-15"", ""2023-06-21""], ""VN"": [""2021-12-31"", ""2022-03-15"", ""2022-12-13""], ""ZA"": [""2020-12-31"", ""2021-09-28"", ""2021-11-01""]}"
GB-1-203113,ID,programme,sample,ID|mixed-or-unmapped|missing,179,false,frozen lexicographic stratum round robin; no status/date filter,"{""ID"": [""2021-12-31"", ""2022-03-15"", ""2022-11-14""], ""SN"": [""2021-12-31"", ""2022-03-15"", ""2023-06-21""], ""VN"": [""2021-12-31"", ""2022-03-15"", ""2022-12-13""], ""ZA"": [""2020-12-31"", ""2021-09-28"", ""2021-11-01""]}"
GB-1-108195,IN,programme,sample,IN|mixed-or-unmapped|missing,180,false,frozen lexicographic stratum round robin; no status/date filter,"{""ID"": [""2021-12-31"", ""2022-03-15"", ""2022-11-14""], ""SN"": [""2021-12-31"", ""2022-03-15"", ""2023-06-21""], ""VN"": [""2021-12-31"", ""2022-03-15"", ""2022-12-13""], ""ZA"": [""2020-12-31"", ""2021-09-28"", ""2021-11-01""]}"
GB-1-203040,VN,programme,sample,VN|mixed-or-unmapped|missing,181,false,frozen lexicographic stratum round robin; no status/date filter,"{""ID"": [""2021-12-31"", ""2022-03-15"", ""2022-11-14""], ""SN"": [""2021-12-31"", ""2022-03-15"", ""2023-06-21""], ""VN"": [""2021-12-31"", ""2022-03-15"", ""2022-12-13""], ""ZA"": [""2020-12-31"", ""2021-09-28"", ""2021-11-01""]}"
GB-GOV-1-300372,ZA,programme,sample,ZA|mixed-or-unmapped|missing,182,false,frozen lexicographic stratum round robin; no status/date filter,"{""ID"": [""2021-12-31"", ""2022-03-15"", ""2022-11-14""], ""SN"": [""2021-12-31"", ""2022-03-15"", ""2023-06-21""], ""VN"": [""2021-12-31"", ""2022-03-15"", ""2022-12-13""], ""ZA"": [""2020-12-31"", ""2021-09-28"", ""2021-11-01""]}"
GB-1-203123,ID,programme,sample,ID|mixed-or-unmapped|missing,183,false,frozen lexicographic stratum round robin; no status/date filter,"{""ID"": [""2021-12-31"", ""2022-03-15"", ""2022-11-14""], ""SN"": [""2021-12-31"", ""2022-03-15"", ""2023-06-21""], ""VN"": [""2021-12-31"", ""2022-03-15"", ""2022-12-13""], ""ZA"": [""2020-12-31"", ""2021-09-28"", ""2021-11-01""]}"
GB-1-108196,IN,programme,sample,IN|mixed-or-unmapped|missing,184,false,frozen lexicographic stratum round robin; no status/date filter,"{""ID"": [""2021-12-31"", ""2022-03-15"", ""2022-11-14""], ""SN"": [""2021-12-31"", ""2022-03-15"", ""2023-06-21""], ""VN"": [""2021-12-31"", ""2022-03-15"", ""2022-12-13""], ""ZA"": [""2020-12-31"", ""2021-09-28"", ""2021-11-01""]}"
GB-1-203463,VN,programme,sample,VN|mixed-or-unmapped|missing,185,false,frozen lexicographic stratum round robin; no status/date filter,"{""ID"": [""2021-12-31"", ""2022-03-15"", ""2022-11-14""], ""SN"": [""2021-12-31"", ""2022-03-15"", ""2023-06-21""], ""VN"": [""2021-12-31"", ""2022-03-15"", ""2022-12-13""], ""ZA"": [""2020-12-31"", ""2021-09-28"", ""2021-11-01""]}"
GB-GOV-1-300959,ZA,programme,sample,ZA|mixed-or-unmapped|missing,186,false,frozen lexicographic stratum round robin; no status/date filter,"{""ID"": [""2021-12-31"", ""2022-03-15"", ""2022-11-14""], ""SN"": [""2021-12-31"", ""2022-03-15"", ""2023-06-21""], ""VN"": [""2021-12-31"", ""2022-03-15"", ""2022-12-13""], ""ZA"": [""2020-12-31"", ""2021-09-28"", ""2021-11-01""]}"
GB-1-203226,ID,programme,sample,ID|mixed-or-unmapped|missing,187,false,frozen lexicographic stratum round robin; no status/date filter,"{""ID"": [""2021-12-31"", ""2022-03-15"", ""2022-11-14""], ""SN"": [""2021-12-31"", ""2022-03-15"", ""2023-06-21""], ""VN"": [""2021-12-31"", ""2022-03-15"", ""2022-12-13""], ""ZA"": [""2020-12-31"", ""2021-09-28"", ""2021-11-01""]}"
GB-1-108197,IN,programme,sample,IN|mixed-or-unmapped|missing,188,false,frozen lexicographic stratum round robin; no status/date filter,"{""ID"": [""2021-12-31"", ""2022-03-15"", ""2022-11-14""], ""SN"": [""2021-12-31"", ""2022-03-15"", ""2023-06-21""], ""VN"": [""2021-12-31"", ""2022-03-15"", ""2022-12-13""], ""ZA"": [""2020-12-31"", ""2021-09-28"", ""2021-11-01""]}"
GB-1-203969,VN,programme,sample,VN|mixed-or-unmapped|missing,189,false,frozen lexicographic stratum round robin; no status/date filter,"{""ID"": [""2021-12-31"", ""2022-03-15"", ""2022-11-14""], ""SN"": [""2021-12-31"", ""2022-03-15"", ""2023-06-21""], ""VN"": [""2021-12-31"", ""2022-03-15"", ""2022-12-13""], ""ZA"": [""2020-12-31"", ""2021-09-28"", ""2021-11-01""]}"
GB-GOV-1-300985,ZA,programme,sample,ZA|mixed-or-unmapped|missing,190,false,frozen lexicographic stratum round robin; no status/date filter,"{""ID"": [""2021-12-31"", ""2022-03-15"", ""2022-11-14""], ""SN"": [""2021-12-31"", ""2022-03-15"", ""2023-06-21""], ""VN"": [""2021-12-31"", ""2022-03-15"", ""2022-12-13""], ""ZA"": [""2020-12-31"", ""2021-09-28"", ""2021-11-01""]}"
GB-1-203281,ID,programme,sample,ID|mixed-or-unmapped|missing,191,false,frozen lexicographic stratum round robin; no status/date filter,"{""ID"": [""2021-12-31"", ""2022-03-15"", ""2022-11-14""], ""SN"": [""2021-12-31"", ""2022-03-15"", ""2023-06-21""], ""VN"": [""2021-12-31"", ""2022-03-15"", ""2022-12-13""], ""ZA"": [""2020-12-31"", ""2021-09-28"", ""2021-11-01""]}"
GB-1-113311,IN,programme,sample,IN|mixed-or-unmapped|missing,192,false,frozen lexicographic stratum round robin; no status/date filter,"{""ID"": [""2021-12-31"", ""2022-03-15"", ""2022-11-14""], ""SN"": [""2021-12-31"", ""2022-03-15"", ""2023-06-21""], ""VN"": [""2021-12-31"", ""2022-03-15"", ""2022-12-13""], ""ZA"": [""2020-12-31"", ""2021-09-28"", ""2021-11-01""]}"
GB-1-203991,VN,programme,sample,VN|mixed-or-unmapped|missing,193,false,frozen lexicographic stratum round robin; no status/date filter,"{""ID"": [""2021-12-31"", ""2022-03-15"", ""2022-11-14""], ""SN"": [""2021-12-31"", ""2022-03-15"", ""2023-06-21""], ""VN"": [""2021-12-31"", ""2022-03-15"", ""2022-12-13""], ""ZA"": [""2020-12-31"", ""2021-09-28"", ""2021-11-01""]}"
GB-GOV-1-301186,ZA,programme,sample,ZA|mixed-or-unmapped|missing,194,false,frozen lexicographic stratum round robin; no status/date filter,"{""ID"": [""2021-12-31"", ""2022-03-15"", ""2022-11-14""], ""SN"": [""2021-12-31"", ""2022-03-15"", ""2023-06-21""], ""VN"": [""2021-12-31"", ""2022-03-15"", ""2022-12-13""], ""ZA"": [""2020-12-31"", ""2021-09-28"", ""2021-11-01""]}"
GB-1-203282,ID,programme,sample,ID|mixed-or-unmapped|missing,195,false,frozen lexicographic stratum round robin; no status/date filter,"{""ID"": [""2021-12-31"", ""2022-03-15"", ""2022-11-14""], ""SN"": [""2021-12-31"", ""2022-03-15"", ""2023-06-21""], ""VN"": [""2021-12-31"", ""2022-03-15"", ""2022-12-13""], ""ZA"": [""2020-12-31"", ""2021-09-28"", ""2021-11-01""]}"
GB-1-113617,IN,programme,sample,IN|mixed-or-unmapped|missing,196,false,frozen lexicographic stratum round robin; no status/date filter,"{""ID"": [""2021-12-31"", ""2022-03-15"", ""2022-11-14""], ""SN"": [""2021-12-31"", ""2022-03-15"", ""2023-06-21""], ""VN"": [""2021-12-31"", ""2022-03-15"", ""2022-12-13""], ""ZA"": [""2020-12-31"", ""2021-09-28"", ""2021-11-01""]}"
GB-GOV-1-301205,VN,programme,sample,VN|mixed-or-unmapped|missing,197,false,frozen lexicographic stratum round robin; no status/date filter,"{""ID"": [""2021-12-31"", ""2022-03-15"", ""2022-11-14""], ""SN"": [""2021-12-31"", ""2022-03-15"", ""2023-06-21""], ""VN"": [""2021-12-31"", ""2022-03-15"", ""2022-12-13""], ""ZA"": [""2020-12-31"", ""2021-09-28"", ""2021-11-01""]}"
GB-GOV-1-301313,ZA,programme,sample,ZA|mixed-or-unmapped|missing,198,false,frozen lexicographic stratum round robin; no status/date filter,"{""ID"": [""2021-12-31"", ""2022-03-15"", ""2022-11-14""], ""SN"": [""2021-12-31"", ""2022-03-15"", ""2023-06-21""], ""VN"": [""2021-12-31"", ""2022-03-15"", ""2022-12-13""], ""ZA"": [""2020-12-31"", ""2021-09-28"", ""2021-11-01""]}"
GB-1-204623,ID,programme,sample,ID|mixed-or-unmapped|missing,199,false,frozen lexicographic stratum round robin; no status/date filter,"{""ID"": [""2021-12-31"", ""2022-03-15"", ""2022-11-14""], ""SN"": [""2021-12-31"", ""2022-03-15"", ""2023-06-21""], ""VN"": [""2021-12-31"", ""2022-03-15"", ""2022-12-13""], ""ZA"": [""2020-12-31"", ""2021-09-28"", ""2021-11-01""]}"
GB-1-113646,IN,programme,sample,IN|mixed-or-unmapped|missing,200,false,frozen lexicographic stratum round robin; no status/date filter,"{""ID"": [""2021-12-31"", ""2022-03-15"", ""2022-11-14""], ""SN"": [""2021-12-31"", ""2022-03-15"", ""2023-06-21""], ""VN"": [""2021-12-31"", ""2022-03-15"", ""2022-12-13""], ""ZA"": [""2020-12-31"", ""2021-09-28"", ""2021-11-01""]}"
GB-GOV-1-400505,VN,programme,sample,VN|mixed-or-unmapped|missing,201,false,frozen lexicographic stratum round robin; no status/date filter,"{""ID"": [""2021-12-31"", ""2022-03-15"", ""2022-11-14""], ""SN"": [""2021-12-31"", ""2022-03-15"", ""2023-06-21""], ""VN"": [""2021-12-31"", ""2022-03-15"", ""2022-12-13""], ""ZA"": [""2020-12-31"", ""2021-09-28"", ""2021-11-01""]}"
GB-GOV-1-301314,ZA,programme,sample,ZA|mixed-or-unmapped|missing,202,false,frozen lexicographic stratum round robin; no status/date filter,"{""ID"": [""2021-12-31"", ""2022-03-15"", ""2022-11-14""], ""SN"": [""2021-12-31"", ""2022-03-15"", ""2023-06-21""], ""VN"": [""2021-12-31"", ""2022-03-15"", ""2022-12-13""], ""ZA"": [""2020-12-31"", ""2021-09-28"", ""2021-11-01""]}"
GB-1-205258,ID,programme,sample,ID|mixed-or-unmapped|missing,203,false,frozen lexicographic stratum round robin; no status/date filter,"{""ID"": [""2021-12-31"", ""2022-03-15"", ""2022-11-14""], ""SN"": [""2021-12-31"", ""2022-03-15"", ""2023-06-21""], ""VN"": [""2021-12-31"", ""2022-03-15"", ""2022-12-13""], ""ZA"": [""2020-12-31"", ""2021-09-28"", ""2021-11-01""]}"
GB-1-113707,IN,programme,sample,IN|mixed-or-unmapped|missing,204,false,frozen lexicographic stratum round robin; no status/date filter,"{""ID"": [""2021-12-31"", ""2022-03-15"", ""2022-11-14""], ""SN"": [""2021-12-31"", ""2022-03-15"", ""2023-06-21""], ""VN"": [""2021-12-31"", ""2022-03-15"", ""2022-12-13""], ""ZA"": [""2020-12-31"", ""2021-09-28"", ""2021-11-01""]}"
GB-GOV-1-400780,VN,programme,sample,VN|mixed-or-unmapped|missing,205,false,frozen lexicographic stratum round robin; no status/date filter,"{""ID"": [""2021-12-31"", ""2022-03-15"", ""2022-11-14""], ""SN"": [""2021-12-31"", ""2022-03-15"", ""2023-06-21""], ""VN"": [""2021-12-31"", ""2022-03-15"", ""2022-12-13""], ""ZA"": [""2020-12-31"", ""2021-09-28"", ""2021-11-01""]}"
GB-GOV-1-301316,ZA,programme,sample,ZA|mixed-or-unmapped|missing,206,false,frozen lexicographic stratum round robin; no status/date filter,"{""ID"": [""2021-12-31"", ""2022-03-15"", ""2022-11-14""], ""SN"": [""2021-12-31"", ""2022-03-15"", ""2023-06-21""], ""VN"": [""2021-12-31"", ""2022-03-15"", ""2022-12-13""], ""ZA"": [""2020-12-31"", ""2021-09-28"", ""2021-11-01""]}"
GB-GOV-1-300185,ID,programme,sample,ID|mixed-or-unmapped|missing,207,false,frozen lexicographic stratum round robin; no status/date filter,"{""ID"": [""2021-12-31"", ""2022-03-15"", ""2022-11-14""], ""SN"": [""2021-12-31"", ""2022-03-15"", ""2023-06-21""], ""VN"": [""2021-12-31"", ""2022-03-15"", ""2022-12-13""], ""ZA"": [""2020-12-31"", ""2021-09-28"", ""2021-11-01""]}"
GB-1-113921,IN,programme,sample,IN|mixed-or-unmapped|missing,208,false,frozen lexicographic stratum round robin; no status/date filter,"{""ID"": [""2021-12-31"", ""2022-03-15"", ""2022-11-14""], ""SN"": [""2021-12-31"", ""2022-03-15"", ""2023-06-21""], ""VN"": [""2021-12-31"", ""2022-03-15"", ""2022-12-13""], ""ZA"": [""2020-12-31"", ""2021-09-28"", ""2021-11-01""]}"
GB-GOV-3-Chevening Scholarships-VN,VN,programme,sample,VN|mixed-or-unmapped|missing,209,false,frozen lexicographic stratum round robin; no status/date filter,"{""ID"": [""2021-12-31"", ""2022-03-15"", ""2022-11-14""], ""SN"": [""2021-12-31"", ""2022-03-15"", ""2023-06-21""], ""VN"": [""2021-12-31"", ""2022-03-15"", ""2022-12-13""], ""ZA"": [""2020-12-31"", ""2021-09-28"", ""2021-11-01""]}"
GB-GOV-1-301317,ZA,programme,sample,ZA|mixed-or-unmapped|missing,210,false,frozen lexicographic stratum round robin; no status/date filter,"{""ID"": [""2021-12-31"", ""2022-03-15"", ""2022-11-14""], ""SN"": [""2021-12-31"", ""2022-03-15"", ""2023-06-21""], ""VN"": [""2021-12-31"", ""2022-03-15"", ""2022-12-13""], ""ZA"": [""2020-12-31"", ""2021-09-28"", ""2021-11-01""]}"
GB-GOV-1-300186,ID,programme,sample,ID|mixed-or-unmapped|missing,211,false,frozen lexicographic stratum round robin; no status/date filter,"{""ID"": [""2021-12-31"", ""2022-03-15"", ""2022-11-14""], ""SN"": [""2021-12-31"", ""2022-03-15"", ""2023-06-21""], ""VN"": [""2021-12-31"", ""2022-03-15"", ""2022-12-13""], ""ZA"": [""2020-12-31"", ""2021-09-28"", ""2021-11-01""]}"
GB-1-113963,IN,programme,sample,IN|mixed-or-unmapped|missing,212,false,frozen lexicographic stratum round robin; no status/date filter,"{""ID"": [""2021-12-31"", ""2022-03-15"", ""2022-11-14""], ""SN"": [""2021-12-31"", ""2022-03-15"", ""2023-06-21""], ""VN"": [""2021-12-31"", ""2022-03-15"", ""2022-12-13""], ""ZA"": [""2020-12-31"", ""2021-09-28"", ""2021-11-01""]}"
GB-GOV-3-Combatting Serious and Organised Crime-VN,VN,programme,sample,VN|mixed-or-unmapped|missing,213,false,frozen lexicographic stratum round robin; no status/date filter,"{""ID"": [""2021-12-31"", ""2022-03-15"", ""2022-11-14""], ""SN"": [""2021-12-31"", ""2022-03-15"", ""2023-06-21""], ""VN"": [""2021-12-31"", ""2022-03-15"", ""2022-12-13""], ""ZA"": [""2020-12-31"", ""2021-09-28"", ""2021-11-01""]}"
GB-GOV-1-301485,ZA,programme,sample,ZA|mixed-or-unmapped|missing,214,false,frozen lexicographic stratum round robin; no status/date filter,"{""ID"": [""2021-12-31"", ""2022-03-15"", ""2022-11-14""], ""SN"": [""2021-12-31"", ""2022-03-15"", ""2023-06-21""], ""VN"": [""2021-12-31"", ""2022-03-15"", ""2022-12-13""], ""ZA"": [""2020-12-31"", ""2021-09-28"", ""2021-11-01""]}"
GB-GOV-1-300187,ID,programme,sample,ID|mixed-or-unmapped|missing,215,false,frozen lexicographic stratum round robin; no status/date filter,"{""ID"": [""2021-12-31"", ""2022-03-15"", ""2022-11-14""], ""SN"": [""2021-12-31"", ""2022-03-15"", ""2023-06-21""], ""VN"": [""2021-12-31"", ""2022-03-15"", ""2022-12-13""], ""ZA"": [""2020-12-31"", ""2021-09-28"", ""2021-11-01""]}"
GB-1-113973,IN,programme,sample,IN|mixed-or-unmapped|missing,216,false,frozen lexicographic stratum round robin; no status/date filter,"{""ID"": [""2021-12-31"", ""2022-03-15"", ""2022-11-14""], ""SN"": [""2021-12-31"", ""2022-03-15"", ""2023-06-21""], ""VN"": [""2021-12-31"", ""2022-03-15"", ""2022-12-13""], ""ZA"": [""2020-12-31"", ""2021-09-28"", ""2021-11-01""]}"
GB-GOV-3-Economic Security and Opportunity-VN,VN,programme,sample,VN|mixed-or-unmapped|missing,217,false,frozen lexicographic stratum round robin; no status/date filter,"{""ID"": [""2021-12-31"", ""2022-03-15"", ""2022-11-14""], ""SN"": [""2021-12-31"", ""2022-03-15"", ""2023-06-21""], ""VN"": [""2021-12-31"", ""2022-03-15"", ""2022-12-13""], ""ZA"": [""2020-12-31"", ""2021-09-28"", ""2021-11-01""]}"
GB-GOV-1-301487,ZA,programme,sample,ZA|mixed-or-unmapped|missing,218,false,frozen lexicographic stratum round robin; no status/date filter,"{""ID"": [""2021-12-31"", ""2022-03-15"", ""2022-11-14""], ""SN"": [""2021-12-31"", ""2022-03-15"", ""2023-06-21""], ""VN"": [""2021-12-31"", ""2022-03-15"", ""2022-12-13""], ""ZA"": [""2020-12-31"", ""2021-09-28"", ""2021-11-01""]}"
GB-GOV-1-300424,ID,programme,sample,ID|mixed-or-unmapped|missing,219,false,frozen lexicographic stratum round robin; no status/date filter,"{""ID"": [""2021-12-31"", ""2022-03-15"", ""2022-11-14""], ""SN"": [""2021-12-31"", ""2022-03-15"", ""2023-06-21""], ""VN"": [""2021-12-31"", ""2022-03-15"", ""2022-12-13""], ""ZA"": [""2020-12-31"", ""2021-09-28"", ""2021-11-01""]}"
GB-1-113986,IN,programme,sample,IN|mixed-or-unmapped|missing,220,false,frozen lexicographic stratum round robin; no status/date filter,"{""ID"": [""2021-12-31"", ""2022-03-15"", ""2022-11-14""], ""SN"": [""2021-12-31"", ""2022-03-15"", ""2023-06-21""], ""VN"": [""2021-12-31"", ""2022-03-15"", ""2022-12-13""], ""ZA"": [""2020-12-31"", ""2021-09-28"", ""2021-11-01""]}"
GB-GOV-3-FDEA-VN,VN,programme,sample,VN|mixed-or-unmapped|missing,221,false,frozen lexicographic stratum round robin; no status/date filter,"{""ID"": [""2021-12-31"", ""2022-03-15"", ""2022-11-14""], ""SN"": [""2021-12-31"", ""2022-03-15"", ""2023-06-21""], ""VN"": [""2021-12-31"", ""2022-03-15"", ""2022-12-13""], ""ZA"": [""2020-12-31"", ""2021-09-28"", ""2021-11-01""]}"
GB-GOV-1-301489,ZA,programme,sample,ZA|mixed-or-unmapped|missing,222,false,frozen lexicographic stratum round robin; no status/date filter,"{""ID"": [""2021-12-31"", ""2022-03-15"", ""2022-11-14""], ""SN"": [""2021-12-31"", ""2022-03-15"", ""2023-06-21""], ""VN"": [""2021-12-31"", ""2022-03-15"", ""2022-12-13""], ""ZA"": [""2020-12-31"", ""2021-09-28"", ""2021-11-01""]}"
GB-GOV-1-300675,ID,programme,sample,ID|mixed-or-unmapped|missing,223,false,frozen lexicographic stratum round robin; no status/date filter,"{""ID"": [""2021-12-31"", ""2022-03-15"", ""2022-11-14""], ""SN"": [""2021-12-31"", ""2022-03-15"", ""2023-06-21""], ""VN"": [""2021-12-31"", ""2022-03-15"", ""2022-12-13""], ""ZA"": [""2020-12-31"", ""2021-09-28"", ""2021-11-01""]}"
GB-1-114040,IN,programme,sample,IN|mixed-or-unmapped|missing,224,false,frozen lexicographic stratum round robin; no status/date filter,"{""ID"": [""2021-12-31"", ""2022-03-15"", ""2022-11-14""], ""SN"": [""2021-12-31"", ""2022-03-15"", ""2023-06-21""], ""VN"": [""2021-12-31"", ""2022-03-15"", ""2022-12-13""], ""ZA"": [""2020-12-31"", ""2021-09-28"", ""2021-11-01""]}"
GB-GOV-3-FDEA-VN-FY19/20,VN,programme,sample,VN|mixed-or-unmapped|missing,225,false,frozen lexicographic stratum round robin; no status/date filter,"{""ID"": [""2021-12-31"", ""2022-03-15"", ""2022-11-14""], ""SN"": [""2021-12-31"", ""2022-03-15"", ""2023-06-21""], ""VN"": [""2021-12-31"", ""2022-03-15"", ""2022-12-13""], ""ZA"": [""2020-12-31"", ""2021-09-28"", ""2021-11-01""]}"
GB-GOV-1-301523,ZA,programme,sample,ZA|mixed-or-unmapped|missing,226,false,frozen lexicographic stratum round robin; no status/date filter,"{""ID"": [""2021-12-31"", ""2022-03-15"", ""2022-11-14""], ""SN"": [""2021-12-31"", ""2022-03-15"", ""2023-06-21""], ""VN"": [""2021-12-31"", ""2022-03-15"", ""2022-12-13""], ""ZA"": [""2020-12-31"", ""2021-09-28"", ""2021-11-01""]}"
GB-GOV-1-300741,ID,programme,sample,ID|mixed-or-unmapped|missing,227,false,frozen lexicographic stratum round robin; no status/date filter,"{""ID"": [""2021-12-31"", ""2022-03-15"", ""2022-11-14""], ""SN"": [""2021-12-31"", ""2022-03-15"", ""2023-06-21""], ""VN"": [""2021-12-31"", ""2022-03-15"", ""2022-12-13""], ""ZA"": [""2020-12-31"", ""2021-09-28"", ""2021-11-01""]}"
GB-1-114082,IN,programme,sample,IN|mixed-or-unmapped|missing,228,false,frozen lexicographic stratum round robin; no status/date filter,"{""ID"": [""2021-12-31"", ""2022-03-15"", ""2022-11-14""], ""SN"": [""2021-12-31"", ""2022-03-15"", ""2023-06-21""], ""VN"": [""2021-12-31"", ""2022-03-15"", ""2022-12-13""], ""ZA"": [""2020-12-31"", ""2021-09-28"", ""2021-11-01""]}"
GB-GOV-3-FDEAECO-VN,VN,programme,sample,VN|mixed-or-unmapped|missing,229,false,frozen lexicographic stratum round robin; no status/date filter,"{""ID"": [""2021-12-31"", ""2022-03-15"", ""2022-11-14""], ""SN"": [""2021-12-31"", ""2022-03-15"", ""2023-06-21""], ""VN"": [""2021-12-31"", ""2022-03-15"", ""2022-12-13""], ""ZA"": [""2020-12-31"", ""2021-09-28"", ""2021-11-01""]}"
GB-GOV-1-400324,ZA,programme,sample,ZA|mixed-or-unmapped|missing,230,false,frozen lexicographic stratum round robin; no status/date filter,"{""ID"": [""2021-12-31"", ""2022-03-15"", ""2022-11-14""], ""SN"": [""2021-12-31"", ""2022-03-15"", ""2023-06-21""], ""VN"": [""2021-12-31"", ""2022-03-15"", ""2022-12-13""], ""ZA"": [""2020-12-31"", ""2021-09-28"", ""2021-11-01""]}"
GB-GOV-1-301106,ID,programme,sample,ID|mixed-or-unmapped|missing,231,false,frozen lexicographic stratum round robin; no status/date filter,"{""ID"": [""2021-12-31"", ""2022-03-15"", ""2022-11-14""], ""SN"": [""2021-12-31"", ""2022-03-15"", ""2023-06-21""], ""VN"": [""2021-12-31"", ""2022-03-15"", ""2022-12-13""], ""ZA"": [""2020-12-31"", ""2021-09-28"", ""2021-11-01""]}"
GB-1-114168,IN,programme,sample,IN|mixed-or-unmapped|missing,232,false,frozen lexicographic stratum round robin; no status/date filter,"{""ID"": [""2021-12-31"", ""2022-03-15"", ""2022-11-14""], ""SN"": [""2021-12-31"", ""2022-03-15"", ""2023-06-21""], ""VN"": [""2021-12-31"", ""2022-03-15"", ""2022-12-13""], ""ZA"": [""2020-12-31"", ""2021-09-28"", ""2021-11-01""]}"
GB-GOV-3-Frontline Diplomatic Enabling Activity-VN,VN,programme,sample,VN|mixed-or-unmapped|missing,233,false,frozen lexicographic stratum round robin; no status/date filter,"{""ID"": [""2021-12-31"", ""2022-03-15"", ""2022-11-14""], ""SN"": [""2021-12-31"", ""2022-03-15"", ""2023-06-21""], ""VN"": [""2021-12-31"", ""2022-03-15"", ""2022-12-13""], ""ZA"": [""2020-12-31"", ""2021-09-28"", ""2021-11-01""]}"
GB-GOV-1-400831,ZA,programme,sample,ZA|mixed-or-unmapped|missing,234,false,frozen lexicographic stratum round robin; no status/date filter,"{""ID"": [""2021-12-31"", ""2022-03-15"", ""2022-11-14""], ""SN"": [""2021-12-31"", ""2022-03-15"", ""2023-06-21""], ""VN"": [""2021-12-31"", ""2022-03-15"", ""2022-12-13""], ""ZA"": [""2020-12-31"", ""2021-09-28"", ""2021-11-01""]}"
GB-GOV-1-301197,ID,programme,sample,ID|mixed-or-unmapped|missing,235,false,frozen lexicographic stratum round robin; no status/date filter,"{""ID"": [""2021-12-31"", ""2022-03-15"", ""2022-11-14""], ""SN"": [""2021-12-31"", ""2022-03-15"", ""2023-06-21""], ""VN"": [""2021-12-31"", ""2022-03-15"", ""2022-12-13""], ""ZA"": [""2020-12-31"", ""2021-09-28"", ""2021-11-01""]}"
GB-1-114177,IN,programme,sample,IN|mixed-or-unmapped|missing,236,false,frozen lexicographic stratum round robin; no status/date filter,"{""ID"": [""2021-12-31"", ""2022-03-15"", ""2022-11-14""], ""SN"": [""2021-12-31"", ""2022-03-15"", ""2023-06-21""], ""VN"": [""2021-12-31"", ""2022-03-15"", ""2022-12-13""], ""ZA"": [""2020-12-31"", ""2021-09-28"", ""2021-11-01""]}"
GB-GOV-3-HRRBIS-VN,VN,programme,sample,VN|mixed-or-unmapped|missing,237,false,frozen lexicographic stratum round robin; no status/date filter,"{""ID"": [""2021-12-31"", ""2022-03-15"", ""2022-11-14""], ""SN"": [""2021-12-31"", ""2022-03-15"", ""2023-06-21""], ""VN"": [""2021-12-31"", ""2022-03-15"", ""2022-12-13""], ""ZA"": [""2020-12-31"", ""2021-09-28"", ""2021-11-01""]}"
GB-GOV-3-Chevening Scholarships-ZA,ZA,programme,sample,ZA|mixed-or-unmapped|missing,238,false,frozen lexicographic stratum round robin; no status/date filter,"{""ID"": [""2021-12-31"", ""2022-03-15"", ""2022-11-14""], ""SN"": [""2021-12-31"", ""2022-03-15"", ""2023-06-21""], ""VN"": [""2021-12-31"", ""2022-03-15"", ""2022-12-13""], ""ZA"": [""2020-12-31"", ""2021-09-28"", ""2021-11-01""]}"
GB-GOV-1-301203,ID,programme,sample,ID|mixed-or-unmapped|missing,239,false,frozen lexicographic stratum round robin; no status/date filter,"{""ID"": [""2021-12-31"", ""2022-03-15"", ""2022-11-14""], ""SN"": [""2021-12-31"", ""2022-03-15"", ""2023-06-21""], ""VN"": [""2021-12-31"", ""2022-03-15"", ""2022-12-13""], ""ZA"": [""2020-12-31"", ""2021-09-28"", ""2021-11-01""]}"
GB-1-114202,IN,programme,sample,IN|mixed-or-unmapped|missing,240,false,frozen lexicographic stratum round robin; no status/date filter,"{""ID"": [""2021-12-31"", ""2022-03-15"", ""2022-11-14""], ""SN"": [""2021-12-31"", ""2022-03-15"", ""2023-06-21""], ""VN"": [""2021-12-31"", ""2022-03-15"", ""2022-12-13""], ""ZA"": [""2020-12-31"", ""2021-09-28"", ""2021-11-01""]}"
GB-GOV-3-HRRBIS-VN-FY19/20,VN,programme,sample,VN|mixed-or-unmapped|missing,241,false,frozen lexicographic stratum round robin; no status/date filter,"{""ID"": [""2021-12-31"", ""2022-03-15"", ""2022-11-14""], ""SN"": [""2021-12-31"", ""2022-03-15"", ""2023-06-21""], ""VN"": [""2021-12-31"", ""2022-03-15"", ""2022-12-13""], ""ZA"": [""2020-12-31"", ""2021-09-28"", ""2021-11-01""]}"
GB-GOV-3-Combatting Serious and Organised Crime-ZA,ZA,programme,sample,ZA|mixed-or-unmapped|missing,242,false,frozen lexicographic stratum round robin; no status/date filter,"{""ID"": [""2021-12-31"", ""2022-03-15"", ""2022-11-14""], ""SN"": [""2021-12-31"", ""2022-03-15"", ""2023-06-21""], ""VN"": [""2021-12-31"", ""2022-03-15"", ""2022-12-13""], ""ZA"": [""2020-12-31"", ""2021-09-28"", ""2021-11-01""]}"
GB-GOV-1-301364,ID,programme,sample,ID|mixed-or-unmapped|missing,243,false,frozen lexicographic stratum round robin; no status/date filter,"{""ID"": [""2021-12-31"", ""2022-03-15"", ""2022-11-14""], ""SN"": [""2021-12-31"", ""2022-03-15"", ""2023-06-21""], ""VN"": [""2021-12-31"", ""2022-03-15"", ""2022-12-13""], ""ZA"": [""2020-12-31"", ""2021-09-28"", ""2021-11-01""]}"
GB-1-114293,IN,programme,sample,IN|mixed-or-unmapped|missing,244,false,frozen lexicographic stratum round robin; no status/date filter,"{""ID"": [""2021-12-31"", ""2022-03-15"", ""2022-11-14""], ""SN"": [""2021-12-31"", ""2022-03-15"", ""2023-06-21""], ""VN"": [""2021-12-31"", ""2022-03-15"", ""2022-12-13""], ""ZA"": [""2020-12-31"", ""2021-09-28"", ""2021-11-01""]}"
"GB-GOV-3-Human Rights, Democracy, and the Rule of Law-VN",VN,programme,sample,VN|mixed-or-unmapped|missing,245,false,frozen lexicographic stratum round robin; no status/date filter,"{""ID"": [""2021-12-31"", ""2022-03-15"", ""2022-11-14""], ""SN"": [""2021-12-31"", ""2022-03-15"", ""2023-06-21""], ""VN"": [""2021-12-31"", ""2022-03-15"", ""2022-12-13""], ""ZA"": [""2020-12-31"", ""2021-09-28"", ""2021-11-01""]}"
GB-GOV-3-Economic Security and Opportunity-ZA,ZA,programme,sample,ZA|mixed-or-unmapped|missing,246,false,frozen lexicographic stratum round robin; no status/date filter,"{""ID"": [""2021-12-31"", ""2022-03-15"", ""2022-11-14""], ""SN"": [""2021-12-31"", ""2022-03-15"", ""2023-06-21""], ""VN"": [""2021-12-31"", ""2022-03-15"", ""2022-12-13""], ""ZA"": [""2020-12-31"", ""2021-09-28"", ""2021-11-01""]}"
GB-GOV-1-301374,ID,programme,sample,ID|mixed-or-unmapped|missing,247,false,frozen lexicographic stratum round robin; no status/date filter,"{""ID"": [""2021-12-31"", ""2022-03-15"", ""2022-11-14""], ""SN"": [""2021-12-31"", ""2022-03-15"", ""2023-06-21""], ""VN"": [""2021-12-31"", ""2022-03-15"", ""2022-12-13""], ""ZA"": [""2020-12-31"", ""2021-09-28"", ""2021-11-01""]}"
GB-1-114320,IN,programme,sample,IN|mixed-or-unmapped|missing,248,false,frozen lexicographic stratum round robin; no status/date filter,"{""ID"": [""2021-12-31"", ""2022-03-15"", ""2022-11-14""], ""SN"": [""2021-12-31"", ""2022-03-15"", ""2023-06-21""], ""VN"": [""2021-12-31"", ""2022-03-15"", ""2022-12-13""], ""ZA"": [""2020-12-31"", ""2021-09-28"", ""2021-11-01""]}"
GB-GOV-3-IWT-VN,VN,programme,sample,VN|mixed-or-unmapped|missing,249,false,frozen lexicographic stratum round robin; no status/date filter,"{""ID"": [""2021-12-31"", ""2022-03-15"", ""2022-11-14""], ""SN"": [""2021-12-31"", ""2022-03-15"", ""2023-06-21""], ""VN"": [""2021-12-31"", ""2022-03-15"", ""2022-12-13""], ""ZA"": [""2020-12-31"", ""2021-09-28"", ""2021-11-01""]}"
GB-GOV-3-Environment-ZA,ZA,programme,sample,ZA|mixed-or-unmapped|missing,250,false,frozen lexicographic stratum round robin; no status/date filter,"{""ID"": [""2021-12-31"", ""2022-03-15"", ""2022-11-14""], ""SN"": [""2021-12-31"", ""2022-03-15"", ""2023-06-21""], ""VN"": [""2021-12-31"", ""2022-03-15"", ""2022-12-13""], ""ZA"": [""2020-12-31"", ""2021-09-28"", ""2021-11-01""]}"
GB-GOV-1-400124,ID,programme,sample,ID|mixed-or-unmapped|missing,251,false,frozen lexicographic stratum round robin; no status/date filter,"{""ID"": [""2021-12-31"", ""2022-03-15"", ""2022-11-14""], ""SN"": [""2021-12-31"", ""2022-03-15"", ""2023-06-21""], ""VN"": [""2021-12-31"", ""2022-03-15"", ""2022-12-13""], ""ZA"": [""2020-12-31"", ""2021-09-28"", ""2021-11-01""]}"
GB-1-114368,IN,programme,sample,IN|mixed-or-unmapped|missing,252,false,frozen lexicographic stratum round robin; no status/date filter,"{""ID"": [""2021-12-31"", ""2022-03-15"", ""2022-11-14""], ""SN"": [""2021-12-31"", ""2022-03-15"", ""2023-06-21""], ""VN"": [""2021-12-31"", ""2022-03-15"", ""2022-12-13""], ""ZA"": [""2020-12-31"", ""2021-09-28"", ""2021-11-01""]}"
GB-GOV-3-Maritime Security-VN,VN,programme,sample,VN|mixed-or-unmapped|missing,253,false,frozen lexicographic stratum round robin; no status/date filter,"{""ID"": [""2021-12-31"", ""2022-03-15"", ""2022-11-14""], ""SN"": [""2021-12-31"", ""2022-03-15"", ""2023-06-21""], ""VN"": [""2021-12-31"", ""2022-03-15"", ""2022-12-13""], ""ZA"": [""2020-12-31"", ""2021-09-28"", ""2021-11-01""]}"
GB-GOV-3-FDEA-ZA,ZA,programme,sample,ZA|mixed-or-unmapped|missing,254,false,frozen lexicographic stratum round robin; no status/date filter,"{""ID"": [""2021-12-31"", ""2022-03-15"", ""2022-11-14""], ""SN"": [""2021-12-31"", ""2022-03-15"", ""2023-06-21""], ""VN"": [""2021-12-31"", ""2022-03-15"", ""2022-12-13""], ""ZA"": [""2020-12-31"", ""2021-09-28"", ""2021-11-01""]}"
GB-GOV-1-400125,ID,programme,sample,ID|mixed-or-unmapped|missing,255,false,frozen lexicographic stratum round robin; no status/date filter,"{""ID"": [""2021-12-31"", ""2022-03-15"", ""2022-11-14""], ""SN"": [""2021-12-31"", ""2022-03-15"", ""2023-06-21""], ""VN"": [""2021-12-31"", ""2022-03-15"", ""2022-12-13""], ""ZA"": [""2020-12-31"", ""2021-09-28"", ""2021-11-01""]}"
GB-1-114388,IN,programme,sample,IN|mixed-or-unmapped|missing,256,false,frozen lexicographic stratum round robin; no status/date filter,"{""ID"": [""2021-12-31"", ""2022-03-15"", ""2022-11-14""], ""SN"": [""2021-12-31"", ""2022-03-15"", ""2023-06-21""], ""VN"": [""2021-12-31"", ""2022-03-15"", ""2022-12-13""], ""ZA"": [""2020-12-31"", ""2021-09-28"", ""2021-11-01""]}"
GB-GOV-3-PAP-AUTVNH-002190,VN,programme,sample,VN|mixed-or-unmapped|missing,257,false,frozen lexicographic stratum round robin; no status/date filter,"{""ID"": [""2021-12-31"", ""2022-03-15"", ""2022-11-14""], ""SN"": [""2021-12-31"", ""2022-03-15"", ""2023-06-21""], ""VN"": [""2021-12-31"", ""2022-03-15"", ""2022-12-13""], ""ZA"": [""2020-12-31"", ""2021-09-28"", ""2021-11-01""]}"
GB-GOV-3-FDEA-ZA-FY19/20,ZA,programme,sample,ZA|mixed-or-unmapped|missing,258,false,frozen lexicographic stratum round robin; no status/date filter,"{""ID"": [""2021-12-31"", ""2022-03-15"", ""2022-11-14""], ""SN"": [""2021-12-31"", ""2022-03-15"", ""2023-06-21""], ""VN"": [""2021-12-31"", ""2022-03-15"", ""2022-12-13""], ""ZA"": [""2020-12-31"", ""2021-09-28"", ""2021-11-01""]}"
GB-GOV-1-400230,ID,programme,sample,ID|mixed-or-unmapped|missing,259,false,frozen lexicographic stratum round robin; no status/date filter,"{""ID"": [""2021-12-31"", ""2022-03-15"", ""2022-11-14""], ""SN"": [""2021-12-31"", ""2022-03-15"", ""2023-06-21""], ""VN"": [""2021-12-31"", ""2022-03-15"", ""2022-12-13""], ""ZA"": [""2020-12-31"", ""2021-09-28"", ""2021-11-01""]}"
GB-1-114487,IN,programme,sample,IN|mixed-or-unmapped|missing,260,false,frozen lexicographic stratum round robin; no status/date filter,"{""ID"": [""2021-12-31"", ""2022-03-15"", ""2022-11-14""], ""SN"": [""2021-12-31"", ""2022-03-15"", ""2023-06-21""], ""VN"": [""2021-12-31"", ""2022-03-15"", ""2022-12-13""], ""ZA"": [""2020-12-31"", ""2021-09-28"", ""2021-11-01""]}"
GB-GOV-3-PAP-VNH-000221,VN,programme,sample,VN|mixed-or-unmapped|missing,261,false,frozen lexicographic stratum round robin; no status/date filter,"{""ID"": [""2021-12-31"", ""2022-03-15"", ""2022-11-14""], ""SN"": [""2021-12-31"", ""2022-03-15"", ""2023-06-21""], ""VN"": [""2021-12-31"", ""2022-03-15"", ""2022-12-13""], ""ZA"": [""2020-12-31"", ""2021-09-28"", ""2021-11-01""]}"
GB-GOV-3-FDEAECO-ZA,ZA,programme,sample,ZA|mixed-or-unmapped|missing,262,false,frozen lexicographic stratum round robin; no status/date filter,"{""ID"": [""2021-12-31"", ""2022-03-15"", ""2022-11-14""], ""SN"": [""2021-12-31"", ""2022-03-15"", ""2023-06-21""], ""VN"": [""2021-12-31"", ""2022-03-15"", ""2022-12-13""], ""ZA"": [""2020-12-31"", ""2021-09-28"", ""2021-11-01""]}"
GB-GOV-1-400399,ID,programme,sample,ID|mixed-or-unmapped|missing,263,false,frozen lexicographic stratum round robin; no status/date filter,"{""ID"": [""2021-12-31"", ""2022-03-15"", ""2022-11-14""], ""SN"": [""2021-12-31"", ""2022-03-15"", ""2023-06-21""], ""VN"": [""2021-12-31"", ""2022-03-15"", ""2022-12-13""], ""ZA"": [""2020-12-31"", ""2021-09-28"", ""2021-11-01""]}"
GB-1-114497,IN,programme,sample,IN|mixed-or-unmapped|missing,264,false,frozen lexicographic stratum round robin; no status/date filter,"{""ID"": [""2021-12-31"", ""2022-03-15"", ""2022-11-14""], ""SN"": [""2021-12-31"", ""2022-03-15"", ""2023-06-21""], ""VN"": [""2021-12-31"", ""2022-03-15"", ""2022-12-13""], ""ZA"": [""2020-12-31"", ""2021-09-28"", ""2021-11-01""]}"
GB-GOV-3-PAP-VNH-002161,VN,programme,sample,VN|mixed-or-unmapped|missing,265,false,frozen lexicographic stratum round robin; no status/date filter,"{""ID"": [""2021-12-31"", ""2022-03-15"", ""2022-11-14""], ""SN"": [""2021-12-31"", ""2022-03-15"", ""2023-06-21""], ""VN"": [""2021-12-31"", ""2022-03-15"", ""2022-12-13""], ""ZA"": [""2020-12-31"", ""2021-09-28"", ""2021-11-01""]}"
GB-GOV-3-Frontline Diplomatic Enabling Activity-ZA,ZA,programme,sample,ZA|mixed-or-unmapped|missing,266,false,frozen lexicographic stratum round robin; no status/date filter,"{""ID"": [""2021-12-31"", ""2022-03-15"", ""2022-11-14""], ""SN"": [""2021-12-31"", ""2022-03-15"", ""2023-06-21""], ""VN"": [""2021-12-31"", ""2022-03-15"", ""2022-12-13""], ""ZA"": [""2020-12-31"", ""2021-09-28"", ""2021-11-01""]}"
GB-GOV-1-400400,ID,programme,sample,ID|mixed-or-unmapped|missing,267,false,frozen lexicographic stratum round robin; no status/date filter,"{""ID"": [""2021-12-31"", ""2022-03-15"", ""2022-11-14""], ""SN"": [""2021-12-31"", ""2022-03-15"", ""2023-06-21""], ""VN"": [""2021-12-31"", ""2022-03-15"", ""2022-12-13""], ""ZA"": [""2020-12-31"", ""2021-09-28"", ""2021-11-01""]}"
GB-1-114501,IN,programme,sample,IN|mixed-or-unmapped|missing,268,false,frozen lexicographic stratum round robin; no status/date filter,"{""ID"": [""2021-12-31"", ""2022-03-15"", ""2022-11-14""], ""SN"": [""2021-12-31"", ""2022-03-15"", ""2023-06-21""], ""VN"": [""2021-12-31"", ""2022-03-15"", ""2022-12-13""], ""ZA"": [""2020-12-31"", ""2021-09-28"", ""2021-11-01""]}"
GB-GOV-3-PAP-VNH-002302,VN,programme,sample,VN|mixed-or-unmapped|missing,269,false,frozen lexicographic stratum round robin; no status/date filter,"{""ID"": [""2021-12-31"", ""2022-03-15"", ""2022-11-14""], ""SN"": [""2021-12-31"", ""2022-03-15"", ""2023-06-21""], ""VN"": [""2021-12-31"", ""2022-03-15"", ""2022-12-13""], ""ZA"": [""2020-12-31"", ""2021-09-28"", ""2021-11-01""]}"
"GB-GOV-3-Human Rights, Democracy, and the Rule of Law-ZA",ZA,programme,sample,ZA|mixed-or-unmapped|missing,270,false,frozen lexicographic stratum round robin; no status/date filter,"{""ID"": [""2021-12-31"", ""2022-03-15"", ""2022-11-14""], ""SN"": [""2021-12-31"", ""2022-03-15"", ""2023-06-21""], ""VN"": [""2021-12-31"", ""2022-03-15"", ""2022-12-13""], ""ZA"": [""2020-12-31"", ""2021-09-28"", ""2021-11-01""]}"
GB-GOV-1-400422,ID,programme,sample,ID|mixed-or-unmapped|missing,271,false,frozen lexicographic stratum round robin; no status/date filter,"{""ID"": [""2021-12-31"", ""2022-03-15"", ""2022-11-14""], ""SN"": [""2021-12-31"", ""2022-03-15"", ""2023-06-21""], ""VN"": [""2021-12-31"", ""2022-03-15"", ""2022-12-13""], ""ZA"": [""2020-12-31"", ""2021-09-28"", ""2021-11-01""]}"
GB-1-114506,IN,programme,sample,IN|mixed-or-unmapped|missing,272,false,frozen lexicographic stratum round robin; no status/date filter,"{""ID"": [""2021-12-31"", ""2022-03-15"", ""2022-11-14""], ""SN"": [""2021-12-31"", ""2022-03-15"", ""2023-06-21""], ""VN"": [""2021-12-31"", ""2022-03-15"", ""2022-12-13""], ""ZA"": [""2020-12-31"", ""2021-09-28"", ""2021-11-01""]}"
GB-GOV-3-PAP-VNH-002305,VN,programme,sample,VN|mixed-or-unmapped|missing,273,false,frozen lexicographic stratum round robin; no status/date filter,"{""ID"": [""2021-12-31"", ""2022-03-15"", ""2022-11-14""], ""SN"": [""2021-12-31"", ""2022-03-15"", ""2023-06-21""], ""VN"": [""2021-12-31"", ""2022-03-15"", ""2022-12-13""], ""ZA"": [""2020-12-31"", ""2021-09-28"", ""2021-11-01""]}"
GB-GOV-3-PAF-AS14-CC-1,ZA,programme,sample,ZA|mixed-or-unmapped|missing,274,false,frozen lexicographic stratum round robin; no status/date filter,"{""ID"": [""2021-12-31"", ""2022-03-15"", ""2022-11-14""], ""SN"": [""2021-12-31"", ""2022-03-15"", ""2023-06-21""], ""VN"": [""2021-12-31"", ""2022-03-15"", ""2022-12-13""], ""ZA"": [""2020-12-31"", ""2021-09-28"", ""2021-11-01""]}"
GB-GOV-1-400862,ID,programme,sample,ID|mixed-or-unmapped|missing,275,false,frozen lexicographic stratum round robin; no status/date filter,"{""ID"": [""2021-12-31"", ""2022-03-15"", ""2022-11-14""], ""SN"": [""2021-12-31"", ""2022-03-15"", ""2023-06-21""], ""VN"": [""2021-12-31"", ""2022-03-15"", ""2022-12-13""], ""ZA"": [""2020-12-31"", ""2021-09-28"", ""2021-11-01""]}"
GB-1-200135,IN,programme,sample,IN|mixed-or-unmapped|missing,276,false,frozen lexicographic stratum round robin; no status/date filter,"{""ID"": [""2021-12-31"", ""2022-03-15"", ""2022-11-14""], ""SN"": [""2021-12-31"", ""2022-03-15"", ""2023-06-21""], ""VN"": [""2021-12-31"", ""2022-03-15"", ""2022-12-13""], ""ZA"": [""2020-12-31"", ""2021-09-28"", ""2021-11-01""]}"
GB-GOV-3-PAP-VNH-002307,VN,programme,sample,VN|mixed-or-unmapped|missing,277,false,frozen lexicographic stratum round robin; no status/date filter,"{""ID"": [""2021-12-31"", ""2022-03-15"", ""2022-11-14""], ""SN"": [""2021-12-31"", ""2022-03-15"", ""2023-06-21""], ""VN"": [""2021-12-31"", ""2022-03-15"", ""2022-12-13""], ""ZA"": [""2020-12-31"", ""2021-09-28"", ""2021-11-01""]}"
GB-GOV-3-PAF-AS14-EN-7,ZA,programme,sample,ZA|mixed-or-unmapped|missing,278,false,frozen lexicographic stratum round robin; no status/date filter,"{""ID"": [""2021-12-31"", ""2022-03-15"", ""2022-11-14""], ""SN"": [""2021-12-31"", ""2022-03-15"", ""2023-06-21""], ""VN"": [""2021-12-31"", ""2022-03-15"", ""2022-12-13""], ""ZA"": [""2020-12-31"", ""2021-09-28"", ""2021-11-01""]}"
GB-GOV-3-Chevening Scholarships-ID,ID,programme,sample,ID|mixed-or-unmapped|missing,279,false,frozen lexicographic stratum round robin; no status/date filter,"{""ID"": [""2021-12-31"", ""2022-03-15"", ""2022-11-14""], ""SN"": [""2021-12-31"", ""2022-03-15"", ""2023-06-21""], ""VN"": [""2021-12-31"", ""2022-03-15"", ""2022-12-13""], ""ZA"": [""2020-12-31"", ""2021-09-28"", ""2021-11-01""]}"
GB-1-200599,IN,programme,sample,IN|mixed-or-unmapped|missing,280,false,frozen lexicographic stratum round robin; no status/date filter,"{""ID"": [""2021-12-31"", ""2022-03-15"", ""2022-11-14""], ""SN"": [""2021-12-31"", ""2022-03-15"", ""2023-06-21""], ""VN"": [""2021-12-31"", ""2022-03-15"", ""2022-12-13""], ""ZA"": [""2020-12-31"", ""2021-09-28"", ""2021-11-01""]}"
GB-GOV-3-PAP-VNH-002308,VN,programme,sample,VN|mixed-or-unmapped|missing,281,false,frozen lexicographic stratum round robin; no status/date filter,"{""ID"": [""2021-12-31"", ""2022-03-15"", ""2022-11-14""], ""SN"": [""2021-12-31"", ""2022-03-15"", ""2023-06-21""], ""VN"": [""2021-12-31"", ""2022-03-15"", ""2022-12-13""], ""ZA"": [""2020-12-31"", ""2021-09-28"", ""2021-11-01""]}"
GB-GOV-3-PAF-AS14-EN1,ZA,programme,sample,ZA|mixed-or-unmapped|missing,282,false,frozen lexicographic stratum round robin; no status/date filter,"{""ID"": [""2021-12-31"", ""2022-03-15"", ""2022-11-14""], ""SN"": [""2021-12-31"", ""2022-03-15"", ""2023-06-21""], ""VN"": [""2021-12-31"", ""2022-03-15"", ""2022-12-13""], ""ZA"": [""2020-12-31"", ""2021-09-28"", ""2021-11-01""]}"
GB-GOV-3-Combatting Corruption-ID,ID,programme,sample,ID|mixed-or-unmapped|missing,283,false,frozen lexicographic stratum round robin; no status/date filter,"{""ID"": [""2021-12-31"", ""2022-03-15"", ""2022-11-14""], ""SN"": [""2021-12-31"", ""2022-03-15"", ""2023-06-21""], ""VN"": [""2021-12-31"", ""2022-03-15"", ""2022-12-13""], ""ZA"": [""2020-12-31"", ""2021-09-28"", ""2021-11-01""]}"
GB-1-200753,IN,programme,sample,IN|mixed-or-unmapped|missing,284,false,frozen lexicographic stratum round robin; no status/date filter,"{""ID"": [""2021-12-31"", ""2022-03-15"", ""2022-11-14""], ""SN"": [""2021-12-31"", ""2022-03-15"", ""2023-06-21""], ""VN"": [""2021-12-31"", ""2022-03-15"", ""2022-12-13""], ""ZA"": [""2020-12-31"", ""2021-09-28"", ""2021-11-01""]}"
GB-GOV-3-PAP-VNH-002321,VN,programme,sample,VN|mixed-or-unmapped|missing,285,false,frozen lexicographic stratum round robin; no status/date filter,"{""ID"": [""2021-12-31"", ""2022-03-15"", ""2022-11-14""], ""SN"": [""2021-12-31"", ""2022-03-15"", ""2023-06-21""], ""VN"": [""2021-12-31"", ""2022-03-15"", ""2022-12-13""], ""ZA"": [""2020-12-31"", ""2021-09-28"", ""2021-11-01""]}"
GB-GOV-3-PAF-AS14-EN2,ZA,programme,sample,ZA|mixed-or-unmapped|missing,286,false,frozen lexicographic stratum round robin; no status/date filter,"{""ID"": [""2021-12-31"", ""2022-03-15"", ""2022-11-14""], ""SN"": [""2021-12-31"", ""2022-03-15"", ""2023-06-21""], ""VN"": [""2021-12-31"", ""2022-03-15"", ""2022-12-13""], ""ZA"": [""2020-12-31"", ""2021-09-28"", ""2021-11-01""]}"
GB-GOV-3-Economic Security and Opportunity-ID,ID,programme,sample,ID|mixed-or-unmapped|missing,287,false,frozen lexicographic stratum round robin; no status/date filter,"{""ID"": [""2021-12-31"", ""2022-03-15"", ""2022-11-14""], ""SN"": [""2021-12-31"", ""2022-03-15"", ""2023-06-21""], ""VN"": [""2021-12-31"", ""2022-03-15"", ""2022-12-13""], ""ZA"": [""2020-12-31"", ""2021-09-28"", ""2021-11-01""]}"
GB-1-200754,IN,programme,sample,IN|mixed-or-unmapped|missing,288,false,frozen lexicographic stratum round robin; no status/date filter,"{""ID"": [""2021-12-31"", ""2022-03-15"", ""2022-11-14""], ""SN"": [""2021-12-31"", ""2022-03-15"", ""2023-06-21""], ""VN"": [""2021-12-31"", ""2022-03-15"", ""2022-12-13""], ""ZA"": [""2020-12-31"", ""2021-09-28"", ""2021-11-01""]}"
GB-GOV-3-PAP-VNH-002322,VN,programme,sample,VN|mixed-or-unmapped|missing,289,false,frozen lexicographic stratum round robin; no status/date filter,"{""ID"": [""2021-12-31"", ""2022-03-15"", ""2022-11-14""], ""SN"": [""2021-12-31"", ""2022-03-15"", ""2023-06-21""], ""VN"": [""2021-12-31"", ""2022-03-15"", ""2022-12-13""], ""ZA"": [""2020-12-31"", ""2021-09-28"", ""2021-11-01""]}"
GB-GOV-3-PAF-AS14-EN3,ZA,programme,sample,ZA|mixed-or-unmapped|missing,290,false,frozen lexicographic stratum round robin; no status/date filter,"{""ID"": [""2021-12-31"", ""2022-03-15"", ""2022-11-14""], ""SN"": [""2021-12-31"", ""2022-03-15"", ""2023-06-21""], ""VN"": [""2021-12-31"", ""2022-03-15"", ""2022-12-13""], ""ZA"": [""2020-12-31"", ""2021-09-28"", ""2021-11-01""]}"
GB-GOV-3-FDEA-ID,ID,programme,sample,ID|mixed-or-unmapped|missing,291,false,frozen lexicographic stratum round robin; no status/date filter,"{""ID"": [""2021-12-31"", ""2022-03-15"", ""2022-11-14""], ""SN"": [""2021-12-31"", ""2022-03-15"", ""2023-06-21""], ""VN"": [""2021-12-31"", ""2022-03-15"", ""2022-12-13""], ""ZA"": [""2020-12-31"", ""2021-09-28"", ""2021-11-01""]}"
GB-1-200826,IN,programme,sample,IN|mixed-or-unmapped|missing,292,false,frozen lexicographic stratum round robin; no status/date filter,"{""ID"": [""2021-12-31"", ""2022-03-15"", ""2022-11-14""], ""SN"": [""2021-12-31"", ""2022-03-15"", ""2023-06-21""], ""VN"": [""2021-12-31"", ""2022-03-15"", ""2022-12-13""], ""ZA"": [""2020-12-31"", ""2021-09-28"", ""2021-11-01""]}"
GB-GOV-3-PAP-VNH-002331,VN,programme,sample,VN|mixed-or-unmapped|missing,293,false,frozen lexicographic stratum round robin; no status/date filter,"{""ID"": [""2021-12-31"", ""2022-03-15"", ""2022-11-14""], ""SN"": [""2021-12-31"", ""2022-03-15"", ""2023-06-21""], ""VN"": [""2021-12-31"", ""2022-03-15"", ""2022-12-13""], ""ZA"": [""2020-12-31"", ""2021-09-28"", ""2021-11-01""]}"
GB-GOV-3-PAF-AS14-EN4,ZA,programme,sample,ZA|mixed-or-unmapped|missing,294,false,frozen lexicographic stratum round robin; no status/date filter,"{""ID"": [""2021-12-31"", ""2022-03-15"", ""2022-11-14""], ""SN"": [""2021-12-31"", ""2022-03-15"", ""2023-06-21""], ""VN"": [""2021-12-31"", ""2022-03-15"", ""2022-12-13""], ""ZA"": [""2020-12-31"", ""2021-09-28"", ""2021-11-01""]}"
GB-GOV-3-FDEA-ID-FY19/20,ID,programme,sample,ID|mixed-or-unmapped|missing,295,false,frozen lexicographic stratum round robin; no status/date filter,"{""ID"": [""2021-12-31"", ""2022-03-15"", ""2022-11-14""], ""SN"": [""2021-12-31"", ""2022-03-15"", ""2023-06-21""], ""VN"": [""2021-12-31"", ""2022-03-15"", ""2022-12-13""], ""ZA"": [""2020-12-31"", ""2021-09-28"", ""2021-11-01""]}"
GB-1-200917,IN,programme,sample,IN|mixed-or-unmapped|missing,296,false,frozen lexicographic stratum round robin; no status/date filter,"{""ID"": [""2021-12-31"", ""2022-03-15"", ""2022-11-14""], ""SN"": [""2021-12-31"", ""2022-03-15"", ""2023-06-21""], ""VN"": [""2021-12-31"", ""2022-03-15"", ""2022-12-13""], ""ZA"": [""2020-12-31"", ""2021-09-28"", ""2021-11-01""]}"
GB-GOV-3-PAP-VNH-002332,VN,programme,sample,VN|mixed-or-unmapped|missing,297,false,frozen lexicographic stratum round robin; no status/date filter,"{""ID"": [""2021-12-31"", ""2022-03-15"", ""2022-11-14""], ""SN"": [""2021-12-31"", ""2022-03-15"", ""2023-06-21""], ""VN"": [""2021-12-31"", ""2022-03-15"", ""2022-12-13""], ""ZA"": [""2020-12-31"", ""2021-09-28"", ""2021-11-01""]}"
GB-GOV-3-PAF-AS14-EN5,ZA,programme,sample,ZA|mixed-or-unmapped|missing,298,false,frozen lexicographic stratum round robin; no status/date filter,"{""ID"": [""2021-12-31"", ""2022-03-15"", ""2022-11-14""], ""SN"": [""2021-12-31"", ""2022-03-15"", ""2023-06-21""], ""VN"": [""2021-12-31"", ""2022-03-15"", ""2022-12-13""], ""ZA"": [""2020-12-31"", ""2021-09-28"", ""2021-11-01""]}"
GB-GOV-3-FDEAECO-ID,ID,programme,sample,ID|mixed-or-unmapped|missing,299,false,frozen lexicographic stratum round robin; no status/date filter,"{""ID"": [""2021-12-31"", ""2022-03-15"", ""2022-11-14""], ""SN"": [""2021-12-31"", ""2022-03-15"", ""2023-06-21""], ""VN"": [""2021-12-31"", ""2022-03-15"", ""2022-12-13""], ""ZA"": [""2020-12-31"", ""2021-09-28"", ""2021-11-01""]}"
GB-1-200939,IN,programme,sample,IN|mixed-or-unmapped|missing,300,false,frozen lexicographic stratum round robin; no status/date filter,"{""ID"": [""2021-12-31"", ""2022-03-15"", ""2022-11-14""], ""SN"": [""2021-12-31"", ""2022-03-15"", ""2023-06-21""], ""VN"": [""2021-12-31"", ""2022-03-15"", ""2022-12-13""], ""ZA"": [""2020-12-31"", ""2021-09-28"", ""2021-11-01""]}"
GB-GOV-3-PHR-VNH-021701,VN,programme,sample,VN|mixed-or-unmapped|missing,301,false,frozen lexicographic stratum round robin; no status/date filter,"{""ID"": [""2021-12-31"", ""2022-03-15"", ""2022-11-14""], ""SN"": [""2021-12-31"", ""2022-03-15"", ""2023-06-21""], ""VN"": [""2021-12-31"", ""2022-03-15"", ""2022-12-13""], ""ZA"": [""2020-12-31"", ""2021-09-28"", ""2021-11-01""]}"
GB-GOV-3-PAF-SAP-150003,ZA,programme,sample,ZA|mixed-or-unmapped|missing,302,false,frozen lexicographic stratum round robin; no status/date filter,"{""ID"": [""2021-12-31"", ""2022-03-15"", ""2022-11-14""], ""SN"": [""2021-12-31"", ""2022-03-15"", ""2023-06-21""], ""VN"": [""2021-12-31"", ""2022-03-15"", ""2022-12-13""], ""ZA"": [""2020-12-31"", ""2021-09-28"", ""2021-11-01""]}"
GB-GOV-3-FDEAG-ID,ID,programme,sample,ID|mixed-or-unmapped|missing,303,false,frozen lexicographic stratum round robin; no status/date filter,"{""ID"": [""2021-12-31"", ""2022-03-15"", ""2022-11-14""], ""SN"": [""2021-12-31"", ""2022-03-15"", ""2023-06-21""], ""VN"": [""2021-12-31"", ""2022-03-15"", ""2022-12-13""], ""ZA"": [""2020-12-31"", ""2021-09-28"", ""2021-11-01""]}"
GB-1-201227,IN,programme,sample,IN|mixed-or-unmapped|missing,304,false,frozen lexicographic stratum round robin; no status/date filter,"{""ID"": [""2021-12-31"", ""2022-03-15"", ""2022-11-14""], ""SN"": [""2021-12-31"", ""2022-03-15"", ""2023-06-21""], ""VN"": [""2021-12-31"", ""2022-03-15"", ""2022-12-13""], ""ZA"": [""2020-12-31"", ""2021-09-28"", ""2021-11-01""]}"
GB-GOV-3-PMD-VTM-111027,VN,programme,sample,VN|mixed-or-unmapped|missing,305,false,frozen lexicographic stratum round robin; no status/date filter,"{""ID"": [""2021-12-31"", ""2022-03-15"", ""2022-11-14""], ""SN"": [""2021-12-31"", ""2022-03-15"", ""2023-06-21""], ""VN"": [""2021-12-31"", ""2022-03-15"", ""2022-12-13""], ""ZA"": [""2020-12-31"", ""2021-09-28"", ""2021-11-01""]}"
GB-GOV-3-PAF-SAP-150006,ZA,programme,sample,ZA|mixed-or-unmapped|missing,306,false,frozen lexicographic stratum round robin; no status/date filter,"{""ID"": [""2021-12-31"", ""2022-03-15"", ""2022-11-14""], ""SN"": [""2021-12-31"", ""2022-03-15"", ""2023-06-21""], ""VN"": [""2021-12-31"", ""2022-03-15"", ""2022-12-13""], ""ZA"": [""2020-12-31"", ""2021-09-28"", ""2021-11-01""]}"
GB-GOV-3-Frontline Diplomatic Enabling Activity-ID,ID,programme,sample,ID|mixed-or-unmapped|missing,307,false,frozen lexicographic stratum round robin; no status/date filter,"{""ID"": [""2021-12-31"", ""2022-03-15"", ""2022-11-14""], ""SN"": [""2021-12-31"", ""2022-03-15"", ""2023-06-21""], ""VN"": [""2021-12-31"", ""2022-03-15"", ""2022-12-13""], ""ZA"": [""2020-12-31"", ""2021-09-28"", ""2021-11-01""]}"
GB-1-201346,IN,programme,sample,IN|mixed-or-unmapped|missing,308,false,frozen lexicographic stratum round robin; no status/date filter,"{""ID"": [""2021-12-31"", ""2022-03-15"", ""2022-11-14""], ""SN"": [""2021-12-31"", ""2022-03-15"", ""2023-06-21""], ""VN"": [""2021-12-31"", ""2022-03-15"", ""2022-12-13""], ""ZA"": [""2020-12-31"", ""2021-09-28"", ""2021-11-01""]}"
GB-GOV-3-PPY-SEA-1529,VN,programme,sample,VN|mixed-or-unmapped|missing,309,false,frozen lexicographic stratum round robin; no status/date filter,"{""ID"": [""2021-12-31"", ""2022-03-15"", ""2022-11-14""], ""SN"": [""2021-12-31"", ""2022-03-15"", ""2023-06-21""], ""VN"": [""2021-12-31"", ""2022-03-15"", ""2022-12-13""], ""ZA"": [""2020-12-31"", ""2021-09-28"", ""2021-11-01""]}"
GB-GOV-3-PAF-SAP-150011,ZA,programme,sample,ZA|mixed-or-unmapped|missing,310,false,frozen lexicographic stratum round robin; no status/date filter,"{""ID"": [""2021-12-31"", ""2022-03-15"", ""2022-11-14""], ""SN"": [""2021-12-31"", ""2022-03-15"", ""2023-06-21""], ""VN"": [""2021-12-31"", ""2022-03-15"", ""2022-12-13""], ""ZA"": [""2020-12-31"", ""2021-09-28"", ""2021-11-01""]}"
"GB-GOV-3-Governance, Education and Culture-ID",ID,programme,sample,ID|mixed-or-unmapped|missing,311,false,frozen lexicographic stratum round robin; no status/date filter,"{""ID"": [""2021-12-31"", ""2022-03-15"", ""2022-11-14""], ""SN"": [""2021-12-31"", ""2022-03-15"", ""2023-06-21""], ""VN"": [""2021-12-31"", ""2022-03-15"", ""2022-12-13""], ""ZA"": [""2020-12-31"", ""2021-09-28"", ""2021-11-01""]}"
GB-1-201388,IN,programme,sample,IN|mixed-or-unmapped|missing,312,false,frozen lexicographic stratum round robin; no status/date filter,"{""ID"": [""2021-12-31"", ""2022-03-15"", ""2022-11-14""], ""SN"": [""2021-12-31"", ""2022-03-15"", ""2023-06-21""], ""VN"": [""2021-12-31"", ""2022-03-15"", ""2022-12-13""], ""ZA"": [""2020-12-31"", ""2021-09-28"", ""2021-11-01""]}"
GB-GOV-3-PPY-SEA-1530,VN,programme,sample,VN|mixed-or-unmapped|missing,313,false,frozen lexicographic stratum round robin; no status/date filter,"{""ID"": [""2021-12-31"", ""2022-03-15"", ""2022-11-14""], ""SN"": [""2021-12-31"", ""2022-03-15"", ""2023-06-21""], ""VN"": [""2021-12-31"", ""2022-03-15"", ""2022-12-13""], ""ZA"": [""2020-12-31"", ""2021-09-28"", ""2021-11-01""]}"
GB-GOV-3-PDS-CPD-BPB-000166,ZA,programme,sample,ZA|mixed-or-unmapped|missing,314,false,frozen lexicographic stratum round robin; no status/date filter,"{""ID"": [""2021-12-31"", ""2022-03-15"", ""2022-11-14""], ""SN"": [""2021-12-31"", ""2022-03-15"", ""2023-06-21""], ""VN"": [""2021-12-31"", ""2022-03-15"", ""2022-12-13""], ""ZA"": [""2020-12-31"", ""2021-09-28"", ""2021-11-01""]}"
GB-GOV-3-HRRBIS-ID,ID,programme,sample,ID|mixed-or-unmapped|missing,315,false,frozen lexicographic stratum round robin; no status/date filter,"{""ID"": [""2021-12-31"", ""2022-03-15"", ""2022-11-14""], ""SN"": [""2021-12-31"", ""2022-03-15"", ""2023-06-21""], ""VN"": [""2021-12-31"", ""2022-03-15"", ""2022-12-13""], ""ZA"": [""2020-12-31"", ""2021-09-28"", ""2021-11-01""]}"
GB-1-201413,IN,programme,sample,IN|mixed-or-unmapped|missing,316,false,frozen lexicographic stratum round robin; no status/date filter,"{""ID"": [""2021-12-31"", ""2022-03-15"", ""2022-11-14""], ""SN"": [""2021-12-31"", ""2022-03-15"", ""2023-06-21""], ""VN"": [""2021-12-31"", ""2022-03-15"", ""2022-12-13""], ""ZA"": [""2020-12-31"", ""2021-09-28"", ""2021-11-01""]}"
GB-GOV-3-PPY-SEA-1531,VN,programme,sample,VN|mixed-or-unmapped|missing,317,false,frozen lexicographic stratum round robin; no status/date filter,"{""ID"": [""2021-12-31"", ""2022-03-15"", ""2022-11-14""], ""SN"": [""2021-12-31"", ""2022-03-15"", ""2023-06-21""], ""VN"": [""2021-12-31"", ""2022-03-15"", ""2022-12-13""], ""ZA"": [""2020-12-31"", ""2021-09-28"", ""2021-11-01""]}"
GB-GOV-3-PDS-NSD-CPU-000308,ZA,programme,sample,ZA|mixed-or-unmapped|missing,318,false,frozen lexicographic stratum round robin; no status/date filter,"{""ID"": [""2021-12-31"", ""2022-03-15"", ""2022-11-14""], ""SN"": [""2021-12-31"", ""2022-03-15"", ""2023-06-21""], ""VN"": [""2021-12-31"", ""2022-03-15"", ""2022-12-13""], ""ZA"": [""2020-12-31"", ""2021-09-28"", ""2021-11-01""]}"
GB-GOV-3-HRRBIS-ID-FY19/20,ID,programme,sample,ID|mixed-or-unmapped|missing,319,false,frozen lexicographic stratum round robin; no status/date filter,"{""ID"": [""2021-12-31"", ""2022-03-15"", ""2022-11-14""], ""SN"": [""2021-12-31"", ""2022-03-15"", ""2023-06-21""], ""VN"": [""2021-12-31"", ""2022-03-15"", ""2022-12-13""], ""ZA"": [""2020-12-31"", ""2021-09-28"", ""2021-11-01""]}"
GB-1-202736,IN,programme,sample,IN|mixed-or-unmapped|missing,320,false,frozen lexicographic stratum round robin; no status/date filter,"{""ID"": [""2021-12-31"", ""2022-03-15"", ""2022-11-14""], ""SN"": [""2021-12-31"", ""2022-03-15"", ""2023-06-21""], ""VN"": [""2021-12-31"", ""2022-03-15"", ""2022-12-13""], ""ZA"": [""2020-12-31"", ""2021-09-28"", ""2021-11-01""]}"
GB-GOV-3-PPY-SEA-1532,VN,programme,sample,VN|mixed-or-unmapped|missing,321,false,frozen lexicographic stratum round robin; no status/date filter,"{""ID"": [""2021-12-31"", ""2022-03-15"", ""2022-11-14""], ""SN"": [""2021-12-31"", ""2022-03-15"", ""2023-06-21""], ""VN"": [""2021-12-31"", ""2022-03-15"", ""2022-12-13""], ""ZA"": [""2020-12-31"", ""2021-09-28"", ""2021-11-01""]}"
GB-GOV-3-PDS-NSD-CPU-000309,ZA,programme,sample,ZA|mixed-or-unmapped|missing,322,false,frozen lexicographic stratum round robin; no status/date filter,"{""ID"": [""2021-12-31"", ""2022-03-15"", ""2022-11-14""], ""SN"": [""2021-12-31"", ""2022-03-15"", ""2023-06-21""], ""VN"": [""2021-12-31"", ""2022-03-15"", ""2022-12-13""], ""ZA"": [""2020-12-31"", ""2021-09-28"", ""2021-11-01""]}"
"GB-GOV-3-Human Rights, Democracy, and the Rule of Law-ID",ID,programme,sample,ID|mixed-or-unmapped|missing,323,false,frozen lexicographic stratum round robin; no status/date filter,"{""ID"": [""2021-12-31"", ""2022-03-15"", ""2022-11-14""], ""SN"": [""2021-12-31"", ""2022-03-15"", ""2023-06-21""], ""VN"": [""2021-12-31"", ""2022-03-15"", ""2022-12-13""], ""ZA"": [""2020-12-31"", ""2021-09-28"", ""2021-11-01""]}"
GB-1-202744,IN,programme,sample,IN|mixed-or-unmapped|missing,324,false,frozen lexicographic stratum round robin; no status/date filter,"{""ID"": [""2021-12-31"", ""2022-03-15"", ""2022-11-14""], ""SN"": [""2021-12-31"", ""2022-03-15"", ""2023-06-21""], ""VN"": [""2021-12-31"", ""2022-03-15"", ""2022-12-13""], ""ZA"": [""2020-12-31"", ""2021-09-28"", ""2021-11-01""]}"
GB-GOV-3-Women and Girls-VN,VN,programme,sample,VN|mixed-or-unmapped|missing,325,false,frozen lexicographic stratum round robin; no status/date filter,"{""ID"": [""2021-12-31"", ""2022-03-15"", ""2022-11-14""], ""SN"": [""2021-12-31"", ""2022-03-15"", ""2023-06-21""], ""VN"": [""2021-12-31"", ""2022-03-15"", ""2022-12-13""], ""ZA"": [""2020-12-31"", ""2021-09-28"", ""2021-11-01""]}"
GB-GOV-3-PF-ACO,ZA,programme,sample,ZA|mixed-or-unmapped|missing,326,false,frozen lexicographic stratum round robin; no status/date filter,"{""ID"": [""2021-12-31"", ""2022-03-15"", ""2022-11-14""], ""SN"": [""2021-12-31"", ""2022-03-15"", ""2023-06-21""], ""VN"": [""2021-12-31"", ""2022-03-15"", ""2022-12-13""], ""ZA"": [""2020-12-31"", ""2021-09-28"", ""2021-11-01""]}"
GB-GOV-3-IWT-ID,ID,programme,sample,ID|mixed-or-unmapped|missing,327,false,frozen lexicographic stratum round robin; no status/date filter,"{""ID"": [""2021-12-31"", ""2022-03-15"", ""2022-11-14""], ""SN"": [""2021-12-31"", ""2022-03-15"", ""2023-06-21""], ""VN"": [""2021-12-31"", ""2022-03-15"", ""2022-12-13""], ""ZA"": [""2020-12-31"", ""2021-09-28"", ""2021-11-01""]}"
GB-1-202765,IN,programme,sample,IN|mixed-or-unmapped|missing,328,false,frozen lexicographic stratum round robin; no status/date filter,"{""ID"": [""2021-12-31"", ""2022-03-15"", ""2022-11-14""], ""SN"": [""2021-12-31"", ""2022-03-15"", ""2023-06-21""], ""VN"": [""2021-12-31"", ""2022-03-15"", ""2022-12-13""], ""ZA"": [""2020-12-31"", ""2021-09-28"", ""2021-11-01""]}"
GB-GOV-3-PHR-SAC-801601,ZA,programme,sample,ZA|mixed-or-unmapped|missing,329,false,frozen lexicographic stratum round robin; no status/date filter,"{""ID"": [""2021-12-31"", ""2022-03-15"", ""2022-11-14""], ""SN"": [""2021-12-31"", ""2022-03-15"", ""2023-06-21""], ""VN"": [""2021-12-31"", ""2022-03-15"", ""2022-12-13""], ""ZA"": [""2020-12-31"", ""2021-09-28"", ""2021-11-01""]}"
GB-GOV-3-PAP-IDJ-002157,ID,programme,sample,ID|mixed-or-unmapped|missing,330,false,frozen lexicographic stratum round robin; no status/date filter,"{""ID"": [""2021-12-31"", ""2022-03-15"", ""2022-11-14""], ""SN"": [""2021-12-31"", ""2022-03-15"", ""2023-06-21""], ""VN"": [""2021-12-31"", ""2022-03-15"", ""2022-12-13""], ""ZA"": [""2020-12-31"", ""2021-09-28"", ""2021-11-01""]}"
GB-1-202865,IN,programme,sample,IN|mixed-or-unmapped|missing,331,false,frozen lexicographic stratum round robin; no status/date filter,"{""ID"": [""2021-12-31"", ""2022-03-15"", ""2022-11-14""], ""SN"": [""2021-12-31"", ""2022-03-15"", ""2023-06-21""], ""VN"": [""2021-12-31"", ""2022-03-15"", ""2022-12-13""], ""ZA"": [""2020-12-31"", ""2021-09-28"", ""2021-11-01""]}"
GB-GOV-3-PHR-SAP-031701,ZA,programme,sample,ZA|mixed-or-unmapped|missing,332,false,frozen lexicographic stratum round robin; no status/date filter,"{""ID"": [""2021-12-31"", ""2022-03-15"", ""2022-11-14""], ""SN"": [""2021-12-31"", ""2022-03-15"", ""2023-06-21""], ""VN"": [""2021-12-31"", ""2022-03-15"", ""2022-12-13""], ""ZA"": [""2020-12-31"", ""2021-09-28"", ""2021-11-01""]}"
GB-GOV-3-PAP-IDJ-002161,ID,programme,sample,ID|mixed-or-unmapped|missing,333,false,frozen lexicographic stratum round robin; no status/date filter,"{""ID"": [""2021-12-31"", ""2022-03-15"", ""2022-11-14""], ""SN"": [""2021-12-31"", ""2022-03-15"", ""2023-06-21""], ""VN"": [""2021-12-31"", ""2022-03-15"", ""2022-12-13""], ""ZA"": [""2020-12-31"", ""2021-09-28"", ""2021-11-01""]}"
GB-1-202867,IN,programme,sample,IN|mixed-or-unmapped|missing,334,false,frozen lexicographic stratum round robin; no status/date filter,"{""ID"": [""2021-12-31"", ""2022-03-15"", ""2022-11-14""], ""SN"": [""2021-12-31"", ""2022-03-15"", ""2023-06-21""], ""VN"": [""2021-12-31"", ""2022-03-15"", ""2022-12-13""], ""ZA"": [""2020-12-31"", ""2021-09-28"", ""2021-11-01""]}"
GB-GOV-3-PPY-RSA-1502,ZA,programme,sample,ZA|mixed-or-unmapped|missing,335,false,frozen lexicographic stratum round robin; no status/date filter,"{""ID"": [""2021-12-31"", ""2022-03-15"", ""2022-11-14""], ""SN"": [""2021-12-31"", ""2022-03-15"", ""2023-06-21""], ""VN"": [""2021-12-31"", ""2022-03-15"", ""2022-12-13""], ""ZA"": [""2020-12-31"", ""2021-09-28"", ""2021-11-01""]}"
GB-GOV-3-PAP-IDJ-002270,ID,programme,sample,ID|mixed-or-unmapped|missing,336,false,frozen lexicographic stratum round robin; no status/date filter,"{""ID"": [""2021-12-31"", ""2022-03-15"", ""2022-11-14""], ""SN"": [""2021-12-31"", ""2022-03-15"", ""2023-06-21""], ""VN"": [""2021-12-31"", ""2022-03-15"", ""2022-12-13""], ""ZA"": [""2020-12-31"", ""2021-09-28"", ""2021-11-01""]}"
GB-1-202869,IN,programme,sample,IN|mixed-or-unmapped|missing,337,false,frozen lexicographic stratum round robin; no status/date filter,"{""ID"": [""2021-12-31"", ""2022-03-15"", ""2022-11-14""], ""SN"": [""2021-12-31"", ""2022-03-15"", ""2023-06-21""], ""VN"": [""2021-12-31"", ""2022-03-15"", ""2022-12-13""], ""ZA"": [""2020-12-31"", ""2021-09-28"", ""2021-11-01""]}"
GB-GOV-3-PPY-RSA-1506,ZA,programme,sample,ZA|mixed-or-unmapped|missing,338,false,frozen lexicographic stratum round robin; no status/date filter,"{""ID"": [""2021-12-31"", ""2022-03-15"", ""2022-11-14""], ""SN"": [""2021-12-31"", ""2022-03-15"", ""2023-06-21""], ""VN"": [""2021-12-31"", ""2022-03-15"", ""2022-12-13""], ""ZA"": [""2020-12-31"", ""2021-09-28"", ""2021-11-01""]}"
GB-GOV-3-PAP-IDJ-002292,ID,programme,sample,ID|mixed-or-unmapped|missing,339,false,frozen lexicographic stratum round robin; no status/date filter,"{""ID"": [""2021-12-31"", ""2022-03-15"", ""2022-11-14""], ""SN"": [""2021-12-31"", ""2022-03-15"", ""2023-06-21""], ""VN"": [""2021-12-31"", ""2022-03-15"", ""2022-12-13""], ""ZA"": [""2020-12-31"", ""2021-09-28"", ""2021-11-01""]}"
GB-1-202871,IN,programme,sample,IN|mixed-or-unmapped|missing,340,false,frozen lexicographic stratum round robin; no status/date filter,"{""ID"": [""2021-12-31"", ""2022-03-15"", ""2022-11-14""], ""SN"": [""2021-12-31"", ""2022-03-15"", ""2023-06-21""], ""VN"": [""2021-12-31"", ""2022-03-15"", ""2022-12-13""], ""ZA"": [""2020-12-31"", ""2021-09-28"", ""2021-11-01""]}"
GB-GOV-3-PPY-RSA-1508,ZA,programme,sample,ZA|mixed-or-unmapped|missing,341,false,frozen lexicographic stratum round robin; no status/date filter,"{""ID"": [""2021-12-31"", ""2022-03-15"", ""2022-11-14""], ""SN"": [""2021-12-31"", ""2022-03-15"", ""2023-06-21""], ""VN"": [""2021-12-31"", ""2022-03-15"", ""2022-12-13""], ""ZA"": [""2020-12-31"", ""2021-09-28"", ""2021-11-01""]}"
GB-GOV-3-PAP-IDJ-002298,ID,programme,sample,ID|mixed-or-unmapped|missing,342,false,frozen lexicographic stratum round robin; no status/date filter,"{""ID"": [""2021-12-31"", ""2022-03-15"", ""2022-11-14""], ""SN"": [""2021-12-31"", ""2022-03-15"", ""2023-06-21""], ""VN"": [""2021-12-31"", ""2022-03-15"", ""2022-12-13""], ""ZA"": [""2020-12-31"", ""2021-09-28"", ""2021-11-01""]}"
GB-1-202927,IN,programme,sample,IN|mixed-or-unmapped|missing,343,false,frozen lexicographic stratum round robin; no status/date filter,"{""ID"": [""2021-12-31"", ""2022-03-15"", ""2022-11-14""], ""SN"": [""2021-12-31"", ""2022-03-15"", ""2023-06-21""], ""VN"": [""2021-12-31"", ""2022-03-15"", ""2022-12-13""], ""ZA"": [""2020-12-31"", ""2021-09-28"", ""2021-11-01""]}"
GB-GOV-3-PPY-RSA-1510,ZA,programme,sample,ZA|mixed-or-unmapped|missing,344,false,frozen lexicographic stratum round robin; no status/date filter,"{""ID"": [""2021-12-31"", ""2022-03-15"", ""2022-11-14""], ""SN"": [""2021-12-31"", ""2022-03-15"", ""2023-06-21""], ""VN"": [""2021-12-31"", ""2022-03-15"", ""2022-12-13""], ""ZA"": [""2020-12-31"", ""2021-09-28"", ""2021-11-01""]}"
GB-GOV-3-PAP-IDJ-002299,ID,programme,sample,ID|mixed-or-unmapped|missing,345,false,frozen lexicographic stratum round robin; no status/date filter,"{""ID"": [""2021-12-31"", ""2022-03-15"", ""2022-11-14""], ""SN"": [""2021-12-31"", ""2022-03-15"", ""2023-06-21""], ""VN"": [""2021-12-31"", ""2022-03-15"", ""2022-12-13""], ""ZA"": [""2020-12-31"", ""2021-09-28"", ""2021-11-01""]}"
GB-1-203217,IN,programme,sample,IN|mixed-or-unmapped|missing,346,false,frozen lexicographic stratum round robin; no status/date filter,"{""ID"": [""2021-12-31"", ""2022-03-15"", ""2022-11-14""], ""SN"": [""2021-12-31"", ""2022-03-15"", ""2023-06-21""], ""VN"": [""2021-12-31"", ""2022-03-15"", ""2022-12-13""], ""ZA"": [""2020-12-31"", ""2021-09-28"", ""2021-11-01""]}"
GB-GOV-3-PPY-RSA-1511,ZA,programme,sample,ZA|mixed-or-unmapped|missing,347,false,frozen lexicographic stratum round robin; no status/date filter,"{""ID"": [""2021-12-31"", ""2022-03-15"", ""2022-11-14""], ""SN"": [""2021-12-31"", ""2022-03-15"", ""2023-06-21""], ""VN"": [""2021-12-31"", ""2022-03-15"", ""2022-12-13""], ""ZA"": [""2020-12-31"", ""2021-09-28"", ""2021-11-01""]}"
GB-GOV-3-PAP-IDJ-002300,ID,programme,sample,ID|mixed-or-unmapped|missing,348,false,frozen lexicographic stratum round robin; no status/date filter,"{""ID"": [""2021-12-31"", ""2022-03-15"", ""2022-11-14""], ""SN"": [""2021-12-31"", ""2022-03-15"", ""2023-06-21""], ""VN"": [""2021-12-31"", ""2022-03-15"", ""2022-12-13""], ""ZA"": [""2020-12-31"", ""2021-09-28"", ""2021-11-01""]}"
GB-1-203224,IN,programme,sample,IN|mixed-or-unmapped|missing,349,false,frozen lexicographic stratum round robin; no status/date filter,"{""ID"": [""2021-12-31"", ""2022-03-15"", ""2022-11-14""], ""SN"": [""2021-12-31"", ""2022-03-15"", ""2023-06-21""], ""VN"": [""2021-12-31"", ""2022-03-15"", ""2022-12-13""], ""ZA"": [""2020-12-31"", ""2021-09-28"", ""2021-11-01""]}"
GB-GOV-3-PPY-RSA-1513,ZA,programme,sample,ZA|mixed-or-unmapped|missing,350,false,frozen lexicographic stratum round robin; no status/date filter,"{""ID"": [""2021-12-31"", ""2022-03-15"", ""2022-11-14""], ""SN"": [""2021-12-31"", ""2022-03-15"", ""2023-06-21""], ""VN"": [""2021-12-31"", ""2022-03-15"", ""2022-12-13""], ""ZA"": [""2020-12-31"", ""2021-09-28"", ""2021-11-01""]}"
GB-GOV-3-PAP-IDJ-002311,ID,programme,sample,ID|mixed-or-unmapped|missing,351,false,frozen lexicographic stratum round robin; no status/date filter,"{""ID"": [""2021-12-31"", ""2022-03-15"", ""2022-11-14""], ""SN"": [""2021-12-31"", ""2022-03-15"", ""2023-06-21""], ""VN"": [""2021-12-31"", ""2022-03-15"", ""2022-12-13""], ""ZA"": [""2020-12-31"", ""2021-09-28"", ""2021-11-01""]}"
GB-1-203455,IN,programme,sample,IN|mixed-or-unmapped|missing,352,false,frozen lexicographic stratum round robin; no status/date filter,"{""ID"": [""2021-12-31"", ""2022-03-15"", ""2022-11-14""], ""SN"": [""2021-12-31"", ""2022-03-15"", ""2023-06-21""], ""VN"": [""2021-12-31"", ""2022-03-15"", ""2022-12-13""], ""ZA"": [""2020-12-31"", ""2021-09-28"", ""2021-11-01""]}"
GB-GOV-3-PPY-RSA-1514,ZA,programme,sample,ZA|mixed-or-unmapped|missing,353,false,frozen lexicographic stratum round robin; no status/date filter,"{""ID"": [""2021-12-31"", ""2022-03-15"", ""2022-11-14""], ""SN"": [""2021-12-31"", ""2022-03-15"", ""2023-06-21""], ""VN"": [""2021-12-31"", ""2022-03-15"", ""2022-12-13""], ""ZA"": [""2020-12-31"", ""2021-09-28"", ""2021-11-01""]}"
GB-GOV-3-PAP-IDJ-002312,ID,programme,sample,ID|mixed-or-unmapped|missing,354,false,frozen lexicographic stratum round robin; no status/date filter,"{""ID"": [""2021-12-31"", ""2022-03-15"", ""2022-11-14""], ""SN"": [""2021-12-31"", ""2022-03-15"", ""2023-06-21""], ""VN"": [""2021-12-31"", ""2022-03-15"", ""2022-12-13""], ""ZA"": [""2020-12-31"", ""2021-09-28"", ""2021-11-01""]}"
GB-1-203480,IN,programme,sample,IN|mixed-or-unmapped|missing,355,false,frozen lexicographic stratum round robin; no status/date filter,"{""ID"": [""2021-12-31"", ""2022-03-15"", ""2022-11-14""], ""SN"": [""2021-12-31"", ""2022-03-15"", ""2023-06-21""], ""VN"": [""2021-12-31"", ""2022-03-15"", ""2022-12-13""], ""ZA"": [""2020-12-31"", ""2021-09-28"", ""2021-11-01""]}"
GB-GOV-3-PPY-RSA-1517,ZA,programme,sample,ZA|mixed-or-unmapped|missing,356,false,frozen lexicographic stratum round robin; no status/date filter,"{""ID"": [""2021-12-31"", ""2022-03-15"", ""2022-11-14""], ""SN"": [""2021-12-31"", ""2022-03-15"", ""2023-06-21""], ""VN"": [""2021-12-31"", ""2022-03-15"", ""2022-12-13""], ""ZA"": [""2020-12-31"", ""2021-09-28"", ""2021-11-01""]}"
GB-GOV-3-PAP-JAT-002360,ID,programme,sample,ID|mixed-or-unmapped|missing,357,false,frozen lexicographic stratum round robin; no status/date filter,"{""ID"": [""2021-12-31"", ""2022-03-15"", ""2022-11-14""], ""SN"": [""2021-12-31"", ""2022-03-15"", ""2023-06-21""], ""VN"": [""2021-12-31"", ""2022-03-15"", ""2022-12-13""], ""ZA"": [""2020-12-31"", ""2021-09-28"", ""2021-11-01""]}"
GB-1-203484,IN,programme,sample,IN|mixed-or-unmapped|missing,358,false,frozen lexicographic stratum round robin; no status/date filter,"{""ID"": [""2021-12-31"", ""2022-03-15"", ""2022-11-14""], ""SN"": [""2021-12-31"", ""2022-03-15"", ""2023-06-21""], ""VN"": [""2021-12-31"", ""2022-03-15"", ""2022-12-13""], ""ZA"": [""2020-12-31"", ""2021-09-28"", ""2021-11-01""]}"
GB-GOV-3-SPA-ZA-FY19/20,ZA,programme,sample,ZA|mixed-or-unmapped|missing,359,false,frozen lexicographic stratum round robin; no status/date filter,"{""ID"": [""2021-12-31"", ""2022-03-15"", ""2022-11-14""], ""SN"": [""2021-12-31"", ""2022-03-15"", ""2023-06-21""], ""VN"": [""2021-12-31"", ""2022-03-15"", ""2022-12-13""], ""ZA"": [""2020-12-31"", ""2021-09-28"", ""2021-11-01""]}"
GB-GOV-3-PDS-CTR-000601,ID,programme,sample,ID|mixed-or-unmapped|missing,360,false,frozen lexicographic stratum round robin; no status/date filter,"{""ID"": [""2021-12-31"", ""2022-03-15"", ""2022-11-14""], ""SN"": [""2021-12-31"", ""2022-03-15"", ""2023-06-21""], ""VN"": [""2021-12-31"", ""2022-03-15"", ""2022-12-13""], ""ZA"": [""2020-12-31"", ""2021-09-28"", ""2021-11-01""]}"
GB-1-203757,IN,programme,sample,IN|mixed-or-unmapped|missing,361,false,frozen lexicographic stratum round robin; no status/date filter,"{""ID"": [""2021-12-31"", ""2022-03-15"", ""2022-11-14""], ""SN"": [""2021-12-31"", ""2022-03-15"", ""2023-06-21""], ""VN"": [""2021-12-31"", ""2022-03-15"", ""2022-12-13""], ""ZA"": [""2020-12-31"", ""2021-09-28"", ""2021-11-01""]}"
GB-GOV-3-PDS-NSD-CPU-000209,ID,programme,sample,ID|mixed-or-unmapped|missing,362,false,frozen lexicographic stratum round robin; no status/date filter,"{""ID"": [""2021-12-31"", ""2022-03-15"", ""2022-11-14""], ""SN"": [""2021-12-31"", ""2022-03-15"", ""2023-06-21""], ""VN"": [""2021-12-31"", ""2022-03-15"", ""2022-12-13""], ""ZA"": [""2020-12-31"", ""2021-09-28"", ""2021-11-01""]}"
GB-1-203908,IN,programme,sample,IN|mixed-or-unmapped|missing,363,false,frozen lexicographic stratum round robin; no status/date filter,"{""ID"": [""2021-12-31"", ""2022-03-15"", ""2022-11-14""], ""SN"": [""2021-12-31"", ""2022-03-15"", ""2023-06-21""], ""VN"": [""2021-12-31"", ""2022-03-15"", ""2022-12-13""], ""ZA"": [""2020-12-31"", ""2021-09-28"", ""2021-11-01""]}"
GB-GOV-3-PF-IDJ,ID,programme,sample,ID|mixed-or-unmapped|missing,364,false,frozen lexicographic stratum round robin; no status/date filter,"{""ID"": [""2021-12-31"", ""2022-03-15"", ""2022-11-14""], ""SN"": [""2021-12-31"", ""2022-03-15"", ""2023-06-21""], ""VN"": [""2021-12-31"", ""2022-03-15"", ""2022-12-13""], ""ZA"": [""2020-12-31"", ""2021-09-28"", ""2021-11-01""]}"
GB-1-203911,IN,programme,sample,IN|mixed-or-unmapped|missing,365,false,frozen lexicographic stratum round robin; no status/date filter,"{""ID"": [""2021-12-31"", ""2022-03-15"", ""2022-11-14""], ""SN"": [""2021-12-31"", ""2022-03-15"", ""2023-06-21""], ""VN"": [""2021-12-31"", ""2022-03-15"", ""2022-12-13""], ""ZA"": [""2020-12-31"", ""2021-09-28"", ""2021-11-01""]}"
GB-GOV-3-PHR-IDJ-021701,ID,programme,sample,ID|mixed-or-unmapped|missing,366,false,frozen lexicographic stratum round robin; no status/date filter,"{""ID"": [""2021-12-31"", ""2022-03-15"", ""2022-11-14""], ""SN"": [""2021-12-31"", ""2022-03-15"", ""2023-06-21""], ""VN"": [""2021-12-31"", ""2022-03-15"", ""2022-12-13""], ""ZA"": [""2020-12-31"", ""2021-09-28"", ""2021-11-01""]}"
GB-1-204051,IN,programme,sample,IN|mixed-or-unmapped|missing,367,false,frozen lexicographic stratum round robin; no status/date filter,"{""ID"": [""2021-12-31"", ""2022-03-15"", ""2022-11-14""], ""SN"": [""2021-12-31"", ""2022-03-15"", ""2023-06-21""], ""VN"": [""2021-12-31"", ""2022-03-15"", ""2022-12-13""], ""ZA"": [""2020-12-31"", ""2021-09-28"", ""2021-11-01""]}"
GB-GOV-3-PHR-IDJ-051701,ID,programme,sample,ID|mixed-or-unmapped|missing,368,false,frozen lexicographic stratum round robin; no status/date filter,"{""ID"": [""2021-12-31"", ""2022-03-15"", ""2022-11-14""], ""SN"": [""2021-12-31"", ""2022-03-15"", ""2023-06-21""], ""VN"": [""2021-12-31"", ""2022-03-15"", ""2022-12-13""], ""ZA"": [""2020-12-31"", ""2021-09-28"", ""2021-11-01""]}"
GB-1-204059,IN,programme,sample,IN|mixed-or-unmapped|missing,369,false,frozen lexicographic stratum round robin; no status/date filter,"{""ID"": [""2021-12-31"", ""2022-03-15"", ""2022-11-14""], ""SN"": [""2021-12-31"", ""2022-03-15"", ""2023-06-21""], ""VN"": [""2021-12-31"", ""2022-03-15"", ""2022-12-13""], ""ZA"": [""2020-12-31"", ""2021-09-28"", ""2021-11-01""]}"
GB-GOV-3-PHR-IDJ-131601,ID,programme,sample,ID|mixed-or-unmapped|missing,370,false,frozen lexicographic stratum round robin; no status/date filter,"{""ID"": [""2021-12-31"", ""2022-03-15"", ""2022-11-14""], ""SN"": [""2021-12-31"", ""2022-03-15"", ""2023-06-21""], ""VN"": [""2021-12-31"", ""2022-03-15"", ""2022-12-13""], ""ZA"": [""2020-12-31"", ""2021-09-28"", ""2021-11-01""]}"
GB-1-204135,IN,programme,sample,IN|mixed-or-unmapped|missing,371,false,frozen lexicographic stratum round robin; no status/date filter,"{""ID"": [""2021-12-31"", ""2022-03-15"", ""2022-11-14""], ""SN"": [""2021-12-31"", ""2022-03-15"", ""2023-06-21""], ""VN"": [""2021-12-31"", ""2022-03-15"", ""2022-12-13""], ""ZA"": [""2020-12-31"", ""2021-09-28"", ""2021-11-01""]}"
GB-GOV-3-PNS-CTS-000005,ID,programme,sample,ID|mixed-or-unmapped|missing,372,false,frozen lexicographic stratum round robin; no status/date filter,"{""ID"": [""2021-12-31"", ""2022-03-15"", ""2022-11-14""], ""SN"": [""2021-12-31"", ""2022-03-15"", ""2023-06-21""], ""VN"": [""2021-12-31"", ""2022-03-15"", ""2022-12-13""], ""ZA"": [""2020-12-31"", ""2021-09-28"", ""2021-11-01""]}"
GB-1-204164,IN,programme,sample,IN|mixed-or-unmapped|missing,373,false,frozen lexicographic stratum round robin; no status/date filter,"{""ID"": [""2021-12-31"", ""2022-03-15"", ""2022-11-14""], ""SN"": [""2021-12-31"", ""2022-03-15"", ""2023-06-21""], ""VN"": [""2021-12-31"", ""2022-03-15"", ""2022-12-13""], ""ZA"": [""2020-12-31"", ""2021-09-28"", ""2021-11-01""]}"
GB-GOV-3-PPY-SEA-1509,ID,programme,sample,ID|mixed-or-unmapped|missing,374,false,frozen lexicographic stratum round robin; no status/date filter,"{""ID"": [""2021-12-31"", ""2022-03-15"", ""2022-11-14""], ""SN"": [""2021-12-31"", ""2022-03-15"", ""2023-06-21""], ""VN"": [""2021-12-31"", ""2022-03-15"", ""2022-12-13""], ""ZA"": [""2020-12-31"", ""2021-09-28"", ""2021-11-01""]}"
GB-1-204169,IN,programme,sample,IN|mixed-or-unmapped|missing,375,false,frozen lexicographic stratum round robin; no status/date filter,"{""ID"": [""2021-12-31"", ""2022-03-15"", ""2022-11-14""], ""SN"": [""2021-12-31"", ""2022-03-15"", ""2023-06-21""], ""VN"": [""2021-12-31"", ""2022-03-15"", ""2022-12-13""], ""ZA"": [""2020-12-31"", ""2021-09-28"", ""2021-11-01""]}"
GB-GOV-3-PPY-SEA-1510,ID,programme,sample,ID|mixed-or-unmapped|missing,376,false,frozen lexicographic stratum round robin; no status/date filter,"{""ID"": [""2021-12-31"", ""2022-03-15"", ""2022-11-14""], ""SN"": [""2021-12-31"", ""2022-03-15"", ""2023-06-21""], ""VN"": [""2021-12-31"", ""2022-03-15"", ""2022-12-13""], ""ZA"": [""2020-12-31"", ""2021-09-28"", ""2021-11-01""]}"
GB-1-204176,IN,programme,sample,IN|mixed-or-unmapped|missing,377,false,frozen lexicographic stratum round robin; no status/date filter,"{""ID"": [""2021-12-31"", ""2022-03-15"", ""2022-11-14""], ""SN"": [""2021-12-31"", ""2022-03-15"", ""2023-06-21""], ""VN"": [""2021-12-31"", ""2022-03-15"", ""2022-12-13""], ""ZA"": [""2020-12-31"", ""2021-09-28"", ""2021-11-01""]}"
GB-GOV-3-PPY-SEA-1512,ID,programme,sample,ID|mixed-or-unmapped|missing,378,false,frozen lexicographic stratum round robin; no status/date filter,"{""ID"": [""2021-12-31"", ""2022-03-15"", ""2022-11-14""], ""SN"": [""2021-12-31"", ""2022-03-15"", ""2023-06-21""], ""VN"": [""2021-12-31"", ""2022-03-15"", ""2022-12-13""], ""ZA"": [""2020-12-31"", ""2021-09-28"", ""2021-11-01""]}"
GB-1-204237,IN,programme,sample,IN|mixed-or-unmapped|missing,379,false,frozen lexicographic stratum round robin; no status/date filter,"{""ID"": [""2021-12-31"", ""2022-03-15"", ""2022-11-14""], ""SN"": [""2021-12-31"", ""2022-03-15"", ""2023-06-21""], ""VN"": [""2021-12-31"", ""2022-03-15"", ""2022-12-13""], ""ZA"": [""2020-12-31"", ""2021-09-28"", ""2021-11-01""]}"
GB-GOV-3-PPY-SEA-1513,ID,programme,sample,ID|mixed-or-unmapped|missing,380,false,frozen lexicographic stratum round robin; no status/date filter,"{""ID"": [""2021-12-31"", ""2022-03-15"", ""2022-11-14""], ""SN"": [""2021-12-31"", ""2022-03-15"", ""2023-06-21""], ""VN"": [""2021-12-31"", ""2022-03-15"", ""2022-12-13""], ""ZA"": [""2020-12-31"", ""2021-09-28"", ""2021-11-01""]}"
GB-1-204327,IN,programme,sample,IN|mixed-or-unmapped|missing,381,false,frozen lexicographic stratum round robin; no status/date filter,"{""ID"": [""2021-12-31"", ""2022-03-15"", ""2022-11-14""], ""SN"": [""2021-12-31"", ""2022-03-15"", ""2023-06-21""], ""VN"": [""2021-12-31"", ""2022-03-15"", ""2022-12-13""], ""ZA"": [""2020-12-31"", ""2021-09-28"", ""2021-11-01""]}"
GB-GOV-3-PPY-SEA-1514,ID,programme,sample,ID|mixed-or-unmapped|missing,382,false,frozen lexicographic stratum round robin; no status/date filter,"{""ID"": [""2021-12-31"", ""2022-03-15"", ""2022-11-14""], ""SN"": [""2021-12-31"", ""2022-03-15"", ""2023-06-21""], ""VN"": [""2021-12-31"", ""2022-03-15"", ""2022-12-13""], ""ZA"": [""2020-12-31"", ""2021-09-28"", ""2021-11-01""]}"
GB-1-204794,IN,programme,sample,IN|mixed-or-unmapped|missing,383,false,frozen lexicographic stratum round robin; no status/date filter,"{""ID"": [""2021-12-31"", ""2022-03-15"", ""2022-11-14""], ""SN"": [""2021-12-31"", ""2022-03-15"", ""2023-06-21""], ""VN"": [""2021-12-31"", ""2022-03-15"", ""2022-12-13""], ""ZA"": [""2020-12-31"", ""2021-09-28"", ""2021-11-01""]}"
GB-GOV-3-PPY-SEA-1540,ID,programme,sample,ID|mixed-or-unmapped|missing,384,false,frozen lexicographic stratum round robin; no status/date filter,"{""ID"": [""2021-12-31"", ""2022-03-15"", ""2022-11-14""], ""SN"": [""2021-12-31"", ""2022-03-15"", ""2023-06-21""], ""VN"": [""2021-12-31"", ""2022-03-15"", ""2022-12-13""], ""ZA"": [""2020-12-31"", ""2021-09-28"", ""2021-11-01""]}"
GB-1-204825,IN,programme,sample,IN|mixed-or-unmapped|missing,385,false,frozen lexicographic stratum round robin; no status/date filter,"{""ID"": [""2021-12-31"", ""2022-03-15"", ""2022-11-14""], ""SN"": [""2021-12-31"", ""2022-03-15"", ""2023-06-21""], ""VN"": [""2021-12-31"", ""2022-03-15"", ""2022-12-13""], ""ZA"": [""2020-12-31"", ""2021-09-28"", ""2021-11-01""]}"
GB-1-204884,IN,programme,sample,IN|mixed-or-unmapped|missing,386,false,frozen lexicographic stratum round robin; no status/date filter,"{""ID"": [""2021-12-31"", ""2022-03-15"", ""2022-11-14""], ""SN"": [""2021-12-31"", ""2022-03-15"", ""2023-06-21""], ""VN"": [""2021-12-31"", ""2022-03-15"", ""2022-12-13""], ""ZA"": [""2020-12-31"", ""2021-09-28"", ""2021-11-01""]}"
GB-1-204930,IN,programme,sample,IN|mixed-or-unmapped|missing,387,false,frozen lexicographic stratum round robin; no status/date filter,"{""ID"": [""2021-12-31"", ""2022-03-15"", ""2022-11-14""], ""SN"": [""2021-12-31"", ""2022-03-15"", ""2023-06-21""], ""VN"": [""2021-12-31"", ""2022-03-15"", ""2022-12-13""], ""ZA"": [""2020-12-31"", ""2021-09-28"", ""2021-11-01""]}"
GB-GOV-1-300109,IN,programme,sample,IN|mixed-or-unmapped|missing,388,false,frozen lexicographic stratum round robin; no status/date filter,"{""ID"": [""2021-12-31"", ""2022-03-15"", ""2022-11-14""], ""SN"": [""2021-12-31"", ""2022-03-15"", ""2023-06-21""], ""VN"": [""2021-12-31"", ""2022-03-15"", ""2022-12-13""], ""ZA"": [""2020-12-31"", ""2021-09-28"", ""2021-11-01""]}"
GB-GOV-1-300110,IN,programme,sample,IN|mixed-or-unmapped|missing,389,false,frozen lexicographic stratum round robin; no status/date filter,"{""ID"": [""2021-12-31"", ""2022-03-15"", ""2022-11-14""], ""SN"": [""2021-12-31"", ""2022-03-15"", ""2023-06-21""], ""VN"": [""2021-12-31"", ""2022-03-15"", ""2022-12-13""], ""ZA"": [""2020-12-31"", ""2021-09-28"", ""2021-11-01""]}"
GB-GOV-1-300418,IN,programme,sample,IN|mixed-or-unmapped|missing,390,false,frozen lexicographic stratum round robin; no status/date filter,"{""ID"": [""2021-12-31"", ""2022-03-15"", ""2022-11-14""], ""SN"": [""2021-12-31"", ""2022-03-15"", ""2023-06-21""], ""VN"": [""2021-12-31"", ""2022-03-15"", ""2022-12-13""], ""ZA"": [""2020-12-31"", ""2021-09-28"", ""2021-11-01""]}"
GB-GOV-1-300419,IN,programme,sample,IN|mixed-or-unmapped|missing,391,false,frozen lexicographic stratum round robin; no status/date filter,"{""ID"": [""2021-12-31"", ""2022-03-15"", ""2022-11-14""], ""SN"": [""2021-12-31"", ""2022-03-15"", ""2023-06-21""], ""VN"": [""2021-12-31"", ""2022-03-15"", ""2022-12-13""], ""ZA"": [""2020-12-31"", ""2021-09-28"", ""2021-11-01""]}"
GB-GOV-1-300421,IN,programme,sample,IN|mixed-or-unmapped|missing,392,false,frozen lexicographic stratum round robin; no status/date filter,"{""ID"": [""2021-12-31"", ""2022-03-15"", ""2022-11-14""], ""SN"": [""2021-12-31"", ""2022-03-15"", ""2023-06-21""], ""VN"": [""2021-12-31"", ""2022-03-15"", ""2022-12-13""], ""ZA"": [""2020-12-31"", ""2021-09-28"", ""2021-11-01""]}"
GB-GOV-1-300738,IN,programme,sample,IN|mixed-or-unmapped|missing,393,false,frozen lexicographic stratum round robin; no status/date filter,"{""ID"": [""2021-12-31"", ""2022-03-15"", ""2022-11-14""], ""SN"": [""2021-12-31"", ""2022-03-15"", ""2023-06-21""], ""VN"": [""2021-12-31"", ""2022-03-15"", ""2022-12-13""], ""ZA"": [""2020-12-31"", ""2021-09-28"", ""2021-11-01""]}"
GB-GOV-1-300912,IN,programme,sample,IN|mixed-or-unmapped|missing,394,false,frozen lexicographic stratum round robin; no status/date filter,"{""ID"": [""2021-12-31"", ""2022-03-15"", ""2022-11-14""], ""SN"": [""2021-12-31"", ""2022-03-15"", ""2023-06-21""], ""VN"": [""2021-12-31"", ""2022-03-15"", ""2022-12-13""], ""ZA"": [""2020-12-31"", ""2021-09-28"", ""2021-11-01""]}"
GB-GOV-1-301225,IN,programme,sample,IN|mixed-or-unmapped|missing,395,false,frozen lexicographic stratum round robin; no status/date filter,"{""ID"": [""2021-12-31"", ""2022-03-15"", ""2022-11-14""], ""SN"": [""2021-12-31"", ""2022-03-15"", ""2023-06-21""], ""VN"": [""2021-12-31"", ""2022-03-15"", ""2022-12-13""], ""ZA"": [""2020-12-31"", ""2021-09-28"", ""2021-11-01""]}"
GB-GOV-1-301467,IN,programme,sample,IN|mixed-or-unmapped|missing,396,false,frozen lexicographic stratum round robin; no status/date filter,"{""ID"": [""2021-12-31"", ""2022-03-15"", ""2022-11-14""], ""SN"": [""2021-12-31"", ""2022-03-15"", ""2023-06-21""], ""VN"": [""2021-12-31"", ""2022-03-15"", ""2022-12-13""], ""ZA"": [""2020-12-31"", ""2021-09-28"", ""2021-11-01""]}"
GB-GOV-1-301549,IN,programme,sample,IN|mixed-or-unmapped|missing,397,false,frozen lexicographic stratum round robin; no status/date filter,"{""ID"": [""2021-12-31"", ""2022-03-15"", ""2022-11-14""], ""SN"": [""2021-12-31"", ""2022-03-15"", ""2023-06-21""], ""VN"": [""2021-12-31"", ""2022-03-15"", ""2022-12-13""], ""ZA"": [""2020-12-31"", ""2021-09-28"", ""2021-11-01""]}"
GB-GOV-1-400020,IN,programme,sample,IN|mixed-or-unmapped|missing,398,false,frozen lexicographic stratum round robin; no status/date filter,"{""ID"": [""2021-12-31"", ""2022-03-15"", ""2022-11-14""], ""SN"": [""2021-12-31"", ""2022-03-15"", ""2023-06-21""], ""VN"": [""2021-12-31"", ""2022-03-15"", ""2022-12-13""], ""ZA"": [""2020-12-31"", ""2021-09-28"", ""2021-11-01""]}"
GB-GOV-1-400047,IN,programme,sample,IN|mixed-or-unmapped|missing,399,false,frozen lexicographic stratum round robin; no status/date filter,"{""ID"": [""2021-12-31"", ""2022-03-15"", ""2022-11-14""], ""SN"": [""2021-12-31"", ""2022-03-15"", ""2023-06-21""], ""VN"": [""2021-12-31"", ""2022-03-15"", ""2022-12-13""], ""ZA"": [""2020-12-31"", ""2021-09-28"", ""2021-11-01""]}"
GB-GOV-3-Chevening Scholarships-IN,IN,programme,sample,IN|mixed-or-unmapped|missing,400,false,frozen lexicographic stratum round robin; no status/date filter,"{""ID"": [""2021-12-31"", ""2022-03-15"", ""2022-11-14""], ""SN"": [""2021-12-31"", ""2022-03-15"", ""2023-06-21""], ""VN"": [""2021-12-31"", ""2022-03-15"", ""2022-12-13""], ""ZA"": [""2020-12-31"", ""2021-09-28"", ""2021-11-01""]}"
GB-GOV-3-Economic Security and Opportunity-IN,IN,programme,sample,IN|mixed-or-unmapped|missing,401,false,frozen lexicographic stratum round robin; no status/date filter,"{""ID"": [""2021-12-31"", ""2022-03-15"", ""2022-11-14""], ""SN"": [""2021-12-31"", ""2022-03-15"", ""2023-06-21""], ""VN"": [""2021-12-31"", ""2022-03-15"", ""2022-12-13""], ""ZA"": [""2020-12-31"", ""2021-09-28"", ""2021-11-01""]}"
GB-GOV-3-FDEA-IN,IN,programme,sample,IN|mixed-or-unmapped|missing,402,false,frozen lexicographic stratum round robin; no status/date filter,"{""ID"": [""2021-12-31"", ""2022-03-15"", ""2022-11-14""], ""SN"": [""2021-12-31"", ""2022-03-15"", ""2023-06-21""], ""VN"": [""2021-12-31"", ""2022-03-15"", ""2022-12-13""], ""ZA"": [""2020-12-31"", ""2021-09-28"", ""2021-11-01""]}"
GB-GOV-3-FDEA-IN-FY19/20,IN,programme,sample,IN|mixed-or-unmapped|missing,403,false,frozen lexicographic stratum round robin; no status/date filter,"{""ID"": [""2021-12-31"", ""2022-03-15"", ""2022-11-14""], ""SN"": [""2021-12-31"", ""2022-03-15"", ""2023-06-21""], ""VN"": [""2021-12-31"", ""2022-03-15"", ""2022-12-13""], ""ZA"": [""2020-12-31"", ""2021-09-28"", ""2021-11-01""]}"
GB-GOV-3-Frontline Diplomatic Enabling Activity-IN,IN,programme,sample,IN|mixed-or-unmapped|missing,404,false,frozen lexicographic stratum round robin; no status/date filter,"{""ID"": [""2021-12-31"", ""2022-03-15"", ""2022-11-14""], ""SN"": [""2021-12-31"", ""2022-03-15"", ""2023-06-21""], ""VN"": [""2021-12-31"", ""2022-03-15"", ""2022-12-13""], ""ZA"": [""2020-12-31"", ""2021-09-28"", ""2021-11-01""]}"
"GB-GOV-3-Governance, Education and Culture-IN",IN,programme,sample,IN|mixed-or-unmapped|missing,405,false,frozen lexicographic stratum round robin; no status/date filter,"{""ID"": [""2021-12-31"", ""2022-03-15"", ""2022-11-14""], ""SN"": [""2021-12-31"", ""2022-03-15"", ""2023-06-21""], ""VN"": [""2021-12-31"", ""2022-03-15"", ""2022-12-13""], ""ZA"": [""2020-12-31"", ""2021-09-28"", ""2021-11-01""]}"
GB-GOV-3-HRRBIS-IN,IN,programme,sample,IN|mixed-or-unmapped|missing,406,false,frozen lexicographic stratum round robin; no status/date filter,"{""ID"": [""2021-12-31"", ""2022-03-15"", ""2022-11-14""], ""SN"": [""2021-12-31"", ""2022-03-15"", ""2023-06-21""], ""VN"": [""2021-12-31"", ""2022-03-15"", ""2022-12-13""], ""ZA"": [""2020-12-31"", ""2021-09-28"", ""2021-11-01""]}"
GB-GOV-3-HRRBIS-IN-FY19/20,IN,programme,sample,IN|mixed-or-unmapped|missing,407,false,frozen lexicographic stratum round robin; no status/date filter,"{""ID"": [""2021-12-31"", ""2022-03-15"", ""2022-11-14""], ""SN"": [""2021-12-31"", ""2022-03-15"", ""2023-06-21""], ""VN"": [""2021-12-31"", ""2022-03-15"", ""2022-12-13""], ""ZA"": [""2020-12-31"", ""2021-09-28"", ""2021-11-01""]}"
"GB-GOV-3-Human Rights, Democracy, and the Rule of Law-IN",IN,programme,sample,IN|mixed-or-unmapped|missing,408,false,frozen lexicographic stratum round robin; no status/date filter,"{""ID"": [""2021-12-31"", ""2022-03-15"", ""2022-11-14""], ""SN"": [""2021-12-31"", ""2022-03-15"", ""2023-06-21""], ""VN"": [""2021-12-31"", ""2022-03-15"", ""2022-12-13""], ""ZA"": [""2020-12-31"", ""2021-09-28"", ""2021-11-01""]}"
GB-GOV-3-PDS-CPD-SPF-000509,IN,programme,sample,IN|mixed-or-unmapped|missing,409,false,frozen lexicographic stratum round robin; no status/date filter,"{""ID"": [""2021-12-31"", ""2022-03-15"", ""2022-11-14""], ""SN"": [""2021-12-31"", ""2022-03-15"", ""2023-06-21""], ""VN"": [""2021-12-31"", ""2022-03-15"", ""2022-12-13""], ""ZA"": [""2020-12-31"", ""2021-09-28"", ""2021-11-01""]}"
GB-GOV-3-PDS-CPD-SPF-000607,IN,programme,sample,IN|mixed-or-unmapped|missing,410,false,frozen lexicographic stratum round robin; no status/date filter,"{""ID"": [""2021-12-31"", ""2022-03-15"", ""2022-11-14""], ""SN"": [""2021-12-31"", ""2022-03-15"", ""2023-06-21""], ""VN"": [""2021-12-31"", ""2022-03-15"", ""2022-12-13""], ""ZA"": [""2020-12-31"", ""2021-09-28"", ""2021-11-01""]}"
GB-GOV-3-PDS-NSD-CPU-000318,IN,programme,sample,IN|mixed-or-unmapped|missing,411,false,frozen lexicographic stratum round robin; no status/date filter,"{""ID"": [""2021-12-31"", ""2022-03-15"", ""2022-11-14""], ""SN"": [""2021-12-31"", ""2022-03-15"", ""2023-06-21""], ""VN"": [""2021-12-31"", ""2022-03-15"", ""2022-12-13""], ""ZA"": [""2020-12-31"", ""2021-09-28"", ""2021-11-01""]}"
GB-GOV-3-PDS-NSD-CPU-000319,IN,programme,sample,IN|mixed-or-unmapped|missing,412,false,frozen lexicographic stratum round robin; no status/date filter,"{""ID"": [""2021-12-31"", ""2022-03-15"", ""2022-11-14""], ""SN"": [""2021-12-31"", ""2022-03-15"", ""2023-06-21""], ""VN"": [""2021-12-31"", ""2022-03-15"", ""2022-12-13""], ""ZA"": [""2020-12-31"", ""2021-09-28"", ""2021-11-01""]}"
GB-GOV-3-PF-IND,IN,programme,sample,IN|mixed-or-unmapped|missing,413,false,frozen lexicographic stratum round robin; no status/date filter,"{""ID"": [""2021-12-31"", ""2022-03-15"", ""2022-11-14""], ""SN"": [""2021-12-31"", ""2022-03-15"", ""2023-06-21""], ""VN"": [""2021-12-31"", ""2022-03-15"", ""2022-12-13""], ""ZA"": [""2020-12-31"", ""2021-09-28"", ""2021-11-01""]}"
GB-GOV-3-PHR-IND-031703,IN,programme,sample,IN|mixed-or-unmapped|missing,414,false,frozen lexicographic stratum round robin; no status/date filter,"{""ID"": [""2021-12-31"", ""2022-03-15"", ""2022-11-14""], ""SN"": [""2021-12-31"", ""2022-03-15"", ""2023-06-21""], ""VN"": [""2021-12-31"", ""2022-03-15"", ""2022-12-13""], ""ZA"": [""2020-12-31"", ""2021-09-28"", ""2021-11-01""]}"
GB-GOV-3-PHR-IND-401701,IN,programme,sample,IN|mixed-or-unmapped|missing,415,false,frozen lexicographic stratum round robin; no status/date filter,"{""ID"": [""2021-12-31"", ""2022-03-15"", ""2022-11-14""], ""SN"": [""2021-12-31"", ""2022-03-15"", ""2023-06-21""], ""VN"": [""2021-12-31"", ""2022-03-15"", ""2022-12-13""], ""ZA"": [""2020-12-31"", ""2021-09-28"", ""2021-11-01""]}"
GB-GOV-3-PPY-IND-1501,IN,programme,sample,IN|mixed-or-unmapped|missing,416,false,frozen lexicographic stratum round robin; no status/date filter,"{""ID"": [""2021-12-31"", ""2022-03-15"", ""2022-11-14""], ""SN"": [""2021-12-31"", ""2022-03-15"", ""2023-06-21""], ""VN"": [""2021-12-31"", ""2022-03-15"", ""2022-12-13""], ""ZA"": [""2020-12-31"", ""2021-09-28"", ""2021-11-01""]}"
GB-GOV-3-PPY-IND-1502,IN,programme,sample,IN|mixed-or-unmapped|missing,417,false,frozen lexicographic stratum round robin; no status/date filter,"{""ID"": [""2021-12-31"", ""2022-03-15"", ""2022-11-14""], ""SN"": [""2021-12-31"", ""2022-03-15"", ""2023-06-21""], ""VN"": [""2021-12-31"", ""2022-03-15"", ""2022-12-13""], ""ZA"": [""2020-12-31"", ""2021-09-28"", ""2021-11-01""]}"
GB-GOV-3-PPY-IND-1504,IN,programme,sample,IN|mixed-or-unmapped|missing,418,false,frozen lexicographic stratum round robin; no status/date filter,"{""ID"": [""2021-12-31"", ""2022-03-15"", ""2022-11-14""], ""SN"": [""2021-12-31"", ""2022-03-15"", ""2023-06-21""], ""VN"": [""2021-12-31"", ""2022-03-15"", ""2022-12-13""], ""ZA"": [""2020-12-31"", ""2021-09-28"", ""2021-11-01""]}"
GB-GOV-3-PPY-IND-1508,IN,programme,sample,IN|mixed-or-unmapped|missing,419,false,frozen lexicographic stratum round robin; no status/date filter,"{""ID"": [""2021-12-31"", ""2022-03-15"", ""2022-11-14""], ""SN"": [""2021-12-31"", ""2022-03-15"", ""2023-06-21""], ""VN"": [""2021-12-31"", ""2022-03-15"", ""2022-12-13""], ""ZA"": [""2020-12-31"", ""2021-09-28"", ""2021-11-01""]}"
GB-GOV-3-PPY-IND-1509,IN,programme,sample,IN|mixed-or-unmapped|missing,420,false,frozen lexicographic stratum round robin; no status/date filter,"{""ID"": [""2021-12-31"", ""2022-03-15"", ""2022-11-14""], ""SN"": [""2021-12-31"", ""2022-03-15"", ""2023-06-21""], ""VN"": [""2021-12-31"", ""2022-03-15"", ""2022-12-13""], ""ZA"": [""2020-12-31"", ""2021-09-28"", ""2021-11-01""]}"
GB-GOV-3-PPY-IND-1512,IN,programme,sample,IN|mixed-or-unmapped|missing,421,false,frozen lexicographic stratum round robin; no status/date filter,"{""ID"": [""2021-12-31"", ""2022-03-15"", ""2022-11-14""], ""SN"": [""2021-12-31"", ""2022-03-15"", ""2023-06-21""], ""VN"": [""2021-12-31"", ""2022-03-15"", ""2022-12-13""], ""ZA"": [""2020-12-31"", ""2021-09-28"", ""2021-11-01""]}"
GB-GOV-3-PPY-IND-1514,IN,programme,sample,IN|mixed-or-unmapped|missing,422,false,frozen lexicographic stratum round robin; no status/date filter,"{""ID"": [""2021-12-31"", ""2022-03-15"", ""2022-11-14""], ""SN"": [""2021-12-31"", ""2022-03-15"", ""2023-06-21""], ""VN"": [""2021-12-31"", ""2022-03-15"", ""2022-12-13""], ""ZA"": [""2020-12-31"", ""2021-09-28"", ""2021-11-01""]}"
GB-GOV-3-PPY-IND-1521,IN,programme,sample,IN|mixed-or-unmapped|missing,423,false,frozen lexicographic stratum round robin; no status/date filter,"{""ID"": [""2021-12-31"", ""2022-03-15"", ""2022-11-14""], ""SN"": [""2021-12-31"", ""2022-03-15"", ""2023-06-21""], ""VN"": [""2021-12-31"", ""2022-03-15"", ""2022-12-13""], ""ZA"": [""2020-12-31"", ""2021-09-28"", ""2021-11-01""]}"
GB-GOV-3-PPY-IND-1524,IN,programme,sample,IN|mixed-or-unmapped|missing,424,false,frozen lexicographic stratum round robin; no status/date filter,"{""ID"": [""2021-12-31"", ""2022-03-15"", ""2022-11-14""], ""SN"": [""2021-12-31"", ""2022-03-15"", ""2023-06-21""], ""VN"": [""2021-12-31"", ""2022-03-15"", ""2022-12-13""], ""ZA"": [""2020-12-31"", ""2021-09-28"", ""2021-11-01""]}"
GB-GOV-3-PPY-IND-1529,IN,programme,sample,IN|mixed-or-unmapped|missing,425,false,frozen lexicographic stratum round robin; no status/date filter,"{""ID"": [""2021-12-31"", ""2022-03-15"", ""2022-11-14""], ""SN"": [""2021-12-31"", ""2022-03-15"", ""2023-06-21""], ""VN"": [""2021-12-31"", ""2022-03-15"", ""2022-12-13""], ""ZA"": [""2020-12-31"", ""2021-09-28"", ""2021-11-01""]}"
GB-GOV-3-PPY-IND-1536,IN,programme,sample,IN|mixed-or-unmapped|missing,426,false,frozen lexicographic stratum round robin; no status/date filter,"{""ID"": [""2021-12-31"", ""2022-03-15"", ""2022-11-14""], ""SN"": [""2021-12-31"", ""2022-03-15"", ""2023-06-21""], ""VN"": [""2021-12-31"", ""2022-03-15"", ""2022-12-13""], ""ZA"": [""2020-12-31"", ""2021-09-28"", ""2021-11-01""]}"
GB-GOV-3-PPY-IND-1539,IN,programme,sample,IN|mixed-or-unmapped|missing,427,false,frozen lexicographic stratum round robin; no status/date filter,"{""ID"": [""2021-12-31"", ""2022-03-15"", ""2022-11-14""], ""SN"": [""2021-12-31"", ""2022-03-15"", ""2023-06-21""], ""VN"": [""2021-12-31"", ""2022-03-15"", ""2022-12-13""], ""ZA"": [""2020-12-31"", ""2021-09-28"", ""2021-11-01""]}"
GB-GOV-3-PSA-IND-200051,IN,programme,sample,IN|mixed-or-unmapped|missing,428,false,frozen lexicographic stratum round robin; no status/date filter,"{""ID"": [""2021-12-31"", ""2022-03-15"", ""2022-11-14""], ""SN"": [""2021-12-31"", ""2022-03-15"", ""2023-06-21""], ""VN"": [""2021-12-31"", ""2022-03-15"", ""2022-12-13""], ""ZA"": [""2020-12-31"", ""2021-09-28"", ""2021-11-01""]}"
GB-GOV-3-PSA-IND-200056,IN,programme,sample,IN|mixed-or-unmapped|missing,429,false,frozen lexicographic stratum round robin; no status/date filter,"{""ID"": [""2021-12-31"", ""2022-03-15"", ""2022-11-14""], ""SN"": [""2021-12-31"", ""2022-03-15"", ""2023-06-21""], ""VN"": [""2021-12-31"", ""2022-03-15"", ""2022-12-13""], ""ZA"": [""2020-12-31"", ""2021-09-28"", ""2021-11-01""]}"
GB-GOV-3-PSA-IND-200059,IN,programme,sample,IN|mixed-or-unmapped|missing,430,false,frozen lexicographic stratum round robin; no status/date filter,"{""ID"": [""2021-12-31"", ""2022-03-15"", ""2022-11-14""], ""SN"": [""2021-12-31"", ""2022-03-15"", ""2023-06-21""], ""VN"": [""2021-12-31"", ""2022-03-15"", ""2022-12-13""], ""ZA"": [""2020-12-31"", ""2021-09-28"", ""2021-11-01""]}"
GB-GOV-3-PSA-IND-200063,IN,programme,sample,IN|mixed-or-unmapped|missing,431,false,frozen lexicographic stratum round robin; no status/date filter,"{""ID"": [""2021-12-31"", ""2022-03-15"", ""2022-11-14""], ""SN"": [""2021-12-31"", ""2022-03-15"", ""2023-06-21""], ""VN"": [""2021-12-31"", ""2022-03-15"", ""2022-12-13""], ""ZA"": [""2020-12-31"", ""2021-09-28"", ""2021-11-01""]}"
GB-GOV-3-PSA-IND-200075,IN,programme,sample,IN|mixed-or-unmapped|missing,432,false,frozen lexicographic stratum round robin; no status/date filter,"{""ID"": [""2021-12-31"", ""2022-03-15"", ""2022-11-14""], ""SN"": [""2021-12-31"", ""2022-03-15"", ""2023-06-21""], ""VN"": [""2021-12-31"", ""2022-03-15"", ""2022-12-13""], ""ZA"": [""2020-12-31"", ""2021-09-28"", ""2021-11-01""]}"
GB-GOV-3-PSA-IND-200077,IN,programme,sample,IN|mixed-or-unmapped|missing,433,false,frozen lexicographic stratum round robin; no status/date filter,"{""ID"": [""2021-12-31"", ""2022-03-15"", ""2022-11-14""], ""SN"": [""2021-12-31"", ""2022-03-15"", ""2023-06-21""], ""VN"": [""2021-12-31"", ""2022-03-15"", ""2022-12-13""], ""ZA"": [""2020-12-31"", ""2021-09-28"", ""2021-11-01""]}"
GB-GOV-3-PSA-IND-200078,IN,programme,sample,IN|mixed-or-unmapped|missing,434,false,frozen lexicographic stratum round robin; no status/date filter,"{""ID"": [""2021-12-31"", ""2022-03-15"", ""2022-11-14""], ""SN"": [""2021-12-31"", ""2022-03-15"", ""2023-06-21""], ""VN"": [""2021-12-31"", ""2022-03-15"", ""2022-12-13""], ""ZA"": [""2020-12-31"", ""2021-09-28"", ""2021-11-01""]}"
GB-GOV-3-PSA-IND-200086,IN,programme,sample,IN|mixed-or-unmapped|missing,435,false,frozen lexicographic stratum round robin; no status/date filter,"{""ID"": [""2021-12-31"", ""2022-03-15"", ""2022-11-14""], ""SN"": [""2021-12-31"", ""2022-03-15"", ""2023-06-21""], ""VN"": [""2021-12-31"", ""2022-03-15"", ""2022-12-13""], ""ZA"": [""2020-12-31"", ""2021-09-28"", ""2021-11-01""]}"
GB-GOV-3-PSA-IND-200090,IN,programme,sample,IN|mixed-or-unmapped|missing,436,false,frozen lexicographic stratum round robin; no status/date filter,"{""ID"": [""2021-12-31"", ""2022-03-15"", ""2022-11-14""], ""SN"": [""2021-12-31"", ""2022-03-15"", ""2023-06-21""], ""VN"": [""2021-12-31"", ""2022-03-15"", ""2022-12-13""], ""ZA"": [""2020-12-31"", ""2021-09-28"", ""2021-11-01""]}"
GB-GOV-3-PSA-IND-400001,IN,programme,sample,IN|mixed-or-unmapped|missing,437,false,frozen lexicographic stratum round robin; no status/date filter,"{""ID"": [""2021-12-31"", ""2022-03-15"", ""2022-11-14""], ""SN"": [""2021-12-31"", ""2022-03-15"", ""2023-06-21""], ""VN"": [""2021-12-31"", ""2022-03-15"", ""2022-12-13""], ""ZA"": [""2020-12-31"", ""2021-09-28"", ""2021-11-01""]}"
GB-GOV-3-PSA-IND-400002,IN,programme,sample,IN|mixed-or-unmapped|missing,438,false,frozen lexicographic stratum round robin; no status/date filter,"{""ID"": [""2021-12-31"", ""2022-03-15"", ""2022-11-14""], ""SN"": [""2021-12-31"", ""2022-03-15"", ""2023-06-21""], ""VN"": [""2021-12-31"", ""2022-03-15"", ""2022-12-13""], ""ZA"": [""2020-12-31"", ""2021-09-28"", ""2021-11-01""]}"
GB-GOV-3-PSA-IND-400003,IN,programme,sample,IN|mixed-or-unmapped|missing,439,false,frozen lexicographic stratum round robin; no status/date filter,"{""ID"": [""2021-12-31"", ""2022-03-15"", ""2022-11-14""], ""SN"": [""2021-12-31"", ""2022-03-15"", ""2023-06-21""], ""VN"": [""2021-12-31"", ""2022-03-15"", ""2022-12-13""], ""ZA"": [""2020-12-31"", ""2021-09-28"", ""2021-11-01""]}"
GB-GOV-3-PSA-IND-400004,IN,programme,sample,IN|mixed-or-unmapped|missing,440,false,frozen lexicographic stratum round robin; no status/date filter,"{""ID"": [""2021-12-31"", ""2022-03-15"", ""2022-11-14""], ""SN"": [""2021-12-31"", ""2022-03-15"", ""2023-06-21""], ""VN"": [""2021-12-31"", ""2022-03-15"", ""2022-12-13""], ""ZA"": [""2020-12-31"", ""2021-09-28"", ""2021-11-01""]}"
GB-GOV-3-PSA-IND-400005,IN,programme,sample,IN|mixed-or-unmapped|missing,441,false,frozen lexicographic stratum round robin; no status/date filter,"{""ID"": [""2021-12-31"", ""2022-03-15"", ""2022-11-14""], ""SN"": [""2021-12-31"", ""2022-03-15"", ""2023-06-21""], ""VN"": [""2021-12-31"", ""2022-03-15"", ""2022-12-13""], ""ZA"": [""2020-12-31"", ""2021-09-28"", ""2021-11-01""]}"
GB-GOV-3-PSA-IND-400006,IN,programme,sample,IN|mixed-or-unmapped|missing,442,false,frozen lexicographic stratum round robin; no status/date filter,"{""ID"": [""2021-12-31"", ""2022-03-15"", ""2022-11-14""], ""SN"": [""2021-12-31"", ""2022-03-15"", ""2023-06-21""], ""VN"": [""2021-12-31"", ""2022-03-15"", ""2022-12-13""], ""ZA"": [""2020-12-31"", ""2021-09-28"", ""2021-11-01""]}"
GB-GOV-3-PSA-IND-400007,IN,programme,sample,IN|mixed-or-unmapped|missing,443,false,frozen lexicographic stratum round robin; no status/date filter,"{""ID"": [""2021-12-31"", ""2022-03-15"", ""2022-11-14""], ""SN"": [""2021-12-31"", ""2022-03-15"", ""2023-06-21""], ""VN"": [""2021-12-31"", ""2022-03-15"", ""2022-12-13""], ""ZA"": [""2020-12-31"", ""2021-09-28"", ""2021-11-01""]}"
GB-GOV-3-PSA-IND-400008,IN,programme,sample,IN|mixed-or-unmapped|missing,444,false,frozen lexicographic stratum round robin; no status/date filter,"{""ID"": [""2021-12-31"", ""2022-03-15"", ""2022-11-14""], ""SN"": [""2021-12-31"", ""2022-03-15"", ""2023-06-21""], ""VN"": [""2021-12-31"", ""2022-03-15"", ""2022-12-13""], ""ZA"": [""2020-12-31"", ""2021-09-28"", ""2021-11-01""]}"
GB-GOV-3-PSA-IND-400009,IN,programme,sample,IN|mixed-or-unmapped|missing,445,false,frozen lexicographic stratum round robin; no status/date filter,"{""ID"": [""2021-12-31"", ""2022-03-15"", ""2022-11-14""], ""SN"": [""2021-12-31"", ""2022-03-15"", ""2023-06-21""], ""VN"": [""2021-12-31"", ""2022-03-15"", ""2022-12-13""], ""ZA"": [""2020-12-31"", ""2021-09-28"", ""2021-11-01""]}"
GB-GOV-3-PSA-IND-400010,IN,programme,sample,IN|mixed-or-unmapped|missing,446,false,frozen lexicographic stratum round robin; no status/date filter,"{""ID"": [""2021-12-31"", ""2022-03-15"", ""2022-11-14""], ""SN"": [""2021-12-31"", ""2022-03-15"", ""2023-06-21""], ""VN"": [""2021-12-31"", ""2022-03-15"", ""2022-12-13""], ""ZA"": [""2020-12-31"", ""2021-09-28"", ""2021-11-01""]}"
GB-GOV-3-PSA-IND-400012,IN,programme,sample,IN|mixed-or-unmapped|missing,447,false,frozen lexicographic stratum round robin; no status/date filter,"{""ID"": [""2021-12-31"", ""2022-03-15"", ""2022-11-14""], ""SN"": [""2021-12-31"", ""2022-03-15"", ""2023-06-21""], ""VN"": [""2021-12-31"", ""2022-03-15"", ""2022-12-13""], ""ZA"": [""2020-12-31"", ""2021-09-28"", ""2021-11-01""]}"
GB-GOV-3-PSA-IND-400014,IN,programme,sample,IN|mixed-or-unmapped|missing,448,false,frozen lexicographic stratum round robin; no status/date filter,"{""ID"": [""2021-12-31"", ""2022-03-15"", ""2022-11-14""], ""SN"": [""2021-12-31"", ""2022-03-15"", ""2023-06-21""], ""VN"": [""2021-12-31"", ""2022-03-15"", ""2022-12-13""], ""ZA"": [""2020-12-31"", ""2021-09-28"", ""2021-11-01""]}"
GB-GOV-3-PSA-IND-400016,IN,programme,sample,IN|mixed-or-unmapped|missing,449,false,frozen lexicographic stratum round robin; no status/date filter,"{""ID"": [""2021-12-31"", ""2022-03-15"", ""2022-11-14""], ""SN"": [""2021-12-31"", ""2022-03-15"", ""2023-06-21""], ""VN"": [""2021-12-31"", ""2022-03-15"", ""2022-12-13""], ""ZA"": [""2020-12-31"", ""2021-09-28"", ""2021-11-01""]}"
GB-GOV-3-PSA-IND-400017,IN,programme,sample,IN|mixed-or-unmapped|missing,450,false,frozen lexicographic stratum round robin; no status/date filter,"{""ID"": [""2021-12-31"", ""2022-03-15"", ""2022-11-14""], ""SN"": [""2021-12-31"", ""2022-03-15"", ""2023-06-21""], ""VN"": [""2021-12-31"", ""2022-03-15"", ""2022-12-13""], ""ZA"": [""2020-12-31"", ""2021-09-28"", ""2021-11-01""]}"
GB-GOV-3-PSA-IND-400018,IN,programme,sample,IN|mixed-or-unmapped|missing,451,false,frozen lexicographic stratum round robin; no status/date filter,"{""ID"": [""2021-12-31"", ""2022-03-15"", ""2022-11-14""], ""SN"": [""2021-12-31"", ""2022-03-15"", ""2023-06-21""], ""VN"": [""2021-12-31"", ""2022-03-15"", ""2022-12-13""], ""ZA"": [""2020-12-31"", ""2021-09-28"", ""2021-11-01""]}"
GB-GOV-3-PSA-IND-400019,IN,programme,sample,IN|mixed-or-unmapped|missing,452,false,frozen lexicographic stratum round robin; no status/date filter,"{""ID"": [""2021-12-31"", ""2022-03-15"", ""2022-11-14""], ""SN"": [""2021-12-31"", ""2022-03-15"", ""2023-06-21""], ""VN"": [""2021-12-31"", ""2022-03-15"", ""2022-12-13""], ""ZA"": [""2020-12-31"", ""2021-09-28"", ""2021-11-01""]}"
GB-GOV-3-PSA-IND-400020,IN,programme,sample,IN|mixed-or-unmapped|missing,453,false,frozen lexicographic stratum round robin; no status/date filter,"{""ID"": [""2021-12-31"", ""2022-03-15"", ""2022-11-14""], ""SN"": [""2021-12-31"", ""2022-03-15"", ""2023-06-21""], ""VN"": [""2021-12-31"", ""2022-03-15"", ""2022-12-13""], ""ZA"": [""2020-12-31"", ""2021-09-28"", ""2021-11-01""]}"
GB-GOV-3-PSA-IND-400021,IN,programme,sample,IN|mixed-or-unmapped|missing,454,false,frozen lexicographic stratum round robin; no status/date filter,"{""ID"": [""2021-12-31"", ""2022-03-15"", ""2022-11-14""], ""SN"": [""2021-12-31"", ""2022-03-15"", ""2023-06-21""], ""VN"": [""2021-12-31"", ""2022-03-15"", ""2022-12-13""], ""ZA"": [""2020-12-31"", ""2021-09-28"", ""2021-11-01""]}"
GB-GOV-3-PSA-IND-400022,IN,programme,sample,IN|mixed-or-unmapped|missing,455,false,frozen lexicographic stratum round robin; no status/date filter,"{""ID"": [""2021-12-31"", ""2022-03-15"", ""2022-11-14""], ""SN"": [""2021-12-31"", ""2022-03-15"", ""2023-06-21""], ""VN"": [""2021-12-31"", ""2022-03-15"", ""2022-12-13""], ""ZA"": [""2020-12-31"", ""2021-09-28"", ""2021-11-01""]}"
GB-GOV-3-PSA-IND-400023,IN,programme,sample,IN|mixed-or-unmapped|missing,456,false,frozen lexicographic stratum round robin; no status/date filter,"{""ID"": [""2021-12-31"", ""2022-03-15"", ""2022-11-14""], ""SN"": [""2021-12-31"", ""2022-03-15"", ""2023-06-21""], ""VN"": [""2021-12-31"", ""2022-03-15"", ""2022-12-13""], ""ZA"": [""2020-12-31"", ""2021-09-28"", ""2021-11-01""]}"
GB-GOV-3-PSA-IND-400024,IN,programme,sample,IN|mixed-or-unmapped|missing,457,false,frozen lexicographic stratum round robin; no status/date filter,"{""ID"": [""2021-12-31"", ""2022-03-15"", ""2022-11-14""], ""SN"": [""2021-12-31"", ""2022-03-15"", ""2023-06-21""], ""VN"": [""2021-12-31"", ""2022-03-15"", ""2022-12-13""], ""ZA"": [""2020-12-31"", ""2021-09-28"", ""2021-11-01""]}"
GB-GOV-3-PSA-IND-400025,IN,programme,sample,IN|mixed-or-unmapped|missing,458,false,frozen lexicographic stratum round robin; no status/date filter,"{""ID"": [""2021-12-31"", ""2022-03-15"", ""2022-11-14""], ""SN"": [""2021-12-31"", ""2022-03-15"", ""2023-06-21""], ""VN"": [""2021-12-31"", ""2022-03-15"", ""2022-12-13""], ""ZA"": [""2020-12-31"", ""2021-09-28"", ""2021-11-01""]}"
GB-GOV-3-PSA-IND-400026,IN,programme,sample,IN|mixed-or-unmapped|missing,459,false,frozen lexicographic stratum round robin; no status/date filter,"{""ID"": [""2021-12-31"", ""2022-03-15"", ""2022-11-14""], ""SN"": [""2021-12-31"", ""2022-03-15"", ""2023-06-21""], ""VN"": [""2021-12-31"", ""2022-03-15"", ""2022-12-13""], ""ZA"": [""2020-12-31"", ""2021-09-28"", ""2021-11-01""]}"
GB-GOV-3-PSA-IND-400027,IN,programme,sample,IN|mixed-or-unmapped|missing,460,false,frozen lexicographic stratum round robin; no status/date filter,"{""ID"": [""2021-12-31"", ""2022-03-15"", ""2022-11-14""], ""SN"": [""2021-12-31"", ""2022-03-15"", ""2023-06-21""], ""VN"": [""2021-12-31"", ""2022-03-15"", ""2022-12-13""], ""ZA"": [""2020-12-31"", ""2021-09-28"", ""2021-11-01""]}"
GB-GOV-3-PSA-IND-400028,IN,programme,sample,IN|mixed-or-unmapped|missing,461,false,frozen lexicographic stratum round robin; no status/date filter,"{""ID"": [""2021-12-31"", ""2022-03-15"", ""2022-11-14""], ""SN"": [""2021-12-31"", ""2022-03-15"", ""2023-06-21""], ""VN"": [""2021-12-31"", ""2022-03-15"", ""2022-12-13""], ""ZA"": [""2020-12-31"", ""2021-09-28"", ""2021-11-01""]}"
GB-GOV-3-Women and Girls-IN,IN,programme,sample,IN|mixed-or-unmapped|missing,462,false,frozen lexicographic stratum round robin; no status/date filter,"{""ID"": [""2021-12-31"", ""2022-03-15"", ""2022-11-14""], ""SN"": [""2021-12-31"", ""2022-03-15"", ""2023-06-21""], ""VN"": [""2021-12-31"", ""2022-03-15"", ""2022-12-13""], ""ZA"": [""2020-12-31"", ""2021-09-28"", ""2021-11-01""]}"
GB-1-112151,regional-or-unspecified,programme,challenge,mandatory,,true,mandatory known failure-mode challenge; excluded from sample N,"{""ID"": [""2021-12-31"", ""2022-03-15"", ""2022-11-14""], ""SN"": [""2021-12-31"", ""2022-03-15"", ""2023-06-21""], ""VN"": [""2021-12-31"", ""2022-03-15"", ""2022-12-13""], ""ZA"": [""2020-12-31"", ""2021-09-28"", ""2021-11-01""]}"
GB-1-112151-101,regional-or-unspecified,component,challenge,mandatory,,true,mandatory known failure-mode challenge; excluded from sample N,"{""ID"": [""2021-12-31"", ""2022-03-15"", ""2022-11-14""], ""SN"": [""2021-12-31"", ""2022-03-15"", ""2023-06-21""], ""VN"": [""2021-12-31"", ""2022-03-15"", ""2022-12-13""], ""ZA"": [""2020-12-31"", ""2021-09-28"", ""2021-11-01""]}"
GB-GOV-1-400032,regional-or-unspecified,programme,challenge,mandatory,,true,mandatory known failure-mode challenge; excluded from sample N,"{""ID"": [""2021-12-31"", ""2022-03-15"", ""2022-11-14""], ""SN"": [""2021-12-31"", ""2022-03-15"", ""2023-06-21""], ""VN"": [""2021-12-31"", ""2022-03-15"", ""2022-12-13""], ""ZA"": [""2020-12-31"", ""2021-09-28"", ""2021-11-01""]}"
GB-GOV-1-400142,regional-or-unspecified,programme,challenge,mandatory,,true,mandatory known failure-mode challenge; excluded from sample N,"{""ID"": [""2021-12-31"", ""2022-03-15"", ""2022-11-14""], ""SN"": [""2021-12-31"", ""2022-03-15"", ""2023-06-21""], ""VN"": [""2021-12-31"", ""2022-03-15"", ""2022-12-13""], ""ZA"": [""2020-12-31"", ""2021-09-28"", ""2021-11-01""]}"
GB-GOV-1-400343,regional-or-unspecified,programme,challenge,mandatory,,true,mandatory known failure-mode challenge; excluded from sample N,"{""ID"": [""2021-12-31"", ""2022-03-15"", ""2022-11-14""], ""SN"": [""2021-12-31"", ""2022-03-15"", ""2023-06-21""], ""VN"": [""2021-12-31"", ""2022-03-15"", ""2022-12-13""], ""ZA"": [""2020-12-31"", ""2021-09-28"", ""2021-11-01""]}"
GB-GOV-1-400397,regional-or-unspecified,programme,challenge,mandatory,,true,mandatory known failure-mode challenge; excluded from sample N,"{""ID"": [""2021-12-31"", ""2022-03-15"", ""2022-11-14""], ""SN"": [""2021-12-31"", ""2022-03-15"", ""2023-06-21""], ""VN"": [""2021-12-31"", ""2022-03-15"", ""2022-12-13""], ""ZA"": [""2020-12-31"", ""2021-09-28"", ""2021-11-01""]}"
GB-GOV-1-400542,PK,programme,challenge,mandatory,,true,mandatory known failure-mode challenge; excluded from sample N,"{""ID"": [""2021-12-31"", ""2022-03-15"", ""2022-11-14""], ""SN"": [""2021-12-31"", ""2022-03-15"", ""2023-06-21""], ""VN"": [""2021-12-31"", ""2022-03-15"", ""2022-12-13""], ""ZA"": [""2020-12-31"", ""2021-09-28"", ""2021-11-01""]}"
GB-GOV-1-400717,regional-or-unspecified,programme,challenge,mandatory,,true,mandatory known failure-mode challenge; excluded from sample N,"{""ID"": [""2021-12-31"", ""2022-03-15"", ""2022-11-14""], ""SN"": [""2021-12-31"", ""2022-03-15"", ""2023-06-21""], ""VN"": [""2021-12-31"", ""2022-03-15"", ""2022-12-13""], ""ZA"": [""2020-12-31"", ""2021-09-28"", ""2021-11-01""]}"
