line_id,DATAFLOW,DONOR,RECIPIENT,SECTOR,MEASURE,CHANNEL,MODALITY,FLOW_TYPE,PRICE_BASE,MD_DIM,MD_ID,UNIT_MEASURE,TIME_PERIOD,OBS_VALUE,BASE_PER,OBS_STATUS,UNIT_MULT,DECIMALS,DONOR_AGENCY,OECD_ID,DONOR_PROJECT_ID,REGION,INCOME_GROUP,CHANNELDELIVERY_CODE,CHANNELDELIVERY_NAME,CATEGORY_CODE,CATEGORY_NAME,FINANCETYPE_CODE,FINANCETYPE_NAME,BIMULTI_CODE,SHORT_DESCRIPTION,PROJECT_TITLE,LONG_DESCRIPTION,SDG_FOCUS,GENDER_EQUALITY,ENVIRONMENT,GOVERNANCE,RMNCH,DRR,NUTRITION,DISABILITY,BIODIVERSITY,CLIMATE_MITIGATION,CLIMATE_ADAPTATION,DESERTIFICATION,AMOUNT_TIED,AMOUNT_UNTIED,AMOUNT_PARTIALLY_UNTIED,NATURE_OF_SUBMISSION,PSIFLAG_CODE,PSIFLAG_NAME
oecd-crs-energy-idn-2022-q-2026-09-28-md-21393904,OECD.DCD.FSD:DSD_CRS@DF_CRS(1.6),9PRIV1623,IDN,23210,30,50000,C01,C,Q,DD,21393904,USD,2022,0.079706,2024,A,6,6,Rockefeller Foundation,2022000203,2022 ARO 002,Far East Asia,UMICs,50000,"University, college or other teaching institution, research institute or think-tank",30,Private Development Finance,110,Standard grant,6,"IN SUPPORT OF ENGAGING WITH POLICYMAKERS ON ISSUES RELATED TO INDONESIA, SUCH AS GLOBAL RECOVERY, ENERGY TRANSITION, AND PANDEMIC PREVENTION AND HEALT","in support of engaging with policymakers on issues related to Indonesia, such as global recovery, energy transition, and pandemic prevention and health security, at the Think20 summit in 2022","Programme: Asia Regional Office. Description: in support of engaging with policymakers on issues related to Indonesia, such as global recovery, energy transition, and pandemic prevention and health security, at the Think20 summit in 2022",7.1;3.d;3.3;13,0,,,,,,,0,1,0,,,,,1,,
oecd-crs-energy-idn-2022-q-2026-09-28-md-20980249,OECD.DCD.FSD:DSD_CRS@DF_CRS(1.6),9PRIV1623,IDN,23210,30,50000,C01,D,Q,DD,20980249,USD,2022,0.053137,2024,A,6,6,Rockefeller Foundation,2022000203,2022 ARO 002,Far East Asia,UMICs,50000,"University, college or other teaching institution, research institute or think-tank",30,Private Development Finance,110,Standard grant,6,"IN SUPPORT OF ENGAGING WITH POLICYMAKERS ON ISSUES RELATED TO INDONESIA, SUCH AS GLOBAL RECOVERY, ENERGY TRANSITION, AND PANDEMIC PREVENTION AND HEALT","in support of engaging with policymakers on issues related to Indonesia, such as global recovery, energy transition, and pandemic prevention and health security, at the Think20 summit in 2022","Programme: Asia Regional Office. Description: in support of engaging with policymakers on issues related to Indonesia, such as global recovery, energy transition, and pandemic prevention and health security, at the Think20 summit in 2022",7.1;3.d;3.3;13,0,,,,,,,0,1,0,,,,,1,,
oecd-crs-energy-idn-2022-q-2026-09-28-md-21762568,OECD.DCD.FSD:DSD_CRS@DF_CRS(1.6),9PRIV1608,IDN,23110,30,40000,C01,D,Q,DD,21762568,USD,2022,1.200253,2024,A,6,6,IKEA Foundation,2022000125,1911-01456,Far East Asia,UMICs,40000,,30,Private Development Finance,110,Standard grant,6,ENERGY TRANSITION PARTNERSHIP: INDONESIA,Energy Transition Partnership: Indonesia,"Programme: Renewable Energy. Description: The UN's Energy Transition Partnership brings together funders, philanthropies and governments in Southeast Asia to accelerate a transition to greener economies. The IKEA Foundation is supporting this work in Indonesia because the country has a high dependency on fossil fuels.",7.2;17.16;13.a,0,,,,,,,0,1,0,,,,,3,,
oecd-crs-energy-idn-2022-q-2026-09-28-md-21765351,OECD.DCD.FSD:DSD_CRS@DF_CRS(1.6),9PRIV1608,IDN,23210,30,20000,C01,D,Q,DD,21765351,USD,2022,1.785804,2024,A,6,6,IKEA Foundation,2022000222,1802-00999,Far East Asia,UMICs,20000,Donor country-based NGO,30,Private Development Finance,110,Standard grant,6,NEW ENERGY NEXUS INDONESIA,New Energy Nexus Indonesia,"Programme: Renewable Energy. Description: The IKEA Foundation is partnering with New Energy Nexus Indonesia to inspire and support a new generation of entrepreneurs, so they can address the challenges of energy access and accelerate the transition to a renewable-energy economy.",7.2;13.a,0,,,,,,,0,2,0,,,,,3,,
oecd-crs-energy-idn-2022-q-2026-09-28-md-21005832,OECD.DCD.FSD:DSD_CRS@DF_CRS(1.6),9PRIV1608,IDN,23183,30,20000,C01,D,Q,DD,21005832,USD,2022,0.842954,2024,A,6,6,IKEA Foundation,2022000217,1806-01124,Far East Asia,UMICs,20000,Donor country-based NGO,30,Private Development Finance,110,Standard grant,6,MULTI-CHANNEL ACTIVITY TO ADVANCE ELECTRIC VEHICLES (EVS) AND STRENGTHEN ANALYSIS ON THE WAYS TO REDUCE CO2 EMISSIONS IN OTHER AREAS,Multi-channel activity to advance Electric Vehicles (EVs) and strengthen analysis on the ways to reduce CO2 emissions in other areas,"Programme: Climate Action. Description: ClimateWorks and the IKEA Foundation are working together to speed up the adoption of electric vehicles in the European Union and India. At the same time, the partnership is researching how funders can support Indonesia to transition to renewable energy.",9.4;7.2;13.3;12.1;11,0,,,,,,,0,2,0,,,,,3,,
oecd-crs-energy-idn-2022-q-2026-09-28-md-20996436,OECD.DCD.FSD:DSD_CRS@DF_CRS(1.6),9OTH022,IDN,23220,14,60000,C01,D,Q,DD,20996436,USD,2022,0.302062,2024,A,6,6,InfraCo Asia,2022000054,1536,Far East Asia,UMICs,60000,Private sector in recipient country,21,Non-export credit OOF,510,Common equity,4,"ENDIKAT HYDRO POWER PROJECT, INDONESIA","Endikat Hydro Power Project, Indonesia","Endikat Hydro Power Project, Indonesia",7.a;7.2;7.1;13.a,0,,,,,,,0,2,0,,,,,3,,
oecd-crs-energy-idn-2022-q-2026-09-28-md-21409536,OECD.DCD.FSD:DSD_CRS@DF_CRS(1.6),9OTH022,IDN,23240,14,60000,C01,C,Q,DD,21409536,USD,2022,2.730383,2024,A,6,6,InfraCo Asia,2022000093,1730,Far East Asia,UMICs,60000,Private sector in recipient country,21,Non-export credit OOF,510,Common equity,4,SUMATRA WIND PORTFOLIO,Sumatra Wind Portfolio,Sumatra Wind Portfolio,7.a;7.2;7.1;13.a,0,,,,,,,0,2,0,,,,,1,,
oecd-crs-energy-idn-2022-q-2026-09-28-md-20996458,OECD.DCD.FSD:DSD_CRS@DF_CRS(1.6),9OTH022,IDN,23240,14,60000,C01,D,Q,DD,20996458,USD,2022,1.228672,2024,A,6,6,InfraCo Asia,2022000093,1730,Far East Asia,UMICs,60000,Private sector in recipient country,21,Non-export credit OOF,510,Common equity,4,SUMATRA WIND PORTFOLIO,Sumatra Wind Portfolio,Sumatra Wind Portfolio,7.a;7.2;7.1;13.a,0,,,,,,,0,2,0,,,,,1,,
oecd-crs-energy-idn-2022-q-2026-09-28-md-20996427,OECD.DCD.FSD:DSD_CRS@DF_CRS(1.6),9OTH022,IDN,23210,14,60000,C01,D,Q,DD,20996427,USD,2022,0.257989,2024,A,6,6,InfraCo Asia,2022000040,1439,Far East Asia,UMICs,60000,Private sector in recipient country,21,Non-export credit OOF,510,Common equity,4,"ARCHIPELAGO HYBRID POWER SOLUTIONS, INDONESIA","Archipelago Hybrid Power Solutions, Indonesia","Archipelago Hybrid Power Solutions, Indonesia",7.a;7.2;7.1;13.a,0,,,,,,,0,2,0,,,,,3,,
oecd-crs-energy-idn-2022-q-2026-09-28-md-21261311,OECD.DCD.FSD:DSD_CRS@DF_CRS(1.6),9PRIV1627,IDN,23210,30,20000,C01,C,Q,DD,21261311,USD,2022,0.106274,2024,A,6,6,Ford Foundation,2022001598,143531,Far East Asia,UMICs,20000,Developing country-based NGO,30,Private Development Finance,110,Standard grant,6,KESATUAN NELAYAN TRADISIONAL INDONESIA,Kesatuan Nelayan Tradisional Indonesia,"Programme: Natural Resources and Climate Change, Beyond Current Program Structure. Description: To increase access to affordable renewable energy and piloting a climate adaptation programs for small and traditional fisheries",7.1;2.4;2.3;13.1;12.2;10.2,0,,,,,,,0,1,1,,,,,1,,
oecd-crs-energy-idn-2022-q-2026-09-28-md-21408588,OECD.DCD.FSD:DSD_CRS@DF_CRS(1.6),9OTH015,IDN,23110,11,10000,C01,C,Q,DD,21408588,USD,2022,5.374769,2024,A,6,6,Division of Mitigation and Adaptation,2022000020,FP196 (Grants),Far East Asia,UMICs,10000,Third Country Government (Delegated co-operation),10,ODA,110,Standard grant,4,SUPPORTING INNOVATIVE MECHANISMS FOR INDUSTRIAL ENERGY EFFICIENCY FINANCING IN INDONESIA WITH LESSONS FOR REPLICATION IN OTHER ASEAN MEMBER STATES,Supporting Innovative Mechanisms for Industrial Energy Efficiency Financing in Indonesia with Lessons for Replication in other ASEAN Member States,,7.a;13,,,,,,,,,,,,,,,1,,
oecd-crs-energy-idn-2022-q-2026-09-28-md-21383830,OECD.DCD.FSD:DSD_CRS@DF_CRS(1.6),9OTH006,IDN,23630,13,40000,C01,C,Q,DD,21383830,USD,2022,16.124307,2024,A,6,6,Clean Technology Fund,2022000013,XCTFID008A,Far East Asia,UMICs,40000,International Bank for Reconstruction and Development ,10,ODA,421,Standard loan,4,GESP : INDONESIA SUSTAINABLE LEAST-COST ELECTRIFICATION (ISLE-1) PROGRAM,GESP : Indonesia Sustainable Least-Cost Electrification (ISLE-1) Program,"The Indonesia Sustainable Least-cost Electrification (ISLE-1) program for results (PforR) aims to increase access to sustainable and lower-cost electricity in Maluku and Nusa Tenggara regions, and strengthen the operational performance of the electric utility. It includes the following outputs: (i) increased low-voltage transformer capacity by 550 MVA and 15,565 km of new distribution lines that will enable 500,000 new customers (or 2.5 million people when assuming 5 people per households) to be added to the grid and be made more resilient by accessing reliable and affordable power, and (ii) 1,156 km of new or upgraded transmission lines, increased capacity of medium-voltage transformer capacity by 510 MVA, 321MWh of BESS (that will be deployed along the PV projects) and 8 new or upgraded SCADA systems that together represent the right set of grid infrastructure to be built for VRE integration, (iii) US$ 400ml of private investments mobilized that allows for 600 MWp of PV and/or BESS to be built, and (iv) increased capacity of PLN with regards to monitoring and operational capacity for the energy transition shift.<br>The main outcomes that are derived from these outputs are: (i) increased access to sustainable and reliable electricity to population in Nusa Tenggara and Maluku regions, (ii) avoided GHG emissions, (iii) reduction in cost of generation, (iv) improved reliability and resilience of the grid, and (v) improved PLN's financial and operational capacity to manage the energy transition.<br>The higher-level objectives are to enable Indonesia to shift to low-emission development pathways, to reduce dependency on fossil fuels, and to increase resilience to climate change of infrastructure and population that are newly-connected to the grid.<br>",,,,,,,,,,,,,,,,1,,
oecd-crs-energy-idn-2022-q-2026-09-28-md-20959891,OECD.DCD.FSD:DSD_CRS@DF_CRS(1.6),9OTH006,IDN,23260,13,40000,C01,D,Q,DD,20959891,USD,2022,0.320326,2024,A,6,6,Clean Technology Fund,2022000131,XCTFID752A,Far East Asia,UMICs,40000,Asian Development Bank,10,ODA,421,Standard loan,4,DPSP III: GEOTHERMAL POWER GENERATION PROJECT,DPSP III: Geothermal Power Generation Project,"The Geothermal Power Generation Project targets additional renewable energy baseload generation to reduce Indonesia's reliance on coal. The project will provide financing for expanding geothermal power generation.<br><br>Output 1: Geothermal power plant constructed and commissioned. The project will support GDE in commissioning a 55 MW geothermal power plant at Dieng, Central Java Province and a 55 MW geothermal power plant at Patuha, West Java province.<br><br>Output 2: Institutional capacity of GDE strengthened. The project will strengthen GDE's capacity to plan for, develop, and operate geothermal power plants, including management of complex technical conditions, multiple coordinated contracts, and environmental risks.<br><br>Output 3: Community development program enhanced. The project will support enhancement of GDE's Community Development Program through more strategic engagement with the communities and evaluation of programs that can most meaningfully contribute to improved well-being of nearby communities.<br><br>The Dieng subproject faces technical challenges and high-density of farming activities, the Patuha subproject is nearby to protected forest. As part of ADB's assistance, the project will enhance health, safety, emergency planning, and development programs for nearby communities. The project will ensure that there will be no impairment of high biodiversity value from forest clearing in critical habitat. These activities will serve as an example for how Indonesia's geothermal resource in similar geographic contexts can be developed without detriment to the existing surroundings. <br><br>The expansion of the two units will contribute to reaching Indonesia's renewable energy targets and contribute to the reduction of greenhouse gas emissions in Indonesia and globally. Additional renewable energy supply will also prevent the development of equivalent fossil fired plants to meet growing electricity demand. <br>",9;7;5;13;1,,,,,,,,,,,,,,,3,,
oecd-crs-energy-idn-2022-q-2026-09-28-md-21383829,OECD.DCD.FSD:DSD_CRS@DF_CRS(1.6),9OTH006,IDN,23630,11,40000,C01,C,Q,DD,21383829,USD,2022,20.424123,2024,A,6,6,Clean Technology Fund,2022000003,XCTFID008A,Far East Asia,UMICs,40000,International Bank for Reconstruction and Development ,10,ODA,110,Standard grant,4,GESP : INDONESIA SUSTAINABLE LEAST-COST ELECTRIFICATION (ISLE-1) PROGRAM,GESP : Indonesia Sustainable Least-Cost Electrification (ISLE-1) Program,"The Indonesia Sustainable Least-cost Electrification (ISLE-1) program for results (PforR) aims to increase access to sustainable and lower-cost electricity in Maluku and Nusa Tenggara regions, and strengthen the operational performance of the electric utility. It includes the following outputs: (i) increased low-voltage transformer capacity by 550 MVA and 15,565 km of new distribution lines that will enable 500,000 new customers (or 2.5 million people when assuming 5 people per households) to be added to the grid and be made more resilient by accessing reliable and affordable power, and (ii) 1,156 km of new or upgraded transmission lines, increased capacity of medium-voltage transformer capacity by 510 MVA, 321MWh of BESS (that will be deployed along the PV projects) and 8 new or upgraded SCADA systems that together represent the right set of grid infrastructure to be built for VRE integration, (iii) US$ 400ml of private investments mobilized that allows for 600 MWp of PV and/or BESS to be built, and (iv) increased capacity of PLN with regards to monitoring and operational capacity for the energy transition shift.<br>The main outcomes that are derived from these outputs are: (i) increased access to sustainable and reliable electricity to population in Nusa Tenggara and Maluku regions, (ii) avoided GHG emissions, (iii) reduction in cost of generation, (iv) improved reliability and resilience of the grid, and (v) improved PLN's financial and operational capacity to manage the energy transition.<br>The higher-level objectives are to enable Indonesia to shift to low-emission development pathways, to reduce dependency on fossil fuels, and to increase resilience to climate change of infrastructure and population that are newly-connected to the grid.<br>",,,,,,,,,,,,,,,,1,,
oecd-crs-energy-idn-2022-q-2026-09-28-md-20960148,OECD.DCD.FSD:DSD_CRS@DF_CRS(1.6),9OTH011,IDN,23210,11,10000,C01,D,Q,DD,20960148,USD,2022,0.785165,2024,A,6,6,GEF (general),2022900084,00101814,Far East Asia,UMICs,10000,Central Government (recipient govt.),10,ODA,110,Standard grant,4,ADLIGHT,ADLIGHT,Advancing Indonesia's Lighting Market to High Efficient Technologies is a project to support GoI for the improved quality and competitiveness of the locally produced EE lighting.,7.1;13.3,1,,,,,,,,,,,,,,3,,
oecd-crs-energy-idn-2022-q-2026-09-28-md-20963088,OECD.DCD.FSD:DSD_CRS@DF_CRS(1.6),9OTH011,IDN,23210,11,10000,C01,D,Q,DD,20963088,USD,2022,2.262925,2024,A,6,6,GEF (general),2022900378,00093506,Far East Asia,UMICs,10000,Central Government (recipient govt.),10,ODA,110,Standard grant,4,MARKET TRANSFORMATION,Market Transformation,Market Transformation to support the design and implementation of appropriate mitigation actions in energy  generation and  energy end use sector,7.1;13.3,1,,,,,,,,,,,,,,3,,
oecd-crs-energy-idn-2022-q-2026-09-28-md-21765533,OECD.DCD.FSD:DSD_CRS@DF_CRS(1.6),5WB001,IDN,23220,14,10000,C01,D,Q,DD,21765533,USD,2022,0.161351,2024,A,6,6,IBRD,2011011689,P112158.IBRD80570.crs1,Far East Asia,UMICs,10000,Recipient Government,21,Non-export credit OOF,421,Standard loan,4,PUMPED STORAGE TECHNICAL ASSISTANCE PROJECT,Pumped Storage Technical Assistance Project,,,,,,,,,,,,,,,,,3,,
oecd-crs-energy-idn-2022-q-2026-09-28-md-21774478,OECD.DCD.FSD:DSD_CRS@DF_CRS(1.6),5RDB009,IDN,23260,14,10000,C01,D,Q,DD,21774478,USD,2022,0.204996,2024,A,6,6,Ordinary Capital Resources,2022001370,GUY1015,Far East Asia,UMICs,10000,Recipient Government,21,Non-export credit OOF,421,Standard loan,4,"SMALL HYDRO POWER PLANTS (MOCO MOCO, KUMU & IKURIBISI)","Small Hydro Power Plants (Moco Moco, Kumu & Ikuribisi)","The specific objective of the project is to ensure universal access to electricity for the population living in Lethem and Bartica areas (currently around 80 % have access) with an affordable tariff around USD 20 cents per kWh, which is currently ranging between USD 33 cents and USD 40 cents per kWh in Lethem area and between USD 19 cents and USD 28 per kWh in Bartica area",7.1,,,,,,,,,,,,,,,3,,
oecd-crs-energy-idn-2022-q-2026-09-28-md-20998965,OECD.DCD.FSD:DSD_CRS@DF_CRS(1.6),9OTH022,IDN,23240,11,60000,D02,D,Q,DD,20998965,USD,2022,0.152643,2024,A,6,6,GAP,2022000138,391,Far East Asia,UMICs,60000,Private Sector Institutions,10,ODA,110,Standard grant,4,SUMATRA WIND IPP - BIODIVERSITY DUE DILIGENCE & CONFLICT ANALYSIS,Sumatra Wind IPP - Biodiversity Due Diligence & Conflict Analysis,Sumatra Wind IPP - Biodiversity Due Diligence & Conflict Analysis,7.a;7.2;7.1;13.a,0,,,,,,,1,2,0,,,,,8,,
oecd-crs-energy-idn-2022-q-2026-09-28-md-21409549,OECD.DCD.FSD:DSD_CRS@DF_CRS(1.6),9OTH022,IDN,23240,11,60000,D02,C,Q,DD,21409549,USD,2022,0.152643,2024,A,6,6,GAP,2022000138,391,Far East Asia,UMICs,60000,Private Sector Institutions,10,ODA,110,Standard grant,4,SUMATRA WIND IPP - BIODIVERSITY DUE DILIGENCE & CONFLICT ANALYSIS,Sumatra Wind IPP - Biodiversity Due Diligence & Conflict Analysis,Sumatra Wind IPP - Biodiversity Due Diligence & Conflict Analysis,7.a;7.2;7.1;13.a,0,,,,,,,1,2,0,,,,,8,,
oecd-crs-energy-idn-2022-q-2026-09-28-md-20998969,OECD.DCD.FSD:DSD_CRS@DF_CRS(1.6),9OTH022,IDN,23240,11,60000,D02,D,Q,DD,20998969,USD,2022,0.003225,2024,A,6,6,GAP,2022000148,403,Far East Asia,UMICs,60000,Private Sector Institutions,10,ODA,110,Standard grant,4,SUMATRA WIND IPP - PRE-FEASIBILITY STUDY,Sumatra Wind IPP - Pre-feasibility Study,Sumatra Wind IPP - Pre-feasibility Study,7.a;7.2;7.1;13.a,0,,,,,,,0,2,0,,,,,3,,
oecd-crs-energy-idn-2022-q-2026-09-28-md-21264772,OECD.DCD.FSD:DSD_CRS@DF_CRS(1.6),5RDB001,IDN,23220,14,10000,C01,C,Q,DD,21264772,USD,2022,247.239382,2024,A,6,6,Asian Infrastructure Investment Bank,2022000084,P000512,Far East Asia,UMICs,10000,Recipient Government,21,Non-export credit OOF,421,Standard loan,4,DEVELOPMENT OF PUMPED STORAGE HYDROPOWER IN JAVA BALI SYSTEM,Development of Pumped Storage Hydropower in Java Bali System,"The Project will support PLN's development of the Upper Cisokan Pumped Storage (UCPS) Hydropower Plant, including its environmental and social risk and impact management, implementation, and monitoring, as well as capacity building for PLN in hydropower project preparation and management. The Project will be jointly co-financed with the World Bank as lead co-financier. There are three components of the Project: 1. Component 1: Development of the UCPS Plant 2. Component 2: Environmental and Social Impact Management for the UCPS Plant 3. Component 3: Technical Assistance and Capacity Building for PLN",7.2;7.1;13.a;13.1,,,,,,,,,,,,,,,1,,
oecd-crs-energy-idn-2022-q-2026-09-28-md-21024304,OECD.DCD.FSD:DSD_CRS@DF_CRS(1.6),5ASDB01,IDN,23630,14,10000,C01,D,Q,DD,21024304,USD,2022,38.679453,2024,A,6,6,Asian Development Bank,2022000710,LN3560-INO,Far East Asia,UMICs,10000,Recipient Government,21,Non-export credit OOF,421,Standard loan,4,SUSTAINABLE ENERGY ACCESS IN EASTERN INDONESIA-ELECTRICITY GRID DEVELOPMENT PROGRAM,Sustainable Energy Access in Eastern Indonesia-Electricity Grid Development Program,The proposed $600 million result-based loan (RBL) program aims to support the development of electricity distribution networks to connect businesses and households and to enhance the quality of life in Eastern Indonesia by the sustainable use of electricity as a key driver of increased economic activity. The program will complement a proposed sector loan for small- to mid-sized natural gas-fired power stations to deliver more sustainable energy services to communities across Eastern Indonesia.,,0,,,,,,,,,,,,,,3,,
oecd-crs-energy-idn-2022-q-2026-09-28-md-21024194,OECD.DCD.FSD:DSD_CRS@DF_CRS(1.6),5ASDB01,IDN,23310,14,60000,C01,D,Q,DD,21024194,USD,2022,12.481289,2024,A,6,6,Asian Development Bank,2022002856,LN3693-INO,Far East Asia,UMICs,60000,Private Sector Institutions,21,Non-export credit OOF,421,Standard loan,4,JAWA-1 LIQUEFIED NATURAL GAS-TO-POWER PROJECT,Jawa-1 Liquefied Natural Gas-to-Power Project,"The project entails the construction, operation, and maintenance of a 1,760-megawatt (MW) load-following, combined-cycle, gas turbine (CCGT) power plant and associated facilities. The LNG-to-power project is located about 100 kilometers (km) east of Jakarta on the Javanese coastline.",,1,,,,,,,,,,,,,,3,,
oecd-crs-energy-idn-2022-q-2026-09-28-md-21030923,OECD.DCD.FSD:DSD_CRS@DF_CRS(1.6),5ASDB01,IDN,23110,14,60000,C01,D,Q,DD,21030923,USD,2022,9.152157,2024,A,6,6,Asian Development Bank,2022002862,LN3751-INO,Far East Asia,UMICs,60000,Private Sector Institutions,21,Non-export credit OOF,421,Standard loan,4,RIAU NATURAL GAS POWER PROJECT,Riau Natural Gas Power Project,"The project entails construction, operation and maintenance of a 275 megawatt (MW) combined-cycle gas-fired power plant (CCGT), located in Tenayan Raya District, Pekanbaru City Regency, Riau Province in the central part of Sumatra, and including a gas pipeline of approximately 40 km, a transmission line of approximately 750 m, and associated facilities.",,1,,,,,,,,,,,,,,3,,
oecd-crs-energy-idn-2022-q-2026-09-28-md-21426983,OECD.DCD.FSD:DSD_CRS@DF_CRS(1.6),5ASDB01,IDN,23110,14,10000,A02,C,Q,DD,21426983,USD,2022,537.476916,2024,A,6,6,Asian Development Bank,2022000961,LN4256-INO,Far East Asia,UMICs,10000,Recipient Government,21,Non-export credit OOF,421,Standard loan,4,SUSTAINABLE AND INCLUSIVE ENERGY PROGRAM (SUBPROGRAM 3),Sustainable and Inclusive Energy Program (Subprogram 3),"The program's programmatic approach supports the Government of Indonesia's energy sector reform priorities and represents a sustained partnership between ADB, the government, and other development partners. Subprogram 3 supports the transformation of Indonesia's energy sector through reforms initiated in 2014, which aim to (i) improve fiscal sustainability and governance, (ii) expand private investment, and (iii) promote the deployment of clean and efficient energy options. Subprogram 3 supports the government's ambitious energy sector reforms under the National Medium-Term Development Plan (RPJMN) 20202024 and its greenhouse gas (GHG) emission reductions of 29% under its nationally determined contribution.",9.1;7.2;7.1;5.c;13.a;10.2;1.5;1.1,1,,,,,,,,,,,,,,1,,
oecd-crs-energy-idn-2022-q-2026-09-28-md-21439726,OECD.DCD.FSD:DSD_CRS@DF_CRS(1.6),9PRIV1618,IDN,23210,30,20000,B01,C,Q,DD,21439726,USD,2022,0.207235,2024,A,6,6,David & Lucile Packard Foundation,2022000339,2022-74723,Far East Asia,UMICs,20000,Developing country-based NGO,30,Private Development Finance,110,Standard grant,6,TRANSFORMASI ENERGI ASIA,Transformasi Energi Asia,Programme: Conservation and Science. Description: Programme: Conservation and Science. Description: for general support,,0,,,,,,,0,2,0,,,,,8,,
oecd-crs-energy-idn-2022-q-2026-09-28-md-21032241,OECD.DCD.FSD:DSD_CRS@DF_CRS(1.6),9PRIV1618,IDN,23210,30,20000,B01,D,Q,DD,21032241,USD,2022,0.207235,2024,A,6,6,David & Lucile Packard Foundation,2022000339,2022-74723,Far East Asia,UMICs,20000,Developing country-based NGO,30,Private Development Finance,110,Standard grant,6,TRANSFORMASI ENERGI ASIA,Transformasi Energi Asia,Programme: Conservation and Science. Description: Programme: Conservation and Science. Description: for general support,,0,,,,,,,0,2,0,,,,,8,,
oecd-crs-energy-idn-2022-q-2026-09-28-md-21870533,OECD.DCD.FSD:DSD_CRS@DF_CRS(1.6),USA,IDN,23110,11,20000,C01,D,Q,DD,21870533,USD,2022,0.073497,2024,A,6,6,Agency for International Development,2022029921,76_58492,Far East Asia,UMICs,20000,Donor country-based NGO,10,ODA,110,Standard grant,1,ENERGY UTILITY PARTNERSHIP PROGRAM (EUPP),Energy Utility Partnership Program (EUPP),"The Energy Utility Partnership Program's principal activity is the establishment of one-on-one executive partnerships between developing country electric utilities, gas utilities, transmission and other energy sector operators & policy makers and their U.S. counterparts.",,0,2,0,0,0,0,,0,2,0,,,,,3,,
oecd-crs-energy-idn-2022-q-2026-09-28-md-21866644,OECD.DCD.FSD:DSD_CRS@DF_CRS(1.6),USA,IDN,23110,11,60000,C01,D,Q,DD,21866644,USD,2022,0.017255,2024,A,6,6,Agency for International Development,2022029010,76_56631,Far East Asia,UMICs,60000,Private sector in provider country,10,ODA,110,Standard grant,1,ENERGY REGULATORY PARTNERSHIP PROGRAM (ERRP),Energy Regulatory Partnership Program (ERRP),Energy Regulatory Partnership Program (ERRP),,1,2,0,0,0,0,,0,2,0,,,,,3,,
oecd-crs-energy-idn-2022-q-2026-09-28-md-21879980,OECD.DCD.FSD:DSD_CRS@DF_CRS(1.6),USA,IDN,23110,11,60000,C01,D,Q,DD,21879980,USD,2022,1.049685,2024,A,6,6,Agency for International Development,2022034211A,76_65704,Far East Asia,UMICs,60000,Private sector in provider country,10,ODA,110,Standard grant,1,SUSTAINABLE ENERGY FOR INDONESIAS ADVANCING RESILIENCE (SINAR),Sustainable Energy for Indonesias Advancing Resilience (SINAR),To help Indonesia deliver reliable and sustainable energy services.,,1,0,0,0,0,0,,0,0,0,,,,,3,,
oecd-crs-energy-idn-2022-q-2026-09-28-md-21879981,OECD.DCD.FSD:DSD_CRS@DF_CRS(1.6),USA,IDN,23110,11,60000,C01,D,Q,DD,21879981,USD,2022,2.12549,2024,A,6,6,Agency for International Development,2022034211B,76_65704,Far East Asia,UMICs,60000,Private sector in provider country,10,ODA,110,Standard grant,1,SUSTAINABLE ENERGY FOR INDONESIAS ADVANCING RESILIENCE (SINAR),Sustainable Energy for Indonesias Advancing Resilience (SINAR),To help Indonesia deliver reliable and sustainable energy services.,,1,0,0,0,0,0,,0,0,0,,,,,3,,
oecd-crs-energy-idn-2022-q-2026-09-28-md-20928078,OECD.DCD.FSD:DSD_CRS@DF_CRS(1.6),USA,IDN,23270,11,50000,D02,D,Q,DD,20928078,USD,2022,0.032236,2024,A,6,6,Trade and Development Agency,2022021046,70_9249,Far East Asia,UMICs,50000,"University, college or other teaching institution, research institute or think-tank",10,ODA,110,Standard grant,1,"REVERSE TRADE MISSION - WASTE-TO-ENERGY REVERSE TRADE MISSION, THROUGH GAS TECHNOLOGY INSTITUTE","Reverse Trade Mission - Waste-to-Energy Reverse Trade Mission, through Gas Technology Institute","This contract funds a reverse trade mission (RTM) to introduce Indonesian delegates from the government, parastatal, and private sectors to U.S. technology, regulations and best practices for biomass and municipal solid waste processing and power generation. The delegates will travel to three cities in the United States in order to meet with U.S. companies and conduct site visits to see American technology manufactured and in use.",,0,2,0,0,0,0,,0,2,0,,,,,3,,
oecd-crs-energy-idn-2022-q-2026-09-28-md-21851424,OECD.DCD.FSD:DSD_CRS@DF_CRS(1.6),4EU001,IDN,23110,11,10000,C01,D,Q,DD,21851424,USD,2022,0.784983,2024,A,6,6,European Commission,2018000024002,SCR.CTR.408629,Far East Asia,UMICs,10000,Third Country Government (Delegated co-operation),10,ODA,110,Standard grant,1,INDONESIA POLICY DIALOGUE FUND (IPDF),Indonesia Policy Dialogue Fund (IPDF),The Indonesia Policy Dialogue Fund (IPDF) will assist the Government of Indonesia in developing and implementing Policy Loans and their respective policy matrices.,8;7;5;13;11,1,2,0,0,0,0,0,0,2,2,0,0.000000,0.000000,0.000000,3,,
oecd-crs-energy-idn-2022-q-2026-09-28-md-20997237,OECD.DCD.FSD:DSD_CRS@DF_CRS(1.6),GBR,IDN,23182,11,60000,C01,D,Q,DD,20997237,USD,2022,0.08313,2024,A,6,6,"Foreign, Commonwealth and Development Office",2022000068,300708-170,Far East Asia,UMICs,60000,Other non-financial corporations (in recipient country),10,ODA,110,Standard grant,1,WHOLE ISLAND TRANSITION ROADMAP IN INDONESIA,Whole Island Transition Roadmap in Indonesia,"The Evidence Fund procures and manages research and evaluations that primarily benefit ODA eligible countries. Most research and evaluations paid for by the Evidence Fund are country-specific, and all respond to requests for evidence to inform programme or policy decisions. Primarily serving research requests from HMG's Embassies and High Commissions in ODA eligible countries, and from HMG policy and strategy teams, the Evidence Fund strengthens the evidence behind the UK's priority international development investments and development diplomacy. The Evidence Fund also invests modest amounts of non-ODA, to strengthen the evidence behind wider UK foreign policy.",7.a,0,0,,0,0,0,0,0,0,0,0,0.000000,0.121300,0.000000,1,,
oecd-crs-energy-idn-2022-q-2026-09-28-md-21403475,OECD.DCD.FSD:DSD_CRS@DF_CRS(1.6),GBR,IDN,23182,11,60000,C01,C,Q,DD,21403475,USD,2022,0.13855,2024,A,6,6,"Foreign, Commonwealth and Development Office",2022000068,300708-170,Far East Asia,UMICs,60000,Other non-financial corporations (in recipient country),10,ODA,110,Standard grant,1,WHOLE ISLAND TRANSITION ROADMAP IN INDONESIA,Whole Island Transition Roadmap in Indonesia,"The Evidence Fund procures and manages research and evaluations that primarily benefit ODA eligible countries. Most research and evaluations paid for by the Evidence Fund are country-specific, and all respond to requests for evidence to inform programme or policy decisions. Primarily serving research requests from HMG's Embassies and High Commissions in ODA eligible countries, and from HMG policy and strategy teams, the Evidence Fund strengthens the evidence behind the UK's priority international development investments and development diplomacy. The Evidence Fund also invests modest amounts of non-ODA, to strengthen the evidence behind wider UK foreign policy.",7.a,0,0,,0,0,0,0,0,0,0,0,0.000000,0.121300,0.000000,1,,
oecd-crs-energy-idn-2022-q-2026-09-28-md-20995246,OECD.DCD.FSD:DSD_CRS@DF_CRS(1.6),GBR,IDN,23110,11,60000,C01,D,Q,DD,20995246,USD,2022,2.208181,2024,A,6,6,"Foreign, Commonwealth and Development Office",2022000826,PRP IDJ 001011,Far East Asia,UMICs,60000,Private sector in provider country,10,ODA,110,Standard grant,1,MENTARI RE DELIVERY PARTNER,Mentari RE Delivery Partner,Costs associated with Mentari Renewable Energy programme delivery partner,7.a;7.2;5,1,0,,0,0,,,,,,,,,,3,,
oecd-crs-energy-idn-2022-q-2026-09-28-md-20995250,OECD.DCD.FSD:DSD_CRS@DF_CRS(1.6),GBR,IDN,23110,11,60000,C01,D,Q,DD,20995250,USD,2022,0.024766,2024,A,6,6,"Foreign, Commonwealth and Development Office",2022000828,PRP IDJ 001014,Far East Asia,UMICs,60000,Private sector in provider country,10,ODA,110,Standard grant,1,MENTARI RE DELIVERY,Mentari RE Delivery,"Mentari is a UK-Indonesia partnership that aims to accelerate low carbon energy transition in Indonesia to drive sustainable economic growth, universal and affordable energy access and protect the environment.",7.a;7.2;5,1,0,,0,0,,,,,,,,,,3,,
oecd-crs-energy-idn-2022-q-2026-09-28-md-20995252,OECD.DCD.FSD:DSD_CRS@DF_CRS(1.6),GBR,IDN,23110,11,60000,C01,D,Q,DD,20995252,USD,2022,1.900678,2024,A,6,6,"Foreign, Commonwealth and Development Office",2022000829,PRP IDJ 001015,Far East Asia,UMICs,60000,Private sector in provider country,10,ODA,110,Standard grant,1,VIABILITY GAP FUND,Viability Gap Fund,"Cost associated for Viability Gap Fund (VGF), funding to provide  limited, direct and catalytic funding support for specific renewable energy projects that are economically viable and in line with Mentari objectives",7.a;7.2;5,1,0,,0,0,,,,,,,,,,3,,
oecd-crs-energy-idn-2022-q-2026-09-28-md-20995249,OECD.DCD.FSD:DSD_CRS@DF_CRS(1.6),GBR,IDN,23210,11,60000,C01,D,Q,DD,20995249,USD,2022,0.023464,2024,A,6,6,"Foreign, Commonwealth and Development Office",2022000827,PRP IDJ 001013,Far East Asia,UMICs,60000,Private sector in provider country,10,ODA,110,Standard grant,1,MENTARI RE LEGAL & COMM.,Mentari RE Legal & Comm.,Mentari Renewable Energy legal and commercial costs,7.a;7.2;5,1,0,,0,0,,,,,,,,,,3,,
oecd-crs-energy-idn-2022-q-2026-09-28-md-20995253,OECD.DCD.FSD:DSD_CRS@DF_CRS(1.6),GBR,IDN,23210,11,60000,C01,D,Q,DD,20995253,USD,2022,1.900678,2024,A,6,6,"Foreign, Commonwealth and Development Office",2022000829,PRP IDJ 001015,Far East Asia,UMICs,60000,Private sector in provider country,10,ODA,110,Standard grant,1,VIABILITY GAP FUND,Viability Gap Fund,"Cost associated for Viability Gap Fund (VGF), funding to provide  limited, direct and catalytic funding support for specific renewable energy projects that are economically viable and in line with Mentari objectives",7.a;7.2;5,1,0,,0,0,,,,,,,,,,3,,
oecd-crs-energy-idn-2022-q-2026-09-28-md-20995248,OECD.DCD.FSD:DSD_CRS@DF_CRS(1.6),GBR,IDN,23110,11,60000,C01,D,Q,DD,20995248,USD,2022,0.023464,2024,A,6,6,"Foreign, Commonwealth and Development Office",2022000827,PRP IDJ 001013,Far East Asia,UMICs,60000,Private sector in provider country,10,ODA,110,Standard grant,1,MENTARI RE LEGAL & COMM.,Mentari RE Legal & Comm.,Mentari Renewable Energy legal and commercial costs,7.a;7.2;5,1,0,,0,0,,,,,,,,,,3,,
oecd-crs-energy-idn-2022-q-2026-09-28-md-20995247,OECD.DCD.FSD:DSD_CRS@DF_CRS(1.6),GBR,IDN,23210,11,60000,C01,D,Q,DD,20995247,USD,2022,2.208181,2024,A,6,6,"Foreign, Commonwealth and Development Office",2022000826,PRP IDJ 001011,Far East Asia,UMICs,60000,Private sector in provider country,10,ODA,110,Standard grant,1,MENTARI RE DELIVERY PARTNER,Mentari RE Delivery Partner,Costs associated with Mentari Renewable Energy programme delivery partner,7.a;7.2;5,1,0,,0,0,,,,,,,,,,3,,
oecd-crs-energy-idn-2022-q-2026-09-28-md-20987427,OECD.DCD.FSD:DSD_CRS@DF_CRS(1.6),CHE,IDN,23210,11,60000,C01,D,Q,DD,20987427,USD,2022,2.334353,2024,A,6,6,State Secretariat for Economic Affairs,2019008391,UR_01248.01.02,Far East Asia,UMICs,60000,Other non-financial corporations (in third country),10,ODA,110,Standard grant,1,RENEWABLE ENERGY SKILLS DEVELOPMENT RESD IN INDONESIA,Renewable Energy Skills Development RESD in Indonesia,"The Renewable Energy Skills Development Project aims at supporting the expansion of renewable energy in Indonesia. It will do so by increasing the availability of qualified staff in the labor market for professional design, planning, installation, operation and maintenance of renewable energy (RE) power plants. Renewable energy becomes increasingly important for the sustainable economic development of Indonesia. Electrification in remote areas can only be achieved in an efficient way, if renewable technologies are used. In addition, the constant economic growth triggers a raising demand in electricity, of which up to 25% is expected to be covered through climate-friendly renewable sources. At the same time, renewable energy projects in Indonesia show a very high failure rate due to the lack of technical support for design, operation and maintenance. Main reason is a shortage of specialists with skills responsive to the labour market needs.",7.2;5;13,1,2,0,0,0,0,0,0,2,0,0,,,,3,,
oecd-crs-energy-idn-2022-q-2026-09-28-md-21255981,OECD.DCD.FSD:DSD_CRS@DF_CRS(1.6),SWE,IDN,23270,11,10000,C01,C,Q,DD,21255981,USD,2022,0.412826,2024,A,6,6,SwedFund,2021221241A,68042,Far East Asia,UMICs,10000,Central Government (recipient govt.),10,ODA,110,Standard grant,1,WTE INDONESIA,WTE Indonesia,Aim  to increase the availability of renewable energy thereby stimulating job creation and reduce CO2 emissions,9;7;13;12;11,0,2,,,,,,,2,,,,0.395700,,3,,
oecd-crs-energy-idn-2022-q-2026-09-28-md-21751009,OECD.DCD.FSD:DSD_CRS@DF_CRS(1.6),SWE,IDN,23270,11,10000,C01,D,Q,DD,21751009,USD,2022,0.009289,2024,A,6,6,SwedFund,2021221241A,68042,Far East Asia,UMICs,10000,Central Government (recipient govt.),10,ODA,110,Standard grant,1,WTE INDONESIA,WTE Indonesia,Aim  to increase the availability of renewable energy thereby stimulating job creation and reduce CO2 emissions,9;7;13;12;11,0,2,,,,,,,2,,,,0.395700,,3,,
oecd-crs-energy-idn-2022-q-2026-09-28-md-21821513,OECD.DCD.FSD:DSD_CRS@DF_CRS(1.6),NZL,IDN,23181,11,60000,D01,D,Q,DD,21821513,USD,2022,0.041257,2024,A,6,6,Ministry of Foreign Affairs and Trade,2015000022,ACT-0A12172,Far East Asia,UMICs,60000,Private sector in provider country,10,ODA,110,Standard grant,1,ENERGY : NZAGED - GEOTHERMAL TA,Energy : NZAGED - Geothermal TA,New Zealand support for Accelerating Geothermal Development (NZAGED),,0,1,0,0,0,0,0,0,2,0,0,0.004500,,,3,,
oecd-crs-energy-idn-2022-q-2026-09-28-md-21315487,OECD.DCD.FSD:DSD_CRS@DF_CRS(1.6),NZL,IDN,23260,11,60000,D01,C,Q,DD,21315487,USD,2022,0.041743,2024,A,6,6,Ministry of Foreign Affairs and Trade,2015000022,ACT-0A12172,Far East Asia,UMICs,60000,Private sector in provider country,10,ODA,110,Standard grant,1,ENERGY : NZAGED - GEOTHERMAL TA,Energy : NZAGED - Geothermal TA,New Zealand support for Accelerating Geothermal Development (NZAGED),,0,1,0,0,0,0,0,0,2,0,0,0.040100,,,3,,
oecd-crs-energy-idn-2022-q-2026-09-28-md-21315485,OECD.DCD.FSD:DSD_CRS@DF_CRS(1.6),NZL,IDN,23181,11,60000,D01,C,Q,DD,21315485,USD,2022,0.004638,2024,A,6,6,Ministry of Foreign Affairs and Trade,2015000022,ACT-0A12172,Far East Asia,UMICs,60000,Private sector in provider country,10,ODA,110,Standard grant,1,ENERGY : NZAGED - GEOTHERMAL TA,Energy : NZAGED - Geothermal TA,New Zealand support for Accelerating Geothermal Development (NZAGED),,0,1,0,0,0,0,0,0,2,0,0,0.004500,,,3,,
oecd-crs-energy-idn-2022-q-2026-09-28-md-21821514,OECD.DCD.FSD:DSD_CRS@DF_CRS(1.6),NZL,IDN,23260,11,60000,D01,D,Q,DD,21821514,USD,2022,0.371313,2024,A,6,6,Ministry of Foreign Affairs and Trade,2015000022,ACT-0A12172,Far East Asia,UMICs,60000,Private sector in provider country,10,ODA,110,Standard grant,1,ENERGY : NZAGED - GEOTHERMAL TA,Energy : NZAGED - Geothermal TA,New Zealand support for Accelerating Geothermal Development (NZAGED),,0,1,0,0,0,0,0,0,2,0,0,0.040100,,,3,,
oecd-crs-energy-idn-2022-q-2026-09-28-md-21821831,OECD.DCD.FSD:DSD_CRS@DF_CRS(1.6),NZL,IDN,23110,11,40000,B032,D,Q,DD,21821831,USD,2022,0.180439,2024,A,6,6,Ministry of Foreign Affairs and Trade,2021000125,ACT-0102685,Far East Asia,UMICs,40000,Global Green Growth Institute,10,ODA,110,Standard grant,1,ACCELERATE RENEWABLE ENERGY TRANSITION,,"Activity in support of Indonesia's NDCs, the SDGs and the related renewable energy targets",,0,2,0,0,0,0,0,0,2,0,0,,,,3,,
oecd-crs-energy-idn-2022-q-2026-09-28-md-21821773,OECD.DCD.FSD:DSD_CRS@DF_CRS(1.6),NZL,IDN,23110,11,60000,D02,D,Q,DD,21821773,USD,2022,0.024316,2024,A,6,6,Ministry of Foreign Affairs and Trade,2021000042,ACT-0102586,Far East Asia,UMICs,60000,Private sector in provider country,10,ODA,110,Standard grant,1,RENEWABLE ENERGY PROGRAMME RESOURCING,,The goal is to support the provision of a renewable energy technical advisory role and other support for resourcing needs,,0,2,0,0,0,0,0,0,2,1,0,,,,3,,
oecd-crs-energy-idn-2022-q-2026-09-28-md-21821775,OECD.DCD.FSD:DSD_CRS@DF_CRS(1.6),NZL,IDN,23260,11,60000,D02,D,Q,DD,21821775,USD,2022,0.048632,2024,A,6,6,Ministry of Foreign Affairs and Trade,2021000042,ACT-0102586,Far East Asia,UMICs,60000,Private sector in provider country,10,ODA,110,Standard grant,1,RENEWABLE ENERGY PROGRAMME RESOURCING,,The goal is to support the provision of a renewable energy technical advisory role and other support for resourcing needs,,0,2,0,0,0,0,0,0,2,1,0,,,,3,,
oecd-crs-energy-idn-2022-q-2026-09-28-md-21821774,OECD.DCD.FSD:DSD_CRS@DF_CRS(1.6),NZL,IDN,23181,11,60000,D02,D,Q,DD,21821774,USD,2022,0.024316,2024,A,6,6,Ministry of Foreign Affairs and Trade,2021000042,ACT-0102586,Far East Asia,UMICs,60000,Private sector in provider country,10,ODA,110,Standard grant,1,RENEWABLE ENERGY PROGRAMME RESOURCING,,The goal is to support the provision of a renewable energy technical advisory role and other support for resourcing needs,,0,2,0,0,0,0,0,0,2,1,0,,,,3,,
oecd-crs-energy-idn-2022-q-2026-09-28-md-21821483,OECD.DCD.FSD:DSD_CRS@DF_CRS(1.6),NZL,IDN,23260,11,50000,D02,D,Q,DD,21821483,USD,2022,0.603629,2024,A,6,6,Ministry of Foreign Affairs and Trade,2012000010,ACT-0A12573,Far East Asia,UMICs,50000,"University, college or other teaching institution, research institute or think-tank",10,ODA,110,Standard grant,1,INDONESIA: SUPPORTING GEOTHERMAL SECTOR TRAINING,Indonesia: Supporting Geothermal Sector Training,"This Activity will increase workforce skills and capability in geothermal energy through targeted support to cover all aspects of on-job and off-job training for geothermal trades, technicians and plant operators in Indonesia.",,0,1,0,0,0,0,0,0,1,0,0,,,,3,,
oecd-crs-energy-idn-2022-q-2026-09-28-md-21821552,OECD.DCD.FSD:DSD_CRS@DF_CRS(1.6),NZL,IDN,23181,11,60000,D01,D,Q,DD,21821552,USD,2022,0.238627,2024,A,6,6,Ministry of Foreign Affairs and Trade,2016000167,ACT-0A12366,Far East Asia,UMICs,60000,Private sector in provider country,10,ODA,110,Standard grant,1,THE MALUKU ACCESS TO ENERGY SUPPORT,The Maluku Access to Energy Support,"The Activity involves teaming up New Zealand technical assistance and programme/project management in cooperation with local Indonesian partners to build community and business engagement, knowledge and capacity to develop high quality and robust preliminary feasibility assessments, full feasibility assessments and business cases so to develop renewable energy resources faster.",,0,1,0,0,0,0,0,0,1,1,0,,,,3,,
oecd-crs-energy-idn-2022-q-2026-09-28-md-21821833,OECD.DCD.FSD:DSD_CRS@DF_CRS(1.6),NZL,IDN,23110,11,40000,B032,D,Q,DD,21821833,USD,2022,0.180439,2024,A,6,6,Ministry of Foreign Affairs and Trade,2021000125,ACT-0102685,Far East Asia,UMICs,40000,Global Green Growth Institute,10,ODA,110,Standard grant,1,ACCELERATE RENEWABLE ENERGY TRANSITION,,"Activity in support of Indonesia's NDCs, the SDGs and the related renewable energy targets",,0,2,0,0,0,0,0,0,2,0,0,,,,3,,
oecd-crs-energy-idn-2022-q-2026-09-28-md-21821551,OECD.DCD.FSD:DSD_CRS@DF_CRS(1.6),NZL,IDN,23110,11,60000,D01,D,Q,DD,21821551,USD,2022,0.556797,2024,A,6,6,Ministry of Foreign Affairs and Trade,2016000167,ACT-0A12366,Far East Asia,UMICs,60000,Private sector in provider country,10,ODA,110,Standard grant,1,THE MALUKU ACCESS TO ENERGY SUPPORT,The Maluku Access to Energy Support,"The Activity involves teaming up New Zealand technical assistance and programme/project management in cooperation with local Indonesian partners to build community and business engagement, knowledge and capacity to develop high quality and robust preliminary feasibility assessments, full feasibility assessments and business cases so to develop renewable energy resources faster.",,0,1,0,0,0,0,0,0,1,1,0,,,,3,,
oecd-crs-energy-idn-2022-q-2026-09-28-md-21821832,OECD.DCD.FSD:DSD_CRS@DF_CRS(1.6),NZL,IDN,23110,11,40000,B032,D,Q,DD,21821832,USD,2022,0.360878,2024,A,6,6,Ministry of Foreign Affairs and Trade,2021000125,ACT-0102685,Far East Asia,UMICs,40000,Global Green Growth Institute,10,ODA,110,Standard grant,1,ACCELERATE RENEWABLE ENERGY TRANSITION,,"Activity in support of Indonesia's NDCs, the SDGs and the related renewable energy targets",,0,2,0,0,0,0,0,0,2,0,0,,,,3,,
oecd-crs-energy-idn-2022-q-2026-09-28-md-21315743,OECD.DCD.FSD:DSD_CRS@DF_CRS(1.6),NZL,IDN,23210,11,40000,B03,C,Q,DD,21315743,USD,2022,0.03225,2024,A,6,6,Ministry of Foreign Affairs and Trade,2022000002i,ACT-0103082,Far East Asia,UMICs,40000,Asian Development Bank,10,ODA,110,Standard grant,1,ENERGY TRANSITION MECHANISM IN INDONESIA,,"The Asian Development Bank (ADB) led Energy Transition Mechanism (ETM) presents a solution to achieve the aspirational targets of South East Asian nations to mitigate climate change. The ETM is a new initiative in which blended finance is used to accelerate the retirement or repurposing of coal-fired power plants (CFPPs) to replace them with cleaner, more renewable sources of energy. ADB believes the ETM has the potential to be one of the biggest carbon reduction programmes in the world.",,1,2,1,0,0,0,0,0,2,1,0,,0.031000,,1,,
oecd-crs-energy-idn-2022-q-2026-09-28-md-21821863,OECD.DCD.FSD:DSD_CRS@DF_CRS(1.6),NZL,IDN,23210,11,40000,B03,D,Q,DD,21821863,USD,2022,0.030278,2024,A,6,6,Ministry of Foreign Affairs and Trade,2022000002i,ACT-0103082,Far East Asia,UMICs,40000,Asian Development Bank,10,ODA,110,Standard grant,1,ENERGY TRANSITION MECHANISM IN INDONESIA,,"The Asian Development Bank (ADB) led Energy Transition Mechanism (ETM) presents a solution to achieve the aspirational targets of South East Asian nations to mitigate climate change. The ETM is a new initiative in which blended finance is used to accelerate the retirement or repurposing of coal-fired power plants (CFPPs) to replace them with cleaner, more renewable sources of energy. ADB believes the ETM has the potential to be one of the biggest carbon reduction programmes in the world.",,1,2,1,0,0,0,0,0,2,1,0,,0.031000,,1,,
oecd-crs-energy-idn-2022-q-2026-09-28-md-21044238,OECD.DCD.FSD:DSD_CRS@DF_CRS(1.6),KOR,IDN,23630,14,60000,C01,D,Q,DD,21044238,USD,2022,37.726322,2024,A,6,6,Export-Import Bank of Korea,2020003027,170197B020300,Far East Asia,UMICs,60000,,21,Non-export credit OOF,421,Standard loan,1,-,-,-,,,,,,,,,,,,,0.000000,0.000000,0.000000,3,3,Non ODA PSI
oecd-crs-energy-idn-2022-q-2026-09-28-md-21274493,OECD.DCD.FSD:DSD_CRS@DF_CRS(1.6),KOR,IDN,23232,11,10000,C01,C,Q,DD,21274493,USD,2022,0.320582,2024,A,6,6,Ministry of Strategy and Finance,2022000031,1051000_2021_043_002,Far East Asia,UMICs,10000,Other public entities in donor country,10,ODA,110,Standard grant,1,22/23 ECONOMIC INNOVATION PARTNERSHIP PROGRAM WITH INDONESIA,22/23 Economic Innovation Partnership Program with Indonesia,"The continuation of EIPP collaboration between the Government of Indonesia and the Government of Korea towards Phase 3 will be conducted in order to learn and understand further the best practices of South Korean on Planning, Economic Development Strategies, Strategic for regional development cooperation and connectedness, project preparation for the infrastructure.",8,0,1,0,0,1,0,0,1,1,1,0,0.000000,0.318800,0.000000,1,,
oecd-crs-energy-idn-2022-q-2026-09-28-md-21781945,OECD.DCD.FSD:DSD_CRS@DF_CRS(1.6),KOR,IDN,23232,11,10000,C01,D,Q,DD,21781945,USD,2022,0.320582,2024,A,6,6,Ministry of Strategy and Finance,2022000031,1051000_2021_043_002,Far East Asia,UMICs,10000,Other public entities in donor country,10,ODA,110,Standard grant,1,22/23 ECONOMIC INNOVATION PARTNERSHIP PROGRAM WITH INDONESIA,22/23 Economic Innovation Partnership Program with Indonesia,"The continuation of EIPP collaboration between the Government of Indonesia and the Government of Korea towards Phase 3 will be conducted in order to learn and understand further the best practices of South Korean on Planning, Economic Development Strategies, Strategic for regional development cooperation and connectedness, project preparation for the infrastructure.",8,0,1,0,0,1,0,0,1,1,1,0,0.000000,0.318800,0.000000,1,,
oecd-crs-energy-idn-2022-q-2026-09-28-md-21274597,OECD.DCD.FSD:DSD_CRS@DF_CRS(1.6),KOR,IDN,23110,13,10000,A02,C,Q,DD,21274597,USD,2022,60.342806,2024,A,6,6,Export-Import Bank of Korea,2022000675,21ED00001,Far East Asia,UMICs,10000,Recipient Government,10,ODA,421,Standard loan,1,SUSTAINABLE AND INCLUSIVE ENERGY PROGRAM SUBPROGRAM 3,Sustainable and Inclusive Energy Program Subprogram 3,"To support the Government of Indonesia's energy sector reform through (i) improving fiscal sustainability and governance, (ii) expanding private investment, and (iii) promoting the deployment of clean and efficient energy options",7.b;7.a;7.3;7.2;7.1,1,2,2,0,0,0,0,0,2,2,0,0.000000,60.000000,0.000000,1,,
oecd-crs-energy-idn-2022-q-2026-09-28-md-21276410,OECD.DCD.FSD:DSD_CRS@DF_CRS(1.6),KOR,IDN,23210,11,10000,C01,C,Q,DD,21276410,USD,2022,0.01947,2024,A,6,6,Miscellaneous,2022000329,GRP_0000211759,Far East Asia,UMICs,10000,Other public entities in donor country,10,ODA,110,Standard grant,1,PRE-FEASIBILITY STUDY FOR ENHANCEMENT OF AN INDUSTRIAL TECH-FOUNDATION FOR KOREA-INDONESIA CLEAN ENERGY INDUSTRY COOPERATION,Pre-Feasibility Study for Enhancement of an Industrial tech-foundation for Korea-Indonesia clean energy industry cooperation,Pre-Feasibility Study for Enhancement of an Industrial tech-foundation for Korea-Indonesia clean energy industry cooperation,9,0,1,0,0,0,0,0,0,1,0,,0.000000,0.019400,0.000000,8,,
oecd-crs-energy-idn-2022-q-2026-09-28-md-21781464,OECD.DCD.FSD:DSD_CRS@DF_CRS(1.6),KOR,IDN,23210,11,10000,C01,D,Q,DD,21781464,USD,2022,0.01947,2024,A,6,6,Miscellaneous,2022000307,GRP_0000211777,Far East Asia,UMICs,10000,Other public entities in donor country,10,ODA,110,Standard grant,1,PRE-FEASIBILITY STUDY FOR ENERGY STAND-ALONE VILLAGES USING MICRO-HYDRO BASED MG IN INDONESIA,Pre-Feasibility Study for Energy stand-alone villages using micro-hydro based MG in Indonesia,Pre-Feasibility Study for Energy stand-alone villages using micro-hydro based MG in Indonesia,7.b,0,2,0,0,0,0,0,0,2,0,0,0.000000,0.019400,0.000000,8,,
oecd-crs-energy-idn-2022-q-2026-09-28-md-21276393,OECD.DCD.FSD:DSD_CRS@DF_CRS(1.6),KOR,IDN,23210,11,10000,C01,C,Q,DD,21276393,USD,2022,0.056461,2024,A,6,6,Miscellaneous,2022000312,GRP_0000211772,Far East Asia,UMICs,10000,Other public entities in donor country,10,ODA,110,Standard grant,1,"FEASIBILITY STUDY FOR CONSTRUCTION OF GREEN HYDROGEN AND AMMONIA PRODUCTION FACILITIES IN NORTH SUMATRA, INDONESIA","Feasibility Study for Construction of Green Hydrogen and Ammonia Production Facilities in North Sumatra, Indonesia","Feasibility Study for Construction of Green Hydrogen and Ammonia Production Facilities in North Sumatra, Indonesia",9,0,2,0,0,0,0,0,0,2,0,,0.000000,0.056100,0.000000,8,,
oecd-crs-energy-idn-2022-q-2026-09-28-md-21276402,OECD.DCD.FSD:DSD_CRS@DF_CRS(1.6),KOR,IDN,23210,11,10000,C01,C,Q,DD,21276402,USD,2022,0.042832,2024,A,6,6,Miscellaneous,2022000321,GRP_0000211761,Far East Asia,UMICs,10000,Other public entities in donor country,10,ODA,110,Standard grant,1,FEASIBILITY STUDY FOR ENHANCEMENT OF AN INDUSTRIAL TECH-FOUNDATION FOR KOREA-INDONESIA CLEAN ENERGY INDUSTRY COOPERATION,Feasibility Study for Enhancement of an Industrial tech-foundation for Korea-Indonesia clean energy industry cooperation,Feasibility Study for Enhancement of an Industrial tech-foundation for Korea-Indonesia clean energy industry cooperation,9,0,1,0,0,0,0,0,0,1,0,,0.000000,0.042600,0.000000,8,,
oecd-crs-energy-idn-2022-q-2026-09-28-md-21276388,OECD.DCD.FSD:DSD_CRS@DF_CRS(1.6),KOR,IDN,23210,11,10000,C01,C,Q,DD,21276388,USD,2022,0.01947,2024,A,6,6,Miscellaneous,2022000307,GRP_0000211777,Far East Asia,UMICs,10000,Other public entities in donor country,10,ODA,110,Standard grant,1,PRE-FEASIBILITY STUDY FOR ENERGY STAND-ALONE VILLAGES USING MICRO-HYDRO BASED MG IN INDONESIA,Pre-Feasibility Study for Energy stand-alone villages using micro-hydro based MG in Indonesia,Pre-Feasibility Study for Energy stand-alone villages using micro-hydro based MG in Indonesia,7.b,0,2,0,0,0,0,0,0,2,0,0,0.000000,0.019400,0.000000,8,,
oecd-crs-energy-idn-2022-q-2026-09-28-md-21276416,OECD.DCD.FSD:DSD_CRS@DF_CRS(1.6),KOR,IDN,23232,11,10000,C01,C,Q,DD,21276416,USD,2022,7.398339,2024,A,6,6,Miscellaneous,2022000335,1450000_2022_007,Far East Asia,UMICs,10000,Other public entities in donor country,10,ODA,110,Standard grant,1,INSTALLATION OF SOLAR CHARGED E-VEHICLE SYSTEM IN INDONESIA,Installation of solar charged e-vehicle system in Indonesia,Installation of solar charged e-vehicle system in Indonesia,9,0,1,0,0,0,0,0,0,1,0,0,0.000000,7.356300,0.000000,1,,
oecd-crs-energy-idn-2022-q-2026-09-28-md-21781486,OECD.DCD.FSD:DSD_CRS@DF_CRS(1.6),KOR,IDN,23210,11,10000,C01,D,Q,DD,21781486,USD,2022,0.01947,2024,A,6,6,Miscellaneous,2022000329,GRP_0000211759,Far East Asia,UMICs,10000,Other public entities in donor country,10,ODA,110,Standard grant,1,PRE-FEASIBILITY STUDY FOR ENHANCEMENT OF AN INDUSTRIAL TECH-FOUNDATION FOR KOREA-INDONESIA CLEAN ENERGY INDUSTRY COOPERATION,Pre-Feasibility Study for Enhancement of an Industrial tech-foundation for Korea-Indonesia clean energy industry cooperation,Pre-Feasibility Study for Enhancement of an Industrial tech-foundation for Korea-Indonesia clean energy industry cooperation,9,0,1,0,0,0,0,0,0,1,0,,0.000000,0.019400,0.000000,8,,
oecd-crs-energy-idn-2022-q-2026-09-28-md-21274480,OECD.DCD.FSD:DSD_CRS@DF_CRS(1.6),KOR,IDN,23360,11,10000,C01,C,Q,DD,21274480,USD,2022,0.086712,2024,A,6,6,Ministry of Strategy and Finance,2021000938,1051000_2021_043,Far East Asia,UMICs,10000,Other public entities in donor country,10,ODA,110,Standard grant,1,21/22 ECONOMIC INNOVATION PARTNERSHIP PROGRAM (EIPP) WITH INDONESIA,21/22 Economic Innovation Partnership Program (EIPP) with Indonesia,"Provide intensive advice on master plans, policies and strategic plans, laws and systems for relocating the capital to Indonesia, based on Korean experience",9;8;11,0,1,0,0,1,0,0,1,1,1,0,0.086200,0.000000,0.000000,3,,
oecd-crs-energy-idn-2022-q-2026-09-28-md-21781929,OECD.DCD.FSD:DSD_CRS@DF_CRS(1.6),KOR,IDN,23360,11,10000,C01,D,Q,DD,21781929,USD,2022,0.11604,2024,A,6,6,Ministry of Strategy and Finance,2021000938,1051000_2021_043,Far East Asia,UMICs,10000,Other public entities in donor country,10,ODA,110,Standard grant,1,21/22 ECONOMIC INNOVATION PARTNERSHIP PROGRAM (EIPP) WITH INDONESIA,21/22 Economic Innovation Partnership Program (EIPP) with Indonesia,"Provide intensive advice on master plans, policies and strategic plans, laws and systems for relocating the capital to Indonesia, based on Korean experience",9;8;11,0,1,0,0,1,0,0,1,1,1,0,0.086200,0.000000,0.000000,3,,
oecd-crs-energy-idn-2022-q-2026-09-28-md-21780472,OECD.DCD.FSD:DSD_CRS@DF_CRS(1.6),KOR,IDN,23110,11,10000,C01,D,Q,DD,21780472,USD,2022,0.186906,2024,A,6,6,Miscellaneous,2021000717,1450000_2021_038,Far East Asia,UMICs,10000,Other public entities in donor country,10,ODA,110,Standard grant,1,ENERGY POLICY CONSULTING PROJECTS(ESTABLISHMENT OF INDONESIA E-VEHICLE MASTER PLAN USING SOLAR POWER UTILIZATION),Energy Policy Consulting Projects(Establishment of Indonesia e-vehicle Master Plan Using Solar Power Utilization),? Establishment of Indonesia's e-vehicle Master Plan? Policy Consultation and Capacity building of GHG mitigation,13.3,,1,,,,,,,1,0,,0.000000,0.000000,0.000000,3,,
oecd-crs-energy-idn-2022-q-2026-09-28-md-21778730,OECD.DCD.FSD:DSD_CRS@DF_CRS(1.6),KOR,IDN,23642,11,30000,C01,D,Q,DD,21778730,USD,2022,0.052002,2024,A,6,6,Korea International Cooperation Agency,2021019511,2021070103358,Far East Asia,UMICs,30000,Public-Private Partnerships (PPP),10,ODA,110,Standard grant,1,GREEN MOBILITY BUSINESS BY CONVERTING INDONESIAN PETROL-POWERED MOTORCYCLES INTO ELECTRIC ONES AND IMPROVING VIETNAMESE ELECTRIC MOTORCYCLES,Green mobility business by converting Indonesian petrol-powered motorcycles into electric ones and improving Vietnamese electric motorcycles,"To address this problem by converting petrol-powered motorcycles into electric ones and installing charging stations for them. In addition, improving the performance of existing electric motorcycles can be made possible by replacing the controllers with those of BlueWing Motors. Attaching GPSs to converted motorcycles allows the company to earn credits for carbon trading, giving rise to a chance to partner with major companies in the Social Impact aspect.",7.1;13.3,0,2,0,0,0,,,0,2,0,0,0.000000,0.000000,0.000000,3,,
oecd-crs-energy-idn-2022-q-2026-09-28-md-21009496,OECD.DCD.FSD:DSD_CRS@DF_CRS(1.6),KOR,IDN,23210,11,30000,C01,D,Q,DD,21009496,USD,2022,0.014061,2024,A,6,6,Korea International Cooperation Agency,2020001490,2020070100266,Far East Asia,UMICs,30000,Public-Private Partnerships (PPP),10,ODA,110,Standard grant,1,DEVELOPMENT OF RENEWABLE ENERGY PROJECT IN REMOTE AREA BY USING CROWDFUNDING PLATFORM,Development of renewable energy project in remote area by using crowdfunding platform,"Contributing to the improvement of rural electrification, the prosperity of the local community, and the strengthening of the energy technology capacity of developing countries in remote areas",7.2;7.1,0,1,0,0,0,,,0,1,0,0,0.000000,0.000000,0.000000,3,,
oecd-crs-energy-idn-2022-q-2026-09-28-md-21275854,OECD.DCD.FSD:DSD_CRS@DF_CRS(1.6),KOR,IDN,23181,11,10000,E01,C,Q,DD,21275854,USD,2022,0.004051,2024,A,6,6,Korea International Cooperation Agency,2021018691,2021040102098,Far East Asia,UMICs,10000,Other public entities in donor country,10,ODA,110,Standard grant,1,MASTERS DEGREE PROGRAM IN ENERGY SCIENCE AND POLICY(2021),Masters degree program in Energy Science and Policy(2021),To educate governmental officials of developing countries in the areas of energy science and policy in order to enhance their comprehensive competency for nurturing start-ups,7.b;13.3,0,1,0,0,0,,,0,1,0,0,0.004000,0.000000,0.000000,3,,
oecd-crs-energy-idn-2022-q-2026-09-28-md-21035742,OECD.DCD.FSD:DSD_CRS@DF_CRS(1.6),5ASDB01,IDN,23260,14,10000,C01,D,Q,DD,21035742,USD,2022,68.631601,2024,A,6,6,Asian Development Bank,2022000848,LN3928-INO,Far East Asia,UMICs,10000,Recipient Government,21,Non-export credit OOF,421,Standard loan,4,GEOTHERMAL POWER GENERATION PROJECT,Geothermal Power Generation Project,"The project will support expansion of Indonesia'?s geothermal generating capacity to contribute to the sustainability and sufficiency of the electricity system, aligned with Sustainable Development Goal 7: access to affordable, reliable, sustainable and modern energy for all. The project will support GDE, a state-owned geothermal company focused on exploration and development of geothermal resources, to commission an additional 100 megawatts (MW) of geothermal electricity generating capacity?55 MW at the Dieng geothermal field in Central Java and 55 MW at the Patuha geothermal field in West Java.",7.2;13.a,1,,,,,,,,,,,,,,3,,
oecd-crs-energy-idn-2022-q-2026-09-28-md-21035944,OECD.DCD.FSD:DSD_CRS@DF_CRS(1.6),5ASDB01,IDN,23630,14,10000,C01,D,Q,DD,21035944,USD,2022,161.243075,2024,A,6,6,Asian Development Bank,2022000923,LN4164-INO,Far East Asia,UMICs,10000,Recipient Government,21,Non-export credit OOF,421,Standard loan,4,SUSTAINABLE AND RELIABLE ENERGY ACCESS PROGRAM - WESTERN AND CENTRAL JAVA,Sustainable and Reliable Energy Access Program - Western and Central Java,"$600 million results-based loan to help state-owned power company Perusahaan Listrik Negara (PLN) provide affordable, sustainable, and reliable electricity to about 112 million people living in the western and central parts of Java island while also promoting the use of clean energy.",7.1;13.a;12.8;10.1,1,,,,,,,,,,,,,,3,,
oecd-crs-energy-idn-2022-q-2026-09-28-md-21783286,OECD.DCD.FSD:DSD_CRS@DF_CRS(1.6),KOR,IDN,23181,11,10000,E01,D,Q,DD,21783286,USD,2022,0.003545,2024,A,6,6,Korea International Cooperation Agency,2021018691,2021040102098,Far East Asia,UMICs,10000,Other public entities in donor country,10,ODA,110,Standard grant,1,MASTERS DEGREE PROGRAM IN ENERGY SCIENCE AND POLICY(2021),Masters degree program in Energy Science and Policy(2021),To educate governmental officials of developing countries in the areas of energy science and policy in order to enhance their comprehensive competency for nurturing start-ups,7.b;13.3,0,1,0,0,0,,,0,1,0,0,0.004000,0.000000,0.000000,3,,
oecd-crs-energy-idn-2022-q-2026-09-28-md-21780159,OECD.DCD.FSD:DSD_CRS@DF_CRS(1.6),KOR,IDN,23110,11,10000,E01,D,Q,DD,21780159,USD,2022,0.022873,2024,A,6,6,Korea International Cooperation Agency,2022001140,2022040102565,Far East Asia,UMICs,10000,Other public entities in donor country,10,ODA,110,Standard grant,1,MASTERS DEGREE PROGRAM IN ENERGY SCIENCE AND POLICY(2022),Masters degree program in Energy Science and Policy(2022),To educate governmental officials of developing countries in the areas of energy science and policy in order to enhance their comprehensive competency for nurturing start-ups,7.b,1,1,0,0,0,,,0,1,0,0,0.026000,0.000000,0.000000,1,,
oecd-crs-energy-idn-2022-q-2026-09-28-md-21782878,OECD.DCD.FSD:DSD_CRS@DF_CRS(1.6),KOR,IDN,23230,11,40000,C01,D,Q,DD,21782878,USD,2022,0.890597,2024,A,6,6,Korea International Cooperation Agency,2020002025,2020010100102,Far East Asia,UMICs,40000,United Nations Development Programme ,10,ODA,110,Standard grant,8,ACCERLERATING CLEAN ENERGY ACCESS TO REDUCE INEQUALITY - ACCESS,Accerlerating Clean Energy Access to Reduce Inequality - ACCESS,Localize implementation of SDGs No.7 Affordable & Clean Energy through provision of access to renewable-based electricity.,7.2;7.1,2,2,1,0,0,,,0,2,0,0,0.000000,0.000000,0.000000,3,,
oecd-crs-energy-idn-2022-q-2026-09-28-md-21779596,OECD.DCD.FSD:DSD_CRS@DF_CRS(1.6),KOR,IDN,23360,11,10000,C01,D,Q,DD,21779596,USD,2022,0.389386,2024,A,6,6,Miscellaneous,2021000331,1721000_2019_021,Far East Asia,UMICs,10000,Other public entities in donor country,10,ODA,110,Standard grant,1,"SCIENCE&TECHNOLOGY SUPPORT PROGRAM : S&T INNOVATION CENTER SUPPORT PROJECT(INDONESIA, ESTABLISHMENT OF GREEN TECH PARTNERSHIP INITIATIVE IN INDONESIA)","Science&Technology support program : S&T Innovation Center Support Project(Indonesia, Establishment of Green Tech Partnership Initiative in Indonesia)",The primary purpose of this project is to establish a global appropriate technology center to install a Low-carbon Integrated Solid Waste Management (ISWM) System in Indonesia.,13,0,1,0,0,0,0,0,0,1,0,0,0.000000,0.000000,0.000000,3,,
oecd-crs-energy-idn-2022-q-2026-09-28-md-21781492,OECD.DCD.FSD:DSD_CRS@DF_CRS(1.6),KOR,IDN,23232,11,10000,C01,D,Q,DD,21781492,USD,2022,1.590254,2024,A,6,6,Miscellaneous,2022000335,1450000_2022_007,Far East Asia,UMICs,10000,Other public entities in donor country,10,ODA,110,Standard grant,1,INSTALLATION OF SOLAR CHARGED E-VEHICLE SYSTEM IN INDONESIA,Installation of solar charged e-vehicle system in Indonesia,Installation of solar charged e-vehicle system in Indonesia,9,0,1,0,0,0,0,0,0,1,0,0,0.000000,7.356300,0.000000,1,,
oecd-crs-energy-idn-2022-q-2026-09-28-md-21781469,OECD.DCD.FSD:DSD_CRS@DF_CRS(1.6),KOR,IDN,23210,11,10000,C01,D,Q,DD,21781469,USD,2022,0.056461,2024,A,6,6,Miscellaneous,2022000312,GRP_0000211772,Far East Asia,UMICs,10000,Other public entities in donor country,10,ODA,110,Standard grant,1,"FEASIBILITY STUDY FOR CONSTRUCTION OF GREEN HYDROGEN AND AMMONIA PRODUCTION FACILITIES IN NORTH SUMATRA, INDONESIA","Feasibility Study for Construction of Green Hydrogen and Ammonia Production Facilities in North Sumatra, Indonesia","Feasibility Study for Construction of Green Hydrogen and Ammonia Production Facilities in North Sumatra, Indonesia",9,0,2,0,0,0,0,0,0,2,0,,0.000000,0.056100,0.000000,8,,
oecd-crs-energy-idn-2022-q-2026-09-28-md-21781478,OECD.DCD.FSD:DSD_CRS@DF_CRS(1.6),KOR,IDN,23210,11,10000,C01,D,Q,DD,21781478,USD,2022,0.042832,2024,A,6,6,Miscellaneous,2022000321,GRP_0000211761,Far East Asia,UMICs,10000,Other public entities in donor country,10,ODA,110,Standard grant,1,FEASIBILITY STUDY FOR ENHANCEMENT OF AN INDUSTRIAL TECH-FOUNDATION FOR KOREA-INDONESIA CLEAN ENERGY INDUSTRY COOPERATION,Feasibility Study for Enhancement of an Industrial tech-foundation for Korea-Indonesia clean energy industry cooperation,Feasibility Study for Enhancement of an Industrial tech-foundation for Korea-Indonesia clean energy industry cooperation,9,0,1,0,0,0,0,0,0,1,0,,0.000000,0.042600,0.000000,8,,
oecd-crs-energy-idn-2022-q-2026-09-28-md-21823721,OECD.DCD.FSD:DSD_CRS@DF_CRS(1.6),JPN,IDN,23210,11,10000,C01,D,Q,DD,21823721,USD,2022,0.015556,2024,A,6,6,Japanese International Co-operation Agency,2022950014,,Far East Asia,UMICs,10000,Recipient Government,10,ODA,110,Standard grant,1,TC AGGREGATED ACTIVITIES,TC AGGREGATED ACTIVITIES,TC AGGREGATED ACTIVITIES,7;13,,2,0,0,0,0,0,0,1,0,0,,,,1,,
oecd-crs-energy-idn-2022-q-2026-09-28-md-21329408,OECD.DCD.FSD:DSD_CRS@DF_CRS(1.6),JPN,IDN,23210,11,10000,C01,C,Q,DD,21329408,USD,2022,0.055224,2024,A,6,6,Japanese International Co-operation Agency,2022961886,,Far East Asia,UMICs,10000,Recipient Government,10,ODA,110,Standard grant,1,TC AGGREGATED ACTIVITIES,TC AGGREGATED ACTIVITIES,TC AGGREGATED ACTIVITIES,7;13,,2,0,0,0,0,0,0,2,0,0,,,,1,,
oecd-crs-energy-idn-2022-q-2026-09-28-md-21834107,OECD.DCD.FSD:DSD_CRS@DF_CRS(1.6),JPN,IDN,23210,11,10000,C01,D,Q,DD,21834107,USD,2022,0.055224,2024,A,6,6,Japanese International Co-operation Agency,2022961886,,Far East Asia,UMICs,10000,Recipient Government,10,ODA,110,Standard grant,1,TC AGGREGATED ACTIVITIES,TC AGGREGATED ACTIVITIES,TC AGGREGATED ACTIVITIES,7;13,,2,0,0,0,0,0,0,2,0,0,,,,1,,
oecd-crs-energy-idn-2022-q-2026-09-28-md-21322652,OECD.DCD.FSD:DSD_CRS@DF_CRS(1.6),JPN,IDN,23210,11,10000,C01,C,Q,DD,21322652,USD,2022,0.881359,2024,A,6,6,Japanese International Co-operation Agency,2022952520,,Far East Asia,UMICs,10000,Recipient Government,10,ODA,110,Standard grant,1,TC AGGREGATED ACTIVITIES,TC AGGREGATED ACTIVITIES,TC AGGREGATED ACTIVITIES,7;13,,1,0,0,0,0,0,0,2,0,0,,,,1,,
oecd-crs-energy-idn-2022-q-2026-09-28-md-21314551,OECD.DCD.FSD:DSD_CRS@DF_CRS(1.6),JPN,IDN,23210,11,10000,C01,C,Q,DD,21314551,USD,2022,0.015556,2024,A,6,6,Japanese International Co-operation Agency,2022950014,,Far East Asia,UMICs,10000,Recipient Government,10,ODA,110,Standard grant,1,TC AGGREGATED ACTIVITIES,TC AGGREGATED ACTIVITIES,TC AGGREGATED ACTIVITIES,7;13,,2,0,0,0,0,0,0,1,0,0,,,,1,,
oecd-crs-energy-idn-2022-q-2026-09-28-md-21826765,OECD.DCD.FSD:DSD_CRS@DF_CRS(1.6),JPN,IDN,23210,11,10000,C01,D,Q,DD,21826765,USD,2022,0.881359,2024,A,6,6,Japanese International Co-operation Agency,2022952520,,Far East Asia,UMICs,10000,Recipient Government,10,ODA,110,Standard grant,1,TC AGGREGATED ACTIVITIES,TC AGGREGATED ACTIVITIES,TC AGGREGATED ACTIVITIES,7;13,,1,0,0,0,0,0,0,2,0,0,,,,1,,
oecd-crs-energy-idn-2022-q-2026-09-28-md-21324391,OECD.DCD.FSD:DSD_CRS@DF_CRS(1.6),JPN,IDN,23110,11,10000,C01,C,Q,DD,21324391,USD,2022,0.037494,2024,A,6,6,Japanese International Co-operation Agency,2022955169,,Far East Asia,UMICs,10000,Recipient Government,10,ODA,110,Standard grant,1,TC AGGREGATED ACTIVITIES,TC AGGREGATED ACTIVITIES,TC AGGREGATED ACTIVITIES,7;13,,0,0,0,0,0,0,0,0,0,0,,,,1,,
oecd-crs-energy-idn-2022-q-2026-09-28-md-21831760,OECD.DCD.FSD:DSD_CRS@DF_CRS(1.6),JPN,IDN,23110,11,10000,C01,D,Q,DD,21831760,USD,2022,0.037494,2024,A,6,6,Japanese International Co-operation Agency,2022955169,,Far East Asia,UMICs,10000,Recipient Government,10,ODA,110,Standard grant,1,TC AGGREGATED ACTIVITIES,TC AGGREGATED ACTIVITIES,TC AGGREGATED ACTIVITIES,7;13,,0,0,0,0,0,0,0,0,0,0,,,,1,,
oecd-crs-energy-idn-2022-q-2026-09-28-md-21826864,OECD.DCD.FSD:DSD_CRS@DF_CRS(1.6),JPN,IDN,23210,11,10000,C01,D,Q,DD,21826864,USD,2022,0.091683,2024,A,6,6,Japanese International Co-operation Agency,2022952628,,Far East Asia,UMICs,10000,Recipient Government,10,ODA,110,Standard grant,1,TC AGGREGATED ACTIVITIES,TC AGGREGATED ACTIVITIES,TC AGGREGATED ACTIVITIES,7;13,,1,,,,0,,,2,1,,,,,1,,
oecd-crs-energy-idn-2022-q-2026-09-28-md-21322961,OECD.DCD.FSD:DSD_CRS@DF_CRS(1.6),JPN,IDN,23210,11,10000,C01,C,Q,DD,21322961,USD,2022,0.091683,2024,A,6,6,Japanese International Co-operation Agency,2022952628,,Far East Asia,UMICs,10000,Recipient Government,10,ODA,110,Standard grant,1,TC AGGREGATED ACTIVITIES,TC AGGREGATED ACTIVITIES,TC AGGREGATED ACTIVITIES,7;13,,1,,,,0,,,2,1,,,,,1,,
oecd-crs-energy-idn-2022-q-2026-09-28-md-21830316,OECD.DCD.FSD:DSD_CRS@DF_CRS(1.6),JPN,IDN,23210,11,10000,C01,D,Q,DD,21830316,USD,2022,0.019672,2024,A,6,6,Japanese International Co-operation Agency,2022960789,,Far East Asia,UMICs,10000,Recipient Government,10,ODA,110,Standard grant,1,TC AGGREGATED ACTIVITIES,TC AGGREGATED ACTIVITIES,TC AGGREGATED ACTIVITIES,7;13,,2,,,,0,,,2,0,,,,,1,,
oecd-crs-energy-idn-2022-q-2026-09-28-md-21326636,OECD.DCD.FSD:DSD_CRS@DF_CRS(1.6),JPN,IDN,23210,11,10000,C01,C,Q,DD,21326636,USD,2022,0.540232,2024,A,6,6,Japanese International Co-operation Agency,2022955594,,Far East Asia,UMICs,10000,Recipient Government,10,ODA,110,Standard grant,1,TC AGGREGATED ACTIVITIES,TC AGGREGATED ACTIVITIES,TC AGGREGATED ACTIVITIES,7;13,,2,,,,0,,,2,0,,,,,1,,
oecd-crs-energy-idn-2022-q-2026-09-28-md-21318930,OECD.DCD.FSD:DSD_CRS@DF_CRS(1.6),JPN,IDN,23210,11,10000,C01,C,Q,DD,21318930,USD,2022,0.006715,2024,A,6,6,Japanese International Co-operation Agency,2022954161,,Far East Asia,UMICs,10000,Recipient Government,10,ODA,110,Standard grant,1,TC AGGREGATED ACTIVITIES,TC AGGREGATED ACTIVITIES,TC AGGREGATED ACTIVITIES,7;13,,1,,,,0,,,2,0,,,,,1,,
oecd-crs-energy-idn-2022-q-2026-09-28-md-21828072,OECD.DCD.FSD:DSD_CRS@DF_CRS(1.6),JPN,IDN,23210,11,10000,C01,D,Q,DD,21828072,USD,2022,0.006715,2024,A,6,6,Japanese International Co-operation Agency,2022954161,,Far East Asia,UMICs,10000,Recipient Government,10,ODA,110,Standard grant,1,TC AGGREGATED ACTIVITIES,TC AGGREGATED ACTIVITIES,TC AGGREGATED ACTIVITIES,7;13,,1,,,,0,,,2,0,,,,,1,,
oecd-crs-energy-idn-2022-q-2026-09-28-md-21327089,OECD.DCD.FSD:DSD_CRS@DF_CRS(1.6),JPN,IDN,23210,11,10000,C01,C,Q,DD,21327089,USD,2022,0.019672,2024,A,6,6,Japanese International Co-operation Agency,2022960789,,Far East Asia,UMICs,10000,Recipient Government,10,ODA,110,Standard grant,1,TC AGGREGATED ACTIVITIES,TC AGGREGATED ACTIVITIES,TC AGGREGATED ACTIVITIES,7;13,,2,,,,0,,,2,0,,,,,1,,
oecd-crs-energy-idn-2022-q-2026-09-28-md-21835054,OECD.DCD.FSD:DSD_CRS@DF_CRS(1.6),JPN,IDN,23210,11,10000,C01,D,Q,DD,21835054,USD,2022,0.540232,2024,A,6,6,Japanese International Co-operation Agency,2022955594,,Far East Asia,UMICs,10000,Recipient Government,10,ODA,110,Standard grant,1,TC AGGREGATED ACTIVITIES,TC AGGREGATED ACTIVITIES,TC AGGREGATED ACTIVITIES,7;13,,2,,,,0,,,2,0,,,,,1,,
oecd-crs-energy-idn-2022-q-2026-09-28-md-21328666,OECD.DCD.FSD:DSD_CRS@DF_CRS(1.6),JPN,IDN,23110,11,10000,C01,C,Q,DD,21328666,USD,2022,0.012097,2024,A,6,6,Japanese International Co-operation Agency,2022958272,,Far East Asia,UMICs,10000,Recipient Government,10,ODA,110,Standard grant,1,TC AGGREGATED ACTIVITIES,TC AGGREGATED ACTIVITIES,TC AGGREGATED ACTIVITIES,7;13,,,,,,,,,0,0,,,,,1,,
oecd-crs-energy-idn-2022-q-2026-09-28-md-21832789,OECD.DCD.FSD:DSD_CRS@DF_CRS(1.6),JPN,IDN,23110,11,10000,C01,D,Q,DD,21832789,USD,2022,0.012097,2024,A,6,6,Japanese International Co-operation Agency,2022958272,,Far East Asia,UMICs,10000,Recipient Government,10,ODA,110,Standard grant,1,TC AGGREGATED ACTIVITIES,TC AGGREGATED ACTIVITIES,TC AGGREGATED ACTIVITIES,7;13,,,,,,,,,0,0,,,,,1,,
oecd-crs-energy-idn-2022-q-2026-09-28-md-21832790,OECD.DCD.FSD:DSD_CRS@DF_CRS(1.6),JPN,IDN,23210,11,10000,C01,D,Q,DD,21832790,USD,2022,0.015824,2024,A,6,6,Japanese International Co-operation Agency,2022958273,,Far East Asia,UMICs,10000,Recipient Government,10,ODA,110,Standard grant,1,TC AGGREGATED ACTIVITIES,TC AGGREGATED ACTIVITIES,TC AGGREGATED ACTIVITIES,7;13,,,,,,,,,0,0,,,,,1,,
oecd-crs-energy-idn-2022-q-2026-09-28-md-21328667,OECD.DCD.FSD:DSD_CRS@DF_CRS(1.6),JPN,IDN,23210,11,10000,C01,C,Q,DD,21328667,USD,2022,0.015824,2024,A,6,6,Japanese International Co-operation Agency,2022958273,,Far East Asia,UMICs,10000,Recipient Government,10,ODA,110,Standard grant,1,TC AGGREGATED ACTIVITIES,TC AGGREGATED ACTIVITIES,TC AGGREGATED ACTIVITIES,7;13,,,,,,,,,0,0,,,,,1,,
oecd-crs-energy-idn-2022-q-2026-09-28-md-21330402,OECD.DCD.FSD:DSD_CRS@DF_CRS(1.6),JPN,IDN,23110,11,40000,B03,C,Q,DD,21330402,USD,2022,0.978353,2024,A,6,6,Ministry of Foreign Affairs,2022050141,,Far East Asia,UMICs,40000,United Nations Development Programme ,10,ODA,110,Standard grant,1,"LEVERAGING NDCS TO ACHIEVE NET-ZERO EMISSIONS AND CLIMATE-RESILIENT DEVELOPMENT, IN RESPONSE TO THE CLIMATE EMERGENCY","Leveraging NDCs to achieve net-zero emissions and climate-resilient development, in response to the climate emergency","To promote clean energy and net-zero pathways ,and to help vulnerable and fragile settings to be more resilient to climate impacts.",13;1,0,0,,0,0,0,0,0,0,0,0,,1.050800,,8,,
oecd-crs-energy-idn-2022-q-2026-09-28-md-21838809,OECD.DCD.FSD:DSD_CRS@DF_CRS(1.6),JPN,IDN,23110,11,40000,B03,D,Q,DD,21838809,USD,2022,0.978353,2024,A,6,6,Ministry of Foreign Affairs,2022050141,,Far East Asia,UMICs,40000,United Nations Development Programme ,10,ODA,110,Standard grant,1,"LEVERAGING NDCS TO ACHIEVE NET-ZERO EMISSIONS AND CLIMATE-RESILIENT DEVELOPMENT, IN RESPONSE TO THE CLIMATE EMERGENCY","Leveraging NDCs to achieve net-zero emissions and climate-resilient development, in response to the climate emergency","To promote clean energy and net-zero pathways ,and to help vulnerable and fragile settings to be more resilient to climate impacts.",13;1,0,0,,0,0,0,0,0,0,0,0,,1.050800,,8,,
oecd-crs-energy-idn-2022-q-2026-09-28-md-21837973,OECD.DCD.FSD:DSD_CRS@DF_CRS(1.6),JPN,IDN,23220,13,10000,C01,D,Q,DD,21837973,USD,2022,55.397708,2024,A,6,6,Japanese International Co-operation Agency,2006003012,JICAIP-532,Far East Asia,UMICs,10000,Recipient Government,10,ODA,421,Standard loan,1,ASAHAN NO.3 HYDROELECTRIC POWER PLANT CONSTRUCTION PROJECT,Asahan No.3 Hydroelectric Power Plant Construction Project,Improving power supply,,0,1,0,,,,,0,0,0,0,,,,3,,
oecd-crs-energy-idn-2022-q-2026-09-28-md-21822887,OECD.DCD.FSD:DSD_CRS@DF_CRS(1.6),JPN,IDN,23260,13,10000,C01,D,Q,DD,21822887,USD,2022,0.415929,2024,A,6,6,Japanese International Co-operation Agency,2011003022,JICAIP-557,Far East Asia,UMICs,10000,Recipient Government,10,ODA,421,Standard loan,1,LUMUT BALAI GEOTHERMAL POWER PLANT PROJECT,Lumut Balai Geothermal Power Plant Project,To improve the power supply capacity,,0,1,0,,,,,0,2,0,0,,,,3,,
oecd-crs-energy-idn-2022-q-2026-09-28-md-21822882,OECD.DCD.FSD:DSD_CRS@DF_CRS(1.6),JPN,IDN,23260,13,10000,C01,D,Q,DD,21822882,USD,2022,15.77149,2024,A,6,6,Japanese International Co-operation Agency,2011003021,JICAIP-557,Far East Asia,UMICs,10000,Recipient Government,10,ODA,421,Standard loan,1,LUMUT BALAI GEOTHERMAL POWER PLANT PROJECT,Lumut Balai Geothermal Power Plant Project,To improve the power supply capacity,,0,1,0,,,,,0,2,0,0,,,,3,,
oecd-crs-energy-idn-2022-q-2026-09-28-md-21255979,OECD.DCD.FSD:DSD_CRS@DF_CRS(1.6),SWE,IDN,23630,11,10000,C01,C,Q,DD,21255979,USD,2022,0.619239,2024,A,6,6,SwedFund,2021221240A,68041,Far East Asia,UMICs,10000,Public corporations (recipient govt.),10,ODA,110,Standard grant,1,PQ JAVA,PQ Java,Aim  to increase the availability of renewable energy thereby stimulating job creation and reduce CO2 emissions,9;7;13,0,2,,,,,,,2,,,,0.593600,,3,,
oecd-crs-energy-idn-2022-q-2026-09-28-md-21751008,OECD.DCD.FSD:DSD_CRS@DF_CRS(1.6),SWE,IDN,23630,11,10000,C01,D,Q,DD,21751008,USD,2022,0.025905,2024,A,6,6,SwedFund,2021221240A,68041,Far East Asia,UMICs,10000,Public corporations (recipient govt.),10,ODA,110,Standard grant,1,PQ JAVA,PQ Java,Aim  to increase the availability of renewable energy thereby stimulating job creation and reduce CO2 emissions,9;7;13,0,2,,,,,,,2,,,,0.593600,,3,,
oecd-crs-energy-idn-2022-q-2026-09-28-md-20978972,OECD.DCD.FSD:DSD_CRS@DF_CRS(1.6),DEU,IDN,23210,11,10000,C01,D,Q,DD,20978972,USD,2022,0.001668,2024,A,6,6,Federal Ministry for Economic Cooperation and Development,2020001384,201521202,Far East Asia,UMICs,10000,Public corporations (donor govt.),10,ODA,110,Standard grant,1,1000 ISLANDS - RENEWABLE ENERGY FOR ELECTRIFIKATION PROGRAMME - REEP,1000 Islands - Renewable energy for electrifikation Programme - REEP,The Implementation of the political objectives for the expansion of renewable energies in local Island grids is demonstrated successfully,7;13,0,1,0,0,,,,0,2,0,0,0.000000,0.000000,,3,,
oecd-crs-energy-idn-2022-q-2026-09-28-md-20978978,OECD.DCD.FSD:DSD_CRS@DF_CRS(1.6),DEU,IDN,23210,11,10000,C01,D,Q,DD,20978978,USD,2022,1.749081,2024,A,6,6,Federal Ministry for Economic Cooperation and Development,2020001391,201921162,Far East Asia,UMICs,10000,Public corporations (donor govt.),10,ODA,110,Standard grant,1,1000 ISLANDS - RENEWABLE ENERGY FOR ELECTRIFIKATION PROGRAMME (REEP2) IN INDONESIA,1000 Islands - Renewable energy for electrifikation Programme (REEP2) in Indonesia,The Implementation of the political objectives for the expansion of renewable energies in local Island grids is demonstrated successfully,7;13,0,0,0,0,0,,,0,2,0,0,0.000000,0.000000,,3,,
oecd-crs-energy-idn-2022-q-2026-09-28-md-20972709,OECD.DCD.FSD:DSD_CRS@DF_CRS(1.6),DEU,IDN,23210,11,10000,C01,D,Q,DD,20972709,USD,2022,0.09169,2024,A,6,6,Federal Ministry for Economic Cooperation and Development,2022007084,2015.2118.6,Far East Asia,UMICs,10000,Central Government (donor govt.),10,ODA,110,Standard grant,1,INDONESIA - SUPPORT FOR THE UTILIZATION OF GEOTHERMAL ENERGY,Indonesia - Support for the Utilization of Geothermal Energy,"As part of the  Energy  development cooperation program, the TC measure is intended to contribute to the improved use of geothermal potential in Indonesia and thus promote electrification and the reduction of greenhouse gas emissions. The relevant state authorities are to be strengthened in the development of smaller, needs-based geothermal projects (<10 MW), which are currently neither in the focus of private developers nor actively funded by the state. The quality and quantity of data on the geothermal resource required for site development, which are provided by the Ministry of Energy and the subordinate Geological Agency, is to be improved in order to minimize the risk of exploration drilling. The project partner is the Ministry of Energy and Mineral Resources with its relevant departments and the Geological Agency, which is mandated with the preliminary exploration of geothermal sites.",7;13,0,0,1,0,0,,,0,2,0,0,0.000000,0.000000,,3,,
oecd-crs-energy-idn-2022-q-2026-09-28-md-20973614,OECD.DCD.FSD:DSD_CRS@DF_CRS(1.6),DEU,IDN,23210,11,10000,C01,D,Q,DD,20973614,USD,2022,0.499876,2024,A,6,6,Federal Ministry for Economic Cooperation and Development,2022007160,2019.2113.9_FV_95359,Far East Asia,UMICs,10000,Central Government (donor govt.),10,ODA,110,Standard grant,1,STRENGTHTENING QUALITY INFRASTRUCTURE FOR THE PHOTOVOLTAIC SECTOR INDONESIA,Strengthtening Quality Infrastructure for the Photovoltaic Sector Indonesia,"Module objective - Quality assurance in the photovoltaic (PV) sector has been improved in line with international good practices to support new and existing PV systems in Indonesia. Core issue - Quality aspects are not yet consistently taken into account and the necessary quality assurance services are not yet sufficiently provided and used to ensure the quality, safety and longevity of PV systems in Indonesia. Target groups - The target group are users of quality assurance services in the PV sector. Capacity building takes place especially in quality infrastructure institutions. Political partner - Ministry of Energy and Mineral Resources (ESDM). Methodological approach - The project follows a multi-level approach with emphasis on capacity development in quality infrastructure institutions (meso level). Instruments are long-term experts for project management, consultancy by short-term experts regarding processes and technical content as well as procurements of limited scope. Key outputs - 1. Institutions providing quality assurance services have strengthened their capacities to provide services relevant to the PV sector. 2. Decision-makers in relevant institutions are informed about quality infrastructure services and have a better understanding of their relevance. 3. The awareness of quality and quality assurance services has increased among actors in the PV sector.",7,0,1,1,0,0,,,0,1,1,0,0.000000,0.000000,,3,,
oecd-crs-energy-idn-2022-q-2026-09-28-md-20970879,OECD.DCD.FSD:DSD_CRS@DF_CRS(1.6),DEU,IDN,23182,11,60000,D02,D,Q,DD,20970879,USD,2022,0.00428,2024,A,6,6,"Federal Ministry of Research, Technology and Space",2022010717B,031B0912B,Far East Asia,UMICs,60000,Other non-financial corporations (in provider country),10,ODA,110,Standard grant,1,INTERNATIONAL COOPERATION IN PRODUCTION OF HEALTHY AND SAFE FOOD,International cooperation in production of healthy and safe food,"Bioeconomy International 2017: CARE - Towards Circular Indonesion AgricultuRE: Promoting Rice Husk-to-Electricity for clean rural eletrification Technical evaluations, sub-project 2 - Energy technologies and energy efficiency",9;7,0,2,0,0,0,,,0,0,0,1,0.000000,0.000000,,3,,
oecd-crs-energy-idn-2022-q-2026-09-28-md-20970878,OECD.DCD.FSD:DSD_CRS@DF_CRS(1.6),DEU,IDN,23182,11,50000,D02,D,Q,DD,20970878,USD,2022,0.368622,2024,A,6,6,"Federal Ministry of Research, Technology and Space",2022010717A,031B0912A,Far East Asia,UMICs,50000,"University, college or other teaching institution, research institute or think-tank",10,ODA,110,Standard grant,1,INTERNATIONAL COOPERATION IN PRODUCTION OF HEALTHY AND SAFE FOOD,International cooperation in production of healthy and safe food,"Bioeconomy International 2017: CARE - Towards Circular Indonesion AgricultuRE: Promoting Rice Husk-to-Electricity for clean rural eletrification Technical evaluations, sub-project 1: Technical evaluations and Innovation Acceptance - Energy technologies and energy efficiency",9;7,0,2,0,0,0,,,0,0,0,1,0.000000,0.000000,,3,,
oecd-crs-energy-idn-2022-q-2026-09-28-md-20970725,OECD.DCD.FSD:DSD_CRS@DF_CRS(1.6),DEU,IDN,23210,11,50000,D02,D,Q,DD,20970725,USD,2022,0.118277,2024,A,6,6,"Federal Ministry of Research, Technology and Space",2022010656A,03G0895A,Far East Asia,UMICs,50000,"University, college or other teaching institution, research institute or think-tank",10,ODA,110,Standard grant,1,IDENTIFYING AND COMBATING OIL/CHEMICAL POLLUTION OF THE SEA,Identifying and Combating Oil/Chemical Pollution of the Sea,SigN - System integration of low-temperature geothermal power plants - Energy technologies and energy efficiency,7,0,1,0,0,0,,,1,1,1,0,0.000000,0.000000,,3,,
oecd-crs-energy-idn-2022-q-2026-09-28-md-20963952,OECD.DCD.FSD:DSD_CRS@DF_CRS(1.6),DEU,IDN,23110,11,10000,C01,D,Q,DD,20963952,USD,2022,0.876157,2024,A,6,6,Federal Ministry for Economic Affairs and Energy,2022009346,18_I_332_IDN_G_ExploRE,Far East Asia,UMICs,10000,Public corporations (donor govt.),10,ODA,110,Standard grant,1,EXPLORE - STRATEGIC EXPLORATION OF ECONOMIC MITIGATION POTENTIALS THROUGH RENEWABLES,ExploRE - Strategic exploration of economic mitigation potentials through renewables,"The government of Indonesia is focusing on the expansion of renewable energies (RE) to achieve the country's climate mitigation targets as defined in its NDC. The project supports the Indonesian government in the dissemination and demonstration through pilot projects of a strategy for cost-effective use of RE. These activities are intended to mitigate greenhouse gas emissions through closely linked energy, financial, and planning policies. To achieve this goal, the project advises the responsible ministries on the development financing guidelines for RE and legislation on feed-in tariffs. Besides, the project supports coordination between key ministries and develops financing instruments to promote private investment in RE. These measures will ensure the expansion of RE in the long term.",7;13,0,1,1,,0,,,0,2,0,0,0.000000,0.000000,,3,,
oecd-crs-energy-idn-2022-q-2026-09-28-md-20965296,OECD.DCD.FSD:DSD_CRS@DF_CRS(1.6),DEU,IDN,23220,13,10000,C01,D,Q,DD,20965296,USD,2022,1.149315,2024,A,6,6,KfW Bankengruppe (KfW banking group),2017128251,201468040,Far East Asia,UMICs,10000,Central Government (recipient govt.),10,ODA,421,Standard loan,1,SUSTAINABLE HYDROPOWER,Sustainable Hydropower,Sustainable Hydropower,7;13,0,1,0,0,,,,0,2,0,0,0.000000,0.000000,,3,,
oecd-crs-energy-idn-2022-q-2026-09-28-md-20965335,OECD.DCD.FSD:DSD_CRS@DF_CRS(1.6),DEU,IDN,23220,13,10000,C01,D,Q,DD,20965335,USD,2022,0.801157,2024,A,6,6,KfW Bankengruppe (KfW banking group),2018131590,201568252,Far East Asia,UMICs,10000,Central Government (recipient govt.),10,ODA,421,Standard loan,1,SUSTAINABLE HYDROPOWER,Sustainable Hydropower,Sustainable Hydropower,7;13,0,1,0,0,,,,0,2,0,0,0.000000,0.000000,,3,,
oecd-crs-energy-idn-2022-q-2026-09-28-md-20965415,OECD.DCD.FSD:DSD_CRS@DF_CRS(1.6),DEU,IDN,23630,13,10000,C01,D,Q,DD,20965415,USD,2022,153.572091,2024,A,6,6,KfW Bankengruppe (KfW banking group),2020139660,301000470,Far East Asia,UMICs,10000,Central Government (recipient govt.),10,ODA,421,Standard loan,1,RESULTS-BASED LOAN SUSTAINABLE ENERGY ACCESS IN EASTERN INDONESIA - ELEC,Results-Based Loan Sustainable Energy Access in Eastern Indonesia - Elec,Results-Based Loan Sustainable Energy Access in Eastern Indonesia - Elec,7,0,0,0,0,,,,0,1,0,0,0.000000,0.000000,,3,,
oecd-crs-energy-idn-2022-q-2026-09-28-md-20965332,OECD.DCD.FSD:DSD_CRS@DF_CRS(1.6),DEU,IDN,23220,13,10000,C01,D,Q,DD,20965332,USD,2022,0.506067,2024,A,6,6,KfW Bankengruppe (KfW banking group),2018129625,201567676,Far East Asia,UMICs,10000,Central Government (recipient govt.),10,ODA,421,Standard loan,1,1000 ISLANDS RENEWABLE ENERGY FOR ELECTRIFICATION PROGRAM (REEP) II,1000 Islands Renewable Energy for Electrification Program (REEP) II,"1000 Islands Renewable Energy for Electrification Program (REEP), Phase 2",7;13,0,1,0,0,,,,0,2,0,0,0.000000,0.000000,,3,,
oecd-crs-energy-idn-2022-q-2026-09-28-md-21389626,OECD.DCD.FSD:DSD_CRS@DF_CRS(1.6),DEU,IDN,23110,13,10000,A02,C,Q,DD,21389626,USD,2022,356.94808,2024,A,6,6,KfW Bankengruppe (KfW banking group),2022149165,525000427,Far East Asia,UMICs,10000,Recipient Government,10,ODA,421,Standard loan,1,SUSTAINABLE AND INCLUSIVE ENERGY PROGRAM (SIEP) - SUBPROGRAM III,Sustainable and Inclusive Energy Program (SIEP) - Subprogram III,"The Sustainable Inclusive Energy Program (SIEP) supports the Government of Indonesia's energy sector reform priorities and represents a sustained partnership between KfW and other multilateral and bilateral stakeholders, the government, and other development partners. Subprogram 3 supports the transformation of Indonesia's energy sector through reforms initiated in 2014, which aim to (i) improve fiscal sustainability and governance, (ii) expand private investment, and (iii) promote the deployment of clean and efficient energy options. Subprogram 3 supports the government's ambitious energy sector reforms under the National Medium-Term Development Plan (RPJMN) 2020-2024 and its greenhouse gas (GHG) emission reductions of 29% under its nationally determined contribution.",7;13,1,0,1,0,,,,0,2,0,0,0.000000,315.490600,,1,,
oecd-crs-energy-idn-2022-q-2026-09-28-md-21389561,OECD.DCD.FSD:DSD_CRS@DF_CRS(1.6),DEU,IDN,23220,13,10000,C01,C,Q,DD,21389561,USD,2022,69.009962,2024,A,6,6,KfW Bankengruppe (KfW banking group),2022128251,201468040,Far East Asia,UMICs,10000,Central Government (recipient govt.),10,ODA,421,Standard loan,1,SUSTAINABLE HYDROPOWER,Sustainable Hydropower,Sustainable Hydropower,7;13,0,1,0,0,,,,0,2,0,0,0.000000,60.994800,,1,,
oecd-crs-energy-idn-2022-q-2026-09-28-md-21385318,OECD.DCD.FSD:DSD_CRS@DF_CRS(1.6),DEU,IDN,23210,11,40000,B03,C,Q,DD,21385318,USD,2022,35.694808,2024,A,6,6,Federal Ministry for Economic Affairs and Energy,2022009528,22_I_515_IDN_M_JETP IDN,Far East Asia,UMICs,40000,Asian Development Bank,10,ODA,110,Standard grant,1,ENERGY TRANSITION MECHANISM PARTNERSHIP TRUST FUND (ETMPTF),Energy Transition Mechanism Partnership Trust Fund (ETMPTF),"The goal of the fund is to reduce greenhouse gas emissions from coal-fired power plants through early retirement or repurposing of such plants for clean energy. It will increase the share of clean energy, including through support for enhanced grid capacity. By helping developing countries to develop and enact policy and regulatory measures, it will accelerate the shift from coal to clean energy. It will also support the transition to cleaner energy in a just manner (just transition).",,0,1,0,,0,,,0,2,0,0,0.000000,31.549100,,8,,
oecd-crs-energy-idn-2022-q-2026-09-28-md-20968058,OECD.DCD.FSD:DSD_CRS@DF_CRS(1.6),DEU,IDN,23210,11,40000,B03,D,Q,DD,20968058,USD,2022,35.694808,2024,A,6,6,Federal Ministry for Economic Affairs and Energy,2022009528,22_I_515_IDN_M_JETP IDN,Far East Asia,UMICs,40000,Asian Development Bank,10,ODA,110,Standard grant,1,ENERGY TRANSITION MECHANISM PARTNERSHIP TRUST FUND (ETMPTF),Energy Transition Mechanism Partnership Trust Fund (ETMPTF),"The goal of the fund is to reduce greenhouse gas emissions from coal-fired power plants through early retirement or repurposing of such plants for clean energy. It will increase the share of clean energy, including through support for enhanced grid capacity. By helping developing countries to develop and enact policy and regulatory measures, it will accelerate the shift from coal to clean energy. It will also support the transition to cleaner energy in a just manner (just transition).",,0,1,0,,0,,,0,2,0,0,0.000000,31.549100,,8,,
oecd-crs-energy-idn-2022-q-2026-09-28-md-21385705,OECD.DCD.FSD:DSD_CRS@DF_CRS(1.6),DEU,IDN,23210,11,10000,C01,C,Q,DD,21385705,USD,2022,5.949135,2024,A,6,6,Federal Ministry for Economic Cooperation and Development,2022000917,202022788,Far East Asia,UMICs,10000,Public corporations (donor govt.),10,ODA,110,Standard grant,8,SOLAR COLD CHAIN FOR A GREEN ECONOMY (SOCOOL),Solar Cold Chain for a Green Economy (SOCOOL),Solar cooling chains are established as part of climate friendly transformation in relevant economic sectors.,7;13,1,1,0,0,0,,,0,2,0,0,0.893900,4.364300,,1,,
oecd-crs-energy-idn-2022-q-2026-09-28-md-20968038,OECD.DCD.FSD:DSD_CRS@DF_CRS(1.6),DEU,IDN,23183,11,10000,C01,D,Q,DD,20968038,USD,2022,0.03911,2024,A,6,6,Federal Ministry for Economic Affairs and Energy,2022009511,22_I_471_IDN_G_SETI,Far East Asia,UMICs,10000,Public corporations (donor govt.),10,ODA,110,Standard grant,1,SUSTAINABLE ENERGY TRANSITION IN INDONESIA (SETI),Sustainable Energy Transition in Indonesia (SETI),"The desired outcome of SETI is an effective institutional, regulatory, and financial ecosystem that demonstrates the Indonesian embarkment towards a sustainable energy transition. The project will focus on two pillars by providing support to policy makers, financial institutions, private sector, business associations, CSOs and academic institutions: - firstly, strengthening institutional landscape that can drive the energy transition in Indonesia, - secondly, taking an energy demand perspective to support the implementation of integrated Renewable Energy and Energy Efficiency applications, initially exemplary and then industrywide. These are to be achieved through 4 outputs: (1) Regulatory Framework for Sustainable Energy, (2) Leverage Access to Finance, (3) Demonstration of Business Cases and Technologies, and (4) Upscaling and Replication of User cases.",,1,0,0,,0,,,0,2,0,0,0.032700,0.146100,,1,,
oecd-crs-energy-idn-2022-q-2026-09-28-md-21385294,OECD.DCD.FSD:DSD_CRS@DF_CRS(1.6),DEU,IDN,23110,11,10000,C01,C,Q,DD,21385294,USD,2022,0.283179,2024,A,6,6,Federal Ministry for Economic Affairs and Energy,2022009511,22_I_471_IDN_G_SETI,Far East Asia,UMICs,10000,Public corporations (donor govt.),10,ODA,110,Standard grant,1,SUSTAINABLE ENERGY TRANSITION IN INDONESIA (SETI),Sustainable Energy Transition in Indonesia (SETI),"The desired outcome of SETI is an effective institutional, regulatory, and financial ecosystem that demonstrates the Indonesian embarkment towards a sustainable energy transition. The project will focus on two pillars by providing support to policy makers, financial institutions, private sector, business associations, CSOs and academic institutions: - firstly, strengthening institutional landscape that can drive the energy transition in Indonesia, - secondly, taking an energy demand perspective to support the implementation of integrated Renewable Energy and Energy Efficiency applications, initially exemplary and then industrywide. These are to be achieved through 4 outputs: (1) Regulatory Framework for Sustainable Energy, (2) Leverage Access to Finance, (3) Demonstration of Business Cases and Technologies, and (4) Upscaling and Replication of User cases.",,1,0,0,,0,,,0,2,0,0,0.045800,0.204500,,1,,
oecd-crs-energy-idn-2022-q-2026-09-28-md-21385295,OECD.DCD.FSD:DSD_CRS@DF_CRS(1.6),DEU,IDN,23183,11,10000,C01,C,Q,DD,21385295,USD,2022,0.202271,2024,A,6,6,Federal Ministry for Economic Affairs and Energy,2022009511,22_I_471_IDN_G_SETI,Far East Asia,UMICs,10000,Public corporations (donor govt.),10,ODA,110,Standard grant,1,SUSTAINABLE ENERGY TRANSITION IN INDONESIA (SETI),Sustainable Energy Transition in Indonesia (SETI),"The desired outcome of SETI is an effective institutional, regulatory, and financial ecosystem that demonstrates the Indonesian embarkment towards a sustainable energy transition. The project will focus on two pillars by providing support to policy makers, financial institutions, private sector, business associations, CSOs and academic institutions: - firstly, strengthening institutional landscape that can drive the energy transition in Indonesia, - secondly, taking an energy demand perspective to support the implementation of integrated Renewable Energy and Energy Efficiency applications, initially exemplary and then industrywide. These are to be achieved through 4 outputs: (1) Regulatory Framework for Sustainable Energy, (2) Leverage Access to Finance, (3) Demonstration of Business Cases and Technologies, and (4) Upscaling and Replication of User cases.",,1,0,0,,0,,,0,2,0,0,0.032700,0.146100,,1,,
oecd-crs-energy-idn-2022-q-2026-09-28-md-20968039,OECD.DCD.FSD:DSD_CRS@DF_CRS(1.6),DEU,IDN,23210,11,10000,C01,D,Q,DD,20968039,USD,2022,0.062576,2024,A,6,6,Federal Ministry for Economic Affairs and Energy,2022009511,22_I_471_IDN_G_SETI,Far East Asia,UMICs,10000,Public corporations (donor govt.),10,ODA,110,Standard grant,1,SUSTAINABLE ENERGY TRANSITION IN INDONESIA (SETI),Sustainable Energy Transition in Indonesia (SETI),"The desired outcome of SETI is an effective institutional, regulatory, and financial ecosystem that demonstrates the Indonesian embarkment towards a sustainable energy transition. The project will focus on two pillars by providing support to policy makers, financial institutions, private sector, business associations, CSOs and academic institutions: - firstly, strengthening institutional landscape that can drive the energy transition in Indonesia, - secondly, taking an energy demand perspective to support the implementation of integrated Renewable Energy and Energy Efficiency applications, initially exemplary and then industrywide. These are to be achieved through 4 outputs: (1) Regulatory Framework for Sustainable Energy, (2) Leverage Access to Finance, (3) Demonstration of Business Cases and Technologies, and (4) Upscaling and Replication of User cases.",,1,0,0,,0,,,0,2,0,0,0.052300,0.233700,,1,,
oecd-crs-energy-idn-2022-q-2026-09-28-md-21044136,OECD.DCD.FSD:DSD_CRS@DF_CRS(1.6),NOR,IDN,23220,14,60000,C01,D,Q,DD,21044136,USD,2022,0.442939,2024,A,6,6,NORFUND,2020900090,NFP109,Far East Asia,UMICs,60000,,21,Non-export credit OOF,110,Standard grant,1,P109 - LOBU DOLOM HPP,P109 - Lobu Dolom HPP,Hydropower project development costs,7.2;7.1;13.a,0,0,0,0,0,,0,0,2,0,0,,,,3,4,Details of PSI activities that are reported under the institutional approach
oecd-crs-energy-idn-2022-q-2026-09-28-md-21762928,OECD.DCD.FSD:DSD_CRS@DF_CRS(1.6),NOR,IDN,23220,11,60000,C01,D,Q,DD,21762928,USD,2022,0.262551,2024,A,6,6,Norwegian Agency for Development Co-operation,2020000240,INS-20/0002,Far East Asia,UMICs,60000,Private sector in provider country,10,ODA,110,Standard grant,1,TINFOS FEASIBILITY STUDY PHASE II INDONESIA SMALL HYDRO PROJECTS,Tinfos feasibility study phase II Indonesia small hydro projects,Phase II Feasiblity Study of portfolio of small hydro power plants in Indonesia,7.2;13.a,0,1,0,0,0,,0,0,1,0,0,0.000000,0.000000,,3,,
oecd-crs-energy-idn-2022-q-2026-09-28-md-21794342,OECD.DCD.FSD:DSD_CRS@DF_CRS(1.6),FRA,IDN,23630,13,10000,C01,D,Q,DD,21794342,USD,2022,25.818169,2024,A,6,6,French Development Agency,2015109100,CID104101,Far East Asia,UMICs,10000,Public corporations (recipient govt.),10,ODA,421,Standard loan,1,FINANCEMENT D'UN PROJET DE SÉCURITÉ D'APPROVISIONNEMENT ÉLECTRIQUE À JAKARTA (PHASE II),Financement d'un projet de sécurité d'approvisionnement électrique à Jakarta (Phase II),Financement d'un projet de sécurité d'approvisionnement électrique à Jakarta (Phase II),7.b,,2,0,,,,,0,2,,0,,,,3,,
oecd-crs-energy-idn-2022-q-2026-09-28-md-21296955,OECD.DCD.FSD:DSD_CRS@DF_CRS(1.6),FRA,IDN,23210,11,10000,C01,C,Q,DD,21296955,USD,2022,0.695531,2024,A,6,6,French Development Agency,2022228600,CID112903,Far East Asia,UMICs,10000,Other public entities in donor country,10,ODA,110,Standard grant,1,AICET,AICET,Ce projet consiste en un financement budgétaire et un FEXTE dont l'objet est d'appuyer la réforme du secteur électrique en Indonésie.,7.2;13,0,,,,,,,,,,,,0.631000,,1,,
oecd-crs-energy-idn-2022-q-2026-09-28-md-21794193,OECD.DCD.FSD:DSD_CRS@DF_CRS(1.6),FRA,IDN,23110,11,10000,C01,D,Q,DD,21794193,USD,2022,0.226048,2024,A,6,6,MINEFI/NATEXIS,2019351111, 9160P2,Far East Asia,UMICs,10000,Recipient Government,10,ODA,110,Standard grant,1,FASEP 1129-ET.FAISAB.SOLUTIONS SMART GRIDS,FASEP 1129-ET.FAISAB.SOLUTIONS SMART GRIDS,FASEP 1129-ET.FAISAB.SOLUTIONS SMART GRIDS,7.a;16.6,,2,,,,,,,,,,,,,3,,
oecd-crs-energy-idn-2022-q-2026-09-28-md-21761558,OECD.DCD.FSD:DSD_CRS@DF_CRS(1.6),5RDB001,IDN,23630,14,10000,C01,D,Q,DD,21761558,USD,2022,37.444205,2024,A,6,6,Asian Infrastructure Investment Bank,2022000047,P000292,Far East Asia,UMICs,10000,Recipient Government,21,Non-export credit OOF,421,Standard loan,4,PLN EAST JAVA & BALI POWER DISTRIBUTION EXPANSION PROJECT,PLN East Java & Bali Power Distribution Expansion Project,PLN East Java & Bali Power Distribution Expansion Project,7;13,,,,,,,,,,,,,,,3,,
oecd-crs-energy-idn-2022-q-2026-09-28-md-21255287,OECD.DCD.FSD:DSD_CRS@DF_CRS(1.6),FIN,IDN,23630,11,60000,C01,C,Q,DD,21255287,USD,2022,0.068728,2024,A,6,6,Ministry of Foreign Affairs,2022220137,73804477,Far East Asia,UMICs,60000,,10,ODA,110,Standard grant,1,FINNPARTNERSHIP PROGRAMME,Finnpartnership Programme,"Long term partnership with a local company / organisation (e.g. joint venture, subcontractor, import or other contract agreement )",9;8;11,0,1,0,0,0,,0,0,0,0,0,,0.064100,,1,2,PSI ODA instrument approach
oecd-crs-energy-idn-2022-q-2026-09-28-md-21255286,OECD.DCD.FSD:DSD_CRS@DF_CRS(1.6),FIN,IDN,23210,11,60000,C01,C,Q,DD,21255286,USD,2022,0.171821,2024,A,6,6,Ministry of Foreign Affairs,2022220137,73804477,Far East Asia,UMICs,60000,,10,ODA,110,Standard grant,1,FINNPARTNERSHIP PROGRAMME,Finnpartnership Programme,"Long term partnership with a local company / organisation (e.g. joint venture, subcontractor, import or other contract agreement )",9;8;11,0,1,0,0,0,,0,0,0,0,0,,0.160300,,1,2,PSI ODA instrument approach
oecd-crs-energy-idn-2022-q-2026-09-28-md-21798280,OECD.DCD.FSD:DSD_CRS@DF_CRS(1.6),FRA,IDN,23240,11,10000,C01,D,Q,DD,21798280,USD,2022,0.092448,2024,A,6,6,French Development Agency,2021159100,CID111901,Far East Asia,UMICs,10000,Other public entities in donor country,10,ODA,110,Standard grant,1,FEXTE,FEXTE,"Projet d'appui au développement d'une filière éolienne au sein de PT PLN.L'AT visera (1) à réaliser l'étude de faisabilité d'un projet de ferme éolienne, à Banten, de 200MW et (2) fournir à PLN un appui transverse visant à développer une expertise dans le domaine éolien (formations, campagnes de mesures...).-Appui au développement d'une filière éolienne au sein de PT PLN",7.2;13,,,,,,,,,,,0,,,,3,,
oecd-crs-energy-idn-2022-q-2026-09-28-md-21312984,OECD.DCD.FSD:DSD_CRS@DF_CRS(1.6),DNK,IDN,23110,11,10000,D01,C,Q,DD,21312984,USD,2022,0.270046,2024,A,6,6,Ministry of Foreign Affairs,2020000131,2019 - 41336,Far East Asia,UMICs,10000,Central Government (donor govt.),10,ODA,110,Standard grant,1,"STRATEGIC SECTOR COOPERATION ON SUSTAINABLE ISLAND INITIATIVE (SII) BETWEEN DENMARK AND INDONESIA (ENERGY), PHASE 1","Strategic Sector Cooperation on Sustainable Island Initiative (SII) between Denmark and Indonesia (Energy), Phase 1",Strategic Sector Cooperation on Sustainable Island Initiative (SII) between Denmark and Indonesia (Energy),7.a,0,0,0,0,0,0,0,0,0,0,0,0.265000,,,8,,
oecd-crs-energy-idn-2022-q-2026-09-28-md-21817628,OECD.DCD.FSD:DSD_CRS@DF_CRS(1.6),DNK,IDN,23110,11,10000,D01,D,Q,DD,21817628,USD,2022,0.270046,2024,A,6,6,Ministry of Foreign Affairs,2020000131,2019 - 41336,Far East Asia,UMICs,10000,Central Government (donor govt.),10,ODA,110,Standard grant,1,"STRATEGIC SECTOR COOPERATION ON SUSTAINABLE ISLAND INITIATIVE (SII) BETWEEN DENMARK AND INDONESIA (ENERGY), PHASE 1","Strategic Sector Cooperation on Sustainable Island Initiative (SII) between Denmark and Indonesia (Energy), Phase 1",Strategic Sector Cooperation on Sustainable Island Initiative (SII) between Denmark and Indonesia (Energy),7.a,0,0,0,0,0,0,0,0,0,0,0,0.265000,,,8,,
oecd-crs-energy-idn-2022-q-2026-09-28-md-21817670,OECD.DCD.FSD:DSD_CRS@DF_CRS(1.6),DNK,IDN,23110,11,10000,D01,D,Q,DD,21817670,USD,2022,0.291067,2024,A,6,6,Ministry of Foreign Affairs,2020000313ab,2020 - 34198,Far East Asia,UMICs,10000,Central Government (donor govt.),10,ODA,110,Standard grant,1,"DANISH ENERGY PARTNERSHIP PROGRAMME III, INDODEPP","Danish Energy Partnership Programme III, INDODEPP","Indonesia being the fourth most populated country in the world and the sixth largest global emitter of greenhouse gases is an essential partner in the dialogue and action on the green transition. This project focuses on institutional capacity development where transformational change for low carbon development can be achieved.Partners in the project have Government mandate (and authority) in the chosen areas of collaboration. They are already trusted partners in Strategic Sector Projects (DK/ID), and the applied government-to-government modality has been verified as being fit-for-purpose.The formulation process for INDODEPP has included series of close consultations with national partners. In the end of the formulation process partner commitment was confirmed by the joint (DK/ID) signing of a Consultation Document summarizing the main targets of INDODEPP.The project is in line with the Danish Government's Climate Act and targets climate change mitigation and SDGs prioritised in Denmark's strategy The World 2030 for development cooperation.Inclusive, sustainable growth - and development is one of the strategic objectives of Denmark's Strategy for Development Cooperation and Humanitarian Action. Economies in transition and emerging economies are considered key players to achieve the global Sustainable Development Goals. The development strategy underlines the importance of providing support for their sustainable development, as they demand expertise, knowledge, technologies and investments to make appropriate strategic choices. Energy is in this regard a priority sector where Denmark has particular knowledge, resources and interests. The strategy also points to the relevance of building strategic partnerships and government-to-government cooperation to promote common agendas such as climate change.",7.a,0,2,0,0,0,0,0,0,2,0,0,0.000000,0.000000,,3,,
oecd-crs-energy-idn-2022-q-2026-09-28-md-21824851,OECD.DCD.FSD:DSD_CRS@DF_CRS(1.6),DNK,IDN,23110,11,10000,C01,D,Q,DD,21824851,USD,2022,0.032694,2024,A,6,6,Ministry of Foreign Affairs,2015001286,2015-56019,Far East Asia,UMICs,10000,Central Government (donor govt.),10,ODA,110,Standard grant,1,"DANISH-INDONESIAN STRATEGIC SECTOR COOPERATION ON CLEAN ENERGY, RENEWABLE ENERGY AND ENERGY EFFICIENCY","Danish-Indonesian Strategic Sector Cooperation on clean energy, renewable energy and energy efficiency","Danish-Indonesian Strategic Sector Cooperation on Clean Energy, Renewable Energy and Energy Efficiency 2016-2018",7.1,1,1,0,0,,,,0,2,1,0,,0.032100,,8,,
oecd-crs-energy-idn-2022-q-2026-09-28-md-21312773,OECD.DCD.FSD:DSD_CRS@DF_CRS(1.6),DNK,IDN,23110,11,10000,C01,C,Q,DD,21312773,USD,2022,0.032694,2024,A,6,6,Ministry of Foreign Affairs,2015001286,2015-56019,Far East Asia,UMICs,10000,Central Government (donor govt.),10,ODA,110,Standard grant,1,"DANISH-INDONESIAN STRATEGIC SECTOR COOPERATION ON CLEAN ENERGY, RENEWABLE ENERGY AND ENERGY EFFICIENCY","Danish-Indonesian Strategic Sector Cooperation on clean energy, renewable energy and energy efficiency","Danish-Indonesian Strategic Sector Cooperation on Clean Energy, Renewable Energy and Energy Efficiency 2016-2018",7.1,1,1,0,0,,,,0,2,1,0,,0.032100,,8,,
oecd-crs-energy-idn-2022-q-2026-09-28-md-21817669,OECD.DCD.FSD:DSD_CRS@DF_CRS(1.6),DNK,IDN,23110,11,10000,C01,D,Q,DD,21817669,USD,2022,2.236977,2024,A,6,6,Ministry of Foreign Affairs,2020000313aa,2020 - 34198,Far East Asia,UMICs,10000,Central Government (donor govt.),10,ODA,110,Standard grant,1,"DANISH ENERGY PARTNERSHIP PROGRAMME III, INDODEPP","Danish Energy Partnership Programme III, INDODEPP","Indonesia being the fourth most populated country in the world and the sixth largest global emitter of greenhouse gases is an essential partner in the dialogue and action on the green transition. This project focuses on institutional capacity development where transformational change for low carbon development can be achieved.Partners in the project have Government mandate (and authority) in the chosen areas of collaboration. They are already trusted partners in Strategic Sector Projects (DK/ID), and the applied government-to-government modality has been verified as being fit-for-purpose.The formulation process for INDODEPP has included series of close consultations with national partners. In the end of the formulation process partner commitment was confirmed by the joint (DK/ID) signing of a Consultation Document summarizing the main targets of INDODEPP.The project is in line with the Danish Government's Climate Act and targets climate change mitigation and SDGs prioritised in Denmark's strategy The World 2030 for development cooperation.Inclusive, sustainable growth - and development is one of the strategic objectives of Denmark's Strategy for Development Cooperation and Humanitarian Action. Economies in transition and emerging economies are considered key players to achieve the global Sustainable Development Goals. The development strategy underlines the importance of providing support for their sustainable development, as they demand expertise, knowledge, technologies and investments to make appropriate strategic choices. Energy is in this regard a priority sector where Denmark has particular knowledge, resources and interests. The strategy also points to the relevance of building strategic partnerships and government-to-government cooperation to promote common agendas such as climate change.",7.a,0,2,0,0,0,0,0,0,2,0,0,,2.120000,,3,,
oecd-crs-energy-idn-2022-q-2026-09-28-md-21312995,OECD.DCD.FSD:DSD_CRS@DF_CRS(1.6),DNK,IDN,23110,11,10000,C01,C,Q,DD,21312995,USD,2022,2.160212,2024,A,6,6,Ministry of Foreign Affairs,2020000313aa,2020 - 34198,Far East Asia,UMICs,10000,Central Government (donor govt.),10,ODA,110,Standard grant,1,"DANISH ENERGY PARTNERSHIP PROGRAMME III, INDODEPP","Danish Energy Partnership Programme III, INDODEPP","Indonesia being the fourth most populated country in the world and the sixth largest global emitter of greenhouse gases is an essential partner in the dialogue and action on the green transition. This project focuses on institutional capacity development where transformational change for low carbon development can be achieved.Partners in the project have Government mandate (and authority) in the chosen areas of collaboration. They are already trusted partners in Strategic Sector Projects (DK/ID), and the applied government-to-government modality has been verified as being fit-for-purpose.The formulation process for INDODEPP has included series of close consultations with national partners. In the end of the formulation process partner commitment was confirmed by the joint (DK/ID) signing of a Consultation Document summarizing the main targets of INDODEPP.The project is in line with the Danish Government's Climate Act and targets climate change mitigation and SDGs prioritised in Denmark's strategy The World 2030 for development cooperation.Inclusive, sustainable growth - and development is one of the strategic objectives of Denmark's Strategy for Development Cooperation and Humanitarian Action. Economies in transition and emerging economies are considered key players to achieve the global Sustainable Development Goals. The development strategy underlines the importance of providing support for their sustainable development, as they demand expertise, knowledge, technologies and investments to make appropriate strategic choices. Energy is in this regard a priority sector where Denmark has particular knowledge, resources and interests. The strategy also points to the relevance of building strategic partnerships and government-to-government cooperation to promote common agendas such as climate change.",7.a,0,2,0,0,0,0,0,0,2,0,0,,2.120000,,3,,
oecd-crs-energy-idn-2022-q-2026-09-28-md-21774479,OECD.DCD.FSD:DSD_CRS@DF_CRS(1.6),5RDB009,IDN,23630,14,10000,C01,D,Q,DD,21774479,USD,2022,11.636755,2024,A,6,6,Ordinary Capital Resources,2022001371,IDN1007,Far East Asia,UMICs,10000,Recipient Government,21,Non-export credit OOF,421,Standard loan,4,POWER GRID ENHANCEMENT PROJECT,Power Grid Enhancement Project,"The main objective of the project is to satisfy the increasing demand for electricity through expanding the capacity of power transmission infrastructure in Java-Bali, Sumatra, Kalimantan and Sulawesi.  Upon completion, the project will enable reliable and efficient electricity supply of an additional 10,135 MVA.  The project will contribute to the government's overall goal of strengthening the power transmission grid capacity to supply 332 TWh (by 2020) from 228 TWh (in 2015) and increasing the electrification rate in the country to 97% from the current 84.3%.",7.b;7.1;13.a,,,,,,,,,,,,,,,3,,
oecd-crs-energy-idn-2022-q-2026-09-28-md-21450493,OECD.DCD.FSD:DSD_CRS@DF_CRS(1.6),BEL,IDN,23210,14,60000,C01,C,Q,DD,21450493,USD,2022,0.140115,2024,A,6,6,Belgian Investment Company for Developing Countries,2022004554,2977,Far East Asia,UMICs,60000,,21,Non-export credit OOF,510,Common equity,1,RENEWABLE ENERGY ASIA FUND II - LOMBOK SOLAR,Renewable Energy Asia Fund II - Lombok Solar,"The Renewable Energy Asia Fund II invests into small hydro, wind, geothermal, solar and biomass projects in Asian developing markets, with a primary focus on India, the Philippines and Indonesia. REAF II is a dedicated 250 mn USD fund for renewable energy in South and South East Asia.The fund will continue the same investment strategy of its predecessor fund of investing in pre-construction projects in which it can use its engineering and renewable energy experience to assist local developers to create a bankable project with a well-measured resource, feasible evacuation, and off-take solutions.Berkeley Energy believes that the target markets of the fund contain a large number of projects in early stages of development but a lack of project delivery, investment and structuring expertise.",7,,2,,,,,,,2,,,,,,8,4,Details of PSI activities that are reported under the institutional approach
oecd-crs-energy-idn-2022-q-2026-09-28-md-21450491,OECD.DCD.FSD:DSD_CRS@DF_CRS(1.6),BEL,IDN,23210,14,60000,C01,C,Q,DD,21450491,USD,2022,0.395457,2024,A,6,6,Belgian Investment Company for Developing Countries,2022004552,2975,Far East Asia,UMICs,60000,,21,Non-export credit OOF,510,Common equity,1,RENEWABLE ENERGY ASIA FUND II - QUANTUM SOLAR,Renewable Energy Asia Fund II - Quantum Solar,"The Renewable Energy Asia Fund II invests into small hydro, wind, geothermal, solar and biomass projects in Asian developing markets, with a primary focus on India, the Philippines and Indonesia. REAF II is a dedicated 250 mn USD fund for renewable energy in South and South East Asia.The fund will continue the same investment strategy of its predecessor fund of investing in pre-construction projects in which it can use its engineering and renewable energy experience to assist local developers to create a bankable project with a well-measured resource, feasible evacuation, and off-take solutions.Berkeley Energy believes that the target markets of the fund contain a large number of projects in early stages of development but a lack of project delivery, investment and structuring expertise.",7,,2,,,,,,,2,,,,,,8,4,Details of PSI activities that are reported under the institutional approach
oecd-crs-energy-idn-2022-q-2026-09-28-md-21044543,OECD.DCD.FSD:DSD_CRS@DF_CRS(1.6),BEL,IDN,23220,14,60000,C01,D,Q,DD,21044543,USD,2022,0.03619,2024,A,6,6,Belgian Investment Company for Developing Countries,2022006962,4225,Far East Asia,UMICs,60000,,21,Non-export credit OOF,510,Common equity,1,RENEWABLE ENERGY ASIA FUND II - SITANDUK HYDROPOWER,Renewable Energy Asia Fund II - Sitanduk Hydropower,"The Renewable Energy Asia Fund II invests into small hydro, wind, geothermal, solar and biomass projects in Asian developing markets, with a primary focus on India, the Philippines and Indonesia. REAF II is a dedicated 250 mn USD fund for renewable energy in South and South East Asia.The fund will continue the same investment strategy of its predecessor fund of investing in pre-construction projects in which it can use its engineering and renewable energy experience to assist local developers to create a bankable project with a well-measured resource, feasible evacuation, and off-take solutions.Berkeley Energy believes that the target markets of the fund contain a large number of projects in early stages of development but a lack of project delivery, investment and structuring expertise.",7,,2,,,,,,,2,,,,,,8,4,Details of PSI activities that are reported under the institutional approach
oecd-crs-energy-idn-2022-q-2026-09-28-md-21044452,OECD.DCD.FSD:DSD_CRS@DF_CRS(1.6),BEL,IDN,23210,14,60000,C01,D,Q,DD,21044452,USD,2022,0.140115,2024,A,6,6,Belgian Investment Company for Developing Countries,2022004554,2977,Far East Asia,UMICs,60000,,21,Non-export credit OOF,510,Common equity,1,RENEWABLE ENERGY ASIA FUND II - LOMBOK SOLAR,Renewable Energy Asia Fund II - Lombok Solar,"The Renewable Energy Asia Fund II invests into small hydro, wind, geothermal, solar and biomass projects in Asian developing markets, with a primary focus on India, the Philippines and Indonesia. REAF II is a dedicated 250 mn USD fund for renewable energy in South and South East Asia.The fund will continue the same investment strategy of its predecessor fund of investing in pre-construction projects in which it can use its engineering and renewable energy experience to assist local developers to create a bankable project with a well-measured resource, feasible evacuation, and off-take solutions.Berkeley Energy believes that the target markets of the fund contain a large number of projects in early stages of development but a lack of project delivery, investment and structuring expertise.",7,,2,,,,,,,2,,,,,,8,4,Details of PSI activities that are reported under the institutional approach
oecd-crs-energy-idn-2022-q-2026-09-28-md-21044450,OECD.DCD.FSD:DSD_CRS@DF_CRS(1.6),BEL,IDN,23210,14,60000,C01,D,Q,DD,21044450,USD,2022,0.395457,2024,A,6,6,Belgian Investment Company for Developing Countries,2022004552,2975,Far East Asia,UMICs,60000,,21,Non-export credit OOF,510,Common equity,1,RENEWABLE ENERGY ASIA FUND II - QUANTUM SOLAR,Renewable Energy Asia Fund II - Quantum Solar,"The Renewable Energy Asia Fund II invests into small hydro, wind, geothermal, solar and biomass projects in Asian developing markets, with a primary focus on India, the Philippines and Indonesia. REAF II is a dedicated 250 mn USD fund for renewable energy in South and South East Asia.The fund will continue the same investment strategy of its predecessor fund of investing in pre-construction projects in which it can use its engineering and renewable energy experience to assist local developers to create a bankable project with a well-measured resource, feasible evacuation, and off-take solutions.Berkeley Energy believes that the target markets of the fund contain a large number of projects in early stages of development but a lack of project delivery, investment and structuring expertise.",7,,2,,,,,,,2,,,,,,8,4,Details of PSI activities that are reported under the institutional approach
oecd-crs-energy-idn-2022-q-2026-09-28-md-21044451,OECD.DCD.FSD:DSD_CRS@DF_CRS(1.6),BEL,IDN,23210,14,60000,C01,D,Q,DD,21044451,USD,2022,0.100356,2024,A,6,6,Belgian Investment Company for Developing Countries,2022004553,2976,Far East Asia,UMICs,60000,,21,Non-export credit OOF,510,Common equity,1,RENEWABLE ENERGY ASIA FUND II - TASMA BIOENERGY,Renewable Energy Asia Fund II - Tasma Bioenergy,"The Renewable Energy Asia Fund II invests into small hydro, wind, geothermal, solar and biomass projects in Asian developing markets, with a primary focus on India, the Philippines and Indonesia. REAF II is a dedicated 250 mn USD fund for renewable energy in South and South East Asia.The fund will continue the same investment strategy of its predecessor fund of investing in pre-construction projects in which it can use its engineering and renewable energy experience to assist local developers to create a bankable project with a well-measured resource, feasible evacuation, and off-take solutions.Berkeley Energy believes that the target markets of the fund contain a large number of projects in early stages of development but a lack of project delivery, investment and structuring expertise.",7,,2,,,,,,,2,,,,,,8,4,Details of PSI activities that are reported under the institutional approach
oecd-crs-energy-idn-2022-q-2026-09-28-md-20995251,OECD.DCD.FSD:DSD_CRS@DF_CRS(1.6),GBR,IDN,23210,11,60000,C01,D,Q,DD,20995251,USD,2022,0.024766,2024,A,6,6,"Foreign, Commonwealth and Development Office",2022000828,PRP IDJ 001014,Far East Asia,UMICs,60000,Private sector in provider country,10,ODA,110,Standard grant,1,MENTARI RE DELIVERY,Mentari RE Delivery,"Mentari is a UK-Indonesia partnership that aims to accelerate low carbon energy transition in Indonesia to drive sustainable economic growth, universal and affordable energy access and protect the environment.",7.a;7.2;5,1,0,,0,0,,,,,,,,,,3,,
oecd-crs-energy-idn-2022-q-2026-09-28-md-21276125,OECD.DCD.FSD:DSD_CRS@DF_CRS(1.6),KOR,IDN,23110,11,10000,E01,C,Q,DD,21276125,USD,2022,0.026141,2024,A,6,6,Korea International Cooperation Agency,2022001140,2022040102565,Far East Asia,UMICs,10000,Other public entities in donor country,10,ODA,110,Standard grant,1,MASTERS DEGREE PROGRAM IN ENERGY SCIENCE AND POLICY(2022),Masters degree program in Energy Science and Policy(2022),To educate governmental officials of developing countries in the areas of energy science and policy in order to enhance their comprehensive competency for nurturing start-ups,7.b,1,1,0,0,0,,,0,1,0,0,0.026000,0.000000,0.000000,1,,
oecd-crs-energy-idn-2022-q-2026-09-28-md-21367037,OECD.DCD.FSD:DSD_CRS@DF_CRS(1.6),USA,IDN,23110,11,20000,C01,C,Q,DD,21367037,USD,2022,0.41985,2024,A,6,6,State Department,2022042610,136_49,Far East Asia,UMICs,20000,Donor country-based NGO,10,ODA,110,Standard grant,1,STRENGTHEN JUST WORKFORCE CLEAN ENERGY TRANSITION,Strengthen Just Workforce Clean Energy Transition,"To support the Government of Indonesia to promote clean energy development and decarbonization, and address workforce sector needs in achieving a just clean energy transition.",,0,2,0,0,0,0,,0,2,0,,0.395100,,,1,,
oecd-crs-energy-idn-2022-q-2026-09-28-md-21814256,OECD.DCD.FSD:DSD_CRS@DF_CRS(1.6),AUS,IDN,23110,11,40000,C01,D,Q,DD,21814256,USD,2022,0.701062,2024,A,6,6,Australian Government,2022002317,INM618,Far East Asia,UMICs,40000,Asian Development Bank,10,ODA,110,Standard grant,1,ADB SUSTAINABLE INFRASTRUCTURE ASSISTANCE PROGRAM PHASE 2 (SIAP 2),ADB Sustainable Infrastructure Assistance Program Phase 2 (SIAP 2),"The Asian Development Bank (ADB) Sustainable Infrastructure Assistance Program II (SIAP-2) is the new trust fund as a part of DFAT's broader support for infrastructure development in Indonesia. The new trust fund replaces existing trust funds under the Multilateral Development Bank Infrastructure Assistance Program (MDB-IAP).The six-year duration program will complement Australia's bilateral infrastructure program delivered through the Indonesia-Australia Infrastructure Partnership (KIAT) technical assistance facility, which will have a broader remit, including across transport, energy, urban and tourism-enabling insfratructure.",5;4;3.1;15;14;13.1;11.5;1.5;1.3;1.2,0,1,0,0,1,0,0,0,1,1,0,,0.693600,,8,,
oecd-crs-energy-idn-2022-q-2026-09-28-md-21311383,OECD.DCD.FSD:DSD_CRS@DF_CRS(1.6),AUS,IDN,23110,11,40000,C01,C,Q,DD,21311383,USD,2022,0.701062,2024,A,6,6,Australian Government,2022002317,INM618,Far East Asia,UMICs,40000,Asian Development Bank,10,ODA,110,Standard grant,1,ADB SUSTAINABLE INFRASTRUCTURE ASSISTANCE PROGRAM PHASE 2 (SIAP 2),ADB Sustainable Infrastructure Assistance Program Phase 2 (SIAP 2),"The Asian Development Bank (ADB) Sustainable Infrastructure Assistance Program II (SIAP-2) is the new trust fund as a part of DFAT's broader support for infrastructure development in Indonesia. The new trust fund replaces existing trust funds under the Multilateral Development Bank Infrastructure Assistance Program (MDB-IAP).The six-year duration program will complement Australia's bilateral infrastructure program delivered through the Indonesia-Australia Infrastructure Partnership (KIAT) technical assistance facility, which will have a broader remit, including across transport, energy, urban and tourism-enabling insfratructure.",5;4;3.1;15;14;13.1;11.5;1.5;1.3;1.2,0,1,0,0,1,0,0,0,1,1,0,,0.693600,,8,,
oecd-crs-energy-idn-2022-q-2026-09-28-md-21385296,OECD.DCD.FSD:DSD_CRS@DF_CRS(1.6),DEU,IDN,23210,11,10000,C01,C,Q,DD,21385296,USD,2022,0.323633,2024,A,6,6,Federal Ministry for Economic Affairs and Energy,2022009511,22_I_471_IDN_G_SETI,Far East Asia,UMICs,10000,Public corporations (donor govt.),10,ODA,110,Standard grant,1,SUSTAINABLE ENERGY TRANSITION IN INDONESIA (SETI),Sustainable Energy Transition in Indonesia (SETI),"The desired outcome of SETI is an effective institutional, regulatory, and financial ecosystem that demonstrates the Indonesian embarkment towards a sustainable energy transition. The project will focus on two pillars by providing support to policy makers, financial institutions, private sector, business associations, CSOs and academic institutions: - firstly, strengthening institutional landscape that can drive the energy transition in Indonesia, - secondly, taking an energy demand perspective to support the implementation of integrated Renewable Energy and Energy Efficiency applications, initially exemplary and then industrywide. These are to be achieved through 4 outputs: (1) Regulatory Framework for Sustainable Energy, (2) Leverage Access to Finance, (3) Demonstration of Business Cases and Technologies, and (4) Upscaling and Replication of User cases.",,1,0,0,,0,,,0,2,0,0,0.052300,0.233700,,1,,
oecd-crs-energy-idn-2022-q-2026-09-28-md-20968037,OECD.DCD.FSD:DSD_CRS@DF_CRS(1.6),DEU,IDN,23110,11,10000,C01,D,Q,DD,20968037,USD,2022,0.054754,2024,A,6,6,Federal Ministry for Economic Affairs and Energy,2022009511,22_I_471_IDN_G_SETI,Far East Asia,UMICs,10000,Public corporations (donor govt.),10,ODA,110,Standard grant,1,SUSTAINABLE ENERGY TRANSITION IN INDONESIA (SETI),Sustainable Energy Transition in Indonesia (SETI),"The desired outcome of SETI is an effective institutional, regulatory, and financial ecosystem that demonstrates the Indonesian embarkment towards a sustainable energy transition. The project will focus on two pillars by providing support to policy makers, financial institutions, private sector, business associations, CSOs and academic institutions: - firstly, strengthening institutional landscape that can drive the energy transition in Indonesia, - secondly, taking an energy demand perspective to support the implementation of integrated Renewable Energy and Energy Efficiency applications, initially exemplary and then industrywide. These are to be achieved through 4 outputs: (1) Regulatory Framework for Sustainable Energy, (2) Leverage Access to Finance, (3) Demonstration of Business Cases and Technologies, and (4) Upscaling and Replication of User cases.",,1,0,0,,0,,,0,2,0,0,0.045800,0.204500,,1,,
oecd-crs-energy-idn-2022-q-2026-09-28-md-21450492,OECD.DCD.FSD:DSD_CRS@DF_CRS(1.6),BEL,IDN,23210,14,60000,C01,C,Q,DD,21450492,USD,2022,0.100356,2024,A,6,6,Belgian Investment Company for Developing Countries,2022004553,2976,Far East Asia,UMICs,60000,,21,Non-export credit OOF,510,Common equity,1,RENEWABLE ENERGY ASIA FUND II - TASMA BIOENERGY,Renewable Energy Asia Fund II - Tasma Bioenergy,"The Renewable Energy Asia Fund II invests into small hydro, wind, geothermal, solar and biomass projects in Asian developing markets, with a primary focus on India, the Philippines and Indonesia. REAF II is a dedicated 250 mn USD fund for renewable energy in South and South East Asia.The fund will continue the same investment strategy of its predecessor fund of investing in pre-construction projects in which it can use its engineering and renewable energy experience to assist local developers to create a bankable project with a well-measured resource, feasible evacuation, and off-take solutions.Berkeley Energy believes that the target markets of the fund contain a large number of projects in early stages of development but a lack of project delivery, investment and structuring expertise.",7,,2,,,,,,,2,,,,,,8,4,Details of PSI activities that are reported under the institutional approach
oecd-crs-energy-idn-2022-q-2026-09-28-md-21440031,OECD.DCD.FSD:DSD_CRS@DF_CRS(1.6),BEL,IDN,23220,14,60000,C01,C,Q,DD,21440031,USD,2022,0.03619,2024,A,6,6,Belgian Investment Company for Developing Countries,2022006962,4225,Far East Asia,UMICs,60000,,21,Non-export credit OOF,510,Common equity,1,RENEWABLE ENERGY ASIA FUND II - SITANDUK HYDROPOWER,Renewable Energy Asia Fund II - Sitanduk Hydropower,"The Renewable Energy Asia Fund II invests into small hydro, wind, geothermal, solar and biomass projects in Asian developing markets, with a primary focus on India, the Philippines and Indonesia. REAF II is a dedicated 250 mn USD fund for renewable energy in South and South East Asia.The fund will continue the same investment strategy of its predecessor fund of investing in pre-construction projects in which it can use its engineering and renewable energy experience to assist local developers to create a bankable project with a well-measured resource, feasible evacuation, and off-take solutions.Berkeley Energy believes that the target markets of the fund contain a large number of projects in early stages of development but a lack of project delivery, investment and structuring expertise.",7,,2,,,,,,,2,,,,,,8,4,Details of PSI activities that are reported under the institutional approach
oecd-crs-energy-idn-2022-q-2026-09-28-md-21823450,OECD.DCD.FSD:DSD_CRS@DF_CRS(1.6),JPN,IDN,23630,13,10000,C01,D,Q,DD,21823450,USD,2022,0.265214,2024,A,6,6,Japanese International Co-operation Agency,2015003093,JICAIP-572,Far East Asia,UMICs,10000,Recipient Government,10,ODA,421,Standard loan,1,GEOTHERMAL DEVELOPMENT ACCELERATION PROGRAM (HULULAIS GEOTHERMAL POWER PLANT PROJECT (E/S)),Geothermal Development Acceleration Program (Hululais Geothermal Power Plant Project (E/S)),Construction of a power plant,,0,2,0,0,,,,0,1,0,0,,,,3,,
