line_id,Unique ID,Portfolios,Priority Areas,Total US$,Total ZAR,Source,Implementing Entity,Status,Description,Date of Financing Agreement Signed*,End Date,Institutional / South African Partner,Beneficiary,Euro - Amount,GBP - Amount,Euro - Amounts,DKK - Amount,Euro: Amount,CAD - Amount,CHF: Amount
zaf-jet-grants-register-2025-q1-overall-2,EU001,Electricity,Transmission,162000,2852820,European Union,Presidential Climate Commission ,D. Completed,Presidential Climate Commission (PCC) Energy Modelling: The funding is to facilitate the PCC work on granular net-zero pathways for the economy and to support South African policy makers to access South African climate related socio-economic modelling focusing on key sectors (transport and energy) and key provinces (Mpumalanga and Eastern Cape). ,2022-01-01,2023-12-29,,,,,,,,,
zaf-jet-grants-register-2025-q1-overall-3,EU002,Electricity,Manufacturing and localising clean energy value chain,2160000,38102400,European Union,"WWF SA, Green Cape, Democracy Works Foundation, Association for Rural Advancement, Social Change Assistance Trust",C. Implementation Phase,"The Climate Change Champions: The Climate Change Champions, funded under the thematic programme “Civil Society Organisations (CSOs) and Local Authorities (LAs) 2014-2020”, resulted in the allocation of 5 grants. The specific objective of the call is to increase the participation of South African CSOs in tackling climate change, mitigating greenhouse gases emissions and adapting to its adverse effects. The aim is to tackle climate change while enhancing gender equality and participation of the youth.",2021-11-01,2024-12-31,,,,,,,,,
zaf-jet-grants-register-2025-q1-overall-4,EU003,JT-Mpumalanga,Manufacturing and localising clean energy value chain,86400,1524096,European Union,Presidential Climate Commission ,C. Implementation Phase,"PCC Stakeholder and community engagement: The  funding is to facilitate PCC stakeholder and community engagements in Mpumalanga and Eastern Cape with knowledge products, workshops, dialogues and exchanges of experiences. The PCC will decide on the proposed focus on investment opportunities arising from just transition.",2023-01-02,2024-12-31,,,,,,,,,
zaf-jet-grants-register-2025-q1-overall-5,EU004,Electricity,Manufacturing and localising clean energy value chain,21600,21600,European Union,Presidential Climate Commission ,D. Completed,"PCC Communication: Translation into Venda, Zulu, and isiXhosa of the Just Transition Framework to enhance information accessibility. Additionally, funding will be used to create communication materials and infographics to bolster the PCC stakeholder engagement process.",2023-01-01,2023-12-31,,,,,,,,,
zaf-jet-grants-register-2025-q1-overall-6,EU005,Municipalities,Capability and capacity,16200000.000000002,285768000.00000006,European Union,"National Treasury: COGTA, SALGA, selected municipalities",C. Implementation Phase,"Bridging Inequalities through Greening of Municipal Services: The action will support selected South African cities to address some of these key service delivery challenges while focusing on smart and green solutions, enabled by digitalisation and the use of technologies. It will help build adaptive capacity and capabilities in the face of climate change, resource depletion, financial shocks, growing inequality and poverty, in particular inequality in sustainable access to (greener) water, energy or waste management services.",2023-04-01,2027-12-31,,,,,,,,,
zaf-jet-grants-register-2025-q1-overall-7,EU006,Skills,Mobilise PSET funding for JET,172800,3048192,European Union,University of Cape Town,C. Implementation Phase,"Response of the Earth System to overshoot, Climate neutrality and negative Emissions under Horizon Europe: The RESCUE project will improve knowledge and understanding in area of this call: “Climate and Earth System responses to climate neutrality and net negative emissions”, by pursuing two overall objectives: 1) Quantify the climate and Earth system responses to pathways achieving climate neutrality by Carbon Dioxide Removal (CDR) deployment with and without temperature overshoot, and 2) Assess the potential role of CDR in reducing net GHG emissions, as well as its potential environmental risks and co-benefits.",2022-01-01,2026-12-31,,,,,,,,,
zaf-jet-grants-register-2025-q1-overall-8,EU007,Skills,Mobilise PSET funding for JET,270000,4762800,European Union,University of Johannesburg,C. Implementation Phase,Circular economy industrial symbiosis under Horizon Europe: Circular economy industrial symbiosis ,2022-01-01,2026-12-31,,,,,,,,,
zaf-jet-grants-register-2025-q1-overall-9,EU008,Electricity,IIPSA Infrastructure Investment Programme for SA,37800000,666792000,European Union,"DFIs (DBSA, AFD and EIB) and municpalities.",C. Implementation Phase,"Grant to facilitate infrastructure investment of municipalities: Infrastructure Investment Programme for SA (IIPSA) was launched in 2014. It focuses on blending of the EU grants with loans from DFIs in support of infrastructure projects. Sustainable energy, transport, green hyrdogen, water are among the focal sectors of the programme. Approx. €35M will be programmed with focus on electricity generation, battery storage, transport, green hydrogen and water.",2021-11-01,2025-12-30,,,,,,,,,
zaf-jet-grants-register-2025-q1-overall-10,UK001,Electricity,Coal plant decommissioning ,5056258.0697999997,89192392.351272002,United Kingdom,World Bank,C. Implementation Phase,"ESMAP (Energy Sector Management Assistance Program): Energy Sector Management Assistance Programme (ESMAP) to support the decommissioning of coal-fired power plants in SA. This project supports the Government of South Africa and Eskom to scope the technical, economic, environmental, and social practicalities of closing and/or repurposing coal-fired power plants. The objective is to strengthen the environmental and social technical readiness of decommissioning coal-fired power stations in South Africa.",2021-11-01,2026-12-31,Presidential Climate Commission (PCC),"Eskom, DMRP, PCC",,,,,,,
zaf-jet-grants-register-2025-q1-overall-11,UK002,Electricity,Coal plant decommissioning ,1402258.0697999999,24735832.351271998,United Kingdom,World Bank ,C. Implementation Phase,South Africa Programmatic Advisory Services and Analytics  (supported through ESMAP): The second ESMAP programme establishes the provision of Advisory Services and Analytics (including and advisory board) activities for South Africa. ,2022-01-01,2026-12-31,Presidential Climate Commission (PCC),"Eskom, DMRP, PCC",,,,,,,
zaf-jet-grants-register-2025-q1-overall-12,UK003,Electricity,Distribution ,117708.75,2072851.0874999999,United Kingdom,Ricardo and ECO,D. Completed,"City of Cape Town Grid Regulation Skill-share (UK PACT): Skill-share TA to support the City of Cape Town with the integration of small scale embedded generation onto their grids including support for design standard of networks, embedded generation impact studies, and assistance on financing mechanisms and funding models.",2022-01-01,2023-11-30,City of Cape Town ,,,,,,,,
zaf-jet-grants-register-2025-q1-overall-13,UK005,Electricity,Building capacity for success,165479.45000000001,2914093.1145000001,United Kingdom,CamNexus and Green Crowd,D. Completed,Energy One Stop Shop Skill-share (UK PACT): This skill-share supported the development of an efficient streamlined system through process mapping of regulation approval requirements for new energy generation projects. This will accelerate the approval/certification process of more renewable energy projects adding capacity to the grid. The focus was on municipal approval processes. ,2023-01-01,2023-11-30,"Department of Trade, Industry and Competition (DTIC) ",,,,,,,,
zaf-jet-grants-register-2025-q1-overall-14,UK006,JT-Mpumalanga,Diversifying local economies,432670,7619318.7000000002,United Kingdom,Council for Scientific and Industrial Research (CSIR),D. Completed,"Mapping Mitigation and Adaptation Pathways for a JET - Support for Sector Job Resilience Planning (UK PACT): The National Employment Vulnerability Assessment (NEVA) conducted by the DFFE and DTIC, identified a number of sectors/value chains as being vulnerable to climate change or that will be impacted by the just transition. In each of these sectors the NEVA identified a number of initiatives (particularly within the coal value-chain) with real job creation potential that need capacity and technical support to build into bankable opportunities. This project developed implementable business cases for a number of these initiatives. The respective business cases are for pilots in Mpumalanga including: Just Transition social protection; coal waste beneficiation; biomass from invasive plant species feasibility; and warning systems and tools to ensure energy and food security.
",2021-11-01,2023-03-31,"Department of Forestry, Fisheries and the Environment (DFFE), Mpumalanga Provincial Government ",,,,,,,,
zaf-jet-grants-register-2025-q1-overall-15,UK007,JT-Mpumalanga,Diversifying local economies,645311.25,11363931.112499999,United Kingdom,National Business Initiative (NBI),D. Completed,"Just Transition Pathways Project (UK PACT): The project identified pathways for the private sector to contribute to both an accelerated low carbon transition and just transition.  It provided detailed key sectoral modelling and analysis of the technical and socio-economic benefits of rapid low carbon expansion and the impact on macroeconomic factors such as economic growth, employment etc.",2021-11-01,2023-03-31,"Department of Forestry, Fisheries and the Enviornment (DFFE)","NBI Private Sector Membership, Business Unity South Africa (BUSA),",,,,,,,
zaf-jet-grants-register-2025-q1-overall-16,UK008,JT-Mpumalanga,Diversifying local economies,1163255.94,20519834.781599998,United Kingdom,"PwC, GreenCape, National Business Initiative",D. Completed,"The UK funded Climate Finance Accelerator (CFA): Gives capacity building support to low carbon businesses and projects in agriculture, forestry, energy, transport, circular economy and water sectors; putting them in the best position to attract investment from financiers. Everlectric, Hohm Energy and Wetility are three of the successful projects from South Africa following the first phase of CFA. ",2021-11-01,2024-12-31,Low carbon businesses,Low carbon businesses,,,,,,,
zaf-jet-grants-register-2025-q1-overall-17,UK009,JT-Mpumalanga,Policies for post-mining redevelopment,1650698.28,29118317.659200002,United Kingdom,GreenCape ,C. Implementation Phase,"Development of a Green Economy Cluster Organisation to Support Mpumalanga’s Role in the Validation, Implementation and Follow-on Research of the South African Renewable Energy Masterplan (SAREM) (UK PACT): This project builds more substantively on ongoing work related to the development of the South African Renewable Energy Masterplan (SAREM). It draws on the success that GreenCape has achieved as the Western Cape’s green economy cluster organisation by helping to establish a similar green economy cluster organisation in Mpumalanga (launched in 2022). The newly established green economy cluster organisation will work on practical opportunities to support the research behind the SAREM, making a significant contribution to creating green economy jobs and investment opportunities as part of the implementation of SAREM.",2021-02-01,2025-03-31,,,,,,,,,
zaf-jet-grants-register-2025-q1-overall-18,UK011,JT-Mpumalanga,Diversifying local economies,317027.5,5582854.2749999994,United Kingdom,"Trade & Industrial Policy Strategies (TIPS) (Lead), National Labour and Economic Development Institute (NALEDI), Peta Wolpe, GroundWork",D. Completed,"Distilling the Just Energy Transition in South Africa: Harmonising Conflict and Seeking Opportunities (UK PACT): The project focused on the two most coal-dependant municipalities in Mpumalanga (eMalahleni and Steve Tshwete) to identify economic diversification activities that the municipalities can develop, in conjunction with the local communities to promote job creation within the local economies. ",2021-02-01,2022-11-30,eMalahleni and Steve Tshwete Local Municipalities,Civil society and trade unions ,,,,,,,
zaf-jet-grants-register-2025-q1-overall-19,UK012,Electricity,Capacity building for renewable and greentech SMMEs,331250,5833312.5,United Kingdom,Trade Forward Southern Africa and partners ,D. Completed,"Trade Forward Southern Africa (TFSA): Information, capacity building and support to South African renewable energy and greentech products to promote their products, and access new markets through addressing no-tarriff barriers to trade and supporting market linkages. Overarching work seeks to promote SOuthern african renewable and greentech companies and industry as growing and attaractive sector for investment. ",2022-01-01,2024-02-29,,,,,,,,,
zaf-jet-grants-register-2025-q1-overall-20,UK013,Electricity,Diversifying local economies,22533.75,396819.33749999997,United Kingdom,ICLEI AFrica ,D. Completed,"Northern Cape Sustainable Energy Sector Support (Northern Cape SESS) (UK PACT): The Sustainable Energy Sector Support (SESS) project built a foundation for a sustainable energy transition within the Northern Cape and more broadly the green economy sector, for Small, Medium and Micro Enterprises to thrive. The SESS project worked with the Northern Cape Provincial Government to create an enabling environment for the creation of a small-scale sustainable energy industry via enhanced stakeholder networks, co-development and deployment of relevant knowledge products and training for the local sustainable energy sector to develop. ",2023-02-01,2023-10-31,Northern Cape Provincial Government,,,,,,,,
zaf-jet-grants-register-2025-q1-overall-21,UK014,Municipalities,Operational: Energy access design,153880,2709826.8,United Kingdom,ICLEI Africa ,D. Completed,Alternative Financing Models for Embedded Generation of Renewable Energy in South African Municipalities (UK PACT): The project developed alternative finance models for embedded generation projects within secondary municipalities and built capacity within these municipalities to enable pre-feasibility studies for embedded generation projects that could ultimately be developed through the technical and financial support of the DBSA and Green Climate Fund’s ~R4bn Embedded Generation Investment Programme (EGIP).  ,2021-11-01,2022-05-31,"King Sabata Dalindyebo, Matzikama, Ray Nkonyeni and Walter Sisuslu Local Municipalities, Development Bank of Southern Africa (DBSA) ",,,,,,,,
zaf-jet-grants-register-2025-q1-overall-22,UK015,Municipalities,Capability and capacity,187783.75,3306871.8374999999,United Kingdom,Arup South Africa ,D. Completed,"eThekwini Regional Hydrogen Economy Study  (UK PACT): This project assessed the feasibility and pathway for establishing a hydrogen economy in eThekwini Metropolitan Municipality. The completed study, launched by the Mayor of eThekwini in March 2023, included a combination of literature reviews, trend analysis and engagements with various eThekwini Municipality departments and stakeholders. It focussed on the production of hydrogen, distribution and storage, and consumption in the transport sector and large energy and power industries. The study explored the potential role of hydrogen in storing intermittent renewable energy thereby accelerating its deployment.",2021-11-01,2022-08-31,eThekwini Metropolitan Municipality ,,,,,,,,
zaf-jet-grants-register-2025-q1-overall-23,UK016,Municipalities,Capability and capacity,381589.74,6731243.0136000002,United Kingdom,Sustainable Energy Africa (SEA),C. Implementation Phase,"City of Johannesburg Climate Action Plan Implementation Tracking (UK PACT): This project is supporting the City of Johannesburg to establish the necessary data tools to bring civil society, business and other organisations into the process of monitoring the implementation of the City’s Climate Action Plan (CAP). The project will also explore new tools to reduce emissions through embedded generation support, net-zero building and land mapping for climate adaptation.",2022-11-01,2025-03-31,City of Johannesburg ,,,,,,,,
zaf-jet-grants-register-2025-q1-overall-24,UK017,Municipalities,Collective planning,6463800,114021432,United Kingdom,C40 Cities,C. Implementation Phase,Urban Climate Action Programme (UCAP): Supporting key cities to implement and embed their net-zero climate action plans through their membership to the C40 Cities network. The Cities Finance Facility (CFF) is a multi-donor project preparation facility for low-carbon infrastructure which includes Cape Town and Drakenstein.,2022-11-01,2025-12-31,"City of Johannesburg ,Tshwane, Cape Town, Mbombela and Drakenstein","City of Johannesburg ,Tshwane, Cape Town, Mbombela and Drakenstein",,,,,,,
zaf-jet-grants-register-2025-q1-overall-25,UK018,Municipalities,Collective planning,514537.5,9061005.375,United Kingdom,GreenCape ,D. Completed,"Supporting the Effective Integration of Resilience Building, Alternative Service Delivery Approaches and Climate Change Adaptation and Mitigation into the Implementation of the City of Cape Town’s Infrastructure Planning and Delivery Framework (IPDF) (UK PACT): This project assisted with the evaluation of the City’s Infrastructure portfolio in order to understand the opportunities for City infrastructure planning and investment to respond to the environmental, social and economic risks associated with climate change. ",2022-01-01,2023-06-30,City of Cape Town ,,,,,,,,
zaf-jet-grants-register-2025-q1-overall-26,UK019,NEVs,Capability and capacity,377552.5,6648699.5249999994,United Kingdom,Nelson Mandela University and Cenex,D. Completed,"Shifting the Transport Paradigm – Electric Vehicles (UK PACT): The project built capacity, knowledge and information sharing at a national and local government level to promote electric vehicles (EVs) in line with the Department of Transport’s (DoT) Green Transport Strategy and promoted the uptake of and the development of the EV industry in South Africa.",2021-11-01,2023-03-31,"Department of Transport (DoT), Department of Forestry, Fisheries and the Environment (DFFE) and Western Cape Provincial Government (year 1) Tshwane, eThekwini and Nelson Mandela Bay Municipalities (year 2)",,,,,,,,
zaf-jet-grants-register-2025-q1-overall-27,UK020,NEVs,Capability and capacity,185216.25,3261658.1625000001,United Kingdom,Sustainable Energy Africa (SEA),D. Completed,"Electric Vehicle Readiness in City of Johannesburg (UK PACT): The project built the capacity of City of Johannesburg officials to make them EV ready, by building a deep understanding of the technical abilities of the city to plan for an EV future in terms of the provision of infrastructure and the setting of fair, yet attractive tariffs.",2021-11-01,2022-12-31,City of Johannesburg ,,,,,,,,
zaf-jet-grants-register-2025-q1-overall-28,UK021,Green hydrogen,GH and Green Ammonia,2021655.9788453919,35601361.787467353,United Kingdom,"InnovateUK, Worldbank IFC",D. Completed,Clean Energy Innovation Facility (CEIF 1.0) Phase 1 - CEIF supported the decarbonisation of South Africa's industrial sector through funding piloting and demonstration projects which create a sustainable sift in the local Energy market i.e. piloting green ammonia production using green hydrogen.,2021-11-01,2023-03-31,,,,,,,,,
zaf-jet-grants-register-2025-q1-overall-29,UK022,Skills,Skills hub for JET,307736.25,5419235.3624999998,United Kingdom,"South African Institute of International Affairs (SAIIA), Trade and Industrial Policy Strategies (TIPS), University of Cape Town (UCT) Energy Research Centre, KPMG, Bambili Energy",D. Completed,"Building the Green Hydrogen Economy Just Energy Transition (UK PACT): Co-creating a Just Labour Transition through the Technical and Vocational Education and Training (TVET) College System in South Africa. The project fed into a specific component of the Hydrogen Society Roadmap which involves assessing the skills needed for transitioning to a green hydrogen economy in South Africa, with a particular focus on how to position the TVET college system to supply high-quality skills to meet the future GHE requirements. ",2021-11-01,2022-04-30,"Department of Science and Innovation (DSI); Department of Higher Education and Training (DHET), Energy and Water SETA (EW SETA) ",,,,,,,,
zaf-jet-grants-register-2025-q1-overall-30,UK023,Skills,Mobilise PSET funding for JET,298632.5,5258918.3250000002,United Kingdom,NAACAM and Elangeni TVET College,D. Completed,High Gear: Development of an NEV study to identify priority EV competencies necessary to support the growth and functioning of EV manufacturing and servicing sectors to enable more TVET graduates to enter the emerging industry,2022-11-01,2023-06-30,,,,,,,,,
zaf-jet-grants-register-2025-q1-overall-31,UK024,Skills,Mobilise PSET funding for JET,95768.75,1686487.6875,United Kingdom,"IOPSA,Blu Lever, NBI",D. Completed,Green Skills in IRM: 100 beneficiaries (IOPSA plumbing training graduates) provided with green skills training (solar geyser installations and  for improved employment and earning prospects. 100 beneficiaries (IOPSA graduates) provided with green skills training (solar pump installations and  for improved employment and earning prospects.,2022-11-01,2023-06-30,,,,,,,,,
zaf-jet-grants-register-2025-q1-overall-32,UK025,Electricity,Energy Sector Decarbonisation Pathways ,249013.75,4385132.1375000002,United Kingdom,Council for Scientific and Industrial Research (CSIR) and University of Cape Town (UCT),D. Completed,"Energy Sector Decarbonisation Pathways to Meet a Net-Zero Emissions Target by 2050 (UK PACT): This project set out the key business as usual and decarbonisation scenarios for the energy sector focusing on electricity, petroleum and transport sectors to meet the net zero emissions target by 2050 consistent with the Paris Agreement.  It also undertook modelling analysis to examine the overall environmental, economic and social impacts of the different pathways.",2022-10-01,2024-03-31,Presidential Climate Commission (PCC),,,,,,,,
zaf-jet-grants-register-2025-q1-overall-33,UK026,Skills,UK PACT Secondment,30893.502628730388,544034.58129194216,United Kingdom,UK PACT secondee recruited ,D. Completed,UK PACT Secondment - Part 1 (2021/2022) - The job holder was seconded to the Secretariat of the Presidential Climate Commission (PCC): The secondee faciliated peer-to-peer exchange with the UK’s Climate Change Committee and supported the the convening of stakeholder meetings in the lead up to the development of the Commission's Just Transition Framework.,2021-11-01,2022-01-21,Presidential Climate Commission (PCC),,,,,,,,
zaf-jet-grants-register-2025-q1-overall-34,UK027,Skills,Energy Secretariat -  UK PACT Skill-share,48981.25,862559.8125,United Kingdom,Ricardo,D. Completed,"Energy Secretariat Skill-share (UK PACT):The skill-share provided Monitoring, Evaluation and Learning (MEL) support to DSI and SANEDI to develop a Theory of Change and a MEL framework for the Energy Secretariat at an organisation-level and for the draft Energy, Science, Technology and Innovation Plan (ESTIP).",2021-11-01,2023-09-30,"Department of Science and Innovation (DSI),
South African National Energy Development Institute (SANEDI)
",,,,,,,,
zaf-jet-grants-register-2025-q1-overall-35,UK028,Skills,Operationalising Energy Performance Certificates,230622.5,4061262.2250000001,United Kingdom,Carbon Trust and Green Building Council of South Africa ,D. Completed,Operationalising Energy Performance Certificates (UK PACT): The project supported the South African National Energy and Development Institute (SANEDI) in its role in facilitating the operationalisation of EPC data and the implementation of the Mandatory EPC for Buildings Regulation. ,2021-11-01,2023-03-30,"Department of Science and Innovation (DSI),
South African National Energy Development Institute (SANEDI)
",,,,,,,,
zaf-jet-grants-register-2025-q1-overall-36,UK029,Skills,Climate Compatible Growth Facility,87500,1540875,United Kingdom,Loughborough University and UCT,D. Completed,"Support to PCC on key projects for JETP including UK-SA institutions (UCT with Imperial, Oxford, Cambridge, Loughborough) ",2023-01-01,2023-12-31,,,,,,,,,
zaf-jet-grants-register-2025-q1-overall-37,UK030,Skills,UK-IFC Market Accelerator for Green Construction (MAGC) Programme – Advisory Services (Technical Assistance),1198818.87048,21147164.8752672,United Kingdom,IFC,C. Implementation Phase,"UK-IFC Market Accelerator for Green Construction (MAGC) Programme – Advisory Services: 1. providing technical assistance including building the knowledge and skills base of the industries and governments in the supported countries, 2. improvement and enhancement of IFC’s EDGE building standards, 3. Research,  building evidence by quantifying the financial and emissions case for this demonstration portfolio of buildings to drive wider uptake.",2021-11-01,2026-12-31,,,,,,,,,
zaf-jet-grants-register-2025-q1-overall-38,UK031,Skills,Emissions and energy data modelling improvements - support to UCT,881729.1,15553701.324000001,United Kingdom,"University of Loughborough, University of Cape Town, Imperial University and University of Central London",C. Implementation Phase,"Support to UCT: Improving the quality and usability modelling data for energy planning and emissions, including staff to answer queries and potential training of relevant public bodies on emissions modelling",2023-08-01,2026-03-30,UCT,,,,,,,,
zaf-jet-grants-register-2025-q1-overall-39,UK033,JT-Mpumalanga,Diversifying local economies,124482.33,2195868.3012000001,United Kingdom,PwC,C. Implementation Phase,"Project pipeline development: Identification, verification and vetting of municipal projects to enable development partners to deploy JETP funding",2023-09-01,2027-08-04,,,,,,,,,
zaf-jet-grants-register-2025-q1-overall-40,UK034,Municipalities,Independent power producer procurement ,569057.57999999996,10038175.711199999,United Kingdom,"University of Pretoria, Pinsent Masons Africa, Kim Adonis Consulting, Cornerstone Infrastructure Advisers, Enterprises University of Pretoria
",C. Implementation Phase,"Enabling municipal energy generation and procurement (UK PACT): The project aims to equip municipalities with reference guides, procurement materials and a comprehensive training programme to enable them to implement  their own independent power producer procurement programme.",2024-03-01,2025-06-30,South African Local Government Association (SALGA),Municipalities ,,,,,,,
zaf-jet-grants-register-2025-q1-overall-41,UK035,Municipalities,Municipal revenue modelling,584042.76,10302514.2864,United Kingdom,Sustainable Energy Africa (SEA),C. Implementation Phase,Policy research and support for energy pricing reform and municipal energy procurement (UK PACT):  Support the Presidential Climate Commission (PCC) with policy research and support for energy pricing reform and municipal energy procurement; support SALGA with a study of and legal support regarding alternative ownership models,2024-02-01,2025-09-30,Presidential Climate Commission (PCC); South African Local Government Association (SALGA),,,,,,,,
zaf-jet-grants-register-2025-q1-overall-42,UK037,Green hydrogen,Infrastructure ,1255645.44,22149585.5616,United Kingdom,"Ikigai Capital (UK); DNV (UK); Thames Estuary Growth Board (UK); University of Kent Public University; University College London (UK); National Gas Transmission (UK), PLC",C. Implementation Phase,Eastern Cape Green Hydrogen Production and Export Infrastructure Feasibility Study (UK PACT): This feasibility study centres on the creation of infrastructure for the production and export of green hydrogen from South Africa's Eastern Cape region to the United Kingdom and other markets. ,2024-02-01,2025-12-12,Industrial Development Corporation (IDC)," Department of Mineral Resources and Energy (DMRE),National Treasury, Department of Transport (National and Provincial Government), Department of Trade Industry and Competition ",,,,,,,
zaf-jet-grants-register-2025-q1-overall-43,UK039,Green hydrogen,Energy Secretariat -  UK PACT Skill-share Part 2,68837.5625,1212229.475625,United Kingdom,GreenCrowd and CamNexus,D. Completed,"Energy Secretariat Part 2 (UK PACT): Supporting the set up and design of the Energy Secretariat (embedded in SANEDI). This skill-share will provide organisational design and MEL support to the counterpart organisations in relation to the roles and responsibilities of the Secretariat. It should be noted that the Secretariat, as an institution, has not yet been established and resourced, hence a significant portion of this skills share support will focus on providing organisational design support.",2023-09-01,2023-11-30,"Department of Science and Innovation (DSI),
South African National Energy Development Institute (SANEDI)
",,,,,,,,
zaf-jet-grants-register-2025-q1-overall-44,UK042,JT-Mpumalanga,Estimating the health impacts from coal-fired power stations in South Africa,37095.660000000003,654367.44240000006,United Kingdom,South African Medical Research Council,C. Implementation Phase,"To document the literature on the health impacts of coal-fired power stations globally and specifically for South Africa, and to estimate mortality (and possibly morbidity) risks in the districts where the coal-fired power stations are located compared to districts where no coal-fired power stations are located.",2023-09-01,2025-03-01,,South African Medical Research Council ,,,,,,,
zaf-jet-grants-register-2025-q1-overall-45,UK043,JT-Mpumalanga,Early-stage pipeline scoping in Mpumalanga for JETP SME investment,1638000,28894320,United Kingdom,BCG,C. Implementation Phase,Mobilise and stimulate private investment for SMEs in Mpumalanga to support economic diversification priorities in the Just Energy Transition Partnership (JETP). Intervention via early-stage pipeline development support to SME investors and pre-/post-investment technical assistance to investees. ,2023-07-01,2025-03-31,,SME's in Mpumalanga ,,,,,,,
zaf-jet-grants-register-2025-q1-overall-46,UK044,JT-Mpumalanga,Agribusiness investment support for JETP in Mpumalanga,1183109.76,20870056.1664,United Kingdom,Technoserve,C. Implementation Phase,"Agribusiness investment falls under the UK commitment to JETP (economic diversification/’just’ agenda): Agribusiness investors require pipeline sourcing/generation support to go beyond the large-scale investments currently visible to them, to find new climate-friendly agriculture opportunities, AND/OR to work with their existing investees to drive greater inclusion in their supply chains. To further ‘just’ agribusiness investment, this project will (a) identify which among its existing investment partners, or new ones within the JETP network, have either existing agri investments in SA or plans to expand investment and (b) provide technical assistance either to potential investee companies (to get them closer to bankability) or existing investee companies (to better drive job creation and small farmer inclusion).  Providing Pre-investment technical assistance (TA) to 8 high potential farms,connecting them to agri-lenders and impact investors. Programme will also provide TA to 2 specialist agri-lenders to high margin fruit and nuts sector ",2023-08-01,2026-03-31,,Agribusiness in Mpumalanga,,,,,,,
zaf-jet-grants-register-2025-q1-overall-47,UK045,JT-Mpumalanga,Responsible land use,378000,6667920,United Kingdom,Public Affairs Research Institute (PARI); ALIGN,C. Implementation Phase,"Developing guidelines for responsible land-based investment governance using municipal prototypes: Cities in SA are critical to economic development and just transition through effective land-use planning, increased investment, and urban governance. Most SA cities, especially secondary cities, have jurisdiction over private, public and traditional land with potential for investment in energy, transport, agriculture, bulk infrastructure, manufacturing, and tourism. However, cities lack capacity to apply land rights related principles and land-use planning methodologies, are unfamiliar with land-use financing options and tools, and require assistance identifying viable opportunities for benefit-sharing with local communities. To promote more effective land-use investment, this project will include TA to local governments on (a) land-based financing – opportunities for land revenues to be reinvested in local economic development, (b) identification and preparation of strategic projects for green economy – including energy, tourism, and green SMEs, and (c) community engagement for benefit-sharing.",2023-08-01,2024-11-30,,,,,,,,,
zaf-jet-grants-register-2025-q1-overall-48,UK046,Municipalities,Infrastructure project preparation and local economic development capacity building ,1323000,23337720,United Kingdom,"First PWC then Adam Smith Consortium, including Pegasys, Turner Townsend, Deloittes, Zutaria – south Africa entities",C. Implementation Phase,Implementation of local economic development strategies and plans including support for JET through economic diversification  - in Mpumalanga - Steve Tshwete and Mbombela (Urban Programme),2023-06-01,2027-07-30,COGTA etc ,Municipalities in Mpumalanga,,,,,,,
zaf-jet-grants-register-2025-q1-overall-49,UK047,Skills,UK PACT Secondment,88200,1555848,United Kingdom,Palladium,C. Implementation Phase,UK PACT Secondment- Year 2 (2023/2024): The job holder was seconded to the Secretariat of the Presidential Climate Commission (PCC). The secondee facilitated peer-to-peer exchange with the UK’s Climate Change Committee and supported the the convening of stakeholder meetings in the lead up to the development of the Commission's Just Transition Framework.,2023-05-01,2025-12-31,,,,,,,,,
zaf-jet-grants-register-2025-q1-overall-50,UK048,Electricity,UK-IFC Market Accelerator for Green Construction (MAGC) Programme - – Capital Investment,2946774.1968,51981096.831551999,United Kingdom,IFC and Business Partners Limited,C. Implementation Phase,"MAGC will provide a Performance Based Incentive (PBI), for pre-agreed eligibility criteria, that will partly offset greening and EDGE certification costs for developers: The proceeds from IFC’s loan are fully earmarked for EDGE-certified residential housing developments, including in the affordable housing segment.This first MAGC investment will support Business Partners Limited, a South African non-banking financing entity specialised in loans and mentorship for SMEs to advance energy efficiency initiatives in South Africa. The deal provides financing for a 5-year loan aiming to build 90 Excellence in Design for Greater Efficiencies, (EDGE) certified buildings and will also provide a customised advisory service programme to support the green building capacity for staff and external construction stakeholders.",2021-11-01,2026-12-31,"Financial Intermediaries, Green building developers, policy-makers.","Commercial and industrial developers, for the benefit of Small and medium enterprises (SMEs)",,,,,,,
zaf-jet-grants-register-2025-q1-overall-51,UK049,Electricity,UK-IFC Market Accelerator for Green Construction (MAGC) Programme - – Capital Investment,2946774.1968,51981096.831551999,United Kingdom,IFC and Nedbank,C. Implementation Phase,"IFC will provide advisory services in South Africa in line with the aims of the MAGC program: This second MAGC investment in South Africa provides Nedbank with a US$31.1m IFC investment for financing EDGE-certified residential housing developments. The bond will enable a significant increase in EDGE-certified green residential developments in South Africa, 75% of which is targeted to be affordable housing on a best efforts basis. Scaling up green building financing, particularly in the residential sector, is critical to support the decarbonisation of South Africa’s energy sector while contributing to economic recovery and addressing the large housing deficit in the country. An advisory Services project will run alongside the investment, providing the bank EDGE-tool training and green building certification support, and support the bank in integrating EDGE processes.",2021-11-01,2026-12-31,"Financial Intermediaries, Green building developers, policy-makers.","Commercial and industrial developers, for the benefit of Small and medium enterprises (SMEs)",,,,,,,
zaf-jet-grants-register-2025-q1-overall-52,UK050,Electricity,Energy Transition Roadmap ,360356.25,6345873.5625,United Kingdom,BCG,D. Completed,"Strategy report and and an initiative and market structure detailing for an Energy Transition Roadmap (ETR): The Energy Council will produce an Energy Transition Roadmap. The ETR will focus on defining potential delivery pathways for an integrated energy system and identifying and detailing out critical initiatives needed through to 2034 to drive implementation of an energy transition plan, in support of South Africa's energy transition and NDCs. This fund will be for the continuation of an inception report of the ETR",2024-01-17,2024-03-31,Energy Council ,,,,,,,,
zaf-jet-grants-register-2025-q1-overall-53,UK051,JT-Mpumalanga,Investment Project Preparation ,4912482.96,86656199.414399996,United Kingdom,"Intially PWC, then Adam Smith International consortium (with Pegasys, Turner Townsend, Deloittes and Zutari South Africa entities)",C. Implementation Phase,"Creating infrastructure pipeline and implementing projects in JETP sectors- particularly water and energy: 80% Creating infrastructure pipeline and implementing projects in JETP sectors- with an initial focus on AfDB projects in Mpumalanga, focused on water and energy distribution. 20% ad hoc technical assistance ",2023-09-01,2027-08-30,"Various Municipalities, COGTA, NT, DWS, Necom","South African Municipalities with a focus on municipalities in Mpumalanga 
",,,,,,,
zaf-jet-grants-register-2025-q1-overall-54,UK053,Electricity,Infrastructure ,1259193.6000000001,22212175.104000002,United Kingdom,"NEPAD Business Foundation, Siemnans, Letsema Consulting ",C. Implementation Phase,"This project seeks to develop investable, implementable climate action plans, bolstered by business cases and the identification of appropriate funding mechanisms (including existing funding sources and new funding models), in collaboration with 6 of the 26 public universities. The project relies on the use of industry-proven modelling and simulation tools (tailored for the South African context), allowing data from energy audits to inform a strategic energy transition and decarbonisation roadmap.

The project will be executed using a unique “smart campus scoping” process, which has been used for universities around the world. The project seeks to replicate this process in a manner that is tailored to the South African environment and circumstances. The “smart campus scoping” approach has enabled universities to establish a clear roadmap towards achieving their climate change objectives, including tangible outputs such as onsite renewable energy generation projects.",2024-08-01,2026-08-31,DHET,"6 South African Public Universities- University of Mpumalanga, Mangosuthu University of Technology, Sefako Makgatho Health Sciences University, Tshwane University of Technology, University of Fort Hare, University of Venda ",,,,,,,
zaf-jet-grants-register-2025-q1-overall-55,UK054,Electricity,Electricity Markets and Tariffs,378000,6667920,United Kingdom,Energy Council ,C. Implementation Phase,"Energy Council to privide support for Necom Markets Workstream around the next stages for implementing the South Africa Wholesale Energy Market. The project will support the rollout of renewables in the market system, look at potential issues with market pricing, as well as provide advice in practical areas such as capacity market design and procurement methodologies. ",2024-11-11,2025-03-31,,NECOM,,,,,,,
zaf-jet-grants-register-2025-q1-overall-56,UK055,Electricity,Solar Generation ,52920,933508.8,United Kingdom,Sunrise Network,C. Implementation Phase,"TEA@SUNRISE: £1m research and innovation project under the broader FCDO Transforming Energy Access platform that seeks to convene experts and innovators across the UK, Africa, Asia and the Indo-Pacific around Next Generation Solar and contribute to the development of locally-manufacturable thin film solar technologies. The project is being implemented between 2024 and 2026 in partnership with the Sunrise Network, led by Swansea University, and members in over 15 countries, including the University of KwaZulu-Natal in South Africa which has been allocated £42k.  The project promotes sustainable, equitable, and locally appropriate clean energy solutions. It aims to democratise solar PV manufacturing, reduce carbon emissions, and address environmental justice concerns.",2024-01-01,2026-09-30,,University of KwaZulu Natal,,,,,,,
zaf-jet-grants-register-2025-q1-overall-57,GR001,Electricity,Coal plant decommissioning ,7560000.0000000009,133358400.00000001,Germany,Eskom,B. Approved,"Investments in the Power Sector Reform Programme: Promotion of a sustainable energy transition, e.g. by expanding renewable energy capacities",2025-06-30,2025-12-31,ESKOM,"Study facility serves experts, managers of Eskom and IPPs, population impacted by coal plant decomissioning",,,,,,,
zaf-jet-grants-register-2025-q1-overall-58,GR002,Electricity,Enabling Environment,10260000,180986400,Germany,DMRE,D. Completed,"SAGEN-CET (Capacities for the Energy Transition): TA, specifically capacity building on power sector reform topics, organizational development and gender mainstreaming",2021-11-01,2024-12-31,"DMRE, Eskom, NT, SALGA, NERSA, Universities, NTCSA, SACN and the private sector","Experts and managers from the policy-making, management, administrative and technical levels in public organisations in the power sector (intermediaries at the same time).  ",,,,,,,
zaf-jet-grants-register-2025-q1-overall-59,GR003,Electricity,Enabling Environment,16740000.000000002,295293600.00000006,Germany,DMRE,C. Implementation Phase,"South African-German Energy Programme 4 (SAGEN 4): South African-German Energy Programme 4 (SAGEN 4): Supports institutions in the South African Energy landscape in implementing the processes and reforms in the fields of power sector reform, energy policy and regulation, power systems planning and operation, embedded generation in distribution networks and municipal energy management systems ",2022-01-01,2025-12-31,"DMRE, Presidency, MoE, OV, NERSA, Eskom, NTCSA, SALGA, Municipalities","Intermediaries to the broader target groups incl. decission makersm regulators and stakeholders on national level, municipalities",,,,,,,
zaf-jet-grants-register-2025-q1-overall-60,GR004,Green hydrogen,Enabling Environment,3240000,57153600,Germany,DTIC,C. Implementation Phase,Enabling Long-Term de-fossilisation Pathways through Power-to-X (PtX Pathways) South African Component: TA on supporting the build up of a sustainable PtX economy,2021-11-01,2025-06-30,"dtic, CSIR","Government representatives at national and provincial level, municipal representatives, NGO representatives, project developers, companies, ",,,,,,,
zaf-jet-grants-register-2025-q1-overall-61,GR005,Electricity,Enabling Environment,4500360,79386350.400000006,Germany,"DMRE; private sector, civil society, other relevant national institutions",C. Implementation Phase,South African – German Energy Partnership: All funds already committed.,2021-11-01,2026-12-31,DMRE,Government representatives at national,,,,,,,
zaf-jet-grants-register-2025-q1-overall-62,GR006,Electricity,Enabling Environment,4860000,85730400,Germany,DMRE,C. Implementation Phase,SAGEN-CET2 (Capacities for the Energy Transition2): Funds only available once project is commissioned ,2024-01-01,2026-12-31,"DMRE, NTCSA, NERSA, SALGA","Experts and managers from the policy-making, management, administrative and technical levels in public organisations in the power sector (intermediaries at the same time).  ",,,,,,,
zaf-jet-grants-register-2025-q1-overall-63,GR007,JT-Mpumalanga,Diversifying local economies,16200000.000000002,285768000.00000006,Germany,DFFE,C. Implementation Phase,"Just Transition to a Decarbonised Economy (JUST SA): The JUST SA project, implemented by GIZ, Green Cape, NBI, TIPS, and WWF SA, aims to support South Africa's transition to a low-carbon, climate-resilient economy. GIZ coordinates the program, providing grants and overseeing financial management, while working closely with partners such as the Department of Forestry, Fisheries and the Environment (DFFE), Presidential Climate Commission Secretariat (PCC), and other stakeholders. The project focuses on stakeholder participation in policy development, provincial green economic development, skills development, model projects on municipal level, and mine rehabilitation. ",2022-06-01,2027-08-31,"JUST SA Consortium (including Green Cape, NBI, TIPS, Yes4Youth, WWF SA, GIZ)","Decission makers on national level, Government of Mpumalanga,  coal value chain representatives SMMEs ",,,,,,,
zaf-jet-grants-register-2025-q1-overall-64,GR008,Electricity,Piloting social ownership models,21600000,381024000,Germany,INFRA IMPACT COMMUNITY TRUST FUNDING (PTY) LTD,C. Implementation Phase,Innovative Financing of Green Infrastructure: The project will refinance the equity shares of South African Community Trusts in projects under the national REI4P. ,2022-01-01,2028-12-31,INFRA IMPACT COMMUNITY TRUST FUNDING (PTY) LTD,Comunity Trusts (TC) of Municipalities ,,,,,,,
zaf-jet-grants-register-2025-q1-overall-65,GR009,Electricity,Piloting social ownership models,21600000,381024000,Germany,INFRA IMPACT COMMUNITY TRUST FUNDING (PTY) LTD,B. Approved,Innovative Financing of Green Infrastructure II: Expansion of the refinancing facility under phase I.,2024-01-01,2030-12-31,INFRA IMPACT COMMUNITY TRUST FUNDING (PTY) LTD,Comunity Trusts (TC) of Municipalities ,,,,,,,
zaf-jet-grants-register-2025-q1-overall-66,GR010,Municipalities,Preparing a conducive environment for private sector investment,21600000,381024000,Germany,"DMRE/ Presidency/ IDC; Municipalities, Provincial Government, State-Owned Entities, private sector",C. Implementation Phase,"Energy Efficiency in Public Buildings and Infrastructure Programme (EEPBIP): EUR 8.7m TA, EUR12.3m Partial Credit Guarantee (IDC). Budget pro rata-ed for Nov 2021 start date with agreement of JETP",2021-11-01,2026-12-31,DMRE; NBI; Presidency; IDC,Municipalities ,,,,,,,
zaf-jet-grants-register-2025-q1-overall-67,GR011,Green hydrogen,Infrastructure ,24840000,438177600,Germany,"IDC, Private and public companies ",B. Approved,Promotion of Green Hydrogen,2022-01-01,2029-12-31,Industrial Development Corporation (IDC),Catalytical project developers in the field of Green Hydrogene in South Africa,,,,,,,
zaf-jet-grants-register-2025-q1-overall-68,GR012,Green hydrogen,Infrastructure ,16740000.000000002,295293600.00000006,Germany,"MoEE; DTIC, DMRE, IDC, DFFE, DPWI, SABS, HySA, SANEDI",C. Implementation Phase,Promoting a Green Hydrogen Economy in South Africa (H2.SA): All funds already committed.,2021-11-01,2025-12-31,"MoEE, HySA Network, Infrastructure SA, SANEDI, HSRC","Government representatives and at national and provincial level, municipal representatives, NGO representatives, project developers, companies, ",,,,,,,
zaf-jet-grants-register-2025-q1-overall-69,GR013,Skills,Mobilise PSET funding for JET,23760000,419126400,Germany,"NBI; TVET Colleges (False Bay and West Cost (WC), Umfolozi (KZN), Tshwane North and Ekhurhuleni West (GT), Evender (MP)) with neigbouring industrial parks and settlements",B. Approved,"Skills & Employment Program (IRM): This project promotes skills development and youth employment in the field of IRM (installation, repair and maintenance). With its special focus on township economies, the programme will support the establishment of IRM hubs in selected TVET colleges. The hubs will provide business acceleration support, enabling access to markets and new supply chains as well as training services for targeted local SMEs, thus unlocking the potential for business growth and employment generation. With emphasis on green economy, technical training on renewable energies and the partneship with key industrial centers (like the SEZs in Atlantis, Tshwane North, the Isithebe Eco-Industrial park and Mpumananga based industries) to program diectly aligns with JET. New committment of EUR 11m in 2024",2023-01-01,2028-12-30,National Business Initiative (NBI),young men and women in South Africa at seleceted TVET colleges (participants of IRM skills dvelopment),,,,,,,
zaf-jet-grants-register-2025-q1-overall-70,GR014,Skills,Mobilise PSET funding for JET,16200000.000000002,285768000.00000006,Germany,"CPUT; Selected TVET Colleges, ESKOM, IPPs",B. Approved,"Skills4JET: The project promotes technical skills in renewable energy technologies. The project supports a) expansion of SARETEC's training infrastructure, human resources and training offerings (wind, PV & battery storage, possibly H2), b) roll-out of technical training progams to selected TVET colleges (such as PV & battery storage, energy efficiency, solar water heating, CSP) and c) establishing training facilities for renewable engergies supporting ESKOM's JET plans (possibly at the Grootvlei Power Station or at the ESKOM's Academy of Learning - EAL). The project intends to provided training institutions who offer training programms in renewable energies with related infrastructure for own practise and operations, such as PV and battery storage (""Greening TVET""). Additional funds of EUR5m in 2024",2026-01-01,2030-12-31,South African Renewable Energy Technology Centre (SARETEC),young men and women in South Africa at seleceted training institutions (participants of skills dvelopment in renewable energies),,,,,,,
zaf-jet-grants-register-2025-q1-overall-71,GR015,Skills,Mobilise PSET funding for JET,13500000,238140000,Germany,DHET; TVET college,C. Implementation Phase,Career Path Development for Employment (CPD4E) - BMZ: All funds already committed.,2022-06-01,2026-05-31,"NBI, Lulalab, Yes4Youth, IEPA, Resolution Circle, Wits Real, Techniserve, ILO, UNDP","Underpriviledged groups: youths, females, workers and their dependants affected by the structural changes; other target groups on multiplicator level are employment and SMME support organisations (NPOs), TVET colleges, TVET lecturers, decision makers in the TVET space",,,,,,,
zaf-jet-grants-register-2025-q1-overall-72,GR016,Skills,Mobilise PSET funding for JET,6480000,114112800,Germany,The Presidency,D. Completed,Support to the Presidential Youth Employment Intervention - S2PYEI,2021-11-01,2024-03-31,The Presidency,,,,,,,,
zaf-jet-grants-register-2025-q1-overall-73,GR017,Municipalities,Climate Support Programme (CSP4),5400000,95256000,Germany,"DFFE; Municipalities, Provinces",C. Implementation Phase,Policy advisory and other support to DFFE and other institutions on climate mitigation and adaptation issues -  biodiversity: All funds already committed.,2022-01-01,2026-12-31,"DFFE, municipalities, provinces","Intermediaries to the broader target groups incl specialists and executives in relevant ministries, provincial governments, public institutions and SoEs, municipalities, companies, associations, NGOs or research institutions and think tanks",,,,,,,
zaf-jet-grants-register-2025-q1-overall-74,GR019,JT-Mpumalanga,JET Innovation Regions ,280800,4953312,Germany,,C. Implementation Phase,,2022-12-01,2026-03-30,TBD,Stakeholders relevant for the development and implementation of regional Just Energy Transition Plans in Coal Regions ,,,,,,,
zaf-jet-grants-register-2025-q1-overall-75,GR020*,JT-Mpumalanga,"The funding specifically targets JET implementation, with a focus on Just and systemic process support for the transition / capacity building and the subnational level.",32400000.000000004,571536000.00000012,Germany,,B. Approved,,2024-08-01,2027-07-30,,,,,,,,,
zaf-jet-grants-register-2025-q1-overall-76,GR021,Green hydrogen,"Catalyst Research for Sustainable Kerosene, CARE-o-SENE",32400000.000000004,571536000.00000012,Germany,,C. Implementation Phase,"Development of catalysts in the Fischer-Tropsch process (FT). These FT catalysts play a key role in the large-scale production of green kerosene. With the help of optimized catalysts, sustainable aircraft fuels, so-called Sustainable Aviation Fuels (SAF), can be produced more efficiently.",2022-01-03,2024-12-31,"Helmholtz Center Berlin (HZB), Karlsruhe Institute for Technology (KIT), Fraunhofer Institute), INERATEC GmbH",,,,,,,,
zaf-jet-grants-register-2025-q1-overall-77,GR022,Green hydrogen,"Greening the production and use of liquefied fuel gas in Southern Africa, Green‐QUEST",4320000,76204800,Germany,,C. Implementation Phase,"Developing Green-LFG value chain.  Converting captured CO2, water and renewable energy into synthesis gas and green liquid gas is improved.",2022-10-03,2025-09-30,"Forschungszentrum Jülich GmbH; University of Cape Town; Nelson Mandela University; Council for Scientific & Industrial Research (CSIR); Hydrogen Energy Applications (Pty) Ltd (HYENA)

Associated partners: 
Sasol Ltd; SHV Energy N.V.",,,,,,,,
zaf-jet-grants-register-2025-q1-overall-78,GR026b,Electricity,Infrastructure ,540000,9525600,Germany,City of Cape Town ,B. Approved,Consultant suport to implement GR026,,,City of Cape Town ,,,,,,,,
zaf-jet-grants-register-2025-q1-overall-79,FR001,Electricity,Coal plant decommissioning ,680400,11981844,France,GEAPP; Eskom,D. Completed,"Refinement of Eskom JET Office Strategy: Consulting services to the Eskom JET Office for the update, refinement, and initial implementation of the JET strategy.  Co-funded with GEAPP.  Executed by BCG.",2022-01-01,2023-12-31,,,,,,,,,
zaf-jet-grants-register-2025-q1-overall-80,FR002,Electricity,Coal plant decommissioning ,297000,5239080,France,"CSIR; DHET, Eskom",B. Approved,Support to CSIR: Support the development of a holistic cost-benefit analysis study on the repurposing of two coal power plants; as well as the examination of the localization potential and enterprise development opportunities of both the solar PV and battery storage value chain,2022-01-01,2024-12-31,,,,,,,,,
zaf-jet-grants-register-2025-q1-overall-81,FR003,JT-Mpumalanga,Diversifying local economies,540000,9525600,France,ICLEI; Steve Tshwete Municipality,C. Implementation Phase,"Economic diversification support to Steve Tshwete Municipality for: 1- The development of a just low-carbon transition strategy, in line with previous work undertaken by the German Cooperation (GiZ) and ICLEI. 2- Supporting the diversification of the local economy to make it less dependent on the coal industry. ",2021-11-01,2024-12-31,,,,,,,,,
zaf-jet-grants-register-2025-q1-overall-82,FR004,JT-Mpumalanga,Diversifying local economies,216000,3803760,France,"UCT; Presidency, Steve Tswhete Local Municipality, CoGTA, MP Province",D. Completed,Community Explorer: Steve Tshwete Local Municipality,2022-01-01,2023-12-31,,,,,,,,,
zaf-jet-grants-register-2025-q1-overall-83,FR005,JT-Mpumalanga,Participatory identification and implementation of just energy transition interventions,385560,6801278.4000000004,France,"Indalo Inclusive South Africa; Community stakeholders in Dipaleseng District Municipality, Mpumalanga (First phase).                             
GreenCape, CORC, Peco Power, Community stakeholders in Nomzamo, Ermelo Municipality. (second phase)",C. Implementation Phase,"Participatory co-design of equitable energy transition interventions: Supporting an inclusive, participatory co-construction process in a community / municipality impacted by the energy transition, to  identify interventions that contribute to a just transition. This process will include local role players (local gov, civil society, unions, private sector) (First Phase)
Establishing an Alternative Service Delivery Unit to Address Energy Injustice and Informal Settlements To boost employment and economic activity by offering alternative energy services in the agricultural village of Nomzamo, within the framework of the just transition in Ermelo, Mpumalanga and to create an inclusive mechanism for alternative sanitation services, ensuring the full realization of basic human rights for communities disadvantaged by the energy transition. (second phase)",2023-06-01,2025-03-31,,,,,,,,,
zaf-jet-grants-register-2025-q1-overall-84,FR006,JT-Mpumalanga,Piloting social ownership models,32400.000000000004,571536.00000000012,France,CST; PCC,C. Implementation Phase,Study on energy poverty: Study on impact of power sector reforms on energy poverty.  With focus on Emalahleni Local Municipality,2022-01-01,2027-12-31,,,,,,,,,
zaf-jet-grants-register-2025-q1-overall-85,FR007,Electricity,Green bond,162000,2857680,France,DBSA,C. Implementation Phase,"Cross sectoral: The purpose of the green bond issuance was to support investment in climate change mitigation and adaptation projects in Africa. The project is backed by a portfolio of sub-projects in the renewable energy sector (solar/wind) and/or in the water sector, with climate mitigation or adaptation co-benefits. The total value of the project is EUR 200 million for the subscription to the green bond issued by DBSA with a maturity of 7 years, and EUR 0.15 million in grants to finance technical assistance. ",2021-11-01,2027-12-30,,,,,,,,,
zaf-jet-grants-register-2025-q1-overall-86,FR009,JT-Mpumalanga,The role of social policies in the framework for the just transition (focusing Steve Tshwete Local Municipality),16200.000000000002,285282,France,Peta Wolpe and Wendy Annecke,D. Completed,"Contribution on the debate on a just transition in SA by mapping the entrenched historical implications of coal use, overlaying these with a description of some of the policies developed to address energy and climate change: This paper explores the extent to which social policies in South Africa might serve as mechanisms to enhance the transition to a low carbon economy and contribute to mitigating some of the negative impacts towards ensuring a holistic and just transition. It attempts to contribute to the fluid and contested nature of the debate on a just transition in South Africa by mapping the entrenched historical implications of coal use, overlaying these with a description of some of the policies developed to address energy and climate change and analysing the extent to which current social protection policies, designed to facilitate well-being, might be harnessed towards a more equitable society and a just transition",2021-11-01,2022-12-31,,,,,,,,,
zaf-jet-grants-register-2025-q1-overall-87,FR010,JT-Mpumalanga,Revitalisation of Mining Ghost Towns ,129600.00000000001,2282256,France,Oneworld; IDC,D. Completed,"Analysis of the revitalisation of South African Mining Ghost Towns – focus on Phalaborwa and Carolina: The objective of the project was to identify existing and/or potential economic opportunities in the project target areas, BaPhalaborwa and Carolina, that could ensure a Just Transition from strongly mining oriented local economies . The IDC identified that smaller towns in the mining regions of South Africa are facing economic hardship as they transition into a greener based future. This is particularly the case for towns dependent on coal mining but the issues faced involve other mining dependent towns as well, particularly given general declines in mining productivity and life of mining cycles. Based on an IDC study review of such towns, they identified the two towns (Phalaborwa and Carolina) to form the basis of this Ghost Mining Project review",2021-11-01,2022-12-31,,,,,,,,,
zaf-jet-grants-register-2025-q1-overall-88,FR011,JT-Mpumalanga,Implementation of the Just Transitions Framework ,21600,380376,France,Western Cape Economic Development Partnership; PCC,D. Completed,"Develop a just transition partnering implementation model to guide the work of the PCC and its partners, with a focus on Mpumalanga: The purpose of the research is to develop a just transition partnering implementation model to guide the work of the PCC and its partners, with a focus on Mpumalanga.Special attention will be paid to the role of sub-national government, as well as relationships between state and non-state actors at the local level",2022-01-01,2023-12-31,,,,,,,,,
zaf-jet-grants-register-2025-q1-overall-89,FR012,Skills,JET Labour Center,378000,6667920,France,"JET Labour Center through TIPS; Presidency, with support from the NT",C. Implementation Phase,"This project responds to a need for a research centre to assist trade unions with technical expertise: This project responds to a need for a research centre to assist trade unions with technical expertise, including reviewing available research and the implications for workers; identifying and helping to analyse different levels of engagement with other stakeholders; and sharing experiences with similar structural changes in South Africa and internationally. The Labour School resolved to establish a just transition centre for South Africa that will provide the three Federations with technical expertise. The Just transition Centre for South African unions will be responsible for reviewing research into the impacts of the climate change on the economy; providing relevant technical expertise to the labour movement; and running capacity building programmes and workshops for unions across Federations.",2023-01-01,2026-12-31,,,,,,,,,
zaf-jet-grants-register-2025-q1-overall-90,FR013,Skills,"Public employment programs, just transition and inequality",237060.00000000003,4181738.4000000008,France,"TIPS; Presidency, with support from the NT",C. Implementation Phase,"Support the Public employment programs: This proposal requests the AFD to provide support to the ‘innovation sandbox’ role. While the immediacy of the pandemic is over, unemployment remains the single biggest cause of poverty and income inequality in South Africa, now exacerbated by the impact of the energy crisis on the economy – and the employment implications of the energy transition also. This context also requires the Presidential Employment Stimulus to pivot in ways that build on lessons from the Stimulus so far – but that now take those to the next level",2023-01-01,2026-12-31,,,,,,,,,
zaf-jet-grants-register-2025-q1-overall-91,FR014,Skills,Strengthening the environmental justice movement in South Africa,226800.00000000003,4000752.0000000005,France,Environmental Justice Fund; Community-led environmental justice organisations and networks,C. Implementation Phase,"Funding to the Environmental Justice Fund (EJF) to provide financial, capacity-building and networking support to community-based organisations (CBOs) and community networks working to advance environmental and climate justice in South Africa:  Supporting affected communities to design and implement responses to climate change and environmental injustice, is integral to driving a just transition.",2023-01-01,2024-12-31,,,,,,,,,
zaf-jet-grants-register-2025-q1-overall-92,FR015,JT-Mpumalanga,Social protection,128520.00000000001,2267092.8000000003,France,"UCT-DPRU; Presidency, with support from the NT",C. Implementation Phase,"Social Protection and the Just Transition in South Africa -Examining the Financial Requirements of the Just Transition: This project aims to make two primary high-level contributions:
i. First, it will count and profile existing workers in coal and related industries using reliable, spatially sensitive microdata. This includes an analysis of employment, wages, and wage inequality;
ii. Second, it will propose a basket of social protection policies tailored to the identified worker profiles, with attendant modelled cost estimates, and potential financing options. This includes a focus on the wage inequality implications of various policy scenarios that highlight the importance of a just transition in South Africa.",2023-01-01,2025-05-31,,,,,,,,,
zaf-jet-grants-register-2025-q1-overall-93,FR016,JT-Mpumalanga,Skills and economic diversification,34560,609638.40000000002,France,Wits-REAL; Presidency,C. Implementation Phase,"Skills ecosystem mapping in the Nkangala district: This project aims to make two primary high-level contributions:
This research project will conduct a detailed analysis of the skills ecosystem that could feed into the various initiatives to support local authorities and communities in the Nkangala district, which concentrates the coal-fired power plants that will be closed as a result of just transition policies. Phase 1 of the project revealed that an IRM skills ecosystem mapping project is crucial for addressing inequality by thoroughly analysing the socioeconomic and demographic profiles of diverse townships in South Africa. By identifying specific skill gaps and understanding the challenges faced by Small, Medium, and Micro Enterprises (SMMEs) in these areas, the study can inform targeted interventions aimed at reducing inequality in access to employment and economic opportunities. Furthermore, by examining the role of Technical and Vocational Education and Training (TVET) institutions and conducting a comprehensive literature review, the study ensures that proposed interventions are evidence-based and tailored to the needs of the communities studied. ",2023-01-01,2025-05-31,,,,,,,,,
zaf-jet-grants-register-2025-q1-overall-94,FR017,Skills,Skills and economic diversification,75600,1333584,France,"HSRC, UCT-SALDRU, PCC",C. Implementation Phase,"The impact of the green transition on jobs in South Africa:The project will provide an in-depth analysis of the impact of the green transition on jobs, using both a bottom-up approach (occupation-based quantification of green jobs) and a top-down approach (jobs’ vulnerability based on sectoral emissions). It will then use the Spatial Tax Panel to map the jobs at the municipal level.",2023-01-01,2025-05-31,,,,,,,,,
zaf-jet-grants-register-2025-q1-overall-95,FR018,Electricity,Mini-grids,216000,3810240,France,DBSA,C. Implementation Phase,Eskom Mini-grids: Development of feasibility studies and implementation plan of the Eskom Mini-grids Programme,,,ESKOM,,,,,,,,
zaf-jet-grants-register-2025-q1-overall-96,FR019,Skills,Technical assistance for NT/ALM,97200,1714608,France,Reshma Sheoraj / Jeanine BEDNAR-GIYOSE ,C. Implementation Phase,Technical assistant to support the coordination of the public policy dialogue and the following up on the objectives related to the indicators of the Just PBL.,2024-09-04,2025-11-01,National Treasury / Asset and Liabilities Management unit,National Treasury,,,,,,,
zaf-jet-grants-register-2025-q1-overall-97,FR020,JT-Mpumalanga,JT-Funding Platform,216000,3810240,France,Candidate to be selected soon,B. Approved,"Analyst to support the operationalization of the JET-FP (coordination, registering grant funders onto the JET-FP, M&E…)",2024-11-01,2027-11-01,JET-PMU,JET-PMU,,,,,,,
zaf-jet-grants-register-2025-q1-overall-98,FR022,JT-Mpumalanga,Gender mainstreaming,54000,952560,France,to be recruited,B. Approved,JET jobs first project: gender and social inclusion in the Mpumalanga province:supporting mgca (green cluster agency) in mainstreaming gender in the project with afdb ,2023-01-01,2025-12-31,Premier's office of Mpumalanga province,Premier's office of Mpumalanga province,,,,,,,
zaf-jet-grants-register-2025-q1-overall-99,ACTIP001,Skills,Mobilise PSET funding for JET,2280000,40150800,ACT-IP,"To be implemented by CIF implementing agencies (ie. WB, AfDB, IFC); TBD",D. Completed,"The Women-Led Coal Transition Mechanism (WOLCOT): Aims to enhance women’s climate leadership and effective participation in the design and decision-making of coal-to-clean transition strategies and implementation. 
https://w05.international.gc.ca/projectbrowser-banqueprojets/project-projet/details/P010807002 ",2021-11-01,2021-12-31,,,,,,,,,
zaf-jet-grants-register-2025-q1-overall-100,ACTIP002,JT-Mpumalanga,,47720000,841780800,ACT-IP,,B. Approved,,2023-01-01,2027-12-31,,,,,,,,,
zaf-jet-grants-register-2025-q1-overall-101,DK001,Electricity,Transmission,2719500,47971980,Denmark,"Eskom, NERSA, DMRE, IPPO",C. Implementation Phase,"Capacity building with ESKOM and relevant government minsteries and agencies: The Danish Embassy has in collaboration with Danish Energy Agency hosted a program which aims to continually improve the capacity within ESKOM and government ministeries for improving the transmission of electricity in the South African electricity grid, by drawing on the DEA's experience from a Danish context.",2021-11-01,2026-03-31,"Eskom, NERSA, DMRE, IPPO",Energy consumers in South Africa,,,,,,,
zaf-jet-grants-register-2025-q1-overall-102,DK002,Electricity,Distribution ,3323850,58632714,Denmark,"Eskom, DMRE, IPPO, NERSA",C. Implementation Phase,"Capacity building with ESKOM and relevant government minsteries and agencies: Like for transmission, The Danish Embassy has in collaboration with Danish Energy Agency hosted a program which aims to continually improve the capacity within ESKOM and government ministeries for improving the distribution of electricity in the South African electricity grid, by drawing on the DEA's experience from a Danish context. ",2021-11-01,2026-03-31,"Eskom, NERSA, DMRE, IPPO",Energy consumers in South Africa,,,,,,,
zaf-jet-grants-register-2025-q1-overall-103,DK003,JT-Mpumalanga,Improving infrastructure for development,163050,2876202,Denmark,"GreenCape, Mpumalanga Green Cluster Agency (MGCA)",C. Implementation Phase,"Mining Rights Mapping and Planning in Mpumalanga: To be overlaid with other information available (Biodiversity areas, land ownership, wind measurements, bird flight pathways etc.)to support the rolling out of large-scale RE in Mpumalanga province.",2022-10-11,2024-12-31,"GreenCape, Mpumalanga Green Cluster Agency (MGCA)",Owners of mining rights; Investors and developers of RE capacity in Mpumalanga; Planners in Mpumalanga Province,,,,,,,
zaf-jet-grants-register-2025-q1-overall-104,DK004,JT-Mpumalanga,Improving infrastructure for development,399450,7046298,Denmark,"GreenCape Alternative Service Delivery Unit (ASDU), Community Organisation Research Council(CORC), MGCA",C. Implementation Phase,"Alternative Basic Service Delivery: In Nomzamo Agricultural Village in Mpumalanga, including a common understanding of the required framework conditions for local municipalities in the province to explore alternative service delivery models.",2022-10-11,2024-12-31,"GreenCape Alternative Service Delivery Unit (ASDU), Community Organisation Research Council (CORC), MGCA;  Residents of Nomzamo Agricultural Village in Ermelo, Mpumalanga",Citizens in Nomzamo Agricultural Village in Mpumalanga; local municipalities in the Mpumalanga Province,,,,,,,
zaf-jet-grants-register-2025-q1-overall-105,DK005,JT-Mpumalanga,Improving infrastructure for development,2250000,39690000,Denmark,"(SANEDI, CSIR) Danish Technical University, Danish Energy Agency.",C. Implementation Phase,"Wind Atlas South Africa (WASA): This project aims to improve digital infrastruture for RE, by mapping out where the most suitable sites for on-shore wind energy is located in South Africa, with a special focus on detailed mapping of winds in Mpumalanga, as it is a high priority area for just and green transitioning. The map will be made for public use. ",2023-01-01,2027-12-31,"SANEDI, CSIR, SAWS",Renewable energy policy makers and developers,,,,,,,
zaf-jet-grants-register-2025-q1-overall-106,DK006,Electricity,"Piloting social ownership models
Labor Market Consortium",3158550,55716822,Denmark,"NBI, NUMSA, NUM, BUSA, SEIFSA, Western Cape Province, 3F and Confederation of Danish Industries",C. Implementation Phase,"Just transition and labour market arrangements within green transition and climate: Projects involve supporting and developing small local businesses and upskilling and education of local workforces, and promoting local engagement.",2022-01-01,2025-12-31,"NBI, NUMSA, NUM, BUSA, SEIFSA, Western Cape Province",Labour market organisations and members,,,,,,,
zaf-jet-grants-register-2025-q1-overall-107,DK008,Skills,Mobilise PSET funding for JET,945000,16669800,Denmark,"DFC, Danish Embassy, Danish universities and the participating students",C. Implementation Phase,"Master scholarships for South African partner insitutions, focussing on green and climate related topics: On average two South African partners are awarded with a 2-year scholarship to study in Denmark annually on topics related to green transition and climate change.",2022-01-01,2027-12-31,"Program partner institutions in South Africa (ministries, metros, utilities, and research institutions, etc.)",Scholars and their institutions in South Africa,,,,,,,
zaf-jet-grants-register-2025-q1-overall-108,DK009,Skills,Mobilise PSET funding for JET,1687500,29767500,Denmark,"DFC, Danish Embassy, Danish universities and the participating students",C. Implementation Phase,"Short courses on cross thematic areas for South African programme partners: On average 50 scholars benefit from the short courses on an annual basis, learning programme topics include energy efficiency, green transition, climate change, RE, food and agriculture, water management, sustainable cities.",2022-01-01,2027-12-31,"Program partner institutions in South Africa (ministries, metros, utilities, and research institutions, etc.)",Scholars and their institutions in South Africa,,,,,,,
zaf-jet-grants-register-2025-q1-overall-109,DK010,Skills,Mobilise PSET funding for JET,6300000,111132000,Denmark,"DFC, Danish Embassy, Danish universities and the participating students",C. Implementation Phase,"Research grants for green research consortia South Africa: Research collaboration on water, energy and, urban development between South Africa and Denmark. Currently, 5 research collaborations ongoing, and 5 research collaborations in the pipeline. ",2022-01-01,2027-12-31,Research institutions in South Africa,Students and research community in South Africa and Denmark,,,,,,,
zaf-jet-grants-register-2025-q1-overall-110,DK012,JT-Mpumalanga,Entrepreneurship and innovation,75000,1323000,Denmark,Teach A Man to Fish,C. Implementation Phase,Skills Development in Mpumalanga to ensure a just energy transition: The project focuses on equipping youth in the Mpumalanga region with entrepreneurial and green energy-related skills. The aim is that participants can create their own job possibilites related to energy transition.,2024-07-31,2026-01-31,Teach A Man to Fish and 10 selected schools in Mpumalanga,Upper Primary Students (grade 8-10) and teachers at 10 different secondary schools in Mpumalanga,,,,,,,
zaf-jet-grants-register-2025-q1-overall-111,DK014,Electricity,Capacity building in the energy sector,120000,2116800,Denmark,SAWEA,C. Implementation Phase,Positioning wind energy as a contributor to global decarbonisation strategies: A collaboration with SAWEA where key outcomes are paper presentations at the annual WindAc Africa Conference; visiting schools in Mpumalanga and reaching 1500-2000 learners during the EnergyDrive in the province; networking events where operational best practice and innovation are showcased and discussed; learners participating in the Wind Industry Internship Programme; commissioning research study on a relevant topic.,2023-06-25,2024-12-31,SAWEA,Participants in the various initiatives and events,,,,,,,
zaf-jet-grants-register-2025-q1-overall-112,NL001,JT-Mpumalanga,Diversifying local economies,2160000,38102400,Netherlands,"Multiple partners; Eskom, Eskom employees, local communities, municipalities, province, knowledge institutes",C. Implementation Phase,Grootvlei Just Transition: Multiple activities to support the decommissioning of the Grootvlei power station by facilitating the development of alternative livelihoods in the area.,2022-01-01,2025-12-31,"Eskom, Dipaleseng municipality, Mpumalanga Green Cluster Agency, Mpumalanga province","Local communities in Dipaleseng municipality, Eskom employees",,,,,,,
zaf-jet-grants-register-2025-q1-overall-113,NL002,JT-Mpumalanga,Investing in youth,186580.56489795921,3291281.1648000004,Netherlands,South African Institute for International Affairs; youth,C. Implementation Phase,Youth in Action: Youth-driven project to support participation of youth in climate debates and decision-making.,2022-11-15,2025-10-31,SAIIA Youth,Youth across South Africa,,,,,,,
zaf-jet-grants-register-2025-q1-overall-114,NL003,Municipalities,Supporting local water authorities/municipalities on water management,1867752.0000000002,32947145.280000005,Netherlands,"Municipalities, DWS, Water agencies",C. Implementation Phase,"Blue Deal - partnership between NL and SA on water management: One of the 5 projects is in Mpumalanga. Aims to provide 2 million people with access to sufficient, safe and reliable water by 2030. Works at 5 different project, including one in Mbombela, Mpumalanga. Total budget is 8 mln euros.",2023-01-01,2030-12-31,"Department of Water and Sanitation, COGTA, SALGA, MISA, Municipalities",Mbombela municipality,,,,,,,
zaf-jet-grants-register-2025-q1-overall-115,NL004,Green hydrogen,SA-H2 Fund,54000000,952560000,Netherlands,TBD,B. Approved,"Grant component of the SA-H2 fund: SA-H2 is an innovative blended finance fund, that will facilitate and accelerate the development of a green hydrogen sector and circular economy in South Africa.",2023-01-01,2030-12-31,TBD,TBD,,,,,,,
zaf-jet-grants-register-2025-q1-overall-116,NL005,Green hydrogen,Accelerating the green hydrogen economy,2160000,38102400,Netherlands,"Multiple partners amongst others Talbot, Nuffic SA, Green Cape, Gas Unie, RHDHV SA, Rebel SA, Blueberry Concepts ",C. Implementation Phase,"Budget for studies/TA/seminars etc., to acccelerate the green hydrogen economy: Multiple activities to support skills development and feasibility studies to accelerate the green hydrogen economy.",2022-01-01,2025-12-31,"Wesgro, NCEDA, Presidency, CSIR","Youth, local communities, SA private sector, SA knowledge insitutes",,,,,,,
zaf-jet-grants-register-2025-q1-overall-117,NL006,JT-Mpumalanga,Strengthening social dialogue in the mining sector,384054.48000000004,6774721.0272000013,Netherlands,CNV International,C. Implementation Phase,Enabling local unions to push for improved working conditions in the mining sector and a fair transition: CNV International will work with local unions in the mining industry to support with skills and information that enable local unions to push for improved working conditions in the mining sector (i.e. manganese and chromium) and a fair transition out of the coal mining sector.,2023-01-01,2025-12-31,To be identified,Workers in the mineral mining sector (manganese and chromium),,,,,,,
zaf-jet-grants-register-2025-q1-overall-118,CAN001,Skills,Mobilise PSET funding for JET,600400,10591056,Canada,Institute for Economic Justice (local partner); Just Urban Transition and the Congress of South African Trade Unions,C. Implementation Phase,"A just energy transition: Localization, decent work, SMMEs and sustainable livelihoods. The project will analyze clean energy value chains and their relationships with the rest of the economy. This approach provides an interdisciplinary framework for unpacking the complex issues in the clean energy value chain. It will trace consumption and production to the practices, history and relations that are reproduced within the clean energy value chains by analyzing them at different levels, including agents and agencies, structures, processes, relations and the cultural and contextual factors.
https://idrc-crdi.ca/en/project/just-energy-transition-localization-decent-work-smmes-and-sustainable-livelihoods",2021-11-01,2024-11-30,,,,,,,,,
zaf-jet-grants-register-2025-q1-overall-119,CAN002,Skills,Mobilise PSET funding for JET,190000,3351600,Canada,African Centre for a Green Economy (local partner),C. Implementation Phase,"Enhancing access to renewable energy: A dividend for a just transition to low-carbon economies. This project will address these knowledge gaps by developing a practical framework that can inform future developments and the implementation of just transition pathways. It will assess the effectiveness of different renewable energy technologies in accelerating green jobs creation and a low-carbon trajectory in Uganda and South Africa; analyze the equity and distribution implications of energy transition in vulnerable communities across gender, age, and income groups; develop potential financial and business models to deliver a just transition pathway; and explore appropriate policy and regulatory interventions. The project will generate recommendations for future research and targeted policy interventions.
https://idrc-crdi.ca/en/project/enhancing-access-renewable-energy-dividend-just-transition-low-carbon-economies",2021-11-01,2024-11-30,,,,,,,,,
zaf-jet-grants-register-2025-q1-overall-120,CAN003,Skills,Mobilise PSET funding for JET,304000,5362560,Canada,International Institute for Sustainable Development (local partner),C. Implementation Phase,"Unlocking Inclusive Policymaking In Priority Areas for Clean Energy Transition: Cooking, Irrigation and Coal Phase Outs. This project will contribute to addressing three key areas of importance for energy transition (in India, Indonesia, and South Africa) where knowledge gaps are holding back inclusive change, particularly for women and youth, but also marginalized groups. The specific themes have been selected based on experience from IISD’s country programmes on the current state of the debate; the opportunity for transformative change from the application of these elements of transition; and our belief that the impacts of policies on women, youth and marginalized groups has not been sufficiently understood or given adequate consideration in policymaking. The selected themes are:
1. Incubating non-fossil clean cooking solutions (India and Indonesia)
2. Maximizing the social benefits of solar irrigation (India)
3. Ensuring an inclusive approach to just transition for coal mining communities (India and South Africa)
This project covers India, Indonesia and South Africa. The tentative amount for South Africa is CAD$ 400,000. Start date: 1 Jan 2023. End date: June 2026. ",2023-01-01,2026-06-30,,,,,,,,,
zaf-jet-grants-register-2025-q1-overall-121,CAN004,Skills,Mobilise PSET funding for JET,159600,2815344,Canada,SouthSouthNorth Projects (Africa) NPC (local partner),C. Implementation Phase,"Operationalising a just transition in Africa: This project will conduct an in-depth analysis of the pathways to achieving transitions towards sustainable, low-carbon and equitable energy systems, including an assessment of capacity needs and skills. It will identify and analyze innovative options for financing in line with emerging energy goals. These include providing at least USD300 million to Africa’s access to clean energy, launched at COP 27, and increasing the continent’s renewable energy capacity to 25% of global renewable energy investments.

Project outputs will include journal articles on topics related to energy and just transition focusing on challenges and opportunities for gender equality and youth participation and leadership. Several policy briefs, produced in collaboration with national stakeholders and researchers, will identify policy-oriented entry points. This project covers Kenya and South Africa. Total project amount: CAD$ 703,100. The tentative amount for South Africa is CAD$ 210,000. Start date: 1 March 2023 for 30 months).
https://idrc-crdi.ca/en/project/operationalizing-just-transition-africa ",2023-03-01,2026-06-30,,,,,,,,,
zaf-jet-grants-register-2025-q1-overall-122,SW001,Municipalities,Municipal revenue modelling,1110000,19580400,Switzerland ,"SECO, INCA Portfolio Managers, Municipalities",C. Implementation Phase,"INCA Capacity Building Fund: Support to development and training on long term financial strategies & modelling, INCA Summer School and Master Classes.  Access to debt funding through the INCA Municipal Debt Fund",2021-11-01,2038-12-31,Beneficiary municipalities,Municipalities,,,,,,,
zaf-jet-grants-register-2025-q1-overall-123,SW002,Municipalities,Local Economic Development ,2480528.4108000002,43756521.166512005,Switzerland ,"SECO, National Treasury; iLembe Municipalities, KZN",C. Implementation Phase,"iLembe Local Economic Development Programme: Support to asset management and master planning, revenue and supply chain management, installation of a SCADA system, support to non-revenue electricity ",2021-11-01,2026-12-31,"National Treasury, KZN DEDTEA ",iLembe District municipalities,,,,,,,
zaf-jet-grants-register-2025-q1-overall-124,SW003,Municipalities,Public financial management ,7781100.0000000009,137258604.00000003,Switzerland ,"SECO, National Treasury; Municipalities in Free State & Mpumalanga",C. Implementation Phase,"PINK (Procurement, Infrastructure Development & Knowledge Management): Technical assistance to selected municipalities on procurement and SCM, infrastructure planning (with the implementation of the Infrastructure Delivery Management System (IDMS) & knowledge management (e.g. communities of practice)",2021-11-01,2024-12-31,National Treasury ,"Provincial Treasuries, municipalities in Free State & Mpumalanga",,,,,,,
zaf-jet-grants-register-2025-q1-overall-125,SW004,Skills,Skills development for a green economy,5494500.0000000009,96922980.000000015,Switzerland ,"DHET, GIZ",C. Implementation Phase,"Career Path Development for Employment (CPD4E) - SECO: Applying a more integrated employment promotion approach, i.e. shift from the exclusive focus on improving the quality of TVETs and will focus on employment promotion.",2022-06-01,2025-05-31,Department of Higher Education & Training ,TVET colleges,,,,,,,
zaf-jet-grants-register-2025-q1-overall-126,SW005,Electricity,Municipal energy management systems,1110000,19580400,Switzerland ,"SECO, GIZ; SALGA, SEA",C. Implementation Phase,South African German Energy Programme 4 - support to selected municipalities in the development of energy management systems and retrofitting of street lighting with energy efficient technology.,2022-01-01,2025-09-30,Department of Electricity & Energy ,Participating municipalities ,,,,,,,
zaf-jet-grants-register-2025-q1-overall-127,SW006,Municipalities,Cities Support Programme,8996550,158699142,Switzerland ,"SECO, World Bank; National Treasury, metros",C. Implementation Phase,"Just Urban Transition and Resilience focus for Cities Support Programme: Support to South Africa's eight metros in financial and fiscal governance, climate resilient infrastructure and water resilience, and economic development. Plans are underway for a stronger focus on JUT from 2025 onwards.",2021-11-01,2025-09-30,National Treasury ,Metropolitan municipalities,,,,,,,
zaf-jet-grants-register-2025-q1-overall-128,SW007,Electricity,Eco-Industrial Parks Programme,1110000,19580400,Switzerland ,"SECO, UNIDO; the dtic, NCPC-SA",C. Implementation Phase,Resource efficiency in industrial parks: Support for resource efficiency in selected industrial parks with potential spin-off projects in renewal energy and energy storage. The programme entered Phase II in 2024.,2021-11-01,2028-12-30,"Department of Trade, Industry & Competition ",Selected industrial parks,,,,,,,
zaf-jet-grants-register-2025-q1-overall-129,SW008,Electricity,Multi-Country Investment Climate Programme,3663000.0000000005,64615320.000000007,Switzerland ,"SECO, IFC; InvestSA, the dtic, selected metros & investment agencies",C. Implementation Phase,"Phase II to look into supporting IPP funding mechanisms: MCICP aims to foster reliable economic framework conditions for robust private sector growth, to design and implement systemic investment climate reforms, and to foster inclusive and sustainable job creation. Under Phase II, support is provided to the enabling environment for doing business (e.g. a one stop shop for IPP investments)",2021-11-01,2026-12-30,"Department of Trade, Industry & Competition ",InvestSA,,,,,,,
zaf-jet-grants-register-2025-q1-overall-130,SW009,Municipalities,Sustainable Cities ,7215000,127272600,Switzerland ,"SECO, IFC; Metropolitan municipalities, secondary cities",C. Implementation Phase,"Sustainable Cities - Africa Platform: Support to participating metros in the development and implementation of climate action plans, energy efficient and resilient infrastructure, for phase II also for secondary cities",2021-11-01,2026-12-31,Beneficiary municipalities,Municipalities,,,,,,,
zaf-jet-grants-register-2025-q1-eu-register-2,EU001,Electricity,Transmission,162000,2852820,European Union,Presidential Climate Commission ,D. Completed,Presidential Climate Commission (PCC) Energy Modelling: The funding is to facilitate the PCC work on granular net-zero pathways for the economy and to support South African policy makers to access South African climate related socio-economic modelling focusing on key sectors (transport and energy) and key provinces (Mpumalanga and Eastern Cape). ,2022-01-01,2023-12-31,,,150000,,,,,,
zaf-jet-grants-register-2025-q1-eu-register-3,EU002,Electricity,Manufacturing and localising clean energy value chain,2160000,38102400,European Union,"WWF SA, Green Cape, Democracy Works Foundation, Association for Rural Advancement, Social Change Assistance Trust",C. Implementation Phase,"The Climate Change Champions: The Climate Change Champions, funded under the thematic programme “Civil Society Organisations (CSOs) and Local Authorities (LAs) 2014-2020”, resulted in the allocation of 5 grants. The specific objective of the call is to increase the participation of South African CSOs in tackling climate change, mitigating greenhouse gases emissions and adapting to its adverse effects. The aim is to tackle climate change while enhancing gender equality and participation of the youth.",2021-11-01,2025-12-31,,,2000000,,,,,,
zaf-jet-grants-register-2025-q1-eu-register-4,EU003,JT-Mpumalanga,Manufacturing and localising clean energy value chain,86400,1524096,European Union,Presidential Climate Commission ,C. Implementation Phase,"PCC Stakeholder and community engagement: The  funding is to facilitate PCC stakeholder and community engagements in Mpumalanga and Eastern Cape with knowledge products, workshops, dialogues and exchanges of experiences. The PCC will decide on the proposed focus on investment opportunities arising from just transition.",2024-01-01,2024-12-31,,,80000,,,,,,
zaf-jet-grants-register-2025-q1-eu-register-5,EU004,Electricity,Manufacturing and localising clean energy value chain,21600,380376,European Union,Presidential Climate Commission ,D. Completed,"PCC Communication: Translation into Venda, Zulu, and isiXhosa of the Just Transition Framework to enhance information accessibility. Additionally, funding will be used to create communication materials and infographics to bolster the PCC stakeholder engagement process.",2023-01-01,2023-12-31,,,20000,,,,,,
zaf-jet-grants-register-2025-q1-eu-register-6,EU005,Municipalities,Capability and capacity,16200000.000000002,285768000.00000006,European Union,"National Treasury: COGTA, SALGA, selected municipalities",C. Implementation Phase,"Bridging Inequalities through Greening of Municipal Services: The action will support selected South African cities to address some of these key service delivery challenges while focusing on smart and green solutions, enabled by digitalisation and the use of technologies. It will help build adaptive capacity and capabilities in the face of climate change, resource depletion, financial shocks, growing inequality and poverty, in particular inequality in sustainable access to (greener) water, energy or waste management services.",2023-04-01,2027-12-31,,,15000000,,,,,,
zaf-jet-grants-register-2025-q1-eu-register-7,EU006,Skills,Mobilise PSET funding for JET,172800,3048192,European Union,University of Cape Town,C. Implementation Phase,"Response of the Earth System to overshoot, Climate neutrality and negative Emissions under Horizon Europe: The RESCUE project will improve knowledge and understanding in area of this call: “Climate and Earth System responses to climate neutrality and net negative emissions”, by pursuing two overall objectives: 1) Quantify the climate and Earth system responses to pathways achieving climate neutrality by Carbon Dioxide Removal (CDR) deployment with and without temperature overshoot, and 2) Assess the potential role of CDR in reducing net GHG emissions, as well as its potential environmental risks and co-benefits.",2022-01-01,2026-12-31,,,160000,,,,,,
zaf-jet-grants-register-2025-q1-eu-register-8,EU007,Skills,Mobilise PSET funding for JET,270000,4762800,European Union,University of Johannesburg,C. Implementation Phase,Circular economy industrial symbiosis under Horizon Europe: Circular economy industrial symbiosis ,2022-01-01,2026-12-31,,,250000,,,,,,
zaf-jet-grants-register-2025-q1-eu-register-9,EU008,Electricity,IIPSA Infrastructure Investment Programme for SA,37800000,666792000,European Union,"DFIs (DBSA, AFD and EIB) and municpalities.",C. Implementation Phase,"Grant to facilitate infrastructure investment of municipalities: Infrastructure Investment Programme for SA (IIPSA) was launched in 2014. It focuses on blending of the EU grants with loans from DFIs in support of infrastructure projects. Sustainable energy, transport, green hyrdogen, water are among the focal sectors of the programme. Approx. €35M will be programmed with focus on electricity generation, battery storage, transport, green hydrogen and water.",2024-01-01,2025-12-30,,,35000000,,,,,,
zaf-jet-grants-register-2025-q1-uk-register-2,UK001,Electricity,Coal plant decommissioning ,5056258.0697999997,89192392.351272002,United Kingdom,World Bank,C. Implementation Phase,"ESMAP (Energy Sector Management Assistance Program): Energy Sector Management Assistance Programme (ESMAP) to support the decommissioning of coal-fired power plants in SA. This project supports the Government of South Africa and Eskom to scope the technical, economic, environmental, and social practicalities of closing and/or repurposing coal-fired power plants. The objective is to strengthen the environmental and social technical readiness of decommissioning coal-fired power stations in South Africa.",2021-11-01,2026-12-31,Presidential Climate Commission (PCC),"Eskom, DMRP, PCC",,4012903.23,,,,,
zaf-jet-grants-register-2025-q1-uk-register-3,UK002,Electricity,Coal plant decommissioning ,1402258.0697999999,24735832.351271998,United Kingdom,World Bank ,C. Implementation Phase,South Africa Programmatic Advisory Services and Analytics  (supported through ESMAP): The second ESMAP programme establishes the provision of Advisory Services and Analytics (including and advisory board) activities for South Africa. ,2022-01-01,2026-12-31,Presidential Climate Commission (PCC),"Eskom, DMRP, PCC",,1112903.23,,,,,
zaf-jet-grants-register-2025-q1-uk-register-4,UK003,Electricity,Distribution ,117708.75,2072851.0874999999,United Kingdom,Ricardo and ECO,D. Completed,"City of Cape Town Grid Regulation Skill-share (UK PACT): Skill-share TA to support the City of Cape Town with the integration of small scale embedded generation onto their grids including support for design standard of networks, embedded generation impact studies, and assistance on financing mechanisms and funding models.",2022-01-01,2023-11-30,City of Cape Town ,,,94167,,,,,
zaf-jet-grants-register-2025-q1-uk-register-5,UK005,Electricity,Building capacity for success,165479.45000000001,2914093.1145000001,United Kingdom,CamNexus and Green Crowd,D. Completed,Energy One Stop Shop Skill-share (UK PACT): This skill-share supported the development of an efficient streamlined system through process mapping of regulation approval requirements for new energy generation projects. This will accelerate the approval/certification process of more renewable energy projects adding capacity to the grid. The focus was on municipal approval processes. ,2023-01-01,2023-11-30,"Department of Trade, Industry and Competition (DTIC) ",,,132383.56,,,,,
zaf-jet-grants-register-2025-q1-uk-register-6,UK006,JT-Mpumalanga,Diversifying local economies,432670,7619318.7000000002,United Kingdom,Council for Scientific and Industrial Research (CSIR),D. Completed,"Mapping Mitigation and Adaptation Pathways for a JET - Support for Sector Job Resilience Planning (UK PACT): The National Employment Vulnerability Assessment (NEVA) conducted by the DFFE and DTIC, identified a number of sectors/value chains as being vulnerable to climate change or that will be impacted by the just transition. In each of these sectors the NEVA identified a number of initiatives (particularly within the coal value-chain) with real job creation potential that need capacity and technical support to build into bankable opportunities. This project developed implementable business cases for a number of these initiatives. The respective business cases are for pilots in Mpumalanga including: Just Transition social protection; coal waste beneficiation; biomass from invasive plant species feasibility; and warning systems and tools to ensure energy and food security.
",2021-11-01,2023-03-31,"Department of Forestry, Fisheries and the Environment (DFFE), Mpumalanga Provincial Government ",,,346136,,,,,
zaf-jet-grants-register-2025-q1-uk-register-7,UK007,JT-Mpumalanga,Diversifying local economies,645311.25,11363931.112499999,United Kingdom,National Business Initiative (NBI),D. Completed,"Just Transition Pathways Project (UK PACT): The project identified pathways for the private sector to contribute to both an accelerated low carbon transition and just transition.  It provided detailed key sectoral modelling and analysis of the technical and socio-economic benefits of rapid low carbon expansion and the impact on macroeconomic factors such as economic growth, employment etc.",2021-11-01,2023-03-31,"Department of Forestry, Fisheries and the Enviornment (DFFE)","NBI Private Sector Membership, Business Unity South Africa (BUSA),",,516249,,,,,
zaf-jet-grants-register-2025-q1-uk-register-8,UK008,JT-Mpumalanga,Diversifying local economies,1163255.94,20519834.781599998,United Kingdom,"PwC, GreenCape, National Business Initiative",D. Completed,"The UK funded Climate Finance Accelerator (CFA): Gives capacity building support to low carbon businesses and projects in agriculture, forestry, energy, transport, circular economy and water sectors; putting them in the best position to attract investment from financiers. Everlectric, Hohm Energy and Wetility are three of the successful projects from South Africa following the first phase of CFA. ",2021-11-01,2024-12-31,Low carbon businesses,Low carbon businesses,,923219,,,,,
zaf-jet-grants-register-2025-q1-uk-register-9,UK009,JT-Mpumalanga,Policies for post-mining redevelopment,1650698.28,29118317.659200002,United Kingdom,GreenCape ,C. Implementation Phase,"Development of a Green Economy Cluster Organisation to Support Mpumalanga’s Role in the Validation, Implementation and Follow-on Research of the South African Renewable Energy Masterplan (SAREM) (UK PACT): This project builds more substantively on ongoing work related to the development of the South African Renewable Energy Masterplan (SAREM). It draws on the success that GreenCape has achieved as the Western Cape’s green economy cluster organisation by helping to establish a similar green economy cluster organisation in Mpumalanga (launched in 2022). The newly established green economy cluster organisation will work on practical opportunities to support the research behind the SAREM, making a significant contribution to creating green economy jobs and investment opportunities as part of the implementation of SAREM.",2021-02-01,2025-03-31,,,,1310078,,,,,
zaf-jet-grants-register-2025-q1-uk-register-10,UK011,JT-Mpumalanga,Diversifying local economies,317027.5,5582854.2749999994,United Kingdom,"Trade & Industrial Policy Strategies (TIPS) (Lead), National Labour and Economic Development Institute (NALEDI), Peta Wolpe, GroundWork",D. Completed,"Distilling the Just Energy Transition in South Africa: Harmonising Conflict and Seeking Opportunities (UK PACT): The project focused on the two most coal-dependant municipalities in Mpumalanga (eMalahleni and Steve Tshwete) to identify economic diversification activities that the municipalities can develop, in conjunction with the local communities to promote job creation within the local economies. ",2021-02-01,2022-11-30,eMalahleni and Steve Tshwete Local Municipalities,Civil society and trade unions ,,253622,,,,,
zaf-jet-grants-register-2025-q1-uk-register-11,UK012,Electricity,Capacity building for renewable and greentech SMMEs,331250,5833312.5,United Kingdom,Trade Forward Southern Africa and partners ,D. Completed,"Trade Forward Southern Africa (TFSA): Information, capacity building and support to South African renewable energy and greentech products to promote their products, and access new markets through addressing no-tarriff barriers to trade and supporting market linkages. Overarching work seeks to promote SOuthern african renewable and greentech companies and industry as growing and attaractive sector for investment. ",2022-01-01,2024-02-29,,,,265000,,,,,
zaf-jet-grants-register-2025-q1-uk-register-12,UK013,Electricity,Diversifying local economies,22533.75,396819.33749999997,United Kingdom,ICLEI AFrica ,D. Completed,"Northern Cape Sustainable Energy Sector Support (Northern Cape SESS) (UK PACT): The Sustainable Energy Sector Support (SESS) project built a foundation for a sustainable energy transition within the Northern Cape and more broadly the green economy sector, for Small, Medium and Micro Enterprises to thrive. The SESS project worked with the Northern Cape Provincial Government to create an enabling environment for the creation of a small-scale sustainable energy industry via enhanced stakeholder networks, co-development and deployment of relevant knowledge products and training for the local sustainable energy sector to develop. ",2023-02-01,2023-10-31,Northern Cape Provincial Government,,,18027,,,,,
zaf-jet-grants-register-2025-q1-uk-register-13,UK014,Municipalities,Operational: Energy access design,153880,2709826.8,United Kingdom,ICLEI Africa ,D. Completed,Alternative Financing Models for Embedded Generation of Renewable Energy in South African Municipalities (UK PACT): The project developed alternative finance models for embedded generation projects within secondary municipalities and built capacity within these municipalities to enable pre-feasibility studies for embedded generation projects that could ultimately be developed through the technical and financial support of the DBSA and Green Climate Fund’s ~R4bn Embedded Generation Investment Programme (EGIP).  ,2021-11-01,2022-05-31,"King Sabata Dalindyebo, Matzikama, Ray Nkonyeni and Walter Sisuslu Local Municipalities, Development Bank of Southern Africa (DBSA) ",,,123104,,,,,
zaf-jet-grants-register-2025-q1-uk-register-14,UK015,Municipalities,Capability and capacity,187783.75,3306871.8374999999,United Kingdom,Arup South Africa ,D. Completed,"eThekwini Regional Hydrogen Economy Study  (UK PACT): This project assessed the feasibility and pathway for establishing a hydrogen economy in eThekwini Metropolitan Municipality. The completed study, launched by the Mayor of eThekwini in March 2023, included a combination of literature reviews, trend analysis and engagements with various eThekwini Municipality departments and stakeholders. It focussed on the production of hydrogen, distribution and storage, and consumption in the transport sector and large energy and power industries. The study explored the potential role of hydrogen in storing intermittent renewable energy thereby accelerating its deployment.",2021-11-01,2022-08-31,eThekwini Metropolitan Municipality ,,,150227,,,,,
zaf-jet-grants-register-2025-q1-uk-register-15,UK016,Municipalities,Capability and capacity,381589.74,6731243.0136000002,United Kingdom,Sustainable Energy Africa (SEA),C. Implementation Phase,"City of Johannesburg Climate Action Plan Implementation Tracking (UK PACT): This project is supporting the City of Johannesburg to establish the necessary data tools to bring civil society, business and other organisations into the process of monitoring the implementation of the City’s Climate Action Plan (CAP). The project will also explore new tools to reduce emissions through embedded generation support, net-zero building and land mapping for climate adaptation.",2022-11-01,2025-03-31,City of Johannesburg ,,,302849,,,,,
zaf-jet-grants-register-2025-q1-uk-register-16,UK017,Municipalities,Collective planning,6463800,114021432,United Kingdom,C40 Cities,C. Implementation Phase,Urban Climate Action Programme (UCAP): Supporting key cities to implement and embed their net-zero climate action plans through their membership to the C40 Cities network. The Cities Finance Facility (CFF) is a multi-donor project preparation facility for low-carbon infrastructure which includes Cape Town and Drakenstein.,2022-11-01,2025-12-31,"City of Johannesburg ,Tshwane, Cape Town, Mbombela and Drakenstein","City of Johannesburg ,Tshwane, Cape Town, Mbombela and Drakenstein",,5130000,,,,,
zaf-jet-grants-register-2025-q1-uk-register-17,UK018,Municipalities,Collective planning,514537.5,9061005.375,United Kingdom,GreenCape ,D. Completed,"Supporting the Effective Integration of Resilience Building, Alternative Service Delivery Approaches and Climate Change Adaptation and Mitigation into the Implementation of the City of Cape Town’s Infrastructure Planning and Delivery Framework (IPDF) (UK PACT): This project assisted with the evaluation of the City’s Infrastructure portfolio in order to understand the opportunities for City infrastructure planning and investment to respond to the environmental, social and economic risks associated with climate change. ",2022-01-01,2023-06-30,City of Cape Town ,,,411630,,,,,
zaf-jet-grants-register-2025-q1-uk-register-18,UK019,NEVs,Capability and capacity,377552.5,6648699.5249999994,United Kingdom,Nelson Mandela University and Cenex,D. Completed,"Shifting the Transport Paradigm – Electric Vehicles (UK PACT): The project built capacity, knowledge and information sharing at a national and local government level to promote electric vehicles (EVs) in line with the Department of Transport’s (DoT) Green Transport Strategy and promoted the uptake of and the development of the EV industry in South Africa.",2021-11-01,2023-03-31,"Department of Transport (DoT), Department of Forestry, Fisheries and the Environment (DFFE) and Western Cape Provincial Government (year 1) Tshwane, eThekwini and Nelson Mandela Bay Municipalities (year 2)",,,302042,,,,,
zaf-jet-grants-register-2025-q1-uk-register-19,UK020,NEVs,Capability and capacity,185216.25,3261658.1625000001,United Kingdom,Sustainable Energy Africa (SEA),D. Completed,"Electric Vehicle Readiness in City of Johannesburg (UK PACT): The project built the capacity of City of Johannesburg officials to make them EV ready, by building a deep understanding of the technical abilities of the city to plan for an EV future in terms of the provision of infrastructure and the setting of fair, yet attractive tariffs.",2021-11-01,2022-12-31,City of Johannesburg ,,,148173,,,,,
zaf-jet-grants-register-2025-q1-uk-register-20,UK021,Green hydrogen,GH and Green Ammonia,2021655.9788453919,35601361.787467353,United Kingdom,"InnovateUK, Worldbank IFC",D. Completed,Clean Energy Innovation Facility (CEIF 1.0) Phase 1 - CEIF supported the decarbonisation of South Africa's industrial sector through funding piloting and demonstration projects which create a sustainable sift in the local Energy market i.e. piloting green ammonia production using green hydrogen.,2021-11-01,2023-03-31,,,,1617324.7830763136,,,,,
zaf-jet-grants-register-2025-q1-uk-register-21,UK022,Skills,Skills hub for JET,307736.25,5419235.3624999998,United Kingdom,"South African Institute of International Affairs (SAIIA), Trade and Industrial Policy Strategies (TIPS), University of Cape Town (UCT) Energy Research Centre, KPMG, Bambili Energy",D. Completed,"Building the Green Hydrogen Economy Just Energy Transition (UK PACT): Co-creating a Just Labour Transition through the Technical and Vocational Education and Training (TVET) College System in South Africa. The project fed into a specific component of the Hydrogen Society Roadmap which involves assessing the skills needed for transitioning to a green hydrogen economy in South Africa, with a particular focus on how to position the TVET college system to supply high-quality skills to meet the future GHE requirements. ",2021-11-01,2022-04-30,"Department of Science and Innovation (DSI); Department of Higher Education and Training (DHET), Energy and Water SETA (EW SETA) ",,,246189,,,,,
zaf-jet-grants-register-2025-q1-uk-register-22,UK023,Skills,Mobilise PSET funding for JET,298632.5,5258918.3250000002,United Kingdom,NAACAM and Elangeni TVET College,D. Completed,High Gear: Development of an NEV study to identify priority EV competencies necessary to support the growth and functioning of EV manufacturing and servicing sectors to enable more TVET graduates to enter the emerging industry,2022-11-01,2023-06-30,,,,238906,,,,,
zaf-jet-grants-register-2025-q1-uk-register-23,UK024,Skills,Mobilise PSET funding for JET,95768.75,1686487.6875,United Kingdom,"IOPSA,Blu Lever, NBI",D. Completed,Green Skills in IRM: 100 beneficiaries (IOPSA plumbing training graduates) provided with green skills training (solar geyser installations and  for improved employment and earning prospects. 100 beneficiaries (IOPSA graduates) provided with green skills training (solar pump installations and  for improved employment and earning prospects.,2022-11-01,2023-06-30,,,,76615,,,,,
zaf-jet-grants-register-2025-q1-uk-register-24,UK025,Electricity,Energy Sector Decarbonisation Pathways ,249013.75,4385132.1375000002,United Kingdom,Council for Scientific and Industrial Research (CSIR) and University of Cape Town (UCT),D. Completed,"Energy Sector Decarbonisation Pathways to Meet a Net-Zero Emissions Target by 2050 (UK PACT): This project set out the key business as usual and decarbonisation scenarios for the energy sector focusing on electricity, petroleum and transport sectors to meet the net zero emissions target by 2050 consistent with the Paris Agreement.  It also undertook modelling analysis to examine the overall environmental, economic and social impacts of the different pathways.",2022-10-01,2024-03-31,Presidential Climate Commission (PCC),,,199211,,,,,
zaf-jet-grants-register-2025-q1-uk-register-25,UK026,Skills,UK PACT Secondment,30893.502628730388,544034.58129194216,United Kingdom,UK PACT secondee recruited ,D. Completed,UK PACT Secondment - Part 1 (2021/2022) - The job holder was seconded to the Secretariat of the Presidential Climate Commission (PCC): The secondee faciliated peer-to-peer exchange with the UK’s Climate Change Committee and supported the the convening of stakeholder meetings in the lead up to the development of the Commission's Just Transition Framework.,2021-11-01,2022-01-21,Presidential Climate Commission (PCC),,,24714.802102984311,,,,,
zaf-jet-grants-register-2025-q1-uk-register-26,UK027,Skills,Energy Secretariat -  UK PACT Skill-share,48981.25,862559.8125,United Kingdom,Ricardo,D. Completed,"Energy Secretariat Skill-share (UK PACT):The skill-share provided Monitoring, Evaluation and Learning (MEL) support to DSI and SANEDI to develop a Theory of Change and a MEL framework for the Energy Secretariat at an organisation-level and for the draft Energy, Science, Technology and Innovation Plan (ESTIP).",2021-11-01,2023-09-30,"Department of Science and Innovation (DSI),
South African National Energy Development Institute (SANEDI)
",,,39185,,,,,
zaf-jet-grants-register-2025-q1-uk-register-27,UK028,Skills,Operationalising Energy Performance Certificates,230622.5,4061262.2250000001,United Kingdom,Carbon Trust and Green Building Council of South Africa ,D. Completed,Operationalising Energy Performance Certificates (UK PACT): The project supported the South African National Energy and Development Institute (SANEDI) in its role in facilitating the operationalisation of EPC data and the implementation of the Mandatory EPC for Buildings Regulation. ,2021-11-01,2023-03-30,"Department of Science and Innovation (DSI),
South African National Energy Development Institute (SANEDI)
",,,184498,,,,,
zaf-jet-grants-register-2025-q1-uk-register-28,UK029,Skills,Climate Compatible Growth Facility,87500,1540875,United Kingdom,Loughborough University and UCT,D. Completed,"Support to PCC on key projects for JETP including UK-SA institutions (UCT with Imperial, Oxford, Cambridge, Loughborough) ",2023-01-01,2023-12-31,,,,70000,,,,,
zaf-jet-grants-register-2025-q1-uk-register-29,UK030,Skills,UK-IFC Market Accelerator for Green Construction (MAGC) Programme – Advisory Services (Technical Assistance),1198818.87048,21147164.8752672,United Kingdom,IFC,C. Implementation Phase,"UK-IFC Market Accelerator for Green Construction (MAGC) Programme – Advisory Services: 1. providing technical assistance including building the knowledge and skills base of the industries and governments in the supported countries, 2. improvement and enhancement of IFC’s EDGE building standards, 3. Research,  building evidence by quantifying the financial and emissions case for this demonstration portfolio of buildings to drive wider uptake.",2021-11-01,2026-12-31,,,,951443.54799999995,,,,,
zaf-jet-grants-register-2025-q1-uk-register-30,UK031,Skills,Emissions and energy data modelling improvements - support to UCT,881729.1,15553701.324000001,United Kingdom,"University of Loughborough, University of Cape Town, Imperial University and University of Central London",C. Implementation Phase,"Support to UCT: Improving the quality and usability modelling data for energy planning and emissions, including staff to answer queries and potential training of relevant public bodies on emissions modelling",2023-08-01,2026-03-30,UCT,,,699785,,,,,
zaf-jet-grants-register-2025-q1-uk-register-31,UK033,JT-Mpumalanga,Diversifying local economies,124482.33,2195868.3012000001,United Kingdom,PwC,C. Implementation Phase,"Project pipeline development: Identification, verification and vetting of municipal projects to enable development partners to deploy JETP funding",2023-09-01,2027-08-04,,,,98795.5,,,,,
zaf-jet-grants-register-2025-q1-uk-register-32,UK034,Municipalities,Independent power producer procurement ,569057.57999999996,10038175.711199999,United Kingdom,"University of Pretoria, Pinsent Masons Africa, Kim Adonis Consulting, Cornerstone Infrastructure Advisers, Enterprises University of Pretoria
",C. Implementation Phase,"Enabling municipal energy generation and procurement (UK PACT): The project aims to equip municipalities with reference guides, procurement materials and a comprehensive training programme to enable them to implement  their own independent power producer procurement programme.",2024-03-01,2025-06-30,South African Local Government Association (SALGA),Municipalities ,,451633,,,,,
zaf-jet-grants-register-2025-q1-uk-register-33,UK035,Municipalities,Municipal revenue modelling,584042.76,10302514.2864,United Kingdom,Sustainable Energy Africa (SEA),C. Implementation Phase,Policy research and support for energy pricing reform and municipal energy procurement (UK PACT):  Support the Presidential Climate Commission (PCC) with policy research and support for energy pricing reform and municipal energy procurement; support SALGA with a study of and legal support regarding alternative ownership models,2024-02-01,2025-09-30,Presidential Climate Commission (PCC); South African Local Government Association (SALGA),,,463526,,,,,
zaf-jet-grants-register-2025-q1-uk-register-34,UK037,Green hydrogen,Infrastructure ,1255645.44,22149585.5616,United Kingdom,"Ikigai Capital (UK); DNV (UK); Thames Estuary Growth Board (UK); University of Kent Public University; University College London (UK); National Gas Transmission (UK), PLC",C. Implementation Phase,Eastern Cape Green Hydrogen Production and Export Infrastructure Feasibility Study (UK PACT): This feasibility study centres on the creation of infrastructure for the production and export of green hydrogen from South Africa's Eastern Cape region to the United Kingdom and other markets. ,2024-02-01,2025-12-12,Industrial Development Corporation (IDC)," Department of Mineral Resources and Energy (DMRE),National Treasury, Department of Transport (National and Provincial Government), Department of Trade Industry and Competition ",,996544,,,,,
zaf-jet-grants-register-2025-q1-uk-register-35,UK039,Green hydrogen,Energy Secretariat -  UK PACT Skill-share Part 2,68837.5625,1212229.475625,United Kingdom,GreenCrowd and CamNexus,D. Completed,"Energy Secretariat Part 2 (UK PACT): Supporting the set up and design of the Energy Secretariat (embedded in SANEDI). This skill-share will provide organisational design and MEL support to the counterpart organisations in relation to the roles and responsibilities of the Secretariat. It should be noted that the Secretariat, as an institution, has not yet been established and resourced, hence a significant portion of this skills share support will focus on providing organisational design support.",2023-09-01,2023-11-30,"Department of Science and Innovation (DSI),
South African National Energy Development Institute (SANEDI)
",,,55070.05,,,,,
zaf-jet-grants-register-2025-q1-uk-register-36,UK042,JT-Mpumalanga,Estimating the health impacts from coal-fired power stations in South Africa,37095.660000000003,654367.44240000006,United Kingdom,South African Medical Research Council,C. Implementation Phase,"To document the literature on the health impacts of coal-fired power stations globally and specifically for South Africa, and to estimate mortality (and possibly morbidity) risks in the districts where the coal-fired power stations are located compared to districts where no coal-fired power stations are located.",2023-09-01,2025-03-01,,South African Medical Research Council ,,29441,,,,,
zaf-jet-grants-register-2025-q1-uk-register-37,UK043,JT-Mpumalanga,Early-stage pipeline scoping in Mpumalanga for JETP SME investment,1638000,28894320,United Kingdom,BCG,C. Implementation Phase,Mobilise and stimulate private investment for SMEs in Mpumalanga to support economic diversification priorities in the Just Energy Transition Partnership (JETP). Intervention via early-stage pipeline development support to SME investors and pre-/post-investment technical assistance to investees. ,2023-07-01,2025-03-31,,SME's in Mpumalanga ,,1300000,,,,,
zaf-jet-grants-register-2025-q1-uk-register-38,UK044,JT-Mpumalanga,Agribusiness investment support for JETP in Mpumalanga,1183109.76,20870056.1664,United Kingdom,Technoserve,C. Implementation Phase,"Agribusiness investment falls under the UK commitment to JETP (economic diversification/’just’ agenda): Agribusiness investors require pipeline sourcing/generation support to go beyond the large-scale investments currently visible to them, to find new climate-friendly agriculture opportunities, AND/OR to work with their existing investees to drive greater inclusion in their supply chains. To further ‘just’ agribusiness investment, this project will (a) identify which among its existing investment partners, or new ones within the JETP network, have either existing agri investments in SA or plans to expand investment and (b) provide technical assistance either to potential investee companies (to get them closer to bankability) or existing investee companies (to better drive job creation and small farmer inclusion).  Providing Pre-investment technical assistance (TA) to 8 high potential farms,connecting them to agri-lenders and impact investors. Programme will also provide TA to 2 specialist agri-lenders to high margin fruit and nuts sector ",2023-08-01,2026-03-31,,Agribusiness in Mpumalanga,,938976,,,,,
zaf-jet-grants-register-2025-q1-uk-register-39,UK045,JT-Mpumalanga,Responsible land use,378000,6667920,United Kingdom,Public Affairs Research Institute (PARI); ALIGN,C. Implementation Phase,"Developing guidelines for responsible land-based investment governance using municipal prototypes: Cities in SA are critical to economic development and just transition through effective land-use planning, increased investment, and urban governance. Most SA cities, especially secondary cities, have jurisdiction over private, public and traditional land with potential for investment in energy, transport, agriculture, bulk infrastructure, manufacturing, and tourism. However, cities lack capacity to apply land rights related principles and land-use planning methodologies, are unfamiliar with land-use financing options and tools, and require assistance identifying viable opportunities for benefit-sharing with local communities. To promote more effective land-use investment, this project will include TA to local governments on (a) land-based financing – opportunities for land revenues to be reinvested in local economic development, (b) identification and preparation of strategic projects for green economy – including energy, tourism, and green SMEs, and (c) community engagement for benefit-sharing.",2023-08-01,2024-11-30,,,,300000,,,,,
zaf-jet-grants-register-2025-q1-uk-register-40,UK046,Municipalities,Infrastructure project preparation and local economic development capacity building ,1323000,23337720,United Kingdom,"First PWC then Adam Smith Consortium, including Pegasys, Turner Townsend, Deloittes, Zutaria – south Africa entities",C. Implementation Phase,Implementation of local economic development strategies and plans including support for JET through economic diversification  - in Mpumalanga - Steve Tshwete and Mbombela (Urban Programme),2023-06-01,2027-07-30,COGTA etc ,Municipalities in Mpumalanga,,1050000,,,,,
zaf-jet-grants-register-2025-q1-uk-register-41,UK047,Skills,UK PACT Secondment,88200,1555848,United Kingdom,Palladium,C. Implementation Phase,UK PACT Secondment- Year 2 (2023/2024): The job holder was seconded to the Secretariat of the Presidential Climate Commission (PCC). The secondee facilitated peer-to-peer exchange with the UK’s Climate Change Committee and supported the the convening of stakeholder meetings in the lead up to the development of the Commission's Just Transition Framework.,2023-05-01,2025-12-31,,,,70000,,,,,
zaf-jet-grants-register-2025-q1-uk-register-42,UK048,Electricity,UK-IFC Market Accelerator for Green Construction (MAGC) Programme - – Capital Investment,2946774.1968,51981096.831551999,United Kingdom,IFC and Business Partners Limited,C. Implementation Phase,"MAGC will provide a Performance Based Incentive (PBI), for pre-agreed eligibility criteria, that will partly offset greening and EDGE certification costs for developers: The proceeds from IFC’s loan are fully earmarked for EDGE-certified residential housing developments, including in the affordable housing segment.This first MAGC investment will support Business Partners Limited, a South African non-banking financing entity specialised in loans and mentorship for SMEs to advance energy efficiency initiatives in South Africa. The deal provides financing for a 5-year loan aiming to build 90 Excellence in Design for Greater Efficiencies, (EDGE) certified buildings and will also provide a customised advisory service programme to support the green building capacity for staff and external construction stakeholders.",2021-11-01,2026-12-31,"Financial Intermediaries, Green building developers, policy-makers.","Commercial and industrial developers, for the benefit of Small and medium enterprises (SMEs)",,2338709.6800000002,,,,,
zaf-jet-grants-register-2025-q1-uk-register-43,UK049,Electricity,UK-IFC Market Accelerator for Green Construction (MAGC) Programme - – Capital Investment,2946774.1968,51981096.831551999,United Kingdom,IFC and Nedbank,C. Implementation Phase,"IFC will provide advisory services in South Africa in line with the aims of the MAGC program: This second MAGC investment in South Africa provides Nedbank with a US$31.1m IFC investment for financing EDGE-certified residential housing developments. The bond will enable a significant increase in EDGE-certified green residential developments in South Africa, 75% of which is targeted to be affordable housing on a best efforts basis. Scaling up green building financing, particularly in the residential sector, is critical to support the decarbonisation of South Africa’s energy sector while contributing to economic recovery and addressing the large housing deficit in the country. An advisory Services project will run alongside the investment, providing the bank EDGE-tool training and green building certification support, and support the bank in integrating EDGE processes.",2021-11-01,2026-12-31,"Financial Intermediaries, Green building developers, policy-makers.","Commercial and industrial developers, for the benefit of Small and medium enterprises (SMEs)",,2338709.6800000002,,,,,
zaf-jet-grants-register-2025-q1-uk-register-44,UK050,Electricity,Energy Transition Roadmap ,360356.25,6345873.5625,United Kingdom,BCG,D. Completed,"Strategy report and and an initiative and market structure detailing for an Energy Transition Roadmap (ETR): The Energy Council will produce an Energy Transition Roadmap. The ETR will focus on defining potential delivery pathways for an integrated energy system and identifying and detailing out critical initiatives needed through to 2034 to drive implementation of an energy transition plan, in support of South Africa's energy transition and NDCs. This fund will be for the continuation of an inception report of the ETR",2024-01-17,2024-03-31,Energy Council ,,,288285,,,,,
zaf-jet-grants-register-2025-q1-uk-register-45,UK051,JT-Mpumalanga,Investment Project Preparation ,4912482.96,86656199.414399996,United Kingdom,"Intially PWC, then Adam Smith International consortium (with Pegasys, Turner Townsend, Deloittes and Zutari South Africa entities)",C. Implementation Phase,"Creating infrastructure pipeline and implementing projects in JETP sectors- particularly water and energy: 80% Creating infrastructure pipeline and implementing projects in JETP sectors- with an initial focus on AfDB projects in Mpumalanga, focused on water and energy distribution. 20% ad hoc technical assistance ",2023-09-01,2027-08-30,"Various Municipalities, COGTA, NT, DWS, Necom","South African Municipalities with a focus on municipalities in Mpumalanga 
",,3898796,,,,,
zaf-jet-grants-register-2025-q1-uk-register-46,UK053,Electricity,Infrastructure ,1259193.6000000001,22212175.104000002,United Kingdom,"NEPAD Business Foundation, Siemnans, Letsema Consulting ",C. Implementation Phase,"This project seeks to develop investable, implementable climate action plans, bolstered by business cases and the identification of appropriate funding mechanisms (including existing funding sources and new funding models), in collaboration with 6 of the 26 public universities. The project relies on the use of industry-proven modelling and simulation tools (tailored for the South African context), allowing data from energy audits to inform a strategic energy transition and decarbonisation roadmap.

The project will be executed using a unique “smart campus scoping” process, which has been used for universities around the world. The project seeks to replicate this process in a manner that is tailored to the South African environment and circumstances. The “smart campus scoping” approach has enabled universities to establish a clear roadmap towards achieving their climate change objectives, including tangible outputs such as onsite renewable energy generation projects.",2024-08-01,2026-08-31,DHET,"6 South African Public Universities- University of Mpumalanga, Mangosuthu University of Technology, Sefako Makgatho Health Sciences University, Tshwane University of Technology, University of Fort Hare, University of Venda ",,999360,,,,,
zaf-jet-grants-register-2025-q1-uk-register-47,UK054,Electricity,Electricity Markets and Tariffs,378000,6667920,United Kingdom,Energy Council ,C. Implementation Phase,"Energy Council to privide support for Necom Markets Workstream around the next stages for implementing the South Africa Wholesale Energy Market. The project will support the rollout of renewables in the market system, look at potential issues with market pricing, as well as provide advice in practical areas such as capacity market design and procurement methodologies. ",2024-11-11,2025-03-31,,NECOM,,300000,,,,,
zaf-jet-grants-register-2025-q1-uk-register-48,UK055,Electricity,Solar Generation ,52920,933508.8,United Kingdom,Sunrise Network,C. Implementation Phase,"TEA@SUNRISE: £1m research and innovation project under the broader FCDO Transforming Energy Access platform that seeks to convene experts and innovators across the UK, Africa, Asia and the Indo-Pacific around Next Generation Solar and contribute to the development of locally-manufacturable thin film solar technologies. The project is being implemented between 2024 and 2026 in partnership with the Sunrise Network, led by Swansea University, and members in over 15 countries, including the University of KwaZulu-Natal in South Africa which has been allocated £42k.  The project promotes sustainable, equitable, and locally appropriate clean energy solutions. It aims to democratise solar PV manufacturing, reduce carbon emissions, and address environmental justice concerns.",2024-01-01,2026-09-30,,University of KwaZulu Natal,,42000,,,,,
zaf-jet-grants-register-2025-q1-ger-register-2,GR001,Electricity,Coal plant decommissioning ,7560000.0000000009,133358400.00000001,Germany,Eskom,B. Approved,"Investments in the Power Sector Reform Programme: Promotion of a sustainable energy transition, e.g. by expanding renewable energy capacities",2025-06-30,2025-12-31,ESKOM,"Study facility serves experts, managers of Eskom and IPPs, population impacted by coal plant decomissioning",,,7000000,,,,
zaf-jet-grants-register-2025-q1-ger-register-3,GR002,Electricity,Enabling Environment,10260000,180986400,Germany,DMRE,D. Completed,"SAGEN-CET (Capacities for the Energy Transition): TA, specifically capacity building on power sector reform topics, organizational development and gender mainstreaming",2021-11-01,2024-12-31,"DMRE, Eskom, NT, SALGA, NERSA, Universities, NTCSA, SACN and the private sector","Experts and managers from the policy-making, management, administrative and technical levels in public organisations in the power sector (intermediaries at the same time).  ",,,9500000,,,,
zaf-jet-grants-register-2025-q1-ger-register-4,GR003,Electricity,Enabling Environment,16740000.000000002,295293600.00000006,Germany,DMRE,C. Implementation Phase,"South African-German Energy Programme 4 (SAGEN 4): South African-German Energy Programme 4 (SAGEN 4): Supports institutions in the South African Energy landscape in implementing the processes and reforms in the fields of power sector reform, energy policy and regulation, power systems planning and operation, embedded generation in distribution networks and municipal energy management systems ",2022-01-01,2025-12-31,"DMRE, Presidency, MoE, OV, NERSA, Eskom, NTCSA, SALGA, Municipalities","Intermediaries to the broader target groups incl. decission makersm regulators and stakeholders on national level, municipalities",,,15500000,,,,
zaf-jet-grants-register-2025-q1-ger-register-5,GR004,Green hydrogen,Enabling Environment,3240000,57153600,Germany,DTIC,C. Implementation Phase,Enabling Long-Term de-fossilisation Pathways through Power-to-X (PtX Pathways) South African Component: TA on supporting the build up of a sustainable PtX economy,2021-11-01,2025-06-30,"dtic, CSIR","Government representatives at national and provincial level, municipal representatives, NGO representatives, project developers, companies, ",,,3000000,,,,
zaf-jet-grants-register-2025-q1-ger-register-6,GR005,Electricity,Enabling Environment,4500360,79386350.400000006,Germany,"DMRE; private sector, civil society, other relevant national institutions",C. Implementation Phase,South African – German Energy Partnership: All funds already committed.,2021-11-01,2026-12-31,DMRE,Government representatives at national,,,4167000,,,,
zaf-jet-grants-register-2025-q1-ger-register-7,GR006,Electricity,Enabling Environment,4860000,85730400,Germany,DMRE,C. Implementation Phase,SAGEN-CET2 (Capacities for the Energy Transition2): Funds only available once project is commissioned ,2024-01-01,2026-12-31,"DMRE, NTCSA, NERSA, SALGA","Experts and managers from the policy-making, management, administrative and technical levels in public organisations in the power sector (intermediaries at the same time).  ",,,4500000,,,,
zaf-jet-grants-register-2025-q1-ger-register-8,GR007,JT-Mpumalanga,Diversifying local economies,16200000.000000002,285768000.00000006,Germany,DFFE,C. Implementation Phase,"Just Transition to a Decarbonised Economy (JUST SA): The JUST SA project, implemented by GIZ, Green Cape, NBI, TIPS, and WWF SA, aims to support South Africa's transition to a low-carbon, climate-resilient economy. GIZ coordinates the program, providing grants and overseeing financial management, while working closely with partners such as the Department of Forestry, Fisheries and the Environment (DFFE), Presidential Climate Commission Secretariat (PCC), and other stakeholders. The project focuses on stakeholder participation in policy development, provincial green economic development, skills development, model projects on municipal level, and mine rehabilitation. ",2022-06-01,2027-08-31,"JUST SA Consortium (including Green Cape, NBI, TIPS, Yes4Youth, WWF SA, GIZ)","Decission makers on national level, Government of Mpumalanga,  coal value chain representatives SMMEs ",,,15000000,,,,
zaf-jet-grants-register-2025-q1-ger-register-9,GR008,Electricity,Piloting social ownership models,21600000,381024000,Germany,INFRA IMPACT COMMUNITY TRUST FUNDING (PTY) LTD,C. Implementation Phase,Innovative Financing of Green Infrastructure: The project will refinance the equity shares of South African Community Trusts in projects under the national REI4P. ,2022-01-01,2028-12-31,INFRA IMPACT COMMUNITY TRUST FUNDING (PTY) LTD,Comunity Trusts (TC) of Municipalities ,,,20000000,,,,
zaf-jet-grants-register-2025-q1-ger-register-10,GR009,Electricity,Piloting social ownership models,21600000,381024000,Germany,INFRA IMPACT COMMUNITY TRUST FUNDING (PTY) LTD,B. Approved,Innovative Financing of Green Infrastructure II: Expansion of the refinancing facility under phase I.,2024-01-01,2030-12-31,INFRA IMPACT COMMUNITY TRUST FUNDING (PTY) LTD,Comunity Trusts (TC) of Municipalities ,,,20000000,,,,
zaf-jet-grants-register-2025-q1-ger-register-11,GR010,Municipalities,Preparing a conducive environment for private sector investment,21600000,381024000,Germany,"DMRE/ Presidency/ IDC; Municipalities, Provincial Government, State-Owned Entities, private sector",C. Implementation Phase,"Energy Efficiency in Public Buildings and Infrastructure Programme (EEPBIP): EUR 8.7m TA, EUR12.3m Partial Credit Guarantee (IDC). Budget pro rata-ed for Nov 2021 start date with agreement of JETP",2021-11-01,2026-12-31,DMRE; NBI; Presidency; IDC,Municipalities ,,,20000000,,,,
zaf-jet-grants-register-2025-q1-ger-register-12,GR011,Green hydrogen,Infrastructure ,24840000,438177600,Germany,"IDC, Private and public companies ",B. Approved,Promotion of Green Hydrogen,2022-01-01,2029-12-31,Industrial Development Corporation (IDC),Catalytical project developers in the field of Green Hydrogene in South Africa,,,23000000,,,,
zaf-jet-grants-register-2025-q1-ger-register-13,GR012,Green hydrogen,Infrastructure ,16740000.000000002,295293600.00000006,Germany,"MoEE; DTIC, DMRE, IDC, DFFE, DPWI, SABS, HySA, SANEDI",C. Implementation Phase,Promoting a Green Hydrogen Economy in South Africa (H2.SA): All funds already committed.,2021-11-01,2025-12-31,"MoEE, HySA Network, Infrastructure SA, SANEDI, HSRC","Government representatives and at national and provincial level, municipal representatives, NGO representatives, project developers, companies, ",,,15500000,,,,
zaf-jet-grants-register-2025-q1-ger-register-14,GR013,Skills,Mobilise PSET funding for JET,23760000,419126400,Germany,"NBI; TVET Colleges (False Bay and West Cost (WC), Umfolozi (KZN), Tshwane North and Ekhurhuleni West (GT), Evender (MP)) with neigbouring industrial parks and settlements",B. Approved,"Skills & Employment Program (IRM): This project promotes skills development and youth employment in the field of IRM (installation, repair and maintenance). With its special focus on township economies, the programme will support the establishment of IRM hubs in selected TVET colleges. The hubs will provide business acceleration support, enabling access to markets and new supply chains as well as training services for targeted local SMEs, thus unlocking the potential for business growth and employment generation. With emphasis on green economy, technical training on renewable energies and the partneship with key industrial centers (like the SEZs in Atlantis, Tshwane North, the Isithebe Eco-Industrial park and Mpumananga based industries) to program diectly aligns with JET. New committment of EUR 11m in 2024",2023-01-01,2028-12-30,National Business Initiative (NBI),young men and women in South Africa at seleceted TVET colleges (participants of IRM skills dvelopment),,,22000000,,,,
zaf-jet-grants-register-2025-q1-ger-register-15,GR014,Skills,Mobilise PSET funding for JET,16200000.000000002,285768000.00000006,Germany,"CPUT; Selected TVET Colleges, ESKOM, IPPs",B. Approved,"Skills4JET: The project promotes technical skills in renewable energy technologies. The project supports a) expansion of SARETEC's training infrastructure, human resources and training offerings (wind, PV & battery storage, possibly H2), b) roll-out of technical training progams to selected TVET colleges (such as PV & battery storage, energy efficiency, solar water heating, CSP) and c) establishing training facilities for renewable engergies supporting ESKOM's JET plans (possibly at the Grootvlei Power Station or at the ESKOM's Academy of Learning - EAL). The project intends to provided training institutions who offer training programms in renewable energies with related infrastructure for own practise and operations, such as PV and battery storage (""Greening TVET""). Additional funds of EUR5m in 2024",2026-01-01,2030-12-31,South African Renewable Energy Technology Centre (SARETEC),young men and women in South Africa at seleceted training institutions (participants of skills dvelopment in renewable energies),,,15000000,,,,
zaf-jet-grants-register-2025-q1-ger-register-16,GR015,Skills,Mobilise PSET funding for JET,13500000,238140000,Germany,DHET; TVET college,C. Implementation Phase,Career Path Development for Employment (CPD4E) - BMZ: All funds already committed.,2022-06-01,2026-05-31,"NBI, Lulalab, Yes4Youth, IEPA, Resolution Circle, Wits Real, Techniserve, ILO, UNDP","underpriviledged groups: youths, females, workers and their dependants affected by the structural changes; other target groups on multiplicator level are employment and SMME support organisations (NPOs), TVET colleges, TVET lecturers, decision makers in the TVET space",,,12500000,,,,
zaf-jet-grants-register-2025-q1-ger-register-17,GR016,Skills,Mobilise PSET funding for JET,6480000,114112800,Germany,The Presidency,D. Completed,Support to the Presidential Youth Employment Intervention - S2PYEI,2021-11-01,2024-03-31,The Presidency,,,,6000000,,,,
zaf-jet-grants-register-2025-q1-ger-register-18,GR017,Municipalities,Climate Support Programme (CSP4),5400000,95256000,Germany,"DFFE; Municipalities, Provinces",C. Implementation Phase,Policy advisory and other support to DFFE and other institutions on climate mitigation and adaptation issues -  biodiversity: All funds already committed.,2022-01-01,2026-12-31,"DFFE, municipalities, provinces","Intermediaries to the broader target groups incl specialists and executives in relevant ministries, provincial governments, public institutions and SoEs, municipalities, companies, associations, NGOs or research institutions and think tanks",,,5000000,,,,
zaf-jet-grants-register-2025-q1-ger-register-19,GR019,JT-Mpumalanga,JET Innovation Regions ,280800,4953312,Germany,,C. Implementation Phase,,2022-12-01,2026-03-30,TBD,Stakeholders relevant for the development and implementation of regional Just Energy Transition Plans in Coal Regions ,,,260000,,,,
zaf-jet-grants-register-2025-q1-ger-register-20,GR020*,JT-Mpumalanga,"The funding specifically targets JET implementation, with a focus on Just and systemic process support for the transition / capacity building and the subnational level.",32400000.000000004,571536000.00000012,Germany,,B. Approved,,2024-08-01,2027-07-30,,,,,30000000,,,,
zaf-jet-grants-register-2025-q1-ger-register-21,GR021,Green hydrogen,"Catalyst Research for Sustainable Kerosene, CARE-o-SENE",32400000.000000004,571536000.00000012,Germany,,C. Implementation Phase,"Development of catalysts in the Fischer-Tropsch process (FT). These FT catalysts play a key role in the large-scale production of green kerosene. With the help of optimized catalysts, sustainable aircraft fuels, so-called Sustainable Aviation Fuels (SAF), can be produced more efficiently.",2022-01-03,2024-12-31,"Helmholtz Center Berlin (HZB), Karlsruhe Institute for Technology (KIT), Fraunhofer Institute), INERATEC GmbH",,,,30000000,,,,
zaf-jet-grants-register-2025-q1-ger-register-22,GR022,Green hydrogen,"Greening the production and use of liquefied fuel gas in Southern Africa, Green‐QUEST",4320000,76204800,Germany,,C. Implementation Phase,"Developing Green-LFG value chain.  Converting captured CO2, water and renewable energy into synthesis gas and green liquid gas is improved.",2022-10-03,2025-09-30,"Forschungszentrum Jülich GmbH; University of Cape Town; Nelson Mandela University; Council for Scientific & Industrial Research (CSIR); Hydrogen Energy Applications (Pty) Ltd (HYENA)

Associated partners: 
Sasol Ltd; SHV Energy N.V.",,,,4000000,,,,
zaf-jet-grants-register-2025-q1-ger-register-23,GR026b,Electricity,Infrastructure ,540000,9525600,Germany,City of Cape Town ,B. Approved,Consultant suport to implement GR026,,,City of Cape Town ,,,,500000,,,,
zaf-jet-grants-register-2025-q1-fr-register-2,FR001,Electricity,Coal plant decommissioning ,680400,11981844,France,GEAPP; Eskom,D. Completed,"Refinement of Eskom JET Office Strategy: Consulting services to the Eskom JET Office for the update, refinement, and initial implementation of the JET strategy.  Co-funded with GEAPP.  Executed by BCG.",2022-01-01,2023-12-31,,,630000,,,,,,
zaf-jet-grants-register-2025-q1-fr-register-3,FR002,Electricity,Coal plant decommissioning ,297000,5239080,France,"CSIR; DHET, Eskom",B. Approved,Support to CSIR: Support the development of a holistic cost-benefit analysis study on the repurposing of two coal power plants; as well as the examination of the localization potential and enterprise development opportunities of both the solar PV and battery storage value chain,2022-01-01,2024-12-31,,,275000,,,,,,
zaf-jet-grants-register-2025-q1-fr-register-4,FR003,JT-Mpumalanga,Diversifying local economies,540000,9525600,France,ICLEI; Steve Tshwete Municipality,C. Implementation Phase,"Economic diversification support to Steve Tshwete Municipality for: 1- The development of a just low-carbon transition strategy, in line with previous work undertaken by the German Cooperation (GiZ) and ICLEI. 2- Supporting the diversification of the local economy to make it less dependent on the coal industry. ",2021-11-01,2024-12-31,,,500000,,,,,,
zaf-jet-grants-register-2025-q1-fr-register-5,FR004,JT-Mpumalanga,Diversifying local economies,216000,3803760,France,"UCT; Presidency, Steve Tswhete Local Municipality, CoGTA, MP Province",D. Completed,Community Explorer: Steve Tshwete Local Municipality,2022-01-01,2023-12-31,,,200000,,,,,,
zaf-jet-grants-register-2025-q1-fr-register-6,FR005,JT-Mpumalanga,Participatory identification and implementation of just energy transition interventions,385560,6801278.4000000004,France,"Indalo Inclusive South Africa; Community stakeholders in Dipaleseng District Municipality, Mpumalanga (First phase).                             
GreenCape, CORC, Peco Power, Community stakeholders in Nomzamo, Ermelo Municipality. (second phase)",C. Implementation Phase,"Participatory co-design of equitable energy transition interventions: Supporting an inclusive, participatory co-construction process in a community / municipality impacted by the energy transition, to  identify interventions that contribute to a just transition. This process will include local role players (local gov, civil society, unions, private sector) (First Phase)
Establishing an Alternative Service Delivery Unit to Address Energy Injustice and Informal Settlements To boost employment and economic activity by offering alternative energy services in the agricultural village of Nomzamo, within the framework of the just transition in Ermelo, Mpumalanga and to create an inclusive mechanism for alternative sanitation services, ensuring the full realization of basic human rights for communities disadvantaged by the energy transition. (second phase)",2023-06-01,2025-03-31,,,357000,,,,,,
zaf-jet-grants-register-2025-q1-fr-register-7,FR006,JT-Mpumalanga,Piloting social ownership models,32400.000000000004,571536.00000000012,France,CST; PCC,C. Implementation Phase,Study on energy poverty: Study on impact of power sector reforms on energy poverty.  With focus on Emalahleni Local Municipality,2022-01-01,2027-12-31,,,30000,,,,,,
zaf-jet-grants-register-2025-q1-fr-register-8,FR007,Electricity,Green bond,162000,2857680,France,DBSA,C. Implementation Phase,"Cross sectoral: The purpose of the green bond issuance was to support investment in climate change mitigation and adaptation projects in Africa. The project is backed by a portfolio of sub-projects in the renewable energy sector (solar/wind) and/or in the water sector, with climate mitigation or adaptation co-benefits. The total value of the project is EUR 200 million for the subscription to the green bond issued by DBSA with a maturity of 7 years, and EUR 0.15 million in grants to finance technical assistance. ",2021-11-01,2027-12-30,,,150000,,,,,,
zaf-jet-grants-register-2025-q1-fr-register-9,FR009,JT-Mpumalanga,The role of social policies in the framework for the just transition (focusing Steve Tshwete Local Municipality),16200.000000000002,285282,France,Peta Wolpe and Wendy Annecke,D. Completed,"Contribution on the debate on a just transition in SA by mapping the entrenched historical implications of coal use, overlaying these with a description of some of the policies developed to address energy and climate change: This paper explores the extent to which social policies in South Africa might serve as mechanisms to enhance the transition to a low carbon economy and contribute to mitigating some of the negative impacts towards ensuring a holistic and just transition. It attempts to contribute to the fluid and contested nature of the debate on a just transition in South Africa by mapping the entrenched historical implications of coal use, overlaying these with a description of some of the policies developed to address energy and climate change and analysing the extent to which current social protection policies, designed to facilitate well-being, might be harnessed towards a more equitable society and a just transition",2021-11-01,2022-12-31,,,15000,,,,,,
zaf-jet-grants-register-2025-q1-fr-register-10,FR010,JT-Mpumalanga,Revitalisation of Mining Ghost Towns ,129600.00000000001,2282256,France,Oneworld; IDC,D. Completed,"Analysis of the revitalisation of South African Mining Ghost Towns – focus on Phalaborwa and Carolina: The objective of the project was to identify existing and/or potential economic opportunities in the project target areas, BaPhalaborwa and Carolina, that could ensure a Just Transition from strongly mining oriented local economies . The IDC identified that smaller towns in the mining regions of South Africa are facing economic hardship as they transition into a greener based future. This is particularly the case for towns dependent on coal mining but the issues faced involve other mining dependent towns as well, particularly given general declines in mining productivity and life of mining cycles. Based on an IDC study review of such towns, they identified the two towns (Phalaborwa and Carolina) to form the basis of this Ghost Mining Project review",2021-11-01,2022-12-31,,,120000,,,,,,
zaf-jet-grants-register-2025-q1-fr-register-11,FR011,JT-Mpumalanga,Implementation of the Just Transitions Framework ,21600,380376,France,Western Cape Economic Development Partnership; PCC,D. Completed,"Develop a just transition partnering implementation model to guide the work of the PCC and its partners, with a focus on Mpumalanga: The purpose of the research is to develop a just transition partnering implementation model to guide the work of the PCC and its partners, with a focus on Mpumalanga.Special attention will be paid to the role of sub-national government, as well as relationships between state and non-state actors at the local level",2022-01-01,2023-12-31,,,20000,,,,,,
zaf-jet-grants-register-2025-q1-fr-register-12,FR012,Skills,JET Labour Center,378000,6667920,France,"JET Labour Center through TIPS; Presidency, with support from the NT",C. Implementation Phase,"This project responds to a need for a research centre to assist trade unions with technical expertise: This project responds to a need for a research centre to assist trade unions with technical expertise, including reviewing available research and the implications for workers; identifying and helping to analyse different levels of engagement with other stakeholders; and sharing experiences with similar structural changes in South Africa and internationally. The Labour School resolved to establish a just transition centre for South Africa that will provide the three Federations with technical expertise. The Just transition Centre for South African unions will be responsible for reviewing research into the impacts of the climate change on the economy; providing relevant technical expertise to the labour movement; and running capacity building programmes and workshops for unions across Federations.",2023-01-01,2026-12-31,,,350000,,,,,,
zaf-jet-grants-register-2025-q1-fr-register-13,FR013,Skills,"Public employment programs, just transition and inequality",237060.00000000003,4181738.4000000008,France,"TIPS; Presidency, with support from the NT",C. Implementation Phase,"Support the Public employment programs: This proposal requests the AFD to provide support to the ‘innovation sandbox’ role. While the immediacy of the pandemic is over, unemployment remains the single biggest cause of poverty and income inequality in South Africa, now exacerbated by the impact of the energy crisis on the economy – and the employment implications of the energy transition also. This context also requires the Presidential Employment Stimulus to pivot in ways that build on lessons from the Stimulus so far – but that now take those to the next level",2023-01-01,2026-12-31,,,219500,,,,,,
zaf-jet-grants-register-2025-q1-fr-register-14,FR014,Skills,Strengthening the environmental justice movement in South Africa,226800.00000000003,4000752.0000000005,France,Environmental Justice Fund; Community-led environmental justice organisations and networks,C. Implementation Phase,"Funding to the Environmental Justice Fund (EJF) to provide financial, capacity-building and networking support to community-based organisations (CBOs) and community networks working to advance environmental and climate justice in South Africa:  Supporting affected communities to design and implement responses to climate change and environmental injustice, is integral to driving a just transition.",2023-01-01,2024-12-31,,,210000,,,,,,
zaf-jet-grants-register-2025-q1-fr-register-15,FR015,JT-Mpumalanga,Social protection,128520.00000000001,2267092.8000000003,France,"UCT-DPRU; Presidency, with support from the NT",C. Implementation Phase,"Social Protection and the Just Transition in South Africa -Examining the Financial Requirements of the Just Transition: This project aims to make two primary high-level contributions:
i. First, it will count and profile existing workers in coal and related industries using reliable, spatially sensitive microdata. This includes an analysis of employment, wages, and wage inequality;
ii. Second, it will propose a basket of social protection policies tailored to the identified worker profiles, with attendant modelled cost estimates, and potential financing options. This includes a focus on the wage inequality implications of various policy scenarios that highlight the importance of a just transition in South Africa.",2023-01-01,2025-05-31,,,119000,,,,,,
zaf-jet-grants-register-2025-q1-fr-register-16,FR016,JT-Mpumalanga,Skills and economic diversification,34560,609638.40000000002,France,Wits-REAL; Presidency,C. Implementation Phase,"Skills ecosystem mapping in the Nkangala district: This project aims to make two primary high-level contributions:
This research project will conduct a detailed analysis of the skills ecosystem that could feed into the various initiatives to support local authorities and communities in the Nkangala district, which concentrates the coal-fired power plants that will be closed as a result of just transition policies. Phase 1 of the project revealed that an IRM skills ecosystem mapping project is crucial for addressing inequality by thoroughly analysing the socioeconomic and demographic profiles of diverse townships in South Africa. By identifying specific skill gaps and understanding the challenges faced by Small, Medium, and Micro Enterprises (SMMEs) in these areas, the study can inform targeted interventions aimed at reducing inequality in access to employment and economic opportunities. Furthermore, by examining the role of Technical and Vocational Education and Training (TVET) institutions and conducting a comprehensive literature review, the study ensures that proposed interventions are evidence-based and tailored to the needs of the communities studied. ",2023-01-01,2025-05-31,,,32000,,,,,,
zaf-jet-grants-register-2025-q1-fr-register-17,FR017,Skills,Skills and economic diversification,75600,1333584,France,"HSRC, UCT-SALDRU, PCC",C. Implementation Phase,"The impact of the green transition on jobs in South Africa:The project will provide an in-depth analysis of the impact of the green transition on jobs, using both a bottom-up approach (occupation-based quantification of green jobs) and a top-down approach (jobs’ vulnerability based on sectoral emissions). It will then use the Spatial Tax Panel to map the jobs at the municipal level.",2023-01-01,2025-05-31,,,70000,,,,,,
zaf-jet-grants-register-2025-q1-fr-register-18,FR018,Electricity,Mini-grids,216000,3810240,France,DBSA,C. Implementation Phase,Eskom Mini-grids: Development of feasibility studies and implementation plan of the Eskom Mini-grids Programme,,,ESKOM,,200000,,,,,,
zaf-jet-grants-register-2025-q1-fr-register-19,FR019,Skills,Technical assistance for NT/ALM,97200,1714608,France,Reshma Sheoraj / Jeanine BEDNAR-GIYOSE ,C. Implementation Phase,Technical assistant to support the coordination of the public policy dialogue and the following up on the objectives related to the indicators of the Just PBL.,2024-09-04,2025-11-01,National Treasury / Asset and Liabilities Management unit,National Treasury,90000,,,,,,
zaf-jet-grants-register-2025-q1-fr-register-20,FR020,JT-Mpumalanga,JT-Funding Platform,216000,3810240,France,Candidate to be selected soon,B. Approved,"Analyst to support the operationalization of the JET-FP (coordination, registering grant funders onto the JET-FP, M&E…)",2024-11-01,2027-11-01,JET-PMU,JET-PMU,200000,,,,,,
zaf-jet-grants-register-2025-q1-fr-register-21,FR022,JT-Mpumalanga,Gender mainstreaming,54000,952560,France,to be recruited,B. Approved,JET jobs first project: gender and social inclusion in the Mpumalanga province:supporting mgca (green cluster agency) in mainstreaming gender in the project with afdb ,2023-01-01,2025-12-31,Premier's office of Mpumalanga province,Premier's office of Mpumalanga province,50000,,,,,,
zaf-jet-grants-register-2025-q1-actip-register-2,ACTIP001,Skills,Mobilise PSET funding for JET,2280000,40150800,ACT-IP,"To be implemented by CIF implementing agencies (ie. WB, AfDB, IFC); TBD",D. Completed,"The Women-Led Coal Transition Mechanism (WOLCOT): Aims to enhance women’s climate leadership and effective participation in the design and decision-making of coal-to-clean transition strategies and implementation. 
https://w05.international.gc.ca/projectbrowser-banqueprojets/project-projet/details/P010807002 ",2021-11-01,2021-12-31,,,,,,,,,
zaf-jet-grants-register-2025-q1-actip-register-3,ACTIP002,JT-Mpumalanga,,47720000,841780800,ACT-IP,,B. Approved,,2023-01-01,2027-12-31,,,,,,,,,
zaf-jet-grants-register-2025-q1-dk-register-2,DK001,Electricity,Transmission,2719500,47971980,Denmark,"Eskom, NERSA, DMRE, IPPO",C. Implementation Phase,"Capacity building with ESKOM and relevant government minsteries and agencies: The Danish Embassy has in collaboration with Danish Energy Agency hosted a program which aims to continually improve the capacity within ESKOM and government ministeries for improving the transmission of electricity in the South African electricity grid, by drawing on the DEA's experience from a Danish context.",2021-11-01,2026-03-31,"Eskom, NERSA, DMRE, IPPO",Energy consumers in South Africa,,,,18130000,,,
zaf-jet-grants-register-2025-q1-dk-register-3,DK002,Electricity,Distribution ,3323850,58632714,Denmark,"Eskom, DMRE, IPPO, NERSA",C. Implementation Phase,"Capacity building with ESKOM and relevant government minsteries and agencies: Like for transmission, The Danish Embassy has in collaboration with Danish Energy Agency hosted a program which aims to continually improve the capacity within ESKOM and government ministeries for improving the distribution of electricity in the South African electricity grid, by drawing on the DEA's experience from a Danish context. ",2021-11-01,2026-03-31,"Eskom, NERSA, DMRE, IPPO",Energy consumers in South Africa,,,,22159000,,,
zaf-jet-grants-register-2025-q1-dk-register-4,DK003,JT-Mpumalanga,Improving infrastructure for development,163050,2876202,Denmark,"GreenCape, Mpumalanga Green Cluster Agency (MGCA)",C. Implementation Phase,"Mining Rights Mapping and Planning in Mpumalanga: To be overlaid with other information available (Biodiversity areas, land ownership, wind measurements, bird flight pathways etc.)to support the rolling out of large-scale RE in Mpumalanga province.",2022-10-11,2024-12-31,"GreenCape, Mpumalanga Green Cluster Agency (MGCA)",Owners of mining rights; Investors and developers of RE capacity in Mpumalanga; Planners in Mpumalanga Province,,,,1087000,,,
zaf-jet-grants-register-2025-q1-dk-register-5,DK004,JT-Mpumalanga,Improving infrastructure for development,399450,7046298,Denmark,"GreenCape Alternative Service Delivery Unit (ASDU), Community Organisation Research Council(CORC), MGCA",C. Implementation Phase,"Alternative Basic Service Delivery: In Nomzamo Agricultural Village in Mpumalanga, including a common understanding of the required framework conditions for local municipalities in the province to explore alternative service delivery models.",2022-10-11,2024-12-31,"GreenCape Alternative Service Delivery Unit (ASDU), Community Organisation Research Council (CORC), MGCA;  Residents of Nomzamo Agricultural Village in Ermelo, Mpumalanga",Citizens in Nomzamo Agricultural Village in Mpumalanga; local municipalities in the Mpumalanga Province,,,,2663000,,,
zaf-jet-grants-register-2025-q1-dk-register-6,DK005,JT-Mpumalanga,Improving infrastructure for development,2250000,39690000,Denmark,"(SANEDI, CSIR) Danish Technical University, Danish Energy Agency.",C. Implementation Phase,"Wind Atlas South Africa (WASA): This project aims to improve digital infrastruture for RE, by mapping out where the most suitable sites for on-shore wind energy is located in South Africa, with a special focus on detailed mapping of winds in Mpumalanga, as it is a high priority area for just and green transitioning. The map will be made for public use. ",2023-01-01,2027-12-31,"SANEDI, CSIR, SAWS",Renewable energy policy makers and developers,,,,15000000,,,
zaf-jet-grants-register-2025-q1-dk-register-7,DK006,Electricity,"Piloting social ownership models
Labor Market Consortium",3158550,55716822,Denmark,"NBI, NUMSA, NUM, BUSA, SEIFSA, Western Cape Province, 3F and Confederation of Danish Industries",C. Implementation Phase,"Just transition and labour market arrangements within green transition and climate: Projects involve supporting and developing small local businesses and upskilling and education of local workforces, and promoting local engagement.",2022-01-01,2025-12-31,"NBI, NUMSA, NUM, BUSA, SEIFSA, Western Cape Province",Labour market organisations and members,,,,21057000,,,
zaf-jet-grants-register-2025-q1-dk-register-8,DK008,Skills,Mobilise PSET funding for JET,945000,16669800,Denmark,"DFC, Danish Embassy, Danish universities and the participating students",C. Implementation Phase,"Master scholarships for South African partner insitutions, focussing on green and climate related topics: On average two South African partners are awarded with a 2-year scholarship to study in Denmark annually on topics related to green transition and climate change.",2022-01-01,2027-12-31,"Program partner institutions in South Africa (ministries, metros, utilities, and research institutions, etc.)",Scholars and their institutions in South Africa,,,,6300000,,,
zaf-jet-grants-register-2025-q1-dk-register-9,DK009,Skills,Mobilise PSET funding for JET,1687500,29767500,Denmark,"DFC, Danish Embassy, Danish universities and the participating students",C. Implementation Phase,"Short courses on cross thematic areas for South African programme partners: On average 50 scholars benefit from the short courses on an annual basis, learning programme topics include energy efficiency, green transition, climate change, RE, food and agriculture, water management, sustainable cities.",2022-01-01,2027-12-31,"Program partner institutions in South Africa (ministries, metros, utilities, and research institutions, etc.)",Scholars and their institutions in South Africa,,,,11250000,,,
zaf-jet-grants-register-2025-q1-dk-register-10,DK010,Skills,Mobilise PSET funding for JET,6300000,111132000,Denmark,"DFC, Danish Embassy, Danish universities and the participating students",C. Implementation Phase,"Research grants for green research consortia South Africa: Research collaboration on water, energy and, urban development between South Africa and Denmark. Currently, 5 research collaborations ongoing, and 5 research collaborations in the pipeline. ",2022-01-01,2027-12-31,Research institutions in South Africa,Students and research community in South Africa and Denmark,,,,42000000,,,
zaf-jet-grants-register-2025-q1-dk-register-11,DK012,JT-Mpumalanga,Entrepreneurship and innovation,75000,1323000,Denmark,Teach A Man to Fish,C. Implementation Phase,Skills Development in Mpumalanga to ensure a just energy transition: The project focuses on equipping youth in the Mpumalanga region with entrepreneurial and green energy-related skills. The aim is that participants can create their own job possibilites related to energy transition.,2024-07-31,2026-01-31,Teach A Man to Fish and 10 selected schools in Mpumalanga,Upper Primary Students (grade 8-10) and teachers at 10 different secondary schools in Mpumalanga,,,,500000,,,
zaf-jet-grants-register-2025-q1-dk-register-12,DK014,Electricity,Capacity building in the energy sector,120000,2116800,Denmark,SAWEA,C. Implementation Phase,Positioning wind energy as a contributor to global decarbonisation strategies: A collaboration with SAWEA where key outcomes are paper presentations at the annual WindAc Africa Conference; visiting schools in Mpumalanga and reaching 1500-2000 learners during the EnergyDrive in the province; networking events where operational best practice and innovation are showcased and discussed; learners participating in the Wind Industry Internship Programme; commissioning research study on a relevant topic.,2023-06-25,2024-12-31,SAWEA,Participants in the various initiatives and events,,,,800000,,,
zaf-jet-grants-register-2025-q1-nl-register-2,NL001,JT-Mpumalanga,Diversifying local economies,2160000,38102400,Netherlands,"Multiple partners; Eskom, Eskom employees, local communities, municipalities, province, knowledge institutes",C. Implementation Phase,Grootvlei Just Transition: Multiple activities to support the decommissioning of the Grootvlei power station by facilitating the development of alternative livelihoods in the area.,2022-01-01,2025-12-31,"Eskom, Dipaleseng municipality, Mpumalanga Green Cluster Agency, Mpumalanga province","Local communities in Dipaleseng municipality, Eskom employees",,,,,2000000,,
zaf-jet-grants-register-2025-q1-nl-register-3,NL002,JT-Mpumalanga,Investing in youth,186580.56489795921,3291281.1648000004,Netherlands,South African Institute for International Affairs; youth,C. Implementation Phase,Youth in Action: Youth-driven project to support participation of youth in climate debates and decision-making.,2022-11-15,2025-10-31,SAIIA Youth,Youth across South Africa,,,,,172759.78231292518,,
zaf-jet-grants-register-2025-q1-nl-register-4,NL003,Municipalities,Supporting local water authorities/municipalities on water management,1867752.0000000002,32947145.280000005,Netherlands,"Municipalities, DWS, Water agencies",C. Implementation Phase,"Blue Deal - partnership between NL and SA on water management: One of the 5 projects is in Mpumalanga. Aims to provide 2 million people with access to sufficient, safe and reliable water by 2030. Works at 5 different project, including one in Mbombela, Mpumalanga. Total budget is 8 mln euros.",2023-01-01,2030-12-31,"Department of Water and Sanitation, COGTA, SALGA, MISA, Municipalities",Mbombela municipality,,,,,1729400,,
zaf-jet-grants-register-2025-q1-nl-register-5,NL004,Green hydrogen,SA-H2 Fund,54000000,952560000,Netherlands,TBD,B. Approved,"Grant component of the SA-H2 fund: SA-H2 is an innovative blended finance fund, that will facilitate and accelerate the development of a green hydrogen sector and circular economy in South Africa.",2023-01-01,2030-12-31,TBD,TBD,,,,,50000000,,
zaf-jet-grants-register-2025-q1-nl-register-6,NL005,Green hydrogen,Accelerating the green hydrogen economy,2160000,38102400,Netherlands,"Multiple partners amongst others Talbot, Nuffic SA, Green Cape, Gas Unie, RHDHV SA, Rebel SA, Blueberry Concepts ",C. Implementation Phase,"Budget for studies/TA/seminars etc., to acccelerate the green hydrogen economy: Multiple activities to support skills development and feasibility studies to accelerate the green hydrogen economy.",2022-01-01,2025-12-31,"Wesgro, NCEDA, Presidency, CSIR","Youth, local communities, SA private sector, SA knowledge insitutes",,,,,2000000,,
zaf-jet-grants-register-2025-q1-nl-register-7,NL006,JT-Mpumalanga,Strengthening social dialogue in the mining sector,384054.48000000004,6774721.0272000013,Netherlands,CNV International,C. Implementation Phase,Enabling local unions to push for improved working conditions in the mining sector and a fair transition: CNV International will work with local unions in the mining industry to support with skills and information that enable local unions to push for improved working conditions in the mining sector (i.e. manganese and chromium) and a fair transition out of the coal mining sector.,2023-01-01,2025-12-31,To be identified,Workers in the mineral mining sector (manganese and chromium),,,,,355606,,
zaf-jet-grants-register-2025-q1-can-register-2,CAN001,Skills,Mobilise PSET funding for JET,600400,10591056,Canada,Institute for Economic Justice (local partner); Just Urban Transition and the Congress of South African Trade Unions,C. Implementation Phase,"A just energy transition: Localization, decent work, SMMEs and sustainable livelihoods. The project will analyze clean energy value chains and their relationships with the rest of the economy. This approach provides an interdisciplinary framework for unpacking the complex issues in the clean energy value chain. It will trace consumption and production to the practices, history and relations that are reproduced within the clean energy value chains by analyzing them at different levels, including agents and agencies, structures, processes, relations and the cultural and contextual factors.
https://idrc-crdi.ca/en/project/just-energy-transition-localization-decent-work-smmes-and-sustainable-livelihoods",2021-11-01,2024-11-30,,,,,,,,790000,
zaf-jet-grants-register-2025-q1-can-register-3,CAN002,Skills,Mobilise PSET funding for JET,190000,3351600,Canada,African Centre for a Green Economy (local partner),C. Implementation Phase,"Enhancing access to renewable energy: A dividend for a just transition to low-carbon economies. This project will address these knowledge gaps by developing a practical framework that can inform future developments and the implementation of just transition pathways. It will assess the effectiveness of different renewable energy technologies in accelerating green jobs creation and a low-carbon trajectory in Uganda and South Africa; analyze the equity and distribution implications of energy transition in vulnerable communities across gender, age, and income groups; develop potential financial and business models to deliver a just transition pathway; and explore appropriate policy and regulatory interventions. The project will generate recommendations for future research and targeted policy interventions.
https://idrc-crdi.ca/en/project/enhancing-access-renewable-energy-dividend-just-transition-low-carbon-economies",2021-11-01,2024-11-30,,,,,,,,250000,
zaf-jet-grants-register-2025-q1-can-register-4,CAN003,Skills,Mobilise PSET funding for JET,304000,5362560,Canada,International Institute for Sustainable Development (local partner),C. Implementation Phase,"Unlocking Inclusive Policymaking In Priority Areas for Clean Energy Transition: Cooking, Irrigation and Coal Phase Outs. This project will contribute to addressing three key areas of importance for energy transition (in India, Indonesia, and South Africa) where knowledge gaps are holding back inclusive change, particularly for women and youth, but also marginalized groups. The specific themes have been selected based on experience from IISD’s country programmes on the current state of the debate; the opportunity for transformative change from the application of these elements of transition; and our belief that the impacts of policies on women, youth and marginalized groups has not been sufficiently understood or given adequate consideration in policymaking. The selected themes are:
1. Incubating non-fossil clean cooking solutions (India and Indonesia)
2. Maximizing the social benefits of solar irrigation (India)
3. Ensuring an inclusive approach to just transition for coal mining communities (India and South Africa)
This project covers India, Indonesia and South Africa. The tentative amount for South Africa is CAD$ 400,000. Start date: 1 Jan 2023. End date: June 2026. ",2023-01-01,2026-06-30,,,,,,,,400000,
zaf-jet-grants-register-2025-q1-can-register-5,CAN004,Skills,Mobilise PSET funding for JET,159600,2815344,Canada,SouthSouthNorth Projects (Africa) NPC (local partner),C. Implementation Phase,"Operationalising a just transition in Africa: This project will conduct an in-depth analysis of the pathways to achieving transitions towards sustainable, low-carbon and equitable energy systems, including an assessment of capacity needs and skills. It will identify and analyze innovative options for financing in line with emerging energy goals. These include providing at least USD300 million to Africa’s access to clean energy, launched at COP 27, and increasing the continent’s renewable energy capacity to 25% of global renewable energy investments.

Project outputs will include journal articles on topics related to energy and just transition focusing on challenges and opportunities for gender equality and youth participation and leadership. Several policy briefs, produced in collaboration with national stakeholders and researchers, will identify policy-oriented entry points. This project covers Kenya and South Africa. Total project amount: CAD$ 703,100. The tentative amount for South Africa is CAD$ 210,000. Start date: 1 March 2023 for 30 months).
https://idrc-crdi.ca/en/project/operationalizing-just-transition-africa ",2023-03-01,2026-06-30,,,,,,,,210000,
zaf-jet-grants-register-2025-q1-swiss-register-2,SW001,Municipalities,Municipal revenue modelling,1110000,19580400,Switzerland ,"SECO, INCA Portfolio Managers, Municipalities",C. Implementation Phase,"INCA Capacity Building Fund: Support to development and training on long term financial strategies & modelling, INCA Summer School and Master Classes.  Access to debt funding through the INCA Municipal Debt Fund",2021-11-01,2024-12-31,Beneficiary municipalities,Municipalities,,,,,,,1000000
zaf-jet-grants-register-2025-q1-swiss-register-3,SW002,Municipalities,Local Economic Development ,2480528.4108000002,43756521.166512005,Switzerland ,"SECO, National Treasury; iLembe Municipalities, KZN",C. Implementation Phase,"iLembe Local Economic Development Programme: Support to asset management and master planning, revenue and supply chain management, installation of a SCADA system, support to non-revenue electricity ",2021-11-01,2024-12-31,"National Treasury, KZN DEDTEA ",iLembe District municipalities,,,,,,,2234710.2799999998
zaf-jet-grants-register-2025-q1-swiss-register-4,SW003,Municipalities,Public financial management ,7781100.0000000009,137258604.00000003,Switzerland ,"SECO, National Treasury; Municipalities in Free State & Mpumalanga",C. Implementation Phase,"PINK (Procurement, Infrastructure Development & Knowledge Management): Technical assistance to selected municipalities on procurement and SCM, infrastructure planning (with the implementation of the Infrastructure Delivery Management System (IDMS) & knowledge management (e.g. communities of practice)",2021-11-01,2024-12-31,National Treasury ,"Provincial Treasuries, municipalities in Free State & Mpumalanga",,,,,,,7010000
zaf-jet-grants-register-2025-q1-swiss-register-5,SW004,Skills,Skills development for a green economy,5494500.0000000009,96922980.000000015,Switzerland ,"DHET, GIZ",C. Implementation Phase,"Career Path Development for Employment (CPD4E) - SECO: Applying a more integrated employment promotion approach, i.e. shift from the exclusive focus on improving the quality of TVETs and will focus on employment promotion.",2022-06-01,2025-05-31,Department of Higher Education & Training ,TVET colleges,,,,,,,4950000
zaf-jet-grants-register-2025-q1-swiss-register-6,SW005,Electricity,Municipal energy management systems,1110000,19580400,Switzerland ,"SECO, GIZ; SALGA, SEA",C. Implementation Phase,South African German Energy Programme 4 - support to selected municipalities in the development of energy management systems and retrofitting of street lighting with energy efficient technology.,2022-01-01,2025-09-30,Department of Electricity & Energy ,Participating municipalities ,,,,,,,1000000
zaf-jet-grants-register-2025-q1-swiss-register-7,SW006,Municipalities,Cities Support Programme,8996550,158699142,Switzerland ,"SECO, World Bank; National Treasury, metros",C. Implementation Phase,"Just Urban Transition and Resilience focus for Cities Support Programme: Support to South Africa's eight metros in financial and fiscal governance, climate resilient infrastructure and water resilience, and economic development. Plans are underway for a stronger focus on JUT from 2025 onwards.",2021-11-01,2025-09-30,National Treasury ,Metropolitan municipalities,,,,,,,8105000
zaf-jet-grants-register-2025-q1-swiss-register-8,SW007,Electricity,Eco-Industrial Parks Programme,1110000,19580400,Switzerland ,"SECO, UNIDO; the dtic, NCPC-SA",C. Implementation Phase,Resource efficiency in industrial parks: Support for resource efficiency in selected industrial parks with potential spin-off projects in renewal energy and energy storage. The programme entered Phase II in 2024.,2021-11-01,2028-12-30,"Department of Trade, Industry & Competition ",Selected industrial parks,,,,,,,1000000
zaf-jet-grants-register-2025-q1-swiss-register-9,SW008,Electricity,Multi-Country Investment Climate Programme,3663000.0000000005,64615320.000000007,Switzerland ,"SECO, IFC; InvestSA, the dtic, selected metros & investment agencies",C. Implementation Phase,"Phase II to look into supporting IPP funding mechanisms: MCICP aims to foster reliable economic framework conditions for robust private sector growth, to design and implement systemic investment climate reforms, and to foster inclusive and sustainable job creation. Under Phase II, support is provided to the enabling environment for doing business (e.g. a one stop shop for IPP investments)",2021-11-01,2026-12-30,"Department of Trade, Industry & Competition ",InvestSA,,,,,,,3300000
zaf-jet-grants-register-2025-q1-swiss-register-10,SW009,Municipalities,Sustainable Cities ,7215000,127272600,Switzerland ,"SECO, IFC; Metropolitan municipalities, secondary cities",C. Implementation Phase,"Sustainable Cities - Africa Platform: Support to participating metros in the development and implementation of climate action plans, energy efficient and resilient infrastructure, for phase II also for secondary cities",2021-11-01,2026-12-31,Beneficiary municipalities,Municipalities,,,,,,,6499999.9999999991
